Name,Code,Easting,Northing,Elevation,Description,Longitude,Latitude,Ellipsoidal height,Origin,Easting RMS,Northing RMS,Elevation RMS,Lateral RMS,Antenna height,Antenna height units,Solution status,Averaging start,Averaging end,Samples,PDOP,GDOP,Base easting,Base northing,Base elevation,Base longitude,Base latitude,Base ellipsoidal height,Baseline,Mount point,CS name,GPS Satellites,GLONASS Satellites,Galileo Satellites,BeiDou Satellites,QZSS Satellites
1,,468067.778,4313269.827,2431.998,,-105.36860002,38.96781718,2417.978,Global,0.013,0.012,0.011,0.017,2.134,m,FIX,2024-08-06 09:08:28.4 UTC-06:00,2024-08-06 09:08:58.4 UTC-06:00,151,1.3,1.5,468406.204,4313301.241,2429.384,-105.36469502,38.96811254,2415.356,340.161,,NAD83(2011) / UTM zone 13N + NAVD88(GEOID18) height,6,6,8,4,0
2,,468067.774,4313269.829,2431.990,,-105.36860006,38.96781720,2417.969,Global,0.010,0.013,0.010,0.017,2.134,m,FIX,2024-08-06 09:09:45.4 UTC-06:00,2024-08-06 09:09:48.4 UTC-06:00,16,1.4,1.6,468406.204,4313301.241,2429.384,-105.36469502,38.96811254,2415.356,340.175,,NAD83(2011) / UTM zone 13N + NAVD88(GEOID18) height,6,6,7,4,0
3,,468067.522,4313269.882,2431.999,,-105.36860297,38.96781767,2417.978,Global,0.012,0.013,0.010,0.017,2.134,m,FIX,2024-08-06 09:10:14.8 UTC-06:00,2024-08-06 09:10:17.8 UTC-06:00,16,1.3,1.5,468406.204,4313301.241,2429.384,-105.36469502,38.96811254,2415.356,340.430,,NAD83(2011) / UTM zone 13N + NAVD88(GEOID18) height,6,5,8,4,0
4,,468067.801,4313270.077,2431.755,,-105.36859976,38.96781943,2417.735,Global,0.012,0.012,0.011,0.017,2.134,m,FIX,2024-08-06 09:10:24.6 UTC-06:00,2024-08-06 09:10:27.6 UTC-06:00,16,1.3,1.5,468406.204,4313301.241,2429.384,-105.36469502,38.96811254,2415.356,340.124,,NAD83(2011) / UTM zone 13N + NAVD88(GEOID18) height,6,6,8,4,0
5,,468067.981,4313269.827,2431.925,,-105.36859767,38.96781719,2417.905,Global,0.011,0.013,0.010,0.016,2.134,m,FIX,2024-08-06 09:10:37.6 UTC-06:00,2024-08-06 09:10:40.6 UTC-06:00,16,1.4,1.6,468406.204,4313301.241,2429.384,-105.36469502,38.96811254,2415.356,339.973,,NAD83(2011) / UTM zone 13N + NAVD88(GEOID18) height,7,6,7,4,0
6,,468067.715,4313269.569,2432.176,,-105.36860073,38.96781485,2418.156,Global,0.016,0.012,0.010,0.020,2.134,m,FIX,2024-08-06 09:10:47.8 UTC-06:00,2024-08-06 09:10:50.8 UTC-06:00,16,1.4,1.6,468406.204,4313301.241,2429.384,-105.36469502,38.96811254,2415.356,340.255,,NAD83(2011) / UTM zone 13N + NAVD88(GEOID18) height,6,6,7,4,0
7,,468067.738,4313269.836,2431.935,,-105.36860047,38.96781726,2417.915,Global,0.014,0.012,0.011,0.018,2.134,m,FIX,2024-08-06 09:10:58.0 UTC-06:00,2024-08-06 09:11:01.0 UTC-06:00,16,1.4,1.6,468406.204,4313301.241,2429.384,-105.36469502,38.96811254,2415.356,340.219,,NAD83(2011) / UTM zone 13N + NAVD88(GEOID18) height,6,5,7,4,0
8,,468067.780,4313269.840,2431.993,,-105.36860000,38.96781729,2417.973,Global,0.010,0.011,0.010,0.015,2.134,m,FIX,2024-08-06 09:11:07.6 UTC-06:00,2024-08-06 09:11:10.6 UTC-06:00,16,1.4,1.6,468406.204,4313301.241,2429.384,-105.36469502,38.96811254,2415.356,340.170,,NAD83(2011) / UTM zone 13N + NAVD88(GEOID18) height,6,5,7,4,0
9,,468067.771,4313270.098,2431.774,,-105.36860011,38.96781962,2417.753,Global,0.014,0.012,0.010,0.018,2.134,m,FIX,2024-08-06 09:11:47.2 UTC-06:00,2024-08-06 09:11:50.2 UTC-06:00,16,1.4,1.6,468406.204,4313301.241,2429.384,-105.36469502,38.96811254,2415.356,340.165,,NAD83(2011) / UTM zone 13N + NAVD88(GEOID18) height,6,5,7,4,0
10,,468067.776,4313270.309,2431.634,,-105.36860006,38.96782153,2417.613,Global,0.010,0.012,0.010,0.015,2.134,m,FIX,2024-08-06 09:11:57.0 UTC-06:00,2024-08-06 09:12:00.0 UTC-06:00,16,1.4,1.6,468406.204,4313301.241,2429.384,-105.36469502,38.96811254,2415.356,340.128,,NAD83(2011) / UTM zone 13N + NAVD88(GEOID18) height,6,5,7,4,0
11,,468067.807,4313270.514,2431.495,,-105.36859971,38.96782338,2417.474,Global,0.015,0.011,0.010,0.018,2.134,m,FIX,2024-08-06 09:12:05.6 UTC-06:00,2024-08-06 09:12:08.6 UTC-06:00,16,1.4,1.6,468406.204,4313301.241,2429.384,-105.36469502,38.96811254,2415.356,340.058,,NAD83(2011) / UTM zone 13N + NAVD88(GEOID18) height,6,5,7,4,0
12,,468067.814,4313270.698,2431.304,,-105.36859964,38.96782503,2417.284,Global,0.013,0.011,0.010,0.016,2.134,m,FIX,2024-08-06 09:12:16.2 UTC-06:00,2024-08-06 09:12:19.2 UTC-06:00,16,1.3,1.5,468406.204,4313301.241,2429.384,-105.36469502,38.96811254,2415.356,340.061,,NAD83(2011) / UTM zone 13N + NAVD88(GEOID18) height,6,5,7,4,0
13,,468067.868,4313270.883,2431.141,,-105.36859902,38.96782670,2417.121,Global,0.010,0.011,0.010,0.015,2.134,m,FIX,2024-08-06 09:12:32.4 UTC-06:00,2024-08-06 09:12:35.4 UTC-06:00,16,1.3,1.5,468406.204,4313301.241,2429.384,-105.36469502,38.96811254,2415.356,339.979,,NAD83(2011) / UTM zone 13N + NAVD88(GEOID18) height,6,5,7,4,0
14,,468067.908,4313270.985,2431.051,,-105.36859857,38.96782762,2417.030,Global,0.011,0.011,0.011,0.016,2.134,m,FIX,2024-08-06 09:12:50.4 UTC-06:00,2024-08-06 09:12:53.4 UTC-06:00,16,1.3,1.5,468406.204,4313301.241,2429.384,-105.36469502,38.96811254,2415.356,339.925,,NAD83(2011) / UTM zone 13N + NAVD88(GEOID18) height,6,5,8,4,0
15,,468067.952,4313271.199,2430.909,,-105.36859807,38.96782956,2416.889,Global,0.011,0.011,0.013,0.015,2.134,m,FIX,2024-08-06 09:13:37.6 UTC-06:00,2024-08-06 09:13:40.6 UTC-06:00,16,1.3,1.5,468406.204,4313301.241,2429.384,-105.36469502,38.96811254,2415.356,339.862,,NAD83(2011) / UTM zone 13N + NAVD88(GEOID18) height,6,5,8,4,0
16,,468067.977,4313271.390,2430.806,,-105.36859779,38.96783128,2416.786,Global,0.012,0.011,0.013,0.016,2.134,m,FIX,2024-08-06 09:13:52.4 UTC-06:00,2024-08-06 09:13:55.4 UTC-06:00,16,1.3,1.5,468406.204,4313301.241,2429.384,-105.36469502,38.96811254,2415.356,339.826,,NAD83(2011) / UTM zone 13N + NAVD88(GEOID18) height,6,5,8,4,0
17,,468068.010,4313271.513,2430.739,,-105.36859742,38.96783238,2416.719,Global,0.012,0.012,0.011,0.017,2.134,m,FIX,2024-08-06 09:14:06.0 UTC-06:00,2024-08-06 09:14:09.0 UTC-06:00,16,1.3,1.5,468406.204,4313301.241,2429.384,-105.36469502,38.96811254,2415.356,339.787,,NAD83(2011) / UTM zone 13N + NAVD88(GEOID18) height,6,6,8,4,0
18,,468068.014,4313271.767,2430.648,,-105.36859738,38.96783467,2416.627,Global,0.011,0.011,0.011,0.016,2.134,m,FIX,2024-08-06 09:14:25.8 UTC-06:00,2024-08-06 09:14:28.8 UTC-06:00,16,1.4,1.6,468406.204,4313301.241,2429.384,-105.36469502,38.96811254,2415.356,339.741,,NAD83(2011) / UTM zone 13N + NAVD88(GEOID18) height,6,5,8,4,0
19,,468068.040,4313271.815,2430.497,,-105.36859708,38.96783510,2416.477,Global,0.011,0.011,0.010,0.016,2.134,m,FIX,2024-08-06 09:14:38.2 UTC-06:00,2024-08-06 09:14:41.2 UTC-06:00,16,1.3,1.5,468406.204,4313301.241,2429.384,-105.36469502,38.96811254,2415.356,339.718,,NAD83(2011) / UTM zone 13N + NAVD88(GEOID18) height,6,5,8,4,0
20,,468068.103,4313272.028,2430.455,,-105.36859636,38.96783703,2416.435,Global,0.016,0.028,0.010,0.032,2.134,m,FIX,2024-08-06 09:14:55.0 UTC-06:00,2024-08-06 09:14:58.0 UTC-06:00,16,1.3,1.5,468406.204,4313301.241,2429.384,-105.36469502,38.96811254,2415.356,339.624,,NAD83(2011) / UTM zone 13N + NAVD88(GEOID18) height,7,5,8,4,0
21,,468068.149,4313272.167,2430.404,,-105.36859584,38.96783828,2416.384,Global,0.010,0.011,0.010,0.015,2.134,m,FIX,2024-08-06 09:15:05.8 UTC-06:00,2024-08-06 09:15:08.8 UTC-06:00,16,1.3,1.5,468406.204,4313301.241,2429.384,-105.36469502,38.96811254,2415.356,339.577,,NAD83(2011) / UTM zone 13N + NAVD88(GEOID18) height,7,5,8,4,0
22,,468068.194,4313272.524,2430.004,,-105.36859534,38.96784150,2415.984,Global,0.011,0.019,0.011,0.022,2.134,m,FIX,2024-08-06 09:15:33.4 UTC-06:00,2024-08-06 09:15:36.4 UTC-06:00,16,1.3,1.5,468406.204,4313301.241,2429.384,-105.36469502,38.96811254,2415.356,339.505,,NAD83(2011) / UTM zone 13N + NAVD88(GEOID18) height,7,5,8,4,0
23,,468068.248,4313272.688,2429.943,,-105.36859472,38.96784298,2415.922,Global,0.011,0.012,0.010,0.016,2.134,m,FIX,2024-08-06 09:15:48.2 UTC-06:00,2024-08-06 09:15:51.2 UTC-06:00,16,1.3,1.5,468406.204,4313301.241,2429.384,-105.36469502,38.96811254,2415.356,339.429,,NAD83(2011) / UTM zone 13N + NAVD88(GEOID18) height,7,5,8,4,0
24,,468068.298,4313272.838,2429.942,,-105.36859415,38.96784434,2415.921,Global,0.029,0.017,0.011,0.033,2.134,m,FIX,2024-08-06 09:15:54.0 UTC-06:00,2024-08-06 09:15:57.0 UTC-06:00,16,1.4,1.6,468406.204,4313301.241,2429.384,-105.36469502,38.96811254,2415.356,339.383,,NAD83(2011) / UTM zone 13N + NAVD88(GEOID18) height,7,5,8,4,0
25,,468068.344,4313273.006,2429.752,,-105.36859363,38.96784585,2415.731,Global,0.013,0.011,0.010,0.017,2.134,m,FIX,2024-08-06 09:16:10.4 UTC-06:00,2024-08-06 09:16:13.4 UTC-06:00,16,1.4,1.6,468406.204,4313301.241,2429.384,-105.36469502,38.96811254,2415.356,339.313,,NAD83(2011) / UTM zone 13N + NAVD88(GEOID18) height,6,5,8,4,0
26,,468068.345,4313273.121,2429.657,,-105.36859362,38.96784688,2415.637,Global,0.011,0.012,0.011,0.016,2.134,m,FIX,2024-08-06 09:16:18.4 UTC-06:00,2024-08-06 09:16:21.4 UTC-06:00,16,1.4,1.6,468406.204,4313301.241,2429.384,-105.36469502,38.96811254,2415.356,339.300,,NAD83(2011) / UTM zone 13N + NAVD88(GEOID18) height,6,5,8,4,0
27,,468068.419,4313273.230,2429.614,,-105.36859277,38.96784787,2415.593,Global,0.012,0.017,0.010,0.020,2.134,m,FIX,2024-08-06 09:16:32.0 UTC-06:00,2024-08-06 09:16:35.0 UTC-06:00,16,1.5,1.8,468406.204,4313301.241,2429.384,-105.36469502,38.96811254,2415.356,339.200,,NAD83(2011) / UTM zone 13N + NAVD88(GEOID18) height,6,6,8,4,0
28,,468068.436,4313273.433,2429.559,,-105.36859259,38.96784970,2415.538,Global,0.015,0.010,0.010,0.018,2.134,m,FIX,2024-08-06 09:16:41.2 UTC-06:00,2024-08-06 09:16:44.2 UTC-06:00,16,1.4,1.6,468406.204,4313301.241,2429.384,-105.36469502,38.96811254,2415.356,339.190,,NAD83(2011) / UTM zone 13N + NAVD88(GEOID18) height,6,6,8,4,0
29,,468068.525,4313273.607,2429.634,,-105.36859157,38.96785127,2415.614,Global,0.012,0.015,0.010,0.020,2.134,m,FIX,2024-08-06 09:16:54.0 UTC-06:00,2024-08-06 09:16:57.0 UTC-06:00,16,1.5,1.8,468406.204,4313301.241,2429.384,-105.36469502,38.96811254,2415.356,339.078,,NAD83(2011) / UTM zone 13N + NAVD88(GEOID18) height,5,6,8,4,0
30,,468068.591,4313273.820,2429.620,,-105.36859081,38.96785320,2415.599,Global,0.012,0.012,0.010,0.017,2.134,m,FIX,2024-08-06 09:17:18.0 UTC-06:00,2024-08-06 09:17:21.0 UTC-06:00,16,1.4,1.6,468406.204,4313301.241,2429.384,-105.36469502,38.96811254,2415.356,338.992,,NAD83(2011) / UTM zone 13N + NAVD88(GEOID18) height,6,5,8,4,0
31,,468068.626,4313273.980,2429.622,,-105.36859042,38.96785464,2415.601,Global,0.016,0.012,0.010,0.020,2.134,m,FIX,2024-08-06 09:17:30.8 UTC-06:00,2024-08-06 09:17:33.8 UTC-06:00,16,1.4,1.6,468406.204,4313301.241,2429.384,-105.36469502,38.96811254,2415.356,338.957,,NAD83(2011) / UTM zone 13N + NAVD88(GEOID18) height,6,5,8,4,0
32,,468068.614,4313274.149,2429.569,,-105.36859057,38.96785615,2415.549,Global,0.011,0.013,0.010,0.017,2.134,m,FIX,2024-08-06 09:17:39.6 UTC-06:00,2024-08-06 09:17:42.6 UTC-06:00,16,1.4,1.7,468406.204,4313301.241,2429.384,-105.36469502,38.96811254,2415.356,338.950,,NAD83(2011) / UTM zone 13N + NAVD88(GEOID18) height,5,5,8,4,0
33,,468068.657,4313274.316,2429.503,,-105.36859007,38.96785767,2415.483,Global,0.012,0.015,0.010,0.019,2.134,m,FIX,2024-08-06 09:17:46.2 UTC-06:00,2024-08-06 09:17:49.2 UTC-06:00,16,1.4,1.7,468406.204,4313301.241,2429.384,-105.36469502,38.96811254,2415.356,338.874,,NAD83(2011) / UTM zone 13N + NAVD88(GEOID18) height,5,5,8,4,0
34,,468068.712,4313274.484,2429.431,,-105.36858944,38.96785918,2415.410,Global,0.015,0.022,0.011,0.026,2.134,m,FIX,2024-08-06 09:17:53.8 UTC-06:00,2024-08-06 09:17:56.8 UTC-06:00,16,1.4,1.7,468406.204,4313301.241,2429.384,-105.36469502,38.96811254,2415.356,338.819,,NAD83(2011) / UTM zone 13N + NAVD88(GEOID18) height,5,5,8,4,0
35,,468068.811,4313274.548,2429.169,,-105.36858831,38.96785976,2415.149,Global,0.012,0.012,0.011,0.017,2.134,m,FIX,2024-08-06 09:18:03.6 UTC-06:00,2024-08-06 09:18:06.6 UTC-06:00,16,1.5,1.8,468406.204,4313301.241,2429.384,-105.36469502,38.96811254,2415.356,338.710,,NAD83(2011) / UTM zone 13N + NAVD88(GEOID18) height,5,5,8,4,0
36,,468068.942,4313274.705,2428.439,,-105.36858681,38.96786118,2414.418,Global,0.011,0.011,0.011,0.016,2.134,m,FIX,2024-08-06 09:18:22.4 UTC-06:00,2024-08-06 09:18:25.4 UTC-06:00,16,1.4,1.7,468406.204,4313301.241,2429.384,-105.36469502,38.96811254,2415.356,338.563,,NAD83(2011) / UTM zone 13N + NAVD88(GEOID18) height,5,5,8,4,0
37,,468068.876,4313274.913,2428.400,,-105.36858757,38.96786305,2414.380,Global,0.015,0.012,0.010,0.019,2.134,m,FIX,2024-08-06 09:19:06.8 UTC-06:00,2024-08-06 09:19:09.8 UTC-06:00,16,1.4,1.6,468406.204,4313301.241,2429.384,-105.36469502,38.96811254,2415.356,338.600,,NAD83(2011) / UTM zone 13N + NAVD88(GEOID18) height,6,5,8,4,0
38,,468068.986,4313275.076,2428.388,,-105.36858632,38.96786452,2414.368,Global,0.012,0.014,0.011,0.019,2.134,m,FIX,2024-08-06 09:19:14.0 UTC-06:00,2024-08-06 09:19:17.0 UTC-06:00,16,1.4,1.6,468406.204,4313301.241,2429.384,-105.36469502,38.96811254,2415.356,338.477,,NAD83(2011) / UTM zone 13N + NAVD88(GEOID18) height,7,5,8,4,0
39,,468069.048,4313275.255,2428.327,,-105.36858561,38.96786614,2414.306,Global,0.015,0.014,0.011,0.021,2.134,m,FIX,2024-08-06 09:19:21.4 UTC-06:00,2024-08-06 09:19:24.4 UTC-06:00,16,1.4,1.6,468406.204,4313301.241,2429.384,-105.36469502,38.96811254,2415.356,338.417,,NAD83(2011) / UTM zone 13N + NAVD88(GEOID18) height,6,5,8,4,0
40,,468069.109,4313275.410,2428.297,,-105.36858491,38.96786754,2414.277,Global,0.012,0.022,0.010,0.025,2.134,m,FIX,2024-08-06 09:19:27.6 UTC-06:00,2024-08-06 09:19:30.6 UTC-06:00,16,1.4,1.6,468406.204,4313301.241,2429.384,-105.36469502,38.96811254,2415.356,338.330,,NAD83(2011) / UTM zone 13N + NAVD88(GEOID18) height,6,5,8,4,0
41,,468069.119,4313275.599,2428.195,,-105.36858481,38.96786924,2414.174,Global,0.013,0.015,0.010,0.020,2.134,m,FIX,2024-08-06 09:19:34.0 UTC-06:00,2024-08-06 09:19:37.0 UTC-06:00,16,1.4,1.7,468406.204,4313301.241,2429.384,-105.36469502,38.96811254,2415.356,338.320,,NAD83(2011) / UTM zone 13N + NAVD88(GEOID18) height,6,5,8,4,0
42,,468069.163,4313275.783,2428.183,,-105.36858430,38.96787090,2414.162,Global,0.015,0.013,0.010,0.020,2.134,m,FIX,2024-08-06 09:19:40.0 UTC-06:00,2024-08-06 09:19:43.0 UTC-06:00,16,1.4,1.6,468406.204,4313301.241,2429.384,-105.36469502,38.96811254,2415.356,338.245,,NAD83(2011) / UTM zone 13N + NAVD88(GEOID18) height,6,5,8,4,0
43,,468069.198,4313275.914,2428.139,,-105.36858390,38.96787209,2414.119,Global,0.012,0.012,0.011,0.017,2.134,m,FIX,2024-08-06 09:19:45.8 UTC-06:00,2024-08-06 09:19:48.8 UTC-06:00,16,1.4,1.6,468406.204,4313301.241,2429.384,-105.36469502,38.96811254,2415.356,338.203,,NAD83(2011) / UTM zone 13N + NAVD88(GEOID18) height,7,5,8,4,0
44,,468069.261,4313276.064,2428.088,,-105.36858318,38.96787344,2414.067,Global,0.016,0.010,0.010,0.019,2.134,m,FIX,2024-08-06 09:19:51.2 UTC-06:00,2024-08-06 09:19:54.2 UTC-06:00,16,1.4,1.6,468406.204,4313301.241,2429.384,-105.36469502,38.96811254,2415.356,338.130,,NAD83(2011) / UTM zone 13N + NAVD88(GEOID18) height,7,5,8,4,0
45,,468069.311,4313276.198,2428.036,,-105.36858262,38.96787465,2414.016,Global,0.012,0.011,0.010,0.016,2.134,m,FIX,2024-08-06 09:19:56.4 UTC-06:00,2024-08-06 09:19:59.4 UTC-06:00,16,1.4,1.6,468406.204,4313301.241,2429.384,-105.36469502,38.96811254,2415.356,338.082,,NAD83(2011) / UTM zone 13N + NAVD88(GEOID18) height,6,5,8,4,0
46,,468069.324,4313276.396,2428.006,,-105.36858248,38.96787643,2413.985,Global,0.024,0.024,0.010,0.034,2.134,m,FIX,2024-08-06 09:20:01.6 UTC-06:00,2024-08-06 09:20:04.6 UTC-06:00,16,1.4,1.6,468406.204,4313301.241,2429.384,-105.36469502,38.96811254,2415.356,338.034,,NAD83(2011) / UTM zone 13N + NAVD88(GEOID18) height,6,5,8,4,0
47,,468069.400,4313276.592,2427.967,,-105.36858161,38.96787820,2413.946,Global,0.011,0.013,0.011,0.018,2.134,m,FIX,2024-08-06 09:20:09.4 UTC-06:00,2024-08-06 09:20:12.4 UTC-06:00,16,1.4,1.6,468406.204,4313301.241,2429.384,-105.36469502,38.96811254,2415.356,337.964,,NAD83(2011) / UTM zone 13N + NAVD88(GEOID18) height,6,5,8,4,0
48,,468069.435,4313276.783,2427.909,,-105.36858121,38.96787992,2413.889,Global,0.013,0.019,0.010,0.023,2.134,m,FIX,2024-08-06 09:20:15.4 UTC-06:00,2024-08-06 09:20:18.4 UTC-06:00,16,1.4,1.6,468406.204,4313301.241,2429.384,-105.36469502,38.96811254,2415.356,337.905,,NAD83(2011) / UTM zone 13N + NAVD88(GEOID18) height,6,5,8,4,0
49,,468069.499,4313276.950,2427.794,,-105.36858048,38.96788143,2413.774,Global,0.011,0.014,0.011,0.017,2.134,m,FIX,2024-08-06 09:20:23.6 UTC-06:00,2024-08-06 09:20:26.6 UTC-06:00,16,1.4,1.6,468406.204,4313301.241,2429.384,-105.36469502,38.96811254,2415.356,337.836,,NAD83(2011) / UTM zone 13N + NAVD88(GEOID18) height,6,5,8,4,0
50,,468069.518,4313277.108,2427.712,,-105.36858027,38.96788285,2413.692,Global,0.014,0.027,0.011,0.030,2.134,m,FIX,2024-08-06 09:20:29.6 UTC-06:00,2024-08-06 09:20:32.6 UTC-06:00,16,1.4,1.6,468406.204,4313301.241,2429.384,-105.36469502,38.96811254,2415.356,337.815,,NAD83(2011) / UTM zone 13N + NAVD88(GEOID18) height,8,5,8,4,0
51,,468069.558,4313277.296,2427.565,,-105.36857982,38.96788455,2413.544,Global,0.011,0.012,0.014,0.017,2.134,m,FIX,2024-08-06 09:20:48.0 UTC-06:00,2024-08-06 09:20:51.0 UTC-06:00,16,1.4,1.6,468406.204,4313301.241,2429.384,-105.36469502,38.96811254,2415.356,337.765,,NAD83(2011) / UTM zone 13N + NAVD88(GEOID18) height,7,5,8,4,0
52,,468069.631,4313277.470,2427.524,,-105.36857898,38.96788612,2413.503,Global,0.045,0.024,0.012,0.051,2.134,m,FIX,2024-08-06 09:20:54.2 UTC-06:00,2024-08-06 09:20:57.2 UTC-06:00,16,1.4,1.6,468406.204,4313301.241,2429.384,-105.36469502,38.96811254,2415.356,337.708,,NAD83(2011) / UTM zone 13N + NAVD88(GEOID18) height,7,5,8,4,0
53,,468069.623,4313277.586,2427.366,,-105.36857908,38.96788717,2413.346,Global,0.014,0.030,0.010,0.033,2.134,m,FIX,2024-08-06 09:21:03.2 UTC-06:00,2024-08-06 09:21:06.2 UTC-06:00,16,1.4,1.6,468406.204,4313301.241,2429.384,-105.36469502,38.96811254,2415.356,337.669,,NAD83(2011) / UTM zone 13N + NAVD88(GEOID18) height,7,5,8,4,0
54,,468069.645,4313277.787,2427.265,,-105.36857884,38.96788898,2413.245,Global,0.013,0.015,0.010,0.020,2.134,m,FIX,2024-08-06 09:21:12.6 UTC-06:00,2024-08-06 09:21:15.6 UTC-06:00,16,1.4,1.6,468406.204,4313301.241,2429.384,-105.36469502,38.96811254,2415.356,337.625,,NAD83(2011) / UTM zone 13N + NAVD88(GEOID18) height,7,5,8,4,0
55,,468069.653,4313277.939,2427.145,,-105.36857875,38.96789035,2413.124,Global,0.016,0.017,0.010,0.023,2.134,m,FIX,2024-08-06 09:21:18.8 UTC-06:00,2024-08-06 09:21:21.8 UTC-06:00,16,1.4,1.6,468406.204,4313301.241,2429.384,-105.36469502,38.96811254,2415.356,337.618,,NAD83(2011) / UTM zone 13N + NAVD88(GEOID18) height,7,5,8,4,0
56,,468069.744,4313278.156,2427.014,,-105.36857771,38.96789231,2412.993,Global,0.031,0.021,0.011,0.037,2.134,m,FIX,2024-08-06 09:21:29.0 UTC-06:00,2024-08-06 09:21:32.0 UTC-06:00,16,1.4,1.6,468406.204,4313301.241,2429.384,-105.36469502,38.96811254,2415.356,337.550,,NAD83(2011) / UTM zone 13N + NAVD88(GEOID18) height,7,5,8,4,0
57,,468069.741,4313278.292,2426.982,,-105.36857775,38.96789353,2412.962,Global,0.011,0.013,0.010,0.017,2.134,m,FIX,2024-08-06 09:21:35.8 UTC-06:00,2024-08-06 09:21:38.8 UTC-06:00,16,1.4,1.6,468406.204,4313301.241,2429.384,-105.36469502,38.96811254,2415.356,337.505,,NAD83(2011) / UTM zone 13N + NAVD88(GEOID18) height,8,5,8,4,0
58,,468069.781,4313278.522,2426.898,,-105.36857730,38.96789561,2412.878,Global,0.020,0.030,0.012,0.036,2.134,m,FIX,2024-08-06 09:21:42.0 UTC-06:00,2024-08-06 09:21:45.0 UTC-06:00,16,1.4,1.6,468406.204,4313301.241,2429.384,-105.36469502,38.96811254,2415.356,337.475,,NAD83(2011) / UTM zone 13N + NAVD88(GEOID18) height,8,5,8,4,0
59,,468069.820,4313278.661,2426.853,,-105.36857685,38.96789686,2412.833,Global,0.012,0.012,0.014,0.017,2.134,m,FIX,2024-08-06 09:21:48.0 UTC-06:00,2024-08-06 09:21:51.0 UTC-06:00,16,1.4,1.6,468406.204,4313301.241,2429.384,-105.36469502,38.96811254,2415.356,337.388,,NAD83(2011) / UTM zone 13N + NAVD88(GEOID18) height,8,5,8,4,0
60,,468069.863,4313278.823,2426.830,,-105.36857637,38.96789833,2412.809,Global,0.012,0.025,0.011,0.028,2.134,m,FIX,2024-08-06 09:21:54.2 UTC-06:00,2024-08-06 09:21:57.2 UTC-06:00,16,1.4,1.6,468406.204,4313301.241,2429.384,-105.36469502,38.96811254,2415.356,337.335,,NAD83(2011) / UTM zone 13N + NAVD88(GEOID18) height,8,5,8,4,0
61,,468069.999,4313279.069,2426.718,,-105.36857481,38.96790054,2412.698,Global,0.021,0.018,0.011,0.027,2.134,m,FIX,2024-08-06 09:22:00.2 UTC-06:00,2024-08-06 09:22:03.2 UTC-06:00,16,1.4,1.6,468406.204,4313301.241,2429.384,-105.36469502,38.96811254,2415.356,337.219,,NAD83(2011) / UTM zone 13N + NAVD88(GEOID18) height,8,5,8,4,0
62,,468070.029,4313279.254,2426.603,,-105.36857447,38.96790221,2412.582,Global,0.042,0.012,0.012,0.044,2.134,m,FIX,2024-08-06 09:22:12.2 UTC-06:00,2024-08-06 09:22:15.2 UTC-06:00,16,1.4,1.6,468406.204,4313301.241,2429.384,-105.36469502,38.96811254,2415.356,337.190,,NAD83(2011) / UTM zone 13N + NAVD88(GEOID18) height,8,5,8,4,0
63,,468070.014,4313279.539,2426.389,,-105.36857465,38.96790478,2412.369,Global,0.051,0.016,0.010,0.053,2.134,m,FIX,2024-08-06 09:22:30.6 UTC-06:00,2024-08-06 09:22:33.6 UTC-06:00,16,1.4,1.6,468406.204,4313301.241,2429.384,-105.36469502,38.96811254,2415.356,337.180,,NAD83(2011) / UTM zone 13N + NAVD88(GEOID18) height,7,5,8,4,0
64,,468070.124,4313279.694,2426.204,,-105.36857339,38.96790618,2412.183,Global,0.057,0.019,0.011,0.060,2.134,m,FIX,2024-08-06 09:22:37.4 UTC-06:00,2024-08-06 09:22:40.4 UTC-06:00,16,1.4,1.6,468406.204,4313301.241,2429.384,-105.36469502,38.96811254,2415.356,337.103,,NAD83(2011) / UTM zone 13N + NAVD88(GEOID18) height,8,5,8,4,0
65,,468070.071,4313279.853,2426.187,,-105.36857402,38.96790761,2412.167,Global,0.012,0.011,0.010,0.016,2.134,m,FIX,2024-08-06 09:22:50.0 UTC-06:00,2024-08-06 09:22:53.0 UTC-06:00,16,1.4,1.6,468406.204,4313301.241,2429.384,-105.36469502,38.96811254,2415.356,337.069,,NAD83(2011) / UTM zone 13N + NAVD88(GEOID18) height,7,5,8,4,0
66,,468070.234,4313280.197,2425.868,,-105.36857214,38.96791071,2411.847,Global,0.053,0.013,0.014,0.054,2.134,m,FIX,2024-08-06 09:22:59.6 UTC-06:00,2024-08-06 09:23:02.6 UTC-06:00,16,1.4,1.6,468406.204,4313301.241,2429.384,-105.36469502,38.96811254,2415.356,336.944,,NAD83(2011) / UTM zone 13N + NAVD88(GEOID18) height,8,5,8,4,0
67,,468070.185,4313280.365,2425.745,,-105.36857272,38.96791223,2411.724,Global,0.015,0.015,0.010,0.022,2.134,m,FIX,2024-08-06 09:23:07.4 UTC-06:00,2024-08-06 09:23:10.4 UTC-06:00,16,1.4,1.6,468406.204,4313301.241,2429.384,-105.36469502,38.96811254,2415.356,336.922,,NAD83(2011) / UTM zone 13N + NAVD88(GEOID18) height,6,5,8,4,0
68,,468070.238,4313280.555,2425.664,,-105.36857211,38.96791394,2411.644,Global,0.013,0.029,0.011,0.032,2.134,m,FIX,2024-08-06 09:23:13.6 UTC-06:00,2024-08-06 09:23:16.6 UTC-06:00,16,1.4,1.6,468406.204,4313301.241,2429.384,-105.36469502,38.96811254,2415.356,336.866,,NAD83(2011) / UTM zone 13N + NAVD88(GEOID18) height,6,5,8,4,0
69,,468070.273,4313280.732,2425.568,,-105.36857172,38.96791554,2411.547,Global,0.045,0.015,0.010,0.047,2.134,m,FIX,2024-08-06 09:23:19.6 UTC-06:00,2024-08-06 09:23:22.6 UTC-06:00,16,1.4,1.6,468406.204,4313301.241,2429.384,-105.36469502,38.96811254,2415.356,336.859,,NAD83(2011) / UTM zone 13N + NAVD88(GEOID18) height,8,5,8,4,0
70,,468070.294,4313280.892,2425.476,,-105.36857148,38.96791699,2411.456,Global,0.022,0.028,0.011,0.036,2.134,m,FIX,2024-08-06 09:23:25.2 UTC-06:00,2024-08-06 09:23:28.2 UTC-06:00,16,1.4,1.6,468406.204,4313301.241,2429.384,-105.36469502,38.96811254,2415.356,336.807,,NAD83(2011) / UTM zone 13N + NAVD88(GEOID18) height,8,5,8,4,0
71,,468070.338,4313281.095,2425.424,,-105.36857099,38.96791881,2411.404,Global,0.040,0.039,0.011,0.056,2.134,m,FIX,2024-08-06 09:23:31.8 UTC-06:00,2024-08-06 09:23:34.8 UTC-06:00,16,1.4,1.6,468406.204,4313301.241,2429.384,-105.36469502,38.96811254,2415.356,336.773,,NAD83(2011) / UTM zone 13N + NAVD88(GEOID18) height,7,5,8,4,0
72,,468070.373,4313281.207,2425.357,,-105.36857059,38.96791983,2411.337,Global,0.012,0.026,0.010,0.029,2.134,m,FIX,2024-08-06 09:23:38.0 UTC-06:00,2024-08-06 09:23:41.0 UTC-06:00,16,1.4,1.6,468406.204,4313301.241,2429.384,-105.36469502,38.96811254,2415.356,336.684,,NAD83(2011) / UTM zone 13N + NAVD88(GEOID18) height,7,5,8,4,0
73,,468070.425,4313281.408,2425.370,,-105.36857000,38.96792164,2411.350,Global,0.043,0.027,0.011,0.051,2.134,m,FIX,2024-08-06 09:23:45.0 UTC-06:00,2024-08-06 09:23:48.0 UTC-06:00,16,1.4,1.6,468406.204,4313301.241,2429.384,-105.36469502,38.96811254,2415.356,336.680,,NAD83(2011) / UTM zone 13N + NAVD88(GEOID18) height,7,5,8,4,0
74,,468070.368,4313281.487,2425.427,,-105.36857066,38.96792235,2411.406,Global,0.012,0.012,0.011,0.017,2.134,m,FIX,2024-08-06 09:25:03.4 UTC-06:00,2024-08-06 09:25:33.4 UTC-06:00,151,1.4,1.6,468406.204,4313301.241,2429.384,-105.36469502,38.96811254,2415.356,336.680,,NAD83(2011) / UTM zone 13N + NAVD88(GEOID18) height,6,5,8,4,0
75,,468070.355,4313281.490,2425.439,,-105.36857081,38.96792238,2411.419,Global,0.014,0.011,0.010,0.018,2.134,m,FIX,2024-08-06 09:26:22.4 UTC-06:00,2024-08-06 09:26:25.4 UTC-06:00,16,1.4,1.6,468406.204,4313301.241,2429.384,-105.36469502,38.96811254,2415.356,336.679,,NAD83(2011) / UTM zone 13N + NAVD88(GEOID18) height,7,5,8,4,0
76,,468070.056,4313281.563,2425.373,,-105.36857427,38.96792302,2411.352,Global,0.010,0.012,0.010,0.016,2.134,m,FIX,2024-08-06 09:26:30.8 UTC-06:00,2024-08-06 09:26:33.8 UTC-06:00,16,1.4,1.6,468406.204,4313301.241,2429.384,-105.36469502,38.96811254,2415.356,336.981,,NAD83(2011) / UTM zone 13N + NAVD88(GEOID18) height,7,5,8,4,0
77,,468070.439,4313281.864,2425.321,,-105.36856986,38.96792574,2411.301,Global,0.012,0.011,0.011,0.016,2.134,m,FIX,2024-08-06 09:26:38.4 UTC-06:00,2024-08-06 09:26:41.4 UTC-06:00,16,1.4,1.6,468406.204,4313301.241,2429.384,-105.36469502,38.96811254,2415.356,336.580,,NAD83(2011) / UTM zone 13N + NAVD88(GEOID18) height,8,5,8,4,0
78,,468070.948,4313281.370,2425.319,,-105.36856396,38.96792131,2411.299,Global,0.032,0.011,0.011,0.034,2.134,m,FIX,2024-08-06 09:26:46.2 UTC-06:00,2024-08-06 09:26:49.2 UTC-06:00,16,1.4,1.6,468406.204,4313301.241,2429.384,-105.36469502,38.96811254,2415.356,336.138,,NAD83(2011) / UTM zone 13N + NAVD88(GEOID18) height,6,6,8,4,0
79,,468070.483,4313280.863,2425.458,,-105.36856930,38.96791672,2411.437,Global,0.011,0.011,0.011,0.016,2.134,m,FIX,2024-08-06 09:26:59.8 UTC-06:00,2024-08-06 09:27:02.8 UTC-06:00,16,1.4,1.6,468406.204,4313301.241,2429.384,-105.36469502,38.96811254,2415.356,336.602,,NAD83(2011) / UTM zone 13N + NAVD88(GEOID18) height,7,6,8,4,0
80,,468070.340,4313281.481,2425.334,,-105.36857098,38.96792230,2411.314,Global,0.023,0.012,0.011,0.026,2.134,m,FIX,2024-08-06 09:27:10.2 UTC-06:00,2024-08-06 09:27:13.2 UTC-06:00,16,1.4,1.6,468406.204,4313301.241,2429.384,-105.36469502,38.96811254,2415.356,336.694,,NAD83(2011) / UTM zone 13N + NAVD88(GEOID18) height,7,5,8,4,0
81,,468070.364,4313281.489,2425.427,,-105.36857070,38.96792237,2411.407,Global,0.011,0.011,0.011,0.015,2.134,m,FIX,2024-08-06 09:27:35.2 UTC-06:00,2024-08-06 09:27:38.2 UTC-06:00,16,1.4,1.6,468406.204,4313301.241,2429.384,-105.36469502,38.96811254,2415.356,336.675,,NAD83(2011) / UTM zone 13N + NAVD88(GEOID18) height,7,5,8,4,0
82,,468070.456,4313281.696,2425.340,,-105.36856965,38.96792423,2411.319,Global,0.011,0.013,0.010,0.017,2.134,m,FIX,2024-08-06 09:29:07.0 UTC-06:00,2024-08-06 09:29:10.0 UTC-06:00,16,1.4,1.6,468406.204,4313301.241,2429.384,-105.36469502,38.96811254,2415.356,336.573,,NAD83(2011) / UTM zone 13N + NAVD88(GEOID18) height,8,5,8,4,0
83,,468070.532,4313281.901,2425.290,,-105.36856879,38.96792608,2411.269,Global,0.013,0.013,0.011,0.018,2.134,m,FIX,2024-08-06 09:29:15.0 UTC-06:00,2024-08-06 09:29:18.0 UTC-06:00,16,1.4,1.6,468406.204,4313301.241,2429.384,-105.36469502,38.96811254,2415.356,336.495,,NAD83(2011) / UTM zone 13N + NAVD88(GEOID18) height,6,5,8,4,0
84,,468070.595,4313282.069,2425.205,,-105.36856807,38.96792760,2411.184,Global,0.012,0.011,0.010,0.016,2.134,m,FIX,2024-08-06 09:29:36.4 UTC-06:00,2024-08-06 09:29:39.4 UTC-06:00,16,1.4,1.6,468406.204,4313301.241,2429.384,-105.36469502,38.96811254,2415.356,336.419,,NAD83(2011) / UTM zone 13N + NAVD88(GEOID18) height,8,5,8,4,0
85,,468070.614,4313282.269,2425.145,,-105.36856786,38.96792940,2411.125,Global,0.020,0.024,0.010,0.032,2.134,m,FIX,2024-08-06 09:29:42.2 UTC-06:00,2024-08-06 09:29:45.2 UTC-06:00,16,1.4,1.6,468406.204,4313301.241,2429.384,-105.36469502,38.96811254,2415.356,336.384,,NAD83(2011) / UTM zone 13N + NAVD88(GEOID18) height,7,5,8,4,0
86,,468070.651,4313282.478,2425.024,,-105.36856745,38.96793129,2411.003,Global,0.018,0.017,0.010,0.025,2.134,m,FIX,2024-08-06 09:29:48.6 UTC-06:00,2024-08-06 09:29:51.6 UTC-06:00,16,1.4,1.6,468406.204,4313301.241,2429.384,-105.36469502,38.96811254,2415.356,336.344,,NAD83(2011) / UTM zone 13N + NAVD88(GEOID18) height,7,5,8,4,0
87,,468070.685,4313282.697,2424.903,,-105.36856706,38.96793326,2410.882,Global,0.020,0.016,0.011,0.025,2.134,m,FIX,2024-08-06 09:29:56.4 UTC-06:00,2024-08-06 09:29:59.4 UTC-06:00,16,1.4,1.6,468406.204,4313301.241,2429.384,-105.36469502,38.96811254,2415.356,336.299,,NAD83(2011) / UTM zone 13N + NAVD88(GEOID18) height,8,5,8,4,0
88,,468070.762,4313282.855,2424.811,,-105.36856617,38.96793469,2410.791,Global,0.018,0.023,0.010,0.029,2.134,m,FIX,2024-08-06 09:30:02.2 UTC-06:00,2024-08-06 09:30:05.2 UTC-06:00,16,1.3,1.5,468406.204,4313301.241,2429.384,-105.36469502,38.96811254,2415.356,336.203,,NAD83(2011) / UTM zone 13N + NAVD88(GEOID18) height,8,5,8,4,0
89,,468070.822,4313283.081,2424.701,,-105.36856549,38.96793673,2410.681,Global,0.022,0.013,0.018,0.026,2.134,m,FIX,2024-08-06 09:30:09.8 UTC-06:00,2024-08-06 09:30:12.8 UTC-06:00,16,1.3,1.5,468406.204,4313301.241,2429.384,-105.36469502,38.96811254,2415.356,336.115,,NAD83(2011) / UTM zone 13N + NAVD88(GEOID18) height,8,5,8,4,0
90,,468070.895,4313283.345,2424.645,,-105.36856466,38.96793911,2410.624,Global,0.028,0.013,0.011,0.031,2.134,m,FIX,2024-08-06 09:30:21.0 UTC-06:00,2024-08-06 09:30:24.0 UTC-06:00,16,1.4,1.6,468406.204,4313301.241,2429.384,-105.36469502,38.96811254,2415.356,336.095,,NAD83(2011) / UTM zone 13N + NAVD88(GEOID18) height,8,5,8,4,0
91,,468070.969,4313283.590,2424.379,,-105.36856383,38.96794132,2410.359,Global,0.011,0.010,0.010,0.015,2.134,m,FIX,2024-08-06 09:30:34.0 UTC-06:00,2024-08-06 09:30:37.0 UTC-06:00,16,1.4,1.6,468406.204,4313301.241,2429.384,-105.36469502,38.96811254,2415.356,335.966,,NAD83(2011) / UTM zone 13N + NAVD88(GEOID18) height,8,5,8,4,0
92,,468071.116,4313283.902,2424.079,,-105.36856214,38.96794414,2410.058,Global,0.010,0.010,0.010,0.015,2.134,m,FIX,2024-08-06 09:30:48.4 UTC-06:00,2024-08-06 09:30:51.4 UTC-06:00,16,1.3,1.5,468406.204,4313301.241,2429.384,-105.36469502,38.96811254,2415.356,335.812,,NAD83(2011) / UTM zone 13N + NAVD88(GEOID18) height,8,5,8,4,0
93,,468071.179,4313284.226,2423.967,,-105.36856143,38.96794706,2409.947,Global,0.016,0.012,0.011,0.020,2.134,m,FIX,2024-08-06 09:30:56.4 UTC-06:00,2024-08-06 09:30:59.4 UTC-06:00,16,1.3,1.5,468406.204,4313301.241,2429.384,-105.36469502,38.96811254,2415.356,335.738,,NAD83(2011) / UTM zone 13N + NAVD88(GEOID18) height,7,5,8,4,0
94,,468071.201,4313284.364,2423.923,,-105.36856119,38.96794831,2409.902,Global,0.011,0.010,0.011,0.015,2.134,m,FIX,2024-08-06 09:31:14.8 UTC-06:00,2024-08-06 09:31:17.8 UTC-06:00,16,1.3,1.5,468406.204,4313301.241,2429.384,-105.36469502,38.96811254,2415.356,335.705,,NAD83(2011) / UTM zone 13N + NAVD88(GEOID18) height,8,5,8,4,0
95,,468071.262,4313284.597,2423.949,,-105.36856049,38.96795040,2409.929,Global,0.010,0.011,0.011,0.015,2.134,m,FIX,2024-08-06 09:31:25.0 UTC-06:00,2024-08-06 09:31:28.0 UTC-06:00,16,1.3,1.5,468406.204,4313301.241,2429.384,-105.36469502,38.96811254,2415.356,335.627,,NAD83(2011) / UTM zone 13N + NAVD88(GEOID18) height,8,5,8,4,0
96,,468071.296,4313284.837,2424.016,,-105.36856011,38.96795257,2409.995,Global,0.016,0.015,0.011,0.022,2.134,m,FIX,2024-08-06 09:31:32.2 UTC-06:00,2024-08-06 09:31:35.2 UTC-06:00,16,1.3,1.5,468406.204,4313301.241,2429.384,-105.36469502,38.96811254,2415.356,335.591,,NAD83(2011) / UTM zone 13N + NAVD88(GEOID18) height,8,5,8,4,0
97,,468071.295,4313284.969,2424.051,,-105.36856012,38.96795375,2410.031,Global,0.012,0.015,0.011,0.020,2.134,m,FIX,2024-08-06 09:31:39.6 UTC-06:00,2024-08-06 09:31:42.6 UTC-06:00,16,1.3,1.5,468406.204,4313301.241,2429.384,-105.36469502,38.96811254,2415.356,335.574,,NAD83(2011) / UTM zone 13N + NAVD88(GEOID18) height,8,5,8,4,0
98,,468071.334,4313285.188,2424.103,,-105.36855969,38.96795574,2410.083,Global,0.013,0.019,0.013,0.023,2.134,m,FIX,2024-08-06 09:31:46.8 UTC-06:00,2024-08-06 09:31:49.8 UTC-06:00,16,1.3,1.5,468406.204,4313301.241,2429.384,-105.36469502,38.96811254,2415.356,335.535,,NAD83(2011) / UTM zone 13N + NAVD88(GEOID18) height,8,5,8,4,0
99,,468071.407,4313285.368,2424.048,,-105.36855885,38.96795735,2410.028,Global,0.026,0.034,0.011,0.043,2.134,m,FIX,2024-08-06 09:31:53.0 UTC-06:00,2024-08-06 09:31:56.0 UTC-06:00,16,1.3,1.5,468406.204,4313301.241,2429.384,-105.36469502,38.96811254,2415.356,335.468,,NAD83(2011) / UTM zone 13N + NAVD88(GEOID18) height,8,5,8,4,0
100,,468071.414,4313285.447,2423.879,,-105.36855877,38.96795807,2409.859,Global,0.013,0.012,0.011,0.018,2.134,m,FIX,2024-08-06 09:32:15.2 UTC-06:00,2024-08-06 09:32:18.2 UTC-06:00,16,1.3,1.5,468406.204,4313301.241,2429.384,-105.36469502,38.96811254,2415.356,335.436,,NAD83(2011) / UTM zone 13N + NAVD88(GEOID18) height,7,6,8,4,0
101,,468071.448,4313285.523,2423.267,,-105.36855838,38.96795876,2409.246,Global,0.010,0.013,0.010,0.016,2.134,m,FIX,2024-08-06 09:32:32.2 UTC-06:00,2024-08-06 09:32:35.2 UTC-06:00,16,1.3,1.5,468406.204,4313301.241,2429.384,-105.36469502,38.96811254,2415.356,335.404,,NAD83(2011) / UTM zone 13N + NAVD88(GEOID18) height,7,5,8,4,0
102,,468071.312,4313285.852,2423.420,,-105.36855997,38.96796171,2409.399,Global,0.013,0.010,0.010,0.017,2.134,m,FIX,2024-08-06 09:33:18.0 UTC-06:00,2024-08-06 09:33:21.0 UTC-06:00,16,1.3,1.5,468406.204,4313301.241,2429.384,-105.36469502,38.96811254,2415.356,335.520,,NAD83(2011) / UTM zone 13N + NAVD88(GEOID18) height,7,6,8,4,0
103,,468071.374,4313286.067,2423.351,,-105.36855927,38.96796365,2409.331,Global,0.017,0.018,0.010,0.024,2.134,m,FIX,2024-08-06 09:33:46.4 UTC-06:00,2024-08-06 09:33:49.4 UTC-06:00,16,1.3,1.5,468406.204,4313301.241,2429.384,-105.36469502,38.96811254,2415.356,335.452,,NAD83(2011) / UTM zone 13N + NAVD88(GEOID18) height,8,5,8,4,0
104,,468071.449,4313286.222,2423.242,,-105.36855841,38.96796506,2409.222,Global,0.013,0.028,0.010,0.031,2.134,m,FIX,2024-08-06 09:33:53.8 UTC-06:00,2024-08-06 09:33:56.8 UTC-06:00,16,1.3,1.5,468406.204,4313301.241,2429.384,-105.36469502,38.96811254,2415.356,335.371,,NAD83(2011) / UTM zone 13N + NAVD88(GEOID18) height,7,5,8,4,0
105,,468071.627,4313286.393,2423.259,,-105.36855635,38.96796661,2409.239,Global,0.014,0.012,0.011,0.018,2.134,m,FIX,2024-08-06 09:34:11.6 UTC-06:00,2024-08-06 09:34:14.6 UTC-06:00,16,1.3,1.5,468406.204,4313301.241,2429.384,-105.36469502,38.96811254,2415.356,335.194,,NAD83(2011) / UTM zone 13N + NAVD88(GEOID18) height,8,5,8,4,0
106,,468071.683,4313286.535,2423.668,,-105.36855572,38.96796789,2409.647,Global,0.015,0.016,0.010,0.022,2.134,m,FIX,2024-08-06 09:34:22.6 UTC-06:00,2024-08-06 09:34:25.6 UTC-06:00,16,1.3,1.5,468406.204,4313301.241,2429.384,-105.36469502,38.96811254,2415.356,335.141,,NAD83(2011) / UTM zone 13N + NAVD88(GEOID18) height,7,7,8,4,0
107,,468071.662,4313286.815,2423.429,,-105.36855597,38.96797041,2409.409,Global,0.020,0.015,0.011,0.025,2.134,m,FIX,2024-08-06 09:34:32.6 UTC-06:00,2024-08-06 09:34:35.6 UTC-06:00,16,1.3,1.5,468406.204,4313301.241,2429.384,-105.36469502,38.96811254,2415.356,335.101,,NAD83(2011) / UTM zone 13N + NAVD88(GEOID18) height,8,6,8,4,0
108,,468071.707,4313286.891,2423.108,,-105.36855546,38.96797109,2409.088,Global,0.022,0.015,0.010,0.026,2.134,m,FIX,2024-08-06 09:34:51.6 UTC-06:00,2024-08-06 09:34:54.6 UTC-06:00,16,1.3,1.5,468406.204,4313301.241,2429.384,-105.36469502,38.96811254,2415.356,335.052,,NAD83(2011) / UTM zone 13N + NAVD88(GEOID18) height,8,6,8,4,0
109,,468071.779,4313287.139,2423.131,,-105.36855464,38.96797333,2409.111,Global,0.013,0.012,0.011,0.018,2.134,m,FIX,2024-08-06 09:35:03.4 UTC-06:00,2024-08-06 09:35:06.4 UTC-06:00,16,1.3,1.5,468406.204,4313301.241,2429.384,-105.36469502,38.96811254,2415.356,335.012,,NAD83(2011) / UTM zone 13N + NAVD88(GEOID18) height,7,7,8,4,0
110,,468071.859,4313287.315,2423.357,,-105.36855373,38.96797492,2409.336,Global,0.013,0.014,0.011,0.019,2.134,m,FIX,2024-08-06 09:35:20.8 UTC-06:00,2024-08-06 09:35:23.8 UTC-06:00,16,1.3,1.5,468406.204,4313301.241,2429.384,-105.36469502,38.96811254,2415.356,334.912,,NAD83(2011) / UTM zone 13N + NAVD88(GEOID18) height,8,5,8,4,0
111,,468071.960,4313287.495,2423.144,,-105.36855257,38.96797654,2409.123,Global,0.018,0.015,0.011,0.024,2.134,m,FIX,2024-08-06 09:35:41.6 UTC-06:00,2024-08-06 09:35:44.6 UTC-06:00,16,1.3,1.5,468406.204,4313301.241,2429.384,-105.36469502,38.96811254,2415.356,334.795,,NAD83(2011) / UTM zone 13N + NAVD88(GEOID18) height,8,5,8,4,0
112,,468071.956,4313287.748,2423.184,,-105.36855262,38.96797882,2409.163,Global,0.014,0.013,0.011,0.019,2.134,m,FIX,2024-08-06 09:35:56.6 UTC-06:00,2024-08-06 09:35:59.6 UTC-06:00,16,1.3,1.5,468406.204,4313301.241,2429.384,-105.36469502,38.96811254,2415.356,334.792,,NAD83(2011) / UTM zone 13N + NAVD88(GEOID18) height,7,6,8,4,0
113,,468072.111,4313287.961,2423.143,,-105.36855084,38.96798075,2409.123,Global,0.015,0.018,0.011,0.024,2.134,m,FIX,2024-08-06 09:36:08.6 UTC-06:00,2024-08-06 09:36:11.6 UTC-06:00,16,1.3,1.5,468406.204,4313301.241,2429.384,-105.36469502,38.96811254,2415.356,334.612,,NAD83(2011) / UTM zone 13N + NAVD88(GEOID18) height,8,5,8,4,0
114,,468072.091,4313288.263,2423.206,,-105.36855109,38.96798347,2409.186,Global,0.029,0.015,0.010,0.033,2.134,m,FIX,2024-08-06 09:36:21.0 UTC-06:00,2024-08-06 09:36:24.0 UTC-06:00,16,1.3,1.5,468406.204,4313301.241,2429.384,-105.36469502,38.96811254,2415.356,334.654,,NAD83(2011) / UTM zone 13N + NAVD88(GEOID18) height,8,5,8,4,0
115,,468072.116,4313288.425,2423.135,,-105.36855081,38.96798493,2409.114,Global,0.028,0.021,0.013,0.035,2.134,m,FIX,2024-08-06 09:36:38.6 UTC-06:00,2024-08-06 09:36:41.6 UTC-06:00,16,1.3,1.5,468406.204,4313301.241,2429.384,-105.36469502,38.96811254,2415.356,334.595,,NAD83(2011) / UTM zone 13N + NAVD88(GEOID18) height,8,6,8,4,0
116,,468072.156,4313288.698,2423.161,,-105.36855036,38.96798739,2409.140,Global,0.021,0.019,0.012,0.029,2.134,m,FIX,2024-08-06 09:36:54.8 UTC-06:00,2024-08-06 09:36:57.8 UTC-06:00,16,1.3,1.5,468406.204,4313301.241,2429.384,-105.36469502,38.96811254,2415.356,334.587,,NAD83(2011) / UTM zone 13N + NAVD88(GEOID18) height,8,5,8,4,0
117,,468072.251,4313288.866,2423.194,,-105.36854928,38.96798891,2409.174,Global,0.013,0.012,0.011,0.018,2.134,m,FIX,2024-08-06 09:37:06.6 UTC-06:00,2024-08-06 09:37:09.6 UTC-06:00,16,1.3,1.5,468406.204,4313301.241,2429.384,-105.36469502,38.96811254,2415.356,334.475,,NAD83(2011) / UTM zone 13N + NAVD88(GEOID18) height,7,5,8,4,0
118,,468072.283,4313289.056,2423.271,,-105.36854891,38.96799062,2409.250,Global,0.011,0.011,0.010,0.015,2.134,m,FIX,2024-08-06 09:37:15.6 UTC-06:00,2024-08-06 09:37:18.6 UTC-06:00,16,1.3,1.5,468406.204,4313301.241,2429.384,-105.36469502,38.96811254,2415.356,334.415,,NAD83(2011) / UTM zone 13N + NAVD88(GEOID18) height,8,6,8,4,0
119,,468072.348,4313289.296,2423.359,,-105.36854818,38.96799279,2409.339,Global,0.012,0.011,0.010,0.017,2.134,m,FIX,2024-08-06 09:37:23.8 UTC-06:00,2024-08-06 09:37:26.8 UTC-06:00,16,1.3,1.5,468406.204,4313301.241,2429.384,-105.36469502,38.96811254,2415.356,334.352,,NAD83(2011) / UTM zone 13N + NAVD88(GEOID18) height,7,7,8,4,0
120,,468072.424,4313289.432,2423.361,,-105.36854730,38.96799402,2409.341,Global,0.017,0.013,0.010,0.021,2.134,m,FIX,2024-08-06 09:37:31.4 UTC-06:00,2024-08-06 09:37:34.4 UTC-06:00,16,1.3,1.5,468406.204,4313301.241,2429.384,-105.36469502,38.96811254,2415.356,334.277,,NAD83(2011) / UTM zone 13N + NAVD88(GEOID18) height,7,6,8,4,0
121,,468072.499,4313289.569,2423.347,,-105.36854645,38.96799526,2409.327,Global,0.012,0.015,0.010,0.019,2.134,m,FIX,2024-08-06 09:37:39.6 UTC-06:00,2024-08-06 09:37:42.6 UTC-06:00,16,1.3,1.5,468406.204,4313301.241,2429.384,-105.36469502,38.96811254,2415.356,334.181,,NAD83(2011) / UTM zone 13N + NAVD88(GEOID18) height,7,5,8,4,0
122,,468072.528,4313289.830,2423.291,,-105.36854612,38.96799761,2409.271,Global,0.014,0.012,0.011,0.018,2.134,m,FIX,2024-08-06 09:37:47.4 UTC-06:00,2024-08-06 09:37:50.4 UTC-06:00,16,1.3,1.5,468406.204,4313301.241,2429.384,-105.36469502,38.96811254,2415.356,334.149,,NAD83(2011) / UTM zone 13N + NAVD88(GEOID18) height,7,5,8,4,0
123,,468072.598,4313290.016,2423.290,,-105.36854532,38.96799929,2409.270,Global,0.026,0.015,0.010,0.030,2.134,m,FIX,2024-08-06 09:37:55.6 UTC-06:00,2024-08-06 09:37:58.6 UTC-06:00,16,1.3,1.5,468406.204,4313301.241,2429.384,-105.36469502,38.96811254,2415.356,334.100,,NAD83(2011) / UTM zone 13N + NAVD88(GEOID18) height,7,5,8,4,0
124,,468072.639,4313290.226,2423.279,,-105.36854485,38.96800118,2409.258,Global,0.012,0.013,0.011,0.018,2.134,m,FIX,2024-08-06 09:38:02.2 UTC-06:00,2024-08-06 09:38:05.2 UTC-06:00,16,1.3,1.5,468406.204,4313301.241,2429.384,-105.36469502,38.96811254,2415.356,334.028,,NAD83(2011) / UTM zone 13N + NAVD88(GEOID18) height,8,5,8,4,0
125,,468072.704,4313290.407,2423.279,,-105.36854412,38.96800281,2409.258,Global,0.013,0.014,0.011,0.019,2.134,m,FIX,2024-08-06 09:38:10.4 UTC-06:00,2024-08-06 09:38:13.4 UTC-06:00,16,1.3,1.5,468406.204,4313301.241,2429.384,-105.36469502,38.96811254,2415.356,333.959,,NAD83(2011) / UTM zone 13N + NAVD88(GEOID18) height,8,6,8,4,0
126,,468072.831,4313290.702,2423.299,,-105.36854266,38.96800548,2409.279,Global,0.014,0.011,0.011,0.018,2.134,m,FIX,2024-08-06 09:38:19.0 UTC-06:00,2024-08-06 09:38:22.0 UTC-06:00,16,1.3,1.5,468406.204,4313301.241,2429.384,-105.36469502,38.96811254,2415.356,333.815,,NAD83(2011) / UTM zone 13N + NAVD88(GEOID18) height,8,6,8,4,0
127,,468072.878,4313290.846,2423.276,,-105.36854213,38.96800677,2409.255,Global,0.011,0.015,0.010,0.019,2.134,m,FIX,2024-08-06 09:38:26.2 UTC-06:00,2024-08-06 09:38:29.2 UTC-06:00,16,1.3,1.5,468406.204,4313301.241,2429.384,-105.36469502,38.96811254,2415.356,333.773,,NAD83(2011) / UTM zone 13N + NAVD88(GEOID18) height,8,6,8,4,0
128,,468072.909,4313291.018,2423.251,,-105.36854178,38.96800833,2409.231,Global,0.017,0.011,0.010,0.020,2.134,m,FIX,2024-08-06 09:38:35.6 UTC-06:00,2024-08-06 09:38:38.6 UTC-06:00,16,1.3,1.5,468406.204,4313301.241,2429.384,-105.36469502,38.96811254,2415.356,333.744,,NAD83(2011) / UTM zone 13N + NAVD88(GEOID18) height,7,5,8,4,0
129,,468072.980,4313291.208,2423.259,,-105.36854097,38.96801004,2409.238,Global,0.024,0.025,0.010,0.034,2.134,m,FIX,2024-08-06 09:38:43.0 UTC-06:00,2024-08-06 09:38:46.0 UTC-06:00,16,1.3,1.5,468406.204,4313301.241,2429.384,-105.36469502,38.96811254,2415.356,333.667,,NAD83(2011) / UTM zone 13N + NAVD88(GEOID18) height,7,5,8,4,0
130,,468073.062,4313291.401,2423.187,,-105.36854003,38.96801178,2409.167,Global,0.017,0.014,0.011,0.022,2.134,m,FIX,2024-08-06 09:38:53.8 UTC-06:00,2024-08-06 09:38:56.8 UTC-06:00,16,1.3,1.5,468406.204,4313301.241,2429.384,-105.36469502,38.96811254,2415.356,333.561,,NAD83(2011) / UTM zone 13N + NAVD88(GEOID18) height,8,6,8,4,0
131,,468073.085,4313291.675,2423.195,,-105.36853977,38.96801425,2409.174,Global,0.013,0.014,0.010,0.019,2.134,m,FIX,2024-08-06 09:39:02.6 UTC-06:00,2024-08-06 09:39:05.6 UTC-06:00,16,1.3,1.5,468406.204,4313301.241,2429.384,-105.36469502,38.96811254,2415.356,333.548,,NAD83(2011) / UTM zone 13N + NAVD88(GEOID18) height,7,6,8,4,0
132,,468073.120,4313291.864,2423.188,,-105.36853938,38.96801596,2409.167,Global,0.033,0.018,0.011,0.037,2.134,m,FIX,2024-08-06 09:39:09.8 UTC-06:00,2024-08-06 09:39:12.8 UTC-06:00,16,1.3,1.5,468406.204,4313301.241,2429.384,-105.36469502,38.96811254,2415.356,333.512,,NAD83(2011) / UTM zone 13N + NAVD88(GEOID18) height,7,7,8,4,0
133,,468073.153,4313292.096,2423.168,,-105.36853901,38.96801805,2409.147,Global,0.029,0.014,0.010,0.033,2.134,m,FIX,2024-08-06 09:39:16.2 UTC-06:00,2024-08-06 09:39:19.2 UTC-06:00,16,1.3,1.5,468406.204,4313301.241,2429.384,-105.36469502,38.96811254,2415.356,333.483,,NAD83(2011) / UTM zone 13N + NAVD88(GEOID18) height,8,7,8,4,0
134,,468073.222,4313292.313,2423.113,,-105.36853823,38.96802001,2409.093,Global,0.015,0.013,0.011,0.020,2.134,m,FIX,2024-08-06 09:39:23.6 UTC-06:00,2024-08-06 09:39:26.6 UTC-06:00,16,1.3,1.5,468406.204,4313301.241,2429.384,-105.36469502,38.96811254,2415.356,333.377,,NAD83(2011) / UTM zone 13N + NAVD88(GEOID18) height,8,5,8,4,0
135,,468073.290,4313292.473,2423.092,,-105.36853745,38.96802145,2409.071,Global,0.015,0.017,0.011,0.023,2.134,m,FIX,2024-08-06 09:39:32.8 UTC-06:00,2024-08-06 09:39:35.8 UTC-06:00,16,1.3,1.5,468406.204,4313301.241,2429.384,-105.36469502,38.96811254,2415.356,333.295,,NAD83(2011) / UTM zone 13N + NAVD88(GEOID18) height,7,5,8,4,0
136,,468073.312,4313292.678,2423.105,,-105.36853720,38.96802330,2409.085,Global,0.013,0.013,0.011,0.019,2.134,m,FIX,2024-08-06 09:39:42.0 UTC-06:00,2024-08-06 09:39:45.0 UTC-06:00,16,1.3,1.5,468406.204,4313301.241,2429.384,-105.36469502,38.96811254,2415.356,333.297,,NAD83(2011) / UTM zone 13N + NAVD88(GEOID18) height,8,5,8,4,0
137,,468073.370,4313292.873,2423.076,,-105.36853654,38.96802505,2409.056,Global,0.013,0.012,0.010,0.018,2.134,m,FIX,2024-08-06 09:39:49.4 UTC-06:00,2024-08-06 09:39:52.4 UTC-06:00,16,1.3,1.5,468406.204,4313301.241,2429.384,-105.36469502,38.96811254,2415.356,333.216,,NAD83(2011) / UTM zone 13N + NAVD88(GEOID18) height,7,6,8,4,0
138,,468073.409,4313293.063,2423.066,,-105.36853611,38.96802677,2409.045,Global,0.028,0.013,0.011,0.030,2.134,m,FIX,2024-08-06 09:39:56.2 UTC-06:00,2024-08-06 09:39:59.2 UTC-06:00,16,1.3,1.5,468406.204,4313301.241,2429.384,-105.36469502,38.96811254,2415.356,333.215,,NAD83(2011) / UTM zone 13N + NAVD88(GEOID18) height,7,7,8,4,0
139,,468073.382,4313293.313,2423.067,,-105.36853643,38.96802902,2409.046,Global,0.012,0.012,0.010,0.017,2.134,m,FIX,2024-08-06 09:40:28.6 UTC-06:00,2024-08-06 09:40:31.6 UTC-06:00,16,1.5,1.7,468406.204,4313301.241,2429.384,-105.36469502,38.96811254,2415.356,333.184,,NAD83(2011) / UTM zone 13N + NAVD88(GEOID18) height,7,6,8,4,0
140,,468073.422,4313293.513,2423.174,,-105.36853597,38.96803082,2409.153,Global,0.022,0.012,0.010,0.025,2.134,m,FIX,2024-08-06 09:40:36.0 UTC-06:00,2024-08-06 09:40:39.0 UTC-06:00,16,1.5,1.7,468406.204,4313301.241,2429.384,-105.36469502,38.96811254,2415.356,333.165,,NAD83(2011) / UTM zone 13N + NAVD88(GEOID18) height,7,6,8,4,0
141,,468073.475,4313293.711,2423.217,,-105.36853536,38.96803261,2409.196,Global,0.014,0.012,0.011,0.018,2.134,m,FIX,2024-08-06 09:40:42.6 UTC-06:00,2024-08-06 09:40:45.6 UTC-06:00,16,1.5,1.7,468406.204,4313301.241,2429.384,-105.36469502,38.96811254,2415.356,333.081,,NAD83(2011) / UTM zone 13N + NAVD88(GEOID18) height,7,6,8,4,0
142,,468073.485,4313293.884,2423.192,,-105.36853526,38.96803417,2409.171,Global,0.014,0.015,0.011,0.020,2.134,m,FIX,2024-08-06 09:41:31.6 UTC-06:00,2024-08-06 09:41:34.6 UTC-06:00,16,1.5,1.7,468406.204,4313301.241,2429.384,-105.36469502,38.96811254,2415.356,333.073,,NAD83(2011) / UTM zone 13N + NAVD88(GEOID18) height,7,7,8,5,0
143,,468073.571,4313294.075,2423.117,,-105.36853428,38.96803590,2409.097,Global,0.016,0.022,0.011,0.027,2.134,m,FIX,2024-08-06 09:41:38.4 UTC-06:00,2024-08-06 09:41:41.4 UTC-06:00,16,1.5,1.7,468406.204,4313301.241,2429.384,-105.36469502,38.96811254,2415.356,333.004,,NAD83(2011) / UTM zone 13N + NAVD88(GEOID18) height,7,7,8,5,0
144,,468073.552,4313294.256,2423.836,,-105.36853450,38.96803752,2409.816,Global,0.017,0.011,0.011,0.020,2.134,m,FIX,2024-08-06 09:41:58.0 UTC-06:00,2024-08-06 09:42:01.0 UTC-06:00,16,1.5,1.7,468406.204,4313301.241,2429.384,-105.36469502,38.96811254,2415.356,332.975,,NAD83(2011) / UTM zone 13N + NAVD88(GEOID18) height,6,7,8,5,0
145,,468073.615,4313294.473,2423.881,,-105.36853379,38.96803949,2409.861,Global,0.025,0.028,0.010,0.037,2.134,m,FIX,2024-08-06 09:42:08.8 UTC-06:00,2024-08-06 09:42:11.8 UTC-06:00,16,1.5,1.7,468406.204,4313301.241,2429.384,-105.36469502,38.96811254,2415.356,332.953,,NAD83(2011) / UTM zone 13N + NAVD88(GEOID18) height,6,7,8,5,0
146,,468073.677,4313294.712,2423.941,,-105.36853309,38.96804164,2409.921,Global,0.019,0.012,0.010,0.022,2.134,m,FIX,2024-08-06 09:42:34.2 UTC-06:00,2024-08-06 09:42:37.2 UTC-06:00,16,1.5,1.7,468406.204,4313301.241,2429.384,-105.36469502,38.96811254,2415.356,332.853,,NAD83(2011) / UTM zone 13N + NAVD88(GEOID18) height,7,7,8,5,0
147,,468073.602,4313295.091,2423.947,,-105.36853397,38.96804506,2409.926,Global,0.011,0.011,0.011,0.015,2.134,m,FIX,2024-08-06 09:43:02.6 UTC-06:00,2024-08-06 09:43:05.6 UTC-06:00,16,1.5,1.7,468406.204,4313301.241,2429.384,-105.36469502,38.96811254,2415.356,332.933,,NAD83(2011) / UTM zone 13N + NAVD88(GEOID18) height,6,6,8,4,0
148,,468073.633,4313295.273,2423.790,,-105.36853362,38.96804670,2409.769,Global,0.013,0.014,0.010,0.019,2.134,m,FIX,2024-08-06 09:43:15.4 UTC-06:00,2024-08-06 09:43:18.4 UTC-06:00,16,1.5,1.7,468406.204,4313301.241,2429.384,-105.36469502,38.96811254,2415.356,332.884,,NAD83(2011) / UTM zone 13N + NAVD88(GEOID18) height,7,7,8,4,0
149,,468073.798,4313295.518,2423.101,,-105.36853173,38.96804890,2409.081,Global,0.012,0.011,0.010,0.016,2.134,m,FIX,2024-08-06 09:43:41.2 UTC-06:00,2024-08-06 09:43:44.2 UTC-06:00,16,1.5,1.7,468406.204,4313301.241,2429.384,-105.36469502,38.96811254,2415.356,332.724,,NAD83(2011) / UTM zone 13N + NAVD88(GEOID18) height,6,6,8,5,0
150,,468073.902,4313295.748,2423.097,,-105.36853053,38.96805098,2409.077,Global,0.024,0.012,0.012,0.027,2.134,m,FIX,2024-08-06 09:43:50.0 UTC-06:00,2024-08-06 09:43:53.0 UTC-06:00,16,1.5,1.7,468406.204,4313301.241,2429.384,-105.36469502,38.96811254,2415.356,332.629,,NAD83(2011) / UTM zone 13N + NAVD88(GEOID18) height,6,7,8,4,0
151,,468073.995,4313295.981,2423.059,,-105.36852947,38.96805309,2409.039,Global,0.012,0.026,0.010,0.028,2.134,m,FIX,2024-08-06 09:43:57.2 UTC-06:00,2024-08-06 09:44:00.2 UTC-06:00,16,1.5,1.7,468406.204,4313301.241,2429.384,-105.36469502,38.96811254,2415.356,332.537,,NAD83(2011) / UTM zone 13N + NAVD88(GEOID18) height,6,6,8,4,0
152,,468074.139,4313296.209,2423.027,,-105.36852782,38.96805515,2409.006,Global,0.014,0.014,0.011,0.019,2.134,m,FIX,2024-08-06 09:44:06.8 UTC-06:00,2024-08-06 09:44:09.8 UTC-06:00,16,1.5,1.7,468406.204,4313301.241,2429.384,-105.36469502,38.96811254,2415.356,332.383,,NAD83(2011) / UTM zone 13N + NAVD88(GEOID18) height,6,6,8,4,0
153,,468074.236,4313296.423,2423.314,,-105.36852671,38.96805708,2409.294,Global,0.015,0.018,0.011,0.023,2.134,m,FIX,2024-08-06 09:44:31.6 UTC-06:00,2024-08-06 09:44:34.6 UTC-06:00,16,1.5,1.7,468406.204,4313301.241,2429.384,-105.36469502,38.96811254,2415.356,332.305,,NAD83(2011) / UTM zone 13N + NAVD88(GEOID18) height,6,6,8,4,0
154,,468074.300,4313296.575,2423.289,,-105.36852598,38.96805845,2409.268,Global,0.028,0.013,0.011,0.031,2.134,m,FIX,2024-08-06 09:44:38.4 UTC-06:00,2024-08-06 09:44:41.4 UTC-06:00,16,1.5,1.7,468406.204,4313301.241,2429.384,-105.36469502,38.96811254,2415.356,332.218,,NAD83(2011) / UTM zone 13N + NAVD88(GEOID18) height,6,6,8,5,0
155,,468074.466,4313296.953,2423.093,,-105.36852408,38.96806186,2409.073,Global,0.019,0.019,0.010,0.027,2.134,m,FIX,2024-08-06 09:44:51.0 UTC-06:00,2024-08-06 09:44:54.0 UTC-06:00,16,1.5,1.7,468406.204,4313301.241,2429.384,-105.36469502,38.96811254,2415.356,332.027,,NAD83(2011) / UTM zone 13N + NAVD88(GEOID18) height,7,7,8,5,0
156,,468074.541,4313297.120,2423.358,,-105.36852322,38.96806337,2409.337,Global,0.012,0.012,0.012,0.018,2.134,m,FIX,2024-08-06 09:45:07.8 UTC-06:00,2024-08-06 09:45:10.8 UTC-06:00,16,1.5,1.7,468406.204,4313301.241,2429.384,-105.36469502,38.96811254,2415.356,331.949,,NAD83(2011) / UTM zone 13N + NAVD88(GEOID18) height,6,6,8,5,0
157,,468074.529,4313297.355,2423.354,,-105.36852337,38.96806549,2409.333,Global,0.035,0.028,0.010,0.045,2.134,m,FIX,2024-08-06 09:45:18.6 UTC-06:00,2024-08-06 09:45:21.6 UTC-06:00,16,1.5,1.7,468406.204,4313301.241,2429.384,-105.36469502,38.96811254,2415.356,332.023,,NAD83(2011) / UTM zone 13N + NAVD88(GEOID18) height,7,7,8,5,0
158,,468074.621,4313297.586,2423.429,,-105.36852232,38.96806758,2409.408,Global,0.027,0.029,0.010,0.039,2.134,m,FIX,2024-08-06 09:45:25.2 UTC-06:00,2024-08-06 09:45:28.2 UTC-06:00,16,1.5,1.7,468406.204,4313301.241,2429.384,-105.36469502,38.96811254,2415.356,331.919,,NAD83(2011) / UTM zone 13N + NAVD88(GEOID18) height,6,7,8,5,0
159,,468074.746,4313297.816,2423.458,,-105.36852089,38.96806965,2409.438,Global,0.010,0.013,0.011,0.016,2.134,m,FIX,2024-08-06 09:45:39.2 UTC-06:00,2024-08-06 09:45:42.2 UTC-06:00,16,1.5,1.7,468406.204,4313301.241,2429.384,-105.36469502,38.96811254,2415.356,331.746,,NAD83(2011) / UTM zone 13N + NAVD88(GEOID18) height,6,6,8,5,0
160,,468074.755,4313298.049,2423.494,,-105.36852080,38.96807175,2409.473,Global,0.013,0.019,0.011,0.023,2.134,m,FIX,2024-08-06 09:45:46.0 UTC-06:00,2024-08-06 09:45:49.0 UTC-06:00,16,1.5,1.8,468406.204,4313301.241,2429.384,-105.36469502,38.96811254,2415.356,331.742,,NAD83(2011) / UTM zone 13N + NAVD88(GEOID18) height,7,6,8,5,0
161,,468074.792,4313298.280,2423.453,,-105.36852038,38.96807384,2409.433,Global,0.012,0.012,0.011,0.017,2.134,m,FIX,2024-08-06 09:45:53.4 UTC-06:00,2024-08-06 09:45:56.4 UTC-06:00,16,1.5,1.7,468406.204,4313301.241,2429.384,-105.36469502,38.96811254,2415.356,331.695,,NAD83(2011) / UTM zone 13N + NAVD88(GEOID18) height,7,7,8,5,0
162,,468074.810,4313298.496,2423.436,,-105.36852018,38.96807578,2409.416,Global,0.026,0.014,0.014,0.030,2.134,m,FIX,2024-08-06 09:46:00.2 UTC-06:00,2024-08-06 09:46:03.2 UTC-06:00,16,1.5,1.8,468406.204,4313301.241,2429.384,-105.36469502,38.96811254,2415.356,331.657,,NAD83(2011) / UTM zone 13N + NAVD88(GEOID18) height,7,7,8,5,0
163,,468074.925,4313298.720,2423.498,,-105.36851886,38.96807780,2409.477,Global,0.012,0.011,0.011,0.016,2.134,m,FIX,2024-08-06 09:46:17.8 UTC-06:00,2024-08-06 09:46:20.8 UTC-06:00,16,1.5,1.8,468406.204,4313301.241,2429.384,-105.36469502,38.96811254,2415.356,331.566,,NAD83(2011) / UTM zone 13N + NAVD88(GEOID18) height,8,7,8,5,0
164,,468075.017,4313298.856,2424.074,,-105.36851781,38.96807903,2410.053,Global,0.031,0.015,0.011,0.034,2.134,m,FIX,2024-08-06 09:46:28.0 UTC-06:00,2024-08-06 09:46:31.0 UTC-06:00,16,1.4,1.6,468406.204,4313301.241,2429.384,-105.36469502,38.96811254,2415.356,331.482,,NAD83(2011) / UTM zone 13N + NAVD88(GEOID18) height,6,7,8,5,0
165,,468075.055,4313299.156,2424.353,,-105.36851739,38.96808173,2410.332,Global,0.011,0.010,0.010,0.015,2.134,m,FIX,2024-08-06 09:46:39.0 UTC-06:00,2024-08-06 09:46:39.6 UTC-06:00,4,1.4,1.6,468406.204,4313301.241,2429.384,-105.36469502,38.96811254,2415.356,331.420,,NAD83(2011) / UTM zone 13N + NAVD88(GEOID18) height,6,7,8,5,0
166,,468075.106,4313299.433,2424.373,,-105.36851681,38.96808423,2410.353,Global,0.017,0.018,0.011,0.025,2.134,m,FIX,2024-08-06 09:46:44.4 UTC-06:00,2024-08-06 09:46:47.4 UTC-06:00,16,1.4,1.6,468406.204,4313301.241,2429.384,-105.36469502,38.96811254,2415.356,331.353,,NAD83(2011) / UTM zone 13N + NAVD88(GEOID18) height,6,7,8,5,0
167,,468075.144,4313299.649,2424.319,,-105.36851639,38.96808618,2410.299,Global,0.015,0.015,0.012,0.021,2.134,m,FIX,2024-08-06 09:46:50.6 UTC-06:00,2024-08-06 09:46:53.6 UTC-06:00,16,1.4,1.6,468406.204,4313301.241,2429.384,-105.36469502,38.96811254,2415.356,331.337,,NAD83(2011) / UTM zone 13N + NAVD88(GEOID18) height,6,7,8,5,0
168,,468075.222,4313299.884,2424.268,,-105.36851549,38.96808830,2410.248,Global,0.010,0.012,0.011,0.016,2.134,m,FIX,2024-08-06 09:46:57.6 UTC-06:00,2024-08-06 09:47:00.6 UTC-06:00,16,1.4,1.6,468406.204,4313301.241,2429.384,-105.36469502,38.96811254,2415.356,331.254,,NAD83(2011) / UTM zone 13N + NAVD88(GEOID18) height,6,6,8,5,0
169,,468075.253,4313300.123,2424.242,,-105.36851515,38.96809046,2410.221,Global,0.013,0.014,0.012,0.019,2.134,m,FIX,2024-08-06 09:47:04.4 UTC-06:00,2024-08-06 09:47:07.4 UTC-06:00,16,1.5,1.7,468406.204,4313301.241,2429.384,-105.36469502,38.96811254,2415.356,331.218,,NAD83(2011) / UTM zone 13N + NAVD88(GEOID18) height,6,6,8,5,0
170,,468075.294,4313300.351,2424.176,,-105.36851468,38.96809251,2410.156,Global,0.010,0.011,0.010,0.015,2.134,m,FIX,2024-08-06 09:47:15.0 UTC-06:00,2024-08-06 09:47:18.0 UTC-06:00,16,1.5,1.7,468406.204,4313301.241,2429.384,-105.36469502,38.96811254,2415.356,331.176,,NAD83(2011) / UTM zone 13N + NAVD88(GEOID18) height,7,7,8,5,0
171,,468075.373,4313300.602,2424.142,,-105.36851378,38.96809478,2410.121,Global,0.022,0.022,0.012,0.031,2.134,m,FIX,2024-08-06 09:47:21.0 UTC-06:00,2024-08-06 09:47:24.0 UTC-06:00,16,1.5,1.7,468406.204,4313301.241,2429.384,-105.36469502,38.96811254,2415.356,331.111,,NAD83(2011) / UTM zone 13N + NAVD88(GEOID18) height,7,7,8,5,0
172,,468075.437,4313300.889,2424.084,,-105.36851306,38.96809737,2410.063,Global,0.014,0.020,0.010,0.025,2.134,m,FIX,2024-08-06 09:47:28.2 UTC-06:00,2024-08-06 09:47:31.2 UTC-06:00,16,1.5,1.8,468406.204,4313301.241,2429.384,-105.36469502,38.96811254,2415.356,331.025,,NAD83(2011) / UTM zone 13N + NAVD88(GEOID18) height,6,7,8,5,0
173,,468075.514,4313301.074,2424.041,,-105.36851217,38.96809903,2410.020,Global,0.024,0.042,0.012,0.048,2.134,m,FIX,2024-08-06 09:47:33.8 UTC-06:00,2024-08-06 09:47:36.8 UTC-06:00,16,1.5,1.7,468406.204,4313301.241,2429.384,-105.36469502,38.96811254,2415.356,330.987,,NAD83(2011) / UTM zone 13N + NAVD88(GEOID18) height,6,7,8,5,0
174,,468075.545,4313301.340,2423.990,,-105.36851183,38.96810143,2409.969,Global,0.018,0.020,0.013,0.027,2.134,m,FIX,2024-08-06 09:47:40.8 UTC-06:00,2024-08-06 09:47:43.8 UTC-06:00,16,1.4,1.6,468406.204,4313301.241,2429.384,-105.36469502,38.96811254,2415.356,330.924,,NAD83(2011) / UTM zone 13N + NAVD88(GEOID18) height,6,7,8,5,0
175,,468075.613,4313301.527,2423.912,,-105.36851105,38.96810313,2409.892,Global,0.030,0.060,0.013,0.067,2.134,m,FIX,2024-08-06 09:47:47.2 UTC-06:00,2024-08-06 09:47:50.2 UTC-06:00,16,1.4,1.7,468406.204,4313301.241,2429.384,-105.36469502,38.96811254,2415.356,330.887,,NAD83(2011) / UTM zone 13N + NAVD88(GEOID18) height,6,7,8,5,0
176,,468075.657,4313301.873,2423.606,,-105.36851056,38.96810625,2409.585,Global,0.016,0.014,0.012,0.021,2.134,m,FIX,2024-08-06 09:48:09.2 UTC-06:00,2024-08-06 09:48:12.2 UTC-06:00,16,1.5,1.8,468406.204,4313301.241,2429.384,-105.36469502,38.96811254,2415.356,330.807,,NAD83(2011) / UTM zone 13N + NAVD88(GEOID18) height,6,7,8,5,0
177,,468075.645,4313302.139,2423.681,,-105.36851071,38.96810864,2409.661,Global,0.019,0.015,0.011,0.024,2.134,m,FIX,2024-08-06 09:48:16.0 UTC-06:00,2024-08-06 09:48:19.0 UTC-06:00,16,1.5,1.8,468406.204,4313301.241,2429.384,-105.36469502,38.96811254,2415.356,330.820,,NAD83(2011) / UTM zone 13N + NAVD88(GEOID18) height,7,7,8,5,0
178,,468075.703,4313302.423,2423.612,,-105.36851005,38.96811120,2409.592,Global,0.015,0.026,0.010,0.030,2.134,m,FIX,2024-08-06 09:48:23.2 UTC-06:00,2024-08-06 09:48:26.2 UTC-06:00,16,1.6,1.8,468406.204,4313301.241,2429.384,-105.36469502,38.96811254,2415.356,330.753,,NAD83(2011) / UTM zone 13N + NAVD88(GEOID18) height,6,6,8,5,0
179,,468075.795,4313302.724,2423.558,,-105.36850901,38.96811392,2409.538,Global,0.029,0.013,0.010,0.032,2.134,m,FIX,2024-08-06 09:48:31.8 UTC-06:00,2024-08-06 09:48:34.8 UTC-06:00,16,1.6,1.8,468406.204,4313301.241,2429.384,-105.36469502,38.96811254,2415.356,330.656,,NAD83(2011) / UTM zone 13N + NAVD88(GEOID18) height,6,6,8,5,0
180,,468075.825,4313303.082,2423.524,,-105.36850868,38.96811715,2409.504,Global,0.012,0.011,0.011,0.016,2.134,m,FIX,2024-08-06 09:48:47.2 UTC-06:00,2024-08-06 09:48:50.2 UTC-06:00,16,1.6,1.8,468406.204,4313301.241,2429.384,-105.36469502,38.96811254,2415.356,330.646,,NAD83(2011) / UTM zone 13N + NAVD88(GEOID18) height,6,7,8,5,0
181,,468076.042,4313303.490,2423.768,,-105.36850619,38.96812083,2409.748,Global,0.012,0.015,0.011,0.019,2.134,m,FIX,2024-08-06 09:48:59.4 UTC-06:00,2024-08-06 09:49:02.4 UTC-06:00,16,1.6,1.8,468406.204,4313301.241,2429.384,-105.36469502,38.96811254,2415.356,330.451,,NAD83(2011) / UTM zone 13N + NAVD88(GEOID18) height,6,7,8,5,0
182,,468076.130,4313303.811,2423.806,,-105.36850519,38.96812373,2409.786,Global,0.027,0.014,0.011,0.031,2.134,m,FIX,2024-08-06 09:49:05.6 UTC-06:00,2024-08-06 09:49:08.6 UTC-06:00,16,1.6,1.8,468406.204,4313301.241,2429.384,-105.36469502,38.96811254,2415.356,330.331,,NAD83(2011) / UTM zone 13N + NAVD88(GEOID18) height,6,7,8,5,0
183,,468076.265,4313303.981,2423.984,,-105.36850364,38.96812526,2409.964,Global,0.058,0.024,0.011,0.063,2.134,m,FIX,2024-08-06 09:49:14.6 UTC-06:00,2024-08-06 09:49:17.6 UTC-06:00,16,1.5,1.8,468406.204,4313301.241,2429.384,-105.36469502,38.96811254,2415.356,330.268,,NAD83(2011) / UTM zone 13N + NAVD88(GEOID18) height,6,7,8,5,0
184,,468076.297,4313304.149,2423.898,,-105.36850328,38.96812678,2409.877,Global,0.011,0.035,0.012,0.037,2.134,m,FIX,2024-08-06 09:49:19.8 UTC-06:00,2024-08-06 09:49:22.8 UTC-06:00,16,1.5,1.8,468406.204,4313301.241,2429.384,-105.36469502,38.96811254,2415.356,330.181,,NAD83(2011) / UTM zone 13N + NAVD88(GEOID18) height,7,6,8,5,0
185,,468076.382,4313304.418,2424.066,,-105.36850231,38.96812920,2410.045,Global,0.014,0.018,0.012,0.023,2.134,m,FIX,2024-08-06 09:49:29.2 UTC-06:00,2024-08-06 09:49:32.2 UTC-06:00,16,1.6,1.9,468406.204,4313301.241,2429.384,-105.36469502,38.96811254,2415.356,330.088,,NAD83(2011) / UTM zone 13N + NAVD88(GEOID18) height,8,6,8,5,0
186,,468076.475,4313304.600,2424.080,,-105.36850125,38.96813084,2410.059,Global,0.013,0.013,0.014,0.019,2.134,m,FIX,2024-08-06 09:49:38.8 UTC-06:00,2024-08-06 09:49:41.8 UTC-06:00,16,1.5,1.8,468406.204,4313301.241,2429.384,-105.36469502,38.96811254,2415.356,330.001,,NAD83(2011) / UTM zone 13N + NAVD88(GEOID18) height,6,6,8,5,0
187,,468076.502,4313304.769,2424.125,,-105.36850094,38.96813237,2410.104,Global,0.013,0.010,0.011,0.017,2.134,m,FIX,2024-08-06 09:49:56.4 UTC-06:00,2024-08-06 09:49:59.4 UTC-06:00,16,1.5,1.8,468406.204,4313301.241,2429.384,-105.36469502,38.96811254,2415.356,329.973,,NAD83(2011) / UTM zone 13N + NAVD88(GEOID18) height,8,7,8,5,0
188,,468076.483,4313304.910,2424.400,,-105.36850117,38.96813364,2410.380,Global,0.014,0.013,0.013,0.019,2.134,m,FIX,2024-08-06 09:52:15.8 UTC-06:00,2024-08-06 09:52:45.8 UTC-06:00,151,1.5,1.8,468406.204,4313301.241,2429.384,-105.36469502,38.96811254,2415.356,330.001,,NAD83(2011) / UTM zone 13N + NAVD88(GEOID18) height,7,7,8,5,0
189,,468076.491,4313304.899,2424.393,,-105.36850108,38.96813354,2410.372,Global,0.011,0.011,0.010,0.016,2.134,m,FIX,2024-08-06 09:53:01.6 UTC-06:00,2024-08-06 09:53:04.6 UTC-06:00,16,1.5,1.8,468406.204,4313301.241,2429.384,-105.36469502,38.96811254,2415.356,330.002,,NAD83(2011) / UTM zone 13N + NAVD88(GEOID18) height,7,7,8,5,0
190,,468076.199,4313304.925,2424.415,,-105.36850445,38.96813376,2410.394,Global,0.027,0.016,0.013,0.032,2.134,m,FIX,2024-08-06 09:53:09.0 UTC-06:00,2024-08-06 09:53:12.0 UTC-06:00,16,1.5,1.8,468406.204,4313301.241,2429.384,-105.36469502,38.96811254,2415.356,330.301,,NAD83(2011) / UTM zone 13N + NAVD88(GEOID18) height,7,7,8,4,0
191,,468076.440,4313304.748,2424.067,,-105.36850166,38.96813218,2410.046,Global,0.016,0.010,0.011,0.019,2.134,m,FIX,2024-08-06 09:53:18.0 UTC-06:00,2024-08-06 09:53:21.0 UTC-06:00,16,1.5,1.8,468406.204,4313301.241,2429.384,-105.36469502,38.96811254,2415.356,330.032,,NAD83(2011) / UTM zone 13N + NAVD88(GEOID18) height,7,6,8,4,0
192,,468077.039,4313304.742,2424.157,,-105.36849475,38.96813215,2410.137,Global,0.030,0.023,0.012,0.038,2.134,m,FIX,2024-08-06 09:53:25.2 UTC-06:00,2024-08-06 09:53:28.2 UTC-06:00,16,1.5,1.8,468406.204,4313301.241,2429.384,-105.36469502,38.96811254,2415.356,329.469,,NAD83(2011) / UTM zone 13N + NAVD88(GEOID18) height,7,6,8,4,0
193,,468076.766,4313305.300,2424.296,,-105.36849792,38.96813717,2410.275,Global,0.012,0.066,0.012,0.067,2.134,m,FIX,2024-08-06 09:53:31.4 UTC-06:00,2024-08-06 09:53:34.4 UTC-06:00,16,1.6,1.9,468406.204,4313301.241,2429.384,-105.36469502,38.96811254,2415.356,329.737,,NAD83(2011) / UTM zone 13N + NAVD88(GEOID18) height,7,6,8,4,0
194,,468076.636,4313304.999,2424.188,,-105.36849941,38.96813445,2410.167,Global,0.015,0.014,0.012,0.021,2.134,m,FIX,2024-08-06 09:53:38.4 UTC-06:00,2024-08-06 09:53:41.4 UTC-06:00,16,1.5,1.8,468406.204,4313301.241,2429.384,-105.36469502,38.96811254,2415.356,329.855,,NAD83(2011) / UTM zone 13N + NAVD88(GEOID18) height,7,7,8,5,0
195,,468076.478,4313304.913,2424.390,,-105.36850122,38.96813367,2410.370,Global,0.013,0.015,0.011,0.020,2.134,m,FIX,2024-08-06 09:53:46.2 UTC-06:00,2024-08-06 09:53:49.2 UTC-06:00,16,1.5,1.8,468406.204,4313301.241,2429.384,-105.36469502,38.96811254,2415.356,330.002,,NAD83(2011) / UTM zone 13N + NAVD88(GEOID18) height,7,7,8,5,0
196,,468076.639,4313305.250,2424.257,,-105.36849939,38.96813671,2410.236,Global,0.010,0.011,0.012,0.015,2.134,m,FIX,2024-08-06 09:56:55.8 UTC-06:00,2024-08-06 09:56:58.8 UTC-06:00,16,1.5,1.8,468406.204,4313301.241,2429.384,-105.36469502,38.96811254,2415.356,329.854,,NAD83(2011) / UTM zone 13N + NAVD88(GEOID18) height,7,7,8,5,0
197,,468076.697,4313305.473,2424.324,,-105.36849872,38.96813872,2410.303,Global,0.012,0.019,0.012,0.022,2.134,m,FIX,2024-08-06 09:57:03.6 UTC-06:00,2024-08-06 09:57:06.6 UTC-06:00,16,1.6,1.8,468406.204,4313301.241,2429.384,-105.36469502,38.96811254,2415.356,329.802,,NAD83(2011) / UTM zone 13N + NAVD88(GEOID18) height,7,7,8,5,0
198,,468076.784,4313305.483,2424.418,,-105.36849772,38.96813881,2410.398,Global,0.010,0.011,0.016,0.015,2.134,m,FIX,2024-08-06 09:57:13.0 UTC-06:00,2024-08-06 09:57:16.0 UTC-06:00,16,1.5,1.8,468406.204,4313301.241,2429.384,-105.36469502,38.96811254,2415.356,329.711,,NAD83(2011) / UTM zone 13N + NAVD88(GEOID18) height,7,7,8,5,0
199,,468076.867,4313305.811,2424.602,,-105.36849678,38.96814177,2410.581,Global,0.011,0.011,0.012,0.016,2.134,m,FIX,2024-08-06 09:57:29.0 UTC-06:00,2024-08-06 09:57:32.0 UTC-06:00,16,1.6,1.9,468406.204,4313301.241,2429.384,-105.36469502,38.96811254,2415.356,329.644,,NAD83(2011) / UTM zone 13N + NAVD88(GEOID18) height,7,7,8,5,0
200,,468076.900,4313306.059,2425.127,,-105.36849641,38.96814401,2411.106,Global,0.015,0.014,0.011,0.020,2.134,m,FIX,2024-08-06 09:57:48.6 UTC-06:00,2024-08-06 09:57:51.6 UTC-06:00,16,1.4,1.7,468406.204,4313301.241,2429.384,-105.36469502,38.96811254,2415.356,329.602,,NAD83(2011) / UTM zone 13N + NAVD88(GEOID18) height,7,7,8,5,0
201,,468076.997,4313306.344,2425.236,,-105.36849530,38.96814658,2411.216,Global,0.012,0.013,0.011,0.017,2.134,m,FIX,2024-08-06 09:58:01.6 UTC-06:00,2024-08-06 09:58:04.6 UTC-06:00,16,1.5,1.8,468406.204,4313301.241,2429.384,-105.36469502,38.96811254,2415.356,329.494,,NAD83(2011) / UTM zone 13N + NAVD88(GEOID18) height,8,7,8,4,0
202,,468077.091,4313306.617,2425.314,,-105.36849423,38.96814905,2411.294,Global,0.017,0.021,0.015,0.027,2.134,m,FIX,2024-08-06 09:58:08.0 UTC-06:00,2024-08-06 09:58:11.0 UTC-06:00,16,1.5,1.8,468406.204,4313301.241,2429.384,-105.36469502,38.96811254,2415.356,329.420,,NAD83(2011) / UTM zone 13N + NAVD88(GEOID18) height,6,7,8,4,0
203,,468077.139,4313306.783,2425.325,,-105.36849368,38.96815055,2411.304,Global,0.012,0.024,0.017,0.027,2.134,m,FIX,2024-08-06 09:58:14.8 UTC-06:00,2024-08-06 09:58:17.8 UTC-06:00,16,1.5,1.8,468406.204,4313301.241,2429.384,-105.36469502,38.96811254,2415.356,329.366,,NAD83(2011) / UTM zone 13N + NAVD88(GEOID18) height,7,7,8,4,0
204,,468077.149,4313306.986,2425.362,,-105.36849358,38.96815237,2411.341,Global,0.032,0.018,0.018,0.037,2.134,m,FIX,2024-08-06 09:58:20.6 UTC-06:00,2024-08-06 09:58:23.6 UTC-06:00,16,1.5,1.8,468406.204,4313301.241,2429.384,-105.36469502,38.96811254,2415.356,329.333,,NAD83(2011) / UTM zone 13N + NAVD88(GEOID18) height,7,7,8,4,0
205,,468077.242,4313307.171,2425.370,,-105.36849252,38.96815404,2411.349,Global,0.015,0.017,0.016,0.022,2.134,m,FIX,2024-08-06 09:58:27.0 UTC-06:00,2024-08-06 09:58:30.0 UTC-06:00,16,1.5,1.8,468406.204,4313301.241,2429.384,-105.36469502,38.96811254,2415.356,329.278,,NAD83(2011) / UTM zone 13N + NAVD88(GEOID18) height,6,6,8,4,0
206,,468077.337,4313307.341,2425.407,,-105.36849142,38.96815558,2411.387,Global,0.030,0.022,0.016,0.038,2.134,m,FIX,2024-08-06 09:58:33.4 UTC-06:00,2024-08-06 09:58:36.4 UTC-06:00,16,1.6,1.8,468406.204,4313301.241,2429.384,-105.36469502,38.96811254,2415.356,329.208,,NAD83(2011) / UTM zone 13N + NAVD88(GEOID18) height,6,7,8,5,0
207,,468077.350,4313307.504,2425.453,,-105.36849128,38.96815705,2411.433,Global,0.022,0.029,0.017,0.037,2.134,m,FIX,2024-08-06 09:58:39.8 UTC-06:00,2024-08-06 09:58:42.8 UTC-06:00,16,1.6,1.8,468406.204,4313301.241,2429.384,-105.36469502,38.96811254,2415.356,329.144,,NAD83(2011) / UTM zone 13N + NAVD88(GEOID18) height,6,7,8,5,0
208,,468077.410,4313307.739,2425.461,,-105.36849060,38.96815916,2411.441,Global,0.013,0.023,0.015,0.027,2.134,m,FIX,2024-08-06 09:58:45.4 UTC-06:00,2024-08-06 09:58:48.4 UTC-06:00,16,1.5,1.8,468406.204,4313301.241,2429.384,-105.36469502,38.96811254,2415.356,329.118,,NAD83(2011) / UTM zone 13N + NAVD88(GEOID18) height,7,7,8,5,0
209,,468077.467,4313308.013,2425.541,,-105.36848996,38.96816164,2411.520,Global,0.020,0.014,0.017,0.025,2.134,m,FIX,2024-08-06 09:58:51.8 UTC-06:00,2024-08-06 09:58:54.8 UTC-06:00,16,1.5,1.8,468406.204,4313301.241,2429.384,-105.36469502,38.96811254,2415.356,329.046,,NAD83(2011) / UTM zone 13N + NAVD88(GEOID18) height,7,7,8,5,0
210,,468077.532,4313308.243,2425.620,,-105.36848922,38.96816371,2411.599,Global,0.019,0.019,0.016,0.027,2.134,m,FIX,2024-08-06 09:58:57.8 UTC-06:00,2024-08-06 09:59:00.8 UTC-06:00,16,1.5,1.8,468406.204,4313301.241,2429.384,-105.36469502,38.96811254,2415.356,328.984,,NAD83(2011) / UTM zone 13N + NAVD88(GEOID18) height,7,7,8,5,0
211,,468077.641,4313308.479,2425.693,,-105.36848797,38.96816585,2411.672,Global,0.013,0.014,0.018,0.019,2.134,m,FIX,2024-08-06 09:59:03.6 UTC-06:00,2024-08-06 09:59:06.6 UTC-06:00,16,1.5,1.8,468406.204,4313301.241,2429.384,-105.36469502,38.96811254,2415.356,328.907,,NAD83(2011) / UTM zone 13N + NAVD88(GEOID18) height,6,7,8,5,0
212,,468077.704,4313308.744,2425.671,,-105.36848726,38.96816824,2411.650,Global,0.014,0.020,0.018,0.024,2.134,m,FIX,2024-08-06 09:59:10.0 UTC-06:00,2024-08-06 09:59:13.0 UTC-06:00,16,1.6,1.8,468406.204,4313301.241,2429.384,-105.36469502,38.96811254,2415.356,328.845,,NAD83(2011) / UTM zone 13N + NAVD88(GEOID18) height,6,7,8,5,0
213,,468077.718,4313308.946,2425.713,,-105.36848710,38.96817006,2411.693,Global,0.016,0.013,0.016,0.020,2.134,m,FIX,2024-08-06 09:59:16.0 UTC-06:00,2024-08-06 09:59:19.0 UTC-06:00,16,1.5,1.8,468406.204,4313301.241,2429.384,-105.36469502,38.96811254,2415.356,328.813,,NAD83(2011) / UTM zone 13N + NAVD88(GEOID18) height,7,7,8,5,0
214,,468077.787,4313309.073,2425.758,,-105.36848631,38.96817120,2411.738,Global,0.011,0.031,0.013,0.033,2.134,m,FIX,2024-08-06 09:59:22.8 UTC-06:00,2024-08-06 09:59:25.8 UTC-06:00,16,1.4,1.7,468406.204,4313301.241,2429.384,-105.36469502,38.96811254,2415.356,328.775,,NAD83(2011) / UTM zone 13N + NAVD88(GEOID18) height,7,7,8,5,0
215,,468077.844,4313309.312,2425.797,,-105.36848567,38.96817336,2411.776,Global,0.013,0.025,0.013,0.028,2.134,m,FIX,2024-08-06 09:59:28.4 UTC-06:00,2024-08-06 09:59:31.4 UTC-06:00,16,1.5,1.8,468406.204,4313301.241,2429.384,-105.36469502,38.96811254,2415.356,328.723,,NAD83(2011) / UTM zone 13N + NAVD88(GEOID18) height,5,7,8,5,0
216,,468077.888,4313309.519,2425.789,,-105.36848517,38.96817522,2411.769,Global,0.014,0.019,0.011,0.024,2.134,m,FIX,2024-08-06 09:59:35.2 UTC-06:00,2024-08-06 09:59:38.2 UTC-06:00,16,1.5,1.8,468406.204,4313301.241,2429.384,-105.36469502,38.96811254,2415.356,328.667,,NAD83(2011) / UTM zone 13N + NAVD88(GEOID18) height,6,6,8,5,0
217,,468077.930,4313309.703,2425.782,,-105.36848469,38.96817689,2411.761,Global,0.014,0.012,0.011,0.019,2.134,m,FIX,2024-08-06 09:59:48.2 UTC-06:00,2024-08-06 09:59:51.2 UTC-06:00,16,1.6,1.9,468406.204,4313301.241,2429.384,-105.36469502,38.96811254,2415.356,328.629,,NAD83(2011) / UTM zone 13N + NAVD88(GEOID18) height,7,7,8,5,0
218,,468078.002,4313309.904,2425.834,,-105.36848387,38.96817870,2411.814,Global,0.012,0.011,0.011,0.016,2.134,m,FIX,2024-08-06 09:59:58.0 UTC-06:00,2024-08-06 10:00:01.0 UTC-06:00,16,1.6,1.8,468406.204,4313301.241,2429.384,-105.36469502,38.96811254,2415.356,328.563,,NAD83(2011) / UTM zone 13N + NAVD88(GEOID18) height,7,7,8,5,0
219,,468078.056,4313310.059,2425.887,,-105.36848325,38.96818009,2411.866,Global,0.021,0.030,0.013,0.036,2.134,m,FIX,2024-08-06 10:00:04.0 UTC-06:00,2024-08-06 10:00:07.0 UTC-06:00,16,1.6,1.8,468406.204,4313301.241,2429.384,-105.36469502,38.96811254,2415.356,328.505,,NAD83(2011) / UTM zone 13N + NAVD88(GEOID18) height,7,6,8,5,0
220,,468078.109,4313310.271,2425.962,,-105.36848265,38.96818201,2411.942,Global,0.010,0.012,0.010,0.016,2.134,m,FIX,2024-08-06 10:00:09.8 UTC-06:00,2024-08-06 10:00:12.8 UTC-06:00,16,1.6,1.8,468406.204,4313301.241,2429.384,-105.36469502,38.96811254,2415.356,328.472,,NAD83(2011) / UTM zone 13N + NAVD88(GEOID18) height,6,7,8,5,0
221,,468078.163,4313310.530,2425.995,,-105.36848204,38.96818434,2411.975,Global,0.019,0.012,0.019,0.023,2.134,m,FIX,2024-08-06 10:00:16.4 UTC-06:00,2024-08-06 10:00:19.4 UTC-06:00,16,1.6,1.8,468406.204,4313301.241,2429.384,-105.36469502,38.96811254,2415.356,328.408,,NAD83(2011) / UTM zone 13N + NAVD88(GEOID18) height,7,7,8,5,0
222,,468078.308,4313310.789,2426.030,,-105.36848038,38.96818668,2412.010,Global,0.027,0.020,0.016,0.033,2.134,m,FIX,2024-08-06 10:00:21.8 UTC-06:00,2024-08-06 10:00:24.8 UTC-06:00,16,1.6,1.8,468406.204,4313301.241,2429.384,-105.36469502,38.96811254,2415.356,328.322,,NAD83(2011) / UTM zone 13N + NAVD88(GEOID18) height,7,6,8,5,0
223,,468078.275,4313311.010,2426.105,,-105.36848077,38.96818867,2412.085,Global,0.013,0.018,0.014,0.022,2.134,m,FIX,2024-08-06 10:00:29.4 UTC-06:00,2024-08-06 10:00:32.4 UTC-06:00,16,1.6,1.8,468406.204,4313301.241,2429.384,-105.36469502,38.96811254,2415.356,328.339,,NAD83(2011) / UTM zone 13N + NAVD88(GEOID18) height,6,6,8,5,0
224,,468078.378,4313311.272,2426.125,,-105.36847959,38.96819104,2412.104,Global,0.014,0.019,0.019,0.024,2.134,m,FIX,2024-08-06 10:00:40.6 UTC-06:00,2024-08-06 10:00:43.6 UTC-06:00,16,1.6,1.9,468406.204,4313301.241,2429.384,-105.36469502,38.96811254,2415.356,328.223,,NAD83(2011) / UTM zone 13N + NAVD88(GEOID18) height,6,7,8,5,0
225,,468078.444,4313311.440,2426.061,,-105.36847883,38.96819255,2412.041,Global,0.029,0.024,0.018,0.037,2.134,m,FIX,2024-08-06 10:00:46.6 UTC-06:00,2024-08-06 10:00:49.6 UTC-06:00,16,1.7,2.1,468406.204,4313301.241,2429.384,-105.36469502,38.96811254,2415.356,328.192,,NAD83(2011) / UTM zone 13N + NAVD88(GEOID18) height,6,7,8,5,0
226,,468078.496,4313311.680,2426.227,,-105.36847825,38.96819472,2412.206,Global,0.022,0.011,0.013,0.025,2.134,m,FIX,2024-08-06 10:00:55.4 UTC-06:00,2024-08-06 10:00:58.4 UTC-06:00,16,1.7,2.0,468406.204,4313301.241,2429.384,-105.36469502,38.96811254,2415.356,328.103,,NAD83(2011) / UTM zone 13N + NAVD88(GEOID18) height,7,6,8,5,0
227,,468078.630,4313311.884,2426.321,,-105.36847671,38.96819656,2412.300,Global,0.012,0.042,0.012,0.043,2.134,m,FIX,2024-08-06 10:01:01.4 UTC-06:00,2024-08-06 10:01:04.4 UTC-06:00,16,1.5,1.8,468406.204,4313301.241,2429.384,-105.36469502,38.96811254,2415.356,327.993,,NAD83(2011) / UTM zone 13N + NAVD88(GEOID18) height,7,7,8,5,0
228,,468078.774,4313312.172,2426.419,,-105.36847506,38.96819916,2412.398,Global,0.016,0.030,0.016,0.034,2.134,m,FIX,2024-08-06 10:01:07.0 UTC-06:00,2024-08-06 10:01:10.0 UTC-06:00,16,1.9,2.3,468406.204,4313301.241,2429.384,-105.36469502,38.96811254,2415.356,327.877,,NAD83(2011) / UTM zone 13N + NAVD88(GEOID18) height,6,7,8,5,0
229,,468078.803,4313312.632,2426.586,,-105.36847475,38.96820331,2412.565,Global,0.027,0.025,0.021,0.037,2.134,m,FIX,2024-08-06 10:02:18.6 UTC-06:00,2024-08-06 10:02:21.6 UTC-06:00,16,2.0,2.4,468406.204,4313301.241,2429.384,-105.36469502,38.96811254,2415.356,327.807,,NAD83(2011) / UTM zone 13N + NAVD88(GEOID18) height,6,7,8,5,0
230,,468078.891,4313312.865,2426.684,,-105.36847375,38.96820541,2412.664,Global,0.014,0.022,0.014,0.026,2.134,m,FIX,2024-08-06 10:02:25.2 UTC-06:00,2024-08-06 10:02:28.2 UTC-06:00,16,2.0,2.4,468406.204,4313301.241,2429.384,-105.36469502,38.96811254,2415.356,327.751,,NAD83(2011) / UTM zone 13N + NAVD88(GEOID18) height,6,7,8,5,0
231,,468079.003,4313313.198,2426.859,,-105.36847247,38.96820842,2412.839,Global,0.011,0.011,0.011,0.015,2.134,m,FIX,2024-08-06 10:03:00.2 UTC-06:00,2024-08-06 10:03:03.2 UTC-06:00,16,2.0,2.4,468406.204,4313301.241,2429.384,-105.36469502,38.96811254,2415.356,327.659,,NAD83(2011) / UTM zone 13N + NAVD88(GEOID18) height,6,6,8,5,0
232,,468079.119,4313313.445,2426.926,,-105.36847114,38.96821064,2412.905,Global,0.013,0.020,0.013,0.024,2.134,m,FIX,2024-08-06 10:03:46.6 UTC-06:00,2024-08-06 10:03:49.6 UTC-06:00,16,1.7,2.0,468406.204,4313301.241,2429.384,-105.36469502,38.96811254,2415.356,327.561,,NAD83(2011) / UTM zone 13N + NAVD88(GEOID18) height,6,7,7,5,0
233,,468079.176,4313313.837,2427.181,,-105.36847051,38.96821418,2413.160,Global,0.013,0.014,0.025,0.020,2.134,m,FIX,2024-08-06 10:04:49.8 UTC-06:00,2024-08-06 10:05:19.8 UTC-06:00,151,2.7,3.3,468406.204,4313301.241,2429.384,-105.36469502,38.96811254,2415.356,327.515,,NAD83(2011) / UTM zone 13N + NAVD88(GEOID18) height,7,7,8,4,0
234,,468079.153,4313313.827,2427.220,,-105.36847077,38.96821409,2413.199,Global,0.018,0.014,0.012,0.023,2.134,m,FIX,2024-08-06 10:06:08.8 UTC-06:00,2024-08-06 10:06:11.8 UTC-06:00,16,1.9,2.3,468406.204,4313301.241,2429.384,-105.36469502,38.96811254,2415.356,327.538,,NAD83(2011) / UTM zone 13N + NAVD88(GEOID18) height,8,6,8,5,0
235,,468079.002,4313313.875,2427.098,,-105.36847251,38.96821451,2413.078,Global,0.035,0.013,0.016,0.038,2.134,m,FIX,2024-08-06 10:06:16.4 UTC-06:00,2024-08-06 10:06:19.4 UTC-06:00,16,2.0,2.4,468406.204,4313301.241,2429.384,-105.36469502,38.96811254,2415.356,327.726,,NAD83(2011) / UTM zone 13N + NAVD88(GEOID18) height,7,7,7,4,0
236,,468079.116,4313313.577,2427.035,,-105.36847119,38.96821183,2413.015,Global,0.013,0.018,0.016,0.022,2.134,m,FIX,2024-08-06 10:06:22.4 UTC-06:00,2024-08-06 10:06:25.4 UTC-06:00,16,1.6,1.9,468406.204,4313301.241,2429.384,-105.36469502,38.96811254,2415.356,327.578,,NAD83(2011) / UTM zone 13N + NAVD88(GEOID18) height,7,7,8,5,0
237,,468079.490,4313313.737,2427.198,,-105.36846687,38.96821329,2413.177,Global,0.022,0.029,0.017,0.036,2.134,m,FIX,2024-08-06 10:06:30.0 UTC-06:00,2024-08-06 10:06:33.0 UTC-06:00,16,1.8,2.2,468406.204,4313301.241,2429.384,-105.36469502,38.96811254,2415.356,327.180,,NAD83(2011) / UTM zone 13N + NAVD88(GEOID18) height,7,7,9,5,0
238,,468079.388,4313314.152,2427.177,,-105.36846806,38.96821703,2413.157,Global,0.011,0.036,0.020,0.038,2.134,m,FIX,2024-08-06 10:06:35.8 UTC-06:00,2024-08-06 10:06:38.8 UTC-06:00,16,2.1,2.6,468406.204,4313301.241,2429.384,-105.36469502,38.96811254,2415.356,327.319,,NAD83(2011) / UTM zone 13N + NAVD88(GEOID18) height,7,7,7,4,0
239,,468079.203,4313313.856,2427.042,,-105.36847019,38.96821435,2413.022,Global,0.019,0.011,0.015,0.022,2.134,m,FIX,2024-08-06 10:08:25.6 UTC-06:00,2024-08-06 10:08:28.6 UTC-06:00,16,1.6,1.9,468406.204,4313301.241,2429.384,-105.36469502,38.96811254,2415.356,327.506,,NAD83(2011) / UTM zone 13N + NAVD88(GEOID18) height,8,7,8,5,0
240,,468079.204,4313313.796,2427.175,,-105.36847018,38.96821381,2413.154,Global,0.021,0.014,0.014,0.026,2.134,m,FIX,2024-08-06 10:08:32.0 UTC-06:00,2024-08-06 10:08:35.0 UTC-06:00,16,1.7,2.0,468406.204,4313301.241,2429.384,-105.36469502,38.96811254,2415.356,327.508,,NAD83(2011) / UTM zone 13N + NAVD88(GEOID18) height,8,6,8,4,0
241,,468129.649,4313278.457,2424.314,,-105.36788624,38.96789720,2410.292,Global,0.012,0.014,0.011,0.018,2.134,m,FIX,2024-08-06 10:42:38.8 UTC-06:00,2024-08-06 10:43:08.8 UTC-06:00,151,1.6,2.0,468406.204,4313301.241,2429.384,-105.36469502,38.96811254,2415.356,277.717,,NAD83(2011) / UTM zone 13N + NAVD88(GEOID18) height,8,5,8,4,0
242,,468129.641,4313278.471,2424.307,,-105.36788633,38.96789733,2410.285,Global,0.010,0.010,0.010,0.015,2.134,m,FIX,2024-08-06 10:43:28.6 UTC-06:00,2024-08-06 10:43:31.6 UTC-06:00,16,1.6,2.0,468406.204,4313301.241,2429.384,-105.36469502,38.96811254,2415.356,277.726,,NAD83(2011) / UTM zone 13N + NAVD88(GEOID18) height,8,5,8,4,0
243,,468129.458,4313278.492,2424.242,,-105.36788845,38.96789751,2410.220,Global,0.013,0.011,0.013,0.017,2.134,m,FIX,2024-08-06 10:43:49.2 UTC-06:00,2024-08-06 10:43:52.2 UTC-06:00,16,1.6,2.0,468406.204,4313301.241,2429.384,-105.36469502,38.96811254,2415.356,277.898,,NAD83(2011) / UTM zone 13N + NAVD88(GEOID18) height,8,6,8,4,0
244,,468129.667,4313278.633,2424.157,,-105.36788604,38.96789879,2410.135,Global,0.010,0.011,0.010,0.015,2.134,m,FIX,2024-08-06 10:44:04.8 UTC-06:00,2024-08-06 10:44:07.8 UTC-06:00,16,1.6,2.0,468406.204,4313301.241,2429.384,-105.36469502,38.96811254,2415.356,277.692,,NAD83(2011) / UTM zone 13N + NAVD88(GEOID18) height,8,6,9,4,0
245,,468129.844,4313278.476,2424.244,,-105.36788399,38.96789738,2410.222,Global,0.011,0.011,0.010,0.015,2.134,m,FIX,2024-08-06 10:44:15.6 UTC-06:00,2024-08-06 10:44:18.6 UTC-06:00,16,1.6,2.0,468406.204,4313301.241,2429.384,-105.36469502,38.96811254,2415.356,277.523,,NAD83(2011) / UTM zone 13N + NAVD88(GEOID18) height,8,5,8,4,0
246,,468129.597,4313278.178,2424.310,,-105.36788682,38.96789468,2410.288,Global,0.010,0.011,0.011,0.015,2.134,m,FIX,2024-08-06 10:44:26.6 UTC-06:00,2024-08-06 10:44:29.6 UTC-06:00,16,1.6,2.0,468406.204,4313301.241,2429.384,-105.36469502,38.96811254,2415.356,277.792,,NAD83(2011) / UTM zone 13N + NAVD88(GEOID18) height,7,5,8,4,0
247,,468129.635,4313278.447,2424.272,,-105.36788641,38.96789711,2410.250,Global,0.013,0.011,0.010,0.017,2.134,m,FIX,2024-08-06 10:44:40.4 UTC-06:00,2024-08-06 10:44:43.4 UTC-06:00,16,1.6,2.0,468406.204,4313301.241,2429.384,-105.36469502,38.96811254,2415.356,277.725,,NAD83(2011) / UTM zone 13N + NAVD88(GEOID18) height,8,6,8,4,0
248,,468129.650,4313278.465,2424.309,,-105.36788622,38.96789728,2410.287,Global,0.011,0.016,0.010,0.020,2.134,m,FIX,2024-08-06 10:44:50.6 UTC-06:00,2024-08-06 10:44:53.6 UTC-06:00,16,1.6,2.0,468406.204,4313301.241,2429.384,-105.36469502,38.96811254,2415.356,277.726,,NAD83(2011) / UTM zone 13N + NAVD88(GEOID18) height,8,6,8,4,0
249,,468129.580,4313278.670,2424.113,,-105.36788704,38.96789911,2410.092,Global,0.013,0.013,0.011,0.019,2.134,m,FIX,2024-08-06 10:45:15.0 UTC-06:00,2024-08-06 10:45:18.0 UTC-06:00,16,1.6,2.0,468406.204,4313301.241,2429.384,-105.36469502,38.96811254,2415.356,277.771,,NAD83(2011) / UTM zone 13N + NAVD88(GEOID18) height,7,5,8,4,0
250,,468129.545,4313278.928,2424.074,,-105.36788746,38.96790145,2410.052,Global,0.015,0.010,0.010,0.018,2.134,m,FIX,2024-08-06 10:45:26.2 UTC-06:00,2024-08-06 10:45:29.2 UTC-06:00,16,1.6,2.0,468406.204,4313301.241,2429.384,-105.36469502,38.96811254,2415.356,277.775,,NAD83(2011) / UTM zone 13N + NAVD88(GEOID18) height,8,5,8,4,0
251,,468129.549,4313279.116,2424.051,,-105.36788742,38.96790314,2410.029,Global,0.010,0.010,0.011,0.015,2.134,m,FIX,2024-08-06 10:45:36.0 UTC-06:00,2024-08-06 10:45:39.0 UTC-06:00,16,1.6,2.0,468406.204,4313301.241,2429.384,-105.36469502,38.96811254,2415.356,277.763,,NAD83(2011) / UTM zone 13N + NAVD88(GEOID18) height,8,5,8,4,0
252,,468129.537,4313279.294,2423.999,,-105.36788757,38.96790474,2409.978,Global,0.013,0.013,0.010,0.019,2.134,m,FIX,2024-08-06 10:45:46.2 UTC-06:00,2024-08-06 10:45:49.2 UTC-06:00,16,1.6,2.0,468406.204,4313301.241,2429.384,-105.36469502,38.96811254,2415.356,277.759,,NAD83(2011) / UTM zone 13N + NAVD88(GEOID18) height,8,6,8,4,0
253,,468129.535,4313279.504,2423.977,,-105.36788761,38.96790663,2409.955,Global,0.014,0.012,0.011,0.018,2.134,m,FIX,2024-08-06 10:46:00.8 UTC-06:00,2024-08-06 10:46:03.8 UTC-06:00,16,1.6,2.0,468406.204,4313301.241,2429.384,-105.36469502,38.96811254,2415.356,277.745,,NAD83(2011) / UTM zone 13N + NAVD88(GEOID18) height,7,6,8,4,0
254,,468129.511,4313279.734,2423.901,,-105.36788789,38.96790871,2409.879,Global,0.011,0.012,0.010,0.016,2.134,m,FIX,2024-08-06 10:46:11.2 UTC-06:00,2024-08-06 10:46:14.2 UTC-06:00,16,1.6,2.0,468406.204,4313301.241,2429.384,-105.36469502,38.96811254,2415.356,277.768,,NAD83(2011) / UTM zone 13N + NAVD88(GEOID18) height,8,5,8,4,0
255,,468129.545,4313280.012,2423.814,,-105.36788752,38.96791121,2409.792,Global,0.012,0.014,0.011,0.018,2.134,m,FIX,2024-08-06 10:46:21.2 UTC-06:00,2024-08-06 10:46:24.2 UTC-06:00,16,1.6,2.0,468406.204,4313301.241,2429.384,-105.36469502,38.96811254,2415.356,277.706,,NAD83(2011) / UTM zone 13N + NAVD88(GEOID18) height,7,6,8,4,0
256,,468129.508,4313280.263,2423.695,,-105.36788795,38.96791347,2409.673,Global,0.011,0.011,0.010,0.015,2.134,m,FIX,2024-08-06 10:46:32.2 UTC-06:00,2024-08-06 10:46:35.2 UTC-06:00,16,1.6,2.0,468406.204,4313301.241,2429.384,-105.36469502,38.96811254,2415.356,277.721,,NAD83(2011) / UTM zone 13N + NAVD88(GEOID18) height,7,6,8,4,0
257,,468129.513,4313280.505,2423.614,,-105.36788791,38.96791566,2409.592,Global,0.010,0.011,0.011,0.015,2.134,m,FIX,2024-08-06 10:46:46.6 UTC-06:00,2024-08-06 10:46:49.6 UTC-06:00,16,1.9,2.3,468406.204,4313301.241,2429.384,-105.36469502,38.96811254,2415.356,277.704,,NAD83(2011) / UTM zone 13N + NAVD88(GEOID18) height,7,6,8,4,0
258,,468129.460,4313280.764,2423.554,,-105.36788853,38.96791798,2409.532,Global,0.011,0.011,0.010,0.015,2.134,m,FIX,2024-08-06 10:46:59.0 UTC-06:00,2024-08-06 10:47:02.0 UTC-06:00,16,1.6,2.0,468406.204,4313301.241,2429.384,-105.36469502,38.96811254,2415.356,277.731,,NAD83(2011) / UTM zone 13N + NAVD88(GEOID18) height,8,5,8,4,0
259,,468129.481,4313281.008,2423.264,,-105.36788830,38.96792018,2409.242,Global,0.013,0.011,0.013,0.017,2.134,m,FIX,2024-08-06 10:47:15.6 UTC-06:00,2024-08-06 10:47:18.6 UTC-06:00,16,1.6,2.0,468406.204,4313301.241,2429.384,-105.36469502,38.96811254,2415.356,277.699,,NAD83(2011) / UTM zone 13N + NAVD88(GEOID18) height,8,6,8,4,0
260,,468129.538,4313281.333,2423.283,,-105.36788766,38.96792311,2409.261,Global,0.011,0.011,0.012,0.016,2.134,m,FIX,2024-08-06 10:47:44.8 UTC-06:00,2024-08-06 10:47:47.8 UTC-06:00,16,1.7,2.0,468406.204,4313301.241,2429.384,-105.36469502,38.96811254,2415.356,277.628,,NAD83(2011) / UTM zone 13N + NAVD88(GEOID18) height,7,6,8,4,0
261,,468129.479,4313281.479,2423.278,,-105.36788835,38.96792442,2409.256,Global,0.011,0.010,0.012,0.015,2.134,m,FIX,2024-08-06 10:48:08.4 UTC-06:00,2024-08-06 10:48:11.4 UTC-06:00,16,1.6,1.9,468406.204,4313301.241,2429.384,-105.36469502,38.96811254,2415.356,277.668,,NAD83(2011) / UTM zone 13N + NAVD88(GEOID18) height,7,6,8,4,0
262,,468129.615,4313281.725,2422.892,,-105.36788678,38.96792665,2408.870,Global,0.025,0.020,0.015,0.033,2.134,m,FIX,2024-08-06 10:48:40.4 UTC-06:00,2024-08-06 10:48:43.4 UTC-06:00,16,1.7,2.0,468406.204,4313301.241,2429.384,-105.36469502,38.96811254,2415.356,277.482,,NAD83(2011) / UTM zone 13N + NAVD88(GEOID18) height,7,5,8,4,0
263,,468129.691,4313281.861,2422.543,,-105.36788591,38.96792787,2408.521,Global,0.011,0.011,0.014,0.015,2.134,m,FIX,2024-08-06 10:48:57.4 UTC-06:00,2024-08-06 10:49:00.4 UTC-06:00,16,1.7,2.0,468406.204,4313301.241,2429.384,-105.36469502,38.96811254,2415.356,277.439,,NAD83(2011) / UTM zone 13N + NAVD88(GEOID18) height,7,6,8,4,0
264,,468129.811,4313282.030,2422.496,,-105.36788453,38.96792940,2408.474,Global,0.010,0.012,0.010,0.016,2.134,m,FIX,2024-08-06 10:49:07.6 UTC-06:00,2024-08-06 10:49:10.6 UTC-06:00,16,1.6,1.9,468406.204,4313301.241,2429.384,-105.36469502,38.96811254,2415.356,277.316,,NAD83(2011) / UTM zone 13N + NAVD88(GEOID18) height,7,5,8,4,0
265,,468129.853,4313282.290,2422.450,,-105.36788406,38.96793175,2408.429,Global,0.012,0.011,0.011,0.016,2.134,m,FIX,2024-08-06 10:49:16.0 UTC-06:00,2024-08-06 10:49:19.0 UTC-06:00,16,1.6,1.9,468406.204,4313301.241,2429.384,-105.36469502,38.96811254,2415.356,277.248,,NAD83(2011) / UTM zone 13N + NAVD88(GEOID18) height,7,6,8,4,0
266,,468129.709,4313282.595,2422.457,,-105.36788574,38.96793449,2408.435,Global,0.014,0.011,0.012,0.018,2.134,m,FIX,2024-08-06 10:49:24.8 UTC-06:00,2024-08-06 10:49:27.8 UTC-06:00,16,1.6,1.9,468406.204,4313301.241,2429.384,-105.36469502,38.96811254,2415.356,277.388,,NAD83(2011) / UTM zone 13N + NAVD88(GEOID18) height,7,6,8,4,0
267,,468129.728,4313282.851,2422.466,,-105.36788554,38.96793680,2408.444,Global,0.012,0.012,0.011,0.017,2.134,m,FIX,2024-08-06 10:49:36.4 UTC-06:00,2024-08-06 10:49:39.4 UTC-06:00,16,1.6,1.9,468406.204,4313301.241,2429.384,-105.36469502,38.96811254,2415.356,277.345,,NAD83(2011) / UTM zone 13N + NAVD88(GEOID18) height,7,6,8,4,0
268,,468129.826,4313283.085,2422.494,,-105.36788441,38.96793891,2408.472,Global,0.022,0.011,0.014,0.024,2.134,m,FIX,2024-08-06 10:49:48.8 UTC-06:00,2024-08-06 10:49:51.8 UTC-06:00,16,1.6,1.9,468406.204,4313301.241,2429.384,-105.36469502,38.96811254,2415.356,277.230,,NAD83(2011) / UTM zone 13N + NAVD88(GEOID18) height,7,5,8,4,0
269,,468129.952,4313283.319,2422.542,,-105.36788297,38.96794102,2408.520,Global,0.014,0.016,0.012,0.021,2.134,m,FIX,2024-08-06 10:49:59.0 UTC-06:00,2024-08-06 10:50:02.0 UTC-06:00,16,1.6,1.9,468406.204,4313301.241,2429.384,-105.36469502,38.96811254,2415.356,277.098,,NAD83(2011) / UTM zone 13N + NAVD88(GEOID18) height,7,5,8,4,0
270,,468129.903,4313283.517,2422.626,,-105.36788354,38.96794281,2408.604,Global,0.017,0.014,0.011,0.022,2.134,m,FIX,2024-08-06 10:50:09.8 UTC-06:00,2024-08-06 10:50:12.8 UTC-06:00,16,1.6,1.9,468406.204,4313301.241,2429.384,-105.36469502,38.96811254,2415.356,277.111,,NAD83(2011) / UTM zone 13N + NAVD88(GEOID18) height,7,6,8,4,0
271,,468129.954,4313283.764,2422.647,,-105.36788297,38.96794503,2408.625,Global,0.016,0.012,0.010,0.020,2.134,m,FIX,2024-08-06 10:50:20.4 UTC-06:00,2024-08-06 10:50:23.4 UTC-06:00,16,1.6,1.9,468406.204,4313301.241,2429.384,-105.36469502,38.96811254,2415.356,277.075,,NAD83(2011) / UTM zone 13N + NAVD88(GEOID18) height,7,6,8,4,0
272,,468129.852,4313284.017,2422.707,,-105.36788416,38.96794731,2408.685,Global,0.020,0.015,0.010,0.025,2.134,m,FIX,2024-08-06 10:50:34.2 UTC-06:00,2024-08-06 10:50:37.2 UTC-06:00,16,1.6,1.9,468406.204,4313301.241,2429.384,-105.36469502,38.96811254,2415.356,277.113,,NAD83(2011) / UTM zone 13N + NAVD88(GEOID18) height,8,6,8,4,0
273,,468129.963,4313284.256,2422.720,,-105.36788289,38.96794947,2408.698,Global,0.011,0.017,0.011,0.020,2.134,m,FIX,2024-08-06 10:50:57.0 UTC-06:00,2024-08-06 10:51:00.0 UTC-06:00,16,1.6,1.9,468406.204,4313301.241,2429.384,-105.36469502,38.96811254,2415.356,277.016,,NAD83(2011) / UTM zone 13N + NAVD88(GEOID18) height,7,6,8,4,0
274,,468130.050,4313284.535,2422.709,,-105.36788189,38.96795199,2408.687,Global,0.016,0.018,0.010,0.024,2.134,m,FIX,2024-08-06 10:51:10.4 UTC-06:00,2024-08-06 10:51:13.4 UTC-06:00,16,1.6,1.9,468406.204,4313301.241,2429.384,-105.36469502,38.96811254,2415.356,276.932,,NAD83(2011) / UTM zone 13N + NAVD88(GEOID18) height,8,6,7,4,0
275,,468129.998,4313284.804,2422.647,,-105.36788251,38.96795441,2408.625,Global,0.012,0.018,0.012,0.022,2.134,m,FIX,2024-08-06 10:51:21.4 UTC-06:00,2024-08-06 10:51:24.4 UTC-06:00,16,1.6,1.9,468406.204,4313301.241,2429.384,-105.36469502,38.96811254,2415.356,276.955,,NAD83(2011) / UTM zone 13N + NAVD88(GEOID18) height,8,6,7,4,0
276,,468130.078,4313285.003,2422.619,,-105.36788159,38.96795621,2408.597,Global,0.014,0.010,0.010,0.018,2.134,m,FIX,2024-08-06 10:51:32.4 UTC-06:00,2024-08-06 10:51:35.4 UTC-06:00,16,1.6,1.9,468406.204,4313301.241,2429.384,-105.36469502,38.96811254,2415.356,276.863,,NAD83(2011) / UTM zone 13N + NAVD88(GEOID18) height,8,6,7,4,0
277,,468129.904,4313285.318,2422.646,,-105.36788362,38.96795904,2408.625,Global,0.014,0.011,0.010,0.018,2.134,m,FIX,2024-08-06 10:51:49.6 UTC-06:00,2024-08-06 10:51:52.6 UTC-06:00,16,1.6,1.9,468406.204,4313301.241,2429.384,-105.36469502,38.96811254,2415.356,277.016,,NAD83(2011) / UTM zone 13N + NAVD88(GEOID18) height,7,6,7,4,0
278,,468129.992,4313285.650,2422.644,,-105.36788262,38.96796203,2408.622,Global,0.014,0.013,0.010,0.019,2.134,m,FIX,2024-08-06 10:52:00.0 UTC-06:00,2024-08-06 10:52:03.0 UTC-06:00,16,1.6,1.9,468406.204,4313301.241,2429.384,-105.36469502,38.96811254,2415.356,276.887,,NAD83(2011) / UTM zone 13N + NAVD88(GEOID18) height,7,6,7,4,0
279,,468130.100,4313286.132,2422.558,,-105.36788139,38.96796638,2408.536,Global,0.011,0.014,0.011,0.018,2.134,m,FIX,2024-08-06 10:52:17.4 UTC-06:00,2024-08-06 10:52:20.4 UTC-06:00,16,1.6,1.9,468406.204,4313301.241,2429.384,-105.36469502,38.96811254,2415.356,276.766,,NAD83(2011) / UTM zone 13N + NAVD88(GEOID18) height,8,5,7,4,0
280,,468130.188,4313286.389,2422.423,,-105.36788039,38.96796870,2408.401,Global,0.013,0.012,0.011,0.018,2.134,m,FIX,2024-08-06 10:52:41.4 UTC-06:00,2024-08-06 10:52:44.4 UTC-06:00,16,1.6,1.9,468406.204,4313301.241,2429.384,-105.36469502,38.96811254,2415.356,276.671,,NAD83(2011) / UTM zone 13N + NAVD88(GEOID18) height,9,5,7,4,0
281,,468130.197,4313286.585,2422.361,,-105.36788029,38.96797046,2408.339,Global,0.017,0.023,0.010,0.029,2.134,m,FIX,2024-08-06 10:52:57.4 UTC-06:00,2024-08-06 10:53:00.4 UTC-06:00,16,1.6,1.9,468406.204,4313301.241,2429.384,-105.36469502,38.96811254,2415.356,276.648,,NAD83(2011) / UTM zone 13N + NAVD88(GEOID18) height,9,6,7,4,0
282,,468130.096,4313286.995,2422.287,,-105.36788148,38.96797416,2408.265,Global,0.022,0.012,0.012,0.025,2.134,m,FIX,2024-08-06 10:53:12.4 UTC-06:00,2024-08-06 10:53:15.4 UTC-06:00,16,1.6,1.9,468406.204,4313301.241,2429.384,-105.36469502,38.96811254,2415.356,276.706,,NAD83(2011) / UTM zone 13N + NAVD88(GEOID18) height,9,6,7,4,0
283,,468130.218,4313287.369,2422.271,,-105.36788009,38.96797753,2408.249,Global,0.015,0.014,0.010,0.021,2.134,m,FIX,2024-08-06 10:53:40.4 UTC-06:00,2024-08-06 10:53:43.4 UTC-06:00,16,1.6,1.9,468406.204,4313301.241,2429.384,-105.36469502,38.96811254,2415.356,276.603,,NAD83(2011) / UTM zone 13N + NAVD88(GEOID18) height,8,6,7,4,0
284,,468130.073,4313287.653,2422.274,,-105.36788177,38.96798008,2408.253,Global,0.016,0.012,0.011,0.020,2.134,m,FIX,2024-08-06 10:53:51.0 UTC-06:00,2024-08-06 10:53:54.0 UTC-06:00,16,1.6,1.9,468406.204,4313301.241,2429.384,-105.36469502,38.96811254,2415.356,276.702,,NAD83(2011) / UTM zone 13N + NAVD88(GEOID18) height,8,6,7,4,0
285,,468130.003,4313287.892,2422.281,,-105.36788259,38.96798223,2408.260,Global,0.028,0.013,0.013,0.031,2.134,m,FIX,2024-08-06 10:54:02.2 UTC-06:00,2024-08-06 10:54:05.2 UTC-06:00,16,1.6,1.9,468406.204,4313301.241,2429.384,-105.36469502,38.96811254,2415.356,276.742,,NAD83(2011) / UTM zone 13N + NAVD88(GEOID18) height,8,6,7,4,0
286,,468130.138,4313288.246,2422.223,,-105.36788106,38.96798543,2408.201,Global,0.020,0.011,0.019,0.023,2.134,m,FIX,2024-08-06 10:54:17.2 UTC-06:00,2024-08-06 10:54:20.2 UTC-06:00,16,1.6,1.9,468406.204,4313301.241,2429.384,-105.36469502,38.96811254,2415.356,276.633,,NAD83(2011) / UTM zone 13N + NAVD88(GEOID18) height,8,6,7,4,0
287,,468130.010,4313288.481,2422.167,,-105.36788254,38.96798754,2408.146,Global,0.032,0.037,0.011,0.049,2.134,m,FIX,2024-08-06 10:54:34.0 UTC-06:00,2024-08-06 10:54:37.0 UTC-06:00,16,1.6,1.9,468406.204,4313301.241,2429.384,-105.36469502,38.96811254,2415.356,276.712,,NAD83(2011) / UTM zone 13N + NAVD88(GEOID18) height,8,6,7,4,0
288,,468129.991,4313288.866,2422.085,,-105.36788277,38.96799101,2408.063,Global,0.018,0.015,0.010,0.023,2.134,m,FIX,2024-08-06 10:54:55.2 UTC-06:00,2024-08-06 10:54:58.2 UTC-06:00,16,1.6,1.9,468406.204,4313301.241,2429.384,-105.36469502,38.96811254,2415.356,276.704,,NAD83(2011) / UTM zone 13N + NAVD88(GEOID18) height,8,6,7,4,0
289,,468129.983,4313289.179,2422.177,,-105.36788289,38.96799383,2408.155,Global,0.012,0.011,0.010,0.016,2.134,m,FIX,2024-08-06 10:55:15.0 UTC-06:00,2024-08-06 10:55:18.0 UTC-06:00,16,1.6,1.9,468406.204,4313301.241,2429.384,-105.36469502,38.96811254,2415.356,276.739,,NAD83(2011) / UTM zone 13N + NAVD88(GEOID18) height,8,6,7,4,0
290,,468130.069,4313289.448,2422.515,,-105.36788191,38.96799626,2408.494,Global,0.013,0.011,0.011,0.017,2.134,m,FIX,2024-08-06 10:55:43.4 UTC-06:00,2024-08-06 10:55:46.4 UTC-06:00,16,1.6,1.9,468406.204,4313301.241,2429.384,-105.36469502,38.96811254,2415.356,276.632,,NAD83(2011) / UTM zone 13N + NAVD88(GEOID18) height,8,6,7,4,0
291,,468130.138,4313289.663,2422.754,,-105.36788112,38.96799820,2408.732,Global,0.012,0.018,0.010,0.022,2.134,m,FIX,2024-08-06 10:56:00.4 UTC-06:00,2024-08-06 10:56:03.4 UTC-06:00,16,1.6,1.9,468406.204,4313301.241,2429.384,-105.36469502,38.96811254,2415.356,276.561,,NAD83(2011) / UTM zone 13N + NAVD88(GEOID18) height,8,6,7,4,0
292,,468130.110,4313289.849,2422.781,,-105.36788145,38.96799987,2408.759,Global,0.012,0.011,0.011,0.017,2.134,m,FIX,2024-08-06 10:56:10.6 UTC-06:00,2024-08-06 10:56:13.6 UTC-06:00,16,1.6,1.9,468406.204,4313301.241,2429.384,-105.36469502,38.96811254,2415.356,276.576,,NAD83(2011) / UTM zone 13N + NAVD88(GEOID18) height,8,6,7,4,0
293,,468130.266,4313290.162,2422.683,,-105.36787966,38.96800270,2408.661,Global,0.013,0.012,0.011,0.018,2.134,m,FIX,2024-08-06 10:56:29.8 UTC-06:00,2024-08-06 10:56:32.8 UTC-06:00,16,1.6,1.9,468406.204,4313301.241,2429.384,-105.36469502,38.96811254,2415.356,276.414,,NAD83(2011) / UTM zone 13N + NAVD88(GEOID18) height,8,6,8,4,0
294,,468130.315,4313290.411,2422.274,,-105.36787911,38.96800495,2408.252,Global,0.014,0.014,0.016,0.020,2.134,m,FIX,2024-08-06 10:56:46.4 UTC-06:00,2024-08-06 10:56:49.4 UTC-06:00,16,1.5,1.8,468406.204,4313301.241,2429.384,-105.36469502,38.96811254,2415.356,276.370,,NAD83(2011) / UTM zone 13N + NAVD88(GEOID18) height,8,6,8,4,0
295,,468130.323,4313290.576,2422.275,,-105.36787902,38.96800644,2408.253,Global,0.017,0.014,0.010,0.022,2.134,m,FIX,2024-08-06 10:57:00.8 UTC-06:00,2024-08-06 10:57:03.8 UTC-06:00,16,1.6,1.9,468406.204,4313301.241,2429.384,-105.36469502,38.96811254,2415.356,276.351,,NAD83(2011) / UTM zone 13N + NAVD88(GEOID18) height,8,6,8,4,0
296,,468130.322,4313290.803,2422.353,,-105.36787904,38.96800848,2408.331,Global,0.021,0.014,0.010,0.026,2.134,m,FIX,2024-08-06 10:57:20.0 UTC-06:00,2024-08-06 10:57:23.0 UTC-06:00,16,1.6,1.9,468406.204,4313301.241,2429.384,-105.36469502,38.96811254,2415.356,276.359,,NAD83(2011) / UTM zone 13N + NAVD88(GEOID18) height,8,6,7,4,0
297,,468130.255,4313291.056,2422.425,,-105.36787983,38.96801076,2408.404,Global,0.020,0.014,0.011,0.025,2.134,m,FIX,2024-08-06 10:57:33.8 UTC-06:00,2024-08-06 10:57:36.8 UTC-06:00,16,1.6,1.9,468406.204,4313301.241,2429.384,-105.36469502,38.96811254,2415.356,276.377,,NAD83(2011) / UTM zone 13N + NAVD88(GEOID18) height,8,6,7,4,0
298,,468130.196,4313291.290,2422.404,,-105.36788052,38.96801286,2408.382,Global,0.020,0.020,0.011,0.029,2.134,m,FIX,2024-08-06 10:57:47.4 UTC-06:00,2024-08-06 10:57:50.4 UTC-06:00,16,1.6,1.9,468406.204,4313301.241,2429.384,-105.36469502,38.96811254,2415.356,276.423,,NAD83(2011) / UTM zone 13N + NAVD88(GEOID18) height,8,6,7,4,0
299,,468130.233,4313291.507,2422.414,,-105.36788011,38.96801482,2408.392,Global,0.012,0.012,0.011,0.017,2.134,m,FIX,2024-08-06 10:57:58.8 UTC-06:00,2024-08-06 10:58:01.8 UTC-06:00,16,1.6,2.0,468406.204,4313301.241,2429.384,-105.36469502,38.96811254,2415.356,276.396,,NAD83(2011) / UTM zone 13N + NAVD88(GEOID18) height,8,6,7,4,0
300,,468130.234,4313291.753,2422.470,,-105.36788011,38.96801704,2408.448,Global,0.012,0.010,0.011,0.016,2.134,m,FIX,2024-08-06 10:58:09.0 UTC-06:00,2024-08-06 10:58:12.0 UTC-06:00,16,1.6,1.9,468406.204,4313301.241,2429.384,-105.36469502,38.96811254,2415.356,276.383,,NAD83(2011) / UTM zone 13N + NAVD88(GEOID18) height,8,6,7,4,0
301,,468130.263,4313291.958,2422.477,,-105.36787978,38.96801888,2408.455,Global,0.013,0.019,0.010,0.023,2.134,m,FIX,2024-08-06 10:58:19.8 UTC-06:00,2024-08-06 10:58:22.8 UTC-06:00,16,1.6,1.9,468406.204,4313301.241,2429.384,-105.36469502,38.96811254,2415.356,276.352,,NAD83(2011) / UTM zone 13N + NAVD88(GEOID18) height,8,6,7,4,0
302,,468130.282,4313292.208,2422.410,,-105.36787957,38.96802114,2408.388,Global,0.014,0.011,0.011,0.018,2.134,m,FIX,2024-08-06 10:58:30.0 UTC-06:00,2024-08-06 10:58:33.0 UTC-06:00,16,1.6,1.9,468406.204,4313301.241,2429.384,-105.36469502,38.96811254,2415.356,276.306,,NAD83(2011) / UTM zone 13N + NAVD88(GEOID18) height,8,6,7,4,0
303,,468130.425,4313292.478,2422.443,,-105.36787794,38.96802358,2408.422,Global,0.021,0.014,0.011,0.026,2.134,m,FIX,2024-08-06 10:58:38.8 UTC-06:00,2024-08-06 10:58:41.8 UTC-06:00,16,1.6,1.9,468406.204,4313301.241,2429.384,-105.36469502,38.96811254,2415.356,276.191,,NAD83(2011) / UTM zone 13N + NAVD88(GEOID18) height,8,6,7,4,0
304,,468130.413,4313292.782,2422.467,,-105.36787809,38.96802632,2408.445,Global,0.014,0.014,0.010,0.020,2.134,m,FIX,2024-08-06 10:58:52.0 UTC-06:00,2024-08-06 10:58:55.0 UTC-06:00,16,1.6,1.9,468406.204,4313301.241,2429.384,-105.36469502,38.96811254,2415.356,276.157,,NAD83(2011) / UTM zone 13N + NAVD88(GEOID18) height,8,6,7,4,0
305,,468130.386,4313293.034,2422.440,,-105.36787842,38.96802858,2408.418,Global,0.016,0.011,0.012,0.020,2.134,m,FIX,2024-08-06 10:59:11.8 UTC-06:00,2024-08-06 10:59:14.8 UTC-06:00,16,1.6,1.9,468406.204,4313301.241,2429.384,-105.36469502,38.96811254,2415.356,276.181,,NAD83(2011) / UTM zone 13N + NAVD88(GEOID18) height,8,6,7,4,0
306,,468130.384,4313293.264,2422.367,,-105.36787845,38.96803065,2408.345,Global,0.015,0.011,0.010,0.018,2.134,m,FIX,2024-08-06 10:59:22.2 UTC-06:00,2024-08-06 10:59:25.2 UTC-06:00,16,1.7,2.1,468406.204,4313301.241,2429.384,-105.36469502,38.96811254,2415.356,276.187,,NAD83(2011) / UTM zone 13N + NAVD88(GEOID18) height,8,6,7,4,0
307,,468130.444,4313293.488,2422.328,,-105.36787777,38.96803268,2408.307,Global,0.013,0.011,0.011,0.017,2.134,m,FIX,2024-08-06 10:59:31.0 UTC-06:00,2024-08-06 10:59:34.0 UTC-06:00,16,1.7,2.1,468406.204,4313301.241,2429.384,-105.36469502,38.96811254,2415.356,276.124,,NAD83(2011) / UTM zone 13N + NAVD88(GEOID18) height,8,6,7,4,0
308,,468130.491,4313293.693,2422.288,,-105.36787723,38.96803453,2408.267,Global,0.020,0.012,0.011,0.023,2.134,m,FIX,2024-08-06 10:59:41.8 UTC-06:00,2024-08-06 10:59:44.8 UTC-06:00,16,1.7,2.1,468406.204,4313301.241,2429.384,-105.36469502,38.96811254,2415.356,276.097,,NAD83(2011) / UTM zone 13N + NAVD88(GEOID18) height,8,6,7,4,0
309,,468130.472,4313293.942,2422.290,,-105.36787746,38.96803677,2408.268,Global,0.014,0.017,0.012,0.022,2.134,m,FIX,2024-08-06 10:59:52.4 UTC-06:00,2024-08-06 10:59:55.4 UTC-06:00,16,1.9,2.4,468406.204,4313301.241,2429.384,-105.36469502,38.96811254,2415.356,276.081,,NAD83(2011) / UTM zone 13N + NAVD88(GEOID18) height,8,6,7,4,0
310,,468130.377,4313294.255,2422.376,,-105.36787857,38.96803959,2408.354,Global,0.014,0.012,0.011,0.018,2.134,m,FIX,2024-08-06 11:00:03.4 UTC-06:00,2024-08-06 11:00:06.4 UTC-06:00,16,1.8,2.2,468406.204,4313301.241,2429.384,-105.36469502,38.96811254,2415.356,276.164,,NAD83(2011) / UTM zone 13N + NAVD88(GEOID18) height,8,6,7,4,0
311,,468130.519,4313294.455,2422.511,,-105.36787694,38.96804139,2408.489,Global,0.014,0.015,0.010,0.020,2.134,m,FIX,2024-08-06 11:00:22.4 UTC-06:00,2024-08-06 11:00:25.4 UTC-06:00,16,1.8,2.2,468406.204,4313301.241,2429.384,-105.36469502,38.96811254,2415.356,276.005,,NAD83(2011) / UTM zone 13N + NAVD88(GEOID18) height,8,6,7,4,0
312,,468130.628,4313294.770,2423.314,,-105.36787570,38.96804424,2409.292,Global,0.011,0.013,0.010,0.017,2.134,m,FIX,2024-08-06 11:01:20.4 UTC-06:00,2024-08-06 11:01:23.4 UTC-06:00,16,1.8,2.2,468406.204,4313301.241,2429.384,-105.36469502,38.96811254,2415.356,275.897,,NAD83(2011) / UTM zone 13N + NAVD88(GEOID18) height,8,6,7,4,0
313,,468130.627,4313294.974,2423.313,,-105.36787572,38.96804607,2409.291,Global,0.013,0.012,0.011,0.017,2.134,m,FIX,2024-08-06 11:01:31.4 UTC-06:00,2024-08-06 11:01:34.4 UTC-06:00,16,1.8,2.2,468406.204,4313301.241,2429.384,-105.36469502,38.96811254,2415.356,275.879,,NAD83(2011) / UTM zone 13N + NAVD88(GEOID18) height,8,6,7,4,0
314,,468130.643,4313295.255,2423.300,,-105.36787555,38.96804861,2409.278,Global,0.012,0.011,0.011,0.016,2.134,m,FIX,2024-08-06 11:01:39.6 UTC-06:00,2024-08-06 11:01:42.6 UTC-06:00,16,1.8,2.2,468406.204,4313301.241,2429.384,-105.36469502,38.96811254,2415.356,275.864,,NAD83(2011) / UTM zone 13N + NAVD88(GEOID18) height,8,6,7,4,0
315,,468130.693,4313295.460,2423.318,,-105.36787498,38.96805045,2409.297,Global,0.011,0.010,0.011,0.015,2.134,m,FIX,2024-08-06 11:01:50.8 UTC-06:00,2024-08-06 11:01:53.8 UTC-06:00,16,1.8,2.2,468406.204,4313301.241,2429.384,-105.36469502,38.96811254,2415.356,275.808,,NAD83(2011) / UTM zone 13N + NAVD88(GEOID18) height,8,6,7,4,0
316,,468130.753,4313295.662,2423.317,,-105.36787429,38.96805228,2409.295,Global,0.013,0.012,0.011,0.017,2.134,m,FIX,2024-08-06 11:02:02.8 UTC-06:00,2024-08-06 11:02:05.8 UTC-06:00,16,1.8,2.2,468406.204,4313301.241,2429.384,-105.36469502,38.96811254,2415.356,275.741,,NAD83(2011) / UTM zone 13N + NAVD88(GEOID18) height,8,6,7,4,0
317,,468130.775,4313295.864,2423.191,,-105.36787405,38.96805410,2409.169,Global,0.017,0.011,0.010,0.020,2.134,m,FIX,2024-08-06 11:02:11.6 UTC-06:00,2024-08-06 11:02:14.6 UTC-06:00,16,1.8,2.2,468406.204,4313301.241,2429.384,-105.36469502,38.96811254,2415.356,275.734,,NAD83(2011) / UTM zone 13N + NAVD88(GEOID18) height,8,6,7,4,0
318,,468130.849,4313296.096,2423.125,,-105.36787321,38.96805619,2409.103,Global,0.010,0.011,0.011,0.015,2.134,m,FIX,2024-08-06 11:02:26.0 UTC-06:00,2024-08-06 11:02:29.0 UTC-06:00,16,1.8,2.2,468406.204,4313301.241,2429.384,-105.36469502,38.96811254,2415.356,275.644,,NAD83(2011) / UTM zone 13N + NAVD88(GEOID18) height,8,6,7,4,0
319,,468130.900,4313296.229,2423.237,,-105.36787263,38.96805740,2409.216,Global,0.028,0.015,0.011,0.032,2.134,m,FIX,2024-08-06 11:02:47.0 UTC-06:00,2024-08-06 11:02:50.0 UTC-06:00,16,1.8,2.2,468406.204,4313301.241,2429.384,-105.36469502,38.96811254,2415.356,275.629,,NAD83(2011) / UTM zone 13N + NAVD88(GEOID18) height,8,6,7,4,0
320,,468130.899,4313296.353,2423.423,,-105.36787265,38.96805851,2409.401,Global,0.010,0.012,0.014,0.016,2.134,m,FIX,2024-08-06 11:03:06.6 UTC-06:00,2024-08-06 11:03:09.6 UTC-06:00,16,1.8,2.2,468406.204,4313301.241,2429.384,-105.36469502,38.96811254,2415.356,275.584,,NAD83(2011) / UTM zone 13N + NAVD88(GEOID18) height,8,6,7,4,0
321,,468130.985,4313296.588,2423.635,,-105.36787166,38.96806063,2409.613,Global,0.016,0.011,0.011,0.019,2.134,m,FIX,2024-08-06 11:03:27.0 UTC-06:00,2024-08-06 11:03:30.0 UTC-06:00,16,1.8,2.2,468406.204,4313301.241,2429.384,-105.36469502,38.96811254,2415.356,275.469,,NAD83(2011) / UTM zone 13N + NAVD88(GEOID18) height,8,6,7,4,0
322,,468131.053,4313296.891,2423.881,,-105.36787089,38.96806336,2409.859,Global,0.011,0.011,0.011,0.016,2.134,m,FIX,2024-08-06 11:03:37.6 UTC-06:00,2024-08-06 11:03:40.6 UTC-06:00,16,1.8,2.2,468406.204,4313301.241,2429.384,-105.36469502,38.96811254,2415.356,275.414,,NAD83(2011) / UTM zone 13N + NAVD88(GEOID18) height,8,6,7,4,0
323,,468131.064,4313296.999,2423.948,,-105.36787077,38.96806433,2409.926,Global,0.013,0.012,0.011,0.018,2.134,m,FIX,2024-08-06 11:03:45.6 UTC-06:00,2024-08-06 11:03:48.6 UTC-06:00,16,1.8,2.2,468406.204,4313301.241,2429.384,-105.36469502,38.96811254,2415.356,275.389,,NAD83(2011) / UTM zone 13N + NAVD88(GEOID18) height,8,6,7,4,0
324,,468131.108,4313297.190,2424.039,,-105.36787027,38.96806606,2410.017,Global,0.011,0.012,0.011,0.016,2.134,m,FIX,2024-08-06 11:03:56.4 UTC-06:00,2024-08-06 11:03:59.4 UTC-06:00,16,1.8,2.1,468406.204,4313301.241,2429.384,-105.36469502,38.96811254,2415.356,275.365,,NAD83(2011) / UTM zone 13N + NAVD88(GEOID18) height,8,6,7,4,0
325,,468131.138,4313297.403,2424.114,,-105.36786994,38.96806799,2410.092,Global,0.010,0.011,0.011,0.015,2.134,m,FIX,2024-08-06 11:04:06.6 UTC-06:00,2024-08-06 11:04:09.6 UTC-06:00,16,1.8,2.1,468406.204,4313301.241,2429.384,-105.36469502,38.96811254,2415.356,275.319,,NAD83(2011) / UTM zone 13N + NAVD88(GEOID18) height,8,6,7,4,0
326,,468131.156,4313297.599,2424.161,,-105.36786974,38.96806975,2410.139,Global,0.013,0.011,0.011,0.017,2.134,m,FIX,2024-08-06 11:04:15.0 UTC-06:00,2024-08-06 11:04:18.0 UTC-06:00,16,1.8,2.1,468406.204,4313301.241,2429.384,-105.36469502,38.96811254,2415.356,275.304,,NAD83(2011) / UTM zone 13N + NAVD88(GEOID18) height,8,6,7,4,0
327,,468131.182,4313297.749,2424.206,,-105.36786944,38.96807110,2410.184,Global,0.041,0.024,0.011,0.047,2.134,m,FIX,2024-08-06 11:04:27.4 UTC-06:00,2024-08-06 11:04:30.4 UTC-06:00,16,1.8,2.1,468406.204,4313301.241,2429.384,-105.36469502,38.96811254,2415.356,275.269,,NAD83(2011) / UTM zone 13N + NAVD88(GEOID18) height,8,6,7,4,0
328,,468131.231,4313297.976,2424.269,,-105.36786889,38.96807315,2410.247,Global,0.011,0.017,0.011,0.020,2.134,m,FIX,2024-08-06 11:04:34.6 UTC-06:00,2024-08-06 11:04:37.6 UTC-06:00,16,1.8,2.1,468406.204,4313301.241,2429.384,-105.36469502,38.96811254,2415.356,275.212,,NAD83(2011) / UTM zone 13N + NAVD88(GEOID18) height,8,6,7,4,0
329,,468131.216,4313298.165,2424.354,,-105.36786907,38.96807485,2410.332,Global,0.014,0.015,0.011,0.020,2.134,m,FIX,2024-08-06 11:04:44.2 UTC-06:00,2024-08-06 11:04:47.2 UTC-06:00,16,1.8,2.1,468406.204,4313301.241,2429.384,-105.36469502,38.96811254,2415.356,275.222,,NAD83(2011) / UTM zone 13N + NAVD88(GEOID18) height,7,6,7,4,0
330,,468131.266,4313298.409,2424.438,,-105.36786850,38.96807705,2410.416,Global,0.026,0.015,0.011,0.030,2.134,m,FIX,2024-08-06 11:04:52.4 UTC-06:00,2024-08-06 11:04:55.4 UTC-06:00,16,1.8,2.1,468406.204,4313301.241,2429.384,-105.36469502,38.96811254,2415.356,275.159,,NAD83(2011) / UTM zone 13N + NAVD88(GEOID18) height,7,6,7,4,0
331,,468131.349,4313298.590,2424.503,,-105.36786755,38.96807868,2410.482,Global,0.017,0.020,0.011,0.027,2.134,m,FIX,2024-08-06 11:05:01.6 UTC-06:00,2024-08-06 11:05:04.6 UTC-06:00,16,1.8,2.1,468406.204,4313301.241,2429.384,-105.36469502,38.96811254,2415.356,275.128,,NAD83(2011) / UTM zone 13N + NAVD88(GEOID18) height,8,6,7,4,0
332,,468131.328,4313298.848,2424.536,,-105.36786781,38.96808101,2410.514,Global,0.012,0.015,0.012,0.019,2.134,m,FIX,2024-08-06 11:05:11.2 UTC-06:00,2024-08-06 11:05:14.2 UTC-06:00,16,1.8,2.1,468406.204,4313301.241,2429.384,-105.36469502,38.96811254,2415.356,275.098,,NAD83(2011) / UTM zone 13N + NAVD88(GEOID18) height,7,6,7,4,0
333,,468131.354,4313299.017,2424.616,,-105.36786752,38.96808253,2410.594,Global,0.012,0.011,0.011,0.017,2.134,m,FIX,2024-08-06 11:05:19.8 UTC-06:00,2024-08-06 11:05:22.8 UTC-06:00,16,1.8,2.1,468406.204,4313301.241,2429.384,-105.36469502,38.96811254,2415.356,275.088,,NAD83(2011) / UTM zone 13N + NAVD88(GEOID18) height,7,6,7,4,0
334,,468131.376,4313299.207,2424.640,,-105.36786728,38.96808425,2410.618,Global,0.012,0.012,0.012,0.017,2.134,m,FIX,2024-08-06 11:05:31.8 UTC-06:00,2024-08-06 11:05:34.8 UTC-06:00,16,1.8,2.1,468406.204,4313301.241,2429.384,-105.36469502,38.96811254,2415.356,275.049,,NAD83(2011) / UTM zone 13N + NAVD88(GEOID18) height,7,6,7,4,0
335,,468131.410,4313299.397,2424.663,,-105.36786689,38.96808596,2410.641,Global,0.011,0.015,0.011,0.018,2.134,m,FIX,2024-08-06 11:05:39.4 UTC-06:00,2024-08-06 11:05:42.4 UTC-06:00,16,1.8,2.1,468406.204,4313301.241,2429.384,-105.36469502,38.96811254,2415.356,275.019,,NAD83(2011) / UTM zone 13N + NAVD88(GEOID18) height,7,6,7,4,0
336,,468131.401,4313299.588,2424.681,,-105.36786701,38.96808769,2410.659,Global,0.017,0.011,0.011,0.020,2.134,m,FIX,2024-08-06 11:05:47.4 UTC-06:00,2024-08-06 11:05:50.4 UTC-06:00,16,1.9,2.3,468406.204,4313301.241,2429.384,-105.36469502,38.96811254,2415.356,275.008,,NAD83(2011) / UTM zone 13N + NAVD88(GEOID18) height,7,6,7,4,0
337,,468131.475,4313299.761,2424.701,,-105.36786615,38.96808925,2410.679,Global,0.014,0.017,0.011,0.022,2.134,m,FIX,2024-08-06 11:05:55.0 UTC-06:00,2024-08-06 11:05:58.0 UTC-06:00,16,1.8,2.1,468406.204,4313301.241,2429.384,-105.36469502,38.96811254,2415.356,274.942,,NAD83(2011) / UTM zone 13N + NAVD88(GEOID18) height,7,6,7,4,0
338,,468131.522,4313299.954,2424.726,,-105.36786562,38.96809099,2410.705,Global,0.011,0.013,0.011,0.017,2.134,m,FIX,2024-08-06 11:06:03.6 UTC-06:00,2024-08-06 11:06:06.6 UTC-06:00,16,1.8,2.1,468406.204,4313301.241,2429.384,-105.36469502,38.96811254,2415.356,274.906,,NAD83(2011) / UTM zone 13N + NAVD88(GEOID18) height,8,6,7,4,0
339,,468131.554,4313300.134,2424.750,,-105.36786526,38.96809261,2410.728,Global,0.012,0.010,0.011,0.016,2.134,m,FIX,2024-08-06 11:06:13.0 UTC-06:00,2024-08-06 11:06:16.0 UTC-06:00,16,1.8,2.1,468406.204,4313301.241,2429.384,-105.36469502,38.96811254,2415.356,274.867,,NAD83(2011) / UTM zone 13N + NAVD88(GEOID18) height,8,6,7,4,0
340,,468131.562,4313300.341,2424.804,,-105.36786518,38.96809447,2410.783,Global,0.010,0.010,0.010,0.015,2.134,m,FIX,2024-08-06 11:06:23.0 UTC-06:00,2024-08-06 11:06:26.0 UTC-06:00,16,1.8,2.1,468406.204,4313301.241,2429.384,-105.36469502,38.96811254,2415.356,274.865,,NAD83(2011) / UTM zone 13N + NAVD88(GEOID18) height,7,6,7,4,0
341,,468131.599,4313300.537,2424.873,,-105.36786476,38.96809624,2410.851,Global,0.014,0.012,0.010,0.019,2.134,m,FIX,2024-08-06 11:06:31.8 UTC-06:00,2024-08-06 11:06:34.8 UTC-06:00,16,1.8,2.1,468406.204,4313301.241,2429.384,-105.36469502,38.96811254,2415.356,274.807,,NAD83(2011) / UTM zone 13N + NAVD88(GEOID18) height,7,6,7,4,0
342,,468131.638,4313300.737,2424.904,,-105.36786432,38.96809804,2410.882,Global,0.015,0.010,0.011,0.018,2.134,m,FIX,2024-08-06 11:06:39.4 UTC-06:00,2024-08-06 11:06:42.4 UTC-06:00,16,1.8,2.1,468406.204,4313301.241,2429.384,-105.36469502,38.96811254,2415.356,274.802,,NAD83(2011) / UTM zone 13N + NAVD88(GEOID18) height,7,6,7,4,0
343,,468131.656,4313300.936,2424.916,,-105.36786412,38.96809983,2410.894,Global,0.026,0.016,0.011,0.031,2.134,m,FIX,2024-08-06 11:06:47.2 UTC-06:00,2024-08-06 11:06:50.2 UTC-06:00,16,1.8,2.1,468406.204,4313301.241,2429.384,-105.36469502,38.96811254,2415.356,274.740,,NAD83(2011) / UTM zone 13N + NAVD88(GEOID18) height,7,6,7,4,0
344,,468131.703,4313301.101,2424.939,,-105.36786358,38.96810132,2410.917,Global,0.011,0.011,0.010,0.015,2.134,m,FIX,2024-08-06 11:06:54.4 UTC-06:00,2024-08-06 11:06:57.4 UTC-06:00,16,1.8,2.1,468406.204,4313301.241,2429.384,-105.36469502,38.96811254,2415.356,274.726,,NAD83(2011) / UTM zone 13N + NAVD88(GEOID18) height,8,6,7,4,0
345,,468131.725,4313301.289,2424.949,,-105.36786334,38.96810303,2410.927,Global,0.015,0.013,0.010,0.020,2.134,m,FIX,2024-08-06 11:07:01.8 UTC-06:00,2024-08-06 11:07:04.8 UTC-06:00,16,1.8,2.1,468406.204,4313301.241,2429.384,-105.36469502,38.96811254,2415.356,274.703,,NAD83(2011) / UTM zone 13N + NAVD88(GEOID18) height,7,6,7,4,0
346,,468131.776,4313301.487,2424.991,,-105.36786277,38.96810480,2410.969,Global,0.010,0.015,0.011,0.019,2.134,m,FIX,2024-08-06 11:07:08.8 UTC-06:00,2024-08-06 11:07:11.8 UTC-06:00,16,1.8,2.1,468406.204,4313301.241,2429.384,-105.36469502,38.96811254,2415.356,274.653,,NAD83(2011) / UTM zone 13N + NAVD88(GEOID18) height,6,6,7,4,0
347,,468131.790,4313301.692,2425.024,,-105.36786261,38.96810665,2411.002,Global,0.011,0.016,0.011,0.019,2.134,m,FIX,2024-08-06 11:07:15.6 UTC-06:00,2024-08-06 11:07:18.6 UTC-06:00,16,1.8,2.1,468406.204,4313301.241,2429.384,-105.36469502,38.96811254,2415.356,274.631,,NAD83(2011) / UTM zone 13N + NAVD88(GEOID18) height,6,6,7,4,0
348,,468131.835,4313301.885,2425.062,,-105.36786210,38.96810840,2411.040,Global,0.016,0.014,0.014,0.022,2.134,m,FIX,2024-08-06 11:07:23.8 UTC-06:00,2024-08-06 11:07:26.8 UTC-06:00,16,1.7,2.0,468406.204,4313301.241,2429.384,-105.36469502,38.96811254,2415.356,274.580,,NAD83(2011) / UTM zone 13N + NAVD88(GEOID18) height,7,6,7,4,0
349,,468131.860,4313302.072,2425.006,,-105.36786182,38.96811009,2410.984,Global,0.010,0.011,0.010,0.015,2.134,m,FIX,2024-08-06 11:07:32.2 UTC-06:00,2024-08-06 11:07:35.2 UTC-06:00,16,1.8,2.1,468406.204,4313301.241,2429.384,-105.36469502,38.96811254,2415.356,274.559,,NAD83(2011) / UTM zone 13N + NAVD88(GEOID18) height,7,6,7,4,0
350,,468131.867,4313302.312,2425.046,,-105.36786175,38.96811225,2411.025,Global,0.014,0.011,0.010,0.017,2.134,m,FIX,2024-08-06 11:07:45.4 UTC-06:00,2024-08-06 11:07:48.4 UTC-06:00,16,1.7,2.1,468406.204,4313301.241,2429.384,-105.36469502,38.96811254,2415.356,274.555,,NAD83(2011) / UTM zone 13N + NAVD88(GEOID18) height,7,6,7,4,0
351,,468131.881,4313302.499,2425.071,,-105.36786160,38.96811393,2411.050,Global,0.013,0.011,0.011,0.017,2.134,m,FIX,2024-08-06 11:07:54.0 UTC-06:00,2024-08-06 11:07:57.0 UTC-06:00,16,1.7,2.0,468406.204,4313301.241,2429.384,-105.36469502,38.96811254,2415.356,274.534,,NAD83(2011) / UTM zone 13N + NAVD88(GEOID18) height,8,6,7,4,0
352,,468131.988,4313302.795,2425.170,,-105.36786038,38.96811660,2411.148,Global,0.018,0.018,0.018,0.025,2.134,m,FIX,2024-08-06 11:08:02.4 UTC-06:00,2024-08-06 11:08:05.4 UTC-06:00,16,1.9,2.4,468406.204,4313301.241,2429.384,-105.36469502,38.96811254,2415.356,274.441,,NAD83(2011) / UTM zone 13N + NAVD88(GEOID18) height,8,6,7,4,0
353,,468132.093,4313303.018,2425.196,,-105.36785918,38.96811862,2411.174,Global,0.012,0.013,0.015,0.017,2.134,m,FIX,2024-08-06 11:08:11.4 UTC-06:00,2024-08-06 11:08:14.4 UTC-06:00,16,1.9,2.3,468406.204,4313301.241,2429.384,-105.36469502,38.96811254,2415.356,274.332,,NAD83(2011) / UTM zone 13N + NAVD88(GEOID18) height,7,6,7,4,0
354,,468132.066,4313303.329,2425.305,,-105.36785950,38.96812142,2411.283,Global,0.011,0.011,0.011,0.015,2.134,m,FIX,2024-08-06 11:08:23.8 UTC-06:00,2024-08-06 11:08:26.8 UTC-06:00,16,1.9,2.3,468406.204,4313301.241,2429.384,-105.36469502,38.96811254,2415.356,274.356,,NAD83(2011) / UTM zone 13N + NAVD88(GEOID18) height,7,6,7,4,0
355,,468132.116,4313303.559,2425.418,,-105.36785894,38.96812350,2411.396,Global,0.011,0.011,0.011,0.016,2.134,m,FIX,2024-08-06 11:08:32.6 UTC-06:00,2024-08-06 11:08:35.6 UTC-06:00,16,1.9,2.3,468406.204,4313301.241,2429.384,-105.36469502,38.96811254,2415.356,274.311,,NAD83(2011) / UTM zone 13N + NAVD88(GEOID18) height,6,6,7,4,0
356,,468132.125,4313303.821,2425.496,,-105.36785884,38.96812585,2411.475,Global,0.015,0.013,0.011,0.020,2.134,m,FIX,2024-08-06 11:08:41.8 UTC-06:00,2024-08-06 11:08:44.8 UTC-06:00,16,2.2,2.7,468406.204,4313301.241,2429.384,-105.36469502,38.96811254,2415.356,274.316,,NAD83(2011) / UTM zone 13N + NAVD88(GEOID18) height,7,6,7,4,0
357,,468132.131,4313304.070,2425.592,,-105.36785879,38.96812810,2411.571,Global,0.014,0.017,0.011,0.022,2.134,m,FIX,2024-08-06 11:08:53.4 UTC-06:00,2024-08-06 11:08:56.4 UTC-06:00,16,1.7,2.0,468406.204,4313301.241,2429.384,-105.36469502,38.96811254,2415.356,274.282,,NAD83(2011) / UTM zone 13N + NAVD88(GEOID18) height,7,6,7,4,0
358,,468132.178,4313304.266,2425.608,,-105.36785825,38.96812986,2411.587,Global,0.010,0.017,0.011,0.019,2.134,m,FIX,2024-08-06 11:09:02.0 UTC-06:00,2024-08-06 11:09:05.0 UTC-06:00,16,1.8,2.2,468406.204,4313301.241,2429.384,-105.36469502,38.96811254,2415.356,274.260,,NAD83(2011) / UTM zone 13N + NAVD88(GEOID18) height,6,6,7,4,0
359,,468132.220,4313304.509,2425.698,,-105.36785778,38.96813205,2411.676,Global,0.015,0.013,0.023,0.020,2.134,m,FIX,2024-08-06 11:09:09.6 UTC-06:00,2024-08-06 11:09:12.6 UTC-06:00,16,2.2,2.7,468406.204,4313301.241,2429.384,-105.36469502,38.96811254,2415.356,274.229,,NAD83(2011) / UTM zone 13N + NAVD88(GEOID18) height,7,6,7,4,0
360,,468132.232,4313304.728,2425.777,,-105.36785765,38.96813403,2411.755,Global,0.015,0.014,0.019,0.021,2.134,m,FIX,2024-08-06 11:09:18.4 UTC-06:00,2024-08-06 11:09:21.4 UTC-06:00,16,1.9,2.3,468406.204,4313301.241,2429.384,-105.36469502,38.96811254,2415.356,274.216,,NAD83(2011) / UTM zone 13N + NAVD88(GEOID18) height,7,6,7,4,0
361,,468132.273,4313304.971,2425.903,,-105.36785719,38.96813622,2411.881,Global,0.020,0.017,0.023,0.026,2.134,m,FIX,2024-08-06 11:09:26.2 UTC-06:00,2024-08-06 11:09:29.2 UTC-06:00,16,1.9,2.3,468406.204,4313301.241,2429.384,-105.36469502,38.96811254,2415.356,274.176,,NAD83(2011) / UTM zone 13N + NAVD88(GEOID18) height,6,6,7,4,0
362,,468132.341,4313305.170,2425.939,,-105.36785642,38.96813802,2411.918,Global,0.017,0.013,0.021,0.021,2.134,m,FIX,2024-08-06 11:09:36.4 UTC-06:00,2024-08-06 11:09:39.4 UTC-06:00,16,1.9,2.3,468406.204,4313301.241,2429.384,-105.36469502,38.96811254,2415.356,274.109,,NAD83(2011) / UTM zone 13N + NAVD88(GEOID18) height,6,6,7,3,0
363,,468132.380,4313305.375,2426.006,,-105.36785597,38.96813987,2411.984,Global,0.012,0.012,0.027,0.017,2.134,m,FIX,2024-08-06 11:09:45.0 UTC-06:00,2024-08-06 11:09:48.0 UTC-06:00,16,2.1,2.6,468406.204,4313301.241,2429.384,-105.36469502,38.96811254,2415.356,274.071,,NAD83(2011) / UTM zone 13N + NAVD88(GEOID18) height,6,6,7,4,0
364,,468132.406,4313305.577,2426.078,,-105.36785568,38.96814169,2412.056,Global,0.014,0.023,0.038,0.027,2.134,m,FIX,2024-08-06 11:09:53.2 UTC-06:00,2024-08-06 11:09:56.2 UTC-06:00,16,2.8,3.5,468406.204,4313301.241,2429.384,-105.36469502,38.96811254,2415.356,274.036,,NAD83(2011) / UTM zone 13N + NAVD88(GEOID18) height,6,6,7,4,0
365,,468132.474,4313305.785,2426.131,,-105.36785491,38.96814356,2412.109,Global,0.011,0.010,0.024,0.015,2.134,m,FIX,2024-08-06 11:10:03.6 UTC-06:00,2024-08-06 11:10:06.6 UTC-06:00,16,2.1,2.6,468406.204,4313301.241,2429.384,-105.36469502,38.96811254,2415.356,273.979,,NAD83(2011) / UTM zone 13N + NAVD88(GEOID18) height,6,6,7,4,0
366,,468132.509,4313306.015,2426.226,,-105.36785451,38.96814563,2412.204,Global,0.011,0.012,0.018,0.016,2.134,m,FIX,2024-08-06 11:10:11.8 UTC-06:00,2024-08-06 11:10:14.8 UTC-06:00,16,2.1,2.6,468406.204,4313301.241,2429.384,-105.36469502,38.96811254,2415.356,273.958,,NAD83(2011) / UTM zone 13N + NAVD88(GEOID18) height,6,6,6,4,0
367,,468132.517,4313306.198,2426.284,,-105.36785443,38.96814729,2412.262,Global,0.011,0.012,0.022,0.016,2.134,m,FIX,2024-08-06 11:10:20.8 UTC-06:00,2024-08-06 11:10:23.8 UTC-06:00,16,2.1,2.6,468406.204,4313301.241,2429.384,-105.36469502,38.96811254,2415.356,273.945,,NAD83(2011) / UTM zone 13N + NAVD88(GEOID18) height,6,6,6,4,0
368,,468132.557,4313306.371,2426.418,,-105.36785397,38.96814884,2412.397,Global,0.014,0.018,0.019,0.023,2.134,m,FIX,2024-08-06 11:10:34.0 UTC-06:00,2024-08-06 11:10:37.0 UTC-06:00,16,2.1,2.6,468406.204,4313301.241,2429.384,-105.36469502,38.96811254,2415.356,273.884,,NAD83(2011) / UTM zone 13N + NAVD88(GEOID18) height,6,6,6,4,0
369,,468132.613,4313306.575,2426.501,,-105.36785333,38.96815069,2412.479,Global,0.012,0.012,0.023,0.017,2.134,m,FIX,2024-08-06 11:10:43.6 UTC-06:00,2024-08-06 11:10:46.6 UTC-06:00,16,2.8,3.5,468406.204,4313301.241,2429.384,-105.36469502,38.96811254,2415.356,273.844,,NAD83(2011) / UTM zone 13N + NAVD88(GEOID18) height,7,6,6,4,0
370,,468132.775,4313306.492,2426.753,,-105.36785146,38.96814995,2412.732,Global,0.011,0.011,0.021,0.016,2.134,m,FIX,2024-08-06 11:11:50.4 UTC-06:00,2024-08-06 11:12:20.4 UTC-06:00,151,2.1,2.6,468406.204,4313301.241,2429.384,-105.36469502,38.96811254,2415.356,273.691,,NAD83(2011) / UTM zone 13N + NAVD88(GEOID18) height,6,6,6,4,0
371,,468132.755,4313306.480,2426.782,,-105.36785169,38.96814984,2412.760,Global,0.013,0.010,0.011,0.017,2.134,m,FIX,2024-08-06 11:12:44.8 UTC-06:00,2024-08-06 11:12:47.8 UTC-06:00,16,2.1,2.5,468406.204,4313301.241,2429.384,-105.36469502,38.96811254,2415.356,273.697,,NAD83(2011) / UTM zone 13N + NAVD88(GEOID18) height,6,6,6,4,0
372,,468132.505,4313306.597,2426.544,,-105.36785459,38.96815088,2412.522,Global,0.017,0.014,0.011,0.022,2.134,m,FIX,2024-08-06 11:12:54.8 UTC-06:00,2024-08-06 11:12:57.8 UTC-06:00,16,2.1,2.5,468406.204,4313301.241,2429.384,-105.36469502,38.96811254,2415.356,273.977,,NAD83(2011) / UTM zone 13N + NAVD88(GEOID18) height,6,6,6,4,0
373,,468132.725,4313306.270,2426.440,,-105.36785203,38.96814794,2412.418,Global,0.014,0.011,0.010,0.018,2.134,m,FIX,2024-08-06 11:13:03.6 UTC-06:00,2024-08-06 11:13:06.6 UTC-06:00,16,2.1,2.5,468406.204,4313301.241,2429.384,-105.36469502,38.96811254,2415.356,273.741,,NAD83(2011) / UTM zone 13N + NAVD88(GEOID18) height,7,6,6,4,0
374,,468132.954,4313306.552,2426.534,,-105.36784940,38.96815049,2412.512,Global,0.013,0.011,0.016,0.017,2.134,m,FIX,2024-08-06 11:13:12.8 UTC-06:00,2024-08-06 11:13:15.8 UTC-06:00,16,2.8,3.4,468406.204,4313301.241,2429.384,-105.36469502,38.96811254,2415.356,273.523,,NAD83(2011) / UTM zone 13N + NAVD88(GEOID18) height,6,6,6,4,0
375,,468132.778,4313306.771,2426.632,,-105.36785145,38.96815246,2412.611,Global,0.011,0.011,0.012,0.015,2.134,m,FIX,2024-08-06 11:13:22.2 UTC-06:00,2024-08-06 11:13:25.2 UTC-06:00,16,2.1,2.5,468406.204,4313301.241,2429.384,-105.36469502,38.96811254,2415.356,273.695,,NAD83(2011) / UTM zone 13N + NAVD88(GEOID18) height,6,6,6,4,0
376,,468132.648,4313306.567,2426.553,,-105.36785294,38.96815061,2412.531,Global,0.015,0.015,0.013,0.021,2.134,m,FIX,2024-08-06 11:13:31.6 UTC-06:00,2024-08-06 11:13:34.6 UTC-06:00,16,2.1,2.5,468406.204,4313301.241,2429.384,-105.36469502,38.96811254,2415.356,273.824,,NAD83(2011) / UTM zone 13N + NAVD88(GEOID18) height,7,6,6,4,0
377,,468132.771,4313306.490,2426.775,,-105.36785151,38.96814993,2412.754,Global,0.011,0.011,0.016,0.015,2.134,m,FIX,2024-08-06 11:13:56.4 UTC-06:00,2024-08-06 11:13:59.4 UTC-06:00,16,2.8,3.4,468406.204,4313301.241,2429.384,-105.36469502,38.96811254,2415.356,273.708,,NAD83(2011) / UTM zone 13N + NAVD88(GEOID18) height,6,6,6,4,0
378,,468132.760,4313306.486,2426.797,,-105.36785164,38.96814989,2412.775,Global,0.011,0.010,0.010,0.015,2.134,m,FIX,2024-08-06 11:14:04.6 UTC-06:00,2024-08-06 11:14:07.6 UTC-06:00,16,2.1,2.5,468406.204,4313301.241,2429.384,-105.36469502,38.96811254,2415.356,273.707,,NAD83(2011) / UTM zone 13N + NAVD88(GEOID18) height,7,6,6,4,0
379,,468129.658,4313278.472,2424.312,,-105.36788613,38.96789734,2410.290,Global,0.011,0.015,0.011,0.018,2.134,m,FIX,2024-08-06 11:20:08.8 UTC-06:00,2024-08-06 11:20:11.8 UTC-06:00,16,1.3,1.5,468406.204,4313301.241,2429.384,-105.36469502,38.96811254,2415.356,277.716,,NAD83(2011) / UTM zone 13N + NAVD88(GEOID18) height,6,6,7,4,0
380,,468129.650,4313278.475,2424.317,,-105.36788623,38.96789736,2410.296,Global,0.014,0.016,0.011,0.021,2.134,m,FIX,2024-08-06 11:20:33.4 UTC-06:00,2024-08-06 11:21:03.4 UTC-06:00,151,1.4,1.6,468406.204,4313301.241,2429.384,-105.36469502,38.96811254,2415.356,277.715,,NAD83(2011) / UTM zone 13N + NAVD88(GEOID18) height,6,6,7,4,0
381,,468129.627,4313278.263,2424.310,,-105.36788649,38.96789545,2410.288,Global,0.012,0.011,0.011,0.016,2.134,m,FIX,2024-08-06 11:21:21.8 UTC-06:00,2024-08-06 11:21:25.8 UTC-06:00,21,1.3,1.5,468406.204,4313301.241,2429.384,-105.36469502,38.96811254,2415.356,277.758,,NAD83(2011) / UTM zone 13N + NAVD88(GEOID18) height,6,6,7,4,0
382,,468129.625,4313278.256,2424.290,,-105.36788651,38.96789539,2410.268,Global,0.011,0.010,0.011,0.015,2.134,m,FIX,2024-08-06 11:22:02.6 UTC-06:00,2024-08-06 11:22:05.6 UTC-06:00,16,1.3,1.5,468406.204,4313301.241,2429.384,-105.36469502,38.96811254,2415.356,277.764,,NAD83(2011) / UTM zone 13N + NAVD88(GEOID18) height,7,6,7,4,0
383,,468129.639,4313278.126,2424.336,,-105.36788634,38.96789422,2410.314,Global,0.013,0.013,0.010,0.019,2.134,m,FIX,2024-08-06 11:22:10.4 UTC-06:00,2024-08-06 11:22:13.4 UTC-06:00,16,1.3,1.5,468406.204,4313301.241,2429.384,-105.36469502,38.96811254,2415.356,277.741,,NAD83(2011) / UTM zone 13N + NAVD88(GEOID18) height,6,6,7,4,0
384,,468129.626,4313277.892,2424.369,,-105.36788648,38.96789211,2410.347,Global,0.011,0.011,0.010,0.015,2.134,m,FIX,2024-08-06 11:22:24.8 UTC-06:00,2024-08-06 11:22:27.8 UTC-06:00,16,1.3,1.5,468406.204,4313301.241,2429.384,-105.36469502,38.96811254,2415.356,277.785,,NAD83(2011) / UTM zone 13N + NAVD88(GEOID18) height,6,6,7,4,0
385,,468129.595,4313277.619,2424.382,,-105.36788683,38.96788965,2410.360,Global,0.015,0.015,0.010,0.021,2.134,m,FIX,2024-08-06 11:22:34.2 UTC-06:00,2024-08-06 11:22:37.2 UTC-06:00,16,1.4,1.6,468406.204,4313301.241,2429.384,-105.36469502,38.96811254,2415.356,277.858,,NAD83(2011) / UTM zone 13N + NAVD88(GEOID18) height,6,6,7,4,0
386,,468129.585,4313277.317,2424.431,,-105.36788692,38.96788692,2410.409,Global,0.013,0.017,0.010,0.022,2.134,m,FIX,2024-08-06 11:22:44.4 UTC-06:00,2024-08-06 11:22:47.4 UTC-06:00,16,1.3,1.5,468406.204,4313301.241,2429.384,-105.36469502,38.96811254,2415.356,277.892,,NAD83(2011) / UTM zone 13N + NAVD88(GEOID18) height,6,6,7,4,0
387,,468129.583,4313277.107,2424.466,,-105.36788693,38.96788504,2410.444,Global,0.011,0.010,0.010,0.015,2.134,m,FIX,2024-08-06 11:22:52.6 UTC-06:00,2024-08-06 11:22:55.6 UTC-06:00,16,1.4,1.6,468406.204,4313301.241,2429.384,-105.36469502,38.96811254,2415.356,277.901,,NAD83(2011) / UTM zone 13N + NAVD88(GEOID18) height,6,6,7,4,0
388,,468129.556,4313276.845,2424.496,,-105.36788724,38.96788268,2410.474,Global,0.015,0.012,0.012,0.019,2.134,m,FIX,2024-08-06 11:23:01.2 UTC-06:00,2024-08-06 11:23:04.2 UTC-06:00,16,1.3,1.5,468406.204,4313301.241,2429.384,-105.36469502,38.96811254,2415.356,277.957,,NAD83(2011) / UTM zone 13N + NAVD88(GEOID18) height,6,6,7,4,0
389,,468129.530,4313276.644,2424.529,,-105.36788752,38.96788086,2410.507,Global,0.010,0.011,0.011,0.015,2.134,m,FIX,2024-08-06 11:23:09.2 UTC-06:00,2024-08-06 11:23:12.2 UTC-06:00,16,1.3,1.5,468406.204,4313301.241,2429.384,-105.36469502,38.96811254,2415.356,277.993,,NAD83(2011) / UTM zone 13N + NAVD88(GEOID18) height,6,6,7,4,0
390,,468129.459,4313276.424,2424.540,,-105.36788834,38.96787887,2410.518,Global,0.024,0.024,0.010,0.034,2.134,m,FIX,2024-08-06 11:23:15.8 UTC-06:00,2024-08-06 11:23:18.8 UTC-06:00,16,1.3,1.5,468406.204,4313301.241,2429.384,-105.36469502,38.96811254,2415.356,278.051,,NAD83(2011) / UTM zone 13N + NAVD88(GEOID18) height,6,6,7,4,0
391,,468129.489,4313276.243,2424.558,,-105.36788798,38.96787725,2410.536,Global,0.025,0.011,0.011,0.028,2.134,m,FIX,2024-08-06 11:23:24.8 UTC-06:00,2024-08-06 11:23:27.8 UTC-06:00,16,1.3,1.5,468406.204,4313301.241,2429.384,-105.36469502,38.96811254,2415.356,278.091,,NAD83(2011) / UTM zone 13N + NAVD88(GEOID18) height,6,6,7,4,0
392,,468129.426,4313276.035,2424.591,,-105.36788870,38.96787536,2410.569,Global,0.011,0.012,0.010,0.016,2.134,m,FIX,2024-08-06 11:23:34.2 UTC-06:00,2024-08-06 11:23:37.2 UTC-06:00,16,1.3,1.5,468406.204,4313301.241,2429.384,-105.36469502,38.96811254,2415.356,278.155,,NAD83(2011) / UTM zone 13N + NAVD88(GEOID18) height,7,6,7,4,0
393,,468129.407,4313275.850,2424.625,,-105.36788892,38.96787370,2410.603,Global,0.012,0.011,0.011,0.016,2.134,m,FIX,2024-08-06 11:23:46.0 UTC-06:00,2024-08-06 11:23:49.0 UTC-06:00,16,1.3,1.5,468406.204,4313301.241,2429.384,-105.36469502,38.96811254,2415.356,278.186,,NAD83(2011) / UTM zone 13N + NAVD88(GEOID18) height,6,6,7,4,0
394,,468129.390,4313275.647,2424.650,,-105.36788910,38.96787187,2410.629,Global,0.012,0.011,0.011,0.017,2.134,m,FIX,2024-08-06 11:23:54.8 UTC-06:00,2024-08-06 11:23:57.8 UTC-06:00,16,1.3,1.5,468406.204,4313301.241,2429.384,-105.36469502,38.96811254,2415.356,278.224,,NAD83(2011) / UTM zone 13N + NAVD88(GEOID18) height,6,6,7,4,0
395,,468129.349,4313275.478,2424.671,,-105.36788956,38.96787034,2410.649,Global,0.011,0.015,0.011,0.018,2.134,m,FIX,2024-08-06 11:24:02.6 UTC-06:00,2024-08-06 11:24:05.6 UTC-06:00,16,1.3,1.5,468406.204,4313301.241,2429.384,-105.36469502,38.96811254,2415.356,278.282,,NAD83(2011) / UTM zone 13N + NAVD88(GEOID18) height,6,6,7,4,0
396,,468129.335,4313275.255,2424.699,,-105.36788972,38.96786834,2410.677,Global,0.011,0.011,0.010,0.015,2.134,m,FIX,2024-08-06 11:24:11.2 UTC-06:00,2024-08-06 11:24:14.2 UTC-06:00,16,1.3,1.6,468406.204,4313301.241,2429.384,-105.36469502,38.96811254,2415.356,278.304,,NAD83(2011) / UTM zone 13N + NAVD88(GEOID18) height,6,5,7,4,0
397,,468129.329,4313275.073,2424.740,,-105.36788978,38.96786669,2410.719,Global,0.012,0.014,0.011,0.018,2.134,m,FIX,2024-08-06 11:24:18.4 UTC-06:00,2024-08-06 11:24:21.4 UTC-06:00,16,1.3,1.6,468406.204,4313301.241,2429.384,-105.36469502,38.96811254,2415.356,278.336,,NAD83(2011) / UTM zone 13N + NAVD88(GEOID18) height,6,5,7,4,0
398,,468129.338,4313274.837,2424.750,,-105.36788967,38.96786457,2410.728,Global,0.010,0.011,0.010,0.015,2.134,m,FIX,2024-08-06 11:24:28.8 UTC-06:00,2024-08-06 11:24:31.8 UTC-06:00,16,1.3,1.5,468406.204,4313301.241,2429.384,-105.36469502,38.96811254,2415.356,278.346,,NAD83(2011) / UTM zone 13N + NAVD88(GEOID18) height,6,5,7,4,0
399,,468129.276,4313274.672,2424.780,,-105.36789037,38.96786308,2410.758,Global,0.012,0.015,0.010,0.019,2.134,m,FIX,2024-08-06 11:24:36.6 UTC-06:00,2024-08-06 11:24:39.6 UTC-06:00,16,1.3,1.6,468406.204,4313301.241,2429.384,-105.36469502,38.96811254,2415.356,278.427,,NAD83(2011) / UTM zone 13N + NAVD88(GEOID18) height,6,5,7,4,0
400,,468129.296,4313274.464,2424.790,,-105.36789013,38.96786120,2410.768,Global,0.015,0.011,0.010,0.018,2.134,m,FIX,2024-08-06 11:24:44.4 UTC-06:00,2024-08-06 11:24:47.4 UTC-06:00,16,1.3,1.6,468406.204,4313301.241,2429.384,-105.36469502,38.96811254,2415.356,278.435,,NAD83(2011) / UTM zone 13N + NAVD88(GEOID18) height,6,6,7,4,0
401,,468129.272,4313274.293,2424.819,,-105.36789040,38.96785967,2410.798,Global,0.010,0.011,0.010,0.015,2.134,m,FIX,2024-08-06 11:24:54.0 UTC-06:00,2024-08-06 11:24:57.0 UTC-06:00,16,1.3,1.5,468406.204,4313301.241,2429.384,-105.36469502,38.96811254,2415.356,278.466,,NAD83(2011) / UTM zone 13N + NAVD88(GEOID18) height,6,6,7,4,0
402,,468129.245,4313274.043,2424.854,,-105.36789069,38.96785741,2410.832,Global,0.017,0.019,0.010,0.026,2.134,m,FIX,2024-08-06 11:25:02.0 UTC-06:00,2024-08-06 11:25:05.0 UTC-06:00,16,1.3,1.5,468406.204,4313301.241,2429.384,-105.36469502,38.96811254,2415.356,278.524,,NAD83(2011) / UTM zone 13N + NAVD88(GEOID18) height,6,6,7,4,0
403,,468129.282,4313273.804,2424.877,,-105.36789026,38.96785526,2410.855,Global,0.010,0.011,0.010,0.015,2.134,m,FIX,2024-08-06 11:25:10.4 UTC-06:00,2024-08-06 11:25:13.4 UTC-06:00,16,1.3,1.5,468406.204,4313301.241,2429.384,-105.36469502,38.96811254,2415.356,278.502,,NAD83(2011) / UTM zone 13N + NAVD88(GEOID18) height,6,6,7,4,0
404,,468129.220,4313273.575,2424.890,,-105.36789096,38.96785319,2410.868,Global,0.012,0.011,0.012,0.016,2.134,m,FIX,2024-08-06 11:25:20.2 UTC-06:00,2024-08-06 11:25:23.2 UTC-06:00,16,1.3,1.5,468406.204,4313301.241,2429.384,-105.36469502,38.96811254,2415.356,278.594,,NAD83(2011) / UTM zone 13N + NAVD88(GEOID18) height,7,6,7,4,0
405,,468129.198,4313273.271,2424.921,,-105.36789121,38.96785045,2410.899,Global,0.011,0.011,0.010,0.016,2.134,m,FIX,2024-08-06 11:25:30.8 UTC-06:00,2024-08-06 11:25:33.8 UTC-06:00,16,1.3,1.6,468406.204,4313301.241,2429.384,-105.36469502,38.96811254,2415.356,278.639,,NAD83(2011) / UTM zone 13N + NAVD88(GEOID18) height,6,6,7,4,0
406,,468129.154,4313272.997,2424.910,,-105.36789169,38.96784798,2410.888,Global,0.012,0.011,0.010,0.016,2.134,m,FIX,2024-08-06 11:25:41.0 UTC-06:00,2024-08-06 11:25:44.0 UTC-06:00,16,1.3,1.5,468406.204,4313301.241,2429.384,-105.36469502,38.96811254,2415.356,278.701,,NAD83(2011) / UTM zone 13N + NAVD88(GEOID18) height,8,6,7,4,0
407,,468129.108,4313272.741,2424.930,,-105.36789222,38.96784567,2410.908,Global,0.012,0.016,0.010,0.020,2.134,m,FIX,2024-08-06 11:25:48.0 UTC-06:00,2024-08-06 11:25:51.0 UTC-06:00,16,1.3,1.5,468406.204,4313301.241,2429.384,-105.36469502,38.96811254,2415.356,278.778,,NAD83(2011) / UTM zone 13N + NAVD88(GEOID18) height,6,6,7,4,0
408,,468129.101,4313272.533,2424.951,,-105.36789229,38.96784380,2410.929,Global,0.015,0.017,0.013,0.022,2.134,m,FIX,2024-08-06 11:25:54.2 UTC-06:00,2024-08-06 11:25:57.2 UTC-06:00,16,1.5,1.8,468406.204,4313301.241,2429.384,-105.36469502,38.96811254,2415.356,278.790,,NAD83(2011) / UTM zone 13N + NAVD88(GEOID18) height,6,6,7,4,0
409,,468129.074,4313272.288,2424.963,,-105.36789259,38.96784159,2410.941,Global,0.022,0.022,0.011,0.031,2.134,m,FIX,2024-08-06 11:26:01.0 UTC-06:00,2024-08-06 11:26:04.0 UTC-06:00,16,1.3,1.5,468406.204,4313301.241,2429.384,-105.36469502,38.96811254,2415.356,278.855,,NAD83(2011) / UTM zone 13N + NAVD88(GEOID18) height,6,6,7,4,0
410,,468129.105,4313272.117,2425.003,,-105.36789223,38.96784005,2410.982,Global,0.016,0.029,0.010,0.033,2.134,m,FIX,2024-08-06 11:26:07.6 UTC-06:00,2024-08-06 11:26:10.6 UTC-06:00,16,1.3,1.5,468406.204,4313301.241,2429.384,-105.36469502,38.96811254,2415.356,278.867,,NAD83(2011) / UTM zone 13N + NAVD88(GEOID18) height,6,6,7,4,0
411,,468129.065,4313271.821,2425.027,,-105.36789267,38.96783738,2411.005,Global,0.018,0.027,0.011,0.032,2.134,m,FIX,2024-08-06 11:26:16.4 UTC-06:00,2024-08-06 11:26:19.4 UTC-06:00,16,1.3,1.5,468406.204,4313301.241,2429.384,-105.36469502,38.96811254,2415.356,278.928,,NAD83(2011) / UTM zone 13N + NAVD88(GEOID18) height,6,6,7,4,0
412,,468129.033,4313271.596,2425.031,,-105.36789303,38.96783535,2411.009,Global,0.018,0.022,0.012,0.028,2.134,m,FIX,2024-08-06 11:26:25.0 UTC-06:00,2024-08-06 11:26:28.0 UTC-06:00,16,1.3,1.5,468406.204,4313301.241,2429.384,-105.36469502,38.96811254,2415.356,278.949,,NAD83(2011) / UTM zone 13N + NAVD88(GEOID18) height,6,6,7,4,0
413,,468129.038,4313271.402,2425.011,,-105.36789296,38.96783361,2410.989,Global,0.011,0.012,0.010,0.016,2.134,m,FIX,2024-08-06 11:26:32.8 UTC-06:00,2024-08-06 11:26:35.8 UTC-06:00,16,1.3,1.5,468406.204,4313301.241,2429.384,-105.36469502,38.96811254,2415.356,278.990,,NAD83(2011) / UTM zone 13N + NAVD88(GEOID18) height,6,6,7,4,0
414,,468129.046,4313271.206,2425.054,,-105.36789286,38.96783184,2411.032,Global,0.014,0.012,0.011,0.018,2.134,m,FIX,2024-08-06 11:26:41.6 UTC-06:00,2024-08-06 11:26:44.6 UTC-06:00,16,1.3,1.5,468406.204,4313301.241,2429.384,-105.36469502,38.96811254,2415.356,279.012,,NAD83(2011) / UTM zone 13N + NAVD88(GEOID18) height,6,6,7,4,0
415,,468129.035,4313271.010,2425.059,,-105.36789298,38.96783008,2411.037,Global,0.015,0.013,0.011,0.020,2.134,m,FIX,2024-08-06 11:26:49.8 UTC-06:00,2024-08-06 11:26:52.8 UTC-06:00,16,1.3,1.6,468406.204,4313301.241,2429.384,-105.36469502,38.96811254,2415.356,279.033,,NAD83(2011) / UTM zone 13N + NAVD88(GEOID18) height,6,6,7,4,0
416,,468129.007,4313270.757,2425.097,,-105.36789330,38.96782779,2411.075,Global,0.011,0.012,0.012,0.016,2.134,m,FIX,2024-08-06 11:26:59.0 UTC-06:00,2024-08-06 11:27:02.0 UTC-06:00,16,1.2,1.5,468406.204,4313301.241,2429.384,-105.36469502,38.96811254,2415.356,279.088,,NAD83(2011) / UTM zone 13N + NAVD88(GEOID18) height,6,6,7,4,0
417,,468128.963,4313270.493,2425.153,,-105.36789379,38.96782541,2411.131,Global,0.013,0.023,0.010,0.027,2.134,m,FIX,2024-08-06 11:27:06.2 UTC-06:00,2024-08-06 11:27:09.2 UTC-06:00,16,1.3,1.6,468406.204,4313301.241,2429.384,-105.36469502,38.96811254,2415.356,279.155,,NAD83(2011) / UTM zone 13N + NAVD88(GEOID18) height,6,6,7,4,0
418,,468128.934,4313270.129,2425.200,,-105.36789411,38.96782213,2411.178,Global,0.014,0.012,0.010,0.018,2.134,m,FIX,2024-08-06 11:27:14.2 UTC-06:00,2024-08-06 11:27:17.2 UTC-06:00,16,1.5,1.8,468406.204,4313301.241,2429.384,-105.36469502,38.96811254,2415.356,279.244,,NAD83(2011) / UTM zone 13N + NAVD88(GEOID18) height,6,6,7,4,0
419,,468128.890,4313269.857,2425.204,,-105.36789460,38.96781968,2411.182,Global,0.017,0.022,0.011,0.027,2.134,m,FIX,2024-08-06 11:27:20.8 UTC-06:00,2024-08-06 11:27:23.8 UTC-06:00,16,1.6,1.9,468406.204,4313301.241,2429.384,-105.36469502,38.96811254,2415.356,279.290,,NAD83(2011) / UTM zone 13N + NAVD88(GEOID18) height,6,6,7,4,0
420,,468128.838,4313269.593,2425.238,,-105.36789519,38.96781729,2411.216,Global,0.019,0.017,0.012,0.026,2.134,m,FIX,2024-08-06 11:27:29.0 UTC-06:00,2024-08-06 11:27:32.0 UTC-06:00,16,1.6,1.9,468406.204,4313301.241,2429.384,-105.36469502,38.96811254,2415.356,279.359,,NAD83(2011) / UTM zone 13N + NAVD88(GEOID18) height,6,6,7,4,0
421,,468128.837,4313269.375,2425.272,,-105.36789519,38.96781533,2411.250,Global,0.016,0.011,0.011,0.019,2.134,m,FIX,2024-08-06 11:27:37.8 UTC-06:00,2024-08-06 11:27:40.8 UTC-06:00,16,1.6,1.9,468406.204,4313301.241,2429.384,-105.36469502,38.96811254,2415.356,279.426,,NAD83(2011) / UTM zone 13N + NAVD88(GEOID18) height,6,6,7,4,0
422,,468128.780,4313269.172,2425.312,,-105.36789584,38.96781350,2411.290,Global,0.014,0.015,0.011,0.020,2.134,m,FIX,2024-08-06 11:27:45.4 UTC-06:00,2024-08-06 11:27:48.4 UTC-06:00,16,1.5,1.8,468406.204,4313301.241,2429.384,-105.36469502,38.96811254,2415.356,279.484,,NAD83(2011) / UTM zone 13N + NAVD88(GEOID18) height,6,6,7,4,0
423,,468128.769,4313268.951,2425.372,,-105.36789596,38.96781151,2411.350,Global,0.012,0.014,0.010,0.019,2.134,m,FIX,2024-08-06 11:27:53.6 UTC-06:00,2024-08-06 11:27:56.6 UTC-06:00,16,1.5,1.8,468406.204,4313301.241,2429.384,-105.36469502,38.96811254,2415.356,279.537,,NAD83(2011) / UTM zone 13N + NAVD88(GEOID18) height,6,6,7,4,0
424,,468128.764,4313268.738,2425.415,,-105.36789600,38.96780959,2411.393,Global,0.011,0.018,0.011,0.021,2.134,m,FIX,2024-08-06 11:28:01.6 UTC-06:00,2024-08-06 11:28:04.6 UTC-06:00,16,1.6,1.9,468406.204,4313301.241,2429.384,-105.36469502,38.96811254,2415.356,279.551,,NAD83(2011) / UTM zone 13N + NAVD88(GEOID18) height,6,6,6,4,0
425,,468128.719,4313268.517,2425.468,,-105.36789651,38.96780760,2411.446,Global,0.016,0.011,0.012,0.020,2.134,m,FIX,2024-08-06 11:28:11.8 UTC-06:00,2024-08-06 11:28:14.8 UTC-06:00,16,1.5,1.8,468406.204,4313301.241,2429.384,-105.36469502,38.96811254,2415.356,279.610,,NAD83(2011) / UTM zone 13N + NAVD88(GEOID18) height,6,6,7,4,0
426,,468128.739,4313268.323,2425.509,,-105.36789627,38.96780585,2411.487,Global,0.015,0.011,0.010,0.018,2.134,m,FIX,2024-08-06 11:28:18.0 UTC-06:00,2024-08-06 11:28:21.0 UTC-06:00,16,1.5,1.8,468406.204,4313301.241,2429.384,-105.36469502,38.96811254,2415.356,279.621,,NAD83(2011) / UTM zone 13N + NAVD88(GEOID18) height,6,6,6,4,0
427,,468128.716,4313268.078,2425.566,,-105.36789653,38.96780364,2411.544,Global,0.025,0.037,0.011,0.045,2.134,m,FIX,2024-08-06 11:28:24.0 UTC-06:00,2024-08-06 11:28:27.0 UTC-06:00,16,1.6,1.9,468406.204,4313301.241,2429.384,-105.36469502,38.96811254,2415.356,279.677,,NAD83(2011) / UTM zone 13N + NAVD88(GEOID18) height,6,6,6,4,0
428,,468128.689,4313267.856,2425.609,,-105.36789683,38.96780164,2411.587,Global,0.012,0.019,0.011,0.022,2.134,m,FIX,2024-08-06 11:28:31.2 UTC-06:00,2024-08-06 11:28:34.2 UTC-06:00,16,1.6,1.9,468406.204,4313301.241,2429.384,-105.36469502,38.96811254,2415.356,279.747,,NAD83(2011) / UTM zone 13N + NAVD88(GEOID18) height,6,6,6,4,0
429,,468128.645,4313267.615,2425.628,,-105.36789733,38.96779946,2411.606,Global,0.015,0.015,0.010,0.021,2.134,m,FIX,2024-08-06 11:28:39.8 UTC-06:00,2024-08-06 11:28:42.8 UTC-06:00,16,1.5,1.8,468406.204,4313301.241,2429.384,-105.36469502,38.96811254,2415.356,279.817,,NAD83(2011) / UTM zone 13N + NAVD88(GEOID18) height,6,6,6,4,0
430,,468128.642,4313267.411,2425.688,,-105.36789735,38.96779763,2411.666,Global,0.023,0.014,0.011,0.026,2.134,m,FIX,2024-08-06 11:28:45.2 UTC-06:00,2024-08-06 11:28:48.2 UTC-06:00,16,1.5,1.8,468406.204,4313301.241,2429.384,-105.36469502,38.96811254,2415.356,279.846,,NAD83(2011) / UTM zone 13N + NAVD88(GEOID18) height,6,6,6,4,0
431,,468128.589,4313267.206,2425.735,,-105.36789795,38.96779577,2411.713,Global,0.011,0.017,0.010,0.020,2.134,m,FIX,2024-08-06 11:28:51.6 UTC-06:00,2024-08-06 11:28:54.6 UTC-06:00,16,1.6,1.9,468406.204,4313301.241,2429.384,-105.36469502,38.96811254,2415.356,279.917,,NAD83(2011) / UTM zone 13N + NAVD88(GEOID18) height,6,6,6,4,0
432,,468128.554,4313266.917,2425.794,,-105.36789834,38.96779317,2411.772,Global,0.014,0.011,0.010,0.018,2.134,m,FIX,2024-08-06 11:28:59.4 UTC-06:00,2024-08-06 11:29:02.4 UTC-06:00,16,1.5,1.8,468406.204,4313301.241,2429.384,-105.36469502,38.96811254,2415.356,279.983,,NAD83(2011) / UTM zone 13N + NAVD88(GEOID18) height,6,6,6,4,0
433,,468128.584,4313266.652,2425.886,,-105.36789798,38.96779078,2411.864,Global,0.013,0.022,0.011,0.026,2.134,m,FIX,2024-08-06 11:29:07.2 UTC-06:00,2024-08-06 11:29:10.2 UTC-06:00,16,1.6,1.9,468406.204,4313301.241,2429.384,-105.36469502,38.96811254,2415.356,279.973,,NAD83(2011) / UTM zone 13N + NAVD88(GEOID18) height,6,6,7,4,0
434,,468128.564,4313266.323,2426.006,,-105.36789819,38.96778782,2411.984,Global,0.018,0.018,0.011,0.025,2.134,m,FIX,2024-08-06 11:29:14.8 UTC-06:00,2024-08-06 11:29:17.8 UTC-06:00,16,1.5,1.8,468406.204,4313301.241,2429.384,-105.36469502,38.96811254,2415.356,280.067,,NAD83(2011) / UTM zone 13N + NAVD88(GEOID18) height,6,6,6,4,0
435,,468128.489,4313266.026,2426.095,,-105.36789905,38.96778514,2412.073,Global,0.011,0.013,0.011,0.017,2.134,m,FIX,2024-08-06 11:29:22.8 UTC-06:00,2024-08-06 11:29:25.8 UTC-06:00,16,1.6,1.9,468406.204,4313301.241,2429.384,-105.36469502,38.96811254,2415.356,280.153,,NAD83(2011) / UTM zone 13N + NAVD88(GEOID18) height,6,6,7,4,0
436,,468128.480,4313265.707,2426.203,,-105.36789914,38.96778227,2412.181,Global,0.021,0.012,0.011,0.024,2.134,m,FIX,2024-08-06 11:29:33.0 UTC-06:00,2024-08-06 11:29:36.0 UTC-06:00,16,1.7,2.1,468406.204,4313301.241,2429.384,-105.36469502,38.96811254,2415.356,280.164,,NAD83(2011) / UTM zone 13N + NAVD88(GEOID18) height,6,6,6,4,0
437,,468128.454,4313265.371,2426.285,,-105.36789942,38.96777924,2412.263,Global,0.012,0.014,0.012,0.018,2.134,m,FIX,2024-08-06 11:29:41.8 UTC-06:00,2024-08-06 11:29:44.8 UTC-06:00,16,1.7,2.1,468406.204,4313301.241,2429.384,-105.36469502,38.96811254,2415.356,280.269,,NAD83(2011) / UTM zone 13N + NAVD88(GEOID18) height,6,6,6,4,0
438,,468128.446,4313265.147,2426.329,,-105.36789951,38.96777721,2412.307,Global,0.014,0.021,0.012,0.026,2.134,m,FIX,2024-08-06 11:29:50.2 UTC-06:00,2024-08-06 11:29:53.2 UTC-06:00,16,1.6,1.9,468406.204,4313301.241,2429.384,-105.36469502,38.96811254,2415.356,280.312,,NAD83(2011) / UTM zone 13N + NAVD88(GEOID18) height,7,6,6,4,0
439,,468128.449,4313264.819,2426.386,,-105.36789946,38.96777426,2412.364,Global,0.014,0.017,0.014,0.022,2.134,m,FIX,2024-08-06 11:30:00.2 UTC-06:00,2024-08-06 11:30:03.2 UTC-06:00,16,1.7,2.1,468406.204,4313301.241,2429.384,-105.36469502,38.96811254,2415.356,280.361,,NAD83(2011) / UTM zone 13N + NAVD88(GEOID18) height,6,5,6,4,0
440,,468128.461,4313264.613,2426.489,,-105.36789931,38.96777241,2412.467,Global,0.012,0.012,0.012,0.017,2.134,m,FIX,2024-08-06 11:30:08.4 UTC-06:00,2024-08-06 11:30:11.4 UTC-06:00,16,1.7,2.1,468406.204,4313301.241,2429.384,-105.36469502,38.96811254,2415.356,280.368,,NAD83(2011) / UTM zone 13N + NAVD88(GEOID18) height,6,5,6,4,0
441,,468128.409,4313264.362,2426.554,,-105.36789989,38.96777015,2412.532,Global,0.012,0.012,0.010,0.017,2.134,m,FIX,2024-08-06 11:30:19.6 UTC-06:00,2024-08-06 11:30:22.6 UTC-06:00,16,1.7,2.1,468406.204,4313301.241,2429.384,-105.36469502,38.96811254,2415.356,280.453,,NAD83(2011) / UTM zone 13N + NAVD88(GEOID18) height,6,5,6,4,0
442,,468128.370,4313264.021,2426.629,,-105.36790033,38.96776707,2412.607,Global,0.014,0.011,0.010,0.018,2.134,m,FIX,2024-08-06 11:30:37.0 UTC-06:00,2024-08-06 11:30:40.0 UTC-06:00,16,1.6,1.9,468406.204,4313301.241,2429.384,-105.36469502,38.96811254,2415.356,280.540,,NAD83(2011) / UTM zone 13N + NAVD88(GEOID18) height,6,5,6,4,0
443,,468128.349,4313263.777,2426.699,,-105.36790056,38.96776487,2412.677,Global,0.019,0.038,0.010,0.043,2.134,m,FIX,2024-08-06 11:30:44.8 UTC-06:00,2024-08-06 11:30:47.8 UTC-06:00,16,1.6,1.9,468406.204,4313301.241,2429.384,-105.36469502,38.96811254,2415.356,280.602,,NAD83(2011) / UTM zone 13N + NAVD88(GEOID18) height,6,5,6,4,0
444,,468128.265,4313263.503,2426.721,,-105.36790152,38.96776240,2412.699,Global,0.020,0.037,0.010,0.042,2.134,m,FIX,2024-08-06 11:30:53.6 UTC-06:00,2024-08-06 11:30:56.6 UTC-06:00,16,1.7,2.1,468406.204,4313301.241,2429.384,-105.36469502,38.96811254,2415.356,280.669,,NAD83(2011) / UTM zone 13N + NAVD88(GEOID18) height,6,6,7,4,0
445,,468128.299,4313263.327,2426.778,,-105.36790112,38.96776081,2412.756,Global,0.019,0.020,0.011,0.028,2.134,m,FIX,2024-08-06 11:31:00.4 UTC-06:00,2024-08-06 11:31:03.4 UTC-06:00,16,2.0,2.4,468406.204,4313301.241,2429.384,-105.36469502,38.96811254,2415.356,280.705,,NAD83(2011) / UTM zone 13N + NAVD88(GEOID18) height,6,6,7,4,0
446,,468128.246,4313263.094,2426.791,,-105.36790172,38.96775871,2412.769,Global,0.011,0.013,0.014,0.017,2.134,m,FIX,2024-08-06 11:31:07.8 UTC-06:00,2024-08-06 11:31:10.8 UTC-06:00,16,2.0,2.4,468406.204,4313301.241,2429.384,-105.36469502,38.96811254,2415.356,280.778,,NAD83(2011) / UTM zone 13N + NAVD88(GEOID18) height,7,5,5,4,0
447,,468128.264,4313262.867,2426.850,,-105.36790150,38.96775667,2412.828,Global,0.016,0.013,0.012,0.021,2.134,m,FIX,2024-08-06 11:31:16.2 UTC-06:00,2024-08-06 11:31:19.2 UTC-06:00,16,2.0,2.4,468406.204,4313301.241,2429.384,-105.36469502,38.96811254,2415.356,280.804,,NAD83(2011) / UTM zone 13N + NAVD88(GEOID18) height,6,5,6,4,0
448,,468128.256,4313262.620,2426.917,,-105.36790158,38.96775444,2412.895,Global,0.016,0.011,0.010,0.019,2.134,m,FIX,2024-08-06 11:31:24.0 UTC-06:00,2024-08-06 11:31:27.0 UTC-06:00,16,1.8,2.2,468406.204,4313301.241,2429.384,-105.36469502,38.96811254,2415.356,280.848,,NAD83(2011) / UTM zone 13N + NAVD88(GEOID18) height,6,5,6,4,0
449,,468128.243,4313262.355,2426.930,,-105.36790172,38.96775205,2412.908,Global,0.014,0.011,0.011,0.018,2.134,m,FIX,2024-08-06 11:31:32.2 UTC-06:00,2024-08-06 11:31:35.2 UTC-06:00,16,1.8,2.2,468406.204,4313301.241,2429.384,-105.36469502,38.96811254,2415.356,280.884,,NAD83(2011) / UTM zone 13N + NAVD88(GEOID18) height,6,5,6,4,0
450,,468128.184,4313262.108,2426.991,,-105.36790239,38.96774983,2412.969,Global,0.012,0.015,0.016,0.019,2.134,m,FIX,2024-08-06 11:31:40.8 UTC-06:00,2024-08-06 11:31:43.8 UTC-06:00,16,1.8,2.2,468406.204,4313301.241,2429.384,-105.36469502,38.96811254,2415.356,280.976,,NAD83(2011) / UTM zone 13N + NAVD88(GEOID18) height,6,5,6,4,0
451,,468128.156,4313261.864,2426.991,,-105.36790270,38.96774762,2412.969,Global,0.014,0.013,0.011,0.019,2.134,m,FIX,2024-08-06 11:31:47.6 UTC-06:00,2024-08-06 11:31:50.6 UTC-06:00,16,2.0,2.4,468406.204,4313301.241,2429.384,-105.36469502,38.96811254,2415.356,281.038,,NAD83(2011) / UTM zone 13N + NAVD88(GEOID18) height,6,5,6,4,0
452,,468128.136,4313261.635,2427.036,,-105.36790292,38.96774556,2413.014,Global,0.010,0.013,0.011,0.016,2.134,m,FIX,2024-08-06 11:31:55.4 UTC-06:00,2024-08-06 11:31:58.4 UTC-06:00,16,1.8,2.2,468406.204,4313301.241,2429.384,-105.36469502,38.96811254,2415.356,281.092,,NAD83(2011) / UTM zone 13N + NAVD88(GEOID18) height,6,5,6,4,0
453,,468128.107,4313261.419,2427.076,,-105.36790324,38.96774361,2413.054,Global,0.012,0.012,0.010,0.017,2.134,m,FIX,2024-08-06 11:32:03.4 UTC-06:00,2024-08-06 11:32:06.4 UTC-06:00,16,2.0,2.4,468406.204,4313301.241,2429.384,-105.36469502,38.96811254,2415.356,281.151,,NAD83(2011) / UTM zone 13N + NAVD88(GEOID18) height,6,5,7,4,0
454,,468128.085,4313261.208,2427.155,,-105.36790349,38.96774171,2413.133,Global,0.020,0.013,0.011,0.024,2.134,m,FIX,2024-08-06 11:32:11.2 UTC-06:00,2024-08-06 11:32:14.2 UTC-06:00,16,1.8,2.2,468406.204,4313301.241,2429.384,-105.36469502,38.96811254,2415.356,281.184,,NAD83(2011) / UTM zone 13N + NAVD88(GEOID18) height,6,5,6,4,0
455,,468128.045,4313260.906,2427.212,,-105.36790394,38.96773899,2413.190,Global,0.010,0.010,0.013,0.014,2.134,m,FIX,2024-08-06 11:32:22.8 UTC-06:00,2024-08-06 11:32:25.8 UTC-06:00,16,1.8,2.2,468406.204,4313301.241,2429.384,-105.36469502,38.96811254,2415.356,281.281,,NAD83(2011) / UTM zone 13N + NAVD88(GEOID18) height,6,5,6,4,0
456,,468128.029,4313260.694,2427.264,,-105.36790411,38.96773708,2413.242,Global,0.012,0.014,0.012,0.018,2.134,m,FIX,2024-08-06 11:32:34.4 UTC-06:00,2024-08-06 11:32:37.4 UTC-06:00,16,1.8,2.2,468406.204,4313301.241,2429.384,-105.36469502,38.96811254,2415.356,281.321,,NAD83(2011) / UTM zone 13N + NAVD88(GEOID18) height,6,5,7,4,0
457,,468127.976,4313260.438,2427.292,,-105.36790471,38.96773477,2413.270,Global,0.013,0.012,0.011,0.018,2.134,m,FIX,2024-08-06 11:32:44.0 UTC-06:00,2024-08-06 11:32:47.0 UTC-06:00,16,1.8,2.2,468406.204,4313301.241,2429.384,-105.36469502,38.96811254,2415.356,281.425,,NAD83(2011) / UTM zone 13N + NAVD88(GEOID18) height,6,5,7,4,0
458,,468127.964,4313260.174,2427.373,,-105.36790484,38.96773239,2413.351,Global,0.011,0.012,0.011,0.017,2.134,m,FIX,2024-08-06 11:32:52.2 UTC-06:00,2024-08-06 11:32:55.2 UTC-06:00,16,1.8,2.2,468406.204,4313301.241,2429.384,-105.36469502,38.96811254,2415.356,281.470,,NAD83(2011) / UTM zone 13N + NAVD88(GEOID18) height,6,5,7,4,0
459,,468128.008,4313259.964,2427.427,,-105.36790432,38.96773049,2413.405,Global,0.014,0.015,0.024,0.020,2.134,m,FIX,2024-08-06 11:33:00.2 UTC-06:00,2024-08-06 11:33:03.2 UTC-06:00,16,2.0,2.5,468406.204,4313301.241,2429.384,-105.36469502,38.96811254,2415.356,281.467,,NAD83(2011) / UTM zone 13N + NAVD88(GEOID18) height,6,5,6,4,0
460,,468127.958,4313259.724,2427.523,,-105.36790488,38.96772833,2413.501,Global,0.011,0.013,0.014,0.017,2.134,m,FIX,2024-08-06 11:33:09.6 UTC-06:00,2024-08-06 11:33:12.6 UTC-06:00,16,2.0,2.5,468406.204,4313301.241,2429.384,-105.36469502,38.96811254,2415.356,281.541,,NAD83(2011) / UTM zone 13N + NAVD88(GEOID18) height,6,6,7,4,0
461,,468127.988,4313259.495,2427.588,,-105.36790452,38.96772627,2413.566,Global,0.013,0.016,0.021,0.021,2.134,m,FIX,2024-08-06 11:33:17.2 UTC-06:00,2024-08-06 11:33:20.2 UTC-06:00,16,2.0,2.5,468406.204,4313301.241,2429.384,-105.36469502,38.96811254,2415.356,281.531,,NAD83(2011) / UTM zone 13N + NAVD88(GEOID18) height,6,6,7,4,0
462,,468127.947,4313259.199,2427.666,,-105.36790498,38.96772360,2413.644,Global,0.017,0.016,0.012,0.023,2.134,m,FIX,2024-08-06 11:33:26.0 UTC-06:00,2024-08-06 11:33:29.0 UTC-06:00,16,1.8,2.2,468406.204,4313301.241,2429.384,-105.36469502,38.96811254,2415.356,281.616,,NAD83(2011) / UTM zone 13N + NAVD88(GEOID18) height,6,6,7,4,0
463,,468127.974,4313259.027,2427.710,,-105.36790466,38.96772205,2413.688,Global,0.011,0.014,0.012,0.018,2.134,m,FIX,2024-08-06 11:33:32.2 UTC-06:00,2024-08-06 11:33:35.2 UTC-06:00,16,1.8,2.2,468406.204,4313301.241,2429.384,-105.36469502,38.96811254,2415.356,281.641,,NAD83(2011) / UTM zone 13N + NAVD88(GEOID18) height,6,6,7,4,0
464,,468127.920,4313258.806,2427.753,,-105.36790528,38.96772006,2413.731,Global,0.011,0.013,0.010,0.017,2.134,m,FIX,2024-08-06 11:33:42.2 UTC-06:00,2024-08-06 11:33:45.2 UTC-06:00,16,1.8,2.2,468406.204,4313301.241,2429.384,-105.36469502,38.96811254,2415.356,281.715,,NAD83(2011) / UTM zone 13N + NAVD88(GEOID18) height,6,6,6,4,0
465,,468127.903,4313258.589,2427.808,,-105.36790547,38.96771811,2413.786,Global,0.011,0.012,0.017,0.016,2.134,m,FIX,2024-08-06 11:33:52.2 UTC-06:00,2024-08-06 11:33:55.2 UTC-06:00,16,1.8,2.2,468406.204,4313301.241,2429.384,-105.36469502,38.96811254,2415.356,281.765,,NAD83(2011) / UTM zone 13N + NAVD88(GEOID18) height,6,6,7,4,0
466,,468127.894,4313258.422,2427.881,,-105.36790557,38.96771660,2413.859,Global,0.013,0.010,0.017,0.017,2.134,m,FIX,2024-08-06 11:34:05.2 UTC-06:00,2024-08-06 11:34:08.2 UTC-06:00,16,1.8,2.2,468406.204,4313301.241,2429.384,-105.36469502,38.96811254,2415.356,281.798,,NAD83(2011) / UTM zone 13N + NAVD88(GEOID18) height,6,6,5,4,0
467,,468127.875,4313258.219,2427.906,,-105.36790577,38.96771477,2413.884,Global,0.011,0.011,0.013,0.016,2.134,m,FIX,2024-08-06 11:34:15.2 UTC-06:00,2024-08-06 11:34:18.2 UTC-06:00,16,1.8,2.2,468406.204,4313301.241,2429.384,-105.36469502,38.96811254,2415.356,281.846,,NAD83(2011) / UTM zone 13N + NAVD88(GEOID18) height,6,6,6,4,0
468,,468127.880,4313258.065,2427.972,,-105.36790571,38.96771338,2413.950,Global,0.011,0.011,0.015,0.016,2.134,m,FIX,2024-08-06 11:34:27.2 UTC-06:00,2024-08-06 11:34:30.2 UTC-06:00,16,1.8,2.2,468406.204,4313301.241,2429.384,-105.36469502,38.96811254,2415.356,281.883,,NAD83(2011) / UTM zone 13N + NAVD88(GEOID18) height,7,6,7,4,0
469,,468127.856,4313257.881,2428.021,,-105.36790598,38.96771172,2413.999,Global,0.023,0.012,0.017,0.026,2.134,m,FIX,2024-08-06 11:34:35.6 UTC-06:00,2024-08-06 11:34:38.6 UTC-06:00,16,1.8,2.2,468406.204,4313301.241,2429.384,-105.36469502,38.96811254,2415.356,281.930,,NAD83(2011) / UTM zone 13N + NAVD88(GEOID18) height,6,6,7,4,0
470,,468127.829,4313257.685,2428.084,,-105.36790628,38.96770995,2414.062,Global,0.015,0.016,0.025,0.022,2.134,m,FIX,2024-08-06 11:34:44.0 UTC-06:00,2024-08-06 11:34:47.0 UTC-06:00,16,1.8,2.2,468406.204,4313301.241,2429.384,-105.36469502,38.96811254,2415.356,281.960,,NAD83(2011) / UTM zone 13N + NAVD88(GEOID18) height,6,6,7,4,0
471,,468127.856,4313257.494,2428.141,,-105.36790596,38.96770823,2414.119,Global,0.014,0.015,0.029,0.020,2.134,m,FIX,2024-08-06 11:34:54.6 UTC-06:00,2024-08-06 11:34:57.6 UTC-06:00,16,2.0,2.5,468406.204,4313301.241,2429.384,-105.36469502,38.96811254,2415.356,281.987,,NAD83(2011) / UTM zone 13N + NAVD88(GEOID18) height,6,6,7,4,0
472,,468127.833,4313257.207,2428.189,,-105.36790621,38.96770565,2414.167,Global,0.013,0.011,0.024,0.017,2.134,m,FIX,2024-08-06 11:35:06.2 UTC-06:00,2024-08-06 11:35:09.2 UTC-06:00,16,1.8,2.2,468406.204,4313301.241,2429.384,-105.36469502,38.96811254,2415.356,282.066,,NAD83(2011) / UTM zone 13N + NAVD88(GEOID18) height,6,6,7,4,0
473,,468127.764,4313256.926,2428.215,,-105.36790700,38.96770311,2414.193,Global,0.011,0.021,0.029,0.024,2.134,m,FIX,2024-08-06 11:35:25.0 UTC-06:00,2024-08-06 11:35:28.0 UTC-06:00,16,1.8,2.2,468406.204,4313301.241,2429.384,-105.36469502,38.96811254,2415.356,282.167,,NAD83(2011) / UTM zone 13N + NAVD88(GEOID18) height,6,6,7,4,0
474,,468127.757,4313256.717,2428.241,,-105.36790707,38.96770123,2414.219,Global,0.014,0.011,0.017,0.018,2.134,m,FIX,2024-08-06 11:35:49.6 UTC-06:00,2024-08-06 11:35:52.6 UTC-06:00,16,1.8,2.2,468406.204,4313301.241,2429.384,-105.36469502,38.96811254,2415.356,282.215,,NAD83(2011) / UTM zone 13N + NAVD88(GEOID18) height,7,6,7,4,0
475,,468127.717,4313256.499,2428.320,,-105.36790752,38.96769926,2414.298,Global,0.017,0.011,0.013,0.021,2.134,m,FIX,2024-08-06 11:36:30.6 UTC-06:00,2024-08-06 11:36:33.6 UTC-06:00,16,1.9,2.4,468406.204,4313301.241,2429.384,-105.36469502,38.96811254,2415.356,282.267,,NAD83(2011) / UTM zone 13N + NAVD88(GEOID18) height,7,6,7,4,0
476,,468127.673,4313256.275,2428.395,,-105.36790802,38.96769724,2414.373,Global,0.012,0.014,0.011,0.019,2.134,m,FIX,2024-08-06 11:36:39.4 UTC-06:00,2024-08-06 11:36:42.4 UTC-06:00,16,2.2,2.7,468406.204,4313301.241,2429.384,-105.36469502,38.96811254,2415.356,282.356,,NAD83(2011) / UTM zone 13N + NAVD88(GEOID18) height,7,6,6,4,0
477,,468127.661,4313256.087,2428.413,,-105.36790814,38.96769555,2414.391,Global,0.011,0.011,0.011,0.016,2.134,m,FIX,2024-08-06 11:36:48.4 UTC-06:00,2024-08-06 11:36:51.4 UTC-06:00,16,1.8,2.2,468406.204,4313301.241,2429.384,-105.36469502,38.96811254,2415.356,282.395,,NAD83(2011) / UTM zone 13N + NAVD88(GEOID18) height,7,6,7,4,0
478,,468127.658,4313255.868,2428.479,,-105.36790817,38.96769357,2414.457,Global,0.015,0.012,0.040,0.019,2.134,m,FIX,2024-08-06 11:37:01.0 UTC-06:00,2024-08-06 11:37:04.0 UTC-06:00,16,2.0,2.5,468406.204,4313301.241,2429.384,-105.36469502,38.96811254,2415.356,282.454,,NAD83(2011) / UTM zone 13N + NAVD88(GEOID18) height,7,6,6,4,0
479,,468127.637,4313255.609,2428.543,,-105.36790840,38.96769124,2414.521,Global,0.013,0.013,0.029,0.018,2.134,m,FIX,2024-08-06 11:37:49.6 UTC-06:00,2024-08-06 11:38:19.6 UTC-06:00,151,1.9,2.4,468406.204,4313301.241,2429.384,-105.36469502,38.96811254,2415.356,282.506,,NAD83(2011) / UTM zone 13N + NAVD88(GEOID18) height,8,5,7,4,0
480,,468127.639,4313255.615,2428.511,,-105.36790837,38.96769130,2414.489,Global,0.012,0.011,0.023,0.016,2.134,m,FIX,2024-08-06 11:38:29.8 UTC-06:00,2024-08-06 11:38:32.8 UTC-06:00,16,1.8,2.2,468406.204,4313301.241,2429.384,-105.36469502,38.96811254,2415.356,282.505,,NAD83(2011) / UTM zone 13N + NAVD88(GEOID18) height,7,5,7,4,0
481,,468127.497,4313255.666,2428.568,,-105.36791002,38.96769175,2414.546,Global,0.013,0.012,0.027,0.017,2.134,m,FIX,2024-08-06 11:38:37.2 UTC-06:00,2024-08-06 11:38:40.2 UTC-06:00,16,1.9,2.3,468406.204,4313301.241,2429.384,-105.36469502,38.96811254,2415.356,282.631,,NAD83(2011) / UTM zone 13N + NAVD88(GEOID18) height,7,5,7,4,0
482,,468127.656,4313255.789,2428.450,,-105.36790819,38.96769286,2414.428,Global,0.011,0.014,0.021,0.018,2.134,m,FIX,2024-08-06 11:38:47.6 UTC-06:00,2024-08-06 11:38:50.6 UTC-06:00,16,2.1,2.7,468406.204,4313301.241,2429.384,-105.36469502,38.96811254,2415.356,282.454,,NAD83(2011) / UTM zone 13N + NAVD88(GEOID18) height,7,5,6,4,0
483,,468127.838,4313255.519,2428.471,,-105.36790608,38.96769044,2414.449,Global,0.012,0.010,0.018,0.016,2.134,m,FIX,2024-08-06 11:39:33.2 UTC-06:00,2024-08-06 11:39:36.2 UTC-06:00,16,1.8,2.2,468406.204,4313301.241,2429.384,-105.36469502,38.96811254,2415.356,282.325,,NAD83(2011) / UTM zone 13N + NAVD88(GEOID18) height,7,5,5,4,0
484,,468127.573,4313255.413,2428.535,,-105.36790913,38.96768948,2414.513,Global,0.011,0.011,0.018,0.016,2.134,m,FIX,2024-08-06 11:40:18.4 UTC-06:00,2024-08-06 11:40:21.4 UTC-06:00,16,1.8,2.2,468406.204,4313301.241,2429.384,-105.36469502,38.96811254,2415.356,282.590,,NAD83(2011) / UTM zone 13N + NAVD88(GEOID18) height,8,5,5,4,0
485,,468127.635,4313255.564,2428.488,,-105.36790842,38.96769083,2414.466,Global,0.011,0.011,0.018,0.015,2.134,m,FIX,2024-08-06 11:40:32.0 UTC-06:00,2024-08-06 11:40:35.0 UTC-06:00,16,2.2,2.8,468406.204,4313301.241,2429.384,-105.36469502,38.96811254,2415.356,282.501,,NAD83(2011) / UTM zone 13N + NAVD88(GEOID18) height,7,5,6,4,0
486,,468127.663,4313255.605,2428.545,,-105.36790810,38.96769121,2414.523,Global,0.011,0.011,0.021,0.016,2.134,m,FIX,2024-08-06 11:40:40.8 UTC-06:00,2024-08-06 11:40:43.8 UTC-06:00,16,2.3,2.8,468406.204,4313301.241,2429.384,-105.36469502,38.96811254,2415.356,282.466,,NAD83(2011) / UTM zone 13N + NAVD88(GEOID18) height,8,5,6,4,0
487,,468386.578,4313370.920,2423.629,,-105.36492479,38.96873972,2409.603,Global,0.014,0.011,0.011,0.018,2.134,m,FIX,2024-08-06 13:21:35.0 UTC-06:00,2024-08-06 13:22:05.0 UTC-06:00,151,1.3,1.5,468406.204,4313301.241,2429.384,-105.36469502,38.96811254,2415.356,72.540,,NAD83(2011) / UTM zone 13N + NAVD88(GEOID18) height,8,7,7,6,0
488,,468386.577,4313370.887,2423.628,,-105.36492480,38.96873942,2409.601,Global,0.014,0.027,0.010,0.030,2.134,m,FIX,2024-08-06 13:22:18.4 UTC-06:00,2024-08-06 13:22:21.4 UTC-06:00,16,1.2,1.5,468406.204,4313301.241,2429.384,-105.36469502,38.96811254,2415.356,72.530,,NAD83(2011) / UTM zone 13N + NAVD88(GEOID18) height,8,7,7,6,0
489,,468386.396,4313370.639,2423.336,,-105.36492688,38.96873718,2409.310,Global,0.071,0.020,0.011,0.074,2.134,m,FIX,2024-08-06 13:22:32.4 UTC-06:00,2024-08-06 13:22:35.4 UTC-06:00,16,1.2,1.5,468406.204,4313301.241,2429.384,-105.36469502,38.96811254,2415.356,72.286,,NAD83(2011) / UTM zone 13N + NAVD88(GEOID18) height,8,7,7,6,0
490,,468386.323,4313370.979,2423.345,,-105.36492773,38.96874024,2409.318,Global,0.013,0.013,0.010,0.019,2.134,m,FIX,2024-08-06 13:22:41.0 UTC-06:00,2024-08-06 13:22:44.0 UTC-06:00,16,1.2,1.5,468406.204,4313301.241,2429.384,-105.36469502,38.96811254,2415.356,72.679,,NAD83(2011) / UTM zone 13N + NAVD88(GEOID18) height,8,7,7,6,0
491,,468386.679,4313371.243,2423.341,,-105.36492363,38.96874263,2409.314,Global,0.012,0.012,0.010,0.018,2.134,m,FIX,2024-08-06 13:22:51.0 UTC-06:00,2024-08-06 13:22:54.0 UTC-06:00,16,1.2,1.5,468406.204,4313301.241,2429.384,-105.36469502,38.96811254,2415.356,72.842,,NAD83(2011) / UTM zone 13N + NAVD88(GEOID18) height,8,7,7,6,0
492,,468386.930,4313370.945,2423.334,,-105.36492072,38.96873996,2409.308,Global,0.030,0.013,0.010,0.033,2.134,m,FIX,2024-08-06 13:22:57.4 UTC-06:00,2024-08-06 13:23:00.4 UTC-06:00,16,1.2,1.5,468406.204,4313301.241,2429.384,-105.36469502,38.96811254,2415.356,72.478,,NAD83(2011) / UTM zone 13N + NAVD88(GEOID18) height,8,7,7,6,0
493,,468386.649,4313370.924,2423.342,,-105.36492397,38.96873976,2409.316,Global,0.018,0.028,0.010,0.034,2.134,m,FIX,2024-08-06 13:23:03.4 UTC-06:00,2024-08-06 13:23:06.4 UTC-06:00,16,1.2,1.5,468406.204,4313301.241,2429.384,-105.36469502,38.96811254,2415.356,72.547,,NAD83(2011) / UTM zone 13N + NAVD88(GEOID18) height,8,7,7,6,0
494,,468386.583,4313370.928,2423.636,,-105.36492473,38.96873979,2409.610,Global,0.014,0.011,0.010,0.018,2.134,m,FIX,2024-08-06 13:23:16.4 UTC-06:00,2024-08-06 13:23:19.4 UTC-06:00,16,1.2,1.5,468406.204,4313301.241,2429.384,-105.36469502,38.96811254,2415.356,72.531,,NAD83(2011) / UTM zone 13N + NAVD88(GEOID18) height,8,7,7,6,0
495,,468386.347,4313371.067,2423.317,,-105.36492746,38.96874103,2409.291,Global,0.011,0.021,0.011,0.024,2.134,m,FIX,2024-08-06 13:29:28.6 UTC-06:00,2024-08-06 13:29:31.6 UTC-06:00,16,1.4,1.7,468406.204,4313301.241,2429.384,-105.36469502,38.96811254,2415.356,72.747,,NAD83(2011) / UTM zone 13N + NAVD88(GEOID18) height,8,7,7,6,0
496,,468386.074,4313371.111,2423.235,,-105.36493061,38.96874143,2409.208,Global,0.010,0.013,0.010,0.017,2.134,m,FIX,2024-08-06 13:29:35.6 UTC-06:00,2024-08-06 13:29:38.6 UTC-06:00,16,1.4,1.6,468406.204,4313301.241,2429.384,-105.36469502,38.96811254,2415.356,72.868,,NAD83(2011) / UTM zone 13N + NAVD88(GEOID18) height,8,7,7,6,0
497,,468385.871,4313371.198,2423.143,,-105.36493296,38.96874220,2409.117,Global,0.011,0.013,0.011,0.017,2.134,m,FIX,2024-08-06 13:29:44.2 UTC-06:00,2024-08-06 13:29:47.2 UTC-06:00,16,1.4,1.6,468406.204,4313301.241,2429.384,-105.36469502,38.96811254,2415.356,73.037,,NAD83(2011) / UTM zone 13N + NAVD88(GEOID18) height,8,7,7,6,0
498,,468385.725,4313371.247,2423.086,,-105.36493464,38.96874263,2409.059,Global,0.020,0.025,0.014,0.032,2.134,m,FIX,2024-08-06 13:29:50.0 UTC-06:00,2024-08-06 13:29:53.0 UTC-06:00,16,1.4,1.6,468406.204,4313301.241,2429.384,-105.36469502,38.96811254,2415.356,73.108,,NAD83(2011) / UTM zone 13N + NAVD88(GEOID18) height,8,7,7,6,0
499,,468385.783,4313371.493,2422.858,,-105.36493399,38.96874485,2408.832,Global,0.026,0.023,0.011,0.035,2.134,m,FIX,2024-08-06 13:30:53.4 UTC-06:00,2024-08-06 13:30:56.4 UTC-06:00,16,1.4,1.6,468406.204,4313301.241,2429.384,-105.36469502,38.96811254,2415.356,73.323,,NAD83(2011) / UTM zone 13N + NAVD88(GEOID18) height,8,7,8,6,0
500,,468385.705,4313371.482,2422.586,,-105.36493489,38.96874475,2408.560,Global,0.011,0.012,0.010,0.016,2.134,m,FIX,2024-08-06 13:31:05.6 UTC-06:00,2024-08-06 13:31:08.6 UTC-06:00,16,1.4,1.6,468406.204,4313301.241,2429.384,-105.36469502,38.96811254,2415.356,73.385,,NAD83(2011) / UTM zone 13N + NAVD88(GEOID18) height,8,7,8,6,0
501,,468385.488,4313371.558,2422.596,,-105.36493740,38.96874543,2408.570,Global,0.013,0.016,0.011,0.020,2.134,m,FIX,2024-08-06 13:31:12.6 UTC-06:00,2024-08-06 13:31:15.6 UTC-06:00,16,1.4,1.7,468406.204,4313301.241,2429.384,-105.36469502,38.96811254,2415.356,73.497,,NAD83(2011) / UTM zone 13N + NAVD88(GEOID18) height,8,7,8,6,0
502,,468385.295,4313371.619,2422.596,,-105.36493963,38.96874597,2408.570,Global,0.015,0.012,0.011,0.019,2.134,m,FIX,2024-08-06 13:31:18.0 UTC-06:00,2024-08-06 13:31:21.0 UTC-06:00,16,1.4,1.6,468406.204,4313301.241,2429.384,-105.36469502,38.96811254,2415.356,73.626,,NAD83(2011) / UTM zone 13N + NAVD88(GEOID18) height,8,7,8,6,0
503,,468385.067,4313371.657,2422.610,,-105.36494226,38.96874631,2408.584,Global,0.041,0.021,0.011,0.046,2.134,m,FIX,2024-08-06 13:31:23.0 UTC-06:00,2024-08-06 13:31:26.0 UTC-06:00,16,1.4,1.6,468406.204,4313301.241,2429.384,-105.36469502,38.96811254,2415.356,73.724,,NAD83(2011) / UTM zone 13N + NAVD88(GEOID18) height,8,7,8,6,0
504,,468384.884,4313371.744,2422.634,,-105.36494438,38.96874708,2408.608,Global,0.017,0.016,0.010,0.023,2.134,m,FIX,2024-08-06 13:31:28.0 UTC-06:00,2024-08-06 13:31:31.0 UTC-06:00,16,1.2,1.4,468406.204,4313301.241,2429.384,-105.36469502,38.96811254,2415.356,73.854,,NAD83(2011) / UTM zone 13N + NAVD88(GEOID18) height,8,7,8,6,0
505,,468384.644,4313371.789,2422.601,,-105.36494715,38.96874748,2408.575,Global,0.013,0.011,0.011,0.016,2.134,m,FIX,2024-08-06 13:31:36.4 UTC-06:00,2024-08-06 13:31:39.4 UTC-06:00,16,1.4,1.6,468406.204,4313301.241,2429.384,-105.36469502,38.96811254,2415.356,73.973,,NAD83(2011) / UTM zone 13N + NAVD88(GEOID18) height,8,7,8,6,0
506,,468384.469,4313371.857,2422.576,,-105.36494918,38.96874809,2408.550,Global,0.017,0.015,0.013,0.023,2.134,m,FIX,2024-08-06 13:31:41.6 UTC-06:00,2024-08-06 13:31:44.6 UTC-06:00,16,1.4,1.6,468406.204,4313301.241,2429.384,-105.36469502,38.96811254,2415.356,74.094,,NAD83(2011) / UTM zone 13N + NAVD88(GEOID18) height,8,7,8,6,0
507,,468384.283,4313371.990,2422.529,,-105.36495133,38.96874928,2408.503,Global,0.012,0.030,0.012,0.033,2.134,m,FIX,2024-08-06 13:31:46.8 UTC-06:00,2024-08-06 13:31:49.8 UTC-06:00,16,1.4,1.6,468406.204,4313301.241,2429.384,-105.36469502,38.96811254,2415.356,74.284,,NAD83(2011) / UTM zone 13N + NAVD88(GEOID18) height,8,7,7,6,0
508,,468384.068,4313372.100,2422.486,,-105.36495381,38.96875026,2408.459,Global,0.017,0.012,0.011,0.020,2.134,m,FIX,2024-08-06 13:31:56.0 UTC-06:00,2024-08-06 13:31:59.0 UTC-06:00,16,1.4,1.6,468406.204,4313301.241,2429.384,-105.36469502,38.96811254,2415.356,74.431,,NAD83(2011) / UTM zone 13N + NAVD88(GEOID18) height,8,7,7,6,0
509,,468383.892,4313372.135,2422.461,,-105.36495585,38.96875057,2408.435,Global,0.016,0.013,0.011,0.021,2.134,m,FIX,2024-08-06 13:32:02.0 UTC-06:00,2024-08-06 13:32:05.0 UTC-06:00,16,1.4,1.6,468406.204,4313301.241,2429.384,-105.36469502,38.96811254,2415.356,74.532,,NAD83(2011) / UTM zone 13N + NAVD88(GEOID18) height,8,7,7,6,0
510,,468383.663,4313372.208,2422.385,,-105.36495850,38.96875122,2408.358,Global,0.012,0.012,0.011,0.017,2.134,m,FIX,2024-08-06 13:32:09.0 UTC-06:00,2024-08-06 13:32:12.0 UTC-06:00,16,1.2,1.4,468406.204,4313301.241,2429.384,-105.36469502,38.96811254,2415.356,74.688,,NAD83(2011) / UTM zone 13N + NAVD88(GEOID18) height,8,7,7,6,0
511,,468383.463,4313372.302,2422.361,,-105.36496081,38.96875206,2408.335,Global,0.014,0.013,0.011,0.019,2.134,m,FIX,2024-08-06 13:32:14.4 UTC-06:00,2024-08-06 13:32:17.4 UTC-06:00,16,1.3,1.5,468406.204,4313301.241,2429.384,-105.36469502,38.96811254,2415.356,74.831,,NAD83(2011) / UTM zone 13N + NAVD88(GEOID18) height,8,7,7,6,0
512,,468383.252,4313372.385,2422.319,,-105.36496324,38.96875280,2408.293,Global,0.018,0.034,0.013,0.039,2.134,m,FIX,2024-08-06 13:32:20.8 UTC-06:00,2024-08-06 13:32:23.8 UTC-06:00,16,1.4,1.7,468406.204,4313301.241,2429.384,-105.36469502,38.96811254,2415.356,74.943,,NAD83(2011) / UTM zone 13N + NAVD88(GEOID18) height,8,7,7,6,0
513,,468382.989,4313372.444,2422.238,,-105.36496628,38.96875332,2408.211,Global,0.012,0.018,0.012,0.022,2.134,m,FIX,2024-08-06 13:32:26.4 UTC-06:00,2024-08-06 13:32:29.4 UTC-06:00,16,1.4,1.7,468406.204,4313301.241,2429.384,-105.36469502,38.96811254,2415.356,75.127,,NAD83(2011) / UTM zone 13N + NAVD88(GEOID18) height,8,7,7,6,0
514,,468382.805,4313372.562,2422.218,,-105.36496842,38.96875438,2408.192,Global,0.027,0.013,0.011,0.030,2.134,m,FIX,2024-08-06 13:32:32.0 UTC-06:00,2024-08-06 13:32:35.0 UTC-06:00,16,1.4,1.7,468406.204,4313301.241,2429.384,-105.36469502,38.96811254,2415.356,75.301,,NAD83(2011) / UTM zone 13N + NAVD88(GEOID18) height,8,7,7,6,0
515,,468382.520,4313372.657,2422.163,,-105.36497170,38.96875522,2408.137,Global,0.014,0.022,0.011,0.026,2.134,m,FIX,2024-08-06 13:32:37.4 UTC-06:00,2024-08-06 13:32:40.4 UTC-06:00,16,1.3,1.5,468406.204,4313301.241,2429.384,-105.36469502,38.96811254,2415.356,75.466,,NAD83(2011) / UTM zone 13N + NAVD88(GEOID18) height,8,7,7,6,0
516,,468382.297,4313372.735,2422.129,,-105.36497428,38.96875592,2408.103,Global,0.017,0.019,0.010,0.026,2.134,m,FIX,2024-08-06 13:32:42.6 UTC-06:00,2024-08-06 13:32:45.6 UTC-06:00,16,1.3,1.5,468406.204,4313301.241,2429.384,-105.36469502,38.96811254,2415.356,75.631,,NAD83(2011) / UTM zone 13N + NAVD88(GEOID18) height,8,7,7,6,0
517,,468382.104,4313372.814,2422.111,,-105.36497652,38.96875663,2408.085,Global,0.012,0.024,0.012,0.026,2.134,m,FIX,2024-08-06 13:32:47.8 UTC-06:00,2024-08-06 13:32:50.8 UTC-06:00,16,1.4,1.6,468406.204,4313301.241,2429.384,-105.36469502,38.96811254,2415.356,75.782,,NAD83(2011) / UTM zone 13N + NAVD88(GEOID18) height,8,7,7,6,0
518,,468381.843,4313372.944,2422.098,,-105.36497953,38.96875778,2408.072,Global,0.016,0.014,0.011,0.022,2.134,m,FIX,2024-08-06 13:32:53.4 UTC-06:00,2024-08-06 13:32:56.4 UTC-06:00,16,1.4,1.6,468406.204,4313301.241,2429.384,-105.36469502,38.96811254,2415.356,75.973,,NAD83(2011) / UTM zone 13N + NAVD88(GEOID18) height,8,7,7,6,0
519,,468381.638,4313373.054,2422.117,,-105.36498190,38.96875877,2408.091,Global,0.013,0.011,0.010,0.017,2.134,m,FIX,2024-08-06 13:32:59.6 UTC-06:00,2024-08-06 13:33:02.6 UTC-06:00,16,1.2,1.4,468406.204,4313301.241,2429.384,-105.36469502,38.96811254,2415.356,76.130,,NAD83(2011) / UTM zone 13N + NAVD88(GEOID18) height,8,7,7,6,0
520,,468381.354,4313373.145,2422.054,,-105.36498519,38.96875958,2408.028,Global,0.012,0.025,0.012,0.028,2.134,m,FIX,2024-08-06 13:33:05.2 UTC-06:00,2024-08-06 13:33:08.2 UTC-06:00,16,1.4,1.6,468406.204,4313301.241,2429.384,-105.36469502,38.96811254,2415.356,76.320,,NAD83(2011) / UTM zone 13N + NAVD88(GEOID18) height,8,7,7,6,0
521,,468381.136,4313373.207,2422.044,,-105.36498771,38.96876013,2408.018,Global,0.011,0.010,0.010,0.015,2.134,m,FIX,2024-08-06 13:33:11.2 UTC-06:00,2024-08-06 13:33:11.6 UTC-06:00,3,1.3,1.6,468406.204,4313301.241,2429.384,-105.36469502,38.96811254,2415.356,76.443,,NAD83(2011) / UTM zone 13N + NAVD88(GEOID18) height,8,7,7,6,0
522,,468380.884,4313373.323,2421.994,,-105.36499062,38.96876117,2407.968,Global,0.012,0.012,0.013,0.017,2.134,m,FIX,2024-08-06 13:33:16.8 UTC-06:00,2024-08-06 13:33:19.8 UTC-06:00,16,1.3,1.6,468406.204,4313301.241,2429.384,-105.36469502,38.96811254,2415.356,76.644,,NAD83(2011) / UTM zone 13N + NAVD88(GEOID18) height,8,7,7,6,0
523,,468380.727,4313373.450,2421.918,,-105.36499244,38.96876231,2407.892,Global,0.013,0.013,0.011,0.019,2.134,m,FIX,2024-08-06 13:33:23.4 UTC-06:00,2024-08-06 13:33:26.4 UTC-06:00,16,1.4,1.7,468406.204,4313301.241,2429.384,-105.36469502,38.96811254,2415.356,76.826,,NAD83(2011) / UTM zone 13N + NAVD88(GEOID18) height,8,7,7,6,0
524,,468380.430,4313373.521,2421.889,,-105.36499587,38.96876294,2407.863,Global,0.021,0.025,0.015,0.033,2.134,m,FIX,2024-08-06 13:33:28.8 UTC-06:00,2024-08-06 13:33:31.8 UTC-06:00,16,1.7,2.0,468406.204,4313301.241,2429.384,-105.36469502,38.96811254,2415.356,76.990,,NAD83(2011) / UTM zone 13N + NAVD88(GEOID18) height,8,7,7,6,0
525,,468380.218,4313373.611,2421.819,,-105.36499833,38.96876374,2407.793,Global,0.015,0.012,0.012,0.020,2.134,m,FIX,2024-08-06 13:33:35.0 UTC-06:00,2024-08-06 13:33:38.0 UTC-06:00,16,1.3,1.6,468406.204,4313301.241,2429.384,-105.36469502,38.96811254,2415.356,77.135,,NAD83(2011) / UTM zone 13N + NAVD88(GEOID18) height,8,7,7,6,0
526,,468379.918,4313373.747,2421.894,,-105.36500179,38.96876495,2407.868,Global,0.030,0.018,0.012,0.035,2.134,m,FIX,2024-08-06 13:33:41.0 UTC-06:00,2024-08-06 13:33:44.0 UTC-06:00,16,1.2,1.5,468406.204,4313301.241,2429.384,-105.36469502,38.96811254,2415.356,77.356,,NAD83(2011) / UTM zone 13N + NAVD88(GEOID18) height,8,7,7,6,0
527,,468379.666,4313373.704,2421.761,,-105.36500470,38.96876456,2407.735,Global,0.017,0.013,0.013,0.022,2.134,m,FIX,2024-08-06 13:33:59.6 UTC-06:00,2024-08-06 13:34:02.6 UTC-06:00,16,1.4,1.7,468406.204,4313301.241,2429.384,-105.36469502,38.96811254,2415.356,77.422,,NAD83(2011) / UTM zone 13N + NAVD88(GEOID18) height,8,7,7,6,0
528,,468379.404,4313373.822,2421.735,,-105.36500773,38.96876561,2407.709,Global,0.023,0.016,0.016,0.028,2.134,m,FIX,2024-08-06 13:34:05.4 UTC-06:00,2024-08-06 13:34:08.4 UTC-06:00,16,1.4,1.7,468406.204,4313301.241,2429.384,-105.36469502,38.96811254,2415.356,77.617,,NAD83(2011) / UTM zone 13N + NAVD88(GEOID18) height,8,7,7,6,0
529,,468379.108,4313373.966,2421.684,,-105.36501115,38.96876690,2407.658,Global,0.020,0.017,0.012,0.027,2.134,m,FIX,2024-08-06 13:34:11.0 UTC-06:00,2024-08-06 13:34:14.0 UTC-06:00,16,1.4,1.7,468406.204,4313301.241,2429.384,-105.36469502,38.96811254,2415.356,77.847,,NAD83(2011) / UTM zone 13N + NAVD88(GEOID18) height,8,7,7,6,0
530,,468378.868,4313374.055,2421.648,,-105.36501393,38.96876769,2407.622,Global,0.018,0.028,0.011,0.034,2.134,m,FIX,2024-08-06 13:34:16.6 UTC-06:00,2024-08-06 13:34:19.6 UTC-06:00,16,1.4,1.7,468406.204,4313301.241,2429.384,-105.36469502,38.96811254,2415.356,78.059,,NAD83(2011) / UTM zone 13N + NAVD88(GEOID18) height,8,7,7,6,0
531,,468378.644,4313374.257,2421.610,,-105.36501652,38.96876951,2407.584,Global,0.014,0.030,0.011,0.033,2.134,m,FIX,2024-08-06 13:34:25.0 UTC-06:00,2024-08-06 13:34:28.0 UTC-06:00,16,1.7,2.0,468406.204,4313301.241,2429.384,-105.36469502,38.96811254,2415.356,78.304,,NAD83(2011) / UTM zone 13N + NAVD88(GEOID18) height,8,7,7,6,0
532,,468378.318,4313374.420,2421.586,,-105.36502029,38.96877096,2407.560,Global,0.027,0.025,0.011,0.037,2.134,m,FIX,2024-08-06 13:34:32.4 UTC-06:00,2024-08-06 13:34:35.4 UTC-06:00,16,1.7,2.0,468406.204,4313301.241,2429.384,-105.36469502,38.96811254,2415.356,78.596,,NAD83(2011) / UTM zone 13N + NAVD88(GEOID18) height,8,7,7,6,0
533,,468378.168,4313374.347,2421.550,,-105.36502202,38.96877030,2407.524,Global,0.016,0.019,0.012,0.024,2.134,m,FIX,2024-08-06 13:34:51.2 UTC-06:00,2024-08-06 13:34:54.2 UTC-06:00,16,1.6,1.9,468406.204,4313301.241,2429.384,-105.36469502,38.96811254,2415.356,78.540,,NAD83(2011) / UTM zone 13N + NAVD88(GEOID18) height,8,7,7,6,0
534,,468377.852,4313374.404,2421.586,,-105.36502567,38.96877080,2407.560,Global,0.021,0.019,0.014,0.028,2.134,m,FIX,2024-08-06 13:34:57.4 UTC-06:00,2024-08-06 13:35:00.4 UTC-06:00,16,1.6,1.9,468406.204,4313301.241,2429.384,-105.36469502,38.96811254,2415.356,78.745,,NAD83(2011) / UTM zone 13N + NAVD88(GEOID18) height,8,7,7,6,0
535,,468377.592,4313374.499,2421.608,,-105.36502868,38.96877164,2407.582,Global,0.026,0.021,0.012,0.033,2.134,m,FIX,2024-08-06 13:35:06.0 UTC-06:00,2024-08-06 13:35:09.0 UTC-06:00,16,1.3,1.6,468406.204,4313301.241,2429.384,-105.36469502,38.96811254,2415.356,78.943,,NAD83(2011) / UTM zone 13N + NAVD88(GEOID18) height,8,7,7,6,0
536,,468377.427,4313374.552,2421.651,,-105.36503058,38.96877211,2407.625,Global,0.019,0.015,0.013,0.024,2.134,m,FIX,2024-08-06 13:35:22.6 UTC-06:00,2024-08-06 13:35:25.6 UTC-06:00,16,1.3,1.6,468406.204,4313301.241,2429.384,-105.36469502,38.96811254,2415.356,79.017,,NAD83(2011) / UTM zone 13N + NAVD88(GEOID18) height,8,7,7,6,0
537,,468377.232,4313374.738,2421.691,,-105.36503285,38.96877379,2407.665,Global,0.023,0.018,0.011,0.029,2.134,m,FIX,2024-08-06 13:35:28.4 UTC-06:00,2024-08-06 13:35:31.4 UTC-06:00,16,1.3,1.6,468406.204,4313301.241,2429.384,-105.36469502,38.96811254,2415.356,79.252,,NAD83(2011) / UTM zone 13N + NAVD88(GEOID18) height,8,7,7,6,0
538,,468376.979,4313374.839,2421.760,,-105.36503577,38.96877469,2407.734,Global,0.017,0.019,0.013,0.025,2.134,m,FIX,2024-08-06 13:35:34.6 UTC-06:00,2024-08-06 13:35:37.6 UTC-06:00,16,1.3,1.6,468406.204,4313301.241,2429.384,-105.36469502,38.96811254,2415.356,79.427,,NAD83(2011) / UTM zone 13N + NAVD88(GEOID18) height,8,7,7,6,0
539,,468376.841,4313374.913,2421.803,,-105.36503737,38.96877535,2407.777,Global,0.026,0.026,0.011,0.037,2.134,m,FIX,2024-08-06 13:35:41.8 UTC-06:00,2024-08-06 13:35:44.8 UTC-06:00,16,1.3,1.6,468406.204,4313301.241,2429.384,-105.36469502,38.96811254,2415.356,79.559,,NAD83(2011) / UTM zone 13N + NAVD88(GEOID18) height,8,7,7,6,0
540,,468376.601,4313375.015,2421.873,,-105.36504014,38.96877626,2407.847,Global,0.013,0.012,0.013,0.018,2.134,m,FIX,2024-08-06 13:35:47.8 UTC-06:00,2024-08-06 13:35:50.8 UTC-06:00,16,1.3,1.6,468406.204,4313301.241,2429.384,-105.36469502,38.96811254,2415.356,79.739,,NAD83(2011) / UTM zone 13N + NAVD88(GEOID18) height,8,7,7,6,0
541,,468376.380,4313375.040,2421.909,,-105.36504269,38.96877648,2407.883,Global,0.012,0.014,0.012,0.019,2.134,m,FIX,2024-08-06 13:35:53.0 UTC-06:00,2024-08-06 13:35:56.0 UTC-06:00,16,1.3,1.6,468406.204,4313301.241,2429.384,-105.36469502,38.96811254,2415.356,79.829,,NAD83(2011) / UTM zone 13N + NAVD88(GEOID18) height,8,7,7,6,0
542,,468376.223,4313375.086,2421.939,,-105.36504451,38.96877688,2407.913,Global,0.016,0.023,0.012,0.028,2.134,m,FIX,2024-08-06 13:35:58.4 UTC-06:00,2024-08-06 13:36:01.4 UTC-06:00,16,1.4,1.7,468406.204,4313301.241,2429.384,-105.36469502,38.96811254,2415.356,79.951,,NAD83(2011) / UTM zone 13N + NAVD88(GEOID18) height,8,7,7,6,0
543,,468376.021,4313375.150,2421.986,,-105.36504684,38.96877745,2407.959,Global,0.017,0.023,0.012,0.028,2.134,m,FIX,2024-08-06 13:36:05.2 UTC-06:00,2024-08-06 13:36:08.2 UTC-06:00,16,1.3,1.6,468406.204,4313301.241,2429.384,-105.36469502,38.96811254,2415.356,80.084,,NAD83(2011) / UTM zone 13N + NAVD88(GEOID18) height,8,7,7,6,0
544,,468375.835,4313375.209,2422.013,,-105.36504899,38.96877798,2407.986,Global,0.012,0.013,0.013,0.018,2.134,m,FIX,2024-08-06 13:36:10.6 UTC-06:00,2024-08-06 13:36:13.6 UTC-06:00,16,1.3,1.6,468406.204,4313301.241,2429.384,-105.36469502,38.96811254,2415.356,80.207,,NAD83(2011) / UTM zone 13N + NAVD88(GEOID18) height,8,7,7,6,0
545,,468375.687,4313375.337,2421.996,,-105.36505070,38.96877913,2407.970,Global,0.013,0.016,0.012,0.020,2.134,m,FIX,2024-08-06 13:36:20.0 UTC-06:00,2024-08-06 13:36:23.0 UTC-06:00,16,1.3,1.6,468406.204,4313301.241,2429.384,-105.36469502,38.96811254,2415.356,80.368,,NAD83(2011) / UTM zone 13N + NAVD88(GEOID18) height,8,7,6,5,0
546,,468375.484,4313375.376,2422.024,,-105.36505305,38.96877947,2407.998,Global,0.011,0.017,0.013,0.020,2.134,m,FIX,2024-08-06 13:36:26.2 UTC-06:00,2024-08-06 13:36:29.2 UTC-06:00,16,1.3,1.6,468406.204,4313301.241,2429.384,-105.36469502,38.96811254,2415.356,80.490,,NAD83(2011) / UTM zone 13N + NAVD88(GEOID18) height,8,7,6,5,0
547,,468375.278,4313375.453,2422.055,,-105.36505543,38.96878016,2408.029,Global,0.014,0.018,0.015,0.023,2.134,m,FIX,2024-08-06 13:36:32.6 UTC-06:00,2024-08-06 13:36:35.6 UTC-06:00,16,1.3,1.6,468406.204,4313301.241,2429.384,-105.36469502,38.96811254,2415.356,80.645,,NAD83(2011) / UTM zone 13N + NAVD88(GEOID18) height,8,7,6,6,0
548,,468375.089,4313375.514,2422.081,,-105.36505761,38.96878070,2408.055,Global,0.012,0.013,0.013,0.018,2.134,m,FIX,2024-08-06 13:36:38.4 UTC-06:00,2024-08-06 13:36:41.4 UTC-06:00,16,1.3,1.6,468406.204,4313301.241,2429.384,-105.36469502,38.96811254,2415.356,80.760,,NAD83(2011) / UTM zone 13N + NAVD88(GEOID18) height,8,7,6,6,0
549,,468374.910,4313375.579,2422.106,,-105.36505968,38.96878128,2408.080,Global,0.024,0.018,0.013,0.030,2.134,m,FIX,2024-08-06 13:36:44.4 UTC-06:00,2024-08-06 13:36:47.4 UTC-06:00,16,1.3,1.6,468406.204,4313301.241,2429.384,-105.36469502,38.96811254,2415.356,80.884,,NAD83(2011) / UTM zone 13N + NAVD88(GEOID18) height,8,7,7,6,0
550,,468374.737,4313375.589,2422.167,,-105.36506168,38.96878136,2408.141,Global,0.020,0.025,0.013,0.033,2.134,m,FIX,2024-08-06 13:36:50.2 UTC-06:00,2024-08-06 13:36:53.2 UTC-06:00,16,1.3,1.6,468406.204,4313301.241,2429.384,-105.36469502,38.96811254,2415.356,80.971,,NAD83(2011) / UTM zone 13N + NAVD88(GEOID18) height,8,7,7,6,0
551,,468374.558,4313375.724,2422.204,,-105.36506376,38.96878257,2408.178,Global,0.011,0.014,0.013,0.018,2.134,m,FIX,2024-08-06 13:36:57.4 UTC-06:00,2024-08-06 13:37:00.4 UTC-06:00,16,1.3,1.6,468406.204,4313301.241,2429.384,-105.36469502,38.96811254,2415.356,81.137,,NAD83(2011) / UTM zone 13N + NAVD88(GEOID18) height,8,7,7,6,0
552,,468374.347,4313375.825,2422.250,,-105.36506620,38.96878347,2408.224,Global,0.015,0.011,0.013,0.019,2.134,m,FIX,2024-08-06 13:37:05.2 UTC-06:00,2024-08-06 13:37:08.2 UTC-06:00,16,1.3,1.6,468406.204,4313301.241,2429.384,-105.36469502,38.96811254,2415.356,81.320,,NAD83(2011) / UTM zone 13N + NAVD88(GEOID18) height,8,7,6,6,0
553,,468374.160,4313375.863,2422.286,,-105.36506836,38.96878382,2408.260,Global,0.023,0.019,0.012,0.030,2.134,m,FIX,2024-08-06 13:37:11.0 UTC-06:00,2024-08-06 13:37:14.0 UTC-06:00,16,1.3,1.6,468406.204,4313301.241,2429.384,-105.36469502,38.96811254,2415.356,81.420,,NAD83(2011) / UTM zone 13N + NAVD88(GEOID18) height,8,7,6,6,0
554,,468373.957,4313375.954,2422.324,,-105.36507071,38.96878463,2408.298,Global,0.024,0.015,0.012,0.028,2.134,m,FIX,2024-08-06 13:37:16.8 UTC-06:00,2024-08-06 13:37:19.8 UTC-06:00,16,1.6,1.9,468406.204,4313301.241,2429.384,-105.36469502,38.96811254,2415.356,81.613,,NAD83(2011) / UTM zone 13N + NAVD88(GEOID18) height,8,7,6,6,0
555,,468373.702,4313375.994,2422.331,,-105.36507365,38.96878497,2408.305,Global,0.014,0.013,0.014,0.019,2.134,m,FIX,2024-08-06 13:37:23.6 UTC-06:00,2024-08-06 13:37:26.6 UTC-06:00,16,1.6,1.9,468406.204,4313301.241,2429.384,-105.36469502,38.96811254,2415.356,81.713,,NAD83(2011) / UTM zone 13N + NAVD88(GEOID18) height,8,7,6,6,0
556,,468373.428,4313375.965,2422.358,,-105.36507681,38.96878470,2408.332,Global,0.029,0.015,0.015,0.033,2.134,m,FIX,2024-08-06 13:37:31.0 UTC-06:00,2024-08-06 13:37:34.0 UTC-06:00,16,1.6,1.9,468406.204,4313301.241,2429.384,-105.36469502,38.96811254,2415.356,81.811,,NAD83(2011) / UTM zone 13N + NAVD88(GEOID18) height,8,7,6,6,0
557,,468373.165,4313376.106,2422.410,,-105.36507986,38.96878597,2408.383,Global,0.015,0.026,0.016,0.030,2.134,m,FIX,2024-08-06 13:37:37.2 UTC-06:00,2024-08-06 13:37:40.2 UTC-06:00,16,1.7,2.0,468406.204,4313301.241,2429.384,-105.36469502,38.96811254,2415.356,82.000,,NAD83(2011) / UTM zone 13N + NAVD88(GEOID18) height,8,7,6,6,0
558,,468372.905,4313376.177,2422.450,,-105.36508286,38.96878659,2408.424,Global,0.012,0.025,0.013,0.028,2.134,m,FIX,2024-08-06 13:37:43.2 UTC-06:00,2024-08-06 13:37:46.2 UTC-06:00,16,1.6,1.9,468406.204,4313301.241,2429.384,-105.36469502,38.96811254,2415.356,82.200,,NAD83(2011) / UTM zone 13N + NAVD88(GEOID18) height,8,7,6,6,0
559,,468372.711,4313376.230,2422.490,,-105.36508510,38.96878707,2408.464,Global,0.015,0.036,0.016,0.039,2.134,m,FIX,2024-08-06 13:37:48.8 UTC-06:00,2024-08-06 13:37:51.8 UTC-06:00,16,1.7,2.0,468406.204,4313301.241,2429.384,-105.36469502,38.96811254,2415.356,82.367,,NAD83(2011) / UTM zone 13N + NAVD88(GEOID18) height,8,7,6,6,0
560,,468372.536,4313376.396,2422.539,,-105.36508713,38.96878856,2408.513,Global,0.012,0.013,0.017,0.018,2.134,m,FIX,2024-08-06 13:37:54.6 UTC-06:00,2024-08-06 13:37:57.6 UTC-06:00,16,1.7,2.0,468406.204,4313301.241,2429.384,-105.36469502,38.96811254,2415.356,82.545,,NAD83(2011) / UTM zone 13N + NAVD88(GEOID18) height,8,7,6,6,0
561,,468372.361,4313376.467,2422.547,,-105.36508915,38.96878919,2408.521,Global,0.013,0.018,0.017,0.023,2.134,m,FIX,2024-08-06 13:37:59.8 UTC-06:00,2024-08-06 13:38:02.8 UTC-06:00,16,1.7,2.0,468406.204,4313301.241,2429.384,-105.36469502,38.96811254,2415.356,82.670,,NAD83(2011) / UTM zone 13N + NAVD88(GEOID18) height,8,7,6,6,0
562,,468372.197,4313376.607,2422.583,,-105.36509105,38.96879044,2408.557,Global,0.014,0.017,0.015,0.022,2.134,m,FIX,2024-08-06 13:38:05.2 UTC-06:00,2024-08-06 13:38:08.2 UTC-06:00,16,1.7,2.0,468406.204,4313301.241,2429.384,-105.36469502,38.96811254,2415.356,82.859,,NAD83(2011) / UTM zone 13N + NAVD88(GEOID18) height,8,7,6,6,0
563,,468371.993,4313376.616,2422.611,,-105.36509341,38.96879052,2408.585,Global,0.019,0.030,0.016,0.035,2.134,m,FIX,2024-08-06 13:38:12.0 UTC-06:00,2024-08-06 13:38:15.0 UTC-06:00,16,1.7,2.0,468406.204,4313301.241,2429.384,-105.36469502,38.96811254,2415.356,83.001,,NAD83(2011) / UTM zone 13N + NAVD88(GEOID18) height,8,7,6,6,0
564,,468371.832,4313376.722,2422.638,,-105.36509527,38.96879147,2408.612,Global,0.033,0.029,0.014,0.044,2.134,m,FIX,2024-08-06 13:38:17.2 UTC-06:00,2024-08-06 13:38:20.2 UTC-06:00,16,1.6,1.9,468406.204,4313301.241,2429.384,-105.36469502,38.96811254,2415.356,83.108,,NAD83(2011) / UTM zone 13N + NAVD88(GEOID18) height,8,7,6,6,0
565,,468371.586,4313376.754,2422.648,,-105.36509811,38.96879175,2408.622,Global,0.013,0.033,0.014,0.035,2.134,m,FIX,2024-08-06 13:38:22.4 UTC-06:00,2024-08-06 13:38:25.4 UTC-06:00,16,1.7,2.0,468406.204,4313301.241,2429.384,-105.36469502,38.96811254,2415.356,83.266,,NAD83(2011) / UTM zone 13N + NAVD88(GEOID18) height,8,7,7,6,0
566,,468371.388,4313376.779,2422.665,,-105.36510040,38.96879197,2408.639,Global,0.017,0.021,0.015,0.027,2.134,m,FIX,2024-08-06 13:38:28.6 UTC-06:00,2024-08-06 13:38:31.6 UTC-06:00,16,1.6,1.9,468406.204,4313301.241,2429.384,-105.36469502,38.96811254,2415.356,83.385,,NAD83(2011) / UTM zone 13N + NAVD88(GEOID18) height,8,7,7,6,0
567,,468371.144,4313376.899,2422.658,,-105.36510322,38.96879304,2408.632,Global,0.013,0.015,0.014,0.020,2.134,m,FIX,2024-08-06 13:38:34.6 UTC-06:00,2024-08-06 13:38:37.6 UTC-06:00,16,1.7,2.0,468406.204,4313301.241,2429.384,-105.36469502,38.96811254,2415.356,83.581,,NAD83(2011) / UTM zone 13N + NAVD88(GEOID18) height,8,7,7,6,0
568,,468370.911,4313376.969,2422.663,,-105.36510592,38.96879366,2408.637,Global,0.019,0.014,0.014,0.024,2.134,m,FIX,2024-08-06 13:38:40.8 UTC-06:00,2024-08-06 13:38:43.8 UTC-06:00,16,1.6,1.9,468406.204,4313301.241,2429.384,-105.36469502,38.96811254,2415.356,83.746,,NAD83(2011) / UTM zone 13N + NAVD88(GEOID18) height,8,7,7,6,0
569,,468370.682,4313377.093,2422.686,,-105.36510857,38.96879477,2408.660,Global,0.018,0.017,0.017,0.025,2.134,m,FIX,2024-08-06 13:38:46.2 UTC-06:00,2024-08-06 13:38:49.2 UTC-06:00,16,1.6,1.9,468406.204,4313301.241,2429.384,-105.36469502,38.96811254,2415.356,83.955,,NAD83(2011) / UTM zone 13N + NAVD88(GEOID18) height,8,7,7,6,0
570,,468370.475,4313377.197,2422.714,,-105.36511096,38.96879570,2408.688,Global,0.015,0.012,0.013,0.019,2.134,m,FIX,2024-08-06 13:38:52.2 UTC-06:00,2024-08-06 13:38:55.2 UTC-06:00,16,1.6,1.9,468406.204,4313301.241,2429.384,-105.36469502,38.96811254,2415.356,84.129,,NAD83(2011) / UTM zone 13N + NAVD88(GEOID18) height,8,7,7,6,0
571,,468370.258,4313377.295,2422.765,,-105.36511347,38.96879658,2408.739,Global,0.016,0.023,0.012,0.028,2.134,m,FIX,2024-08-06 13:38:58.2 UTC-06:00,2024-08-06 13:39:01.2 UTC-06:00,16,1.6,1.9,468406.204,4313301.241,2429.384,-105.36469502,38.96811254,2415.356,84.287,,NAD83(2011) / UTM zone 13N + NAVD88(GEOID18) height,8,7,7,6,0
572,,468370.038,4313377.391,2422.760,,-105.36511601,38.96879744,2408.734,Global,0.017,0.027,0.011,0.031,2.134,m,FIX,2024-08-06 13:39:06.8 UTC-06:00,2024-08-06 13:39:09.8 UTC-06:00,16,1.3,1.6,468406.204,4313301.241,2429.384,-105.36469502,38.96811254,2415.356,84.469,,NAD83(2011) / UTM zone 13N + NAVD88(GEOID18) height,8,7,7,6,0
573,,468369.777,4313377.475,2422.785,,-105.36511903,38.96879818,2408.759,Global,0.020,0.012,0.013,0.023,2.134,m,FIX,2024-08-06 13:39:12.4 UTC-06:00,2024-08-06 13:39:15.4 UTC-06:00,16,1.4,1.7,468406.204,4313301.241,2429.384,-105.36469502,38.96811254,2415.356,84.673,,NAD83(2011) / UTM zone 13N + NAVD88(GEOID18) height,8,7,7,6,0
574,,468369.576,4313377.568,2422.825,,-105.36512135,38.96879901,2408.799,Global,0.014,0.022,0.014,0.026,2.134,m,FIX,2024-08-06 13:39:17.4 UTC-06:00,2024-08-06 13:39:20.4 UTC-06:00,16,1.3,1.6,468406.204,4313301.241,2429.384,-105.36469502,38.96811254,2415.356,84.835,,NAD83(2011) / UTM zone 13N + NAVD88(GEOID18) height,8,7,7,6,0
575,,468369.399,4313377.656,2422.884,,-105.36512339,38.96879979,2408.858,Global,0.011,0.012,0.016,0.016,2.134,m,FIX,2024-08-06 13:39:37.8 UTC-06:00,2024-08-06 13:39:40.8 UTC-06:00,16,1.6,1.9,468406.204,4313301.241,2429.384,-105.36469502,38.96811254,2415.356,84.997,,NAD83(2011) / UTM zone 13N + NAVD88(GEOID18) height,8,7,7,6,0
576,,468369.350,4313377.732,2422.994,,-105.36512397,38.96880048,2408.968,Global,0.011,0.012,0.016,0.016,2.134,m,FIX,2024-08-06 13:39:51.2 UTC-06:00,2024-08-06 13:39:54.2 UTC-06:00,16,1.7,2.0,468406.204,4313301.241,2429.384,-105.36469502,38.96811254,2415.356,85.080,,NAD83(2011) / UTM zone 13N + NAVD88(GEOID18) height,8,7,7,6,0
577,,468369.154,4313377.819,2423.123,,-105.36512623,38.96880125,2409.097,Global,0.012,0.015,0.015,0.019,2.134,m,FIX,2024-08-06 13:39:56.8 UTC-06:00,2024-08-06 13:39:59.8 UTC-06:00,16,1.6,1.9,468406.204,4313301.241,2429.384,-105.36469502,38.96811254,2415.356,85.244,,NAD83(2011) / UTM zone 13N + NAVD88(GEOID18) height,8,7,7,6,0
578,,468368.963,4313377.903,2423.182,,-105.36512844,38.96880200,2409.156,Global,0.014,0.011,0.019,0.018,2.134,m,FIX,2024-08-06 13:40:10.2 UTC-06:00,2024-08-06 13:40:13.2 UTC-06:00,16,1.6,1.9,468406.204,4313301.241,2429.384,-105.36469502,38.96811254,2415.356,85.397,,NAD83(2011) / UTM zone 13N + NAVD88(GEOID18) height,8,7,7,6,0
579,,468368.778,4313377.990,2423.153,,-105.36513058,38.96880278,2409.127,Global,0.011,0.011,0.011,0.016,2.134,m,FIX,2024-08-06 13:40:21.6 UTC-06:00,2024-08-06 13:40:24.6 UTC-06:00,16,1.7,2.0,468406.204,4313301.241,2429.384,-105.36469502,38.96811254,2415.356,85.565,,NAD83(2011) / UTM zone 13N + NAVD88(GEOID18) height,8,7,7,6,0
580,,468368.499,4313378.059,2423.143,,-105.36513380,38.96880340,2409.117,Global,0.051,0.024,0.011,0.057,2.134,m,FIX,2024-08-06 13:40:27.0 UTC-06:00,2024-08-06 13:40:30.0 UTC-06:00,16,1.7,2.0,468406.204,4313301.241,2429.384,-105.36469502,38.96811254,2415.356,85.773,,NAD83(2011) / UTM zone 13N + NAVD88(GEOID18) height,8,7,6,6,0
581,,468368.347,4313378.184,2423.314,,-105.36513557,38.96880452,2409.288,Global,0.013,0.014,0.013,0.019,2.134,m,FIX,2024-08-06 13:40:53.4 UTC-06:00,2024-08-06 13:41:23.4 UTC-06:00,151,1.7,2.0,468406.204,4313301.241,2429.384,-105.36469502,38.96811254,2415.356,85.904,,NAD83(2011) / UTM zone 13N + NAVD88(GEOID18) height,8,7,6,6,0
582,,468368.325,4313378.155,2423.310,,-105.36513582,38.96880425,2409.284,Global,0.012,0.018,0.011,0.022,2.134,m,FIX,2024-08-06 13:41:36.8 UTC-06:00,2024-08-06 13:41:39.8 UTC-06:00,16,1.7,2.0,468406.204,4313301.241,2429.384,-105.36469502,38.96811254,2415.356,85.908,,NAD83(2011) / UTM zone 13N + NAVD88(GEOID18) height,8,7,6,6,0
583,,468368.280,4313377.956,2423.104,,-105.36513633,38.96880246,2409.078,Global,0.017,0.011,0.012,0.020,2.134,m,FIX,2024-08-06 13:41:42.6 UTC-06:00,2024-08-06 13:41:45.6 UTC-06:00,16,1.7,2.0,468406.204,4313301.241,2429.384,-105.36469502,38.96811254,2415.356,85.748,,NAD83(2011) / UTM zone 13N + NAVD88(GEOID18) height,8,7,6,6,0
584,,468368.585,4313378.048,2423.146,,-105.36513281,38.96880330,2409.120,Global,0.018,0.012,0.011,0.022,2.134,m,FIX,2024-08-06 13:41:49.0 UTC-06:00,2024-08-06 13:41:52.0 UTC-06:00,16,1.7,2.0,468406.204,4313301.241,2429.384,-105.36469502,38.96811254,2415.356,85.686,,NAD83(2011) / UTM zone 13N + NAVD88(GEOID18) height,8,7,6,6,0
585,,468368.390,4313378.389,2423.139,,-105.36513508,38.96880637,2409.113,Global,0.023,0.021,0.011,0.031,2.134,m,FIX,2024-08-06 13:41:54.8 UTC-06:00,2024-08-06 13:41:57.8 UTC-06:00,16,1.7,2.0,468406.204,4313301.241,2429.384,-105.36469502,38.96811254,2415.356,86.080,,NAD83(2011) / UTM zone 13N + NAVD88(GEOID18) height,8,7,6,6,0
586,,468368.091,4313378.282,2423.094,,-105.36513853,38.96880539,2409.068,Global,0.030,0.019,0.012,0.035,2.134,m,FIX,2024-08-06 13:42:01.0 UTC-06:00,2024-08-06 13:42:04.0 UTC-06:00,16,1.7,2.0,468406.204,4313301.241,2429.384,-105.36469502,38.96811254,2415.356,86.113,,NAD83(2011) / UTM zone 13N + NAVD88(GEOID18) height,8,7,6,6,0
587,,468368.303,4313378.198,2423.129,,-105.36513607,38.96880464,2409.103,Global,0.019,0.024,0.010,0.031,2.134,m,FIX,2024-08-06 13:42:06.4 UTC-06:00,2024-08-06 13:42:09.4 UTC-06:00,16,1.7,2.0,468406.204,4313301.241,2429.384,-105.36469502,38.96811254,2415.356,85.939,,NAD83(2011) / UTM zone 13N + NAVD88(GEOID18) height,8,7,6,6,0
588,,468368.362,4313378.209,2423.303,,-105.36513540,38.96880475,2409.277,Global,0.024,0.029,0.011,0.038,2.134,m,FIX,2024-08-06 13:42:13.2 UTC-06:00,2024-08-06 13:42:16.2 UTC-06:00,16,1.7,2.0,468406.204,4313301.241,2429.384,-105.36469502,38.96811254,2415.356,85.911,,NAD83(2011) / UTM zone 13N + NAVD88(GEOID18) height,8,7,6,6,0
589,,468367.907,4313378.273,2423.087,,-105.36514065,38.96880531,2409.061,Global,0.013,0.010,0.010,0.016,2.134,m,FIX,2024-08-06 13:55:05.2 UTC-06:00,2024-08-06 13:55:08.2 UTC-06:00,16,2.1,2.6,468406.204,4313301.241,2429.384,-105.36469502,38.96811254,2415.356,86.188,,NAD83(2011) / UTM zone 13N + NAVD88(GEOID18) height,7,7,8,4,0
590,,468367.529,4313378.411,2423.048,,-105.36514502,38.96880653,2409.022,Global,0.012,0.010,0.015,0.016,2.134,m,FIX,2024-08-06 13:55:18.2 UTC-06:00,2024-08-06 13:55:21.2 UTC-06:00,16,2.1,2.6,468406.204,4313301.241,2429.384,-105.36469502,38.96811254,2415.356,86.484,,NAD83(2011) / UTM zone 13N + NAVD88(GEOID18) height,7,7,6,5,0
591,,468367.071,4313378.574,2422.987,,-105.36515032,38.96880799,2408.962,Global,0.011,0.011,0.011,0.016,2.134,m,FIX,2024-08-06 13:55:31.4 UTC-06:00,2024-08-06 13:55:34.4 UTC-06:00,16,2.1,2.6,468406.204,4313301.241,2429.384,-105.36469502,38.96811254,2415.356,86.842,,NAD83(2011) / UTM zone 13N + NAVD88(GEOID18) height,7,7,7,5,0
592,,468366.606,4313378.749,2423.013,,-105.36515568,38.96880954,2408.987,Global,0.013,0.012,0.010,0.017,2.134,m,FIX,2024-08-06 13:55:43.4 UTC-06:00,2024-08-06 13:55:46.4 UTC-06:00,16,2.1,2.6,468406.204,4313301.241,2429.384,-105.36469502,38.96811254,2415.356,87.210,,NAD83(2011) / UTM zone 13N + NAVD88(GEOID18) height,7,8,7,4,0
593,,468366.137,4313378.921,2422.953,,-105.36516111,38.96881108,2408.927,Global,0.012,0.011,0.015,0.017,2.134,m,FIX,2024-08-06 13:55:54.0 UTC-06:00,2024-08-06 13:55:57.0 UTC-06:00,16,2.1,2.6,468406.204,4313301.241,2429.384,-105.36469502,38.96811254,2415.356,87.579,,NAD83(2011) / UTM zone 13N + NAVD88(GEOID18) height,7,8,7,5,0
594,,468365.647,4313379.112,2422.983,,-105.36516677,38.96881278,2408.957,Global,0.010,0.011,0.015,0.015,2.134,m,FIX,2024-08-06 13:56:04.8 UTC-06:00,2024-08-06 13:56:07.8 UTC-06:00,16,2.1,2.6,468406.204,4313301.241,2429.384,-105.36469502,38.96811254,2415.356,87.964,,NAD83(2011) / UTM zone 13N + NAVD88(GEOID18) height,7,8,7,4,0
595,,468365.214,4313379.311,2422.955,,-105.36517178,38.96881456,2408.929,Global,0.011,0.011,0.012,0.015,2.134,m,FIX,2024-08-06 13:56:16.6 UTC-06:00,2024-08-06 13:56:19.6 UTC-06:00,16,2.1,2.6,468406.204,4313301.241,2429.384,-105.36469502,38.96811254,2415.356,88.345,,NAD83(2011) / UTM zone 13N + NAVD88(GEOID18) height,7,8,7,4,0
596,,468364.707,4313379.457,2422.963,,-105.36517764,38.96881586,2408.937,Global,0.012,0.012,0.011,0.017,2.134,m,FIX,2024-08-06 13:56:29.2 UTC-06:00,2024-08-06 13:56:32.2 UTC-06:00,16,1.8,2.2,468406.204,4313301.241,2429.384,-105.36469502,38.96811254,2415.356,88.711,,NAD83(2011) / UTM zone 13N + NAVD88(GEOID18) height,7,8,8,4,0
597,,468364.275,4313379.657,2423.038,,-105.36518264,38.96881765,2409.012,Global,0.011,0.012,0.011,0.016,2.134,m,FIX,2024-08-06 13:56:46.8 UTC-06:00,2024-08-06 13:56:49.8 UTC-06:00,16,1.8,2.2,468406.204,4313301.241,2429.384,-105.36469502,38.96811254,2415.356,89.088,,NAD83(2011) / UTM zone 13N + NAVD88(GEOID18) height,7,8,7,4,0
598,,468363.813,4313379.859,2422.995,,-105.36518797,38.96881945,2408.970,Global,0.011,0.012,0.012,0.016,2.134,m,FIX,2024-08-06 13:57:00.0 UTC-06:00,2024-08-06 13:57:03.0 UTC-06:00,16,1.8,2.2,468406.204,4313301.241,2429.384,-105.36469502,38.96811254,2415.356,89.481,,NAD83(2011) / UTM zone 13N + NAVD88(GEOID18) height,7,7,7,4,0
599,,468363.333,4313380.038,2422.999,,-105.36519353,38.96882105,2408.973,Global,0.012,0.013,0.014,0.017,2.134,m,FIX,2024-08-06 13:57:10.0 UTC-06:00,2024-08-06 13:57:13.0 UTC-06:00,16,1.8,2.2,468406.204,4313301.241,2429.384,-105.36469502,38.96811254,2415.356,89.866,,NAD83(2011) / UTM zone 13N + NAVD88(GEOID18) height,7,7,7,4,0
600,,468362.851,4313380.196,2422.942,,-105.36519910,38.96882244,2408.916,Global,0.011,0.010,0.011,0.015,2.134,m,FIX,2024-08-06 13:57:20.4 UTC-06:00,2024-08-06 13:57:23.4 UTC-06:00,16,1.8,2.2,468406.204,4313301.241,2429.384,-105.36469502,38.96811254,2415.356,90.246,,NAD83(2011) / UTM zone 13N + NAVD88(GEOID18) height,7,7,6,4,0
601,,468362.377,4313380.371,2423.014,,-105.36520457,38.96882401,2408.988,Global,0.010,0.013,0.010,0.016,2.134,m,FIX,2024-08-06 13:57:31.0 UTC-06:00,2024-08-06 13:57:34.0 UTC-06:00,16,1.8,2.2,468406.204,4313301.241,2429.384,-105.36469502,38.96811254,2415.356,90.630,,NAD83(2011) / UTM zone 13N + NAVD88(GEOID18) height,7,7,6,4,0
602,,468361.911,4313380.557,2422.979,,-105.36520997,38.96882567,2408.953,Global,0.011,0.011,0.011,0.015,2.134,m,FIX,2024-08-06 13:57:49.0 UTC-06:00,2024-08-06 13:57:52.0 UTC-06:00,16,1.8,2.2,468406.204,4313301.241,2429.384,-105.36469502,38.96811254,2415.356,91.021,,NAD83(2011) / UTM zone 13N + NAVD88(GEOID18) height,6,7,6,4,0
603,,468361.480,4313380.733,2422.965,,-105.36521495,38.96882724,2408.940,Global,0.010,0.011,0.011,0.015,2.134,m,FIX,2024-08-06 13:58:00.4 UTC-06:00,2024-08-06 13:58:03.4 UTC-06:00,16,1.8,2.2,468406.204,4313301.241,2429.384,-105.36469502,38.96811254,2415.356,91.379,,NAD83(2011) / UTM zone 13N + NAVD88(GEOID18) height,7,7,6,4,0
604,,468360.983,4313380.935,2423.013,,-105.36522069,38.96882904,2408.987,Global,0.010,0.013,0.011,0.016,2.134,m,FIX,2024-08-06 13:58:19.4 UTC-06:00,2024-08-06 13:58:22.4 UTC-06:00,16,1.8,2.2,468406.204,4313301.241,2429.384,-105.36469502,38.96811254,2415.356,91.807,,NAD83(2011) / UTM zone 13N + NAVD88(GEOID18) height,7,7,6,4,0
605,,468360.550,4313381.109,2423.066,,-105.36522571,38.96883059,2409.041,Global,0.010,0.011,0.013,0.015,2.134,m,FIX,2024-08-06 13:58:33.6 UTC-06:00,2024-08-06 13:58:36.6 UTC-06:00,16,1.8,2.2,468406.204,4313301.241,2429.384,-105.36469502,38.96811254,2415.356,92.160,,NAD83(2011) / UTM zone 13N + NAVD88(GEOID18) height,7,7,6,5,0
606,,468360.077,4313381.299,2423.086,,-105.36523117,38.96883229,2409.060,Global,0.015,0.011,0.011,0.019,2.134,m,FIX,2024-08-06 13:58:45.0 UTC-06:00,2024-08-06 13:58:48.0 UTC-06:00,16,1.8,2.2,468406.204,4313301.241,2429.384,-105.36469502,38.96811254,2415.356,92.554,,NAD83(2011) / UTM zone 13N + NAVD88(GEOID18) height,7,8,6,4,0
607,,468359.613,4313381.464,2423.054,,-105.36523653,38.96883376,2409.028,Global,0.011,0.021,0.012,0.023,2.134,m,FIX,2024-08-06 13:58:56.2 UTC-06:00,2024-08-06 13:58:59.2 UTC-06:00,16,1.8,2.2,468406.204,4313301.241,2429.384,-105.36469502,38.96811254,2415.356,92.924,,NAD83(2011) / UTM zone 13N + NAVD88(GEOID18) height,6,8,6,5,0
608,,468359.150,4313381.648,2423.020,,-105.36524189,38.96883540,2408.995,Global,0.012,0.011,0.012,0.016,2.134,m,FIX,2024-08-06 13:59:07.6 UTC-06:00,2024-08-06 13:59:10.6 UTC-06:00,16,1.8,2.1,468406.204,4313301.241,2429.384,-105.36469502,38.96811254,2415.356,93.329,,NAD83(2011) / UTM zone 13N + NAVD88(GEOID18) height,7,8,6,5,0
609,,468358.654,4313381.825,2422.966,,-105.36524762,38.96883698,2408.940,Global,0.011,0.010,0.012,0.015,2.134,m,FIX,2024-08-06 13:59:19.0 UTC-06:00,2024-08-06 13:59:22.0 UTC-06:00,16,1.8,2.1,468406.204,4313301.241,2429.384,-105.36469502,38.96811254,2415.356,93.739,,NAD83(2011) / UTM zone 13N + NAVD88(GEOID18) height,7,8,6,5,0
610,,468358.177,4313382.025,2423.032,,-105.36525314,38.96883876,2409.006,Global,0.012,0.012,0.012,0.017,2.134,m,FIX,2024-08-06 13:59:30.6 UTC-06:00,2024-08-06 13:59:33.6 UTC-06:00,16,1.8,2.1,468406.204,4313301.241,2429.384,-105.36469502,38.96811254,2415.356,94.148,,NAD83(2011) / UTM zone 13N + NAVD88(GEOID18) height,7,8,6,5,0
611,,468357.773,4313382.181,2423.044,,-105.36525781,38.96884015,2409.018,Global,0.011,0.013,0.012,0.017,2.134,m,FIX,2024-08-06 13:59:41.0 UTC-06:00,2024-08-06 13:59:44.0 UTC-06:00,16,1.8,2.1,468406.204,4313301.241,2429.384,-105.36469502,38.96811254,2415.356,94.488,,NAD83(2011) / UTM zone 13N + NAVD88(GEOID18) height,7,8,6,5,0
612,,468357.297,4313382.379,2423.037,,-105.36526331,38.96884192,2409.011,Global,0.013,0.011,0.013,0.017,2.134,m,FIX,2024-08-06 13:59:52.8 UTC-06:00,2024-08-06 13:59:55.8 UTC-06:00,16,1.8,2.1,468406.204,4313301.241,2429.384,-105.36469502,38.96811254,2415.356,94.893,,NAD83(2011) / UTM zone 13N + NAVD88(GEOID18) height,7,8,6,5,0
613,,468356.798,4313382.544,2423.066,,-105.36526908,38.96884339,2409.040,Global,0.010,0.011,0.010,0.015,2.134,m,FIX,2024-08-06 14:00:03.2 UTC-06:00,2024-08-06 14:00:06.2 UTC-06:00,16,1.8,2.1,468406.204,4313301.241,2429.384,-105.36469502,38.96811254,2415.356,95.297,,NAD83(2011) / UTM zone 13N + NAVD88(GEOID18) height,7,7,6,5,0
614,,468356.357,4313382.737,2423.099,,-105.36527417,38.96884511,2409.074,Global,0.014,0.011,0.011,0.018,2.134,m,FIX,2024-08-06 14:00:11.8 UTC-06:00,2024-08-06 14:00:14.8 UTC-06:00,16,1.8,2.1,468406.204,4313301.241,2429.384,-105.36469502,38.96811254,2415.356,95.695,,NAD83(2011) / UTM zone 13N + NAVD88(GEOID18) height,7,7,6,5,0
615,,468355.872,4313382.927,2423.042,,-105.36527979,38.96884681,2409.016,Global,0.011,0.011,0.011,0.015,2.134,m,FIX,2024-08-06 14:00:22.0 UTC-06:00,2024-08-06 14:00:25.0 UTC-06:00,16,1.8,2.1,468406.204,4313301.241,2429.384,-105.36469502,38.96811254,2415.356,96.120,,NAD83(2011) / UTM zone 13N + NAVD88(GEOID18) height,7,7,6,5,0
616,,468355.410,4313383.111,2423.108,,-105.36528513,38.96884845,2409.083,Global,0.011,0.014,0.012,0.018,2.134,m,FIX,2024-08-06 14:00:32.6 UTC-06:00,2024-08-06 14:00:35.6 UTC-06:00,16,1.8,2.1,468406.204,4313301.241,2429.384,-105.36469502,38.96811254,2415.356,96.521,,NAD83(2011) / UTM zone 13N + NAVD88(GEOID18) height,7,7,6,5,0
617,,468354.940,4313383.288,2423.064,,-105.36529056,38.96885003,2409.039,Global,0.015,0.013,0.011,0.020,2.134,m,FIX,2024-08-06 14:00:42.8 UTC-06:00,2024-08-06 14:00:45.8 UTC-06:00,16,1.8,2.1,468406.204,4313301.241,2429.384,-105.36469502,38.96811254,2415.356,96.910,,NAD83(2011) / UTM zone 13N + NAVD88(GEOID18) height,6,7,6,5,0
618,,468354.490,4313383.460,2423.054,,-105.36529576,38.96885156,2409.029,Global,0.011,0.015,0.015,0.018,2.134,m,FIX,2024-08-06 14:00:52.6 UTC-06:00,2024-08-06 14:00:55.6 UTC-06:00,16,1.8,2.1,468406.204,4313301.241,2429.384,-105.36469502,38.96811254,2415.356,97.298,,NAD83(2011) / UTM zone 13N + NAVD88(GEOID18) height,6,7,6,5,0
619,,468354.003,4313383.614,2423.065,,-105.36530139,38.96885293,2409.040,Global,0.013,0.011,0.013,0.017,2.134,m,FIX,2024-08-06 14:01:03.0 UTC-06:00,2024-08-06 14:01:06.0 UTC-06:00,16,1.8,2.1,468406.204,4313301.241,2429.384,-105.36469502,38.96811254,2415.356,97.693,,NAD83(2011) / UTM zone 13N + NAVD88(GEOID18) height,6,7,6,5,0
620,,468353.533,4313383.828,2423.038,,-105.36530683,38.96885484,2409.013,Global,0.011,0.015,0.013,0.018,2.134,m,FIX,2024-08-06 14:01:11.8 UTC-06:00,2024-08-06 14:01:14.8 UTC-06:00,16,1.8,2.1,468406.204,4313301.241,2429.384,-105.36469502,38.96811254,2415.356,98.133,,NAD83(2011) / UTM zone 13N + NAVD88(GEOID18) height,6,7,6,5,0
621,,468353.058,4313384.020,2423.074,,-105.36531231,38.96885655,2409.048,Global,0.012,0.012,0.015,0.017,2.134,m,FIX,2024-08-06 14:01:22.2 UTC-06:00,2024-08-06 14:01:25.2 UTC-06:00,16,1.8,2.1,468406.204,4313301.241,2429.384,-105.36469502,38.96811254,2415.356,98.528,,NAD83(2011) / UTM zone 13N + NAVD88(GEOID18) height,6,7,6,5,0
622,,468352.623,4313384.172,2423.079,,-105.36531734,38.96885791,2409.053,Global,0.011,0.015,0.013,0.019,2.134,m,FIX,2024-08-06 14:01:31.6 UTC-06:00,2024-08-06 14:01:34.6 UTC-06:00,16,1.8,2.1,468406.204,4313301.241,2429.384,-105.36469502,38.96811254,2415.356,98.901,,NAD83(2011) / UTM zone 13N + NAVD88(GEOID18) height,6,7,6,5,0
623,,468352.138,4313384.369,2423.064,,-105.36532295,38.96885967,2409.039,Global,0.013,0.011,0.014,0.017,2.134,m,FIX,2024-08-06 14:01:46.2 UTC-06:00,2024-08-06 14:01:49.2 UTC-06:00,16,1.8,2.1,468406.204,4313301.241,2429.384,-105.36469502,38.96811254,2415.356,99.323,,NAD83(2011) / UTM zone 13N + NAVD88(GEOID18) height,6,7,6,5,0
624,,468351.662,4313384.594,2423.077,,-105.36532846,38.96886167,2409.052,Global,0.011,0.011,0.014,0.016,2.134,m,FIX,2024-08-06 14:02:00.0 UTC-06:00,2024-08-06 14:02:03.0 UTC-06:00,16,1.8,2.1,468406.204,4313301.241,2429.384,-105.36469502,38.96811254,2415.356,99.767,,NAD83(2011) / UTM zone 13N + NAVD88(GEOID18) height,6,7,6,5,0
625,,468351.230,4313384.714,2423.087,,-105.36533345,38.96886274,2409.062,Global,0.015,0.018,0.015,0.024,2.134,m,FIX,2024-08-06 14:02:08.4 UTC-06:00,2024-08-06 14:02:11.4 UTC-06:00,16,1.8,2.1,468406.204,4313301.241,2429.384,-105.36469502,38.96811254,2415.356,100.096,,NAD83(2011) / UTM zone 13N + NAVD88(GEOID18) height,6,7,6,5,0
626,,468350.694,4313384.935,2423.105,,-105.36533965,38.96886472,2409.080,Global,0.014,0.021,0.011,0.025,2.134,m,FIX,2024-08-06 14:02:23.0 UTC-06:00,2024-08-06 14:02:26.0 UTC-06:00,16,1.8,2.1,468406.204,4313301.241,2429.384,-105.36469502,38.96811254,2415.356,100.568,,NAD83(2011) / UTM zone 13N + NAVD88(GEOID18) height,6,7,6,5,0
627,,468350.297,4313385.096,2423.127,,-105.36534424,38.96886615,2409.101,Global,0.011,0.011,0.011,0.016,2.134,m,FIX,2024-08-06 14:03:10.6 UTC-06:00,2024-08-06 14:03:13.6 UTC-06:00,16,1.8,2.1,468406.204,4313301.241,2429.384,-105.36469502,38.96811254,2415.356,100.944,,NAD83(2011) / UTM zone 13N + NAVD88(GEOID18) height,6,7,6,5,0
628,,468349.826,4313385.281,2423.157,,-105.36534968,38.96886780,2409.132,Global,0.012,0.012,0.012,0.017,2.134,m,FIX,2024-08-06 14:03:20.6 UTC-06:00,2024-08-06 14:03:23.6 UTC-06:00,16,1.8,2.1,468406.204,4313301.241,2429.384,-105.36469502,38.96811254,2415.356,101.363,,NAD83(2011) / UTM zone 13N + NAVD88(GEOID18) height,6,7,6,5,0
629,,468349.345,4313385.428,2423.110,,-105.36535525,38.96886910,2409.085,Global,0.012,0.012,0.012,0.018,2.134,m,FIX,2024-08-06 14:03:31.0 UTC-06:00,2024-08-06 14:03:34.0 UTC-06:00,16,1.8,2.1,468406.204,4313301.241,2429.384,-105.36469502,38.96811254,2415.356,101.767,,NAD83(2011) / UTM zone 13N + NAVD88(GEOID18) height,6,7,7,5,0
630,,468348.865,4313385.636,2423.109,,-105.36536080,38.96887096,2409.084,Global,0.011,0.011,0.011,0.016,2.134,m,FIX,2024-08-06 14:03:44.8 UTC-06:00,2024-08-06 14:03:47.8 UTC-06:00,16,1.8,2.1,468406.204,4313301.241,2429.384,-105.36469502,38.96811254,2415.356,102.199,,NAD83(2011) / UTM zone 13N + NAVD88(GEOID18) height,6,7,7,5,0
631,,468348.424,4313385.791,2423.107,,-105.36536590,38.96887235,2409.081,Global,0.012,0.012,0.011,0.017,2.134,m,FIX,2024-08-06 14:03:53.6 UTC-06:00,2024-08-06 14:03:56.6 UTC-06:00,16,1.5,1.8,468406.204,4313301.241,2429.384,-105.36469502,38.96811254,2415.356,102.565,,NAD83(2011) / UTM zone 13N + NAVD88(GEOID18) height,6,7,7,5,0
632,,468347.942,4313385.983,2423.070,,-105.36537147,38.96887406,2409.045,Global,0.011,0.011,0.012,0.015,2.134,m,FIX,2024-08-06 14:04:03.2 UTC-06:00,2024-08-06 14:04:06.2 UTC-06:00,16,1.5,1.8,468406.204,4313301.241,2429.384,-105.36469502,38.96811254,2415.356,103.004,,NAD83(2011) / UTM zone 13N + NAVD88(GEOID18) height,7,7,7,5,0
633,,468347.505,4313386.160,2423.114,,-105.36537651,38.96887564,2409.089,Global,0.010,0.010,0.010,0.015,2.134,m,FIX,2024-08-06 14:04:14.6 UTC-06:00,2024-08-06 14:04:17.6 UTC-06:00,16,1.5,1.8,468406.204,4313301.241,2429.384,-105.36469502,38.96811254,2415.356,103.397,,NAD83(2011) / UTM zone 13N + NAVD88(GEOID18) height,7,7,7,5,0
634,,468347.000,4313386.308,2423.050,,-105.36538235,38.96887695,2409.025,Global,0.011,0.011,0.010,0.015,2.134,m,FIX,2024-08-06 14:04:24.4 UTC-06:00,2024-08-06 14:04:27.4 UTC-06:00,16,1.5,1.8,468406.204,4313301.241,2429.384,-105.36469502,38.96811254,2415.356,103.806,,NAD83(2011) / UTM zone 13N + NAVD88(GEOID18) height,7,7,7,5,0
635,,468346.490,4313386.511,2423.047,,-105.36538825,38.96887876,2409.021,Global,0.012,0.016,0.011,0.020,2.134,m,FIX,2024-08-06 14:04:35.6 UTC-06:00,2024-08-06 14:04:38.6 UTC-06:00,16,1.5,1.8,468406.204,4313301.241,2429.384,-105.36469502,38.96811254,2415.356,104.274,,NAD83(2011) / UTM zone 13N + NAVD88(GEOID18) height,7,7,7,5,0
636,,468346.043,4313386.706,2423.039,,-105.36539342,38.96888050,2409.014,Global,0.014,0.012,0.010,0.018,2.134,m,FIX,2024-08-06 14:04:46.0 UTC-06:00,2024-08-06 14:04:49.0 UTC-06:00,16,1.5,1.8,468406.204,4313301.241,2429.384,-105.36469502,38.96811254,2415.356,104.683,,NAD83(2011) / UTM zone 13N + NAVD88(GEOID18) height,7,7,7,5,0
637,,468345.533,4313386.871,2423.073,,-105.36539931,38.96888198,2409.048,Global,0.011,0.010,0.010,0.015,2.134,m,FIX,2024-08-06 14:04:57.6 UTC-06:00,2024-08-06 14:05:00.6 UTC-06:00,16,1.5,1.8,468406.204,4313301.241,2429.384,-105.36469502,38.96811254,2415.356,105.109,,NAD83(2011) / UTM zone 13N + NAVD88(GEOID18) height,7,7,7,5,0
638,,468345.084,4313387.071,2423.049,,-105.36540451,38.96888376,2409.023,Global,0.011,0.012,0.011,0.016,2.134,m,FIX,2024-08-06 14:05:07.8 UTC-06:00,2024-08-06 14:05:10.8 UTC-06:00,16,1.5,1.8,468406.204,4313301.241,2429.384,-105.36469502,38.96811254,2415.356,105.528,,NAD83(2011) / UTM zone 13N + NAVD88(GEOID18) height,7,7,7,5,0
639,,468344.697,4313387.295,2423.054,,-105.36540898,38.96888577,2409.028,Global,0.014,0.011,0.011,0.018,2.134,m,FIX,2024-08-06 14:05:19.0 UTC-06:00,2024-08-06 14:05:22.0 UTC-06:00,16,1.5,1.8,468406.204,4313301.241,2429.384,-105.36469502,38.96811254,2415.356,105.945,,NAD83(2011) / UTM zone 13N + NAVD88(GEOID18) height,7,7,7,5,0
640,,468344.168,4313387.400,2423.084,,-105.36541510,38.96888669,2409.058,Global,0.011,0.011,0.010,0.016,2.134,m,FIX,2024-08-06 14:05:30.2 UTC-06:00,2024-08-06 14:05:33.2 UTC-06:00,16,1.5,1.8,468406.204,4313301.241,2429.384,-105.36469502,38.96811254,2415.356,106.324,,NAD83(2011) / UTM zone 13N + NAVD88(GEOID18) height,6,7,7,5,0
641,,468343.694,4313387.576,2423.090,,-105.36542057,38.96888826,2409.065,Global,0.011,0.012,0.011,0.016,2.134,m,FIX,2024-08-06 14:05:40.8 UTC-06:00,2024-08-06 14:05:43.8 UTC-06:00,16,1.5,1.8,468406.204,4313301.241,2429.384,-105.36469502,38.96811254,2415.356,106.760,,NAD83(2011) / UTM zone 13N + NAVD88(GEOID18) height,7,7,7,5,0
642,,468343.266,4313387.767,2423.109,,-105.36542553,38.96888997,2409.084,Global,0.012,0.012,0.010,0.017,2.134,m,FIX,2024-08-06 14:05:51.0 UTC-06:00,2024-08-06 14:05:54.0 UTC-06:00,16,1.5,1.8,468406.204,4313301.241,2429.384,-105.36469502,38.96811254,2415.356,107.170,,NAD83(2011) / UTM zone 13N + NAVD88(GEOID18) height,7,7,7,5,0
643,,468342.808,4313387.906,2423.107,,-105.36543081,38.96889120,2409.081,Global,0.014,0.011,0.011,0.018,2.134,m,FIX,2024-08-06 14:06:02.6 UTC-06:00,2024-08-06 14:06:05.6 UTC-06:00,16,1.5,1.8,468406.204,4313301.241,2429.384,-105.36469502,38.96811254,2415.356,107.542,,NAD83(2011) / UTM zone 13N + NAVD88(GEOID18) height,7,7,7,5,0
644,,468342.308,4313388.088,2423.063,,-105.36543659,38.96889282,2409.037,Global,0.012,0.010,0.011,0.016,2.134,m,FIX,2024-08-06 14:06:11.4 UTC-06:00,2024-08-06 14:06:14.4 UTC-06:00,16,1.5,1.8,468406.204,4313301.241,2429.384,-105.36469502,38.96811254,2415.356,107.973,,NAD83(2011) / UTM zone 13N + NAVD88(GEOID18) height,6,7,7,5,0
645,,468341.844,4313388.280,2423.096,,-105.36544196,38.96889453,2409.071,Global,0.010,0.012,0.011,0.016,2.134,m,FIX,2024-08-06 14:06:22.2 UTC-06:00,2024-08-06 14:06:25.2 UTC-06:00,16,1.5,1.8,468406.204,4313301.241,2429.384,-105.36469502,38.96811254,2415.356,108.410,,NAD83(2011) / UTM zone 13N + NAVD88(GEOID18) height,6,7,7,5,0
646,,468341.366,4313388.406,2423.073,,-105.36544749,38.96889566,2409.047,Global,0.016,0.015,0.012,0.022,2.134,m,FIX,2024-08-06 14:06:30.4 UTC-06:00,2024-08-06 14:06:33.4 UTC-06:00,16,1.5,1.8,468406.204,4313301.241,2429.384,-105.36469502,38.96811254,2415.356,108.797,,NAD83(2011) / UTM zone 13N + NAVD88(GEOID18) height,6,7,7,5,0
647,,468340.919,4313388.684,2423.018,,-105.36545265,38.96889815,2408.993,Global,0.012,0.011,0.011,0.016,2.134,m,FIX,2024-08-06 14:06:41.8 UTC-06:00,2024-08-06 14:06:44.8 UTC-06:00,16,1.5,1.8,468406.204,4313301.241,2429.384,-105.36469502,38.96811254,2415.356,109.282,,NAD83(2011) / UTM zone 13N + NAVD88(GEOID18) height,6,7,7,5,0
648,,468340.427,4313388.800,2423.039,,-105.36545835,38.96889917,2409.014,Global,0.012,0.013,0.010,0.018,2.134,m,FIX,2024-08-06 14:06:51.6 UTC-06:00,2024-08-06 14:06:54.6 UTC-06:00,16,1.5,1.8,468406.204,4313301.241,2429.384,-105.36469502,38.96811254,2415.356,109.676,,NAD83(2011) / UTM zone 13N + NAVD88(GEOID18) height,6,7,7,5,0
649,,468339.984,4313388.998,2423.020,,-105.36546347,38.96890094,2408.995,Global,0.015,0.012,0.010,0.019,2.134,m,FIX,2024-08-06 14:07:04.6 UTC-06:00,2024-08-06 14:07:07.6 UTC-06:00,16,1.5,1.8,468406.204,4313301.241,2429.384,-105.36469502,38.96811254,2415.356,110.115,,NAD83(2011) / UTM zone 13N + NAVD88(GEOID18) height,6,7,7,5,0
650,,468339.490,4313389.122,2422.981,,-105.36546917,38.96890204,2408.956,Global,0.013,0.011,0.010,0.018,2.134,m,FIX,2024-08-06 14:07:13.4 UTC-06:00,2024-08-06 14:07:16.4 UTC-06:00,16,1.5,1.8,468406.204,4313301.241,2429.384,-105.36469502,38.96811254,2415.356,110.496,,NAD83(2011) / UTM zone 13N + NAVD88(GEOID18) height,6,8,7,5,0
651,,468339.080,4313389.348,2422.961,,-105.36547391,38.96890406,2408.936,Global,0.010,0.013,0.010,0.016,2.134,m,FIX,2024-08-06 14:07:27.6 UTC-06:00,2024-08-06 14:07:30.6 UTC-06:00,16,1.5,1.8,468406.204,4313301.241,2429.384,-105.36469502,38.96811254,2415.356,110.937,,NAD83(2011) / UTM zone 13N + NAVD88(GEOID18) height,6,8,7,5,0
652,,468338.585,4313389.554,2422.973,,-105.36547964,38.96890590,2408.948,Global,0.010,0.011,0.011,0.015,2.134,m,FIX,2024-08-06 14:07:37.2 UTC-06:00,2024-08-06 14:07:40.2 UTC-06:00,16,1.5,1.8,468406.204,4313301.241,2429.384,-105.36469502,38.96811254,2415.356,111.400,,NAD83(2011) / UTM zone 13N + NAVD88(GEOID18) height,6,7,7,6,0
653,,468338.061,4313389.689,2422.947,,-105.36548569,38.96890710,2408.922,Global,0.012,0.011,0.011,0.017,2.134,m,FIX,2024-08-06 14:07:46.8 UTC-06:00,2024-08-06 14:07:49.8 UTC-06:00,16,1.5,1.8,468406.204,4313301.241,2429.384,-105.36469502,38.96811254,2415.356,111.816,,NAD83(2011) / UTM zone 13N + NAVD88(GEOID18) height,6,7,7,6,0
654,,468337.613,4313389.890,2422.920,,-105.36549088,38.96890889,2408.894,Global,0.011,0.010,0.010,0.015,2.134,m,FIX,2024-08-06 14:07:59.8 UTC-06:00,2024-08-06 14:08:02.8 UTC-06:00,16,1.5,1.8,468406.204,4313301.241,2429.384,-105.36469502,38.96811254,2415.356,112.256,,NAD83(2011) / UTM zone 13N + NAVD88(GEOID18) height,6,7,7,5,0
655,,468337.229,4313390.085,2422.882,,-105.36549532,38.96891064,2408.856,Global,0.011,0.010,0.011,0.015,2.134,m,FIX,2024-08-06 14:08:14.4 UTC-06:00,2024-08-06 14:08:17.4 UTC-06:00,16,1.5,1.8,468406.204,4313301.241,2429.384,-105.36469502,38.96811254,2415.356,112.646,,NAD83(2011) / UTM zone 13N + NAVD88(GEOID18) height,6,8,7,6,0
656,,468336.741,4313390.274,2422.873,,-105.36550096,38.96891232,2408.848,Global,0.011,0.010,0.010,0.015,2.134,m,FIX,2024-08-06 14:08:26.0 UTC-06:00,2024-08-06 14:08:29.0 UTC-06:00,16,1.5,1.8,468406.204,4313301.241,2429.384,-105.36469502,38.96811254,2415.356,113.091,,NAD83(2011) / UTM zone 13N + NAVD88(GEOID18) height,6,8,7,6,0
657,,468336.285,4313390.391,2422.810,,-105.36550623,38.96891336,2408.785,Global,0.011,0.016,0.010,0.019,2.134,m,FIX,2024-08-06 14:08:39.2 UTC-06:00,2024-08-06 14:08:42.2 UTC-06:00,16,1.5,1.8,468406.204,4313301.241,2429.384,-105.36469502,38.96811254,2415.356,113.482,,NAD83(2011) / UTM zone 13N + NAVD88(GEOID18) height,6,7,7,6,0
658,,468335.756,4313390.674,2422.831,,-105.36551235,38.96891589,2408.806,Global,0.012,0.011,0.010,0.016,2.134,m,FIX,2024-08-06 14:08:51.0 UTC-06:00,2024-08-06 14:08:54.0 UTC-06:00,16,1.5,1.8,468406.204,4313301.241,2429.384,-105.36469502,38.96811254,2415.356,114.014,,NAD83(2011) / UTM zone 13N + NAVD88(GEOID18) height,6,7,7,6,0
659,,468335.385,4313390.804,2422.801,,-105.36551664,38.96891705,2408.776,Global,0.012,0.016,0.010,0.020,2.134,m,FIX,2024-08-06 14:09:04.4 UTC-06:00,2024-08-06 14:09:07.4 UTC-06:00,16,1.5,1.8,468406.204,4313301.241,2429.384,-105.36469502,38.96811254,2415.356,114.358,,NAD83(2011) / UTM zone 13N + NAVD88(GEOID18) height,6,7,7,6,0
660,,468334.876,4313390.982,2422.858,,-105.36552252,38.96891863,2408.833,Global,0.011,0.013,0.010,0.017,2.134,m,FIX,2024-08-06 14:09:15.2 UTC-06:00,2024-08-06 14:09:18.2 UTC-06:00,16,1.5,1.8,468406.204,4313301.241,2429.384,-105.36469502,38.96811254,2415.356,114.800,,NAD83(2011) / UTM zone 13N + NAVD88(GEOID18) height,6,7,7,6,0
661,,468334.374,4313391.124,2422.867,,-105.36552831,38.96891989,2408.842,Global,0.017,0.011,0.011,0.020,2.134,m,FIX,2024-08-06 14:09:26.0 UTC-06:00,2024-08-06 14:09:29.0 UTC-06:00,16,1.5,1.8,468406.204,4313301.241,2429.384,-105.36469502,38.96811254,2415.356,115.218,,NAD83(2011) / UTM zone 13N + NAVD88(GEOID18) height,6,6,7,6,0
662,,468333.960,4313391.346,2422.886,,-105.36553311,38.96892188,2408.861,Global,0.011,0.011,0.010,0.015,2.134,m,FIX,2024-08-06 14:09:36.0 UTC-06:00,2024-08-06 14:09:39.0 UTC-06:00,16,1.5,1.8,468406.204,4313301.241,2429.384,-105.36469502,38.96811254,2415.356,115.655,,NAD83(2011) / UTM zone 13N + NAVD88(GEOID18) height,6,6,7,6,0
663,,468333.389,4313391.562,2422.921,,-105.36553971,38.96892380,2408.895,Global,0.011,0.011,0.011,0.016,2.134,m,FIX,2024-08-06 14:09:45.8 UTC-06:00,2024-08-06 14:09:48.8 UTC-06:00,16,1.5,1.8,468406.204,4313301.241,2429.384,-105.36469502,38.96811254,2415.356,116.180,,NAD83(2011) / UTM zone 13N + NAVD88(GEOID18) height,6,7,7,6,0
664,,468332.984,4313391.712,2422.895,,-105.36554440,38.96892514,2408.870,Global,0.013,0.012,0.010,0.017,2.134,m,FIX,2024-08-06 14:09:56.0 UTC-06:00,2024-08-06 14:09:59.0 UTC-06:00,16,1.5,1.8,468406.204,4313301.241,2429.384,-105.36469502,38.96811254,2415.356,116.555,,NAD83(2011) / UTM zone 13N + NAVD88(GEOID18) height,6,7,7,6,0
665,,468332.554,4313391.996,2422.909,,-105.36554937,38.96892768,2408.884,Global,0.012,0.014,0.010,0.018,2.134,m,FIX,2024-08-06 14:10:06.4 UTC-06:00,2024-08-06 14:10:09.4 UTC-06:00,16,1.5,1.8,468406.204,4313301.241,2429.384,-105.36469502,38.96811254,2415.356,117.037,,NAD83(2011) / UTM zone 13N + NAVD88(GEOID18) height,6,7,7,6,0
666,,468332.094,4313392.066,2422.838,,-105.36555468,38.96892830,2408.813,Global,0.012,0.013,0.010,0.018,2.134,m,FIX,2024-08-06 14:10:17.2 UTC-06:00,2024-08-06 14:10:20.2 UTC-06:00,16,1.5,1.8,468406.204,4313301.241,2429.384,-105.36469502,38.96811254,2415.356,117.395,,NAD83(2011) / UTM zone 13N + NAVD88(GEOID18) height,6,6,7,6,0
667,,468331.563,4313392.174,2422.990,,-105.36556082,38.96892925,2408.964,Global,0.015,0.014,0.010,0.020,2.134,m,FIX,2024-08-06 14:10:31.8 UTC-06:00,2024-08-06 14:10:34.8 UTC-06:00,16,1.5,1.8,468406.204,4313301.241,2429.384,-105.36469502,38.96811254,2415.356,117.809,,NAD83(2011) / UTM zone 13N + NAVD88(GEOID18) height,6,6,7,6,0
668,,468330.992,4313392.376,2422.975,,-105.36556742,38.96893105,2408.950,Global,0.012,0.020,0.011,0.024,2.134,m,FIX,2024-08-06 14:10:40.0 UTC-06:00,2024-08-06 14:10:43.0 UTC-06:00,16,1.5,1.8,468406.204,4313301.241,2429.384,-105.36469502,38.96811254,2415.356,118.345,,NAD83(2011) / UTM zone 13N + NAVD88(GEOID18) height,6,7,7,6,0
669,,468330.524,4313392.516,2422.962,,-105.36557282,38.96893230,2408.937,Global,0.011,0.012,0.010,0.016,2.134,m,FIX,2024-08-06 14:10:53.8 UTC-06:00,2024-08-06 14:10:56.8 UTC-06:00,16,1.5,1.8,468406.204,4313301.241,2429.384,-105.36469502,38.96811254,2415.356,118.737,,NAD83(2011) / UTM zone 13N + NAVD88(GEOID18) height,6,7,7,6,0
670,,468330.092,4313392.671,2422.988,,-105.36557782,38.96893368,2408.963,Global,0.011,0.014,0.011,0.017,2.134,m,FIX,2024-08-06 14:11:05.0 UTC-06:00,2024-08-06 14:11:08.0 UTC-06:00,16,1.5,1.8,468406.204,4313301.241,2429.384,-105.36469502,38.96811254,2415.356,119.122,,NAD83(2011) / UTM zone 13N + NAVD88(GEOID18) height,6,7,7,5,0
671,,468329.634,4313392.963,2423.018,,-105.36558312,38.96893630,2408.993,Global,0.012,0.015,0.010,0.019,2.134,m,FIX,2024-08-06 14:11:16.4 UTC-06:00,2024-08-06 14:11:19.4 UTC-06:00,16,1.5,1.8,468406.204,4313301.241,2429.384,-105.36469502,38.96811254,2415.356,119.662,,NAD83(2011) / UTM zone 13N + NAVD88(GEOID18) height,6,7,7,6,0
672,,468329.189,4313393.087,2423.013,,-105.36558826,38.96893740,2408.988,Global,0.014,0.012,0.010,0.018,2.134,m,FIX,2024-08-06 14:11:26.8 UTC-06:00,2024-08-06 14:11:29.8 UTC-06:00,16,1.5,1.8,468406.204,4313301.241,2429.384,-105.36469502,38.96811254,2415.356,120.027,,NAD83(2011) / UTM zone 13N + NAVD88(GEOID18) height,6,7,7,5,0
673,,468328.856,4313393.334,2423.033,,-105.36559211,38.96893961,2409.008,Global,0.010,0.011,0.010,0.015,2.134,m,FIX,2024-08-06 14:11:38.0 UTC-06:00,2024-08-06 14:11:41.0 UTC-06:00,16,1.5,1.8,468406.204,4313301.241,2429.384,-105.36469502,38.96811254,2415.356,120.427,,NAD83(2011) / UTM zone 13N + NAVD88(GEOID18) height,6,7,7,5,0
674,,468328.275,4313393.462,2423.102,,-105.36559883,38.96894074,2409.077,Global,0.010,0.013,0.011,0.017,2.134,m,FIX,2024-08-06 14:11:50.6 UTC-06:00,2024-08-06 14:11:53.6 UTC-06:00,16,1.5,1.8,468406.204,4313301.241,2429.384,-105.36469502,38.96811254,2415.356,120.913,,NAD83(2011) / UTM zone 13N + NAVD88(GEOID18) height,6,7,7,6,0
675,,468327.779,4313393.694,2423.138,,-105.36560456,38.96894281,2409.113,Global,0.019,0.013,0.011,0.023,2.134,m,FIX,2024-08-06 14:12:02.8 UTC-06:00,2024-08-06 14:12:05.8 UTC-06:00,16,1.5,1.8,468406.204,4313301.241,2429.384,-105.36469502,38.96811254,2415.356,121.414,,NAD83(2011) / UTM zone 13N + NAVD88(GEOID18) height,6,7,7,6,0
676,,468327.419,4313393.858,2423.172,,-105.36560873,38.96894428,2409.147,Global,0.013,0.010,0.011,0.016,2.134,m,FIX,2024-08-06 14:12:13.2 UTC-06:00,2024-08-06 14:12:16.2 UTC-06:00,16,1.7,2.1,468406.204,4313301.241,2429.384,-105.36469502,38.96811254,2415.356,121.751,,NAD83(2011) / UTM zone 13N + NAVD88(GEOID18) height,6,7,7,6,0
677,,468326.871,4313394.048,2423.330,,-105.36561507,38.96894598,2409.305,Global,0.024,0.021,0.017,0.032,2.134,m,FIX,2024-08-06 14:12:56.8 UTC-06:00,2024-08-06 14:12:59.8 UTC-06:00,16,1.7,2.0,468406.204,4313301.241,2429.384,-105.36469502,38.96811254,2415.356,122.276,,NAD83(2011) / UTM zone 13N + NAVD88(GEOID18) height,6,7,7,6,0
678,,468326.405,4313394.229,2423.434,,-105.36562045,38.96894759,2409.409,Global,0.012,0.010,0.011,0.016,2.134,m,FIX,2024-08-06 14:13:06.6 UTC-06:00,2024-08-06 14:13:09.6 UTC-06:00,16,1.7,2.0,468406.204,4313301.241,2429.384,-105.36469502,38.96811254,2415.356,122.675,,NAD83(2011) / UTM zone 13N + NAVD88(GEOID18) height,6,7,7,6,0
679,,468325.960,4313394.317,2423.620,,-105.36562559,38.96894836,2409.595,Global,0.011,0.013,0.031,0.017,2.134,m,FIX,2024-08-06 14:13:17.0 UTC-06:00,2024-08-06 14:13:20.0 UTC-06:00,16,1.7,2.0,468406.204,4313301.241,2429.384,-105.36469502,38.96811254,2415.356,123.037,,NAD83(2011) / UTM zone 13N + NAVD88(GEOID18) height,6,6,7,5,0
680,,468325.530,4313394.547,2423.740,,-105.36563057,38.96895042,2409.715,Global,0.011,0.015,0.034,0.018,2.134,m,FIX,2024-08-06 14:13:27.6 UTC-06:00,2024-08-06 14:13:30.6 UTC-06:00,16,1.7,2.0,468406.204,4313301.241,2429.384,-105.36469502,38.96811254,2415.356,123.488,,NAD83(2011) / UTM zone 13N + NAVD88(GEOID18) height,6,6,7,6,0
681,,468325.125,4313394.758,2423.702,,-105.36563525,38.96895231,2409.677,Global,0.017,0.017,0.043,0.024,2.134,m,FIX,2024-08-06 14:14:10.0 UTC-06:00,2024-08-06 14:14:13.0 UTC-06:00,16,1.7,2.1,468406.204,4313301.241,2429.384,-105.36469502,38.96811254,2415.356,123.904,,NAD83(2011) / UTM zone 13N + NAVD88(GEOID18) height,6,6,7,6,0
682,,468324.763,4313394.986,2423.898,,-105.36563944,38.96895435,2409.873,Global,0.011,0.016,0.038,0.020,2.134,m,FIX,2024-08-06 14:14:25.8 UTC-06:00,2024-08-06 14:14:28.8 UTC-06:00,16,1.7,2.1,468406.204,4313301.241,2429.384,-105.36469502,38.96811254,2415.356,124.308,,NAD83(2011) / UTM zone 13N + NAVD88(GEOID18) height,6,6,7,6,0
683,,468323.887,4313395.062,2424.125,,-105.36564955,38.96895500,2410.100,Global,0.010,0.015,0.030,0.018,2.134,m,FIX,2024-08-06 14:15:02.8 UTC-06:00,2024-08-06 14:15:05.8 UTC-06:00,16,1.7,2.0,468406.204,4313301.241,2429.384,-105.36469502,38.96811254,2415.356,124.947,,NAD83(2011) / UTM zone 13N + NAVD88(GEOID18) height,6,7,7,6,0
684,,468323.448,4313395.220,2424.302,,-105.36565463,38.96895641,2410.277,Global,0.011,0.012,0.017,0.016,2.134,m,FIX,2024-08-06 14:15:23.0 UTC-06:00,2024-08-06 14:15:26.0 UTC-06:00,16,1.7,2.1,468406.204,4313301.241,2429.384,-105.36469502,38.96811254,2415.356,125.347,,NAD83(2011) / UTM zone 13N + NAVD88(GEOID18) height,6,7,7,6,0
685,,468323.063,4313395.545,2424.374,,-105.36565909,38.96895933,2410.349,Global,0.014,0.011,0.025,0.018,2.134,m,FIX,2024-08-06 14:15:36.0 UTC-06:00,2024-08-06 14:15:39.0 UTC-06:00,16,1.5,1.8,468406.204,4313301.241,2429.384,-105.36469502,38.96811254,2415.356,125.850,,NAD83(2011) / UTM zone 13N + NAVD88(GEOID18) height,6,7,7,6,0
686,,468322.582,4313395.698,2424.551,,-105.36566465,38.96896069,2410.526,Global,0.018,0.013,0.014,0.022,2.134,m,FIX,2024-08-06 14:15:52.0 UTC-06:00,2024-08-06 14:15:55.0 UTC-06:00,16,1.6,2.0,468406.204,4313301.241,2429.384,-105.36469502,38.96811254,2415.356,126.293,,NAD83(2011) / UTM zone 13N + NAVD88(GEOID18) height,6,7,7,6,0
687,,468322.066,4313395.876,2424.688,,-105.36567062,38.96896227,2410.663,Global,0.011,0.012,0.011,0.016,2.134,m,FIX,2024-08-06 14:16:04.2 UTC-06:00,2024-08-06 14:16:07.2 UTC-06:00,16,1.5,1.8,468406.204,4313301.241,2429.384,-105.36469502,38.96811254,2415.356,126.756,,NAD83(2011) / UTM zone 13N + NAVD88(GEOID18) height,6,5,7,5,0
688,,468321.827,4313396.035,2424.766,,-105.36567338,38.96896370,2410.741,Global,0.011,0.013,0.012,0.017,2.134,m,FIX,2024-08-06 14:16:34.8 UTC-06:00,2024-08-06 14:17:04.8 UTC-06:00,151,1.5,1.8,468406.204,4313301.241,2429.384,-105.36469502,38.96811254,2415.356,127.031,,NAD83(2011) / UTM zone 13N + NAVD88(GEOID18) height,6,6,7,6,0
689,,468321.819,4313396.040,2424.767,,-105.36567347,38.96896374,2410.742,Global,0.010,0.011,0.010,0.015,2.134,m,FIX,2024-08-06 14:17:20.4 UTC-06:00,2024-08-06 14:17:23.4 UTC-06:00,16,1.5,1.8,468406.204,4313301.241,2429.384,-105.36469502,38.96811254,2415.356,127.036,,NAD83(2011) / UTM zone 13N + NAVD88(GEOID18) height,6,6,7,6,0
690,,468321.630,4313395.926,2424.783,,-105.36567565,38.96896271,2410.759,Global,0.012,0.015,0.012,0.019,2.134,m,FIX,2024-08-06 14:17:29.8 UTC-06:00,2024-08-06 14:17:32.8 UTC-06:00,16,1.6,1.9,468406.204,4313301.241,2429.384,-105.36469502,38.96811254,2415.356,127.076,,NAD83(2011) / UTM zone 13N + NAVD88(GEOID18) height,7,6,7,6,0
691,,468322.006,4313395.956,2424.708,,-105.36567131,38.96896299,2410.683,Global,0.013,0.014,0.010,0.019,2.134,m,FIX,2024-08-06 14:17:38.0 UTC-06:00,2024-08-06 14:17:41.0 UTC-06:00,16,1.5,1.7,468406.204,4313301.241,2429.384,-105.36469502,38.96811254,2415.356,126.858,,NAD83(2011) / UTM zone 13N + NAVD88(GEOID18) height,7,6,7,6,0
692,,468321.915,4313396.398,2424.753,,-105.36567238,38.96896697,2410.729,Global,0.013,0.011,0.011,0.017,2.134,m,FIX,2024-08-06 14:17:48.2 UTC-06:00,2024-08-06 14:17:51.2 UTC-06:00,16,1.6,1.9,468406.204,4313301.241,2429.384,-105.36469502,38.96811254,2415.356,127.224,,NAD83(2011) / UTM zone 13N + NAVD88(GEOID18) height,6,6,7,6,0
693,,468321.460,4313396.104,2424.855,,-105.36567762,38.96896430,2410.830,Global,0.012,0.018,0.011,0.022,2.134,m,FIX,2024-08-06 14:17:57.8 UTC-06:00,2024-08-06 14:18:00.8 UTC-06:00,16,1.6,1.9,468406.204,4313301.241,2429.384,-105.36469502,38.96811254,2415.356,127.327,,NAD83(2011) / UTM zone 13N + NAVD88(GEOID18) height,6,6,7,5,0
694,,468321.839,4313396.017,2424.742,,-105.36567324,38.96896354,2410.717,Global,0.010,0.010,0.011,0.015,2.134,m,FIX,2024-08-06 14:18:26.4 UTC-06:00,2024-08-06 14:18:29.4 UTC-06:00,16,1.5,1.8,468406.204,4313301.241,2429.384,-105.36469502,38.96811254,2415.356,127.010,,NAD83(2011) / UTM zone 13N + NAVD88(GEOID18) height,6,6,7,6,0
695,,468386.797,4313371.000,2423.353,,-105.36492226,38.96874044,2409.327,Global,0.010,0.012,0.010,0.016,2.134,m,FIX,2024-08-06 14:25:01.0 UTC-06:00,2024-08-06 14:25:04.0 UTC-06:00,16,0.9,1.0,468406.204,4313301.241,2429.384,-105.36469502,38.96811254,2415.356,72.558,,NAD83(2011) / UTM zone 13N + NAVD88(GEOID18) height,9,7,8,6,0
696,,468387.188,4313370.929,2423.345,,-105.36491774,38.96873982,2409.318,Global,0.013,0.011,0.010,0.017,2.134,m,FIX,2024-08-06 14:25:08.2 UTC-06:00,2024-08-06 14:25:11.2 UTC-06:00,16,0.9,1.0,468406.204,4313301.241,2429.384,-105.36469502,38.96811254,2415.356,72.396,,NAD83(2011) / UTM zone 13N + NAVD88(GEOID18) height,9,7,8,6,0
697,,468387.515,4313370.978,2423.367,,-105.36491397,38.96874028,2409.340,Global,0.030,0.012,0.010,0.033,2.134,m,FIX,2024-08-06 14:25:14.0 UTC-06:00,2024-08-06 14:25:17.0 UTC-06:00,16,0.9,1.0,468406.204,4313301.241,2429.384,-105.36469502,38.96811254,2415.356,72.351,,NAD83(2011) / UTM zone 13N + NAVD88(GEOID18) height,9,7,8,6,0
698,,468387.922,4313370.989,2423.383,,-105.36490928,38.96874039,2409.357,Global,0.015,0.015,0.010,0.021,2.134,m,FIX,2024-08-06 14:25:21.8 UTC-06:00,2024-08-06 14:25:24.8 UTC-06:00,16,0.9,1.0,468406.204,4313301.241,2429.384,-105.36469502,38.96811254,2415.356,72.260,,NAD83(2011) / UTM zone 13N + NAVD88(GEOID18) height,9,7,8,6,0
699,,468388.295,4313370.932,2423.388,,-105.36490497,38.96873989,2409.362,Global,0.027,0.011,0.010,0.029,2.134,m,FIX,2024-08-06 14:25:30.4 UTC-06:00,2024-08-06 14:25:33.4 UTC-06:00,16,0.9,1.0,468406.204,4313301.241,2429.384,-105.36469502,38.96811254,2415.356,72.098,,NAD83(2011) / UTM zone 13N + NAVD88(GEOID18) height,9,7,8,6,0
700,,468525.043,4313317.312,2429.593,,-105.36332400,38.96826163,2415.563,Global,0.017,0.019,0.012,0.026,2.134,m,FIX,2024-08-06 14:32:17.6 UTC-06:00,2024-08-06 14:32:47.6 UTC-06:00,151,1.0,1.1,468406.204,4313301.241,2429.384,-105.36469502,38.96811254,2415.356,120.033,,NAD83(2011) / UTM zone 13N + NAVD88(GEOID18) height,9,7,8,6,0
701,,468525.048,4313317.314,2429.583,,-105.36332394,38.96826165,2415.553,Global,0.012,0.011,0.013,0.016,2.134,m,FIX,2024-08-06 14:32:58.4 UTC-06:00,2024-08-06 14:33:01.4 UTC-06:00,16,0.9,1.1,468406.204,4313301.241,2429.384,-105.36469502,38.96811254,2415.356,120.045,,NAD83(2011) / UTM zone 13N + NAVD88(GEOID18) height,9,7,8,6,0
702,,468524.936,4313317.209,2429.572,,-105.36332522,38.96826070,2415.543,Global,0.027,0.030,0.013,0.041,2.134,m,FIX,2024-08-06 14:33:06.2 UTC-06:00,2024-08-06 14:33:09.2 UTC-06:00,16,1.0,1.2,468406.204,4313301.241,2429.384,-105.36469502,38.96811254,2415.356,119.871,,NAD83(2011) / UTM zone 13N + NAVD88(GEOID18) height,9,7,8,6,0
703,,468525.181,4313317.123,2429.691,,-105.36332239,38.96825993,2415.662,Global,0.021,0.031,0.011,0.037,2.134,m,FIX,2024-08-06 14:33:12.2 UTC-06:00,2024-08-06 14:33:15.2 UTC-06:00,16,1.0,1.1,468406.204,4313301.241,2429.384,-105.36469502,38.96811254,2415.356,120.175,,NAD83(2011) / UTM zone 13N + NAVD88(GEOID18) height,9,7,8,6,0
704,,468525.245,4313317.443,2429.574,,-105.36332167,38.96826282,2415.545,Global,0.020,0.020,0.013,0.028,2.134,m,FIX,2024-08-06 14:33:17.8 UTC-06:00,2024-08-06 14:33:20.8 UTC-06:00,16,0.9,1.1,468406.204,4313301.241,2429.384,-105.36469502,38.96811254,2415.356,120.285,,NAD83(2011) / UTM zone 13N + NAVD88(GEOID18) height,9,7,8,6,0
705,,468524.962,4313317.621,2429.465,,-105.36332495,38.96826441,2415.436,Global,0.057,0.013,0.011,0.058,2.134,m,FIX,2024-08-06 14:33:23.6 UTC-06:00,2024-08-06 14:33:26.6 UTC-06:00,16,1.0,1.1,468406.204,4313301.241,2429.384,-105.36469502,38.96811254,2415.356,119.940,,NAD83(2011) / UTM zone 13N + NAVD88(GEOID18) height,9,7,8,6,0
706,,468525.122,4313317.354,2429.534,,-105.36332308,38.96826202,2415.504,Global,0.047,0.052,0.014,0.070,2.134,m,FIX,2024-08-06 14:33:30.2 UTC-06:00,2024-08-06 14:33:33.2 UTC-06:00,16,1.0,1.1,468406.204,4313301.241,2429.384,-105.36469502,38.96811254,2415.356,120.065,,NAD83(2011) / UTM zone 13N + NAVD88(GEOID18) height,9,7,8,6,0
707,,468525.055,4313317.327,2429.593,,-105.36332386,38.96826176,2415.564,Global,0.026,0.017,0.012,0.031,2.134,m,FIX,2024-08-06 14:33:37.2 UTC-06:00,2024-08-06 14:33:40.2 UTC-06:00,16,0.9,1.1,468406.204,4313301.241,2429.384,-105.36469502,38.96811254,2415.356,120.026,,NAD83(2011) / UTM zone 13N + NAVD88(GEOID18) height,9,7,8,6,0
