,index,Name,Code,Easting,Northing,Elevation,Description,Longitude,Latitude,Ellipsoidal height,Origin,Easting RMS,Northing RMS,Elevation RMS,Lateral RMS,Antenna height,Antenna height units,Solution status,Averaging start,Averaging end,Samples,PDOP,GDOP,Base easting,Base northing,Base elevation,Base longitude,Base latitude,Base ellipsoidal height,Baseline,Mount point,CS name,GPS Satellites,GLONASS Satellites,Galileo Satellites,BeiDou Satellites,QZSS Satellites,northing_adj,easting_adj,elevation_adj,geometry
0,0,1,,466242.114,4311870.617,2457.345,,-105.3896045,38.95514015,2443.351,Global,0.01,0.011,0.01,0.015,2.134,m,FIX,2024-07-22 13:19:05.6 UTC-06:00,2024-07-22 13:19:08.6 UTC-06:00,16,1.4,1.7,466230.172,4312045.18,2470.929,-105.389751,38.95671271,2456.937,175.475,,NAD83(2011) / UTM zone 13N + NAVD88(GEOID18) height,6,5,6,5,0,4311870.035,466243.779,2455.3469999999998,POINT Z (466243.779 4311870.035 2455.3469999999998)
1,1,2,,466242.072,4311870.496,2457.28,,-105.389605,38.95513906,2443.286,Global,0.012,0.012,0.011,0.017,2.134,m,FIX,2024-07-22 13:19:17.6 UTC-06:00,2024-07-22 13:19:20.6 UTC-06:00,16,1.5,1.8,466230.172,4312045.18,2470.929,-105.389751,38.95671271,2456.937,175.597,,NAD83(2011) / UTM zone 13N + NAVD88(GEOID18) height,6,5,6,5,0,4311869.914000001,466243.73699999996,2455.282,POINT Z (466243.73699999996 4311869.914000001 2455.282)
2,2,3,,466242.261,4311870.576,2457.342,,-105.3896028,38.95513978,2443.348,Global,0.011,0.011,0.01,0.015,2.134,m,FIX,2024-07-22 13:19:29.4 UTC-06:00,2024-07-22 13:19:32.4 UTC-06:00,16,1.5,1.8,466230.172,4312045.18,2470.929,-105.389751,38.95671271,2456.937,175.524,,NAD83(2011) / UTM zone 13N + NAVD88(GEOID18) height,7,5,6,5,0,4311869.994000001,466243.926,2455.344,POINT Z (466243.926 4311869.994000001 2455.344)
3,3,4,,466242.145,4311870.721,2457.324,,-105.3896042,38.95514108,2443.331,Global,0.01,0.011,0.011,0.015,2.134,m,FIX,2024-07-22 13:19:42.0 UTC-06:00,2024-07-22 13:19:45.0 UTC-06:00,16,1.4,1.7,466230.172,4312045.18,2470.929,-105.389751,38.95671271,2456.937,175.372,,NAD83(2011) / UTM zone 13N + NAVD88(GEOID18) height,7,5,6,5,0,4311870.139,466243.81,2455.326,POINT Z (466243.81 4311870.139 2455.326)
4,4,5,,466241.957,4311870.609,2457.264,,-105.3896063,38.95514007,2443.271,Global,0.011,0.011,0.01,0.016,2.134,m,FIX,2024-07-22 13:19:53.4 UTC-06:00,2024-07-22 13:19:56.4 UTC-06:00,16,1.5,1.8,466230.172,4312045.18,2470.929,-105.389751,38.95671271,2456.937,175.479,,NAD83(2011) / UTM zone 13N + NAVD88(GEOID18) height,7,5,6,5,0,4311870.027000001,466243.622,2455.266,POINT Z (466243.622 4311870.027000001 2455.266)
5,5,6,,466242.122,4311870.608,2457.331,,-105.3896044,38.95514006,2443.337,Global,0.011,0.011,0.011,0.016,2.134,m,FIX,2024-07-22 13:20:06.2 UTC-06:00,2024-07-22 13:20:09.2 UTC-06:00,16,1.5,1.8,466230.172,4312045.18,2470.929,-105.389751,38.95671271,2456.937,175.491,,NAD83(2011) / UTM zone 13N + NAVD88(GEOID18) height,7,5,5,5,0,4311870.026000001,466243.78699999995,2455.333,POINT Z (466243.78699999995 4311870.026000001 2455.333)
6,6,7,,466241.944,4311870.62,2457.256,,-105.3896065,38.95514017,2443.262,Global,0.011,0.011,0.012,0.015,2.134,m,FIX,2024-07-22 13:20:27.6 UTC-06:00,2024-07-22 13:20:30.6 UTC-06:00,16,1.5,1.8,466230.172,4312045.18,2470.929,-105.389751,38.95671271,2456.937,175.468,,NAD83(2011) / UTM zone 13N + NAVD88(GEOID18) height,7,5,6,5,0,4311870.038000001,466243.609,2455.258,POINT Z (466243.609 4311870.038000001 2455.258)
7,7,8,,466241.736,4311870.604,2457.156,,-105.3896089,38.95514002,2443.162,Global,0.012,0.016,0.01,0.02,2.134,m,FIX,2024-07-22 13:20:45.2 UTC-06:00,2024-07-22 13:20:48.2 UTC-06:00,16,1.6,2.0,466230.172,4312045.18,2470.929,-105.389751,38.95671271,2456.937,175.468,,NAD83(2011) / UTM zone 13N + NAVD88(GEOID18) height,7,5,6,5,0,4311870.022000001,466243.40099999995,2455.158,POINT Z (466243.40099999995 4311870.022000001 2455.158)
8,8,9,,466241.574,4311870.64,2457.106,,-105.3896107,38.95514033,2443.112,Global,0.011,0.01,0.012,0.015,2.134,m,FIX,2024-07-22 13:21:00.2 UTC-06:00,2024-07-22 13:21:03.2 UTC-06:00,16,1.6,2.0,466230.172,4312045.18,2470.929,-105.389751,38.95671271,2456.937,175.444,,NAD83(2011) / UTM zone 13N + NAVD88(GEOID18) height,7,5,6,5,0,4311870.058,466243.239,2455.108,POINT Z (466243.239 4311870.058 2455.108)
9,9,10,,466241.34,4311870.647,2457.068,,-105.3896135,38.95514039,2443.074,Global,0.012,0.01,0.011,0.016,2.134,m,FIX,2024-07-22 13:21:12.8 UTC-06:00,2024-07-22 13:21:15.8 UTC-06:00,16,1.6,2.0,466230.172,4312045.18,2470.929,-105.389751,38.95671271,2456.937,175.418,,NAD83(2011) / UTM zone 13N + NAVD88(GEOID18) height,7,5,6,5,0,4311870.065,466243.005,2455.07,POINT Z (466243.005 4311870.065 2455.07)
10,10,11,,466241.15,4311870.636,2457.014,,-105.3896157,38.95514028,2443.02,Global,0.011,0.01,0.01,0.015,2.134,m,FIX,2024-07-22 13:21:25.2 UTC-06:00,2024-07-22 13:21:28.2 UTC-06:00,16,1.6,2.0,466230.172,4312045.18,2470.929,-105.389751,38.95671271,2456.937,175.416,,NAD83(2011) / UTM zone 13N + NAVD88(GEOID18) height,7,4,6,5,0,4311870.0540000005,466242.815,2455.016,POINT Z (466242.815 4311870.0540000005 2455.016)
11,11,12,,466240.948,4311870.67,2456.971,,-105.389618,38.95514057,2442.977,Global,0.011,0.011,0.011,0.016,2.134,m,FIX,2024-07-22 13:21:36.8 UTC-06:00,2024-07-22 13:21:39.8 UTC-06:00,16,1.5,1.8,466230.172,4312045.18,2470.929,-105.389751,38.95671271,2456.937,175.387,,NAD83(2011) / UTM zone 13N + NAVD88(GEOID18) height,7,5,6,5,0,4311870.088,466242.61299999995,2454.973,POINT Z (466242.61299999995 4311870.088 2454.973)
12,12,13,,466240.744,4311870.671,2456.959,,-105.3896203,38.95514058,2442.965,Global,0.011,0.013,0.01,0.017,2.134,m,FIX,2024-07-22 13:21:50.0 UTC-06:00,2024-07-22 13:21:53.0 UTC-06:00,16,1.5,1.8,466230.172,4312045.18,2470.929,-105.389751,38.95671271,2456.937,175.356,,NAD83(2011) / UTM zone 13N + NAVD88(GEOID18) height,7,4,6,5,0,4311870.089000001,466242.409,2454.961,POINT Z (466242.409 4311870.089000001 2454.961)
13,13,14,,466240.537,4311870.682,2456.928,,-105.3896227,38.95514067,2442.934,Global,0.011,0.012,0.01,0.016,2.134,m,FIX,2024-07-22 13:22:03.4 UTC-06:00,2024-07-22 13:22:06.4 UTC-06:00,16,1.5,1.8,466230.172,4312045.18,2470.929,-105.389751,38.95671271,2456.937,175.333,,NAD83(2011) / UTM zone 13N + NAVD88(GEOID18) height,6,5,6,5,0,4311870.100000001,466242.202,2454.93,POINT Z (466242.202 4311870.100000001 2454.93)
14,14,15,,466240.348,4311870.681,2456.934,,-105.3896249,38.95514065,2442.94,Global,0.012,0.011,0.011,0.016,2.134,m,FIX,2024-07-22 13:22:23.6 UTC-06:00,2024-07-22 13:22:26.6 UTC-06:00,16,1.6,2.0,466230.172,4312045.18,2470.929,-105.389751,38.95671271,2456.937,175.33,,NAD83(2011) / UTM zone 13N + NAVD88(GEOID18) height,6,5,6,5,0,4311870.099,466242.013,2454.936,POINT Z (466242.013 4311870.099 2454.936)
15,15,16,,466240.094,4311870.713,2456.526,,-105.3896278,38.95514093,2442.532,Global,0.01,0.011,0.01,0.015,2.134,m,FIX,2024-07-22 13:22:42.4 UTC-06:00,2024-07-22 13:22:45.4 UTC-06:00,16,1.5,1.8,466230.172,4312045.18,2470.929,-105.389751,38.95671271,2456.937,175.316,,NAD83(2011) / UTM zone 13N + NAVD88(GEOID18) height,7,5,6,5,0,4311870.131000001,466241.75899999996,2454.528,POINT Z (466241.75899999996 4311870.131000001 2454.528)
16,16,17,,466239.964,4311870.7,2456.418,,-105.3896293,38.95514081,2442.425,Global,0.011,0.01,0.011,0.015,2.134,m,FIX,2024-07-22 13:22:59.4 UTC-06:00,2024-07-22 13:23:02.4 UTC-06:00,16,1.5,1.8,466230.172,4312045.18,2470.929,-105.389751,38.95671271,2456.937,175.323,,NAD83(2011) / UTM zone 13N + NAVD88(GEOID18) height,7,4,6,5,0,4311870.118000001,466241.62899999996,2454.42,POINT Z (466241.62899999996 4311870.118000001 2454.42)
17,17,18,,466239.788,4311870.732,2456.333,,-105.3896314,38.95514109,2442.339,Global,0.01,0.01,0.012,0.014,2.134,m,FIX,2024-07-22 13:23:16.8 UTC-06:00,2024-07-22 13:23:19.8 UTC-06:00,16,1.6,2.0,466230.172,4312045.18,2470.929,-105.389751,38.95671271,2456.937,175.289,,NAD83(2011) / UTM zone 13N + NAVD88(GEOID18) height,7,5,6,5,0,4311870.15,466241.453,2454.335,POINT Z (466241.453 4311870.15 2454.335)
18,18,19,,466239.553,4311870.721,2456.246,,-105.3896341,38.95514098,2442.252,Global,0.011,0.012,0.01,0.016,2.134,m,FIX,2024-07-22 13:23:31.6 UTC-06:00,2024-07-22 13:23:34.6 UTC-06:00,16,1.6,2.0,466230.172,4312045.18,2470.929,-105.389751,38.95671271,2456.937,175.286,,NAD83(2011) / UTM zone 13N + NAVD88(GEOID18) height,7,5,6,5,0,4311870.139,466241.218,2454.248,POINT Z (466241.218 4311870.139 2454.248)
19,19,20,,466239.322,4311870.739,2456.115,,-105.3896367,38.95514114,2442.121,Global,0.011,0.011,0.01,0.015,2.134,m,FIX,2024-07-22 13:23:47.4 UTC-06:00,2024-07-22 13:23:50.4 UTC-06:00,16,1.5,1.8,466230.172,4312045.18,2470.929,-105.389751,38.95671271,2456.937,175.269,,NAD83(2011) / UTM zone 13N + NAVD88(GEOID18) height,7,5,6,5,0,4311870.157000001,466240.98699999996,2454.1169999999997,POINT Z (466240.98699999996 4311870.157000001 2454.1169999999997)
20,20,21,,466239.078,4311870.725,2456.067,,-105.3896396,38.955141,2442.073,Global,0.011,0.01,0.012,0.015,2.134,m,FIX,2024-07-22 13:24:05.2 UTC-06:00,2024-07-22 13:24:08.2 UTC-06:00,16,1.5,1.8,466230.172,4312045.18,2470.929,-105.389751,38.95671271,2456.937,175.282,,NAD83(2011) / UTM zone 13N + NAVD88(GEOID18) height,6,5,6,5,0,4311870.143,466240.74299999996,2454.069,POINT Z (466240.74299999996 4311870.143 2454.069)
21,21,22,,466238.728,4311870.742,2456.1,,-105.3896436,38.95514114,2442.106,Global,0.01,0.012,0.013,0.016,2.134,m,FIX,2024-07-22 13:24:28.6 UTC-06:00,2024-07-22 13:24:31.6 UTC-06:00,16,1.4,1.7,466230.172,4312045.18,2470.929,-105.389751,38.95671271,2456.937,175.251,,NAD83(2011) / UTM zone 13N + NAVD88(GEOID18) height,6,4,6,5,0,4311870.16,466240.393,2454.102,POINT Z (466240.393 4311870.16 2454.102)
22,22,23,,466238.514,4311870.763,2456.104,,-105.3896461,38.95514132,2442.11,Global,0.011,0.011,0.015,0.016,2.134,m,FIX,2024-07-22 13:24:42.4 UTC-06:00,2024-07-22 13:24:45.4 UTC-06:00,16,1.5,1.8,466230.172,4312045.18,2470.929,-105.389751,38.95671271,2456.937,175.216,,NAD83(2011) / UTM zone 13N + NAVD88(GEOID18) height,7,5,6,5,0,4311870.181000001,466240.179,2454.1059999999998,POINT Z (466240.179 4311870.181000001 2454.1059999999998)
23,23,24,,466238.301,4311870.728,2456.124,,-105.3896485,38.955141,2442.13,Global,0.011,0.01,0.011,0.015,2.134,m,FIX,2024-07-22 13:25:00.8 UTC-06:00,2024-07-22 13:25:03.8 UTC-06:00,16,1.5,1.8,466230.172,4312045.18,2470.929,-105.389751,38.95671271,2456.937,175.233,,NAD83(2011) / UTM zone 13N + NAVD88(GEOID18) height,8,6,6,5,0,4311870.146000001,466239.96599999996,2454.1259999999997,POINT Z (466239.96599999996 4311870.146000001 2454.1259999999997)
24,24,25,,466238.13,4311870.781,2456.117,,-105.3896505,38.95514147,2442.124,Global,0.01,0.01,0.012,0.015,2.134,m,FIX,2024-07-22 13:25:13.8 UTC-06:00,2024-07-22 13:25:16.8 UTC-06:00,16,1.5,1.8,466230.172,4312045.18,2470.929,-105.389751,38.95671271,2456.937,175.17,,NAD83(2011) / UTM zone 13N + NAVD88(GEOID18) height,8,5,6,5,0,4311870.199000001,466239.795,2454.119,POINT Z (466239.795 4311870.199000001 2454.119)
25,25,26,,466237.92,4311870.776,2456.107,,-105.3896529,38.95514142,2442.113,Global,0.011,0.01,0.011,0.015,2.134,m,FIX,2024-07-22 13:25:28.6 UTC-06:00,2024-07-22 13:25:31.6 UTC-06:00,16,1.4,1.7,466230.172,4312045.18,2470.929,-105.389751,38.95671271,2456.937,175.168,,NAD83(2011) / UTM zone 13N + NAVD88(GEOID18) height,7,5,6,5,0,4311870.194,466239.58499999996,2454.109,POINT Z (466239.58499999996 4311870.194 2454.109)
26,26,27,,466237.753,4311870.739,2456.063,,-105.3896549,38.95514108,2442.069,Global,0.011,0.01,0.013,0.015,2.134,m,FIX,2024-07-22 13:25:39.0 UTC-06:00,2024-07-22 13:25:42.0 UTC-06:00,16,1.4,1.7,466230.172,4312045.18,2470.929,-105.389751,38.95671271,2456.937,175.2,,NAD83(2011) / UTM zone 13N + NAVD88(GEOID18) height,7,4,6,5,0,4311870.157000001,466239.418,2454.065,POINT Z (466239.418 4311870.157000001 2454.065)
27,27,28,,466237.529,4311870.776,2456.022,,-105.3896575,38.9551414,2442.029,Global,0.013,0.012,0.012,0.018,2.134,m,FIX,2024-07-22 13:25:52.6 UTC-06:00,2024-07-22 13:25:55.6 UTC-06:00,16,1.5,1.8,466230.172,4312045.18,2470.929,-105.389751,38.95671271,2456.937,175.148,,NAD83(2011) / UTM zone 13N + NAVD88(GEOID18) height,7,5,6,5,0,4311870.194,466239.19399999996,2454.024,POINT Z (466239.19399999996 4311870.194 2454.024)
28,28,29,,466237.325,4311870.799,2456.068,,-105.3896598,38.9551416,2442.075,Global,0.011,0.014,0.012,0.018,2.134,m,FIX,2024-07-22 13:26:04.8 UTC-06:00,2024-07-22 13:26:07.8 UTC-06:00,16,1.5,1.8,466230.172,4312045.18,2470.929,-105.389751,38.95671271,2456.937,175.117,,NAD83(2011) / UTM zone 13N + NAVD88(GEOID18) height,8,5,6,5,0,4311870.217,466238.99,2454.07,POINT Z (466238.99 4311870.217 2454.07)
29,29,30,,466237.109,4311870.804,2456.051,,-105.3896623,38.95514164,2442.057,Global,0.01,0.011,0.012,0.015,2.134,m,FIX,2024-07-22 13:26:16.8 UTC-06:00,2024-07-22 13:26:19.8 UTC-06:00,16,1.5,1.8,466230.172,4312045.18,2470.929,-105.389751,38.95671271,2456.937,175.117,,NAD83(2011) / UTM zone 13N + NAVD88(GEOID18) height,8,5,6,5,0,4311870.222,466238.774,2454.053,POINT Z (466238.774 4311870.222 2454.053)
30,30,31,,466236.928,4311870.788,2456.056,,-105.3896644,38.95514149,2442.062,Global,0.01,0.011,0.011,0.015,2.134,m,FIX,2024-07-22 13:26:31.0 UTC-06:00,2024-07-22 13:26:34.0 UTC-06:00,16,1.6,1.9,466230.172,4312045.18,2470.929,-105.389751,38.95671271,2456.937,175.125,,NAD83(2011) / UTM zone 13N + NAVD88(GEOID18) height,8,4,6,5,0,4311870.206,466238.593,2454.058,POINT Z (466238.593 4311870.206 2454.058)
31,31,32,,466236.737,4311870.736,2456.06,,-105.3896666,38.95514101,2442.066,Global,0.01,0.01,0.011,0.014,2.134,m,FIX,2024-07-22 13:26:47.2 UTC-06:00,2024-07-22 13:26:50.2 UTC-06:00,16,1.4,1.7,466230.172,4312045.18,2470.929,-105.389751,38.95671271,2456.937,175.165,,NAD83(2011) / UTM zone 13N + NAVD88(GEOID18) height,7,5,6,5,0,4311870.154,466238.402,2454.062,POINT Z (466238.402 4311870.154 2454.062)
32,32,33,,466236.519,4311870.755,2456.028,,-105.3896691,38.95514117,2442.034,Global,0.01,0.01,0.01,0.014,2.134,m,FIX,2024-07-22 13:27:01.4 UTC-06:00,2024-07-22 13:27:04.4 UTC-06:00,16,1.4,1.7,466230.172,4312045.18,2470.929,-105.389751,38.95671271,2456.937,175.143,,NAD83(2011) / UTM zone 13N + NAVD88(GEOID18) height,8,6,6,5,0,4311870.173,466238.18399999995,2454.0299999999997,POINT Z (466238.18399999995 4311870.173 2454.0299999999997)
33,33,34,,466236.341,4311870.783,2456.029,,-105.3896712,38.95514142,2442.035,Global,0.014,0.011,0.011,0.018,2.134,m,FIX,2024-07-22 13:27:15.6 UTC-06:00,2024-07-22 13:27:18.6 UTC-06:00,16,1.5,1.8,466230.172,4312045.18,2470.929,-105.389751,38.95671271,2456.937,175.099,,NAD83(2011) / UTM zone 13N + NAVD88(GEOID18) height,8,6,6,5,0,4311870.201,466238.006,2454.031,POINT Z (466238.006 4311870.201 2454.031)
34,34,35,,466236.168,4311870.776,2456.052,,-105.3896732,38.95514135,2442.058,Global,0.01,0.011,0.013,0.015,2.134,m,FIX,2024-07-22 13:27:27.6 UTC-06:00,2024-07-22 13:27:30.6 UTC-06:00,16,1.5,1.8,466230.172,4312045.18,2470.929,-105.389751,38.95671271,2456.937,175.103,,NAD83(2011) / UTM zone 13N + NAVD88(GEOID18) height,8,6,6,5,0,4311870.194,466237.833,2454.054,POINT Z (466237.833 4311870.194 2454.054)
35,35,36,,466235.968,4311870.765,2456.045,,-105.3896755,38.95514125,2442.051,Global,0.01,0.013,0.011,0.017,2.134,m,FIX,2024-07-22 13:27:40.4 UTC-06:00,2024-07-22 13:27:43.4 UTC-06:00,16,1.4,1.7,466230.172,4312045.18,2470.929,-105.389751,38.95671271,2456.937,175.101,,NAD83(2011) / UTM zone 13N + NAVD88(GEOID18) height,7,6,6,5,0,4311870.183,466237.633,2454.047,POINT Z (466237.633 4311870.183 2454.047)
36,36,37,,466235.762,4311870.784,2456.058,,-105.3896778,38.95514141,2442.064,Global,0.01,0.012,0.012,0.016,2.134,m,FIX,2024-07-22 13:27:53.2 UTC-06:00,2024-07-22 13:27:56.2 UTC-06:00,16,1.5,1.8,466230.172,4312045.18,2470.929,-105.389751,38.95671271,2456.937,175.073,,NAD83(2011) / UTM zone 13N + NAVD88(GEOID18) height,8,6,6,5,0,4311870.2020000005,466237.42699999997,2454.06,POINT Z (466237.42699999997 4311870.2020000005 2454.06)
37,37,38,,466235.55,4311870.784,2456.007,,-105.3896803,38.9551414,2442.013,Global,0.011,0.011,0.01,0.016,2.134,m,FIX,2024-07-22 13:28:05.0 UTC-06:00,2024-07-22 13:28:08.0 UTC-06:00,16,1.5,1.8,466230.172,4312045.18,2470.929,-105.389751,38.95671271,2456.937,175.076,,NAD83(2011) / UTM zone 13N + NAVD88(GEOID18) height,8,6,6,5,0,4311870.2020000005,466237.21499999997,2454.009,POINT Z (466237.21499999997 4311870.2020000005 2454.009)
38,38,39,,466235.351,4311870.821,2455.994,,-105.3896826,38.95514172,2442.001,Global,0.011,0.011,0.011,0.015,2.134,m,FIX,2024-07-22 13:28:17.0 UTC-06:00,2024-07-22 13:28:20.0 UTC-06:00,16,1.4,1.7,466230.172,4312045.18,2470.929,-105.389751,38.95671271,2456.937,175.037,,NAD83(2011) / UTM zone 13N + NAVD88(GEOID18) height,8,6,6,5,0,4311870.239000001,466237.016,2453.996,POINT Z (466237.016 4311870.239000001 2453.996)
39,39,40,,466235.147,4311870.847,2455.985,,-105.3896849,38.95514195,2441.992,Global,0.01,0.01,0.01,0.015,2.134,m,FIX,2024-07-22 13:28:30.0 UTC-06:00,2024-07-22 13:28:33.0 UTC-06:00,16,1.4,1.7,466230.172,4312045.18,2470.929,-105.389751,38.95671271,2456.937,175.007,,NAD83(2011) / UTM zone 13N + NAVD88(GEOID18) height,7,6,6,5,0,4311870.265000001,466236.812,2453.987,POINT Z (466236.812 4311870.265000001 2453.987)
40,40,41,,466234.948,4311870.807,2455.974,,-105.3896872,38.95514158,2441.98,Global,0.011,0.011,0.011,0.015,2.134,m,FIX,2024-07-22 13:28:40.6 UTC-06:00,2024-07-22 13:28:43.6 UTC-06:00,16,1.4,1.7,466230.172,4312045.18,2470.929,-105.389751,38.95671271,2456.937,175.038,,NAD83(2011) / UTM zone 13N + NAVD88(GEOID18) height,8,6,6,5,0,4311870.225000001,466236.61299999995,2453.976,POINT Z (466236.61299999995 4311870.225000001 2453.976)
41,41,42,,466234.752,4311870.838,2455.959,,-105.3896895,38.95514185,2441.965,Global,0.01,0.01,0.013,0.014,2.134,m,FIX,2024-07-22 13:28:53.4 UTC-06:00,2024-07-22 13:28:56.4 UTC-06:00,16,1.4,1.7,466230.172,4312045.18,2470.929,-105.389751,38.95671271,2456.937,175.004,,NAD83(2011) / UTM zone 13N + NAVD88(GEOID18) height,8,6,6,5,0,4311870.256000001,466236.41699999996,2453.961,POINT Z (466236.41699999996 4311870.256000001 2453.961)
42,42,43,,466234.567,4311870.789,2455.945,,-105.3896916,38.9551414,2441.951,Global,0.01,0.011,0.014,0.015,2.134,m,FIX,2024-07-22 13:29:04.4 UTC-06:00,2024-07-22 13:29:07.4 UTC-06:00,16,1.4,1.7,466230.172,4312045.18,2470.929,-105.389751,38.95671271,2456.937,175.048,,NAD83(2011) / UTM zone 13N + NAVD88(GEOID18) height,8,6,6,5,0,4311870.207,466236.23199999996,2453.947,POINT Z (466236.23199999996 4311870.207 2453.947)
43,43,44,,466234.355,4311870.859,2455.908,,-105.3896941,38.95514202,2441.914,Global,0.02,0.013,0.011,0.024,2.134,m,FIX,2024-07-22 13:29:16.8 UTC-06:00,2024-07-22 13:29:19.8 UTC-06:00,16,1.4,1.7,466230.172,4312045.18,2470.929,-105.389751,38.95671271,2456.937,174.975,,NAD83(2011) / UTM zone 13N + NAVD88(GEOID18) height,8,6,6,5,0,4311870.277000001,466236.01999999996,2453.91,POINT Z (466236.01999999996 4311870.277000001 2453.91)
44,44,45,,466234.192,4311870.836,2455.87,,-105.389696,38.95514181,2441.876,Global,0.011,0.011,0.011,0.015,2.134,m,FIX,2024-07-22 13:29:37.0 UTC-06:00,2024-07-22 13:29:40.0 UTC-06:00,16,1.4,1.7,466230.172,4312045.18,2470.929,-105.389751,38.95671271,2456.937,174.997,,NAD83(2011) / UTM zone 13N + NAVD88(GEOID18) height,7,6,6,5,0,4311870.254000001,466235.85699999996,2453.872,POINT Z (466235.85699999996 4311870.254000001 2453.872)
45,45,46,,466233.948,4311870.851,2455.842,,-105.3896988,38.95514194,2441.849,Global,0.011,0.012,0.011,0.016,2.134,m,FIX,2024-07-22 13:29:48.8 UTC-06:00,2024-07-22 13:29:51.8 UTC-06:00,16,1.4,1.7,466230.172,4312045.18,2470.929,-105.389751,38.95671271,2456.937,174.982,,NAD83(2011) / UTM zone 13N + NAVD88(GEOID18) height,8,6,6,5,0,4311870.269,466235.61299999995,2453.844,POINT Z (466235.61299999995 4311870.269 2453.844)
46,46,47,,466233.773,4311870.861,2455.811,,-105.3897008,38.95514203,2441.817,Global,0.01,0.01,0.011,0.015,2.134,m,FIX,2024-07-22 13:29:59.4 UTC-06:00,2024-07-22 13:30:02.4 UTC-06:00,16,1.4,1.7,466230.172,4312045.18,2470.929,-105.389751,38.95671271,2456.937,174.973,,NAD83(2011) / UTM zone 13N + NAVD88(GEOID18) height,8,6,6,5,0,4311870.279,466235.43799999997,2453.813,POINT Z (466235.43799999997 4311870.279 2453.813)
47,47,48,,466233.562,4311870.885,2455.765,,-105.3897032,38.95514224,2441.771,Global,0.01,0.011,0.01,0.015,2.134,m,FIX,2024-07-22 13:30:12.0 UTC-06:00,2024-07-22 13:30:15.0 UTC-06:00,16,1.4,1.7,466230.172,4312045.18,2470.929,-105.389751,38.95671271,2456.937,174.938,,NAD83(2011) / UTM zone 13N + NAVD88(GEOID18) height,7,6,6,5,0,4311870.303,466235.22699999996,2453.767,POINT Z (466235.22699999996 4311870.303 2453.767)
48,48,49,,466233.367,4311870.859,2455.732,,-105.3897055,38.95514199,2441.738,Global,0.01,0.014,0.01,0.018,2.134,m,FIX,2024-07-22 13:30:27.2 UTC-06:00,2024-07-22 13:30:30.2 UTC-06:00,16,1.4,1.7,466230.172,4312045.18,2470.929,-105.389751,38.95671271,2456.937,174.964,,NAD83(2011) / UTM zone 13N + NAVD88(GEOID18) height,6,6,6,5,0,4311870.277000001,466235.032,2453.734,POINT Z (466235.032 4311870.277000001 2453.734)
49,49,50,,466233.154,4311870.915,2455.732,,-105.3897079,38.95514249,2441.738,Global,0.011,0.012,0.011,0.017,2.134,m,FIX,2024-07-22 13:30:38.6 UTC-06:00,2024-07-22 13:30:41.6 UTC-06:00,16,1.4,1.7,466230.172,4312045.18,2470.929,-105.389751,38.95671271,2456.937,174.925,,NAD83(2011) / UTM zone 13N + NAVD88(GEOID18) height,6,6,6,5,0,4311870.333000001,466234.81899999996,2453.734,POINT Z (466234.81899999996 4311870.333000001 2453.734)
50,50,51,,466232.96,4311870.887,2455.664,,-105.3897102,38.95514223,2441.671,Global,0.01,0.011,0.01,0.015,2.134,m,FIX,2024-07-22 13:30:53.0 UTC-06:00,2024-07-22 13:30:56.0 UTC-06:00,16,1.4,1.7,466230.172,4312045.18,2470.929,-105.389751,38.95671271,2456.937,174.947,,NAD83(2011) / UTM zone 13N + NAVD88(GEOID18) height,6,6,6,5,0,4311870.305000001,466234.625,2453.666,POINT Z (466234.625 4311870.305000001 2453.666)
51,51,52,,466232.737,4311870.846,2455.628,,-105.3897128,38.95514185,2441.634,Global,0.011,0.014,0.011,0.018,2.134,m,FIX,2024-07-22 13:31:04.6 UTC-06:00,2024-07-22 13:31:07.6 UTC-06:00,16,1.4,1.7,466230.172,4312045.18,2470.929,-105.389751,38.95671271,2456.937,174.976,,NAD83(2011) / UTM zone 13N + NAVD88(GEOID18) height,7,6,6,5,0,4311870.264,466234.402,2453.63,POINT Z (466234.402 4311870.264 2453.63)
52,52,53,,466232.526,4311870.793,2455.604,,-105.3897152,38.95514136,2441.61,Global,0.012,0.011,0.01,0.016,2.134,m,FIX,2024-07-22 13:31:17.8 UTC-06:00,2024-07-22 13:31:20.8 UTC-06:00,16,1.4,1.7,466230.172,4312045.18,2470.929,-105.389751,38.95671271,2456.937,175.039,,NAD83(2011) / UTM zone 13N + NAVD88(GEOID18) height,6,6,6,5,0,4311870.211,466234.191,2453.6059999999998,POINT Z (466234.191 4311870.211 2453.6059999999998)
53,53,54,,466232.368,4311870.81,2455.596,,-105.389717,38.95514151,2441.602,Global,0.01,0.01,0.01,0.015,2.134,m,FIX,2024-07-22 13:31:32.4 UTC-06:00,2024-07-22 13:31:35.4 UTC-06:00,16,1.4,1.7,466230.172,4312045.18,2470.929,-105.389751,38.95671271,2456.937,175.019,,NAD83(2011) / UTM zone 13N + NAVD88(GEOID18) height,6,6,6,5,0,4311870.228,466234.033,2453.598,POINT Z (466234.033 4311870.228 2453.598)
54,54,55,,466232.064,4311870.936,2455.582,,-105.3897205,38.95514263,2441.589,Global,0.013,0.013,0.01,0.019,2.134,m,FIX,2024-07-22 13:31:58.0 UTC-06:00,2024-07-22 13:32:01.0 UTC-06:00,16,1.3,1.5,466230.172,4312045.18,2470.929,-105.389751,38.95671271,2456.937,174.896,,NAD83(2011) / UTM zone 13N + NAVD88(GEOID18) height,7,6,6,5,0,4311870.354,466233.729,2453.584,POINT Z (466233.729 4311870.354 2453.584)
55,55,56,,466231.918,4311870.787,2455.46,,-105.3897222,38.95514129,2441.466,Global,0.012,0.015,0.01,0.019,2.134,m,FIX,2024-07-22 13:32:18.6 UTC-06:00,2024-07-22 13:32:21.6 UTC-06:00,16,1.3,1.5,466230.172,4312045.18,2470.929,-105.389751,38.95671271,2456.937,175.026,,NAD83(2011) / UTM zone 13N + NAVD88(GEOID18) height,6,6,6,5,0,4311870.205,466233.583,2453.462,POINT Z (466233.583 4311870.205 2453.462)
56,56,57,,466231.605,4311870.811,2455.394,,-105.3897258,38.95514149,2441.4,Global,0.015,0.016,0.01,0.022,2.134,m,FIX,2024-07-22 13:32:34.4 UTC-06:00,2024-07-22 13:32:37.4 UTC-06:00,16,1.3,1.5,466230.172,4312045.18,2470.929,-105.389751,38.95671271,2456.937,175.041,,NAD83(2011) / UTM zone 13N + NAVD88(GEOID18) height,6,6,6,5,0,4311870.229,466233.26999999996,2453.3959999999997,POINT Z (466233.26999999996 4311870.229 2453.3959999999997)
57,57,58,,466231.391,4311870.911,2455.302,,-105.3897283,38.95514238,2441.308,Global,0.034,0.024,0.011,0.042,2.134,m,FIX,2024-07-22 13:33:00.8 UTC-06:00,2024-07-22 13:33:03.8 UTC-06:00,16,1.4,1.7,466230.172,4312045.18,2470.929,-105.389751,38.95671271,2456.937,174.95,,NAD83(2011) / UTM zone 13N + NAVD88(GEOID18) height,7,6,6,5,0,4311870.329000001,466233.056,2453.304,POINT Z (466233.056 4311870.329000001 2453.304)
58,58,59,,466231.133,4311871.007,2455.286,,-105.3897313,38.95514324,2441.292,Global,0.012,0.011,0.011,0.016,2.134,m,FIX,2024-07-22 13:35:22.2 UTC-06:00,2024-07-22 13:35:25.2 UTC-06:00,16,1.6,1.9,466230.172,4312045.18,2470.929,-105.389751,38.95671271,2456.937,174.839,,NAD83(2011) / UTM zone 13N + NAVD88(GEOID18) height,6,6,6,5,0,4311870.425000001,466232.79799999995,2453.288,POINT Z (466232.79799999995 4311870.425000001 2453.288)
59,59,60,,466230.964,4311870.987,2455.308,,-105.3897332,38.95514305,2441.314,Global,0.015,0.011,0.011,0.019,2.134,m,FIX,2024-07-22 13:35:38.2 UTC-06:00,2024-07-22 13:35:41.2 UTC-06:00,16,1.6,1.9,466230.172,4312045.18,2470.929,-105.389751,38.95671271,2456.937,174.845,,NAD83(2011) / UTM zone 13N + NAVD88(GEOID18) height,6,6,6,5,0,4311870.405,466232.62899999996,2453.31,POINT Z (466232.62899999996 4311870.405 2453.31)
60,60,61,,466230.494,4311870.82,2455.213,,-105.3897386,38.95514153,2441.219,Global,0.019,0.014,0.01,0.024,2.134,m,FIX,2024-07-22 13:37:04.8 UTC-06:00,2024-07-22 13:37:07.8 UTC-06:00,16,1.5,1.8,466230.172,4312045.18,2470.929,-105.389751,38.95671271,2456.937,175.034,,NAD83(2011) / UTM zone 13N + NAVD88(GEOID18) height,6,6,6,5,0,4311870.238000001,466232.159,2453.215,POINT Z (466232.159 4311870.238000001 2453.215)
61,61,62,,466230.296,4311870.832,2455.273,,-105.3897409,38.95514163,2441.279,Global,0.014,0.025,0.011,0.029,2.134,m,FIX,2024-07-22 13:37:34.0 UTC-06:00,2024-07-22 13:37:37.0 UTC-06:00,16,1.4,1.7,466230.172,4312045.18,2470.929,-105.389751,38.95671271,2456.937,175.008,,NAD83(2011) / UTM zone 13N + NAVD88(GEOID18) height,6,6,6,5,0,4311870.250000001,466231.96099999995,2453.275,POINT Z (466231.96099999995 4311870.250000001 2453.275)
62,62,63,,466230.053,4311870.811,2455.485,,-105.3897437,38.95514143,2441.491,Global,0.013,0.012,0.011,0.017,2.134,m,FIX,2024-07-22 13:37:54.8 UTC-06:00,2024-07-22 13:37:57.8 UTC-06:00,16,1.3,1.5,466230.172,4312045.18,2470.929,-105.389751,38.95671271,2456.937,175.005,,NAD83(2011) / UTM zone 13N + NAVD88(GEOID18) height,6,6,6,5,0,4311870.229,466231.718,2453.487,POINT Z (466231.718 4311870.229 2453.487)
63,63,64,,466229.854,4311870.747,2455.389,,-105.389746,38.95514085,2441.396,Global,0.012,0.011,0.01,0.016,2.134,m,FIX,2024-07-22 13:38:09.6 UTC-06:00,2024-07-22 13:38:12.6 UTC-06:00,16,1.4,1.7,466230.172,4312045.18,2470.929,-105.389751,38.95671271,2456.937,175.077,,NAD83(2011) / UTM zone 13N + NAVD88(GEOID18) height,6,6,6,5,0,4311870.165000001,466231.519,2453.391,POINT Z (466231.519 4311870.165000001 2453.391)
64,64,65,,466229.667,4311870.735,2455.358,,-105.3897482,38.95514073,2441.364,Global,0.024,0.031,0.016,0.04,2.134,m,FIX,2024-07-22 13:38:24.4 UTC-06:00,2024-07-22 13:38:27.4 UTC-06:00,16,1.4,1.7,466230.172,4312045.18,2470.929,-105.389751,38.95671271,2456.937,175.073,,NAD83(2011) / UTM zone 13N + NAVD88(GEOID18) height,6,6,6,5,0,4311870.153000001,466231.332,2453.36,POINT Z (466231.332 4311870.153000001 2453.36)
65,65,66,,466229.459,4311870.783,2455.382,,-105.3897506,38.95514115,2441.389,Global,0.011,0.011,0.011,0.016,2.134,m,FIX,2024-07-22 13:38:39.6 UTC-06:00,2024-07-22 13:38:42.6 UTC-06:00,16,1.4,1.7,466230.172,4312045.18,2470.929,-105.389751,38.95671271,2456.937,175.043,,NAD83(2011) / UTM zone 13N + NAVD88(GEOID18) height,6,6,6,5,0,4311870.201,466231.12399999995,2453.384,POINT Z (466231.12399999995 4311870.201 2453.384)
66,66,67,,466229.222,4311870.877,2455.313,,-105.3897533,38.95514199,2441.319,Global,0.012,0.012,0.011,0.017,2.134,m,FIX,2024-07-22 13:38:57.2 UTC-06:00,2024-07-22 13:39:00.2 UTC-06:00,16,1.4,1.7,466230.172,4312045.18,2470.929,-105.389751,38.95671271,2456.937,174.956,,NAD83(2011) / UTM zone 13N + NAVD88(GEOID18) height,6,6,6,5,0,4311870.295000001,466230.887,2453.315,POINT Z (466230.887 4311870.295000001 2453.315)
67,67,68,,466228.977,4311870.841,2455.314,,-105.3897561,38.95514166,2441.32,Global,0.013,0.02,0.011,0.024,2.134,m,FIX,2024-07-22 13:39:18.8 UTC-06:00,2024-07-22 13:39:21.8 UTC-06:00,16,1.3,1.5,466230.172,4312045.18,2470.929,-105.389751,38.95671271,2456.937,174.982,,NAD83(2011) / UTM zone 13N + NAVD88(GEOID18) height,6,6,6,5,0,4311870.259000001,466230.642,2453.316,POINT Z (466230.642 4311870.259000001 2453.316)
68,68,69,,466228.755,4311870.868,2455.384,,-105.3897587,38.95514189,2441.39,Global,0.011,0.011,0.012,0.016,2.134,m,FIX,2024-07-22 13:39:40.2 UTC-06:00,2024-07-22 13:39:43.2 UTC-06:00,16,1.3,1.5,466230.172,4312045.18,2470.929,-105.389751,38.95671271,2456.937,174.961,,NAD83(2011) / UTM zone 13N + NAVD88(GEOID18) height,6,6,6,5,0,4311870.286,466230.42,2453.386,POINT Z (466230.42 4311870.286 2453.386)
69,69,70,,466228.605,4311870.891,2455.314,,-105.3897604,38.95514209,2441.321,Global,0.013,0.016,0.011,0.021,2.134,m,FIX,2024-07-22 13:39:51.2 UTC-06:00,2024-07-22 13:39:54.2 UTC-06:00,16,1.3,1.5,466230.172,4312045.18,2470.929,-105.389751,38.95671271,2456.937,174.95,,NAD83(2011) / UTM zone 13N + NAVD88(GEOID18) height,6,6,6,5,0,4311870.309,466230.26999999996,2453.316,POINT Z (466230.26999999996 4311870.309 2453.316)
70,70,71,,466228.398,4311870.891,2455.306,,-105.3897628,38.95514209,2441.312,Global,0.013,0.022,0.011,0.025,2.134,m,FIX,2024-07-22 13:40:02.6 UTC-06:00,2024-07-22 13:40:05.6 UTC-06:00,16,1.3,1.5,466230.172,4312045.18,2470.929,-105.389751,38.95671271,2456.937,174.953,,NAD83(2011) / UTM zone 13N + NAVD88(GEOID18) height,6,6,6,5,0,4311870.309,466230.06299999997,2453.308,POINT Z (466230.06299999997 4311870.309 2453.308)
71,71,72,,466228.191,4311870.919,2455.34,,-105.3897652,38.95514233,2441.346,Global,0.011,0.01,0.01,0.015,2.134,m,FIX,2024-07-22 13:40:16.0 UTC-06:00,2024-07-22 13:40:19.0 UTC-06:00,16,1.3,1.5,466230.172,4312045.18,2470.929,-105.389751,38.95671271,2456.937,174.927,,NAD83(2011) / UTM zone 13N + NAVD88(GEOID18) height,6,6,6,5,0,4311870.337,466229.85599999997,2453.342,POINT Z (466229.85599999997 4311870.337 2453.342)
72,72,73,,466227.948,4311870.852,2455.331,,-105.389768,38.95514172,2441.337,Global,0.013,0.011,0.01,0.017,2.134,m,FIX,2024-07-22 13:40:27.4 UTC-06:00,2024-07-22 13:40:30.4 UTC-06:00,16,1.3,1.5,466230.172,4312045.18,2470.929,-105.389751,38.95671271,2456.937,174.993,,NAD83(2011) / UTM zone 13N + NAVD88(GEOID18) height,6,6,6,5,0,4311870.2700000005,466229.61299999995,2453.333,POINT Z (466229.61299999995 4311870.2700000005 2453.333)
73,73,74,,466227.797,4311870.873,2455.357,,-105.3897698,38.9551419,2441.363,Global,0.012,0.012,0.01,0.017,2.134,m,FIX,2024-07-22 13:40:37.2 UTC-06:00,2024-07-22 13:40:40.2 UTC-06:00,16,1.3,1.5,466230.172,4312045.18,2470.929,-105.389751,38.95671271,2456.937,174.98,,NAD83(2011) / UTM zone 13N + NAVD88(GEOID18) height,6,6,6,5,0,4311870.291,466229.462,2453.359,POINT Z (466229.462 4311870.291 2453.359)
74,74,75,,466227.558,4311870.851,2455.516,,-105.3897725,38.95514169,2441.522,Global,0.011,0.011,0.011,0.015,2.134,m,FIX,2024-07-22 13:40:49.2 UTC-06:00,2024-07-22 13:40:52.2 UTC-06:00,16,1.4,1.7,466230.172,4312045.18,2470.929,-105.389751,38.95671271,2456.937,174.988,,NAD83(2011) / UTM zone 13N + NAVD88(GEOID18) height,6,6,6,5,0,4311870.269,466229.223,2453.518,POINT Z (466229.223 4311870.269 2453.518)
75,75,76,,466227.335,4311870.911,2455.424,,-105.3897751,38.95514223,2441.431,Global,0.011,0.012,0.01,0.016,2.134,m,FIX,2024-07-22 13:41:00.6 UTC-06:00,2024-07-22 13:41:03.6 UTC-06:00,16,1.4,1.7,466230.172,4312045.18,2470.929,-105.389751,38.95671271,2456.937,174.943,,NAD83(2011) / UTM zone 13N + NAVD88(GEOID18) height,6,6,6,5,0,4311870.329000001,466229.0,2453.426,POINT Z (466229 4311870.329000001 2453.426)
76,76,77,,466227.121,4311870.988,2455.368,,-105.3897776,38.95514291,2441.374,Global,0.011,0.017,0.01,0.02,2.134,m,FIX,2024-07-22 13:41:11.8 UTC-06:00,2024-07-22 13:41:14.8 UTC-06:00,16,1.4,1.7,466230.172,4312045.18,2470.929,-105.389751,38.95671271,2456.937,174.857,,NAD83(2011) / UTM zone 13N + NAVD88(GEOID18) height,7,6,6,5,0,4311870.406,466228.78599999996,2453.37,POINT Z (466228.78599999996 4311870.406 2453.37)
77,77,78,,466226.874,4311870.945,2455.404,,-105.3897804,38.95514251,2441.411,Global,0.011,0.011,0.01,0.015,2.134,m,FIX,2024-07-22 13:41:31.4 UTC-06:00,2024-07-22 13:41:34.4 UTC-06:00,16,1.3,1.6,466230.172,4312045.18,2470.929,-105.389751,38.95671271,2456.937,174.916,,NAD83(2011) / UTM zone 13N + NAVD88(GEOID18) height,6,6,6,5,0,4311870.363000001,466228.539,2453.406,POINT Z (466228.539 4311870.363000001 2453.406)
78,78,79,,466226.669,4311870.925,2455.415,,-105.3897828,38.95514233,2441.422,Global,0.021,0.02,0.011,0.029,2.134,m,FIX,2024-07-22 13:41:50.0 UTC-06:00,2024-07-22 13:41:53.0 UTC-06:00,16,1.5,1.8,466230.172,4312045.18,2470.929,-105.389751,38.95671271,2456.937,174.97,,NAD83(2011) / UTM zone 13N + NAVD88(GEOID18) height,6,6,6,5,0,4311870.343,466228.334,2453.417,POINT Z (466228.334 4311870.343 2453.417)
79,79,80,,466226.536,4311871.01,2455.384,,-105.3897843,38.95514308,2441.39,Global,0.011,0.011,0.011,0.016,2.134,m,FIX,2024-07-22 13:42:01.2 UTC-06:00,2024-07-22 13:42:04.2 UTC-06:00,16,1.3,1.5,466230.172,4312045.18,2470.929,-105.389751,38.95671271,2456.937,174.847,,NAD83(2011) / UTM zone 13N + NAVD88(GEOID18) height,6,6,6,5,0,4311870.428,466228.201,2453.386,POINT Z (466228.201 4311870.428 2453.386)
80,80,81,,466226.255,4311870.823,2455.504,,-105.3897876,38.9551414,2441.511,Global,0.021,0.044,0.01,0.049,2.134,m,FIX,2024-07-22 13:42:19.4 UTC-06:00,2024-07-22 13:42:22.4 UTC-06:00,16,1.3,1.5,466230.172,4312045.18,2470.929,-105.389751,38.95671271,2456.937,175.021,,NAD83(2011) / UTM zone 13N + NAVD88(GEOID18) height,6,6,6,5,0,4311870.241,466227.92,2453.506,POINT Z (466227.92 4311870.241 2453.506)
81,81,82,,466226.019,4311870.852,2455.475,,-105.3897903,38.95514164,2441.481,Global,0.012,0.011,0.012,0.017,2.134,m,FIX,2024-07-22 13:43:14.2 UTC-06:00,2024-07-22 13:43:17.2 UTC-06:00,16,1.3,1.5,466230.172,4312045.18,2470.929,-105.389751,38.95671271,2456.937,175.012,,NAD83(2011) / UTM zone 13N + NAVD88(GEOID18) height,6,6,6,5,0,4311870.2700000005,466227.68399999995,2453.477,POINT Z (466227.68399999995 4311870.2700000005 2453.477)
82,82,83,,466225.993,4311870.958,2455.472,,-105.3897906,38.9551426,2441.478,Global,0.011,0.014,0.01,0.018,2.134,m,FIX,2024-07-22 13:43:47.0 UTC-06:00,2024-07-22 13:43:50.0 UTC-06:00,16,1.4,1.6,466230.172,4312045.18,2470.929,-105.389751,38.95671271,2456.937,174.937,,NAD83(2011) / UTM zone 13N + NAVD88(GEOID18) height,6,6,6,5,0,4311870.376,466227.658,2453.474,POINT Z (466227.658 4311870.376 2453.474)
83,83,84,,466225.796,4311870.901,2455.433,,-105.3897929,38.95514208,2441.44,Global,0.016,0.026,0.011,0.03,2.134,m,FIX,2024-07-22 13:43:57.6 UTC-06:00,2024-07-22 13:44:00.6 UTC-06:00,16,1.4,1.6,466230.172,4312045.18,2470.929,-105.389751,38.95671271,2456.937,174.97,,NAD83(2011) / UTM zone 13N + NAVD88(GEOID18) height,6,6,6,5,0,4311870.319,466227.46099999995,2453.435,POINT Z (466227.46099999995 4311870.319 2453.435)
84,84,85,,466225.605,4311870.86,2455.486,,-105.3897951,38.9551417,2441.493,Global,0.013,0.017,0.01,0.022,2.134,m,FIX,2024-07-22 13:44:12.8 UTC-06:00,2024-07-22 13:44:15.8 UTC-06:00,16,1.4,1.7,466230.172,4312045.18,2470.929,-105.389751,38.95671271,2456.937,175.023,,NAD83(2011) / UTM zone 13N + NAVD88(GEOID18) height,6,6,6,5,0,4311870.278000001,466227.26999999996,2453.488,POINT Z (466227.26999999996 4311870.278000001 2453.488)
85,85,86,,466225.434,4311870.972,2455.68,,-105.389797,38.9551427,2441.687,Global,0.014,0.011,0.011,0.018,2.134,m,FIX,2024-07-22 13:44:24.6 UTC-06:00,2024-07-22 13:44:27.6 UTC-06:00,16,1.3,1.6,466230.172,4312045.18,2470.929,-105.389751,38.95671271,2456.937,174.896,,NAD83(2011) / UTM zone 13N + NAVD88(GEOID18) height,6,6,6,5,0,4311870.390000001,466227.099,2453.682,POINT Z (466227.099 4311870.390000001 2453.682)
86,86,87,,466225.139,4311870.962,2455.741,,-105.3898004,38.9551426,2441.747,Global,0.01,0.011,0.01,0.015,2.134,m,FIX,2024-07-22 13:44:39.6 UTC-06:00,2024-07-22 13:44:42.6 UTC-06:00,16,1.4,1.7,466230.172,4312045.18,2470.929,-105.389751,38.95671271,2456.937,174.909,,NAD83(2011) / UTM zone 13N + NAVD88(GEOID18) height,6,6,6,5,0,4311870.380000001,466226.804,2453.743,POINT Z (466226.804 4311870.380000001 2453.743)
87,87,88,,466224.956,4311870.99,2455.685,,-105.3898026,38.95514285,2441.691,Global,0.011,0.013,0.01,0.017,2.134,m,FIX,2024-07-22 13:44:49.2 UTC-06:00,2024-07-22 13:44:52.2 UTC-06:00,16,1.4,1.7,466230.172,4312045.18,2470.929,-105.389751,38.95671271,2456.937,174.889,,NAD83(2011) / UTM zone 13N + NAVD88(GEOID18) height,6,6,6,5,0,4311870.408000001,466226.621,2453.687,POINT Z (466226.621 4311870.408000001 2453.687)
88,88,89,,466224.763,4311870.961,2455.78,,-105.3898048,38.95514258,2441.786,Global,0.011,0.018,0.01,0.021,2.134,m,FIX,2024-07-22 13:45:03.0 UTC-06:00,2024-07-22 13:45:06.0 UTC-06:00,16,1.4,1.7,466230.172,4312045.18,2470.929,-105.389751,38.95671271,2456.937,174.936,,NAD83(2011) / UTM zone 13N + NAVD88(GEOID18) height,6,6,6,5,0,4311870.379000001,466226.42799999996,2453.782,POINT Z (466226.42799999996 4311870.379000001 2453.782)
89,89,90,,466224.568,4311871.027,2455.815,,-105.389807,38.95514317,2441.821,Global,0.012,0.013,0.011,0.018,2.134,m,FIX,2024-07-22 13:45:21.8 UTC-06:00,2024-07-22 13:45:24.8 UTC-06:00,16,1.4,1.6,466230.172,4312045.18,2470.929,-105.389751,38.95671271,2456.937,174.852,,NAD83(2011) / UTM zone 13N + NAVD88(GEOID18) height,6,6,6,5,0,4311870.445,466226.233,2453.817,POINT Z (466226.233 4311870.445 2453.817)
90,90,91,,466224.408,4311871.068,2455.823,,-105.3898089,38.95514353,2441.829,Global,0.011,0.011,0.01,0.015,2.134,m,FIX,2024-07-22 13:45:36.4 UTC-06:00,2024-07-22 13:45:39.4 UTC-06:00,16,1.4,1.6,466230.172,4312045.18,2470.929,-105.389751,38.95671271,2456.937,174.824,,NAD83(2011) / UTM zone 13N + NAVD88(GEOID18) height,6,6,6,5,0,4311870.4860000005,466226.073,2453.825,POINT Z (466226.073 4311870.4860000005 2453.825)
91,91,92,,466224.202,4311871.077,2455.821,,-105.3898113,38.9551436,2441.828,Global,0.01,0.01,0.01,0.015,2.134,m,FIX,2024-07-22 13:46:11.4 UTC-06:00,2024-07-22 13:46:14.4 UTC-06:00,16,1.4,1.6,466230.172,4312045.18,2470.929,-105.389751,38.95671271,2456.937,174.823,,NAD83(2011) / UTM zone 13N + NAVD88(GEOID18) height,6,6,6,5,0,4311870.495,466225.86699999997,2453.823,POINT Z (466225.86699999997 4311870.495 2453.823)
92,92,93,,466223.986,4311871.098,2455.843,,-105.3898138,38.95514378,2441.85,Global,0.011,0.011,0.01,0.016,2.134,m,FIX,2024-07-22 13:46:24.6 UTC-06:00,2024-07-22 13:46:27.6 UTC-06:00,16,1.4,1.6,466230.172,4312045.18,2470.929,-105.389751,38.95671271,2456.937,174.796,,NAD83(2011) / UTM zone 13N + NAVD88(GEOID18) height,6,6,6,5,0,4311870.516000001,466225.65099999995,2453.845,POINT Z (466225.65099999995 4311870.516000001 2453.845)
93,93,94,,466223.775,4311871.068,2455.843,,-105.3898162,38.9551435,2441.85,Global,0.012,0.012,0.011,0.017,2.134,m,FIX,2024-07-22 13:46:37.0 UTC-06:00,2024-07-22 13:46:40.0 UTC-06:00,16,1.4,1.7,466230.172,4312045.18,2470.929,-105.389751,38.95671271,2456.937,174.838,,NAD83(2011) / UTM zone 13N + NAVD88(GEOID18) height,6,6,6,5,0,4311870.4860000005,466225.44,2453.845,POINT Z (466225.44 4311870.4860000005 2453.845)
94,94,95,,466223.581,4311871.009,2455.865,,-105.3898184,38.95514297,2441.872,Global,0.01,0.012,0.011,0.015,2.134,m,FIX,2024-07-22 13:46:50.6 UTC-06:00,2024-07-22 13:46:53.6 UTC-06:00,16,1.5,1.8,466230.172,4312045.18,2470.929,-105.389751,38.95671271,2456.937,174.905,,NAD83(2011) / UTM zone 13N + NAVD88(GEOID18) height,6,6,6,5,0,4311870.427,466225.246,2453.8669999999997,POINT Z (466225.246 4311870.427 2453.8669999999997)
95,95,96,,466223.366,4311871.02,2455.915,,-105.3898209,38.95514305,2441.921,Global,0.013,0.013,0.014,0.019,2.134,m,FIX,2024-07-22 13:47:02.4 UTC-06:00,2024-07-22 13:47:05.4 UTC-06:00,16,1.4,1.7,466230.172,4312045.18,2470.929,-105.389751,38.95671271,2456.937,174.913,,NAD83(2011) / UTM zone 13N + NAVD88(GEOID18) height,6,6,6,5,0,4311870.438,466225.03099999996,2453.917,POINT Z (466225.03099999996 4311870.438 2453.917)
96,96,97,,466223.173,4311871.112,2455.999,,-105.3898231,38.95514388,2442.006,Global,0.012,0.011,0.012,0.017,2.134,m,FIX,2024-07-22 13:47:19.4 UTC-06:00,2024-07-22 13:47:22.4 UTC-06:00,16,1.4,1.7,466230.172,4312045.18,2470.929,-105.389751,38.95671271,2456.937,174.823,,NAD83(2011) / UTM zone 13N + NAVD88(GEOID18) height,6,6,6,5,0,4311870.53,466224.838,2454.0009999999997,POINT Z (466224.838 4311870.53 2454.0009999999997)
97,97,98,,466222.983,4311871.144,2455.954,,-105.3898253,38.95514416,2441.96,Global,0.011,0.011,0.011,0.015,2.134,m,FIX,2024-07-22 13:47:33.6 UTC-06:00,2024-07-22 13:47:36.6 UTC-06:00,16,1.3,1.6,466230.172,4312045.18,2470.929,-105.389751,38.95671271,2456.937,174.792,,NAD83(2011) / UTM zone 13N + NAVD88(GEOID18) height,6,6,6,5,0,4311870.562000001,466224.648,2453.956,POINT Z (466224.648 4311870.562000001 2453.956)
98,98,99,,466222.81,4311871.21,2455.957,,-105.3898273,38.95514475,2441.963,Global,0.011,0.016,0.011,0.02,2.134,m,FIX,2024-07-22 13:47:45.4 UTC-06:00,2024-07-22 13:47:48.4 UTC-06:00,16,1.5,1.8,466230.172,4312045.18,2470.929,-105.389751,38.95671271,2456.937,174.746,,NAD83(2011) / UTM zone 13N + NAVD88(GEOID18) height,6,6,6,5,0,4311870.6280000005,466224.475,2453.959,POINT Z (466224.475 4311870.6280000005 2453.959)
99,99,100,,466222.582,4311871.11,2455.928,,-105.38983,38.95514383,2441.935,Global,0.012,0.011,0.012,0.016,2.134,m,FIX,2024-07-22 13:48:03.8 UTC-06:00,2024-07-22 13:48:06.8 UTC-06:00,16,1.4,1.7,466230.172,4312045.18,2470.929,-105.389751,38.95671271,2456.937,174.848,,NAD83(2011) / UTM zone 13N + NAVD88(GEOID18) height,6,6,6,5,0,4311870.528000001,466224.247,2453.93,POINT Z (466224.247 4311870.528000001 2453.93)
100,100,101,,466222.372,4311871.05,2455.885,,-105.3898324,38.95514329,2441.892,Global,0.011,0.012,0.011,0.016,2.134,m,FIX,2024-07-22 13:48:20.6 UTC-06:00,2024-07-22 13:48:23.6 UTC-06:00,16,1.5,1.8,466230.172,4312045.18,2470.929,-105.389751,38.95671271,2456.937,174.914,,NAD83(2011) / UTM zone 13N + NAVD88(GEOID18) height,6,6,6,5,0,4311870.468,466224.03699999995,2453.887,POINT Z (466224.03699999995 4311870.468 2453.887)
101,101,102,,466222.184,4311871.061,2455.882,,-105.3898345,38.95514338,2441.889,Global,0.011,0.011,0.011,0.015,2.134,m,FIX,2024-07-22 13:48:32.4 UTC-06:00,2024-07-22 13:48:35.4 UTC-06:00,16,1.3,1.6,466230.172,4312045.18,2470.929,-105.389751,38.95671271,2456.937,174.917,,NAD83(2011) / UTM zone 13N + NAVD88(GEOID18) height,6,6,5,5,0,4311870.479,466223.849,2453.884,POINT Z (466223.849 4311870.479 2453.884)
102,102,103,,466222.013,4311871.048,2455.89,,-105.3898365,38.95514326,2441.896,Global,0.01,0.01,0.011,0.015,2.134,m,FIX,2024-07-22 13:48:47.2 UTC-06:00,2024-07-22 13:48:50.2 UTC-06:00,16,1.4,1.7,466230.172,4312045.18,2470.929,-105.389751,38.95671271,2456.937,174.933,,NAD83(2011) / UTM zone 13N + NAVD88(GEOID18) height,6,6,6,5,0,4311870.466000001,466223.67799999996,2453.892,POINT Z (466223.67799999996 4311870.466000001 2453.892)
103,103,104,,466221.776,4311871.051,2455.94,,-105.3898393,38.95514328,2441.947,Global,0.011,0.01,0.01,0.015,2.134,m,FIX,2024-07-22 13:49:00.4 UTC-06:00,2024-07-22 13:49:03.4 UTC-06:00,16,1.3,1.6,466230.172,4312045.18,2470.929,-105.389751,38.95671271,2456.937,174.937,,NAD83(2011) / UTM zone 13N + NAVD88(GEOID18) height,6,6,5,5,0,4311870.4690000005,466223.441,2453.942,POINT Z (466223.441 4311870.4690000005 2453.942)
104,104,105,,466221.576,4311871.046,2455.947,,-105.3898416,38.95514322,2441.954,Global,0.011,0.01,0.01,0.015,2.134,m,FIX,2024-07-22 13:49:10.0 UTC-06:00,2024-07-22 13:49:13.0 UTC-06:00,16,1.3,1.6,466230.172,4312045.18,2470.929,-105.389751,38.95671271,2456.937,174.945,,NAD83(2011) / UTM zone 13N + NAVD88(GEOID18) height,6,6,6,5,0,4311870.464000001,466223.241,2453.949,POINT Z (466223.241 4311870.464000001 2453.949)
105,105,106,,466221.395,4311871.055,2455.964,,-105.3898437,38.95514329,2441.971,Global,0.01,0.011,0.01,0.015,2.134,m,FIX,2024-07-22 13:49:20.0 UTC-06:00,2024-07-22 13:49:23.0 UTC-06:00,16,1.3,1.6,466230.172,4312045.18,2470.929,-105.389751,38.95671271,2456.937,174.956,,NAD83(2011) / UTM zone 13N + NAVD88(GEOID18) height,6,6,5,5,0,4311870.473,466223.06,2453.966,POINT Z (466223.06 4311870.473 2453.966)
106,106,107,,466221.182,4311871.031,2455.962,,-105.3898461,38.95514307,2441.968,Global,0.011,0.011,0.01,0.016,2.134,m,FIX,2024-07-22 13:49:30.6 UTC-06:00,2024-07-22 13:49:33.6 UTC-06:00,16,1.3,1.6,466230.172,4312045.18,2470.929,-105.389751,38.95671271,2456.937,174.985,,NAD83(2011) / UTM zone 13N + NAVD88(GEOID18) height,6,6,6,5,0,4311870.449000001,466222.84699999995,2453.964,POINT Z (466222.84699999995 4311870.449000001 2453.964)
107,107,108,,466220.975,4311871.071,2456.136,,-105.3898485,38.95514342,2442.142,Global,0.011,0.011,0.01,0.016,2.134,m,FIX,2024-07-22 13:49:42.8 UTC-06:00,2024-07-22 13:49:45.8 UTC-06:00,16,1.3,1.6,466230.172,4312045.18,2470.929,-105.389751,38.95671271,2456.937,174.945,,NAD83(2011) / UTM zone 13N + NAVD88(GEOID18) height,6,6,6,5,0,4311870.489000001,466222.63999999996,2454.138,POINT Z (466222.63999999996 4311870.489000001 2454.138)
108,108,109,,466220.753,4311871.084,2455.997,,-105.3898511,38.95514353,2442.003,Global,0.01,0.01,0.013,0.015,2.134,m,FIX,2024-07-22 13:49:53.6 UTC-06:00,2024-07-22 13:49:56.6 UTC-06:00,16,1.3,1.6,466230.172,4312045.18,2470.929,-105.389751,38.95671271,2456.937,174.946,,NAD83(2011) / UTM zone 13N + NAVD88(GEOID18) height,6,6,6,5,0,4311870.502,466222.418,2453.999,POINT Z (466222.418 4311870.502 2453.999)
109,109,110,,466220.579,4311871.099,2455.969,,-105.3898531,38.95514366,2441.976,Global,0.012,0.014,0.01,0.018,2.134,m,FIX,2024-07-22 13:50:05.8 UTC-06:00,2024-07-22 13:50:08.8 UTC-06:00,16,1.3,1.6,466230.172,4312045.18,2470.929,-105.389751,38.95671271,2456.937,174.95,,NAD83(2011) / UTM zone 13N + NAVD88(GEOID18) height,6,6,5,5,0,4311870.517000001,466222.244,2453.971,POINT Z (466222.244 4311870.517000001 2453.971)
110,110,111,,466220.399,4311871.067,2456.013,,-105.3898552,38.95514337,2442.019,Global,0.01,0.011,0.011,0.015,2.134,m,FIX,2024-07-22 13:50:18.6 UTC-06:00,2024-07-22 13:50:21.6 UTC-06:00,16,1.2,1.5,466230.172,4312045.18,2470.929,-105.389751,38.95671271,2456.937,174.982,,NAD83(2011) / UTM zone 13N + NAVD88(GEOID18) height,6,6,6,5,0,4311870.485,466222.06399999995,2454.015,POINT Z (466222.06399999995 4311870.485 2454.015)
111,111,112,,466220.169,4311870.979,2456.129,,-105.3898578,38.95514256,2442.136,Global,0.011,0.011,0.01,0.015,2.134,m,FIX,2024-07-22 13:50:36.6 UTC-06:00,2024-07-22 13:50:39.6 UTC-06:00,16,1.3,1.6,466230.172,4312045.18,2470.929,-105.389751,38.95671271,2456.937,175.078,,NAD83(2011) / UTM zone 13N + NAVD88(GEOID18) height,6,6,6,5,0,4311870.397000001,466221.834,2454.131,POINT Z (466221.834 4311870.397000001 2454.131)
112,112,113,,466219.971,4311870.955,2456.024,,-105.3898601,38.95514234,2442.03,Global,0.013,0.011,0.01,0.017,2.134,m,FIX,2024-07-22 13:50:47.6 UTC-06:00,2024-07-22 13:50:50.6 UTC-06:00,16,1.3,1.5,466230.172,4312045.18,2470.929,-105.389751,38.95671271,2456.937,175.128,,NAD83(2011) / UTM zone 13N + NAVD88(GEOID18) height,6,6,6,5,0,4311870.373000001,466221.636,2454.026,POINT Z (466221.636 4311870.373000001 2454.026)
113,113,114,,466219.787,4311870.985,2456.055,,-105.3898622,38.9551426,2442.062,Global,0.011,0.01,0.01,0.015,2.134,m,FIX,2024-07-22 13:50:58.6 UTC-06:00,2024-07-22 13:51:01.6 UTC-06:00,16,1.3,1.6,466230.172,4312045.18,2470.929,-105.389751,38.95671271,2456.937,175.109,,NAD83(2011) / UTM zone 13N + NAVD88(GEOID18) height,6,6,6,5,0,4311870.403000001,466221.452,2454.057,POINT Z (466221.452 4311870.403000001 2454.057)
114,114,115,,466219.568,4311870.963,2456.106,,-105.3898647,38.95514239,2442.113,Global,0.01,0.01,0.011,0.014,2.134,m,FIX,2024-07-22 13:51:12.0 UTC-06:00,2024-07-22 13:51:15.0 UTC-06:00,16,1.5,1.8,466230.172,4312045.18,2470.929,-105.389751,38.95671271,2456.937,175.133,,NAD83(2011) / UTM zone 13N + NAVD88(GEOID18) height,6,6,6,5,0,4311870.381000001,466221.233,2454.108,POINT Z (466221.233 4311870.381000001 2454.108)
115,115,116,,466219.367,4311871.039,2456.006,,-105.3898671,38.95514307,2442.012,Global,0.012,0.01,0.01,0.016,2.134,m,FIX,2024-07-22 13:51:25.4 UTC-06:00,2024-07-22 13:51:28.4 UTC-06:00,16,1.4,1.6,466230.172,4312045.18,2470.929,-105.389751,38.95671271,2456.937,175.075,,NAD83(2011) / UTM zone 13N + NAVD88(GEOID18) height,6,6,6,5,0,4311870.457,466221.032,2454.008,POINT Z (466221.032 4311870.457 2454.008)
116,116,117,,466219.119,4311871.117,2455.964,,-105.3898699,38.95514376,2441.97,Global,0.011,0.012,0.01,0.016,2.134,m,FIX,2024-07-22 13:51:46.2 UTC-06:00,2024-07-22 13:51:49.2 UTC-06:00,16,1.4,1.7,466230.172,4312045.18,2470.929,-105.389751,38.95671271,2456.937,175.01,,NAD83(2011) / UTM zone 13N + NAVD88(GEOID18) height,6,6,5,5,0,4311870.535,466220.784,2453.966,POINT Z (466220.784 4311870.535 2453.966)
117,117,118,,466218.981,4311871.103,2456.334,,-105.3898715,38.95514363,2442.34,Global,0.01,0.011,0.01,0.015,2.134,m,FIX,2024-07-22 13:51:56.6 UTC-06:00,2024-07-22 13:51:59.6 UTC-06:00,16,1.4,1.7,466230.172,4312045.18,2470.929,-105.389751,38.95671271,2456.937,175.014,,NAD83(2011) / UTM zone 13N + NAVD88(GEOID18) height,6,6,5,5,0,4311870.521000001,466220.646,2454.336,POINT Z (466220.646 4311870.521000001 2454.336)
118,118,119,,466218.788,4311871.097,2456.439,,-105.3898737,38.95514357,2442.446,Global,0.011,0.013,0.011,0.017,2.134,m,FIX,2024-07-22 13:52:10.4 UTC-06:00,2024-07-22 13:52:13.4 UTC-06:00,16,1.4,1.7,466230.172,4312045.18,2470.929,-105.389751,38.95671271,2456.937,175.021,,NAD83(2011) / UTM zone 13N + NAVD88(GEOID18) height,6,6,5,5,0,4311870.515000001,466220.453,2454.441,POINT Z (466220.453 4311870.515000001 2454.441)
119,119,120,,466218.592,4311871.145,2456.309,,-105.389876,38.955144,2442.316,Global,0.011,0.011,0.01,0.015,2.134,m,FIX,2024-07-22 13:52:23.0 UTC-06:00,2024-07-22 13:52:26.0 UTC-06:00,16,1.4,1.7,466230.172,4312045.18,2470.929,-105.389751,38.95671271,2456.937,175.01,,NAD83(2011) / UTM zone 13N + NAVD88(GEOID18) height,6,6,5,5,0,4311870.563,466220.257,2454.311,POINT Z (466220.257 4311870.563 2454.311)
120,120,121,,466218.392,4311871.159,2456.126,,-105.3898783,38.95514412,2442.133,Global,0.011,0.012,0.012,0.017,2.134,m,FIX,2024-07-22 13:52:34.2 UTC-06:00,2024-07-22 13:52:37.2 UTC-06:00,16,1.4,1.7,466230.172,4312045.18,2470.929,-105.389751,38.95671271,2456.937,175.002,,NAD83(2011) / UTM zone 13N + NAVD88(GEOID18) height,6,6,5,5,0,4311870.5770000005,466220.057,2454.128,POINT Z (466220.057 4311870.5770000005 2454.128)
121,121,122,,466218.177,4311871.129,2456.36,,-105.3898808,38.95514384,2442.367,Global,0.011,0.01,0.013,0.015,2.134,m,FIX,2024-07-22 13:52:51.8 UTC-06:00,2024-07-22 13:52:54.8 UTC-06:00,16,1.4,1.7,466230.172,4312045.18,2470.929,-105.389751,38.95671271,2456.937,175.039,,NAD83(2011) / UTM zone 13N + NAVD88(GEOID18) height,6,6,6,5,0,4311870.547,466219.842,2454.362,POINT Z (466219.842 4311870.547 2454.362)
122,122,123,,466217.997,4311871.148,2456.385,,-105.3898829,38.955144,2442.391,Global,0.011,0.013,0.01,0.017,2.134,m,FIX,2024-07-22 13:53:04.6 UTC-06:00,2024-07-22 13:53:07.6 UTC-06:00,16,1.4,1.7,466230.172,4312045.18,2470.929,-105.389751,38.95671271,2456.937,175.036,,NAD83(2011) / UTM zone 13N + NAVD88(GEOID18) height,6,6,5,5,0,4311870.566000001,466219.66199999995,2454.387,POINT Z (466219.66199999995 4311870.566000001 2454.387)
123,123,124,,466217.746,4311871.125,2456.394,,-105.3898858,38.95514379,2442.4,Global,0.014,0.011,0.011,0.018,2.134,m,FIX,2024-07-22 13:53:20.6 UTC-06:00,2024-07-22 13:53:23.6 UTC-06:00,16,1.4,1.7,466230.172,4312045.18,2470.929,-105.389751,38.95671271,2456.937,175.071,,NAD83(2011) / UTM zone 13N + NAVD88(GEOID18) height,6,6,5,5,0,4311870.5430000005,466219.41099999996,2454.3959999999997,POINT Z (466219.41099999996 4311870.5430000005 2454.3959999999997)
124,124,125,,466217.583,4311871.156,2456.344,,-105.3898877,38.95514406,2442.351,Global,0.01,0.01,0.01,0.015,2.134,m,FIX,2024-07-22 13:53:37.4 UTC-06:00,2024-07-22 13:53:40.4 UTC-06:00,16,1.4,1.7,466230.172,4312045.18,2470.929,-105.389751,38.95671271,2456.937,175.057,,NAD83(2011) / UTM zone 13N + NAVD88(GEOID18) height,6,6,6,5,0,4311870.574000001,466219.24799999996,2454.346,POINT Z (466219.24799999996 4311870.574000001 2454.346)
125,125,126,,466217.41,4311871.208,2456.115,,-105.3898897,38.95514452,2442.122,Global,0.01,0.01,0.011,0.014,2.134,m,FIX,2024-07-22 13:53:51.0 UTC-06:00,2024-07-22 13:53:54.0 UTC-06:00,16,1.4,1.7,466230.172,4312045.18,2470.929,-105.389751,38.95671271,2456.937,175.03,,NAD83(2011) / UTM zone 13N + NAVD88(GEOID18) height,6,6,6,5,0,4311870.626,466219.07499999995,2454.1169999999997,POINT Z (466219.07499999995 4311870.626 2454.1169999999997)
126,126,127,,466217.196,4311871.167,2456.047,,-105.3898921,38.95514414,2442.053,Global,0.011,0.01,0.012,0.015,2.134,m,FIX,2024-07-22 13:54:00.8 UTC-06:00,2024-07-22 13:54:03.8 UTC-06:00,16,1.4,1.7,466230.172,4312045.18,2470.929,-105.389751,38.95671271,2456.937,175.095,,NAD83(2011) / UTM zone 13N + NAVD88(GEOID18) height,6,6,5,5,0,4311870.585000001,466218.861,2454.049,POINT Z (466218.861 4311870.585000001 2454.049)
127,127,128,,466217.022,4311871.182,2456.074,,-105.3898941,38.95514427,2442.08,Global,0.012,0.01,0.011,0.016,2.134,m,FIX,2024-07-22 13:54:14.4 UTC-06:00,2024-07-22 13:54:17.4 UTC-06:00,16,1.4,1.7,466230.172,4312045.18,2470.929,-105.389751,38.95671271,2456.937,175.098,,NAD83(2011) / UTM zone 13N + NAVD88(GEOID18) height,7,6,5,5,0,4311870.600000001,466218.687,2454.076,POINT Z (466218.687 4311870.600000001 2454.076)
128,128,129,,466216.802,4311871.181,2456.078,,-105.3898967,38.95514426,2442.085,Global,0.012,0.01,0.01,0.016,2.134,m,FIX,2024-07-22 13:54:24.8 UTC-06:00,2024-07-22 13:54:27.8 UTC-06:00,16,1.4,1.7,466230.172,4312045.18,2470.929,-105.389751,38.95671271,2456.937,175.113,,NAD83(2011) / UTM zone 13N + NAVD88(GEOID18) height,7,6,5,5,0,4311870.599,466218.467,2454.08,POINT Z (466218.467 4311870.599 2454.08)
129,129,130,,466216.589,4311871.17,2456.068,,-105.3898991,38.95514415,2442.075,Global,0.011,0.011,0.01,0.016,2.134,m,FIX,2024-07-22 13:54:35.0 UTC-06:00,2024-07-22 13:54:38.0 UTC-06:00,16,1.4,1.7,466230.172,4312045.18,2470.929,-105.389751,38.95671271,2456.937,175.145,,NAD83(2011) / UTM zone 13N + NAVD88(GEOID18) height,7,6,6,5,0,4311870.588,466218.25399999996,2454.07,POINT Z (466218.25399999996 4311870.588 2454.07)
130,130,131,,466216.398,4311871.174,2456.078,,-105.3899013,38.95514417,2442.084,Global,0.011,0.01,0.011,0.015,2.134,m,FIX,2024-07-22 13:54:45.8 UTC-06:00,2024-07-22 13:54:48.8 UTC-06:00,16,1.4,1.7,466230.172,4312045.18,2470.929,-105.389751,38.95671271,2456.937,175.149,,NAD83(2011) / UTM zone 13N + NAVD88(GEOID18) height,6,6,6,5,0,4311870.592,466218.06299999997,2454.08,POINT Z (466218.06299999997 4311870.592 2454.08)
131,131,132,,466216.209,4311871.193,2456.175,,-105.3899035,38.95514434,2442.181,Global,0.011,0.011,0.012,0.016,2.134,m,FIX,2024-07-22 13:54:58.0 UTC-06:00,2024-07-22 13:55:01.0 UTC-06:00,16,1.4,1.7,466230.172,4312045.18,2470.929,-105.389751,38.95671271,2456.937,175.142,,NAD83(2011) / UTM zone 13N + NAVD88(GEOID18) height,6,6,5,5,0,4311870.6110000005,466217.87399999995,2454.177,POINT Z (466217.87399999995 4311870.6110000005 2454.177)
132,132,133,,466216.014,4311871.219,2456.211,,-105.3899058,38.95514457,2442.217,Global,0.013,0.012,0.012,0.018,2.134,m,FIX,2024-07-22 13:55:11.8 UTC-06:00,2024-07-22 13:55:14.8 UTC-06:00,16,1.4,1.7,466230.172,4312045.18,2470.929,-105.389751,38.95671271,2456.937,175.116,,NAD83(2011) / UTM zone 13N + NAVD88(GEOID18) height,7,6,6,5,0,4311870.637,466217.679,2454.2129999999997,POINT Z (466217.679 4311870.637 2454.2129999999997)
133,133,134,,466215.773,4311871.225,2456.385,,-105.3899085,38.95514461,2442.391,Global,0.01,0.011,0.01,0.015,2.134,m,FIX,2024-07-22 13:55:45.4 UTC-06:00,2024-07-22 13:55:48.4 UTC-06:00,16,1.4,1.7,466230.172,4312045.18,2470.929,-105.389751,38.95671271,2456.937,175.126,,NAD83(2011) / UTM zone 13N + NAVD88(GEOID18) height,6,6,5,5,0,4311870.643,466217.43799999997,2454.387,POINT Z (466217.43799999997 4311870.643 2454.387)
134,134,135,,466215.624,4311871.221,2456.443,,-105.3899103,38.95514457,2442.45,Global,0.01,0.011,0.011,0.015,2.134,m,FIX,2024-07-22 13:56:38.0 UTC-06:00,2024-07-22 13:56:41.0 UTC-06:00,16,1.5,1.8,466230.172,4312045.18,2470.929,-105.389751,38.95671271,2456.937,175.14,,NAD83(2011) / UTM zone 13N + NAVD88(GEOID18) height,7,6,5,5,0,4311870.639,466217.289,2454.445,POINT Z (466217.289 4311870.639 2454.445)
135,135,136,,466215.406,4311871.205,2456.492,,-105.3899128,38.95514441,2442.499,Global,0.01,0.01,0.01,0.015,2.134,m,FIX,2024-07-22 13:56:57.0 UTC-06:00,2024-07-22 13:57:00.0 UTC-06:00,16,1.4,1.7,466230.172,4312045.18,2470.929,-105.389751,38.95671271,2456.937,175.168,,NAD83(2011) / UTM zone 13N + NAVD88(GEOID18) height,7,6,5,5,0,4311870.623000001,466217.071,2454.494,POINT Z (466217.071 4311870.623000001 2454.494)
136,136,137,,466215.216,4311871.187,2456.533,,-105.389915,38.95514425,2442.539,Global,0.011,0.01,0.01,0.015,2.134,m,FIX,2024-07-22 13:57:15.8 UTC-06:00,2024-07-22 13:57:18.8 UTC-06:00,16,1.4,1.7,466230.172,4312045.18,2470.929,-105.389751,38.95671271,2456.937,175.195,,NAD83(2011) / UTM zone 13N + NAVD88(GEOID18) height,7,6,6,5,0,4311870.605,466216.881,2454.535,POINT Z (466216.881 4311870.605 2454.535)
137,137,138,,466214.988,4311871.164,2456.538,,-105.3899176,38.95514403,2442.545,Global,0.012,0.01,0.01,0.015,2.134,m,FIX,2024-07-22 13:57:33.8 UTC-06:00,2024-07-22 13:57:36.8 UTC-06:00,16,1.5,1.7,466230.172,4312045.18,2470.929,-105.389751,38.95671271,2456.937,175.241,,NAD83(2011) / UTM zone 13N + NAVD88(GEOID18) height,7,6,6,5,0,4311870.582,466216.653,2454.54,POINT Z (466216.653 4311870.582 2454.54)
138,138,139,,466214.799,4311871.144,2456.546,,-105.3899198,38.95514384,2442.552,Global,0.01,0.01,0.011,0.014,2.134,m,FIX,2024-07-22 13:57:51.0 UTC-06:00,2024-07-22 13:57:54.0 UTC-06:00,16,1.5,1.7,466230.172,4312045.18,2470.929,-105.389751,38.95671271,2456.937,175.276,,NAD83(2011) / UTM zone 13N + NAVD88(GEOID18) height,8,6,6,5,0,4311870.562000001,466216.464,2454.548,POINT Z (466216.464 4311870.562000001 2454.548)
139,139,140,,466214.685,4311871.174,2456.768,,-105.3899211,38.95514411,2442.775,Global,0.01,0.01,0.013,0.014,2.134,m,FIX,2024-07-22 13:58:55.0 UTC-06:00,2024-07-22 13:58:58.0 UTC-06:00,16,1.4,1.6,466230.172,4312045.18,2470.929,-105.389751,38.95671271,2456.937,175.244,,NAD83(2011) / UTM zone 13N + NAVD88(GEOID18) height,8,6,5,5,0,4311870.592,466216.35,2454.77,POINT Z (466216.35 4311870.592 2454.77)
140,140,141,,466214.67,4311870.999,2456.595,,-105.3899213,38.95514253,2442.601,Global,0.01,0.011,0.011,0.015,2.134,m,FIX,2024-07-22 13:59:18.0 UTC-06:00,2024-07-22 13:59:21.0 UTC-06:00,16,1.4,1.6,466230.172,4312045.18,2470.929,-105.389751,38.95671271,2456.937,175.435,,NAD83(2011) / UTM zone 13N + NAVD88(GEOID18) height,6,6,5,5,0,4311870.417,466216.33499999996,2454.5969999999998,POINT Z (466216.33499999996 4311870.417 2454.5969999999998)
141,141,142,,466214.493,4311871.175,2456.591,,-105.3899233,38.95514411,2442.597,Global,0.011,0.01,0.011,0.015,2.134,m,FIX,2024-07-22 13:59:39.4 UTC-06:00,2024-07-22 13:59:42.4 UTC-06:00,16,1.4,1.6,466230.172,4312045.18,2470.929,-105.389751,38.95671271,2456.937,175.271,,NAD83(2011) / UTM zone 13N + NAVD88(GEOID18) height,8,6,4,5,0,4311870.593,466216.158,2454.593,POINT Z (466216.158 4311870.593 2454.593)
142,142,143,,466214.672,4311871.354,2456.537,,-105.3899213,38.95514573,2442.543,Global,0.012,0.01,0.011,0.016,2.134,m,FIX,2024-07-22 14:00:16.6 UTC-06:00,2024-07-22 14:00:19.6 UTC-06:00,16,1.4,1.7,466230.172,4312045.18,2470.929,-105.389751,38.95671271,2456.937,175.076,,NAD83(2011) / UTM zone 13N + NAVD88(GEOID18) height,7,6,5,5,0,4311870.772000001,466216.337,2454.5389999999998,POINT Z (466216.337 4311870.772000001 2454.5389999999998)
143,143,144,,466214.869,4311871.146,2456.583,,-105.389919,38.95514386,2442.59,Global,0.01,0.01,0.011,0.014,2.134,m,FIX,2024-07-22 14:00:37.2 UTC-06:00,2024-07-22 14:00:40.2 UTC-06:00,16,1.4,1.6,466230.172,4312045.18,2470.929,-105.389751,38.95671271,2456.937,175.266,,NAD83(2011) / UTM zone 13N + NAVD88(GEOID18) height,8,6,5,5,0,4311870.564,466216.534,2454.585,POINT Z (466216.534 4311870.564 2454.585)
144,144,145,,466214.684,4311871.191,2456.785,,-105.3899211,38.95514426,2442.792,Global,0.011,0.01,0.012,0.015,2.134,m,FIX,2024-07-22 14:01:00.4 UTC-06:00,2024-07-22 14:01:03.4 UTC-06:00,16,1.3,1.6,466230.172,4312045.18,2470.929,-105.389751,38.95671271,2456.937,175.227,,NAD83(2011) / UTM zone 13N + NAVD88(GEOID18) height,8,6,5,5,0,4311870.609,466216.349,2454.787,POINT Z (466216.349 4311870.609 2454.787)
145,145,146,,466214.746,4311871.186,2456.563,,-105.3899204,38.95514422,2442.57,Global,0.011,0.011,0.012,0.015,2.134,m,FIX,2024-07-22 14:01:26.0 UTC-06:00,2024-07-22 14:01:29.0 UTC-06:00,16,1.3,1.6,466230.172,4312045.18,2470.929,-105.389751,38.95671271,2456.937,175.242,,NAD83(2011) / UTM zone 13N + NAVD88(GEOID18) height,8,6,5,5,0,4311870.604,466216.41099999996,2454.565,POINT Z (466216.41099999996 4311870.604 2454.565)
146,146,147,,466214.696,4311871.194,2456.77,,-105.389921,38.95514429,2442.777,Global,0.011,0.011,0.012,0.016,2.134,m,FIX,2024-07-22 14:02:21.4 UTC-06:00,2024-07-22 14:02:51.4 UTC-06:00,151,1.4,1.7,466230.172,4312045.18,2470.929,-105.389751,38.95671271,2456.937,175.218,,NAD83(2011) / UTM zone 13N + NAVD88(GEOID18) height,8,6,5,5,0,4311870.612000001,466216.361,2454.772,POINT Z (466216.361 4311870.612000001 2454.772)
147,147,148,,466242.102,4311870.593,2457.375,,-105.3896047,38.95513993,2443.381,Global,0.011,0.011,0.015,0.016,2.134,m,FIX,2024-07-22 14:13:11.6 UTC-06:00,2024-07-22 14:13:41.6 UTC-06:00,151,1.7,2.1,466230.172,4312045.18,2470.929,-105.389751,38.95671271,2456.937,175.505,,NAD83(2011) / UTM zone 13N + NAVD88(GEOID18) height,7,6,5,5,0,4311870.011000001,466243.767,2455.377,POINT Z (466243.767 4311870.011000001 2455.377)
148,148,149,,466242.079,4311870.601,2457.318,,-105.3896049,38.95514,2443.325,Global,0.01,0.01,0.014,0.014,2.134,m,FIX,2024-07-22 14:14:09.0 UTC-06:00,2024-07-22 14:14:12.0 UTC-06:00,16,1.7,2.1,466230.172,4312045.18,2470.929,-105.389751,38.95671271,2456.937,175.491,,NAD83(2011) / UTM zone 13N + NAVD88(GEOID18) height,7,6,5,5,0,4311870.019,466243.744,2455.32,POINT Z (466243.744 4311870.019 2455.32)
149,149,150,,466229.278,4311984.585,2455.753,,-105.3897583,38.95616664,2441.76,Global,0.011,0.018,0.014,0.021,2.134,m,FIX,2024-07-22 14:55:14.0 UTC-06:00,2024-07-22 14:55:44.0 UTC-06:00,151,1.7,2.1,466230.172,4312045.18,2470.929,-105.389751,38.95671271,2456.937,62.05,,NAD83(2011) / UTM zone 13N + NAVD88(GEOID18) height,7,5,5,5,0,4311984.0030000005,466230.94299999997,2453.755,POINT Z (466230.94299999997 4311984.0030000005 2453.755)
150,150,151,,466229.266,4311984.572,2455.752,,-105.3897584,38.95616652,2441.76,Global,0.01,0.011,0.013,0.015,2.134,m,FIX,2024-07-22 14:56:47.8 UTC-06:00,2024-07-22 14:56:50.8 UTC-06:00,16,1.7,2.0,466230.172,4312045.18,2470.929,-105.389751,38.95671271,2456.937,62.06,,NAD83(2011) / UTM zone 13N + NAVD88(GEOID18) height,7,5,5,4,0,4311983.99,466230.931,2453.754,POINT Z (466230.931 4311983.99 2453.754)
151,151,152,,466229.304,4311984.42,2455.655,,-105.389758,38.95616516,2441.662,Global,0.01,0.01,0.011,0.015,2.134,m,FIX,2024-07-22 14:57:05.0 UTC-06:00,2024-07-22 14:57:08.0 UTC-06:00,16,1.8,2.2,466230.172,4312045.18,2470.929,-105.389751,38.95671271,2456.937,62.216,,NAD83(2011) / UTM zone 13N + NAVD88(GEOID18) height,7,5,5,5,0,4311983.838,466230.969,2453.657,POINT Z (466230.969 4311983.838 2453.657)
152,152,153,,466229.391,4311984.56,2455.731,,-105.389757,38.95616642,2441.739,Global,0.01,0.011,0.014,0.015,2.134,m,FIX,2024-07-22 14:57:27.0 UTC-06:00,2024-07-22 14:57:30.0 UTC-06:00,16,1.8,2.2,466230.172,4312045.18,2470.929,-105.389751,38.95671271,2456.937,62.07,,NAD83(2011) / UTM zone 13N + NAVD88(GEOID18) height,7,6,5,5,0,4311983.978,466231.056,2453.733,POINT Z (466231.056 4311983.978 2453.733)
153,153,154,,466229.269,4311984.758,2455.699,,-105.3897584,38.9561682,2441.707,Global,0.011,0.012,0.016,0.016,2.134,m,FIX,2024-07-22 14:57:43.0 UTC-06:00,2024-07-22 14:57:46.0 UTC-06:00,16,1.8,2.2,466230.172,4312045.18,2470.929,-105.389751,38.95671271,2456.937,61.889,,NAD83(2011) / UTM zone 13N + NAVD88(GEOID18) height,7,5,5,5,0,4311984.176000001,466230.93399999995,2453.701,POINT Z (466230.93399999995 4311984.176000001 2453.701)
154,154,155,,466229.173,4311984.562,2455.523,,-105.3897595,38.95616643,2441.53,Global,0.01,0.011,0.01,0.015,2.134,m,FIX,2024-07-22 14:57:55.8 UTC-06:00,2024-07-22 14:57:58.8 UTC-06:00,16,1.7,2.0,466230.172,4312045.18,2470.929,-105.389751,38.95671271,2456.937,62.113,,NAD83(2011) / UTM zone 13N + NAVD88(GEOID18) height,7,4,5,5,0,4311983.98,466230.838,2453.525,POINT Z (466230.838 4311983.98 2453.525)
155,155,156,,466229.24,4311984.556,2455.658,,-105.3897587,38.95616638,2441.666,Global,0.012,0.011,0.011,0.016,2.134,m,FIX,2024-07-22 14:58:09.4 UTC-06:00,2024-07-22 14:58:12.4 UTC-06:00,16,1.7,2.0,466230.172,4312045.18,2470.929,-105.389751,38.95671271,2456.937,62.09,,NAD83(2011) / UTM zone 13N + NAVD88(GEOID18) height,7,5,5,5,0,4311983.974,466230.90499999997,2453.66,POINT Z (466230.90499999997 4311983.974 2453.66)
156,156,157,,466229.266,4311984.59,2455.741,,-105.3897584,38.95616668,2441.749,Global,0.011,0.011,0.012,0.016,2.134,m,FIX,2024-07-22 14:58:37.0 UTC-06:00,2024-07-22 14:58:40.0 UTC-06:00,16,1.8,2.2,466230.172,4312045.18,2470.929,-105.389751,38.95671271,2456.937,62.039,,NAD83(2011) / UTM zone 13N + NAVD88(GEOID18) height,6,5,5,5,0,4311984.008,466230.931,2453.743,POINT Z (466230.931 4311984.008 2453.743)
157,157,158,,466229.132,4311984.56,2455.504,,-105.38976,38.95616642,2441.512,Global,0.011,0.011,0.012,0.015,2.134,m,FIX,2024-07-22 14:59:59.0 UTC-06:00,2024-07-22 15:00:02.0 UTC-06:00,16,1.7,2.0,466230.172,4312045.18,2470.929,-105.389751,38.95671271,2456.937,62.119,,NAD83(2011) / UTM zone 13N + NAVD88(GEOID18) height,7,5,5,5,0,4311983.978,466230.79699999996,2453.506,POINT Z (466230.79699999996 4311983.978 2453.506)
158,158,159,,466228.863,4311984.494,2455.311,,-105.3897631,38.95616581,2441.319,Global,0.01,0.02,0.01,0.023,2.134,m,FIX,2024-07-22 15:00:40.2 UTC-06:00,2024-07-22 15:00:43.2 UTC-06:00,16,1.8,2.1,466230.172,4312045.18,2470.929,-105.389751,38.95671271,2456.937,62.239,,NAD83(2011) / UTM zone 13N + NAVD88(GEOID18) height,6,5,5,5,0,4311983.9120000005,466230.528,2453.313,POINT Z (466230.528 4311983.9120000005 2453.313)
159,159,160,,466228.739,4311984.541,2455.262,,-105.3897645,38.95616622,2441.269,Global,0.01,0.01,0.011,0.014,2.134,m,FIX,2024-07-22 15:00:57.0 UTC-06:00,2024-07-22 15:01:00.0 UTC-06:00,16,1.6,2.0,466230.172,4312045.18,2470.929,-105.389751,38.95671271,2456.937,62.195,,NAD83(2011) / UTM zone 13N + NAVD88(GEOID18) height,6,5,5,5,0,4311983.959000001,466230.404,2453.264,POINT Z (466230.404 4311983.959000001 2453.264)
160,160,161,,466228.55,4311984.446,2455.128,,-105.3897667,38.95616536,2441.135,Global,0.013,0.01,0.011,0.017,2.134,m,FIX,2024-07-22 15:01:28.2 UTC-06:00,2024-07-22 15:01:31.2 UTC-06:00,16,1.6,2.0,466230.172,4312045.18,2470.929,-105.389751,38.95671271,2456.937,62.327,,NAD83(2011) / UTM zone 13N + NAVD88(GEOID18) height,7,5,5,5,0,4311983.864000001,466230.21499999997,2453.13,POINT Z (466230.21499999997 4311983.864000001 2453.13)
161,161,162,,466228.401,4311984.19,2455.09,,-105.3897684,38.95616305,2441.097,Global,0.011,0.011,0.01,0.015,2.134,m,FIX,2024-07-22 15:01:51.0 UTC-06:00,2024-07-22 15:01:54.0 UTC-06:00,16,1.7,2.1,466230.172,4312045.18,2470.929,-105.389751,38.95671271,2456.937,62.578,,NAD83(2011) / UTM zone 13N + NAVD88(GEOID18) height,6,5,5,5,0,4311983.608000001,466230.066,2453.092,POINT Z (466230.066 4311983.608000001 2453.092)
162,162,163,,466228.162,4311984.217,2455.035,,-105.3897711,38.95616328,2441.043,Global,0.01,0.012,0.011,0.016,2.134,m,FIX,2024-07-22 15:02:30.8 UTC-06:00,2024-07-22 15:02:33.8 UTC-06:00,16,1.6,2.0,466230.172,4312045.18,2470.929,-105.389751,38.95671271,2456.937,62.574,,NAD83(2011) / UTM zone 13N + NAVD88(GEOID18) height,7,4,5,5,0,4311983.635000001,466229.827,2453.037,POINT Z (466229.827 4311983.635000001 2453.037)
163,163,164,,466227.974,4311984.198,2454.986,,-105.3897733,38.95616311,2440.993,Global,0.01,0.013,0.011,0.016,2.134,m,FIX,2024-07-22 15:02:42.0 UTC-06:00,2024-07-22 15:02:45.0 UTC-06:00,16,1.6,2.0,466230.172,4312045.18,2470.929,-105.389751,38.95671271,2456.937,62.617,,NAD83(2011) / UTM zone 13N + NAVD88(GEOID18) height,7,5,5,5,0,4311983.616,466229.63899999997,2452.988,POINT Z (466229.63899999997 4311983.616 2452.988)
164,164,165,,466227.758,4311984.217,2455.001,,-105.3897758,38.95616327,2441.008,Global,0.01,0.011,0.014,0.015,2.134,m,FIX,2024-07-22 15:02:57.2 UTC-06:00,2024-07-22 15:03:00.2 UTC-06:00,16,1.6,2.0,466230.172,4312045.18,2470.929,-105.389751,38.95671271,2456.937,62.598,,NAD83(2011) / UTM zone 13N + NAVD88(GEOID18) height,7,5,5,5,0,4311983.635000001,466229.42299999995,2453.003,POINT Z (466229.42299999995 4311983.635000001 2453.003)
165,165,166,,466227.586,4311984.205,2455.169,,-105.3897778,38.95616315,2441.177,Global,0.01,0.012,0.011,0.015,2.134,m,FIX,2024-07-22 15:03:08.2 UTC-06:00,2024-07-22 15:03:11.2 UTC-06:00,16,1.6,1.9,466230.172,4312045.18,2470.929,-105.389751,38.95671271,2456.937,62.57,,NAD83(2011) / UTM zone 13N + NAVD88(GEOID18) height,7,5,5,5,0,4311983.623000001,466229.251,2453.171,POINT Z (466229.251 4311983.623000001 2453.171)
166,166,167,,466227.365,4311984.101,2455.125,,-105.3897803,38.95616221,2441.133,Global,0.012,0.012,0.011,0.016,2.134,m,FIX,2024-07-22 15:03:21.6 UTC-06:00,2024-07-22 15:03:24.6 UTC-06:00,16,1.6,1.9,466230.172,4312045.18,2470.929,-105.389751,38.95671271,2456.937,62.702,,NAD83(2011) / UTM zone 13N + NAVD88(GEOID18) height,7,5,6,5,0,4311983.519,466229.02999999997,2453.127,POINT Z (466229.02999999997 4311983.519 2453.127)
167,167,168,,466227.16,4311984.105,2454.894,,-105.3897827,38.95616224,2440.902,Global,0.011,0.01,0.012,0.015,2.134,m,FIX,2024-07-22 15:03:40.8 UTC-06:00,2024-07-22 15:03:43.8 UTC-06:00,16,1.6,1.9,466230.172,4312045.18,2470.929,-105.389751,38.95671271,2456.937,62.757,,NAD83(2011) / UTM zone 13N + NAVD88(GEOID18) height,7,5,6,5,0,4311983.523000001,466228.82499999995,2452.8959999999997,POINT Z (466228.82499999995 4311983.523000001 2452.8959999999997)
168,168,169,,466226.976,4311983.979,2454.903,,-105.3897848,38.9561611,2440.911,Global,0.011,0.011,0.012,0.015,2.134,m,FIX,2024-07-22 15:03:55.4 UTC-06:00,2024-07-22 15:03:58.4 UTC-06:00,16,1.6,1.9,466230.172,4312045.18,2470.929,-105.389751,38.95671271,2456.937,62.877,,NAD83(2011) / UTM zone 13N + NAVD88(GEOID18) height,7,5,6,5,0,4311983.397000001,466228.641,2452.9049999999997,POINT Z (466228.641 4311983.397000001 2452.9049999999997)
169,169,170,,466226.819,4311983.99,2455.012,,-105.3897866,38.95616119,2441.02,Global,0.015,0.013,0.014,0.02,2.134,m,FIX,2024-07-22 15:04:07.0 UTC-06:00,2024-07-22 15:04:10.0 UTC-06:00,16,1.6,1.9,466230.172,4312045.18,2470.929,-105.389751,38.95671271,2456.937,62.866,,NAD83(2011) / UTM zone 13N + NAVD88(GEOID18) height,7,5,6,5,0,4311983.408000001,466228.484,2453.014,POINT Z (466228.484 4311983.408000001 2453.014)
170,170,171,,466226.595,4311983.954,2455.007,,-105.3897892,38.95616085,2441.015,Global,0.013,0.021,0.011,0.025,2.134,m,FIX,2024-07-22 15:04:18.6 UTC-06:00,2024-07-22 15:04:21.6 UTC-06:00,16,1.6,1.9,466230.172,4312045.18,2470.929,-105.389751,38.95671271,2456.937,62.94,,NAD83(2011) / UTM zone 13N + NAVD88(GEOID18) height,7,5,6,5,0,4311983.372,466228.25999999995,2453.009,POINT Z (466228.25999999995 4311983.372 2453.009)
171,171,172,,466226.371,4311983.891,2454.82,,-105.3897918,38.95616027,2440.827,Global,0.01,0.011,0.013,0.015,2.134,m,FIX,2024-07-22 15:04:36.0 UTC-06:00,2024-07-22 15:04:39.0 UTC-06:00,16,1.6,1.9,466230.172,4312045.18,2470.929,-105.389751,38.95671271,2456.937,63.035,,NAD83(2011) / UTM zone 13N + NAVD88(GEOID18) height,7,5,6,5,0,4311983.309,466228.03599999996,2452.822,POINT Z (466228.03599999996 4311983.309 2452.822)
172,172,173,,466226.188,4311983.851,2454.806,,-105.3897939,38.95615991,2440.813,Global,0.011,0.011,0.01,0.015,2.134,m,FIX,2024-07-22 15:05:22.8 UTC-06:00,2024-07-22 15:05:25.8 UTC-06:00,16,1.6,1.9,466230.172,4312045.18,2470.929,-105.389751,38.95671271,2456.937,63.072,,NAD83(2011) / UTM zone 13N + NAVD88(GEOID18) height,7,6,6,5,0,4311983.269,466227.853,2452.808,POINT Z (466227.853 4311983.269 2452.808)
173,173,174,,466226.0,4311983.866,2454.997,,-105.3897961,38.95616004,2441.004,Global,0.013,0.021,0.012,0.024,2.134,m,FIX,2024-07-22 15:05:31.0 UTC-06:00,2024-07-22 15:05:34.0 UTC-06:00,16,1.6,1.9,466230.172,4312045.18,2470.929,-105.389751,38.95671271,2456.937,63.054,,NAD83(2011) / UTM zone 13N + NAVD88(GEOID18) height,7,5,6,5,0,4311983.284000001,466227.665,2452.999,POINT Z (466227.665 4311983.284000001 2452.999)
174,174,175,,466225.796,4311983.769,2454.814,,-105.3897984,38.95615916,2440.821,Global,0.01,0.011,0.013,0.015,2.134,m,FIX,2024-07-22 15:05:46.2 UTC-06:00,2024-07-22 15:05:49.2 UTC-06:00,16,1.6,1.9,466230.172,4312045.18,2470.929,-105.389751,38.95671271,2456.937,63.183,,NAD83(2011) / UTM zone 13N + NAVD88(GEOID18) height,7,6,6,5,0,4311983.187000001,466227.46099999995,2452.816,POINT Z (466227.46099999995 4311983.187000001 2452.816)
175,175,176,,466225.591,4311983.704,2454.85,,-105.3898008,38.95615856,2440.858,Global,0.01,0.01,0.011,0.015,2.134,m,FIX,2024-07-22 15:06:03.8 UTC-06:00,2024-07-22 15:06:06.8 UTC-06:00,16,1.6,1.9,466230.172,4312045.18,2470.929,-105.389751,38.95671271,2456.937,63.25,,NAD83(2011) / UTM zone 13N + NAVD88(GEOID18) height,7,5,6,5,0,4311983.122,466227.256,2452.852,POINT Z (466227.256 4311983.122 2452.852)
176,176,177,,466225.41,4311983.746,2454.792,,-105.3898029,38.95615893,2440.8,Global,0.011,0.011,0.011,0.016,2.134,m,FIX,2024-07-22 15:06:25.6 UTC-06:00,2024-07-22 15:06:28.6 UTC-06:00,16,1.6,1.9,466230.172,4312045.18,2470.929,-105.389751,38.95671271,2456.937,63.238,,NAD83(2011) / UTM zone 13N + NAVD88(GEOID18) height,7,5,6,5,0,4311983.164000001,466227.07499999995,2452.794,POINT Z (466227.07499999995 4311983.164000001 2452.794)
177,177,178,,466225.163,4311983.715,2454.785,,-105.3898057,38.95615865,2440.793,Global,0.011,0.011,0.011,0.015,2.134,m,FIX,2024-07-22 15:06:43.6 UTC-06:00,2024-07-22 15:06:46.6 UTC-06:00,16,1.6,1.9,466230.172,4312045.18,2470.929,-105.389751,38.95671271,2456.937,63.283,,NAD83(2011) / UTM zone 13N + NAVD88(GEOID18) height,7,5,6,5,0,4311983.133,466226.828,2452.787,POINT Z (466226.828 4311983.133 2452.787)
178,178,179,,466225.009,4311983.761,2454.748,,-105.3898075,38.95615905,2440.755,Global,0.011,0.012,0.011,0.017,2.134,m,FIX,2024-07-22 15:07:01.8 UTC-06:00,2024-07-22 15:07:04.8 UTC-06:00,16,1.6,1.9,466230.172,4312045.18,2470.929,-105.389751,38.95671271,2456.937,63.257,,NAD83(2011) / UTM zone 13N + NAVD88(GEOID18) height,7,5,6,5,0,4311983.1790000005,466226.674,2452.75,POINT Z (466226.674 4311983.1790000005 2452.75)
179,179,180,,466224.827,4311983.676,2454.752,,-105.3898096,38.95615828,2440.759,Global,0.012,0.011,0.018,0.017,2.134,m,FIX,2024-07-22 15:07:18.2 UTC-06:00,2024-07-22 15:07:21.2 UTC-06:00,16,1.6,1.9,466230.172,4312045.18,2470.929,-105.389751,38.95671271,2456.937,63.351,,NAD83(2011) / UTM zone 13N + NAVD88(GEOID18) height,7,5,5,5,0,4311983.0940000005,466226.49199999997,2452.754,POINT Z (466226.49199999997 4311983.0940000005 2452.754)
180,180,181,,466224.619,4311983.64,2454.704,,-105.389812,38.95615794,2440.712,Global,0.012,0.014,0.016,0.019,2.134,m,FIX,2024-07-22 15:07:47.6 UTC-06:00,2024-07-22 15:07:50.6 UTC-06:00,16,1.9,2.3,466230.172,4312045.18,2470.929,-105.389751,38.95671271,2456.937,63.415,,NAD83(2011) / UTM zone 13N + NAVD88(GEOID18) height,7,7,6,5,0,4311983.058,466226.284,2452.706,POINT Z (466226.284 4311983.058 2452.706)
181,181,182,,466224.45,4311983.617,2454.704,,-105.389814,38.95615773,2440.712,Global,0.011,0.012,0.013,0.016,2.134,m,FIX,2024-07-22 15:08:57.4 UTC-06:00,2024-07-22 15:09:00.4 UTC-06:00,16,1.9,2.3,466230.172,4312045.18,2470.929,-105.389751,38.95671271,2456.937,63.461,,NAD83(2011) / UTM zone 13N + NAVD88(GEOID18) height,7,6,6,6,0,4311983.035,466226.115,2452.706,POINT Z (466226.115 4311983.035 2452.706)
182,182,183,,466224.287,4311983.565,2454.756,,-105.3898158,38.95615726,2440.763,Global,0.011,0.01,0.012,0.015,2.134,m,FIX,2024-07-22 15:09:34.2 UTC-06:00,2024-07-22 15:09:37.2 UTC-06:00,16,1.7,2.1,466230.172,4312045.18,2470.929,-105.389751,38.95671271,2456.937,63.509,,NAD83(2011) / UTM zone 13N + NAVD88(GEOID18) height,6,5,6,6,0,4311982.983000001,466225.952,2452.758,POINT Z (466225.952 4311982.983000001 2452.758)
183,183,184,,466224.038,4311983.556,2454.756,,-105.3898187,38.95615717,2440.763,Global,0.012,0.023,0.012,0.026,2.134,m,FIX,2024-07-22 15:09:56.4 UTC-06:00,2024-07-22 15:09:59.4 UTC-06:00,16,1.3,1.6,466230.172,4312045.18,2470.929,-105.389751,38.95671271,2456.937,63.571,,NAD83(2011) / UTM zone 13N + NAVD88(GEOID18) height,7,6,6,6,0,4311982.974,466225.703,2452.758,POINT Z (466225.703 4311982.974 2452.758)
184,184,185,,466223.813,4311983.486,2454.708,,-105.3898213,38.95615653,2440.716,Global,0.011,0.013,0.013,0.017,2.134,m,FIX,2024-07-22 15:10:31.6 UTC-06:00,2024-07-22 15:10:34.6 UTC-06:00,16,1.3,1.6,466230.172,4312045.18,2470.929,-105.389751,38.95671271,2456.937,63.655,,NAD83(2011) / UTM zone 13N + NAVD88(GEOID18) height,8,5,6,6,0,4311982.904,466225.478,2452.71,POINT Z (466225.478 4311982.904 2452.71)
185,185,186,,466223.599,4311983.514,2454.683,,-105.3898238,38.95615677,2440.69,Global,0.011,0.011,0.01,0.016,2.134,m,FIX,2024-07-22 15:11:01.2 UTC-06:00,2024-07-22 15:11:04.2 UTC-06:00,16,1.2,1.4,466230.172,4312045.18,2470.929,-105.389751,38.95671271,2456.937,63.655,,NAD83(2011) / UTM zone 13N + NAVD88(GEOID18) height,8,7,6,6,0,4311982.932000001,466225.26399999997,2452.685,POINT Z (466225.26399999997 4311982.932000001 2452.685)
186,186,187,,466223.438,4311983.41,2454.676,,-105.3898256,38.95615583,2440.684,Global,0.011,0.012,0.013,0.016,2.134,m,FIX,2024-07-22 15:11:43.2 UTC-06:00,2024-07-22 15:11:46.2 UTC-06:00,16,1.4,1.6,466230.172,4312045.18,2470.929,-105.389751,38.95671271,2456.937,63.76,,NAD83(2011) / UTM zone 13N + NAVD88(GEOID18) height,8,5,6,6,0,4311982.828000001,466225.103,2452.678,POINT Z (466225.103 4311982.828000001 2452.678)
187,187,188,,466223.267,4311983.36,2454.676,,-105.3898276,38.95615537,2440.683,Global,0.012,0.013,0.011,0.017,2.134,m,FIX,2024-07-22 15:11:52.0 UTC-06:00,2024-07-22 15:11:55.0 UTC-06:00,16,1.3,1.5,466230.172,4312045.18,2470.929,-105.389751,38.95671271,2456.937,63.817,,NAD83(2011) / UTM zone 13N + NAVD88(GEOID18) height,8,6,6,6,0,4311982.778000001,466224.932,2452.678,POINT Z (466224.932 4311982.778000001 2452.678)
188,188,189,,466223.052,4311983.437,2454.635,,-105.3898301,38.95615606,2440.643,Global,0.011,0.01,0.012,0.015,2.134,m,FIX,2024-07-22 15:12:11.4 UTC-06:00,2024-07-22 15:12:14.4 UTC-06:00,16,1.3,1.5,466230.172,4312045.18,2470.929,-105.389751,38.95671271,2456.937,63.792,,NAD83(2011) / UTM zone 13N + NAVD88(GEOID18) height,8,5,6,6,0,4311982.855,466224.717,2452.637,POINT Z (466224.717 4311982.855 2452.637)
189,189,190,,466222.841,4311983.397,2454.621,,-105.3898325,38.95615569,2440.628,Global,0.01,0.012,0.01,0.016,2.134,m,FIX,2024-07-22 15:12:24.8 UTC-06:00,2024-07-22 15:12:27.8 UTC-06:00,16,1.2,1.5,466230.172,4312045.18,2470.929,-105.389751,38.95671271,2456.937,63.846,,NAD83(2011) / UTM zone 13N + NAVD88(GEOID18) height,8,6,6,6,0,4311982.815,466224.506,2452.623,POINT Z (466224.506 4311982.815 2452.623)
190,190,191,,466222.628,4311983.339,2454.559,,-105.389835,38.95615515,2440.567,Global,0.012,0.01,0.011,0.016,2.134,m,FIX,2024-07-22 15:12:35.4 UTC-06:00,2024-07-22 15:12:38.4 UTC-06:00,16,1.2,1.5,466230.172,4312045.18,2470.929,-105.389751,38.95671271,2456.937,63.954,,NAD83(2011) / UTM zone 13N + NAVD88(GEOID18) height,8,6,6,6,0,4311982.757,466224.293,2452.561,POINT Z (466224.293 4311982.757 2452.561)
191,191,192,,466222.417,4311983.309,2454.528,,-105.3898374,38.95615488,2440.536,Global,0.012,0.012,0.011,0.017,2.134,m,FIX,2024-07-22 15:13:03.2 UTC-06:00,2024-07-22 15:13:06.2 UTC-06:00,16,1.2,1.5,466230.172,4312045.18,2470.929,-105.389751,38.95671271,2456.937,64.004,,NAD83(2011) / UTM zone 13N + NAVD88(GEOID18) height,8,6,6,7,0,4311982.727000001,466224.082,2452.5299999999997,POINT Z (466224.082 4311982.727000001 2452.5299999999997)
192,192,193,,466222.251,4311983.222,2454.536,,-105.3898393,38.95615408,2440.543,Global,0.011,0.014,0.011,0.018,2.134,m,FIX,2024-07-22 15:13:19.2 UTC-06:00,2024-07-22 15:13:22.2 UTC-06:00,16,1.3,1.5,466230.172,4312045.18,2470.929,-105.389751,38.95671271,2456.937,64.111,,NAD83(2011) / UTM zone 13N + NAVD88(GEOID18) height,8,6,6,7,0,4311982.640000001,466223.91599999997,2452.538,POINT Z (466223.91599999997 4311982.640000001 2452.538)
193,193,194,,466222.089,4311983.041,2454.569,,-105.3898412,38.95615246,2440.577,Global,0.014,0.021,0.01,0.025,2.134,m,FIX,2024-07-22 15:13:41.4 UTC-06:00,2024-07-22 15:13:44.4 UTC-06:00,16,1.2,1.4,466230.172,4312045.18,2470.929,-105.389751,38.95671271,2456.937,64.274,,NAD83(2011) / UTM zone 13N + NAVD88(GEOID18) height,9,5,6,7,0,4311982.459000001,466223.75399999996,2452.571,POINT Z (466223.75399999996 4311982.459000001 2452.571)
194,194,195,,466221.871,4311983.172,2454.414,,-105.3898437,38.95615362,2440.422,Global,0.013,0.012,0.012,0.018,2.134,m,FIX,2024-07-22 15:14:24.6 UTC-06:00,2024-07-22 15:14:27.6 UTC-06:00,16,1.2,1.5,466230.172,4312045.18,2470.929,-105.389751,38.95671271,2456.937,64.24,,NAD83(2011) / UTM zone 13N + NAVD88(GEOID18) height,8,7,6,6,0,4311982.590000001,466223.53599999996,2452.416,POINT Z (466223.53599999996 4311982.590000001 2452.416)
195,195,196,,466221.714,4311983.005,2454.411,,-105.3898455,38.95615211,2440.419,Global,0.013,0.012,0.01,0.018,2.134,m,FIX,2024-07-22 15:14:48.2 UTC-06:00,2024-07-22 15:14:51.2 UTC-06:00,16,1.2,1.4,466230.172,4312045.18,2470.929,-105.389751,38.95671271,2456.937,64.422,,NAD83(2011) / UTM zone 13N + NAVD88(GEOID18) height,9,7,6,6,0,4311982.423,466223.37899999996,2452.413,POINT Z (466223.37899999996 4311982.423 2452.413)
196,196,197,,466221.508,4311982.997,2454.4,,-105.3898479,38.95615204,2440.408,Global,0.011,0.012,0.011,0.016,2.134,m,FIX,2024-07-22 15:14:58.0 UTC-06:00,2024-07-22 15:15:01.0 UTC-06:00,16,1.2,1.4,466230.172,4312045.18,2470.929,-105.389751,38.95671271,2456.937,64.46,,NAD83(2011) / UTM zone 13N + NAVD88(GEOID18) height,9,7,6,6,0,4311982.415000001,466223.17299999995,2452.402,POINT Z (466223.17299999995 4311982.415000001 2452.402)
197,197,198,,466221.315,4311982.937,2454.439,,-105.3898501,38.95615149,2440.447,Global,0.016,0.015,0.011,0.022,2.134,m,FIX,2024-07-22 15:15:19.1 UTC-06:00,2024-07-22 15:15:22.2 UTC-06:00,16,1.3,1.5,466230.172,4312045.18,2470.929,-105.389751,38.95671271,2456.937,64.544,,NAD83(2011) / UTM zone 13N + NAVD88(GEOID18) height,9,7,6,6,0,4311982.355,466222.98,2452.441,POINT Z (466222.98 4311982.355 2452.441)
198,198,199,,466221.099,4311982.886,2454.404,,-105.3898526,38.95615102,2440.411,Global,0.02,0.011,0.01,0.023,2.134,m,FIX,2024-07-22 15:16:08.8 UTC-06:00,2024-07-22 15:16:11.8 UTC-06:00,16,1.3,1.5,466230.172,4312045.18,2470.929,-105.389751,38.95671271,2456.937,64.611,,NAD83(2011) / UTM zone 13N + NAVD88(GEOID18) height,8,7,6,6,0,4311982.3040000005,466222.76399999997,2452.406,POINT Z (466222.76399999997 4311982.3040000005 2452.406)
199,199,200,,466220.927,4311983.006,2454.375,,-105.3898546,38.9561521,2440.383,Global,0.012,0.015,0.011,0.019,2.134,m,FIX,2024-07-22 15:16:54.6 UTC-06:00,2024-07-22 15:16:57.6 UTC-06:00,16,1.2,1.4,466230.172,4312045.18,2470.929,-105.389751,38.95671271,2456.937,64.51,,NAD83(2011) / UTM zone 13N + NAVD88(GEOID18) height,7,7,6,7,0,4311982.424000001,466222.592,2452.377,POINT Z (466222.592 4311982.424000001 2452.377)
200,200,201,,466220.66,4311982.944,2454.942,,-105.3898577,38.95615152,2440.949,Global,0.019,0.016,0.011,0.025,2.134,m,FIX,2024-07-22 15:17:12.0 UTC-06:00,2024-07-22 15:17:15.0 UTC-06:00,16,1.3,1.5,466230.172,4312045.18,2470.929,-105.389751,38.95671271,2456.937,64.513,,NAD83(2011) / UTM zone 13N + NAVD88(GEOID18) height,8,7,6,7,0,4311982.362000001,466222.32499999995,2452.944,POINT Z (466222.32499999995 4311982.362000001 2452.944)
201,201,202,,466220.465,4311982.933,2454.992,,-105.3898599,38.95615142,2440.999,Global,0.016,0.021,0.01,0.026,2.134,m,FIX,2024-07-22 15:17:25.2 UTC-06:00,2024-07-22 15:17:28.2 UTC-06:00,16,1.2,1.4,466230.172,4312045.18,2470.929,-105.389751,38.95671271,2456.937,64.578,,NAD83(2011) / UTM zone 13N + NAVD88(GEOID18) height,8,7,6,7,0,4311982.351000001,466222.13,2452.994,POINT Z (466222.13 4311982.351000001 2452.994)
202,202,203,,466220.322,4311982.852,2455.01,,-105.3898616,38.95615068,2441.017,Global,0.015,0.04,0.011,0.043,2.134,m,FIX,2024-07-22 15:17:45.6 UTC-06:00,2024-07-22 15:17:48.6 UTC-06:00,16,1.2,1.4,466230.172,4312045.18,2470.929,-105.389751,38.95671271,2456.937,64.698,,NAD83(2011) / UTM zone 13N + NAVD88(GEOID18) height,9,7,6,6,0,4311982.2700000005,466221.98699999996,2453.012,POINT Z (466221.98699999996 4311982.2700000005 2453.012)
203,203,204,,466220.107,4311982.743,2455.03,,-105.389864,38.95614969,2441.038,Global,0.011,0.014,0.012,0.018,2.134,m,FIX,2024-07-22 15:18:03.8 UTC-06:00,2024-07-22 15:18:06.8 UTC-06:00,16,1.3,1.5,466230.172,4312045.18,2470.929,-105.389751,38.95671271,2456.937,64.785,,NAD83(2011) / UTM zone 13N + NAVD88(GEOID18) height,8,7,6,6,0,4311982.161,466221.772,2453.032,POINT Z (466221.772 4311982.161 2453.032)
204,204,205,,466219.922,4311982.744,2454.947,,-105.3898662,38.9561497,2440.955,Global,0.014,0.012,0.011,0.019,2.134,m,FIX,2024-07-22 15:18:33.4 UTC-06:00,2024-07-22 15:18:36.4 UTC-06:00,16,1.3,1.5,466230.172,4312045.18,2470.929,-105.389751,38.95671271,2456.937,64.806,,NAD83(2011) / UTM zone 13N + NAVD88(GEOID18) height,7,7,6,7,0,4311982.1620000005,466221.587,2452.949,POINT Z (466221.587 4311982.1620000005 2452.949)
205,205,206,,466219.759,4311982.69,2454.822,,-105.3898681,38.9561492,2440.83,Global,0.016,0.019,0.01,0.025,2.134,m,FIX,2024-07-22 15:18:55.2 UTC-06:00,2024-07-22 15:18:58.2 UTC-06:00,16,1.3,1.5,466230.172,4312045.18,2470.929,-105.389751,38.95671271,2456.937,64.916,,NAD83(2011) / UTM zone 13N + NAVD88(GEOID18) height,7,8,6,6,0,4311982.108000001,466221.424,2452.824,POINT Z (466221.424 4311982.108000001 2452.824)
206,206,207,,466219.517,4311982.677,2454.751,,-105.3898708,38.95614907,2440.759,Global,0.015,0.016,0.012,0.022,2.134,m,FIX,2024-07-22 15:19:04.4 UTC-06:00,2024-07-22 15:19:07.4 UTC-06:00,16,1.2,1.4,466230.172,4312045.18,2470.929,-105.389751,38.95671271,2456.937,64.981,,NAD83(2011) / UTM zone 13N + NAVD88(GEOID18) height,7,8,6,6,0,4311982.095000001,466221.182,2452.753,POINT Z (466221.182 4311982.095000001 2452.753)
207,207,208,,466219.32,4311982.718,2454.729,,-105.3898731,38.95614944,2440.737,Global,0.011,0.014,0.01,0.018,2.134,m,FIX,2024-07-22 15:19:16.8 UTC-06:00,2024-07-22 15:19:19.8 UTC-06:00,16,1.2,1.4,466230.172,4312045.18,2470.929,-105.389751,38.95671271,2456.937,64.988,,NAD83(2011) / UTM zone 13N + NAVD88(GEOID18) height,8,8,6,6,0,4311982.136000001,466220.985,2452.7309999999998,POINT Z (466220.985 4311982.136000001 2452.7309999999998)
208,208,209,,466219.142,4311982.546,2454.748,,-105.3898752,38.95614788,2440.756,Global,0.011,0.011,0.01,0.015,2.134,m,FIX,2024-07-22 15:19:29.4 UTC-06:00,2024-07-22 15:19:32.4 UTC-06:00,16,1.2,1.4,466230.172,4312045.18,2470.929,-105.389751,38.95671271,2456.937,65.177,,NAD83(2011) / UTM zone 13N + NAVD88(GEOID18) height,8,7,6,6,0,4311981.964000001,466220.807,2452.75,POINT Z (466220.807 4311981.964000001 2452.75)
209,209,210,,466218.96,4311982.493,2454.765,,-105.3898773,38.95614739,2440.773,Global,0.012,0.017,0.013,0.021,2.134,m,FIX,2024-07-22 15:19:42.4 UTC-06:00,2024-07-22 15:19:45.4 UTC-06:00,16,1.2,1.4,466230.172,4312045.18,2470.929,-105.389751,38.95671271,2456.937,65.245,,NAD83(2011) / UTM zone 13N + NAVD88(GEOID18) height,9,7,6,6,0,4311981.911,466220.625,2452.767,POINT Z (466220.625 4311981.911 2452.767)
210,210,211,,466218.759,4311982.481,2454.818,,-105.3898796,38.95614727,2440.826,Global,0.01,0.013,0.01,0.017,2.134,m,FIX,2024-07-22 15:19:55.2 UTC-06:00,2024-07-22 15:19:58.2 UTC-06:00,16,1.2,1.4,466230.172,4312045.18,2470.929,-105.389751,38.95671271,2456.937,65.296,,NAD83(2011) / UTM zone 13N + NAVD88(GEOID18) height,9,7,6,7,0,4311981.899,466220.424,2452.82,POINT Z (466220.424 4311981.899 2452.82)
211,211,212,,466218.571,4311982.426,2454.882,,-105.3898817,38.95614678,2440.89,Global,0.011,0.011,0.011,0.016,2.134,m,FIX,2024-07-22 15:20:14.6 UTC-06:00,2024-07-22 15:20:17.6 UTC-06:00,16,1.1,1.3,466230.172,4312045.18,2470.929,-105.389751,38.95671271,2456.937,65.356,,NAD83(2011) / UTM zone 13N + NAVD88(GEOID18) height,8,7,6,6,0,4311981.8440000005,466220.236,2452.884,POINT Z (466220.236 4311981.8440000005 2452.884)
212,212,213,,466218.361,4311982.415,2454.94,,-105.3898842,38.95614667,2440.947,Global,0.012,0.012,0.011,0.018,2.134,m,FIX,2024-07-22 15:20:26.2 UTC-06:00,2024-07-22 15:20:29.2 UTC-06:00,16,1.1,1.3,466230.172,4312045.18,2470.929,-105.389751,38.95671271,2456.937,65.408,,NAD83(2011) / UTM zone 13N + NAVD88(GEOID18) height,8,7,6,6,0,4311981.833000001,466220.02599999995,2452.942,POINT Z (466220.02599999995 4311981.833000001 2452.942)
213,213,214,,466218.155,4311982.35,2454.954,,-105.3898866,38.95614607,2440.961,Global,0.011,0.011,0.011,0.016,2.134,m,FIX,2024-07-22 15:20:42.2 UTC-06:00,2024-07-22 15:20:45.2 UTC-06:00,16,1.2,1.3,466230.172,4312045.18,2470.929,-105.389751,38.95671271,2456.937,65.508,,NAD83(2011) / UTM zone 13N + NAVD88(GEOID18) height,8,7,6,6,0,4311981.768,466219.82,2452.956,POINT Z (466219.82 4311981.768 2452.956)
214,214,215,,466217.974,4311982.316,2454.906,,-105.3898886,38.95614576,2440.914,Global,0.013,0.012,0.011,0.018,2.134,m,FIX,2024-07-22 15:20:53.6 UTC-06:00,2024-07-22 15:20:56.6 UTC-06:00,16,1.2,1.4,466230.172,4312045.18,2470.929,-105.389751,38.95671271,2456.937,65.563,,NAD83(2011) / UTM zone 13N + NAVD88(GEOID18) height,7,7,5,6,0,4311981.734,466219.63899999997,2452.908,POINT Z (466219.63899999997 4311981.734 2452.908)
215,215,216,,466217.746,4311982.217,2454.894,,-105.3898913,38.95614486,2440.902,Global,0.015,0.011,0.012,0.018,2.134,m,FIX,2024-07-22 15:21:04.8 UTC-06:00,2024-07-22 15:21:07.8 UTC-06:00,16,1.2,1.4,466230.172,4312045.18,2470.929,-105.389751,38.95671271,2456.937,65.719,,NAD83(2011) / UTM zone 13N + NAVD88(GEOID18) height,7,7,5,6,0,4311981.635000001,466219.41099999996,2452.8959999999997,POINT Z (466219.41099999996 4311981.635000001 2452.8959999999997)
216,216,217,,466217.58,4311982.185,2454.692,,-105.3898932,38.95614457,2440.7,Global,0.011,0.011,0.01,0.015,2.134,m,FIX,2024-07-22 15:21:13.4 UTC-06:00,2024-07-22 15:21:16.4 UTC-06:00,16,1.2,1.4,466230.172,4312045.18,2470.929,-105.389751,38.95671271,2456.937,65.815,,NAD83(2011) / UTM zone 13N + NAVD88(GEOID18) height,7,7,6,6,0,4311981.603,466219.245,2452.694,POINT Z (466219.245 4311981.603 2452.694)
217,217,218,,466217.356,4311982.212,2454.646,,-105.3898958,38.9561448,2440.654,Global,0.01,0.018,0.01,0.021,2.134,m,FIX,2024-07-22 15:21:28.4 UTC-06:00,2024-07-22 15:21:31.4 UTC-06:00,16,1.2,1.3,466230.172,4312045.18,2470.929,-105.389751,38.95671271,2456.937,65.84,,NAD83(2011) / UTM zone 13N + NAVD88(GEOID18) height,8,8,5,6,0,4311981.630000001,466219.021,2452.648,POINT Z (466219.021 4311981.630000001 2452.648)
218,218,219,,466217.171,4311982.154,2454.637,,-105.3898979,38.95614426,2440.644,Global,0.013,0.015,0.01,0.02,2.134,m,FIX,2024-07-22 15:21:40.2 UTC-06:00,2024-07-22 15:21:43.2 UTC-06:00,16,1.2,1.4,466230.172,4312045.18,2470.929,-105.389751,38.95671271,2456.937,65.93,,NAD83(2011) / UTM zone 13N + NAVD88(GEOID18) height,8,7,5,7,0,4311981.572000001,466218.83599999995,2452.639,POINT Z (466218.83599999995 4311981.572000001 2452.639)
219,219,220,,466216.967,4311982.174,2454.67,,-105.3899003,38.95614445,2440.678,Global,0.011,0.017,0.01,0.02,2.134,m,FIX,2024-07-22 15:21:50.4 UTC-06:00,2024-07-22 15:21:53.4 UTC-06:00,16,1.2,1.4,466230.172,4312045.18,2470.929,-105.389751,38.95671271,2456.937,65.935,,NAD83(2011) / UTM zone 13N + NAVD88(GEOID18) height,8,7,5,7,0,4311981.592,466218.632,2452.672,POINT Z (466218.632 4311981.592 2452.672)
220,220,221,,466216.773,4311982.096,2454.689,,-105.3899025,38.95614373,2440.697,Global,0.014,0.022,0.012,0.026,2.134,m,FIX,2024-07-22 15:22:01.4 UTC-06:00,2024-07-22 15:22:04.4 UTC-06:00,16,1.2,1.4,466230.172,4312045.18,2470.929,-105.389751,38.95671271,2456.937,66.04,,NAD83(2011) / UTM zone 13N + NAVD88(GEOID18) height,8,7,5,6,0,4311981.514,466218.43799999997,2452.691,POINT Z (466218.43799999997 4311981.514 2452.691)
221,221,222,,466216.586,4311982.036,2454.713,,-105.3899046,38.95614319,2440.721,Global,0.012,0.015,0.012,0.019,2.134,m,FIX,2024-07-22 15:22:09.8 UTC-06:00,2024-07-22 15:22:12.8 UTC-06:00,16,1.2,1.4,466230.172,4312045.18,2470.929,-105.389751,38.95671271,2456.937,66.144,,NAD83(2011) / UTM zone 13N + NAVD88(GEOID18) height,8,8,5,7,0,4311981.454000001,466218.251,2452.715,POINT Z (466218.251 4311981.454000001 2452.715)
222,222,223,,466216.395,4311982.016,2454.78,,-105.3899068,38.956143,2440.788,Global,0.011,0.017,0.01,0.021,2.134,m,FIX,2024-07-22 15:22:17.2 UTC-06:00,2024-07-22 15:22:20.2 UTC-06:00,16,1.2,1.4,466230.172,4312045.18,2470.929,-105.389751,38.95671271,2456.937,66.221,,NAD83(2011) / UTM zone 13N + NAVD88(GEOID18) height,8,7,5,6,0,4311981.434,466218.06,2452.782,POINT Z (466218.06 4311981.434 2452.782)
223,223,224,,466216.168,4311981.957,2454.715,,-105.3899095,38.95614246,2440.723,Global,0.011,0.015,0.011,0.019,2.134,m,FIX,2024-07-22 15:22:31.6 UTC-06:00,2024-07-22 15:22:34.6 UTC-06:00,16,1.2,1.4,466230.172,4312045.18,2470.929,-105.389751,38.95671271,2456.937,66.301,,NAD83(2011) / UTM zone 13N + NAVD88(GEOID18) height,8,8,5,7,0,4311981.375000001,466217.833,2452.717,POINT Z (466217.833 4311981.375000001 2452.717)
224,224,225,,466216.014,4311981.884,2454.753,,-105.3899112,38.95614179,2440.76,Global,0.011,0.012,0.012,0.016,2.134,m,FIX,2024-07-22 15:22:40.6 UTC-06:00,2024-07-22 15:22:43.6 UTC-06:00,16,1.2,1.4,466230.172,4312045.18,2470.929,-105.389751,38.95671271,2456.937,66.412,,NAD83(2011) / UTM zone 13N + NAVD88(GEOID18) height,8,7,6,7,0,4311981.302,466217.679,2452.755,POINT Z (466217.679 4311981.302 2452.755)
225,225,226,,466215.823,4311981.853,2454.768,,-105.3899134,38.95614151,2440.776,Global,0.015,0.018,0.011,0.023,2.134,m,FIX,2024-07-22 15:22:53.6 UTC-06:00,2024-07-22 15:22:56.6 UTC-06:00,16,1.2,1.4,466230.172,4312045.18,2470.929,-105.389751,38.95671271,2456.937,66.459,,NAD83(2011) / UTM zone 13N + NAVD88(GEOID18) height,8,7,6,7,0,4311981.271000001,466217.48799999995,2452.77,POINT Z (466217.48799999995 4311981.271000001 2452.77)
226,226,227,,466215.617,4311981.827,2454.754,,-105.3899158,38.95614126,2440.761,Global,0.012,0.013,0.01,0.017,2.134,m,FIX,2024-07-22 15:23:02.8 UTC-06:00,2024-07-22 15:23:05.8 UTC-06:00,16,1.2,1.4,466230.172,4312045.18,2470.929,-105.389751,38.95671271,2456.937,66.553,,NAD83(2011) / UTM zone 13N + NAVD88(GEOID18) height,8,7,6,7,0,4311981.245,466217.282,2452.756,POINT Z (466217.282 4311981.245 2452.756)
227,227,228,,466215.44,4311981.816,2454.774,,-105.3899179,38.95614116,2440.781,Global,0.016,0.014,0.01,0.021,2.134,m,FIX,2024-07-22 15:23:11.6 UTC-06:00,2024-07-22 15:23:14.6 UTC-06:00,16,1.1,1.2,466230.172,4312045.18,2470.929,-105.389751,38.95671271,2456.937,66.604,,NAD83(2011) / UTM zone 13N + NAVD88(GEOID18) height,9,8,6,7,0,4311981.234,466217.105,2452.776,POINT Z (466217.105 4311981.234 2452.776)
228,228,229,,466215.197,4311981.739,2454.704,,-105.3899207,38.95614045,2440.712,Global,0.011,0.011,0.01,0.015,2.134,m,FIX,2024-07-22 15:23:25.8 UTC-06:00,2024-07-22 15:23:28.8 UTC-06:00,16,1.1,1.2,466230.172,4312045.18,2470.929,-105.389751,38.95671271,2456.937,66.737,,NAD83(2011) / UTM zone 13N + NAVD88(GEOID18) height,9,7,6,7,0,4311981.157000001,466216.86199999996,2452.706,POINT Z (466216.86199999996 4311981.157000001 2452.706)
229,229,230,,466215.015,4311981.644,2454.677,,-105.3899228,38.95613959,2440.684,Global,0.011,0.015,0.011,0.018,2.134,m,FIX,2024-07-22 15:23:40.2 UTC-06:00,2024-07-22 15:23:43.2 UTC-06:00,16,1.1,1.2,466230.172,4312045.18,2470.929,-105.389751,38.95671271,2456.937,66.884,,NAD83(2011) / UTM zone 13N + NAVD88(GEOID18) height,9,7,6,7,0,4311981.062000001,466216.68,2452.679,POINT Z (466216.68 4311981.062000001 2452.679)
230,230,231,,466214.816,4311981.693,2455.22,,-105.3899251,38.95614003,2441.227,Global,0.013,0.014,0.01,0.02,2.134,m,FIX,2024-07-22 15:24:01.6 UTC-06:00,2024-07-22 15:24:04.6 UTC-06:00,16,1.1,1.2,466230.172,4312045.18,2470.929,-105.389751,38.95671271,2456.937,66.753,,NAD83(2011) / UTM zone 13N + NAVD88(GEOID18) height,8,7,6,7,0,4311981.1110000005,466216.48099999997,2453.2219999999998,POINT Z (466216.48099999997 4311981.1110000005 2453.2219999999998)
231,231,232,,466214.633,4311981.594,2455.274,,-105.3899272,38.95613913,2441.282,Global,0.013,0.014,0.011,0.019,2.134,m,FIX,2024-07-22 15:24:14.0 UTC-06:00,2024-07-22 15:24:17.0 UTC-06:00,16,1.1,1.2,466230.172,4312045.18,2470.929,-105.389751,38.95671271,2456.937,66.87,,NAD83(2011) / UTM zone 13N + NAVD88(GEOID18) height,8,7,6,7,0,4311981.012,466216.29799999995,2453.276,POINT Z (466216.29799999995 4311981.012 2453.276)
232,232,233,,466214.412,4311981.551,2455.251,,-105.3899297,38.95613873,2441.259,Global,0.013,0.013,0.01,0.019,2.134,m,FIX,2024-07-22 15:24:30.4 UTC-06:00,2024-07-22 15:24:33.4 UTC-06:00,16,1.1,1.2,466230.172,4312045.18,2470.929,-105.389751,38.95671271,2456.937,66.975,,NAD83(2011) / UTM zone 13N + NAVD88(GEOID18) height,9,7,6,7,0,4311980.9690000005,466216.077,2453.253,POINT Z (466216.077 4311980.9690000005 2453.253)
233,233,234,,466214.214,4311981.475,2454.676,,-105.389932,38.95613804,2440.684,Global,0.01,0.01,0.01,0.014,2.134,m,FIX,2024-07-22 15:24:44.2 UTC-06:00,2024-07-22 15:24:47.2 UTC-06:00,16,1.1,1.2,466230.172,4312045.18,2470.929,-105.389751,38.95671271,2456.937,67.223,,NAD83(2011) / UTM zone 13N + NAVD88(GEOID18) height,9,7,6,7,0,4311980.893,466215.87899999996,2452.678,POINT Z (466215.87899999996 4311980.893 2452.678)
234,234,235,,466214.06,4311981.457,2454.718,,-105.3899338,38.95613787,2440.725,Global,0.017,0.02,0.011,0.026,2.134,m,FIX,2024-07-22 15:24:52.8 UTC-06:00,2024-07-22 15:24:55.8 UTC-06:00,16,1.1,1.2,466230.172,4312045.18,2470.929,-105.389751,38.95671271,2456.937,67.253,,NAD83(2011) / UTM zone 13N + NAVD88(GEOID18) height,9,7,6,7,0,4311980.875000001,466215.725,2452.72,POINT Z (466215.725 4311980.875000001 2452.72)
235,235,236,,466213.849,4311981.408,2454.755,,-105.3899362,38.95613742,2440.762,Global,0.012,0.014,0.01,0.019,2.134,m,FIX,2024-07-22 15:25:03.6 UTC-06:00,2024-07-22 15:25:06.6 UTC-06:00,16,1.1,1.2,466230.172,4312045.18,2470.929,-105.389751,38.95671271,2456.937,67.363,,NAD83(2011) / UTM zone 13N + NAVD88(GEOID18) height,8,8,6,7,0,4311980.826,466215.51399999997,2452.757,POINT Z (466215.51399999997 4311980.826 2452.757)
236,236,237,,466213.635,4311981.364,2454.744,,-105.3899387,38.95613701,2440.752,Global,0.014,0.018,0.01,0.023,2.134,m,FIX,2024-07-22 15:25:15.0 UTC-06:00,2024-07-22 15:25:18.0 UTC-06:00,16,1.1,1.2,466230.172,4312045.18,2470.929,-105.389751,38.95671271,2456.937,67.437,,NAD83(2011) / UTM zone 13N + NAVD88(GEOID18) height,9,7,6,6,0,4311980.782000001,466215.3,2452.746,POINT Z (466215.3 4311980.782000001 2452.746)
237,237,238,,466213.474,4311981.325,2454.787,,-105.3899405,38.95613666,2440.794,Global,0.013,0.017,0.01,0.022,2.134,m,FIX,2024-07-22 15:25:25.6 UTC-06:00,2024-07-22 15:25:28.6 UTC-06:00,16,1.1,1.2,466230.172,4312045.18,2470.929,-105.389751,38.95671271,2456.937,67.539,,NAD83(2011) / UTM zone 13N + NAVD88(GEOID18) height,8,7,6,7,0,4311980.743000001,466215.13899999997,2452.7889999999998,POINT Z (466215.13899999997 4311980.743000001 2452.7889999999998)
238,238,239,,466213.273,4311981.26,2454.765,,-105.3899428,38.95613606,2440.773,Global,0.013,0.017,0.011,0.022,2.134,m,FIX,2024-07-22 15:25:34.2 UTC-06:00,2024-07-22 15:25:37.2 UTC-06:00,16,1.1,1.2,466230.172,4312045.18,2470.929,-105.389751,38.95671271,2456.937,67.622,,NAD83(2011) / UTM zone 13N + NAVD88(GEOID18) height,8,8,6,7,0,4311980.678,466214.93799999997,2452.767,POINT Z (466214.93799999997 4311980.678 2452.767)
239,239,240,,466213.103,4311981.207,2454.766,,-105.3899448,38.95613558,2440.774,Global,0.012,0.011,0.01,0.016,2.134,m,FIX,2024-07-22 15:25:43.0 UTC-06:00,2024-07-22 15:25:46.0 UTC-06:00,16,1.1,1.2,466230.172,4312045.18,2470.929,-105.389751,38.95671271,2456.937,67.738,,NAD83(2011) / UTM zone 13N + NAVD88(GEOID18) height,8,8,6,7,0,4311980.625000001,466214.768,2452.768,POINT Z (466214.768 4311980.625000001 2452.768)
240,240,241,,466212.88,4311981.189,2454.73,,-105.3899474,38.95613541,2440.738,Global,0.011,0.01,0.01,0.015,2.134,m,FIX,2024-07-22 15:25:57.6 UTC-06:00,2024-07-22 15:26:00.6 UTC-06:00,16,1.1,1.3,466230.172,4312045.18,2470.929,-105.389751,38.95671271,2456.937,67.807,,NAD83(2011) / UTM zone 13N + NAVD88(GEOID18) height,8,7,6,6,0,4311980.607000001,466214.545,2452.732,POINT Z (466214.545 4311980.607000001 2452.732)
241,241,242,,466212.646,4311981.26,2454.68,,-105.3899501,38.95613604,2440.688,Global,0.013,0.011,0.011,0.017,2.134,m,FIX,2024-07-22 15:26:14.2 UTC-06:00,2024-07-22 15:26:17.2 UTC-06:00,16,1.2,1.4,466230.172,4312045.18,2470.929,-105.389751,38.95671271,2456.937,67.82,,NAD83(2011) / UTM zone 13N + NAVD88(GEOID18) height,8,6,6,6,0,4311980.678,466214.311,2452.682,POINT Z (466214.311 4311980.678 2452.682)
242,242,243,,466212.446,4311981.179,2454.698,,-105.3899524,38.9561353,2440.706,Global,0.011,0.012,0.011,0.016,2.134,m,FIX,2024-07-22 15:26:31.8 UTC-06:00,2024-07-22 15:26:34.8 UTC-06:00,16,1.1,1.2,466230.172,4312045.18,2470.929,-105.389751,38.95671271,2456.937,67.943,,NAD83(2011) / UTM zone 13N + NAVD88(GEOID18) height,9,8,6,6,0,4311980.597,466214.111,2452.7,POINT Z (466214.111 4311980.597 2452.7)
243,243,244,,466212.268,4311981.149,2454.669,,-105.3899544,38.95613502,2440.676,Global,0.011,0.011,0.011,0.016,2.134,m,FIX,2024-07-22 15:26:47.0 UTC-06:00,2024-07-22 15:26:50.0 UTC-06:00,16,1.2,1.4,466230.172,4312045.18,2470.929,-105.389751,38.95671271,2456.937,68.016,,NAD83(2011) / UTM zone 13N + NAVD88(GEOID18) height,9,8,6,6,0,4311980.567000001,466213.93299999996,2452.671,POINT Z (466213.93299999996 4311980.567000001 2452.671)
244,244,245,,466212.047,4311981.147,2454.671,,-105.389957,38.956135,2440.679,Global,0.012,0.012,0.01,0.017,2.134,m,FIX,2024-07-22 15:26:58.6 UTC-06:00,2024-07-22 15:27:01.6 UTC-06:00,16,1.2,1.4,466230.172,4312045.18,2470.929,-105.389751,38.95671271,2456.937,68.084,,NAD83(2011) / UTM zone 13N + NAVD88(GEOID18) height,8,8,6,6,0,4311980.565,466213.712,2452.673,POINT Z (466213.712 4311980.565 2452.673)
245,245,246,,466211.886,4311981.043,2454.655,,-105.3899588,38.95613406,2440.663,Global,0.015,0.011,0.012,0.019,2.134,m,FIX,2024-07-22 15:27:08.2 UTC-06:00,2024-07-22 15:27:11.2 UTC-06:00,16,1.2,1.4,466230.172,4312045.18,2470.929,-105.389751,38.95671271,2456.937,68.231,,NAD83(2011) / UTM zone 13N + NAVD88(GEOID18) height,8,7,6,6,0,4311980.461,466213.551,2452.657,POINT Z (466213.551 4311980.461 2452.657)
246,246,247,,466211.532,4311980.894,2454.679,,-105.3899629,38.95613269,2440.687,Global,0.012,0.011,0.01,0.016,2.134,m,FIX,2024-07-22 15:28:20.6 UTC-06:00,2024-07-22 15:28:23.6 UTC-06:00,16,1.1,1.2,466230.172,4312045.18,2470.929,-105.389751,38.95671271,2456.937,68.463,,NAD83(2011) / UTM zone 13N + NAVD88(GEOID18) height,8,8,5,6,0,4311980.312000001,466213.197,2452.681,POINT Z (466213.197 4311980.312000001 2452.681)
247,247,248,,466211.211,4311980.947,2454.626,,-105.3899666,38.95613316,2440.634,Global,0.012,0.011,0.01,0.016,2.134,m,FIX,2024-07-22 15:28:40.0 UTC-06:00,2024-07-22 15:28:43.0 UTC-06:00,16,1.2,1.4,466230.172,4312045.18,2470.929,-105.389751,38.95671271,2456.937,68.5,,NAD83(2011) / UTM zone 13N + NAVD88(GEOID18) height,8,8,5,6,0,4311980.365,466212.876,2452.628,POINT Z (466212.876 4311980.365 2452.628)
248,248,249,,466211.076,4311980.929,2454.627,,-105.3899682,38.956133,2440.635,Global,0.01,0.018,0.01,0.021,2.134,m,FIX,2024-07-22 15:28:58.8 UTC-06:00,2024-07-22 15:29:01.8 UTC-06:00,16,1.2,1.4,466230.172,4312045.18,2470.929,-105.389751,38.95671271,2456.937,68.542,,NAD83(2011) / UTM zone 13N + NAVD88(GEOID18) height,7,6,5,7,0,4311980.347,466212.741,2452.629,POINT Z (466212.741 4311980.347 2452.629)
249,249,250,,466210.941,4311980.847,2454.667,,-105.3899697,38.95613225,2440.675,Global,0.015,0.011,0.011,0.018,2.134,m,FIX,2024-07-22 15:29:29.0 UTC-06:00,2024-07-22 15:29:32.0 UTC-06:00,16,1.2,1.3,466230.172,4312045.18,2470.929,-105.389751,38.95671271,2456.937,68.658,,NAD83(2011) / UTM zone 13N + NAVD88(GEOID18) height,7,8,5,7,0,4311980.265000001,466212.60599999997,2452.669,POINT Z (466212.60599999997 4311980.265000001 2452.669)
250,250,251,,466210.687,4311980.785,2454.695,,-105.3899727,38.95613169,2440.703,Global,0.011,0.011,0.01,0.015,2.134,m,FIX,2024-07-22 15:29:45.4 UTC-06:00,2024-07-22 15:29:48.4 UTC-06:00,16,1.1,1.3,466230.172,4312045.18,2470.929,-105.389751,38.95671271,2456.937,68.791,,NAD83(2011) / UTM zone 13N + NAVD88(GEOID18) height,9,8,5,6,0,4311980.203000001,466212.35199999996,2452.697,POINT Z (466212.35199999996 4311980.203000001 2452.697)
251,251,252,,466210.54,4311980.722,2454.721,,-105.3899744,38.95613111,2440.728,Global,0.013,0.018,0.011,0.023,2.134,m,FIX,2024-07-22 15:30:01.6 UTC-06:00,2024-07-22 15:30:04.6 UTC-06:00,16,1.1,1.3,466230.172,4312045.18,2470.929,-105.389751,38.95671271,2456.937,68.87,,NAD83(2011) / UTM zone 13N + NAVD88(GEOID18) height,8,7,5,6,0,4311980.140000001,466212.20499999996,2452.723,POINT Z (466212.20499999996 4311980.140000001 2452.723)
252,252,253,,466210.31,4311980.698,2454.742,,-105.389977,38.95613089,2440.75,Global,0.018,0.015,0.01,0.023,2.134,m,FIX,2024-07-22 15:30:15.4 UTC-06:00,2024-07-22 15:30:18.4 UTC-06:00,16,1.1,1.3,466230.172,4312045.18,2470.929,-105.389751,38.95671271,2456.937,68.963,,NAD83(2011) / UTM zone 13N + NAVD88(GEOID18) height,9,7,5,7,0,4311980.116,466211.975,2452.744,POINT Z (466211.975 4311980.116 2452.744)
253,253,254,,466210.119,4311980.605,2454.794,,-105.3899792,38.95613004,2440.801,Global,0.012,0.018,0.011,0.021,2.134,m,FIX,2024-07-22 15:30:28.6 UTC-06:00,2024-07-22 15:30:31.6 UTC-06:00,16,1.2,1.4,466230.172,4312045.18,2470.929,-105.389751,38.95671271,2456.937,69.094,,NAD83(2011) / UTM zone 13N + NAVD88(GEOID18) height,9,8,5,7,0,4311980.023000001,466211.784,2452.796,POINT Z (466211.784 4311980.023000001 2452.796)
254,254,255,,466209.916,4311980.594,2454.895,,-105.3899815,38.95612994,2440.902,Global,0.016,0.014,0.011,0.021,2.134,m,FIX,2024-07-22 15:30:40.0 UTC-06:00,2024-07-22 15:30:43.0 UTC-06:00,16,1.1,1.3,466230.172,4312045.18,2470.929,-105.389751,38.95671271,2456.937,69.135,,NAD83(2011) / UTM zone 13N + NAVD88(GEOID18) height,9,8,5,7,0,4311980.012,466211.581,2452.897,POINT Z (466211.581 4311980.012 2452.897)
255,255,256,,466209.764,4311980.476,2454.875,,-105.3899833,38.95612887,2440.883,Global,0.014,0.01,0.011,0.018,2.134,m,FIX,2024-07-22 15:30:59.0 UTC-06:00,2024-07-22 15:31:02.0 UTC-06:00,16,1.1,1.3,466230.172,4312045.18,2470.929,-105.389751,38.95671271,2456.937,69.307,,NAD83(2011) / UTM zone 13N + NAVD88(GEOID18) height,7,7,5,7,0,4311979.894,466211.429,2452.877,POINT Z (466211.429 4311979.894 2452.877)
256,256,257,,466209.551,4311980.37,2454.884,,-105.3899857,38.9561279,2440.892,Global,0.015,0.018,0.01,0.024,2.134,m,FIX,2024-07-22 15:31:15.0 UTC-06:00,2024-07-22 15:31:18.0 UTC-06:00,16,1.2,1.3,466230.172,4312045.18,2470.929,-105.389751,38.95671271,2456.937,69.487,,NAD83(2011) / UTM zone 13N + NAVD88(GEOID18) height,7,8,5,6,0,4311979.788000001,466211.21599999996,2452.886,POINT Z (466211.21599999996 4311979.788000001 2452.886)
257,257,258,,466209.318,4311980.411,2454.955,,-105.3899884,38.95612826,2440.963,Global,0.01,0.011,0.011,0.015,2.134,m,FIX,2024-07-22 15:31:52.2 UTC-06:00,2024-07-22 15:31:55.2 UTC-06:00,16,1.2,1.4,466230.172,4312045.18,2470.929,-105.389751,38.95671271,2456.937,69.484,,NAD83(2011) / UTM zone 13N + NAVD88(GEOID18) height,7,8,6,7,0,4311979.829000001,466210.983,2452.957,POINT Z (466210.983 4311979.829000001 2452.957)
258,258,259,,466209.22,4311980.554,2455.241,,-105.3899896,38.95612954,2441.249,Global,0.012,0.015,0.01,0.019,2.134,m,FIX,2024-07-22 15:32:50.8 UTC-06:00,2024-07-22 15:32:53.8 UTC-06:00,16,1.1,1.3,466230.172,4312045.18,2470.929,-105.389751,38.95671271,2456.937,69.342,,NAD83(2011) / UTM zone 13N + NAVD88(GEOID18) height,7,7,6,7,0,4311979.972,466210.88499999995,2453.243,POINT Z (466210.88499999995 4311979.972 2453.243)
259,259,260,,466209.112,4311980.434,2455.406,,-105.3899908,38.95612846,2441.414,Global,0.015,0.012,0.01,0.019,2.134,m,FIX,2024-07-22 15:33:13.0 UTC-06:00,2024-07-22 15:33:16.0 UTC-06:00,16,1.1,1.3,466230.172,4312045.18,2470.929,-105.389751,38.95671271,2456.937,69.437,,NAD83(2011) / UTM zone 13N + NAVD88(GEOID18) height,7,6,5,7,0,4311979.852000001,466210.777,2453.408,POINT Z (466210.777 4311979.852000001 2453.408)
260,260,261,,466208.986,4311980.365,2455.442,,-105.3899923,38.95612783,2441.45,Global,0.013,0.011,0.012,0.017,2.134,m,FIX,2024-07-22 15:34:34.0 UTC-06:00,2024-07-22 15:34:37.0 UTC-06:00,16,1.1,1.3,466230.172,4312045.18,2470.929,-105.389751,38.95671271,2456.937,69.54,,NAD83(2011) / UTM zone 13N + NAVD88(GEOID18) height,8,7,6,7,0,4311979.783000001,466210.65099999995,2453.444,POINT Z (466210.65099999995 4311979.783000001 2453.444)
261,261,262,,466208.839,4311980.333,2455.491,,-105.389994,38.95612754,2441.499,Global,0.014,0.011,0.01,0.018,2.134,m,FIX,2024-07-22 15:34:57.8 UTC-06:00,2024-07-22 15:35:00.8 UTC-06:00,16,1.1,1.3,466230.172,4312045.18,2470.929,-105.389751,38.95671271,2456.937,69.601,,NAD83(2011) / UTM zone 13N + NAVD88(GEOID18) height,8,7,6,7,0,4311979.751,466210.50399999996,2453.493,POINT Z (466210.50399999996 4311979.751 2453.493)
262,262,263,,466208.632,4311980.336,2455.548,,-105.3899964,38.95612756,2441.556,Global,0.011,0.012,0.012,0.016,2.134,m,FIX,2024-07-22 15:35:39.6 UTC-06:00,2024-07-22 15:35:42.6 UTC-06:00,16,1.1,1.3,466230.172,4312045.18,2470.929,-105.389751,38.95671271,2456.937,69.657,,NAD83(2011) / UTM zone 13N + NAVD88(GEOID18) height,8,6,6,7,0,4311979.754000001,466210.29699999996,2453.5499999999997,POINT Z (466210.29699999996 4311979.754000001 2453.5499999999997)
263,263,264,,466208.408,4311980.247,2455.525,,-105.3899989,38.95612674,2441.533,Global,0.011,0.012,0.01,0.017,2.134,m,FIX,2024-07-22 15:35:48.2 UTC-06:00,2024-07-22 15:35:51.2 UTC-06:00,16,1.2,1.4,466230.172,4312045.18,2470.929,-105.389751,38.95671271,2456.937,69.808,,NAD83(2011) / UTM zone 13N + NAVD88(GEOID18) height,7,6,6,7,0,4311979.665000001,466210.073,2453.527,POINT Z (466210.073 4311979.665000001 2453.527)
264,264,265,,466208.196,4311980.219,2455.542,,-105.3900014,38.95612648,2441.55,Global,0.013,0.013,0.011,0.018,2.134,m,FIX,2024-07-22 15:35:55.8 UTC-06:00,2024-07-22 15:35:58.8 UTC-06:00,16,1.2,1.4,466230.172,4312045.18,2470.929,-105.389751,38.95671271,2456.937,69.894,,NAD83(2011) / UTM zone 13N + NAVD88(GEOID18) height,7,6,6,7,0,4311979.637,466209.861,2453.544,POINT Z (466209.861 4311979.637 2453.544)
265,265,266,,466208.025,4311980.166,2455.572,,-105.3900034,38.956126,2441.579,Global,0.013,0.012,0.01,0.018,2.134,m,FIX,2024-07-22 15:36:03.8 UTC-06:00,2024-07-22 15:36:06.8 UTC-06:00,16,1.2,1.4,466230.172,4312045.18,2470.929,-105.389751,38.95671271,2456.937,69.999,,NAD83(2011) / UTM zone 13N + NAVD88(GEOID18) height,7,6,6,7,0,4311979.584000001,466209.69,2453.574,POINT Z (466209.69 4311979.584000001 2453.574)
266,266,267,,466207.736,4311980.06,2455.56,,-105.3900067,38.95612503,2441.568,Global,0.011,0.011,0.01,0.016,2.134,m,FIX,2024-07-22 15:36:17.4 UTC-06:00,2024-07-22 15:36:20.4 UTC-06:00,16,1.1,1.3,466230.172,4312045.18,2470.929,-105.389751,38.95671271,2456.937,70.197,,NAD83(2011) / UTM zone 13N + NAVD88(GEOID18) height,7,7,6,7,0,4311979.478,466209.40099999995,2453.562,POINT Z (466209.40099999995 4311979.478 2453.562)
267,267,268,,466207.603,4311979.96,2455.539,,-105.3900082,38.95612413,2441.547,Global,0.011,0.011,0.012,0.016,2.134,m,FIX,2024-07-22 15:36:30.0 UTC-06:00,2024-07-22 15:36:33.0 UTC-06:00,16,1.2,1.4,466230.172,4312045.18,2470.929,-105.389751,38.95671271,2456.937,70.323,,NAD83(2011) / UTM zone 13N + NAVD88(GEOID18) height,7,7,6,7,0,4311979.3780000005,466209.268,2453.541,POINT Z (466209.268 4311979.3780000005 2453.541)
268,268,269,,466207.366,4311980.055,2455.205,,-105.3900109,38.95612497,2441.213,Global,0.011,0.011,0.01,0.016,2.134,m,FIX,2024-07-22 15:36:46.2 UTC-06:00,2024-07-22 15:36:49.2 UTC-06:00,16,1.1,1.3,466230.172,4312045.18,2470.929,-105.389751,38.95671271,2456.937,70.377,,NAD83(2011) / UTM zone 13N + NAVD88(GEOID18) height,7,7,6,7,0,4311979.473,466209.03099999996,2453.207,POINT Z (466209.03099999996 4311979.473 2453.207)
269,269,270,,466207.193,4311980.07,2455.114,,-105.3900129,38.9561251,2441.122,Global,0.011,0.012,0.01,0.016,2.134,m,FIX,2024-07-22 15:37:01.4 UTC-06:00,2024-07-22 15:37:04.4 UTC-06:00,16,1.1,1.3,466230.172,4312045.18,2470.929,-105.389751,38.95671271,2456.937,70.449,,NAD83(2011) / UTM zone 13N + NAVD88(GEOID18) height,7,6,6,7,0,4311979.488000001,466208.858,2453.116,POINT Z (466208.858 4311979.488000001 2453.116)
270,270,271,,466206.971,4311980.052,2455.076,,-105.3900155,38.95612493,2441.084,Global,0.011,0.011,0.01,0.016,2.134,m,FIX,2024-07-22 15:37:19.6 UTC-06:00,2024-07-22 15:37:22.6 UTC-06:00,16,1.2,1.4,466230.172,4312045.18,2470.929,-105.389751,38.95671271,2456.937,70.532,,NAD83(2011) / UTM zone 13N + NAVD88(GEOID18) height,7,6,5,7,0,4311979.470000001,466208.636,2453.078,POINT Z (466208.636 4311979.470000001 2453.078)
271,271,272,,466206.796,4311980.054,2455.048,,-105.3900175,38.95612494,2441.056,Global,0.015,0.01,0.01,0.018,2.134,m,FIX,2024-07-22 15:37:31.4 UTC-06:00,2024-07-22 15:37:34.4 UTC-06:00,16,1.2,1.4,466230.172,4312045.18,2470.929,-105.389751,38.95671271,2456.937,70.604,,NAD83(2011) / UTM zone 13N + NAVD88(GEOID18) height,7,7,5,7,0,4311979.472,466208.46099999995,2453.0499999999997,POINT Z (466208.46099999995 4311979.472 2453.0499999999997)
272,272,273,,466206.574,4311980.04,2455.052,,-105.3900201,38.95612481,2441.06,Global,0.012,0.018,0.012,0.022,2.134,m,FIX,2024-07-22 15:37:43.0 UTC-06:00,2024-07-22 15:37:46.0 UTC-06:00,16,1.2,1.4,466230.172,4312045.18,2470.929,-105.389751,38.95671271,2456.937,70.664,,NAD83(2011) / UTM zone 13N + NAVD88(GEOID18) height,8,6,6,6,0,4311979.458000001,466208.239,2453.054,POINT Z (466208.239 4311979.458000001 2453.054)
273,273,274,,466206.405,4311980.022,2455.076,,-105.390022,38.95612464,2441.084,Global,0.01,0.013,0.011,0.016,2.134,m,FIX,2024-07-22 15:37:51.4 UTC-06:00,2024-07-22 15:37:54.4 UTC-06:00,16,1.2,1.4,466230.172,4312045.18,2470.929,-105.389751,38.95671271,2456.937,70.755,,NAD83(2011) / UTM zone 13N + NAVD88(GEOID18) height,7,6,5,7,0,4311979.44,466208.07,2453.078,POINT Z (466208.07 4311979.44 2453.078)
274,274,275,,466206.205,4311980.022,2455.108,,-105.3900243,38.95612464,2441.116,Global,0.011,0.011,0.011,0.016,2.134,m,FIX,2024-07-22 15:38:02.0 UTC-06:00,2024-07-22 15:38:05.0 UTC-06:00,16,1.2,1.4,466230.172,4312045.18,2470.929,-105.389751,38.95671271,2456.937,70.817,,NAD83(2011) / UTM zone 13N + NAVD88(GEOID18) height,7,6,5,5,0,4311979.44,466207.87,2453.11,POINT Z (466207.87 4311979.44 2453.11)
275,275,276,,466206.002,4311979.972,2455.109,,-105.3900267,38.95612417,2441.117,Global,0.011,0.015,0.01,0.019,2.134,m,FIX,2024-07-22 15:38:10.2 UTC-06:00,2024-07-22 15:38:13.2 UTC-06:00,16,1.2,1.4,466230.172,4312045.18,2470.929,-105.389751,38.95671271,2456.937,70.942,,NAD83(2011) / UTM zone 13N + NAVD88(GEOID18) height,7,6,5,7,0,4311979.390000001,466207.66699999996,2453.111,POINT Z (466207.66699999996 4311979.390000001 2453.111)
276,276,277,,466205.833,4311979.904,2455.117,,-105.3900286,38.95612356,2441.124,Global,0.019,0.018,0.01,0.027,2.134,m,FIX,2024-07-22 15:38:17.4 UTC-06:00,2024-07-22 15:38:20.4 UTC-06:00,16,1.2,1.4,466230.172,4312045.18,2470.929,-105.389751,38.95671271,2456.937,71.042,,NAD83(2011) / UTM zone 13N + NAVD88(GEOID18) height,7,6,5,6,0,4311979.322000001,466207.49799999996,2453.119,POINT Z (466207.49799999996 4311979.322000001 2453.119)
277,277,278,,466205.615,4311979.908,2455.124,,-105.3900311,38.95612358,2441.132,Global,0.013,0.011,0.011,0.017,2.134,m,FIX,2024-07-22 15:38:27.0 UTC-06:00,2024-07-22 15:38:30.0 UTC-06:00,16,1.2,1.4,466230.172,4312045.18,2470.929,-105.389751,38.95671271,2456.937,71.115,,NAD83(2011) / UTM zone 13N + NAVD88(GEOID18) height,8,6,5,6,0,4311979.326,466207.27999999997,2453.1259999999997,POINT Z (466207.27999999997 4311979.326 2453.1259999999997)
278,278,279,,466205.436,4311979.848,2455.175,,-105.3900332,38.95612304,2441.183,Global,0.011,0.012,0.01,0.016,2.134,m,FIX,2024-07-22 15:38:36.0 UTC-06:00,2024-07-22 15:38:39.0 UTC-06:00,16,1.2,1.4,466230.172,4312045.18,2470.929,-105.389751,38.95671271,2456.937,71.237,,NAD83(2011) / UTM zone 13N + NAVD88(GEOID18) height,8,6,5,6,0,4311979.266000001,466207.10099999997,2453.177,POINT Z (466207.10099999997 4311979.266000001 2453.177)
279,279,280,,466205.213,4311979.822,2455.24,,-105.3900358,38.9561228,2441.248,Global,0.012,0.018,0.011,0.021,2.134,m,FIX,2024-07-22 15:38:45.6 UTC-06:00,2024-07-22 15:38:48.6 UTC-06:00,16,1.2,1.4,466230.172,4312045.18,2470.929,-105.389751,38.95671271,2456.937,71.338,,NAD83(2011) / UTM zone 13N + NAVD88(GEOID18) height,8,6,5,6,0,4311979.24,466206.87799999997,2453.2419999999997,POINT Z (466206.87799999997 4311979.24 2453.2419999999997)
280,280,281,,466204.944,4311979.807,2455.303,,-105.3900389,38.95612265,2441.311,Global,0.011,0.011,0.01,0.015,2.134,m,FIX,2024-07-22 15:38:58.8 UTC-06:00,2024-07-22 15:39:01.8 UTC-06:00,16,1.2,1.5,466230.172,4312045.18,2470.929,-105.389751,38.95671271,2456.937,71.419,,NAD83(2011) / UTM zone 13N + NAVD88(GEOID18) height,6,6,5,5,0,4311979.225000001,466206.609,2453.305,POINT Z (466206.609 4311979.225000001 2453.305)
281,281,282,,466204.826,4311979.842,2455.313,,-105.3900403,38.95612296,2441.321,Global,0.011,0.011,0.011,0.016,2.134,m,FIX,2024-07-22 15:39:19.8 UTC-06:00,2024-07-22 15:39:22.8 UTC-06:00,16,1.2,1.4,466230.172,4312045.18,2470.929,-105.389751,38.95671271,2456.937,71.422,,NAD83(2011) / UTM zone 13N + NAVD88(GEOID18) height,7,6,5,6,0,4311979.260000001,466206.491,2453.315,POINT Z (466206.491 4311979.260000001 2453.315)
282,282,283,,466204.613,4311979.897,2455.322,,-105.3900427,38.95612345,2441.329,Global,0.012,0.011,0.01,0.016,2.134,m,FIX,2024-07-22 15:39:31.6 UTC-06:00,2024-07-22 15:39:34.6 UTC-06:00,16,1.1,1.3,466230.172,4312045.18,2470.929,-105.389751,38.95671271,2456.937,71.44,,NAD83(2011) / UTM zone 13N + NAVD88(GEOID18) height,7,7,5,6,0,4311979.315,466206.278,2453.324,POINT Z (466206.278 4311979.315 2453.324)
283,283,284,,466204.422,4311979.886,2455.353,,-105.3900449,38.95612334,2441.361,Global,0.011,0.012,0.01,0.016,2.134,m,FIX,2024-07-22 15:39:40.2 UTC-06:00,2024-07-22 15:39:43.2 UTC-06:00,16,1.1,1.3,466230.172,4312045.18,2470.929,-105.389751,38.95671271,2456.937,71.505,,NAD83(2011) / UTM zone 13N + NAVD88(GEOID18) height,7,7,5,6,0,4311979.3040000005,466206.087,2453.355,POINT Z (466206.087 4311979.3040000005 2453.355)
284,284,285,,466204.21,4311979.869,2455.569,,-105.3900474,38.95612318,2441.577,Global,0.012,0.011,0.01,0.017,2.134,m,FIX,2024-07-22 15:39:54.0 UTC-06:00,2024-07-22 15:39:57.0 UTC-06:00,16,1.1,1.3,466230.172,4312045.18,2470.929,-105.389751,38.95671271,2456.937,71.565,,NAD83(2011) / UTM zone 13N + NAVD88(GEOID18) height,7,7,5,6,0,4311979.2870000005,466205.875,2453.571,POINT Z (466205.875 4311979.2870000005 2453.571)
285,285,286,,466204.063,4311979.828,2455.668,,-105.3900491,38.9561228,2441.676,Global,0.015,0.013,0.011,0.02,2.134,m,FIX,2024-07-22 15:40:06.4 UTC-06:00,2024-07-22 15:40:09.4 UTC-06:00,16,1.2,1.4,466230.172,4312045.18,2470.929,-105.389751,38.95671271,2456.937,71.653,,NAD83(2011) / UTM zone 13N + NAVD88(GEOID18) height,8,6,5,6,0,4311979.246,466205.728,2453.67,POINT Z (466205.728 4311979.246 2453.67)
286,286,287,,466203.869,4311979.807,2455.714,,-105.3900513,38.95612261,2441.722,Global,0.012,0.013,0.01,0.018,2.134,m,FIX,2024-07-22 15:40:19.4 UTC-06:00,2024-07-22 15:40:22.4 UTC-06:00,16,1.1,1.3,466230.172,4312045.18,2470.929,-105.389751,38.95671271,2456.937,71.742,,NAD83(2011) / UTM zone 13N + NAVD88(GEOID18) height,8,7,5,6,0,4311979.225000001,466205.534,2453.716,POINT Z (466205.534 4311979.225000001 2453.716)
287,287,288,,466203.712,4311979.907,2456.11,,-105.3900531,38.9561235,2442.118,Global,0.013,0.011,0.01,0.017,2.134,m,FIX,2024-07-22 15:40:58.0 UTC-06:00,2024-07-22 15:41:01.0 UTC-06:00,16,1.2,1.4,466230.172,4312045.18,2470.929,-105.389751,38.95671271,2456.937,71.608,,NAD83(2011) / UTM zone 13N + NAVD88(GEOID18) height,7,6,5,6,0,4311979.325,466205.377,2454.112,POINT Z (466205.377 4311979.325 2454.112)
288,288,289,,466203.699,4311979.657,2455.69,,-105.3900533,38.95612125,2441.698,Global,0.012,0.012,0.01,0.017,2.134,m,FIX,2024-07-22 15:41:25.8 UTC-06:00,2024-07-22 15:41:28.8 UTC-06:00,16,1.2,1.4,466230.172,4312045.18,2470.929,-105.389751,38.95671271,2456.937,71.939,,NAD83(2011) / UTM zone 13N + NAVD88(GEOID18) height,7,6,5,6,0,4311979.075,466205.364,2453.692,POINT Z (466205.364 4311979.075 2453.692)
289,289,290,,466203.383,4311979.861,2455.749,,-105.3900569,38.95612307,2441.757,Global,0.011,0.011,0.01,0.015,2.134,m,FIX,2024-07-22 15:41:42.8 UTC-06:00,2024-07-22 15:41:45.8 UTC-06:00,16,1.2,1.4,466230.172,4312045.18,2470.929,-105.389751,38.95671271,2456.937,71.844,,NAD83(2011) / UTM zone 13N + NAVD88(GEOID18) height,7,7,5,6,0,4311979.279,466205.04799999995,2453.7509999999997,POINT Z (466205.04799999995 4311979.279 2453.7509999999997)
290,290,291,,466203.682,4311980.138,2455.714,,-105.3900535,38.95612558,2441.722,Global,0.011,0.012,0.01,0.017,2.134,m,FIX,2024-07-22 15:41:55.0 UTC-06:00,2024-07-22 15:41:58.0 UTC-06:00,16,1.1,1.3,466230.172,4312045.18,2470.929,-105.389751,38.95671271,2456.937,71.486,,NAD83(2011) / UTM zone 13N + NAVD88(GEOID18) height,7,7,5,6,0,4311979.556000001,466205.34699999995,2453.716,POINT Z (466205.34699999995 4311979.556000001 2453.716)
291,291,292,,466203.913,4311979.921,2455.682,,-105.3900508,38.95612364,2441.69,Global,0.011,0.011,0.012,0.015,2.134,m,FIX,2024-07-22 15:42:14.6 UTC-06:00,2024-07-22 15:42:17.6 UTC-06:00,16,1.2,1.4,466230.172,4312045.18,2470.929,-105.389751,38.95671271,2456.937,71.603,,NAD83(2011) / UTM zone 13N + NAVD88(GEOID18) height,6,7,5,6,0,4311979.339000001,466205.578,2453.6839999999997,POINT Z (466205.578 4311979.339000001 2453.6839999999997)
292,292,293,,466203.706,4311979.87,2455.721,,-105.3900532,38.95612317,2441.729,Global,0.01,0.01,0.01,0.014,2.134,m,FIX,2024-07-22 15:42:27.2 UTC-06:00,2024-07-22 15:42:30.2 UTC-06:00,16,1.1,1.3,466230.172,4312045.18,2470.929,-105.389751,38.95671271,2456.937,71.723,,NAD83(2011) / UTM zone 13N + NAVD88(GEOID18) height,6,7,5,6,0,4311979.288000001,466205.371,2453.723,POINT Z (466205.371 4311979.288000001 2453.723)
293,293,294,,466203.709,4311979.902,2456.098,,-105.3900532,38.95612346,2442.106,Global,0.012,0.011,0.013,0.016,2.134,m,FIX,2024-07-22 15:43:26.6 UTC-06:00,2024-07-22 15:43:29.6 UTC-06:00,16,1.2,1.4,466230.172,4312045.18,2470.929,-105.389751,38.95671271,2456.937,71.624,,NAD83(2011) / UTM zone 13N + NAVD88(GEOID18) height,7,7,5,6,0,4311979.32,466205.37399999995,2454.1,POINT Z (466205.37399999995 4311979.32 2454.1)
294,294,295,,466203.672,4311979.904,2456.097,,-105.3900536,38.95612347,2442.105,Global,0.017,0.013,0.012,0.021,2.134,m,FIX,2024-07-22 15:44:41.4 UTC-06:00,2024-07-22 15:45:11.4 UTC-06:00,151,1.4,1.6,466230.172,4312045.18,2470.929,-105.389751,38.95671271,2456.937,71.634,,NAD83(2011) / UTM zone 13N + NAVD88(GEOID18) height,7,6,6,6,0,4311979.322000001,466205.337,2454.099,POINT Z (466205.337 4311979.322000001 2454.099)
295,295,1,,466251.157,4312190.496,2454.933,,-105.3895159,38.958023,2440.942,Global,0.011,0.013,0.01,0.017,2.134,m,FIX,2024-07-22 16:27:10.2 UTC-06:00,2024-07-22 16:27:40.2 UTC-06:00,151,1.2,1.4,466230.172,4312045.18,2470.929,-105.389751,38.95671271,2456.937,147.59,,NAD83(2011) / UTM zone 13N + NAVD88(GEOID18) height,7,7,5,6,0,4312189.914000001,466252.822,2452.935,POINT Z (466252.822 4312189.914000001 2452.935)
296,296,2,,466250.952,4312190.305,2454.933,,-105.3895183,38.95802126,2440.943,Global,0.01,0.014,0.011,0.017,2.134,m,FIX,2024-07-22 16:28:26.0 UTC-06:00,2024-07-22 16:28:29.0 UTC-06:00,16,1.1,1.3,466230.172,4312045.18,2470.929,-105.389751,38.95671271,2456.937,147.384,,NAD83(2011) / UTM zone 13N + NAVD88(GEOID18) height,7,7,6,7,0,4312189.723,466252.61699999997,2452.935,POINT Z (466252.61699999997 4312189.723 2452.935)
297,297,3,,466251.331,4312190.208,2454.927,,-105.3895139,38.95802041,2440.936,Global,0.011,0.012,0.012,0.016,2.134,m,FIX,2024-07-22 16:28:45.6 UTC-06:00,2024-07-22 16:28:48.6 UTC-06:00,16,1.1,1.3,466230.172,4312045.18,2470.929,-105.389751,38.95671271,2456.937,147.327,,NAD83(2011) / UTM zone 13N + NAVD88(GEOID18) height,7,7,6,7,0,4312189.626,466252.996,2452.929,POINT Z (466252.996 4312189.626 2452.929)
298,298,4,,466251.343,4312190.673,2454.901,,-105.3895138,38.9580246,2440.91,Global,0.012,0.015,0.01,0.019,2.134,m,FIX,2024-07-22 16:28:59.8 UTC-06:00,2024-07-22 16:29:02.8 UTC-06:00,16,1.2,1.4,466230.172,4312045.18,2470.929,-105.389751,38.95671271,2456.937,147.81,,NAD83(2011) / UTM zone 13N + NAVD88(GEOID18) height,8,7,6,6,0,4312190.091000001,466253.008,2452.903,POINT Z (466253.008 4312190.091000001 2452.903)
299,299,5,,466250.995,4312190.752,2454.827,,-105.3895178,38.9580253,2440.836,Global,0.01,0.011,0.012,0.015,2.134,m,FIX,2024-07-22 16:29:16.4 UTC-06:00,2024-07-22 16:29:19.4 UTC-06:00,16,1.2,1.4,466230.172,4312045.18,2470.929,-105.389751,38.95671271,2456.937,147.831,,NAD83(2011) / UTM zone 13N + NAVD88(GEOID18) height,7,7,6,6,0,4312190.170000001,466252.66,2452.829,POINT Z (466252.66 4312190.170000001 2452.829)
300,300,6,,466251.16,4312190.488,2454.91,,-105.3895159,38.95802292,2440.919,Global,0.011,0.016,0.013,0.019,2.134,m,FIX,2024-07-22 16:29:41.6 UTC-06:00,2024-07-22 16:29:44.6 UTC-06:00,16,1.2,1.4,466230.172,4312045.18,2470.929,-105.389751,38.95671271,2456.937,147.577,,NAD83(2011) / UTM zone 13N + NAVD88(GEOID18) height,7,7,6,6,0,4312189.906,466252.82499999995,2452.912,POINT Z (466252.82499999995 4312189.906 2452.912)
301,301,7,,466251.205,4312190.558,2454.932,,-105.3895154,38.95802355,2440.941,Global,0.012,0.013,0.012,0.017,2.134,m,FIX,2024-07-22 16:29:50.2 UTC-06:00,2024-07-22 16:29:53.2 UTC-06:00,16,1.3,1.5,466230.172,4312045.18,2470.929,-105.389751,38.95671271,2456.937,147.644,,NAD83(2011) / UTM zone 13N + NAVD88(GEOID18) height,7,7,6,6,0,4312189.976000001,466252.87,2452.9339999999997,POINT Z (466252.87 4312189.976000001 2452.9339999999997)
302,302,8,,466251.174,4312190.557,2454.928,,-105.3895157,38.95802354,2440.938,Global,0.011,0.01,0.011,0.015,2.134,m,FIX,2024-07-22 16:29:55.4 UTC-06:00,2024-07-22 16:29:58.4 UTC-06:00,16,1.3,1.5,466230.172,4312045.18,2470.929,-105.389751,38.95671271,2456.937,147.65,,NAD83(2011) / UTM zone 13N + NAVD88(GEOID18) height,7,7,6,6,0,4312189.975000001,466252.839,2452.93,POINT Z (466252.839 4312189.975000001 2452.93)
303,303,9,,466251.053,4312190.663,2454.87,,-105.3895171,38.9580245,2440.879,Global,0.011,0.012,0.01,0.017,2.134,m,FIX,2024-07-22 16:30:42.8 UTC-06:00,2024-07-22 16:30:45.8 UTC-06:00,16,1.1,1.3,466230.172,4312045.18,2470.929,-105.389751,38.95671271,2456.937,147.731,,NAD83(2011) / UTM zone 13N + NAVD88(GEOID18) height,7,7,5,7,0,4312190.081,466252.718,2452.872,POINT Z (466252.718 4312190.081 2452.872)
304,304,10,,466250.979,4312190.775,2454.801,,-105.389518,38.9580255,2440.81,Global,0.011,0.011,0.01,0.015,2.134,m,FIX,2024-07-22 16:30:53.0 UTC-06:00,2024-07-22 16:30:56.0 UTC-06:00,16,1.1,1.3,466230.172,4312045.18,2470.929,-105.389751,38.95671271,2456.937,147.849,,NAD83(2011) / UTM zone 13N + NAVD88(GEOID18) height,7,7,5,7,0,4312190.193000001,466252.644,2452.803,POINT Z (466252.644 4312190.193000001 2452.803)
305,305,11,,466250.852,4312190.982,2454.783,,-105.3895195,38.95802736,2440.793,Global,0.011,0.014,0.01,0.018,2.134,m,FIX,2024-07-22 16:31:01.4 UTC-06:00,2024-07-22 16:31:04.4 UTC-06:00,16,1.2,1.4,466230.172,4312045.18,2470.929,-105.389751,38.95671271,2456.937,148.032,,NAD83(2011) / UTM zone 13N + NAVD88(GEOID18) height,7,7,5,6,0,4312190.4,466252.517,2452.785,POINT Z (466252.517 4312190.4 2452.785)
306,306,12,,466250.699,4312191.099,2454.77,,-105.3895212,38.95802841,2440.779,Global,0.012,0.011,0.011,0.017,2.134,m,FIX,2024-07-22 16:31:09.0 UTC-06:00,2024-07-22 16:31:12.0 UTC-06:00,16,1.2,1.4,466230.172,4312045.18,2470.929,-105.389751,38.95671271,2456.937,148.146,,NAD83(2011) / UTM zone 13N + NAVD88(GEOID18) height,7,7,5,6,0,4312190.517000001,466252.364,2452.772,POINT Z (466252.364 4312190.517000001 2452.772)
307,307,13,,466250.599,4312191.284,2454.765,,-105.3895224,38.95803008,2440.774,Global,0.012,0.014,0.01,0.018,2.134,m,FIX,2024-07-22 16:31:15.4 UTC-06:00,2024-07-22 16:31:18.4 UTC-06:00,16,1.2,1.4,466230.172,4312045.18,2470.929,-105.389751,38.95671271,2456.937,148.293,,NAD83(2011) / UTM zone 13N + NAVD88(GEOID18) height,7,7,5,6,0,4312190.7020000005,466252.26399999997,2452.767,POINT Z (466252.26399999997 4312190.7020000005 2452.767)
308,308,14,,466250.484,4312191.439,2454.72,,-105.3895238,38.95803146,2440.729,Global,0.046,0.017,0.011,0.049,2.134,m,FIX,2024-07-22 16:31:23.0 UTC-06:00,2024-07-22 16:31:26.0 UTC-06:00,16,1.2,1.4,466230.172,4312045.18,2470.929,-105.389751,38.95671271,2456.937,148.428,,NAD83(2011) / UTM zone 13N + NAVD88(GEOID18) height,7,7,6,6,0,4312190.857000001,466252.149,2452.7219999999998,POINT Z (466252.149 4312190.857000001 2452.7219999999998)
309,309,15,,466250.259,4312191.558,2454.671,,-105.3895264,38.95803253,2440.681,Global,0.012,0.01,0.014,0.016,2.134,m,FIX,2024-07-22 16:31:35.4 UTC-06:00,2024-07-22 16:31:38.4 UTC-06:00,16,1.2,1.4,466230.172,4312045.18,2470.929,-105.389751,38.95671271,2456.937,148.54,,NAD83(2011) / UTM zone 13N + NAVD88(GEOID18) height,7,7,5,6,0,4312190.976000001,466251.924,2452.673,POINT Z (466251.924 4312190.976000001 2452.673)
310,310,16,,466250.123,4312191.699,2454.604,,-105.3895279,38.95803379,2440.614,Global,0.011,0.013,0.011,0.017,2.134,m,FIX,2024-07-22 16:31:51.0 UTC-06:00,2024-07-22 16:31:54.0 UTC-06:00,16,1.2,1.4,466230.172,4312045.18,2470.929,-105.389751,38.95671271,2456.937,148.645,,NAD83(2011) / UTM zone 13N + NAVD88(GEOID18) height,7,7,5,6,0,4312191.117000001,466251.788,2452.6059999999998,POINT Z (466251.788 4312191.117000001 2452.6059999999998)
311,311,17,,466249.99,4312191.788,2454.596,,-105.3895295,38.95803459,2440.605,Global,0.01,0.011,0.011,0.015,2.134,m,FIX,2024-07-22 16:31:57.8 UTC-06:00,2024-07-22 16:32:00.8 UTC-06:00,16,1.2,1.4,466230.172,4312045.18,2470.929,-105.389751,38.95671271,2456.937,148.732,,NAD83(2011) / UTM zone 13N + NAVD88(GEOID18) height,7,7,5,6,0,4312191.206,466251.65499999997,2452.598,POINT Z (466251.65499999997 4312191.206 2452.598)
312,312,18,,466249.872,4312191.941,2454.579,,-105.3895308,38.95803597,2440.588,Global,0.018,0.028,0.011,0.034,2.134,m,FIX,2024-07-22 16:32:18.8 UTC-06:00,2024-07-22 16:32:21.8 UTC-06:00,16,1.2,1.4,466230.172,4312045.18,2470.929,-105.389751,38.95671271,2456.937,148.827,,NAD83(2011) / UTM zone 13N + NAVD88(GEOID18) height,7,7,6,6,0,4312191.359,466251.53699999995,2452.581,POINT Z (466251.53699999995 4312191.359 2452.581)
313,313,19,,466249.871,4312191.92,2454.479,,-105.3895309,38.95803578,2440.488,Global,0.012,0.012,0.011,0.017,2.134,m,FIX,2024-07-22 16:32:31.0 UTC-06:00,2024-07-22 16:32:34.0 UTC-06:00,16,1.2,1.4,466230.172,4312045.18,2470.929,-105.389751,38.95671271,2456.937,148.861,,NAD83(2011) / UTM zone 13N + NAVD88(GEOID18) height,7,7,5,6,0,4312191.338,466251.53599999996,2452.4809999999998,POINT Z (466251.53599999996 4312191.338 2452.4809999999998)
314,314,20,,466249.775,4312192.15,2454.42,,-105.389532,38.95803785,2440.43,Global,0.041,0.024,0.015,0.048,2.134,m,FIX,2024-07-22 16:32:44.0 UTC-06:00,2024-07-22 16:32:47.0 UTC-06:00,16,1.2,1.4,466230.172,4312045.18,2470.929,-105.389751,38.95671271,2456.937,149.057,,NAD83(2011) / UTM zone 13N + NAVD88(GEOID18) height,7,7,6,6,0,4312191.568000001,466251.44,2452.422,POINT Z (466251.44 4312191.568000001 2452.422)
315,315,21,,466249.61,4312192.282,2454.246,,-105.3895339,38.95803903,2440.255,Global,0.013,0.011,0.01,0.017,2.134,m,FIX,2024-07-22 16:32:53.0 UTC-06:00,2024-07-22 16:32:56.0 UTC-06:00,16,1.2,1.4,466230.172,4312045.18,2470.929,-105.389751,38.95671271,2456.937,149.209,,NAD83(2011) / UTM zone 13N + NAVD88(GEOID18) height,7,7,6,6,0,4312191.7,466251.27499999997,2452.248,POINT Z (466251.27499999997 4312191.7 2452.248)
316,316,22,,466249.481,4312192.477,2454.23,,-105.3895354,38.95804078,2440.239,Global,0.011,0.01,0.015,0.015,2.134,m,FIX,2024-07-22 16:33:00.0 UTC-06:00,2024-07-22 16:33:03.0 UTC-06:00,16,1.2,1.4,466230.172,4312045.18,2470.929,-105.389751,38.95671271,2456.937,149.383,,NAD83(2011) / UTM zone 13N + NAVD88(GEOID18) height,7,7,6,6,0,4312191.8950000005,466251.146,2452.232,POINT Z (466251.146 4312191.8950000005 2452.232)
317,317,23,,466249.351,4312192.588,2454.243,,-105.3895369,38.95804177,2440.253,Global,0.022,0.016,0.011,0.027,2.134,m,FIX,2024-07-22 16:33:06.8 UTC-06:00,2024-07-22 16:33:09.8 UTC-06:00,16,1.2,1.4,466230.172,4312045.18,2470.929,-105.389751,38.95671271,2456.937,149.473,,NAD83(2011) / UTM zone 13N + NAVD88(GEOID18) height,7,7,6,6,0,4312192.006000001,466251.016,2452.245,POINT Z (466251.016 4312192.006000001 2452.245)
318,318,24,,466249.25,4312192.785,2454.226,,-105.3895381,38.95804355,2440.235,Global,0.019,0.01,0.013,0.022,2.134,m,FIX,2024-07-22 16:33:14.0 UTC-06:00,2024-07-22 16:33:17.0 UTC-06:00,16,1.1,1.3,466230.172,4312045.18,2470.929,-105.389751,38.95671271,2456.937,149.655,,NAD83(2011) / UTM zone 13N + NAVD88(GEOID18) height,7,6,6,7,0,4312192.203000001,466250.915,2452.228,POINT Z (466250.915 4312192.203000001 2452.228)
319,319,25,,466249.145,4312192.935,2454.216,,-105.3895393,38.9580449,2440.225,Global,0.012,0.011,0.01,0.017,2.134,m,FIX,2024-07-22 16:33:20.4 UTC-06:00,2024-07-22 16:33:23.4 UTC-06:00,16,1.2,1.4,466230.172,4312045.18,2470.929,-105.389751,38.95671271,2456.937,149.788,,NAD83(2011) / UTM zone 13N + NAVD88(GEOID18) height,7,6,6,7,0,4312192.353,466250.81,2452.218,POINT Z (466250.81 4312192.353 2452.218)
320,320,26,,466248.931,4312193.049,2454.242,,-105.3895418,38.95804592,2440.251,Global,0.011,0.011,0.011,0.015,2.134,m,FIX,2024-07-22 16:33:34.4 UTC-06:00,2024-07-22 16:33:37.4 UTC-06:00,16,1.2,1.4,466230.172,4312045.18,2470.929,-105.389751,38.95671271,2456.937,149.876,,NAD83(2011) / UTM zone 13N + NAVD88(GEOID18) height,7,6,6,6,0,4312192.467,466250.59599999996,2452.244,POINT Z (466250.59599999996 4312192.467 2452.244)
321,321,27,,466248.859,4312193.246,2454.245,,-105.3895426,38.95804768,2440.255,Global,0.019,0.017,0.011,0.025,2.134,m,FIX,2024-07-22 16:33:41.8 UTC-06:00,2024-07-22 16:33:44.8 UTC-06:00,16,1.2,1.4,466230.172,4312045.18,2470.929,-105.389751,38.95671271,2456.937,150.062,,NAD83(2011) / UTM zone 13N + NAVD88(GEOID18) height,7,6,5,6,0,4312192.664000001,466250.524,2452.247,POINT Z (466250.524 4312192.664000001 2452.247)
322,322,28,,466248.649,4312193.333,2454.235,,-105.389545,38.95804846,2440.244,Global,0.012,0.014,0.01,0.019,2.134,m,FIX,2024-07-22 16:33:50.2 UTC-06:00,2024-07-22 16:33:53.2 UTC-06:00,16,1.2,1.4,466230.172,4312045.18,2470.929,-105.389751,38.95671271,2456.937,150.112,,NAD83(2011) / UTM zone 13N + NAVD88(GEOID18) height,7,6,6,6,0,4312192.751,466250.31399999995,2452.237,POINT Z (466250.31399999995 4312192.751 2452.237)
323,323,29,,466248.537,4312193.493,2454.144,,-105.3895463,38.9580499,2440.154,Global,0.011,0.011,0.01,0.016,2.134,m,FIX,2024-07-22 16:33:59.6 UTC-06:00,2024-07-22 16:34:02.6 UTC-06:00,16,1.2,1.4,466230.172,4312045.18,2470.929,-105.389751,38.95671271,2456.937,150.281,,NAD83(2011) / UTM zone 13N + NAVD88(GEOID18) height,7,6,5,7,0,4312192.911,466250.202,2452.1459999999997,POINT Z (466250.202 4312192.911 2452.1459999999997)
324,324,30,,466248.436,4312193.633,2454.09,,-105.3895475,38.95805116,2440.099,Global,0.01,0.01,0.01,0.015,2.134,m,FIX,2024-07-22 16:34:17.8 UTC-06:00,2024-07-22 16:34:20.8 UTC-06:00,16,1.1,1.3,466230.172,4312045.18,2470.929,-105.389751,38.95671271,2456.937,150.413,,NAD83(2011) / UTM zone 13N + NAVD88(GEOID18) height,7,7,5,7,0,4312193.051000001,466250.10099999997,2452.092,POINT Z (466250.10099999997 4312193.051000001 2452.092)
325,325,31,,466248.248,4312193.746,2454.077,,-105.3895497,38.95805216,2440.087,Global,0.016,0.017,0.01,0.023,2.134,m,FIX,2024-07-22 16:34:24.2 UTC-06:00,2024-07-22 16:34:27.2 UTC-06:00,16,1.1,1.3,466230.172,4312045.18,2470.929,-105.389751,38.95671271,2456.937,150.492,,NAD83(2011) / UTM zone 13N + NAVD88(GEOID18) height,7,7,5,7,0,4312193.164000001,466249.913,2452.079,POINT Z (466249.913 4312193.164000001 2452.079)
326,326,32,,466248.104,4312193.872,2454.072,,-105.3895513,38.9580533,2440.081,Global,0.013,0.011,0.012,0.017,2.134,m,FIX,2024-07-22 16:34:31.6 UTC-06:00,2024-07-22 16:34:34.6 UTC-06:00,16,1.2,1.4,466230.172,4312045.18,2470.929,-105.389751,38.95671271,2456.937,150.617,,NAD83(2011) / UTM zone 13N + NAVD88(GEOID18) height,7,7,5,7,0,4312193.290000001,466249.769,2452.074,POINT Z (466249.769 4312193.290000001 2452.074)
327,327,33,,466248.001,4312194.025,2454.1,,-105.3895525,38.95805467,2440.109,Global,0.012,0.012,0.011,0.017,2.134,m,FIX,2024-07-22 16:34:37.2 UTC-06:00,2024-07-22 16:34:40.2 UTC-06:00,16,1.2,1.4,466230.172,4312045.18,2470.929,-105.389751,38.95671271,2456.937,150.75,,NAD83(2011) / UTM zone 13N + NAVD88(GEOID18) height,7,6,5,6,0,4312193.443000001,466249.66599999997,2452.102,POINT Z (466249.66599999997 4312193.443000001 2452.102)
328,328,34,,466247.874,4312194.191,2454.077,,-105.389554,38.95805617,2440.086,Global,0.02,0.017,0.01,0.026,2.134,m,FIX,2024-07-22 16:34:44.0 UTC-06:00,2024-07-22 16:34:47.0 UTC-06:00,16,1.2,1.4,466230.172,4312045.18,2470.929,-105.389751,38.95671271,2456.937,150.865,,NAD83(2011) / UTM zone 13N + NAVD88(GEOID18) height,7,6,5,6,0,4312193.609,466249.539,2452.079,POINT Z (466249.539 4312193.609 2452.079)
329,329,35,,466247.74,4312194.38,2454.08,,-105.3895556,38.95805786,2440.09,Global,0.01,0.011,0.01,0.015,2.134,m,FIX,2024-07-22 16:34:58.6 UTC-06:00,2024-07-22 16:35:01.6 UTC-06:00,16,1.2,1.4,466230.172,4312045.18,2470.929,-105.389751,38.95671271,2456.937,151.07,,NAD83(2011) / UTM zone 13N + NAVD88(GEOID18) height,7,6,6,6,0,4312193.798,466249.40499999997,2452.082,POINT Z (466249.40499999997 4312193.798 2452.082)
330,330,36,,466247.636,4312194.562,2454.085,,-105.3895568,38.9580595,2440.094,Global,0.011,0.015,0.01,0.018,2.134,m,FIX,2024-07-22 16:35:05.2 UTC-06:00,2024-07-22 16:35:08.2 UTC-06:00,16,1.2,1.4,466230.172,4312045.18,2470.929,-105.389751,38.95671271,2456.937,151.228,,NAD83(2011) / UTM zone 13N + NAVD88(GEOID18) height,7,7,6,6,0,4312193.98,466249.301,2452.087,POINT Z (466249.301 4312193.98 2452.087)
331,331,37,,466247.528,4312194.735,2454.093,,-105.389558,38.95806105,2440.103,Global,0.01,0.013,0.011,0.016,2.134,m,FIX,2024-07-22 16:35:12.4 UTC-06:00,2024-07-22 16:35:15.4 UTC-06:00,16,1.2,1.4,466230.172,4312045.18,2470.929,-105.389751,38.95671271,2456.937,151.406,,NAD83(2011) / UTM zone 13N + NAVD88(GEOID18) height,7,6,6,6,0,4312194.153000001,466249.19299999997,2452.095,POINT Z (466249.19299999997 4312194.153000001 2452.095)
332,332,38,,466247.379,4312194.866,2454.071,,-105.3895598,38.95806222,2440.081,Global,0.014,0.017,0.011,0.021,2.134,m,FIX,2024-07-22 16:35:19.4 UTC-06:00,2024-07-22 16:35:22.4 UTC-06:00,16,1.2,1.4,466230.172,4312045.18,2470.929,-105.389751,38.95671271,2456.937,151.494,,NAD83(2011) / UTM zone 13N + NAVD88(GEOID18) height,7,6,6,6,0,4312194.284000001,466249.044,2452.073,POINT Z (466249.044 4312194.284000001 2452.073)
333,333,39,,466247.259,4312195.01,2454.061,,-105.3895612,38.95806352,2440.07,Global,0.011,0.013,0.011,0.017,2.134,m,FIX,2024-07-22 16:35:25.8 UTC-06:00,2024-07-22 16:35:28.8 UTC-06:00,16,1.2,1.4,466230.172,4312045.18,2470.929,-105.389751,38.95671271,2456.937,151.642,,NAD83(2011) / UTM zone 13N + NAVD88(GEOID18) height,7,6,6,6,0,4312194.428,466248.924,2452.063,POINT Z (466248.924 4312194.428 2452.063)
334,334,40,,466247.144,4312195.141,2454.058,,-105.3895625,38.9580647,2440.067,Global,0.013,0.03,0.011,0.033,2.134,m,FIX,2024-07-22 16:35:33.0 UTC-06:00,2024-07-22 16:35:36.0 UTC-06:00,16,1.2,1.4,466230.172,4312045.18,2470.929,-105.389751,38.95671271,2456.937,151.778,,NAD83(2011) / UTM zone 13N + NAVD88(GEOID18) height,7,6,6,6,0,4312194.559,466248.80899999995,2452.06,POINT Z (466248.80899999995 4312194.559 2452.06)
335,335,41,,466247.028,4312195.33,2454.07,,-105.3895638,38.9580664,2440.079,Global,0.014,0.019,0.013,0.024,2.134,m,FIX,2024-07-22 16:35:39.0 UTC-06:00,2024-07-22 16:35:42.0 UTC-06:00,16,1.2,1.4,466230.172,4312045.18,2470.929,-105.389751,38.95671271,2456.937,151.91,,NAD83(2011) / UTM zone 13N + NAVD88(GEOID18) height,7,6,6,6,0,4312194.748000001,466248.69299999997,2452.072,POINT Z (466248.69299999997 4312194.748000001 2452.072)
336,336,42,,466246.881,4312195.489,2454.111,,-105.3895655,38.95806782,2440.12,Global,0.011,0.011,0.011,0.016,2.134,m,FIX,2024-07-22 16:35:45.6 UTC-06:00,2024-07-22 16:35:48.6 UTC-06:00,16,1.2,1.4,466230.172,4312045.18,2470.929,-105.389751,38.95671271,2456.937,152.058,,NAD83(2011) / UTM zone 13N + NAVD88(GEOID18) height,7,6,6,6,0,4312194.907000001,466248.546,2452.113,POINT Z (466248.546 4312194.907000001 2452.113)
337,337,43,,466246.755,4312195.684,2454.084,,-105.389567,38.95806957,2440.094,Global,0.014,0.011,0.01,0.018,2.134,m,FIX,2024-07-22 16:35:53.4 UTC-06:00,2024-07-22 16:35:56.4 UTC-06:00,16,1.2,1.4,466230.172,4312045.18,2470.929,-105.389751,38.95671271,2456.937,152.25,,NAD83(2011) / UTM zone 13N + NAVD88(GEOID18) height,7,6,6,6,0,4312195.102000001,466248.42,2452.086,POINT Z (466248.42 4312195.102000001 2452.086)
338,338,44,,466246.652,4312195.811,2454.078,,-105.3895682,38.95807072,2440.087,Global,0.015,0.012,0.01,0.019,2.134,m,FIX,2024-07-22 16:36:00.6 UTC-06:00,2024-07-22 16:36:03.6 UTC-06:00,16,1.2,1.4,466230.172,4312045.18,2470.929,-105.389751,38.95671271,2456.937,152.372,,NAD83(2011) / UTM zone 13N + NAVD88(GEOID18) height,7,7,5,6,0,4312195.229,466248.317,2452.08,POINT Z (466248.317 4312195.229 2452.08)
339,339,45,,466246.562,4312196.019,2453.991,,-105.3895692,38.95807258,2440.001,Global,0.012,0.011,0.014,0.016,2.134,m,FIX,2024-07-22 16:36:12.8 UTC-06:00,2024-07-22 16:36:15.8 UTC-06:00,16,1.2,1.4,466230.172,4312045.18,2470.929,-105.389751,38.95671271,2456.937,152.567,,NAD83(2011) / UTM zone 13N + NAVD88(GEOID18) height,7,7,5,7,0,4312195.437000001,466248.22699999996,2451.993,POINT Z (466248.22699999996 4312195.437000001 2451.993)
340,340,46,,466246.389,4312196.109,2453.94,,-105.3895712,38.95807339,2439.95,Global,0.013,0.014,0.01,0.019,2.134,m,FIX,2024-07-22 16:36:21.2 UTC-06:00,2024-07-22 16:36:24.2 UTC-06:00,16,1.2,1.5,466230.172,4312045.18,2470.929,-105.389751,38.95671271,2456.937,152.658,,NAD83(2011) / UTM zone 13N + NAVD88(GEOID18) height,7,7,5,7,0,4312195.527000001,466248.054,2451.942,POINT Z (466248.054 4312195.527000001 2451.942)
341,341,47,,466246.262,4312196.242,2453.892,,-105.3895727,38.95807459,2439.901,Global,0.011,0.011,0.011,0.015,2.134,m,FIX,2024-07-22 16:36:54.8 UTC-06:00,2024-07-22 16:36:57.8 UTC-06:00,16,1.3,1.5,466230.172,4312045.18,2470.929,-105.389751,38.95671271,2456.937,152.765,,NAD83(2011) / UTM zone 13N + NAVD88(GEOID18) height,7,6,5,7,0,4312195.66,466247.92699999997,2451.894,POINT Z (466247.92699999997 4312195.66 2451.894)
342,342,48,,466246.079,4312196.359,2453.897,,-105.3895748,38.95807563,2439.906,Global,0.011,0.012,0.013,0.017,2.134,m,FIX,2024-07-22 16:37:01.0 UTC-06:00,2024-07-22 16:37:04.0 UTC-06:00,16,1.3,1.5,466230.172,4312045.18,2470.929,-105.389751,38.95671271,2456.937,152.855,,NAD83(2011) / UTM zone 13N + NAVD88(GEOID18) height,7,7,5,7,0,4312195.777000001,466247.744,2451.899,POINT Z (466247.744 4312195.777000001 2451.899)
343,343,49,,466245.958,4312196.518,2453.926,,-105.3895762,38.95807706,2439.936,Global,0.011,0.01,0.011,0.015,2.134,m,FIX,2024-07-22 16:37:15.4 UTC-06:00,2024-07-22 16:37:18.4 UTC-06:00,16,1.2,1.4,466230.172,4312045.18,2470.929,-105.389751,38.95671271,2456.937,153.005,,NAD83(2011) / UTM zone 13N + NAVD88(GEOID18) height,7,7,5,7,0,4312195.936000001,466247.62299999996,2451.928,POINT Z (466247.62299999996 4312195.936000001 2451.928)
344,344,50,,466245.82,4312196.67,2453.824,,-105.3895778,38.95807842,2439.834,Global,0.013,0.014,0.013,0.02,2.134,m,FIX,2024-07-22 16:37:22.6 UTC-06:00,2024-07-22 16:37:25.6 UTC-06:00,16,1.2,1.4,466230.172,4312045.18,2470.929,-105.389751,38.95671271,2456.937,153.141,,NAD83(2011) / UTM zone 13N + NAVD88(GEOID18) height,7,7,5,7,0,4312196.088,466247.485,2451.826,POINT Z (466247.485 4312196.088 2451.826)
345,345,51,,466245.675,4312196.829,2453.806,,-105.3895795,38.95807985,2439.816,Global,0.016,0.012,0.01,0.02,2.134,m,FIX,2024-07-22 16:37:28.6 UTC-06:00,2024-07-22 16:37:31.6 UTC-06:00,16,1.2,1.4,466230.172,4312045.18,2470.929,-105.389751,38.95671271,2456.937,153.297,,NAD83(2011) / UTM zone 13N + NAVD88(GEOID18) height,7,7,6,7,0,4312196.247,466247.33999999997,2451.808,POINT Z (466247.33999999997 4312196.247 2451.808)
346,346,52,,466245.541,4312196.969,2453.779,,-105.3895811,38.9580811,2439.788,Global,0.015,0.012,0.01,0.019,2.134,m,FIX,2024-07-22 16:37:34.8 UTC-06:00,2024-07-22 16:37:37.8 UTC-06:00,16,1.2,1.4,466230.172,4312045.18,2470.929,-105.389751,38.95671271,2456.937,153.426,,NAD83(2011) / UTM zone 13N + NAVD88(GEOID18) height,7,6,6,7,0,4312196.387,466247.206,2451.781,POINT Z (466247.206 4312196.387 2451.781)
347,347,53,,466245.431,4312197.121,2453.764,,-105.3895824,38.95808247,2439.773,Global,0.013,0.013,0.01,0.018,2.134,m,FIX,2024-07-22 16:37:41.0 UTC-06:00,2024-07-22 16:37:44.0 UTC-06:00,16,1.2,1.4,466230.172,4312045.18,2470.929,-105.389751,38.95671271,2456.937,153.574,,NAD83(2011) / UTM zone 13N + NAVD88(GEOID18) height,7,6,5,7,0,4312196.539000001,466247.09599999996,2451.766,POINT Z (466247.09599999996 4312196.539000001 2451.766)
348,348,54,,466245.283,4312197.29,2453.721,,-105.3895841,38.95808399,2439.731,Global,0.017,0.012,0.01,0.021,2.134,m,FIX,2024-07-22 16:37:47.6 UTC-06:00,2024-07-22 16:37:50.6 UTC-06:00,16,1.2,1.4,466230.172,4312045.18,2470.929,-105.389751,38.95671271,2456.937,153.717,,NAD83(2011) / UTM zone 13N + NAVD88(GEOID18) height,7,6,5,6,0,4312196.708000001,466246.948,2451.723,POINT Z (466246.948 4312196.708000001 2451.723)
349,349,55,,466245.107,4312197.382,2453.694,,-105.3895861,38.95808481,2439.704,Global,0.011,0.011,0.011,0.016,2.134,m,FIX,2024-07-22 16:38:20.0 UTC-06:00,2024-07-22 16:38:23.0 UTC-06:00,16,1.2,1.4,466230.172,4312045.18,2470.929,-105.389751,38.95671271,2456.937,153.786,,NAD83(2011) / UTM zone 13N + NAVD88(GEOID18) height,7,6,6,6,0,4312196.800000001,466246.772,2451.696,POINT Z (466246.772 4312196.800000001 2451.696)
350,350,56,,466244.954,4312197.515,2453.669,,-105.3895879,38.95808601,2439.678,Global,0.019,0.013,0.01,0.023,2.134,m,FIX,2024-07-22 16:38:25.4 UTC-06:00,2024-07-22 16:38:28.4 UTC-06:00,16,1.2,1.4,466230.172,4312045.18,2470.929,-105.389751,38.95671271,2456.937,153.909,,NAD83(2011) / UTM zone 13N + NAVD88(GEOID18) height,7,6,6,6,0,4312196.933,466246.619,2451.671,POINT Z (466246.619 4312196.933 2451.671)
351,351,57,,466244.822,4312197.646,2453.67,,-105.3895894,38.95808718,2439.68,Global,0.012,0.017,0.01,0.021,2.134,m,FIX,2024-07-22 16:38:32.4 UTC-06:00,2024-07-22 16:38:35.4 UTC-06:00,16,1.2,1.4,466230.172,4312045.18,2470.929,-105.389751,38.95671271,2456.937,154.051,,NAD83(2011) / UTM zone 13N + NAVD88(GEOID18) height,7,6,6,6,0,4312197.064,466246.48699999996,2451.672,POINT Z (466246.48699999996 4312197.064 2451.672)
352,352,58,,466244.703,4312197.815,2453.654,,-105.3895908,38.9580887,2439.664,Global,0.013,0.011,0.012,0.017,2.134,m,FIX,2024-07-22 16:38:40.8 UTC-06:00,2024-07-22 16:38:43.8 UTC-06:00,16,1.2,1.4,466230.172,4312045.18,2470.929,-105.389751,38.95671271,2456.937,154.187,,NAD83(2011) / UTM zone 13N + NAVD88(GEOID18) height,7,6,6,7,0,4312197.233000001,466246.36799999996,2451.656,POINT Z (466246.36799999996 4312197.233000001 2451.656)
353,353,59,,466244.586,4312197.976,2453.703,,-105.3895921,38.95809015,2439.713,Global,0.011,0.011,0.014,0.016,2.134,m,FIX,2024-07-22 16:38:48.2 UTC-06:00,2024-07-22 16:38:51.2 UTC-06:00,16,1.2,1.4,466230.172,4312045.18,2470.929,-105.389751,38.95671271,2456.937,154.341,,NAD83(2011) / UTM zone 13N + NAVD88(GEOID18) height,7,7,6,7,0,4312197.394,466246.251,2451.705,POINT Z (466246.251 4312197.394 2451.705)
354,354,60,,466244.447,4312198.125,2453.698,,-105.3895938,38.95809149,2439.707,Global,0.014,0.015,0.01,0.02,2.134,m,FIX,2024-07-22 16:38:54.6 UTC-06:00,2024-07-22 16:38:57.6 UTC-06:00,16,1.2,1.4,466230.172,4312045.18,2470.929,-105.389751,38.95671271,2456.937,154.486,,NAD83(2011) / UTM zone 13N + NAVD88(GEOID18) height,7,7,6,7,0,4312197.5430000005,466246.11199999996,2451.7,POINT Z (466246.11199999996 4312197.5430000005 2451.7)
355,355,61,,466244.34,4312198.303,2453.65,,-105.389595,38.95809308,2439.66,Global,0.011,0.016,0.01,0.02,2.134,m,FIX,2024-07-22 16:39:01.4 UTC-06:00,2024-07-22 16:39:04.4 UTC-06:00,16,1.2,1.4,466230.172,4312045.18,2470.929,-105.389751,38.95671271,2456.937,154.656,,NAD83(2011) / UTM zone 13N + NAVD88(GEOID18) height,7,7,6,7,0,4312197.721000001,466246.005,2451.652,POINT Z (466246.005 4312197.721000001 2451.652)
356,356,62,,466244.144,4312198.367,2453.623,,-105.3895973,38.95809365,2439.632,Global,0.011,0.011,0.011,0.015,2.134,m,FIX,2024-07-22 16:39:29.4 UTC-06:00,2024-07-22 16:39:32.4 UTC-06:00,16,1.2,1.4,466230.172,4312045.18,2470.929,-105.389751,38.95671271,2456.937,154.694,,NAD83(2011) / UTM zone 13N + NAVD88(GEOID18) height,7,6,6,6,0,4312197.785,466245.80899999995,2451.625,POINT Z (466245.80899999995 4312197.785 2451.625)
357,357,63,,466244.031,4312198.541,2453.583,,-105.3895986,38.95809521,2439.593,Global,0.013,0.011,0.01,0.017,2.134,m,FIX,2024-07-22 16:39:38.4 UTC-06:00,2024-07-22 16:39:41.4 UTC-06:00,16,1.2,1.4,466230.172,4312045.18,2470.929,-105.389751,38.95671271,2456.937,154.856,,NAD83(2011) / UTM zone 13N + NAVD88(GEOID18) height,7,6,6,6,0,4312197.959000001,466245.696,2451.585,POINT Z (466245.696 4312197.959000001 2451.585)
358,358,64,,466243.878,4312198.688,2453.535,,-105.3896004,38.95809654,2439.545,Global,0.013,0.011,0.01,0.017,2.134,m,FIX,2024-07-22 16:39:46.2 UTC-06:00,2024-07-22 16:39:49.2 UTC-06:00,16,1.2,1.4,466230.172,4312045.18,2470.929,-105.389751,38.95671271,2456.937,154.987,,NAD83(2011) / UTM zone 13N + NAVD88(GEOID18) height,7,6,6,6,0,4312198.106000001,466245.543,2451.537,POINT Z (466245.543 4312198.106000001 2451.537)
359,359,65,,466243.804,4312198.9,2453.524,,-105.3896012,38.95809844,2439.534,Global,0.012,0.017,0.01,0.021,2.134,m,FIX,2024-07-22 16:39:54.0 UTC-06:00,2024-07-22 16:39:57.0 UTC-06:00,16,1.2,1.4,466230.172,4312045.18,2470.929,-105.389751,38.95671271,2456.937,155.209,,NAD83(2011) / UTM zone 13N + NAVD88(GEOID18) height,7,7,6,6,0,4312198.318000001,466245.469,2451.526,POINT Z (466245.469 4312198.318000001 2451.526)
360,360,66,,466243.637,4312199.008,2453.491,,-105.3896032,38.9580994,2439.501,Global,0.012,0.012,0.011,0.017,2.134,m,FIX,2024-07-22 16:40:05.0 UTC-06:00,2024-07-22 16:40:08.0 UTC-06:00,16,1.2,1.4,466230.172,4312045.18,2470.929,-105.389751,38.95671271,2456.937,155.297,,NAD83(2011) / UTM zone 13N + NAVD88(GEOID18) height,7,7,6,6,0,4312198.426000001,466245.30199999997,2451.493,POINT Z (466245.30199999997 4312198.426000001 2451.493)
361,361,67,,466243.547,4312199.205,2453.506,,-105.3896042,38.95810118,2439.515,Global,0.012,0.014,0.011,0.019,2.134,m,FIX,2024-07-22 16:40:14.0 UTC-06:00,2024-07-22 16:40:17.0 UTC-06:00,16,1.2,1.4,466230.172,4312045.18,2470.929,-105.389751,38.95671271,2456.937,155.456,,NAD83(2011) / UTM zone 13N + NAVD88(GEOID18) height,7,6,6,6,0,4312198.623000001,466245.212,2451.508,POINT Z (466245.212 4312198.623000001 2451.508)
362,362,68,,466243.384,4312199.272,2453.471,,-105.3896061,38.95810178,2439.481,Global,0.016,0.026,0.01,0.03,2.134,m,FIX,2024-07-22 16:40:23.6 UTC-06:00,2024-07-22 16:40:26.6 UTC-06:00,16,1.2,1.4,466230.172,4312045.18,2470.929,-105.389751,38.95671271,2456.937,155.509,,NAD83(2011) / UTM zone 13N + NAVD88(GEOID18) height,7,6,6,6,0,4312198.69,466245.049,2451.473,POINT Z (466245.049 4312198.69 2451.473)
363,363,69,,466243.241,4312199.451,2453.513,,-105.3896077,38.95810339,2439.523,Global,0.014,0.019,0.01,0.024,2.134,m,FIX,2024-07-22 16:40:36.2 UTC-06:00,2024-07-22 16:40:39.2 UTC-06:00,16,1.2,1.4,466230.172,4312045.18,2470.929,-105.389751,38.95671271,2456.937,155.69,,NAD83(2011) / UTM zone 13N + NAVD88(GEOID18) height,7,7,6,6,0,4312198.869000001,466244.90599999996,2451.515,POINT Z (466244.90599999996 4312198.869000001 2451.515)
364,364,70,,466243.113,4312199.608,2453.502,,-105.3896092,38.9581048,2439.511,Global,0.024,0.013,0.011,0.028,2.134,m,FIX,2024-07-22 16:40:47.6 UTC-06:00,2024-07-22 16:40:50.6 UTC-06:00,16,1.2,1.4,466230.172,4312045.18,2470.929,-105.389751,38.95671271,2456.937,155.831,,NAD83(2011) / UTM zone 13N + NAVD88(GEOID18) height,7,7,6,6,0,4312199.026000001,466244.778,2451.504,POINT Z (466244.778 4312199.026000001 2451.504)
365,365,71,,466242.976,4312199.76,2453.51,,-105.3896108,38.95810616,2439.52,Global,0.02,0.012,0.011,0.023,2.134,m,FIX,2024-07-22 16:40:57.8 UTC-06:00,2024-07-22 16:41:00.8 UTC-06:00,16,1.2,1.4,466230.172,4312045.18,2470.929,-105.389751,38.95671271,2456.937,155.981,,NAD83(2011) / UTM zone 13N + NAVD88(GEOID18) height,7,6,6,7,0,4312199.178,466244.641,2451.512,POINT Z (466244.641 4312199.178 2451.512)
366,366,72,,466242.857,4312199.913,2453.522,,-105.3896122,38.95810753,2439.532,Global,0.016,0.012,0.01,0.021,2.134,m,FIX,2024-07-22 16:41:05.2 UTC-06:00,2024-07-22 16:41:08.2 UTC-06:00,16,1.2,1.4,466230.172,4312045.18,2470.929,-105.389751,38.95671271,2456.937,156.114,,NAD83(2011) / UTM zone 13N + NAVD88(GEOID18) height,7,7,6,7,0,4312199.331,466244.522,2451.524,POINT Z (466244.522 4312199.331 2451.524)
367,367,73,,466242.68,4312200.025,2453.551,,-105.3896142,38.95810853,2439.56,Global,0.013,0.012,0.01,0.018,2.134,m,FIX,2024-07-22 16:41:18.0 UTC-06:00,2024-07-22 16:41:21.0 UTC-06:00,16,1.2,1.4,466230.172,4312045.18,2470.929,-105.389751,38.95671271,2456.937,156.231,,NAD83(2011) / UTM zone 13N + NAVD88(GEOID18) height,7,6,6,7,0,4312199.443000001,466244.345,2451.553,POINT Z (466244.345 4312199.443000001 2451.553)
368,368,74,,466242.583,4312200.194,2453.573,,-105.3896154,38.95811006,2439.582,Global,0.012,0.01,0.012,0.016,2.134,m,FIX,2024-07-22 16:41:24.0 UTC-06:00,2024-07-22 16:41:27.0 UTC-06:00,16,1.2,1.4,466230.172,4312045.18,2470.929,-105.389751,38.95671271,2456.937,156.378,,NAD83(2011) / UTM zone 13N + NAVD88(GEOID18) height,7,6,6,7,0,4312199.612000001,466244.24799999996,2451.575,POINT Z (466244.24799999996 4312199.612000001 2451.575)
369,369,75,,466242.444,4312200.356,2453.635,,-105.389617,38.9581115,2439.645,Global,0.014,0.011,0.013,0.017,2.134,m,FIX,2024-07-22 16:41:30.2 UTC-06:00,2024-07-22 16:41:33.2 UTC-06:00,16,1.2,1.4,466230.172,4312045.18,2470.929,-105.389751,38.95671271,2456.937,156.519,,NAD83(2011) / UTM zone 13N + NAVD88(GEOID18) height,7,7,6,7,0,4312199.774,466244.109,2451.637,POINT Z (466244.109 4312199.774 2451.637)
370,370,76,,466242.34,4312200.514,2453.688,,-105.3896182,38.95811293,2439.697,Global,0.011,0.011,0.011,0.016,2.134,m,FIX,2024-07-22 16:41:38.8 UTC-06:00,2024-07-22 16:41:41.8 UTC-06:00,16,1.2,1.4,466230.172,4312045.18,2470.929,-105.389751,38.95671271,2456.937,156.659,,NAD83(2011) / UTM zone 13N + NAVD88(GEOID18) height,6,7,6,6,0,4312199.932000001,466244.005,2451.69,POINT Z (466244.005 4312199.932000001 2451.69)
371,371,77,,466242.157,4312200.625,2453.603,,-105.3896203,38.95811392,2439.612,Global,0.011,0.01,0.011,0.015,2.134,m,FIX,2024-07-22 16:41:46.0 UTC-06:00,2024-07-22 16:41:49.0 UTC-06:00,16,1.2,1.4,466230.172,4312045.18,2470.929,-105.389751,38.95671271,2456.937,156.763,,NAD83(2011) / UTM zone 13N + NAVD88(GEOID18) height,6,6,6,6,0,4312200.0430000005,466243.822,2451.605,POINT Z (466243.822 4312200.0430000005 2451.605)
372,372,78,,466241.989,4312200.735,2453.571,,-105.3896223,38.9581149,2439.581,Global,0.01,0.01,0.011,0.015,2.134,m,FIX,2024-07-22 16:41:54.4 UTC-06:00,2024-07-22 16:41:57.4 UTC-06:00,16,1.2,1.4,466230.172,4312045.18,2470.929,-105.389751,38.95671271,2456.937,156.864,,NAD83(2011) / UTM zone 13N + NAVD88(GEOID18) height,6,6,6,6,0,4312200.153000001,466243.654,2451.573,POINT Z (466243.654 4312200.153000001 2451.573)
373,373,79,,466241.835,4312200.883,2453.56,,-105.389624,38.95811623,2439.569,Global,0.011,0.016,0.01,0.019,2.134,m,FIX,2024-07-22 16:42:01.4 UTC-06:00,2024-07-22 16:42:04.4 UTC-06:00,16,1.2,1.4,466230.172,4312045.18,2470.929,-105.389751,38.95671271,2456.937,157.007,,NAD83(2011) / UTM zone 13N + NAVD88(GEOID18) height,6,6,6,6,0,4312200.301000001,466243.5,2451.562,POINT Z (466243.5 4312200.301000001 2451.562)
374,374,80,,466241.721,4312201.035,2453.543,,-105.3896254,38.9581176,2439.553,Global,0.014,0.01,0.011,0.018,2.134,m,FIX,2024-07-22 16:42:09.0 UTC-06:00,2024-07-22 16:42:12.0 UTC-06:00,16,1.2,1.4,466230.172,4312045.18,2470.929,-105.389751,38.95671271,2456.937,157.139,,NAD83(2011) / UTM zone 13N + NAVD88(GEOID18) height,6,7,6,6,0,4312200.453000001,466243.386,2451.545,POINT Z (466243.386 4312200.453000001 2451.545)
375,375,81,,466241.588,4312201.172,2453.527,,-105.3896269,38.95811883,2439.536,Global,0.015,0.013,0.01,0.02,2.134,m,FIX,2024-07-22 16:42:16.8 UTC-06:00,2024-07-22 16:42:19.8 UTC-06:00,16,1.2,1.4,466230.172,4312045.18,2470.929,-105.389751,38.95671271,2456.937,157.276,,NAD83(2011) / UTM zone 13N + NAVD88(GEOID18) height,6,7,6,6,0,4312200.590000001,466243.25299999997,2451.529,POINT Z (466243.25299999997 4312200.590000001 2451.529)
376,376,82,,466241.489,4312201.348,2453.532,,-105.3896281,38.95812041,2439.541,Global,0.01,0.011,0.011,0.015,2.134,m,FIX,2024-07-22 16:42:23.8 UTC-06:00,2024-07-22 16:42:26.8 UTC-06:00,16,1.2,1.4,466230.172,4312045.18,2470.929,-105.389751,38.95671271,2456.937,157.44,,NAD83(2011) / UTM zone 13N + NAVD88(GEOID18) height,6,7,6,6,0,4312200.766000001,466243.154,2451.534,POINT Z (466243.154 4312200.766000001 2451.534)
377,377,83,,466241.35,4312201.507,2453.511,,-105.3896297,38.95812184,2439.52,Global,0.013,0.012,0.01,0.018,2.134,m,FIX,2024-07-22 16:42:30.6 UTC-06:00,2024-07-22 16:42:33.6 UTC-06:00,16,1.2,1.4,466230.172,4312045.18,2470.929,-105.389751,38.95671271,2456.937,157.579,,NAD83(2011) / UTM zone 13N + NAVD88(GEOID18) height,7,7,6,6,0,4312200.925000001,466243.01499999996,2451.513,POINT Z (466243.01499999996 4312200.925000001 2451.513)
378,378,84,,466241.212,4312201.629,2453.505,,-105.3896313,38.95812293,2439.514,Global,0.011,0.011,0.011,0.016,2.134,m,FIX,2024-07-22 16:42:37.6 UTC-06:00,2024-07-22 16:42:40.6 UTC-06:00,16,1.2,1.4,466230.172,4312045.18,2470.929,-105.389751,38.95671271,2456.937,157.693,,NAD83(2011) / UTM zone 13N + NAVD88(GEOID18) height,7,6,6,6,0,4312201.047,466242.877,2451.507,POINT Z (466242.877 4312201.047 2451.507)
379,379,85,,466241.056,4312201.781,2453.57,,-105.3896331,38.95812429,2439.58,Global,0.015,0.014,0.011,0.021,2.134,m,FIX,2024-07-22 16:42:46.0 UTC-06:00,2024-07-22 16:42:49.0 UTC-06:00,16,1.3,1.5,466230.172,4312045.18,2470.929,-105.389751,38.95671271,2456.937,157.843,,NAD83(2011) / UTM zone 13N + NAVD88(GEOID18) height,7,6,6,6,0,4312201.199000001,466242.72099999996,2451.572,POINT Z (466242.72099999996 4312201.199000001 2451.572)
380,380,86,,466240.917,4312201.928,2453.501,,-105.3896347,38.95812562,2439.511,Global,0.011,0.014,0.012,0.018,2.134,m,FIX,2024-07-22 16:42:52.0 UTC-06:00,2024-07-22 16:42:55.0 UTC-06:00,16,1.3,1.5,466230.172,4312045.18,2470.929,-105.389751,38.95671271,2456.937,157.969,,NAD83(2011) / UTM zone 13N + NAVD88(GEOID18) height,7,6,6,6,0,4312201.346000001,466242.582,2451.503,POINT Z (466242.582 4312201.346000001 2451.503)
381,381,87,,466240.788,4312202.061,2453.514,,-105.3896362,38.95812681,2439.524,Global,0.011,0.011,0.014,0.015,2.134,m,FIX,2024-07-22 16:43:00.2 UTC-06:00,2024-07-22 16:43:03.2 UTC-06:00,16,1.3,1.5,466230.172,4312045.18,2470.929,-105.389751,38.95671271,2456.937,158.097,,NAD83(2011) / UTM zone 13N + NAVD88(GEOID18) height,7,6,6,6,0,4312201.479,466242.453,2451.516,POINT Z (466242.453 4312201.479 2451.516)
382,382,88,,466240.692,4312202.258,2453.505,,-105.3896373,38.95812858,2439.515,Global,0.012,0.012,0.013,0.017,2.134,m,FIX,2024-07-22 16:43:06.4 UTC-06:00,2024-07-22 16:43:09.4 UTC-06:00,16,1.3,1.5,466230.172,4312045.18,2470.929,-105.389751,38.95671271,2456.937,158.275,,NAD83(2011) / UTM zone 13N + NAVD88(GEOID18) height,7,6,6,6,0,4312201.676000001,466242.35699999996,2451.507,POINT Z (466242.35699999996 4312201.676000001 2451.507)
383,383,89,,466240.57,4312202.388,2453.574,,-105.3896387,38.95812974,2439.584,Global,0.011,0.012,0.012,0.016,2.134,m,FIX,2024-07-22 16:43:14.2 UTC-06:00,2024-07-22 16:43:17.2 UTC-06:00,16,1.3,1.5,466230.172,4312045.18,2470.929,-105.389751,38.95671271,2456.937,158.392,,NAD83(2011) / UTM zone 13N + NAVD88(GEOID18) height,7,7,6,6,0,4312201.806000001,466242.235,2451.576,POINT Z (466242.235 4312201.806000001 2451.576)
384,384,90,,466240.423,4312202.528,2453.626,,-105.3896404,38.958131,2439.635,Global,0.011,0.011,0.01,0.015,2.134,m,FIX,2024-07-22 16:43:22.4 UTC-06:00,2024-07-22 16:43:25.4 UTC-06:00,16,1.3,1.5,466230.172,4312045.18,2470.929,-105.389751,38.95671271,2456.937,158.533,,NAD83(2011) / UTM zone 13N + NAVD88(GEOID18) height,7,7,6,6,0,4312201.946,466242.088,2451.628,POINT Z (466242.088 4312201.946 2451.628)
385,385,91,,466240.256,4312202.665,2453.676,,-105.3896423,38.95813223,2439.685,Global,0.011,0.011,0.01,0.015,2.134,m,FIX,2024-07-22 16:43:28.8 UTC-06:00,2024-07-22 16:43:31.8 UTC-06:00,16,1.3,1.5,466230.172,4312045.18,2470.929,-105.389751,38.95671271,2456.937,158.647,,NAD83(2011) / UTM zone 13N + NAVD88(GEOID18) height,7,6,6,6,0,4312202.083000001,466241.921,2451.678,POINT Z (466241.921 4312202.083000001 2451.678)
386,386,92,,466240.134,4312202.836,2453.787,,-105.3896438,38.95813377,2439.796,Global,0.01,0.012,0.011,0.016,2.134,m,FIX,2024-07-22 16:43:36.6 UTC-06:00,2024-07-22 16:43:39.6 UTC-06:00,16,1.3,1.5,466230.172,4312045.18,2470.929,-105.389751,38.95671271,2456.937,158.813,,NAD83(2011) / UTM zone 13N + NAVD88(GEOID18) height,7,7,6,6,0,4312202.254000001,466241.799,2451.7889999999998,POINT Z (466241.799 4312202.254000001 2451.7889999999998)
387,387,93,,466240.018,4312202.979,2453.849,,-105.3896451,38.95813505,2439.858,Global,0.014,0.011,0.012,0.018,2.134,m,FIX,2024-07-22 16:43:43.6 UTC-06:00,2024-07-22 16:43:46.6 UTC-06:00,16,1.3,1.5,466230.172,4312045.18,2470.929,-105.389751,38.95671271,2456.937,158.938,,NAD83(2011) / UTM zone 13N + NAVD88(GEOID18) height,7,7,6,6,0,4312202.397000001,466241.68299999996,2451.851,POINT Z (466241.68299999996 4312202.397000001 2451.851)
388,388,94,,466239.849,4312203.105,2453.807,,-105.3896471,38.95813618,2439.817,Global,0.015,0.021,0.013,0.026,2.134,m,FIX,2024-07-22 16:43:51.0 UTC-06:00,2024-07-22 16:43:54.0 UTC-06:00,16,1.3,1.5,466230.172,4312045.18,2470.929,-105.389751,38.95671271,2456.937,159.035,,NAD83(2011) / UTM zone 13N + NAVD88(GEOID18) height,7,6,6,6,0,4312202.523000001,466241.51399999997,2451.8089999999997,POINT Z (466241.51399999997 4312202.523000001 2451.8089999999997)
389,389,95,,466239.707,4312203.285,2453.742,,-105.3896487,38.9581378,2439.751,Global,0.03,0.023,0.01,0.038,2.134,m,FIX,2024-07-22 16:44:00.6 UTC-06:00,2024-07-22 16:44:03.6 UTC-06:00,16,1.3,1.5,466230.172,4312045.18,2470.929,-105.389751,38.95671271,2456.937,159.256,,NAD83(2011) / UTM zone 13N + NAVD88(GEOID18) height,7,7,6,6,0,4312202.703000001,466241.372,2451.744,POINT Z (466241.372 4312202.703000001 2451.744)
390,390,96,,466239.612,4312203.437,2453.812,,-105.3896498,38.95813916,2439.821,Global,0.011,0.012,0.011,0.016,2.134,m,FIX,2024-07-22 16:44:09.4 UTC-06:00,2024-07-22 16:44:12.4 UTC-06:00,16,1.3,1.5,466230.172,4312045.18,2470.929,-105.389751,38.95671271,2456.937,159.359,,NAD83(2011) / UTM zone 13N + NAVD88(GEOID18) height,7,6,6,6,0,4312202.855,466241.277,2451.814,POINT Z (466241.277 4312202.855 2451.814)
391,391,97,,466239.431,4312203.545,2453.792,,-105.3896519,38.95814013,2439.802,Global,0.011,0.012,0.012,0.016,2.134,m,FIX,2024-07-22 16:44:22.4 UTC-06:00,2024-07-22 16:44:25.4 UTC-06:00,16,1.3,1.5,466230.172,4312045.18,2470.929,-105.389751,38.95671271,2456.937,159.477,,NAD83(2011) / UTM zone 13N + NAVD88(GEOID18) height,7,7,6,6,0,4312202.963,466241.09599999996,2451.794,POINT Z (466241.09599999996 4312202.963 2451.794)
392,392,98,,466239.274,4312203.693,2453.631,,-105.3896537,38.95814146,2439.641,Global,0.014,0.012,0.011,0.019,2.134,m,FIX,2024-07-22 16:44:32.0 UTC-06:00,2024-07-22 16:44:35.0 UTC-06:00,16,1.3,1.5,466230.172,4312045.18,2470.929,-105.389751,38.95671271,2456.937,159.624,,NAD83(2011) / UTM zone 13N + NAVD88(GEOID18) height,7,6,6,6,0,4312203.1110000005,466240.93899999995,2451.633,POINT Z (466240.93899999995 4312203.1110000005 2451.633)
393,393,99,,466239.195,4312203.875,2453.621,,-105.3896547,38.95814309,2439.63,Global,0.011,0.01,0.013,0.015,2.134,m,FIX,2024-07-22 16:44:42.0 UTC-06:00,2024-07-22 16:44:45.0 UTC-06:00,16,1.3,1.5,466230.172,4312045.18,2470.929,-105.389751,38.95671271,2456.937,159.791,,NAD83(2011) / UTM zone 13N + NAVD88(GEOID18) height,6,7,6,6,0,4312203.2930000005,466240.86,2451.623,POINT Z (466240.86 4312203.2930000005 2451.623)
394,394,100,,466239.014,4312203.97,2453.565,,-105.3896568,38.95814394,2439.574,Global,0.013,0.013,0.015,0.018,2.134,m,FIX,2024-07-22 16:44:55.0 UTC-06:00,2024-07-22 16:44:58.0 UTC-06:00,16,1.3,1.5,466230.172,4312045.18,2470.929,-105.389751,38.95671271,2456.937,159.898,,NAD83(2011) / UTM zone 13N + NAVD88(GEOID18) height,6,7,6,6,0,4312203.388,466240.679,2451.567,POINT Z (466240.679 4312203.388 2451.567)
395,395,101,,466238.915,4312204.088,2453.556,,-105.3896579,38.958145,2439.565,Global,0.016,0.012,0.011,0.02,2.134,m,FIX,2024-07-22 16:45:07.6 UTC-06:00,2024-07-22 16:45:10.6 UTC-06:00,16,1.3,1.5,466230.172,4312045.18,2470.929,-105.389751,38.95671271,2456.937,160.007,,NAD83(2011) / UTM zone 13N + NAVD88(GEOID18) height,7,6,6,6,0,4312203.506000001,466240.57999999996,2451.558,POINT Z (466240.57999999996 4312203.506000001 2451.558)
396,396,102,,466238.817,4312204.301,2453.7,,-105.389659,38.95814692,2439.71,Global,0.011,0.011,0.013,0.016,2.134,m,FIX,2024-07-22 16:45:15.8 UTC-06:00,2024-07-22 16:45:18.8 UTC-06:00,16,1.3,1.5,466230.172,4312045.18,2470.929,-105.389751,38.95671271,2456.937,160.196,,NAD83(2011) / UTM zone 13N + NAVD88(GEOID18) height,7,7,6,6,0,4312203.7190000005,466240.48199999996,2451.7019999999998,POINT Z (466240.48199999996 4312203.7190000005 2451.7019999999998)
397,397,103,,466238.693,4312204.508,2453.685,,-105.3896605,38.95814878,2439.694,Global,0.013,0.016,0.013,0.02,2.134,m,FIX,2024-07-22 16:45:22.4 UTC-06:00,2024-07-22 16:45:25.4 UTC-06:00,16,1.3,1.5,466230.172,4312045.18,2470.929,-105.389751,38.95671271,2456.937,160.404,,NAD83(2011) / UTM zone 13N + NAVD88(GEOID18) height,7,7,6,6,0,4312203.926000001,466240.358,2451.687,POINT Z (466240.358 4312203.926000001 2451.687)
398,398,104,,466238.583,4312204.638,2453.673,,-105.3896618,38.95814994,2439.683,Global,0.011,0.012,0.014,0.016,2.134,m,FIX,2024-07-22 16:45:29.6 UTC-06:00,2024-07-22 16:45:32.6 UTC-06:00,16,1.3,1.5,466230.172,4312045.18,2470.929,-105.389751,38.95671271,2456.937,160.511,,NAD83(2011) / UTM zone 13N + NAVD88(GEOID18) height,7,7,6,7,0,4312204.056000001,466240.24799999996,2451.6749999999997,POINT Z (466240.24799999996 4312204.056000001 2451.6749999999997)
399,399,105,,466238.457,4312204.786,2453.658,,-105.3896632,38.95815128,2439.667,Global,0.011,0.012,0.012,0.016,2.134,m,FIX,2024-07-22 16:45:38.0 UTC-06:00,2024-07-22 16:45:41.0 UTC-06:00,16,1.3,1.5,466230.172,4312045.18,2470.929,-105.389751,38.95671271,2456.937,160.665,,NAD83(2011) / UTM zone 13N + NAVD88(GEOID18) height,7,5,6,7,0,4312204.204000001,466240.122,2451.66,POINT Z (466240.122 4312204.204000001 2451.66)
400,400,106,,466238.24,4312204.884,2453.701,,-105.3896657,38.95815215,2439.711,Global,0.011,0.018,0.013,0.021,2.134,m,FIX,2024-07-22 16:45:46.4 UTC-06:00,2024-07-22 16:45:49.4 UTC-06:00,16,1.3,1.5,466230.172,4312045.18,2470.929,-105.389751,38.95671271,2456.937,160.748,,NAD83(2011) / UTM zone 13N + NAVD88(GEOID18) height,7,6,6,7,0,4312204.302,466239.90499999997,2451.703,POINT Z (466239.90499999997 4312204.302 2451.703)
401,401,107,,466238.113,4312205.055,2453.687,,-105.3896672,38.95815369,2439.697,Global,0.011,0.01,0.011,0.015,2.134,m,FIX,2024-07-22 16:45:54.0 UTC-06:00,2024-07-22 16:45:57.0 UTC-06:00,16,1.3,1.5,466230.172,4312045.18,2470.929,-105.389751,38.95671271,2456.937,160.906,,NAD83(2011) / UTM zone 13N + NAVD88(GEOID18) height,7,6,6,7,0,4312204.473,466239.778,2451.689,POINT Z (466239.778 4312204.473 2451.689)
402,402,108,,466237.987,4312205.205,2453.682,,-105.3896687,38.95815503,2439.691,Global,0.012,0.012,0.013,0.017,2.134,m,FIX,2024-07-22 16:46:01.6 UTC-06:00,2024-07-22 16:46:04.6 UTC-06:00,16,1.3,1.5,466230.172,4312045.18,2470.929,-105.389751,38.95671271,2456.937,161.056,,NAD83(2011) / UTM zone 13N + NAVD88(GEOID18) height,7,5,6,6,0,4312204.623000001,466239.652,2451.6839999999997,POINT Z (466239.652 4312204.623000001 2451.6839999999997)
403,403,109,,466237.901,4312205.386,2453.69,,-105.3896697,38.95815666,2439.7,Global,0.015,0.014,0.014,0.02,2.134,m,FIX,2024-07-22 16:46:10.6 UTC-06:00,2024-07-22 16:46:13.6 UTC-06:00,16,1.3,1.5,466230.172,4312045.18,2470.929,-105.389751,38.95671271,2456.937,161.237,,NAD83(2011) / UTM zone 13N + NAVD88(GEOID18) height,7,7,6,6,0,4312204.8040000005,466239.566,2451.692,POINT Z (466239.566 4312204.8040000005 2451.692)
404,404,110,,466237.738,4312205.502,2453.715,,-105.3896716,38.9581577,2439.725,Global,0.012,0.011,0.014,0.016,2.134,m,FIX,2024-07-22 16:46:20.4 UTC-06:00,2024-07-22 16:46:23.4 UTC-06:00,16,1.3,1.5,466230.172,4312045.18,2470.929,-105.389751,38.95671271,2456.937,161.325,,NAD83(2011) / UTM zone 13N + NAVD88(GEOID18) height,7,8,6,5,0,4312204.920000001,466239.403,2451.717,POINT Z (466239.403 4312204.920000001 2451.717)
405,405,111,,466237.602,4312205.653,2453.7,,-105.3896731,38.95815906,2439.71,Global,0.013,0.012,0.012,0.018,2.134,m,FIX,2024-07-22 16:46:26.6 UTC-06:00,2024-07-22 16:46:29.6 UTC-06:00,16,1.3,1.5,466230.172,4312045.18,2470.929,-105.389751,38.95671271,2456.937,161.481,,NAD83(2011) / UTM zone 13N + NAVD88(GEOID18) height,7,8,6,5,0,4312205.071,466239.267,2451.7019999999998,POINT Z (466239.267 4312205.071 2451.7019999999998)
406,406,112,,466237.425,4312205.772,2453.706,,-105.3896752,38.95816012,2439.716,Global,0.012,0.02,0.012,0.023,2.134,m,FIX,2024-07-22 16:46:32.8 UTC-06:00,2024-07-22 16:46:35.8 UTC-06:00,16,1.3,1.5,466230.172,4312045.18,2470.929,-105.389751,38.95671271,2456.937,161.61,,NAD83(2011) / UTM zone 13N + NAVD88(GEOID18) height,7,7,6,6,0,4312205.19,466239.08999999997,2451.708,POINT Z (466239.08999999997 4312205.19 2451.708)
407,407,113,,466237.306,4312205.962,2453.706,,-105.3896766,38.95816183,2439.716,Global,0.014,0.014,0.013,0.02,2.134,m,FIX,2024-07-22 16:46:41.4 UTC-06:00,2024-07-22 16:46:44.4 UTC-06:00,16,1.3,1.5,466230.172,4312045.18,2470.929,-105.389751,38.95671271,2456.937,161.786,,NAD83(2011) / UTM zone 13N + NAVD88(GEOID18) height,7,7,6,5,0,4312205.380000001,466238.97099999996,2451.708,POINT Z (466238.97099999996 4312205.380000001 2451.708)
408,408,114,,466237.184,4312206.062,2453.827,,-105.389678,38.95816273,2439.837,Global,0.014,0.025,0.01,0.029,2.134,m,FIX,2024-07-22 16:46:51.4 UTC-06:00,2024-07-22 16:46:54.4 UTC-06:00,16,1.3,1.5,466230.172,4312045.18,2470.929,-105.389751,38.95671271,2456.937,161.876,,NAD83(2011) / UTM zone 13N + NAVD88(GEOID18) height,7,7,6,5,0,4312205.48,466238.849,2451.829,POINT Z (466238.849 4312205.48 2451.829)
409,409,115,,466237.035,4312206.226,2453.846,,-105.3896797,38.9581642,2439.855,Global,0.017,0.012,0.012,0.021,2.134,m,FIX,2024-07-22 16:47:00.4 UTC-06:00,2024-07-22 16:47:03.4 UTC-06:00,16,1.3,1.5,466230.172,4312045.18,2470.929,-105.389751,38.95671271,2456.937,162.003,,NAD83(2011) / UTM zone 13N + NAVD88(GEOID18) height,7,5,6,5,0,4312205.644,466238.69999999995,2451.848,POINT Z (466238.69999999995 4312205.644 2451.848)
410,410,116,,466236.898,4312206.368,2453.852,,-105.3896813,38.95816547,2439.861,Global,0.021,0.032,0.011,0.039,2.134,m,FIX,2024-07-22 16:47:06.4 UTC-06:00,2024-07-22 16:47:09.4 UTC-06:00,16,1.3,1.5,466230.172,4312045.18,2470.929,-105.389751,38.95671271,2456.937,162.179,,NAD83(2011) / UTM zone 13N + NAVD88(GEOID18) height,7,6,6,5,0,4312205.786,466238.56299999997,2451.854,POINT Z (466238.56299999997 4312205.786 2451.854)
411,411,117,,466236.765,4312206.515,2453.935,,-105.3896828,38.95816679,2439.945,Global,0.011,0.011,0.011,0.016,2.134,m,FIX,2024-07-22 16:47:21.0 UTC-06:00,2024-07-22 16:47:24.0 UTC-06:00,16,1.3,1.5,466230.172,4312045.18,2470.929,-105.389751,38.95671271,2456.937,162.271,,NAD83(2011) / UTM zone 13N + NAVD88(GEOID18) height,7,6,6,5,0,4312205.933,466238.43,2451.937,POINT Z (466238.43 4312205.933 2451.937)
412,412,118,,466236.659,4312206.681,2453.992,,-105.3896841,38.95816828,2440.002,Global,0.012,0.011,0.012,0.016,2.134,m,FIX,2024-07-22 16:47:28.4 UTC-06:00,2024-07-22 16:47:31.4 UTC-06:00,16,1.3,1.5,466230.172,4312045.18,2470.929,-105.389751,38.95671271,2456.937,162.424,,NAD83(2011) / UTM zone 13N + NAVD88(GEOID18) height,7,8,6,5,0,4312206.099,466238.32399999996,2451.994,POINT Z (466238.32399999996 4312206.099 2451.994)
413,413,119,,466236.535,4312206.848,2454.072,,-105.3896855,38.95816978,2440.082,Global,0.012,0.011,0.011,0.016,2.134,m,FIX,2024-07-22 16:47:37.2 UTC-06:00,2024-07-22 16:47:40.2 UTC-06:00,16,1.3,1.5,466230.172,4312045.18,2470.929,-105.389751,38.95671271,2456.937,162.581,,NAD83(2011) / UTM zone 13N + NAVD88(GEOID18) height,6,7,6,6,0,4312206.266000001,466238.19999999995,2452.074,POINT Z (466238.19999999995 4312206.266000001 2452.074)
414,414,120,,466236.374,4312206.998,2454.181,,-105.3896874,38.95817113,2440.191,Global,0.011,0.015,0.01,0.019,2.134,m,FIX,2024-07-22 16:47:55.0 UTC-06:00,2024-07-22 16:47:58.0 UTC-06:00,16,1.3,1.5,466230.172,4312045.18,2470.929,-105.389751,38.95671271,2456.937,162.705,,NAD83(2011) / UTM zone 13N + NAVD88(GEOID18) height,6,6,6,5,0,4312206.416,466238.039,2452.183,POINT Z (466238.039 4312206.416 2452.183)
415,415,121,,466236.222,4312207.122,2454.231,,-105.3896891,38.95817224,2440.241,Global,0.021,0.019,0.011,0.029,2.134,m,FIX,2024-07-22 16:48:02.6 UTC-06:00,2024-07-22 16:48:05.6 UTC-06:00,16,1.4,1.6,466230.172,4312045.18,2470.929,-105.389751,38.95671271,2456.937,162.826,,NAD83(2011) / UTM zone 13N + NAVD88(GEOID18) height,6,6,6,6,0,4312206.540000001,466237.887,2452.233,POINT Z (466237.887 4312206.540000001 2452.233)
416,416,122,,466236.145,4312207.328,2454.344,,-105.38969,38.95817409,2440.354,Global,0.013,0.015,0.011,0.02,2.134,m,FIX,2024-07-22 16:48:12.8 UTC-06:00,2024-07-22 16:48:15.8 UTC-06:00,16,1.4,1.6,466230.172,4312045.18,2470.929,-105.389751,38.95671271,2456.937,163.033,,NAD83(2011) / UTM zone 13N + NAVD88(GEOID18) height,7,6,6,5,0,4312206.746,466237.81,2452.346,POINT Z (466237.81 4312206.746 2452.346)
417,417,123,,466236.051,4312207.483,2454.451,,-105.3896911,38.95817548,2440.461,Global,0.011,0.015,0.01,0.019,2.134,m,FIX,2024-07-22 16:48:31.6 UTC-06:00,2024-07-22 16:48:34.6 UTC-06:00,16,1.5,1.8,466230.172,4312045.18,2470.929,-105.389751,38.95671271,2456.937,163.156,,NAD83(2011) / UTM zone 13N + NAVD88(GEOID18) height,6,7,5,6,0,4312206.901000001,466237.71599999996,2452.453,POINT Z (466237.71599999996 4312206.901000001 2452.453)
418,418,124,,466235.94,4312207.639,2454.553,,-105.3896924,38.95817689,2440.563,Global,0.015,0.01,0.011,0.018,2.134,m,FIX,2024-07-22 16:48:48.2 UTC-06:00,2024-07-22 16:48:51.2 UTC-06:00,16,1.7,2.0,466230.172,4312045.18,2470.929,-105.389751,38.95671271,2456.937,163.312,,NAD83(2011) / UTM zone 13N + NAVD88(GEOID18) height,6,6,5,6,0,4312207.057000001,466237.605,2452.555,POINT Z (466237.605 4312207.057000001 2452.555)
419,419,125,,466235.822,4312207.802,2454.682,,-105.3896938,38.95817835,2440.691,Global,0.011,0.01,0.011,0.015,2.134,m,FIX,2024-07-22 16:49:05.6 UTC-06:00,2024-07-22 16:49:08.6 UTC-06:00,16,1.5,1.8,466230.172,4312045.18,2470.929,-105.389751,38.95671271,2456.937,163.458,,NAD83(2011) / UTM zone 13N + NAVD88(GEOID18) height,6,7,5,5,0,4312207.220000001,466237.48699999996,2452.6839999999997,POINT Z (466237.48699999996 4312207.220000001 2452.6839999999997)
420,420,126,,466235.763,4312207.955,2454.874,,-105.3896945,38.95817973,2440.884,Global,0.033,0.014,0.01,0.036,2.134,m,FIX,2024-07-22 16:49:13.0 UTC-06:00,2024-07-22 16:49:16.0 UTC-06:00,16,1.5,1.8,466230.172,4312045.18,2470.929,-105.389751,38.95671271,2456.937,163.591,,NAD83(2011) / UTM zone 13N + NAVD88(GEOID18) height,6,8,5,6,0,4312207.373000001,466237.42799999996,2452.8759999999997,POINT Z (466237.42799999996 4312207.373000001 2452.8759999999997)
421,421,127,,466235.588,4312208.132,2454.909,,-105.3896965,38.95818132,2440.919,Global,0.01,0.013,0.011,0.016,2.134,m,FIX,2024-07-22 16:49:22.8 UTC-06:00,2024-07-22 16:49:25.8 UTC-06:00,16,1.5,1.8,466230.172,4312045.18,2470.929,-105.389751,38.95671271,2456.937,163.749,,NAD83(2011) / UTM zone 13N + NAVD88(GEOID18) height,6,6,5,6,0,4312207.550000001,466237.25299999997,2452.911,POINT Z (466237.25299999997 4312207.550000001 2452.911)
422,422,128,,466235.491,4312208.286,2454.998,,-105.3896976,38.9581827,2441.008,Global,0.025,0.012,0.011,0.028,2.134,m,FIX,2024-07-22 16:49:29.6 UTC-06:00,2024-07-22 16:49:32.6 UTC-06:00,16,1.3,1.5,466230.172,4312045.18,2470.929,-105.389751,38.95671271,2456.937,163.901,,NAD83(2011) / UTM zone 13N + NAVD88(GEOID18) height,7,7,6,6,0,4312207.704000001,466237.15599999996,2453.0,POINT Z (466237.15599999996 4312207.704000001 2453)
423,423,129,,466235.345,4312208.406,2455.029,,-105.3896993,38.95818377,2441.039,Global,0.015,0.011,0.011,0.019,2.134,m,FIX,2024-07-22 16:49:35.8 UTC-06:00,2024-07-22 16:49:38.8 UTC-06:00,16,1.3,1.5,466230.172,4312045.18,2470.929,-105.389751,38.95671271,2456.937,164.003,,NAD83(2011) / UTM zone 13N + NAVD88(GEOID18) height,7,7,6,6,0,4312207.824000001,466237.00999999995,2453.031,POINT Z (466237.00999999995 4312207.824000001 2453.031)
424,424,130,,466235.245,4312208.628,2455.084,,-105.3897005,38.95818577,2441.094,Global,0.011,0.016,0.011,0.02,2.134,m,FIX,2024-07-22 16:49:41.8 UTC-06:00,2024-07-22 16:49:44.8 UTC-06:00,16,1.3,1.5,466230.172,4312045.18,2470.929,-105.389751,38.95671271,2456.937,164.208,,NAD83(2011) / UTM zone 13N + NAVD88(GEOID18) height,7,7,5,6,0,4312208.046,466236.91,2453.086,POINT Z (466236.91 4312208.046 2453.086)
425,425,131,,466235.142,4312208.73,2455.138,,-105.3897017,38.95818668,2441.148,Global,0.014,0.011,0.011,0.018,2.134,m,FIX,2024-07-22 16:49:49.4 UTC-06:00,2024-07-22 16:49:52.4 UTC-06:00,16,1.3,1.5,466230.172,4312045.18,2470.929,-105.389751,38.95671271,2456.937,164.32,,NAD83(2011) / UTM zone 13N + NAVD88(GEOID18) height,7,7,5,6,0,4312208.148000001,466236.807,2453.14,POINT Z (466236.807 4312208.148000001 2453.14)
426,426,132,,466234.882,4312208.766,2455.232,,-105.3897047,38.958187,2441.242,Global,0.01,0.01,0.01,0.014,2.134,m,FIX,2024-07-22 16:50:14.2 UTC-06:00,2024-07-22 16:50:17.2 UTC-06:00,16,1.3,1.5,466230.172,4312045.18,2470.929,-105.389751,38.95671271,2456.937,164.343,,NAD83(2011) / UTM zone 13N + NAVD88(GEOID18) height,7,8,5,6,0,4312208.184,466236.54699999996,2453.234,POINT Z (466236.54699999996 4312208.184 2453.234)
427,427,133,,466234.699,4312208.63,2455.186,,-105.3897068,38.95818577,2441.196,Global,0.011,0.013,0.01,0.017,2.134,m,FIX,2024-07-22 16:50:33.0 UTC-06:00,2024-07-22 16:50:36.0 UTC-06:00,16,1.6,1.8,466230.172,4312045.18,2470.929,-105.389751,38.95671271,2456.937,164.196,,NAD83(2011) / UTM zone 13N + NAVD88(GEOID18) height,7,7,5,5,0,4312208.048,466236.364,2453.188,POINT Z (466236.364 4312208.048 2453.188)
428,428,134,,466234.688,4312209.026,2455.216,,-105.3897069,38.95818933,2441.226,Global,0.01,0.013,0.011,0.016,2.134,m,FIX,2024-07-22 16:50:47.2 UTC-06:00,2024-07-22 16:50:50.2 UTC-06:00,16,1.5,1.8,466230.172,4312045.18,2470.929,-105.389751,38.95671271,2456.937,164.602,,NAD83(2011) / UTM zone 13N + NAVD88(GEOID18) height,7,7,5,6,0,4312208.444,466236.353,2453.218,POINT Z (466236.353 4312208.444 2453.218)
429,429,135,,466235.167,4312209.031,2455.192,,-105.3897014,38.9581894,2441.202,Global,0.011,0.012,0.01,0.016,2.134,m,FIX,2024-07-22 16:51:05.0 UTC-06:00,2024-07-22 16:51:08.0 UTC-06:00,16,1.5,1.8,466230.172,4312045.18,2470.929,-105.389751,38.95671271,2456.937,164.613,,NAD83(2011) / UTM zone 13N + NAVD88(GEOID18) height,7,6,5,6,0,4312208.449000001,466236.832,2453.194,POINT Z (466236.832 4312208.449000001 2453.194)
430,430,136,,466235.158,4312208.617,2455.115,,-105.3897015,38.95818567,2441.125,Global,0.011,0.015,0.01,0.019,2.134,m,FIX,2024-07-22 16:51:21.2 UTC-06:00,2024-07-22 16:51:24.2 UTC-06:00,16,1.5,1.8,466230.172,4312045.18,2470.929,-105.389751,38.95671271,2456.937,164.222,,NAD83(2011) / UTM zone 13N + NAVD88(GEOID18) height,7,7,5,6,0,4312208.035,466236.823,2453.1169999999997,POINT Z (466236.823 4312208.035 2453.1169999999997)
431,431,137,,466234.911,4312208.798,2455.19,,-105.3897043,38.95818729,2441.2,Global,0.011,0.01,0.012,0.015,2.134,m,FIX,2024-07-22 16:51:43.0 UTC-06:00,2024-07-22 16:51:46.0 UTC-06:00,16,1.7,2.0,466230.172,4312045.18,2470.929,-105.389751,38.95671271,2456.937,164.371,,NAD83(2011) / UTM zone 13N + NAVD88(GEOID18) height,6,7,5,6,0,4312208.216000001,466236.576,2453.192,POINT Z (466236.576 4312208.216000001 2453.192)
432,432,138,,466234.88,4312208.757,2455.238,,-105.3897047,38.95818692,2441.247,Global,0.012,0.011,0.011,0.016,2.134,m,FIX,2024-07-22 16:52:12.6 UTC-06:00,2024-07-22 16:52:15.6 UTC-06:00,16,1.6,1.8,466230.172,4312045.18,2470.929,-105.389751,38.95671271,2456.937,164.328,,NAD83(2011) / UTM zone 13N + NAVD88(GEOID18) height,7,6,6,5,0,4312208.175000001,466236.545,2453.24,POINT Z (466236.545 4312208.175000001 2453.24)
433,433,139,,466234.87,4312208.842,2455.23,,-105.3897048,38.95818769,2441.24,Global,0.011,0.012,0.013,0.016,2.134,m,FIX,2024-07-22 16:53:02.2 UTC-06:00,2024-07-22 16:53:32.2 UTC-06:00,151,1.6,1.9,466230.172,4312045.18,2470.929,-105.389751,38.95671271,2456.937,164.41,,NAD83(2011) / UTM zone 13N + NAVD88(GEOID18) height,6,8,6,6,0,4312208.260000001,466236.535,2453.232,POINT Z (466236.535 4312208.260000001 2453.232)
434,434,140,,466251.738,4312189.721,2454.924,,-105.3895092,38.95801603,2440.933,Global,0.011,0.01,0.025,0.015,2.134,m,FIX,2024-07-22 17:13:41.2 UTC-06:00,2024-07-22 17:13:44.2 UTC-06:00,16,1.7,2.0,466230.172,4312045.18,2470.929,-105.389751,38.95671271,2456.937,146.908,,NAD83(2011) / UTM zone 13N + NAVD88(GEOID18) height,6,7,4,5,0,4312189.139,466253.403,2452.926,POINT Z (466253.403 4312189.139 2452.926)
435,435,141,,466252.029,4312189.345,2454.953,,-105.3895058,38.95801266,2440.962,Global,0.011,0.011,0.029,0.015,2.134,m,FIX,2024-07-22 17:13:58.8 UTC-06:00,2024-07-22 17:14:01.8 UTC-06:00,16,1.7,2.0,466230.172,4312045.18,2470.929,-105.389751,38.95671271,2456.937,146.582,,NAD83(2011) / UTM zone 13N + NAVD88(GEOID18) height,6,7,4,5,0,4312188.763,466253.69399999996,2452.955,POINT Z (466253.69399999996 4312188.763 2452.955)
436,436,142,,466252.329,4312188.936,2454.935,,-105.3895023,38.95800898,2440.944,Global,0.01,0.012,0.03,0.016,2.134,m,FIX,2024-07-22 17:14:18.4 UTC-06:00,2024-07-22 17:14:21.4 UTC-06:00,16,1.7,2.0,466230.172,4312045.18,2470.929,-105.389751,38.95671271,2456.937,146.223,,NAD83(2011) / UTM zone 13N + NAVD88(GEOID18) height,6,7,4,6,0,4312188.354,466253.994,2452.937,POINT Z (466253.994 4312188.354 2452.937)
437,437,143,,466252.618,4312188.526,2454.968,,-105.389499,38.95800529,2440.977,Global,0.01,0.01,0.024,0.015,2.134,m,FIX,2024-07-22 17:14:52.0 UTC-06:00,2024-07-22 17:14:55.0 UTC-06:00,16,1.5,1.8,466230.172,4312045.18,2470.929,-105.389751,38.95671271,2456.937,145.86,,NAD83(2011) / UTM zone 13N + NAVD88(GEOID18) height,6,7,4,6,0,4312187.944,466254.283,2452.97,POINT Z (466254.283 4312187.944 2452.97)
438,438,144,,466252.899,4312188.125,2455.021,,-105.3894957,38.95800169,2441.03,Global,0.01,0.01,0.02,0.015,2.134,m,FIX,2024-07-22 17:15:13.0 UTC-06:00,2024-07-22 17:15:16.0 UTC-06:00,16,1.5,1.8,466230.172,4312045.18,2470.929,-105.389751,38.95671271,2456.937,145.505,,NAD83(2011) / UTM zone 13N + NAVD88(GEOID18) height,6,7,4,5,0,4312187.5430000005,466254.56399999995,2453.023,POINT Z (466254.56399999995 4312187.5430000005 2453.023)
439,439,145,,466253.189,4312187.733,2454.986,,-105.3894924,38.95799817,2440.995,Global,0.01,0.01,0.02,0.015,2.134,m,FIX,2024-07-22 17:15:27.8 UTC-06:00,2024-07-22 17:15:30.8 UTC-06:00,16,1.5,1.8,466230.172,4312045.18,2470.929,-105.389751,38.95671271,2456.937,145.166,,NAD83(2011) / UTM zone 13N + NAVD88(GEOID18) height,6,7,4,5,0,4312187.151000001,466254.854,2452.988,POINT Z (466254.854 4312187.151000001 2452.988)
440,440,146,,466253.506,4312187.323,2454.997,,-105.3894887,38.95799449,2441.006,Global,0.01,0.01,0.018,0.015,2.134,m,FIX,2024-07-22 17:15:43.0 UTC-06:00,2024-07-22 17:15:46.0 UTC-06:00,16,1.5,1.8,466230.172,4312045.18,2470.929,-105.389751,38.95671271,2456.937,144.812,,NAD83(2011) / UTM zone 13N + NAVD88(GEOID18) height,6,7,4,5,0,4312186.741,466255.171,2452.999,POINT Z (466255.171 4312186.741 2452.999)
441,441,147,,466253.803,4312186.927,2454.996,,-105.3894852,38.95799094,2441.005,Global,0.01,0.01,0.022,0.014,2.134,m,FIX,2024-07-22 17:15:58.0 UTC-06:00,2024-07-22 17:16:01.0 UTC-06:00,16,1.5,1.8,466230.172,4312045.18,2470.929,-105.389751,38.95671271,2456.937,144.471,,NAD83(2011) / UTM zone 13N + NAVD88(GEOID18) height,6,7,4,5,0,4312186.345000001,466255.468,2452.998,POINT Z (466255.468 4312186.345000001 2452.998)
442,442,148,,466254.104,4312186.529,2454.995,,-105.3894817,38.95798736,2441.005,Global,0.013,0.011,0.041,0.017,2.134,m,FIX,2024-07-22 17:16:12.6 UTC-06:00,2024-07-22 17:16:15.6 UTC-06:00,16,1.5,1.8,466230.172,4312045.18,2470.929,-105.389751,38.95671271,2456.937,144.13,,NAD83(2011) / UTM zone 13N + NAVD88(GEOID18) height,6,7,4,6,0,4312185.947000001,466255.769,2452.997,POINT Z (466255.769 4312185.947000001 2452.997)
443,443,149,,466254.389,4312186.116,2455.091,,-105.3894784,38.95798365,2441.1,Global,0.01,0.01,0.012,0.014,2.134,m,FIX,2024-07-22 17:16:27.4 UTC-06:00,2024-07-22 17:16:30.4 UTC-06:00,16,1.3,1.5,466230.172,4312045.18,2470.929,-105.389751,38.95671271,2456.937,143.762,,NAD83(2011) / UTM zone 13N + NAVD88(GEOID18) height,6,7,5,6,0,4312185.534000001,466256.054,2453.093,POINT Z (466256.054 4312185.534000001 2453.093)
444,444,150,,466254.677,4312185.715,2455.116,,-105.3894751,38.95798005,2441.125,Global,0.01,0.011,0.011,0.015,2.134,m,FIX,2024-07-22 17:16:40.6 UTC-06:00,2024-07-22 17:16:43.6 UTC-06:00,16,1.5,1.8,466230.172,4312045.18,2470.929,-105.389751,38.95671271,2456.937,143.426,,NAD83(2011) / UTM zone 13N + NAVD88(GEOID18) height,6,7,4,6,0,4312185.133,466256.342,2453.118,POINT Z (466256.342 4312185.133 2453.118)
445,445,151,,466255.005,4312185.313,2455.116,,-105.3894713,38.95797644,2441.125,Global,0.01,0.01,0.021,0.014,2.134,m,FIX,2024-07-22 17:17:03.0 UTC-06:00,2024-07-22 17:17:06.0 UTC-06:00,16,1.5,1.8,466230.172,4312045.18,2470.929,-105.389751,38.95671271,2456.937,143.08,,NAD83(2011) / UTM zone 13N + NAVD88(GEOID18) height,6,7,4,5,0,4312184.731000001,466256.67,2453.118,POINT Z (466256.67 4312184.731000001 2453.118)
446,446,152,,466255.265,4312184.916,2455.177,,-105.3894682,38.95797287,2441.186,Global,0.01,0.011,0.014,0.015,2.134,m,FIX,2024-07-22 17:17:17.4 UTC-06:00,2024-07-22 17:17:20.4 UTC-06:00,16,1.5,1.8,466230.172,4312045.18,2470.929,-105.389751,38.95671271,2456.937,142.739,,NAD83(2011) / UTM zone 13N + NAVD88(GEOID18) height,6,7,4,5,0,4312184.334000001,466256.93,2453.179,POINT Z (466256.93 4312184.334000001 2453.179)
447,447,153,,466255.583,4312184.517,2455.217,,-105.3894646,38.95796929,2441.226,Global,0.01,0.01,0.022,0.015,2.134,m,FIX,2024-07-22 17:17:31.6 UTC-06:00,2024-07-22 17:17:34.6 UTC-06:00,16,1.6,1.9,466230.172,4312045.18,2470.929,-105.389751,38.95671271,2456.937,142.394,,NAD83(2011) / UTM zone 13N + NAVD88(GEOID18) height,6,7,4,5,0,4312183.9350000005,466257.24799999996,2453.219,POINT Z (466257.24799999996 4312183.9350000005 2453.219)
448,448,154,,466255.874,4312184.126,2455.239,,-105.3894612,38.95796577,2441.248,Global,0.011,0.01,0.034,0.015,2.134,m,FIX,2024-07-22 17:17:48.6 UTC-06:00,2024-07-22 17:17:51.6 UTC-06:00,16,1.7,2.0,466230.172,4312045.18,2470.929,-105.389751,38.95671271,2456.937,142.048,,NAD83(2011) / UTM zone 13N + NAVD88(GEOID18) height,7,7,4,5,0,4312183.544000001,466257.539,2453.241,POINT Z (466257.539 4312183.544000001 2453.241)
449,449,155,,466256.157,4312183.713,2455.283,,-105.3894579,38.95796206,2441.292,Global,0.011,0.01,0.016,0.015,2.134,m,FIX,2024-07-22 17:18:06.0 UTC-06:00,2024-07-22 17:18:09.0 UTC-06:00,16,1.4,1.7,466230.172,4312045.18,2470.929,-105.389751,38.95671271,2456.937,141.711,,NAD83(2011) / UTM zone 13N + NAVD88(GEOID18) height,7,7,4,6,0,4312183.131000001,466257.822,2453.285,POINT Z (466257.822 4312183.131000001 2453.285)
450,450,156,,466256.469,4312183.327,2455.3,,-105.3894543,38.95795859,2441.309,Global,0.011,0.011,0.02,0.015,2.134,m,FIX,2024-07-22 17:18:39.8 UTC-06:00,2024-07-22 17:18:42.8 UTC-06:00,16,1.4,1.7,466230.172,4312045.18,2470.929,-105.389751,38.95671271,2456.937,141.388,,NAD83(2011) / UTM zone 13N + NAVD88(GEOID18) height,7,7,4,4,0,4312182.745,466258.13399999996,2453.302,POINT Z (466258.13399999996 4312182.745 2453.302)
451,451,157,,466256.773,4312182.927,2455.319,,-105.3894507,38.957955,2441.328,Global,0.01,0.011,0.025,0.015,2.134,m,FIX,2024-07-22 17:19:03.4 UTC-06:00,2024-07-22 17:19:06.4 UTC-06:00,16,1.4,1.7,466230.172,4312045.18,2470.929,-105.389751,38.95671271,2456.937,141.05,,NAD83(2011) / UTM zone 13N + NAVD88(GEOID18) height,7,7,4,5,0,4312182.345000001,466258.43799999997,2453.321,POINT Z (466258.43799999997 4312182.345000001 2453.321)
452,452,158,,466257.051,4312182.5,2455.32,,-105.3894475,38.95795117,2441.329,Global,0.01,0.011,0.012,0.015,2.134,m,FIX,2024-07-22 17:19:29.6 UTC-06:00,2024-07-22 17:19:32.6 UTC-06:00,16,1.4,1.7,466230.172,4312045.18,2470.929,-105.389751,38.95671271,2456.937,140.677,,NAD83(2011) / UTM zone 13N + NAVD88(GEOID18) height,7,7,4,6,0,4312181.9180000005,466258.71599999996,2453.322,POINT Z (466258.71599999996 4312181.9180000005 2453.322)
453,453,159,,466257.367,4312182.111,2455.343,,-105.3894439,38.95794768,2441.352,Global,0.01,0.01,0.019,0.014,2.134,m,FIX,2024-07-22 17:19:53.6 UTC-06:00,2024-07-22 17:19:56.6 UTC-06:00,16,1.4,1.7,466230.172,4312045.18,2470.929,-105.389751,38.95671271,2456.937,140.36,,NAD83(2011) / UTM zone 13N + NAVD88(GEOID18) height,7,7,4,6,0,4312181.529,466259.032,2453.345,POINT Z (466259.032 4312181.529 2453.345)
454,454,160,,466257.663,4312181.7,2455.384,,-105.3894404,38.95794398,2441.393,Global,0.01,0.011,0.013,0.015,2.134,m,FIX,2024-07-22 17:20:11.4 UTC-06:00,2024-07-22 17:20:14.4 UTC-06:00,16,1.5,1.8,466230.172,4312045.18,2470.929,-105.389751,38.95671271,2456.937,140.012,,NAD83(2011) / UTM zone 13N + NAVD88(GEOID18) height,7,8,4,6,0,4312181.118000001,466259.328,2453.386,POINT Z (466259.328 4312181.118000001 2453.386)
455,455,161,,466257.936,4312181.313,2455.405,,-105.3894372,38.95794051,2441.414,Global,0.011,0.01,0.011,0.015,2.134,m,FIX,2024-07-22 17:20:26.8 UTC-06:00,2024-07-22 17:20:29.8 UTC-06:00,16,1.5,1.8,466230.172,4312045.18,2470.929,-105.389751,38.95671271,2456.937,139.69,,NAD83(2011) / UTM zone 13N + NAVD88(GEOID18) height,7,8,6,6,0,4312180.731000001,466259.60099999997,2453.407,POINT Z (466259.60099999997 4312180.731000001 2453.407)
456,456,162,,466258.253,4312180.904,2455.321,,-105.3894336,38.95793683,2441.33,Global,0.01,0.011,0.013,0.015,2.134,m,FIX,2024-07-22 17:20:48.4 UTC-06:00,2024-07-22 17:20:51.4 UTC-06:00,16,1.4,1.7,466230.172,4312045.18,2470.929,-105.389751,38.95671271,2456.937,139.36,,NAD83(2011) / UTM zone 13N + NAVD88(GEOID18) height,7,8,5,6,0,4312180.322000001,466259.918,2453.323,POINT Z (466259.918 4312180.322000001 2453.323)
457,457,163,,466258.557,4312180.523,2455.338,,-105.38943,38.95793341,2441.347,Global,0.011,0.011,0.019,0.015,2.134,m,FIX,2024-07-22 17:21:05.8 UTC-06:00,2024-07-22 17:21:08.8 UTC-06:00,16,1.4,1.7,466230.172,4312045.18,2470.929,-105.389751,38.95671271,2456.937,139.046,,NAD83(2011) / UTM zone 13N + NAVD88(GEOID18) height,8,8,5,6,0,4312179.941000001,466260.22199999995,2453.34,POINT Z (466260.22199999995 4312179.941000001 2453.34)
458,458,164,,466258.849,4312180.125,2455.388,,-105.3894266,38.95792983,2441.397,Global,0.012,0.011,0.017,0.016,2.134,m,FIX,2024-07-22 17:21:20.8 UTC-06:00,2024-07-22 17:21:23.8 UTC-06:00,16,1.5,1.8,466230.172,4312045.18,2470.929,-105.389751,38.95671271,2456.937,138.718,,NAD83(2011) / UTM zone 13N + NAVD88(GEOID18) height,7,8,4,5,0,4312179.5430000005,466260.51399999997,2453.39,POINT Z (466260.51399999997 4312179.5430000005 2453.39)
459,459,165,,466259.158,4312179.721,2455.391,,-105.3894231,38.95792621,2441.4,Global,0.011,0.011,0.017,0.015,2.134,m,FIX,2024-07-22 17:21:39.2 UTC-06:00,2024-07-22 17:21:42.2 UTC-06:00,16,1.4,1.7,466230.172,4312045.18,2470.929,-105.389751,38.95671271,2456.937,138.39,,NAD83(2011) / UTM zone 13N + NAVD88(GEOID18) height,7,8,5,6,0,4312179.139,466260.823,2453.393,POINT Z (466260.823 4312179.139 2453.393)
460,460,166,,466259.453,4312179.322,2455.416,,-105.3894196,38.95792263,2441.425,Global,0.01,0.01,0.013,0.014,2.134,m,FIX,2024-07-22 17:21:53.4 UTC-06:00,2024-07-22 17:21:56.4 UTC-06:00,16,1.8,2.1,466230.172,4312045.18,2470.929,-105.389751,38.95671271,2456.937,138.054,,NAD83(2011) / UTM zone 13N + NAVD88(GEOID18) height,6,8,5,6,0,4312178.74,466261.11799999996,2453.418,POINT Z (466261.11799999996 4312178.74 2453.418)
461,461,167,,466259.767,4312178.957,2455.467,,-105.389416,38.95791934,2441.476,Global,0.012,0.015,0.02,0.019,2.134,m,FIX,2024-07-22 17:22:06.0 UTC-06:00,2024-07-22 17:22:09.0 UTC-06:00,16,1.6,1.9,466230.172,4312045.18,2470.929,-105.389751,38.95671271,2456.937,137.742,,NAD83(2011) / UTM zone 13N + NAVD88(GEOID18) height,6,7,5,6,0,4312178.375000001,466261.432,2453.469,POINT Z (466261.432 4312178.375000001 2453.469)
462,462,168,,466260.014,4312178.51,2455.442,,-105.3894131,38.95791532,2441.451,Global,0.01,0.01,0.015,0.014,2.134,m,FIX,2024-07-22 17:22:19.2 UTC-06:00,2024-07-22 17:22:22.2 UTC-06:00,16,1.6,1.9,466230.172,4312045.18,2470.929,-105.389751,38.95671271,2456.937,137.386,,NAD83(2011) / UTM zone 13N + NAVD88(GEOID18) height,7,8,5,6,0,4312177.928,466261.679,2453.444,POINT Z (466261.679 4312177.928 2453.444)
463,463,169,,466260.322,4312178.111,2455.47,,-105.3894095,38.95791174,2441.479,Global,0.01,0.011,0.02,0.015,2.134,m,FIX,2024-07-22 17:22:31.4 UTC-06:00,2024-07-22 17:22:34.4 UTC-06:00,16,1.6,1.9,466230.172,4312045.18,2470.929,-105.389751,38.95671271,2456.937,137.06,,NAD83(2011) / UTM zone 13N + NAVD88(GEOID18) height,6,8,5,6,0,4312177.529,466261.98699999996,2453.4719999999998,POINT Z (466261.98699999996 4312177.529 2453.4719999999998)
464,464,170,,466260.624,4312177.722,2455.553,,-105.389406,38.95790825,2441.562,Global,0.01,0.01,0.015,0.015,2.134,m,FIX,2024-07-22 17:22:46.8 UTC-06:00,2024-07-22 17:22:49.8 UTC-06:00,16,1.6,1.9,466230.172,4312045.18,2470.929,-105.389751,38.95671271,2456.937,136.737,,NAD83(2011) / UTM zone 13N + NAVD88(GEOID18) height,6,8,5,6,0,4312177.140000001,466262.289,2453.555,POINT Z (466262.289 4312177.140000001 2453.555)
465,465,171,,466260.924,4312177.374,2455.593,,-105.3894026,38.95790512,2441.602,Global,0.014,0.011,0.018,0.018,2.134,m,FIX,2024-07-22 17:22:59.4 UTC-06:00,2024-07-22 17:23:02.4 UTC-06:00,16,1.6,1.9,466230.172,4312045.18,2470.929,-105.389751,38.95671271,2456.937,136.464,,NAD83(2011) / UTM zone 13N + NAVD88(GEOID18) height,6,8,5,5,0,4312176.792,466262.589,2453.595,POINT Z (466262.589 4312176.792 2453.595)
466,466,172,,466261.22,4312176.962,2455.592,,-105.3893991,38.95790142,2441.601,Global,0.01,0.01,0.015,0.014,2.134,m,FIX,2024-07-22 17:23:12.0 UTC-06:00,2024-07-22 17:23:15.0 UTC-06:00,16,1.6,1.9,466230.172,4312045.18,2470.929,-105.389751,38.95671271,2456.937,136.134,,NAD83(2011) / UTM zone 13N + NAVD88(GEOID18) height,6,8,5,6,0,4312176.380000001,466262.88499999995,2453.594,POINT Z (466262.88499999995 4312176.380000001 2453.594)
467,467,173,,466261.536,4312176.583,2455.63,,-105.3893955,38.95789802,2441.639,Global,0.01,0.011,0.021,0.015,2.134,m,FIX,2024-07-22 17:23:25.6 UTC-06:00,2024-07-22 17:23:28.6 UTC-06:00,16,1.4,1.7,466230.172,4312045.18,2470.929,-105.389751,38.95671271,2456.937,135.835,,NAD83(2011) / UTM zone 13N + NAVD88(GEOID18) height,7,8,5,5,0,4312176.001,466263.201,2453.632,POINT Z (466263.201 4312176.001 2453.632)
468,468,174,,466261.82,4312176.207,2455.726,,-105.3893922,38.95789464,2441.735,Global,0.01,0.01,0.021,0.014,2.134,m,FIX,2024-07-22 17:23:37.2 UTC-06:00,2024-07-22 17:23:40.2 UTC-06:00,16,1.4,1.7,466230.172,4312045.18,2470.929,-105.389751,38.95671271,2456.937,135.531,,NAD83(2011) / UTM zone 13N + NAVD88(GEOID18) height,6,8,5,6,0,4312175.625000001,466263.485,2453.728,POINT Z (466263.485 4312175.625000001 2453.728)
469,469,175,,466262.117,4312175.805,2455.787,,-105.3893887,38.95789103,2441.796,Global,0.01,0.013,0.022,0.016,2.134,m,FIX,2024-07-22 17:23:49.6 UTC-06:00,2024-07-22 17:23:52.6 UTC-06:00,16,1.4,1.7,466230.172,4312045.18,2470.929,-105.389751,38.95671271,2456.937,135.196,,NAD83(2011) / UTM zone 13N + NAVD88(GEOID18) height,6,8,5,6,0,4312175.223,466263.782,2453.7889999999998,POINT Z (466263.782 4312175.223 2453.7889999999998)
470,470,176,,466262.338,4312175.491,2455.985,,-105.3893862,38.95788821,2441.994,Global,0.01,0.011,0.013,0.015,2.134,m,FIX,2024-07-22 17:24:04.8 UTC-06:00,2024-07-22 17:24:07.8 UTC-06:00,16,1.4,1.7,466230.172,4312045.18,2470.929,-105.389751,38.95671271,2456.937,134.926,,NAD83(2011) / UTM zone 13N + NAVD88(GEOID18) height,7,7,5,6,0,4312174.909000001,466264.00299999997,2453.987,POINT Z (466264.00299999997 4312174.909000001 2453.987)
471,471,177,,466262.616,4312175.138,2456.249,,-105.3893829,38.95788504,2442.258,Global,0.01,0.01,0.013,0.014,2.134,m,FIX,2024-07-22 17:24:17.2 UTC-06:00,2024-07-22 17:24:20.2 UTC-06:00,16,1.4,1.7,466230.172,4312045.18,2470.929,-105.389751,38.95671271,2456.937,134.638,,NAD83(2011) / UTM zone 13N + NAVD88(GEOID18) height,7,8,4,6,0,4312174.556000001,466264.28099999996,2454.2509999999997,POINT Z (466264.28099999996 4312174.556000001 2454.2509999999997)
472,472,178,,466263.48,4312173.993,2457.203,,-105.3893729,38.95787476,2443.212,Global,0.011,0.011,0.014,0.015,2.134,m,FIX,2024-07-22 17:24:47.6 UTC-06:00,2024-07-22 17:24:50.6 UTC-06:00,16,1.7,2.0,466230.172,4312045.18,2470.929,-105.389751,38.95671271,2456.937,133.651,,NAD83(2011) / UTM zone 13N + NAVD88(GEOID18) height,7,8,4,5,0,4312173.411,466265.14499999996,2455.205,POINT Z (466265.14499999996 4312173.411 2455.205)
473,473,179,,466234.623,4312209.164,2455.217,,-105.3897077,38.95819058,2441.227,Global,0.01,0.01,0.021,0.015,2.134,m,FIX,2024-07-22 17:28:10.8 UTC-06:00,2024-07-22 17:28:13.8 UTC-06:00,16,1.6,1.9,466230.172,4312045.18,2470.929,-105.389751,38.95671271,2456.937,164.731,,NAD83(2011) / UTM zone 13N + NAVD88(GEOID18) height,7,7,5,5,0,4312208.582,466236.288,2453.219,POINT Z (466236.288 4312208.582 2453.219)
474,474,180,,466234.302,4312209.493,2455.273,,-105.3897114,38.95819353,2441.283,Global,0.012,0.01,0.03,0.016,2.134,m,FIX,2024-07-22 17:28:21.4 UTC-06:00,2024-07-22 17:28:24.4 UTC-06:00,16,1.6,1.9,466230.172,4312045.18,2470.929,-105.389751,38.95671271,2456.937,165.047,,NAD83(2011) / UTM zone 13N + NAVD88(GEOID18) height,6,8,5,4,0,4312208.911,466235.967,2453.275,POINT Z (466235.967 4312208.911 2453.275)
475,475,181,,466234.004,4312209.893,2455.376,,-105.3897149,38.95819712,2441.386,Global,0.011,0.01,0.015,0.015,2.134,m,FIX,2024-07-22 17:28:32.6 UTC-06:00,2024-07-22 17:28:35.6 UTC-06:00,16,1.7,2.0,466230.172,4312045.18,2470.929,-105.389751,38.95671271,2456.937,165.426,,NAD83(2011) / UTM zone 13N + NAVD88(GEOID18) height,6,8,5,5,0,4312209.311000001,466235.669,2453.378,POINT Z (466235.669 4312209.311000001 2453.378)
476,476,182,,466233.676,4312210.251,2455.453,,-105.3897187,38.95820034,2441.463,Global,0.011,0.01,0.013,0.015,2.134,m,FIX,2024-07-22 17:28:44.8 UTC-06:00,2024-07-22 17:28:47.8 UTC-06:00,16,1.6,1.9,466230.172,4312045.18,2470.929,-105.389751,38.95671271,2456.937,165.772,,NAD83(2011) / UTM zone 13N + NAVD88(GEOID18) height,6,7,5,5,0,4312209.669000001,466235.34099999996,2453.455,POINT Z (466235.34099999996 4312209.669000001 2453.455)
477,477,183,,466233.334,4312210.624,2455.493,,-105.3897226,38.95820368,2441.503,Global,0.013,0.012,0.02,0.017,2.134,m,FIX,2024-07-22 17:29:00.6 UTC-06:00,2024-07-22 17:29:03.6 UTC-06:00,16,1.6,1.9,466230.172,4312045.18,2470.929,-105.389751,38.95671271,2456.937,166.145,,NAD83(2011) / UTM zone 13N + NAVD88(GEOID18) height,6,7,5,5,0,4312210.042,466234.99899999995,2453.495,POINT Z (466234.99899999995 4312210.042 2453.495)
478,478,184,,466233.018,4312211.018,2455.521,,-105.3897263,38.95820722,2441.531,Global,0.01,0.012,0.013,0.015,2.134,m,FIX,2024-07-22 17:29:19.2 UTC-06:00,2024-07-22 17:29:22.2 UTC-06:00,16,1.6,1.9,466230.172,4312045.18,2470.929,-105.389751,38.95671271,2456.937,166.527,,NAD83(2011) / UTM zone 13N + NAVD88(GEOID18) height,6,8,4,5,0,4312210.436000001,466234.68299999996,2453.523,POINT Z (466234.68299999996 4312210.436000001 2453.523)
479,479,185,,466232.715,4312211.4,2455.619,,-105.3897298,38.95821065,2441.628,Global,0.011,0.011,0.014,0.015,2.134,m,FIX,2024-07-22 17:29:34.0 UTC-06:00,2024-07-22 17:29:37.0 UTC-06:00,16,1.5,1.8,466230.172,4312045.18,2470.929,-105.389751,38.95671271,2456.937,166.884,,NAD83(2011) / UTM zone 13N + NAVD88(GEOID18) height,6,7,5,5,0,4312210.818000001,466234.38,2453.621,POINT Z (466234.38 4312210.818000001 2453.621)
480,480,186,,466232.408,4312211.761,2455.729,,-105.3897334,38.9582139,2441.739,Global,0.01,0.01,0.013,0.014,2.134,m,FIX,2024-07-22 17:29:46.6 UTC-06:00,2024-07-22 17:29:49.6 UTC-06:00,16,1.5,1.8,466230.172,4312045.18,2470.929,-105.389751,38.95671271,2456.937,167.24,,NAD83(2011) / UTM zone 13N + NAVD88(GEOID18) height,6,8,6,5,0,4312211.1790000005,466234.073,2453.7309999999998,POINT Z (466234.073 4312211.1790000005 2453.7309999999998)
481,481,187,,466232.095,4312212.151,2455.759,,-105.389737,38.9582174,2441.769,Global,0.01,0.01,0.014,0.015,2.134,m,FIX,2024-07-22 17:30:02.2 UTC-06:00,2024-07-22 17:30:05.2 UTC-06:00,16,1.4,1.6,466230.172,4312045.18,2470.929,-105.389751,38.95671271,2456.937,167.62,,NAD83(2011) / UTM zone 13N + NAVD88(GEOID18) height,7,8,6,4,0,4312211.569,466233.75999999995,2453.761,POINT Z (466233.75999999995 4312211.569 2453.761)
482,482,188,,466231.774,4312212.528,2455.768,,-105.3897407,38.95822078,2441.778,Global,0.011,0.01,0.022,0.015,2.134,m,FIX,2024-07-22 17:30:14.2 UTC-06:00,2024-07-22 17:30:17.2 UTC-06:00,16,1.5,1.8,466230.172,4312045.18,2470.929,-105.389751,38.95671271,2456.937,167.991,,NAD83(2011) / UTM zone 13N + NAVD88(GEOID18) height,6,8,5,4,0,4312211.946,466233.43899999995,2453.77,POINT Z (466233.43899999995 4312211.946 2453.77)
483,483,189,,466231.449,4312212.914,2455.745,,-105.3897445,38.95822425,2441.754,Global,0.011,0.01,0.018,0.015,2.134,m,FIX,2024-07-22 17:30:27.0 UTC-06:00,2024-07-22 17:30:30.0 UTC-06:00,16,1.5,1.8,466230.172,4312045.18,2470.929,-105.389751,38.95671271,2456.937,168.382,,NAD83(2011) / UTM zone 13N + NAVD88(GEOID18) height,7,8,5,5,0,4312212.332,466233.114,2453.747,POINT Z (466233.114 4312212.332 2453.747)
484,484,190,,466231.155,4312213.325,2455.813,,-105.3897479,38.95822794,2441.822,Global,0.01,0.01,0.019,0.014,2.134,m,FIX,2024-07-22 17:30:42.2 UTC-06:00,2024-07-22 17:30:45.2 UTC-06:00,16,1.6,1.8,466230.172,4312045.18,2470.929,-105.389751,38.95671271,2456.937,168.778,,NAD83(2011) / UTM zone 13N + NAVD88(GEOID18) height,6,8,5,3,0,4312212.743000001,466232.82,2453.815,POINT Z (466232.82 4312212.743000001 2453.815)
485,485,191,,466230.827,4312213.695,2455.847,,-105.3897517,38.95823126,2441.857,Global,0.01,0.01,0.015,0.014,2.134,m,FIX,2024-07-22 17:30:55.6 UTC-06:00,2024-07-22 17:30:58.6 UTC-06:00,16,1.4,1.6,466230.172,4312045.18,2470.929,-105.389751,38.95671271,2456.937,169.143,,NAD83(2011) / UTM zone 13N + NAVD88(GEOID18) height,7,7,5,4,0,4312213.113000001,466232.49199999997,2453.849,POINT Z (466232.49199999997 4312213.113000001 2453.849)
486,486,192,,466230.52,4312214.072,2455.863,,-105.3897553,38.95823465,2441.873,Global,0.011,0.01,0.03,0.015,2.134,m,FIX,2024-07-22 17:31:06.8 UTC-06:00,2024-07-22 17:31:09.8 UTC-06:00,16,1.4,1.6,466230.172,4312045.18,2470.929,-105.389751,38.95671271,2456.937,169.51,,NAD83(2011) / UTM zone 13N + NAVD88(GEOID18) height,7,8,5,3,0,4312213.49,466232.185,2453.865,POINT Z (466232.185 4312213.49 2453.865)
487,487,193,,466230.224,4312214.46,2455.855,,-105.3897587,38.95823813,2441.865,Global,0.01,0.011,0.017,0.015,2.134,m,FIX,2024-07-22 17:31:20.0 UTC-06:00,2024-07-22 17:31:23.0 UTC-06:00,16,1.5,1.8,466230.172,4312045.18,2470.929,-105.389751,38.95671271,2456.937,169.9,,NAD83(2011) / UTM zone 13N + NAVD88(GEOID18) height,6,8,5,4,0,4312213.8780000005,466231.88899999997,2453.857,POINT Z (466231.88899999997 4312213.8780000005 2453.857)
488,488,194,,466229.92,4312214.868,2455.888,,-105.3897622,38.9582418,2441.898,Global,0.011,0.01,0.015,0.015,2.134,m,FIX,2024-07-22 17:31:32.8 UTC-06:00,2024-07-22 17:31:35.8 UTC-06:00,16,1.5,1.8,466230.172,4312045.18,2470.929,-105.389751,38.95671271,2456.937,170.312,,NAD83(2011) / UTM zone 13N + NAVD88(GEOID18) height,6,8,5,4,0,4312214.286,466231.58499999996,2453.89,POINT Z (466231.58499999996 4312214.286 2453.89)
489,489,195,,466229.609,4312215.236,2455.879,,-105.3897659,38.9582451,2441.889,Global,0.01,0.01,0.019,0.014,2.134,m,FIX,2024-07-22 17:31:45.0 UTC-06:00,2024-07-22 17:31:48.0 UTC-06:00,16,1.5,1.8,466230.172,4312045.18,2470.929,-105.389751,38.95671271,2456.937,170.679,,NAD83(2011) / UTM zone 13N + NAVD88(GEOID18) height,6,8,5,4,0,4312214.654,466231.274,2453.881,POINT Z (466231.274 4312214.654 2453.881)
490,490,196,,466229.283,4312215.624,2455.863,,-105.3897696,38.95824858,2441.873,Global,0.01,0.011,0.021,0.015,2.134,m,FIX,2024-07-22 17:31:57.8 UTC-06:00,2024-07-22 17:32:00.8 UTC-06:00,16,1.5,1.8,466230.172,4312045.18,2470.929,-105.389751,38.95671271,2456.937,171.061,,NAD83(2011) / UTM zone 13N + NAVD88(GEOID18) height,6,8,5,4,0,4312215.042,466230.948,2453.865,POINT Z (466230.948 4312215.042 2453.865)
491,491,197,,466228.977,4312216.025,2455.921,,-105.3897732,38.95825219,2441.931,Global,0.01,0.01,0.011,0.014,2.134,m,FIX,2024-07-22 17:32:13.8 UTC-06:00,2024-07-22 17:32:16.8 UTC-06:00,16,1.7,2.0,466230.172,4312045.18,2470.929,-105.389751,38.95671271,2456.937,171.468,,NAD83(2011) / UTM zone 13N + NAVD88(GEOID18) height,6,8,5,4,0,4312215.443000001,466230.642,2453.923,POINT Z (466230.642 4312215.443000001 2453.923)
492,492,198,,466228.678,4312216.424,2455.9,,-105.3897767,38.95825577,2441.91,Global,0.01,0.01,0.01,0.015,2.134,m,FIX,2024-07-22 17:32:28.0 UTC-06:00,2024-07-22 17:32:31.0 UTC-06:00,16,1.7,2.0,466230.172,4312045.18,2470.929,-105.389751,38.95671271,2456.937,171.866,,NAD83(2011) / UTM zone 13N + NAVD88(GEOID18) height,6,8,5,5,0,4312215.842,466230.343,2453.902,POINT Z (466230.343 4312215.842 2453.902)
493,493,199,,466228.385,4312216.798,2455.912,,-105.3897801,38.95825913,2441.922,Global,0.01,0.011,0.015,0.015,2.134,m,FIX,2024-07-22 17:32:43.6 UTC-06:00,2024-07-22 17:32:46.6 UTC-06:00,16,1.7,2.0,466230.172,4312045.18,2470.929,-105.389751,38.95671271,2456.937,172.246,,NAD83(2011) / UTM zone 13N + NAVD88(GEOID18) height,6,8,5,4,0,4312216.216000001,466230.05,2453.9139999999998,POINT Z (466230.05 4312216.216000001 2453.9139999999998)
494,494,200,,466228.065,4312217.187,2455.89,,-105.3897838,38.95826262,2441.9,Global,0.01,0.01,0.019,0.015,2.134,m,FIX,2024-07-22 17:32:58.2 UTC-06:00,2024-07-22 17:33:01.2 UTC-06:00,16,1.7,2.0,466230.172,4312045.18,2470.929,-105.389751,38.95671271,2456.937,172.64,,NAD83(2011) / UTM zone 13N + NAVD88(GEOID18) height,6,8,5,5,0,4312216.605,466229.73,2453.892,POINT Z (466229.73 4312216.605 2453.892)
495,495,201,,466227.742,4312217.583,2455.89,,-105.3897875,38.95826618,2441.9,Global,0.01,0.01,0.012,0.015,2.134,m,FIX,2024-07-22 17:33:12.6 UTC-06:00,2024-07-22 17:33:15.6 UTC-06:00,16,1.7,2.0,466230.172,4312045.18,2470.929,-105.389751,38.95671271,2456.937,173.034,,NAD83(2011) / UTM zone 13N + NAVD88(GEOID18) height,6,8,5,5,0,4312217.001,466229.407,2453.892,POINT Z (466229.407 4312217.001 2453.892)
496,496,202,,466227.447,4312217.981,2455.9,,-105.3897909,38.95826975,2441.911,Global,0.01,0.011,0.019,0.015,2.134,m,FIX,2024-07-22 17:33:27.6 UTC-06:00,2024-07-22 17:33:30.6 UTC-06:00,16,1.7,2.0,466230.172,4312045.18,2470.929,-105.389751,38.95671271,2456.937,173.439,,NAD83(2011) / UTM zone 13N + NAVD88(GEOID18) height,6,8,5,6,0,4312217.399,466229.11199999996,2453.902,POINT Z (466229.11199999996 4312217.399 2453.902)
497,497,203,,466227.132,4312218.379,2455.888,,-105.3897946,38.95827333,2441.898,Global,0.011,0.011,0.018,0.015,2.134,m,FIX,2024-07-22 17:33:41.2 UTC-06:00,2024-07-22 17:33:44.2 UTC-06:00,16,1.7,2.0,466230.172,4312045.18,2470.929,-105.389751,38.95671271,2456.937,173.841,,NAD83(2011) / UTM zone 13N + NAVD88(GEOID18) height,6,8,5,6,0,4312217.797,466228.79699999996,2453.89,POINT Z (466228.79699999996 4312217.797 2453.89)
498,498,204,,466226.827,4312218.771,2455.903,,-105.3897981,38.95827685,2441.913,Global,0.01,0.011,0.016,0.015,2.134,m,FIX,2024-07-22 17:33:58.2 UTC-06:00,2024-07-22 17:34:01.2 UTC-06:00,16,1.3,1.6,466230.172,4312045.18,2470.929,-105.389751,38.95671271,2456.937,174.238,,NAD83(2011) / UTM zone 13N + NAVD88(GEOID18) height,7,8,5,6,0,4312218.189,466228.49199999997,2453.9049999999997,POINT Z (466228.49199999997 4312218.189 2453.9049999999997)
499,499,205,,466226.505,4312219.149,2455.932,,-105.3898019,38.95828024,2441.942,Global,0.012,0.01,0.013,0.015,2.134,m,FIX,2024-07-22 17:34:10.0 UTC-06:00,2024-07-22 17:34:13.0 UTC-06:00,16,1.3,1.6,466230.172,4312045.18,2470.929,-105.389751,38.95671271,2456.937,174.615,,NAD83(2011) / UTM zone 13N + NAVD88(GEOID18) height,7,8,5,5,0,4312218.567000001,466228.17,2453.9339999999997,POINT Z (466228.17 4312218.567000001 2453.9339999999997)
500,500,206,,466226.17,4312219.522,2455.987,,-105.3898058,38.95828359,2441.997,Global,0.01,0.011,0.011,0.015,2.134,m,FIX,2024-07-22 17:34:22.2 UTC-06:00,2024-07-22 17:34:25.2 UTC-06:00,16,1.5,1.7,466230.172,4312045.18,2470.929,-105.389751,38.95671271,2456.937,174.993,,NAD83(2011) / UTM zone 13N + NAVD88(GEOID18) height,6,8,5,6,0,4312218.94,466227.83499999996,2453.989,POINT Z (466227.83499999996 4312218.94 2453.989)
501,501,207,,466225.895,4312219.849,2456.059,,-105.3898089,38.95828653,2442.069,Global,0.01,0.01,0.017,0.014,2.134,m,FIX,2024-07-22 17:34:37.8 UTC-06:00,2024-07-22 17:34:40.8 UTC-06:00,16,1.5,1.7,466230.172,4312045.18,2470.929,-105.389751,38.95671271,2456.937,175.321,,NAD83(2011) / UTM zone 13N + NAVD88(GEOID18) height,6,8,5,5,0,4312219.267000001,466227.56,2454.061,POINT Z (466227.56 4312219.267000001 2454.061)
502,502,208,,466225.204,4312220.804,2456.177,,-105.389817,38.95829511,2442.187,Global,0.01,0.01,0.014,0.014,2.134,m,FIX,2024-07-22 17:34:58.4 UTC-06:00,2024-07-22 17:35:01.4 UTC-06:00,16,1.5,1.7,466230.172,4312045.18,2470.929,-105.389751,38.95671271,2456.937,176.285,,NAD83(2011) / UTM zone 13N + NAVD88(GEOID18) height,6,8,5,6,0,4312220.222,466226.869,2454.179,POINT Z (466226.869 4312220.222 2454.179)
503,503,209,,466224.341,4312221.713,2456.339,,-105.389827,38.95830326,2442.349,Global,0.01,0.011,0.013,0.015,2.134,m,FIX,2024-07-22 17:35:10.6 UTC-06:00,2024-07-22 17:35:13.6 UTC-06:00,16,1.5,1.7,466230.172,4312045.18,2470.929,-105.389751,38.95671271,2456.937,177.202,,NAD83(2011) / UTM zone 13N + NAVD88(GEOID18) height,6,8,5,5,0,4312221.131000001,466226.006,2454.341,POINT Z (466226.006 4312221.131000001 2454.341)
504,504,210,,466223.316,4312222.628,2456.534,,-105.3898388,38.95831147,2442.544,Global,0.011,0.01,0.01,0.015,2.134,m,FIX,2024-07-22 17:35:24.2 UTC-06:00,2024-07-22 17:35:27.2 UTC-06:00,16,1.4,1.6,466230.172,4312045.18,2470.929,-105.389751,38.95671271,2456.937,178.137,,NAD83(2011) / UTM zone 13N + NAVD88(GEOID18) height,6,8,5,5,0,4312222.046,466224.98099999997,2454.536,POINT Z (466224.98099999997 4312222.046 2454.536)
505,505,211,,466222.104,4312224.167,2456.75,,-105.3898529,38.95832529,2442.76,Global,0.01,0.011,0.012,0.015,2.134,m,FIX,2024-07-22 17:35:47.4 UTC-06:00,2024-07-22 17:35:50.4 UTC-06:00,16,1.5,1.7,466230.172,4312045.18,2470.929,-105.389751,38.95671271,2456.937,179.71,,NAD83(2011) / UTM zone 13N + NAVD88(GEOID18) height,6,8,5,6,0,4312223.585000001,466223.769,2454.752,POINT Z (466223.769 4312223.585000001 2454.752)
