Name,Code,Easting,Northing,Elevation,Description,Longitude,Latitude,Ellipsoidal height,Origin,Easting RMS,Northing RMS,Elevation RMS,Lateral RMS,Antenna height,Antenna height units,Solution status,Averaging start,Averaging end,Samples,PDOP,GDOP,Base easting,Base northing,Base elevation,Base longitude,Base latitude,Base ellipsoidal height,Baseline,Mount point,CS name,GPS Satellites,GLONASS Satellites,Galileo Satellites,BeiDou Satellites,QZSS Satellites
1,,468260.659,4313293.971,2424.256,,-105.36637472,38.96804176,2410.231,Global,0.012,0.011,0.012,0.016,2.134,m,FIX,2024-07-23 11:05:36.0 UTC-06:00,2024-07-23 11:06:06.0 UTC-06:00,151,1.3,1.5,468406.801,4313300.605,2429.986,-105.36468810,38.96810683,2415.959,146.455,,NAD83(2011) / UTM zone 13N + NAVD88(GEOID18) height,6,8,8,4,0
2,,468260.657,4313293.972,2424.267,,-105.36637474,38.96804176,2410.242,Global,0.011,0.010,0.011,0.015,2.134,m,FIX,2024-07-23 11:06:27.0 UTC-06:00,2024-07-23 11:06:30.0 UTC-06:00,16,1.2,1.5,468406.801,4313300.605,2429.986,-105.36468810,38.96810683,2415.959,146.444,,NAD83(2011) / UTM zone 13N + NAVD88(GEOID18) height,6,8,9,4,0
3,,468260.524,4313293.933,2424.264,,-105.36637627,38.96804141,2410.240,Global,0.010,0.012,0.010,0.016,2.134,m,FIX,2024-07-23 11:06:39.0 UTC-06:00,2024-07-23 11:06:42.0 UTC-06:00,16,1.2,1.5,468406.801,4313300.605,2429.986,-105.36468810,38.96810683,2415.959,146.588,,NAD83(2011) / UTM zone 13N + NAVD88(GEOID18) height,7,7,8,4,0
4,,468260.736,4313293.795,2424.269,,-105.36637381,38.96804017,2410.245,Global,0.011,0.011,0.010,0.015,2.134,m,FIX,2024-07-23 11:06:56.0 UTC-06:00,2024-07-23 11:06:59.0 UTC-06:00,16,1.2,1.5,468406.801,4313300.605,2429.986,-105.36468810,38.96810683,2415.959,146.389,,NAD83(2011) / UTM zone 13N + NAVD88(GEOID18) height,8,7,8,4,0
5,,468260.806,4313293.994,2424.159,,-105.36637302,38.96804197,2410.135,Global,0.010,0.011,0.010,0.015,2.134,m,FIX,2024-07-23 11:07:11.4 UTC-06:00,2024-07-23 11:07:14.4 UTC-06:00,16,1.4,1.6,468406.801,4313300.605,2429.986,-105.36468810,38.96810683,2415.959,146.306,,NAD83(2011) / UTM zone 13N + NAVD88(GEOID18) height,7,7,8,4,0
6,,468260.659,4313294.123,2424.200,,-105.36637472,38.96804313,2410.175,Global,0.010,0.010,0.010,0.014,2.134,m,FIX,2024-07-23 11:07:27.0 UTC-06:00,2024-07-23 11:07:30.0 UTC-06:00,16,1.4,1.6,468406.801,4313300.605,2429.986,-105.36468810,38.96810683,2415.959,146.443,,NAD83(2011) / UTM zone 13N + NAVD88(GEOID18) height,7,7,9,4,0
7,,468260.654,4313294.014,2424.213,,-105.36637477,38.96804215,2410.189,Global,0.010,0.013,0.010,0.016,2.134,m,FIX,2024-07-23 11:07:47.2 UTC-06:00,2024-07-23 11:07:50.2 UTC-06:00,16,1.4,1.6,468406.801,4313300.605,2429.986,-105.36468810,38.96810683,2415.959,146.453,,NAD83(2011) / UTM zone 13N + NAVD88(GEOID18) height,6,6,9,4,0
8,,468260.654,4313293.980,2424.275,,-105.36637477,38.96804184,2410.250,Global,0.010,0.010,0.010,0.015,2.134,m,FIX,2024-07-23 11:08:01.4 UTC-06:00,2024-07-23 11:08:04.4 UTC-06:00,16,1.4,1.6,468406.801,4313300.605,2429.986,-105.36468810,38.96810683,2415.959,146.452,,NAD83(2011) / UTM zone 13N + NAVD88(GEOID18) height,7,7,9,4,0
9,,468260.639,4313294.191,2424.149,,-105.36637496,38.96804374,2410.124,Global,0.010,0.010,0.011,0.015,2.134,m,FIX,2024-07-23 11:08:36.6 UTC-06:00,2024-07-23 11:08:39.6 UTC-06:00,16,1.4,1.6,468406.801,4313300.605,2429.986,-105.36468810,38.96810683,2415.959,146.458,,NAD83(2011) / UTM zone 13N + NAVD88(GEOID18) height,6,6,7,4,0
10,,468260.618,4313294.414,2424.116,,-105.36637520,38.96804575,2410.091,Global,0.011,0.012,0.010,0.017,2.134,m,FIX,2024-07-23 11:08:56.0 UTC-06:00,2024-07-23 11:08:59.0 UTC-06:00,16,1.4,1.6,468406.801,4313300.605,2429.986,-105.36468810,38.96810683,2415.959,146.470,,NAD83(2011) / UTM zone 13N + NAVD88(GEOID18) height,7,6,8,4,0
11,,468260.600,4313294.612,2424.101,,-105.36637543,38.96804753,2410.077,Global,0.010,0.011,0.011,0.015,2.134,m,FIX,2024-07-23 11:09:05.4 UTC-06:00,2024-07-23 11:09:08.4 UTC-06:00,16,1.4,1.6,468406.801,4313300.605,2429.986,-105.36468810,38.96810683,2415.959,146.481,,NAD83(2011) / UTM zone 13N + NAVD88(GEOID18) height,8,6,8,4,0
12,,468260.552,4313294.804,2424.131,,-105.36637598,38.96804926,2410.106,Global,0.012,0.011,0.010,0.016,2.134,m,FIX,2024-07-23 11:09:16.0 UTC-06:00,2024-07-23 11:09:19.0 UTC-06:00,16,1.4,1.6,468406.801,4313300.605,2429.986,-105.36468810,38.96810683,2415.959,146.526,,NAD83(2011) / UTM zone 13N + NAVD88(GEOID18) height,7,7,8,5,0
13,,468260.518,4313295.007,2424.086,,-105.36637639,38.96805109,2410.061,Global,0.013,0.013,0.013,0.019,2.134,m,FIX,2024-07-23 11:09:29.4 UTC-06:00,2024-07-23 11:09:32.4 UTC-06:00,16,1.3,1.5,468406.801,4313300.605,2429.986,-105.36468810,38.96810683,2415.959,146.550,,NAD83(2011) / UTM zone 13N + NAVD88(GEOID18) height,8,8,7,4,0
14,,468260.492,4313295.201,2424.078,,-105.36637670,38.96805283,2410.053,Global,0.011,0.011,0.011,0.015,2.134,m,FIX,2024-07-23 11:09:39.6 UTC-06:00,2024-07-23 11:09:42.6 UTC-06:00,16,1.3,1.5,468406.801,4313300.605,2429.986,-105.36468810,38.96810683,2415.959,146.570,,NAD83(2011) / UTM zone 13N + NAVD88(GEOID18) height,8,7,8,4,0
15,,468260.457,4313295.419,2424.091,,-105.36637711,38.96805480,2410.066,Global,0.010,0.011,0.010,0.015,2.134,m,FIX,2024-07-23 11:10:05.4 UTC-06:00,2024-07-23 11:10:08.4 UTC-06:00,16,1.3,1.5,468406.801,4313300.605,2429.986,-105.36468810,38.96810683,2415.959,146.595,,NAD83(2011) / UTM zone 13N + NAVD88(GEOID18) height,8,6,8,5,0
16,,468260.409,4313295.591,2424.067,,-105.36637768,38.96805635,2410.042,Global,0.012,0.014,0.010,0.019,2.134,m,FIX,2024-07-23 11:10:34.2 UTC-06:00,2024-07-23 11:10:37.2 UTC-06:00,16,1.3,1.5,468406.801,4313300.605,2429.986,-105.36468810,38.96810683,2415.959,146.634,,NAD83(2011) / UTM zone 13N + NAVD88(GEOID18) height,8,6,8,5,0
17,,468260.381,4313295.804,2424.081,,-105.36637800,38.96805827,2410.056,Global,0.010,0.010,0.010,0.014,2.134,m,FIX,2024-07-23 11:10:44.6 UTC-06:00,2024-07-23 11:10:47.6 UTC-06:00,16,1.3,1.5,468406.801,4313300.605,2429.986,-105.36468810,38.96810683,2415.959,146.657,,NAD83(2011) / UTM zone 13N + NAVD88(GEOID18) height,8,6,8,5,0
18,,468260.370,4313295.985,2424.077,,-105.36637815,38.96805989,2410.052,Global,0.011,0.010,0.010,0.015,2.134,m,FIX,2024-07-23 11:10:54.0 UTC-06:00,2024-07-23 11:10:57.0 UTC-06:00,16,1.3,1.5,468406.801,4313300.605,2429.986,-105.36468810,38.96810683,2415.959,146.667,,NAD83(2011) / UTM zone 13N + NAVD88(GEOID18) height,7,6,8,5,0
19,,468260.317,4313296.181,2424.056,,-105.36637876,38.96806166,2410.031,Global,0.011,0.011,0.010,0.015,2.134,m,FIX,2024-07-23 11:11:07.4 UTC-06:00,2024-07-23 11:11:10.4 UTC-06:00,16,1.3,1.5,468406.801,4313300.605,2429.986,-105.36468810,38.96810683,2415.959,146.703,,NAD83(2011) / UTM zone 13N + NAVD88(GEOID18) height,8,7,8,5,0
20,,468260.295,4313296.382,2424.056,,-105.36637903,38.96806347,2410.031,Global,0.012,0.010,0.010,0.016,2.134,m,FIX,2024-07-23 11:11:16.4 UTC-06:00,2024-07-23 11:11:19.4 UTC-06:00,16,1.3,1.5,468406.801,4313300.605,2429.986,-105.36468810,38.96810683,2415.959,146.725,,NAD83(2011) / UTM zone 13N + NAVD88(GEOID18) height,7,7,8,5,0
21,,468260.280,4313296.582,2424.036,,-105.36637921,38.96806528,2410.011,Global,0.011,0.010,0.010,0.015,2.134,m,FIX,2024-07-23 11:11:27.8 UTC-06:00,2024-07-23 11:11:30.8 UTC-06:00,16,1.3,1.5,468406.801,4313300.605,2429.986,-105.36468810,38.96810683,2415.959,146.747,,NAD83(2011) / UTM zone 13N + NAVD88(GEOID18) height,7,7,8,5,0
22,,468260.246,4313296.775,2424.023,,-105.36637961,38.96806701,2409.998,Global,0.010,0.011,0.010,0.015,2.134,m,FIX,2024-07-23 11:11:39.8 UTC-06:00,2024-07-23 11:11:42.8 UTC-06:00,16,1.3,1.5,468406.801,4313300.605,2429.986,-105.36468810,38.96810683,2415.959,146.768,,NAD83(2011) / UTM zone 13N + NAVD88(GEOID18) height,7,7,8,4,0
23,,468260.205,4313296.977,2424.010,,-105.36638009,38.96806883,2409.985,Global,0.010,0.011,0.010,0.015,2.134,m,FIX,2024-07-23 11:11:51.8 UTC-06:00,2024-07-23 11:11:54.8 UTC-06:00,16,1.3,1.5,468406.801,4313300.605,2429.986,-105.36468810,38.96810683,2415.959,146.807,,NAD83(2011) / UTM zone 13N + NAVD88(GEOID18) height,7,7,8,5,0
24,,468260.211,4313297.186,2423.790,,-105.36638004,38.96807071,2409.765,Global,0.011,0.010,0.010,0.015,2.134,m,FIX,2024-07-23 11:12:24.6 UTC-06:00,2024-07-23 11:12:27.6 UTC-06:00,16,1.3,1.5,468406.801,4313300.605,2429.986,-105.36468810,38.96810683,2415.959,146.807,,NAD83(2011) / UTM zone 13N + NAVD88(GEOID18) height,7,6,8,5,0
25,,468260.178,4313297.391,2423.759,,-105.36638042,38.96807256,2409.734,Global,0.011,0.012,0.011,0.016,2.134,m,FIX,2024-07-23 11:12:35.4 UTC-06:00,2024-07-23 11:12:38.4 UTC-06:00,16,1.3,1.5,468406.801,4313300.605,2429.986,-105.36468810,38.96810683,2415.959,146.828,,NAD83(2011) / UTM zone 13N + NAVD88(GEOID18) height,7,6,8,5,0
26,,468260.162,4313297.471,2423.717,,-105.36638062,38.96807328,2409.693,Global,0.011,0.013,0.010,0.017,2.134,m,FIX,2024-07-23 11:13:21.0 UTC-06:00,2024-07-23 11:13:24.0 UTC-06:00,16,1.3,1.5,468406.801,4313300.605,2429.986,-105.36468810,38.96810683,2415.959,146.842,,NAD83(2011) / UTM zone 13N + NAVD88(GEOID18) height,7,5,8,5,0
27,,468260.104,4313297.665,2423.666,,-105.36638129,38.96807502,2409.641,Global,0.010,0.012,0.010,0.016,2.134,m,FIX,2024-07-23 11:13:37.6 UTC-06:00,2024-07-23 11:13:40.6 UTC-06:00,16,1.3,1.5,468406.801,4313300.605,2429.986,-105.36468810,38.96810683,2415.959,146.896,,NAD83(2011) / UTM zone 13N + NAVD88(GEOID18) height,7,5,8,4,0
28,,468260.107,4313297.875,2423.501,,-105.36638127,38.96807692,2409.477,Global,0.011,0.011,0.011,0.015,2.134,m,FIX,2024-07-23 11:13:57.4 UTC-06:00,2024-07-23 11:14:00.4 UTC-06:00,16,1.3,1.5,468406.801,4313300.605,2429.986,-105.36468810,38.96810683,2415.959,146.901,,NAD83(2011) / UTM zone 13N + NAVD88(GEOID18) height,7,5,8,4,0
29,,468260.048,4313298.052,2423.532,,-105.36638196,38.96807852,2409.508,Global,0.011,0.010,0.011,0.015,2.134,m,FIX,2024-07-23 11:14:09.8 UTC-06:00,2024-07-23 11:14:12.8 UTC-06:00,16,1.3,1.5,468406.801,4313300.605,2429.986,-105.36468810,38.96810683,2415.959,146.945,,NAD83(2011) / UTM zone 13N + NAVD88(GEOID18) height,7,5,7,4,0
30,,468260.034,4313298.239,2423.532,,-105.36638213,38.96808019,2409.508,Global,0.012,0.011,0.011,0.017,2.134,m,FIX,2024-07-23 11:14:18.6 UTC-06:00,2024-07-23 11:14:21.6 UTC-06:00,16,1.3,1.5,468406.801,4313300.605,2429.986,-105.36468810,38.96810683,2415.959,146.954,,NAD83(2011) / UTM zone 13N + NAVD88(GEOID18) height,7,5,7,4,0
31,,468260.039,4313298.451,2423.509,,-105.36638207,38.96808210,2409.485,Global,0.010,0.010,0.010,0.015,2.134,m,FIX,2024-07-23 11:14:29.6 UTC-06:00,2024-07-23 11:14:32.6 UTC-06:00,16,1.4,1.7,468406.801,4313300.605,2429.986,-105.36468810,38.96810683,2415.959,146.956,,NAD83(2011) / UTM zone 13N + NAVD88(GEOID18) height,7,5,7,4,0
32,,468259.977,4313298.644,2423.466,,-105.36638280,38.96808384,2409.442,Global,0.011,0.010,0.010,0.015,2.134,m,FIX,2024-07-23 11:15:01.8 UTC-06:00,2024-07-23 11:15:04.8 UTC-06:00,16,1.4,1.7,468406.801,4313300.605,2429.986,-105.36468810,38.96810683,2415.959,147.005,,NAD83(2011) / UTM zone 13N + NAVD88(GEOID18) height,7,5,7,4,0
33,,468259.933,4313298.827,2423.472,,-105.36638332,38.96808549,2409.447,Global,0.011,0.010,0.010,0.015,2.134,m,FIX,2024-07-23 11:15:34.2 UTC-06:00,2024-07-23 11:15:37.2 UTC-06:00,16,1.4,1.7,468406.801,4313300.605,2429.986,-105.36468810,38.96810683,2415.959,147.061,,NAD83(2011) / UTM zone 13N + NAVD88(GEOID18) height,8,5,7,4,0
34,,468259.930,4313299.015,2423.447,,-105.36638336,38.96808718,2409.422,Global,0.011,0.011,0.011,0.016,2.134,m,FIX,2024-07-23 11:15:50.6 UTC-06:00,2024-07-23 11:15:53.6 UTC-06:00,16,1.4,1.7,468406.801,4313300.605,2429.986,-105.36468810,38.96810683,2415.959,147.067,,NAD83(2011) / UTM zone 13N + NAVD88(GEOID18) height,7,5,7,4,0
35,,468259.870,4313299.259,2423.431,,-105.36638407,38.96808938,2409.406,Global,0.011,0.011,0.010,0.015,2.134,m,FIX,2024-07-23 11:16:04.8 UTC-06:00,2024-07-23 11:16:07.8 UTC-06:00,16,1.4,1.7,468406.801,4313300.605,2429.986,-105.36468810,38.96810683,2415.959,147.110,,NAD83(2011) / UTM zone 13N + NAVD88(GEOID18) height,7,5,8,4,0
36,,468259.881,4313299.469,2423.417,,-105.36638394,38.96809127,2409.392,Global,0.011,0.011,0.010,0.015,2.134,m,FIX,2024-07-23 11:16:14.0 UTC-06:00,2024-07-23 11:16:17.0 UTC-06:00,16,1.4,1.7,468406.801,4313300.605,2429.986,-105.36468810,38.96810683,2415.959,147.105,,NAD83(2011) / UTM zone 13N + NAVD88(GEOID18) height,7,5,9,4,0
37,,468259.810,4313299.641,2423.428,,-105.36638478,38.96809282,2409.404,Global,0.010,0.010,0.012,0.015,2.134,m,FIX,2024-07-23 11:16:22.4 UTC-06:00,2024-07-23 11:16:25.4 UTC-06:00,16,1.4,1.7,468406.801,4313300.605,2429.986,-105.36468810,38.96810683,2415.959,147.174,,NAD83(2011) / UTM zone 13N + NAVD88(GEOID18) height,7,5,9,4,0
38,,468259.806,4313299.851,2423.363,,-105.36638483,38.96809471,2409.338,Global,0.011,0.011,0.010,0.016,2.134,m,FIX,2024-07-23 11:16:31.4 UTC-06:00,2024-07-23 11:16:34.4 UTC-06:00,16,1.4,1.7,468406.801,4313300.605,2429.986,-105.36468810,38.96810683,2415.959,147.170,,NAD83(2011) / UTM zone 13N + NAVD88(GEOID18) height,8,5,9,4,0
39,,468259.733,4313300.039,2423.351,,-105.36638569,38.96809640,2409.326,Global,0.011,0.010,0.010,0.015,2.134,m,FIX,2024-07-23 11:16:42.6 UTC-06:00,2024-07-23 11:16:45.6 UTC-06:00,16,1.4,1.7,468406.801,4313300.605,2429.986,-105.36468810,38.96810683,2415.959,147.259,,NAD83(2011) / UTM zone 13N + NAVD88(GEOID18) height,8,5,9,4,0
40,,468259.806,4313300.233,2423.344,,-105.36638485,38.96809816,2409.319,Global,0.019,0.010,0.010,0.021,2.134,m,FIX,2024-07-23 11:16:54.0 UTC-06:00,2024-07-23 11:16:57.0 UTC-06:00,16,1.4,1.7,468406.801,4313300.605,2429.986,-105.36468810,38.96810683,2415.959,147.142,,NAD83(2011) / UTM zone 13N + NAVD88(GEOID18) height,7,6,9,4,0
41,,468259.802,4313300.439,2423.334,,-105.36638491,38.96810002,2409.309,Global,0.018,0.010,0.010,0.020,2.134,m,FIX,2024-07-23 11:17:03.6 UTC-06:00,2024-07-23 11:17:06.6 UTC-06:00,16,1.4,1.7,468406.801,4313300.605,2429.986,-105.36468810,38.96810683,2415.959,147.201,,NAD83(2011) / UTM zone 13N + NAVD88(GEOID18) height,8,5,9,4,0
42,,468259.870,4313300.651,2423.290,,-105.36638413,38.96810193,2409.266,Global,0.012,0.010,0.010,0.016,2.134,m,FIX,2024-07-23 11:17:16.0 UTC-06:00,2024-07-23 11:17:19.0 UTC-06:00,16,1.4,1.7,468406.801,4313300.605,2429.986,-105.36468810,38.96810683,2415.959,147.110,,NAD83(2011) / UTM zone 13N + NAVD88(GEOID18) height,7,5,9,4,0
43,,468259.817,4313300.852,2423.343,,-105.36638475,38.96810373,2409.319,Global,0.010,0.013,0.010,0.017,2.134,m,FIX,2024-07-23 11:17:28.8 UTC-06:00,2024-07-23 11:17:31.8 UTC-06:00,16,1.4,1.7,468406.801,4313300.605,2429.986,-105.36468810,38.96810683,2415.959,147.167,,NAD83(2011) / UTM zone 13N + NAVD88(GEOID18) height,7,5,8,5,0
44,,468259.764,4313301.063,2423.329,,-105.36638538,38.96810564,2409.305,Global,0.011,0.011,0.010,0.015,2.134,m,FIX,2024-07-23 11:17:38.2 UTC-06:00,2024-07-23 11:17:41.2 UTC-06:00,16,1.4,1.7,468406.801,4313300.605,2429.986,-105.36468810,38.96810683,2415.959,147.223,,NAD83(2011) / UTM zone 13N + NAVD88(GEOID18) height,7,5,9,4,0
45,,468259.764,4313301.269,2423.331,,-105.36638538,38.96810749,2409.307,Global,0.012,0.012,0.010,0.017,2.134,m,FIX,2024-07-23 11:17:47.8 UTC-06:00,2024-07-23 11:17:50.8 UTC-06:00,16,1.4,1.7,468406.801,4313300.605,2429.986,-105.36468810,38.96810683,2415.959,147.212,,NAD83(2011) / UTM zone 13N + NAVD88(GEOID18) height,8,5,9,4,0
46,,468259.685,4313301.454,2423.324,,-105.36638630,38.96810915,2409.300,Global,0.011,0.011,0.011,0.015,2.134,m,FIX,2024-07-23 11:17:58.8 UTC-06:00,2024-07-23 11:18:01.8 UTC-06:00,16,1.4,1.7,468406.801,4313300.605,2429.986,-105.36468810,38.96810683,2415.959,147.304,,NAD83(2011) / UTM zone 13N + NAVD88(GEOID18) height,8,5,9,4,0
47,,468259.704,4313301.647,2423.339,,-105.36638609,38.96811089,2409.315,Global,0.010,0.011,0.010,0.015,2.134,m,FIX,2024-07-23 11:18:09.0 UTC-06:00,2024-07-23 11:18:12.0 UTC-06:00,16,1.4,1.7,468406.801,4313300.605,2429.986,-105.36468810,38.96810683,2415.959,147.281,,NAD83(2011) / UTM zone 13N + NAVD88(GEOID18) height,8,5,9,4,0
48,,468259.632,4313301.837,2423.348,,-105.36638694,38.96811261,2409.324,Global,0.011,0.011,0.010,0.016,2.134,m,FIX,2024-07-23 11:18:21.0 UTC-06:00,2024-07-23 11:18:24.0 UTC-06:00,16,1.4,1.7,468406.801,4313300.605,2429.986,-105.36468810,38.96810683,2415.959,147.365,,NAD83(2011) / UTM zone 13N + NAVD88(GEOID18) height,8,5,8,4,0
49,,468259.581,4313302.068,2423.366,,-105.36638754,38.96811469,2409.342,Global,0.011,0.012,0.011,0.016,2.134,m,FIX,2024-07-23 11:18:32.4 UTC-06:00,2024-07-23 11:18:35.4 UTC-06:00,16,1.4,1.7,468406.801,4313300.605,2429.986,-105.36468810,38.96810683,2415.959,147.409,,NAD83(2011) / UTM zone 13N + NAVD88(GEOID18) height,8,5,8,4,0
50,,468259.547,4313302.262,2423.359,,-105.36638793,38.96811643,2409.334,Global,0.011,0.011,0.010,0.015,2.134,m,FIX,2024-07-23 11:18:43.0 UTC-06:00,2024-07-23 11:18:46.0 UTC-06:00,16,1.4,1.7,468406.801,4313300.605,2429.986,-105.36468810,38.96810683,2415.959,147.440,,NAD83(2011) / UTM zone 13N + NAVD88(GEOID18) height,8,6,8,5,0
51,,468259.541,4313302.429,2423.349,,-105.36638801,38.96811793,2409.324,Global,0.019,0.010,0.010,0.021,2.134,m,FIX,2024-07-23 11:18:51.2 UTC-06:00,2024-07-23 11:18:54.2 UTC-06:00,16,1.4,1.7,468406.801,4313300.605,2429.986,-105.36468810,38.96810683,2415.959,147.442,,NAD83(2011) / UTM zone 13N + NAVD88(GEOID18) height,8,5,8,5,0
52,,468259.484,4313302.640,2423.343,,-105.36638868,38.96811984,2409.318,Global,0.015,0.011,0.011,0.018,2.134,m,FIX,2024-07-23 11:19:00.4 UTC-06:00,2024-07-23 11:19:03.4 UTC-06:00,16,1.4,1.7,468406.801,4313300.605,2429.986,-105.36468810,38.96810683,2415.959,147.525,,NAD83(2011) / UTM zone 13N + NAVD88(GEOID18) height,8,5,8,5,0
53,,468259.441,4313302.827,2423.308,,-105.36638919,38.96812152,2409.284,Global,0.011,0.011,0.010,0.016,2.134,m,FIX,2024-07-23 11:19:10.4 UTC-06:00,2024-07-23 11:19:13.4 UTC-06:00,16,1.4,1.7,468406.801,4313300.605,2429.986,-105.36468810,38.96810683,2415.959,147.560,,NAD83(2011) / UTM zone 13N + NAVD88(GEOID18) height,8,5,8,5,0
54,,468259.394,4313303.027,2423.283,,-105.36638974,38.96812332,2409.258,Global,0.012,0.014,0.011,0.018,2.134,m,FIX,2024-07-23 11:19:18.8 UTC-06:00,2024-07-23 11:19:21.8 UTC-06:00,16,1.4,1.7,468406.801,4313300.605,2429.986,-105.36468810,38.96810683,2415.959,147.615,,NAD83(2011) / UTM zone 13N + NAVD88(GEOID18) height,8,4,8,5,0
55,,468259.382,4313303.218,2423.283,,-105.36638988,38.96812504,2409.258,Global,0.010,0.010,0.011,0.014,2.134,m,FIX,2024-07-23 11:19:26.8 UTC-06:00,2024-07-23 11:19:29.8 UTC-06:00,16,1.4,1.7,468406.801,4313300.605,2429.986,-105.36468810,38.96810683,2415.959,147.624,,NAD83(2011) / UTM zone 13N + NAVD88(GEOID18) height,8,4,8,5,0
56,,468259.419,4313303.357,2423.252,,-105.36638947,38.96812630,2409.228,Global,0.011,0.011,0.010,0.015,2.134,m,FIX,2024-07-23 11:19:40.0 UTC-06:00,2024-07-23 11:19:43.0 UTC-06:00,16,1.4,1.7,468406.801,4313300.605,2429.986,-105.36468810,38.96810683,2415.959,147.580,,NAD83(2011) / UTM zone 13N + NAVD88(GEOID18) height,8,4,8,5,0
57,,468259.405,4313303.528,2423.258,,-105.36638963,38.96812783,2409.233,Global,0.014,0.011,0.010,0.017,2.134,m,FIX,2024-07-23 11:19:50.6 UTC-06:00,2024-07-23 11:19:53.6 UTC-06:00,16,1.4,1.7,468406.801,4313300.605,2429.986,-105.36468810,38.96810683,2415.959,147.627,,NAD83(2011) / UTM zone 13N + NAVD88(GEOID18) height,8,4,8,4,0
58,,468259.400,4313303.709,2423.270,,-105.36638969,38.96812947,2409.245,Global,0.011,0.014,0.010,0.018,2.134,m,FIX,2024-07-23 11:20:00.0 UTC-06:00,2024-07-23 11:20:03.0 UTC-06:00,16,1.4,1.7,468406.801,4313300.605,2429.986,-105.36468810,38.96810683,2415.959,147.622,,NAD83(2011) / UTM zone 13N + NAVD88(GEOID18) height,8,4,8,4,0
59,,468259.388,4313303.934,2423.273,,-105.36638985,38.96813149,2409.249,Global,0.011,0.011,0.010,0.015,2.134,m,FIX,2024-07-23 11:20:11.0 UTC-06:00,2024-07-23 11:20:14.0 UTC-06:00,16,1.4,1.7,468406.801,4313300.605,2429.986,-105.36468810,38.96810683,2415.959,147.628,,NAD83(2011) / UTM zone 13N + NAVD88(GEOID18) height,8,5,7,4,0
60,,468259.368,4313304.113,2423.252,,-105.36639009,38.96813310,2409.227,Global,0.013,0.011,0.011,0.017,2.134,m,FIX,2024-07-23 11:20:21.4 UTC-06:00,2024-07-23 11:20:24.4 UTC-06:00,16,1.4,1.7,468406.801,4313300.605,2429.986,-105.36468810,38.96810683,2415.959,147.655,,NAD83(2011) / UTM zone 13N + NAVD88(GEOID18) height,8,5,8,4,0
61,,468259.351,4313304.332,2423.239,,-105.36639029,38.96813507,2409.214,Global,0.011,0.010,0.010,0.015,2.134,m,FIX,2024-07-23 11:20:33.2 UTC-06:00,2024-07-23 11:20:36.2 UTC-06:00,16,1.4,1.7,468406.801,4313300.605,2429.986,-105.36468810,38.96810683,2415.959,147.676,,NAD83(2011) / UTM zone 13N + NAVD88(GEOID18) height,9,5,8,4,0
62,,468259.338,4313304.521,2423.237,,-105.36639046,38.96813678,2409.212,Global,0.017,0.011,0.010,0.020,2.134,m,FIX,2024-07-23 11:20:42.4 UTC-06:00,2024-07-23 11:20:45.4 UTC-06:00,16,1.4,1.7,468406.801,4313300.605,2429.986,-105.36468810,38.96810683,2415.959,147.689,,NAD83(2011) / UTM zone 13N + NAVD88(GEOID18) height,9,5,8,4,0
63,,468259.301,4313304.705,2423.301,,-105.36639089,38.96813844,2409.277,Global,0.019,0.011,0.010,0.022,2.134,m,FIX,2024-07-23 11:20:51.6 UTC-06:00,2024-07-23 11:20:54.6 UTC-06:00,16,1.6,2.0,468406.801,4313300.605,2429.986,-105.36468810,38.96810683,2415.959,147.763,,NAD83(2011) / UTM zone 13N + NAVD88(GEOID18) height,9,5,8,4,0
64,,468259.280,4313304.918,2423.248,,-105.36639114,38.96814035,2409.223,Global,0.011,0.011,0.010,0.016,2.134,m,FIX,2024-07-23 11:21:00.6 UTC-06:00,2024-07-23 11:21:03.6 UTC-06:00,16,1.6,1.9,468406.801,4313300.605,2429.986,-105.36468810,38.96810683,2415.959,147.779,,NAD83(2011) / UTM zone 13N + NAVD88(GEOID18) height,8,5,8,4,0
65,,468259.239,4313305.100,2423.239,,-105.36639162,38.96814199,2409.215,Global,0.011,0.011,0.010,0.015,2.134,m,FIX,2024-07-23 11:21:10.2 UTC-06:00,2024-07-23 11:21:13.2 UTC-06:00,16,1.6,1.9,468406.801,4313300.605,2429.986,-105.36468810,38.96810683,2415.959,147.815,,NAD83(2011) / UTM zone 13N + NAVD88(GEOID18) height,9,5,8,4,0
66,,468259.208,4313305.309,2423.250,,-105.36639199,38.96814388,2409.225,Global,0.011,0.011,0.010,0.016,2.134,m,FIX,2024-07-23 11:21:20.4 UTC-06:00,2024-07-23 11:21:23.4 UTC-06:00,16,1.6,1.9,468406.801,4313300.605,2429.986,-105.36468810,38.96810683,2415.959,147.854,,NAD83(2011) / UTM zone 13N + NAVD88(GEOID18) height,9,5,8,4,0
67,,468259.163,4313305.549,2423.248,,-105.36639252,38.96814604,2409.224,Global,0.011,0.012,0.010,0.016,2.134,m,FIX,2024-07-23 11:21:36.6 UTC-06:00,2024-07-23 11:21:39.6 UTC-06:00,16,1.6,1.9,468406.801,4313300.605,2429.986,-105.36468810,38.96810683,2415.959,147.901,,NAD83(2011) / UTM zone 13N + NAVD88(GEOID18) height,9,5,8,4,0
68,,468259.134,4313305.746,2423.317,,-105.36639286,38.96814781,2409.292,Global,0.011,0.012,0.010,0.017,2.134,m,FIX,2024-07-23 11:21:58.6 UTC-06:00,2024-07-23 11:22:01.6 UTC-06:00,16,1.6,1.9,468406.801,4313300.605,2429.986,-105.36468810,38.96810683,2415.959,147.948,,NAD83(2011) / UTM zone 13N + NAVD88(GEOID18) height,8,5,8,4,0
69,,468259.092,4313305.912,2423.338,,-105.36639335,38.96814930,2409.313,Global,0.010,0.010,0.010,0.015,2.134,m,FIX,2024-07-23 11:22:14.0 UTC-06:00,2024-07-23 11:22:17.0 UTC-06:00,16,1.6,1.9,468406.801,4313300.605,2429.986,-105.36468810,38.96810683,2415.959,147.981,,NAD83(2011) / UTM zone 13N + NAVD88(GEOID18) height,8,4,7,4,0
70,,468259.098,4313306.118,2423.344,,-105.36639329,38.96815116,2409.319,Global,0.012,0.010,0.017,0.016,2.134,m,FIX,2024-07-23 11:22:27.0 UTC-06:00,2024-07-23 11:22:30.0 UTC-06:00,16,1.6,1.9,468406.801,4313300.605,2429.986,-105.36468810,38.96810683,2415.959,147.993,,NAD83(2011) / UTM zone 13N + NAVD88(GEOID18) height,8,4,8,4,0
71,,468259.136,4313306.321,2423.346,,-105.36639287,38.96815300,2409.321,Global,0.011,0.010,0.010,0.015,2.134,m,FIX,2024-07-23 11:22:39.2 UTC-06:00,2024-07-23 11:22:42.2 UTC-06:00,16,1.6,1.9,468406.801,4313300.605,2429.986,-105.36468810,38.96810683,2415.959,147.957,,NAD83(2011) / UTM zone 13N + NAVD88(GEOID18) height,8,4,8,4,0
72,,468259.070,4313306.522,2423.340,,-105.36639364,38.96815480,2409.315,Global,0.011,0.011,0.011,0.015,2.134,m,FIX,2024-07-23 11:22:52.6 UTC-06:00,2024-07-23 11:22:55.6 UTC-06:00,16,1.6,1.9,468406.801,4313300.605,2429.986,-105.36468810,38.96810683,2415.959,148.029,,NAD83(2011) / UTM zone 13N + NAVD88(GEOID18) height,8,4,8,4,0
73,,468259.067,4313306.704,2423.290,,-105.36639368,38.96815644,2409.266,Global,0.011,0.012,0.011,0.016,2.134,m,FIX,2024-07-23 11:23:08.0 UTC-06:00,2024-07-23 11:23:11.0 UTC-06:00,16,1.6,1.9,468406.801,4313300.605,2429.986,-105.36468810,38.96810683,2415.959,148.037,,NAD83(2011) / UTM zone 13N + NAVD88(GEOID18) height,8,4,8,4,0
74,,468259.002,4313306.924,2423.312,,-105.36639444,38.96815843,2409.287,Global,0.014,0.011,0.010,0.018,2.134,m,FIX,2024-07-23 11:23:20.0 UTC-06:00,2024-07-23 11:23:23.0 UTC-06:00,16,1.6,1.9,468406.801,4313300.605,2429.986,-105.36468810,38.96810683,2415.959,148.106,,NAD83(2011) / UTM zone 13N + NAVD88(GEOID18) height,8,4,8,4,0
75,,468258.973,4313307.113,2423.328,,-105.36639478,38.96816013,2409.303,Global,0.012,0.010,0.010,0.016,2.134,m,FIX,2024-07-23 11:23:32.8 UTC-06:00,2024-07-23 11:23:35.8 UTC-06:00,16,1.6,1.9,468406.801,4313300.605,2429.986,-105.36468810,38.96810683,2415.959,148.147,,NAD83(2011) / UTM zone 13N + NAVD88(GEOID18) height,8,4,8,4,0
76,,468258.940,4313307.282,2423.276,,-105.36639518,38.96816164,2409.251,Global,0.012,0.012,0.010,0.016,2.134,m,FIX,2024-07-23 11:23:46.0 UTC-06:00,2024-07-23 11:23:49.0 UTC-06:00,16,1.6,1.9,468406.801,4313300.605,2429.986,-105.36468810,38.96810683,2415.959,148.192,,NAD83(2011) / UTM zone 13N + NAVD88(GEOID18) height,8,5,8,4,0
77,,468258.897,4313307.483,2423.267,,-105.36639568,38.96816346,2409.243,Global,0.011,0.011,0.010,0.015,2.134,m,FIX,2024-07-23 11:24:02.8 UTC-06:00,2024-07-23 11:24:05.8 UTC-06:00,16,1.6,1.9,468406.801,4313300.605,2429.986,-105.36468810,38.96810683,2415.959,148.256,,NAD83(2011) / UTM zone 13N + NAVD88(GEOID18) height,8,5,8,4,0
78,,468258.888,4313307.709,2423.274,,-105.36639579,38.96816549,2409.249,Global,0.010,0.010,0.010,0.014,2.134,m,FIX,2024-07-23 11:24:19.6 UTC-06:00,2024-07-23 11:24:22.6 UTC-06:00,16,1.6,1.9,468406.801,4313300.605,2429.986,-105.36468810,38.96810683,2415.959,148.262,,NAD83(2011) / UTM zone 13N + NAVD88(GEOID18) height,8,5,8,4,0
79,,468258.889,4313307.926,2423.255,,-105.36639580,38.96816745,2409.230,Global,0.011,0.011,0.010,0.015,2.134,m,FIX,2024-07-23 11:24:31.6 UTC-06:00,2024-07-23 11:24:34.6 UTC-06:00,16,1.6,1.9,468406.801,4313300.605,2429.986,-105.36468810,38.96810683,2415.959,148.279,,NAD83(2011) / UTM zone 13N + NAVD88(GEOID18) height,8,5,8,4,0
80,,468258.845,4313308.076,2423.246,,-105.36639630,38.96816880,2409.221,Global,0.011,0.012,0.010,0.017,2.134,m,FIX,2024-07-23 11:24:43.2 UTC-06:00,2024-07-23 11:24:46.2 UTC-06:00,16,1.6,1.9,468406.801,4313300.605,2429.986,-105.36468810,38.96810683,2415.959,148.333,,NAD83(2011) / UTM zone 13N + NAVD88(GEOID18) height,8,4,7,4,0
81,,468258.799,4313308.272,2423.253,,-105.36639685,38.96817056,2409.229,Global,0.013,0.010,0.010,0.017,2.134,m,FIX,2024-07-23 11:24:55.4 UTC-06:00,2024-07-23 11:24:58.4 UTC-06:00,16,1.6,1.9,468406.801,4313300.605,2429.986,-105.36468810,38.96810683,2415.959,148.387,,NAD83(2011) / UTM zone 13N + NAVD88(GEOID18) height,8,5,9,4,0
82,,468258.797,4313308.498,2423.276,,-105.36639688,38.96817259,2409.252,Global,0.012,0.011,0.011,0.016,2.134,m,FIX,2024-07-23 11:25:16.0 UTC-06:00,2024-07-23 11:25:19.0 UTC-06:00,16,1.6,1.9,468406.801,4313300.605,2429.986,-105.36468810,38.96810683,2415.959,148.406,,NAD83(2011) / UTM zone 13N + NAVD88(GEOID18) height,8,5,9,4,0
83,,468258.778,4313308.695,2423.288,,-105.36639711,38.96817437,2409.264,Global,0.012,0.011,0.010,0.016,2.134,m,FIX,2024-07-23 11:25:28.6 UTC-06:00,2024-07-23 11:25:31.6 UTC-06:00,16,1.6,1.9,468406.801,4313300.605,2429.986,-105.36468810,38.96810683,2415.959,148.426,,NAD83(2011) / UTM zone 13N + NAVD88(GEOID18) height,8,5,9,4,0
84,,468258.728,4313308.924,2423.295,,-105.36639770,38.96817643,2409.271,Global,0.011,0.010,0.011,0.015,2.134,m,FIX,2024-07-23 11:25:43.0 UTC-06:00,2024-07-23 11:25:46.0 UTC-06:00,16,1.6,1.9,468406.801,4313300.605,2429.986,-105.36468810,38.96810683,2415.959,148.492,,NAD83(2011) / UTM zone 13N + NAVD88(GEOID18) height,7,5,9,4,0
85,,468258.686,4313309.068,2423.293,,-105.36639818,38.96817773,2409.269,Global,0.010,0.011,0.010,0.015,2.134,m,FIX,2024-07-23 11:25:58.6 UTC-06:00,2024-07-23 11:26:01.6 UTC-06:00,16,1.6,1.9,468406.801,4313300.605,2429.986,-105.36468810,38.96810683,2415.959,148.542,,NAD83(2011) / UTM zone 13N + NAVD88(GEOID18) height,8,5,9,4,0
86,,468258.683,4313309.266,2423.321,,-105.36639823,38.96817951,2409.297,Global,0.016,0.013,0.010,0.021,2.134,m,FIX,2024-07-23 11:26:09.4 UTC-06:00,2024-07-23 11:26:12.4 UTC-06:00,16,1.6,1.9,468406.801,4313300.605,2429.986,-105.36468810,38.96810683,2415.959,148.529,,NAD83(2011) / UTM zone 13N + NAVD88(GEOID18) height,8,5,9,4,0
87,,468258.661,4313309.497,2423.246,,-105.36639849,38.96818160,2409.222,Global,0.016,0.012,0.010,0.020,2.134,m,FIX,2024-07-23 11:26:24.0 UTC-06:00,2024-07-23 11:26:27.0 UTC-06:00,16,1.4,1.7,468406.801,4313300.605,2429.986,-105.36468810,38.96810683,2415.959,148.581,,NAD83(2011) / UTM zone 13N + NAVD88(GEOID18) height,7,5,9,4,0
88,,468258.696,4313309.713,2423.242,,-105.36639811,38.96818354,2409.217,Global,0.011,0.011,0.011,0.016,2.134,m,FIX,2024-07-23 11:26:42.4 UTC-06:00,2024-07-23 11:26:45.4 UTC-06:00,16,1.4,1.7,468406.801,4313300.605,2429.986,-105.36468810,38.96810683,2415.959,148.566,,NAD83(2011) / UTM zone 13N + NAVD88(GEOID18) height,7,5,9,4,0
89,,468258.665,4313309.890,2423.273,,-105.36639847,38.96818514,2409.249,Global,0.013,0.010,0.010,0.017,2.134,m,FIX,2024-07-23 11:26:54.0 UTC-06:00,2024-07-23 11:26:57.0 UTC-06:00,16,1.4,1.7,468406.801,4313300.605,2429.986,-105.36468810,38.96810683,2415.959,148.604,,NAD83(2011) / UTM zone 13N + NAVD88(GEOID18) height,7,5,9,4,0
90,,468258.654,4313310.080,2423.193,,-105.36639860,38.96818685,2409.169,Global,0.011,0.011,0.010,0.015,2.134,m,FIX,2024-07-23 11:27:09.8 UTC-06:00,2024-07-23 11:27:12.8 UTC-06:00,16,1.4,1.7,468406.801,4313300.605,2429.986,-105.36468810,38.96810683,2415.959,148.627,,NAD83(2011) / UTM zone 13N + NAVD88(GEOID18) height,7,5,9,5,0
91,,468258.643,4313310.264,2423.128,,-105.36639874,38.96818851,2409.103,Global,0.012,0.015,0.010,0.019,2.134,m,FIX,2024-07-23 11:27:26.6 UTC-06:00,2024-07-23 11:27:29.6 UTC-06:00,16,1.4,1.7,468406.801,4313300.605,2429.986,-105.36468810,38.96810683,2415.959,148.651,,NAD83(2011) / UTM zone 13N + NAVD88(GEOID18) height,7,5,9,4,0
92,,468258.617,4313310.496,2423.157,,-105.36639905,38.96819059,2409.132,Global,0.010,0.012,0.010,0.016,2.134,m,FIX,2024-07-23 11:27:44.2 UTC-06:00,2024-07-23 11:27:47.2 UTC-06:00,16,1.4,1.7,468406.801,4313300.605,2429.986,-105.36468810,38.96810683,2415.959,148.702,,NAD83(2011) / UTM zone 13N + NAVD88(GEOID18) height,7,5,9,4,0
93,,468258.567,4313310.717,2423.135,,-105.36639963,38.96819258,2409.110,Global,0.012,0.011,0.010,0.017,2.134,m,FIX,2024-07-23 11:27:59.6 UTC-06:00,2024-07-23 11:28:02.6 UTC-06:00,16,1.4,1.7,468406.801,4313300.605,2429.986,-105.36468810,38.96810683,2415.959,148.760,,NAD83(2011) / UTM zone 13N + NAVD88(GEOID18) height,7,5,8,4,0
94,,468258.513,4313310.907,2423.153,,-105.36640027,38.96819429,2409.129,Global,0.011,0.011,0.010,0.016,2.134,m,FIX,2024-07-23 11:28:15.0 UTC-06:00,2024-07-23 11:28:18.0 UTC-06:00,16,1.4,1.7,468406.801,4313300.605,2429.986,-105.36468810,38.96810683,2415.959,148.836,,NAD83(2011) / UTM zone 13N + NAVD88(GEOID18) height,7,5,8,4,0
95,,468258.567,4313311.115,2423.162,,-105.36639965,38.96819617,2409.138,Global,0.017,0.011,0.010,0.021,2.134,m,FIX,2024-07-23 11:28:34.0 UTC-06:00,2024-07-23 11:28:37.0 UTC-06:00,16,1.4,1.7,468406.801,4313300.605,2429.986,-105.36468810,38.96810683,2415.959,148.815,,NAD83(2011) / UTM zone 13N + NAVD88(GEOID18) height,7,5,8,4,0
96,,468258.521,4313311.288,2423.148,,-105.36640019,38.96819773,2409.124,Global,0.012,0.012,0.011,0.017,2.134,m,FIX,2024-07-23 11:28:50.4 UTC-06:00,2024-07-23 11:28:53.4 UTC-06:00,16,1.4,1.7,468406.801,4313300.605,2429.986,-105.36468810,38.96810683,2415.959,148.853,,NAD83(2011) / UTM zone 13N + NAVD88(GEOID18) height,8,5,8,4,0
97,,468258.517,4313311.489,2423.146,,-105.36640025,38.96819954,2409.122,Global,0.011,0.011,0.010,0.015,2.134,m,FIX,2024-07-23 11:29:03.8 UTC-06:00,2024-07-23 11:29:06.8 UTC-06:00,16,1.4,1.7,468406.801,4313300.605,2429.986,-105.36468810,38.96810683,2415.959,148.877,,NAD83(2011) / UTM zone 13N + NAVD88(GEOID18) height,7,5,8,4,0
98,,468258.532,4313311.735,2423.092,,-105.36640009,38.96820175,2409.067,Global,0.013,0.013,0.010,0.019,2.134,m,FIX,2024-07-23 11:29:27.8 UTC-06:00,2024-07-23 11:29:30.8 UTC-06:00,16,1.4,1.7,468406.801,4313300.605,2429.986,-105.36468810,38.96810683,2415.959,148.866,,NAD83(2011) / UTM zone 13N + NAVD88(GEOID18) height,7,4,8,4,0
99,,468258.488,4313311.880,2423.119,,-105.36640060,38.96820306,2409.094,Global,0.014,0.011,0.010,0.018,2.134,m,FIX,2024-07-23 11:29:39.8 UTC-06:00,2024-07-23 11:29:42.8 UTC-06:00,16,1.4,1.7,468406.801,4313300.605,2429.986,-105.36468810,38.96810683,2415.959,148.946,,NAD83(2011) / UTM zone 13N + NAVD88(GEOID18) height,7,4,8,4,0
100,,468258.450,4313312.052,2423.097,,-105.36640105,38.96820461,2409.073,Global,0.012,0.011,0.010,0.016,2.134,m,FIX,2024-07-23 11:29:51.8 UTC-06:00,2024-07-23 11:29:54.8 UTC-06:00,16,1.4,1.7,468406.801,4313300.605,2429.986,-105.36468810,38.96810683,2415.959,148.967,,NAD83(2011) / UTM zone 13N + NAVD88(GEOID18) height,7,4,8,4,0
101,,468258.351,4313312.261,2423.118,,-105.36640220,38.96820649,2409.093,Global,0.011,0.011,0.010,0.016,2.134,m,FIX,2024-07-23 11:30:07.4 UTC-06:00,2024-07-23 11:30:10.4 UTC-06:00,16,1.4,1.7,468406.801,4313300.605,2429.986,-105.36468810,38.96810683,2415.959,149.103,,NAD83(2011) / UTM zone 13N + NAVD88(GEOID18) height,7,4,8,4,0
102,,468258.425,4313312.498,2423.081,,-105.36640136,38.96820863,2409.056,Global,0.014,0.014,0.012,0.020,2.134,m,FIX,2024-07-23 11:30:31.4 UTC-06:00,2024-07-23 11:30:34.4 UTC-06:00,16,1.4,1.7,468406.801,4313300.605,2429.986,-105.36468810,38.96810683,2415.959,149.026,,NAD83(2011) / UTM zone 13N + NAVD88(GEOID18) height,7,4,8,4,0
103,,468258.300,4313312.659,2423.065,,-105.36640281,38.96821008,2409.040,Global,0.011,0.010,0.011,0.015,2.134,m,FIX,2024-07-23 11:30:43.6 UTC-06:00,2024-07-23 11:30:46.6 UTC-06:00,16,1.4,1.7,468406.801,4313300.605,2429.986,-105.36468810,38.96810683,2415.959,149.172,,NAD83(2011) / UTM zone 13N + NAVD88(GEOID18) height,7,4,8,4,0
104,,468258.296,4313312.883,2423.047,,-105.36640286,38.96821209,2409.023,Global,0.011,0.011,0.010,0.016,2.134,m,FIX,2024-07-23 11:31:00.0 UTC-06:00,2024-07-23 11:31:03.0 UTC-06:00,16,1.4,1.7,468406.801,4313300.605,2429.986,-105.36468810,38.96810683,2415.959,149.199,,NAD83(2011) / UTM zone 13N + NAVD88(GEOID18) height,7,5,8,4,0
105,,468258.250,4313313.073,2423.044,,-105.36640341,38.96821381,2409.020,Global,0.015,0.011,0.012,0.019,2.134,m,FIX,2024-07-23 11:31:13.2 UTC-06:00,2024-07-23 11:31:16.2 UTC-06:00,16,1.4,1.7,468406.801,4313300.605,2429.986,-105.36468810,38.96810683,2415.959,149.279,,NAD83(2011) / UTM zone 13N + NAVD88(GEOID18) height,7,4,8,4,0
106,,468258.257,4313313.253,2423.040,,-105.36640334,38.96821543,2409.015,Global,0.012,0.011,0.011,0.017,2.134,m,FIX,2024-07-23 11:31:25.8 UTC-06:00,2024-07-23 11:31:28.8 UTC-06:00,16,1.4,1.7,468406.801,4313300.605,2429.986,-105.36468810,38.96810683,2415.959,149.270,,NAD83(2011) / UTM zone 13N + NAVD88(GEOID18) height,8,5,8,4,0
107,,468258.265,4313313.443,2423.046,,-105.36640325,38.96821714,2409.021,Global,0.011,0.037,0.010,0.038,2.134,m,FIX,2024-07-23 11:31:41.6 UTC-06:00,2024-07-23 11:31:44.6 UTC-06:00,16,1.4,1.7,468406.801,4313300.605,2429.986,-105.36468810,38.96810683,2415.959,149.268,,NAD83(2011) / UTM zone 13N + NAVD88(GEOID18) height,8,4,8,4,0
108,,468258.179,4313313.681,2423.087,,-105.36640426,38.96821928,2409.063,Global,0.011,0.015,0.010,0.018,2.134,m,FIX,2024-07-23 11:31:55.6 UTC-06:00,2024-07-23 11:31:58.6 UTC-06:00,16,1.4,1.7,468406.801,4313300.605,2429.986,-105.36468810,38.96810683,2415.959,149.386,,NAD83(2011) / UTM zone 13N + NAVD88(GEOID18) height,8,4,8,4,0
109,,468258.126,4313313.835,2423.073,,-105.36640488,38.96822067,2409.049,Global,0.010,0.010,0.010,0.015,2.134,m,FIX,2024-07-23 11:32:08.0 UTC-06:00,2024-07-23 11:32:11.0 UTC-06:00,16,1.4,1.7,468406.801,4313300.605,2429.986,-105.36468810,38.96810683,2415.959,149.454,,NAD83(2011) / UTM zone 13N + NAVD88(GEOID18) height,8,4,8,4,0
110,,468258.130,4313314.047,2423.097,,-105.36640484,38.96822258,2409.073,Global,0.015,0.011,0.010,0.019,2.134,m,FIX,2024-07-23 11:32:17.2 UTC-06:00,2024-07-23 11:32:20.2 UTC-06:00,16,1.4,1.7,468406.801,4313300.605,2429.986,-105.36468810,38.96810683,2415.959,149.453,,NAD83(2011) / UTM zone 13N + NAVD88(GEOID18) height,7,4,8,4,0
111,,468258.125,4313314.253,2423.103,,-105.36640491,38.96822443,2409.079,Global,0.011,0.010,0.010,0.015,2.134,m,FIX,2024-07-23 11:32:29.8 UTC-06:00,2024-07-23 11:32:32.8 UTC-06:00,16,1.4,1.7,468406.801,4313300.605,2429.986,-105.36468810,38.96810683,2415.959,149.484,,NAD83(2011) / UTM zone 13N + NAVD88(GEOID18) height,8,4,8,4,0
112,,468258.161,4313314.464,2423.127,,-105.36640450,38.96822634,2409.102,Global,0.013,0.011,0.011,0.018,2.134,m,FIX,2024-07-23 11:32:48.8 UTC-06:00,2024-07-23 11:32:51.8 UTC-06:00,16,1.4,1.7,468406.801,4313300.605,2429.986,-105.36468810,38.96810683,2415.959,149.467,,NAD83(2011) / UTM zone 13N + NAVD88(GEOID18) height,8,4,8,4,0
113,,468258.127,4313314.667,2423.094,,-105.36640490,38.96822817,2409.069,Global,0.011,0.012,0.010,0.016,2.134,m,FIX,2024-07-23 11:32:58.0 UTC-06:00,2024-07-23 11:33:01.0 UTC-06:00,16,1.4,1.7,468406.801,4313300.605,2429.986,-105.36468810,38.96810683,2415.959,149.527,,NAD83(2011) / UTM zone 13N + NAVD88(GEOID18) height,8,5,8,4,0
114,,468257.948,4313314.804,2423.081,,-105.36640697,38.96822939,2409.056,Global,0.011,0.011,0.010,0.016,2.134,m,FIX,2024-07-23 11:33:09.4 UTC-06:00,2024-07-23 11:33:12.4 UTC-06:00,16,1.4,1.7,468406.801,4313300.605,2429.986,-105.36468810,38.96810683,2415.959,149.712,,NAD83(2011) / UTM zone 13N + NAVD88(GEOID18) height,8,5,8,4,0
115,,468257.948,4313315.056,2423.045,,-105.36640699,38.96823166,2409.021,Global,0.011,0.012,0.010,0.017,2.134,m,FIX,2024-07-23 11:33:19.6 UTC-06:00,2024-07-23 11:33:22.6 UTC-06:00,16,1.4,1.7,468406.801,4313300.605,2429.986,-105.36468810,38.96810683,2415.959,149.737,,NAD83(2011) / UTM zone 13N + NAVD88(GEOID18) height,7,4,8,4,0
116,,468258.001,4313315.278,2423.047,,-105.36640638,38.96823367,2409.022,Global,0.012,0.011,0.010,0.016,2.134,m,FIX,2024-07-23 11:33:33.0 UTC-06:00,2024-07-23 11:33:36.0 UTC-06:00,16,1.4,1.7,468406.801,4313300.605,2429.986,-105.36468810,38.96810683,2415.959,149.723,,NAD83(2011) / UTM zone 13N + NAVD88(GEOID18) height,7,5,8,4,0
117,,468258.002,4313315.497,2423.035,,-105.36640638,38.96823564,2409.010,Global,0.010,0.010,0.011,0.014,2.134,m,FIX,2024-07-23 11:33:51.2 UTC-06:00,2024-07-23 11:33:54.2 UTC-06:00,16,1.4,1.7,468406.801,4313300.605,2429.986,-105.36468810,38.96810683,2415.959,149.736,,NAD83(2011) / UTM zone 13N + NAVD88(GEOID18) height,7,4,8,4,0
118,,468257.963,4313315.712,2423.039,,-105.36640684,38.96823758,2409.014,Global,0.012,0.011,0.011,0.016,2.134,m,FIX,2024-07-23 11:34:04.6 UTC-06:00,2024-07-23 11:34:07.6 UTC-06:00,16,1.4,1.7,468406.801,4313300.605,2429.986,-105.36468810,38.96810683,2415.959,149.786,,NAD83(2011) / UTM zone 13N + NAVD88(GEOID18) height,8,4,8,4,0
119,,468257.938,4313315.942,2423.012,,-105.36640714,38.96823965,2408.987,Global,0.011,0.011,0.010,0.016,2.134,m,FIX,2024-07-23 11:34:28.4 UTC-06:00,2024-07-23 11:34:31.4 UTC-06:00,16,1.4,1.7,468406.801,4313300.605,2429.986,-105.36468810,38.96810683,2415.959,149.853,,NAD83(2011) / UTM zone 13N + NAVD88(GEOID18) height,7,5,8,4,0
120,,468257.876,4313316.142,2423.020,,-105.36640787,38.96824145,2408.996,Global,0.011,0.012,0.010,0.016,2.134,m,FIX,2024-07-23 11:34:37.6 UTC-06:00,2024-07-23 11:34:40.6 UTC-06:00,16,1.4,1.7,468406.801,4313300.605,2429.986,-105.36468810,38.96810683,2415.959,149.931,,NAD83(2011) / UTM zone 13N + NAVD88(GEOID18) height,7,5,8,4,0
121,,468257.831,4313316.321,2423.044,,-105.36640840,38.96824306,2409.019,Global,0.013,0.011,0.010,0.017,2.134,m,FIX,2024-07-23 11:34:47.6 UTC-06:00,2024-07-23 11:34:50.6 UTC-06:00,16,1.4,1.7,468406.801,4313300.605,2429.986,-105.36468810,38.96810683,2415.959,149.988,,NAD83(2011) / UTM zone 13N + NAVD88(GEOID18) height,7,5,7,4,0
122,,468257.868,4313316.529,2423.082,,-105.36640798,38.96824494,2409.058,Global,0.041,0.011,0.011,0.042,2.134,m,FIX,2024-07-23 11:35:05.2 UTC-06:00,2024-07-23 11:35:08.2 UTC-06:00,16,1.4,1.7,468406.801,4313300.605,2429.986,-105.36468810,38.96810683,2415.959,150.044,,NAD83(2011) / UTM zone 13N + NAVD88(GEOID18) height,7,5,7,4,0
123,,468257.868,4313316.741,2423.014,,-105.36640799,38.96824685,2408.990,Global,0.011,0.010,0.010,0.015,2.134,m,FIX,2024-07-23 11:35:17.6 UTC-06:00,2024-07-23 11:35:20.6 UTC-06:00,16,1.4,1.7,468406.801,4313300.605,2429.986,-105.36468810,38.96810683,2415.959,149.989,,NAD83(2011) / UTM zone 13N + NAVD88(GEOID18) height,7,5,7,4,0
124,,468257.784,4313316.912,2422.980,,-105.36640896,38.96824838,2408.955,Global,0.016,0.011,0.010,0.019,2.134,m,FIX,2024-07-23 11:35:29.4 UTC-06:00,2024-07-23 11:35:32.4 UTC-06:00,16,1.4,1.7,468406.801,4313300.605,2429.986,-105.36468810,38.96810683,2415.959,150.088,,NAD83(2011) / UTM zone 13N + NAVD88(GEOID18) height,7,5,7,4,0
125,,468257.736,4313317.184,2422.950,,-105.36640953,38.96825083,2408.926,Global,0.011,0.023,0.010,0.026,2.134,m,FIX,2024-07-23 11:35:42.0 UTC-06:00,2024-07-23 11:35:45.0 UTC-06:00,16,1.4,1.7,468406.801,4313300.605,2429.986,-105.36468810,38.96810683,2415.959,150.173,,NAD83(2011) / UTM zone 13N + NAVD88(GEOID18) height,7,4,7,4,0
126,,468257.760,4313317.319,2422.928,,-105.36640926,38.96825205,2408.904,Global,0.013,0.012,0.012,0.017,2.134,m,FIX,2024-07-23 11:35:54.6 UTC-06:00,2024-07-23 11:35:57.6 UTC-06:00,16,1.4,1.7,468406.801,4313300.605,2429.986,-105.36468810,38.96810683,2415.959,150.157,,NAD83(2011) / UTM zone 13N + NAVD88(GEOID18) height,7,5,7,4,0
127,,468257.766,4313317.573,2422.943,,-105.36640920,38.96825433,2408.918,Global,0.011,0.012,0.010,0.016,2.134,m,FIX,2024-07-23 11:36:10.4 UTC-06:00,2024-07-23 11:36:13.4 UTC-06:00,16,1.4,1.7,468406.801,4313300.605,2429.986,-105.36468810,38.96810683,2415.959,150.197,,NAD83(2011) / UTM zone 13N + NAVD88(GEOID18) height,7,6,7,4,0
128,,468257.736,4313317.751,2422.977,,-105.36640955,38.96825594,2408.952,Global,0.011,0.011,0.011,0.015,2.134,m,FIX,2024-07-23 11:36:21.2 UTC-06:00,2024-07-23 11:36:24.2 UTC-06:00,16,1.4,1.7,468406.801,4313300.605,2429.986,-105.36468810,38.96810683,2415.959,150.239,,NAD83(2011) / UTM zone 13N + NAVD88(GEOID18) height,7,6,7,4,0
129,,468257.690,4313318.054,2422.844,,-105.36641010,38.96825867,2408.820,Global,0.018,0.018,0.012,0.025,2.134,m,FIX,2024-07-23 11:36:35.2 UTC-06:00,2024-07-23 11:36:38.2 UTC-06:00,16,1.4,1.7,468406.801,4313300.605,2429.986,-105.36468810,38.96810683,2415.959,150.324,,NAD83(2011) / UTM zone 13N + NAVD88(GEOID18) height,7,6,7,4,0
130,,468257.728,4313318.232,2422.790,,-105.36640968,38.96826028,2408.766,Global,0.011,0.011,0.010,0.016,2.134,m,FIX,2024-07-23 11:36:45.6 UTC-06:00,2024-07-23 11:36:48.6 UTC-06:00,16,1.4,1.7,468406.801,4313300.605,2429.986,-105.36468810,38.96810683,2415.959,150.318,,NAD83(2011) / UTM zone 13N + NAVD88(GEOID18) height,7,5,7,4,0
131,,468257.710,4313318.551,2423.108,,-105.36640989,38.96826315,2409.083,Global,0.015,0.015,0.011,0.022,2.134,m,FIX,2024-07-23 11:37:06.0 UTC-06:00,2024-07-23 11:37:09.0 UTC-06:00,16,1.4,1.7,468406.801,4313300.605,2429.986,-105.36468810,38.96810683,2415.959,150.377,,NAD83(2011) / UTM zone 13N + NAVD88(GEOID18) height,7,5,7,4,0
132,,468257.660,4313318.785,2423.214,,-105.36641049,38.96826526,2409.189,Global,0.015,0.014,0.010,0.021,2.134,m,FIX,2024-07-23 11:37:40.8 UTC-06:00,2024-07-23 11:37:43.8 UTC-06:00,16,1.4,1.7,468406.801,4313300.605,2429.986,-105.36468810,38.96810683,2415.959,150.419,,NAD83(2011) / UTM zone 13N + NAVD88(GEOID18) height,8,6,8,4,0
133,,468257.632,4313319.001,2423.280,,-105.36641082,38.96826720,2409.255,Global,0.011,0.013,0.011,0.017,2.134,m,FIX,2024-07-23 11:37:59.0 UTC-06:00,2024-07-23 11:38:02.0 UTC-06:00,16,1.4,1.7,468406.801,4313300.605,2429.986,-105.36468810,38.96810683,2415.959,150.486,,NAD83(2011) / UTM zone 13N + NAVD88(GEOID18) height,7,6,8,4,0
134,,468257.537,4313319.336,2423.285,,-105.36641192,38.96827022,2409.260,Global,0.012,0.012,0.010,0.017,2.134,m,FIX,2024-07-23 11:38:07.8 UTC-06:00,2024-07-23 11:38:10.8 UTC-06:00,16,1.4,1.7,468406.801,4313300.605,2429.986,-105.36468810,38.96810683,2415.959,150.626,,NAD83(2011) / UTM zone 13N + NAVD88(GEOID18) height,7,5,8,4,0
135,,468257.471,4313319.567,2423.400,,-105.36641270,38.96827229,2409.375,Global,0.013,0.017,0.010,0.022,2.134,m,FIX,2024-07-23 11:38:24.2 UTC-06:00,2024-07-23 11:38:27.2 UTC-06:00,16,1.4,1.7,468406.801,4313300.605,2429.986,-105.36468810,38.96810683,2415.959,150.697,,NAD83(2011) / UTM zone 13N + NAVD88(GEOID18) height,7,6,7,4,0
136,,468257.428,4313319.824,2423.492,,-105.36641321,38.96827461,2409.468,Global,0.011,0.011,0.011,0.015,2.134,m,FIX,2024-07-23 11:38:38.6 UTC-06:00,2024-07-23 11:38:41.6 UTC-06:00,16,1.4,1.7,468406.801,4313300.605,2429.986,-105.36468810,38.96810683,2415.959,150.780,,NAD83(2011) / UTM zone 13N + NAVD88(GEOID18) height,7,6,7,4,0
137,,468257.439,4313320.120,2423.480,,-105.36641310,38.96827728,2409.456,Global,0.012,0.015,0.010,0.019,2.134,m,FIX,2024-07-23 11:38:53.4 UTC-06:00,2024-07-23 11:38:56.4 UTC-06:00,16,1.4,1.7,468406.801,4313300.605,2429.986,-105.36468810,38.96810683,2415.959,150.804,,NAD83(2011) / UTM zone 13N + NAVD88(GEOID18) height,7,6,8,4,0
138,,468257.283,4313320.433,2423.612,,-105.36641491,38.96828009,2409.588,Global,0.010,0.015,0.010,0.018,2.134,m,FIX,2024-07-23 11:39:08.0 UTC-06:00,2024-07-23 11:39:11.0 UTC-06:00,16,1.4,1.7,468406.801,4313300.605,2429.986,-105.36468810,38.96810683,2415.959,151.006,,NAD83(2011) / UTM zone 13N + NAVD88(GEOID18) height,7,6,8,4,0
139,,468257.232,4313320.774,2423.714,,-105.36641552,38.96828316,2409.689,Global,0.011,0.011,0.010,0.016,2.134,m,FIX,2024-07-23 11:39:23.6 UTC-06:00,2024-07-23 11:39:26.6 UTC-06:00,16,1.4,1.7,468406.801,4313300.605,2429.986,-105.36468810,38.96810683,2415.959,151.089,,NAD83(2011) / UTM zone 13N + NAVD88(GEOID18) height,7,6,8,4,0
140,,468257.185,4313320.804,2423.738,,-105.36641606,38.96828343,2409.713,Global,0.016,0.014,0.010,0.021,2.134,m,FIX,2024-07-23 11:39:35.4 UTC-06:00,2024-07-23 11:39:38.4 UTC-06:00,16,1.4,1.7,468406.801,4313300.605,2429.986,-105.36468810,38.96810683,2415.959,151.129,,NAD83(2011) / UTM zone 13N + NAVD88(GEOID18) height,8,6,8,4,0
141,,468257.198,4313321.059,2423.890,,-105.36641592,38.96828573,2409.865,Global,0.014,0.011,0.011,0.017,2.134,m,FIX,2024-07-23 11:40:06.6 UTC-06:00,2024-07-23 11:40:09.6 UTC-06:00,16,1.4,1.7,468406.801,4313300.605,2429.986,-105.36468810,38.96810683,2415.959,151.178,,NAD83(2011) / UTM zone 13N + NAVD88(GEOID18) height,8,6,8,4,0
142,,468257.191,4313321.306,2424.118,,-105.36641601,38.96828796,2410.094,Global,0.021,0.011,0.010,0.024,2.134,m,FIX,2024-07-23 11:40:46.6 UTC-06:00,2024-07-23 11:40:49.6 UTC-06:00,16,1.4,1.7,468406.801,4313300.605,2429.986,-105.36468810,38.96810683,2415.959,151.185,,NAD83(2011) / UTM zone 13N + NAVD88(GEOID18) height,7,5,8,4,0
143,,468257.119,4313321.701,2423.995,,-105.36641687,38.96829151,2409.970,Global,0.016,0.013,0.010,0.020,2.134,m,FIX,2024-07-23 11:41:01.2 UTC-06:00,2024-07-23 11:41:04.2 UTC-06:00,16,1.4,1.7,468406.801,4313300.605,2429.986,-105.36468810,38.96810683,2415.959,151.340,,NAD83(2011) / UTM zone 13N + NAVD88(GEOID18) height,8,6,8,4,0
144,,468257.120,4313321.867,2424.088,,-105.36641686,38.96829301,2410.063,Global,0.013,0.011,0.010,0.017,2.134,m,FIX,2024-07-23 11:41:16.0 UTC-06:00,2024-07-23 11:41:19.0 UTC-06:00,16,1.4,1.7,468406.801,4313300.605,2429.986,-105.36468810,38.96810683,2415.959,151.342,,NAD83(2011) / UTM zone 13N + NAVD88(GEOID18) height,7,6,8,4,0
145,,468257.094,4313322.084,2424.166,,-105.36641717,38.96829497,2410.142,Global,0.012,0.010,0.010,0.016,2.134,m,FIX,2024-07-23 11:41:32.2 UTC-06:00,2024-07-23 11:41:35.2 UTC-06:00,16,1.4,1.7,468406.801,4313300.605,2429.986,-105.36468810,38.96810683,2415.959,151.409,,NAD83(2011) / UTM zone 13N + NAVD88(GEOID18) height,7,6,8,4,0
146,,468257.075,4313322.293,2424.074,,-105.36641740,38.96829684,2410.050,Global,0.011,0.010,0.010,0.015,2.134,m,FIX,2024-07-23 11:41:42.2 UTC-06:00,2024-07-23 11:41:45.2 UTC-06:00,16,1.4,1.7,468406.801,4313300.605,2429.986,-105.36468810,38.96810683,2415.959,151.455,,NAD83(2011) / UTM zone 13N + NAVD88(GEOID18) height,7,6,8,4,0
147,,468257.068,4313322.475,2423.980,,-105.36641748,38.96829849,2409.956,Global,0.010,0.010,0.010,0.015,2.134,m,FIX,2024-07-23 11:41:57.8 UTC-06:00,2024-07-23 11:42:00.8 UTC-06:00,16,1.4,1.7,468406.801,4313300.605,2429.986,-105.36468810,38.96810683,2415.959,151.482,,NAD83(2011) / UTM zone 13N + NAVD88(GEOID18) height,7,5,8,4,0
148,,468257.031,4313322.709,2424.158,,-105.36641793,38.96830059,2410.134,Global,0.011,0.012,0.010,0.016,2.134,m,FIX,2024-07-23 11:42:09.2 UTC-06:00,2024-07-23 11:42:12.2 UTC-06:00,16,1.4,1.7,468406.801,4313300.605,2429.986,-105.36468810,38.96810683,2415.959,151.555,,NAD83(2011) / UTM zone 13N + NAVD88(GEOID18) height,7,5,9,4,0
149,,468257.029,4313322.975,2424.204,,-105.36641796,38.96830299,2410.179,Global,0.011,0.011,0.010,0.015,2.134,m,FIX,2024-07-23 11:42:24.4 UTC-06:00,2024-07-23 11:42:27.4 UTC-06:00,16,1.4,1.6,468406.801,4313300.605,2429.986,-105.36468810,38.96810683,2415.959,151.602,,NAD83(2011) / UTM zone 13N + NAVD88(GEOID18) height,8,5,8,4,0
150,,468257.011,4313323.181,2424.254,,-105.36641817,38.96830484,2410.230,Global,0.011,0.011,0.010,0.016,2.134,m,FIX,2024-07-23 11:42:41.6 UTC-06:00,2024-07-23 11:42:44.6 UTC-06:00,16,1.4,1.6,468406.801,4313300.605,2429.986,-105.36468810,38.96810683,2415.959,151.642,,NAD83(2011) / UTM zone 13N + NAVD88(GEOID18) height,9,5,8,4,0
151,,468256.986,4313323.347,2424.272,,-105.36641847,38.96830634,2410.247,Global,0.011,0.011,0.010,0.015,2.134,m,FIX,2024-07-23 11:42:54.8 UTC-06:00,2024-07-23 11:42:57.8 UTC-06:00,16,1.4,1.6,468406.801,4313300.605,2429.986,-105.36468810,38.96810683,2415.959,151.693,,NAD83(2011) / UTM zone 13N + NAVD88(GEOID18) height,8,6,8,4,0
152,,468256.999,4313323.493,2424.319,,-105.36641834,38.96830766,2410.294,Global,0.012,0.011,0.010,0.016,2.134,m,FIX,2024-07-23 11:43:13.0 UTC-06:00,2024-07-23 11:43:16.0 UTC-06:00,16,1.3,1.6,468406.801,4313300.605,2429.986,-105.36468810,38.96810683,2415.959,151.697,,NAD83(2011) / UTM zone 13N + NAVD88(GEOID18) height,9,6,9,4,0
153,,468256.834,4313323.445,2424.251,,-105.36642023,38.96830721,2410.227,Global,0.011,0.011,0.010,0.015,2.134,m,FIX,2024-07-23 11:44:32.2 UTC-06:00,2024-07-23 11:44:35.2 UTC-06:00,16,1.3,1.6,468406.801,4313300.605,2429.986,-105.36468810,38.96810683,2415.959,151.855,,NAD83(2011) / UTM zone 13N + NAVD88(GEOID18) height,7,6,8,4,0
154,,468256.971,4313323.634,2424.295,,-105.36641866,38.96830892,2410.271,Global,0.011,0.010,0.011,0.015,2.134,m,FIX,2024-07-23 11:45:06.8 UTC-06:00,2024-07-23 11:45:09.8 UTC-06:00,16,1.3,1.6,468406.801,4313300.605,2429.986,-105.36468810,38.96810683,2415.959,151.743,,NAD83(2011) / UTM zone 13N + NAVD88(GEOID18) height,8,6,9,4,0
155,,468257.206,4313323.435,2424.301,,-105.36641594,38.96830714,2410.276,Global,0.010,0.011,0.011,0.015,2.134,m,FIX,2024-07-23 11:45:31.6 UTC-06:00,2024-07-23 11:45:34.6 UTC-06:00,16,1.3,1.6,468406.801,4313300.605,2429.986,-105.36468810,38.96810683,2415.959,151.488,,NAD83(2011) / UTM zone 13N + NAVD88(GEOID18) height,8,6,9,4,0
156,,468257.033,4313323.197,2424.261,,-105.36641792,38.96830499,2410.237,Global,0.010,0.012,0.010,0.016,2.134,m,FIX,2024-07-23 11:45:54.4 UTC-06:00,2024-07-23 11:45:57.4 UTC-06:00,16,1.3,1.5,468406.801,4313300.605,2429.986,-105.36468810,38.96810683,2415.959,151.621,,NAD83(2011) / UTM zone 13N + NAVD88(GEOID18) height,8,6,8,4,0
157,,468256.984,4313323.461,2424.283,,-105.36641851,38.96830737,2410.258,Global,0.011,0.010,0.010,0.015,2.134,m,FIX,2024-07-23 11:46:24.2 UTC-06:00,2024-07-23 11:46:27.2 UTC-06:00,16,1.3,1.5,468406.801,4313300.605,2429.986,-105.36468810,38.96810683,2415.959,151.702,,NAD83(2011) / UTM zone 13N + NAVD88(GEOID18) height,8,6,9,4,0
158,,468256.991,4313323.478,2424.327,,-105.36641842,38.96830752,2410.303,Global,0.011,0.014,0.011,0.017,2.134,m,FIX,2024-07-23 11:46:46.2 UTC-06:00,2024-07-23 11:46:49.2 UTC-06:00,16,1.3,1.5,468406.801,4313300.605,2429.986,-105.36468810,38.96810683,2415.959,151.711,,NAD83(2011) / UTM zone 13N + NAVD88(GEOID18) height,8,6,8,4,0
159,,468256.983,4313323.507,2424.325,,-105.36641851,38.96830778,2410.301,Global,0.012,0.012,0.012,0.017,2.134,m,FIX,2024-07-23 11:47:35.6 UTC-06:00,2024-07-23 11:48:05.6 UTC-06:00,151,1.3,1.5,468406.801,4313300.605,2429.986,-105.36468810,38.96810683,2415.959,151.718,,NAD83(2011) / UTM zone 13N + NAVD88(GEOID18) height,8,6,9,4,0
160,,468257.021,4313323.866,2424.270,,-105.36641810,38.96831102,2410.246,Global,0.011,0.010,0.011,0.015,2.134,m,FIX,2024-07-23 12:25:05.8 UTC-06:00,2024-07-23 12:25:18.6 UTC-06:00,65,1.2,1.4,468406.801,4313300.605,2429.986,-105.36468810,38.96810683,2415.959,151.731,,NAD83(2011) / UTM zone 13N + NAVD88(GEOID18) height,8,6,8,4,0
161,,468257.036,4313323.861,2424.250,,-105.36641793,38.96831097,2410.226,Global,0.011,0.010,0.011,0.015,2.134,m,FIX,2024-07-23 12:26:04.0 UTC-06:00,2024-07-23 12:26:07.0 UTC-06:00,16,1.2,1.4,468406.801,4313300.605,2429.986,-105.36468810,38.96810683,2415.959,151.713,,NAD83(2011) / UTM zone 13N + NAVD88(GEOID18) height,8,6,8,4,0
162,,468257.018,4313324.340,2424.284,,-105.36641815,38.96831528,2410.260,Global,0.011,0.011,0.011,0.015,2.134,m,FIX,2024-07-23 12:27:03.8 UTC-06:00,2024-07-23 12:27:06.8 UTC-06:00,16,1.2,1.4,468406.801,4313300.605,2429.986,-105.36468810,38.96810683,2415.959,151.813,,NAD83(2011) / UTM zone 13N + NAVD88(GEOID18) height,8,6,7,4,0
163,,468256.952,4313324.872,2424.317,,-105.36641893,38.96832008,2410.292,Global,0.011,0.011,0.010,0.015,2.134,m,FIX,2024-07-23 12:27:30.6 UTC-06:00,2024-07-23 12:27:33.6 UTC-06:00,16,1.2,1.4,468406.801,4313300.605,2429.986,-105.36468810,38.96810683,2415.959,151.964,,NAD83(2011) / UTM zone 13N + NAVD88(GEOID18) height,8,6,8,4,0
164,,468256.925,4313325.403,2424.316,,-105.36641927,38.96832486,2410.292,Global,0.011,0.012,0.010,0.016,2.134,m,FIX,2024-07-23 12:27:43.8 UTC-06:00,2024-07-23 12:27:46.8 UTC-06:00,16,1.2,1.4,468406.801,4313300.605,2429.986,-105.36468810,38.96810683,2415.959,152.071,,NAD83(2011) / UTM zone 13N + NAVD88(GEOID18) height,8,6,7,4,0
165,,468256.923,4313325.822,2424.291,,-105.36641931,38.96832864,2410.266,Global,0.011,0.011,0.010,0.015,2.134,m,FIX,2024-07-23 12:27:54.6 UTC-06:00,2024-07-23 12:27:57.6 UTC-06:00,16,1.2,1.4,468406.801,4313300.605,2429.986,-105.36468810,38.96810683,2415.959,152.135,,NAD83(2011) / UTM zone 13N + NAVD88(GEOID18) height,8,6,8,4,0
166,,468256.889,4313326.305,2424.315,,-105.36641973,38.96833299,2410.291,Global,0.010,0.016,0.010,0.019,2.134,m,FIX,2024-07-23 12:28:03.8 UTC-06:00,2024-07-23 12:28:06.8 UTC-06:00,16,1.2,1.4,468406.801,4313300.605,2429.986,-105.36468810,38.96810683,2415.959,152.265,,NAD83(2011) / UTM zone 13N + NAVD88(GEOID18) height,8,6,8,4,0
167,,468256.962,4313326.821,2424.349,,-105.36641891,38.96833765,2410.325,Global,0.010,0.011,0.010,0.015,2.134,m,FIX,2024-07-23 12:28:16.0 UTC-06:00,2024-07-23 12:28:19.0 UTC-06:00,16,1.2,1.4,468406.801,4313300.605,2429.986,-105.36468810,38.96810683,2415.959,152.272,,NAD83(2011) / UTM zone 13N + NAVD88(GEOID18) height,8,6,8,4,0
168,,468256.975,4313327.281,2424.379,,-105.36641879,38.96834179,2410.354,Global,0.012,0.011,0.011,0.016,2.134,m,FIX,2024-07-23 12:28:34.8 UTC-06:00,2024-07-23 12:28:37.8 UTC-06:00,16,1.2,1.4,468406.801,4313300.605,2429.986,-105.36468810,38.96810683,2415.959,152.353,,NAD83(2011) / UTM zone 13N + NAVD88(GEOID18) height,8,6,7,4,0
169,,468256.940,4313327.815,2424.344,,-105.36641922,38.96834660,2410.320,Global,0.010,0.010,0.010,0.015,2.134,m,FIX,2024-07-23 12:28:49.6 UTC-06:00,2024-07-23 12:28:52.6 UTC-06:00,16,1.2,1.4,468406.801,4313300.605,2429.986,-105.36468810,38.96810683,2415.959,152.463,,NAD83(2011) / UTM zone 13N + NAVD88(GEOID18) height,8,6,8,4,0
170,,468257.031,4313328.427,2424.341,,-105.36641819,38.96835212,2410.317,Global,0.011,0.010,0.012,0.015,2.134,m,FIX,2024-07-23 12:29:03.8 UTC-06:00,2024-07-23 12:29:06.8 UTC-06:00,16,1.2,1.4,468406.801,4313300.605,2429.986,-105.36468810,38.96810683,2415.959,152.491,,NAD83(2011) / UTM zone 13N + NAVD88(GEOID18) height,8,6,8,4,0
171,,468257.155,4313329.161,2424.332,,-105.36641680,38.96835874,2410.308,Global,0.010,0.010,0.010,0.014,2.134,m,FIX,2024-07-23 12:29:25.8 UTC-06:00,2024-07-23 12:29:28.8 UTC-06:00,16,1.2,1.4,468406.801,4313300.605,2429.986,-105.36468810,38.96810683,2415.959,152.502,,NAD83(2011) / UTM zone 13N + NAVD88(GEOID18) height,7,6,8,4,0
172,,468256.869,4313329.729,2424.302,,-105.36642012,38.96836385,2410.277,Global,0.011,0.011,0.010,0.015,2.134,m,FIX,2024-07-23 12:29:49.2 UTC-06:00,2024-07-23 12:29:52.2 UTC-06:00,16,1.2,1.4,468406.801,4313300.605,2429.986,-105.36468810,38.96810683,2415.959,152.884,,NAD83(2011) / UTM zone 13N + NAVD88(GEOID18) height,7,6,7,4,0
173,,468256.757,4313330.235,2424.301,,-105.36642143,38.96836840,2410.276,Global,0.015,0.012,0.010,0.019,2.134,m,FIX,2024-07-23 12:30:18.2 UTC-06:00,2024-07-23 12:30:21.2 UTC-06:00,16,1.2,1.4,468406.801,4313300.605,2429.986,-105.36468810,38.96810683,2415.959,153.123,,NAD83(2011) / UTM zone 13N + NAVD88(GEOID18) height,7,6,8,4,0
174,,468256.518,4313330.618,2424.323,,-105.36642422,38.96837184,2410.299,Global,0.010,0.012,0.010,0.016,2.134,m,FIX,2024-07-23 12:30:38.2 UTC-06:00,2024-07-23 12:30:41.2 UTC-06:00,16,1.2,1.4,468406.801,4313300.605,2429.986,-105.36468810,38.96810683,2415.959,153.410,,NAD83(2011) / UTM zone 13N + NAVD88(GEOID18) height,7,6,8,4,0
175,,468256.553,4313331.248,2424.307,,-105.36642384,38.96837753,2410.283,Global,0.010,0.010,0.011,0.015,2.134,m,FIX,2024-07-23 12:30:49.0 UTC-06:00,2024-07-23 12:30:52.0 UTC-06:00,16,1.3,1.5,468406.801,4313300.605,2429.986,-105.36468810,38.96810683,2415.959,153.499,,NAD83(2011) / UTM zone 13N + NAVD88(GEOID18) height,7,6,8,4,0
176,,468256.398,4313331.739,2424.358,,-105.36642565,38.96838194,2410.333,Global,0.010,0.011,0.010,0.015,2.134,m,FIX,2024-07-23 12:31:08.2 UTC-06:00,2024-07-23 12:31:11.2 UTC-06:00,16,1.3,1.5,468406.801,4313300.605,2429.986,-105.36468810,38.96810683,2415.959,153.745,,NAD83(2011) / UTM zone 13N + NAVD88(GEOID18) height,7,6,8,4,0
177,,468256.359,4313332.183,2424.352,,-105.36642613,38.96838594,2410.328,Global,0.010,0.011,0.010,0.015,2.134,m,FIX,2024-07-23 12:31:23.8 UTC-06:00,2024-07-23 12:31:26.8 UTC-06:00,16,2.5,2.9,468406.801,4313300.605,2429.986,-105.36468810,38.96810683,2415.959,153.882,,NAD83(2011) / UTM zone 13N + NAVD88(GEOID18) height,7,6,8,4,0
178,,468256.429,4313332.686,2424.333,,-105.36642533,38.96839048,2410.309,Global,0.010,0.011,0.010,0.015,2.134,m,FIX,2024-07-23 12:31:39.6 UTC-06:00,2024-07-23 12:31:42.6 UTC-06:00,16,1.2,1.4,468406.801,4313300.605,2429.986,-105.36468810,38.96810683,2415.959,153.914,,NAD83(2011) / UTM zone 13N + NAVD88(GEOID18) height,7,6,8,4,0
179,,468256.408,4313333.163,2424.367,,-105.36642561,38.96839477,2410.343,Global,0.013,0.013,0.010,0.018,2.134,m,FIX,2024-07-23 12:32:01.4 UTC-06:00,2024-07-23 12:32:04.4 UTC-06:00,16,1.2,1.4,468406.801,4313300.605,2429.986,-105.36468810,38.96810683,2415.959,154.024,,NAD83(2011) / UTM zone 13N + NAVD88(GEOID18) height,7,6,8,4,0
180,,468256.440,4313333.649,2424.355,,-105.36642525,38.96839915,2410.331,Global,0.013,0.015,0.010,0.020,2.134,m,FIX,2024-07-23 12:32:13.8 UTC-06:00,2024-07-23 12:32:16.8 UTC-06:00,16,1.3,1.5,468406.801,4313300.605,2429.986,-105.36468810,38.96810683,2415.959,154.088,,NAD83(2011) / UTM zone 13N + NAVD88(GEOID18) height,7,6,8,4,0
181,,468256.216,4313334.028,2424.415,,-105.36642786,38.96840256,2410.390,Global,0.013,0.015,0.010,0.020,2.134,m,FIX,2024-07-23 12:32:29.4 UTC-06:00,2024-07-23 12:32:32.4 UTC-06:00,16,1.4,1.7,468406.801,4313300.605,2429.986,-105.36468810,38.96810683,2415.959,154.407,,NAD83(2011) / UTM zone 13N + NAVD88(GEOID18) height,7,6,8,4,0
182,,468256.087,4313334.628,2424.491,,-105.36642938,38.96840796,2410.467,Global,0.016,0.012,0.011,0.020,2.134,m,FIX,2024-07-23 12:32:42.0 UTC-06:00,2024-07-23 12:32:45.0 UTC-06:00,16,1.3,1.6,468406.801,4313300.605,2429.986,-105.36468810,38.96810683,2415.959,154.672,,NAD83(2011) / UTM zone 13N + NAVD88(GEOID18) height,7,6,8,4,0
183,,468255.939,4313335.034,2424.530,,-105.36643110,38.96841162,2410.505,Global,0.012,0.013,0.012,0.018,2.134,m,FIX,2024-07-23 12:32:54.2 UTC-06:00,2024-07-23 12:32:57.2 UTC-06:00,16,1.4,1.7,468406.801,4313300.605,2429.986,-105.36468810,38.96810683,2415.959,154.906,,NAD83(2011) / UTM zone 13N + NAVD88(GEOID18) height,7,6,8,4,0
184,,468255.845,4313335.542,2424.536,,-105.36643222,38.96841619,2410.512,Global,0.012,0.013,0.013,0.017,2.134,m,FIX,2024-07-23 12:33:03.0 UTC-06:00,2024-07-23 12:33:06.0 UTC-06:00,16,1.4,1.7,468406.801,4313300.605,2429.986,-105.36468810,38.96810683,2415.959,155.094,,NAD83(2011) / UTM zone 13N + NAVD88(GEOID18) height,7,6,8,4,0
185,,468255.793,4313336.039,2424.623,,-105.36643284,38.96842066,2410.599,Global,0.012,0.011,0.011,0.016,2.134,m,FIX,2024-07-23 12:33:15.6 UTC-06:00,2024-07-23 12:33:18.6 UTC-06:00,16,1.4,1.7,468406.801,4313300.605,2429.986,-105.36468810,38.96810683,2415.959,155.245,,NAD83(2011) / UTM zone 13N + NAVD88(GEOID18) height,7,6,8,4,0
186,,468255.780,4313336.241,2424.734,,-105.36643300,38.96842248,2410.710,Global,0.011,0.011,0.011,0.016,2.134,m,FIX,2024-07-23 12:33:55.6 UTC-06:00,2024-07-23 12:33:58.6 UTC-06:00,16,1.5,1.7,468406.801,4313300.605,2429.986,-105.36468810,38.96810683,2415.959,155.313,,NAD83(2011) / UTM zone 13N + NAVD88(GEOID18) height,7,6,8,4,0
187,,468255.529,4313336.232,2424.673,,-105.36643589,38.96842240,2410.648,Global,0.011,0.010,0.019,0.015,2.134,m,FIX,2024-07-23 12:34:28.0 UTC-06:00,2024-07-23 12:34:31.0 UTC-06:00,16,1.4,1.7,468406.801,4313300.605,2429.986,-105.36468810,38.96810683,2415.959,155.553,,NAD83(2011) / UTM zone 13N + NAVD88(GEOID18) height,7,6,7,4,0
188,,468255.720,4313336.469,2424.688,,-105.36643370,38.96842454,2410.664,Global,0.012,0.014,0.015,0.018,2.134,m,FIX,2024-07-23 12:34:45.8 UTC-06:00,2024-07-23 12:34:48.8 UTC-06:00,16,1.5,1.7,468406.801,4313300.605,2429.986,-105.36468810,38.96810683,2415.959,155.416,,NAD83(2011) / UTM zone 13N + NAVD88(GEOID18) height,7,6,8,4,0
189,,468255.997,4313336.298,2424.682,,-105.36643049,38.96842301,2410.658,Global,0.012,0.010,0.016,0.016,2.134,m,FIX,2024-07-23 12:35:05.8 UTC-06:00,2024-07-23 12:35:08.8 UTC-06:00,16,1.8,2.2,468406.801,4313300.605,2429.986,-105.36468810,38.96810683,2415.959,155.111,,NAD83(2011) / UTM zone 13N + NAVD88(GEOID18) height,7,6,7,4,0
190,,468255.821,4313336.073,2424.635,,-105.36643251,38.96842097,2410.611,Global,0.011,0.011,0.010,0.016,2.134,m,FIX,2024-07-23 12:35:22.4 UTC-06:00,2024-07-23 12:35:25.4 UTC-06:00,16,1.5,1.7,468406.801,4313300.605,2429.986,-105.36468810,38.96810683,2415.959,155.235,,NAD83(2011) / UTM zone 13N + NAVD88(GEOID18) height,7,6,8,4,0
191,,468255.773,4313336.235,2424.677,,-105.36643307,38.96842244,2410.652,Global,0.010,0.011,0.010,0.015,2.134,m,FIX,2024-07-23 12:35:41.2 UTC-06:00,2024-07-23 12:35:44.2 UTC-06:00,16,1.4,1.7,468406.801,4313300.605,2429.986,-105.36468810,38.96810683,2415.959,155.324,,NAD83(2011) / UTM zone 13N + NAVD88(GEOID18) height,7,6,8,4,0
192,,468255.796,4313336.255,2424.737,,-105.36643281,38.96842262,2410.712,Global,0.012,0.010,0.012,0.015,2.134,m,FIX,2024-07-23 12:35:58.6 UTC-06:00,2024-07-23 12:36:01.6 UTC-06:00,16,1.9,2.3,468406.801,4313300.605,2429.986,-105.36468810,38.96810683,2415.959,155.303,,NAD83(2011) / UTM zone 13N + NAVD88(GEOID18) height,8,6,7,4,0
193,,468255.799,4313336.263,2424.739,,-105.36643278,38.96842268,2410.715,Global,0.015,0.013,0.015,0.020,2.134,m,FIX,2024-07-23 12:36:23.2 UTC-06:00,2024-07-23 12:36:53.2 UTC-06:00,151,1.9,2.3,468406.801,4313300.605,2429.986,-105.36468810,38.96810683,2415.959,155.312,,NAD83(2011) / UTM zone 13N + NAVD88(GEOID18) height,7,6,7,4,0
194,,468260.688,4313293.569,2424.311,,-105.36637436,38.96803814,2410.286,Global,0.011,0.012,0.011,0.016,2.134,m,FIX,2024-07-23 12:42:54.6 UTC-06:00,2024-07-23 12:42:57.6 UTC-06:00,16,1.3,1.6,468406.801,4313300.605,2429.986,-105.36468810,38.96810683,2415.959,146.429,,NAD83(2011) / UTM zone 13N + NAVD88(GEOID18) height,8,6,8,4,0
195,,468260.726,4313293.086,2424.303,,-105.36637390,38.96803379,2410.278,Global,0.011,0.013,0.011,0.016,2.134,m,FIX,2024-07-23 12:43:05.0 UTC-06:00,2024-07-23 12:43:08.0 UTC-06:00,16,1.3,1.6,468406.801,4313300.605,2429.986,-105.36468810,38.96810683,2415.959,146.418,,NAD83(2011) / UTM zone 13N + NAVD88(GEOID18) height,8,6,8,5,0
196,,468260.781,4313292.609,2424.236,,-105.36637324,38.96802949,2410.211,Global,0.013,0.015,0.010,0.020,2.134,m,FIX,2024-07-23 12:43:15.2 UTC-06:00,2024-07-23 12:43:18.2 UTC-06:00,16,1.3,1.6,468406.801,4313300.605,2429.986,-105.36468810,38.96810683,2415.959,146.408,,NAD83(2011) / UTM zone 13N + NAVD88(GEOID18) height,8,6,8,5,0
197,,468260.873,4313292.108,2424.259,,-105.36637215,38.96802498,2410.235,Global,0.013,0.012,0.010,0.017,2.134,m,FIX,2024-07-23 12:43:25.6 UTC-06:00,2024-07-23 12:43:28.6 UTC-06:00,16,1.3,1.6,468406.801,4313300.605,2429.986,-105.36468810,38.96810683,2415.959,146.331,,NAD83(2011) / UTM zone 13N + NAVD88(GEOID18) height,7,6,8,4,0
198,,468260.934,4313291.612,2424.347,,-105.36637143,38.96802051,2410.322,Global,0.011,0.011,0.010,0.016,2.134,m,FIX,2024-07-23 12:43:37.8 UTC-06:00,2024-07-23 12:43:40.8 UTC-06:00,16,1.3,1.6,468406.801,4313300.605,2429.986,-105.36468810,38.96810683,2415.959,146.293,,NAD83(2011) / UTM zone 13N + NAVD88(GEOID18) height,7,6,8,4,0
199,,468261.043,4313291.177,2424.342,,-105.36637015,38.96801659,2410.318,Global,0.011,0.010,0.010,0.015,2.134,m,FIX,2024-07-23 12:43:52.4 UTC-06:00,2024-07-23 12:43:55.4 UTC-06:00,16,1.3,1.6,468406.801,4313300.605,2429.986,-105.36468810,38.96810683,2415.959,146.223,,NAD83(2011) / UTM zone 13N + NAVD88(GEOID18) height,7,6,8,4,0
200,,468261.103,4313290.670,2424.323,,-105.36636944,38.96801203,2410.299,Global,0.011,0.010,0.010,0.015,2.134,m,FIX,2024-07-23 12:44:06.6 UTC-06:00,2024-07-23 12:44:09.6 UTC-06:00,16,1.3,1.6,468406.801,4313300.605,2429.986,-105.36468810,38.96810683,2415.959,146.196,,NAD83(2011) / UTM zone 13N + NAVD88(GEOID18) height,7,6,8,4,0
201,,468261.159,4313290.152,2424.285,,-105.36636876,38.96800736,2410.261,Global,0.016,0.011,0.010,0.019,2.134,m,FIX,2024-07-23 12:44:18.2 UTC-06:00,2024-07-23 12:44:21.2 UTC-06:00,16,1.3,1.6,468406.801,4313300.605,2429.986,-105.36468810,38.96810683,2415.959,146.196,,NAD83(2011) / UTM zone 13N + NAVD88(GEOID18) height,7,6,8,4,0
202,,468261.197,4313289.671,2424.373,,-105.36636831,38.96800303,2410.349,Global,0.011,0.010,0.010,0.015,2.134,m,FIX,2024-07-23 12:44:31.0 UTC-06:00,2024-07-23 12:44:34.0 UTC-06:00,16,1.3,1.6,468406.801,4313300.605,2429.986,-105.36468810,38.96810683,2415.959,146.169,,NAD83(2011) / UTM zone 13N + NAVD88(GEOID18) height,8,6,8,4,0
203,,468261.280,4313289.150,2424.400,,-105.36636732,38.96799834,2410.375,Global,0.011,0.014,0.010,0.017,2.134,m,FIX,2024-07-23 12:44:41.2 UTC-06:00,2024-07-23 12:44:44.2 UTC-06:00,16,1.3,1.6,468406.801,4313300.605,2429.986,-105.36468810,38.96810683,2415.959,146.128,,NAD83(2011) / UTM zone 13N + NAVD88(GEOID18) height,8,6,8,4,0
204,,468261.304,4313288.661,2424.409,,-105.36636702,38.96799393,2410.384,Global,0.010,0.011,0.011,0.015,2.134,m,FIX,2024-07-23 12:44:53.6 UTC-06:00,2024-07-23 12:44:56.6 UTC-06:00,16,1.3,1.6,468406.801,4313300.605,2429.986,-105.36468810,38.96810683,2415.959,146.141,,NAD83(2011) / UTM zone 13N + NAVD88(GEOID18) height,8,6,8,4,0
205,,468261.410,4313288.160,2424.405,,-105.36636577,38.96798942,2410.380,Global,0.011,0.014,0.011,0.017,2.134,m,FIX,2024-07-23 12:45:04.4 UTC-06:00,2024-07-23 12:45:07.4 UTC-06:00,16,1.3,1.6,468406.801,4313300.605,2429.986,-105.36468810,38.96810683,2415.959,146.081,,NAD83(2011) / UTM zone 13N + NAVD88(GEOID18) height,8,6,8,4,0
206,,468261.476,4313287.713,2424.533,,-105.36636499,38.96798540,2410.508,Global,0.012,0.016,0.010,0.020,2.134,m,FIX,2024-07-23 12:45:23.2 UTC-06:00,2024-07-23 12:45:26.2 UTC-06:00,16,1.3,1.6,468406.801,4313300.605,2429.986,-105.36468810,38.96810683,2415.959,146.050,,NAD83(2011) / UTM zone 13N + NAVD88(GEOID18) height,8,6,8,4,0
207,,468261.575,4313287.224,2424.484,,-105.36636382,38.96798099,2410.459,Global,0.013,0.010,0.010,0.016,2.134,m,FIX,2024-07-23 12:45:36.6 UTC-06:00,2024-07-23 12:45:39.6 UTC-06:00,16,1.3,1.6,468406.801,4313300.605,2429.986,-105.36468810,38.96810683,2415.959,146.002,,NAD83(2011) / UTM zone 13N + NAVD88(GEOID18) height,7,6,8,4,0
208,,468261.682,4313286.677,2424.507,,-105.36636256,38.96797607,2410.482,Global,0.011,0.011,0.010,0.015,2.134,m,FIX,2024-07-23 12:45:49.6 UTC-06:00,2024-07-23 12:45:52.6 UTC-06:00,16,1.3,1.6,468406.801,4313300.605,2429.986,-105.36468810,38.96810683,2415.959,145.935,,NAD83(2011) / UTM zone 13N + NAVD88(GEOID18) height,8,6,8,4,0
209,,468261.729,4313286.157,2424.568,,-105.36636200,38.96797138,2410.543,Global,0.015,0.014,0.010,0.021,2.134,m,FIX,2024-07-23 12:46:02.6 UTC-06:00,2024-07-23 12:46:05.6 UTC-06:00,16,1.3,1.6,468406.801,4313300.605,2429.986,-105.36468810,38.96810683,2415.959,145.923,,NAD83(2011) / UTM zone 13N + NAVD88(GEOID18) height,8,6,8,4,0
210,,468261.806,4313285.696,2424.563,,-105.36636109,38.96796723,2410.538,Global,0.012,0.014,0.010,0.018,2.134,m,FIX,2024-07-23 12:46:11.6 UTC-06:00,2024-07-23 12:46:14.6 UTC-06:00,16,1.4,1.7,468406.801,4313300.605,2429.986,-105.36468810,38.96810683,2415.959,145.895,,NAD83(2011) / UTM zone 13N + NAVD88(GEOID18) height,7,6,8,4,0
211,,468261.899,4313285.181,2424.558,,-105.36635999,38.96796259,2410.533,Global,0.011,0.016,0.010,0.019,2.134,m,FIX,2024-07-23 12:46:21.6 UTC-06:00,2024-07-23 12:46:24.6 UTC-06:00,16,1.3,1.6,468406.801,4313300.605,2429.986,-105.36468810,38.96810683,2415.959,145.873,,NAD83(2011) / UTM zone 13N + NAVD88(GEOID18) height,7,6,8,4,0
212,,468262.041,4313284.698,2424.588,,-105.36635833,38.96795825,2410.564,Global,0.017,0.011,0.010,0.021,2.134,m,FIX,2024-07-23 12:46:31.8 UTC-06:00,2024-07-23 12:46:34.8 UTC-06:00,16,1.3,1.6,468406.801,4313300.605,2429.986,-105.36468810,38.96810683,2415.959,145.788,,NAD83(2011) / UTM zone 13N + NAVD88(GEOID18) height,7,6,8,4,0
213,,468262.007,4313284.248,2424.671,,-105.36635871,38.96795419,2410.646,Global,0.017,0.020,0.010,0.026,2.134,m,FIX,2024-07-23 12:46:49.4 UTC-06:00,2024-07-23 12:46:52.4 UTC-06:00,16,1.4,1.7,468406.801,4313300.605,2429.986,-105.36468810,38.96810683,2415.959,145.868,,NAD83(2011) / UTM zone 13N + NAVD88(GEOID18) height,7,6,8,4,0
214,,468262.149,4313283.724,2424.664,,-105.36635703,38.96794948,2410.639,Global,0.013,0.011,0.010,0.017,2.134,m,FIX,2024-07-23 12:46:57.8 UTC-06:00,2024-07-23 12:47:00.8 UTC-06:00,16,1.4,1.7,468406.801,4313300.605,2429.986,-105.36468810,38.96810683,2415.959,145.770,,NAD83(2011) / UTM zone 13N + NAVD88(GEOID18) height,7,6,8,4,0
215,,468262.183,4313283.215,2424.643,,-105.36635662,38.96794489,2410.618,Global,0.016,0.016,0.011,0.023,2.134,m,FIX,2024-07-23 12:47:06.6 UTC-06:00,2024-07-23 12:47:09.6 UTC-06:00,16,1.5,1.8,468406.801,4313300.605,2429.986,-105.36468810,38.96810683,2415.959,145.791,,NAD83(2011) / UTM zone 13N + NAVD88(GEOID18) height,7,6,8,4,0
216,,468262.204,4313282.731,2424.678,,-105.36635635,38.96794053,2410.653,Global,0.013,0.013,0.010,0.019,2.134,m,FIX,2024-07-23 12:47:19.6 UTC-06:00,2024-07-23 12:47:22.6 UTC-06:00,16,1.4,1.7,468406.801,4313300.605,2429.986,-105.36468810,38.96810683,2415.959,145.851,,NAD83(2011) / UTM zone 13N + NAVD88(GEOID18) height,7,6,8,4,0
217,,468262.249,4313282.217,2424.708,,-105.36635582,38.96793590,2410.683,Global,0.011,0.012,0.010,0.016,2.134,m,FIX,2024-07-23 12:47:30.6 UTC-06:00,2024-07-23 12:47:33.6 UTC-06:00,16,1.4,1.7,468406.801,4313300.605,2429.986,-105.36468810,38.96810683,2415.959,145.855,,NAD83(2011) / UTM zone 13N + NAVD88(GEOID18) height,7,6,8,4,0
218,,468262.312,4313281.773,2424.704,,-105.36635506,38.96793190,2410.679,Global,0.014,0.024,0.010,0.027,2.134,m,FIX,2024-07-23 12:47:44.2 UTC-06:00,2024-07-23 12:47:47.2 UTC-06:00,16,1.3,1.6,468406.801,4313300.605,2429.986,-105.36468810,38.96810683,2415.959,145.844,,NAD83(2011) / UTM zone 13N + NAVD88(GEOID18) height,7,6,8,4,0
219,,468262.392,4313281.195,2424.738,,-105.36635412,38.96792670,2410.713,Global,0.011,0.013,0.010,0.017,2.134,m,FIX,2024-07-23 12:47:54.4 UTC-06:00,2024-07-23 12:47:57.4 UTC-06:00,16,1.3,1.6,468406.801,4313300.605,2429.986,-105.36468810,38.96810683,2415.959,145.854,,NAD83(2011) / UTM zone 13N + NAVD88(GEOID18) height,8,6,8,4,0
220,,468262.412,4313280.726,2424.690,,-105.36635387,38.96792247,2410.665,Global,0.014,0.013,0.011,0.019,2.134,m,FIX,2024-07-23 12:48:03.4 UTC-06:00,2024-07-23 12:48:06.4 UTC-06:00,16,1.4,1.6,468406.801,4313300.605,2429.986,-105.36468810,38.96810683,2415.959,145.918,,NAD83(2011) / UTM zone 13N + NAVD88(GEOID18) height,8,6,8,4,0
221,,468262.504,4313280.240,2424.679,,-105.36635278,38.96791809,2410.654,Global,0.012,0.011,0.010,0.016,2.134,m,FIX,2024-07-23 12:48:12.0 UTC-06:00,2024-07-23 12:48:15.0 UTC-06:00,16,1.4,1.6,468406.801,4313300.605,2429.986,-105.36468810,38.96810683,2415.959,145.859,,NAD83(2011) / UTM zone 13N + NAVD88(GEOID18) height,7,6,8,4,0
222,,468262.541,4313279.793,2424.686,,-105.36635234,38.96791406,2410.661,Global,0.011,0.014,0.010,0.018,2.134,m,FIX,2024-07-23 12:48:20.2 UTC-06:00,2024-07-23 12:48:23.2 UTC-06:00,16,1.5,1.8,468406.801,4313300.605,2429.986,-105.36468810,38.96810683,2415.959,145.904,,NAD83(2011) / UTM zone 13N + NAVD88(GEOID18) height,7,6,8,4,0
223,,468262.624,4313279.312,2424.702,,-105.36635135,38.96790974,2410.677,Global,0.011,0.011,0.011,0.015,2.134,m,FIX,2024-07-23 12:48:29.4 UTC-06:00,2024-07-23 12:48:32.4 UTC-06:00,16,1.4,1.6,468406.801,4313300.605,2429.986,-105.36468810,38.96810683,2415.959,145.887,,NAD83(2011) / UTM zone 13N + NAVD88(GEOID18) height,7,6,8,4,0
224,,468262.719,4313278.755,2424.711,,-105.36635023,38.96790472,2410.686,Global,0.014,0.018,0.010,0.023,2.134,m,FIX,2024-07-23 12:48:45.4 UTC-06:00,2024-07-23 12:48:48.4 UTC-06:00,16,1.4,1.6,468406.801,4313300.605,2429.986,-105.36468810,38.96810683,2415.959,145.868,,NAD83(2011) / UTM zone 13N + NAVD88(GEOID18) height,9,6,8,4,0
225,,468262.751,4313278.288,2424.705,,-105.36634984,38.96790051,2410.680,Global,0.010,0.014,0.010,0.017,2.134,m,FIX,2024-07-23 12:48:53.6 UTC-06:00,2024-07-23 12:48:56.6 UTC-06:00,16,1.4,1.6,468406.801,4313300.605,2429.986,-105.36468810,38.96810683,2415.959,145.915,,NAD83(2011) / UTM zone 13N + NAVD88(GEOID18) height,8,6,8,4,0
226,,468262.844,4313277.772,2424.672,,-105.36634874,38.96789586,2410.647,Global,0.011,0.012,0.010,0.016,2.134,m,FIX,2024-07-23 12:49:13.2 UTC-06:00,2024-07-23 12:49:16.2 UTC-06:00,16,1.5,1.8,468406.801,4313300.605,2429.986,-105.36468810,38.96810683,2415.959,145.906,,NAD83(2011) / UTM zone 13N + NAVD88(GEOID18) height,8,6,7,4,0
227,,468262.928,4313277.289,2424.654,,-105.36634775,38.96789152,2410.629,Global,0.012,0.014,0.010,0.019,2.134,m,FIX,2024-07-23 12:49:26.8 UTC-06:00,2024-07-23 12:49:29.8 UTC-06:00,16,1.5,1.8,468406.801,4313300.605,2429.986,-105.36468810,38.96810683,2415.959,145.891,,NAD83(2011) / UTM zone 13N + NAVD88(GEOID18) height,8,6,7,4,0
228,,468262.997,4313276.778,2424.618,,-105.36634693,38.96788691,2410.593,Global,0.013,0.011,0.010,0.017,2.134,m,FIX,2024-07-23 12:49:35.4 UTC-06:00,2024-07-23 12:49:38.4 UTC-06:00,16,1.4,1.6,468406.801,4313300.605,2429.986,-105.36468810,38.96810683,2415.959,145.910,,NAD83(2011) / UTM zone 13N + NAVD88(GEOID18) height,8,6,8,4,0
229,,468263.005,4313276.326,2424.607,,-105.36634682,38.96788284,2410.582,Global,0.018,0.014,0.011,0.023,2.134,m,FIX,2024-07-23 12:49:47.0 UTC-06:00,2024-07-23 12:49:50.0 UTC-06:00,16,1.4,1.6,468406.801,4313300.605,2429.986,-105.36468810,38.96810683,2415.959,145.989,,NAD83(2011) / UTM zone 13N + NAVD88(GEOID18) height,8,6,8,4,0
230,,468263.146,4313275.773,2424.541,,-105.36634516,38.96787786,2410.516,Global,0.013,0.017,0.010,0.022,2.134,m,FIX,2024-07-23 12:49:57.4 UTC-06:00,2024-07-23 12:50:00.4 UTC-06:00,16,1.4,1.6,468406.801,4313300.605,2429.986,-105.36468810,38.96810683,2415.959,145.946,,NAD83(2011) / UTM zone 13N + NAVD88(GEOID18) height,7,6,8,4,0
231,,468263.238,4313275.311,2424.438,,-105.36634408,38.96787370,2410.413,Global,0.027,0.021,0.010,0.034,2.134,m,FIX,2024-07-23 12:50:09.0 UTC-06:00,2024-07-23 12:50:12.0 UTC-06:00,16,1.4,1.6,468406.801,4313300.605,2429.986,-105.36468810,38.96810683,2415.959,145.962,,NAD83(2011) / UTM zone 13N + NAVD88(GEOID18) height,8,6,8,4,0
232,,468263.339,4313274.835,2424.438,,-105.36634289,38.96786941,2410.414,Global,0.024,0.021,0.010,0.032,2.134,m,FIX,2024-07-23 12:50:18.0 UTC-06:00,2024-07-23 12:50:21.0 UTC-06:00,16,1.7,2.0,468406.801,4313300.605,2429.986,-105.36468810,38.96810683,2415.959,145.895,,NAD83(2011) / UTM zone 13N + NAVD88(GEOID18) height,8,6,8,4,0
233,,468263.376,4313274.334,2424.349,,-105.36634244,38.96786491,2410.324,Global,0.012,0.011,0.011,0.016,2.134,m,FIX,2024-07-23 12:50:29.8 UTC-06:00,2024-07-23 12:50:32.8 UTC-06:00,16,1.4,1.6,468406.801,4313300.605,2429.986,-105.36468810,38.96810683,2415.959,145.959,,NAD83(2011) / UTM zone 13N + NAVD88(GEOID18) height,7,6,8,4,0
234,,468263.512,4313273.722,2424.367,,-105.36634084,38.96785940,2410.342,Global,0.013,0.011,0.010,0.017,2.134,m,FIX,2024-07-23 12:50:41.0 UTC-06:00,2024-07-23 12:50:44.0 UTC-06:00,16,1.5,1.8,468406.801,4313300.605,2429.986,-105.36468810,38.96810683,2415.959,145.934,,NAD83(2011) / UTM zone 13N + NAVD88(GEOID18) height,8,6,8,4,0
235,,468263.574,4313273.300,2424.330,,-105.36634011,38.96785560,2410.305,Global,0.013,0.012,0.012,0.018,2.134,m,FIX,2024-07-23 12:50:49.0 UTC-06:00,2024-07-23 12:50:52.0 UTC-06:00,16,1.4,1.6,468406.801,4313300.605,2429.986,-105.36468810,38.96810683,2415.959,145.953,,NAD83(2011) / UTM zone 13N + NAVD88(GEOID18) height,7,6,8,4,0
236,,468263.746,4313272.797,2424.308,,-105.36633810,38.96785107,2410.283,Global,0.021,0.016,0.010,0.026,2.134,m,FIX,2024-07-23 12:50:58.2 UTC-06:00,2024-07-23 12:51:01.2 UTC-06:00,16,1.4,1.6,468406.801,4313300.605,2429.986,-105.36468810,38.96810683,2415.959,145.868,,NAD83(2011) / UTM zone 13N + NAVD88(GEOID18) height,8,6,8,4,0
237,,468263.793,4313272.394,2424.321,,-105.36633753,38.96784744,2410.296,Global,0.011,0.015,0.010,0.019,2.134,m,FIX,2024-07-23 12:51:13.8 UTC-06:00,2024-07-23 12:51:16.8 UTC-06:00,16,1.5,1.8,468406.801,4313300.605,2429.986,-105.36468810,38.96810683,2415.959,145.912,,NAD83(2011) / UTM zone 13N + NAVD88(GEOID18) height,8,6,8,4,0
238,,468263.897,4313271.836,2424.267,,-105.36633631,38.96784241,2410.242,Global,0.010,0.011,0.011,0.015,2.134,m,FIX,2024-07-23 12:51:22.2 UTC-06:00,2024-07-23 12:51:25.2 UTC-06:00,16,1.4,1.6,468406.801,4313300.605,2429.986,-105.36468810,38.96810683,2415.959,145.919,,NAD83(2011) / UTM zone 13N + NAVD88(GEOID18) height,8,6,8,4,0
239,,468264.019,4313271.356,2424.289,,-105.36633488,38.96783809,2410.264,Global,0.014,0.014,0.010,0.020,2.134,m,FIX,2024-07-23 12:51:33.8 UTC-06:00,2024-07-23 12:51:36.8 UTC-06:00,16,1.5,1.8,468406.801,4313300.605,2429.986,-105.36468810,38.96810683,2415.959,145.903,,NAD83(2011) / UTM zone 13N + NAVD88(GEOID18) height,8,5,8,4,0
240,,468264.069,4313270.851,2424.268,,-105.36633427,38.96783355,2410.243,Global,0.013,0.012,0.010,0.018,2.134,m,FIX,2024-07-23 12:51:42.0 UTC-06:00,2024-07-23 12:51:45.0 UTC-06:00,16,1.7,2.0,468406.801,4313300.605,2429.986,-105.36468810,38.96810683,2415.959,145.955,,NAD83(2011) / UTM zone 13N + NAVD88(GEOID18) height,8,6,8,4,0
241,,468264.102,4313270.344,2424.306,,-105.36633387,38.96782898,2410.281,Global,0.012,0.017,0.011,0.021,2.134,m,FIX,2024-07-23 12:51:52.6 UTC-06:00,2024-07-23 12:51:55.6 UTC-06:00,16,1.5,1.8,468406.801,4313300.605,2429.986,-105.36468810,38.96810683,2415.959,146.036,,NAD83(2011) / UTM zone 13N + NAVD88(GEOID18) height,7,6,8,4,0
242,,468264.193,4313269.968,2424.282,,-105.36633281,38.96782559,2410.257,Global,0.012,0.013,0.011,0.018,2.134,m,FIX,2024-07-23 12:52:03.2 UTC-06:00,2024-07-23 12:52:06.2 UTC-06:00,16,1.7,2.0,468406.801,4313300.605,2429.986,-105.36468810,38.96810683,2415.959,146.009,,NAD83(2011) / UTM zone 13N + NAVD88(GEOID18) height,8,6,8,4,0
243,,468264.266,4313269.410,2424.314,,-105.36633194,38.96782056,2410.289,Global,0.011,0.010,0.010,0.015,2.134,m,FIX,2024-07-23 12:52:10.8 UTC-06:00,2024-07-23 12:52:13.8 UTC-06:00,16,1.4,1.6,468406.801,4313300.605,2429.986,-105.36468810,38.96810683,2415.959,146.062,,NAD83(2011) / UTM zone 13N + NAVD88(GEOID18) height,7,6,8,5,0
244,,468264.346,4313268.860,2424.315,,-105.36633099,38.96781561,2410.290,Global,0.011,0.010,0.010,0.015,2.134,m,FIX,2024-07-23 12:52:22.2 UTC-06:00,2024-07-23 12:52:25.2 UTC-06:00,16,1.5,1.8,468406.801,4313300.605,2429.986,-105.36468810,38.96810683,2415.959,146.110,,NAD83(2011) / UTM zone 13N + NAVD88(GEOID18) height,8,6,8,4,0
245,,468264.412,4313268.398,2424.324,,-105.36633021,38.96781145,2410.299,Global,0.013,0.014,0.010,0.019,2.134,m,FIX,2024-07-23 12:52:31.2 UTC-06:00,2024-07-23 12:52:34.2 UTC-06:00,16,1.5,1.8,468406.801,4313300.605,2429.986,-105.36468810,38.96810683,2415.959,146.150,,NAD83(2011) / UTM zone 13N + NAVD88(GEOID18) height,7,6,7,4,0
246,,468264.526,4313267.909,2424.309,,-105.36632886,38.96780705,2410.284,Global,0.011,0.010,0.010,0.015,2.134,m,FIX,2024-07-23 12:52:43.6 UTC-06:00,2024-07-23 12:52:46.6 UTC-06:00,16,1.5,1.8,468406.801,4313300.605,2429.986,-105.36468810,38.96810683,2415.959,146.132,,NAD83(2011) / UTM zone 13N + NAVD88(GEOID18) height,8,6,7,4,0
247,,468264.621,4313267.464,2424.304,,-105.36632775,38.96780304,2410.279,Global,0.025,0.018,0.010,0.031,2.134,m,FIX,2024-07-23 12:52:55.2 UTC-06:00,2024-07-23 12:52:58.2 UTC-06:00,16,1.5,1.8,468406.801,4313300.605,2429.986,-105.36468810,38.96810683,2415.959,146.110,,NAD83(2011) / UTM zone 13N + NAVD88(GEOID18) height,7,6,7,4,0
248,,468264.737,4313266.920,2424.411,,-105.36632639,38.96779814,2410.386,Global,0.013,0.011,0.010,0.017,2.134,m,FIX,2024-07-23 12:53:08.0 UTC-06:00,2024-07-23 12:53:11.0 UTC-06:00,16,1.5,1.8,468406.801,4313300.605,2429.986,-105.36468810,38.96810683,2415.959,146.173,,NAD83(2011) / UTM zone 13N + NAVD88(GEOID18) height,8,6,8,4,0
249,,468264.830,4313266.486,2424.556,,-105.36632529,38.96779424,2410.531,Global,0.013,0.011,0.010,0.017,2.134,m,FIX,2024-07-23 12:53:18.8 UTC-06:00,2024-07-23 12:53:21.8 UTC-06:00,16,1.5,1.8,468406.801,4313300.605,2429.986,-105.36468810,38.96810683,2415.959,146.183,,NAD83(2011) / UTM zone 13N + NAVD88(GEOID18) height,7,6,8,4,0
250,,468264.856,4313265.841,2424.680,,-105.36632496,38.96778843,2410.655,Global,0.012,0.018,0.010,0.021,2.134,m,FIX,2024-07-23 12:53:29.8 UTC-06:00,2024-07-23 12:53:32.8 UTC-06:00,16,1.5,1.8,468406.801,4313300.605,2429.986,-105.36468810,38.96810683,2415.959,146.282,,NAD83(2011) / UTM zone 13N + NAVD88(GEOID18) height,7,6,8,4,0
251,,468264.919,4313265.506,2424.769,,-105.36632422,38.96778541,2410.744,Global,0.023,0.029,0.011,0.037,2.134,m,FIX,2024-07-23 12:53:40.4 UTC-06:00,2024-07-23 12:53:43.4 UTC-06:00,16,1.5,1.8,468406.801,4313300.605,2429.986,-105.36468810,38.96810683,2415.959,146.331,,NAD83(2011) / UTM zone 13N + NAVD88(GEOID18) height,8,6,8,4,0
252,,468265.062,4313264.957,2424.839,,-105.36632255,38.96778046,2410.814,Global,0.015,0.027,0.010,0.031,2.134,m,FIX,2024-07-23 12:54:03.6 UTC-06:00,2024-07-23 12:54:06.6 UTC-06:00,16,1.5,1.8,468406.801,4313300.605,2429.986,-105.36468810,38.96810683,2415.959,146.285,,NAD83(2011) / UTM zone 13N + NAVD88(GEOID18) height,8,6,8,4,0
253,,468265.159,4313264.554,2424.934,,-105.36632140,38.96777684,2410.909,Global,0.011,0.012,0.011,0.016,2.134,m,FIX,2024-07-23 12:54:17.4 UTC-06:00,2024-07-23 12:54:20.4 UTC-06:00,16,1.7,2.1,468406.801,4313300.605,2429.986,-105.36468810,38.96810683,2415.959,146.298,,NAD83(2011) / UTM zone 13N + NAVD88(GEOID18) height,8,6,8,4,0
254,,468265.115,4313264.068,2425.056,,-105.36632189,38.96777246,2411.031,Global,0.011,0.014,0.010,0.018,2.134,m,FIX,2024-07-23 12:54:25.8 UTC-06:00,2024-07-23 12:54:28.8 UTC-06:00,16,1.5,1.8,468406.801,4313300.605,2429.986,-105.36468810,38.96810683,2415.959,146.456,,NAD83(2011) / UTM zone 13N + NAVD88(GEOID18) height,9,6,8,4,0
255,,468265.162,4313263.549,2425.053,,-105.36632132,38.96776779,2411.028,Global,0.012,0.011,0.011,0.016,2.134,m,FIX,2024-07-23 12:54:36.4 UTC-06:00,2024-07-23 12:54:39.4 UTC-06:00,16,1.5,1.8,468406.801,4313300.605,2429.986,-105.36468810,38.96810683,2415.959,146.542,,NAD83(2011) / UTM zone 13N + NAVD88(GEOID18) height,9,6,7,4,0
256,,468265.168,4313262.930,2425.245,,-105.36632123,38.96776221,2411.220,Global,0.012,0.022,0.010,0.025,2.134,m,FIX,2024-07-23 12:54:49.2 UTC-06:00,2024-07-23 12:54:52.2 UTC-06:00,16,1.5,1.8,468406.801,4313300.605,2429.986,-105.36468810,38.96810683,2415.959,146.682,,NAD83(2011) / UTM zone 13N + NAVD88(GEOID18) height,9,6,7,4,0
257,,468265.255,4313262.529,2425.369,,-105.36632020,38.96775859,2411.344,Global,0.014,0.012,0.010,0.019,2.134,m,FIX,2024-07-23 12:55:02.0 UTC-06:00,2024-07-23 12:55:05.0 UTC-06:00,16,1.7,2.1,468406.801,4313300.605,2429.986,-105.36468810,38.96810683,2415.959,146.698,,NAD83(2011) / UTM zone 13N + NAVD88(GEOID18) height,7,6,7,4,0
258,,468265.341,4313262.060,2425.468,,-105.36631918,38.96775438,2411.443,Global,0.018,0.012,0.010,0.022,2.134,m,FIX,2024-07-23 12:55:11.2 UTC-06:00,2024-07-23 12:55:14.2 UTC-06:00,16,1.7,2.1,468406.801,4313300.605,2429.986,-105.36468810,38.96810683,2415.959,146.738,,NAD83(2011) / UTM zone 13N + NAVD88(GEOID18) height,8,6,7,4,0
259,,468265.439,4313261.427,2425.568,,-105.36631803,38.96774867,2411.543,Global,0.011,0.011,0.010,0.016,2.134,m,FIX,2024-07-23 12:55:20.8 UTC-06:00,2024-07-23 12:55:23.8 UTC-06:00,16,1.7,2.1,468406.801,4313300.605,2429.986,-105.36468810,38.96810683,2415.959,146.822,,NAD83(2011) / UTM zone 13N + NAVD88(GEOID18) height,8,6,7,4,0
260,,468265.837,4313258.536,2425.732,,-105.36631330,38.96772264,2411.707,Global,0.011,0.011,0.010,0.015,2.134,m,FIX,2024-07-23 12:55:58.2 UTC-06:00,2024-07-23 12:56:01.2 UTC-06:00,16,1.7,2.1,468406.801,4313300.605,2429.986,-105.36468810,38.96810683,2415.959,147.234,,NAD83(2011) / UTM zone 13N + NAVD88(GEOID18) height,8,6,7,4,0
261,,468265.772,4313258.146,2425.759,,-105.36631403,38.96771912,2411.734,Global,0.014,0.011,0.010,0.018,2.134,m,FIX,2024-07-23 12:56:20.0 UTC-06:00,2024-07-23 12:56:23.0 UTC-06:00,16,1.7,2.1,468406.801,4313300.605,2429.986,-105.36468810,38.96810683,2415.959,147.396,,NAD83(2011) / UTM zone 13N + NAVD88(GEOID18) height,9,6,7,4,0
262,,468265.857,4313257.616,2425.830,,-105.36631302,38.96771435,2411.805,Global,0.011,0.012,0.010,0.016,2.134,m,FIX,2024-07-23 12:56:54.8 UTC-06:00,2024-07-23 12:56:57.8 UTC-06:00,16,1.7,2.1,468406.801,4313300.605,2429.986,-105.36468810,38.96810683,2415.959,147.491,,NAD83(2011) / UTM zone 13N + NAVD88(GEOID18) height,8,6,7,4,0
263,,468265.851,4313257.119,2425.976,,-105.36631307,38.96770987,2411.951,Global,0.012,0.020,0.010,0.023,2.134,m,FIX,2024-07-23 12:57:03.8 UTC-06:00,2024-07-23 12:57:06.8 UTC-06:00,16,1.7,2.1,468406.801,4313300.605,2429.986,-105.36468810,38.96810683,2415.959,147.629,,NAD83(2011) / UTM zone 13N + NAVD88(GEOID18) height,8,6,7,4,0
264,,468265.902,4313256.719,2426.030,,-105.36631246,38.96770627,2412.005,Global,0.011,0.011,0.010,0.015,2.134,m,FIX,2024-07-23 12:57:15.0 UTC-06:00,2024-07-23 12:57:18.0 UTC-06:00,16,1.7,2.1,468406.801,4313300.605,2429.986,-105.36468810,38.96810683,2415.959,147.699,,NAD83(2011) / UTM zone 13N + NAVD88(GEOID18) height,9,6,7,4,0
265,,468265.984,4313256.013,2426.361,,-105.36631148,38.96769990,2412.336,Global,0.010,0.010,0.010,0.015,2.134,m,FIX,2024-07-23 12:57:37.4 UTC-06:00,2024-07-23 12:57:40.4 UTC-06:00,16,1.7,2.1,468406.801,4313300.605,2429.986,-105.36468810,38.96810683,2415.959,147.828,,NAD83(2011) / UTM zone 13N + NAVD88(GEOID18) height,7,5,7,4,0
266,,468266.059,4313255.699,2426.648,,-105.36631060,38.96769707,2412.623,Global,0.010,0.011,0.010,0.015,2.134,m,FIX,2024-07-23 12:58:36.4 UTC-06:00,2024-07-23 12:58:39.4 UTC-06:00,16,2.0,2.4,468406.801,4313300.605,2429.986,-105.36468810,38.96810683,2415.959,147.849,,NAD83(2011) / UTM zone 13N + NAVD88(GEOID18) height,7,6,7,4,0
267,,468265.844,4313255.664,2426.600,,-105.36631309,38.96769675,2412.575,Global,0.012,0.010,0.011,0.016,2.134,m,FIX,2024-07-23 12:59:07.2 UTC-06:00,2024-07-23 12:59:10.2 UTC-06:00,16,2.0,2.4,468406.801,4313300.605,2429.986,-105.36468810,38.96810683,2415.959,148.066,,NAD83(2011) / UTM zone 13N + NAVD88(GEOID18) height,7,6,7,4,0
268,,468266.150,4313255.518,2426.686,,-105.36630955,38.96769545,2412.661,Global,0.010,0.012,0.010,0.016,2.134,m,FIX,2024-07-23 12:59:25.6 UTC-06:00,2024-07-23 12:59:28.6 UTC-06:00,16,2.0,2.4,468406.801,4313300.605,2429.986,-105.36468810,38.96810683,2415.959,147.823,,NAD83(2011) / UTM zone 13N + NAVD88(GEOID18) height,8,6,7,4,0
269,,468266.251,4313255.714,2426.583,,-105.36630838,38.96769722,2412.557,Global,0.012,0.022,0.010,0.025,2.134,m,FIX,2024-07-23 12:59:49.8 UTC-06:00,2024-07-23 12:59:52.8 UTC-06:00,16,2.0,2.4,468406.801,4313300.605,2429.986,-105.36468810,38.96810683,2415.959,147.679,,NAD83(2011) / UTM zone 13N + NAVD88(GEOID18) height,7,6,7,4,0
270,,468265.991,4313255.921,2426.450,,-105.36631140,38.96769907,2412.425,Global,0.013,0.020,0.011,0.024,2.134,m,FIX,2024-07-23 13:00:07.0 UTC-06:00,2024-07-23 13:00:10.0 UTC-06:00,16,2.0,2.4,468406.801,4313300.605,2429.986,-105.36468810,38.96810683,2415.959,147.860,,NAD83(2011) / UTM zone 13N + NAVD88(GEOID18) height,7,6,7,5,0
271,,468266.060,4313255.703,2426.627,,-105.36631059,38.96769711,2412.602,Global,0.011,0.012,0.010,0.016,2.134,m,FIX,2024-07-23 13:00:23.8 UTC-06:00,2024-07-23 13:00:26.8 UTC-06:00,16,2.0,2.4,468406.801,4313300.605,2429.986,-105.36468810,38.96810683,2415.959,147.844,,NAD83(2011) / UTM zone 13N + NAVD88(GEOID18) height,8,6,7,4,0
272,,468266.072,4313255.670,2426.651,,-105.36631046,38.96769682,2412.625,Global,0.017,0.015,0.011,0.023,2.134,m,FIX,2024-07-23 13:00:42.6 UTC-06:00,2024-07-23 13:00:45.6 UTC-06:00,16,2.0,2.4,468406.801,4313300.605,2429.986,-105.36468810,38.96810683,2415.959,147.866,,NAD83(2011) / UTM zone 13N + NAVD88(GEOID18) height,8,6,7,4,0
273,,468266.051,4313255.674,2426.649,,-105.36631069,38.96769685,2412.624,Global,0.014,0.016,0.011,0.021,2.134,m,FIX,2024-07-23 13:01:19.8 UTC-06:00,2024-07-23 13:01:49.8 UTC-06:00,151,2.0,2.4,468406.801,4313300.605,2429.986,-105.36468810,38.96810683,2415.959,147.869,,NAD83(2011) / UTM zone 13N + NAVD88(GEOID18) height,7,5,7,4,0
274,,468297.393,4313309.843,2424.333,,-105.36595143,38.96818612,2410.307,Global,0.013,0.012,0.012,0.017,2.134,m,FIX,2024-07-23 13:52:27.8 UTC-06:00,2024-07-23 13:52:57.8 UTC-06:00,151,1.3,1.5,468406.801,4313300.605,2429.986,-105.36468810,38.96810683,2415.959,109.932,,NAD83(2011) / UTM zone 13N + NAVD88(GEOID18) height,7,6,6,5,0
275,,468297.409,4313309.856,2424.331,,-105.36595124,38.96818623,2410.306,Global,0.022,0.014,0.010,0.026,2.134,m,FIX,2024-07-23 13:53:25.8 UTC-06:00,2024-07-23 13:53:28.8 UTC-06:00,16,1.3,1.5,468406.801,4313300.605,2429.986,-105.36468810,38.96810683,2415.959,109.938,,NAD83(2011) / UTM zone 13N + NAVD88(GEOID18) height,8,6,6,5,0
276,,468297.142,4313309.786,2424.275,,-105.36595432,38.96818560,2410.249,Global,0.012,0.014,0.010,0.018,2.134,m,FIX,2024-07-23 13:53:41.4 UTC-06:00,2024-07-23 13:53:44.4 UTC-06:00,16,1.3,1.5,468406.801,4313300.605,2429.986,-105.36468810,38.96810683,2415.959,110.194,,NAD83(2011) / UTM zone 13N + NAVD88(GEOID18) height,7,6,6,5,0
277,,468297.487,4313309.452,2424.359,,-105.36595032,38.96818260,2410.334,Global,0.011,0.012,0.013,0.016,2.134,m,FIX,2024-07-23 13:54:04.2 UTC-06:00,2024-07-23 13:54:07.2 UTC-06:00,16,1.3,1.5,468406.801,4313300.605,2429.986,-105.36468810,38.96810683,2415.959,109.800,,NAD83(2011) / UTM zone 13N + NAVD88(GEOID18) height,7,6,6,5,0
278,,468297.666,4313309.886,2424.243,,-105.36594828,38.96818652,2410.218,Global,0.012,0.020,0.011,0.023,2.134,m,FIX,2024-07-23 13:54:44.8 UTC-06:00,2024-07-23 13:54:47.8 UTC-06:00,16,1.3,1.5,468406.801,4313300.605,2429.986,-105.36468810,38.96810683,2415.959,109.681,,NAD83(2011) / UTM zone 13N + NAVD88(GEOID18) height,7,6,6,5,0
279,,468297.305,4313310.150,2424.252,,-105.36595246,38.96818888,2410.227,Global,0.012,0.011,0.010,0.016,2.134,m,FIX,2024-07-23 13:55:03.6 UTC-06:00,2024-07-23 13:55:06.6 UTC-06:00,16,1.3,1.5,468406.801,4313300.605,2429.986,-105.36468810,38.96810683,2415.959,110.063,,NAD83(2011) / UTM zone 13N + NAVD88(GEOID18) height,7,6,6,5,0
280,,468297.393,4313309.834,2424.320,,-105.36595143,38.96818604,2410.295,Global,0.012,0.010,0.011,0.016,2.134,m,FIX,2024-07-23 13:55:31.4 UTC-06:00,2024-07-23 13:55:34.4 UTC-06:00,16,1.3,1.5,468406.801,4313300.605,2429.986,-105.36468810,38.96810683,2415.959,109.949,,NAD83(2011) / UTM zone 13N + NAVD88(GEOID18) height,8,6,6,5,0
281,,468297.377,4313309.884,2424.236,,-105.36595162,38.96818649,2410.211,Global,0.011,0.010,0.010,0.015,2.134,m,FIX,2024-07-23 13:55:54.6 UTC-06:00,2024-07-23 13:55:57.6 UTC-06:00,16,1.3,1.5,468406.801,4313300.605,2429.986,-105.36468810,38.96810683,2415.959,109.967,,NAD83(2011) / UTM zone 13N + NAVD88(GEOID18) height,8,6,6,5,0
282,,468297.357,4313309.967,2424.248,,-105.36595185,38.96818723,2410.223,Global,0.013,0.012,0.010,0.017,2.134,m,FIX,2024-07-23 13:56:26.8 UTC-06:00,2024-07-23 13:56:29.8 UTC-06:00,16,1.3,1.5,468406.801,4313300.605,2429.986,-105.36468810,38.96810683,2415.959,109.974,,NAD83(2011) / UTM zone 13N + NAVD88(GEOID18) height,7,6,6,5,0
283,,468297.296,4313310.132,2424.267,,-105.36595256,38.96818872,2410.242,Global,0.012,0.012,0.010,0.017,2.134,m,FIX,2024-07-23 13:56:58.0 UTC-06:00,2024-07-23 13:57:01.0 UTC-06:00,16,1.3,1.5,468406.801,4313300.605,2429.986,-105.36468810,38.96810683,2415.959,110.070,,NAD83(2011) / UTM zone 13N + NAVD88(GEOID18) height,7,6,6,5,0
284,,468297.254,4313310.330,2424.213,,-105.36595306,38.96819050,2410.188,Global,0.013,0.013,0.010,0.018,2.134,m,FIX,2024-07-23 13:57:13.0 UTC-06:00,2024-07-23 13:57:16.0 UTC-06:00,16,1.3,1.5,468406.801,4313300.605,2429.986,-105.36468810,38.96810683,2415.959,110.127,,NAD83(2011) / UTM zone 13N + NAVD88(GEOID18) height,7,6,6,5,0
285,,468297.154,4313310.498,2424.171,,-105.36595421,38.96819201,2410.146,Global,0.011,0.012,0.010,0.016,2.134,m,FIX,2024-07-23 13:57:23.6 UTC-06:00,2024-07-23 13:57:26.6 UTC-06:00,16,1.3,1.5,468406.801,4313300.605,2429.986,-105.36468810,38.96810683,2415.959,110.242,,NAD83(2011) / UTM zone 13N + NAVD88(GEOID18) height,7,6,6,5,0
286,,468297.101,4313310.699,2424.167,,-105.36595484,38.96819382,2410.142,Global,0.012,0.010,0.010,0.016,2.134,m,FIX,2024-07-23 13:57:34.8 UTC-06:00,2024-07-23 13:57:37.8 UTC-06:00,16,1.3,1.5,468406.801,4313300.605,2429.986,-105.36468810,38.96810683,2415.959,110.322,,NAD83(2011) / UTM zone 13N + NAVD88(GEOID18) height,7,6,6,5,0
287,,468297.036,4313310.856,2424.145,,-105.36595560,38.96819523,2410.120,Global,0.010,0.012,0.010,0.016,2.134,m,FIX,2024-07-23 13:57:43.0 UTC-06:00,2024-07-23 13:57:46.0 UTC-06:00,16,1.3,1.5,468406.801,4313300.605,2429.986,-105.36468810,38.96810683,2415.959,110.390,,NAD83(2011) / UTM zone 13N + NAVD88(GEOID18) height,7,6,6,5,0
288,,468296.984,4313311.078,2424.131,,-105.36595621,38.96819723,2410.106,Global,0.011,0.011,0.010,0.015,2.134,m,FIX,2024-07-23 13:57:55.0 UTC-06:00,2024-07-23 13:57:58.0 UTC-06:00,16,1.3,1.5,468406.801,4313300.605,2429.986,-105.36468810,38.96810683,2415.959,110.467,,NAD83(2011) / UTM zone 13N + NAVD88(GEOID18) height,7,6,6,5,0
289,,468296.911,4313311.264,2424.080,,-105.36595706,38.96819890,2410.055,Global,0.011,0.010,0.011,0.015,2.134,m,FIX,2024-07-23 13:58:04.4 UTC-06:00,2024-07-23 13:58:07.4 UTC-06:00,16,1.2,1.4,468406.801,4313300.605,2429.986,-105.36468810,38.96810683,2415.959,110.561,,NAD83(2011) / UTM zone 13N + NAVD88(GEOID18) height,7,6,6,5,0
290,,468296.856,4313311.474,2424.051,,-105.36595770,38.96820079,2410.025,Global,0.012,0.012,0.010,0.017,2.134,m,FIX,2024-07-23 13:58:14.0 UTC-06:00,2024-07-23 13:58:17.0 UTC-06:00,16,1.3,1.5,468406.801,4313300.605,2429.986,-105.36468810,38.96810683,2415.959,110.630,,NAD83(2011) / UTM zone 13N + NAVD88(GEOID18) height,7,6,6,5,0
291,,468296.733,4313311.607,2424.002,,-105.36595913,38.96820199,2409.977,Global,0.010,0.011,0.010,0.015,2.134,m,FIX,2024-07-23 13:58:22.0 UTC-06:00,2024-07-23 13:58:25.0 UTC-06:00,16,1.3,1.5,468406.801,4313300.605,2429.986,-105.36468810,38.96810683,2415.959,110.763,,NAD83(2011) / UTM zone 13N + NAVD88(GEOID18) height,7,6,6,5,0
292,,468296.627,4313311.788,2423.775,,-105.36596036,38.96820361,2409.750,Global,0.011,0.011,0.010,0.016,2.134,m,FIX,2024-07-23 13:58:41.0 UTC-06:00,2024-07-23 13:58:44.0 UTC-06:00,16,1.3,1.5,468406.801,4313300.605,2429.986,-105.36468810,38.96810683,2415.959,110.908,,NAD83(2011) / UTM zone 13N + NAVD88(GEOID18) height,7,6,6,5,0
293,,468296.538,4313311.991,2423.734,,-105.36596139,38.96820544,2409.709,Global,0.011,0.011,0.011,0.015,2.134,m,FIX,2024-07-23 13:58:48.8 UTC-06:00,2024-07-23 13:58:51.8 UTC-06:00,16,1.3,1.5,468406.801,4313300.605,2429.986,-105.36468810,38.96810683,2415.959,111.006,,NAD83(2011) / UTM zone 13N + NAVD88(GEOID18) height,7,6,6,5,0
294,,468296.442,4313312.167,2423.674,,-105.36596251,38.96820703,2409.649,Global,0.011,0.011,0.011,0.016,2.134,m,FIX,2024-07-23 13:58:58.2 UTC-06:00,2024-07-23 13:59:01.2 UTC-06:00,16,1.3,1.5,468406.801,4313300.605,2429.986,-105.36468810,38.96810683,2415.959,111.123,,NAD83(2011) / UTM zone 13N + NAVD88(GEOID18) height,7,6,6,5,0
295,,468296.424,4313312.395,2423.697,,-105.36596273,38.96820908,2409.672,Global,0.021,0.024,0.010,0.032,2.134,m,FIX,2024-07-23 13:59:06.6 UTC-06:00,2024-07-23 13:59:09.6 UTC-06:00,16,1.3,1.5,468406.801,4313300.605,2429.986,-105.36468810,38.96810683,2415.959,111.189,,NAD83(2011) / UTM zone 13N + NAVD88(GEOID18) height,7,6,6,5,0
296,,468296.318,4313312.536,2423.682,,-105.36596397,38.96821034,2409.656,Global,0.010,0.011,0.010,0.015,2.134,m,FIX,2024-07-23 13:59:19.6 UTC-06:00,2024-07-23 13:59:22.6 UTC-06:00,16,1.3,1.5,468406.801,4313300.605,2429.986,-105.36468810,38.96810683,2415.959,111.284,,NAD83(2011) / UTM zone 13N + NAVD88(GEOID18) height,7,6,6,5,0
297,,468296.247,4313312.740,2423.663,,-105.36596479,38.96821218,2409.638,Global,0.011,0.012,0.010,0.017,2.134,m,FIX,2024-07-23 13:59:36.8 UTC-06:00,2024-07-23 13:59:39.8 UTC-06:00,16,1.3,1.5,468406.801,4313300.605,2429.986,-105.36468810,38.96810683,2415.959,111.381,,NAD83(2011) / UTM zone 13N + NAVD88(GEOID18) height,7,6,6,5,0
298,,468296.259,4313312.959,2423.618,,-105.36596466,38.96821416,2409.593,Global,0.012,0.012,0.012,0.017,2.134,m,FIX,2024-07-23 13:59:45.2 UTC-06:00,2024-07-23 13:59:48.2 UTC-06:00,16,1.3,1.5,468406.801,4313300.605,2429.986,-105.36468810,38.96810683,2415.959,111.388,,NAD83(2011) / UTM zone 13N + NAVD88(GEOID18) height,7,6,6,5,0
299,,468296.205,4313313.127,2423.605,,-105.36596530,38.96821567,2409.580,Global,0.030,0.014,0.011,0.033,2.134,m,FIX,2024-07-23 13:59:53.0 UTC-06:00,2024-07-23 13:59:56.0 UTC-06:00,16,1.3,1.5,468406.801,4313300.605,2429.986,-105.36468810,38.96810683,2415.959,111.517,,NAD83(2011) / UTM zone 13N + NAVD88(GEOID18) height,7,6,6,5,0
300,,468296.111,4313313.354,2423.594,,-105.36596639,38.96821771,2409.569,Global,0.047,0.068,0.036,0.083,2.134,m,FIX,2024-07-23 14:00:02.4 UTC-06:00,2024-07-23 14:00:05.4 UTC-06:00,16,1.3,1.5,468406.801,4313300.605,2429.986,-105.36468810,38.96810683,2415.959,111.616,,NAD83(2011) / UTM zone 13N + NAVD88(GEOID18) height,7,6,6,5,0
301,,468295.985,4313313.461,2423.522,,-105.36596784,38.96821866,2409.496,Global,0.013,0.011,0.011,0.018,2.134,m,FIX,2024-07-23 14:00:14.2 UTC-06:00,2024-07-23 14:00:17.2 UTC-06:00,16,1.3,1.5,468406.801,4313300.605,2429.986,-105.36468810,38.96810683,2415.959,111.712,,NAD83(2011) / UTM zone 13N + NAVD88(GEOID18) height,7,6,6,5,0
302,,468295.984,4313313.688,2423.502,,-105.36596787,38.96822071,2409.477,Global,0.011,0.011,0.010,0.016,2.134,m,FIX,2024-07-23 14:00:34.4 UTC-06:00,2024-07-23 14:00:37.4 UTC-06:00,16,1.3,1.5,468406.801,4313300.605,2429.986,-105.36468810,38.96810683,2415.959,111.757,,NAD83(2011) / UTM zone 13N + NAVD88(GEOID18) height,8,6,6,5,0
303,,468295.930,4313313.879,2423.504,,-105.36596850,38.96822243,2409.479,Global,0.013,0.024,0.011,0.027,2.134,m,FIX,2024-07-23 14:00:41.2 UTC-06:00,2024-07-23 14:00:44.2 UTC-06:00,16,1.3,1.5,468406.801,4313300.605,2429.986,-105.36468810,38.96810683,2415.959,111.833,,NAD83(2011) / UTM zone 13N + NAVD88(GEOID18) height,7,6,6,5,0
304,,468295.851,4313314.064,2423.455,,-105.36596942,38.96822410,2409.430,Global,0.010,0.010,0.011,0.015,2.134,m,FIX,2024-07-23 14:00:53.8 UTC-06:00,2024-07-23 14:00:56.8 UTC-06:00,16,1.3,1.5,468406.801,4313300.605,2429.986,-105.36468810,38.96810683,2415.959,111.929,,NAD83(2011) / UTM zone 13N + NAVD88(GEOID18) height,7,6,6,5,0
305,,468295.813,4313314.249,2423.480,,-105.36596987,38.96822576,2409.455,Global,0.033,0.014,0.013,0.036,2.134,m,FIX,2024-07-23 14:01:00.2 UTC-06:00,2024-07-23 14:01:03.2 UTC-06:00,16,1.3,1.5,468406.801,4313300.605,2429.986,-105.36468810,38.96810683,2415.959,112.031,,NAD83(2011) / UTM zone 13N + NAVD88(GEOID18) height,7,6,6,5,0
306,,468295.687,4313314.418,2423.424,,-105.36597134,38.96822728,2409.398,Global,0.012,0.010,0.010,0.015,2.134,m,FIX,2024-07-23 14:01:11.6 UTC-06:00,2024-07-23 14:01:14.6 UTC-06:00,16,1.2,1.4,468406.801,4313300.605,2429.986,-105.36468810,38.96810683,2415.959,112.144,,NAD83(2011) / UTM zone 13N + NAVD88(GEOID18) height,7,6,6,5,0
307,,468295.617,4313314.589,2423.446,,-105.36597215,38.96822882,2409.420,Global,0.011,0.011,0.010,0.016,2.134,m,FIX,2024-07-23 14:01:23.8 UTC-06:00,2024-07-23 14:01:26.8 UTC-06:00,16,1.3,1.5,468406.801,4313300.605,2429.986,-105.36468810,38.96810683,2415.959,112.235,,NAD83(2011) / UTM zone 13N + NAVD88(GEOID18) height,7,6,6,5,0
308,,468295.529,4313314.801,2423.430,,-105.36597317,38.96823073,2409.405,Global,0.011,0.011,0.012,0.015,2.134,m,FIX,2024-07-23 14:01:40.6 UTC-06:00,2024-07-23 14:01:43.6 UTC-06:00,16,1.2,1.4,468406.801,4313300.605,2429.986,-105.36468810,38.96810683,2415.959,112.341,,NAD83(2011) / UTM zone 13N + NAVD88(GEOID18) height,7,6,6,5,0
309,,468295.464,4313314.966,2423.421,,-105.36597393,38.96823221,2409.396,Global,0.010,0.010,0.010,0.015,2.134,m,FIX,2024-07-23 14:01:51.0 UTC-06:00,2024-07-23 14:01:54.0 UTC-06:00,16,1.2,1.4,468406.801,4313300.605,2429.986,-105.36468810,38.96810683,2415.959,112.431,,NAD83(2011) / UTM zone 13N + NAVD88(GEOID18) height,7,6,6,5,0
310,,468295.367,4313315.170,2423.426,,-105.36597507,38.96823405,2409.401,Global,0.016,0.018,0.011,0.024,2.134,m,FIX,2024-07-23 14:02:21.4 UTC-06:00,2024-07-23 14:02:24.4 UTC-06:00,16,1.2,1.4,468406.801,4313300.605,2429.986,-105.36468810,38.96810683,2415.959,112.580,,NAD83(2011) / UTM zone 13N + NAVD88(GEOID18) height,7,6,6,5,0
311,,468295.307,4313315.301,2423.384,,-105.36597576,38.96823523,2409.359,Global,0.023,0.012,0.016,0.026,2.134,m,FIX,2024-07-23 14:02:41.6 UTC-06:00,2024-07-23 14:02:44.6 UTC-06:00,16,1.2,1.4,468406.801,4313300.605,2429.986,-105.36468810,38.96810683,2415.959,112.652,,NAD83(2011) / UTM zone 13N + NAVD88(GEOID18) height,7,6,6,5,0
312,,468295.283,4313315.543,2423.322,,-105.36597605,38.96823740,2409.297,Global,0.013,0.010,0.010,0.017,2.134,m,FIX,2024-07-23 14:03:13.8 UTC-06:00,2024-07-23 14:03:16.8 UTC-06:00,16,1.2,1.4,468406.801,4313300.605,2429.986,-105.36468810,38.96810683,2415.959,112.708,,NAD83(2011) / UTM zone 13N + NAVD88(GEOID18) height,7,6,6,5,0
313,,468295.179,4313315.724,2423.319,,-105.36597726,38.96823903,2409.294,Global,0.011,0.011,0.010,0.015,2.134,m,FIX,2024-07-23 14:03:23.8 UTC-06:00,2024-07-23 14:03:26.8 UTC-06:00,16,1.2,1.4,468406.801,4313300.605,2429.986,-105.36468810,38.96810683,2415.959,112.812,,NAD83(2011) / UTM zone 13N + NAVD88(GEOID18) height,7,6,6,5,0
314,,468295.041,4313315.907,2423.294,,-105.36597885,38.96824067,2409.268,Global,0.012,0.011,0.010,0.016,2.134,m,FIX,2024-07-23 14:03:38.0 UTC-06:00,2024-07-23 14:03:41.0 UTC-06:00,16,1.2,1.4,468406.801,4313300.605,2429.986,-105.36468810,38.96810683,2415.959,112.970,,NAD83(2011) / UTM zone 13N + NAVD88(GEOID18) height,7,6,6,5,0
315,,468295.003,4313316.079,2423.252,,-105.36597930,38.96824222,2409.227,Global,0.015,0.012,0.011,0.019,2.134,m,FIX,2024-07-23 14:03:49.0 UTC-06:00,2024-07-23 14:03:52.0 UTC-06:00,16,1.2,1.4,468406.801,4313300.605,2429.986,-105.36468810,38.96810683,2415.959,113.040,,NAD83(2011) / UTM zone 13N + NAVD88(GEOID18) height,7,6,6,5,0
316,,468294.951,4313316.292,2423.231,,-105.36597992,38.96824414,2409.206,Global,0.011,0.010,0.010,0.015,2.134,m,FIX,2024-07-23 14:04:00.8 UTC-06:00,2024-07-23 14:04:03.8 UTC-06:00,16,1.2,1.4,468406.801,4313300.605,2429.986,-105.36468810,38.96810683,2415.959,113.124,,NAD83(2011) / UTM zone 13N + NAVD88(GEOID18) height,7,6,6,5,0
317,,468294.916,4313316.437,2423.220,,-105.36598032,38.96824544,2409.195,Global,0.013,0.011,0.013,0.017,2.134,m,FIX,2024-07-23 14:04:15.0 UTC-06:00,2024-07-23 14:04:18.0 UTC-06:00,16,1.2,1.4,468406.801,4313300.605,2429.986,-105.36468810,38.96810683,2415.959,113.195,,NAD83(2011) / UTM zone 13N + NAVD88(GEOID18) height,7,6,6,5,0
318,,468294.832,4313316.649,2423.208,,-105.36598130,38.96824736,2409.183,Global,0.011,0.010,0.010,0.015,2.134,m,FIX,2024-07-23 14:04:25.4 UTC-06:00,2024-07-23 14:04:28.4 UTC-06:00,16,1.2,1.4,468406.801,4313300.605,2429.986,-105.36468810,38.96810683,2415.959,113.288,,NAD83(2011) / UTM zone 13N + NAVD88(GEOID18) height,7,6,6,5,0
319,,468294.788,4313316.859,2423.218,,-105.36598183,38.96824924,2409.193,Global,0.019,0.012,0.012,0.023,2.134,m,FIX,2024-07-23 14:04:35.6 UTC-06:00,2024-07-23 14:04:38.6 UTC-06:00,16,1.2,1.4,468406.801,4313300.605,2429.986,-105.36468810,38.96810683,2415.959,113.373,,NAD83(2011) / UTM zone 13N + NAVD88(GEOID18) height,7,6,6,5,0
320,,468294.730,4313317.053,2423.223,,-105.36598250,38.96825099,2409.198,Global,0.011,0.012,0.012,0.016,2.134,m,FIX,2024-07-23 14:04:45.4 UTC-06:00,2024-07-23 14:04:48.4 UTC-06:00,16,1.2,1.4,468406.801,4313300.605,2429.986,-105.36468810,38.96810683,2415.959,113.456,,NAD83(2011) / UTM zone 13N + NAVD88(GEOID18) height,7,6,6,5,0
321,,468294.663,4313317.252,2423.241,,-105.36598328,38.96825278,2409.216,Global,0.014,0.013,0.010,0.019,2.134,m,FIX,2024-07-23 14:05:05.6 UTC-06:00,2024-07-23 14:05:08.6 UTC-06:00,16,1.2,1.4,468406.801,4313300.605,2429.986,-105.36468810,38.96810683,2415.959,113.547,,NAD83(2011) / UTM zone 13N + NAVD88(GEOID18) height,7,6,6,5,0
322,,468294.581,4313317.414,2423.237,,-105.36598424,38.96825424,2409.212,Global,0.011,0.012,0.011,0.016,2.134,m,FIX,2024-07-23 14:05:21.2 UTC-06:00,2024-07-23 14:05:24.2 UTC-06:00,16,1.2,1.4,468406.801,4313300.605,2429.986,-105.36468810,38.96810683,2415.959,113.657,,NAD83(2011) / UTM zone 13N + NAVD88(GEOID18) height,7,6,6,5,0
323,,468294.531,4313317.603,2423.235,,-105.36598483,38.96825594,2409.210,Global,0.011,0.011,0.011,0.016,2.134,m,FIX,2024-07-23 14:05:35.8 UTC-06:00,2024-07-23 14:05:38.8 UTC-06:00,16,1.2,1.4,468406.801,4313300.605,2429.986,-105.36468810,38.96810683,2415.959,113.726,,NAD83(2011) / UTM zone 13N + NAVD88(GEOID18) height,7,6,6,5,0
324,,468294.416,4313317.799,2423.234,,-105.36598616,38.96825770,2409.209,Global,0.019,0.013,0.011,0.023,2.134,m,FIX,2024-07-23 14:05:48.0 UTC-06:00,2024-07-23 14:05:51.0 UTC-06:00,16,1.2,1.4,468406.801,4313300.605,2429.986,-105.36468810,38.96810683,2415.959,113.894,,NAD83(2011) / UTM zone 13N + NAVD88(GEOID18) height,7,6,6,5,0
325,,468294.341,4313317.965,2423.218,,-105.36598704,38.96825920,2409.193,Global,0.010,0.010,0.010,0.014,2.134,m,FIX,2024-07-23 14:06:05.4 UTC-06:00,2024-07-23 14:06:08.4 UTC-06:00,16,1.2,1.4,468406.801,4313300.605,2429.986,-105.36468810,38.96810683,2415.959,113.972,,NAD83(2011) / UTM zone 13N + NAVD88(GEOID18) height,7,6,6,5,0
326,,468294.223,4313318.141,2423.218,,-105.36598840,38.96826078,2409.193,Global,0.011,0.011,0.010,0.015,2.134,m,FIX,2024-07-23 14:06:19.4 UTC-06:00,2024-07-23 14:06:22.4 UTC-06:00,16,1.2,1.4,468406.801,4313300.605,2429.986,-105.36468810,38.96810683,2415.959,114.115,,NAD83(2011) / UTM zone 13N + NAVD88(GEOID18) height,7,6,6,5,0
327,,468294.177,4313318.329,2423.211,,-105.36598894,38.96826247,2409.186,Global,0.021,0.013,0.010,0.024,2.134,m,FIX,2024-07-23 14:06:32.4 UTC-06:00,2024-07-23 14:06:35.4 UTC-06:00,16,1.2,1.4,468406.801,4313300.605,2429.986,-105.36468810,38.96810683,2415.959,114.226,,NAD83(2011) / UTM zone 13N + NAVD88(GEOID18) height,7,6,6,5,0
328,,468294.102,4313318.516,2423.185,,-105.36598982,38.96826415,2409.160,Global,0.020,0.014,0.011,0.024,2.134,m,FIX,2024-07-23 14:06:41.6 UTC-06:00,2024-07-23 14:06:44.6 UTC-06:00,16,1.2,1.4,468406.801,4313300.605,2429.986,-105.36468810,38.96810683,2415.959,114.313,,NAD83(2011) / UTM zone 13N + NAVD88(GEOID18) height,7,6,6,5,0
329,,468294.025,4313318.722,2423.132,,-105.36599072,38.96826601,2409.107,Global,0.010,0.011,0.011,0.015,2.134,m,FIX,2024-07-23 14:06:52.4 UTC-06:00,2024-07-23 14:06:55.4 UTC-06:00,16,1.2,1.4,468406.801,4313300.605,2429.986,-105.36468810,38.96810683,2415.959,114.410,,NAD83(2011) / UTM zone 13N + NAVD88(GEOID18) height,7,6,6,5,0
330,,468293.964,4313318.894,2423.128,,-105.36599143,38.96826756,2409.103,Global,0.012,0.011,0.010,0.016,2.134,m,FIX,2024-07-23 14:06:59.0 UTC-06:00,2024-07-23 14:07:02.0 UTC-06:00,16,1.2,1.4,468406.801,4313300.605,2429.986,-105.36468810,38.96810683,2415.959,114.488,,NAD83(2011) / UTM zone 13N + NAVD88(GEOID18) height,7,6,6,5,0
331,,468293.908,4313319.090,2423.108,,-105.36599209,38.96826932,2409.083,Global,0.015,0.010,0.010,0.018,2.134,m,FIX,2024-07-23 14:07:16.4 UTC-06:00,2024-07-23 14:07:19.4 UTC-06:00,16,1.2,1.4,468406.801,4313300.605,2429.986,-105.36468810,38.96810683,2415.959,114.598,,NAD83(2011) / UTM zone 13N + NAVD88(GEOID18) height,7,6,6,5,0
332,,468293.837,4313319.274,2423.091,,-105.36599291,38.96827097,2409.066,Global,0.014,0.011,0.010,0.018,2.134,m,FIX,2024-07-23 14:07:27.2 UTC-06:00,2024-07-23 14:07:30.2 UTC-06:00,16,1.2,1.4,468406.801,4313300.605,2429.986,-105.36468810,38.96810683,2415.959,114.659,,NAD83(2011) / UTM zone 13N + NAVD88(GEOID18) height,7,6,6,5,0
333,,468293.776,4313319.470,2423.059,,-105.36599363,38.96827274,2409.034,Global,0.012,0.012,0.011,0.017,2.134,m,FIX,2024-07-23 14:07:35.4 UTC-06:00,2024-07-23 14:07:38.4 UTC-06:00,16,1.2,1.4,468406.801,4313300.605,2429.986,-105.36468810,38.96810683,2415.959,114.782,,NAD83(2011) / UTM zone 13N + NAVD88(GEOID18) height,7,6,6,5,0
334,,468293.708,4313319.670,2423.024,,-105.36599442,38.96827454,2408.999,Global,0.012,0.012,0.010,0.017,2.134,m,FIX,2024-07-23 14:07:44.2 UTC-06:00,2024-07-23 14:07:47.2 UTC-06:00,16,1.2,1.4,468406.801,4313300.605,2429.986,-105.36468810,38.96810683,2415.959,114.878,,NAD83(2011) / UTM zone 13N + NAVD88(GEOID18) height,7,6,6,5,0
335,,468293.654,4313319.841,2423.031,,-105.36599505,38.96827607,2409.006,Global,0.011,0.011,0.011,0.016,2.134,m,FIX,2024-07-23 14:07:53.0 UTC-06:00,2024-07-23 14:07:56.0 UTC-06:00,16,1.2,1.4,468406.801,4313300.605,2429.986,-105.36468810,38.96810683,2415.959,114.965,,NAD83(2011) / UTM zone 13N + NAVD88(GEOID18) height,7,6,6,5,0
336,,468293.530,4313320.022,2423.050,,-105.36599649,38.96827770,2409.025,Global,0.014,0.011,0.011,0.018,2.134,m,FIX,2024-07-23 14:08:24.4 UTC-06:00,2024-07-23 14:08:27.4 UTC-06:00,16,1.2,1.4,468406.801,4313300.605,2429.986,-105.36468810,38.96810683,2415.959,115.117,,NAD83(2011) / UTM zone 13N + NAVD88(GEOID18) height,7,6,6,5,0
337,,468293.472,4313320.195,2423.051,,-105.36599717,38.96827926,2409.026,Global,0.014,0.015,0.010,0.021,2.134,m,FIX,2024-07-23 14:08:32.8 UTC-06:00,2024-07-23 14:08:35.8 UTC-06:00,16,1.2,1.4,468406.801,4313300.605,2429.986,-105.36468810,38.96810683,2415.959,115.206,,NAD83(2011) / UTM zone 13N + NAVD88(GEOID18) height,7,6,6,5,0
338,,468293.351,4313320.370,2423.008,,-105.36599858,38.96828083,2408.983,Global,0.011,0.011,0.012,0.015,2.134,m,FIX,2024-07-23 14:08:50.4 UTC-06:00,2024-07-23 14:08:53.4 UTC-06:00,16,1.2,1.4,468406.801,4313300.605,2429.986,-105.36468810,38.96810683,2415.959,115.349,,NAD83(2011) / UTM zone 13N + NAVD88(GEOID18) height,7,6,6,5,0
339,,468293.298,4313320.568,2423.007,,-105.36599920,38.96828261,2408.981,Global,0.010,0.014,0.010,0.017,2.134,m,FIX,2024-07-23 14:09:01.8 UTC-06:00,2024-07-23 14:09:04.8 UTC-06:00,16,1.2,1.4,468406.801,4313300.605,2429.986,-105.36468810,38.96810683,2415.959,115.442,,NAD83(2011) / UTM zone 13N + NAVD88(GEOID18) height,7,6,6,5,0
340,,468293.172,4313320.741,2422.908,,-105.36600066,38.96828417,2408.883,Global,0.015,0.011,0.010,0.019,2.134,m,FIX,2024-07-23 14:09:11.6 UTC-06:00,2024-07-23 14:09:14.6 UTC-06:00,16,1.2,1.4,468406.801,4313300.605,2429.986,-105.36468810,38.96810683,2415.959,115.601,,NAD83(2011) / UTM zone 13N + NAVD88(GEOID18) height,7,6,6,5,0
341,,468293.168,4313320.984,2422.844,,-105.36600072,38.96828635,2408.819,Global,0.016,0.011,0.010,0.019,2.134,m,FIX,2024-07-23 14:09:20.4 UTC-06:00,2024-07-23 14:09:23.4 UTC-06:00,16,1.2,1.4,468406.801,4313300.605,2429.986,-105.36468810,38.96810683,2415.959,115.631,,NAD83(2011) / UTM zone 13N + NAVD88(GEOID18) height,7,6,6,5,0
342,,468293.122,4313321.163,2422.804,,-105.36600125,38.96828797,2408.779,Global,0.011,0.021,0.012,0.024,2.134,m,FIX,2024-07-23 14:09:27.2 UTC-06:00,2024-07-23 14:09:30.2 UTC-06:00,16,1.2,1.4,468406.801,4313300.605,2429.986,-105.36468810,38.96810683,2415.959,115.725,,NAD83(2011) / UTM zone 13N + NAVD88(GEOID18) height,7,6,6,5,0
343,,468293.043,4313321.335,2422.716,,-105.36600217,38.96828952,2408.691,Global,0.011,0.011,0.010,0.016,2.134,m,FIX,2024-07-23 14:09:47.6 UTC-06:00,2024-07-23 14:09:50.6 UTC-06:00,16,1.2,1.4,468406.801,4313300.605,2429.986,-105.36468810,38.96810683,2415.959,115.836,,NAD83(2011) / UTM zone 13N + NAVD88(GEOID18) height,7,6,6,5,0
344,,468292.967,4313321.515,2422.678,,-105.36600306,38.96829113,2408.653,Global,0.011,0.010,0.011,0.015,2.134,m,FIX,2024-07-23 14:10:01.2 UTC-06:00,2024-07-23 14:10:04.2 UTC-06:00,16,1.2,1.4,468406.801,4313300.605,2429.986,-105.36468810,38.96810683,2415.959,115.937,,NAD83(2011) / UTM zone 13N + NAVD88(GEOID18) height,7,6,6,5,0
345,,468292.904,4313321.716,2422.639,,-105.36600380,38.96829294,2408.614,Global,0.011,0.016,0.011,0.019,2.134,m,FIX,2024-07-23 14:10:09.8 UTC-06:00,2024-07-23 14:10:12.8 UTC-06:00,16,1.2,1.4,468406.801,4313300.605,2429.986,-105.36468810,38.96810683,2415.959,116.046,,NAD83(2011) / UTM zone 13N + NAVD88(GEOID18) height,7,6,6,5,0
346,,468292.787,4313321.869,2422.619,,-105.36600515,38.96829431,2408.593,Global,0.012,0.012,0.010,0.017,2.134,m,FIX,2024-07-23 14:10:18.8 UTC-06:00,2024-07-23 14:10:21.8 UTC-06:00,16,1.2,1.4,468406.801,4313300.605,2429.986,-105.36468810,38.96810683,2415.959,116.185,,NAD83(2011) / UTM zone 13N + NAVD88(GEOID18) height,7,6,6,5,0
347,,468292.726,4313322.061,2422.632,,-105.36600587,38.96829604,2408.607,Global,0.013,0.011,0.013,0.017,2.134,m,FIX,2024-07-23 14:10:42.4 UTC-06:00,2024-07-23 14:10:45.4 UTC-06:00,16,1.2,1.4,468406.801,4313300.605,2429.986,-105.36468810,38.96810683,2415.959,116.269,,NAD83(2011) / UTM zone 13N + NAVD88(GEOID18) height,7,6,6,5,0
348,,468292.682,4313322.255,2422.661,,-105.36600639,38.96829779,2408.636,Global,0.016,0.011,0.010,0.019,2.134,m,FIX,2024-07-23 14:10:51.2 UTC-06:00,2024-07-23 14:10:54.2 UTC-06:00,16,1.2,1.4,468406.801,4313300.605,2429.986,-105.36468810,38.96810683,2415.959,116.363,,NAD83(2011) / UTM zone 13N + NAVD88(GEOID18) height,7,6,6,5,0
349,,468292.676,4313322.446,2422.718,,-105.36600646,38.96829952,2408.693,Global,0.012,0.010,0.011,0.016,2.134,m,FIX,2024-07-23 14:11:03.4 UTC-06:00,2024-07-23 14:11:06.4 UTC-06:00,16,1.2,1.4,468406.801,4313300.605,2429.986,-105.36468810,38.96810683,2415.959,116.393,,NAD83(2011) / UTM zone 13N + NAVD88(GEOID18) height,7,6,6,5,0
350,,468292.624,4313322.656,2422.757,,-105.36600707,38.96830140,2408.732,Global,0.010,0.010,0.011,0.015,2.134,m,FIX,2024-07-23 14:11:18.2 UTC-06:00,2024-07-23 14:11:21.2 UTC-06:00,16,1.2,1.4,468406.801,4313300.605,2429.986,-105.36468810,38.96810683,2415.959,116.484,,NAD83(2011) / UTM zone 13N + NAVD88(GEOID18) height,8,6,6,6,0
351,,468292.522,4313322.858,2422.843,,-105.36600826,38.96830322,2408.818,Global,0.012,0.011,0.010,0.016,2.134,m,FIX,2024-07-23 14:11:32.4 UTC-06:00,2024-07-23 14:11:35.4 UTC-06:00,16,1.2,1.4,468406.801,4313300.605,2429.986,-105.36468810,38.96810683,2415.959,116.615,,NAD83(2011) / UTM zone 13N + NAVD88(GEOID18) height,8,6,6,6,0
352,,468292.441,4313323.030,2422.885,,-105.36600920,38.96830477,2408.860,Global,0.013,0.011,0.011,0.016,2.134,m,FIX,2024-07-23 14:11:48.6 UTC-06:00,2024-07-23 14:11:51.6 UTC-06:00,16,1.2,1.4,468406.801,4313300.605,2429.986,-105.36468810,38.96810683,2415.959,116.736,,NAD83(2011) / UTM zone 13N + NAVD88(GEOID18) height,7,6,6,6,0
353,,468292.340,4313323.221,2422.898,,-105.36601037,38.96830649,2408.873,Global,0.013,0.011,0.011,0.017,2.134,m,FIX,2024-07-23 14:11:56.0 UTC-06:00,2024-07-23 14:11:59.0 UTC-06:00,16,1.2,1.4,468406.801,4313300.605,2429.986,-105.36468810,38.96810683,2415.959,116.865,,NAD83(2011) / UTM zone 13N + NAVD88(GEOID18) height,7,6,6,6,0
354,,468292.324,4313323.413,2422.799,,-105.36601057,38.96830822,2408.774,Global,0.014,0.016,0.010,0.021,2.134,m,FIX,2024-07-23 14:12:03.4 UTC-06:00,2024-07-23 14:12:06.4 UTC-06:00,16,1.3,1.5,468406.801,4313300.605,2429.986,-105.36468810,38.96810683,2415.959,116.926,,NAD83(2011) / UTM zone 13N + NAVD88(GEOID18) height,7,6,6,6,0
355,,468292.235,4313323.595,2422.726,,-105.36601161,38.96830985,2408.701,Global,0.011,0.012,0.010,0.016,2.134,m,FIX,2024-07-23 14:12:11.0 UTC-06:00,2024-07-23 14:12:14.0 UTC-06:00,16,1.3,1.5,468406.801,4313300.605,2429.986,-105.36468810,38.96810683,2415.959,117.044,,NAD83(2011) / UTM zone 13N + NAVD88(GEOID18) height,7,6,6,6,0
356,,468292.120,4313323.769,2422.650,,-105.36601294,38.96831141,2408.625,Global,0.011,0.011,0.010,0.015,2.134,m,FIX,2024-07-23 14:12:18.0 UTC-06:00,2024-07-23 14:12:21.0 UTC-06:00,16,1.3,1.5,468406.801,4313300.605,2429.986,-105.36468810,38.96810683,2415.959,117.210,,NAD83(2011) / UTM zone 13N + NAVD88(GEOID18) height,7,6,6,6,0
357,,468292.056,4313323.954,2422.607,,-105.36601368,38.96831308,2408.582,Global,0.011,0.012,0.010,0.016,2.134,m,FIX,2024-07-23 14:12:29.6 UTC-06:00,2024-07-23 14:12:32.6 UTC-06:00,16,1.3,1.5,468406.801,4313300.605,2429.986,-105.36468810,38.96810683,2415.959,117.299,,NAD83(2011) / UTM zone 13N + NAVD88(GEOID18) height,7,6,6,6,0
358,,468291.980,4313324.122,2422.592,,-105.36601457,38.96831459,2408.567,Global,0.013,0.014,0.012,0.019,2.134,m,FIX,2024-07-23 14:12:42.4 UTC-06:00,2024-07-23 14:12:45.4 UTC-06:00,16,1.3,1.5,468406.801,4313300.605,2429.986,-105.36468810,38.96810683,2415.959,117.413,,NAD83(2011) / UTM zone 13N + NAVD88(GEOID18) height,7,6,6,6,0
359,,468291.861,4313324.279,2422.589,,-105.36601596,38.96831600,2408.564,Global,0.011,0.012,0.010,0.016,2.134,m,FIX,2024-07-23 14:12:49.2 UTC-06:00,2024-07-23 14:12:52.2 UTC-06:00,16,1.3,1.5,468406.801,4313300.605,2429.986,-105.36468810,38.96810683,2415.959,117.563,,NAD83(2011) / UTM zone 13N + NAVD88(GEOID18) height,7,6,6,6,0
360,,468291.825,4313324.485,2422.603,,-105.36601638,38.96831785,2408.578,Global,0.012,0.017,0.010,0.021,2.134,m,FIX,2024-07-23 14:12:55.4 UTC-06:00,2024-07-23 14:12:58.4 UTC-06:00,16,1.3,1.5,468406.801,4313300.605,2429.986,-105.36468810,38.96810683,2415.959,117.623,,NAD83(2011) / UTM zone 13N + NAVD88(GEOID18) height,7,6,6,6,0
361,,468291.802,4313324.692,2422.613,,-105.36601665,38.96831972,2408.588,Global,0.011,0.013,0.012,0.017,2.134,m,FIX,2024-07-23 14:13:02.6 UTC-06:00,2024-07-23 14:13:05.6 UTC-06:00,16,1.3,1.5,468406.801,4313300.605,2429.986,-105.36468810,38.96810683,2415.959,117.688,,NAD83(2011) / UTM zone 13N + NAVD88(GEOID18) height,7,6,6,6,0
362,,468291.677,4313324.870,2422.606,,-105.36601811,38.96832132,2408.581,Global,0.012,0.015,0.010,0.019,2.134,m,FIX,2024-07-23 14:13:10.6 UTC-06:00,2024-07-23 14:13:13.6 UTC-06:00,16,1.3,1.5,468406.801,4313300.605,2429.986,-105.36468810,38.96810683,2415.959,117.856,,NAD83(2011) / UTM zone 13N + NAVD88(GEOID18) height,7,6,6,6,0
363,,468291.568,4313325.037,2422.572,,-105.36601937,38.96832282,2408.547,Global,0.012,0.012,0.010,0.017,2.134,m,FIX,2024-07-23 14:13:19.6 UTC-06:00,2024-07-23 14:13:22.6 UTC-06:00,16,1.3,1.5,468406.801,4313300.605,2429.986,-105.36468810,38.96810683,2415.959,117.985,,NAD83(2011) / UTM zone 13N + NAVD88(GEOID18) height,7,6,6,6,0
364,,468291.496,4313325.193,2422.563,,-105.36602021,38.96832422,2408.538,Global,0.011,0.016,0.010,0.019,2.134,m,FIX,2024-07-23 14:13:31.4 UTC-06:00,2024-07-23 14:13:34.4 UTC-06:00,16,1.3,1.5,468406.801,4313300.605,2429.986,-105.36468810,38.96810683,2415.959,118.109,,NAD83(2011) / UTM zone 13N + NAVD88(GEOID18) height,7,6,6,6,0
365,,468291.446,4313325.410,2422.551,,-105.36602079,38.96832618,2408.526,Global,0.019,0.014,0.010,0.024,2.134,m,FIX,2024-07-23 14:13:39.6 UTC-06:00,2024-07-23 14:13:42.6 UTC-06:00,16,1.3,1.5,468406.801,4313300.605,2429.986,-105.36468810,38.96810683,2415.959,118.181,,NAD83(2011) / UTM zone 13N + NAVD88(GEOID18) height,8,6,6,6,0
366,,468291.390,4313325.609,2422.545,,-105.36602145,38.96832797,2408.520,Global,0.011,0.025,0.011,0.027,2.134,m,FIX,2024-07-23 14:13:46.6 UTC-06:00,2024-07-23 14:13:49.6 UTC-06:00,16,1.3,1.5,468406.801,4313300.605,2429.986,-105.36468810,38.96810683,2415.959,118.289,,NAD83(2011) / UTM zone 13N + NAVD88(GEOID18) height,8,6,6,6,0
367,,468291.351,4313325.802,2422.564,,-105.36602191,38.96832971,2408.539,Global,0.017,0.012,0.010,0.021,2.134,m,FIX,2024-07-23 14:13:58.8 UTC-06:00,2024-07-23 14:14:01.8 UTC-06:00,16,1.3,1.5,468406.801,4313300.605,2429.986,-105.36468810,38.96810683,2415.959,118.380,,NAD83(2011) / UTM zone 13N + NAVD88(GEOID18) height,7,6,6,6,0
368,,468291.256,4313326.032,2422.609,,-105.36602302,38.96833177,2408.584,Global,0.011,0.011,0.012,0.016,2.134,m,FIX,2024-07-23 14:14:10.4 UTC-06:00,2024-07-23 14:14:13.4 UTC-06:00,16,1.3,1.5,468406.801,4313300.605,2429.986,-105.36468810,38.96810683,2415.959,118.514,,NAD83(2011) / UTM zone 13N + NAVD88(GEOID18) height,7,6,6,6,0
369,,468291.202,4313326.191,2422.622,,-105.36602365,38.96833321,2408.597,Global,0.012,0.012,0.010,0.017,2.134,m,FIX,2024-07-23 14:14:22.4 UTC-06:00,2024-07-23 14:14:25.4 UTC-06:00,16,1.3,1.5,468406.801,4313300.605,2429.986,-105.36468810,38.96810683,2415.959,118.597,,NAD83(2011) / UTM zone 13N + NAVD88(GEOID18) height,7,6,6,6,0
370,,468291.165,4313326.380,2422.650,,-105.36602409,38.96833490,2408.625,Global,0.014,0.013,0.012,0.019,2.134,m,FIX,2024-07-23 14:14:28.6 UTC-06:00,2024-07-23 14:14:31.6 UTC-06:00,16,1.3,1.5,468406.801,4313300.605,2429.986,-105.36468810,38.96810683,2415.959,118.686,,NAD83(2011) / UTM zone 13N + NAVD88(GEOID18) height,7,6,6,6,0
371,,468291.037,4313326.532,2422.681,,-105.36602557,38.96833627,2408.656,Global,0.014,0.013,0.011,0.019,2.134,m,FIX,2024-07-23 14:14:39.2 UTC-06:00,2024-07-23 14:14:42.2 UTC-06:00,16,1.3,1.5,468406.801,4313300.605,2429.986,-105.36468810,38.96810683,2415.959,118.834,,NAD83(2011) / UTM zone 13N + NAVD88(GEOID18) height,7,6,6,6,0
372,,468290.907,4313326.729,2422.714,,-105.36602708,38.96833805,2408.689,Global,0.017,0.011,0.014,0.020,2.134,m,FIX,2024-07-23 14:14:55.0 UTC-06:00,2024-07-23 14:14:58.0 UTC-06:00,16,1.3,1.5,468406.801,4313300.605,2429.986,-105.36468810,38.96810683,2415.959,119.007,,NAD83(2011) / UTM zone 13N + NAVD88(GEOID18) height,8,6,6,6,0
373,,468290.859,4313326.936,2422.784,,-105.36602764,38.96833990,2408.759,Global,0.014,0.011,0.011,0.018,2.134,m,FIX,2024-07-23 14:15:01.6 UTC-06:00,2024-07-23 14:15:04.6 UTC-06:00,16,1.3,1.5,468406.801,4313300.605,2429.986,-105.36468810,38.96810683,2415.959,119.093,,NAD83(2011) / UTM zone 13N + NAVD88(GEOID18) height,7,6,6,6,0
374,,468290.766,4313327.095,2422.844,,-105.36602872,38.96834134,2408.819,Global,0.018,0.018,0.011,0.026,2.134,m,FIX,2024-07-23 14:15:08.0 UTC-06:00,2024-07-23 14:15:11.0 UTC-06:00,16,1.3,1.5,468406.801,4313300.605,2429.986,-105.36468810,38.96810683,2415.959,119.205,,NAD83(2011) / UTM zone 13N + NAVD88(GEOID18) height,7,6,6,6,0
375,,468290.747,4313327.308,2422.852,,-105.36602896,38.96834326,2408.827,Global,0.011,0.014,0.013,0.017,2.134,m,FIX,2024-07-23 14:15:17.0 UTC-06:00,2024-07-23 14:15:20.0 UTC-06:00,16,1.3,1.5,468406.801,4313300.605,2429.986,-105.36468810,38.96810683,2415.959,119.283,,NAD83(2011) / UTM zone 13N + NAVD88(GEOID18) height,7,6,6,6,0
376,,468290.600,4313327.483,2422.865,,-105.36603066,38.96834483,2408.840,Global,0.017,0.013,0.010,0.021,2.134,m,FIX,2024-07-23 14:15:23.8 UTC-06:00,2024-07-23 14:15:26.8 UTC-06:00,16,1.3,1.5,468406.801,4313300.605,2429.986,-105.36468810,38.96810683,2415.959,119.482,,NAD83(2011) / UTM zone 13N + NAVD88(GEOID18) height,7,6,6,6,0
377,,468290.564,4313327.658,2422.880,,-105.36603108,38.96834641,2408.855,Global,0.012,0.016,0.011,0.020,2.134,m,FIX,2024-07-23 14:15:30.4 UTC-06:00,2024-07-23 14:15:33.4 UTC-06:00,16,1.3,1.5,468406.801,4313300.605,2429.986,-105.36468810,38.96810683,2415.959,119.542,,NAD83(2011) / UTM zone 13N + NAVD88(GEOID18) height,7,6,6,6,0
378,,468290.585,4313327.912,2422.899,,-105.36603085,38.96834869,2408.874,Global,0.017,0.014,0.011,0.022,2.134,m,FIX,2024-07-23 14:15:37.4 UTC-06:00,2024-07-23 14:15:40.4 UTC-06:00,16,1.3,1.5,468406.801,4313300.605,2429.986,-105.36468810,38.96810683,2415.959,119.591,,NAD83(2011) / UTM zone 13N + NAVD88(GEOID18) height,7,6,6,6,0
379,,468290.523,4313328.072,2422.918,,-105.36603158,38.96835013,2408.893,Global,0.014,0.012,0.010,0.018,2.134,m,FIX,2024-07-23 14:15:42.8 UTC-06:00,2024-07-23 14:15:45.8 UTC-06:00,16,1.3,1.5,468406.801,4313300.605,2429.986,-105.36468810,38.96810683,2415.959,119.679,,NAD83(2011) / UTM zone 13N + NAVD88(GEOID18) height,7,6,6,6,0
380,,468290.407,4313328.240,2422.871,,-105.36603292,38.96835164,2408.846,Global,0.014,0.016,0.010,0.021,2.134,m,FIX,2024-07-23 14:15:53.8 UTC-06:00,2024-07-23 14:15:56.8 UTC-06:00,16,1.3,1.5,468406.801,4313300.605,2429.986,-105.36468810,38.96810683,2415.959,119.827,,NAD83(2011) / UTM zone 13N + NAVD88(GEOID18) height,7,6,6,6,0
381,,468290.323,4313328.435,2422.887,,-105.36603390,38.96835339,2408.862,Global,0.019,0.014,0.010,0.024,2.134,m,FIX,2024-07-23 14:16:00.6 UTC-06:00,2024-07-23 14:16:03.6 UTC-06:00,16,1.3,1.5,468406.801,4313300.605,2429.986,-105.36468810,38.96810683,2415.959,119.961,,NAD83(2011) / UTM zone 13N + NAVD88(GEOID18) height,7,6,6,6,0
382,,468290.174,4313328.595,2422.877,,-105.36603562,38.96835483,2408.852,Global,0.019,0.013,0.011,0.023,2.134,m,FIX,2024-07-23 14:16:09.0 UTC-06:00,2024-07-23 14:16:12.0 UTC-06:00,16,1.3,1.5,468406.801,4313300.605,2429.986,-105.36468810,38.96810683,2415.959,120.163,,NAD83(2011) / UTM zone 13N + NAVD88(GEOID18) height,7,6,6,6,0
383,,468290.179,4313328.771,2422.855,,-105.36603557,38.96835642,2408.830,Global,0.015,0.011,0.010,0.019,2.134,m,FIX,2024-07-23 14:16:21.4 UTC-06:00,2024-07-23 14:16:24.4 UTC-06:00,16,1.3,1.5,468406.801,4313300.605,2429.986,-105.36468810,38.96810683,2415.959,120.163,,NAD83(2011) / UTM zone 13N + NAVD88(GEOID18) height,7,6,6,6,0
384,,468290.046,4313328.994,2422.891,,-105.36603713,38.96835842,2408.866,Global,0.030,0.016,0.011,0.034,2.134,m,FIX,2024-07-23 14:16:28.2 UTC-06:00,2024-07-23 14:16:31.2 UTC-06:00,16,1.3,1.5,468406.801,4313300.605,2429.986,-105.36468810,38.96810683,2415.959,120.343,,NAD83(2011) / UTM zone 13N + NAVD88(GEOID18) height,7,6,6,6,0
385,,468290.039,4313329.194,2422.897,,-105.36603722,38.96836022,2408.872,Global,0.011,0.013,0.010,0.017,2.134,m,FIX,2024-07-23 14:16:35.0 UTC-06:00,2024-07-23 14:16:38.0 UTC-06:00,16,1.3,1.5,468406.801,4313300.605,2429.986,-105.36468810,38.96810683,2415.959,120.396,,NAD83(2011) / UTM zone 13N + NAVD88(GEOID18) height,7,6,6,6,0
386,,468289.905,4313329.316,2422.906,,-105.36603877,38.96836132,2408.881,Global,0.015,0.011,0.010,0.018,2.134,m,FIX,2024-07-23 14:16:51.6 UTC-06:00,2024-07-23 14:16:54.6 UTC-06:00,16,1.3,1.5,468406.801,4313300.605,2429.986,-105.36468810,38.96810683,2415.959,120.568,,NAD83(2011) / UTM zone 13N + NAVD88(GEOID18) height,8,6,6,6,0
387,,468289.831,4313329.517,2422.944,,-105.36603963,38.96836313,2408.919,Global,0.013,0.014,0.012,0.019,2.134,m,FIX,2024-07-23 14:16:58.6 UTC-06:00,2024-07-23 14:17:01.6 UTC-06:00,16,1.3,1.5,468406.801,4313300.605,2429.986,-105.36468810,38.96810683,2415.959,120.680,,NAD83(2011) / UTM zone 13N + NAVD88(GEOID18) height,8,6,6,6,0
388,,468289.810,4313329.741,2422.970,,-105.36603989,38.96836515,2408.945,Global,0.013,0.018,0.012,0.022,2.134,m,FIX,2024-07-23 14:17:04.8 UTC-06:00,2024-07-23 14:17:07.8 UTC-06:00,16,1.3,1.5,468406.801,4313300.605,2429.986,-105.36468810,38.96810683,2415.959,120.757,,NAD83(2011) / UTM zone 13N + NAVD88(GEOID18) height,7,7,6,6,0
389,,468289.738,4313329.905,2422.957,,-105.36604072,38.96836662,2408.932,Global,0.013,0.012,0.010,0.017,2.134,m,FIX,2024-07-23 14:17:12.6 UTC-06:00,2024-07-23 14:17:15.6 UTC-06:00,16,1.3,1.5,468406.801,4313300.605,2429.986,-105.36468810,38.96810683,2415.959,120.868,,NAD83(2011) / UTM zone 13N + NAVD88(GEOID18) height,7,6,6,6,0
390,,468289.710,4313330.100,2422.987,,-105.36604105,38.96836838,2408.962,Global,0.012,0.013,0.010,0.018,2.134,m,FIX,2024-07-23 14:17:20.6 UTC-06:00,2024-07-23 14:17:23.6 UTC-06:00,16,1.3,1.5,468406.801,4313300.605,2429.986,-105.36468810,38.96810683,2415.959,120.917,,NAD83(2011) / UTM zone 13N + NAVD88(GEOID18) height,7,6,6,6,0
391,,468289.571,4313330.279,2423.016,,-105.36604267,38.96836999,2408.992,Global,0.011,0.011,0.010,0.016,2.134,m,FIX,2024-07-23 14:17:28.8 UTC-06:00,2024-07-23 14:17:31.8 UTC-06:00,16,1.3,1.5,468406.801,4313300.605,2429.986,-105.36468810,38.96810683,2415.959,121.110,,NAD83(2011) / UTM zone 13N + NAVD88(GEOID18) height,7,6,6,6,0
392,,468289.494,4313330.456,2423.081,,-105.36604356,38.96837158,2409.056,Global,0.019,0.019,0.010,0.027,2.134,m,FIX,2024-07-23 14:17:35.4 UTC-06:00,2024-07-23 14:17:38.4 UTC-06:00,16,1.3,1.5,468406.801,4313300.605,2429.986,-105.36468810,38.96810683,2415.959,121.254,,NAD83(2011) / UTM zone 13N + NAVD88(GEOID18) height,7,6,6,6,0
393,,468289.487,4313330.649,2423.115,,-105.36604366,38.96837332,2409.090,Global,0.012,0.012,0.012,0.017,2.134,m,FIX,2024-07-23 14:17:42.2 UTC-06:00,2024-07-23 14:17:45.2 UTC-06:00,16,1.3,1.5,468406.801,4313300.605,2429.986,-105.36468810,38.96810683,2415.959,121.284,,NAD83(2011) / UTM zone 13N + NAVD88(GEOID18) height,7,6,6,6,0
394,,468289.371,4313330.851,2423.161,,-105.36604499,38.96837513,2409.136,Global,0.012,0.015,0.011,0.019,2.134,m,FIX,2024-07-23 14:17:49.6 UTC-06:00,2024-07-23 14:17:52.6 UTC-06:00,16,1.3,1.5,468406.801,4313300.605,2429.986,-105.36468810,38.96810683,2415.959,121.429,,NAD83(2011) / UTM zone 13N + NAVD88(GEOID18) height,7,6,6,6,0
395,,468289.284,4313331.026,2423.098,,-105.36604601,38.96837671,2409.073,Global,0.016,0.012,0.012,0.020,2.134,m,FIX,2024-07-23 14:17:56.4 UTC-06:00,2024-07-23 14:17:59.4 UTC-06:00,16,1.3,1.5,468406.801,4313300.605,2429.986,-105.36468810,38.96810683,2415.959,121.588,,NAD83(2011) / UTM zone 13N + NAVD88(GEOID18) height,7,6,6,6,0
396,,468289.173,4313331.185,2423.061,,-105.36604730,38.96837814,2409.036,Global,0.013,0.016,0.014,0.020,2.134,m,FIX,2024-07-23 14:18:03.0 UTC-06:00,2024-07-23 14:18:06.0 UTC-06:00,16,1.3,1.5,468406.801,4313300.605,2429.986,-105.36468810,38.96810683,2415.959,121.731,,NAD83(2011) / UTM zone 13N + NAVD88(GEOID18) height,7,6,6,6,0
397,,468289.125,4313331.394,2423.083,,-105.36604786,38.96838002,2409.058,Global,0.015,0.016,0.010,0.022,2.134,m,FIX,2024-07-23 14:18:08.8 UTC-06:00,2024-07-23 14:18:11.8 UTC-06:00,16,1.3,1.5,468406.801,4313300.605,2429.986,-105.36468810,38.96810683,2415.959,121.826,,NAD83(2011) / UTM zone 13N + NAVD88(GEOID18) height,7,6,6,6,0
398,,468289.072,4313331.572,2423.185,,-105.36604848,38.96838162,2409.160,Global,0.014,0.014,0.019,0.020,2.134,m,FIX,2024-07-23 14:18:16.0 UTC-06:00,2024-07-23 14:18:19.0 UTC-06:00,16,1.3,1.5,468406.801,4313300.605,2429.986,-105.36468810,38.96810683,2415.959,121.939,,NAD83(2011) / UTM zone 13N + NAVD88(GEOID18) height,7,6,6,6,0
399,,468289.029,4313331.770,2423.204,,-105.36604899,38.96838340,2409.179,Global,0.020,0.015,0.011,0.025,2.134,m,FIX,2024-07-23 14:18:24.0 UTC-06:00,2024-07-23 14:18:27.0 UTC-06:00,16,1.3,1.5,468406.801,4313300.605,2429.986,-105.36468810,38.96810683,2415.959,122.025,,NAD83(2011) / UTM zone 13N + NAVD88(GEOID18) height,7,6,6,6,0
400,,468288.939,4313331.908,2423.252,,-105.36605003,38.96838464,2409.227,Global,0.010,0.013,0.010,0.017,2.134,m,FIX,2024-07-23 14:18:33.2 UTC-06:00,2024-07-23 14:18:36.2 UTC-06:00,16,1.3,1.5,468406.801,4313300.605,2429.986,-105.36468810,38.96810683,2415.959,122.134,,NAD83(2011) / UTM zone 13N + NAVD88(GEOID18) height,7,6,6,6,0
401,,468288.865,4313332.138,2423.227,,-105.36605090,38.96838671,2409.202,Global,0.016,0.016,0.011,0.023,2.134,m,FIX,2024-07-23 14:18:40.4 UTC-06:00,2024-07-23 14:18:43.4 UTC-06:00,16,1.3,1.5,468406.801,4313300.605,2429.986,-105.36468810,38.96810683,2415.959,122.268,,NAD83(2011) / UTM zone 13N + NAVD88(GEOID18) height,7,6,6,6,0
402,,468288.791,4313332.301,2423.224,,-105.36605177,38.96838818,2409.199,Global,0.019,0.015,0.014,0.024,2.134,m,FIX,2024-07-23 14:18:46.0 UTC-06:00,2024-07-23 14:18:49.0 UTC-06:00,16,1.3,1.5,468406.801,4313300.605,2429.986,-105.36468810,38.96810683,2415.959,122.357,,NAD83(2011) / UTM zone 13N + NAVD88(GEOID18) height,7,6,6,6,0
403,,468288.769,4313332.525,2423.200,,-105.36605202,38.96839019,2409.176,Global,0.013,0.012,0.012,0.018,2.134,m,FIX,2024-07-23 14:18:53.6 UTC-06:00,2024-07-23 14:18:56.6 UTC-06:00,16,1.3,1.5,468406.801,4313300.605,2429.986,-105.36468810,38.96810683,2415.959,122.460,,NAD83(2011) / UTM zone 13N + NAVD88(GEOID18) height,7,6,6,6,0
404,,468288.704,4313332.677,2423.232,,-105.36605279,38.96839156,2409.207,Global,0.020,0.017,0.013,0.026,2.134,m,FIX,2024-07-23 14:18:59.0 UTC-06:00,2024-07-23 14:19:02.0 UTC-06:00,16,1.3,1.5,468406.801,4313300.605,2429.986,-105.36468810,38.96810683,2415.959,122.571,,NAD83(2011) / UTM zone 13N + NAVD88(GEOID18) height,7,6,6,6,0
405,,468288.596,4313332.860,2423.251,,-105.36605404,38.96839321,2409.226,Global,0.013,0.010,0.011,0.016,2.134,m,FIX,2024-07-23 14:19:05.2 UTC-06:00,2024-07-23 14:19:08.2 UTC-06:00,16,1.3,1.5,468406.801,4313300.605,2429.986,-105.36468810,38.96810683,2415.959,122.716,,NAD83(2011) / UTM zone 13N + NAVD88(GEOID18) height,7,6,6,6,0
406,,468288.483,4313333.021,2423.259,,-105.36605535,38.96839466,2409.234,Global,0.018,0.018,0.010,0.025,2.134,m,FIX,2024-07-23 14:19:11.0 UTC-06:00,2024-07-23 14:19:14.0 UTC-06:00,16,1.3,1.5,468406.801,4313300.605,2429.986,-105.36468810,38.96810683,2415.959,122.851,,NAD83(2011) / UTM zone 13N + NAVD88(GEOID18) height,7,6,6,6,0
407,,468288.455,4313333.258,2423.287,,-105.36605569,38.96839679,2409.263,Global,0.013,0.011,0.010,0.017,2.134,m,FIX,2024-07-23 14:19:16.8 UTC-06:00,2024-07-23 14:19:19.8 UTC-06:00,16,1.3,1.5,468406.801,4313300.605,2429.986,-105.36468810,38.96810683,2415.959,122.937,,NAD83(2011) / UTM zone 13N + NAVD88(GEOID18) height,7,6,6,6,0
408,,468288.336,4313333.425,2423.309,,-105.36605707,38.96839829,2409.284,Global,0.012,0.015,0.011,0.019,2.134,m,FIX,2024-07-23 14:19:24.2 UTC-06:00,2024-07-23 14:19:27.2 UTC-06:00,16,1.3,1.5,468406.801,4313300.605,2429.986,-105.36468810,38.96810683,2415.959,123.115,,NAD83(2011) / UTM zone 13N + NAVD88(GEOID18) height,7,6,6,6,0
409,,468288.329,4313333.561,2423.654,,-105.36605716,38.96839951,2409.630,Global,0.017,0.010,0.011,0.020,2.134,m,FIX,2024-07-23 14:19:41.2 UTC-06:00,2024-07-23 14:19:44.2 UTC-06:00,16,1.3,1.5,468406.801,4313300.605,2429.986,-105.36468810,38.96810683,2415.959,123.105,,NAD83(2011) / UTM zone 13N + NAVD88(GEOID18) height,7,6,6,6,0
410,,468288.309,4313333.643,2423.771,,-105.36605738,38.96840025,2409.746,Global,0.012,0.011,0.010,0.016,2.134,m,FIX,2024-07-23 14:20:01.6 UTC-06:00,2024-07-23 14:20:04.6 UTC-06:00,16,1.3,1.5,468406.801,4313300.605,2429.986,-105.36468810,38.96810683,2415.959,123.165,,NAD83(2011) / UTM zone 13N + NAVD88(GEOID18) height,7,7,6,6,0
411,,468288.229,4313333.792,2423.826,,-105.36605832,38.96840160,2409.801,Global,0.011,0.011,0.010,0.016,2.134,m,FIX,2024-07-23 14:20:10.0 UTC-06:00,2024-07-23 14:20:13.0 UTC-06:00,16,1.3,1.5,468406.801,4313300.605,2429.986,-105.36468810,38.96810683,2415.959,123.281,,NAD83(2011) / UTM zone 13N + NAVD88(GEOID18) height,7,7,6,6,0
412,,468288.152,4313333.984,2423.848,,-105.36605922,38.96840332,2409.823,Global,0.022,0.019,0.010,0.029,2.134,m,FIX,2024-07-23 14:20:18.8 UTC-06:00,2024-07-23 14:20:21.8 UTC-06:00,16,1.3,1.5,468406.801,4313300.605,2429.986,-105.36468810,38.96810683,2415.959,123.434,,NAD83(2011) / UTM zone 13N + NAVD88(GEOID18) height,7,6,6,6,0
413,,468288.098,4313334.134,2423.866,,-105.36605985,38.96840468,2409.841,Global,0.012,0.013,0.012,0.017,2.134,m,FIX,2024-07-23 14:20:26.6 UTC-06:00,2024-07-23 14:20:29.6 UTC-06:00,16,1.3,1.5,468406.801,4313300.605,2429.986,-105.36468810,38.96810683,2415.959,123.499,,NAD83(2011) / UTM zone 13N + NAVD88(GEOID18) height,7,7,6,6,0
414,,468287.993,4313334.298,2424.025,,-105.36606106,38.96840615,2410.000,Global,0.018,0.010,0.013,0.021,2.134,m,FIX,2024-07-23 14:21:07.8 UTC-06:00,2024-07-23 14:21:10.8 UTC-06:00,16,1.3,1.6,468406.801,4313300.605,2429.986,-105.36468810,38.96810683,2415.959,123.652,,NAD83(2011) / UTM zone 13N + NAVD88(GEOID18) height,7,7,7,6,0
415,,468287.855,4313334.552,2423.969,,-105.36606267,38.96840843,2409.944,Global,0.012,0.010,0.010,0.016,2.134,m,FIX,2024-07-23 14:21:38.2 UTC-06:00,2024-07-23 14:21:41.2 UTC-06:00,16,1.3,1.6,468406.801,4313300.605,2429.986,-105.36468810,38.96810683,2415.959,123.851,,NAD83(2011) / UTM zone 13N + NAVD88(GEOID18) height,7,7,7,6,0
416,,468287.709,4313334.229,2423.977,,-105.36606434,38.96840552,2409.952,Global,0.012,0.011,0.011,0.016,2.134,m,FIX,2024-07-23 14:21:48.0 UTC-06:00,2024-07-23 14:21:51.0 UTC-06:00,16,1.3,1.6,468406.801,4313300.605,2429.986,-105.36468810,38.96810683,2415.959,123.910,,NAD83(2011) / UTM zone 13N + NAVD88(GEOID18) height,7,6,7,6,0
417,,468288.060,4313334.055,2423.889,,-105.36606029,38.96840395,2409.864,Global,0.012,0.011,0.010,0.016,2.134,m,FIX,2024-07-23 14:21:59.8 UTC-06:00,2024-07-23 14:22:02.8 UTC-06:00,16,1.3,1.6,468406.801,4313300.605,2429.986,-105.36468810,38.96810683,2415.959,123.511,,NAD83(2011) / UTM zone 13N + NAVD88(GEOID18) height,7,7,7,6,0
418,,468288.180,4313334.428,2423.934,,-105.36605891,38.96840732,2409.909,Global,0.012,0.011,0.012,0.017,2.134,m,FIX,2024-07-23 14:22:11.2 UTC-06:00,2024-07-23 14:22:14.2 UTC-06:00,16,1.5,1.8,468406.801,4313300.605,2429.986,-105.36468810,38.96810683,2415.959,123.512,,NAD83(2011) / UTM zone 13N + NAVD88(GEOID18) height,7,7,7,6,0
419,,468287.971,4313334.242,2423.938,,-105.36606132,38.96840564,2409.914,Global,0.012,0.018,0.013,0.021,2.134,m,FIX,2024-07-23 14:22:20.6 UTC-06:00,2024-07-23 14:22:23.6 UTC-06:00,16,1.5,1.8,468406.801,4313300.605,2429.986,-105.36468810,38.96810683,2415.959,123.671,,NAD83(2011) / UTM zone 13N + NAVD88(GEOID18) height,7,6,7,6,0
420,,468287.953,4313334.299,2424.027,,-105.36606152,38.96840615,2410.002,Global,0.015,0.018,0.012,0.023,2.134,m,FIX,2024-07-23 14:22:34.2 UTC-06:00,2024-07-23 14:22:37.2 UTC-06:00,16,1.5,1.8,468406.801,4313300.605,2429.986,-105.36468810,38.96810683,2415.959,123.675,,NAD83(2011) / UTM zone 13N + NAVD88(GEOID18) height,7,7,7,6,0
421,,468287.964,4313334.309,2424.029,,-105.36606140,38.96840624,2410.004,Global,0.013,0.014,0.013,0.019,2.134,m,FIX,2024-07-23 14:23:07.8 UTC-06:00,2024-07-23 14:23:37.8 UTC-06:00,151,1.4,1.6,468406.801,4313300.605,2429.986,-105.36468810,38.96810683,2415.959,123.675,,NAD83(2011) / UTM zone 13N + NAVD88(GEOID18) height,7,7,7,6,0
422,,468287.861,4313334.751,2424.009,,-105.36606261,38.96841022,2409.984,Global,0.011,0.012,0.013,0.016,2.134,m,FIX,2024-07-23 14:26:48.4 UTC-06:00,2024-07-23 14:26:51.4 UTC-06:00,16,1.4,1.6,468406.801,4313300.605,2429.986,-105.36468810,38.96810683,2415.959,123.899,,NAD83(2011) / UTM zone 13N + NAVD88(GEOID18) height,7,7,7,6,0
423,,468287.740,4313335.288,2424.000,,-105.36606403,38.96841506,2409.975,Global,0.012,0.011,0.011,0.016,2.134,m,FIX,2024-07-23 14:27:14.6 UTC-06:00,2024-07-23 14:27:17.6 UTC-06:00,16,1.4,1.6,468406.801,4313300.605,2429.986,-105.36468810,38.96810683,2415.959,124.169,,NAD83(2011) / UTM zone 13N + NAVD88(GEOID18) height,7,7,7,6,0
424,,468287.539,4313335.841,2423.981,,-105.36606638,38.96842004,2409.956,Global,0.013,0.011,0.011,0.017,2.134,m,FIX,2024-07-23 14:27:36.6 UTC-06:00,2024-07-23 14:27:39.6 UTC-06:00,16,1.4,1.6,468406.801,4313300.605,2429.986,-105.36468810,38.96810683,2415.959,124.516,,NAD83(2011) / UTM zone 13N + NAVD88(GEOID18) height,7,7,7,6,0
425,,468287.519,4313336.237,2423.981,,-105.36606663,38.96842360,2409.956,Global,0.016,0.014,0.010,0.021,2.134,m,FIX,2024-07-23 14:27:47.6 UTC-06:00,2024-07-23 14:27:50.6 UTC-06:00,16,1.4,1.6,468406.801,4313300.605,2429.986,-105.36468810,38.96810683,2415.959,124.653,,NAD83(2011) / UTM zone 13N + NAVD88(GEOID18) height,7,7,7,6,0
426,,468287.431,4313336.697,2423.982,,-105.36606767,38.96842774,2409.957,Global,0.026,0.024,0.010,0.036,2.134,m,FIX,2024-07-23 14:28:04.2 UTC-06:00,2024-07-23 14:28:07.2 UTC-06:00,16,1.4,1.6,468406.801,4313300.605,2429.986,-105.36468810,38.96810683,2415.959,124.816,,NAD83(2011) / UTM zone 13N + NAVD88(GEOID18) height,7,7,7,6,0
427,,468287.277,4313337.332,2423.993,,-105.36606948,38.96843346,2409.968,Global,0.012,0.014,0.010,0.019,2.134,m,FIX,2024-07-23 14:29:09.8 UTC-06:00,2024-07-23 14:29:12.8 UTC-06:00,16,1.4,1.6,468406.801,4313300.605,2429.986,-105.36468810,38.96810683,2415.959,125.202,,NAD83(2011) / UTM zone 13N + NAVD88(GEOID18) height,7,7,7,6,0
428,,468287.209,4313337.780,2423.969,,-105.36607028,38.96843750,2409.945,Global,0.011,0.012,0.010,0.017,2.134,m,FIX,2024-07-23 14:29:23.6 UTC-06:00,2024-07-23 14:29:26.6 UTC-06:00,16,1.4,1.6,468406.801,4313300.605,2429.986,-105.36468810,38.96810683,2415.959,125.386,,NAD83(2011) / UTM zone 13N + NAVD88(GEOID18) height,7,7,7,6,0
429,,468287.111,4313338.300,2423.897,,-105.36607143,38.96844218,2409.872,Global,0.014,0.016,0.011,0.021,2.134,m,FIX,2024-07-23 14:29:32.8 UTC-06:00,2024-07-23 14:29:35.8 UTC-06:00,16,1.4,1.6,468406.801,4313300.605,2429.986,-105.36468810,38.96810683,2415.959,125.643,,NAD83(2011) / UTM zone 13N + NAVD88(GEOID18) height,7,7,7,6,0
430,,468287.098,4313338.776,2423.918,,-105.36607161,38.96844646,2409.894,Global,0.020,0.013,0.011,0.024,2.134,m,FIX,2024-07-23 14:29:40.2 UTC-06:00,2024-07-23 14:29:43.2 UTC-06:00,16,1.4,1.6,468406.801,4313300.605,2429.986,-105.36468810,38.96810683,2415.959,125.804,,NAD83(2011) / UTM zone 13N + NAVD88(GEOID18) height,7,7,7,6,0
431,,468286.933,4313339.258,2423.858,,-105.36607353,38.96845080,2409.833,Global,0.012,0.024,0.010,0.027,2.134,m,FIX,2024-07-23 14:29:46.6 UTC-06:00,2024-07-23 14:29:49.6 UTC-06:00,16,1.4,1.6,468406.801,4313300.605,2429.986,-105.36468810,38.96810683,2415.959,126.114,,NAD83(2011) / UTM zone 13N + NAVD88(GEOID18) height,7,7,7,6,0
432,,468286.823,4313339.806,2423.876,,-105.36607482,38.96845574,2409.851,Global,0.012,0.031,0.010,0.034,2.134,m,FIX,2024-07-23 14:29:53.4 UTC-06:00,2024-07-23 14:29:56.4 UTC-06:00,16,1.4,1.6,468406.801,4313300.605,2429.986,-105.36468810,38.96810683,2415.959,126.380,,NAD83(2011) / UTM zone 13N + NAVD88(GEOID18) height,7,7,7,6,0
433,,468286.738,4313340.355,2423.852,,-105.36607584,38.96846068,2409.827,Global,0.011,0.010,0.011,0.015,2.134,m,FIX,2024-07-23 14:30:00.8 UTC-06:00,2024-07-23 14:30:03.8 UTC-06:00,16,1.4,1.6,468406.801,4313300.605,2429.986,-105.36468810,38.96810683,2415.959,126.640,,NAD83(2011) / UTM zone 13N + NAVD88(GEOID18) height,7,7,7,6,0
434,,468286.560,4313340.914,2423.730,,-105.36607792,38.96846571,2409.705,Global,0.020,0.019,0.011,0.027,2.134,m,FIX,2024-07-23 14:30:08.0 UTC-06:00,2024-07-23 14:30:11.0 UTC-06:00,16,1.5,1.8,468406.801,4313300.605,2429.986,-105.36468810,38.96810683,2415.959,126.956,,NAD83(2011) / UTM zone 13N + NAVD88(GEOID18) height,7,7,7,6,0
435,,468286.399,4313341.398,2423.669,,-105.36607979,38.96847007,2409.645,Global,0.013,0.019,0.011,0.023,2.134,m,FIX,2024-07-23 14:30:15.6 UTC-06:00,2024-07-23 14:30:18.6 UTC-06:00,16,1.5,1.8,468406.801,4313300.605,2429.986,-105.36468810,38.96810683,2415.959,127.283,,NAD83(2011) / UTM zone 13N + NAVD88(GEOID18) height,7,7,6,6,0
436,,468286.218,4313341.857,2423.613,,-105.36608191,38.96847420,2409.588,Global,0.014,0.013,0.013,0.019,2.134,m,FIX,2024-07-23 14:30:23.0 UTC-06:00,2024-07-23 14:30:26.0 UTC-06:00,16,1.5,1.8,468406.801,4313300.605,2429.986,-105.36468810,38.96810683,2415.959,127.605,,NAD83(2011) / UTM zone 13N + NAVD88(GEOID18) height,7,7,6,6,0
437,,468286.085,4313342.311,2423.626,,-105.36608347,38.96847829,2409.601,Global,0.013,0.041,0.014,0.043,2.134,m,FIX,2024-07-23 14:30:29.0 UTC-06:00,2024-07-23 14:30:32.0 UTC-06:00,16,1.5,1.8,468406.801,4313300.605,2429.986,-105.36468810,38.96810683,2415.959,127.893,,NAD83(2011) / UTM zone 13N + NAVD88(GEOID18) height,7,7,6,6,0
438,,468285.992,4313342.720,2423.637,,-105.36608455,38.96848197,2409.612,Global,0.011,0.011,0.010,0.015,2.134,m,FIX,2024-07-23 14:30:38.0 UTC-06:00,2024-07-23 14:30:41.0 UTC-06:00,16,1.5,1.8,468406.801,4313300.605,2429.986,-105.36468810,38.96810683,2415.959,128.106,,NAD83(2011) / UTM zone 13N + NAVD88(GEOID18) height,7,7,6,6,0
439,,468285.890,4313343.193,2423.663,,-105.36608576,38.96848622,2409.639,Global,0.014,0.032,0.011,0.035,2.134,m,FIX,2024-07-23 14:30:45.4 UTC-06:00,2024-07-23 14:30:48.4 UTC-06:00,16,1.5,1.8,468406.801,4313300.605,2429.986,-105.36468810,38.96810683,2415.959,128.376,,NAD83(2011) / UTM zone 13N + NAVD88(GEOID18) height,7,7,6,6,0
440,,468285.661,4313343.727,2423.661,,-105.36608843,38.96849103,2409.636,Global,0.018,0.065,0.012,0.067,2.134,m,FIX,2024-07-23 14:30:52.0 UTC-06:00,2024-07-23 14:30:55.0 UTC-06:00,16,1.5,1.8,468406.801,4313300.605,2429.986,-105.36468810,38.96810683,2415.959,128.761,,NAD83(2011) / UTM zone 13N + NAVD88(GEOID18) height,7,7,6,6,0
441,,468285.431,4313344.272,2423.676,,-105.36609110,38.96849593,2409.651,Global,0.029,0.022,0.011,0.037,2.134,m,FIX,2024-07-23 14:31:00.2 UTC-06:00,2024-07-23 14:31:03.2 UTC-06:00,16,1.5,1.8,468406.801,4313300.605,2429.986,-105.36468810,38.96810683,2415.959,129.132,,NAD83(2011) / UTM zone 13N + NAVD88(GEOID18) height,7,7,6,6,0
442,,468285.299,4313344.619,2423.641,,-105.36609265,38.96849905,2409.616,Global,0.027,0.025,0.010,0.037,2.134,m,FIX,2024-07-23 14:31:12.8 UTC-06:00,2024-07-23 14:31:15.8 UTC-06:00,16,1.5,1.8,468406.801,4313300.605,2429.986,-105.36468810,38.96810683,2415.959,129.377,,NAD83(2011) / UTM zone 13N + NAVD88(GEOID18) height,7,7,6,6,0
443,,468285.038,4313345.129,2423.706,,-105.36609568,38.96850364,2409.681,Global,0.017,0.031,0.012,0.035,2.134,m,FIX,2024-07-23 14:31:21.0 UTC-06:00,2024-07-23 14:31:24.0 UTC-06:00,16,1.5,1.8,468406.801,4313300.605,2429.986,-105.36468810,38.96810683,2415.959,129.817,,NAD83(2011) / UTM zone 13N + NAVD88(GEOID18) height,7,7,6,6,0
444,,468284.741,4313345.647,2423.670,,-105.36609913,38.96850829,2409.645,Global,0.013,0.012,0.013,0.018,2.134,m,FIX,2024-07-23 14:31:30.0 UTC-06:00,2024-07-23 14:31:33.0 UTC-06:00,16,1.5,1.8,468406.801,4313300.605,2429.986,-105.36468810,38.96810683,2415.959,130.270,,NAD83(2011) / UTM zone 13N + NAVD88(GEOID18) height,7,7,7,6,0
445,,468284.391,4313346.266,2423.628,,-105.36610319,38.96851386,2409.603,Global,0.014,0.024,0.012,0.027,2.134,m,FIX,2024-07-23 14:31:37.4 UTC-06:00,2024-07-23 14:31:40.4 UTC-06:00,16,1.5,1.8,468406.801,4313300.605,2429.986,-105.36468810,38.96810683,2415.959,130.830,,NAD83(2011) / UTM zone 13N + NAVD88(GEOID18) height,7,7,6,6,0
446,,468284.095,4313346.722,2423.641,,-105.36610664,38.96851796,2409.616,Global,0.013,0.014,0.012,0.019,2.134,m,FIX,2024-07-23 14:31:43.6 UTC-06:00,2024-07-23 14:31:46.6 UTC-06:00,16,1.5,1.8,468406.801,4313300.605,2429.986,-105.36468810,38.96810683,2415.959,131.250,,NAD83(2011) / UTM zone 13N + NAVD88(GEOID18) height,7,7,7,6,0
447,,468283.887,4313347.257,2423.638,,-105.36610906,38.96852278,2409.613,Global,0.012,0.023,0.011,0.026,2.134,m,FIX,2024-07-23 14:31:49.4 UTC-06:00,2024-07-23 14:31:52.4 UTC-06:00,16,1.5,1.8,468406.801,4313300.605,2429.986,-105.36468810,38.96810683,2415.959,131.654,,NAD83(2011) / UTM zone 13N + NAVD88(GEOID18) height,7,7,6,6,0
448,,468283.653,4313347.695,2423.610,,-105.36611178,38.96852671,2409.586,Global,0.012,0.019,0.015,0.022,2.134,m,FIX,2024-07-23 14:31:57.6 UTC-06:00,2024-07-23 14:32:00.6 UTC-06:00,16,1.5,1.8,468406.801,4313300.605,2429.986,-105.36468810,38.96810683,2415.959,132.011,,NAD83(2011) / UTM zone 13N + NAVD88(GEOID18) height,7,7,6,6,0
449,,468283.552,4313348.154,2423.598,,-105.36611297,38.96853084,2409.573,Global,0.013,0.022,0.010,0.025,2.134,m,FIX,2024-07-23 14:32:03.8 UTC-06:00,2024-07-23 14:32:06.8 UTC-06:00,16,1.5,1.8,468406.801,4313300.605,2429.986,-105.36468810,38.96810683,2415.959,132.292,,NAD83(2011) / UTM zone 13N + NAVD88(GEOID18) height,7,7,6,6,0
450,,468283.446,4313348.638,2423.589,,-105.36611422,38.96853520,2409.564,Global,0.012,0.014,0.012,0.018,2.134,m,FIX,2024-07-23 14:32:10.0 UTC-06:00,2024-07-23 14:32:13.0 UTC-06:00,16,1.5,1.8,468406.801,4313300.605,2429.986,-105.36468810,38.96810683,2415.959,132.561,,NAD83(2011) / UTM zone 13N + NAVD88(GEOID18) height,7,7,6,6,0
451,,468283.248,4313349.140,2423.633,,-105.36611653,38.96853972,2409.609,Global,0.013,0.041,0.011,0.043,2.134,m,FIX,2024-07-23 14:32:16.6 UTC-06:00,2024-07-23 14:32:19.6 UTC-06:00,16,1.5,1.8,468406.801,4313300.605,2429.986,-105.36468810,38.96810683,2415.959,132.924,,NAD83(2011) / UTM zone 13N + NAVD88(GEOID18) height,7,7,6,6,0
452,,468283.052,4313349.484,2423.661,,-105.36611881,38.96854281,2409.636,Global,0.014,0.022,0.012,0.026,2.134,m,FIX,2024-07-23 14:32:24.2 UTC-06:00,2024-07-23 14:32:27.2 UTC-06:00,16,1.5,1.8,468406.801,4313300.605,2429.986,-105.36468810,38.96810683,2415.959,133.233,,NAD83(2011) / UTM zone 13N + NAVD88(GEOID18) height,7,7,6,6,0
453,,468282.739,4313350.105,2423.653,,-105.36612244,38.96854840,2409.628,Global,0.013,0.022,0.015,0.025,2.134,m,FIX,2024-07-23 14:32:30.6 UTC-06:00,2024-07-23 14:32:33.6 UTC-06:00,16,1.5,1.8,468406.801,4313300.605,2429.986,-105.36468810,38.96810683,2415.959,133.738,,NAD83(2011) / UTM zone 13N + NAVD88(GEOID18) height,7,7,6,6,0
454,,468282.548,4313350.416,2423.640,,-105.36612467,38.96855119,2409.615,Global,0.012,0.012,0.014,0.017,2.134,m,FIX,2024-07-23 14:32:36.8 UTC-06:00,2024-07-23 14:32:39.8 UTC-06:00,16,1.5,1.8,468406.801,4313300.605,2429.986,-105.36468810,38.96810683,2415.959,134.030,,NAD83(2011) / UTM zone 13N + NAVD88(GEOID18) height,7,7,6,6,0
455,,468282.174,4313350.996,2423.688,,-105.36612901,38.96855640,2409.663,Global,0.022,0.030,0.011,0.038,2.134,m,FIX,2024-07-23 14:32:43.8 UTC-06:00,2024-07-23 14:32:46.8 UTC-06:00,16,1.5,1.8,468406.801,4313300.605,2429.986,-105.36468810,38.96810683,2415.959,134.604,,NAD83(2011) / UTM zone 13N + NAVD88(GEOID18) height,7,7,7,6,0
456,,468281.843,4313351.510,2423.826,,-105.36613285,38.96856102,2409.802,Global,0.050,0.043,0.010,0.066,2.134,m,FIX,2024-07-23 14:32:50.0 UTC-06:00,2024-07-23 14:32:53.0 UTC-06:00,16,1.5,1.8,468406.801,4313300.605,2429.986,-105.36468810,38.96810683,2415.959,135.159,,NAD83(2011) / UTM zone 13N + NAVD88(GEOID18) height,7,7,6,6,0
457,,468281.557,4313352.053,2423.921,,-105.36613618,38.96856590,2409.897,Global,0.011,0.014,0.014,0.018,2.134,m,FIX,2024-07-23 14:32:58.2 UTC-06:00,2024-07-23 14:33:01.2 UTC-06:00,16,1.5,1.8,468406.801,4313300.605,2429.986,-105.36468810,38.96810683,2415.959,135.559,,NAD83(2011) / UTM zone 13N + NAVD88(GEOID18) height,7,7,6,6,0
458,,468281.298,4313352.414,2423.992,,-105.36613918,38.96856915,2409.968,Global,0.018,0.013,0.015,0.022,2.134,m,FIX,2024-07-23 14:33:27.6 UTC-06:00,2024-07-23 14:33:30.6 UTC-06:00,16,1.6,1.9,468406.801,4313300.605,2429.986,-105.36468810,38.96810683,2415.959,135.908,,NAD83(2011) / UTM zone 13N + NAVD88(GEOID18) height,7,7,6,6,0
459,,468280.893,4313352.860,2424.064,,-105.36614388,38.96857316,2410.039,Global,0.018,0.018,0.011,0.025,2.134,m,FIX,2024-07-23 14:33:48.0 UTC-06:00,2024-07-23 14:33:51.0 UTC-06:00,16,1.5,1.8,468406.801,4313300.605,2429.986,-105.36468810,38.96810683,2415.959,136.477,,NAD83(2011) / UTM zone 13N + NAVD88(GEOID18) height,7,7,5,6,0
460,,468280.545,4313353.240,2424.102,,-105.36614792,38.96857657,2410.078,Global,0.010,0.010,0.012,0.015,2.134,m,FIX,2024-07-23 14:34:05.2 UTC-06:00,2024-07-23 14:34:08.2 UTC-06:00,16,1.6,1.9,468406.801,4313300.605,2429.986,-105.36468810,38.96810683,2415.959,136.945,,NAD83(2011) / UTM zone 13N + NAVD88(GEOID18) height,7,7,5,6,0
461,,468280.242,4313353.664,2424.191,,-105.36615144,38.96858038,2410.166,Global,0.012,0.017,0.011,0.021,2.134,m,FIX,2024-07-23 14:34:20.2 UTC-06:00,2024-07-23 14:34:23.2 UTC-06:00,16,1.5,1.8,468406.801,4313300.605,2429.986,-105.36468810,38.96810683,2415.959,137.386,,NAD83(2011) / UTM zone 13N + NAVD88(GEOID18) height,7,7,5,6,0
462,,468280.065,4313354.064,2424.250,,-105.36615349,38.96858397,2410.226,Global,0.019,0.048,0.012,0.052,2.134,m,FIX,2024-07-23 14:34:28.0 UTC-06:00,2024-07-23 14:34:31.0 UTC-06:00,16,1.5,1.8,468406.801,4313300.605,2429.986,-105.36468810,38.96810683,2415.959,137.696,,NAD83(2011) / UTM zone 13N + NAVD88(GEOID18) height,7,7,5,6,0
463,,468279.900,4313354.467,2424.373,,-105.36615542,38.96858760,2410.349,Global,0.014,0.065,0.012,0.066,2.134,m,FIX,2024-07-23 14:34:34.2 UTC-06:00,2024-07-23 14:34:37.2 UTC-06:00,16,1.5,1.8,468406.801,4313300.605,2429.986,-105.36468810,38.96810683,2415.959,138.039,,NAD83(2011) / UTM zone 13N + NAVD88(GEOID18) height,7,7,5,6,0
464,,468279.756,4313355.002,2424.427,,-105.36615711,38.96859241,2410.403,Global,0.014,0.035,0.011,0.038,2.134,m,FIX,2024-07-23 14:34:40.2 UTC-06:00,2024-07-23 14:34:43.2 UTC-06:00,16,1.5,1.8,468406.801,4313300.605,2429.986,-105.36468810,38.96810683,2415.959,138.360,,NAD83(2011) / UTM zone 13N + NAVD88(GEOID18) height,7,7,5,6,0
465,,468279.534,4313355.420,2424.497,,-105.36615969,38.96859617,2410.472,Global,0.012,0.014,0.011,0.019,2.134,m,FIX,2024-07-23 14:34:46.2 UTC-06:00,2024-07-23 14:34:49.2 UTC-06:00,16,1.5,1.8,468406.801,4313300.605,2429.986,-105.36468810,38.96810683,2415.959,138.711,,NAD83(2011) / UTM zone 13N + NAVD88(GEOID18) height,7,7,5,6,0
466,,468279.343,4313355.785,2424.568,,-105.36616191,38.96859946,2410.543,Global,0.013,0.013,0.010,0.018,2.134,m,FIX,2024-07-23 14:34:55.8 UTC-06:00,2024-07-23 14:34:58.8 UTC-06:00,16,1.5,1.8,468406.801,4313300.605,2429.986,-105.36468810,38.96810683,2415.959,139.036,,NAD83(2011) / UTM zone 13N + NAVD88(GEOID18) height,7,7,5,6,0
467,,468279.125,4313355.845,2424.636,,-105.36616444,38.96859999,2410.611,Global,0.010,0.011,0.012,0.015,2.134,m,FIX,2024-07-23 14:36:18.6 UTC-06:00,2024-07-23 14:36:21.6 UTC-06:00,16,1.6,1.9,468406.801,4313300.605,2429.986,-105.36468810,38.96810683,2415.959,139.260,,NAD83(2011) / UTM zone 13N + NAVD88(GEOID18) height,7,7,5,6,0
468,,468278.867,4313355.700,2424.593,,-105.36616741,38.96859867,2410.569,Global,0.012,0.011,0.011,0.016,2.134,m,FIX,2024-07-23 14:36:26.4 UTC-06:00,2024-07-23 14:36:29.4 UTC-06:00,16,1.6,1.9,468406.801,4313300.605,2429.986,-105.36468810,38.96810683,2415.959,139.434,,NAD83(2011) / UTM zone 13N + NAVD88(GEOID18) height,7,7,5,6,0
469,,468278.949,4313356.097,2424.668,,-105.36616647,38.96860226,2410.644,Global,0.010,0.013,0.011,0.016,2.134,m,FIX,2024-07-23 14:36:41.6 UTC-06:00,2024-07-23 14:36:44.6 UTC-06:00,16,1.6,1.9,468406.801,4313300.605,2429.986,-105.36468810,38.96810683,2415.959,139.527,,NAD83(2011) / UTM zone 13N + NAVD88(GEOID18) height,7,7,5,6,0
470,,468279.377,4313355.960,2424.591,,-105.36616153,38.96860104,2410.566,Global,0.012,0.018,0.017,0.022,2.134,m,FIX,2024-07-23 14:37:11.6 UTC-06:00,2024-07-23 14:37:14.6 UTC-06:00,16,1.6,1.9,468406.801,4313300.605,2429.986,-105.36468810,38.96810683,2415.959,139.083,,NAD83(2011) / UTM zone 13N + NAVD88(GEOID18) height,7,7,5,6,0
471,,468279.256,4313355.595,2424.571,,-105.36616291,38.96859774,2410.547,Global,0.012,0.015,0.012,0.019,2.134,m,FIX,2024-07-23 14:37:26.6 UTC-06:00,2024-07-23 14:37:29.6 UTC-06:00,16,1.8,2.2,468406.801,4313300.605,2429.986,-105.36468810,38.96810683,2415.959,139.041,,NAD83(2011) / UTM zone 13N + NAVD88(GEOID18) height,7,7,5,6,0
472,,468279.109,4313355.802,2424.582,,-105.36616461,38.96859960,2410.558,Global,0.010,0.015,0.011,0.019,2.134,m,FIX,2024-07-23 14:38:03.4 UTC-06:00,2024-07-23 14:38:06.4 UTC-06:00,16,1.8,2.2,468406.801,4313300.605,2429.986,-105.36468810,38.96810683,2415.959,139.257,,NAD83(2011) / UTM zone 13N + NAVD88(GEOID18) height,7,7,5,6,0
473,,468279.126,4313355.834,2424.627,,-105.36616441,38.96859989,2410.602,Global,0.010,0.012,0.016,0.016,2.134,m,FIX,2024-07-23 14:38:11.2 UTC-06:00,2024-07-23 14:38:14.2 UTC-06:00,16,1.8,2.2,468406.801,4313300.605,2429.986,-105.36468810,38.96810683,2415.959,139.252,,NAD83(2011) / UTM zone 13N + NAVD88(GEOID18) height,7,7,5,6,0
474,,468279.122,4313355.825,2424.660,,-105.36616446,38.96859981,2410.635,Global,0.012,0.012,0.019,0.017,2.134,m,FIX,2024-07-23 14:38:55.8 UTC-06:00,2024-07-23 14:39:25.8 UTC-06:00,151,1.8,2.2,468406.801,4313300.605,2429.986,-105.36468810,38.96810683,2415.959,139.249,,NAD83(2011) / UTM zone 13N + NAVD88(GEOID18) height,7,6,5,6,0
475,,468297.530,4313309.258,2424.364,,-105.36594981,38.96818085,2410.339,Global,0.011,0.011,0.010,0.016,2.134,m,FIX,2024-07-23 14:45:51.2 UTC-06:00,2024-07-23 14:45:54.2 UTC-06:00,16,1.7,2.0,468406.801,4313300.605,2429.986,-105.36468810,38.96810683,2415.959,109.760,,NAD83(2011) / UTM zone 13N + NAVD88(GEOID18) height,8,7,6,5,0
476,,468297.727,4313308.848,2424.481,,-105.36594753,38.96817716,2410.456,Global,0.012,0.021,0.010,0.025,2.134,m,FIX,2024-07-23 14:46:01.0 UTC-06:00,2024-07-23 14:46:04.0 UTC-06:00,16,1.7,2.0,468406.801,4313300.605,2429.986,-105.36468810,38.96810683,2415.959,109.524,,NAD83(2011) / UTM zone 13N + NAVD88(GEOID18) height,8,9,6,5,0
477,,468297.936,4313308.408,2424.559,,-105.36594509,38.96817321,2410.534,Global,0.022,0.021,0.012,0.031,2.134,m,FIX,2024-07-23 14:46:10.2 UTC-06:00,2024-07-23 14:46:13.2 UTC-06:00,16,1.7,2.0,468406.801,4313300.605,2429.986,-105.36468810,38.96810683,2415.959,109.257,,NAD83(2011) / UTM zone 13N + NAVD88(GEOID18) height,8,8,6,5,0
478,,468298.141,4313307.949,2424.536,,-105.36594270,38.96816908,2410.511,Global,0.018,0.011,0.011,0.021,2.134,m,FIX,2024-07-23 14:46:17.6 UTC-06:00,2024-07-23 14:46:20.6 UTC-06:00,16,1.7,2.0,468406.801,4313300.605,2429.986,-105.36468810,38.96810683,2415.959,109.056,,NAD83(2011) / UTM zone 13N + NAVD88(GEOID18) height,8,7,6,5,0
479,,468298.350,4313307.536,2424.561,,-105.36594028,38.96816536,2410.536,Global,0.040,0.020,0.012,0.045,2.134,m,FIX,2024-07-23 14:46:24.4 UTC-06:00,2024-07-23 14:46:27.4 UTC-06:00,16,1.7,2.0,468406.801,4313300.605,2429.986,-105.36468810,38.96810683,2415.959,108.760,,NAD83(2011) / UTM zone 13N + NAVD88(GEOID18) height,8,7,6,5,0
480,,468298.546,4313307.074,2424.633,,-105.36593800,38.96816120,2410.608,Global,0.011,0.020,0.010,0.023,2.134,m,FIX,2024-07-23 14:46:40.2 UTC-06:00,2024-07-23 14:46:43.2 UTC-06:00,16,1.7,2.0,468406.801,4313300.605,2429.986,-105.36468810,38.96810683,2415.959,108.571,,NAD83(2011) / UTM zone 13N + NAVD88(GEOID18) height,8,8,6,5,0
481,,468298.763,4313306.567,2424.644,,-105.36593546,38.96815665,2410.618,Global,0.011,0.012,0.010,0.016,2.134,m,FIX,2024-07-23 14:46:50.4 UTC-06:00,2024-07-23 14:46:53.4 UTC-06:00,16,1.7,2.0,468406.801,4313300.605,2429.986,-105.36468810,38.96810683,2415.959,108.327,,NAD83(2011) / UTM zone 13N + NAVD88(GEOID18) height,8,8,6,5,0
482,,468298.893,4313306.119,2424.712,,-105.36593395,38.96815261,2410.687,Global,0.011,0.012,0.010,0.016,2.134,m,FIX,2024-07-23 14:47:11.8 UTC-06:00,2024-07-23 14:47:14.8 UTC-06:00,16,1.7,2.0,468406.801,4313300.605,2429.986,-105.36468810,38.96810683,2415.959,108.183,,NAD83(2011) / UTM zone 13N + NAVD88(GEOID18) height,8,8,6,5,0
483,,468299.017,4313305.647,2424.745,,-105.36593249,38.96814836,2410.720,Global,0.016,0.012,0.011,0.020,2.134,m,FIX,2024-07-23 14:47:34.2 UTC-06:00,2024-07-23 14:47:37.2 UTC-06:00,16,1.7,2.0,468406.801,4313300.605,2429.986,-105.36468810,38.96810683,2415.959,108.020,,NAD83(2011) / UTM zone 13N + NAVD88(GEOID18) height,8,7,6,4,0
484,,468299.183,4313305.163,2424.721,,-105.36593055,38.96814401,2410.696,Global,0.011,0.014,0.010,0.018,2.134,m,FIX,2024-07-23 14:47:41.4 UTC-06:00,2024-07-23 14:47:44.4 UTC-06:00,16,1.7,2.0,468406.801,4313300.605,2429.986,-105.36468810,38.96810683,2415.959,107.841,,NAD83(2011) / UTM zone 13N + NAVD88(GEOID18) height,8,8,6,4,0
485,,468299.287,4313304.662,2424.705,,-105.36592933,38.96813950,2410.680,Global,0.012,0.011,0.010,0.016,2.134,m,FIX,2024-07-23 14:47:49.2 UTC-06:00,2024-07-23 14:47:52.2 UTC-06:00,16,1.7,2.0,468406.801,4313300.605,2429.986,-105.36468810,38.96810683,2415.959,107.727,,NAD83(2011) / UTM zone 13N + NAVD88(GEOID18) height,7,8,6,4,0
486,,468299.475,4313304.272,2424.763,,-105.36592714,38.96813599,2410.738,Global,0.018,0.023,0.010,0.029,2.134,m,FIX,2024-07-23 14:47:56.6 UTC-06:00,2024-07-23 14:47:59.6 UTC-06:00,16,1.7,2.0,468406.801,4313300.605,2429.986,-105.36468810,38.96810683,2415.959,107.499,,NAD83(2011) / UTM zone 13N + NAVD88(GEOID18) height,8,7,6,5,0
487,,468299.633,4313303.746,2424.725,,-105.36592529,38.96813125,2410.700,Global,0.027,0.017,0.013,0.032,2.134,m,FIX,2024-07-23 14:48:05.8 UTC-06:00,2024-07-23 14:48:08.8 UTC-06:00,16,1.7,2.0,468406.801,4313300.605,2429.986,-105.36468810,38.96810683,2415.959,107.326,,NAD83(2011) / UTM zone 13N + NAVD88(GEOID18) height,8,7,6,5,0
488,,468299.750,4313303.235,2424.725,,-105.36592392,38.96812666,2410.699,Global,0.021,0.022,0.011,0.030,2.134,m,FIX,2024-07-23 14:48:13.0 UTC-06:00,2024-07-23 14:48:16.0 UTC-06:00,16,1.7,2.0,468406.801,4313300.605,2429.986,-105.36468810,38.96810683,2415.959,107.208,,NAD83(2011) / UTM zone 13N + NAVD88(GEOID18) height,8,7,6,5,0
489,,468299.956,4313302.759,2424.756,,-105.36592151,38.96812238,2410.730,Global,0.011,0.012,0.010,0.016,2.134,m,FIX,2024-07-23 14:48:27.0 UTC-06:00,2024-07-23 14:48:30.0 UTC-06:00,16,1.7,2.0,468406.801,4313300.605,2429.986,-105.36468810,38.96810683,2415.959,106.992,,NAD83(2011) / UTM zone 13N + NAVD88(GEOID18) height,8,7,6,5,0
490,,468300.179,4313302.358,2424.704,,-105.36591893,38.96811876,2410.678,Global,0.017,0.014,0.012,0.022,2.134,m,FIX,2024-07-23 14:48:34.0 UTC-06:00,2024-07-23 14:48:37.0 UTC-06:00,16,1.7,2.0,468406.801,4313300.605,2429.986,-105.36468810,38.96810683,2415.959,106.763,,NAD83(2011) / UTM zone 13N + NAVD88(GEOID18) height,7,7,6,5,0
491,,468300.276,4313301.892,2424.663,,-105.36591778,38.96811457,2410.638,Global,0.026,0.035,0.010,0.044,2.134,m,FIX,2024-07-23 14:48:40.6 UTC-06:00,2024-07-23 14:48:43.6 UTC-06:00,16,1.7,2.0,468406.801,4313300.605,2429.986,-105.36468810,38.96810683,2415.959,106.629,,NAD83(2011) / UTM zone 13N + NAVD88(GEOID18) height,7,7,6,5,0
492,,468300.587,4313301.422,2424.642,,-105.36591417,38.96811035,2410.617,Global,0.022,0.012,0.011,0.026,2.134,m,FIX,2024-07-23 14:48:49.6 UTC-06:00,2024-07-23 14:48:52.6 UTC-06:00,16,1.7,2.0,468406.801,4313300.605,2429.986,-105.36468810,38.96810683,2415.959,106.313,,NAD83(2011) / UTM zone 13N + NAVD88(GEOID18) height,7,8,6,4,0
493,,468300.762,4313300.981,2424.657,,-105.36591213,38.96810638,2410.631,Global,0.039,0.039,0.011,0.056,2.134,m,FIX,2024-07-23 14:48:56.8 UTC-06:00,2024-07-23 14:48:59.8 UTC-06:00,16,1.7,2.0,468406.801,4313300.605,2429.986,-105.36468810,38.96810683,2415.959,106.131,,NAD83(2011) / UTM zone 13N + NAVD88(GEOID18) height,7,8,6,4,0
494,,468300.998,4313300.513,2424.628,,-105.36590938,38.96810217,2410.602,Global,0.012,0.011,0.010,0.016,2.134,m,FIX,2024-07-23 14:49:08.4 UTC-06:00,2024-07-23 14:49:11.4 UTC-06:00,16,1.4,1.7,468406.801,4313300.605,2429.986,-105.36468810,38.96810683,2415.959,105.941,,NAD83(2011) / UTM zone 13N + NAVD88(GEOID18) height,7,8,6,4,0
494,,468301.160,4313300.039,2424.640,,-105.36590749,38.96809791,2410.614,Global,0.012,0.012,0.011,0.017,2.134,m,FIX,2024-07-23 14:49:14.8 UTC-06:00,2024-07-23 14:49:17.8 UTC-06:00,16,1.7,2.0,468406.801,4313300.605,2429.986,-105.36468810,38.96810683,2415.959,105.773,,NAD83(2011) / UTM zone 13N + NAVD88(GEOID18) height,7,7,6,4,0
495,,468301.310,4313299.651,2424.632,,-105.36590574,38.96809442,2410.607,Global,0.025,0.058,0.013,0.063,2.134,m,FIX,2024-07-23 14:49:20.8 UTC-06:00,2024-07-23 14:49:23.8 UTC-06:00,16,1.6,2.0,468406.801,4313300.605,2429.986,-105.36468810,38.96810683,2415.959,105.588,,NAD83(2011) / UTM zone 13N + NAVD88(GEOID18) height,7,8,6,4,0
495,,468301.566,4313299.114,2424.611,,-105.36590276,38.96808959,2410.585,Global,0.022,0.015,0.010,0.027,2.134,m,FIX,2024-07-23 14:49:29.4 UTC-06:00,2024-07-23 14:49:32.4 UTC-06:00,16,1.6,2.0,468406.801,4313300.605,2429.986,-105.36468810,38.96810683,2415.959,105.358,,NAD83(2011) / UTM zone 13N + NAVD88(GEOID18) height,7,8,6,4,0
496,,468301.719,4313298.650,2424.540,,-105.36590098,38.96808541,2410.515,Global,0.043,0.018,0.010,0.047,2.134,m,FIX,2024-07-23 14:49:36.0 UTC-06:00,2024-07-23 14:49:39.0 UTC-06:00,16,1.6,2.0,468406.801,4313300.605,2429.986,-105.36468810,38.96810683,2415.959,105.189,,NAD83(2011) / UTM zone 13N + NAVD88(GEOID18) height,7,8,6,4,0
497,,468301.893,4313298.066,2424.481,,-105.36589893,38.96808015,2410.456,Global,0.032,0.041,0.010,0.052,2.134,m,FIX,2024-07-23 14:49:43.6 UTC-06:00,2024-07-23 14:49:46.6 UTC-06:00,16,1.6,2.0,468406.801,4313300.605,2429.986,-105.36468810,38.96810683,2415.959,105.054,,NAD83(2011) / UTM zone 13N + NAVD88(GEOID18) height,7,7,6,4,0
498,,468302.157,4313297.740,2424.513,,-105.36589588,38.96807723,2410.488,Global,0.014,0.035,0.013,0.038,2.134,m,FIX,2024-07-23 14:49:53.6 UTC-06:00,2024-07-23 14:49:56.6 UTC-06:00,16,1.4,1.7,468406.801,4313300.605,2429.986,-105.36468810,38.96810683,2415.959,104.816,,NAD83(2011) / UTM zone 13N + NAVD88(GEOID18) height,7,8,6,4,0
498,,468302.315,4313297.320,2424.468,,-105.36589403,38.96807344,2410.442,Global,0.015,0.016,0.010,0.022,2.134,m,FIX,2024-07-23 14:50:00.8 UTC-06:00,2024-07-23 14:50:03.8 UTC-06:00,16,1.4,1.7,468406.801,4313300.605,2429.986,-105.36468810,38.96810683,2415.959,104.670,,NAD83(2011) / UTM zone 13N + NAVD88(GEOID18) height,7,8,6,4,0
499,,468302.451,4313296.865,2424.466,,-105.36589245,38.96806935,2410.441,Global,0.016,0.021,0.010,0.027,2.134,m,FIX,2024-07-23 14:50:09.4 UTC-06:00,2024-07-23 14:50:12.4 UTC-06:00,16,1.4,1.7,468406.801,4313300.605,2429.986,-105.36468810,38.96810683,2415.959,104.559,,NAD83(2011) / UTM zone 13N + NAVD88(GEOID18) height,7,6,6,4,0
500,,468302.615,4313296.383,2424.472,,-105.36589053,38.96806502,2410.447,Global,0.046,0.019,0.011,0.049,2.134,m,FIX,2024-07-23 14:50:16.6 UTC-06:00,2024-07-23 14:50:19.6 UTC-06:00,16,1.6,2.0,468406.801,4313300.605,2429.986,-105.36468810,38.96810683,2415.959,104.355,,NAD83(2011) / UTM zone 13N + NAVD88(GEOID18) height,7,6,6,4,0
501,,468302.910,4313295.961,2424.546,,-105.36588710,38.96806123,2410.521,Global,0.023,0.023,0.010,0.033,2.134,m,FIX,2024-07-23 14:50:32.0 UTC-06:00,2024-07-23 14:50:35.0 UTC-06:00,16,1.6,2.0,468406.801,4313300.605,2429.986,-105.36468810,38.96810683,2415.959,104.103,,NAD83(2011) / UTM zone 13N + NAVD88(GEOID18) height,7,7,6,4,0
502,,468303.119,4313295.458,2424.334,,-105.36588467,38.96805669,2410.309,Global,0.018,0.011,0.010,0.021,2.134,m,FIX,2024-07-23 14:50:50.0 UTC-06:00,2024-07-23 14:50:53.0 UTC-06:00,16,1.6,2.0,468406.801,4313300.605,2429.986,-105.36468810,38.96810683,2415.959,103.946,,NAD83(2011) / UTM zone 13N + NAVD88(GEOID18) height,7,6,6,4,0
503,,468303.361,4313295.036,2424.374,,-105.36588185,38.96805290,2410.348,Global,0.024,0.013,0.010,0.028,2.134,m,FIX,2024-07-23 14:51:02.8 UTC-06:00,2024-07-23 14:51:05.8 UTC-06:00,16,1.6,2.0,468406.801,4313300.605,2429.986,-105.36468810,38.96810683,2415.959,103.751,,NAD83(2011) / UTM zone 13N + NAVD88(GEOID18) height,7,7,6,4,0
504,,468303.506,4313294.561,2424.415,,-105.36588016,38.96804863,2410.390,Global,0.017,0.011,0.010,0.020,2.134,m,FIX,2024-07-23 14:51:12.0 UTC-06:00,2024-07-23 14:51:15.0 UTC-06:00,16,1.6,2.0,468406.801,4313300.605,2429.986,-105.36468810,38.96810683,2415.959,103.597,,NAD83(2011) / UTM zone 13N + NAVD88(GEOID18) height,7,7,6,4,0
505,,468303.640,4313294.066,2424.318,,-105.36587859,38.96804417,2410.292,Global,0.010,0.013,0.010,0.016,2.134,m,FIX,2024-07-23 14:51:29.0 UTC-06:00,2024-07-23 14:51:32.0 UTC-06:00,16,1.6,2.0,468406.801,4313300.605,2429.986,-105.36468810,38.96810683,2415.959,103.507,,NAD83(2011) / UTM zone 13N + NAVD88(GEOID18) height,7,7,6,4,0
506,,468303.838,4313293.608,2424.268,,-105.36587628,38.96804005,2410.243,Global,0.011,0.011,0.010,0.015,2.134,m,FIX,2024-07-23 14:51:40.4 UTC-06:00,2024-07-23 14:51:43.4 UTC-06:00,16,1.6,2.0,468406.801,4313300.605,2429.986,-105.36468810,38.96810683,2415.959,103.347,,NAD83(2011) / UTM zone 13N + NAVD88(GEOID18) height,7,7,6,4,0
507,,468304.017,4313293.168,2424.154,,-105.36587420,38.96803609,2410.128,Global,0.013,0.046,0.010,0.047,2.134,m,FIX,2024-07-23 14:51:47.2 UTC-06:00,2024-07-23 14:51:50.2 UTC-06:00,16,1.4,1.7,468406.801,4313300.605,2429.986,-105.36468810,38.96810683,2415.959,103.212,,NAD83(2011) / UTM zone 13N + NAVD88(GEOID18) height,7,6,6,4,0
508,,468304.112,4313292.637,2424.140,,-105.36587307,38.96803131,2410.115,Global,0.014,0.020,0.011,0.025,2.134,m,FIX,2024-07-23 14:52:03.8 UTC-06:00,2024-07-23 14:52:06.8 UTC-06:00,16,1.4,1.7,468406.801,4313300.605,2429.986,-105.36468810,38.96810683,2415.959,103.141,,NAD83(2011) / UTM zone 13N + NAVD88(GEOID18) height,7,7,6,4,0
509,,468304.255,4313292.190,2424.048,,-105.36587140,38.96802729,2410.022,Global,0.035,0.021,0.010,0.040,2.134,m,FIX,2024-07-23 14:52:12.0 UTC-06:00,2024-07-23 14:52:15.0 UTC-06:00,16,1.4,1.7,468406.801,4313300.605,2429.986,-105.36468810,38.96810683,2415.959,103.019,,NAD83(2011) / UTM zone 13N + NAVD88(GEOID18) height,7,7,6,3,0
510,,468304.423,4313291.719,2423.941,,-105.36586944,38.96802305,2409.916,Global,0.015,0.021,0.011,0.025,2.134,m,FIX,2024-07-23 14:52:19.4 UTC-06:00,2024-07-23 14:52:22.4 UTC-06:00,16,1.4,1.7,468406.801,4313300.605,2429.986,-105.36468810,38.96810683,2415.959,102.910,,NAD83(2011) / UTM zone 13N + NAVD88(GEOID18) height,7,7,6,3,0
511,,468304.573,4313291.206,2423.920,,-105.36586768,38.96801843,2409.894,Global,0.032,0.034,0.012,0.047,2.134,m,FIX,2024-07-23 14:52:27.0 UTC-06:00,2024-07-23 14:52:30.0 UTC-06:00,16,1.4,1.7,468406.801,4313300.605,2429.986,-105.36468810,38.96810683,2415.959,102.800,,NAD83(2011) / UTM zone 13N + NAVD88(GEOID18) height,7,7,6,3,0
512,,468304.740,4313290.755,2423.935,,-105.36586574,38.96801438,2409.910,Global,0.015,0.018,0.010,0.024,2.134,m,FIX,2024-07-23 14:52:34.8 UTC-06:00,2024-07-23 14:52:37.8 UTC-06:00,16,1.4,1.7,468406.801,4313300.605,2429.986,-105.36468810,38.96810683,2415.959,102.675,,NAD83(2011) / UTM zone 13N + NAVD88(GEOID18) height,7,6,6,3,0
512,,468304.957,4313290.300,2423.877,,-105.36586321,38.96801029,2409.852,Global,0.022,0.041,0.011,0.046,2.134,m,FIX,2024-07-23 14:52:41.0 UTC-06:00,2024-07-23 14:52:44.0 UTC-06:00,16,1.4,1.7,468406.801,4313300.605,2429.986,-105.36468810,38.96810683,2415.959,102.500,,NAD83(2011) / UTM zone 13N + NAVD88(GEOID18) height,7,6,6,3,0
513,,468305.102,4313289.929,2423.889,,-105.36586152,38.96800694,2409.864,Global,0.025,0.058,0.010,0.063,2.134,m,FIX,2024-07-23 14:52:47.0 UTC-06:00,2024-07-23 14:52:50.0 UTC-06:00,16,1.4,1.7,468406.801,4313300.605,2429.986,-105.36468810,38.96810683,2415.959,102.406,,NAD83(2011) / UTM zone 13N + NAVD88(GEOID18) height,7,7,6,4,0
513,,468305.231,4313289.364,2423.925,,-105.36586000,38.96800186,2409.899,Global,0.012,0.011,0.010,0.016,2.134,m,FIX,2024-07-23 14:53:00.0 UTC-06:00,2024-07-23 14:53:03.0 UTC-06:00,16,1.4,1.7,468406.801,4313300.605,2429.986,-105.36468810,38.96810683,2415.959,102.338,,NAD83(2011) / UTM zone 13N + NAVD88(GEOID18) height,7,6,6,4,0
514,,468305.470,4313288.929,2423.872,,-105.36585723,38.96799795,2409.847,Global,0.021,0.031,0.010,0.037,2.134,m,FIX,2024-07-23 14:53:06.6 UTC-06:00,2024-07-23 14:53:09.6 UTC-06:00,16,1.4,1.7,468406.801,4313300.605,2429.986,-105.36468810,38.96810683,2415.959,102.141,,NAD83(2011) / UTM zone 13N + NAVD88(GEOID18) height,7,6,6,4,0
514,,468305.609,4313288.519,2423.830,,-105.36585560,38.96799426,2409.804,Global,0.038,0.059,0.010,0.070,2.134,m,FIX,2024-07-23 14:53:13.0 UTC-06:00,2024-07-23 14:53:16.0 UTC-06:00,16,1.4,1.7,468406.801,4313300.605,2429.986,-105.36468810,38.96810683,2415.959,102.019,,NAD83(2011) / UTM zone 13N + NAVD88(GEOID18) height,7,7,6,4,0
514,,468305.804,4313288.023,2423.841,,-105.36585333,38.96798980,2409.815,Global,0.045,0.074,0.011,0.086,2.134,m,FIX,2024-07-23 14:53:19.8 UTC-06:00,2024-07-23 14:53:22.8 UTC-06:00,16,1.4,1.7,468406.801,4313300.605,2429.986,-105.36468810,38.96810683,2415.959,101.885,,NAD83(2011) / UTM zone 13N + NAVD88(GEOID18) height,7,7,6,4,0
515,,468306.117,4313287.571,2423.890,,-105.36584969,38.96798573,2409.864,Global,0.011,0.011,0.010,0.016,2.134,m,FIX,2024-07-23 14:53:35.0 UTC-06:00,2024-07-23 14:53:38.0 UTC-06:00,16,1.3,1.6,468406.801,4313300.605,2429.986,-105.36468810,38.96810683,2415.959,101.678,,NAD83(2011) / UTM zone 13N + NAVD88(GEOID18) height,7,6,6,4,0
515,,468306.290,4313287.153,2423.821,,-105.36584768,38.96798197,2409.796,Global,0.031,0.021,0.011,0.037,2.134,m,FIX,2024-07-23 14:53:43.4 UTC-06:00,2024-07-23 14:53:46.4 UTC-06:00,16,1.3,1.6,468406.801,4313300.605,2429.986,-105.36468810,38.96810683,2415.959,101.538,,NAD83(2011) / UTM zone 13N + NAVD88(GEOID18) height,7,7,6,4,0
516,,468306.533,4313286.682,2423.818,,-105.36584485,38.96797774,2409.793,Global,0.015,0.020,0.011,0.024,2.134,m,FIX,2024-07-23 14:53:53.6 UTC-06:00,2024-07-23 14:53:56.6 UTC-06:00,16,1.3,1.6,468406.801,4313300.605,2429.986,-105.36468810,38.96810683,2415.959,101.380,,NAD83(2011) / UTM zone 13N + NAVD88(GEOID18) height,7,7,6,4,0
516,,468306.526,4313286.153,2423.836,,-105.36584491,38.96797297,2409.811,Global,0.039,0.018,0.010,0.043,2.134,m,FIX,2024-07-23 14:54:00.0 UTC-06:00,2024-07-23 14:54:03.0 UTC-06:00,16,1.3,1.6,468406.801,4313300.605,2429.986,-105.36468810,38.96810683,2415.959,101.439,,NAD83(2011) / UTM zone 13N + NAVD88(GEOID18) height,7,7,6,4,0
517,,468306.750,4313285.650,2423.822,,-105.36584230,38.96796845,2409.796,Global,0.022,0.014,0.010,0.026,2.134,m,FIX,2024-07-23 14:54:07.4 UTC-06:00,2024-07-23 14:54:10.4 UTC-06:00,16,1.3,1.6,468406.801,4313300.605,2429.986,-105.36468810,38.96810683,2415.959,101.320,,NAD83(2011) / UTM zone 13N + NAVD88(GEOID18) height,7,6,6,4,0
517,,468307.015,4313284.998,2423.848,,-105.36583921,38.96796258,2409.822,Global,0.023,0.040,0.012,0.046,2.134,m,FIX,2024-07-23 14:54:14.4 UTC-06:00,2024-07-23 14:54:17.4 UTC-06:00,16,1.3,1.6,468406.801,4313300.605,2429.986,-105.36468810,38.96810683,2415.959,101.152,,NAD83(2011) / UTM zone 13N + NAVD88(GEOID18) height,7,6,6,4,0
517,,468307.293,4313284.339,2423.869,,-105.36583597,38.96795665,2409.844,Global,0.028,0.036,0.010,0.046,2.134,m,FIX,2024-07-23 14:54:22.6 UTC-06:00,2024-07-23 14:54:25.6 UTC-06:00,16,1.3,1.6,468406.801,4313300.605,2429.986,-105.36468810,38.96810683,2415.959,100.968,,NAD83(2011) / UTM zone 13N + NAVD88(GEOID18) height,7,6,6,4,0
518,,468307.434,4313283.877,2423.863,,-105.36583432,38.96795249,2409.838,Global,0.029,0.043,0.012,0.052,2.134,m,FIX,2024-07-23 14:54:29.0 UTC-06:00,2024-07-23 14:54:32.0 UTC-06:00,16,1.3,1.6,468406.801,4313300.605,2429.986,-105.36468810,38.96810683,2415.959,100.898,,NAD83(2011) / UTM zone 13N + NAVD88(GEOID18) height,7,7,6,4,0
518,,468307.554,4313283.395,2423.905,,-105.36583291,38.96794815,2409.879,Global,0.035,0.032,0.011,0.047,2.134,m,FIX,2024-07-23 14:54:34.6 UTC-06:00,2024-07-23 14:54:37.6 UTC-06:00,16,1.3,1.6,468406.801,4313300.605,2429.986,-105.36468810,38.96810683,2415.959,100.845,,NAD83(2011) / UTM zone 13N + NAVD88(GEOID18) height,7,7,6,4,0
518,,468307.849,4313282.865,2423.926,,-105.36582948,38.96794339,2409.901,Global,0.032,0.021,0.012,0.039,2.134,m,FIX,2024-07-23 14:54:41.4 UTC-06:00,2024-07-23 14:54:44.4 UTC-06:00,16,1.3,1.6,468406.801,4313300.605,2429.986,-105.36468810,38.96810683,2415.959,100.667,,NAD83(2011) / UTM zone 13N + NAVD88(GEOID18) height,7,7,6,4,0
518,,468308.093,4313282.468,2423.978,,-105.36582664,38.96793982,2409.953,Global,0.035,0.029,0.010,0.046,2.134,m,FIX,2024-07-23 14:54:47.4 UTC-06:00,2024-07-23 14:54:50.4 UTC-06:00,16,1.3,1.6,468406.801,4313300.605,2429.986,-105.36468810,38.96810683,2415.959,100.491,,NAD83(2011) / UTM zone 13N + NAVD88(GEOID18) height,7,7,6,4,0
519,,468308.224,4313282.002,2423.891,,-105.36582512,38.96793562,2409.865,Global,0.038,0.026,0.012,0.046,2.134,m,FIX,2024-07-23 14:54:53.2 UTC-06:00,2024-07-23 14:54:56.2 UTC-06:00,16,1.3,1.6,468406.801,4313300.605,2429.986,-105.36468810,38.96810683,2415.959,100.444,,NAD83(2011) / UTM zone 13N + NAVD88(GEOID18) height,7,7,6,4,0
519,,468308.427,4313281.514,2423.864,,-105.36582275,38.96793124,2409.839,Global,0.030,0.034,0.011,0.045,2.134,m,FIX,2024-07-23 14:54:59.8 UTC-06:00,2024-07-23 14:55:02.8 UTC-06:00,16,1.4,1.6,468406.801,4313300.605,2429.986,-105.36468810,38.96810683,2415.959,100.339,,NAD83(2011) / UTM zone 13N + NAVD88(GEOID18) height,7,7,6,4,0
519,,468308.663,4313281.024,2423.854,,-105.36582000,38.96792683,2409.829,Global,0.031,0.027,0.012,0.041,2.134,m,FIX,2024-07-23 14:55:06.8 UTC-06:00,2024-07-23 14:55:09.8 UTC-06:00,16,1.3,1.6,468406.801,4313300.605,2429.986,-105.36468810,38.96810683,2415.959,100.231,,NAD83(2011) / UTM zone 13N + NAVD88(GEOID18) height,7,6,6,4,0
519,,468308.814,4313280.630,2423.855,,-105.36581824,38.96792329,2409.829,Global,0.024,0.017,0.010,0.030,2.134,m,FIX,2024-07-23 14:55:13.0 UTC-06:00,2024-07-23 14:55:16.0 UTC-06:00,16,1.3,1.6,468406.801,4313300.605,2429.986,-105.36468810,38.96810683,2415.959,100.152,,NAD83(2011) / UTM zone 13N + NAVD88(GEOID18) height,7,6,6,4,0
520,,468308.996,4313280.122,2423.953,,-105.36581612,38.96791872,2409.927,Global,0.035,0.049,0.011,0.060,2.134,m,FIX,2024-07-23 14:55:19.2 UTC-06:00,2024-07-23 14:55:22.2 UTC-06:00,16,1.3,1.6,468406.801,4313300.605,2429.986,-105.36468810,38.96810683,2415.959,100.074,,NAD83(2011) / UTM zone 13N + NAVD88(GEOID18) height,7,6,6,4,0
520,,468309.129,4313279.747,2423.987,,-105.36581456,38.96791533,2409.962,Global,0.032,0.036,0.011,0.048,2.134,m,FIX,2024-07-23 14:55:25.0 UTC-06:00,2024-07-23 14:55:28.0 UTC-06:00,16,1.3,1.6,468406.801,4313300.605,2429.986,-105.36468810,38.96810683,2415.959,99.998,,NAD83(2011) / UTM zone 13N + NAVD88(GEOID18) height,7,7,6,4,0
520,,468309.416,4313279.206,2424.032,,-105.36581122,38.96791047,2410.007,Global,0.040,0.031,0.010,0.050,2.134,m,FIX,2024-07-23 14:55:32.6 UTC-06:00,2024-07-23 14:55:35.6 UTC-06:00,16,1.3,1.6,468406.801,4313300.605,2429.986,-105.36468810,38.96810683,2415.959,99.839,,NAD83(2011) / UTM zone 13N + NAVD88(GEOID18) height,7,6,6,4,0
520,,468309.603,4313278.778,2424.118,,-105.36580904,38.96790662,2410.093,Global,0.020,0.038,0.011,0.043,2.134,m,FIX,2024-07-23 14:55:38.4 UTC-06:00,2024-07-23 14:55:41.4 UTC-06:00,16,1.3,1.6,468406.801,4313300.605,2429.986,-105.36468810,38.96810683,2415.959,99.805,,NAD83(2011) / UTM zone 13N + NAVD88(GEOID18) height,7,6,6,4,0
520,,468309.810,4313278.305,2424.133,,-105.36580664,38.96790237,2410.107,Global,0.034,0.015,0.010,0.037,2.134,m,FIX,2024-07-23 14:55:44.8 UTC-06:00,2024-07-23 14:55:47.8 UTC-06:00,16,1.3,1.6,468406.801,4313300.605,2429.986,-105.36468810,38.96810683,2415.959,99.663,,NAD83(2011) / UTM zone 13N + NAVD88(GEOID18) height,7,6,6,4,0
520,,468309.972,4313277.913,2424.245,,-105.36580475,38.96789885,2410.219,Global,0.057,0.041,0.013,0.070,2.134,m,FIX,2024-07-23 14:55:52.0 UTC-06:00,2024-07-23 14:55:55.0 UTC-06:00,16,1.3,1.6,468406.801,4313300.605,2429.986,-105.36468810,38.96810683,2415.959,99.543,,NAD83(2011) / UTM zone 13N + NAVD88(GEOID18) height,7,6,6,4,0
521,,468310.208,4313277.484,2424.368,,-105.36580200,38.96789498,2410.343,Global,0.024,0.027,0.011,0.036,2.134,m,FIX,2024-07-23 14:56:05.2 UTC-06:00,2024-07-23 14:56:08.2 UTC-06:00,16,1.3,1.6,468406.801,4313300.605,2429.986,-105.36468810,38.96810683,2415.959,99.497,,NAD83(2011) / UTM zone 13N + NAVD88(GEOID18) height,7,7,6,4,0
521,,468310.351,4313276.981,2424.421,,-105.36580033,38.96789045,2410.395,Global,0.020,0.040,0.010,0.045,2.134,m,FIX,2024-07-23 14:56:12.2 UTC-06:00,2024-07-23 14:56:15.2 UTC-06:00,16,1.3,1.6,468406.801,4313300.605,2429.986,-105.36468810,38.96810683,2415.959,99.433,,NAD83(2011) / UTM zone 13N + NAVD88(GEOID18) height,7,7,6,4,0
521,,468310.411,4313276.502,2424.479,,-105.36579961,38.96788614,2410.453,Global,0.043,0.084,0.013,0.094,2.134,m,FIX,2024-07-23 14:56:18.0 UTC-06:00,2024-07-23 14:56:21.0 UTC-06:00,16,1.3,1.6,468406.801,4313300.605,2429.986,-105.36468810,38.96810683,2415.959,99.483,,NAD83(2011) / UTM zone 13N + NAVD88(GEOID18) height,7,7,6,4,0
521,,468310.563,4313276.025,2424.620,,-105.36579784,38.96788185,2410.595,Global,0.014,0.020,0.012,0.025,2.134,m,FIX,2024-07-23 14:56:33.8 UTC-06:00,2024-07-23 14:56:36.8 UTC-06:00,16,1.3,1.6,468406.801,4313300.605,2429.986,-105.36468810,38.96810683,2415.959,99.462,,NAD83(2011) / UTM zone 13N + NAVD88(GEOID18) height,7,7,6,5,0
521,,468310.621,4313275.646,2424.731,,-105.36579715,38.96787844,2410.705,Global,0.049,0.056,0.016,0.074,2.134,m,FIX,2024-07-23 14:56:39.8 UTC-06:00,2024-07-23 14:56:42.8 UTC-06:00,16,1.4,1.7,468406.801,4313300.605,2429.986,-105.36468810,38.96810683,2415.959,99.441,,NAD83(2011) / UTM zone 13N + NAVD88(GEOID18) height,7,6,6,5,0
522,,468310.884,4313275.061,2424.765,,-105.36579409,38.96787318,2410.739,Global,0.020,0.012,0.011,0.024,2.134,m,FIX,2024-07-23 14:56:54.8 UTC-06:00,2024-07-23 14:56:57.8 UTC-06:00,16,1.4,1.7,468406.801,4313300.605,2429.986,-105.36468810,38.96810683,2415.959,99.366,,NAD83(2011) / UTM zone 13N + NAVD88(GEOID18) height,7,6,6,5,0
522,,468311.081,4313274.599,2424.766,,-105.36579179,38.96786902,2410.740,Global,0.012,0.042,0.012,0.044,2.134,m,FIX,2024-07-23 14:57:00.8 UTC-06:00,2024-07-23 14:57:03.8 UTC-06:00,16,1.4,1.7,468406.801,4313300.605,2429.986,-105.36468810,38.96810683,2415.959,99.320,,NAD83(2011) / UTM zone 13N + NAVD88(GEOID18) height,7,6,6,5,0
522,,468311.935,4313272.661,2424.857,,-105.36578185,38.96785159,2410.831,Global,0.023,0.051,0.018,0.056,2.134,m,FIX,2024-07-23 14:57:15.6 UTC-06:00,2024-07-23 14:57:18.6 UTC-06:00,16,1.4,1.7,468406.801,4313300.605,2429.986,-105.36468810,38.96810683,2415.959,99.033,,NAD83(2011) / UTM zone 13N + NAVD88(GEOID18) height,6,6,6,4,0
523,,468312.277,4313271.899,2425.020,,-105.36577786,38.96784474,2410.994,Global,0.034,0.027,0.016,0.043,2.134,m,FIX,2024-07-23 14:59:08.4 UTC-06:00,2024-07-23 14:59:11.4 UTC-06:00,16,1.5,1.7,468406.801,4313300.605,2429.986,-105.36468810,38.96810683,2415.959,98.949,,NAD83(2011) / UTM zone 13N + NAVD88(GEOID18) height,7,7,6,5,0
524,,468312.470,4313271.424,2425.156,,-105.36577561,38.96784046,2411.131,Global,0.011,0.014,0.014,0.017,2.134,m,FIX,2024-07-23 14:59:16.0 UTC-06:00,2024-07-23 14:59:19.0 UTC-06:00,16,1.5,1.8,468406.801,4313300.605,2429.986,-105.36468810,38.96810683,2415.959,98.858,,NAD83(2011) / UTM zone 13N + NAVD88(GEOID18) height,7,6,6,5,0
524,,468312.644,4313270.959,2425.243,,-105.36577358,38.96783627,2411.217,Global,0.015,0.011,0.010,0.018,2.134,m,FIX,2024-07-23 14:59:25.0 UTC-06:00,2024-07-23 14:59:28.0 UTC-06:00,16,1.4,1.7,468406.801,4313300.605,2429.986,-105.36468810,38.96810683,2415.959,98.827,,NAD83(2011) / UTM zone 13N + NAVD88(GEOID18) height,7,6,6,4,0
525,,468312.762,4313270.522,2425.375,,-105.36577221,38.96783234,2411.349,Global,0.028,0.032,0.014,0.042,2.134,m,FIX,2024-07-23 14:59:32.0 UTC-06:00,2024-07-23 14:59:35.0 UTC-06:00,16,1.5,1.8,468406.801,4313300.605,2429.986,-105.36468810,38.96810683,2415.959,98.824,,NAD83(2011) / UTM zone 13N + NAVD88(GEOID18) height,7,7,6,4,0
525,,468312.963,4313270.045,2425.472,,-105.36576986,38.96782805,2411.446,Global,0.011,0.011,0.011,0.015,2.134,m,FIX,2024-07-23 14:59:41.8 UTC-06:00,2024-07-23 14:59:44.8 UTC-06:00,16,1.4,1.6,468406.801,4313300.605,2429.986,-105.36468810,38.96810683,2415.959,98.791,,NAD83(2011) / UTM zone 13N + NAVD88(GEOID18) height,7,6,6,5,0
526,,468313.139,4313269.610,2425.551,,-105.36576780,38.96782414,2411.525,Global,0.011,0.012,0.018,0.016,2.134,m,FIX,2024-07-23 14:59:52.4 UTC-06:00,2024-07-23 14:59:55.4 UTC-06:00,16,1.6,1.9,468406.801,4313300.605,2429.986,-105.36468810,38.96810683,2415.959,98.760,,NAD83(2011) / UTM zone 13N + NAVD88(GEOID18) height,7,6,6,5,0
526,,468313.334,4313269.104,2425.643,,-105.36576553,38.96781958,2411.617,Global,0.010,0.016,0.017,0.019,2.134,m,FIX,2024-07-23 15:00:01.2 UTC-06:00,2024-07-23 15:00:04.2 UTC-06:00,16,1.4,1.7,468406.801,4313300.605,2429.986,-105.36468810,38.96810683,2415.959,98.736,,NAD83(2011) / UTM zone 13N + NAVD88(GEOID18) height,7,7,6,4,0
526,,468313.526,4313268.681,2425.739,,-105.36576330,38.96781578,2411.713,Global,0.011,0.037,0.017,0.039,2.134,m,FIX,2024-07-23 15:00:08.6 UTC-06:00,2024-07-23 15:00:11.6 UTC-06:00,16,1.6,1.9,468406.801,4313300.605,2429.986,-105.36468810,38.96810683,2415.959,98.698,,NAD83(2011) / UTM zone 13N + NAVD88(GEOID18) height,7,6,6,4,0
527,,468313.748,4313268.143,2425.911,,-105.36576071,38.96781094,2411.885,Global,0.011,0.010,0.012,0.015,2.134,m,FIX,2024-07-23 15:00:22.0 UTC-06:00,2024-07-23 15:00:25.0 UTC-06:00,16,1.6,1.9,468406.801,4313300.605,2429.986,-105.36468810,38.96810683,2415.959,98.651,,NAD83(2011) / UTM zone 13N + NAVD88(GEOID18) height,7,7,6,4,0
527,,468313.980,4313267.685,2426.251,,-105.36575801,38.96780682,2412.225,Global,0.014,0.031,0.015,0.034,2.134,m,FIX,2024-07-23 15:00:42.2 UTC-06:00,2024-07-23 15:00:45.2 UTC-06:00,16,1.4,1.7,468406.801,4313300.605,2429.986,-105.36468810,38.96810683,2415.959,98.569,,NAD83(2011) / UTM zone 13N + NAVD88(GEOID18) height,6,7,6,4,0
528,,468314.107,4313267.224,2426.565,,-105.36575652,38.96780267,2412.539,Global,0.014,0.011,0.012,0.018,2.134,m,FIX,2024-07-23 15:00:58.0 UTC-06:00,2024-07-23 15:01:01.0 UTC-06:00,16,1.6,1.9,468406.801,4313300.605,2429.986,-105.36468810,38.96810683,2415.959,98.594,,NAD83(2011) / UTM zone 13N + NAVD88(GEOID18) height,6,7,6,4,0
529,,468314.170,4313266.785,2426.839,,-105.36575577,38.96779872,2412.813,Global,0.013,0.013,0.032,0.018,2.134,m,FIX,2024-07-23 15:01:20.4 UTC-06:00,2024-07-23 15:01:23.4 UTC-06:00,16,1.5,1.8,468406.801,4313300.605,2429.986,-105.36468810,38.96810683,2415.959,98.685,,NAD83(2011) / UTM zone 13N + NAVD88(GEOID18) height,7,7,6,4,0
530,,468314.294,4313266.581,2426.922,,-105.36575433,38.96779688,2412.896,Global,0.013,0.014,0.021,0.019,2.134,m,FIX,2024-07-23 15:01:36.8 UTC-06:00,2024-07-23 15:01:39.8 UTC-06:00,16,2.1,2.5,468406.801,4313300.605,2429.986,-105.36468810,38.96810683,2415.959,98.650,,NAD83(2011) / UTM zone 13N + NAVD88(GEOID18) height,7,7,6,4,0
530,,468313.990,4313266.713,2426.806,,-105.36575785,38.96779806,2412.780,Global,0.028,0.040,0.017,0.049,2.134,m,FIX,2024-07-23 15:01:45.2 UTC-06:00,2024-07-23 15:01:48.2 UTC-06:00,16,1.6,2.0,468406.801,4313300.605,2429.986,-105.36468810,38.96810683,2415.959,98.911,,NAD83(2011) / UTM zone 13N + NAVD88(GEOID18) height,7,7,6,4,0
531,,468314.134,4313267.110,2426.663,,-105.36575621,38.96780164,2412.637,Global,0.011,0.011,0.022,0.015,2.134,m,FIX,2024-07-23 15:02:02.8 UTC-06:00,2024-07-23 15:02:05.8 UTC-06:00,16,2.0,2.4,468406.801,4313300.605,2429.986,-105.36468810,38.96810683,2415.959,98.612,,NAD83(2011) / UTM zone 13N + NAVD88(GEOID18) height,7,7,6,5,0
532,,468314.325,4313266.906,2426.724,,-105.36575399,38.96779981,2412.698,Global,0.011,0.015,0.020,0.019,2.134,m,FIX,2024-07-23 15:03:08.8 UTC-06:00,2024-07-23 15:03:11.8 UTC-06:00,16,1.7,2.0,468406.801,4313300.605,2429.986,-105.36468810,38.96810683,2415.959,98.517,,NAD83(2011) / UTM zone 13N + NAVD88(GEOID18) height,7,7,6,5,0
533,,468314.215,4313266.792,2426.805,,-105.36575525,38.96779878,2412.779,Global,0.015,0.012,0.028,0.019,2.134,m,FIX,2024-07-23 15:04:27.0 UTC-06:00,2024-07-23 15:04:30.0 UTC-06:00,16,1.7,2.0,468406.801,4313300.605,2429.986,-105.36468810,38.96810683,2415.959,98.630,,NAD83(2011) / UTM zone 13N + NAVD88(GEOID18) height,7,7,6,6,0
534,,468314.194,4313266.852,2426.850,,-105.36575550,38.96779932,2412.824,Global,0.014,0.015,0.021,0.021,2.134,m,FIX,2024-07-23 15:04:39.2 UTC-06:00,2024-07-23 15:04:42.2 UTC-06:00,16,1.5,1.8,468406.801,4313300.605,2429.986,-105.36468810,38.96810683,2415.959,98.654,,NAD83(2011) / UTM zone 13N + NAVD88(GEOID18) height,7,7,6,5,0
535,,468314.141,4313266.793,2426.848,,-105.36575611,38.96779878,2412.822,Global,0.015,0.013,0.013,0.020,2.134,m,FIX,2024-07-23 15:05:07.4 UTC-06:00,2024-07-23 15:05:37.4 UTC-06:00,151,1.7,2.0,468406.801,4313300.605,2429.986,-105.36468810,38.96810683,2415.959,98.722,,NAD83(2011) / UTM zone 13N + NAVD88(GEOID18) height,6,8,6,6,0
