Name,Code,Easting,Northing,Elevation,Description,Longitude,Latitude,Ellipsoidal height,Origin,Easting RMS,Northing RMS,Elevation RMS,Lateral RMS,Antenna height,Antenna height units,Solution status,Averaging start,Averaging end,Samples,PDOP,GDOP,Base easting,Base northing,Base elevation,Base longitude,Base latitude,Base ellipsoidal height,Baseline,Mount point,CS name,GPS Satellites,GLONASS Satellites,Galileo Satellites,BeiDou Satellites,QZSS Satellites,
1,,468388.6,4313370.886,2416.962,,-105.3649015,38.96873948,2402.936,Global,0.012,0.012,0.011,0.017,1.934,m,FIX,2025-04-02 09:58:42.8 UTC-06:00,2025-04-02 09:59:12.8 UTC-06:00,151,1.2,1.4,468408.106,4313301.177,2422.571,-105.3646731,38.96811203,2408.544,72.537,,NAD83(2011) / UTM zone 13N + NAVD88(GEOID18) height,9,6,8,4,0,
2,,468388.612,4313370.895,2416.965,,-105.3649013,38.96873957,2402.939,Global,0.011,0.011,0.01,0.016,1.934,m,FIX,2025-04-02 09:59:42.0 UTC-06:00,2025-04-02 09:59:45.0 UTC-06:00,16,1.2,1.4,468408.106,4313301.177,2422.571,-105.3646731,38.96811203,2408.544,72.536,,NAD83(2011) / UTM zone 13N + NAVD88(GEOID18) height,9,6,8,4,0,
3,,468388.574,4313370.813,2416.81,,-105.3649017,38.96873883,2402.784,Global,0.011,0.014,0.01,0.018,1.934,m,FIX,2025-04-02 10:00:01.6 UTC-06:00,2025-04-02 10:00:04.6 UTC-06:00,16,1.2,1.4,468408.106,4313301.177,2422.571,-105.3646731,38.96811203,2408.544,72.464,,NAD83(2011) / UTM zone 13N + NAVD88(GEOID18) height,9,6,9,4,0,
4,,468388.436,4313370.943,2416.806,,-105.3649033,38.96873999,2402.78,Global,0.013,0.011,0.01,0.017,1.934,m,FIX,2025-04-02 10:00:19.0 UTC-06:00,2025-04-02 10:00:22.0 UTC-06:00,16,1.1,1.3,468408.106,4313301.177,2422.571,-105.3646731,38.96811203,2408.544,72.647,,NAD83(2011) / UTM zone 13N + NAVD88(GEOID18) height,9,6,9,4,0,
5,,468388.633,4313371.04,2416.792,,-105.3649011,38.96874087,2402.766,Global,0.016,0.014,0.01,0.021,1.934,m,FIX,2025-04-02 10:00:28.6 UTC-06:00,2025-04-02 10:00:31.6 UTC-06:00,16,1.2,1.5,468408.106,4313301.177,2422.571,-105.3646731,38.96811203,2408.544,72.668,,NAD83(2011) / UTM zone 13N + NAVD88(GEOID18) height,9,5,9,4,0,
6,,468388.729,4313370.846,2416.792,,-105.3649,38.96873912,2402.765,Global,0.01,0.011,0.01,0.015,1.934,m,FIX,2025-04-02 10:00:42.6 UTC-06:00,2025-04-02 10:00:45.6 UTC-06:00,16,1.1,1.3,468408.106,4313301.177,2422.571,-105.3646731,38.96811203,2408.544,72.469,,NAD83(2011) / UTM zone 13N + NAVD88(GEOID18) height,9,6,9,4,0,
7,,468388.603,4313370.888,2416.956,,-105.3649014,38.9687395,2402.93,Global,0.011,0.013,0.011,0.016,1.934,m,FIX,2025-04-02 10:00:59.8 UTC-06:00,2025-04-02 10:01:02.8 UTC-06:00,16,1.1,1.3,468408.106,4313301.177,2422.571,-105.3646731,38.96811203,2408.544,72.542,,NAD83(2011) / UTM zone 13N + NAVD88(GEOID18) height,9,6,8,4,0,
8,,468388.629,4313370.877,2416.799,,-105.3649011,38.9687394,2402.773,Global,0.01,0.013,0.01,0.016,1.934,m,FIX,2025-04-02 10:01:20.2 UTC-06:00,2025-04-02 10:01:23.2 UTC-06:00,16,1.1,1.3,468408.106,4313301.177,2422.571,-105.3646731,38.96811203,2408.544,72.512,,NAD83(2011) / UTM zone 13N + NAVD88(GEOID18) height,9,6,8,4,0,
9,,468388.503,4313370.935,2416.792,,-105.3649026,38.96873992,2402.765,Global,0.013,0.013,0.01,0.019,1.934,m,FIX,2025-04-02 10:02:40.2 UTC-06:00,2025-04-02 10:02:43.2 UTC-06:00,16,1,1.2,468408.106,4313301.177,2422.571,-105.3646731,38.96811203,2408.544,72.611,,NAD83(2011) / UTM zone 13N + NAVD88(GEOID18) height,9,6,10,4,0,
10,,468388.335,4313370.969,2416.789,,-105.3649045,38.96874023,2402.763,Global,0.011,0.013,0.01,0.017,1.934,m,FIX,2025-04-02 10:03:00.4 UTC-06:00,2025-04-02 10:03:03.4 UTC-06:00,16,1,1.2,468408.106,4313301.177,2422.571,-105.3646731,38.96811203,2408.544,72.707,,NAD83(2011) / UTM zone 13N + NAVD88(GEOID18) height,9,6,11,4,0,
11,,468388.127,4313371.071,2416.775,,-105.3649069,38.96874114,2402.749,Global,0.014,0.011,0.01,0.017,1.934,m,FIX,2025-04-02 10:03:14.8 UTC-06:00,2025-04-02 10:03:17.8 UTC-06:00,16,1,1.2,468408.106,4313301.177,2422.571,-105.3646731,38.96811203,2408.544,72.844,,NAD83(2011) / UTM zone 13N + NAVD88(GEOID18) height,9,6,10,4,0,
12,,468387.944,4313371.175,2416.685,,-105.364909,38.96874206,2402.659,Global,0.018,0.02,0.01,0.027,1.934,m,FIX,2025-04-02 10:03:30.2 UTC-06:00,2025-04-02 10:03:33.2 UTC-06:00,16,1,1.2,468408.106,4313301.177,2422.571,-105.3646731,38.96811203,2408.544,72.979,,NAD83(2011) / UTM zone 13N + NAVD88(GEOID18) height,9,6,11,4,0,
13,,468387.767,4313371.251,2416.544,,-105.3649111,38.96874275,2402.518,Global,0.011,0.01,0.01,0.015,1.934,m,FIX,2025-04-02 10:03:43.6 UTC-06:00,2025-04-02 10:03:46.6 UTC-06:00,16,1.1,1.3,468408.106,4313301.177,2422.571,-105.3646731,38.96811203,2408.544,73.127,,NAD83(2011) / UTM zone 13N + NAVD88(GEOID18) height,9,6,11,4,0,
14,,468387.684,4313371.221,2416.497,,-105.364912,38.96874247,2402.471,Global,0.015,0.011,0.01,0.018,1.934,m,FIX,2025-04-02 10:04:18.0 UTC-06:00,2025-04-02 10:04:21.0 UTC-06:00,16,1.1,1.3,468408.106,4313301.177,2422.571,-105.3646731,38.96811203,2408.544,73.134,,NAD83(2011) / UTM zone 13N + NAVD88(GEOID18) height,9,6,10,4,0,
15,,468387.555,4313371.31,2416.128,,-105.3649135,38.96874326,2402.102,Global,0.013,0.013,0.01,0.019,1.934,m,FIX,2025-04-02 10:05:01.2 UTC-06:00,2025-04-02 10:05:04.2 UTC-06:00,16,1.1,1.3,468408.106,4313301.177,2422.571,-105.3646731,38.96811203,2408.544,73.289,,NAD83(2011) / UTM zone 13N + NAVD88(GEOID18) height,9,6,10,4,0,
16,,468387.463,4313371.419,2416.088,,-105.3649146,38.96874424,2402.061,Global,0.014,0.011,0.01,0.018,1.934,m,FIX,2025-04-02 10:05:24.0 UTC-06:00,2025-04-02 10:05:27.0 UTC-06:00,16,1.1,1.3,468408.106,4313301.177,2422.571,-105.3646731,38.96811203,2408.544,73.418,,NAD83(2011) / UTM zone 13N + NAVD88(GEOID18) height,9,5,10,4,0,
17,,468387.261,4313371.488,2416.09,,-105.3649169,38.96874486,2402.064,Global,0.012,0.02,0.011,0.023,1.934,m,FIX,2025-04-02 10:05:36.6 UTC-06:00,2025-04-02 10:05:39.6 UTC-06:00,16,1.1,1.3,468408.106,4313301.177,2422.571,-105.3646731,38.96811203,2408.544,73.551,,NAD83(2011) / UTM zone 13N + NAVD88(GEOID18) height,9,5,10,4,0,
18,,468387.033,4313371.56,2416.084,,-105.3649196,38.9687455,2402.058,Global,0.011,0.01,0.01,0.015,1.934,m,FIX,2025-04-02 10:05:47.2 UTC-06:00,2025-04-02 10:05:50.2 UTC-06:00,16,1.1,1.3,468408.106,4313301.177,2422.571,-105.3646731,38.96811203,2408.544,73.668,,NAD83(2011) / UTM zone 13N + NAVD88(GEOID18) height,9,5,10,4,0,
19,,468386.811,4313371.583,2416.089,,-105.3649221,38.9687457,2402.063,Global,0.012,0.012,0.01,0.016,1.934,m,FIX,2025-04-02 10:05:59.8 UTC-06:00,2025-04-02 10:06:02.8 UTC-06:00,16,1.2,1.4,468408.106,4313301.177,2422.571,-105.3646731,38.96811203,2408.544,73.745,,NAD83(2011) / UTM zone 13N + NAVD88(GEOID18) height,9,5,10,4,0,
20,,468386.668,4313371.618,2416.093,,-105.3649238,38.96874601,2402.067,Global,0.013,0.011,0.01,0.016,1.934,m,FIX,2025-04-02 10:06:12.8 UTC-06:00,2025-04-02 10:06:15.8 UTC-06:00,16,1.2,1.4,468408.106,4313301.177,2422.571,-105.3646731,38.96811203,2408.544,73.832,,NAD83(2011) / UTM zone 13N + NAVD88(GEOID18) height,9,6,10,4,0,
21,,468386.519,4313371.7,2416.039,,-105.3649255,38.96874674,2402.013,Global,0.011,0.012,0.01,0.016,1.934,m,FIX,2025-04-02 10:06:24.4 UTC-06:00,2025-04-02 10:06:27.4 UTC-06:00,16,1.2,1.4,468408.106,4313301.177,2422.571,-105.3646731,38.96811203,2408.544,73.945,,NAD83(2011) / UTM zone 13N + NAVD88(GEOID18) height,9,6,10,4,0,
22,,468386.346,4313371.867,2416,,-105.3649275,38.96874824,2401.974,Global,0.012,0.01,0.01,0.016,1.934,m,FIX,2025-04-02 10:06:36.8 UTC-06:00,2025-04-02 10:06:39.8 UTC-06:00,16,1.2,1.4,468408.106,4313301.177,2422.571,-105.3646731,38.96811203,2408.544,74.166,,NAD83(2011) / UTM zone 13N + NAVD88(GEOID18) height,9,6,10,4,0,
23,,468386.112,4313371.922,2415.943,,-105.3649302,38.96874873,2401.917,Global,0.011,0.011,0.011,0.016,1.934,m,FIX,2025-04-02 10:06:46.8 UTC-06:00,2025-04-02 10:06:49.8 UTC-06:00,16,1.2,1.4,468408.106,4313301.177,2422.571,-105.3646731,38.96811203,2408.544,74.283,,NAD83(2011) / UTM zone 13N + NAVD88(GEOID18) height,9,6,10,4,0,
24,,468385.936,4313372.018,2415.91,,-105.3649323,38.96874959,2401.884,Global,0.013,0.011,0.012,0.017,1.934,m,FIX,2025-04-02 10:06:57.4 UTC-06:00,2025-04-02 10:07:00.4 UTC-06:00,16,1.2,1.4,468408.106,4313301.177,2422.571,-105.3646731,38.96811203,2408.544,74.435,,NAD83(2011) / UTM zone 13N + NAVD88(GEOID18) height,9,7,10,4,0,
25,,468385.738,4313371.978,2415.871,,-105.3649345,38.96874923,2401.845,Global,0.011,0.014,0.01,0.017,1.934,m,FIX,2025-04-02 10:07:09.8 UTC-06:00,2025-04-02 10:07:12.8 UTC-06:00,16,1.2,1.4,468408.106,4313301.177,2422.571,-105.3646731,38.96811203,2408.544,74.448,,NAD83(2011) / UTM zone 13N + NAVD88(GEOID18) height,9,6,10,4,0,
26,,468385.526,4313372.091,2415.825,,-105.364937,38.96875023,2401.799,Global,0.013,0.017,0.01,0.022,1.934,m,FIX,2025-04-02 10:07:20.0 UTC-06:00,2025-04-02 10:07:23.0 UTC-06:00,16,1.2,1.4,468408.106,4313301.177,2422.571,-105.3646731,38.96811203,2408.544,74.642,,NAD83(2011) / UTM zone 13N + NAVD88(GEOID18) height,9,6,10,4,0,
27,,468385.337,4313372.186,2415.784,,-105.3649392,38.96875108,2401.758,Global,0.011,0.011,0.01,0.016,1.934,m,FIX,2025-04-02 10:07:28.6 UTC-06:00,2025-04-02 10:07:31.6 UTC-06:00,16,1.2,1.4,468408.106,4313301.177,2422.571,-105.3646731,38.96811203,2408.544,74.796,,NAD83(2011) / UTM zone 13N + NAVD88(GEOID18) height,9,6,10,4,0,
28,,468385.196,4313372.246,2415.772,,-105.3649408,38.96875162,2401.745,Global,0.018,0.015,0.01,0.024,1.934,m,FIX,2025-04-02 10:07:36.8 UTC-06:00,2025-04-02 10:07:39.8 UTC-06:00,16,1.2,1.4,468408.106,4313301.177,2422.571,-105.3646731,38.96811203,2408.544,74.896,,NAD83(2011) / UTM zone 13N + NAVD88(GEOID18) height,9,6,10,4,0,
29,,468384.998,4313372.336,2415.704,,-105.3649431,38.96875242,2401.678,Global,0.011,0.011,0.01,0.015,1.934,m,FIX,2025-04-02 10:07:47.0 UTC-06:00,2025-04-02 10:07:50.0 UTC-06:00,16,1.2,1.4,468408.106,4313301.177,2422.571,-105.3646731,38.96811203,2408.544,75.038,,NAD83(2011) / UTM zone 13N + NAVD88(GEOID18) height,9,5,10,4,0,
30,,468384.827,4313372.414,2415.656,,-105.3649451,38.96875312,2401.63,Global,0.015,0.014,0.011,0.021,1.934,m,FIX,2025-04-02 10:07:54.6 UTC-06:00,2025-04-02 10:07:57.6 UTC-06:00,16,1.2,1.4,468408.106,4313301.177,2422.571,-105.3646731,38.96811203,2408.544,75.175,,NAD83(2011) / UTM zone 13N + NAVD88(GEOID18) height,9,5,10,4,0,
31,,468384.665,4313372.542,2415.624,,-105.3649469,38.96875426,2401.597,Global,0.012,0.01,0.01,0.016,1.934,m,FIX,2025-04-02 10:08:02.8 UTC-06:00,2025-04-02 10:08:05.8 UTC-06:00,16,1.2,1.4,468408.106,4313301.177,2422.571,-105.3646731,38.96811203,2408.544,75.334,,NAD83(2011) / UTM zone 13N + NAVD88(GEOID18) height,9,6,10,4,0,
32,,468384.442,4313372.586,2415.608,,-105.3649495,38.96875465,2401.582,Global,0.011,0.01,0.01,0.015,1.934,m,FIX,2025-04-02 10:08:11.8 UTC-06:00,2025-04-02 10:08:14.8 UTC-06:00,16,1.2,1.4,468408.106,4313301.177,2422.571,-105.3646731,38.96811203,2408.544,75.451,,NAD83(2011) / UTM zone 13N + NAVD88(GEOID18) height,9,6,10,4,0,
33,,468384.253,4313372.681,2415.575,,-105.3649517,38.9687555,2401.549,Global,0.012,0.011,0.01,0.017,1.934,m,FIX,2025-04-02 10:08:20.0 UTC-06:00,2025-04-02 10:08:23.0 UTC-06:00,16,1.2,1.4,468408.106,4313301.177,2422.571,-105.3646731,38.96811203,2408.544,75.605,,NAD83(2011) / UTM zone 13N + NAVD88(GEOID18) height,9,6,10,4,0,
34,,468384.11,4313372.813,2415.559,,-105.3649534,38.96875668,2401.532,Global,0.01,0.011,0.01,0.015,1.934,m,FIX,2025-04-02 10:08:29.8 UTC-06:00,2025-04-02 10:08:32.8 UTC-06:00,16,1.2,1.4,468408.106,4313301.177,2422.571,-105.3646731,38.96811203,2408.544,75.778,,NAD83(2011) / UTM zone 13N + NAVD88(GEOID18) height,9,5,10,4,0,
35,,468383.89,4313372.841,2415.537,,-105.3649559,38.96875693,2401.511,Global,0.01,0.011,0.01,0.015,1.934,m,FIX,2025-04-02 10:08:40.2 UTC-06:00,2025-04-02 10:08:43.2 UTC-06:00,16,1.2,1.4,468408.106,4313301.177,2422.571,-105.3646731,38.96811203,2408.544,75.863,,NAD83(2011) / UTM zone 13N + NAVD88(GEOID18) height,9,5,10,4,0,
36,,468383.691,4313372.821,2415.524,,-105.3649582,38.96875674,2401.497,Global,0.012,0.025,0.011,0.027,1.934,m,FIX,2025-04-02 10:08:48.6 UTC-06:00,2025-04-02 10:08:51.6 UTC-06:00,16,1.2,1.5,468408.106,4313301.177,2422.571,-105.3646731,38.96811203,2408.544,75.909,,NAD83(2011) / UTM zone 13N + NAVD88(GEOID18) height,9,5,10,4,0,
37,,468383.472,4313372.896,2415.495,,-105.3649607,38.96875741,2401.469,Global,0.011,0.013,0.01,0.017,1.934,m,FIX,2025-04-02 10:08:56.8 UTC-06:00,2025-04-02 10:08:59.8 UTC-06:00,16,1.2,1.5,468408.106,4313301.177,2422.571,-105.3646731,38.96811203,2408.544,76.063,,NAD83(2011) / UTM zone 13N + NAVD88(GEOID18) height,9,5,10,4,0,
38,,468383.32,4313372.983,2415.471,,-105.3649625,38.96875819,2401.444,Global,0.013,0.014,0.01,0.019,1.934,m,FIX,2025-04-02 10:09:26.4 UTC-06:00,2025-04-02 10:09:29.4 UTC-06:00,16,1.2,1.4,468408.106,4313301.177,2422.571,-105.3646731,38.96811203,2408.544,76.19,,NAD83(2011) / UTM zone 13N + NAVD88(GEOID18) height,9,5,10,4,0,
39,,468383.115,4313373.093,2415.437,,-105.3649649,38.96875917,2401.411,Global,0.022,0.015,0.01,0.026,1.934,m,FIX,2025-04-02 10:09:50.2 UTC-06:00,2025-04-02 10:09:53.2 UTC-06:00,16,1.2,1.4,468408.106,4313301.177,2422.571,-105.3646731,38.96811203,2408.544,76.379,,NAD83(2011) / UTM zone 13N + NAVD88(GEOID18) height,9,5,10,4,0,
40,,468382.958,4313373.118,2415.436,,-105.3649667,38.9687594,2401.409,Global,0.012,0.011,0.01,0.016,1.934,m,FIX,2025-04-02 10:10:00.0 UTC-06:00,2025-04-02 10:10:03.0 UTC-06:00,16,1.2,1.4,468408.106,4313301.177,2422.571,-105.3646731,38.96811203,2408.544,76.45,,NAD83(2011) / UTM zone 13N + NAVD88(GEOID18) height,9,5,10,3,0,
41,,468382.744,4313373.278,2415.386,,-105.3649692,38.96876083,2401.36,Global,0.013,0.011,0.01,0.017,1.934,m,FIX,2025-04-02 10:10:07.8 UTC-06:00,2025-04-02 10:10:10.8 UTC-06:00,16,1.2,1.4,468408.106,4313301.177,2422.571,-105.3646731,38.96811203,2408.544,76.669,,NAD83(2011) / UTM zone 13N + NAVD88(GEOID18) height,9,6,11,3,0,
42,,468382.585,4313373.37,2415.387,,-105.364971,38.96876166,2401.361,Global,0.012,0.01,0.011,0.016,1.934,m,FIX,2025-04-02 10:10:16.6 UTC-06:00,2025-04-02 10:10:19.6 UTC-06:00,16,1.2,1.4,468408.106,4313301.177,2422.571,-105.3646731,38.96811203,2408.544,76.809,,NAD83(2011) / UTM zone 13N + NAVD88(GEOID18) height,9,5,11,3,0,
43,,468382.5,4313373.49,2415.365,,-105.364972,38.96876273,2401.338,Global,0.011,0.014,0.011,0.018,1.934,m,FIX,2025-04-02 10:10:25.4 UTC-06:00,2025-04-02 10:10:28.4 UTC-06:00,16,1.2,1.4,468408.106,4313301.177,2422.571,-105.3646731,38.96811203,2408.544,76.958,,NAD83(2011) / UTM zone 13N + NAVD88(GEOID18) height,9,6,10,3,0,
44,,468382.264,4313373.659,2415.297,,-105.3649747,38.96876425,2401.271,Global,0.011,0.01,0.011,0.015,1.934,m,FIX,2025-04-02 10:10:35.8 UTC-06:00,2025-04-02 10:10:38.8 UTC-06:00,16,1.2,1.5,468408.106,4313301.177,2422.571,-105.3646731,38.96811203,2408.544,77.193,,NAD83(2011) / UTM zone 13N + NAVD88(GEOID18) height,9,6,10,3,0,
45,,468382.043,4313373.61,2415.26,,-105.3649773,38.96876379,2401.234,Global,0.012,0.013,0.011,0.018,1.934,m,FIX,2025-04-02 10:10:44.2 UTC-06:00,2025-04-02 10:10:47.2 UTC-06:00,16,1.4,1.7,468408.106,4313301.177,2422.571,-105.3646731,38.96811203,2408.544,77.222,,NAD83(2011) / UTM zone 13N + NAVD88(GEOID18) height,9,6,11,3,0,
46,,468381.862,4313373.653,2415.318,,-105.3649794,38.96876418,2401.292,Global,0.014,0.012,0.011,0.018,1.934,m,FIX,2025-04-02 10:10:56.6 UTC-06:00,2025-04-02 10:10:59.6 UTC-06:00,16,1.4,1.7,468408.106,4313301.177,2422.571,-105.3646731,38.96811203,2408.544,77.328,,NAD83(2011) / UTM zone 13N + NAVD88(GEOID18) height,9,6,10,3,0,
47,,468381.699,4313373.775,2415.204,,-105.3649812,38.96876527,2401.177,Global,0.016,0.013,0.012,0.02,1.934,m,FIX,2025-04-02 10:11:24.8 UTC-06:00,2025-04-02 10:11:27.8 UTC-06:00,16,1.4,1.7,468408.106,4313301.177,2422.571,-105.3646731,38.96811203,2408.544,77.503,,NAD83(2011) / UTM zone 13N + NAVD88(GEOID18) height,9,6,10,3,0,
48,,468381.496,4313373.786,2415.203,,-105.3649836,38.96876536,2401.177,Global,0.012,0.019,0.011,0.022,1.934,m,FIX,2025-04-02 10:11:36.0 UTC-06:00,2025-04-02 10:11:39.0 UTC-06:00,16,1.4,1.7,468408.106,4313301.177,2422.571,-105.3646731,38.96811203,2408.544,77.595,,NAD83(2011) / UTM zone 13N + NAVD88(GEOID18) height,9,6,10,3,0,
49,,468381.304,4313373.879,2415.15,,-105.3649858,38.96876619,2401.124,Global,0.01,0.011,0.011,0.015,1.934,m,FIX,2025-04-02 10:11:45.4 UTC-06:00,2025-04-02 10:11:48.4 UTC-06:00,16,1.4,1.7,468408.106,4313301.177,2422.571,-105.3646731,38.96811203,2408.544,77.73,,NAD83(2011) / UTM zone 13N + NAVD88(GEOID18) height,9,6,11,3,0,
50,,468381.111,4313373.879,2415.171,,-105.364988,38.96876619,2401.145,Global,0.011,0.014,0.011,0.017,1.934,m,FIX,2025-04-02 10:11:53.6 UTC-06:00,2025-04-02 10:11:56.6 UTC-06:00,16,1.4,1.7,468408.106,4313301.177,2422.571,-105.3646731,38.96811203,2408.544,77.796,,NAD83(2011) / UTM zone 13N + NAVD88(GEOID18) height,9,6,10,3,0,
51,,468380.916,4313373.982,2415.117,,-105.3649903,38.96876711,2401.09,Global,0.016,0.01,0.011,0.019,1.934,m,FIX,2025-04-02 10:12:01.8 UTC-06:00,2025-04-02 10:12:04.8 UTC-06:00,16,1.4,1.7,468408.106,4313301.177,2422.571,-105.3646731,38.96811203,2408.544,77.962,,NAD83(2011) / UTM zone 13N + NAVD88(GEOID18) height,9,6,10,3,0,
52,,468380.709,4313374.086,2415.104,,-105.3649927,38.96876803,2401.077,Global,0.013,0.017,0.011,0.021,1.934,m,FIX,2025-04-02 10:12:33.4 UTC-06:00,2025-04-02 10:12:36.4 UTC-06:00,16,1.4,1.7,468408.106,4313301.177,2422.571,-105.3646731,38.96811203,2408.544,78.151,,NAD83(2011) / UTM zone 13N + NAVD88(GEOID18) height,9,6,11,3,0,
53,,468380.568,4313374.258,2415.067,,-105.3649943,38.96876958,2401.041,Global,0.014,0.011,0.01,0.018,1.934,m,FIX,2025-04-02 10:12:41.4 UTC-06:00,2025-04-02 10:12:44.4 UTC-06:00,16,1.4,1.7,468408.106,4313301.177,2422.571,-105.3646731,38.96811203,2408.544,78.345,,NAD83(2011) / UTM zone 13N + NAVD88(GEOID18) height,9,6,11,3,0,
54,,468380.377,4313374.368,2415.042,,-105.3649965,38.96877057,2401.016,Global,0.012,0.013,0.013,0.018,1.934,m,FIX,2025-04-02 10:12:49.4 UTC-06:00,2025-04-02 10:12:52.4 UTC-06:00,16,1.4,1.7,468408.106,4313301.177,2422.571,-105.3646731,38.96811203,2408.544,78.521,,NAD83(2011) / UTM zone 13N + NAVD88(GEOID18) height,9,6,11,3,0,
55,,468380.212,4313374.362,2415.071,,-105.3649984,38.96877051,2401.045,Global,0.012,0.01,0.01,0.016,1.934,m,FIX,2025-04-02 10:13:19.6 UTC-06:00,2025-04-02 10:13:22.6 UTC-06:00,16,1.4,1.7,468408.106,4313301.177,2422.571,-105.3646731,38.96811203,2408.544,78.583,,NAD83(2011) / UTM zone 13N + NAVD88(GEOID18) height,9,6,11,3,0,
56,,468379.997,4313374.444,2415.102,,-105.3650009,38.96877123,2401.076,Global,0.016,0.019,0.011,0.024,1.934,m,FIX,2025-04-02 10:13:26.4 UTC-06:00,2025-04-02 10:13:29.4 UTC-06:00,16,1.4,1.7,468408.106,4313301.177,2422.571,-105.3646731,38.96811203,2408.544,78.708,,NAD83(2011) / UTM zone 13N + NAVD88(GEOID18) height,9,6,11,3,0,
57,,468379.888,4313374.554,2415.115,,-105.3650022,38.96877223,2401.089,Global,0.011,0.01,0.01,0.015,1.934,m,FIX,2025-04-02 10:13:34.0 UTC-06:00,2025-04-02 10:13:37.0 UTC-06:00,16,1.4,1.7,468408.106,4313301.177,2422.571,-105.3646731,38.96811203,2408.544,78.873,,NAD83(2011) / UTM zone 13N + NAVD88(GEOID18) height,9,5,11,3,0,
58,,468379.656,4313374.709,2415.188,,-105.3650049,38.96877361,2401.162,Global,0.012,0.012,0.01,0.017,1.934,m,FIX,2025-04-02 10:13:44.4 UTC-06:00,2025-04-02 10:13:47.4 UTC-06:00,16,1.4,1.7,468408.106,4313301.177,2422.571,-105.3646731,38.96811203,2408.544,79.099,,NAD83(2011) / UTM zone 13N + NAVD88(GEOID18) height,9,6,10,3,0,
59,,468379.521,4313374.925,2415.189,,-105.3650064,38.96877555,2401.163,Global,0.011,0.012,0.011,0.016,1.934,m,FIX,2025-04-02 10:13:56.4 UTC-06:00,2025-04-02 10:13:59.4 UTC-06:00,16,1.4,1.7,468408.106,4313301.177,2422.571,-105.3646731,38.96811203,2408.544,79.344,,NAD83(2011) / UTM zone 13N + NAVD88(GEOID18) height,9,5,10,3,0,
60,,468379.233,4313374.942,2415.283,,-105.3650098,38.96877569,2401.257,Global,0.011,0.017,0.01,0.02,1.934,m,FIX,2025-04-02 10:14:07.0 UTC-06:00,2025-04-02 10:14:10.0 UTC-06:00,16,1.4,1.7,468408.106,4313301.177,2422.571,-105.3646731,38.96811203,2408.544,79.426,,NAD83(2011) / UTM zone 13N + NAVD88(GEOID18) height,9,6,10,3,0,
61,,468379.011,4313375.08,2415.277,,-105.3650123,38.96877693,2401.251,Global,0.015,0.012,0.011,0.019,1.934,m,FIX,2025-04-02 10:14:16.6 UTC-06:00,2025-04-02 10:14:19.6 UTC-06:00,16,1.4,1.7,468408.106,4313301.177,2422.571,-105.3646731,38.96811203,2408.544,79.672,,NAD83(2011) / UTM zone 13N + NAVD88(GEOID18) height,9,5,10,3,0,
62,,468378.768,4313375.099,2415.345,,-105.3650151,38.96877709,2401.319,Global,0.012,0.014,0.013,0.019,1.934,m,FIX,2025-04-02 10:14:25.0 UTC-06:00,2025-04-02 10:14:28.0 UTC-06:00,16,1.4,1.7,468408.106,4313301.177,2422.571,-105.3646731,38.96811203,2408.544,79.756,,NAD83(2011) / UTM zone 13N + NAVD88(GEOID18) height,9,5,9,3,0,
63,,468378.593,4313375.32,2415.384,,-105.3650172,38.96877908,2401.358,Global,0.012,0.015,0.012,0.019,1.934,m,FIX,2025-04-02 10:14:36.8 UTC-06:00,2025-04-02 10:14:39.8 UTC-06:00,16,1.4,1.7,468408.106,4313301.177,2422.571,-105.3646731,38.96811203,2408.544,80.015,,NAD83(2011) / UTM zone 13N + NAVD88(GEOID18) height,9,6,9,3,0,
64,,468378.355,4313375.27,2415.39,,-105.3650199,38.96877862,2401.363,Global,0.011,0.011,0.011,0.016,1.934,m,FIX,2025-04-02 10:14:53.2 UTC-06:00,2025-04-02 10:14:56.2 UTC-06:00,16,1.5,1.8,468408.106,4313301.177,2422.571,-105.3646731,38.96811203,2408.544,80.07,,NAD83(2011) / UTM zone 13N + NAVD88(GEOID18) height,9,5,10,3,0,
65,,468378.038,4313375.216,2415.413,,-105.3650236,38.96877812,2401.387,Global,0.012,0.012,0.01,0.017,1.934,m,FIX,2025-04-02 10:15:03.1 UTC-06:00,2025-04-02 10:15:06.2 UTC-06:00,16,1.5,1.8,468408.106,4313301.177,2422.571,-105.3646731,38.96811203,2408.544,80.136,,NAD83(2011) / UTM zone 13N + NAVD88(GEOID18) height,9,5,10,3,0,
66,,468377.938,4313375.344,2415.408,,-105.3650247,38.96877927,2401.382,Global,0.014,0.019,0.014,0.023,1.934,m,FIX,2025-04-02 10:15:12.8 UTC-06:00,2025-04-02 10:15:15.8 UTC-06:00,16,1.5,1.8,468408.106,4313301.177,2422.571,-105.3646731,38.96811203,2408.544,80.294,,NAD83(2011) / UTM zone 13N + NAVD88(GEOID18) height,9,5,10,3,0,
67,,468377.72,4313375.45,2415.453,,-105.3650272,38.96878022,2401.426,Global,0.014,0.015,0.011,0.02,1.934,m,FIX,2025-04-02 10:15:23.6 UTC-06:00,2025-04-02 10:15:26.6 UTC-06:00,16,1.5,1.8,468408.106,4313301.177,2422.571,-105.3646731,38.96811203,2408.544,80.476,,NAD83(2011) / UTM zone 13N + NAVD88(GEOID18) height,9,5,10,3,0,
68,,468377.526,4313375.601,2415.507,,-105.3650295,38.96878158,2401.481,Global,0.015,0.014,0.011,0.021,1.934,m,FIX,2025-04-02 10:15:34.8 UTC-06:00,2025-04-02 10:15:37.8 UTC-06:00,16,1.5,1.8,468408.106,4313301.177,2422.571,-105.3646731,38.96811203,2408.544,80.701,,NAD83(2011) / UTM zone 13N + NAVD88(GEOID18) height,9,5,10,3,0,
69,,468377.312,4313375.572,2415.548,,-105.365032,38.96878131,2401.522,Global,0.011,0.018,0.011,0.021,1.934,m,FIX,2025-04-02 10:16:17.6 UTC-06:00,2025-04-02 10:16:20.6 UTC-06:00,16,1.5,1.8,468408.106,4313301.177,2422.571,-105.3646731,38.96811203,2408.544,80.729,,NAD83(2011) / UTM zone 13N + NAVD88(GEOID18) height,9,5,10,3,0,
70,,468377.064,4313375.722,2415.612,,-105.3650348,38.96878264,2401.586,Global,0.014,0.014,0.014,0.02,1.934,m,FIX,2025-04-02 10:16:28.0 UTC-06:00,2025-04-02 10:16:31.0 UTC-06:00,16,1.5,1.8,468408.106,4313301.177,2422.571,-105.3646731,38.96811203,2408.544,80.946,,NAD83(2011) / UTM zone 13N + NAVD88(GEOID18) height,9,5,10,3,0,
71,,468376.938,4313375.845,2415.569,,-105.3650363,38.96878375,2401.543,Global,0.018,0.017,0.014,0.025,1.934,m,FIX,2025-04-02 10:16:37.4 UTC-06:00,2025-04-02 10:16:40.4 UTC-06:00,16,1.5,1.8,468408.106,4313301.177,2422.571,-105.3646731,38.96811203,2408.544,81.124,,NAD83(2011) / UTM zone 13N + NAVD88(GEOID18) height,9,5,10,3,0,
72,,468376.7,4313375.954,2415.68,,-105.365039,38.96878473,2401.654,Global,0.01,0.012,0.011,0.016,1.934,m,FIX,2025-04-02 10:16:46.4 UTC-06:00,2025-04-02 10:16:49.4 UTC-06:00,16,1.5,1.8,468408.106,4313301.177,2422.571,-105.3646731,38.96811203,2408.544,81.315,,NAD83(2011) / UTM zone 13N + NAVD88(GEOID18) height,9,4,10,3,0,
73,,468376.407,4313376.033,2415.698,,-105.3650424,38.96878542,2401.672,Global,0.011,0.02,0.015,0.023,1.934,m,FIX,2025-04-02 10:17:19.2 UTC-06:00,2025-04-02 10:17:22.2 UTC-06:00,16,1.5,1.8,468408.106,4313301.177,2422.571,-105.3646731,38.96811203,2408.544,81.487,,NAD83(2011) / UTM zone 13N + NAVD88(GEOID18) height,9,5,10,3,0,
74,,468376.226,4313376.162,2415.789,,-105.3650445,38.96878658,2401.763,Global,0.011,0.016,0.012,0.02,1.934,m,FIX,2025-04-02 10:17:27.8 UTC-06:00,2025-04-02 10:17:30.8 UTC-06:00,16,1.5,1.8,468408.106,4313301.177,2422.571,-105.3646731,38.96811203,2408.544,81.688,,NAD83(2011) / UTM zone 13N + NAVD88(GEOID18) height,9,5,10,3,0,
75,,468376.087,4313376.208,2415.725,,-105.3650461,38.96878699,2401.699,Global,0.012,0.015,0.022,0.019,1.934,m,FIX,2025-04-02 10:17:44.6 UTC-06:00,2025-04-02 10:17:47.6 UTC-06:00,16,1.5,1.8,468408.106,4313301.177,2422.571,-105.3646731,38.96811203,2408.544,81.795,,NAD83(2011) / UTM zone 13N + NAVD88(GEOID18) height,9,5,9,3,0,
76,,468375.911,4313376.21,2415.772,,-105.3650482,38.968787,2401.746,Global,0.013,0.014,0.018,0.019,1.934,m,FIX,2025-04-02 10:17:51.4 UTC-06:00,2025-04-02 10:17:54.4 UTC-06:00,16,1.5,1.8,468408.106,4313301.177,2422.571,-105.3646731,38.96811203,2408.544,81.854,,NAD83(2011) / UTM zone 13N + NAVD88(GEOID18) height,9,5,9,3,0,
77,,468375.685,4313376.264,2415.831,,-105.3650508,38.96878748,2401.804,Global,0.013,0.012,0.011,0.018,1.934,m,FIX,2025-04-02 10:17:58.8 UTC-06:00,2025-04-02 10:18:01.8 UTC-06:00,16,1.5,1.8,468408.106,4313301.177,2422.571,-105.3646731,38.96811203,2408.544,81.982,,NAD83(2011) / UTM zone 13N + NAVD88(GEOID18) height,9,5,9,3,0,
78,,468375.493,4313376.401,2415.846,,-105.365053,38.96878871,2401.82,Global,0.018,0.013,0.012,0.022,1.934,m,FIX,2025-04-02 10:18:11.8 UTC-06:00,2025-04-02 10:18:14.8 UTC-06:00,16,1.5,1.8,468408.106,4313301.177,2422.571,-105.3646731,38.96811203,2408.544,82.195,,NAD83(2011) / UTM zone 13N + NAVD88(GEOID18) height,9,5,9,3,0,
79,,468375.297,4313376.531,2415.877,,-105.3650553,38.96878987,2401.851,Global,0.014,0.016,0.016,0.021,1.934,m,FIX,2025-04-02 10:18:19.4 UTC-06:00,2025-04-02 10:18:22.4 UTC-06:00,16,1.5,1.8,468408.106,4313301.177,2422.571,-105.3646731,38.96811203,2408.544,82.395,,NAD83(2011) / UTM zone 13N + NAVD88(GEOID18) height,9,5,9,3,0,
80,,468375.149,4313376.566,2415.856,,-105.365057,38.96879018,2401.83,Global,0.016,0.022,0.014,0.028,1.934,m,FIX,2025-04-02 10:18:26.8 UTC-06:00,2025-04-02 10:18:29.8 UTC-06:00,16,1.5,1.8,468408.106,4313301.177,2422.571,-105.3646731,38.96811203,2408.544,82.467,,NAD83(2011) / UTM zone 13N + NAVD88(GEOID18) height,9,5,9,3,0,
81,,468374.927,4313376.671,2415.879,,-105.3650595,38.96879112,2401.853,Global,0.021,0.013,0.014,0.025,1.934,m,FIX,2025-04-02 10:18:37.4 UTC-06:00,2025-04-02 10:18:40.4 UTC-06:00,16,1.5,1.8,468408.106,4313301.177,2422.571,-105.3646731,38.96811203,2408.544,82.656,,NAD83(2011) / UTM zone 13N + NAVD88(GEOID18) height,9,5,9,3,0,
82,,468374.61,4313376.676,2415.976,,-105.3650632,38.96879115,2401.949,Global,0.034,0.02,0.01,0.04,1.934,m,FIX,2025-04-02 10:18:43.8 UTC-06:00,2025-04-02 10:18:46.8 UTC-06:00,16,1.5,1.8,468408.106,4313301.177,2422.571,-105.3646731,38.96811203,2408.544,82.798,,NAD83(2011) / UTM zone 13N + NAVD88(GEOID18) height,9,5,9,3,0,
83,,468374.484,4313376.65,2415.98,,-105.3650647,38.96879092,2401.954,Global,0.013,0.012,0.012,0.018,1.934,m,FIX,2025-04-02 10:18:53.2 UTC-06:00,2025-04-02 10:18:56.2 UTC-06:00,16,1.5,1.8,468408.106,4313301.177,2422.571,-105.3646731,38.96811203,2408.544,82.823,,NAD83(2011) / UTM zone 13N + NAVD88(GEOID18) height,9,5,9,3,0,
84,,468374.236,4313376.735,2416.03,,-105.3650675,38.96879167,2402.004,Global,0.011,0.023,0.012,0.026,1.934,m,FIX,2025-04-02 10:19:02.2 UTC-06:00,2025-04-02 10:19:05.2 UTC-06:00,16,1.5,1.8,468408.106,4313301.177,2422.571,-105.3646731,38.96811203,2408.544,83.019,,NAD83(2011) / UTM zone 13N + NAVD88(GEOID18) height,9,5,9,3,0,
85,,468374.055,4313376.798,2416.024,,-105.3650696,38.96879223,2401.998,Global,0.021,0.019,0.011,0.028,1.934,m,FIX,2025-04-02 10:19:13.8 UTC-06:00,2025-04-02 10:19:16.8 UTC-06:00,16,1.5,1.8,468408.106,4313301.177,2422.571,-105.3646731,38.96811203,2408.544,83.152,,NAD83(2011) / UTM zone 13N + NAVD88(GEOID18) height,9,5,9,3,0,
86,,468373.948,4313376.857,2416.044,,-105.3650709,38.96879276,2402.018,Global,0.011,0.012,0.011,0.016,1.934,m,FIX,2025-04-02 10:19:29.8 UTC-06:00,2025-04-02 10:19:32.8 UTC-06:00,16,1.5,1.8,468408.106,4313301.177,2422.571,-105.3646731,38.96811203,2408.544,83.231,,NAD83(2011) / UTM zone 13N + NAVD88(GEOID18) height,9,5,9,3,0,
87,,468373.749,4313376.889,2416.067,,-105.3650732,38.96879304,2402.041,Global,0.011,0.016,0.013,0.019,1.934,m,FIX,2025-04-02 10:19:39.6 UTC-06:00,2025-04-02 10:19:42.6 UTC-06:00,16,1.5,1.8,468408.106,4313301.177,2422.571,-105.3646731,38.96811203,2408.544,83.342,,NAD83(2011) / UTM zone 13N + NAVD88(GEOID18) height,9,5,9,3,0,
88,,468373.585,4313376.934,2416.066,,-105.365075,38.96879345,2402.04,Global,0.013,0.01,0.011,0.016,1.934,m,FIX,2025-04-02 10:19:48.0 UTC-06:00,2025-04-02 10:19:51.0 UTC-06:00,16,1.5,1.8,468408.106,4313301.177,2422.571,-105.3646731,38.96811203,2408.544,83.439,,NAD83(2011) / UTM zone 13N + NAVD88(GEOID18) height,9,5,9,3,0,
89,,468373.393,4313376.998,2416.091,,-105.3650773,38.96879401,2402.065,Global,0.011,0.016,0.012,0.019,1.934,m,FIX,2025-04-02 10:19:56.4 UTC-06:00,2025-04-02 10:19:59.4 UTC-06:00,16,1.5,1.8,468408.106,4313301.177,2422.571,-105.3646731,38.96811203,2408.544,83.568,,NAD83(2011) / UTM zone 13N + NAVD88(GEOID18) height,9,5,9,3,0,
90,,468373.184,4313377.063,2416.113,,-105.3650797,38.96879459,2402.087,Global,0.015,0.014,0.011,0.021,1.934,m,FIX,2025-04-02 10:20:07.8 UTC-06:00,2025-04-02 10:20:10.8 UTC-06:00,16,1.5,1.8,468408.106,4313301.177,2422.571,-105.3646731,38.96811203,2408.544,83.716,,NAD83(2011) / UTM zone 13N + NAVD88(GEOID18) height,9,5,9,3,0,
91,,468373.04,4313377.117,2416.123,,-105.3650814,38.96879507,2402.097,Global,0.012,0.011,0.011,0.016,1.934,m,FIX,2025-04-02 10:20:16.8 UTC-06:00,2025-04-02 10:20:19.8 UTC-06:00,16,1.5,1.8,468408.106,4313301.177,2422.571,-105.3646731,38.96811203,2408.544,83.832,,NAD83(2011) / UTM zone 13N + NAVD88(GEOID18) height,9,5,9,3,0,
92,,468372.811,4313377.175,2416.138,,-105.365084,38.96879558,2402.112,Global,0.015,0.013,0.012,0.02,1.934,m,FIX,2025-04-02 10:20:23.6 UTC-06:00,2025-04-02 10:20:26.6 UTC-06:00,16,1.5,1.8,468408.106,4313301.177,2422.571,-105.3646731,38.96811203,2408.544,83.963,,NAD83(2011) / UTM zone 13N + NAVD88(GEOID18) height,9,5,9,3,0,
93,,468372.605,4313377.238,2416.145,,-105.3650864,38.96879615,2402.119,Global,0.015,0.015,0.016,0.021,1.934,m,FIX,2025-04-02 10:20:30.0 UTC-06:00,2025-04-02 10:20:33.0 UTC-06:00,16,1.5,1.8,468408.106,4313301.177,2422.571,-105.3646731,38.96811203,2408.544,84.135,,NAD83(2011) / UTM zone 13N + NAVD88(GEOID18) height,9,5,9,3,0,
94,,468372.48,4313377.325,2416.165,,-105.3650878,38.96879693,2402.139,Global,0.011,0.017,0.012,0.02,1.934,m,FIX,2025-04-02 10:20:38.6 UTC-06:00,2025-04-02 10:20:41.6 UTC-06:00,16,1.5,1.8,468408.106,4313301.177,2422.571,-105.3646731,38.96811203,2408.544,84.244,,NAD83(2011) / UTM zone 13N + NAVD88(GEOID18) height,9,5,9,3,0,
95,,468372.286,4313377.427,2416.207,,-105.3650901,38.96879783,2402.181,Global,0.012,0.014,0.011,0.018,1.934,m,FIX,2025-04-02 10:20:45.4 UTC-06:00,2025-04-02 10:20:48.4 UTC-06:00,16,1.5,1.8,468408.106,4313301.177,2422.571,-105.3646731,38.96811203,2408.544,84.409,,NAD83(2011) / UTM zone 13N + NAVD88(GEOID18) height,9,5,9,3,0,
96,,468372.091,4313377.508,2416.214,,-105.3650923,38.96879856,2402.188,Global,0.013,0.013,0.011,0.018,1.934,m,FIX,2025-04-02 10:20:54.0 UTC-06:00,2025-04-02 10:20:57.0 UTC-06:00,16,1.5,1.8,468408.106,4313301.177,2422.571,-105.3646731,38.96811203,2408.544,84.567,,NAD83(2011) / UTM zone 13N + NAVD88(GEOID18) height,9,5,9,3,0,
97,,468371.911,4313377.547,2416.249,,-105.3650944,38.9687989,2402.223,Global,0.014,0.014,0.013,0.02,1.934,m,FIX,2025-04-02 10:21:02.0 UTC-06:00,2025-04-02 10:21:05.0 UTC-06:00,16,1.5,1.8,468408.106,4313301.177,2422.571,-105.3646731,38.96811203,2408.544,84.692,,NAD83(2011) / UTM zone 13N + NAVD88(GEOID18) height,9,5,9,3,0,
98,,468371.738,4313377.634,2416.258,,-105.3650964,38.96879968,2402.232,Global,0.018,0.01,0.011,0.021,1.934,m,FIX,2025-04-02 10:21:11.6 UTC-06:00,2025-04-02 10:21:14.6 UTC-06:00,16,1.5,1.8,468408.106,4313301.177,2422.571,-105.3646731,38.96811203,2408.544,84.857,,NAD83(2011) / UTM zone 13N + NAVD88(GEOID18) height,9,5,9,3,0,
99,,468371.54,4313377.734,2416.299,,-105.3650987,38.96880057,2402.273,Global,0.011,0.015,0.012,0.018,1.934,m,FIX,2025-04-02 10:21:19.6 UTC-06:00,2025-04-02 10:21:22.6 UTC-06:00,16,1.5,1.8,468408.106,4313301.177,2422.571,-105.3646731,38.96811203,2408.544,85.029,,NAD83(2011) / UTM zone 13N + NAVD88(GEOID18) height,9,6,9,3,0,
100,,468371.437,4313377.714,2416.32,,-105.3650999,38.9688004,2402.294,Global,0.012,0.011,0.01,0.016,1.934,m,FIX,2025-04-02 10:21:43.0 UTC-06:00,2025-04-02 10:21:46.0 UTC-06:00,16,1.5,1.8,468408.106,4313301.177,2422.571,-105.3646731,38.96811203,2408.544,85.044,,NAD83(2011) / UTM zone 13N + NAVD88(GEOID18) height,9,6,9,3,0,
101,,468371.245,4313377.803,2416.536,,-105.3651021,38.96880119,2402.51,Global,0.016,0.019,0.01,0.024,1.934,m,FIX,2025-04-02 10:21:55.8 UTC-06:00,2025-04-02 10:21:58.8 UTC-06:00,16,1.5,1.8,468408.106,4313301.177,2422.571,-105.3646731,38.96811203,2408.544,85.199,,NAD83(2011) / UTM zone 13N + NAVD88(GEOID18) height,9,6,9,3,0,
102,,468371.059,4313377.845,2416.631,,-105.3651043,38.96880156,2402.605,Global,0.016,0.015,0.011,0.022,1.934,m,FIX,2025-04-02 10:22:06.4 UTC-06:00,2025-04-02 10:22:09.4 UTC-06:00,16,1.5,1.8,468408.106,4313301.177,2422.571,-105.3646731,38.96811203,2408.544,85.319,,NAD83(2011) / UTM zone 13N + NAVD88(GEOID18) height,9,6,9,3,0,
103,,468370.873,4313377.936,2416.609,,-105.3651064,38.96880237,2402.583,Global,0.011,0.012,0.011,0.017,1.934,m,FIX,2025-04-02 10:22:16.2 UTC-06:00,2025-04-02 10:22:19.2 UTC-06:00,16,1.5,1.8,468408.106,4313301.177,2422.571,-105.3646731,38.96811203,2408.544,85.48,,NAD83(2011) / UTM zone 13N + NAVD88(GEOID18) height,9,6,9,3,0,
104,,468370.724,4313378,2416.592,,-105.3651081,38.96880294,2402.566,Global,0.017,0.012,0.011,0.021,1.934,m,FIX,2025-04-02 10:22:23.4 UTC-06:00,2025-04-02 10:22:26.4 UTC-06:00,16,1.5,1.8,468408.106,4313301.177,2422.571,-105.3646731,38.96811203,2408.544,85.616,,NAD83(2011) / UTM zone 13N + NAVD88(GEOID18) height,9,6,8,3,0,
105,,468370.503,4313378.101,2416.569,,-105.3651107,38.96880385,2402.543,Global,0.01,0.011,0.012,0.015,1.934,m,FIX,2025-04-02 10:22:32.0 UTC-06:00,2025-04-02 10:22:35.0 UTC-06:00,16,1.5,1.8,468408.106,4313301.177,2422.571,-105.3646731,38.96811203,2408.544,85.792,,NAD83(2011) / UTM zone 13N + NAVD88(GEOID18) height,9,6,8,3,0,
106,,468370.264,4313378.128,2416.735,,-105.3651134,38.96880408,2402.709,Global,0.011,0.012,0.016,0.017,1.934,m,FIX,2025-04-02 10:22:56.2 UTC-06:00,2025-04-02 10:22:59.2 UTC-06:00,16,1.6,1.9,468408.106,4313301.177,2422.571,-105.3646731,38.96811203,2408.544,85.899,,NAD83(2011) / UTM zone 13N + NAVD88(GEOID18) height,9,6,8,3,0,
107,,468370.198,4313377.961,2416.534,,-105.3651142,38.96880257,2402.508,Global,0.011,0.013,0.011,0.017,1.934,m,FIX,2025-04-02 10:23:09.8 UTC-06:00,2025-04-02 10:23:12.8 UTC-06:00,16,1.5,1.8,468408.106,4313301.177,2422.571,-105.3646731,38.96811203,2408.544,85.794,,NAD83(2011) / UTM zone 13N + NAVD88(GEOID18) height,9,6,9,3,0,
108,,468370.481,4313378.054,2416.582,,-105.3651109,38.96880342,2402.556,Global,0.012,0.013,0.01,0.017,1.934,m,FIX,2025-04-02 10:23:18.6 UTC-06:00,2025-04-02 10:23:21.6 UTC-06:00,16,1.5,1.8,468408.106,4313301.177,2422.571,-105.3646731,38.96811203,2408.544,85.748,,NAD83(2011) / UTM zone 13N + NAVD88(GEOID18) height,9,6,9,3,0,
109,,468370.318,4313378.311,2416.539,,-105.3651128,38.96880574,2402.513,Global,0.011,0.014,0.01,0.017,1.934,m,FIX,2025-04-02 10:23:30.4 UTC-06:00,2025-04-02 10:23:33.4 UTC-06:00,16,1.5,1.8,468408.106,4313301.177,2422.571,-105.3646731,38.96811203,2408.544,86.064,,NAD83(2011) / UTM zone 13N + NAVD88(GEOID18) height,9,6,9,3,0,
110,,468370.108,4313378.203,2416.561,,-105.3651152,38.96880475,2402.535,Global,0.012,0.012,0.011,0.017,1.934,m,FIX,2025-04-02 10:23:41.4 UTC-06:00,2025-04-02 10:23:44.4 UTC-06:00,16,1.5,1.8,468408.106,4313301.177,2422.571,-105.3646731,38.96811203,2408.544,86.038,,NAD83(2011) / UTM zone 13N + NAVD88(GEOID18) height,9,6,9,3,0,
111,,468370.222,4313378.092,2416.545,,-105.3651139,38.96880376,2402.519,Global,0.012,0.013,0.01,0.018,1.934,m,FIX,2025-04-02 10:23:53.0 UTC-06:00,2025-04-02 10:23:56.0 UTC-06:00,16,1.5,1.8,468408.106,4313301.177,2422.571,-105.3646731,38.96811203,2408.544,85.897,,NAD83(2011) / UTM zone 13N + NAVD88(GEOID18) height,9,6,9,3,0,
112,,468370.262,4313378.147,2416.734,,-105.3651135,38.96880426,2402.708,Global,0.014,0.015,0.012,0.02,1.934,m,FIX,2025-04-02 10:24:11.6 UTC-06:00,2025-04-02 10:24:14.6 UTC-06:00,16,1.5,1.8,468408.106,4313301.177,2422.571,-105.3646731,38.96811203,2408.544,85.929,,NAD83(2011) / UTM zone 13N + NAVD88(GEOID18) height,9,6,9,3,0,
113,,468370.271,4313378.128,2416.736,,-105.3651134,38.96880408,2402.71,Global,0.012,0.013,0.012,0.018,1.934,m,FIX,2025-04-02 10:24:36.4 UTC-06:00,2025-04-02 10:25:06.4 UTC-06:00,151,1.5,1.8,468408.106,4313301.177,2422.571,-105.3646731,38.96811203,2408.544,85.892,,NAD83(2011) / UTM zone 13N + NAVD88(GEOID18) height,9,6,10,3,0,
114,,468369.612,4313378.385,2416.497,,-105.365121,38.96880637,2402.471,Global,0.013,0.021,0.01,0.025,1.934,m,FIX,2025-04-02 10:26:22.0 UTC-06:00,2025-04-02 10:26:25.0 UTC-06:00,16,1.4,1.7,468408.106,4313301.177,2422.571,-105.3646731,38.96811203,2408.544,86.449,,NAD83(2011) / UTM zone 13N + NAVD88(GEOID18) height,10,6,9,3,0,
115,,468368.666,4313378.741,2416.429,,-105.3651319,38.96880955,2402.403,Global,0.018,0.014,0.011,0.023,1.934,m,FIX,2025-04-02 10:26:45.2 UTC-06:00,2025-04-02 10:26:48.2 UTC-06:00,16,1.5,1.8,468408.106,4313301.177,2422.571,-105.3646731,38.96811203,2408.544,87.176,,NAD83(2011) / UTM zone 13N + NAVD88(GEOID18) height,9,6,9,3,0,
116,,468367.72,4313379.142,2416.436,,-105.3651428,38.96881313,2402.41,Global,0.013,0.013,0.013,0.019,1.934,m,FIX,2025-04-02 10:27:07.0 UTC-06:00,2025-04-02 10:27:10.0 UTC-06:00,16,1.5,1.8,468408.106,4313301.177,2422.571,-105.3646731,38.96811203,2408.544,87.971,,NAD83(2011) / UTM zone 13N + NAVD88(GEOID18) height,9,6,9,3,0,
117,,468366.84,4313379.46,2416.401,,-105.365153,38.96881596,2402.375,Global,0.019,0.011,0.012,0.022,1.934,m,FIX,2025-04-02 10:27:20.2 UTC-06:00,2025-04-02 10:27:23.2 UTC-06:00,16,1.4,1.7,468408.106,4313301.177,2422.571,-105.3646731,38.96811203,2408.544,88.67,,NAD83(2011) / UTM zone 13N + NAVD88(GEOID18) height,10,6,8,3,0,
118,,468365.863,4313379.826,2416.469,,-105.3651643,38.96881922,2402.444,Global,0.013,0.015,0.012,0.02,1.934,m,FIX,2025-04-02 10:27:32.6 UTC-06:00,2025-04-02 10:27:35.6 UTC-06:00,16,1.4,1.7,468408.106,4313301.177,2422.571,-105.3646731,38.96811203,2408.544,89.444,,NAD83(2011) / UTM zone 13N + NAVD88(GEOID18) height,9,6,8,3,0,
119,,468364.937,4313380.207,2416.421,,-105.365175,38.96882262,2402.395,Global,0.013,0.015,0.011,0.02,1.934,m,FIX,2025-04-02 10:27:44.8 UTC-06:00,2025-04-02 10:27:47.8 UTC-06:00,16,1.4,1.7,468408.106,4313301.177,2422.571,-105.3646731,38.96811203,2408.544,90.222,,NAD83(2011) / UTM zone 13N + NAVD88(GEOID18) height,9,6,8,3,0,
120,,468364.02,4313380.582,2416.479,,-105.3651856,38.96882597,2402.453,Global,0.02,0.012,0.01,0.024,1.934,m,FIX,2025-04-02 10:27:59.4 UTC-06:00,2025-04-02 10:28:02.4 UTC-06:00,16,1.4,1.7,468408.106,4313301.177,2422.571,-105.3646731,38.96811203,2408.544,90.992,,NAD83(2011) / UTM zone 13N + NAVD88(GEOID18) height,9,6,8,3,0,
121,,468363.052,4313380.959,2416.495,,-105.3651968,38.96882933,2402.469,Global,0.011,0.017,0.012,0.02,1.934,m,FIX,2025-04-02 10:28:11.6 UTC-06:00,2025-04-02 10:28:14.6 UTC-06:00,16,1.4,1.7,468408.106,4313301.177,2422.571,-105.3646731,38.96811203,2408.544,91.779,,NAD83(2011) / UTM zone 13N + NAVD88(GEOID18) height,9,6,8,3,0,
122,,468362.13,4313381.302,2416.537,,-105.3652075,38.96883239,2402.511,Global,0.017,0.023,0.01,0.029,1.934,m,FIX,2025-04-02 10:28:24.8 UTC-06:00,2025-04-02 10:28:27.8 UTC-06:00,16,1.4,1.7,468408.106,4313301.177,2422.571,-105.3646731,38.96811203,2408.544,92.514,,NAD83(2011) / UTM zone 13N + NAVD88(GEOID18) height,9,6,8,3,0,
123,,468361.215,4313381.677,2416.537,,-105.3652181,38.96883574,2402.511,Global,0.011,0.03,0.011,0.032,1.934,m,FIX,2025-04-02 10:28:42.0 UTC-06:00,2025-04-02 10:28:45.0 UTC-06:00,16,1.4,1.7,468408.106,4313301.177,2422.571,-105.3646731,38.96811203,2408.544,93.305,,NAD83(2011) / UTM zone 13N + NAVD88(GEOID18) height,9,6,8,3,0,
124,,468360.268,4313382.038,2416.503,,-105.365229,38.96883896,2402.477,Global,0.018,0.011,0.016,0.021,1.934,m,FIX,2025-04-02 10:28:54.2 UTC-06:00,2025-04-02 10:28:57.2 UTC-06:00,16,1.4,1.7,468408.106,4313301.177,2422.571,-105.3646731,38.96811203,2408.544,94.122,,NAD83(2011) / UTM zone 13N + NAVD88(GEOID18) height,8,6,8,3,0,
125,,468359.324,4313382.366,2416.512,,-105.3652399,38.96884187,2402.487,Global,0.017,0.011,0.01,0.021,1.934,m,FIX,2025-04-02 10:29:11.8 UTC-06:00,2025-04-02 10:29:14.8 UTC-06:00,16,1.4,1.7,468408.106,4313301.177,2422.571,-105.3646731,38.96811203,2408.544,94.862,,NAD83(2011) / UTM zone 13N + NAVD88(GEOID18) height,9,6,8,3,0,
126,,468358.394,4313382.758,2416.55,,-105.3652507,38.96884538,2402.525,Global,0.021,0.016,0.011,0.027,1.934,m,FIX,2025-04-02 10:29:26.2 UTC-06:00,2025-04-02 10:29:29.2 UTC-06:00,16,1.4,1.7,468408.106,4313301.177,2422.571,-105.3646731,38.96811203,2408.544,95.673,,NAD83(2011) / UTM zone 13N + NAVD88(GEOID18) height,9,6,8,3,0,
127,,468357.505,4313383.142,2416.622,,-105.3652609,38.9688488,2402.597,Global,0.014,0.017,0.011,0.022,1.934,m,FIX,2025-04-02 10:29:41.4 UTC-06:00,2025-04-02 10:29:44.4 UTC-06:00,16,1.4,1.7,468408.106,4313301.177,2422.571,-105.3646731,38.96811203,2408.544,96.476,,NAD83(2011) / UTM zone 13N + NAVD88(GEOID18) height,9,6,8,3,0,
128,,468356.576,4313383.513,2416.581,,-105.3652717,38.96885211,2402.555,Global,0.021,0.017,0.011,0.027,1.934,m,FIX,2025-04-02 10:29:57.2 UTC-06:00,2025-04-02 10:30:00.2 UTC-06:00,16,1.4,1.7,468408.106,4313301.177,2422.571,-105.3646731,38.96811203,2408.544,97.277,,NAD83(2011) / UTM zone 13N + NAVD88(GEOID18) height,9,6,8,3,0,
129,,468355.634,4313383.874,2416.54,,-105.3652826,38.96885533,2402.515,Global,0.015,0.018,0.011,0.023,1.934,m,FIX,2025-04-02 10:30:14.4 UTC-06:00,2025-04-02 10:30:17.4 UTC-06:00,16,1.4,1.7,468408.106,4313301.177,2422.571,-105.3646731,38.96811203,2408.544,98.088,,NAD83(2011) / UTM zone 13N + NAVD88(GEOID18) height,9,6,8,3,0,
130,,468354.705,4313384.215,2416.585,,-105.3652933,38.96885838,2402.559,Global,0.011,0.015,0.01,0.019,1.934,m,FIX,2025-04-02 10:30:24.4 UTC-06:00,2025-04-02 10:30:27.4 UTC-06:00,16,1.4,1.7,468408.106,4313301.177,2422.571,-105.3646731,38.96811203,2408.544,98.908,,NAD83(2011) / UTM zone 13N + NAVD88(GEOID18) height,9,6,8,3,0,
131,,468353.786,4313384.557,2416.589,,-105.3653039,38.96886142,2402.563,Global,0.01,0.012,0.011,0.016,1.934,m,FIX,2025-04-02 10:30:34.4 UTC-06:00,2025-04-02 10:30:37.4 UTC-06:00,16,1.4,1.7,468408.106,4313301.177,2422.571,-105.3646731,38.96811203,2408.544,99.66,,NAD83(2011) / UTM zone 13N + NAVD88(GEOID18) height,9,6,7,3,0,
132,,468352.866,4313384.985,2416.621,,-105.3653146,38.96886524,2402.596,Global,0.021,0.024,0.01,0.032,1.934,m,FIX,2025-04-02 10:30:49.0 UTC-06:00,2025-04-02 10:30:52.0 UTC-06:00,16,1.4,1.7,468408.106,4313301.177,2422.571,-105.3646731,38.96811203,2408.544,100.513,,NAD83(2011) / UTM zone 13N + NAVD88(GEOID18) height,9,6,7,3,0,
133,,468351.901,4313385.328,2416.61,,-105.3653257,38.9688683,2402.585,Global,0.014,0.015,0.011,0.021,1.934,m,FIX,2025-04-02 10:31:01.0 UTC-06:00,2025-04-02 10:31:04.0 UTC-06:00,16,1.4,1.7,468408.106,4313301.177,2422.571,-105.3646731,38.96811203,2408.544,101.338,,NAD83(2011) / UTM zone 13N + NAVD88(GEOID18) height,9,6,7,3,0,
134,,468350.952,4313385.732,2416.613,,-105.3653367,38.96887191,2402.587,Global,0.011,0.015,0.012,0.018,1.934,m,FIX,2025-04-02 10:31:13.4 UTC-06:00,2025-04-02 10:31:16.4 UTC-06:00,16,1.4,1.7,468408.106,4313301.177,2422.571,-105.3646731,38.96811203,2408.544,102.202,,NAD83(2011) / UTM zone 13N + NAVD88(GEOID18) height,9,6,8,3,0,
135,,468350.074,4313386.062,2416.603,,-105.3653469,38.96887485,2402.577,Global,0.017,0.011,0.011,0.02,1.934,m,FIX,2025-04-02 10:31:25.2 UTC-06:00,2025-04-02 10:31:28.2 UTC-06:00,16,1.4,1.7,468408.106,4313301.177,2422.571,-105.3646731,38.96811203,2408.544,102.977,,NAD83(2011) / UTM zone 13N + NAVD88(GEOID18) height,9,6,8,3,0,
136,,468349.136,4313386.451,2416.601,,-105.3653577,38.96887832,2402.576,Global,0.019,0.018,0.011,0.026,1.934,m,FIX,2025-04-02 10:31:36.4 UTC-06:00,2025-04-02 10:31:39.4 UTC-06:00,16,1.4,1.7,468408.106,4313301.177,2422.571,-105.3646731,38.96811203,2408.544,103.82,,NAD83(2011) / UTM zone 13N + NAVD88(GEOID18) height,9,6,8,3,0,
137,,468348.234,4313386.831,2416.584,,-105.3653681,38.96888171,2402.558,Global,0.01,0.013,0.011,0.017,1.934,m,FIX,2025-04-02 10:31:49.6 UTC-06:00,2025-04-02 10:31:52.6 UTC-06:00,16,1.4,1.7,468408.106,4313301.177,2422.571,-105.3646731,38.96811203,2408.544,104.658,,NAD83(2011) / UTM zone 13N + NAVD88(GEOID18) height,9,6,8,3,0,
138,,468347.27,4313387.218,2416.528,,-105.3653793,38.96888517,2402.502,Global,0.012,0.022,0.011,0.025,1.934,m,FIX,2025-04-02 10:32:03.2 UTC-06:00,2025-04-02 10:32:06.2 UTC-06:00,16,1.4,1.7,468408.106,4313301.177,2422.571,-105.3646731,38.96811203,2408.544,105.517,,NAD83(2011) / UTM zone 13N + NAVD88(GEOID18) height,9,6,8,3,0,
139,,468346.342,4313387.529,2416.574,,-105.36539,38.96888793,2402.549,Global,0.011,0.012,0.011,0.016,1.934,m,FIX,2025-04-02 10:32:15.0 UTC-06:00,2025-04-02 10:32:18.0 UTC-06:00,16,1.4,1.7,468408.106,4313301.177,2422.571,-105.3646731,38.96811203,2408.544,106.316,,NAD83(2011) / UTM zone 13N + NAVD88(GEOID18) height,9,6,8,3,0,
140,,468345.42,4313387.888,2416.607,,-105.3654007,38.96889114,2402.582,Global,0.016,0.016,0.01,0.022,1.934,m,FIX,2025-04-02 10:32:27.8 UTC-06:00,2025-04-02 10:32:30.8 UTC-06:00,16,1.4,1.7,468408.106,4313301.177,2422.571,-105.3646731,38.96811203,2408.544,107.136,,NAD83(2011) / UTM zone 13N + NAVD88(GEOID18) height,9,6,8,3,0,
141,,468344.5,4313388.265,2416.54,,-105.3654113,38.9688945,2402.515,Global,0.011,0.011,0.012,0.015,1.934,m,FIX,2025-04-02 10:32:38.6 UTC-06:00,2025-04-02 10:32:41.6 UTC-06:00,16,1.4,1.7,468408.106,4313301.177,2422.571,-105.3646731,38.96811203,2408.544,108.005,,NAD83(2011) / UTM zone 13N + NAVD88(GEOID18) height,9,6,8,3,0,
142,,468343.534,4313388.595,2416.562,,-105.3654225,38.96889743,2402.536,Global,0.011,0.015,0.01,0.019,1.934,m,FIX,2025-04-02 10:32:49.4 UTC-06:00,2025-04-02 10:32:52.4 UTC-06:00,16,1.4,1.7,468408.106,4313301.177,2422.571,-105.3646731,38.96811203,2408.544,108.836,,NAD83(2011) / UTM zone 13N + NAVD88(GEOID18) height,9,6,9,3,0,
143,,468342.599,4313389.024,2416.475,,-105.3654333,38.96890127,2402.45,Global,0.011,0.011,0.011,0.015,1.934,m,FIX,2025-04-02 10:33:00.4 UTC-06:00,2025-04-02 10:33:03.4 UTC-06:00,16,1.4,1.7,468408.106,4313301.177,2422.571,-105.3646731,38.96811203,2408.544,109.74,,NAD83(2011) / UTM zone 13N + NAVD88(GEOID18) height,9,6,8,3,0,
144,,468341.7,4313389.37,2416.455,,-105.3654437,38.96890435,2402.43,Global,0.012,0.02,0.011,0.023,1.934,m,FIX,2025-04-02 10:33:12.6 UTC-06:00,2025-04-02 10:33:15.6 UTC-06:00,16,1.4,1.7,468408.106,4313301.177,2422.571,-105.3646731,38.96811203,2408.544,110.534,,NAD83(2011) / UTM zone 13N + NAVD88(GEOID18) height,9,6,8,3,0,
145,,468340.801,4313389.713,2416.49,,-105.3654541,38.96890741,2402.465,Global,0.014,0.01,0.013,0.017,1.934,m,FIX,2025-04-02 10:33:24.4 UTC-06:00,2025-04-02 10:33:27.4 UTC-06:00,16,1.4,1.7,468408.106,4313301.177,2422.571,-105.3646731,38.96811203,2408.544,111.379,,NAD83(2011) / UTM zone 13N + NAVD88(GEOID18) height,9,6,8,3,0,
146,,468339.838,4313390.087,2416.433,,-105.3654652,38.96891075,2402.407,Global,0.013,0.012,0.014,0.018,1.934,m,FIX,2025-04-02 10:33:36.2 UTC-06:00,2025-04-02 10:33:39.2 UTC-06:00,16,1.4,1.7,468408.106,4313301.177,2422.571,-105.3646731,38.96811203,2408.544,112.25,,NAD83(2011) / UTM zone 13N + NAVD88(GEOID18) height,9,6,8,3,0,
147,,468338.875,4313390.509,2416.33,,-105.3654763,38.96891451,2402.304,Global,0.011,0.011,0.011,0.015,1.934,m,FIX,2025-04-02 10:33:48.2 UTC-06:00,2025-04-02 10:33:51.2 UTC-06:00,16,1.4,1.7,468408.106,4313301.177,2422.571,-105.3646731,38.96811203,2408.544,113.185,,NAD83(2011) / UTM zone 13N + NAVD88(GEOID18) height,9,6,9,3,0,
148,,468337.895,4313390.725,2416.302,,-105.3654877,38.96891643,2402.276,Global,0.022,0.016,0.012,0.027,1.934,m,FIX,2025-04-02 10:34:00.8 UTC-06:00,2025-04-02 10:34:03.8 UTC-06:00,16,1.4,1.7,468408.106,4313301.177,2422.571,-105.3646731,38.96811203,2408.544,113.961,,NAD83(2011) / UTM zone 13N + NAVD88(GEOID18) height,9,6,8,3,0,
149,,468337.003,4313391.172,2416.364,,-105.365498,38.96892042,2402.338,Global,0.015,0.011,0.01,0.019,1.934,m,FIX,2025-04-02 10:34:13.8 UTC-06:00,2025-04-02 10:34:16.8 UTC-06:00,16,1.4,1.7,468408.106,4313301.177,2422.571,-105.3646731,38.96811203,2408.544,114.855,,NAD83(2011) / UTM zone 13N + NAVD88(GEOID18) height,9,6,8,3,0,
150,,468336.139,4313391.461,2416.361,,-105.365508,38.96892299,2402.336,Global,0.012,0.027,0.01,0.03,1.934,m,FIX,2025-04-02 10:34:25.2 UTC-06:00,2025-04-02 10:34:28.2 UTC-06:00,16,1.4,1.7,468408.106,4313301.177,2422.571,-105.3646731,38.96811203,2408.544,115.606,,NAD83(2011) / UTM zone 13N + NAVD88(GEOID18) height,9,6,8,3,0,
151,,468335.215,4313391.874,2416.528,,-105.3655187,38.96892668,2402.503,Global,0.019,0.011,0.011,0.022,1.934,m,FIX,2025-04-02 10:34:37.4 UTC-06:00,2025-04-02 10:34:40.4 UTC-06:00,16,1.4,1.7,468408.106,4313301.177,2422.571,-105.3646731,38.96811203,2408.544,116.509,,NAD83(2011) / UTM zone 13N + NAVD88(GEOID18) height,9,6,8,3,0,
152,,468334.321,4313392.139,2416.453,,-105.365529,38.96892904,2402.428,Global,0.012,0.012,0.01,0.017,1.934,m,FIX,2025-04-02 10:34:51.6 UTC-06:00,2025-04-02 10:34:54.6 UTC-06:00,16,1.4,1.7,468408.106,4313301.177,2422.571,-105.3646731,38.96811203,2408.544,117.294,,NAD83(2011) / UTM zone 13N + NAVD88(GEOID18) height,9,6,8,3,0,
153,,468333.23,4313392.524,2416.532,,-105.3655416,38.96893246,2402.507,Global,0.01,0.034,0.011,0.036,1.934,m,FIX,2025-04-02 10:35:03.8 UTC-06:00,2025-04-02 10:35:06.8 UTC-06:00,16,1.4,1.7,468408.106,4313301.177,2422.571,-105.3646731,38.96811203,2408.544,118.229,,NAD83(2011) / UTM zone 13N + NAVD88(GEOID18) height,9,6,8,3,0,
154,,468332.378,4313392.821,2416.511,,-105.3655514,38.96893511,2402.486,Global,0.015,0.014,0.018,0.02,1.934,m,FIX,2025-04-02 10:35:14.4 UTC-06:00,2025-04-02 10:35:17.4 UTC-06:00,16,1.4,1.7,468408.106,4313301.177,2422.571,-105.3646731,38.96811203,2408.544,119.051,,NAD83(2011) / UTM zone 13N + NAVD88(GEOID18) height,9,6,7,3,0,
155,,468331.417,4313393.201,2416.516,,-105.3655625,38.96893851,2402.491,Global,0.012,0.017,0.014,0.02,1.934,m,FIX,2025-04-02 10:35:26.8 UTC-06:00,2025-04-02 10:35:29.8 UTC-06:00,16,1.4,1.7,468408.106,4313301.177,2422.571,-105.3646731,38.96811203,2408.544,119.945,,NAD83(2011) / UTM zone 13N + NAVD88(GEOID18) height,9,6,8,3,0,
156,,468330.526,4313393.678,2416.535,,-105.3655729,38.96894277,2402.51,Global,0.015,0.014,0.01,0.02,1.934,m,FIX,2025-04-02 10:35:39.4 UTC-06:00,2025-04-02 10:35:42.4 UTC-06:00,16,1.4,1.7,468408.106,4313301.177,2422.571,-105.3646731,38.96811203,2408.544,120.889,,NAD83(2011) / UTM zone 13N + NAVD88(GEOID18) height,9,6,8,3,0,
157,,468329.519,4313393.932,2416.612,,-105.3655845,38.96894503,2402.587,Global,0.011,0.013,0.01,0.017,1.934,m,FIX,2025-04-02 10:35:52.4 UTC-06:00,2025-04-02 10:35:55.4 UTC-06:00,16,1.5,1.8,468408.106,4313301.177,2422.571,-105.3646731,38.96811203,2408.544,121.733,,NAD83(2011) / UTM zone 13N + NAVD88(GEOID18) height,9,6,8,3,0,
158,,468328.631,4313394.271,2416.811,,-105.3655948,38.96894805,2402.786,Global,0.016,0.011,0.01,0.019,1.934,m,FIX,2025-04-02 10:36:39.0 UTC-06:00,2025-04-02 10:36:42.0 UTC-06:00,16,1.4,1.7,468408.106,4313301.177,2422.571,-105.3646731,38.96811203,2408.544,122.569,,NAD83(2011) / UTM zone 13N + NAVD88(GEOID18) height,9,6,8,3,0,
159,,468327.513,4313394.647,2417.12,,-105.3656077,38.96895139,2403.095,Global,0.011,0.014,0.012,0.018,1.934,m,FIX,2025-04-02 10:36:57.0 UTC-06:00,2025-04-02 10:37:00.0 UTC-06:00,16,1.5,1.8,468408.106,4313301.177,2422.571,-105.3646731,38.96811203,2408.544,123.574,,NAD83(2011) / UTM zone 13N + NAVD88(GEOID18) height,9,6,7,3,0,
160,,468326.595,4313394.804,2417.325,,-105.3656183,38.96895277,2403.3,Global,0.011,0.011,0.02,0.015,1.934,m,FIX,2025-04-02 10:37:24.2 UTC-06:00,2025-04-02 10:37:27.2 UTC-06:00,16,1.6,2,468408.106,4313301.177,2422.571,-105.3646731,38.96811203,2408.544,124.281,,NAD83(2011) / UTM zone 13N + NAVD88(GEOID18) height,8,6,7,3,0,
161,,468325.735,4313395.044,2417.598,,-105.3656282,38.96895491,2403.573,Global,0.011,0.011,0.015,0.016,1.934,m,FIX,2025-04-02 10:37:48.6 UTC-06:00,2025-04-02 10:37:51.6 UTC-06:00,16,1.4,1.7,468408.106,4313301.177,2422.571,-105.3646731,38.96811203,2408.544,125.026,,NAD83(2011) / UTM zone 13N + NAVD88(GEOID18) height,8,6,8,3,0,
162,,468324.825,4313395.498,2417.833,,-105.3656388,38.96895897,2403.808,Global,0.011,0.011,0.012,0.015,1.934,m,FIX,2025-04-02 10:38:08.6 UTC-06:00,2025-04-02 10:38:11.6 UTC-06:00,16,1.4,1.7,468408.106,4313301.177,2422.571,-105.3646731,38.96811203,2408.544,125.954,,NAD83(2011) / UTM zone 13N + NAVD88(GEOID18) height,9,6,8,3,0,
163,,468323.767,4313395.934,2418.145,,-105.365651,38.96896285,2404.12,Global,0.013,0.011,0.016,0.018,1.934,m,FIX,2025-04-02 10:38:28.6 UTC-06:00,2025-04-02 10:38:31.6 UTC-06:00,16,1.4,1.7,468408.106,4313301.177,2422.571,-105.3646731,38.96811203,2408.544,126.965,,NAD83(2011) / UTM zone 13N + NAVD88(GEOID18) height,9,6,7,3,0,
164,,468323.721,4313395.969,2418.192,,-105.3656515,38.96896317,2404.167,Global,0.012,0.011,0.018,0.017,1.934,m,FIX,2025-04-02 10:40:02.8 UTC-06:00,2025-04-02 10:40:05.8 UTC-06:00,16,1.4,1.7,468408.106,4313301.177,2422.571,-105.3646731,38.96811203,2408.544,127.031,,NAD83(2011) / UTM zone 13N + NAVD88(GEOID18) height,8,6,8,3,0,
165,,468323.692,4313395.83,2418.151,,-105.3656518,38.96896191,2404.126,Global,0.012,0.01,0.016,0.016,1.934,m,FIX,2025-04-02 10:40:17.6 UTC-06:00,2025-04-02 10:40:20.6 UTC-06:00,16,1.4,1.7,468408.106,4313301.177,2422.571,-105.3646731,38.96811203,2408.544,126.946,,NAD83(2011) / UTM zone 13N + NAVD88(GEOID18) height,8,6,8,3,0,
166,,468323.885,4313395.926,2418.139,,-105.3656496,38.96896279,2404.114,Global,0.011,0.011,0.017,0.016,1.934,m,FIX,2025-04-02 10:40:27.2 UTC-06:00,2025-04-02 10:40:30.2 UTC-06:00,16,1.4,1.7,468408.106,4313301.177,2422.571,-105.3646731,38.96811203,2408.544,126.897,,NAD83(2011) / UTM zone 13N + NAVD88(GEOID18) height,8,6,7,3,0,
167,,468323.762,4313396.083,2418.136,,-105.3656511,38.96896419,2404.111,Global,0.012,0.011,0.018,0.017,1.934,m,FIX,2025-04-02 10:40:37.4 UTC-06:00,2025-04-02 10:40:40.4 UTC-06:00,16,1.4,1.7,468408.106,4313301.177,2422.571,-105.3646731,38.96811203,2408.544,127.088,,NAD83(2011) / UTM zone 13N + NAVD88(GEOID18) height,9,6,7,3,0,
168,,468323.465,4313395.985,2418.266,,-105.3656545,38.9689633,2404.241,Global,0.013,0.013,0.018,0.018,1.934,m,FIX,2025-04-02 10:40:47.0 UTC-06:00,2025-04-02 10:40:50.0 UTC-06:00,16,1.4,1.7,468408.106,4313301.177,2422.571,-105.3646731,38.96811203,2408.544,127.226,,NAD83(2011) / UTM zone 13N + NAVD88(GEOID18) height,9,6,8,3,0,
169,,468323.743,4313395.985,2418.151,,-105.3656513,38.96896331,2404.126,Global,0.011,0.014,0.016,0.018,1.934,m,FIX,2025-04-02 10:41:07.2 UTC-06:00,2025-04-02 10:41:10.2 UTC-06:00,16,1.5,1.7,468408.106,4313301.177,2422.571,-105.3646731,38.96811203,2408.544,127.042,,NAD83(2011) / UTM zone 13N + NAVD88(GEOID18) height,8,6,8,3,0,
170,,468323.729,4313395.959,2418.169,,-105.3656514,38.96896308,2404.144,Global,0.011,0.01,0.019,0.015,1.934,m,FIX,2025-04-02 10:41:23.6 UTC-06:00,2025-04-02 10:41:26.6 UTC-06:00,16,1.4,1.7,468408.106,4313301.177,2422.571,-105.3646731,38.96811203,2408.544,127.022,,NAD83(2011) / UTM zone 13N + NAVD88(GEOID18) height,8,6,8,3,0,
171,,468323.729,4313395.97,2418.17,,-105.3656514,38.96896318,2404.145,Global,0.012,0.012,0.017,0.017,1.934,m,FIX,2025-04-02 10:41:39.0 UTC-06:00,2025-04-02 10:42:09.0 UTC-06:00,151,1.4,1.7,468408.106,4313301.177,2422.571,-105.3646731,38.96811203,2408.544,127.036,,NAD83(2011) / UTM zone 13N + NAVD88(GEOID18) height,9,6,8,3,0,
172,,468370.824,4313377.616,2416.634,,-105.365107,38.96879948,2402.608,Global,0.011,0.012,0.011,0.016,1.934,m,FIX,2025-04-02 10:45:51.4 UTC-06:00,2025-04-02 10:46:21.4 UTC-06:00,151,1.2,1.4,468408.106,4313301.177,2422.571,-105.3646731,38.96811203,2408.544,85.211,,NAD83(2011) / UTM zone 13N + NAVD88(GEOID18) height,9,6,7,3,0,
173,,468526.937,4313317.266,2422.989,,-105.3633021,38.96826128,2408.96,Global,0.011,0.012,0.012,0.016,1.934,m,FIX,2025-04-02 10:59:55.6 UTC-06:00,2025-04-02 11:00:25.6 UTC-06:00,151,1.2,1.4,468408.106,4313301.177,2422.571,-105.3646731,38.96811203,2408.544,120.024,,NAD83(2011) / UTM zone 13N + NAVD88(GEOID18) height,8,6,7,5,0,
174,,468526.951,4313317.267,2422.986,,-105.363302,38.96826129,2408.957,Global,0.013,0.011,0.011,0.017,1.934,m,FIX,2025-04-02 11:00:53.8 UTC-06:00,2025-04-02 11:00:56.8 UTC-06:00,16,1.1,1.3,468408.106,4313301.177,2422.571,-105.3646731,38.96811203,2408.544,120.051,,NAD83(2011) / UTM zone 13N + NAVD88(GEOID18) height,8,7,7,5,0,
175,,468526.83,4313317.149,2422.992,,-105.3633034,38.96826023,2408.962,Global,0.012,0.017,0.01,0.021,1.934,m,FIX,2025-04-02 11:01:03.4 UTC-06:00,2025-04-02 11:01:06.4 UTC-06:00,16,1.1,1.2,468408.106,4313301.177,2422.571,-105.3646731,38.96811203,2408.544,119.905,,NAD83(2011) / UTM zone 13N + NAVD88(GEOID18) height,8,7,7,5,0,
176,,468526.847,4313317.314,2422.898,,-105.3633032,38.96826171,2408.869,Global,0.011,0.011,0.012,0.015,1.934,m,FIX,2025-04-02 11:01:14.6 UTC-06:00,2025-04-02 11:01:17.6 UTC-06:00,16,1.2,1.4,468408.106,4313301.177,2422.571,-105.3646731,38.96811203,2408.544,119.944,,NAD83(2011) / UTM zone 13N + NAVD88(GEOID18) height,8,7,7,5,0,
177,,468527.06,4313317.352,2422.976,,-105.3633007,38.96826206,2408.947,Global,0.011,0.011,0.013,0.016,1.934,m,FIX,2025-04-02 11:01:27.6 UTC-06:00,2025-04-02 11:01:30.6 UTC-06:00,16,1.2,1.4,468408.106,4313301.177,2422.571,-105.3646731,38.96811203,2408.544,120.16,,NAD83(2011) / UTM zone 13N + NAVD88(GEOID18) height,8,7,7,5,0,
178,,468527.034,4313317.201,2423.018,,-105.363301,38.9682607,2408.989,Global,0.013,0.019,0.011,0.023,1.934,m,FIX,2025-04-02 11:01:36.4 UTC-06:00,2025-04-02 11:01:39.4 UTC-06:00,16,1.2,1.4,468408.106,4313301.177,2422.571,-105.3646731,38.96811203,2408.544,120.102,,NAD83(2011) / UTM zone 13N + NAVD88(GEOID18) height,8,7,7,5,0,
179,,468526.962,4313317.287,2422.929,,-105.3633019,38.96826147,2408.9,Global,0.011,0.01,0.01,0.015,1.934,m,FIX,2025-04-02 11:01:51.8 UTC-06:00,2025-04-02 11:01:54.8 UTC-06:00,16,1.2,1.4,468408.106,4313301.177,2422.571,-105.3646731,38.96811203,2408.544,120.065,,NAD83(2011) / UTM zone 13N + NAVD88(GEOID18) height,8,7,7,5,0,
180,,468526.944,4313317.259,2422.996,,-105.3633021,38.96826122,2408.967,Global,0.012,0.014,0.011,0.019,1.934,m,FIX,2025-04-02 11:02:05.0 UTC-06:00,2025-04-02 11:02:08.0 UTC-06:00,16,1.2,1.4,468408.106,4313301.177,2422.571,-105.3646731,38.96811203,2408.544,120.045,,NAD83(2011) / UTM zone 13N + NAVD88(GEOID18) height,8,7,7,5,0,
181,,468298.684,4313310.401,2417.12,,-105.3659366,38.9681912,2403.094,Global,0.012,0.013,0.011,0.018,1.934,m,FIX,2025-04-02 11:17:22.8 UTC-06:00,2025-04-02 11:17:52.8 UTC-06:00,151,1.1,1.3,468408.106,4313301.177,2422.571,-105.3646731,38.96811203,2408.544,109.939,,NAD83(2011) / UTM zone 13N + NAVD88(GEOID18) height,8,6,7,5,0,
182,,468298.67,4313310.4,2417.12,,-105.3659367,38.96819118,2403.095,Global,0.011,0.014,0.01,0.018,1.934,m,FIX,2025-04-02 11:18:03.2 UTC-06:00,2025-04-02 11:18:06.2 UTC-06:00,16,1.1,1.2,468408.106,4313301.177,2422.571,-105.3646731,38.96811203,2408.544,109.961,,NAD83(2011) / UTM zone 13N + NAVD88(GEOID18) height,9,6,7,5,0,
183,,468298.557,4313310.402,2417.08,,-105.365938,38.9681912,2403.054,Global,0.011,0.036,0.011,0.037,1.934,m,FIX,2025-04-02 11:18:12.8 UTC-06:00,2025-04-02 11:18:15.8 UTC-06:00,16,1.1,1.2,468408.106,4313301.177,2422.571,-105.3646731,38.96811203,2408.544,110.072,,NAD83(2011) / UTM zone 13N + NAVD88(GEOID18) height,9,6,6,4,0,
184,,468298.618,4313310.533,2417.058,,-105.3659373,38.96819238,2403.033,Global,0.011,0.013,0.011,0.017,1.934,m,FIX,2025-04-02 11:18:22.2 UTC-06:00,2025-04-02 11:18:25.2 UTC-06:00,16,1.1,1.2,468408.106,4313301.177,2422.571,-105.3646731,38.96811203,2408.544,110.023,,NAD83(2011) / UTM zone 13N + NAVD88(GEOID18) height,7,6,6,5,0,
185,,468298.812,4313310.466,2417.055,,-105.3659351,38.96819178,2403.03,Global,0.015,0.012,0.01,0.019,1.934,m,FIX,2025-04-02 11:18:31.0 UTC-06:00,2025-04-02 11:18:34.0 UTC-06:00,16,1.1,1.2,468408.106,4313301.177,2422.571,-105.3646731,38.96811203,2408.544,109.825,,NAD83(2011) / UTM zone 13N + NAVD88(GEOID18) height,9,6,6,5,0,
186,,468298.703,4313310.283,2417.086,,-105.3659363,38.96819013,2403.061,Global,0.01,0.01,0.01,0.014,1.934,m,FIX,2025-04-02 11:18:43.0 UTC-06:00,2025-04-02 11:18:46.0 UTC-06:00,16,1.1,1.2,468408.106,4313301.177,2422.571,-105.3646731,38.96811203,2408.544,109.92,,NAD83(2011) / UTM zone 13N + NAVD88(GEOID18) height,9,6,6,5,0,
187,,468298.722,4313310.391,2417.074,,-105.3659361,38.9681911,2403.048,Global,0.012,0.01,0.01,0.016,1.934,m,FIX,2025-04-02 11:19:00.6 UTC-06:00,2025-04-02 11:19:03.6 UTC-06:00,16,1.1,1.2,468408.106,4313301.177,2422.571,-105.3646731,38.96811203,2408.544,109.919,,NAD83(2011) / UTM zone 13N + NAVD88(GEOID18) height,9,6,6,5,0,
188,,468298.689,4313310.411,2417.109,,-105.3659365,38.96819128,2403.084,Global,0.013,0.012,0.011,0.017,1.934,m,FIX,2025-04-02 11:19:11.6 UTC-06:00,2025-04-02 11:19:14.6 UTC-06:00,16,1.1,1.2,468408.106,4313301.177,2422.571,-105.3646731,38.96811203,2408.544,109.943,,NAD83(2011) / UTM zone 13N + NAVD88(GEOID18) height,9,6,6,5,0,
189,,468298.632,4313310.628,2417.029,,-105.3659372,38.96819323,2403.004,Global,0.011,0.011,0.011,0.015,1.934,m,FIX,2025-04-02 11:26:10.8 UTC-06:00,2025-04-02 11:26:13.8 UTC-06:00,16,1.3,1.5,468408.106,4313301.177,2422.571,-105.3646731,38.96811203,2408.544,110.03,,NAD83(2011) / UTM zone 13N + NAVD88(GEOID18) height,8,5,8,5,0,
190,,468298.551,4313310.832,2417.018,,-105.3659381,38.96819507,2402.993,Global,0.015,0.016,0.01,0.021,1.934,m,FIX,2025-04-02 11:26:19.4 UTC-06:00,2025-04-02 11:26:22.4 UTC-06:00,16,1.3,1.5,468408.106,4313301.177,2422.571,-105.3646731,38.96811203,2408.544,110.116,,NAD83(2011) / UTM zone 13N + NAVD88(GEOID18) height,8,5,8,5,0,
191,,468298.464,4313311.002,2416.959,,-105.3659391,38.9681966,2402.934,Global,0.015,0.011,0.011,0.018,1.934,m,FIX,2025-04-02 11:26:28.6 UTC-06:00,2025-04-02 11:26:31.6 UTC-06:00,16,1.3,1.5,468408.106,4313301.177,2422.571,-105.3646731,38.96811203,2408.544,110.213,,NAD83(2011) / UTM zone 13N + NAVD88(GEOID18) height,8,6,8,5,0,
192,,468298.388,4313311.185,2416.929,,-105.36594,38.96819824,2402.904,Global,0.011,0.02,0.01,0.023,1.934,m,FIX,2025-04-02 11:26:38.4 UTC-06:00,2025-04-02 11:26:41.4 UTC-06:00,16,1.3,1.5,468408.106,4313301.177,2422.571,-105.3646731,38.96811203,2408.544,110.327,,NAD83(2011) / UTM zone 13N + NAVD88(GEOID18) height,8,6,8,5,0,
193,,468298.335,4313311.345,2416.918,,-105.3659406,38.96819968,2402.893,Global,0.011,0.023,0.01,0.025,1.934,m,FIX,2025-04-02 11:26:47.6 UTC-06:00,2025-04-02 11:26:50.6 UTC-06:00,16,1.2,1.4,468408.106,4313301.177,2422.571,-105.3646731,38.96811203,2408.544,110.382,,NAD83(2011) / UTM zone 13N + NAVD88(GEOID18) height,8,6,8,5,0,
194,,468298.259,4313311.556,2416.906,,-105.3659415,38.96820158,2402.881,Global,0.01,0.011,0.01,0.015,1.934,m,FIX,2025-04-02 11:26:56.4 UTC-06:00,2025-04-02 11:26:59.4 UTC-06:00,16,1.2,1.4,468408.106,4313301.177,2422.571,-105.3646731,38.96811203,2408.544,110.483,,NAD83(2011) / UTM zone 13N + NAVD88(GEOID18) height,8,6,8,5,0,
195,,468298.158,4313311.744,2416.862,,-105.3659427,38.96820328,2402.837,Global,0.01,0.01,0.011,0.015,1.934,m,FIX,2025-04-02 11:27:06.2 UTC-06:00,2025-04-02 11:27:09.2 UTC-06:00,16,1.2,1.4,468408.106,4313301.177,2422.571,-105.3646731,38.96811203,2408.544,110.6,,NAD83(2011) / UTM zone 13N + NAVD88(GEOID18) height,9,6,8,5,0,
196,,468298.111,4313311.941,2416.852,,-105.3659432,38.96820505,2402.827,Global,0.013,0.014,0.01,0.019,1.934,m,FIX,2025-04-02 11:27:17.0 UTC-06:00,2025-04-02 11:27:20.0 UTC-06:00,16,1.2,1.4,468408.106,4313301.177,2422.571,-105.3646731,38.96811203,2408.544,110.673,,NAD83(2011) / UTM zone 13N + NAVD88(GEOID18) height,8,6,8,5,0,
197,,468298.045,4313312.12,2416.818,,-105.365944,38.96820666,2402.793,Global,0.011,0.019,0.01,0.022,1.934,m,FIX,2025-04-02 11:27:26.8 UTC-06:00,2025-04-02 11:27:29.8 UTC-06:00,16,1.2,1.4,468408.106,4313301.177,2422.571,-105.3646731,38.96811203,2408.544,110.754,,NAD83(2011) / UTM zone 13N + NAVD88(GEOID18) height,8,6,8,5,0,
198,,468298.028,4313312.256,2416.791,,-105.3659442,38.96820788,2402.766,Global,0.01,0.014,0.01,0.017,1.934,m,FIX,2025-04-02 11:27:48.8 UTC-06:00,2025-04-02 11:27:51.8 UTC-06:00,16,1.2,1.4,468408.106,4313301.177,2422.571,-105.3646731,38.96811203,2408.544,110.782,,NAD83(2011) / UTM zone 13N + NAVD88(GEOID18) height,8,6,7,5,0,
199,,468297.968,4313312.279,2416.769,,-105.3659449,38.96820809,2402.743,Global,0.017,0.014,0.011,0.022,1.934,m,FIX,2025-04-02 11:28:02.8 UTC-06:00,2025-04-02 11:28:05.8 UTC-06:00,16,1.2,1.4,468408.106,4313301.177,2422.571,-105.3646731,38.96811203,2408.544,110.832,,NAD83(2011) / UTM zone 13N + NAVD88(GEOID18) height,8,6,6,5,0,
200,,468298.025,4313312.374,2416.587,,-105.3659443,38.96820895,2402.562,Global,0.01,0.011,0.01,0.015,1.934,m,FIX,2025-04-02 11:28:29.6 UTC-06:00,2025-04-02 11:28:32.6 UTC-06:00,16,1.2,1.4,468408.106,4313301.177,2422.571,-105.3646731,38.96811203,2408.544,110.809,,NAD83(2011) / UTM zone 13N + NAVD88(GEOID18) height,8,6,6,5,0,
201,,468297.908,4313312.478,2416.571,,-105.3659456,38.96820988,2402.546,Global,0.011,0.019,0.01,0.022,1.934,m,FIX,2025-04-02 11:28:41.4 UTC-06:00,2025-04-02 11:28:44.4 UTC-06:00,16,1.2,1.4,468408.106,4313301.177,2422.571,-105.3646731,38.96811203,2408.544,110.937,,NAD83(2011) / UTM zone 13N + NAVD88(GEOID18) height,8,6,6,5,0,
202,,468297.822,4313312.693,2416.485,,-105.3659466,38.96821181,2402.46,Global,0.013,0.012,0.01,0.018,1.934,m,FIX,2025-04-02 11:28:49.2 UTC-06:00,2025-04-02 11:28:52.2 UTC-06:00,16,1.2,1.4,468408.106,4313301.177,2422.571,-105.3646731,38.96811203,2408.544,111.042,,NAD83(2011) / UTM zone 13N + NAVD88(GEOID18) height,8,6,6,5,0,
203,,468297.752,4313312.839,2416.478,,-105.3659474,38.96821313,2402.452,Global,0.011,0.013,0.011,0.017,1.934,m,FIX,2025-04-02 11:29:00.0 UTC-06:00,2025-04-02 11:29:03.0 UTC-06:00,16,1.2,1.4,468408.106,4313301.177,2422.571,-105.3646731,38.96811203,2408.544,111.137,,NAD83(2011) / UTM zone 13N + NAVD88(GEOID18) height,8,6,7,5,0,
204,,468297.737,4313313.079,2416.474,,-105.3659476,38.96821529,2402.449,Global,0.011,0.011,0.01,0.016,1.934,m,FIX,2025-04-02 11:29:08.8 UTC-06:00,2025-04-02 11:29:11.8 UTC-06:00,16,1.2,1.4,468408.106,4313301.177,2422.571,-105.3646731,38.96811203,2408.544,111.17,,NAD83(2011) / UTM zone 13N + NAVD88(GEOID18) height,9,6,7,5,0,
205,,468297.625,4313313.216,2416.445,,-105.3659489,38.96821652,2402.419,Global,0.014,0.013,0.011,0.019,1.934,m,FIX,2025-04-02 11:29:18.2 UTC-06:00,2025-04-02 11:29:21.2 UTC-06:00,16,1.2,1.4,468408.106,4313301.177,2422.571,-105.3646731,38.96811203,2408.544,111.29,,NAD83(2011) / UTM zone 13N + NAVD88(GEOID18) height,9,6,7,5,0,
206,,468297.526,4313313.409,2416.417,,-105.3659501,38.96821825,2402.392,Global,0.014,0.012,0.01,0.019,1.934,m,FIX,2025-04-02 11:29:28.8 UTC-06:00,2025-04-02 11:29:31.8 UTC-06:00,16,1.2,1.4,468408.106,4313301.177,2422.571,-105.3646731,38.96811203,2408.544,111.43,,NAD83(2011) / UTM zone 13N + NAVD88(GEOID18) height,9,6,7,5,0,
207,,468297.452,4313313.607,2416.393,,-105.3659509,38.96822004,2402.368,Global,0.016,0.01,0.01,0.019,1.934,m,FIX,2025-04-02 11:29:41.2 UTC-06:00,2025-04-02 11:29:44.2 UTC-06:00,16,1.2,1.4,468408.106,4313301.177,2422.571,-105.3646731,38.96811203,2408.544,111.537,,NAD83(2011) / UTM zone 13N + NAVD88(GEOID18) height,9,6,7,5,0,
208,,468297.399,4313313.781,2416.363,,-105.3659515,38.96822161,2402.337,Global,0.014,0.011,0.01,0.017,1.934,m,FIX,2025-04-02 11:29:58.0 UTC-06:00,2025-04-02 11:30:01.0 UTC-06:00,16,1.2,1.4,468408.106,4313301.177,2422.571,-105.3646731,38.96811203,2408.544,111.58,,NAD83(2011) / UTM zone 13N + NAVD88(GEOID18) height,9,6,7,5,0,
209,,468297.429,4313314.052,2416.357,,-105.3659512,38.96822405,2402.332,Global,0.012,0.013,0.01,0.017,1.934,m,FIX,2025-04-02 11:30:09.8 UTC-06:00,2025-04-02 11:30:12.8 UTC-06:00,16,1.2,1.4,468408.106,4313301.177,2422.571,-105.3646731,38.96811203,2408.544,111.594,,NAD83(2011) / UTM zone 13N + NAVD88(GEOID18) height,9,6,6,5,0,
210,,468297.314,4313314.179,2416.325,,-105.3659525,38.96822519,2402.299,Global,0.015,0.013,0.01,0.019,1.934,m,FIX,2025-04-02 11:30:18.4 UTC-06:00,2025-04-02 11:30:21.4 UTC-06:00,16,1.3,1.6,468408.106,4313301.177,2422.571,-105.3646731,38.96811203,2408.544,111.73,,NAD83(2011) / UTM zone 13N + NAVD88(GEOID18) height,9,6,6,5,0,
211,,468297.176,4313314.33,2416.336,,-105.3659541,38.96822654,2402.311,Global,0.011,0.012,0.01,0.016,1.934,m,FIX,2025-04-02 11:30:27.6 UTC-06:00,2025-04-02 11:30:30.6 UTC-06:00,16,1.3,1.6,468408.106,4313301.177,2422.571,-105.3646731,38.96811203,2408.544,111.866,,NAD83(2011) / UTM zone 13N + NAVD88(GEOID18) height,10,6,6,5,0,
212,,468297.082,4313314.532,2416.298,,-105.3659552,38.96822835,2402.272,Global,0.012,0.015,0.01,0.019,1.934,m,FIX,2025-04-02 11:30:35.4 UTC-06:00,2025-04-02 11:30:38.4 UTC-06:00,16,1.3,1.6,468408.106,4313301.177,2422.571,-105.3646731,38.96811203,2408.544,112.003,,NAD83(2011) / UTM zone 13N + NAVD88(GEOID18) height,9,6,7,5,0,
213,,468296.922,4313314.75,2416.283,,-105.3659571,38.96823032,2402.258,Global,0.015,0.01,0.012,0.018,1.934,m,FIX,2025-04-02 11:30:44.2 UTC-06:00,2025-04-02 11:30:47.2 UTC-06:00,16,1.2,1.5,468408.106,4313301.177,2422.571,-105.3646731,38.96811203,2408.544,112.173,,NAD83(2011) / UTM zone 13N + NAVD88(GEOID18) height,9,6,7,5,0,
214,,468296.927,4313314.897,2416.254,,-105.365957,38.96823164,2402.229,Global,0.012,0.012,0.01,0.016,1.934,m,FIX,2025-04-02 11:30:52.4 UTC-06:00,2025-04-02 11:30:55.4 UTC-06:00,16,1.2,1.5,468408.106,4313301.177,2422.571,-105.3646731,38.96811203,2408.544,112.186,,NAD83(2011) / UTM zone 13N + NAVD88(GEOID18) height,9,6,7,5,0,
215,,468296.835,4313315.118,2416.261,,-105.3659581,38.96823363,2402.236,Global,0.013,0.014,0.01,0.019,1.934,m,FIX,2025-04-02 11:31:00.8 UTC-06:00,2025-04-02 11:31:03.8 UTC-06:00,16,1.2,1.5,468408.106,4313301.177,2422.571,-105.3646731,38.96811203,2408.544,112.319,,NAD83(2011) / UTM zone 13N + NAVD88(GEOID18) height,9,6,7,5,0,
216,,468296.797,4313315.312,2416.268,,-105.3659586,38.96823537,2402.243,Global,0.01,0.011,0.01,0.015,1.934,m,FIX,2025-04-02 11:31:11.4 UTC-06:00,2025-04-02 11:31:14.4 UTC-06:00,16,1.2,1.5,468408.106,4313301.177,2422.571,-105.3646731,38.96811203,2408.544,112.378,,NAD83(2011) / UTM zone 13N + NAVD88(GEOID18) height,9,6,7,5,0,
217,,468296.629,4313315.437,2416.256,,-105.3659605,38.9682365,2402.231,Global,0.015,0.02,0.011,0.025,1.934,m,FIX,2025-04-02 11:31:21.2 UTC-06:00,2025-04-02 11:31:24.2 UTC-06:00,16,1.2,1.5,468408.106,4313301.177,2422.571,-105.3646731,38.96811203,2408.544,112.578,,NAD83(2011) / UTM zone 13N + NAVD88(GEOID18) height,9,6,7,5,0,
218,,468296.598,4313315.617,2416.188,,-105.3659609,38.96823811,2402.163,Global,0.01,0.012,0.012,0.016,1.934,m,FIX,2025-04-02 11:31:31.0 UTC-06:00,2025-04-02 11:31:34.0 UTC-06:00,16,1.2,1.5,468408.106,4313301.177,2422.571,-105.3646731,38.96811203,2408.544,112.612,,NAD83(2011) / UTM zone 13N + NAVD88(GEOID18) height,9,6,7,5,0,
219,,468296.573,4313315.842,2416.158,,-105.3659612,38.96824014,2402.133,Global,0.013,0.013,0.012,0.018,1.934,m,FIX,2025-04-02 11:31:43.4 UTC-06:00,2025-04-02 11:31:46.4 UTC-06:00,16,1.2,1.5,468408.106,4313301.177,2422.571,-105.3646731,38.96811203,2408.544,112.68,,NAD83(2011) / UTM zone 13N + NAVD88(GEOID18) height,9,6,7,5,0,
220,,468296.547,4313316.022,2416.111,,-105.3659615,38.96824177,2402.085,Global,0.011,0.011,0.011,0.016,1.934,m,FIX,2025-04-02 11:31:51.2 UTC-06:00,2025-04-02 11:31:54.2 UTC-06:00,16,1.2,1.5,468408.106,4313301.177,2422.571,-105.3646731,38.96811203,2408.544,112.711,,NAD83(2011) / UTM zone 13N + NAVD88(GEOID18) height,9,6,7,5,0,
221,,468296.46,4313316.23,2416.095,,-105.3659625,38.96824363,2402.069,Global,0.011,0.01,0.01,0.015,1.934,m,FIX,2025-04-02 11:32:03.6 UTC-06:00,2025-04-02 11:32:06.6 UTC-06:00,16,1.2,1.5,468408.106,4313301.177,2422.571,-105.3646731,38.96811203,2408.544,112.84,,NAD83(2011) / UTM zone 13N + NAVD88(GEOID18) height,9,6,6,5,0,
222,,468296.339,4313316.434,2416.076,,-105.3659639,38.96824547,2402.05,Global,0.018,0.014,0.011,0.022,1.934,m,FIX,2025-04-02 11:32:29.2 UTC-06:00,2025-04-02 11:32:32.2 UTC-06:00,16,1.2,1.5,468408.106,4313301.177,2422.571,-105.3646731,38.96811203,2408.544,112.983,,NAD83(2011) / UTM zone 13N + NAVD88(GEOID18) height,9,6,7,5,0,
223,,468296.338,4313316.629,2416.058,,-105.3659639,38.96824723,2402.033,Global,0.013,0.012,0.01,0.017,1.934,m,FIX,2025-04-02 11:32:41.8 UTC-06:00,2025-04-02 11:32:44.8 UTC-06:00,16,1.2,1.5,468408.106,4313301.177,2422.571,-105.3646731,38.96811203,2408.544,113.022,,NAD83(2011) / UTM zone 13N + NAVD88(GEOID18) height,9,6,7,5,0,
224,,468296.257,4313316.828,2415.995,,-105.3659649,38.96824902,2401.97,Global,0.014,0.023,0.01,0.026,1.934,m,FIX,2025-04-02 11:34:15.4 UTC-06:00,2025-04-02 11:34:18.4 UTC-06:00,16,1.3,1.6,468408.106,4313301.177,2422.571,-105.3646731,38.96811203,2408.544,113.125,,NAD83(2011) / UTM zone 13N + NAVD88(GEOID18) height,8,6,6,5,0,
225,,468296.233,4313317.047,2415.961,,-105.3659652,38.96825099,2401.936,Global,0.012,0.011,0.011,0.016,1.934,m,FIX,2025-04-02 11:34:23.0 UTC-06:00,2025-04-02 11:34:26.0 UTC-06:00,16,1.3,1.5,468408.106,4313301.177,2422.571,-105.3646731,38.96811203,2408.544,113.178,,NAD83(2011) / UTM zone 13N + NAVD88(GEOID18) height,8,6,6,5,0,
226,,468296.25,4313317.226,2415.954,,-105.365965,38.96825261,2401.929,Global,0.018,0.011,0.01,0.021,1.934,m,FIX,2025-04-02 11:34:31.2 UTC-06:00,2025-04-02 11:34:34.2 UTC-06:00,16,1.3,1.5,468408.106,4313301.177,2422.571,-105.3646731,38.96811203,2408.544,113.196,,NAD83(2011) / UTM zone 13N + NAVD88(GEOID18) height,8,6,5,5,0,
227,,468296.115,4313317.394,2415.941,,-105.3659665,38.96825411,2401.916,Global,0.013,0.012,0.011,0.018,1.934,m,FIX,2025-04-02 11:34:38.6 UTC-06:00,2025-04-02 11:34:41.6 UTC-06:00,16,1.3,1.5,468408.106,4313301.177,2422.571,-105.3646731,38.96811203,2408.544,113.343,,NAD83(2011) / UTM zone 13N + NAVD88(GEOID18) height,8,6,5,5,0,
228,,468296.03,4313317.619,2415.967,,-105.3659675,38.96825614,2401.942,Global,0.011,0.014,0.011,0.018,1.934,m,FIX,2025-04-02 11:34:46.4 UTC-06:00,2025-04-02 11:34:49.4 UTC-06:00,16,1.3,1.5,468408.106,4313301.177,2422.571,-105.3646731,38.96811203,2408.544,113.466,,NAD83(2011) / UTM zone 13N + NAVD88(GEOID18) height,8,6,5,5,0,
229,,468296.047,4313317.868,2415.994,,-105.3659673,38.96825838,2401.969,Global,0.011,0.012,0.01,0.017,1.934,m,FIX,2025-04-02 11:35:02.0 UTC-06:00,2025-04-02 11:35:05.0 UTC-06:00,16,1.3,1.5,468408.106,4313301.177,2422.571,-105.3646731,38.96811203,2408.544,113.48,,NAD83(2011) / UTM zone 13N + NAVD88(GEOID18) height,8,6,5,5,0,
230,,468296.127,4313318.187,2416.008,,-105.3659664,38.96826126,2401.983,Global,0.017,0.017,0.01,0.024,1.934,m,FIX,2025-04-02 11:35:20.4 UTC-06:00,2025-04-02 11:35:23.4 UTC-06:00,16,1.3,1.5,468408.106,4313301.177,2422.571,-105.3646731,38.96811203,2408.544,113.447,,NAD83(2011) / UTM zone 13N + NAVD88(GEOID18) height,8,6,5,5,0,
231,,468295.807,4313318.335,2416.004,,-105.3659701,38.96826258,2401.979,Global,0.017,0.011,0.01,0.02,1.934,m,FIX,2025-04-02 11:35:34.2 UTC-06:00,2025-04-02 11:35:37.2 UTC-06:00,16,1.3,1.5,468408.106,4313301.177,2422.571,-105.3646731,38.96811203,2408.544,113.784,,NAD83(2011) / UTM zone 13N + NAVD88(GEOID18) height,9,7,5,5,0,
232,,468295.617,4313318.465,2416.001,,-105.3659723,38.96826375,2401.976,Global,0.015,0.028,0.01,0.032,1.934,m,FIX,2025-04-02 11:35:43.2 UTC-06:00,2025-04-02 11:35:46.2 UTC-06:00,16,1.3,1.5,468408.106,4313301.177,2422.571,-105.3646731,38.96811203,2408.544,114.019,,NAD83(2011) / UTM zone 13N + NAVD88(GEOID18) height,8,7,5,5,0,
233,,468295.666,4313318.705,2416.005,,-105.3659718,38.96826591,2401.98,Global,0.012,0.015,0.013,0.019,1.934,m,FIX,2025-04-02 11:35:51.0 UTC-06:00,2025-04-02 11:35:54.0 UTC-06:00,16,1.3,1.5,468408.106,4313301.177,2422.571,-105.3646731,38.96811203,2408.544,113.985,,NAD83(2011) / UTM zone 13N + NAVD88(GEOID18) height,9,7,5,5,0,
234,,468295.621,4313318.926,2415.935,,-105.3659723,38.9682679,2401.91,Global,0.013,0.015,0.011,0.019,1.934,m,FIX,2025-04-02 11:35:58.6 UTC-06:00,2025-04-02 11:36:01.6 UTC-06:00,16,1.3,1.5,468408.106,4313301.177,2422.571,-105.3646731,38.96811203,2408.544,114.051,,NAD83(2011) / UTM zone 13N + NAVD88(GEOID18) height,9,7,5,5,0,
235,,468295.596,4313319.116,2415.924,,-105.3659726,38.96826961,2401.899,Global,0.016,0.02,0.012,0.026,1.934,m,FIX,2025-04-02 11:36:06.8 UTC-06:00,2025-04-02 11:36:09.8 UTC-06:00,16,1.3,1.5,468408.106,4313301.177,2422.571,-105.3646731,38.96811203,2408.544,114.141,,NAD83(2011) / UTM zone 13N + NAVD88(GEOID18) height,9,7,5,5,0,
236,,468295.366,4313319.248,2415.902,,-105.3659753,38.9682708,2401.877,Global,0.025,0.018,0.01,0.03,1.934,m,FIX,2025-04-02 11:36:14.0 UTC-06:00,2025-04-02 11:36:17.0 UTC-06:00,16,1.3,1.5,468408.106,4313301.177,2422.571,-105.3646731,38.96811203,2408.544,114.392,,NAD83(2011) / UTM zone 13N + NAVD88(GEOID18) height,9,7,5,5,0,
237,,468295.278,4313319.457,2415.899,,-105.3659763,38.96827267,2401.874,Global,0.013,0.028,0.01,0.031,1.934,m,FIX,2025-04-02 11:36:21.6 UTC-06:00,2025-04-02 11:36:24.6 UTC-06:00,16,1.3,1.5,468408.106,4313301.177,2422.571,-105.3646731,38.96811203,2408.544,114.47,,NAD83(2011) / UTM zone 13N + NAVD88(GEOID18) height,8,7,5,5,0,
238,,468295.244,4313319.664,2415.87,,-105.3659767,38.96827454,2401.845,Global,0.016,0.011,0.011,0.02,1.934,m,FIX,2025-04-02 11:36:29.4 UTC-06:00,2025-04-02 11:36:32.4 UTC-06:00,16,1.3,1.5,468408.106,4313301.177,2422.571,-105.3646731,38.96811203,2408.544,114.567,,NAD83(2011) / UTM zone 13N + NAVD88(GEOID18) height,8,7,5,5,0,
239,,468294.979,4313319.787,2415.858,,-105.3659798,38.96827564,2401.833,Global,0.017,0.018,0.01,0.025,1.934,m,FIX,2025-04-02 11:36:36.4 UTC-06:00,2025-04-02 11:36:39.4 UTC-06:00,16,1.3,1.6,468408.106,4313301.177,2422.571,-105.3646731,38.96811203,2408.544,114.847,,NAD83(2011) / UTM zone 13N + NAVD88(GEOID18) height,8,7,5,5,0,
240,,468294.922,4313319.958,2415.849,,-105.3659804,38.96827718,2401.824,Global,0.011,0.011,0.012,0.016,1.934,m,FIX,2025-04-02 11:36:43.6 UTC-06:00,2025-04-02 11:36:46.6 UTC-06:00,16,1.3,1.5,468408.106,4313301.177,2422.571,-105.3646731,38.96811203,2408.544,114.909,,NAD83(2011) / UTM zone 13N + NAVD88(GEOID18) height,9,7,5,5,0,
241,,468294.802,4313320.099,2415.86,,-105.3659818,38.96827844,2401.835,Global,0.011,0.014,0.012,0.017,1.934,m,FIX,2025-04-02 11:36:50.0 UTC-06:00,2025-04-02 11:36:53.0 UTC-06:00,16,1.3,1.5,468408.106,4313301.177,2422.571,-105.3646731,38.96811203,2408.544,115.065,,NAD83(2011) / UTM zone 13N + NAVD88(GEOID18) height,9,7,5,5,0,
242,,468294.745,4313320.306,2415.86,,-105.3659825,38.96828031,2401.835,Global,0.018,0.023,0.01,0.03,1.934,m,FIX,2025-04-02 11:36:56.8 UTC-06:00,2025-04-02 11:36:59.8 UTC-06:00,16,1.3,1.5,468408.106,4313301.177,2422.571,-105.3646731,38.96811203,2408.544,115.154,,NAD83(2011) / UTM zone 13N + NAVD88(GEOID18) height,9,7,5,5,0,
243,,468294.702,4313320.461,2415.861,,-105.365983,38.9682817,2401.836,Global,0.017,0.012,0.012,0.021,1.934,m,FIX,2025-04-02 11:37:04.4 UTC-06:00,2025-04-02 11:37:07.4 UTC-06:00,16,1.3,1.5,468408.106,4313301.177,2422.571,-105.3646731,38.96811203,2408.544,115.204,,NAD83(2011) / UTM zone 13N + NAVD88(GEOID18) height,9,7,5,5,0,
244,,468294.588,4313320.68,2415.865,,-105.3659843,38.96828367,2401.84,Global,0.012,0.02,0.011,0.024,1.934,m,FIX,2025-04-02 11:37:10.8 UTC-06:00,2025-04-02 11:37:13.8 UTC-06:00,16,1.3,1.5,468408.106,4313301.177,2422.571,-105.3646731,38.96811203,2408.544,115.369,,NAD83(2011) / UTM zone 13N + NAVD88(GEOID18) height,9,7,5,5,0,
245,,468294.484,4313320.864,2415.866,,-105.3659855,38.96828533,2401.841,Global,0.012,0.014,0.011,0.019,1.934,m,FIX,2025-04-02 11:37:17.4 UTC-06:00,2025-04-02 11:37:20.4 UTC-06:00,16,1.3,1.5,468408.106,4313301.177,2422.571,-105.3646731,38.96811203,2408.544,115.506,,NAD83(2011) / UTM zone 13N + NAVD88(GEOID18) height,9,7,5,5,0,
246,,468294.381,4313321.018,2415.821,,-105.3659867,38.96828671,2401.796,Global,0.011,0.012,0.01,0.016,1.934,m,FIX,2025-04-02 11:37:26.0 UTC-06:00,2025-04-02 11:37:29.0 UTC-06:00,16,1.3,1.5,468408.106,4313301.177,2422.571,-105.3646731,38.96811203,2408.544,115.633,,NAD83(2011) / UTM zone 13N + NAVD88(GEOID18) height,9,7,6,5,0,
247,,468294.308,4313321.15,2415.782,,-105.3659876,38.96828789,2401.757,Global,0.012,0.018,0.012,0.022,1.934,m,FIX,2025-04-02 11:37:35.2 UTC-06:00,2025-04-02 11:37:38.2 UTC-06:00,16,1.3,1.5,468408.106,4313301.177,2422.571,-105.3646731,38.96811203,2408.544,115.725,,NAD83(2011) / UTM zone 13N + NAVD88(GEOID18) height,9,7,6,5,0,
248,,468294.218,4313321.328,2415.701,,-105.3659886,38.96828949,2401.676,Global,0.012,0.013,0.011,0.018,1.934,m,FIX,2025-04-02 11:37:45.4 UTC-06:00,2025-04-02 11:37:48.4 UTC-06:00,16,1.3,1.5,468408.106,4313301.177,2422.571,-105.3646731,38.96811203,2408.544,115.854,,NAD83(2011) / UTM zone 13N + NAVD88(GEOID18) height,9,7,6,5,0,
249,,468294.226,4313321.587,2415.556,,-105.3659885,38.96829183,2401.531,Global,0.02,0.017,0.011,0.026,1.934,m,FIX,2025-04-02 11:37:56.4 UTC-06:00,2025-04-02 11:37:59.4 UTC-06:00,16,1.3,1.5,468408.106,4313301.177,2422.571,-105.3646731,38.96811203,2408.544,115.906,,NAD83(2011) / UTM zone 13N + NAVD88(GEOID18) height,9,7,5,5,0,
250,,468294.188,4313321.802,2415.511,,-105.365989,38.96829376,2401.486,Global,0.012,0.01,0.01,0.016,1.934,m,FIX,2025-04-02 11:38:06.4 UTC-06:00,2025-04-02 11:38:09.4 UTC-06:00,16,1.3,1.5,468408.106,4313301.177,2422.571,-105.3646731,38.96811203,2408.544,115.969,,NAD83(2011) / UTM zone 13N + NAVD88(GEOID18) height,9,7,6,5,0,
251,,468294.156,4313321.989,2415.432,,-105.3659894,38.96829545,2401.407,Global,0.026,0.015,0.011,0.03,1.934,m,FIX,2025-04-02 11:38:22.2 UTC-06:00,2025-04-02 11:38:25.2 UTC-06:00,16,1.3,1.5,468408.106,4313301.177,2422.571,-105.3646731,38.96811203,2408.544,116.002,,NAD83(2011) / UTM zone 13N + NAVD88(GEOID18) height,9,7,6,5,0,
252,,468294.156,4313322.182,2415.428,,-105.3659894,38.96829719,2401.403,Global,0.015,0.011,0.011,0.018,1.934,m,FIX,2025-04-02 11:38:32.8 UTC-06:00,2025-04-02 11:38:35.8 UTC-06:00,16,1.3,1.5,468408.106,4313301.177,2422.571,-105.3646731,38.96811203,2408.544,116.084,,NAD83(2011) / UTM zone 13N + NAVD88(GEOID18) height,9,7,6,5,0,
253,,468294.127,4313322.384,2415.43,,-105.3659897,38.968299,2401.405,Global,0.01,0.013,0.01,0.016,1.934,m,FIX,2025-04-02 11:38:42.4 UTC-06:00,2025-04-02 11:38:45.4 UTC-06:00,16,1.3,1.5,468408.106,4313301.177,2422.571,-105.3646731,38.96811203,2408.544,116.139,,NAD83(2011) / UTM zone 13N + NAVD88(GEOID18) height,9,7,6,5,0,
254,,468293.986,4313322.575,2415.432,,-105.3659913,38.96830072,2401.407,Global,0.014,0.013,0.012,0.019,1.934,m,FIX,2025-04-02 11:39:20.4 UTC-06:00,2025-04-02 11:39:23.4 UTC-06:00,16,1.3,1.5,468408.106,4313301.177,2422.571,-105.3646731,38.96811203,2408.544,116.295,,NAD83(2011) / UTM zone 13N + NAVD88(GEOID18) height,9,7,7,5,0,
255,,468293.919,4313322.709,2415.461,,-105.3659921,38.96830193,2401.436,Global,0.017,0.015,0.012,0.023,1.934,m,FIX,2025-04-02 11:39:32.8 UTC-06:00,2025-04-02 11:39:35.8 UTC-06:00,16,1.3,1.5,468408.106,4313301.177,2422.571,-105.3646731,38.96811203,2408.544,116.401,,NAD83(2011) / UTM zone 13N + NAVD88(GEOID18) height,9,7,5,5,0,
256,,468293.893,4313323.034,2415.515,,-105.3659924,38.96830486,2401.49,Global,0.011,0.011,0.01,0.015,1.934,m,FIX,2025-04-02 11:39:55.6 UTC-06:00,2025-04-02 11:39:58.6 UTC-06:00,16,1.3,1.5,468408.106,4313301.177,2422.571,-105.3646731,38.96811203,2408.544,116.495,,NAD83(2011) / UTM zone 13N + NAVD88(GEOID18) height,9,7,6,5,0,
257,,468293.892,4313323.234,2415.551,,-105.3659925,38.96830666,2401.526,Global,0.021,0.013,0.01,0.025,1.934,m,FIX,2025-04-02 11:40:05.4 UTC-06:00,2025-04-02 11:40:08.4 UTC-06:00,16,1.3,1.5,468408.106,4313301.177,2422.571,-105.3646731,38.96811203,2408.544,116.504,,NAD83(2011) / UTM zone 13N + NAVD88(GEOID18) height,9,7,6,5,0,
258,,468293.746,4313323.382,2415.571,,-105.3659942,38.96830798,2401.546,Global,0.019,0.022,0.011,0.029,1.934,m,FIX,2025-04-02 11:40:13.2 UTC-06:00,2025-04-02 11:40:16.2 UTC-06:00,16,1.3,1.5,468408.106,4313301.177,2422.571,-105.3646731,38.96811203,2408.544,116.685,,NAD83(2011) / UTM zone 13N + NAVD88(GEOID18) height,9,7,5,5,0,
259,,468293.647,4313323.512,2415.566,,-105.3659953,38.96830915,2401.541,Global,0.012,0.012,0.011,0.017,1.934,m,FIX,2025-04-02 11:40:20.6 UTC-06:00,2025-04-02 11:40:23.6 UTC-06:00,16,1.3,1.5,468408.106,4313301.177,2422.571,-105.3646731,38.96811203,2408.544,116.821,,NAD83(2011) / UTM zone 13N + NAVD88(GEOID18) height,9,7,6,5,0,
260,,468293.583,4313323.734,2415.515,,-105.3659961,38.96831115,2401.49,Global,0.013,0.02,0.01,0.024,1.934,m,FIX,2025-04-02 11:40:29.4 UTC-06:00,2025-04-02 11:40:32.4 UTC-06:00,16,1.3,1.5,468408.106,4313301.177,2422.571,-105.3646731,38.96811203,2408.544,116.927,,NAD83(2011) / UTM zone 13N + NAVD88(GEOID18) height,9,7,6,5,0,
261,,468293.619,4313323.972,2415.512,,-105.3659957,38.96831329,2401.487,Global,0.03,0.017,0.011,0.034,1.934,m,FIX,2025-04-02 11:40:37.0 UTC-06:00,2025-04-02 11:40:40.0 UTC-06:00,16,1.3,1.5,468408.106,4313301.177,2422.571,-105.3646731,38.96811203,2408.544,116.911,,NAD83(2011) / UTM zone 13N + NAVD88(GEOID18) height,9,7,6,5,0,
262,,468293.607,4313324.159,2415.5,,-105.3659958,38.96831498,2401.475,Global,0.012,0.013,0.012,0.017,1.934,m,FIX,2025-04-02 11:40:45.2 UTC-06:00,2025-04-02 11:40:48.2 UTC-06:00,16,1.3,1.5,468408.106,4313301.177,2422.571,-105.3646731,38.96811203,2408.544,116.982,,NAD83(2011) / UTM zone 13N + NAVD88(GEOID18) height,9,7,6,5,0,
263,,468293.705,4313324.446,2415.486,,-105.3659947,38.96831757,2401.461,Global,0.012,0.014,0.01,0.018,1.934,m,FIX,2025-04-02 11:40:53.8 UTC-06:00,2025-04-02 11:40:56.8 UTC-06:00,16,1.3,1.5,468408.106,4313301.177,2422.571,-105.3646731,38.96811203,2408.544,116.953,,NAD83(2011) / UTM zone 13N + NAVD88(GEOID18) height,9,7,6,5,0,
264,,468293.547,4313324.647,2415.474,,-105.3659965,38.96831938,2401.449,Global,0.014,0.012,0.011,0.019,1.934,m,FIX,2025-04-02 11:41:02.0 UTC-06:00,2025-04-02 11:41:05.0 UTC-06:00,16,1.3,1.5,468408.106,4313301.177,2422.571,-105.3646731,38.96811203,2408.544,117.15,,NAD83(2011) / UTM zone 13N + NAVD88(GEOID18) height,9,7,6,5,0,
265,,468293.314,4313324.818,2415.461,,-105.3659992,38.96832091,2401.436,Global,0.035,0.02,0.01,0.04,1.934,m,FIX,2025-04-02 11:41:15.0 UTC-06:00,2025-04-02 11:41:18.0 UTC-06:00,16,1.4,1.6,468408.106,4313301.177,2422.571,-105.3646731,38.96811203,2408.544,117.395,,NAD83(2011) / UTM zone 13N + NAVD88(GEOID18) height,9,7,6,5,0,
266,,468293.292,4313324.987,2415.443,,-105.3659995,38.96832243,2401.418,Global,0.012,0.012,0.011,0.017,1.934,m,FIX,2025-04-02 11:41:22.0 UTC-06:00,2025-04-02 11:41:25.0 UTC-06:00,16,1.4,1.6,468408.106,4313301.177,2422.571,-105.3646731,38.96811203,2408.544,117.452,,NAD83(2011) / UTM zone 13N + NAVD88(GEOID18) height,9,7,6,5,0,
267,,468293.287,4313325.208,2415.443,,-105.3659995,38.96832443,2401.418,Global,0.011,0.013,0.01,0.017,1.934,m,FIX,2025-04-02 11:41:28.8 UTC-06:00,2025-04-02 11:41:31.8 UTC-06:00,16,1.4,1.6,468408.106,4313301.177,2422.571,-105.3646731,38.96811203,2408.544,117.501,,NAD83(2011) / UTM zone 13N + NAVD88(GEOID18) height,9,7,6,5,0,
268,,468293.193,4313325.433,2415.392,,-105.3660006,38.96832645,2401.367,Global,0.01,0.018,0.011,0.021,1.934,m,FIX,2025-04-02 11:41:37.2 UTC-06:00,2025-04-02 11:41:40.2 UTC-06:00,16,1.4,1.6,468408.106,4313301.177,2422.571,-105.3646731,38.96811203,2408.544,117.656,,NAD83(2011) / UTM zone 13N + NAVD88(GEOID18) height,9,6,6,5,0,
269,,468293.186,4313325.776,2415.387,,-105.3660007,38.96832954,2401.362,Global,0.017,0.022,0.01,0.028,1.934,m,FIX,2025-04-02 11:41:46.6 UTC-06:00,2025-04-02 11:41:49.6 UTC-06:00,16,1.4,1.6,468408.106,4313301.177,2422.571,-105.3646731,38.96811203,2408.544,117.735,,NAD83(2011) / UTM zone 13N + NAVD88(GEOID18) height,9,7,6,5,0,
270,,468292.968,4313326.025,2415.35,,-105.3660033,38.96833178,2401.325,Global,0.025,0.019,0.01,0.032,1.934,m,FIX,2025-04-02 11:42:15.4 UTC-06:00,2025-04-02 11:42:18.4 UTC-06:00,16,1.4,1.6,468408.106,4313301.177,2422.571,-105.3646731,38.96811203,2408.544,117.964,,NAD83(2011) / UTM zone 13N + NAVD88(GEOID18) height,9,7,6,5,0,
271,,468292.708,4313326.183,2415.313,,-105.3660063,38.96833319,2401.288,Global,0.016,0.013,0.01,0.02,1.934,m,FIX,2025-04-02 11:42:27.6 UTC-06:00,2025-04-02 11:42:30.6 UTC-06:00,16,1.4,1.6,468408.106,4313301.177,2422.571,-105.3646731,38.96811203,2408.544,118.291,,NAD83(2011) / UTM zone 13N + NAVD88(GEOID18) height,9,7,6,5,0,
272,,468292.602,4313326.417,2415.301,,-105.3660075,38.9683353,2401.276,Global,0.022,0.025,0.012,0.033,1.934,m,FIX,2025-04-02 11:42:37.2 UTC-06:00,2025-04-02 11:42:40.2 UTC-06:00,16,1.3,1.6,468408.106,4313301.177,2422.571,-105.3646731,38.96811203,2408.544,118.461,,NAD83(2011) / UTM zone 13N + NAVD88(GEOID18) height,9,7,6,5,0,
273,,468292.48,4313326.71,2415.297,,-105.3660089,38.96833793,2401.272,Global,0.011,0.013,0.01,0.017,1.934,m,FIX,2025-04-02 11:43:17.2 UTC-06:00,2025-04-02 11:43:20.2 UTC-06:00,16,1.3,1.6,468408.106,4313301.177,2422.571,-105.3646731,38.96811203,2408.544,118.629,,NAD83(2011) / UTM zone 13N + NAVD88(GEOID18) height,9,7,6,5,0,
274,,468292.455,4313327.008,2415.291,,-105.3660092,38.96834061,2401.265,Global,0.037,0.021,0.012,0.043,1.934,m,FIX,2025-04-02 11:43:24.6 UTC-06:00,2025-04-02 11:43:27.6 UTC-06:00,16,1.3,1.6,468408.106,4313301.177,2422.571,-105.3646731,38.96811203,2408.544,118.688,,NAD83(2011) / UTM zone 13N + NAVD88(GEOID18) height,9,7,5,5,0,
275,,468292.503,4313327.235,2415.334,,-105.3660087,38.96834266,2401.309,Global,0.011,0.014,0.011,0.018,1.934,m,FIX,2025-04-02 11:43:33.8 UTC-06:00,2025-04-02 11:43:36.8 UTC-06:00,16,1.3,1.6,468408.106,4313301.177,2422.571,-105.3646731,38.96811203,2408.544,118.712,,NAD83(2011) / UTM zone 13N + NAVD88(GEOID18) height,9,7,6,5,0,
276,,468292.507,4313327.462,2415.381,,-105.3660087,38.96834471,2401.356,Global,0.011,0.014,0.012,0.018,1.934,m,FIX,2025-04-02 11:43:41.8 UTC-06:00,2025-04-02 11:43:44.8 UTC-06:00,16,1.3,1.6,468408.106,4313301.177,2422.571,-105.3646731,38.96811203,2408.544,118.76,,NAD83(2011) / UTM zone 13N + NAVD88(GEOID18) height,9,7,6,5,0,
277,,468292.476,4313327.731,2415.431,,-105.366009,38.96834713,2401.406,Global,0.018,0.021,0.01,0.028,1.934,m,FIX,2025-04-02 11:43:50.4 UTC-06:00,2025-04-02 11:43:53.4 UTC-06:00,16,1.4,1.6,468408.106,4313301.177,2422.571,-105.3646731,38.96811203,2408.544,118.847,,NAD83(2011) / UTM zone 13N + NAVD88(GEOID18) height,8,7,6,5,0,
278,,468292.407,4313327.947,2415.526,,-105.3660098,38.96834907,2401.501,Global,0.018,0.012,0.011,0.021,1.934,m,FIX,2025-04-02 11:43:59.0 UTC-06:00,2025-04-02 11:44:02.0 UTC-06:00,16,1.3,1.6,468408.106,4313301.177,2422.571,-105.3646731,38.96811203,2408.544,118.96,,NAD83(2011) / UTM zone 13N + NAVD88(GEOID18) height,9,7,7,5,0,
279,,468292.015,4313328.133,2415.579,,-105.3660144,38.96835074,2401.554,Global,0.035,0.011,0.011,0.037,1.934,m,FIX,2025-04-02 11:44:11.6 UTC-06:00,2025-04-02 11:44:14.6 UTC-06:00,16,1.3,1.6,468408.106,4313301.177,2422.571,-105.3646731,38.96811203,2408.544,119.419,,NAD83(2011) / UTM zone 13N + NAVD88(GEOID18) height,9,7,7,5,0,
280,,468291.806,4313328.3,2415.614,,-105.3660168,38.96835223,2401.589,Global,0.014,0.011,0.01,0.018,1.934,m,FIX,2025-04-02 11:44:20.0 UTC-06:00,2025-04-02 11:44:23.0 UTC-06:00,16,1.3,1.6,468408.106,4313301.177,2422.571,-105.3646731,38.96811203,2408.544,119.615,,NAD83(2011) / UTM zone 13N + NAVD88(GEOID18) height,9,7,6,5,0,
281,,468291.75,4313328.485,2415.679,,-105.3660174,38.9683539,2401.654,Global,0.022,0.012,0.01,0.025,1.934,m,FIX,2025-04-02 11:44:29.0 UTC-06:00,2025-04-02 11:44:32.0 UTC-06:00,16,1.3,1.6,468408.106,4313301.177,2422.571,-105.3646731,38.96811203,2408.544,119.734,,NAD83(2011) / UTM zone 13N + NAVD88(GEOID18) height,9,7,7,5,0,
282,,468291.745,4313328.629,2415.713,,-105.3660175,38.9683552,2401.688,Global,0.015,0.014,0.011,0.021,1.934,m,FIX,2025-04-02 11:44:37.0 UTC-06:00,2025-04-02 11:44:40.0 UTC-06:00,16,1.3,1.6,468408.106,4313301.177,2422.571,-105.3646731,38.96811203,2408.544,119.739,,NAD83(2011) / UTM zone 13N + NAVD88(GEOID18) height,9,7,7,5,0,
283,,468291.679,4313328.848,2415.727,,-105.3660183,38.96835717,2401.702,Global,0.02,0.014,0.011,0.024,1.934,m,FIX,2025-04-02 11:44:43.8 UTC-06:00,2025-04-02 11:44:46.8 UTC-06:00,16,1.3,1.6,468408.106,4313301.177,2422.571,-105.3646731,38.96811203,2408.544,119.867,,NAD83(2011) / UTM zone 13N + NAVD88(GEOID18) height,9,7,7,5,0,
284,,468291.546,4313329.023,2415.717,,-105.3660198,38.96835874,2401.692,Global,0.014,0.012,0.01,0.018,1.934,m,FIX,2025-04-02 11:44:50.2 UTC-06:00,2025-04-02 11:44:53.2 UTC-06:00,16,1.3,1.6,468408.106,4313301.177,2422.571,-105.3646731,38.96811203,2408.544,120.036,,NAD83(2011) / UTM zone 13N + NAVD88(GEOID18) height,9,7,7,5,0,
285,,468291.527,4313329.239,2415.74,,-105.36602,38.96836068,2401.715,Global,0.031,0.013,0.011,0.033,1.934,m,FIX,2025-04-02 11:44:57.2 UTC-06:00,2025-04-02 11:45:00.2 UTC-06:00,16,1.3,1.6,468408.106,4313301.177,2422.571,-105.3646731,38.96811203,2408.544,120.12,,NAD83(2011) / UTM zone 13N + NAVD88(GEOID18) height,9,7,7,5,0,
286,,468291.42,4313329.436,2415.714,,-105.3660213,38.96836245,2401.689,Global,0.058,0.018,0.01,0.06,1.934,m,FIX,2025-04-02 11:45:03.2 UTC-06:00,2025-04-02 11:45:06.2 UTC-06:00,16,1.3,1.6,468408.106,4313301.177,2422.571,-105.3646731,38.96811203,2408.544,120.184,,NAD83(2011) / UTM zone 13N + NAVD88(GEOID18) height,9,7,6,5,0,
287,,468291.275,4313329.659,2415.703,,-105.366023,38.96836446,2401.678,Global,0.021,0.013,0.011,0.025,1.934,m,FIX,2025-04-02 11:45:10.8 UTC-06:00,2025-04-02 11:45:13.8 UTC-06:00,16,1.3,1.6,468408.106,4313301.177,2422.571,-105.3646731,38.96811203,2408.544,120.453,,NAD83(2011) / UTM zone 13N + NAVD88(GEOID18) height,9,7,7,5,0,
288,,468291.177,4313329.86,2415.71,,-105.3660241,38.96836627,2401.685,Global,0.011,0.02,0.011,0.023,1.934,m,FIX,2025-04-02 11:45:20.8 UTC-06:00,2025-04-02 11:45:23.8 UTC-06:00,16,1.3,1.6,468408.106,4313301.177,2422.571,-105.3646731,38.96811203,2408.544,120.594,,NAD83(2011) / UTM zone 13N + NAVD88(GEOID18) height,9,7,7,5,0,
289,,468291.123,4313330.045,2415.709,,-105.3660247,38.96836793,2401.684,Global,0.014,0.014,0.011,0.02,1.934,m,FIX,2025-04-02 11:45:27.0 UTC-06:00,2025-04-02 11:45:30.0 UTC-06:00,16,1.3,1.6,468408.106,4313301.177,2422.571,-105.3646731,38.96811203,2408.544,120.69,,NAD83(2011) / UTM zone 13N + NAVD88(GEOID18) height,9,7,7,5,0,
290,,468291.008,4313330.215,2415.73,,-105.3660261,38.96836946,2401.705,Global,0.022,0.011,0.01,0.025,1.934,m,FIX,2025-04-02 11:45:33.2 UTC-06:00,2025-04-02 11:45:36.2 UTC-06:00,16,1.3,1.6,468408.106,4313301.177,2422.571,-105.3646731,38.96811203,2408.544,120.861,,NAD83(2011) / UTM zone 13N + NAVD88(GEOID18) height,9,7,7,5,0,
291,,468290.927,4313330.415,2415.735,,-105.366027,38.96837126,2401.71,Global,0.024,0.017,0.011,0.029,1.934,m,FIX,2025-04-02 11:45:39.4 UTC-06:00,2025-04-02 11:45:42.4 UTC-06:00,16,1.3,1.6,468408.106,4313301.177,2422.571,-105.3646731,38.96811203,2408.544,120.988,,NAD83(2011) / UTM zone 13N + NAVD88(GEOID18) height,9,7,7,5,0,
292,,468290.876,4313330.582,2415.776,,-105.3660276,38.96837277,2401.751,Global,0.025,0.013,0.01,0.029,1.934,m,FIX,2025-04-02 11:45:46.0 UTC-06:00,2025-04-02 11:45:49.0 UTC-06:00,16,1.3,1.6,468408.106,4313301.177,2422.571,-105.3646731,38.96811203,2408.544,121.058,,NAD83(2011) / UTM zone 13N + NAVD88(GEOID18) height,9,7,7,5,0,
293,,468290.869,4313330.785,2415.815,,-105.3660277,38.9683746,2401.79,Global,0.013,0.022,0.01,0.025,1.934,m,FIX,2025-04-02 11:45:52.8 UTC-06:00,2025-04-02 11:45:55.8 UTC-06:00,16,1.3,1.6,468408.106,4313301.177,2422.571,-105.3646731,38.96811203,2408.544,121.114,,NAD83(2011) / UTM zone 13N + NAVD88(GEOID18) height,9,7,7,5,0,
294,,468290.779,4313330.99,2415.834,,-105.3660288,38.96837644,2401.809,Global,0.013,0.012,0.01,0.017,1.934,m,FIX,2025-04-02 11:45:59.6 UTC-06:00,2025-04-02 11:46:02.6 UTC-06:00,16,1.3,1.6,468408.106,4313301.177,2422.571,-105.3646731,38.96811203,2408.544,121.248,,NAD83(2011) / UTM zone 13N + NAVD88(GEOID18) height,9,7,7,5,0,
295,,468290.734,4313331.272,2415.843,,-105.3660293,38.96837898,2401.818,Global,0.02,0.016,0.011,0.026,1.934,m,FIX,2025-04-02 11:46:10.4 UTC-06:00,2025-04-02 11:46:13.4 UTC-06:00,16,1.3,1.6,468408.106,4313301.177,2422.571,-105.3646731,38.96811203,2408.544,121.356,,NAD83(2011) / UTM zone 13N + NAVD88(GEOID18) height,9,7,7,5,0,
296,,468290.728,4313331.503,2415.876,,-105.3660294,38.96838106,2401.851,Global,0.03,0.034,0.01,0.046,1.934,m,FIX,2025-04-02 11:46:20.0 UTC-06:00,2025-04-02 11:46:23.0 UTC-06:00,16,1.3,1.6,468408.106,4313301.177,2422.571,-105.3646731,38.96811203,2408.544,121.422,,NAD83(2011) / UTM zone 13N + NAVD88(GEOID18) height,9,7,6,5,0,
297,,468290.591,4313331.654,2415.846,,-105.366031,38.96838241,2401.821,Global,0.012,0.014,0.01,0.018,1.934,m,FIX,2025-04-02 11:46:35.6 UTC-06:00,2025-04-02 11:46:38.6 UTC-06:00,16,1.3,1.6,468408.106,4313301.177,2422.571,-105.3646731,38.96811203,2408.544,121.59,,NAD83(2011) / UTM zone 13N + NAVD88(GEOID18) height,9,7,7,5,0,
298,,468290.465,4313331.825,2415.896,,-105.3660324,38.96838395,2401.871,Global,0.012,0.021,0.01,0.025,1.934,m,FIX,2025-04-02 11:46:42.6 UTC-06:00,2025-04-02 11:46:45.6 UTC-06:00,16,1.3,1.6,468408.106,4313301.177,2422.571,-105.3646731,38.96811203,2408.544,121.756,,NAD83(2011) / UTM zone 13N + NAVD88(GEOID18) height,9,7,7,5,0,
299,,468290.475,4313332.054,2415.888,,-105.3660323,38.96838602,2401.863,Global,0.029,0.014,0.01,0.032,1.934,m,FIX,2025-04-02 11:46:51.4 UTC-06:00,2025-04-02 11:46:54.4 UTC-06:00,16,1.3,1.6,468408.106,4313301.177,2422.571,-105.3646731,38.96811203,2408.544,121.827,,NAD83(2011) / UTM zone 13N + NAVD88(GEOID18) height,9,7,7,5,0,
300,,468290.281,4313332.207,2415.877,,-105.3660346,38.96838739,2401.852,Global,0.012,0.013,0.01,0.017,1.934,m,FIX,2025-04-02 11:47:06.0 UTC-06:00,2025-04-02 11:47:09.0 UTC-06:00,16,1.3,1.6,468408.106,4313301.177,2422.571,-105.3646731,38.96811203,2408.544,122.029,,NAD83(2011) / UTM zone 13N + NAVD88(GEOID18) height,9,7,7,5,0,
301,,468290.216,4313332.476,2415.918,,-105.3660353,38.96838981,2401.893,Global,0.014,0.013,0.011,0.019,1.934,m,FIX,2025-04-02 11:47:12.8 UTC-06:00,2025-04-02 11:47:15.8 UTC-06:00,16,1.3,1.6,468408.106,4313301.177,2422.571,-105.3646731,38.96811203,2408.544,122.152,,NAD83(2011) / UTM zone 13N + NAVD88(GEOID18) height,9,7,7,5,0,
302,,468290.137,4313332.682,2415.925,,-105.3660362,38.96839166,2401.9,Global,0.013,0.012,0.011,0.018,1.934,m,FIX,2025-04-02 11:47:19.0 UTC-06:00,2025-04-02 11:47:22.0 UTC-06:00,16,1.3,1.6,468408.106,4313301.177,2422.571,-105.3646731,38.96811203,2408.544,122.273,,NAD83(2011) / UTM zone 13N + NAVD88(GEOID18) height,9,7,7,5,0,
303,,468290.047,4313332.871,2415.968,,-105.3660373,38.96839336,2401.943,Global,0.027,0.033,0.012,0.043,1.934,m,FIX,2025-04-02 11:47:25.2 UTC-06:00,2025-04-02 11:47:28.2 UTC-06:00,16,1.4,1.6,468408.106,4313301.177,2422.571,-105.3646731,38.96811203,2408.544,122.466,,NAD83(2011) / UTM zone 13N + NAVD88(GEOID18) height,9,7,7,5,0,
304,,468289.992,4313333.153,2415.988,,-105.3660379,38.9683959,2401.963,Global,0.014,0.031,0.011,0.034,1.934,m,FIX,2025-04-02 11:47:32.4 UTC-06:00,2025-04-02 11:47:35.4 UTC-06:00,16,1.4,1.6,468408.106,4313301.177,2422.571,-105.3646731,38.96811203,2408.544,122.571,,NAD83(2011) / UTM zone 13N + NAVD88(GEOID18) height,9,7,7,5,0,
305,,468289.809,4313333.321,2415.995,,-105.3660401,38.96839741,2401.97,Global,0.011,0.011,0.011,0.015,1.934,m,FIX,2025-04-02 11:47:46.6 UTC-06:00,2025-04-02 11:47:49.6 UTC-06:00,16,1.3,1.6,468408.106,4313301.177,2422.571,-105.3646731,38.96811203,2408.544,122.775,,NAD83(2011) / UTM zone 13N + NAVD88(GEOID18) height,9,7,7,5,0,
306,,468289.737,4313333.549,2416.013,,-105.3660409,38.96839946,2401.988,Global,0.011,0.01,0.01,0.015,1.934,m,FIX,2025-04-02 11:47:54.8 UTC-06:00,2025-04-02 11:47:55.8 UTC-06:00,6,1.3,1.6,468408.106,4313301.177,2422.571,-105.3646731,38.96811203,2408.544,122.902,,NAD83(2011) / UTM zone 13N + NAVD88(GEOID18) height,9,7,7,5,0,
307,,468289.642,4313333.746,2416.051,,-105.366042,38.96840123,2402.026,Global,0.025,0.011,0.011,0.027,1.934,m,FIX,2025-04-02 11:48:00.2 UTC-06:00,2025-04-02 11:48:03.2 UTC-06:00,16,1.3,1.6,468408.106,4313301.177,2422.571,-105.3646731,38.96811203,2408.544,123.058,,NAD83(2011) / UTM zone 13N + NAVD88(GEOID18) height,9,7,7,5,0,
308,,468289.614,4313333.971,2416.094,,-105.3660423,38.96840325,2402.069,Global,0.011,0.013,0.011,0.017,1.934,m,FIX,2025-04-02 11:48:08.4 UTC-06:00,2025-04-02 11:48:11.4 UTC-06:00,16,1.3,1.6,468408.106,4313301.177,2422.571,-105.3646731,38.96811203,2408.544,123.123,,NAD83(2011) / UTM zone 13N + NAVD88(GEOID18) height,9,7,7,5,0,
309,,468289.605,4313334.01,2416.121,,-105.3660424,38.9684036,2402.096,Global,0.015,0.023,0.011,0.027,1.934,m,FIX,2025-04-02 11:48:19.2 UTC-06:00,2025-04-02 11:48:22.2 UTC-06:00,16,1.3,1.6,468408.106,4313301.177,2422.571,-105.3646731,38.96811203,2408.544,123.157,,NAD83(2011) / UTM zone 13N + NAVD88(GEOID18) height,9,7,7,5,0,
310,,468289.574,4313334.089,2416.138,,-105.3660428,38.96840432,2402.113,Global,0.012,0.015,0.01,0.019,1.934,m,FIX,2025-04-02 11:48:30.4 UTC-06:00,2025-04-02 11:48:33.4 UTC-06:00,16,1.3,1.6,468408.106,4313301.177,2422.571,-105.3646731,38.96811203,2408.544,123.197,,NAD83(2011) / UTM zone 13N + NAVD88(GEOID18) height,9,7,6,5,0,
311,,468289.522,4313334.129,2416.496,,-105.3660434,38.96840468,2402.471,Global,0.011,0.011,0.011,0.015,1.934,m,FIX,2025-04-02 11:49:01.8 UTC-06:00,2025-04-02 11:49:04.8 UTC-06:00,16,1.3,1.6,468408.106,4313301.177,2422.571,-105.3646731,38.96811203,2408.544,123.247,,NAD83(2011) / UTM zone 13N + NAVD88(GEOID18) height,9,7,7,5,0,
312,,468289.468,4313334.235,2416.591,,-105.366044,38.96840563,2402.566,Global,0.024,0.011,0.01,0.026,1.934,m,FIX,2025-04-02 11:49:16.4 UTC-06:00,2025-04-02 11:49:19.4 UTC-06:00,16,1.3,1.6,468408.106,4313301.177,2422.571,-105.3646731,38.96811203,2408.544,123.294,,NAD83(2011) / UTM zone 13N + NAVD88(GEOID18) height,9,6,7,5,0,
313,,468289.434,4313334.393,2416.614,,-105.3660444,38.96840705,2402.589,Global,0.013,0.011,0.01,0.017,1.934,m,FIX,2025-04-02 11:49:23.6 UTC-06:00,2025-04-02 11:49:26.6 UTC-06:00,16,1.3,1.6,468408.106,4313301.177,2422.571,-105.3646731,38.96811203,2408.544,123.405,,NAD83(2011) / UTM zone 13N + NAVD88(GEOID18) height,9,7,7,5,0,
314,,468289.38,4313334.579,2416.579,,-105.3660451,38.96840873,2402.554,Global,0.014,0.012,0.011,0.019,1.934,m,FIX,2025-04-02 11:49:32.6 UTC-06:00,2025-04-02 11:49:35.6 UTC-06:00,16,1.3,1.6,468408.106,4313301.177,2422.571,-105.3646731,38.96811203,2408.544,123.5,,NAD83(2011) / UTM zone 13N + NAVD88(GEOID18) height,9,7,7,5,0,
315,,468289.282,4313334.757,2416.656,,-105.3660462,38.96841033,2402.631,Global,0.012,0.012,0.01,0.018,1.934,m,FIX,2025-04-02 11:49:42.0 UTC-06:00,2025-04-02 11:49:45.0 UTC-06:00,16,1.3,1.6,468408.106,4313301.177,2422.571,-105.3646731,38.96811203,2408.544,123.643,,NAD83(2011) / UTM zone 13N + NAVD88(GEOID18) height,9,7,7,5,0,
316,,468289.283,4313334.859,2416.728,,-105.3660462,38.96841125,2402.703,Global,0.011,0.012,0.01,0.017,1.934,m,FIX,2025-04-02 11:50:08.8 UTC-06:00,2025-04-02 11:50:38.8 UTC-06:00,151,1.3,1.6,468408.106,4313301.177,2422.571,-105.3646731,38.96811203,2408.544,123.657,,NAD83(2011) / UTM zone 13N + NAVD88(GEOID18) height,9,7,6,5,0,
317,,468289.291,4313334.872,2416.725,,-105.3660461,38.96841137,2402.7,Global,0.017,0.012,0.01,0.021,1.934,m,FIX,2025-04-02 11:51:02.6 UTC-06:00,2025-04-02 11:51:05.6 UTC-06:00,16,1.3,1.6,468408.106,4313301.177,2422.571,-105.3646731,38.96811203,2408.544,123.651,,NAD83(2011) / UTM zone 13N + NAVD88(GEOID18) height,9,7,6,5,0,
318,,468289.204,4313334.784,2416.691,,-105.3660471,38.96841057,2402.666,Global,0.014,0.012,0.01,0.019,1.934,m,FIX,2025-04-02 11:51:12.2 UTC-06:00,2025-04-02 11:51:15.2 UTC-06:00,16,1.3,1.6,468408.106,4313301.177,2422.571,-105.3646731,38.96811203,2408.544,123.73,,NAD83(2011) / UTM zone 13N + NAVD88(GEOID18) height,9,7,6,5,0,
319,,468289.311,4313334.677,2416.628,,-105.3660459,38.96840961,2402.603,Global,0.013,0.012,0.01,0.018,1.934,m,FIX,2025-04-02 11:51:19.8 UTC-06:00,2025-04-02 11:51:22.8 UTC-06:00,16,1.3,1.6,468408.106,4313301.177,2422.571,-105.3646731,38.96811203,2408.544,123.591,,NAD83(2011) / UTM zone 13N + NAVD88(GEOID18) height,9,6,6,5,0,
320,,468289.38,4313334.894,2416.673,,-105.3660451,38.96841156,2402.648,Global,0.017,0.014,0.01,0.021,1.934,m,FIX,2025-04-02 11:51:29.0 UTC-06:00,2025-04-02 11:51:32.0 UTC-06:00,16,1.3,1.6,468408.106,4313301.177,2422.571,-105.3646731,38.96811203,2408.544,123.573,,NAD83(2011) / UTM zone 13N + NAVD88(GEOID18) height,9,5,6,5,0,
321,,468289.224,4313334.954,2416.713,,-105.3660469,38.9684121,2402.688,Global,0.019,0.015,0.01,0.024,1.934,m,FIX,2025-04-02 11:51:36.8 UTC-06:00,2025-04-02 11:51:39.8 UTC-06:00,16,1.3,1.6,468408.106,4313301.177,2422.571,-105.3646731,38.96811203,2408.544,123.746,,NAD83(2011) / UTM zone 13N + NAVD88(GEOID18) height,9,6,6,5,0,
322,,468289.287,4313334.879,2416.69,,-105.3660462,38.96841142,2402.665,Global,0.011,0.01,0.01,0.015,1.934,m,FIX,2025-04-02 11:51:51.2 UTC-06:00,2025-04-02 11:51:54.2 UTC-06:00,16,1.3,1.6,468408.106,4313301.177,2422.571,-105.3646731,38.96811203,2408.544,123.655,,NAD83(2011) / UTM zone 13N + NAVD88(GEOID18) height,9,7,6,5,0,
323,,468289.289,4313334.859,2416.723,,-105.3660461,38.96841125,2402.698,Global,0.01,0.012,0.01,0.016,1.934,m,FIX,2025-04-02 11:52:05.4 UTC-06:00,2025-04-02 11:52:08.4 UTC-06:00,16,1.3,1.6,468408.106,4313301.177,2422.571,-105.3646731,38.96811203,2408.544,123.651,,NAD83(2011) / UTM zone 13N + NAVD88(GEOID18) height,9,7,5,5,0,
324,,468289.2,4313334.941,2416.7,,-105.3660472,38.96841199,2402.675,Global,0.012,0.015,0.01,0.02,1.934,m,FIX,2025-04-02 11:52:26.0 UTC-06:00,2025-04-02 11:52:29.0 UTC-06:00,16,1.3,1.6,468408.106,4313301.177,2422.571,-105.3646731,38.96811203,2408.544,123.773,,NAD83(2011) / UTM zone 13N + NAVD88(GEOID18) height,9,6,5,5,0,
325,,468288.983,4313335.765,2416.806,,-105.3660497,38.9684194,2402.781,Global,0.011,0.011,0.01,0.015,1.934,m,FIX,2025-04-02 11:52:37.8 UTC-06:00,2025-04-02 11:52:40.8 UTC-06:00,16,1.3,1.6,468408.106,4313301.177,2422.571,-105.3646731,38.96811203,2408.544,124.193,,NAD83(2011) / UTM zone 13N + NAVD88(GEOID18) height,9,6,5,5,0,
326,,468288.671,4313336.713,2416.805,,-105.3660534,38.96842793,2402.78,Global,0.013,0.012,0.01,0.018,1.934,m,FIX,2025-04-02 11:52:51.8 UTC-06:00,2025-04-02 11:52:54.8 UTC-06:00,16,1.3,1.6,468408.106,4313301.177,2422.571,-105.3646731,38.96811203,2408.544,124.768,,NAD83(2011) / UTM zone 13N + NAVD88(GEOID18) height,9,6,5,5,0,
327,,468288.351,4313337.656,2416.802,,-105.3660571,38.96843642,2402.777,Global,0.019,0.013,0.01,0.023,1.934,m,FIX,2025-04-02 11:53:03.4 UTC-06:00,2025-04-02 11:53:06.4 UTC-06:00,16,1.3,1.6,468408.106,4313301.177,2422.571,-105.3646731,38.96811203,2408.544,125.326,,NAD83(2011) / UTM zone 13N + NAVD88(GEOID18) height,9,6,5,5,0,
328,,468288.011,4313338.594,2416.679,,-105.3660611,38.96844486,2402.654,Global,0.016,0.016,0.01,0.023,1.934,m,FIX,2025-04-02 11:53:17.2 UTC-06:00,2025-04-02 11:53:20.2 UTC-06:00,16,1.3,1.6,468408.106,4313301.177,2422.571,-105.3646731,38.96811203,2408.544,125.957,,NAD83(2011) / UTM zone 13N + NAVD88(GEOID18) height,9,6,5,5,0,
329,,468287.645,4313339.493,2416.628,,-105.3660653,38.96845294,2402.603,Global,0.021,0.012,0.01,0.024,1.934,m,FIX,2025-04-02 11:53:26.4 UTC-06:00,2025-04-02 11:53:29.4 UTC-06:00,16,1.3,1.6,468408.106,4313301.177,2422.571,-105.3646731,38.96811203,2408.544,126.58,,NAD83(2011) / UTM zone 13N + NAVD88(GEOID18) height,9,6,5,5,0,
330,,468287.305,4313340.402,2416.619,,-105.3660693,38.96846112,2402.594,Global,0.01,0.016,0.011,0.019,1.934,m,FIX,2025-04-02 11:53:37.0 UTC-06:00,2025-04-02 11:53:40.0 UTC-06:00,16,1.3,1.6,468408.106,4313301.177,2422.571,-105.3646731,38.96811203,2408.544,127.164,,NAD83(2011) / UTM zone 13N + NAVD88(GEOID18) height,8,6,5,5,0,
331,,468286.93,4313341.335,2416.507,,-105.3660737,38.96846951,2402.482,Global,0.013,0.012,0.01,0.017,1.934,m,FIX,2025-04-02 11:53:48.6 UTC-06:00,2025-04-02 11:53:51.6 UTC-06:00,16,1.3,1.6,468408.106,4313301.177,2422.571,-105.3646731,38.96811203,2408.544,127.833,,NAD83(2011) / UTM zone 13N + NAVD88(GEOID18) height,8,6,5,5,0,
332,,468286.464,4313342.275,2416.485,,-105.3660791,38.96847797,2402.46,Global,0.02,0.012,0.01,0.023,1.934,m,FIX,2025-04-02 11:53:58.2 UTC-06:00,2025-04-02 11:54:01.2 UTC-06:00,16,1.3,1.6,468408.106,4313301.177,2422.571,-105.3646731,38.96811203,2408.544,128.575,,NAD83(2011) / UTM zone 13N + NAVD88(GEOID18) height,8,6,5,5,0,
333,,468286.124,4313343.101,2416.494,,-105.3660831,38.9684854,2402.469,Global,0.012,0.023,0.01,0.026,1.934,m,FIX,2025-04-02 11:54:08.6 UTC-06:00,2025-04-02 11:54:11.6 UTC-06:00,16,1.3,1.6,468408.106,4313301.177,2422.571,-105.3646731,38.96811203,2408.544,129.147,,NAD83(2011) / UTM zone 13N + NAVD88(GEOID18) height,8,6,5,5,0,
334,,468285.677,4313344.15,2416.492,,-105.3660883,38.96849484,2402.467,Global,0.012,0.016,0.011,0.02,1.934,m,FIX,2025-04-02 11:54:20.8 UTC-06:00,2025-04-02 11:54:23.8 UTC-06:00,16,1.3,1.6,468408.106,4313301.177,2422.571,-105.3646731,38.96811203,2408.544,129.925,,NAD83(2011) / UTM zone 13N + NAVD88(GEOID18) height,8,6,5,5,0,
335,,468285.354,4313345.118,2416.558,,-105.366092,38.96850355,2402.533,Global,0.011,0.011,0.01,0.016,1.934,m,FIX,2025-04-02 11:54:34.0 UTC-06:00,2025-04-02 11:54:37.0 UTC-06:00,16,1.3,1.6,468408.106,4313301.177,2422.571,-105.3646731,38.96811203,2408.544,130.545,,NAD83(2011) / UTM zone 13N + NAVD88(GEOID18) height,8,6,5,5,0,
336,,468285.01,4313346.015,2416.527,,-105.366096,38.96851163,2402.502,Global,0.012,0.022,0.011,0.025,1.934,m,FIX,2025-04-02 11:54:45.4 UTC-06:00,2025-04-02 11:54:48.4 UTC-06:00,16,1.3,1.6,468408.106,4313301.177,2422.571,-105.3646731,38.96811203,2408.544,131.184,,NAD83(2011) / UTM zone 13N + NAVD88(GEOID18) height,8,5,5,5,0,
337,,468284.578,4313346.894,2416.463,,-105.3661011,38.96851952,2402.439,Global,0.04,0.016,0.01,0.043,1.934,m,FIX,2025-04-02 11:54:57.4 UTC-06:00,2025-04-02 11:55:00.4 UTC-06:00,16,1.3,1.6,468408.106,4313301.177,2422.571,-105.3646731,38.96811203,2408.544,131.833,,NAD83(2011) / UTM zone 13N + NAVD88(GEOID18) height,8,5,5,5,0,
338,,468284.174,4313347.81,2416.468,,-105.3661058,38.96852777,2402.443,Global,0.018,0.014,0.01,0.023,1.934,m,FIX,2025-04-02 11:55:06.4 UTC-06:00,2025-04-02 11:55:09.4 UTC-06:00,16,1.3,1.6,468408.106,4313301.177,2422.571,-105.3646731,38.96811203,2408.544,132.601,,NAD83(2011) / UTM zone 13N + NAVD88(GEOID18) height,8,5,5,5,0,
339,,468283.871,4313348.754,2416.441,,-105.3661093,38.96853626,2402.416,Global,0.011,0.016,0.01,0.019,1.934,m,FIX,2025-04-02 11:55:19.6 UTC-06:00,2025-04-02 11:55:22.6 UTC-06:00,16,1.3,1.6,468408.106,4313301.177,2422.571,-105.3646731,38.96811203,2408.544,133.207,,NAD83(2011) / UTM zone 13N + NAVD88(GEOID18) height,8,5,5,5,0,
340,,468283.42,4313349.689,2416.471,,-105.3661146,38.96854467,2402.446,Global,0.025,0.013,0.01,0.028,1.934,m,FIX,2025-04-02 11:55:28.8 UTC-06:00,2025-04-02 11:55:31.8 UTC-06:00,16,1.3,1.6,468408.106,4313301.177,2422.571,-105.3646731,38.96811203,2408.544,133.981,,NAD83(2011) / UTM zone 13N + NAVD88(GEOID18) height,8,6,5,5,0,
341,,468283.027,4313350.54,2416.535,,-105.3661191,38.96855233,2402.51,Global,0.018,0.013,0.01,0.022,1.934,m,FIX,2025-04-02 11:55:46.0 UTC-06:00,2025-04-02 11:55:49.0 UTC-06:00,16,1.3,1.6,468408.106,4313301.177,2422.571,-105.3646731,38.96811203,2408.544,134.607,,NAD83(2011) / UTM zone 13N + NAVD88(GEOID18) height,8,5,5,5,0,
342,,468282.648,4313351.504,2416.579,,-105.3661236,38.968561,2402.555,Global,0.016,0.011,0.011,0.02,1.934,m,FIX,2025-04-02 11:55:54.4 UTC-06:00,2025-04-02 11:55:57.4 UTC-06:00,16,1.3,1.6,468408.106,4313301.177,2422.571,-105.3646731,38.96811203,2408.544,135.335,,NAD83(2011) / UTM zone 13N + NAVD88(GEOID18) height,8,5,5,5,0,
343,,468282.226,4313352.405,2416.738,,-105.3661285,38.9685691,2402.713,Global,0.011,0.02,0.01,0.023,1.934,m,FIX,2025-04-02 11:56:09.2 UTC-06:00,2025-04-02 11:56:12.2 UTC-06:00,16,1.3,1.6,468408.106,4313301.177,2422.571,-105.3646731,38.96811203,2408.544,136.068,,NAD83(2011) / UTM zone 13N + NAVD88(GEOID18) height,8,6,5,5,0,
344,,468281.854,4313353.39,2416.864,,-105.3661328,38.96857797,2402.839,Global,0.019,0.017,0.034,0.025,1.934,m,FIX,2025-04-02 11:56:34.2 UTC-06:00,2025-04-02 11:56:37.2 UTC-06:00,16,1.3,1.6,468408.106,4313301.177,2422.571,-105.3646731,38.96811203,2408.544,136.782,,NAD83(2011) / UTM zone 13N + NAVD88(GEOID18) height,8,6,5,5,0,
345,,468281.475,4313354.317,2416.972,,-105.3661372,38.9685863,2402.947,Global,0.012,0.014,0.011,0.018,1.934,m,FIX,2025-04-02 11:57:02.8 UTC-06:00,2025-04-02 11:57:05.8 UTC-06:00,16,1.3,1.6,468408.106,4313301.177,2422.571,-105.3646731,38.96811203,2408.544,137.482,,NAD83(2011) / UTM zone 13N + NAVD88(GEOID18) height,8,6,6,5,0,
346,,468281.082,4313355.15,2417.134,,-105.3661418,38.9685938,2403.11,Global,0.012,0.013,0.011,0.017,1.934,m,FIX,2025-04-02 11:57:26.0 UTC-06:00,2025-04-02 11:57:29.0 UTC-06:00,16,1.4,1.6,468408.106,4313301.177,2422.571,-105.3646731,38.96811203,2408.544,138.168,,NAD83(2011) / UTM zone 13N + NAVD88(GEOID18) height,8,6,6,5,0,
347,,468280.626,4313356.053,2417.31,,-105.3661471,38.96860192,2403.286,Global,0.017,0.018,0.011,0.025,1.934,m,FIX,2025-04-02 11:57:35.4 UTC-06:00,2025-04-02 11:57:38.4 UTC-06:00,16,1.4,1.6,468408.106,4313301.177,2422.571,-105.3646731,38.96811203,2408.544,138.951,,NAD83(2011) / UTM zone 13N + NAVD88(GEOID18) height,8,6,5,5,0,
348,,468280.429,4313356.408,2417.403,,-105.3661494,38.96860511,2403.378,Global,0.012,0.011,0.012,0.016,1.934,m,FIX,2025-04-02 11:58:08.6 UTC-06:00,2025-04-02 11:58:38.6 UTC-06:00,151,1.4,1.6,468408.106,4313301.177,2422.571,-105.3646731,38.96811203,2408.544,139.252,,NAD83(2011) / UTM zone 13N + NAVD88(GEOID18) height,8,6,6,5,0,
349,,468280.43,4313356.403,2417.404,,-105.3661494,38.96860507,2403.379,Global,0.011,0.01,0.01,0.015,1.934,m,FIX,2025-04-02 11:58:55.6 UTC-06:00,2025-04-02 11:58:58.6 UTC-06:00,16,1.4,1.6,468408.106,4313301.177,2422.571,-105.3646731,38.96811203,2408.544,139.25,,NAD83(2011) / UTM zone 13N + NAVD88(GEOID18) height,8,6,5,5,0,
350,,468280.296,4313356.312,2417.373,,-105.3661509,38.96860424,2403.348,Global,0.011,0.012,0.01,0.016,1.934,m,FIX,2025-04-02 11:59:09.4 UTC-06:00,2025-04-02 11:59:12.4 UTC-06:00,16,1.3,1.6,468408.106,4313301.177,2422.571,-105.3646731,38.96811203,2408.544,139.343,,NAD83(2011) / UTM zone 13N + NAVD88(GEOID18) height,8,6,6,5,0,
351,,468280.547,4313356.224,2417.327,,-105.366148,38.96860346,2403.302,Global,0.019,0.011,0.01,0.022,1.934,m,FIX,2025-04-02 11:59:23.4 UTC-06:00,2025-04-02 11:59:26.4 UTC-06:00,16,1.4,1.6,468408.106,4313301.177,2422.571,-105.3646731,38.96811203,2408.544,139.093,,NAD83(2011) / UTM zone 13N + NAVD88(GEOID18) height,8,5,5,5,0,
352,,468280.555,4313356.458,2417.373,,-105.366148,38.96860556,2403.348,Global,0.012,0.02,0.01,0.023,1.934,m,FIX,2025-04-02 11:59:55.4 UTC-06:00,2025-04-02 11:59:58.4 UTC-06:00,16,1.3,1.6,468408.106,4313301.177,2422.571,-105.3646731,38.96811203,2408.544,139.168,,NAD83(2011) / UTM zone 13N + NAVD88(GEOID18) height,8,6,6,5,0,
353,,468280.365,4313356.563,2417.407,,-105.3661502,38.9686065,2403.382,Global,0.017,0.022,0.01,0.027,1.934,m,FIX,2025-04-02 12:00:04.0 UTC-06:00,2025-04-02 12:00:07.0 UTC-06:00,16,1.4,1.6,468408.106,4313301.177,2422.571,-105.3646731,38.96811203,2408.544,139.398,,NAD83(2011) / UTM zone 13N + NAVD88(GEOID18) height,8,6,5,5,0,
354,,468280.409,4313356.44,2417.387,,-105.3661496,38.9686054,2403.362,Global,0.013,0.014,0.01,0.019,1.934,m,FIX,2025-04-02 12:00:15.4 UTC-06:00,2025-04-02 12:00:18.4 UTC-06:00,16,1.4,1.6,468408.106,4313301.177,2422.571,-105.3646731,38.96811203,2408.544,139.275,,NAD83(2011) / UTM zone 13N + NAVD88(GEOID18) height,8,5,5,5,0,
355,,468280.412,4313356.38,2417.406,,-105.3661496,38.96860486,2403.382,Global,0.011,0.017,0.01,0.02,1.934,m,FIX,2025-04-02 12:00:26.4 UTC-06:00,2025-04-02 12:00:29.4 UTC-06:00,16,1.4,1.6,468408.106,4313301.177,2422.571,-105.3646731,38.96811203,2408.544,139.258,,NAD83(2011) / UTM zone 13N + NAVD88(GEOID18) height,8,6,6,5,0,
356,,468299.001,4313309.585,2417.23,,-105.3659329,38.96818385,2403.204,Global,0.01,0.011,0.01,0.015,1.934,m,FIX,2025-04-02 12:12:45.8 UTC-06:00,2025-04-02 12:12:48.8 UTC-06:00,16,1.4,1.7,468408.106,4313301.177,2422.571,-105.3646731,38.96811203,2408.544,109.569,,NAD83(2011) / UTM zone 13N + NAVD88(GEOID18) height,8,6,6,5,0,
357,,468299.206,4313309.159,2417.305,,-105.3659305,38.96818002,2403.28,Global,0.013,0.015,0.011,0.02,1.934,m,FIX,2025-04-02 12:12:59.6 UTC-06:00,2025-04-02 12:13:02.6 UTC-06:00,16,1.4,1.7,468408.106,4313301.177,2422.571,-105.3646731,38.96811203,2408.544,109.319,,NAD83(2011) / UTM zone 13N + NAVD88(GEOID18) height,8,5,6,5,0,
358,,468299.411,4313308.755,2417.352,,-105.3659281,38.96817638,2403.327,Global,0.01,0.014,0.01,0.018,1.934,m,FIX,2025-04-02 12:13:10.6 UTC-06:00,2025-04-02 12:13:13.6 UTC-06:00,16,1.4,1.7,468408.106,4313301.177,2422.571,-105.3646731,38.96811203,2408.544,109.089,,NAD83(2011) / UTM zone 13N + NAVD88(GEOID18) height,8,5,6,5,0,
359,,468299.57,4313308.226,2417.345,,-105.3659262,38.96817163,2403.32,Global,0.017,0.014,0.011,0.022,1.934,m,FIX,2025-04-02 12:13:19.0 UTC-06:00,2025-04-02 12:13:22.0 UTC-06:00,16,1.4,1.7,468408.106,4313301.177,2422.571,-105.3646731,38.96811203,2408.544,108.892,,NAD83(2011) / UTM zone 13N + NAVD88(GEOID18) height,8,6,6,5,0,
360,,468299.744,4313307.787,2417.393,,-105.3659242,38.96816767,2403.367,Global,0.013,0.014,0.01,0.019,1.934,m,FIX,2025-04-02 12:13:28.6 UTC-06:00,2025-04-02 12:13:31.6 UTC-06:00,16,1.4,1.7,468408.106,4313301.177,2422.571,-105.3646731,38.96811203,2408.544,108.695,,NAD83(2011) / UTM zone 13N + NAVD88(GEOID18) height,8,6,6,5,0,
361,,468299.895,4313307.248,2417.419,,-105.3659224,38.96816282,2403.393,Global,0.015,0.016,0.01,0.022,1.934,m,FIX,2025-04-02 12:13:39.4 UTC-06:00,2025-04-02 12:13:42.4 UTC-06:00,16,1.4,1.7,468408.106,4313301.177,2422.571,-105.3646731,38.96811203,2408.544,108.516,,NAD83(2011) / UTM zone 13N + NAVD88(GEOID18) height,8,6,6,5,0,
362,,468300.101,4313306.807,2417.491,,-105.36592,38.96815885,2403.465,Global,0.011,0.021,0.01,0.023,1.934,m,FIX,2025-04-02 12:13:48.6 UTC-06:00,2025-04-02 12:13:51.6 UTC-06:00,16,1.4,1.7,468408.106,4313301.177,2422.571,-105.3646731,38.96811203,2408.544,108.274,,NAD83(2011) / UTM zone 13N + NAVD88(GEOID18) height,8,6,6,5,0,
363,,468300.294,4313306.358,2417.522,,-105.3659178,38.96815482,2403.496,Global,0.023,0.024,0.011,0.033,1.934,m,FIX,2025-04-02 12:13:57.4 UTC-06:00,2025-04-02 12:14:00.4 UTC-06:00,16,1.4,1.7,468408.106,4313301.177,2422.571,-105.3646731,38.96811203,2408.544,108.054,,NAD83(2011) / UTM zone 13N + NAVD88(GEOID18) height,8,6,6,5,0,
364,,468300.503,4313305.907,2417.522,,-105.3659153,38.96815076,2403.496,Global,0.011,0.011,0.01,0.016,1.934,m,FIX,2025-04-02 12:14:08.4 UTC-06:00,2025-04-02 12:14:11.4 UTC-06:00,16,1.4,1.7,468408.106,4313301.177,2422.571,-105.3646731,38.96811203,2408.544,107.849,,NAD83(2011) / UTM zone 13N + NAVD88(GEOID18) height,8,6,6,5,0,
365,,468300.663,4313305.481,2417.506,,-105.3659135,38.96814693,2403.48,Global,0.013,0.013,0.01,0.019,1.934,m,FIX,2025-04-02 12:14:16.4 UTC-06:00,2025-04-02 12:14:19.4 UTC-06:00,16,1.4,1.7,468408.106,4313301.177,2422.571,-105.3646731,38.96811203,2408.544,107.658,,NAD83(2011) / UTM zone 13N + NAVD88(GEOID18) height,8,6,6,5,0,
366,,468300.823,4313305.005,2417.528,,-105.3659116,38.96814264,2403.502,Global,0.011,0.013,0.01,0.017,1.934,m,FIX,2025-04-02 12:14:25.6 UTC-06:00,2025-04-02 12:14:28.6 UTC-06:00,16,1.5,1.8,468408.106,4313301.177,2422.571,-105.3646731,38.96811203,2408.544,107.477,,NAD83(2011) / UTM zone 13N + NAVD88(GEOID18) height,8,5,6,5,0,
367,,468300.902,4313304.556,2417.568,,-105.3659107,38.9681386,2403.543,Global,0.011,0.017,0.01,0.02,1.934,m,FIX,2025-04-02 12:14:34.8 UTC-06:00,2025-04-02 12:14:37.8 UTC-06:00,16,1.5,1.8,468408.106,4313301.177,2422.571,-105.3646731,38.96811203,2408.544,107.377,,NAD83(2011) / UTM zone 13N + NAVD88(GEOID18) height,8,5,6,5,0,
368,,468301.098,4313304.067,2417.481,,-105.3659084,38.9681342,2403.456,Global,0.026,0.012,0.01,0.028,1.934,m,FIX,2025-04-02 12:14:43.2 UTC-06:00,2025-04-02 12:14:46.2 UTC-06:00,16,1.5,1.8,468408.106,4313301.177,2422.571,-105.3646731,38.96811203,2408.544,107.139,,NAD83(2011) / UTM zone 13N + NAVD88(GEOID18) height,8,5,6,5,0,
369,,468301.292,4313303.622,2417.539,,-105.3659061,38.9681302,2403.514,Global,0.015,0.033,0.01,0.036,1.934,m,FIX,2025-04-02 12:14:51.4 UTC-06:00,2025-04-02 12:14:54.4 UTC-06:00,16,1.5,1.8,468408.106,4313301.177,2422.571,-105.3646731,38.96811203,2408.544,106.979,,NAD83(2011) / UTM zone 13N + NAVD88(GEOID18) height,8,6,6,5,0,
370,,468301.51,4313303.127,2417.515,,-105.3659036,38.96812575,2403.49,Global,0.012,0.024,0.011,0.027,1.934,m,FIX,2025-04-02 12:15:04.2 UTC-06:00,2025-04-02 12:15:07.2 UTC-06:00,16,1.5,1.8,468408.106,4313301.177,2422.571,-105.3646731,38.96811203,2408.544,106.741,,NAD83(2011) / UTM zone 13N + NAVD88(GEOID18) height,8,6,6,4,0,
371,,468301.699,4313302.672,2417.478,,-105.3659014,38.96812165,2403.453,Global,0.02,0.021,0.011,0.029,1.934,m,FIX,2025-04-02 12:15:11.6 UTC-06:00,2025-04-02 12:15:14.6 UTC-06:00,16,1.5,1.8,468408.106,4313301.177,2422.571,-105.3646731,38.96811203,2408.544,106.53,,NAD83(2011) / UTM zone 13N + NAVD88(GEOID18) height,8,6,6,4,0,
372,,468301.884,4313302.195,2417.453,,-105.3658992,38.96811736,2403.427,Global,0.013,0.012,0.01,0.018,1.934,m,FIX,2025-04-02 12:15:20.2 UTC-06:00,2025-04-02 12:15:23.2 UTC-06:00,16,1.5,1.8,468408.106,4313301.177,2422.571,-105.3646731,38.96811203,2408.544,106.366,,NAD83(2011) / UTM zone 13N + NAVD88(GEOID18) height,8,6,6,5,0,
373,,468302.058,4313301.717,2417.423,,-105.3658972,38.96811306,2403.398,Global,0.011,0.025,0.011,0.028,1.934,m,FIX,2025-04-02 12:15:28.0 UTC-06:00,2025-04-02 12:15:31.0 UTC-06:00,16,1.5,1.8,468408.106,4313301.177,2422.571,-105.3646731,38.96811203,2408.544,106.178,,NAD83(2011) / UTM zone 13N + NAVD88(GEOID18) height,8,6,6,5,0,
374,,468302.245,4313301.244,2417.401,,-105.365895,38.9681088,2403.376,Global,0.018,0.017,0.01,0.025,1.934,m,FIX,2025-04-02 12:15:37.4 UTC-06:00,2025-04-02 12:15:40.4 UTC-06:00,16,1.5,1.8,468408.106,4313301.177,2422.571,-105.3646731,38.96811203,2408.544,105.997,,NAD83(2011) / UTM zone 13N + NAVD88(GEOID18) height,8,6,6,5,0,
375,,468302.339,4313300.797,2417.405,,-105.3658939,38.96810478,2403.379,Global,0.012,0.014,0.01,0.018,1.934,m,FIX,2025-04-02 12:15:48.6 UTC-06:00,2025-04-02 12:15:51.6 UTC-06:00,16,1.5,1.8,468408.106,4313301.177,2422.571,-105.3646731,38.96811203,2408.544,105.908,,NAD83(2011) / UTM zone 13N + NAVD88(GEOID18) height,8,6,6,5,0,
376,,468302.559,4313300.299,2417.416,,-105.3658914,38.9681003,2403.391,Global,0.031,0.012,0.01,0.033,1.934,m,FIX,2025-04-02 12:15:58.8 UTC-06:00,2025-04-02 12:16:01.8 UTC-06:00,16,1.5,1.8,468408.106,4313301.177,2422.571,-105.3646731,38.96811203,2408.544,105.731,,NAD83(2011) / UTM zone 13N + NAVD88(GEOID18) height,8,6,6,5,0,
377,,468302.727,4313299.829,2417.375,,-105.3658894,38.96809607,2403.349,Global,0.023,0.012,0.01,0.026,1.934,m,FIX,2025-04-02 12:16:06.2 UTC-06:00,2025-04-02 12:16:09.2 UTC-06:00,16,1.5,1.8,468408.106,4313301.177,2422.571,-105.3646731,38.96811203,2408.544,105.545,,NAD83(2011) / UTM zone 13N + NAVD88(GEOID18) height,8,6,6,5,0,
378,,468302.89,4313299.352,2417.376,,-105.3658875,38.96809178,2403.351,Global,0.019,0.014,0.01,0.024,1.934,m,FIX,2025-04-02 12:16:14.0 UTC-06:00,2025-04-02 12:16:17.0 UTC-06:00,16,1.5,1.8,468408.106,4313301.177,2422.571,-105.3646731,38.96811203,2408.544,105.379,,NAD83(2011) / UTM zone 13N + NAVD88(GEOID18) height,8,6,6,5,0,
379,,468303.005,4313298.891,2417.297,,-105.3658861,38.96808763,2403.271,Global,0.021,0.018,0.01,0.028,1.934,m,FIX,2025-04-02 12:16:22.2 UTC-06:00,2025-04-02 12:16:25.2 UTC-06:00,16,1.5,1.8,468408.106,4313301.177,2422.571,-105.3646731,38.96811203,2408.544,105.247,,NAD83(2011) / UTM zone 13N + NAVD88(GEOID18) height,8,6,6,5,0,
380,,468303.174,4313298.465,2417.273,,-105.3658842,38.9680838,2403.247,Global,0.012,0.014,0.011,0.018,1.934,m,FIX,2025-04-02 12:16:29.8 UTC-06:00,2025-04-02 12:16:32.8 UTC-06:00,16,1.5,1.8,468408.106,4313301.177,2422.571,-105.3646731,38.96811203,2408.544,105.093,,NAD83(2011) / UTM zone 13N + NAVD88(GEOID18) height,8,6,6,5,0,
381,,468303.347,4313297.94,2417.254,,-105.3658822,38.96807907,2403.228,Global,0.016,0.016,0.01,0.023,1.934,m,FIX,2025-04-02 12:16:37.0 UTC-06:00,2025-04-02 12:16:40.0 UTC-06:00,16,1.5,1.8,468408.106,4313301.177,2422.571,-105.3646731,38.96811203,2408.544,104.931,,NAD83(2011) / UTM zone 13N + NAVD88(GEOID18) height,8,6,6,5,0,
382,,468303.513,4313297.476,2417.24,,-105.3658802,38.9680749,2403.214,Global,0.015,0.02,0.01,0.025,1.934,m,FIX,2025-04-02 12:16:44.0 UTC-06:00,2025-04-02 12:16:47.0 UTC-06:00,16,1.5,1.8,468408.106,4313301.177,2422.571,-105.3646731,38.96811203,2408.544,104.797,,NAD83(2011) / UTM zone 13N + NAVD88(GEOID18) height,8,6,6,5,0,
383,,468303.676,4313296.984,2417.256,,-105.3658783,38.96807047,2403.231,Global,0.022,0.014,0.01,0.026,1.934,m,FIX,2025-04-02 12:16:51.6 UTC-06:00,2025-04-02 12:16:54.6 UTC-06:00,16,1.5,1.8,468408.106,4313301.177,2422.571,-105.3646731,38.96811203,2408.544,104.664,,NAD83(2011) / UTM zone 13N + NAVD88(GEOID18) height,8,6,6,5,0,
384,,468303.804,4313296.559,2417.26,,-105.3658768,38.96806665,2403.234,Global,0.015,0.017,0.01,0.022,1.934,m,FIX,2025-04-02 12:16:59.8 UTC-06:00,2025-04-02 12:17:02.8 UTC-06:00,16,1.4,1.7,468408.106,4313301.177,2422.571,-105.3646731,38.96811203,2408.544,104.547,,NAD83(2011) / UTM zone 13N + NAVD88(GEOID18) height,8,6,6,5,0,
385,,468303.944,4313296.045,2417.215,,-105.3658752,38.96806201,2403.19,Global,0.014,0.012,0.014,0.018,1.934,m,FIX,2025-04-02 12:17:11.4 UTC-06:00,2025-04-02 12:17:14.4 UTC-06:00,16,1.4,1.7,468408.106,4313301.177,2422.571,-105.3646731,38.96811203,2408.544,104.413,,NAD83(2011) / UTM zone 13N + NAVD88(GEOID18) height,8,6,6,5,0,
386,,468304.13,4313295.586,2417.226,,-105.365873,38.96805789,2403.2,Global,0.011,0.012,0.01,0.016,1.934,m,FIX,2025-04-02 12:17:24.2 UTC-06:00,2025-04-02 12:17:27.2 UTC-06:00,16,1.5,1.8,468408.106,4313301.177,2422.571,-105.3646731,38.96811203,2408.544,104.269,,NAD83(2011) / UTM zone 13N + NAVD88(GEOID18) height,8,6,6,5,0,
387,,468304.27,4313295.115,2417.171,,-105.3658714,38.96805365,2403.146,Global,0.026,0.012,0.011,0.029,1.934,m,FIX,2025-04-02 12:17:33.0 UTC-06:00,2025-04-02 12:17:36.0 UTC-06:00,16,1.5,1.8,468408.106,4313301.177,2422.571,-105.3646731,38.96811203,2408.544,104.172,,NAD83(2011) / UTM zone 13N + NAVD88(GEOID18) height,8,6,6,5,0,
388,,468304.405,4313294.63,2417.125,,-105.3658698,38.96804928,2403.1,Global,0.01,0.013,0.01,0.017,1.934,m,FIX,2025-04-02 12:17:44.6 UTC-06:00,2025-04-02 12:17:47.6 UTC-06:00,16,1.5,1.8,468408.106,4313301.177,2422.571,-105.3646731,38.96811203,2408.544,104.041,,NAD83(2011) / UTM zone 13N + NAVD88(GEOID18) height,8,6,6,5,0,
389,,468304.54,4313294.122,2417.035,,-105.3658682,38.96804471,2403.01,Global,0.012,0.038,0.011,0.039,1.934,m,FIX,2025-04-02 12:17:54.6 UTC-06:00,2025-04-02 12:17:57.6 UTC-06:00,16,1.5,1.8,468408.106,4313301.177,2422.571,-105.3646731,38.96811203,2408.544,103.935,,NAD83(2011) / UTM zone 13N + NAVD88(GEOID18) height,8,6,6,5,0,
390,,468304.682,4313293.699,2416.964,,-105.3658666,38.9680409,2402.939,Global,0.017,0.029,0.011,0.034,1.934,m,FIX,2025-04-02 12:18:02.8 UTC-06:00,2025-04-02 12:18:05.8 UTC-06:00,16,1.5,1.8,468408.106,4313301.177,2422.571,-105.3646731,38.96811203,2408.544,103.834,,NAD83(2011) / UTM zone 13N + NAVD88(GEOID18) height,8,6,6,5,0,
391,,468304.834,4313293.193,2416.943,,-105.3658648,38.96803635,2402.917,Global,0.013,0.019,0.011,0.023,1.934,m,FIX,2025-04-02 12:18:11.0 UTC-06:00,2025-04-02 12:18:14.0 UTC-06:00,16,1.5,1.8,468408.106,4313301.177,2422.571,-105.3646731,38.96811203,2408.544,103.723,,NAD83(2011) / UTM zone 13N + NAVD88(GEOID18) height,8,6,6,5,0,
392,,468304.944,4313292.739,2416.815,,-105.3658635,38.96803226,2402.79,Global,0.034,0.04,0.011,0.053,1.934,m,FIX,2025-04-02 12:18:19.4 UTC-06:00,2025-04-02 12:18:22.4 UTC-06:00,16,1.5,1.8,468408.106,4313301.177,2422.571,-105.3646731,38.96811203,2408.544,103.677,,NAD83(2011) / UTM zone 13N + NAVD88(GEOID18) height,8,6,6,5,0,
393,,468305.125,4313292.265,2416.75,,-105.3658614,38.96802799,2402.724,Global,0.012,0.012,0.01,0.017,1.934,m,FIX,2025-04-02 12:18:27.4 UTC-06:00,2025-04-02 12:18:30.4 UTC-06:00,16,1.5,1.8,468408.106,4313301.177,2422.571,-105.3646731,38.96811203,2408.544,103.52,,NAD83(2011) / UTM zone 13N + NAVD88(GEOID18) height,8,6,6,5,0,
394,,468305.273,4313291.789,2416.742,,-105.3658596,38.96802371,2402.717,Global,0.017,0.011,0.011,0.02,1.934,m,FIX,2025-04-02 12:18:35.4 UTC-06:00,2025-04-02 12:18:38.4 UTC-06:00,16,1.5,1.8,468408.106,4313301.177,2422.571,-105.3646731,38.96811203,2408.544,103.426,,NAD83(2011) / UTM zone 13N + NAVD88(GEOID18) height,8,6,6,5,0,
395,,468305.5,4313290.99,2416.451,,-105.365857,38.96801652,2402.426,Global,0.01,0.014,0.01,0.018,1.934,m,FIX,2025-04-02 12:19:05.6 UTC-06:00,2025-04-02 12:19:08.6 UTC-06:00,16,1.5,1.8,468408.106,4313301.177,2422.571,-105.3646731,38.96811203,2408.544,103.273,,NAD83(2011) / UTM zone 13N + NAVD88(GEOID18) height,8,6,6,5,0,
396,,468305.754,4313290.463,2416.656,,-105.365854,38.96801178,2402.63,Global,0.011,0.013,0.01,0.017,1.934,m,FIX,2025-04-02 12:19:45.2 UTC-06:00,2025-04-02 12:19:48.2 UTC-06:00,16,1.5,1.8,468408.106,4313301.177,2422.571,-105.3646731,38.96811203,2408.544,103.064,,NAD83(2011) / UTM zone 13N + NAVD88(GEOID18) height,8,6,6,4,0,
397,,468305.969,4313289.967,2416.613,,-105.3658515,38.96800732,2402.588,Global,0.014,0.037,0.01,0.039,1.934,m,FIX,2025-04-02 12:19:53.2 UTC-06:00,2025-04-02 12:19:56.2 UTC-06:00,16,1.5,1.8,468408.106,4313301.177,2422.571,-105.3646731,38.96811203,2408.544,102.902,,NAD83(2011) / UTM zone 13N + NAVD88(GEOID18) height,9,6,6,4,0,
398,,468306.161,4313289.514,2416.65,,-105.3658493,38.96800324,2402.625,Global,0.012,0.016,0.011,0.02,1.934,m,FIX,2025-04-02 12:20:00.2 UTC-06:00,2025-04-02 12:20:03.2 UTC-06:00,16,1.5,1.8,468408.106,4313301.177,2422.571,-105.3646731,38.96811203,2408.544,102.779,,NAD83(2011) / UTM zone 13N + NAVD88(GEOID18) height,8,6,6,4,0,
399,,468306.296,4313288.96,2416.672,,-105.3658477,38.96799825,2402.647,Global,0.01,0.012,0.01,0.016,1.934,m,FIX,2025-04-02 12:20:12.0 UTC-06:00,2025-04-02 12:20:15.0 UTC-06:00,16,1.5,1.8,468408.106,4313301.177,2422.571,-105.3646731,38.96811203,2408.544,102.698,,NAD83(2011) / UTM zone 13N + NAVD88(GEOID18) height,8,6,6,4,0,
400,,468306.41,4313288.512,2416.694,,-105.3658464,38.96799423,2402.668,Global,0.01,0.014,0.011,0.017,1.934,m,FIX,2025-04-02 12:20:27.8 UTC-06:00,2025-04-02 12:20:30.8 UTC-06:00,16,1.5,1.9,468408.106,4313301.177,2422.571,-105.3646731,38.96811203,2408.544,102.635,,NAD83(2011) / UTM zone 13N + NAVD88(GEOID18) height,8,6,6,4,0,
401,,468306.581,4313288.108,2416.782,,-105.3658444,38.96799059,2402.756,Global,0.043,0.017,0.011,0.047,1.934,m,FIX,2025-04-02 12:20:41.6 UTC-06:00,2025-04-02 12:20:44.6 UTC-06:00,16,1.5,1.8,468408.106,4313301.177,2422.571,-105.3646731,38.96811203,2408.544,102.458,,NAD83(2011) / UTM zone 13N + NAVD88(GEOID18) height,9,6,6,4,0,
402,,468306.845,4313287.705,2416.806,,-105.3658413,38.96798696,2402.78,Global,0.022,0.015,0.011,0.027,1.934,m,FIX,2025-04-02 12:20:55.0 UTC-06:00,2025-04-02 12:20:58.0 UTC-06:00,16,1.5,1.8,468408.106,4313301.177,2422.571,-105.3646731,38.96811203,2408.544,102.32,,NAD83(2011) / UTM zone 13N + NAVD88(GEOID18) height,9,6,6,4,0,
403,,468307.118,4313287.3,2416.599,,-105.3658381,38.96798333,2402.574,Global,0.012,0.013,0.01,0.018,1.934,m,FIX,2025-04-02 12:21:06.2 UTC-06:00,2025-04-02 12:21:09.2 UTC-06:00,16,1.5,1.8,468408.106,4313301.177,2422.571,-105.3646731,38.96811203,2408.544,102.101,,NAD83(2011) / UTM zone 13N + NAVD88(GEOID18) height,8,6,6,4,0,
404,,468307.334,4313286.859,2416.638,,-105.3658356,38.96797936,2402.612,Global,0.013,0.011,0.01,0.017,1.934,m,FIX,2025-04-02 12:21:15.6 UTC-06:00,2025-04-02 12:21:18.6 UTC-06:00,16,1.5,1.8,468408.106,4313301.177,2422.571,-105.3646731,38.96811203,2408.544,101.929,,NAD83(2011) / UTM zone 13N + NAVD88(GEOID18) height,9,6,6,4,0,
405,,468307.529,4313286.357,2416.65,,-105.3658333,38.96797484,2402.624,Global,0.015,0.014,0.011,0.021,1.934,m,FIX,2025-04-02 12:21:26.0 UTC-06:00,2025-04-02 12:21:29.0 UTC-06:00,16,1.5,1.8,468408.106,4313301.177,2422.571,-105.3646731,38.96811203,2408.544,101.829,,NAD83(2011) / UTM zone 13N + NAVD88(GEOID18) height,8,6,6,4,0,
406,,468307.729,4313285.924,2416.627,,-105.365831,38.96797095,2402.601,Global,0.011,0.012,0.01,0.016,1.934,m,FIX,2025-04-02 12:21:34.4 UTC-06:00,2025-04-02 12:21:37.4 UTC-06:00,16,1.5,1.8,468408.106,4313301.177,2422.571,-105.3646731,38.96811203,2408.544,101.68,,NAD83(2011) / UTM zone 13N + NAVD88(GEOID18) height,8,6,6,4,0,
407,,468307.96,4313285.475,2416.616,,-105.3658283,38.96796692,2402.59,Global,0.012,0.012,0.01,0.017,1.934,m,FIX,2025-04-02 12:21:46.6 UTC-06:00,2025-04-02 12:21:49.6 UTC-06:00,16,1.5,1.8,468408.106,4313301.177,2422.571,-105.3646731,38.96811203,2408.544,101.531,,NAD83(2011) / UTM zone 13N + NAVD88(GEOID18) height,9,6,6,4,0,
408,,468308.131,4313285.006,2416.644,,-105.3658263,38.9679627,2402.618,Global,0.016,0.013,0.01,0.02,1.934,m,FIX,2025-04-02 12:22:00.6 UTC-06:00,2025-04-02 12:22:03.6 UTC-06:00,16,1.5,1.8,468408.106,4313301.177,2422.571,-105.3646731,38.96811203,2408.544,101.427,,NAD83(2011) / UTM zone 13N + NAVD88(GEOID18) height,9,6,6,4,0,
409,,468308.323,4313284.532,2416.673,,-105.3658241,38.96795843,2402.647,Global,0.019,0.017,0.01,0.026,1.934,m,FIX,2025-04-02 12:22:11.0 UTC-06:00,2025-04-02 12:22:14.0 UTC-06:00,16,1.5,1.8,468408.106,4313301.177,2422.571,-105.3646731,38.96811203,2408.544,101.346,,NAD83(2011) / UTM zone 13N + NAVD88(GEOID18) height,9,6,6,4,0,
410,,468308.515,4313284.033,2416.682,,-105.3658219,38.96795394,2402.657,Global,0.027,0.019,0.011,0.033,1.934,m,FIX,2025-04-02 12:22:19.8 UTC-06:00,2025-04-02 12:22:22.8 UTC-06:00,16,1.5,1.8,468408.106,4313301.177,2422.571,-105.3646731,38.96811203,2408.544,101.211,,NAD83(2011) / UTM zone 13N + NAVD88(GEOID18) height,9,6,6,4,0,
411,,468308.763,4313283.63,2416.715,,-105.365819,38.96795031,2402.69,Global,0.025,0.011,0.011,0.027,1.934,m,FIX,2025-04-02 12:22:27.6 UTC-06:00,2025-04-02 12:22:30.6 UTC-06:00,16,1.5,1.8,468408.106,4313301.177,2422.571,-105.3646731,38.96811203,2408.544,101.068,,NAD83(2011) / UTM zone 13N + NAVD88(GEOID18) height,9,6,6,4,0,
412,,468308.951,4313283.173,2416.702,,-105.3658168,38.9679462,2402.677,Global,0.011,0.013,0.01,0.017,1.934,m,FIX,2025-04-02 12:22:36.0 UTC-06:00,2025-04-02 12:22:39.0 UTC-06:00,16,1.5,1.8,468408.106,4313301.177,2422.571,-105.3646731,38.96811203,2408.544,100.927,,NAD83(2011) / UTM zone 13N + NAVD88(GEOID18) height,9,6,6,4,0,
413,,468309.139,4313282.779,2416.676,,-105.3658146,38.96794266,2402.65,Global,0.011,0.015,0.011,0.019,1.934,m,FIX,2025-04-02 12:22:45.6 UTC-06:00,2025-04-02 12:22:48.6 UTC-06:00,16,1.5,1.8,468408.106,4313301.177,2422.571,-105.3646731,38.96811203,2408.544,100.826,,NAD83(2011) / UTM zone 13N + NAVD88(GEOID18) height,9,6,6,4,0,
414,,468309.351,4313282.265,2416.672,,-105.3658121,38.96793803,2402.646,Global,0.015,0.011,0.011,0.018,1.934,m,FIX,2025-04-02 12:22:55.2 UTC-06:00,2025-04-02 12:22:58.2 UTC-06:00,16,1.5,1.8,468408.106,4313301.177,2422.571,-105.3646731,38.96811203,2408.544,100.716,,NAD83(2011) / UTM zone 13N + NAVD88(GEOID18) height,9,6,6,4,0,
415,,468309.552,4313281.8,2416.674,,-105.3658098,38.96793386,2402.648,Global,0.023,0.011,0.01,0.026,1.934,m,FIX,2025-04-02 12:23:04.4 UTC-06:00,2025-04-02 12:23:07.4 UTC-06:00,16,1.5,1.8,468408.106,4313301.177,2422.571,-105.3646731,38.96811203,2408.544,100.615,,NAD83(2011) / UTM zone 13N + NAVD88(GEOID18) height,8,6,6,4,0,
416,,468309.638,4313281.34,2416.661,,-105.3658088,38.96792971,2402.636,Global,0.01,0.011,0.01,0.015,1.934,m,FIX,2025-04-02 12:23:15.8 UTC-06:00,2025-04-02 12:23:18.8 UTC-06:00,16,1.5,1.8,468408.106,4313301.177,2422.571,-105.3646731,38.96811203,2408.544,100.599,,NAD83(2011) / UTM zone 13N + NAVD88(GEOID18) height,9,6,6,4,0,
417,,468309.799,4313280.867,2416.722,,-105.3658069,38.96792546,2402.696,Global,0.028,0.012,0.01,0.03,1.934,m,FIX,2025-04-02 12:23:24.4 UTC-06:00,2025-04-02 12:23:27.4 UTC-06:00,16,1.5,1.8,468408.106,4313301.177,2422.571,-105.3646731,38.96811203,2408.544,100.564,,NAD83(2011) / UTM zone 13N + NAVD88(GEOID18) height,9,6,6,4,0,
418,,468309.964,4313280.409,2416.771,,-105.365805,38.96792134,2402.746,Global,0.015,0.021,0.011,0.026,1.934,m,FIX,2025-04-02 12:23:33.6 UTC-06:00,2025-04-02 12:23:36.6 UTC-06:00,16,1.5,1.8,468408.106,4313301.177,2422.571,-105.3646731,38.96811203,2408.544,100.48,,NAD83(2011) / UTM zone 13N + NAVD88(GEOID18) height,9,6,6,4,0,
419,,468310.147,4313279.972,2416.846,,-105.3658028,38.9679174,2402.82,Global,0.012,0.012,0.01,0.017,1.934,m,FIX,2025-04-02 12:23:51.8 UTC-06:00,2025-04-02 12:23:54.8 UTC-06:00,16,1.5,1.8,468408.106,4313301.177,2422.571,-105.3646731,38.96811203,2408.544,100.381,,NAD83(2011) / UTM zone 13N + NAVD88(GEOID18) height,9,6,6,4,0,
420,,468310.382,4313279.575,2416.838,,-105.3658001,38.96791384,2402.813,Global,0.012,0.011,0.01,0.016,1.934,m,FIX,2025-04-02 12:24:00.8 UTC-06:00,2025-04-02 12:24:03.8 UTC-06:00,16,1.5,1.8,468408.106,4313301.177,2422.571,-105.3646731,38.96811203,2408.544,100.227,,NAD83(2011) / UTM zone 13N + NAVD88(GEOID18) height,9,6,6,4,0,
421,,468310.637,4313279.099,2416.919,,-105.3657971,38.96790956,2402.893,Global,0.014,0.019,0.01,0.024,1.934,m,FIX,2025-04-02 12:24:12.2 UTC-06:00,2025-04-02 12:24:15.2 UTC-06:00,16,1.6,1.9,468408.106,4313301.177,2422.571,-105.3646731,38.96811203,2408.544,100.07,,NAD83(2011) / UTM zone 13N + NAVD88(GEOID18) height,9,6,6,4,0,
422,,468310.867,4313278.774,2416.983,,-105.3657945,38.96790663,2402.957,Global,0.011,0.012,0.011,0.017,1.934,m,FIX,2025-04-02 12:24:22.6 UTC-06:00,2025-04-02 12:24:25.6 UTC-06:00,16,1.6,1.9,468408.106,4313301.177,2422.571,-105.3646731,38.96811203,2408.544,99.924,,NAD83(2011) / UTM zone 13N + NAVD88(GEOID18) height,9,6,6,4,0,
423,,468311.069,4313278.378,2417.092,,-105.3657921,38.96790307,2403.066,Global,0.012,0.011,0.011,0.016,1.934,m,FIX,2025-04-02 12:24:40.4 UTC-06:00,2025-04-02 12:24:43.4 UTC-06:00,16,1.5,1.8,468408.106,4313301.177,2422.571,-105.3646731,38.96811203,2408.544,99.821,,NAD83(2011) / UTM zone 13N + NAVD88(GEOID18) height,9,6,6,4,0,
424,,468311.368,4313277.986,2417.199,,-105.3657886,38.96789955,2403.173,Global,0.017,0.015,0.01,0.023,1.934,m,FIX,2025-04-02 12:24:50.0 UTC-06:00,2025-04-02 12:24:53.0 UTC-06:00,16,1.5,1.8,468408.106,4313301.177,2422.571,-105.3646731,38.96811203,2408.544,99.624,,NAD83(2011) / UTM zone 13N + NAVD88(GEOID18) height,9,6,6,4,0,
425,,468311.605,4313277.531,2417.243,,-105.3657859,38.96789546,2403.217,Global,0.015,0.017,0.012,0.023,1.934,m,FIX,2025-04-02 12:24:59.6 UTC-06:00,2025-04-02 12:25:02.6 UTC-06:00,16,1.5,1.8,468408.106,4313301.177,2422.571,-105.3646731,38.96811203,2408.544,99.508,,NAD83(2011) / UTM zone 13N + NAVD88(GEOID18) height,9,6,6,5,0,
426,,468311.882,4313277.134,2417.31,,-105.3657827,38.96789189,2403.285,Global,0.022,0.014,0.012,0.026,1.934,m,FIX,2025-04-02 12:25:10.0 UTC-06:00,2025-04-02 12:25:13.0 UTC-06:00,16,1.5,1.8,468408.106,4313301.177,2422.571,-105.3646731,38.96811203,2408.544,99.325,,NAD83(2011) / UTM zone 13N + NAVD88(GEOID18) height,8,6,6,5,0,
427,,468312.091,4313276.711,2417.386,,-105.3657802,38.96788809,2403.36,Global,0.025,0.013,0.011,0.028,1.934,m,FIX,2025-04-02 12:25:19.0 UTC-06:00,2025-04-02 12:25:22.0 UTC-06:00,16,1.5,1.9,468408.106,4313301.177,2422.571,-105.3646731,38.96811203,2408.544,99.226,,NAD83(2011) / UTM zone 13N + NAVD88(GEOID18) height,8,6,6,5,0,
428,,468312.343,4313276.251,2417.534,,-105.3657773,38.96788395,2403.508,Global,0.018,0.014,0.01,0.023,1.934,m,FIX,2025-04-02 12:25:29.8 UTC-06:00,2025-04-02 12:25:32.8 UTC-06:00,16,1.5,1.8,468408.106,4313301.177,2422.571,-105.3646731,38.96811203,2408.544,99.063,,NAD83(2011) / UTM zone 13N + NAVD88(GEOID18) height,9,6,6,5,0,
429,,468312.502,4313275.871,2417.586,,-105.3657755,38.96788053,2403.561,Global,0.015,0.013,0.011,0.02,1.934,m,FIX,2025-04-02 12:25:40.6 UTC-06:00,2025-04-02 12:25:43.6 UTC-06:00,16,1.6,1.9,468408.106,4313301.177,2422.571,-105.3646731,38.96811203,2408.544,99.022,,NAD83(2011) / UTM zone 13N + NAVD88(GEOID18) height,8,6,6,5,0,
430,,468313.667,4313273.042,2417.698,,-105.3657619,38.96785508,2403.672,Global,0.012,0.011,0.01,0.016,1.934,m,FIX,2025-04-02 12:25:54.2 UTC-06:00,2025-04-02 12:25:57.2 UTC-06:00,16,1.5,1.9,468408.106,4313301.177,2422.571,-105.3646731,38.96811203,2408.544,98.652,,NAD83(2011) / UTM zone 13N + NAVD88(GEOID18) height,9,6,6,5,0,
431,,468313.778,4313272.531,2417.857,,-105.3657606,38.96785048,2403.831,Global,0.017,0.012,0.011,0.021,1.934,m,FIX,2025-04-02 12:26:20.8 UTC-06:00,2025-04-02 12:26:23.8 UTC-06:00,16,1.4,1.6,468408.106,4313301.177,2422.571,-105.3646731,38.96811203,2408.544,98.679,,NAD83(2011) / UTM zone 13N + NAVD88(GEOID18) height,9,6,6,5,0,
432,,468314.003,4313272.123,2417.997,,-105.365758,38.96784682,2403.971,Global,0.024,0.031,0.015,0.039,1.934,m,FIX,2025-04-02 12:26:34.6 UTC-06:00,2025-04-02 12:26:37.6 UTC-06:00,16,1.4,1.7,468408.106,4313301.177,2422.571,-105.3646731,38.96811203,2408.544,98.642,,NAD83(2011) / UTM zone 13N + NAVD88(GEOID18) height,9,6,6,5,0,
433,,468314.146,4313271.655,2418.086,,-105.3657563,38.9678426,2404.06,Global,0.018,0.018,0.01,0.025,1.934,m,FIX,2025-04-02 12:26:43.8 UTC-06:00,2025-04-02 12:26:46.8 UTC-06:00,16,1.4,1.6,468408.106,4313301.177,2422.571,-105.3646731,38.96811203,2408.544,98.598,,NAD83(2011) / UTM zone 13N + NAVD88(GEOID18) height,8,6,6,5,0,
434,,468314.288,4313271.163,2418.201,,-105.3657546,38.96783817,2404.175,Global,0.014,0.011,0.013,0.018,1.934,m,FIX,2025-04-02 12:26:53.2 UTC-06:00,2025-04-02 12:26:56.2 UTC-06:00,16,1.4,1.6,468408.106,4313301.177,2422.571,-105.3646731,38.96811203,2408.544,98.598,,NAD83(2011) / UTM zone 13N + NAVD88(GEOID18) height,9,6,6,5,0,
435,,468314.412,4313270.697,2418.271,,-105.3657532,38.96783398,2404.245,Global,0.011,0.016,0.015,0.02,1.934,m,FIX,2025-04-02 12:27:03.6 UTC-06:00,2025-04-02 12:27:06.6 UTC-06:00,16,1.4,1.6,468408.106,4313301.177,2422.571,-105.3646731,38.96811203,2408.544,98.631,,NAD83(2011) / UTM zone 13N + NAVD88(GEOID18) height,9,6,6,5,0,
436,,468314.616,4313270.299,2418.363,,-105.3657508,38.9678304,2404.337,Global,0.022,0.018,0.015,0.028,1.934,m,FIX,2025-04-02 12:27:12.0 UTC-06:00,2025-04-02 12:27:15.0 UTC-06:00,16,1.4,1.7,468408.106,4313301.177,2422.571,-105.3646731,38.96811203,2408.544,98.547,,NAD83(2011) / UTM zone 13N + NAVD88(GEOID18) height,9,6,6,5,0,
437,,468314.719,4313269.822,2418.44,,-105.3657496,38.9678261,2404.414,Global,0.014,0.058,0.014,0.06,1.934,m,FIX,2025-04-02 12:27:20.0 UTC-06:00,2025-04-02 12:27:23.0 UTC-06:00,16,1.4,1.7,468408.106,4313301.177,2422.571,-105.3646731,38.96811203,2408.544,98.619,,NAD83(2011) / UTM zone 13N + NAVD88(GEOID18) height,9,6,6,5,0,
438,,468314.871,4313269.34,2418.532,,-105.3657478,38.96782176,2404.506,Global,0.02,0.033,0.014,0.039,1.934,m,FIX,2025-04-02 12:27:27.8 UTC-06:00,2025-04-02 12:27:30.8 UTC-06:00,16,1.4,1.7,468408.106,4313301.177,2422.571,-105.3646731,38.96811203,2408.544,98.612,,NAD83(2011) / UTM zone 13N + NAVD88(GEOID18) height,9,6,6,4,0,
439,,468315.041,4313268.84,2418.687,,-105.3657458,38.96781727,2404.661,Global,0.014,0.011,0.012,0.017,1.934,m,FIX,2025-04-02 12:27:39.0 UTC-06:00,2025-04-02 12:27:42.0 UTC-06:00,16,1.4,1.7,468408.106,4313301.177,2422.571,-105.3646731,38.96811203,2408.544,98.608,,NAD83(2011) / UTM zone 13N + NAVD88(GEOID18) height,9,6,6,5,0,
440,,468315.203,4313268.413,2418.959,,-105.3657439,38.96781343,2404.933,Global,0.019,0.021,0.021,0.029,1.934,m,FIX,2025-04-02 12:27:50.8 UTC-06:00,2025-04-02 12:27:53.8 UTC-06:00,16,1.4,1.7,468408.106,4313301.177,2422.571,-105.3646731,38.96811203,2408.544,98.634,,NAD83(2011) / UTM zone 13N + NAVD88(GEOID18) height,9,6,6,4,0,
441,,468315.317,4313267.997,2419.16,,-105.3657426,38.96780968,2405.134,Global,0.014,0.012,0.021,0.018,1.934,m,FIX,2025-04-02 12:28:05.4 UTC-06:00,2025-04-02 12:28:08.4 UTC-06:00,16,1.4,1.7,468408.106,4313301.177,2422.571,-105.3646731,38.96811203,2408.544,98.616,,NAD83(2011) / UTM zone 13N + NAVD88(GEOID18) height,8,6,6,5,0,
442,,468315.403,4313267.539,2419.421,,-105.3657416,38.96780555,2405.395,Global,0.024,0.013,0.02,0.027,1.934,m,FIX,2025-04-02 12:28:14.8 UTC-06:00,2025-04-02 12:28:17.8 UTC-06:00,16,1.4,1.7,468408.106,4313301.177,2422.571,-105.3646731,38.96811203,2408.544,98.728,,NAD83(2011) / UTM zone 13N + NAVD88(GEOID18) height,9,6,6,5,0,
443,,468315.465,4313267.344,2419.568,,-105.3657409,38.9678038,2405.542,Global,0.012,0.012,0.017,0.017,1.934,m,FIX,2025-04-02 12:28:35.4 UTC-06:00,2025-04-02 12:29:05.4 UTC-06:00,151,1.4,1.7,468408.106,4313301.177,2422.571,-105.3646731,38.96811203,2408.544,98.706,,NAD83(2011) / UTM zone 13N + NAVD88(GEOID18) height,8,6,6,4,0,
444,,468315.473,4313267.348,2419.573,,-105.3657408,38.96780383,2405.547,Global,0.011,0.012,0.017,0.016,1.934,m,FIX,2025-04-02 12:29:18.4 UTC-06:00,2025-04-02 12:29:21.4 UTC-06:00,16,1.4,1.7,468408.106,4313301.177,2422.571,-105.3646731,38.96811203,2408.544,98.702,,NAD83(2011) / UTM zone 13N + NAVD88(GEOID18) height,9,6,6,4,0,
445,,468315.247,4313267.265,2419.553,,-105.3657434,38.96780308,2405.527,Global,0.015,0.027,0.021,0.031,1.934,m,FIX,2025-04-02 12:29:29.4 UTC-06:00,2025-04-02 12:29:32.4 UTC-06:00,16,1.4,1.7,468408.106,4313301.177,2422.571,-105.3646731,38.96811203,2408.544,98.962,,NAD83(2011) / UTM zone 13N + NAVD88(GEOID18) height,9,6,6,5,0,
446,,468315.419,4313267.471,2419.488,,-105.3657414,38.96780495,2405.462,Global,0.018,0.011,0.022,0.021,1.934,m,FIX,2025-04-02 12:29:40.0 UTC-06:00,2025-04-02 12:29:43.0 UTC-06:00,16,1.4,1.6,468408.106,4313301.177,2422.571,-105.3646731,38.96811203,2408.544,98.707,,NAD83(2011) / UTM zone 13N + NAVD88(GEOID18) height,9,6,6,5,0,
447,,468315.623,4313267.339,2419.522,,-105.365739,38.96780377,2405.496,Global,0.022,0.019,0.025,0.029,1.934,m,FIX,2025-04-02 12:29:51.6 UTC-06:00,2025-04-02 12:29:54.6 UTC-06:00,16,1.5,1.8,468408.106,4313301.177,2422.571,-105.3646731,38.96811203,2408.544,98.56,,NAD83(2011) / UTM zone 13N + NAVD88(GEOID18) height,9,6,6,4,0,
448,,468315.507,4313267.043,2419.724,,-105.3657404,38.96780109,2405.698,Global,0.012,0.012,0.017,0.018,1.934,m,FIX,2025-04-02 12:30:09.2 UTC-06:00,2025-04-02 12:30:12.2 UTC-06:00,16,1.4,1.6,468408.106,4313301.177,2422.571,-105.3646731,38.96811203,2408.544,98.778,,NAD83(2011) / UTM zone 13N + NAVD88(GEOID18) height,9,6,6,5,0,
449,,468315.481,4313267.323,2419.535,,-105.3657407,38.96780362,2405.509,Global,0.012,0.013,0.026,0.018,1.934,m,FIX,2025-04-02 12:30:28.6 UTC-06:00,2025-04-02 12:30:31.6 UTC-06:00,16,1.4,1.7,468408.106,4313301.177,2422.571,-105.3646731,38.96811203,2408.544,98.698,,NAD83(2011) / UTM zone 13N + NAVD88(GEOID18) height,9,6,6,5,0,
450,,468315.445,4313267.326,2419.56,,-105.3657411,38.96780364,2405.535,Global,0.014,0.012,0.021,0.018,1.934,m,FIX,2025-04-02 12:30:37.6 UTC-06:00,2025-04-02 12:30:40.6 UTC-06:00,16,1.4,1.7,468408.106,4313301.177,2422.571,-105.3646731,38.96811203,2408.544,98.715,,NAD83(2011) / UTM zone 13N + NAVD88(GEOID18) height,9,6,6,5,0,
1,,468261.98,4313294.524,2417.05,,-105.3663595,38.96804679,2403.025,Global,0.011,0.01,0.012,0.015,1.934,m,FIX,RTK,2025-04-02 12:57:53.8 UTC-06:00,2025-04-02 12:58:23.8 UTC-06:00,151,1.4,1.6,468408.106,4313301.177,2422.571,-105.3646731,38.96811203,2408.544,146.437,,NAD83(2011) / UTM zone 13N + NAVD88(GEOID18) height,8,6,6,3,0
2,,468261.982,4313294.519,2417.031,,-105.3663595,38.96804675,2403.006,Global,0.01,0.01,0.011,0.014,1.934,m,FIX,RTK,2025-04-02 12:59:06.2 UTC-06:00,2025-04-02 12:59:09.2 UTC-06:00,16,1.4,1.6,468408.106,4313301.177,2422.571,-105.3646731,38.96811203,2408.544,146.435,,NAD83(2011) / UTM zone 13N + NAVD88(GEOID18) height,9,6,6,3,0
3,,468261.783,4313294.471,2417.028,,-105.3663618,38.9680463,2403.003,Global,0.01,0.01,0.01,0.015,1.934,m,FIX,RTK,2025-04-02 12:59:27.6 UTC-06:00,2025-04-02 12:59:30.6 UTC-06:00,16,1.4,1.6,468408.106,4313301.177,2422.571,-105.3646731,38.96811203,2408.544,146.628,,NAD83(2011) / UTM zone 13N + NAVD88(GEOID18) height,9,6,6,3,0
4,,468261.9,4313294.72,2416.916,,-105.3663604,38.96804855,2402.891,Global,0.01,0.01,0.014,0.014,1.934,m,FIX,RTK,2025-04-02 12:59:45.8 UTC-06:00,2025-04-02 12:59:48.8 UTC-06:00,16,1.4,1.6,468408.106,4313301.177,2422.571,-105.3646731,38.96811203,2408.544,146.507,,NAD83(2011) / UTM zone 13N + NAVD88(GEOID18) height,9,6,6,3,0
5,,468262.216,4313294.537,2416.925,,-105.3663568,38.96804691,2402.9,Global,0.01,0.011,0.01,0.015,1.934,m,FIX,RTK,2025-04-02 13:00:16.8 UTC-06:00,2025-04-02 13:00:19.8 UTC-06:00,16,1.4,1.6,468408.106,4313301.177,2422.571,-105.3646731,38.96811203,2408.544,146.202,,NAD83(2011) / UTM zone 13N + NAVD88(GEOID18) height,9,6,6,3,0
6,,468262.035,4313294.305,2417.042,,-105.3663589,38.96804482,2403.017,Global,0.011,0.01,0.011,0.015,1.934,m,FIX,RTK,2025-04-02 13:00:36.2 UTC-06:00,2025-04-02 13:00:39.2 UTC-06:00,16,1.4,1.6,468408.106,4313301.177,2422.571,-105.3646731,38.96811203,2408.544,146.392,,NAD83(2011) / UTM zone 13N + NAVD88(GEOID18) height,8,6,6,3,0
7,,468261.999,4313294.497,2416.979,,-105.3663593,38.96804655,2402.954,Global,0.011,0.01,0.012,0.015,1.934,m,FIX,RTK,2025-04-02 13:00:59.0 UTC-06:00,2025-04-02 13:01:02.0 UTC-06:00,16,1.4,1.6,468408.106,4313301.177,2422.571,-105.3646731,38.96811203,2408.544,146.419,,NAD83(2011) / UTM zone 13N + NAVD88(GEOID18) height,9,6,6,3,0
8,,468261.981,4313294.518,2417.051,,-105.3663595,38.96804673,2403.026,Global,0.01,0.011,0.01,0.015,1.934,m,FIX,RTK,2025-04-02 13:01:12.0 UTC-06:00,2025-04-02 13:01:15.0 UTC-06:00,16,1.4,1.6,468408.106,4313301.177,2422.571,-105.3646731,38.96811203,2408.544,146.432,,NAD83(2011) / UTM zone 13N + NAVD88(GEOID18) height,9,6,6,4,0
9,,468261.963,4313294.758,2416.883,,-105.3663597,38.9680489,2402.858,Global,0.01,0.01,0.01,0.014,1.934,m,FIX,RTK,2025-04-02 13:02:01.2 UTC-06:00,2025-04-02 13:02:04.2 UTC-06:00,16,1.4,1.6,468408.106,4313301.177,2422.571,-105.3646731,38.96811203,2408.544,146.444,,NAD83(2011) / UTM zone 13N + NAVD88(GEOID18) height,8,6,5,4,0
10,,468261.945,4313294.963,2416.857,,-105.3663599,38.96805075,2402.832,Global,0.01,0.012,0.012,0.015,1.934,m,FIX,RTK,2025-04-02 13:02:26.6 UTC-06:00,2025-04-02 13:02:29.6 UTC-06:00,16,1.4,1.6,468408.106,4313301.177,2422.571,-105.3646731,38.96811203,2408.544,146.453,,NAD83(2011) / UTM zone 13N + NAVD88(GEOID18) height,8,6,6,4,0
11,,468261.926,4313295.161,2416.827,,-105.3663601,38.96805253,2402.802,Global,0.01,0.01,0.011,0.014,1.934,m,FIX,RTK,2025-04-02 13:02:49.4 UTC-06:00,2025-04-02 13:02:52.4 UTC-06:00,16,1.3,1.6,468408.106,4313301.177,2422.571,-105.3646731,38.96811203,2408.544,146.462,,NAD83(2011) / UTM zone 13N + NAVD88(GEOID18) height,9,6,6,4,0
12,,468261.908,4313295.352,2416.864,,-105.3663604,38.96805425,2402.84,Global,0.01,0.012,0.013,0.016,1.934,m,FIX,RTK,2025-04-02 13:03:14.4 UTC-06:00,2025-04-02 13:03:17.4 UTC-06:00,16,1.3,1.6,468408.106,4313301.177,2422.571,-105.3646731,38.96811203,2408.544,146.476,,NAD83(2011) / UTM zone 13N + NAVD88(GEOID18) height,9,6,6,4,0
13,,468261.857,4313295.55,2416.834,,-105.366361,38.96805603,2402.809,Global,0.01,0.01,0.011,0.014,1.934,m,FIX,RTK,2025-04-02 13:03:41.8 UTC-06:00,2025-04-02 13:03:44.8 UTC-06:00,16,1.3,1.6,468408.106,4313301.177,2422.571,-105.3646731,38.96811203,2408.544,146.514,,NAD83(2011) / UTM zone 13N + NAVD88(GEOID18) height,9,6,6,4,0
14,,468261.861,4313295.756,2416.825,,-105.3663609,38.96805789,2402.801,Global,0.01,0.01,0.011,0.015,1.934,m,FIX,RTK,2025-04-02 13:04:06.0 UTC-06:00,2025-04-02 13:04:09.0 UTC-06:00,16,1.3,1.6,468408.106,4313301.177,2422.571,-105.3646731,38.96811203,2408.544,146.504,,NAD83(2011) / UTM zone 13N + NAVD88(GEOID18) height,9,6,6,4,0
15,,468261.854,4313295.958,2416.838,,-105.366361,38.96805971,2402.813,Global,0.01,0.01,0.011,0.014,1.934,m,FIX,RTK,2025-04-02 13:04:24.0 UTC-06:00,2025-04-02 13:04:27.0 UTC-06:00,16,1.3,1.6,468408.106,4313301.177,2422.571,-105.3646731,38.96811203,2408.544,146.503,,NAD83(2011) / UTM zone 13N + NAVD88(GEOID18) height,9,6,6,4,0
16,,468261.838,4313296.146,2416.829,,-105.3663612,38.9680614,2402.804,Global,0.01,0.01,0.01,0.014,1.934,m,FIX,RTK,2025-04-02 13:04:51.4 UTC-06:00,2025-04-02 13:04:54.4 UTC-06:00,16,1.3,1.6,468408.106,4313301.177,2422.571,-105.3646731,38.96811203,2408.544,146.515,,NAD83(2011) / UTM zone 13N + NAVD88(GEOID18) height,9,6,6,4,0
17,,468261.831,4313296.375,2416.817,,-105.3663613,38.96806346,2402.792,Global,0.01,0.011,0.012,0.015,1.934,m,FIX,RTK,2025-04-02 13:05:14.2 UTC-06:00,2025-04-02 13:05:17.2 UTC-06:00,16,1.3,1.6,468408.106,4313301.177,2422.571,-105.3646731,38.96811203,2408.544,146.519,,NAD83(2011) / UTM zone 13N + NAVD88(GEOID18) height,9,6,6,4,0
18,,468261.827,4313296.551,2416.808,,-105.3663614,38.96806505,2402.784,Global,0.01,0.01,0.011,0.014,1.934,m,FIX,RTK,2025-04-02 13:05:41.2 UTC-06:00,2025-04-02 13:05:44.2 UTC-06:00,16,1.3,1.6,468408.106,4313301.177,2422.571,-105.3646731,38.96811203,2408.544,146.515,,NAD83(2011) / UTM zone 13N + NAVD88(GEOID18) height,8,6,6,4,0
19,,468261.771,4313296.741,2416.801,,-105.366362,38.96806676,2402.776,Global,0.011,0.01,0.01,0.015,1.934,m,FIX,RTK,2025-04-02 13:06:04.2 UTC-06:00,2025-04-02 13:06:07.2 UTC-06:00,16,1.3,1.6,468408.106,4313301.177,2422.571,-105.3646731,38.96811203,2408.544,146.569,,NAD83(2011) / UTM zone 13N + NAVD88(GEOID18) height,9,6,6,4,0
20,,468261.709,4313296.94,2416.8,,-105.3663627,38.96806855,2402.775,Global,0.01,0.011,0.011,0.015,1.934,m,FIX,RTK,2025-04-02 13:06:33.8 UTC-06:00,2025-04-02 13:06:36.8 UTC-06:00,16,1.3,1.6,468408.106,4313301.177,2422.571,-105.3646731,38.96811203,2408.544,146.617,,NAD83(2011) / UTM zone 13N + NAVD88(GEOID18) height,9,6,5,4,0
21,,468261.656,4313297.133,2416.784,,-105.3663634,38.96807029,2402.76,Global,0.01,0.01,0.011,0.015,1.934,m,FIX,RTK,2025-04-02 13:06:49.2 UTC-06:00,2025-04-02 13:06:52.2 UTC-06:00,16,1.3,1.6,468408.106,4313301.177,2422.571,-105.3646731,38.96811203,2408.544,146.669,,NAD83(2011) / UTM zone 13N + NAVD88(GEOID18) height,9,6,6,4,0
22,,468261.632,4313297.331,2416.798,,-105.3663636,38.96807207,2402.773,Global,0.01,0.011,0.011,0.015,1.934,m,FIX,RTK,2025-04-02 13:07:10.0 UTC-06:00,2025-04-02 13:07:13.0 UTC-06:00,16,1.3,1.6,468408.106,4313301.177,2422.571,-105.3646731,38.96811203,2408.544,146.682,,NAD83(2011) / UTM zone 13N + NAVD88(GEOID18) height,9,6,6,4,0
23,,468261.606,4313297.53,2416.779,,-105.366364,38.96807387,2402.754,Global,0.011,0.01,0.011,0.015,1.934,m,FIX,RTK,2025-04-02 13:07:38.2 UTC-06:00,2025-04-02 13:07:41.2 UTC-06:00,16,1.3,1.6,468408.106,4313301.177,2422.571,-105.3646731,38.96811203,2408.544,146.713,,NAD83(2011) / UTM zone 13N + NAVD88(GEOID18) height,9,7,6,4,0
24,,468261.589,4313297.713,2416.764,,-105.3663642,38.96807551,2402.74,Global,0.01,0.01,0.011,0.014,1.934,m,FIX,RTK,2025-04-02 13:07:58.2 UTC-06:00,2025-04-02 13:08:01.2 UTC-06:00,16,1.2,1.5,468408.106,4313301.177,2422.571,-105.3646731,38.96811203,2408.544,146.719,,NAD83(2011) / UTM zone 13N + NAVD88(GEOID18) height,9,6,6,4,0
25,,468261.59,4313297.785,2416.603,,-105.3663642,38.96807616,2402.578,Global,0.01,0.01,0.012,0.014,1.934,m,FIX,RTK,2025-04-02 13:08:17.0 UTC-06:00,2025-04-02 13:08:20.0 UTC-06:00,16,1.2,1.5,468408.106,4313301.177,2422.571,-105.3646731,38.96811203,2408.544,146.72,,NAD83(2011) / UTM zone 13N + NAVD88(GEOID18) height,8,7,6,4,0
26,,468261.563,4313297.931,2416.551,,-105.3663645,38.96807748,2402.526,Global,0.01,0.01,0.011,0.014,1.934,m,FIX,RTK,2025-04-02 13:08:29.8 UTC-06:00,2025-04-02 13:08:32.8 UTC-06:00,16,1.2,1.5,468408.106,4313301.177,2422.571,-105.3646731,38.96811203,2408.544,146.749,,NAD83(2011) / UTM zone 13N + NAVD88(GEOID18) height,8,7,6,4,0
27,,468261.535,4313298.123,2416.475,,-105.3663648,38.96807921,2402.45,Global,0.01,0.011,0.01,0.015,1.934,m,FIX,RTK,2025-04-02 13:08:43.8 UTC-06:00,2025-04-02 13:08:46.8 UTC-06:00,16,1.2,1.5,468408.106,4313301.177,2422.571,-105.3646731,38.96811203,2408.544,146.769,,NAD83(2011) / UTM zone 13N + NAVD88(GEOID18) height,8,7,6,4,0
28,,468261.517,4313298.333,2416.441,,-105.366365,38.9680811,2402.416,Global,0.01,0.01,0.01,0.014,1.934,m,FIX,RTK,2025-04-02 13:09:07.0 UTC-06:00,2025-04-02 13:09:10.0 UTC-06:00,16,1.3,1.6,468408.106,4313301.177,2422.571,-105.3646731,38.96811203,2408.544,146.79,,NAD83(2011) / UTM zone 13N + NAVD88(GEOID18) height,8,7,6,4,0
29,,468261.501,4313298.45,2416.302,,-105.3663652,38.96808215,2402.277,Global,0.01,0.011,0.011,0.015,1.934,m,FIX,RTK,2025-04-02 13:09:50.0 UTC-06:00,2025-04-02 13:09:53.0 UTC-06:00,16,1.3,1.6,468408.106,4313301.177,2422.571,-105.3646731,38.96811203,2408.544,146.809,,NAD83(2011) / UTM zone 13N + NAVD88(GEOID18) height,8,7,6,5,0
30,,468261.437,4313298.683,2416.277,,-105.366366,38.96808425,2402.252,Global,0.01,0.011,0.012,0.015,1.934,m,FIX,RTK,2025-04-02 13:11:26.6 UTC-06:00,2025-04-02 13:11:29.6 UTC-06:00,16,1.3,1.5,468408.106,4313301.177,2422.571,-105.3646731,38.96811203,2408.544,146.867,,NAD83(2011) / UTM zone 13N + NAVD88(GEOID18) height,8,7,6,4,0
31,,468261.395,4313298.883,2416.288,,-105.3663665,38.96808605,2402.263,Global,0.011,0.01,0.011,0.015,1.934,m,FIX,RTK,2025-04-02 13:11:46.8 UTC-06:00,2025-04-02 13:11:49.8 UTC-06:00,16,1.3,1.5,468408.106,4313301.177,2422.571,-105.3646731,38.96811203,2408.544,146.901,,NAD83(2011) / UTM zone 13N + NAVD88(GEOID18) height,8,7,6,4,0
32,,468261.348,4313299.092,2416.286,,-105.366367,38.96808793,2402.261,Global,0.01,0.01,0.011,0.015,1.934,m,FIX,RTK,2025-04-02 13:12:01.0 UTC-06:00,2025-04-02 13:12:04.0 UTC-06:00,16,1.3,1.5,468408.106,4313301.177,2422.571,-105.3646731,38.96811203,2408.544,146.951,,NAD83(2011) / UTM zone 13N + NAVD88(GEOID18) height,8,7,6,4,0
33,,468261.328,4313299.274,2416.279,,-105.3663672,38.96808957,2402.255,Global,0.011,0.01,0.01,0.015,1.934,m,FIX,RTK,2025-04-02 13:12:20.2 UTC-06:00,2025-04-02 13:12:23.2 UTC-06:00,16,1.3,1.5,468408.106,4313301.177,2422.571,-105.3646731,38.96811203,2408.544,146.973,,NAD83(2011) / UTM zone 13N + NAVD88(GEOID18) height,8,7,6,5,0
34,,468261.307,4313299.474,2416.249,,-105.3663675,38.96809137,2402.224,Global,0.01,0.01,0.01,0.014,1.934,m,FIX,RTK,2025-04-02 13:12:34.4 UTC-06:00,2025-04-02 13:12:37.4 UTC-06:00,16,1.3,1.5,468408.106,4313301.177,2422.571,-105.3646731,38.96811203,2408.544,146.989,,NAD83(2011) / UTM zone 13N + NAVD88(GEOID18) height,8,7,6,5,0
35,,468261.277,4313299.696,2416.238,,-105.3663678,38.96809337,2402.213,Global,0.01,0.01,0.01,0.014,1.934,m,FIX,RTK,2025-04-02 13:13:10.8 UTC-06:00,2025-04-02 13:13:13.8 UTC-06:00,16,1.3,1.5,468408.106,4313301.177,2422.571,-105.3646731,38.96811203,2408.544,147.01,,NAD83(2011) / UTM zone 13N + NAVD88(GEOID18) height,8,7,6,4,0
36,,468261.268,4313299.885,2416.216,,-105.366368,38.96809508,2402.192,Global,0.01,0.01,0.011,0.015,1.934,m,FIX,RTK,2025-04-02 13:13:25.2 UTC-06:00,2025-04-02 13:13:28.2 UTC-06:00,16,1.3,1.5,468408.106,4313301.177,2422.571,-105.3646731,38.96811203,2408.544,147.02,,NAD83(2011) / UTM zone 13N + NAVD88(GEOID18) height,8,7,6,5,0
37,,468261.246,4313300.092,2416.194,,-105.3663682,38.96809693,2402.17,Global,0.011,0.01,0.012,0.015,1.934,m,FIX,RTK,2025-04-02 13:13:38.0 UTC-06:00,2025-04-02 13:13:41.0 UTC-06:00,16,1.3,1.5,468408.106,4313301.177,2422.571,-105.3646731,38.96811203,2408.544,147.05,,NAD83(2011) / UTM zone 13N + NAVD88(GEOID18) height,8,7,6,5,0
38,,468261.208,4313300.276,2416.181,,-105.3663687,38.96809859,2402.156,Global,0.011,0.011,0.012,0.015,1.934,m,FIX,RTK,2025-04-02 13:13:53.0 UTC-06:00,2025-04-02 13:13:56.0 UTC-06:00,16,1.3,1.5,468408.106,4313301.177,2422.571,-105.3646731,38.96811203,2408.544,147.083,,NAD83(2011) / UTM zone 13N + NAVD88(GEOID18) height,8,7,6,5,0
39,,468261.202,4313300.493,2416.151,,-105.3663688,38.96810055,2402.126,Global,0.01,0.01,0.01,0.014,1.934,m,FIX,RTK,2025-04-02 13:14:28.4 UTC-06:00,2025-04-02 13:14:31.4 UTC-06:00,16,1.4,1.7,468408.106,4313301.177,2422.571,-105.3646731,38.96811203,2408.544,147.088,,NAD83(2011) / UTM zone 13N + NAVD88(GEOID18) height,8,7,5,4,0
40,,468261.177,4313300.669,2416.139,,-105.366369,38.96810214,2402.114,Global,0.01,0.011,0.011,0.015,1.934,m,FIX,RTK,2025-04-02 13:14:55.0 UTC-06:00,2025-04-02 13:14:58.0 UTC-06:00,16,1.4,1.7,468408.106,4313301.177,2422.571,-105.3646731,38.96811203,2408.544,147.107,,NAD83(2011) / UTM zone 13N + NAVD88(GEOID18) height,8,7,5,5,0
41,,468261.137,4313300.883,2416.127,,-105.3663695,38.96810406,2402.103,Global,0.011,0.01,0.011,0.015,1.934,m,FIX,RTK,2025-04-02 13:15:07.4 UTC-06:00,2025-04-02 13:15:10.4 UTC-06:00,16,1.4,1.7,468408.106,4313301.177,2422.571,-105.3646731,38.96811203,2408.544,147.157,,NAD83(2011) / UTM zone 13N + NAVD88(GEOID18) height,8,7,5,4,0
42,,468261.114,4313301.074,2416.122,,-105.3663698,38.96810578,2402.097,Global,0.01,0.011,0.011,0.015,1.934,m,FIX,RTK,2025-04-02 13:15:20.6 UTC-06:00,2025-04-02 13:15:23.6 UTC-06:00,16,1.4,1.7,468408.106,4313301.177,2422.571,-105.3646731,38.96811203,2408.544,147.175,,NAD83(2011) / UTM zone 13N + NAVD88(GEOID18) height,8,7,5,4,0
43,,468261.071,4313301.276,2416.136,,-105.3663703,38.9681076,2402.111,Global,0.011,0.01,0.013,0.015,1.934,m,FIX,RTK,2025-04-02 13:15:33.8 UTC-06:00,2025-04-02 13:15:36.8 UTC-06:00,16,1.4,1.7,468408.106,4313301.177,2422.571,-105.3646731,38.96811203,2408.544,147.215,,NAD83(2011) / UTM zone 13N + NAVD88(GEOID18) height,8,8,5,4,0
44,,468261.035,4313301.45,2416.133,,-105.3663707,38.96810917,2402.109,Global,0.01,0.012,0.014,0.016,1.934,m,FIX,RTK,2025-04-02 13:15:46.8 UTC-06:00,2025-04-02 13:15:49.8 UTC-06:00,16,1.4,1.7,468408.106,4313301.177,2422.571,-105.3646731,38.96811203,2408.544,147.252,,NAD83(2011) / UTM zone 13N + NAVD88(GEOID18) height,8,7,5,5,0
45,,468261.001,4313301.636,2416.113,,-105.3663711,38.96811084,2402.088,Global,0.011,0.011,0.011,0.016,1.934,m,FIX,RTK,2025-04-02 13:15:58.2 UTC-06:00,2025-04-02 13:16:01.2 UTC-06:00,16,1.4,1.7,468408.106,4313301.177,2422.571,-105.3646731,38.96811203,2408.544,147.277,,NAD83(2011) / UTM zone 13N + NAVD88(GEOID18) height,8,7,5,4,0
46,,468260.923,4313301.842,2416.114,,-105.366372,38.9681127,2402.09,Global,0.01,0.011,0.011,0.015,1.934,m,FIX,RTK,2025-04-02 13:16:15.0 UTC-06:00,2025-04-02 13:16:18.0 UTC-06:00,16,1.4,1.7,468408.106,4313301.177,2422.571,-105.3646731,38.96811203,2408.544,147.367,,NAD83(2011) / UTM zone 13N + NAVD88(GEOID18) height,8,7,5,4,0
47,,468260.856,4313302.021,2416.106,,-105.3663728,38.96811431,2402.081,Global,0.01,0.01,0.01,0.014,1.934,m,FIX,RTK,2025-04-02 13:16:33.8 UTC-06:00,2025-04-02 13:16:36.8 UTC-06:00,16,1.4,1.7,468408.106,4313301.177,2422.571,-105.3646731,38.96811203,2408.544,147.432,,NAD83(2011) / UTM zone 13N + NAVD88(GEOID18) height,8,8,5,4,0
48,,468260.802,4313302.233,2416.11,,-105.3663735,38.96811622,2402.086,Global,0.011,0.01,0.012,0.015,1.934,m,FIX,RTK,2025-04-02 13:16:52.2 UTC-06:00,2025-04-02 13:16:55.2 UTC-06:00,16,1.4,1.7,468408.106,4313301.177,2422.571,-105.3646731,38.96811203,2408.544,147.488,,NAD83(2011) / UTM zone 13N + NAVD88(GEOID18) height,8,7,5,5,0
49,,468260.731,4313302.426,2416.148,,-105.3663743,38.96811796,2402.123,Global,0.01,0.01,0.01,0.014,1.934,m,FIX,RTK,2025-04-02 13:17:21.6 UTC-06:00,2025-04-02 13:17:24.6 UTC-06:00,16,1.4,1.7,468408.106,4313301.177,2422.571,-105.3646731,38.96811203,2408.544,147.561,,NAD83(2011) / UTM zone 13N + NAVD88(GEOID18) height,8,7,5,4,0
50,,468260.623,4313302.623,2416.133,,-105.3663755,38.96811973,2402.108,Global,0.01,0.01,0.011,0.014,1.934,m,FIX,RTK,2025-04-02 13:18:25.8 UTC-06:00,2025-04-02 13:18:28.8 UTC-06:00,16,1.4,1.7,468408.106,4313301.177,2422.571,-105.3646731,38.96811203,2408.544,147.669,,NAD83(2011) / UTM zone 13N + NAVD88(GEOID18) height,8,7,5,5,0
51,,468260.577,4313302.809,2416.101,,-105.3663761,38.9681214,2402.076,Global,0.01,0.01,0.011,0.014,1.934,m,FIX,RTK,2025-04-02 13:18:54.0 UTC-06:00,2025-04-02 13:18:57.0 UTC-06:00,16,1.4,1.7,468408.106,4313301.177,2422.571,-105.3646731,38.96811203,2408.544,147.716,,NAD83(2011) / UTM zone 13N + NAVD88(GEOID18) height,8,8,6,5,0
52,,468260.555,4313302.994,2416.091,,-105.3663763,38.96812307,2402.066,Global,0.01,0.01,0.011,0.014,1.934,m,FIX,RTK,2025-04-02 13:19:04.8 UTC-06:00,2025-04-02 13:19:07.8 UTC-06:00,16,1.4,1.7,468408.106,4313301.177,2422.571,-105.3646731,38.96811203,2408.544,147.743,,NAD83(2011) / UTM zone 13N + NAVD88(GEOID18) height,8,8,6,4,0
53,,468260.537,4313303.161,2416.116,,-105.3663765,38.96812456,2402.091,Global,0.01,0.01,0.011,0.014,1.934,m,FIX,RTK,2025-04-02 13:19:17.2 UTC-06:00,2025-04-02 13:19:20.2 UTC-06:00,16,1.4,1.7,468408.106,4313301.177,2422.571,-105.3646731,38.96811203,2408.544,147.761,,NAD83(2011) / UTM zone 13N + NAVD88(GEOID18) height,8,7,6,5,0
54,,468260.509,4313303.374,2416.1,,-105.3663769,38.96812649,2402.075,Global,0.01,0.01,0.012,0.014,1.934,m,FIX,RTK,2025-04-02 13:19:30.0 UTC-06:00,2025-04-02 13:19:33.0 UTC-06:00,16,1.4,1.7,468408.106,4313301.177,2422.571,-105.3646731,38.96811203,2408.544,147.796,,NAD83(2011) / UTM zone 13N + NAVD88(GEOID18) height,8,7,5,5,0
55,,468260.45,4313303.572,2416.067,,-105.3663776,38.96812827,2402.043,Global,0.011,0.01,0.011,0.015,1.934,m,FIX,RTK,2025-04-02 13:19:49.2 UTC-06:00,2025-04-02 13:19:52.2 UTC-06:00,16,1.5,1.8,468408.106,4313301.177,2422.571,-105.3646731,38.96811203,2408.544,147.862,,NAD83(2011) / UTM zone 13N + NAVD88(GEOID18) height,8,7,6,3,0
56,,468260.454,4313303.797,2416.053,,-105.3663775,38.96813029,2402.028,Global,0.011,0.011,0.012,0.015,1.934,m,FIX,RTK,2025-04-02 13:20:07.6 UTC-06:00,2025-04-02 13:20:10.6 UTC-06:00,16,1.4,1.7,468408.106,4313301.177,2422.571,-105.3646731,38.96811203,2408.544,147.866,,NAD83(2011) / UTM zone 13N + NAVD88(GEOID18) height,8,7,6,3,0
57,,468260.315,4313303.979,2416.045,,-105.3663792,38.96813193,2402.021,Global,0.01,0.01,0.011,0.015,1.934,m,FIX,RTK,2025-04-02 13:20:40.4 UTC-06:00,2025-04-02 13:20:43.4 UTC-06:00,16,1.5,1.8,468408.106,4313301.177,2422.571,-105.3646731,38.96811203,2408.544,147.998,,NAD83(2011) / UTM zone 13N + NAVD88(GEOID18) height,8,7,6,5,0
58,,468260.292,4313304.147,2416.04,,-105.3663794,38.96813344,2402.015,Global,0.01,0.01,0.011,0.014,1.934,m,FIX,RTK,2025-04-02 13:20:54.2 UTC-06:00,2025-04-02 13:20:57.2 UTC-06:00,16,1.5,1.8,468408.106,4313301.177,2422.571,-105.3646731,38.96811203,2408.544,148.029,,NAD83(2011) / UTM zone 13N + NAVD88(GEOID18) height,8,7,6,5,0
59,,468260.254,4313304.365,2416.043,,-105.3663799,38.9681354,2402.018,Global,0.01,0.01,0.011,0.014,1.934,m,FIX,RTK,2025-04-02 13:21:05.2 UTC-06:00,2025-04-02 13:21:08.2 UTC-06:00,16,1.5,1.8,468408.106,4313301.177,2422.571,-105.3646731,38.96811203,2408.544,148.072,,NAD83(2011) / UTM zone 13N + NAVD88(GEOID18) height,8,7,6,5,0
60,,468260.218,4313304.561,2416.048,,-105.3663803,38.96813717,2402.024,Global,0.011,0.01,0.011,0.015,1.934,m,FIX,RTK,2025-04-02 13:21:16.2 UTC-06:00,2025-04-02 13:21:19.2 UTC-06:00,16,1.5,1.8,468408.106,4313301.177,2422.571,-105.3646731,38.96811203,2408.544,148.114,,NAD83(2011) / UTM zone 13N + NAVD88(GEOID18) height,8,7,6,5,0
61,,468260.193,4313304.774,2416.001,,-105.3663806,38.96813909,2401.976,Global,0.011,0.01,0.01,0.015,1.934,m,FIX,RTK,2025-04-02 13:21:33.6 UTC-06:00,2025-04-02 13:21:36.6 UTC-06:00,16,1.5,1.8,468408.106,4313301.177,2422.571,-105.3646731,38.96811203,2408.544,148.14,,NAD83(2011) / UTM zone 13N + NAVD88(GEOID18) height,8,7,6,4,0
62,,468260.122,4313304.964,2416.009,,-105.3663814,38.9681408,2401.985,Global,0.011,0.011,0.01,0.015,1.934,m,FIX,RTK,2025-04-02 13:21:58.4 UTC-06:00,2025-04-02 13:22:01.4 UTC-06:00,16,1.5,1.8,468408.106,4313301.177,2422.571,-105.3646731,38.96811203,2408.544,148.225,,NAD83(2011) / UTM zone 13N + NAVD88(GEOID18) height,8,7,5,3,0
63,,468260.052,4313305.146,2415.995,,-105.3663822,38.96814243,2401.971,Global,0.012,0.01,0.011,0.015,1.934,m,FIX,RTK,2025-04-02 13:22:09.8 UTC-06:00,2025-04-02 13:22:12.8 UTC-06:00,16,1.5,1.8,468408.106,4313301.177,2422.571,-105.3646731,38.96811203,2408.544,148.3,,NAD83(2011) / UTM zone 13N + NAVD88(GEOID18) height,8,7,5,5,0
64,,468259.983,4313305.325,2415.983,,-105.366383,38.96814405,2401.958,Global,0.01,0.011,0.01,0.015,1.934,m,FIX,RTK,2025-04-02 13:22:57.6 UTC-06:00,2025-04-02 13:23:00.6 UTC-06:00,16,1.5,1.8,468408.106,4313301.177,2422.571,-105.3646731,38.96811203,2408.544,148.364,,NAD83(2011) / UTM zone 13N + NAVD88(GEOID18) height,8,7,4,4,0
65,,468259.957,4313305.517,2415.992,,-105.3663834,38.96814578,2401.967,Global,0.012,0.01,0.011,0.015,1.934,m,FIX,RTK,2025-04-02 13:23:06.8 UTC-06:00,2025-04-02 13:23:09.8 UTC-06:00,16,1.5,1.8,468408.106,4313301.177,2422.571,-105.3646731,38.96811203,2408.544,148.394,,NAD83(2011) / UTM zone 13N + NAVD88(GEOID18) height,8,7,4,4,0
66,,468259.897,4313305.718,2416.019,,-105.3663841,38.96814759,2401.994,Global,0.011,0.01,0.011,0.015,1.934,m,FIX,RTK,2025-04-02 13:23:17.6 UTC-06:00,2025-04-02 13:23:20.6 UTC-06:00,16,1.4,1.7,468408.106,4313301.177,2422.571,-105.3646731,38.96811203,2408.544,148.462,,NAD83(2011) / UTM zone 13N + NAVD88(GEOID18) height,8,7,4,4,0
67,,468259.885,4313305.928,2416.016,,-105.3663842,38.96814948,2401.992,Global,0.011,0.01,0.01,0.015,1.934,m,FIX,RTK,2025-04-02 13:23:29.2 UTC-06:00,2025-04-02 13:23:32.2 UTC-06:00,16,1.5,1.8,468408.106,4313301.177,2422.571,-105.3646731,38.96811203,2408.544,148.478,,NAD83(2011) / UTM zone 13N + NAVD88(GEOID18) height,8,7,4,5,0
68,,468259.864,4313306.128,2416.019,,-105.3663845,38.96815128,2401.995,Global,0.01,0.01,0.01,0.014,1.934,m,FIX,RTK,2025-04-02 13:23:41.4 UTC-06:00,2025-04-02 13:23:44.4 UTC-06:00,16,1.5,1.8,468408.106,4313301.177,2422.571,-105.3646731,38.96811203,2408.544,148.511,,NAD83(2011) / UTM zone 13N + NAVD88(GEOID18) height,8,7,4,5,0
69,,468259.862,4313306.346,2416.025,,-105.3663845,38.96815324,2402,Global,0.01,0.01,0.011,0.015,1.934,m,FIX,RTK,2025-04-02 13:23:52.0 UTC-06:00,2025-04-02 13:23:55.0 UTC-06:00,16,1.5,1.8,468408.106,4313301.177,2422.571,-105.3646731,38.96811203,2408.544,148.517,,NAD83(2011) / UTM zone 13N + NAVD88(GEOID18) height,8,7,4,5,0
70,,468259.832,4313306.542,2416.052,,-105.3663849,38.96815501,2402.027,Global,0.01,0.01,0.01,0.015,1.934,m,FIX,RTK,2025-04-02 13:24:05.4 UTC-06:00,2025-04-02 13:24:08.4 UTC-06:00,16,1.5,1.8,468408.106,4313301.177,2422.571,-105.3646731,38.96811203,2408.544,148.552,,NAD83(2011) / UTM zone 13N + NAVD88(GEOID18) height,8,7,4,5,0
71,,468259.834,4313306.758,2416.062,,-105.3663848,38.96815695,2402.037,Global,0.01,0.01,0.012,0.014,1.934,m,FIX,RTK,2025-04-02 13:24:35.8 UTC-06:00,2025-04-02 13:24:38.8 UTC-06:00,16,1.5,1.8,468408.106,4313301.177,2422.571,-105.3646731,38.96811203,2408.544,148.554,,NAD83(2011) / UTM zone 13N + NAVD88(GEOID18) height,8,7,4,4,0
72,,468259.82,4313306.972,2416.053,,-105.366385,38.96815889,2402.028,Global,0.01,0.01,0.013,0.015,1.934,m,FIX,RTK,2025-04-02 13:24:57.0 UTC-06:00,2025-04-02 13:25:00.0 UTC-06:00,16,1.5,1.8,468408.106,4313301.177,2422.571,-105.3646731,38.96811203,2408.544,148.59,,NAD83(2011) / UTM zone 13N + NAVD88(GEOID18) height,8,7,4,3,0
73,,468259.794,4313307.136,2416.046,,-105.3663853,38.96816036,2402.021,Global,0.01,0.01,0.012,0.015,1.934,m,FIX,RTK,2025-04-02 13:25:08.6 UTC-06:00,2025-04-02 13:25:11.6 UTC-06:00,16,1.5,1.8,468408.106,4313301.177,2422.571,-105.3646731,38.96811203,2408.544,148.617,,NAD83(2011) / UTM zone 13N + NAVD88(GEOID18) height,8,7,4,4,0
74,,468259.795,4313307.326,2416.038,,-105.3663853,38.96816207,2402.013,Global,0.01,0.011,0.012,0.015,1.934,m,FIX,RTK,2025-04-02 13:25:18.8 UTC-06:00,2025-04-02 13:25:21.8 UTC-06:00,16,1.5,1.8,468408.106,4313301.177,2422.571,-105.3646731,38.96811203,2408.544,148.62,,NAD83(2011) / UTM zone 13N + NAVD88(GEOID18) height,8,7,5,4,0
75,,468259.751,4313307.522,2416.02,,-105.3663858,38.96816384,2401.996,Global,0.01,0.01,0.01,0.014,1.934,m,FIX,RTK,2025-04-02 13:25:33.2 UTC-06:00,2025-04-02 13:25:36.2 UTC-06:00,16,1.5,1.8,468408.106,4313301.177,2422.571,-105.3646731,38.96811203,2408.544,148.673,,NAD83(2011) / UTM zone 13N + NAVD88(GEOID18) height,8,7,5,4,0
76,,468259.742,4313307.727,2416.028,,-105.3663859,38.96816569,2402.003,Global,0.01,0.011,0.011,0.015,1.934,m,FIX,RTK,2025-04-02 13:25:46.8 UTC-06:00,2025-04-02 13:25:49.8 UTC-06:00,16,1.5,1.8,468408.106,4313301.177,2422.571,-105.3646731,38.96811203,2408.544,148.693,,NAD83(2011) / UTM zone 13N + NAVD88(GEOID18) height,8,7,5,4,0
77,,468259.705,4313307.956,2416.007,,-105.3663864,38.96816775,2401.983,Global,0.01,0.01,0.01,0.015,1.934,m,FIX,RTK,2025-04-02 13:26:31.0 UTC-06:00,2025-04-02 13:26:34.0 UTC-06:00,16,1.5,1.8,468408.106,4313301.177,2422.571,-105.3646731,38.96811203,2408.544,148.741,,NAD83(2011) / UTM zone 13N + NAVD88(GEOID18) height,8,7,4,4,0
78,,468259.672,4313308.123,2415.975,,-105.3663868,38.96816925,2401.95,Global,0.011,0.012,0.013,0.016,1.934,m,FIX,RTK,2025-04-02 13:26:42.4 UTC-06:00,2025-04-02 13:26:45.4 UTC-06:00,16,1.5,1.8,468408.106,4313301.177,2422.571,-105.3646731,38.96811203,2408.544,148.786,,NAD83(2011) / UTM zone 13N + NAVD88(GEOID18) height,8,7,4,4,0
79,,468259.661,4313308.326,2415.938,,-105.3663869,38.96817108,2401.913,Global,0.01,0.011,0.013,0.015,1.934,m,FIX,RTK,2025-04-02 13:26:53.8 UTC-06:00,2025-04-02 13:26:56.8 UTC-06:00,16,1.5,1.8,468408.106,4313301.177,2422.571,-105.3646731,38.96811203,2408.544,148.804,,NAD83(2011) / UTM zone 13N + NAVD88(GEOID18) height,8,7,4,4,0
80,,468259.625,4313308.532,2415.912,,-105.3663873,38.96817293,2401.887,Global,0.01,0.01,0.01,0.014,1.934,m,FIX,RTK,2025-04-02 13:27:05.0 UTC-06:00,2025-04-02 13:27:08.0 UTC-06:00,16,1.5,1.8,468408.106,4313301.177,2422.571,-105.3646731,38.96811203,2408.544,148.851,,NAD83(2011) / UTM zone 13N + NAVD88(GEOID18) height,8,7,4,5,0
81,,468259.537,4313308.743,2415.894,,-105.3663884,38.96817484,2401.869,Global,0.012,0.01,0.01,0.016,1.934,m,FIX,RTK,2025-04-02 13:27:54.8 UTC-06:00,2025-04-02 13:27:57.8 UTC-06:00,16,1.5,1.8,468408.106,4313301.177,2422.571,-105.3646731,38.96811203,2408.544,148.949,,NAD83(2011) / UTM zone 13N + NAVD88(GEOID18) height,8,7,4,4,0
82,,468259.559,4313308.899,2415.903,,-105.3663881,38.96817624,2401.878,Global,0.01,0.011,0.01,0.015,1.934,m,FIX,RTK,2025-04-02 13:28:08.8 UTC-06:00,2025-04-02 13:28:11.8 UTC-06:00,16,1.5,1.8,468408.106,4313301.177,2422.571,-105.3646731,38.96811203,2408.544,148.934,,NAD83(2011) / UTM zone 13N + NAVD88(GEOID18) height,8,7,4,5,0
83,,468259.476,4313309.094,2415.912,,-105.3663891,38.96817799,2401.888,Global,0.01,0.01,0.01,0.015,1.934,m,FIX,RTK,2025-04-02 13:28:21.2 UTC-06:00,2025-04-02 13:28:24.2 UTC-06:00,16,1.5,1.8,468408.106,4313301.177,2422.571,-105.3646731,38.96811203,2408.544,149.03,,NAD83(2011) / UTM zone 13N + NAVD88(GEOID18) height,8,7,4,4,0
84,,468259.617,4313309.363,2415.916,,-105.3663875,38.96818042,2401.891,Global,0.011,0.01,0.011,0.015,1.934,m,FIX,RTK,2025-04-02 13:28:51.8 UTC-06:00,2025-04-02 13:28:54.8 UTC-06:00,16,1.5,1.8,468408.106,4313301.177,2422.571,-105.3646731,38.96811203,2408.544,148.9,,NAD83(2011) / UTM zone 13N + NAVD88(GEOID18) height,9,7,4,5,0
85,,468259.651,4313309.584,2415.914,,-105.3663871,38.96818241,2401.889,Global,0.011,0.01,0.01,0.015,1.934,m,FIX,RTK,2025-04-02 13:29:06.2 UTC-06:00,2025-04-02 13:29:09.2 UTC-06:00,16,1.5,1.8,468408.106,4313301.177,2422.571,-105.3646731,38.96811203,2408.544,148.877,,NAD83(2011) / UTM zone 13N + NAVD88(GEOID18) height,8,7,4,4,0
86,,468259.615,4313309.732,2415.933,,-105.3663875,38.96818375,2401.909,Global,0.012,0.01,0.01,0.015,1.934,m,FIX,RTK,2025-04-02 13:29:17.8 UTC-06:00,2025-04-02 13:29:20.8 UTC-06:00,16,1.5,1.8,468408.106,4313301.177,2422.571,-105.3646731,38.96811203,2408.544,148.917,,NAD83(2011) / UTM zone 13N + NAVD88(GEOID18) height,8,7,4,4,0
87,,468259.572,4313309.977,2415.927,,-105.366388,38.96818596,2401.903,Global,0.011,0.011,0.01,0.015,1.934,m,FIX,RTK,2025-04-02 13:29:32.2 UTC-06:00,2025-04-02 13:29:35.2 UTC-06:00,16,1.5,1.8,468408.106,4313301.177,2422.571,-105.3646731,38.96811203,2408.544,148.985,,NAD83(2011) / UTM zone 13N + NAVD88(GEOID18) height,8,7,4,4,0
88,,468259.558,4313310.146,2415.935,,-105.3663882,38.96818747,2401.91,Global,0.01,0.01,0.011,0.015,1.934,m,FIX,RTK,2025-04-02 13:29:44.4 UTC-06:00,2025-04-02 13:29:47.4 UTC-06:00,16,1.5,1.8,468408.106,4313301.177,2422.571,-105.3646731,38.96811203,2408.544,149.009,,NAD83(2011) / UTM zone 13N + NAVD88(GEOID18) height,8,7,4,4,0
89,,468259.522,4313310.327,2415.929,,-105.3663886,38.96818911,2401.905,Global,0.01,0.011,0.011,0.015,1.934,m,FIX,RTK,2025-04-02 13:29:59.0 UTC-06:00,2025-04-02 13:30:02.0 UTC-06:00,16,1.5,1.8,468408.106,4313301.177,2422.571,-105.3646731,38.96811203,2408.544,149.055,,NAD83(2011) / UTM zone 13N + NAVD88(GEOID18) height,8,7,4,4,0
90,,468259.482,4313310.54,2415.968,,-105.3663891,38.96819103,2401.943,Global,0.011,0.01,0.011,0.015,1.934,m,FIX,RTK,2025-04-02 13:30:12.4 UTC-06:00,2025-04-02 13:30:15.4 UTC-06:00,16,1.5,1.8,468408.106,4313301.177,2422.571,-105.3646731,38.96811203,2408.544,149.101,,NAD83(2011) / UTM zone 13N + NAVD88(GEOID18) height,8,7,4,4,0
91,,468259.411,4313310.742,2415.962,,-105.3663899,38.96819284,2401.937,Global,0.01,0.01,0.011,0.014,1.934,m,FIX,RTK,2025-04-02 13:30:23.8 UTC-06:00,2025-04-02 13:30:26.8 UTC-06:00,16,1.5,1.8,468408.106,4313301.177,2422.571,-105.3646731,38.96811203,2408.544,149.189,,NAD83(2011) / UTM zone 13N + NAVD88(GEOID18) height,8,7,4,4,0
92,,468259.435,4313310.912,2415.969,,-105.3663896,38.96819438,2401.945,Global,0.011,0.01,0.01,0.015,1.934,m,FIX,RTK,2025-04-02 13:30:37.2 UTC-06:00,2025-04-02 13:30:40.2 UTC-06:00,16,1.5,1.8,468408.106,4313301.177,2422.571,-105.3646731,38.96811203,2408.544,149.176,,NAD83(2011) / UTM zone 13N + NAVD88(GEOID18) height,8,7,4,4,0
93,,468259.383,4313311.127,2415.973,,-105.3663902,38.96819631,2401.948,Global,0.01,0.01,0.011,0.014,1.934,m,FIX,RTK,2025-04-02 13:30:49.6 UTC-06:00,2025-04-02 13:30:52.6 UTC-06:00,16,1.6,1.8,468408.106,4313301.177,2422.571,-105.3646731,38.96811203,2408.544,149.241,,NAD83(2011) / UTM zone 13N + NAVD88(GEOID18) height,8,7,4,4,0
94,,468259.34,4313311.302,2415.983,,-105.3663907,38.96819789,2401.959,Global,0.011,0.011,0.011,0.015,1.934,m,FIX,RTK,2025-04-02 13:30:59.2 UTC-06:00,2025-04-02 13:31:02.2 UTC-06:00,16,1.6,1.8,468408.106,4313301.177,2422.571,-105.3646731,38.96811203,2408.544,149.297,,NAD83(2011) / UTM zone 13N + NAVD88(GEOID18) height,8,7,4,4,0
95,,468259.308,4313311.532,2415.98,,-105.3663911,38.96819995,2401.955,Global,0.01,0.011,0.011,0.015,1.934,m,FIX,RTK,2025-04-02 13:31:20.8 UTC-06:00,2025-04-02 13:31:23.8 UTC-06:00,16,1.6,1.8,468408.106,4313301.177,2422.571,-105.3646731,38.96811203,2408.544,149.341,,NAD83(2011) / UTM zone 13N + NAVD88(GEOID18) height,9,7,4,4,0
96,,468259.294,4313311.71,2415.976,,-105.3663913,38.96820156,2401.952,Global,0.01,0.01,0.011,0.015,1.934,m,FIX,RTK,2025-04-02 13:31:34.6 UTC-06:00,2025-04-02 13:31:37.6 UTC-06:00,16,1.6,1.8,468408.106,4313301.177,2422.571,-105.3646731,38.96811203,2408.544,149.374,,NAD83(2011) / UTM zone 13N + NAVD88(GEOID18) height,9,7,4,4,0
97,,468259.302,4313311.917,2415.951,,-105.3663912,38.96820342,2401.926,Global,0.01,0.01,0.01,0.014,1.934,m,FIX,RTK,2025-04-02 13:31:47.4 UTC-06:00,2025-04-02 13:31:50.4 UTC-06:00,16,1.6,1.8,468408.106,4313301.177,2422.571,-105.3646731,38.96811203,2408.544,149.377,,NAD83(2011) / UTM zone 13N + NAVD88(GEOID18) height,8,7,4,4,0
98,,468259.225,4313312.095,2415.914,,-105.3663921,38.96820503,2401.89,Global,0.01,0.01,0.012,0.014,1.934,m,FIX,RTK,2025-04-02 13:31:59.2 UTC-06:00,2025-04-02 13:32:02.2 UTC-06:00,16,1.6,1.8,468408.106,4313301.177,2422.571,-105.3646731,38.96811203,2408.544,149.47,,NAD83(2011) / UTM zone 13N + NAVD88(GEOID18) height,8,7,4,4,0
99,,468259.176,4313312.34,2415.91,,-105.3663927,38.96820724,2401.886,Global,0.01,0.011,0.011,0.015,1.934,m,FIX,RTK,2025-04-02 13:32:10.8 UTC-06:00,2025-04-02 13:32:13.8 UTC-06:00,16,1.6,1.8,468408.106,4313301.177,2422.571,-105.3646731,38.96811203,2408.544,149.534,,NAD83(2011) / UTM zone 13N + NAVD88(GEOID18) height,8,7,4,4,0
100,,468259.132,4313312.514,2415.843,,-105.3663932,38.9682088,2401.818,Global,0.01,0.011,0.011,0.015,1.934,m,FIX,RTK,2025-04-02 13:32:23.6 UTC-06:00,2025-04-02 13:32:26.6 UTC-06:00,16,1.6,1.8,468408.106,4313301.177,2422.571,-105.3646731,38.96811203,2408.544,149.598,,NAD83(2011) / UTM zone 13N + NAVD88(GEOID18) height,8,7,4,4,0
101,,468259.1,4313312.721,2415.816,,-105.3663936,38.96821066,2401.792,Global,0.011,0.01,0.011,0.015,1.934,m,FIX,RTK,2025-04-02 13:32:35.4 UTC-06:00,2025-04-02 13:32:38.4 UTC-06:00,16,1.6,1.8,468408.106,4313301.177,2422.571,-105.3646731,38.96811203,2408.544,149.642,,NAD83(2011) / UTM zone 13N + NAVD88(GEOID18) height,8,7,4,4,0
102,,468259.078,4313312.896,2415.85,,-105.3663938,38.96821224,2401.825,Global,0.01,0.01,0.01,0.015,1.934,m,FIX,RTK,2025-04-02 13:32:49.0 UTC-06:00,2025-04-02 13:32:52.0 UTC-06:00,16,1.6,1.8,468408.106,4313301.177,2422.571,-105.3646731,38.96811203,2408.544,149.682,,NAD83(2011) / UTM zone 13N + NAVD88(GEOID18) height,8,6,5,4,0
103,,468259.221,4313313.132,2415.815,,-105.3663922,38.96821437,2401.791,Global,0.01,0.01,0.01,0.014,1.934,m,FIX,RTK,2025-04-02 13:33:03.4 UTC-06:00,2025-04-02 13:33:06.4 UTC-06:00,16,1.6,1.8,468408.106,4313301.177,2422.571,-105.3646731,38.96811203,2408.544,149.557,,NAD83(2011) / UTM zone 13N + NAVD88(GEOID18) height,8,7,5,4,0
104,,468259.212,4313313.314,2415.838,,-105.3663923,38.96821601,2401.813,Global,0.01,0.01,0.012,0.015,1.934,m,FIX,RTK,2025-04-02 13:33:16.8 UTC-06:00,2025-04-02 13:33:19.8 UTC-06:00,16,1.6,1.8,468408.106,4313301.177,2422.571,-105.3646731,38.96811203,2408.544,149.577,,NAD83(2011) / UTM zone 13N + NAVD88(GEOID18) height,8,7,5,4,0
105,,468259.19,4313313.546,2415.836,,-105.3663926,38.9682181,2401.811,Global,0.01,0.01,0.01,0.014,1.934,m,FIX,RTK,2025-04-02 13:33:28.6 UTC-06:00,2025-04-02 13:33:31.6 UTC-06:00,16,1.6,1.8,468408.106,4313301.177,2422.571,-105.3646731,38.96811203,2408.544,149.619,,NAD83(2011) / UTM zone 13N + NAVD88(GEOID18) height,8,7,4,4,0
106,,468259.144,4313313.727,2415.779,,-105.3663931,38.96821973,2401.755,Global,0.01,0.01,0.01,0.015,1.934,m,FIX,RTK,2025-04-02 13:33:40.4 UTC-06:00,2025-04-02 13:33:43.4 UTC-06:00,16,1.6,1.8,468408.106,4313301.177,2422.571,-105.3646731,38.96811203,2408.544,149.679,,NAD83(2011) / UTM zone 13N + NAVD88(GEOID18) height,8,7,4,5,0
107,,468259.138,4313313.907,2415.758,,-105.3663932,38.96822135,2401.733,Global,0.01,0.01,0.01,0.014,1.934,m,FIX,RTK,2025-04-02 13:33:51.2 UTC-06:00,2025-04-02 13:33:54.2 UTC-06:00,16,1.6,1.8,468408.106,4313301.177,2422.571,-105.3646731,38.96811203,2408.544,149.704,,NAD83(2011) / UTM zone 13N + NAVD88(GEOID18) height,8,7,4,5,0
108,,468259.094,4313314.144,2415.731,,-105.3663937,38.96822348,2401.707,Global,0.011,0.01,0.01,0.015,1.934,m,FIX,RTK,2025-04-02 13:34:01.2 UTC-06:00,2025-04-02 13:34:04.2 UTC-06:00,16,1.6,1.8,468408.106,4313301.177,2422.571,-105.3646731,38.96811203,2408.544,149.769,,NAD83(2011) / UTM zone 13N + NAVD88(GEOID18) height,8,6,4,5,0
109,,468259.077,4313314.335,2415.763,,-105.3663939,38.9682252,2401.738,Global,0.011,0.01,0.011,0.015,1.934,m,FIX,RTK,2025-04-02 13:34:11.4 UTC-06:00,2025-04-02 13:34:14.4 UTC-06:00,16,1.6,1.8,468408.106,4313301.177,2422.571,-105.3646731,38.96811203,2408.544,149.797,,NAD83(2011) / UTM zone 13N + NAVD88(GEOID18) height,8,7,4,4,0
110,,468259.04,4313314.523,2415.776,,-105.3663944,38.9682269,2401.751,Global,0.01,0.01,0.011,0.014,1.934,m,FIX,RTK,2025-04-02 13:34:28.0 UTC-06:00,2025-04-02 13:34:31.0 UTC-06:00,16,1.6,1.8,468408.106,4313301.177,2422.571,-105.3646731,38.96811203,2408.544,149.856,,NAD83(2011) / UTM zone 13N + NAVD88(GEOID18) height,8,7,4,5,0
111,,468258.989,4313314.689,2415.839,,-105.366395,38.96822839,2401.814,Global,0.01,0.011,0.011,0.015,1.934,m,FIX,RTK,2025-04-02 13:34:39.8 UTC-06:00,2025-04-02 13:34:42.8 UTC-06:00,16,1.7,2,468408.106,4313301.177,2422.571,-105.3646731,38.96811203,2408.544,149.919,,NAD83(2011) / UTM zone 13N + NAVD88(GEOID18) height,8,6,4,5,0
112,,468258.994,4313314.9,2415.811,,-105.3663949,38.96823029,2401.787,Global,0.011,0.01,0.012,0.015,1.934,m,FIX,RTK,2025-04-02 13:34:50.0 UTC-06:00,2025-04-02 13:34:53.0 UTC-06:00,16,1.7,2,468408.106,4313301.177,2422.571,-105.3646731,38.96811203,2408.544,149.936,,NAD83(2011) / UTM zone 13N + NAVD88(GEOID18) height,8,7,4,5,0
113,,468258.975,4313315.093,2415.808,,-105.3663951,38.96823203,2401.783,Global,0.011,0.01,0.01,0.015,1.934,m,FIX,RTK,2025-04-02 13:35:00.2 UTC-06:00,2025-04-02 13:35:03.2 UTC-06:00,16,1.7,2,468408.106,4313301.177,2422.571,-105.3646731,38.96811203,2408.544,149.971,,NAD83(2011) / UTM zone 13N + NAVD88(GEOID18) height,8,6,4,5,0
114,,468258.978,4313315.272,2415.81,,-105.3663951,38.96823364,2401.785,Global,0.01,0.011,0.011,0.015,1.934,m,FIX,RTK,2025-04-02 13:35:11.0 UTC-06:00,2025-04-02 13:35:14.0 UTC-06:00,16,1.7,2,468408.106,4313301.177,2422.571,-105.3646731,38.96811203,2408.544,149.988,,NAD83(2011) / UTM zone 13N + NAVD88(GEOID18) height,8,6,4,5,0
115,,468258.947,4313315.479,2415.787,,-105.3663955,38.96823551,2401.762,Global,0.01,0.01,0.011,0.015,1.934,m,FIX,RTK,2025-04-02 13:35:21.4 UTC-06:00,2025-04-02 13:35:24.4 UTC-06:00,16,1.7,2,468408.106,4313301.177,2422.571,-105.3646731,38.96811203,2408.544,150.033,,NAD83(2011) / UTM zone 13N + NAVD88(GEOID18) height,8,7,4,4,0
116,,468258.945,4313315.674,2415.791,,-105.3663955,38.96823727,2401.766,Global,0.01,0.01,0.01,0.014,1.934,m,FIX,RTK,2025-04-02 13:35:33.6 UTC-06:00,2025-04-02 13:35:36.6 UTC-06:00,16,1.7,2,468408.106,4313301.177,2422.571,-105.3646731,38.96811203,2408.544,150.055,,NAD83(2011) / UTM zone 13N + NAVD88(GEOID18) height,8,7,4,4,0
117,,468258.912,4313315.892,2415.786,,-105.3663959,38.96823923,2401.761,Global,0.011,0.01,0.012,0.015,1.934,m,FIX,RTK,2025-04-02 13:35:48.8 UTC-06:00,2025-04-02 13:35:51.8 UTC-06:00,16,1.7,2,468408.106,4313301.177,2422.571,-105.3646731,38.96811203,2408.544,150.115,,NAD83(2011) / UTM zone 13N + NAVD88(GEOID18) height,8,6,4,4,0
118,,468258.818,4313316.106,2415.836,,-105.366397,38.96824116,2401.812,Global,0.01,0.011,0.01,0.015,1.934,m,FIX,RTK,2025-04-02 13:36:05.2 UTC-06:00,2025-04-02 13:36:08.2 UTC-06:00,16,1.7,2,468408.106,4313301.177,2422.571,-105.3646731,38.96811203,2408.544,150.225,,NAD83(2011) / UTM zone 13N + NAVD88(GEOID18) height,8,7,4,5,0
119,,468258.806,4313316.285,2415.837,,-105.3663971,38.96824276,2401.813,Global,0.01,0.01,0.01,0.014,1.934,m,FIX,RTK,2025-04-02 13:36:18.2 UTC-06:00,2025-04-02 13:36:21.2 UTC-06:00,16,1.7,2,468408.106,4313301.177,2422.571,-105.3646731,38.96811203,2408.544,150.257,,NAD83(2011) / UTM zone 13N + NAVD88(GEOID18) height,8,7,4,5,0
120,,468258.862,4313316.701,2415.719,,-105.3663965,38.96824652,2401.695,Global,0.011,0.01,0.01,0.015,1.934,m,FIX,RTK,2025-04-02 13:37:03.8 UTC-06:00,2025-04-02 13:37:06.8 UTC-06:00,16,1.7,2,468408.106,4313301.177,2422.571,-105.3646731,38.96811203,2408.544,150.239,,NAD83(2011) / UTM zone 13N + NAVD88(GEOID18) height,8,7,4,5,0
121,,468258.853,4313316.932,2415.653,,-105.3663966,38.9682486,2401.628,Global,0.01,0.011,0.011,0.015,1.934,m,FIX,RTK,2025-04-02 13:37:27.6 UTC-06:00,2025-04-02 13:37:30.6 UTC-06:00,16,1.7,2,468408.106,4313301.177,2422.571,-105.3646731,38.96811203,2408.544,150.279,,NAD83(2011) / UTM zone 13N + NAVD88(GEOID18) height,8,8,4,5,0
122,,468258.896,4313317.131,2415.578,,-105.3663961,38.9682504,2401.554,Global,0.01,0.01,0.011,0.014,1.934,m,FIX,RTK,2025-04-02 13:38:17.2 UTC-06:00,2025-04-02 13:38:20.2 UTC-06:00,16,1.7,2,468408.106,4313301.177,2422.571,-105.3646731,38.96811203,2408.544,150.258,,NAD83(2011) / UTM zone 13N + NAVD88(GEOID18) height,8,7,4,5,0
123,,468258.885,4313317.342,2415.585,,-105.3663963,38.9682523,2401.56,Global,0.01,0.01,0.011,0.014,1.934,m,FIX,RTK,2025-04-02 13:38:34.4 UTC-06:00,2025-04-02 13:38:37.4 UTC-06:00,16,1.7,2,468408.106,4313301.177,2422.571,-105.3646731,38.96811203,2408.544,150.293,,NAD83(2011) / UTM zone 13N + NAVD88(GEOID18) height,8,7,4,5,0
124,,468258.873,4313317.493,2415.632,,-105.3663964,38.96825366,2401.608,Global,0.011,0.01,0.01,0.015,1.934,m,FIX,RTK,2025-04-02 13:38:56.6 UTC-06:00,2025-04-02 13:38:59.6 UTC-06:00,16,1.7,2,468408.106,4313301.177,2422.571,-105.3646731,38.96811203,2408.544,150.314,,NAD83(2011) / UTM zone 13N + NAVD88(GEOID18) height,8,7,4,5,0
125,,468258.914,4313317.731,2415.673,,-105.366396,38.96825581,2401.649,Global,0.011,0.011,0.011,0.015,1.934,m,FIX,RTK,2025-04-02 13:39:15.8 UTC-06:00,2025-04-02 13:39:18.8 UTC-06:00,16,1.7,2,468408.106,4313301.177,2422.571,-105.3646731,38.96811203,2408.544,150.31,,NAD83(2011) / UTM zone 13N + NAVD88(GEOID18) height,8,7,4,5,0
126,,468258.915,4313317.904,2415.64,,-105.366396,38.96825737,2401.616,Global,0.01,0.01,0.01,0.015,1.934,m,FIX,RTK,2025-04-02 13:39:30.4 UTC-06:00,2025-04-02 13:39:33.4 UTC-06:00,16,1.7,2,468408.106,4313301.177,2422.571,-105.3646731,38.96811203,2408.544,150.325,,NAD83(2011) / UTM zone 13N + NAVD88(GEOID18) height,8,7,4,5,0
127,,468258.918,4313318.121,2415.734,,-105.3663959,38.96825931,2401.71,Global,0.011,0.01,0.011,0.015,1.934,m,FIX,RTK,2025-04-02 13:39:44.2 UTC-06:00,2025-04-02 13:39:47.2 UTC-06:00,16,1.7,2,468408.106,4313301.177,2422.571,-105.3646731,38.96811203,2408.544,150.348,,NAD83(2011) / UTM zone 13N + NAVD88(GEOID18) height,8,7,4,5,0
128,,468258.863,4313318.303,2415.784,,-105.3663966,38.96826095,2401.759,Global,0.011,0.011,0.01,0.016,1.934,m,FIX,RTK,2025-04-02 13:39:59.8 UTC-06:00,2025-04-02 13:40:02.8 UTC-06:00,16,1.7,2,468408.106,4313301.177,2422.571,-105.3646731,38.96811203,2408.544,150.42,,NAD83(2011) / UTM zone 13N + NAVD88(GEOID18) height,8,7,4,4,0
129,,468258.869,4313318.548,2415.877,,-105.3663965,38.96826316,2401.852,Global,0.01,0.01,0.01,0.014,1.934,m,FIX,RTK,2025-04-02 13:40:14.2 UTC-06:00,2025-04-02 13:40:17.2 UTC-06:00,16,1.7,2,468408.106,4313301.177,2422.571,-105.3646731,38.96811203,2408.544,150.433,,NAD83(2011) / UTM zone 13N + NAVD88(GEOID18) height,8,7,4,5,0
130,,468258.884,4313318.79,2415.53,,-105.3663964,38.96826534,2401.505,Global,0.01,0.011,0.012,0.015,1.934,m,FIX,RTK,2025-04-02 13:41:08.4 UTC-06:00,2025-04-02 13:41:11.4 UTC-06:00,16,1.7,2,468408.106,4313301.177,2422.571,-105.3646731,38.96811203,2408.544,150.459,,NAD83(2011) / UTM zone 13N + NAVD88(GEOID18) height,8,8,4,5,0
131,,468259.022,4313318.898,2415.585,,-105.3663948,38.96826632,2401.56,Global,0.01,0.01,0.011,0.014,1.934,m,FIX,RTK,2025-04-02 13:41:51.0 UTC-06:00,2025-04-02 13:41:54.0 UTC-06:00,16,1.7,2,468408.106,4313301.177,2422.571,-105.3646731,38.96811203,2408.544,150.33,,NAD83(2011) / UTM zone 13N + NAVD88(GEOID18) height,8,6,4,5,0
132,,468259.128,4313319.183,2415.82,,-105.3663936,38.96826889,2401.795,Global,0.011,0.01,0.011,0.015,1.934,m,FIX,RTK,2025-04-02 13:42:16.2 UTC-06:00,2025-04-02 13:42:19.2 UTC-06:00,16,1.7,2,468408.106,4313301.177,2422.571,-105.3646731,38.96811203,2408.544,150.257,,NAD83(2011) / UTM zone 13N + NAVD88(GEOID18) height,8,7,4,5,0
133,,468259.078,4313319.37,2415.924,,-105.3663941,38.96827057,2401.9,Global,0.01,0.01,0.013,0.015,1.934,m,FIX,RTK,2025-04-02 13:42:34.0 UTC-06:00,2025-04-02 13:42:37.0 UTC-06:00,16,2.2,2.8,468408.106,4313301.177,2422.571,-105.3646731,38.96811203,2408.544,150.323,,NAD83(2011) / UTM zone 13N + NAVD88(GEOID18) height,8,7,4,5,0
134,,468258.993,4313319.562,2416.046,,-105.3663951,38.9682723,2402.022,Global,0.011,0.01,0.011,0.015,1.934,m,FIX,RTK,2025-04-02 13:42:50.4 UTC-06:00,2025-04-02 13:42:53.4 UTC-06:00,16,1.7,2,468408.106,4313301.177,2422.571,-105.3646731,38.96811203,2408.544,150.428,,NAD83(2011) / UTM zone 13N + NAVD88(GEOID18) height,8,7,4,5,0
135,,468258.943,4313319.766,2415.888,,-105.3663957,38.96827415,2401.864,Global,0.011,0.01,0.014,0.015,1.934,m,FIX,RTK,2025-04-02 13:43:07.8 UTC-06:00,2025-04-02 13:43:10.8 UTC-06:00,16,1.7,2,468408.106,4313301.177,2422.571,-105.3646731,38.96811203,2408.544,150.495,,NAD83(2011) / UTM zone 13N + NAVD88(GEOID18) height,8,6,4,5,0
136,,468258.972,4313319.972,2415.852,,-105.3663954,38.968276,2401.827,Global,0.01,0.011,0.011,0.015,1.934,m,FIX,RTK,2025-04-02 13:43:22.0 UTC-06:00,2025-04-02 13:43:25.0 UTC-06:00,16,2.2,2.8,468408.106,4313301.177,2422.571,-105.3646731,38.96811203,2408.544,150.506,,NAD83(2011) / UTM zone 13N + NAVD88(GEOID18) height,8,7,4,5,0
137,,468258.939,4313320.133,2415.968,,-105.3663958,38.96827744,2401.944,Global,0.011,0.01,0.011,0.015,1.934,m,FIX,RTK,2025-04-02 13:43:41.6 UTC-06:00,2025-04-02 13:43:44.6 UTC-06:00,16,2.2,2.8,468408.106,4313301.177,2422.571,-105.3646731,38.96811203,2408.544,150.554,,NAD83(2011) / UTM zone 13N + NAVD88(GEOID18) height,8,6,4,5,0
138,,468258.864,4313320.362,2416.232,,-105.3663967,38.96827951,2402.208,Global,0.012,0.01,0.011,0.016,1.934,m,FIX,RTK,2025-04-02 13:44:05.6 UTC-06:00,2025-04-02 13:44:08.6 UTC-06:00,16,2.2,2.8,468408.106,4313301.177,2422.571,-105.3646731,38.96811203,2408.544,150.655,,NAD83(2011) / UTM zone 13N + NAVD88(GEOID18) height,8,6,4,5,0
139,,468258.875,4313320.217,2416.176,,-105.3663965,38.9682782,2402.151,Global,0.013,0.011,0.015,0.017,1.934,m,FIX,RTK,2025-04-02 13:44:28.6 UTC-06:00,2025-04-02 13:44:31.6 UTC-06:00,16,2.2,2.8,468408.106,4313301.177,2422.571,-105.3646731,38.96811203,2408.544,150.634,,NAD83(2011) / UTM zone 13N + NAVD88(GEOID18) height,7,7,4,5,0
140,,468258.81,4313320.564,2416.229,,-105.3663973,38.96828133,2402.205,Global,0.01,0.01,0.011,0.015,1.934,m,FIX,RTK,2025-04-02 13:44:47.6 UTC-06:00,2025-04-02 13:44:50.6 UTC-06:00,16,2.2,2.8,468408.106,4313301.177,2422.571,-105.3646731,38.96811203,2408.544,150.73,,NAD83(2011) / UTM zone 13N + NAVD88(GEOID18) height,7,6,4,5,0
141,,468258.783,4313320.683,2416.276,,-105.3663976,38.9682824,2402.252,Global,0.011,0.011,0.013,0.016,1.934,m,FIX,RTK,2025-04-02 13:45:01.0 UTC-06:00,2025-04-02 13:45:04.0 UTC-06:00,16,2.3,2.8,468408.106,4313301.177,2422.571,-105.3646731,38.96811203,2408.544,150.784,,NAD83(2011) / UTM zone 13N + NAVD88(GEOID18) height,8,6,4,5,0
142,,468258.768,4313320.909,2416.337,,-105.3663978,38.96828444,2402.313,Global,0.01,0.011,0.014,0.015,1.934,m,FIX,RTK,2025-04-02 13:45:23.6 UTC-06:00,2025-04-02 13:45:26.6 UTC-06:00,16,2.3,2.8,468408.106,4313301.177,2422.571,-105.3646731,38.96811203,2408.544,150.814,,NAD83(2011) / UTM zone 13N + NAVD88(GEOID18) height,8,6,4,5,0
143,,468258.688,4313321.128,2416.432,,-105.3663987,38.9682864,2402.407,Global,0.01,0.011,0.013,0.015,1.934,m,FIX,RTK,2025-04-02 13:45:45.8 UTC-06:00,2025-04-02 13:45:48.8 UTC-06:00,16,2.3,2.8,468408.106,4313301.177,2422.571,-105.3646731,38.96811203,2408.544,150.916,,NAD83(2011) / UTM zone 13N + NAVD88(GEOID18) height,7,6,4,5,0
144,,468258.647,4313321.356,2416.48,,-105.3663992,38.96828846,2402.456,Global,0.011,0.011,0.012,0.015,1.934,m,FIX,RTK,2025-04-02 13:45:59.4 UTC-06:00,2025-04-02 13:46:02.4 UTC-06:00,16,2.3,2.8,468408.106,4313301.177,2422.571,-105.3646731,38.96811203,2408.544,150.983,,NAD83(2011) / UTM zone 13N + NAVD88(GEOID18) height,6,6,4,5,0
145,,468258.627,4313321.525,2416.64,,-105.3663994,38.96828998,2402.616,Global,0.011,0.011,0.012,0.016,1.934,m,FIX,RTK,2025-04-02 13:46:18.4 UTC-06:00,2025-04-02 13:46:21.4 UTC-06:00,16,2.3,2.8,468408.106,4313301.177,2422.571,-105.3646731,38.96811203,2408.544,151.025,,NAD83(2011) / UTM zone 13N + NAVD88(GEOID18) height,7,6,4,5,0
146,,468258.639,4313321.722,2416.809,,-105.3663993,38.96829176,2402.785,Global,0.011,0.01,0.011,0.015,1.934,m,FIX,RTK,2025-04-02 13:46:41.8 UTC-06:00,2025-04-02 13:46:44.8 UTC-06:00,16,2.3,2.8,468408.106,4313301.177,2422.571,-105.3646731,38.96811203,2408.544,151.035,,NAD83(2011) / UTM zone 13N + NAVD88(GEOID18) height,7,7,4,5,0
147,,468258.612,4313321.873,2416.844,,-105.3663996,38.96829312,2402.82,Global,0.011,0.011,0.012,0.015,1.934,m,FIX,RTK,2025-04-02 13:47:02.4 UTC-06:00,2025-04-02 13:47:05.4 UTC-06:00,16,2.3,2.8,468408.106,4313301.177,2422.571,-105.3646731,38.96811203,2408.544,151.092,,NAD83(2011) / UTM zone 13N + NAVD88(GEOID18) height,7,7,4,5,0
148,,468258.598,4313322.125,2416.712,,-105.3663998,38.96829539,2402.688,Global,0.011,0.01,0.011,0.015,1.934,m,FIX,RTK,2025-04-02 13:47:20.6 UTC-06:00,2025-04-02 13:47:23.6 UTC-06:00,16,2.3,2.8,468408.106,4313301.177,2422.571,-105.3646731,38.96811203,2408.544,151.129,,NAD83(2011) / UTM zone 13N + NAVD88(GEOID18) height,8,7,4,5,0
149,,468258.543,4313322.323,2416.825,,-105.3664005,38.96829717,2402.8,Global,0.011,0.01,0.011,0.015,1.934,m,FIX,RTK,2025-04-02 13:47:41.0 UTC-06:00,2025-04-02 13:47:44.0 UTC-06:00,16,2.3,2.8,468408.106,4313301.177,2422.571,-105.3646731,38.96811203,2408.544,151.213,,NAD83(2011) / UTM zone 13N + NAVD88(GEOID18) height,8,7,4,5,0
150,,468258.503,4313322.504,2416.861,,-105.3664009,38.9682988,2402.836,Global,0.011,0.01,0.012,0.015,1.934,m,FIX,RTK,2025-04-02 13:48:16.6 UTC-06:00,2025-04-02 13:48:19.6 UTC-06:00,16,2.3,2.8,468408.106,4313301.177,2422.571,-105.3646731,38.96811203,2408.544,151.281,,NAD83(2011) / UTM zone 13N + NAVD88(GEOID18) height,7,6,4,5,0
151,,468258.516,4313322.707,2416.95,,-105.3664008,38.96830063,2402.926,Global,0.012,0.011,0.011,0.016,1.934,m,FIX,RTK,2025-04-02 13:48:35.8 UTC-06:00,2025-04-02 13:48:38.8 UTC-06:00,16,2.3,2.8,468408.106,4313301.177,2422.571,-105.3646731,38.96811203,2408.544,151.284,,NAD83(2011) / UTM zone 13N + NAVD88(GEOID18) height,7,6,4,5,0
152,,468258.462,4313322.917,2416.858,,-105.3664014,38.96830252,2402.833,Global,0.01,0.01,0.011,0.014,1.934,m,FIX,RTK,2025-04-02 13:48:54.0 UTC-06:00,2025-04-02 13:48:57.0 UTC-06:00,16,2.3,2.8,468408.106,4313301.177,2422.571,-105.3646731,38.96811203,2408.544,151.373,,NAD83(2011) / UTM zone 13N + NAVD88(GEOID18) height,6,6,4,5,0
153,,468258.433,4313323.111,2416.769,,-105.3664018,38.96830427,2402.744,Global,0.011,0.01,0.01,0.015,1.934,m,FIX,RTK,2025-04-02 13:49:07.8 UTC-06:00,2025-04-02 13:49:10.8 UTC-06:00,16,2.7,3.4,468408.106,4313301.177,2422.571,-105.3646731,38.96811203,2408.544,151.438,,NAD83(2011) / UTM zone 13N + NAVD88(GEOID18) height,7,6,4,6,0
154,,468258.401,4313323.3,2416.944,,-105.3664021,38.96830597,2402.92,Global,0.011,0.01,0.011,0.015,1.934,m,FIX,RTK,2025-04-02 13:49:22.4 UTC-06:00,2025-04-02 13:49:25.4 UTC-06:00,16,2.3,2.8,468408.106,4313301.177,2422.571,-105.3646731,38.96811203,2408.544,151.497,,NAD83(2011) / UTM zone 13N + NAVD88(GEOID18) height,8,6,4,6,0
155,,468258.406,4313323.486,2416.972,,-105.3664021,38.96830765,2402.947,Global,0.01,0.01,0.01,0.014,1.934,m,FIX,RTK,2025-04-02 13:49:49.2 UTC-06:00,2025-04-02 13:49:52.2 UTC-06:00,16,2.8,3.4,468408.106,4313301.177,2422.571,-105.3646731,38.96811203,2408.544,151.515,,NAD83(2011) / UTM zone 13N + NAVD88(GEOID18) height,7,6,4,5,0
156,,468258.388,4313323.692,2417.039,,-105.3664023,38.9683095,2403.014,Global,0.011,0.011,0.012,0.015,1.934,m,FIX,RTK,2025-04-02 13:50:02.6 UTC-06:00,2025-04-02 13:50:05.6 UTC-06:00,16,2.8,3.4,468408.106,4313301.177,2422.571,-105.3646731,38.96811203,2408.544,151.565,,NAD83(2011) / UTM zone 13N + NAVD88(GEOID18) height,7,6,4,5,0
157,,468258.371,4313323.9,2417.07,,-105.3664025,38.96831137,2403.045,Global,0.01,0.012,0.013,0.016,1.934,m,FIX,RTK,2025-04-02 13:50:19.4 UTC-06:00,2025-04-02 13:50:22.4 UTC-06:00,16,2.8,3.4,468408.106,4313301.177,2422.571,-105.3646731,38.96811203,2408.544,151.602,,NAD83(2011) / UTM zone 13N + NAVD88(GEOID18) height,6,7,4,5,0
158,,468258.298,4313324.052,2417.103,,-105.3664034,38.96831274,2403.078,Global,0.012,0.011,0.015,0.016,1.934,m,FIX,RTK,2025-04-02 13:51:18.2 UTC-06:00,2025-04-02 13:51:48.2 UTC-06:00,151,2.8,3.5,468408.106,4313301.177,2422.571,-105.3646731,38.96811203,2408.544,151.694,,NAD83(2011) / UTM zone 13N + NAVD88(GEOID18) height,7,6,4,5,0
159,,468258.286,4313324.051,2417.092,,-105.3664035,38.96831273,2403.068,Global,0.012,0.011,0.015,0.016,1.934,m,FIX,RTK,2025-04-02 13:52:29.2 UTC-06:00,2025-04-02 13:52:32.2 UTC-06:00,16,1.5,1.7,468408.106,4313301.177,2422.571,-105.3646731,38.96811203,2408.544,151.724,,NAD83(2011) / UTM zone 13N + NAVD88(GEOID18) height,8,8,5,4,0
160,,468258.038,4313324.036,2417.036,,-105.3664064,38.96831259,2403.012,Global,0.01,0.01,0.01,0.015,1.934,m,FIX,RTK,2025-04-02 13:52:47.4 UTC-06:00,2025-04-02 13:52:50.4 UTC-06:00,16,1.5,1.7,468408.106,4313301.177,2422.571,-105.3646731,38.96811203,2408.544,151.96,,NAD83(2011) / UTM zone 13N + NAVD88(GEOID18) height,8,7,5,6,0
161,,468258.309,4313323.851,2417.042,,-105.3664032,38.96831093,2403.018,Global,0.01,0.012,0.012,0.016,1.934,m,FIX,RTK,2025-04-02 13:53:01.2 UTC-06:00,2025-04-02 13:53:04.2 UTC-06:00,16,1.5,1.7,468408.106,4313301.177,2422.571,-105.3646731,38.96811203,2408.544,151.658,,NAD83(2011) / UTM zone 13N + NAVD88(GEOID18) height,8,7,5,6,0
162,,468258.497,4313324.086,2417.056,,-105.3664011,38.96831305,2403.032,Global,0.01,0.011,0.011,0.015,1.934,m,FIX,RTK,2025-04-02 13:53:15.0 UTC-06:00,2025-04-02 13:53:18.0 UTC-06:00,16,1.5,1.7,468408.106,4313301.177,2422.571,-105.3646731,38.96811203,2408.544,151.513,,NAD83(2011) / UTM zone 13N + NAVD88(GEOID18) height,8,7,5,6,0
163,,468258.269,4313324.266,2417.081,,-105.3664037,38.96831467,2403.057,Global,0.01,0.01,0.011,0.015,1.934,m,FIX,RTK,2025-04-02 13:53:30.6 UTC-06:00,2025-04-02 13:53:33.6 UTC-06:00,16,1.5,1.7,468408.106,4313301.177,2422.571,-105.3646731,38.96811203,2408.544,151.763,,NAD83(2011) / UTM zone 13N + NAVD88(GEOID18) height,8,7,5,6,0
164,,468258.296,4313324.058,2417.121,,-105.3664034,38.9683128,2403.096,Global,0.01,0.01,0.01,0.014,1.934,m,FIX,RTK,2025-04-02 13:53:58.0 UTC-06:00,2025-04-02 13:54:01.0 UTC-06:00,16,1.4,1.6,468408.106,4313301.177,2422.571,-105.3646731,38.96811203,2408.544,151.703,,NAD83(2011) / UTM zone 13N + NAVD88(GEOID18) height,7,8,5,5,0
165,,468258.293,4313324.088,2417.085,,-105.3664034,38.96831306,2403.06,Global,0.011,0.011,0.012,0.015,1.934,m,FIX,RTK,2025-04-02 13:54:25.8 UTC-06:00,2025-04-02 13:54:28.8 UTC-06:00,16,1.7,2,468408.106,4313301.177,2422.571,-105.3646731,38.96811203,2408.544,151.719,,NAD83(2011) / UTM zone 13N + NAVD88(GEOID18) height,7,8,5,5,0
166,,468258.269,4313324.426,2417.1,,-105.3664037,38.96831611,2403.076,Global,0.011,0.01,0.011,0.015,1.934,m,FIX,RTK,2025-04-02 13:54:54.2 UTC-06:00,2025-04-02 13:54:57.2 UTC-06:00,16,1.3,1.6,468408.106,4313301.177,2422.571,-105.3646731,38.96811203,2408.544,151.786,,NAD83(2011) / UTM zone 13N + NAVD88(GEOID18) height,6,8,5,6,0
167,,468258.26,4313324.922,2417.078,,-105.3664038,38.96832058,2403.054,Global,0.013,0.01,0.021,0.017,1.934,m,FIX,RTK,2025-04-02 13:55:08.8 UTC-06:00,2025-04-02 13:55:11.8 UTC-06:00,16,1.7,2,468408.106,4313301.177,2422.571,-105.3646731,38.96811203,2408.544,151.856,,NAD83(2011) / UTM zone 13N + NAVD88(GEOID18) height,7,7,5,6,0
168,,468258.244,4313325.401,2417.11,,-105.3664041,38.9683249,2403.085,Global,0.01,0.01,0.011,0.015,1.934,m,FIX,RTK,2025-04-02 13:55:27.2 UTC-06:00,2025-04-02 13:55:30.2 UTC-06:00,16,1.3,1.6,468408.106,4313301.177,2422.571,-105.3646731,38.96811203,2408.544,151.959,,NAD83(2011) / UTM zone 13N + NAVD88(GEOID18) height,7,7,5,6,0
169,,468258.237,4313325.9,2417.113,,-105.3664042,38.96832939,2403.089,Global,0.011,0.01,0.01,0.015,1.934,m,FIX,RTK,2025-04-02 13:55:55.8 UTC-06:00,2025-04-02 13:55:58.8 UTC-06:00,16,1.3,1.6,468408.106,4313301.177,2422.571,-105.3646731,38.96811203,2408.544,152.045,,NAD83(2011) / UTM zone 13N + NAVD88(GEOID18) height,7,8,5,6,0
170,,468258.244,4313326.412,2417.076,,-105.3664041,38.96833401,2403.051,Global,0.011,0.01,0.011,0.015,1.934,m,FIX,RTK,2025-04-02 13:56:10.0 UTC-06:00,2025-04-02 13:56:13.0 UTC-06:00,16,1.3,1.6,468408.106,4313301.177,2422.571,-105.3646731,38.96811203,2408.544,152.132,,NAD83(2011) / UTM zone 13N + NAVD88(GEOID18) height,7,7,5,6,0
171,,468258.204,4313326.911,2417.124,,-105.3664046,38.9683385,2403.1,Global,0.01,0.01,0.01,0.015,1.934,m,FIX,RTK,2025-04-02 13:56:25.2 UTC-06:00,2025-04-02 13:56:28.2 UTC-06:00,16,1.3,1.6,468408.106,4313301.177,2422.571,-105.3646731,38.96811203,2408.544,152.254,,NAD83(2011) / UTM zone 13N + NAVD88(GEOID18) height,7,7,5,6,0
172,,468258.102,4313327.397,2417.132,,-105.3664058,38.96834288,2403.107,Global,0.011,0.01,0.011,0.015,1.934,m,FIX,RTK,2025-04-02 13:56:46.4 UTC-06:00,2025-04-02 13:56:49.4 UTC-06:00,16,1.3,1.6,468408.106,4313301.177,2422.571,-105.3646731,38.96811203,2408.544,152.436,,NAD83(2011) / UTM zone 13N + NAVD88(GEOID18) height,7,8,5,5,0
173,,468258.073,4313327.91,2417.217,,-105.3664061,38.9683475,2403.192,Global,0.01,0.01,0.01,0.015,1.934,m,FIX,RTK,2025-04-02 13:57:10.2 UTC-06:00,2025-04-02 13:57:13.2 UTC-06:00,16,1.3,1.6,468408.106,4313301.177,2422.571,-105.3646731,38.96811203,2408.544,152.552,,NAD83(2011) / UTM zone 13N + NAVD88(GEOID18) height,6,8,5,7,0
174,,468258.085,4313328.382,2417.135,,-105.366406,38.96835176,2403.111,Global,0.01,0.01,0.01,0.014,1.934,m,FIX,RTK,2025-04-02 13:57:25.8 UTC-06:00,2025-04-02 13:57:28.8 UTC-06:00,16,1.4,1.6,468408.106,4313301.177,2422.571,-105.3646731,38.96811203,2408.544,152.624,,NAD83(2011) / UTM zone 13N + NAVD88(GEOID18) height,6,7,5,5,0
175,,468258.019,4313328.923,2417.127,,-105.3664068,38.96835662,2403.102,Global,0.011,0.01,0.01,0.015,1.934,m,FIX,RTK,2025-04-02 13:57:46.0 UTC-06:00,2025-04-02 13:57:49.0 UTC-06:00,16,1.4,1.6,468408.106,4313301.177,2422.571,-105.3646731,38.96811203,2408.544,152.781,,NAD83(2011) / UTM zone 13N + NAVD88(GEOID18) height,6,7,5,7,0
176,,468257.957,4313329.428,2417.129,,-105.3664076,38.96836117,2403.105,Global,0.012,0.01,0.011,0.016,1.934,m,FIX,RTK,2025-04-02 13:58:01.0 UTC-06:00,2025-04-02 13:58:04.0 UTC-06:00,16,1.4,1.6,468408.106,4313301.177,2422.571,-105.3646731,38.96811203,2408.544,152.95,,NAD83(2011) / UTM zone 13N + NAVD88(GEOID18) height,6,7,5,7,0
177,,468257.959,4313329.88,2417.231,,-105.3664075,38.96836525,2403.207,Global,0.011,0.01,0.011,0.015,1.934,m,FIX,RTK,2025-04-02 13:58:20.6 UTC-06:00,2025-04-02 13:58:23.6 UTC-06:00,16,1.4,1.6,468408.106,4313301.177,2422.571,-105.3646731,38.96811203,2408.544,153.018,,NAD83(2011) / UTM zone 13N + NAVD88(GEOID18) height,6,7,5,6,0
178,,468257.907,4313330.383,2417.115,,-105.3664082,38.96836978,2403.091,Global,0.01,0.01,0.01,0.014,1.934,m,FIX,RTK,2025-04-02 13:58:49.6 UTC-06:00,2025-04-02 13:58:52.6 UTC-06:00,16,1.4,1.6,468408.106,4313301.177,2422.571,-105.3646731,38.96811203,2408.544,153.169,,NAD83(2011) / UTM zone 13N + NAVD88(GEOID18) height,6,8,5,6,0
179,,468257.851,4313330.866,2417.095,,-105.3664088,38.96837413,2403.071,Global,0.01,0.011,0.01,0.015,1.934,m,FIX,RTK,2025-04-02 13:59:12.2 UTC-06:00,2025-04-02 13:59:15.2 UTC-06:00,16,1.4,1.6,468408.106,4313301.177,2422.571,-105.3646731,38.96811203,2408.544,153.32,,NAD83(2011) / UTM zone 13N + NAVD88(GEOID18) height,6,8,5,6,0
180,,468257.885,4313331.396,2417.101,,-105.3664085,38.96837891,2403.077,Global,0.01,0.01,0.01,0.014,1.934,m,FIX,RTK,2025-04-02 13:59:39.6 UTC-06:00,2025-04-02 13:59:42.6 UTC-06:00,16,1.4,1.6,468408.106,4313301.177,2422.571,-105.3646731,38.96811203,2408.544,153.385,,NAD83(2011) / UTM zone 13N + NAVD88(GEOID18) height,7,8,5,7,0
181,,468257.818,4313331.937,2417.098,,-105.3664093,38.96838378,2403.073,Global,0.01,0.011,0.01,0.015,1.934,m,FIX,RTK,2025-04-02 13:59:55.8 UTC-06:00,2025-04-02 13:59:58.8 UTC-06:00,16,1.2,1.4,468408.106,4313301.177,2422.571,-105.3646731,38.96811203,2408.544,153.562,,NAD83(2011) / UTM zone 13N + NAVD88(GEOID18) height,6,7,5,6,0
182,,468257.776,4313332.369,2417.153,,-105.3664098,38.96838767,2403.128,Global,0.01,0.01,0.01,0.014,1.934,m,FIX,RTK,2025-04-02 14:00:22.4 UTC-06:00,2025-04-02 14:00:25.4 UTC-06:00,16,1.2,1.4,468408.106,4313301.177,2422.571,-105.3646731,38.96811203,2408.544,153.689,,NAD83(2011) / UTM zone 13N + NAVD88(GEOID18) height,6,7,5,7,0
183,,468257.679,4313332.85,2417.141,,-105.3664109,38.968392,2403.116,Global,0.01,0.01,0.01,0.014,1.934,m,FIX,RTK,2025-04-02 14:00:53.6 UTC-06:00,2025-04-02 14:00:56.6 UTC-06:00,16,1.2,1.4,468408.106,4313301.177,2422.571,-105.3646731,38.96811203,2408.544,153.884,,NAD83(2011) / UTM zone 13N + NAVD88(GEOID18) height,6,7,5,7,0
184,,468257.642,4313333.349,2417.124,,-105.3664114,38.9683965,2403.099,Global,0.01,0.01,0.01,0.015,1.934,m,FIX,RTK,2025-04-02 14:01:20.0 UTC-06:00,2025-04-02 14:01:23.0 UTC-06:00,16,1.4,1.6,468408.106,4313301.177,2422.571,-105.3646731,38.96811203,2408.544,154.018,,NAD83(2011) / UTM zone 13N + NAVD88(GEOID18) height,6,8,5,7,0
185,,468257.571,4313333.841,2417.184,,-105.3664122,38.96840093,2403.159,Global,0.01,0.011,0.011,0.015,1.934,m,FIX,RTK,2025-04-02 14:01:47.2 UTC-06:00,2025-04-02 14:01:50.2 UTC-06:00,16,1.2,1.4,468408.106,4313301.177,2422.571,-105.3646731,38.96811203,2408.544,154.199,,NAD83(2011) / UTM zone 13N + NAVD88(GEOID18) height,6,7,5,6,0
186,,468257.522,4313334.324,2417.193,,-105.3664128,38.96840527,2403.169,Global,0.011,0.011,0.01,0.015,1.934,m,FIX,RTK,2025-04-02 14:02:25.2 UTC-06:00,2025-04-02 14:02:28.2 UTC-06:00,16,1.4,1.6,468408.106,4313301.177,2422.571,-105.3646731,38.96811203,2408.544,154.349,,NAD83(2011) / UTM zone 13N + NAVD88(GEOID18) height,6,7,5,6,0
187,,468257.439,4313334.82,2417.199,,-105.3664138,38.96840974,2403.174,Global,0.011,0.01,0.011,0.015,1.934,m,FIX,RTK,2025-04-02 14:02:39.6 UTC-06:00,2025-04-02 14:02:42.6 UTC-06:00,16,1.4,1.7,468408.106,4313301.177,2422.571,-105.3646731,38.96811203,2408.544,154.537,,NAD83(2011) / UTM zone 13N + NAVD88(GEOID18) height,6,7,5,6,0
188,,468257.33,4313335.302,2417.278,,-105.3664151,38.96841409,2403.254,Global,0.011,0.011,0.012,0.015,1.934,m,FIX,RTK,2025-04-02 14:02:54.0 UTC-06:00,2025-04-02 14:02:57.0 UTC-06:00,16,1.5,1.7,468408.106,4313301.177,2422.571,-105.3646731,38.96811203,2408.544,154.738,,NAD83(2011) / UTM zone 13N + NAVD88(GEOID18) height,6,7,5,7,0
189,,468257.247,4313335.805,2417.299,,-105.366416,38.96841861,2403.275,Global,0.01,0.011,0.01,0.015,1.934,m,FIX,RTK,2025-04-02 14:03:06.4 UTC-06:00,2025-04-02 14:03:09.4 UTC-06:00,16,1.8,2.2,468408.106,4313301.177,2422.571,-105.3646731,38.96811203,2408.544,154.943,,NAD83(2011) / UTM zone 13N + NAVD88(GEOID18) height,6,7,5,6,0
190,,468257.165,4313336.283,2417.35,,-105.366417,38.96842292,2403.325,Global,0.011,0.01,0.013,0.015,1.934,m,FIX,RTK,2025-04-02 14:03:19.8 UTC-06:00,2025-04-02 14:03:22.8 UTC-06:00,16,1.8,2.1,468408.106,4313301.177,2422.571,-105.3646731,38.96811203,2408.544,155.127,,NAD83(2011) / UTM zone 13N + NAVD88(GEOID18) height,6,8,5,7,0
191,,468257.079,4313336.803,2417.477,,-105.366418,38.9684276,2403.453,Global,0.018,0.012,0.031,0.021,1.934,m,FIX,RTK,2025-04-02 14:04:45.8 UTC-06:00,2025-04-02 14:05:15.8 UTC-06:00,151,2.4,3,468408.106,4313301.177,2422.571,-105.3646731,38.96811203,2408.544,155.329,,NAD83(2011) / UTM zone 13N + NAVD88(GEOID18) height,6,7,5,6,0
192,,468257.081,4313336.799,2417.488,,-105.366418,38.96842756,2403.464,Global,0.012,0.01,0.025,0.016,1.934,m,FIX,RTK,2025-04-02 14:05:30.6 UTC-06:00,2025-04-02 14:05:33.6 UTC-06:00,16,1.8,2.1,468408.106,4313301.177,2422.571,-105.3646731,38.96811203,2408.544,155.333,,NAD83(2011) / UTM zone 13N + NAVD88(GEOID18) height,6,7,5,7,0
193,,468256.856,4313336.698,2417.476,,-105.3664206,38.96842665,2403.452,Global,0.011,0.011,0.011,0.015,1.934,m,FIX,RTK,2025-04-02 14:05:42.6 UTC-06:00,2025-04-02 14:05:45.6 UTC-06:00,16,1.4,1.6,468408.106,4313301.177,2422.571,-105.3646731,38.96811203,2408.544,155.516,,NAD83(2011) / UTM zone 13N + NAVD88(GEOID18) height,5,7,5,7,0
194,,468257.13,4313336.508,2417.401,,-105.3664174,38.96842494,2403.376,Global,0.013,0.01,0.023,0.017,1.934,m,FIX,RTK,2025-04-02 14:06:01.8 UTC-06:00,2025-04-02 14:06:04.8 UTC-06:00,16,1.4,1.6,468408.106,4313301.177,2422.571,-105.3646731,38.96811203,2408.544,155.212,,NAD83(2011) / UTM zone 13N + NAVD88(GEOID18) height,5,7,5,6,0
195,,468257.317,4313336.886,2417.445,,-105.3664153,38.96842836,2403.421,Global,0.014,0.01,0.029,0.017,1.934,m,FIX,RTK,2025-04-02 14:06:31.2 UTC-06:00,2025-04-02 14:06:34.2 UTC-06:00,16,1.5,1.7,468408.106,4313301.177,2422.571,-105.3646731,38.96811203,2408.544,155.113,,NAD83(2011) / UTM zone 13N + NAVD88(GEOID18) height,6,8,5,7,0
196,,468257.04,4313337.07,2417.421,,-105.3664185,38.96843,2403.397,Global,0.017,0.01,0.032,0.019,1.934,m,FIX,RTK,2025-04-02 14:06:56.0 UTC-06:00,2025-04-02 14:06:59.0 UTC-06:00,16,1.5,1.7,468408.106,4313301.177,2422.571,-105.3646731,38.96811203,2408.544,155.431,,NAD83(2011) / UTM zone 13N + NAVD88(GEOID18) height,5,7,5,6,0
197,,468257.053,4313336.841,2417.408,,-105.3664183,38.96842794,2403.384,Global,0.013,0.011,0.028,0.017,1.934,m,FIX,RTK,2025-04-02 14:07:09.6 UTC-06:00,2025-04-02 14:07:12.6 UTC-06:00,16,1.8,2.1,468408.106,4313301.177,2422.571,-105.3646731,38.96811203,2408.544,155.357,,NAD83(2011) / UTM zone 13N + NAVD88(GEOID18) height,5,7,5,7,0
198,,468257.058,4313336.812,2417.456,,-105.3664183,38.96842768,2403.431,Global,0.012,0.01,0.024,0.016,1.934,m,FIX,RTK,2025-04-02 14:07:21.6 UTC-06:00,2025-04-02 14:07:24.6 UTC-06:00,16,1.8,2.1,468408.106,4313301.177,2422.571,-105.3646731,38.96811203,2408.544,155.349,,NAD83(2011) / UTM zone 13N + NAVD88(GEOID18) height,5,7,5,7,0
199,,468261.966,4313294.532,2417.051,,-105.3663597,38.96804687,2403.026,Global,0.01,0.01,0.01,0.014,1.934,m,FIX,RTK,2025-04-02 14:18:12.0 UTC-06:00,2025-04-02 14:18:15.0 UTC-06:00,16,1.1,1.3,468408.106,4313301.177,2422.571,-105.3646731,38.96811203,2408.544,146.442,,NAD83(2011) / UTM zone 13N + NAVD88(GEOID18) height,7,9,5,7,0
200,,468261.986,4313294.106,2417.087,,-105.3663594,38.96804303,2403.063,Global,0.01,0.011,0.01,0.015,1.934,m,FIX,RTK,2025-04-02 14:19:08.4 UTC-06:00,2025-04-02 14:19:11.4 UTC-06:00,16,1.1,1.3,468408.106,4313301.177,2422.571,-105.3646731,38.96811203,2408.544,146.447,,NAD83(2011) / UTM zone 13N + NAVD88(GEOID18) height,7,8,5,7,0
201,,468262.003,4313293.802,2417.1,,-105.3663592,38.96804029,2403.075,Global,0.01,0.01,0.01,0.015,1.934,m,FIX,RTK,2025-04-02 14:19:25.2 UTC-06:00,2025-04-02 14:19:28.2 UTC-06:00,16,1.1,1.2,468408.106,4313301.177,2422.571,-105.3646731,38.96811203,2408.544,146.447,,NAD83(2011) / UTM zone 13N + NAVD88(GEOID18) height,7,9,5,7,0
202,,468262.035,4313293.401,2417.03,,-105.3663588,38.96803668,2403.005,Global,0.01,0.01,0.01,0.014,1.934,m,FIX,RTK,2025-04-02 14:20:15.6 UTC-06:00,2025-04-02 14:20:18.6 UTC-06:00,16,1.1,1.3,468408.106,4313301.177,2422.571,-105.3646731,38.96811203,2408.544,146.434,,NAD83(2011) / UTM zone 13N + NAVD88(GEOID18) height,7,8,5,7,0
203,,468262.146,4313292.91,2417.007,,-105.3663575,38.96803225,2402.982,Global,0.01,0.01,0.01,0.015,1.934,m,FIX,RTK,2025-04-02 14:20:29.2 UTC-06:00,2025-04-02 14:20:32.2 UTC-06:00,16,1.1,1.3,468408.106,4313301.177,2422.571,-105.3646731,38.96811203,2408.544,146.356,,NAD83(2011) / UTM zone 13N + NAVD88(GEOID18) height,7,8,5,7,0
204,,468262.241,4313292.44,2417.117,,-105.3663564,38.96802802,2403.092,Global,0.01,0.011,0.011,0.015,1.934,m,FIX,RTK,2025-04-02 14:20:44.4 UTC-06:00,2025-04-02 14:20:47.4 UTC-06:00,16,1.1,1.3,468408.106,4313301.177,2422.571,-105.3646731,38.96811203,2408.544,146.278,,NAD83(2011) / UTM zone 13N + NAVD88(GEOID18) height,7,9,5,7,0
205,,468262.326,4313291.915,2417.122,,-105.3663554,38.96802329,2403.097,Global,0.01,0.01,0.01,0.015,1.934,m,FIX,RTK,2025-04-02 14:20:57.6 UTC-06:00,2025-04-02 14:21:00.6 UTC-06:00,16,1.1,1.3,468408.106,4313301.177,2422.571,-105.3646731,38.96811203,2408.544,146.228,,NAD83(2011) / UTM zone 13N + NAVD88(GEOID18) height,7,9,5,7,0
206,,468262.406,4313291.454,2417.11,,-105.3663544,38.96801914,2403.085,Global,0.011,0.011,0.01,0.015,1.934,m,FIX,RTK,2025-04-02 14:21:10.0 UTC-06:00,2025-04-02 14:21:13.0 UTC-06:00,16,1.1,1.3,468408.106,4313301.177,2422.571,-105.3646731,38.96811203,2408.544,146.173,,NAD83(2011) / UTM zone 13N + NAVD88(GEOID18) height,7,9,5,7,0
207,,468262.487,4313290.949,2417.103,,-105.3663535,38.9680146,2403.078,Global,0.011,0.01,0.01,0.015,1.934,m,FIX,RTK,2025-04-02 14:21:20.8 UTC-06:00,2025-04-02 14:21:23.8 UTC-06:00,16,1.1,1.2,468408.106,4313301.177,2422.571,-105.3646731,38.96811203,2408.544,146.127,,NAD83(2011) / UTM zone 13N + NAVD88(GEOID18) height,7,9,5,7,0
208,,468262.579,4313290.456,2417.089,,-105.3663524,38.96801016,2403.064,Global,0.01,0.01,0.011,0.015,1.934,m,FIX,RTK,2025-04-02 14:21:32.0 UTC-06:00,2025-04-02 14:21:35.0 UTC-06:00,16,1.1,1.2,468408.106,4313301.177,2422.571,-105.3646731,38.96811203,2408.544,146.074,,NAD83(2011) / UTM zone 13N + NAVD88(GEOID18) height,7,9,5,7,0
209,,468262.66,4313289.958,2417.188,,-105.3663514,38.96800567,2403.163,Global,0.011,0.011,0.01,0.015,1.934,m,FIX,RTK,2025-04-02 14:21:43.4 UTC-06:00,2025-04-02 14:21:46.4 UTC-06:00,16,1,1.2,468408.106,4313301.177,2422.571,-105.3646731,38.96811203,2408.544,146.026,,NAD83(2011) / UTM zone 13N + NAVD88(GEOID18) height,7,9,5,7,0
210,,468262.758,4313289.462,2417.183,,-105.3663503,38.9680012,2403.158,Global,0.01,0.01,0.01,0.015,1.934,m,FIX,RTK,2025-04-02 14:21:59.4 UTC-06:00,2025-04-02 14:22:02.4 UTC-06:00,16,1.1,1.3,468408.106,4313301.177,2422.571,-105.3646731,38.96811203,2408.544,145.972,,NAD83(2011) / UTM zone 13N + NAVD88(GEOID18) height,7,9,5,7,0
211,,468262.846,4313289.001,2417.23,,-105.3663492,38.96799706,2403.206,Global,0.01,0.011,0.011,0.015,1.934,m,FIX,RTK,2025-04-02 14:22:16.8 UTC-06:00,2025-04-02 14:22:19.8 UTC-06:00,16,1.1,1.3,468408.106,4313301.177,2422.571,-105.3646731,38.96811203,2408.544,145.922,,NAD83(2011) / UTM zone 13N + NAVD88(GEOID18) height,7,9,5,7,0
212,,468262.902,4313288.492,2417.359,,-105.3663486,38.96799246,2403.334,Global,0.01,0.01,0.01,0.014,1.934,m,FIX,RTK,2025-04-02 14:22:40.8 UTC-06:00,2025-04-02 14:22:43.8 UTC-06:00,16,1,1.2,468408.106,4313301.177,2422.571,-105.3646731,38.96811203,2408.544,145.904,,NAD83(2011) / UTM zone 13N + NAVD88(GEOID18) height,7,9,5,7,0
213,,468262.993,4313287.997,2417.241,,-105.3663475,38.96798801,2403.216,Global,0.011,0.01,0.01,0.015,1.934,m,FIX,RTK,2025-04-02 14:22:52.8 UTC-06:00,2025-04-02 14:22:55.8 UTC-06:00,16,1.1,1.2,468408.106,4313301.177,2422.571,-105.3646731,38.96811203,2408.544,145.855,,NAD83(2011) / UTM zone 13N + NAVD88(GEOID18) height,7,9,5,7,0
214,,468263.081,4313287.522,2417.263,,-105.3663465,38.96798373,2403.238,Global,0.01,0.01,0.01,0.014,1.934,m,FIX,RTK,2025-04-02 14:23:04.2 UTC-06:00,2025-04-02 14:23:07.2 UTC-06:00,16,1.1,1.2,468408.106,4313301.177,2422.571,-105.3646731,38.96811203,2408.544,145.817,,NAD83(2011) / UTM zone 13N + NAVD88(GEOID18) height,7,9,5,7,0
215,,468263.139,4313287.024,2417.314,,-105.3663458,38.96797925,2403.289,Global,0.01,0.01,0.01,0.014,1.934,m,FIX,RTK,2025-04-02 14:23:23.6 UTC-06:00,2025-04-02 14:23:26.6 UTC-06:00,16,1.1,1.2,468408.106,4313301.177,2422.571,-105.3646731,38.96811203,2408.544,145.803,,NAD83(2011) / UTM zone 13N + NAVD88(GEOID18) height,7,9,5,7,0
216,,468263.257,4313286.562,2417.338,,-105.3663444,38.96797509,2403.313,Global,0.011,0.011,0.01,0.016,1.934,m,FIX,RTK,2025-04-02 14:23:41.2 UTC-06:00,2025-04-02 14:23:44.2 UTC-06:00,16,1.1,1.2,468408.106,4313301.177,2422.571,-105.3646731,38.96811203,2408.544,145.737,,NAD83(2011) / UTM zone 13N + NAVD88(GEOID18) height,7,8,5,7,0
217,,468263.319,4313286.062,2417.338,,-105.3663436,38.96797059,2403.313,Global,0.01,0.01,0.01,0.014,1.934,m,FIX,RTK,2025-04-02 14:23:57.2 UTC-06:00,2025-04-02 14:24:00.2 UTC-06:00,16,1.1,1.2,468408.106,4313301.177,2422.571,-105.3646731,38.96811203,2408.544,145.721,,NAD83(2011) / UTM zone 13N + NAVD88(GEOID18) height,7,9,5,7,0
218,,468263.44,4313285.58,2417.37,,-105.3663422,38.96796625,2403.345,Global,0.01,0.01,0.013,0.014,1.934,m,FIX,RTK,2025-04-02 14:24:15.2 UTC-06:00,2025-04-02 14:24:18.2 UTC-06:00,16,1.1,1.2,468408.106,4313301.177,2422.571,-105.3646731,38.96811203,2408.544,145.655,,NAD83(2011) / UTM zone 13N + NAVD88(GEOID18) height,7,9,5,7,0
219,,468263.518,4313285.061,2417.427,,-105.3663413,38.96796157,2403.402,Global,0.01,0.01,0.01,0.014,1.934,m,FIX,RTK,2025-04-02 14:24:31.6 UTC-06:00,2025-04-02 14:24:34.6 UTC-06:00,16,1.1,1.2,468408.106,4313301.177,2422.571,-105.3646731,38.96811203,2408.544,145.633,,NAD83(2011) / UTM zone 13N + NAVD88(GEOID18) height,7,9,5,7,0
220,,468263.658,4313284.617,2417.459,,-105.3663397,38.96795758,2403.434,Global,0.01,0.01,0.01,0.014,1.934,m,FIX,RTK,2025-04-02 14:24:52.8 UTC-06:00,2025-04-02 14:24:55.8 UTC-06:00,16,1.1,1.2,468408.106,4313301.177,2422.571,-105.3646731,38.96811203,2408.544,145.54,,NAD83(2011) / UTM zone 13N + NAVD88(GEOID18) height,7,9,5,7,0
221,,468263.689,4313284.132,2417.469,,-105.3663393,38.96795321,2403.444,Global,0.01,0.01,0.01,0.015,1.934,m,FIX,RTK,2025-04-02 14:25:10.6 UTC-06:00,2025-04-02 14:25:13.6 UTC-06:00,16,1.1,1.2,468408.106,4313301.177,2422.571,-105.3646731,38.96811203,2408.544,145.566,,NAD83(2011) / UTM zone 13N + NAVD88(GEOID18) height,7,9,5,7,0
222,,468263.752,4313283.642,2417.464,,-105.3663385,38.96794879,2403.44,Global,0.011,0.01,0.011,0.015,1.934,m,FIX,RTK,2025-04-02 14:25:31.0 UTC-06:00,2025-04-02 14:25:34.0 UTC-06:00,16,1.1,1.2,468408.106,4313301.177,2422.571,-105.3646731,38.96811203,2408.544,145.565,,NAD83(2011) / UTM zone 13N + NAVD88(GEOID18) height,7,9,5,7,0
223,,468263.839,4313283.127,2417.498,,-105.3663375,38.96794415,2403.473,Global,0.01,0.011,0.01,0.015,1.934,m,FIX,RTK,2025-04-02 14:25:49.2 UTC-06:00,2025-04-02 14:25:52.2 UTC-06:00,16,1.1,1.2,468408.106,4313301.177,2422.571,-105.3646731,38.96811203,2408.544,145.538,,NAD83(2011) / UTM zone 13N + NAVD88(GEOID18) height,7,9,5,7,0
224,,468263.924,4313282.657,2417.586,,-105.3663365,38.96793993,2403.561,Global,0.011,0.011,0.01,0.015,1.934,m,FIX,RTK,2025-04-02 14:26:13.6 UTC-06:00,2025-04-02 14:26:16.6 UTC-06:00,16,1.1,1.2,468408.106,4313301.177,2422.571,-105.3646731,38.96811203,2408.544,145.504,,NAD83(2011) / UTM zone 13N + NAVD88(GEOID18) height,7,9,5,7,0
225,,468264.022,4313282.151,2417.517,,-105.3663353,38.96793537,2403.492,Global,0.011,0.01,0.01,0.015,1.934,m,FIX,RTK,2025-04-02 14:26:30.4 UTC-06:00,2025-04-02 14:26:33.4 UTC-06:00,16,1.1,1.2,468408.106,4313301.177,2422.571,-105.3646731,38.96811203,2408.544,145.477,,NAD83(2011) / UTM zone 13N + NAVD88(GEOID18) height,7,9,5,7,0
226,,468264.103,4313281.665,2417.46,,-105.3663344,38.96793099,2403.435,Global,0.01,0.011,0.01,0.015,1.934,m,FIX,RTK,2025-04-02 14:26:46.4 UTC-06:00,2025-04-02 14:26:49.4 UTC-06:00,16,1.1,1.2,468408.106,4313301.177,2422.571,-105.3646731,38.96811203,2408.544,145.462,,NAD83(2011) / UTM zone 13N + NAVD88(GEOID18) height,7,9,5,7,0
227,,468264.135,4313281.176,2417.502,,-105.366334,38.96792659,2403.477,Global,0.01,0.01,0.01,0.014,1.934,m,FIX,RTK,2025-04-02 14:27:02.8 UTC-06:00,2025-04-02 14:27:05.8 UTC-06:00,16,1.1,1.2,468408.106,4313301.177,2422.571,-105.3646731,38.96811203,2408.544,145.5,,NAD83(2011) / UTM zone 13N + NAVD88(GEOID18) height,7,8,5,7,0
228,,468264.18,4313280.691,2417.53,,-105.3663335,38.96792222,2403.506,Global,0.01,0.011,0.01,0.015,1.934,m,FIX,RTK,2025-04-02 14:27:15.2 UTC-06:00,2025-04-02 14:27:18.2 UTC-06:00,16,1.1,1.2,468408.106,4313301.177,2422.571,-105.3646731,38.96811203,2408.544,145.522,,NAD83(2011) / UTM zone 13N + NAVD88(GEOID18) height,7,9,5,7,0
229,,468264.22,4313280.196,2417.533,,-105.366333,38.96791776,2403.508,Global,0.01,0.012,0.01,0.016,1.934,m,FIX,RTK,2025-04-02 14:27:35.6 UTC-06:00,2025-04-02 14:27:38.6 UTC-06:00,16,1.1,1.2,468408.106,4313301.177,2422.571,-105.3646731,38.96811203,2408.544,145.548,,NAD83(2011) / UTM zone 13N + NAVD88(GEOID18) height,7,9,6,7,0
230,,468264.284,4313279.705,2417.523,,-105.3663322,38.96791333,2403.499,Global,0.01,0.01,0.012,0.015,1.934,m,FIX,RTK,2025-04-02 14:27:46.0 UTC-06:00,2025-04-02 14:27:49.0 UTC-06:00,16,1.1,1.2,468408.106,4313301.177,2422.571,-105.3646731,38.96811203,2408.544,145.559,,NAD83(2011) / UTM zone 13N + NAVD88(GEOID18) height,7,9,6,7,0
231,,468264.332,4313279.206,2417.477,,-105.3663316,38.96790884,2403.453,Global,0.01,0.01,0.01,0.015,1.934,m,FIX,RTK,2025-04-02 14:27:55.8 UTC-06:00,2025-04-02 14:27:58.8 UTC-06:00,16,1.1,1.2,468408.106,4313301.177,2422.571,-105.3646731,38.96811203,2408.544,145.584,,NAD83(2011) / UTM zone 13N + NAVD88(GEOID18) height,7,8,6,7,0
232,,468264.403,4313278.722,2417.448,,-105.3663308,38.96790448,2403.423,Global,0.01,0.01,0.01,0.014,1.934,m,FIX,RTK,2025-04-02 14:28:13.0 UTC-06:00,2025-04-02 14:28:16.0 UTC-06:00,16,1.1,1.2,468408.106,4313301.177,2422.571,-105.3646731,38.96811203,2408.544,145.591,,NAD83(2011) / UTM zone 13N + NAVD88(GEOID18) height,7,9,6,7,0
233,,468264.465,4313278.211,2417.498,,-105.3663301,38.96789988,2403.473,Global,0.01,0.01,0.011,0.015,1.934,m,FIX,RTK,2025-04-02 14:28:24.6 UTC-06:00,2025-04-02 14:28:27.6 UTC-06:00,16,1.1,1.2,468408.106,4313301.177,2422.571,-105.3646731,38.96811203,2408.544,145.611,,NAD83(2011) / UTM zone 13N + NAVD88(GEOID18) height,7,9,6,7,0
234,,468264.517,4313277.723,2417.395,,-105.3663294,38.96789549,2403.37,Global,0.01,0.01,0.01,0.015,1.934,m,FIX,RTK,2025-04-02 14:28:35.2 UTC-06:00,2025-04-02 14:28:38.2 UTC-06:00,16,1,1.2,468408.106,4313301.177,2422.571,-105.3646731,38.96811203,2408.544,145.64,,NAD83(2011) / UTM zone 13N + NAVD88(GEOID18) height,7,9,6,7,0
235,,468264.593,4313277.21,2417.396,,-105.3663285,38.96789087,2403.371,Global,0.01,0.01,0.01,0.014,1.934,m,FIX,RTK,2025-04-02 14:28:47.0 UTC-06:00,2025-04-02 14:28:50.0 UTC-06:00,16,1,1.2,468408.106,4313301.177,2422.571,-105.3646731,38.96811203,2408.544,145.647,,NAD83(2011) / UTM zone 13N + NAVD88(GEOID18) height,7,9,6,7,0
236,,468264.674,4313276.734,2417.334,,-105.3663276,38.96788658,2403.309,Global,0.01,0.01,0.011,0.014,1.934,m,FIX,RTK,2025-04-02 14:29:01.0 UTC-06:00,2025-04-02 14:29:04.0 UTC-06:00,16,1,1.2,468408.106,4313301.177,2422.571,-105.3646731,38.96811203,2408.544,145.648,,NAD83(2011) / UTM zone 13N + NAVD88(GEOID18) height,7,9,6,7,0
237,,468264.73,4313276.227,2417.307,,-105.3663269,38.96788201,2403.282,Global,0.011,0.011,0.01,0.016,1.934,m,FIX,RTK,2025-04-02 14:29:12.0 UTC-06:00,2025-04-02 14:29:15.0 UTC-06:00,16,1,1.2,468408.106,4313301.177,2422.571,-105.3646731,38.96811203,2408.544,145.68,,NAD83(2011) / UTM zone 13N + NAVD88(GEOID18) height,7,9,6,7,0
238,,468264.816,4313275.738,2417.273,,-105.3663259,38.96787761,2403.248,Global,0.01,0.01,0.01,0.014,1.934,m,FIX,RTK,2025-04-02 14:29:25.4 UTC-06:00,2025-04-02 14:29:28.4 UTC-06:00,16,1,1.2,468408.106,4313301.177,2422.571,-105.3646731,38.96811203,2408.544,145.68,,NAD83(2011) / UTM zone 13N + NAVD88(GEOID18) height,7,9,6,7,0
239,,468264.904,4313275.251,2417.194,,-105.3663249,38.96787322,2403.169,Global,0.011,0.011,0.01,0.015,1.934,m,FIX,RTK,2025-04-02 14:29:37.0 UTC-06:00,2025-04-02 14:29:40.0 UTC-06:00,16,1,1.2,468408.106,4313301.177,2422.571,-105.3646731,38.96811203,2408.544,145.679,,NAD83(2011) / UTM zone 13N + NAVD88(GEOID18) height,7,9,6,7,0
240,,468264.99,4313274.773,2417.16,,-105.3663238,38.96786891,2403.135,Global,0.01,0.01,0.01,0.014,1.934,m,FIX,RTK,2025-04-02 14:29:50.2 UTC-06:00,2025-04-02 14:29:53.2 UTC-06:00,16,1,1.2,468408.106,4313301.177,2422.571,-105.3646731,38.96811203,2408.544,145.685,,NAD83(2011) / UTM zone 13N + NAVD88(GEOID18) height,7,9,6,7,0
241,,468265.086,4313274.295,2417.145,,-105.3663227,38.96786461,2403.12,Global,0.01,0.01,0.011,0.015,1.934,m,FIX,RTK,2025-04-02 14:30:05.2 UTC-06:00,2025-04-02 14:30:08.2 UTC-06:00,16,1.1,1.2,468408.106,4313301.177,2422.571,-105.3646731,38.96811203,2408.544,145.678,,NAD83(2011) / UTM zone 13N + NAVD88(GEOID18) height,7,9,6,7,0
242,,468265.154,4313273.775,2417.119,,-105.3663219,38.96785993,2403.094,Global,0.01,0.01,0.01,0.015,1.934,m,FIX,RTK,2025-04-02 14:30:14.6 UTC-06:00,2025-04-02 14:30:17.6 UTC-06:00,16,1.1,1.3,468408.106,4313301.177,2422.571,-105.3646731,38.96811203,2408.544,145.707,,NAD83(2011) / UTM zone 13N + NAVD88(GEOID18) height,7,9,6,7,0
243,,468265.211,4313273.297,2417.077,,-105.3663212,38.96785562,2403.052,Global,0.01,0.011,0.01,0.015,1.934,m,FIX,RTK,2025-04-02 14:30:27.4 UTC-06:00,2025-04-02 14:30:30.4 UTC-06:00,16,1.1,1.3,468408.106,4313301.177,2422.571,-105.3646731,38.96811203,2408.544,145.743,,NAD83(2011) / UTM zone 13N + NAVD88(GEOID18) height,7,9,6,7,0
244,,468265.21,4313272.795,2417.089,,-105.3663212,38.9678511,2403.064,Global,0.011,0.011,0.01,0.015,1.934,m,FIX,RTK,2025-04-02 14:30:40.0 UTC-06:00,2025-04-02 14:30:43.0 UTC-06:00,16,1.1,1.3,468408.106,4313301.177,2422.571,-105.3646731,38.96811203,2408.544,145.844,,NAD83(2011) / UTM zone 13N + NAVD88(GEOID18) height,7,9,6,8,0
245,,468265.266,4313272.287,2417.092,,-105.3663205,38.96784652,2403.067,Global,0.01,0.01,0.01,0.015,1.934,m,FIX,RTK,2025-04-02 14:30:51.2 UTC-06:00,2025-04-02 14:30:54.2 UTC-06:00,16,1.1,1.3,468408.106,4313301.177,2422.571,-105.3646731,38.96811203,2408.544,145.89,,NAD83(2011) / UTM zone 13N + NAVD88(GEOID18) height,7,9,6,7,0
246,,468265.328,4313271.801,2417.079,,-105.3663198,38.96784215,2403.054,Global,0.01,0.011,0.01,0.015,1.934,m,FIX,RTK,2025-04-02 14:31:00.8 UTC-06:00,2025-04-02 14:31:03.8 UTC-06:00,16,1.1,1.3,468408.106,4313301.177,2422.571,-105.3646731,38.96811203,2408.544,145.922,,NAD83(2011) / UTM zone 13N + NAVD88(GEOID18) height,7,9,6,7,0
247,,468265.402,4313271.278,2417.065,,-105.3663189,38.96783744,2403.04,Global,0.011,0.01,0.01,0.015,1.934,m,FIX,RTK,2025-04-02 14:31:14.8 UTC-06:00,2025-04-02 14:31:17.8 UTC-06:00,16,1.1,1.3,468408.106,4313301.177,2422.571,-105.3646731,38.96811203,2408.544,145.953,,NAD83(2011) / UTM zone 13N + NAVD88(GEOID18) height,7,9,6,7,0
248,,468265.541,4313270.79,2417.059,,-105.3663173,38.96783304,2403.034,Global,0.01,0.01,0.01,0.014,1.934,m,FIX,RTK,2025-04-02 14:31:27.4 UTC-06:00,2025-04-02 14:31:30.4 UTC-06:00,16,1.1,1.3,468408.106,4313301.177,2422.571,-105.3646731,38.96811203,2408.544,145.923,,NAD83(2011) / UTM zone 13N + NAVD88(GEOID18) height,7,9,6,7,0
249,,468265.592,4313270.296,2417.072,,-105.3663167,38.96782859,2403.047,Global,0.01,0.01,0.01,0.014,1.934,m,FIX,RTK,2025-04-02 14:31:39.0 UTC-06:00,2025-04-02 14:31:42.0 UTC-06:00,16,1.1,1.3,468408.106,4313301.177,2422.571,-105.3646731,38.96811203,2408.544,145.975,,NAD83(2011) / UTM zone 13N + NAVD88(GEOID18) height,7,9,6,7,0
250,,468265.614,4313269.822,2417.086,,-105.3663164,38.96782433,2403.061,Global,0.011,0.01,0.01,0.015,1.934,m,FIX,RTK,2025-04-02 14:31:50.6 UTC-06:00,2025-04-02 14:31:53.6 UTC-06:00,16,1.1,1.3,468408.106,4313301.177,2422.571,-105.3646731,38.96811203,2408.544,146.053,,NAD83(2011) / UTM zone 13N + NAVD88(GEOID18) height,7,9,6,7,0
251,,468265.668,4313269.301,2417.067,,-105.3663158,38.96781964,2403.042,Global,0.01,0.01,0.01,0.015,1.934,m,FIX,RTK,2025-04-02 14:32:04.2 UTC-06:00,2025-04-02 14:32:07.2 UTC-06:00,16,1.1,1.3,468408.106,4313301.177,2422.571,-105.3646731,38.96811203,2408.544,146.115,,NAD83(2011) / UTM zone 13N + NAVD88(GEOID18) height,7,9,6,7,0
252,,468265.732,4313268.809,2417.103,,-105.366315,38.9678152,2403.078,Global,0.01,0.011,0.01,0.015,1.934,m,FIX,RTK,2025-04-02 14:32:17.2 UTC-06:00,2025-04-02 14:32:20.2 UTC-06:00,16,1.1,1.3,468408.106,4313301.177,2422.571,-105.3646731,38.96811203,2408.544,146.161,,NAD83(2011) / UTM zone 13N + NAVD88(GEOID18) height,6,9,6,7,0
253,,468265.812,4313268.311,2417.113,,-105.366314,38.96781072,2403.088,Global,0.01,0.01,0.01,0.014,1.934,m,FIX,RTK,2025-04-02 14:32:34.2 UTC-06:00,2025-04-02 14:32:37.2 UTC-06:00,16,1.1,1.3,468408.106,4313301.177,2422.571,-105.3646731,38.96811203,2408.544,146.195,,NAD83(2011) / UTM zone 13N + NAVD88(GEOID18) height,6,9,6,8,0
254,,468265.844,4313267.824,2417.108,,-105.3663137,38.96780633,2403.083,Global,0.01,0.01,0.01,0.014,1.934,m,FIX,RTK,2025-04-02 14:32:44.2 UTC-06:00,2025-04-02 14:32:47.2 UTC-06:00,16,1.1,1.3,468408.106,4313301.177,2422.571,-105.3646731,38.96811203,2408.544,146.278,,NAD83(2011) / UTM zone 13N + NAVD88(GEOID18) height,6,9,6,7,0
255,,468265.841,4313267.325,2417.243,,-105.3663137,38.96780184,2403.218,Global,0.011,0.01,0.01,0.015,1.934,m,FIX,RTK,2025-04-02 14:32:55.2 UTC-06:00,2025-04-02 14:32:58.2 UTC-06:00,16,1.1,1.3,468408.106,4313301.177,2422.571,-105.3646731,38.96811203,2408.544,146.383,,NAD83(2011) / UTM zone 13N + NAVD88(GEOID18) height,7,9,6,7,0
256,,468265.913,4313266.822,2417.358,,-105.3663128,38.9677973,2403.333,Global,0.011,0.011,0.01,0.015,1.934,m,FIX,RTK,2025-04-02 14:33:07.6 UTC-06:00,2025-04-02 14:33:10.6 UTC-06:00,16,1.1,1.3,468408.106,4313301.177,2422.571,-105.3646731,38.96811203,2408.544,146.431,,NAD83(2011) / UTM zone 13N + NAVD88(GEOID18) height,6,8,6,7,0
257,,468265.951,4313266.327,2417.453,,-105.3663124,38.96779284,2403.428,Global,0.01,0.012,0.01,0.016,1.934,m,FIX,RTK,2025-04-02 14:33:20.6 UTC-06:00,2025-04-02 14:33:23.6 UTC-06:00,16,1.1,1.3,468408.106,4313301.177,2422.571,-105.3646731,38.96811203,2408.544,146.513,,NAD83(2011) / UTM zone 13N + NAVD88(GEOID18) height,7,9,6,7,0
258,,468266.023,4313265.894,2417.532,,-105.3663115,38.96778895,2403.507,Global,0.01,0.01,0.01,0.014,1.934,m,FIX,RTK,2025-04-02 14:34:08.0 UTC-06:00,2025-04-02 14:34:11.0 UTC-06:00,16,1.1,1.3,468408.106,4313301.177,2422.571,-105.3646731,38.96811203,2408.544,146.543,,NAD83(2011) / UTM zone 13N + NAVD88(GEOID18) height,6,9,6,7,0
259,,468266.139,4313265.402,2417.623,,-105.3663101,38.96778452,2403.597,Global,0.011,0.01,0.01,0.015,1.934,m,FIX,RTK,2025-04-02 14:34:20.6 UTC-06:00,2025-04-02 14:34:23.6 UTC-06:00,16,1.1,1.3,468408.106,4313301.177,2422.571,-105.3646731,38.96811203,2408.544,146.548,,NAD83(2011) / UTM zone 13N + NAVD88(GEOID18) height,6,9,6,7,0
260,,468266.158,4313264.878,2417.721,,-105.3663099,38.9677798,2403.696,Global,0.011,0.012,0.01,0.016,1.934,m,FIX,RTK,2025-04-02 14:34:34.0 UTC-06:00,2025-04-02 14:34:37.0 UTC-06:00,16,1.1,1.3,468408.106,4313301.177,2422.571,-105.3646731,38.96811203,2408.544,146.656,,NAD83(2011) / UTM zone 13N + NAVD88(GEOID18) height,7,9,6,7,0
261,,468266.192,4313264.432,2417.764,,-105.3663095,38.96777578,2403.739,Global,0.01,0.01,0.01,0.015,1.934,m,FIX,RTK,2025-04-02 14:34:44.4 UTC-06:00,2025-04-02 14:34:47.4 UTC-06:00,16,1.1,1.3,468408.106,4313301.177,2422.571,-105.3646731,38.96811203,2408.544,146.732,,NAD83(2011) / UTM zone 13N + NAVD88(GEOID18) height,7,9,6,7,0
262,,468266.209,4313263.897,2417.839,,-105.3663093,38.96777096,2403.814,Global,0.01,0.01,0.011,0.014,1.934,m,FIX,RTK,2025-04-02 14:34:55.8 UTC-06:00,2025-04-02 14:34:58.8 UTC-06:00,16,1.1,1.3,468408.106,4313301.177,2422.571,-105.3646731,38.96811203,2408.544,146.851,,NAD83(2011) / UTM zone 13N + NAVD88(GEOID18) height,7,9,6,7,0
263,,468266.28,4313263.484,2418.057,,-105.3663084,38.96776724,2404.032,Global,0.01,0.01,0.01,0.015,1.934,m,FIX,RTK,2025-04-02 14:35:19.2 UTC-06:00,2025-04-02 14:35:22.2 UTC-06:00,16,1.1,1.3,468408.106,4313301.177,2422.571,-105.3646731,38.96811203,2408.544,146.886,,NAD83(2011) / UTM zone 13N + NAVD88(GEOID18) height,7,9,6,7,0
264,,468266.22,4313262.968,2418.183,,-105.3663091,38.96776258,2404.158,Global,0.01,0.011,0.01,0.015,1.934,m,FIX,RTK,2025-04-02 14:35:34.2 UTC-06:00,2025-04-02 14:35:37.2 UTC-06:00,16,1.1,1.3,468408.106,4313301.177,2422.571,-105.3646731,38.96811203,2408.544,147.076,,NAD83(2011) / UTM zone 13N + NAVD88(GEOID18) height,7,9,6,7,0
265,,468266.345,4313262.422,2418.287,,-105.3663076,38.96775767,2404.262,Global,0.01,0.012,0.01,0.016,1.934,m,FIX,RTK,2025-04-02 14:35:50.8 UTC-06:00,2025-04-02 14:35:53.8 UTC-06:00,16,1.1,1.3,468408.106,4313301.177,2422.571,-105.3646731,38.96811203,2408.544,147.088,,NAD83(2011) / UTM zone 13N + NAVD88(GEOID18) height,7,9,6,7,0
266,,468266.43,4313261.924,2418.341,,-105.3663066,38.96775318,2404.316,Global,0.01,0.011,0.01,0.015,1.934,m,FIX,RTK,2025-04-02 14:36:05.8 UTC-06:00,2025-04-02 14:36:08.8 UTC-06:00,16,1.1,1.3,468408.106,4313301.177,2422.571,-105.3646731,38.96811203,2408.544,147.145,,NAD83(2011) / UTM zone 13N + NAVD88(GEOID18) height,7,9,6,7,0
267,,468266.495,4313261.46,2418.396,,-105.3663058,38.96774901,2404.371,Global,0.01,0.011,0.01,0.015,1.934,m,FIX,RTK,2025-04-02 14:36:29.6 UTC-06:00,2025-04-02 14:36:32.6 UTC-06:00,16,1.2,1.3,468408.106,4313301.177,2422.571,-105.3646731,38.96811203,2408.544,147.2,,NAD83(2011) / UTM zone 13N + NAVD88(GEOID18) height,7,9,6,7,0
268,,468266.89,4313258.995,2418.499,,-105.3663012,38.96772681,2404.474,Global,0.01,0.01,0.01,0.014,1.934,m,FIX,RTK,2025-04-02 14:36:44.6 UTC-06:00,2025-04-02 14:36:47.6 UTC-06:00,16,1.2,1.4,468408.106,4313301.177,2422.571,-105.3646731,38.96811203,2408.544,147.509,,NAD83(2011) / UTM zone 13N + NAVD88(GEOID18) height,6,9,6,6,0
269,,468266.98,4313258.468,2418.538,,-105.3663001,38.96772207,2404.513,Global,0.01,0.01,0.01,0.015,1.934,m,FIX,RTK,2025-04-02 14:36:56.0 UTC-06:00,2025-04-02 14:36:59.0 UTC-06:00,16,1.2,1.4,468408.106,4313301.177,2422.571,-105.3646731,38.96811203,2408.544,147.58,,NAD83(2011) / UTM zone 13N + NAVD88(GEOID18) height,6,9,6,7,0
270,,468267.115,4313258.036,2418.635,,-105.3662985,38.96771818,2404.61,Global,0.01,0.01,0.01,0.014,1.934,m,FIX,RTK,2025-04-02 14:37:22.4 UTC-06:00,2025-04-02 14:37:25.4 UTC-06:00,16,1.2,1.3,468408.106,4313301.177,2422.571,-105.3646731,38.96811203,2408.544,147.568,,NAD83(2011) / UTM zone 13N + NAVD88(GEOID18) height,7,9,6,7,0
271,,468267.198,4313257.554,2418.774,,-105.3662975,38.96771383,2404.749,Global,0.01,0.013,0.01,0.017,1.934,m,FIX,RTK,2025-04-02 14:37:33.2 UTC-06:00,2025-04-02 14:37:36.2 UTC-06:00,16,1.2,1.4,468408.106,4313301.177,2422.571,-105.3646731,38.96811203,2408.544,147.634,,NAD83(2011) / UTM zone 13N + NAVD88(GEOID18) height,7,9,6,7,0
272,,468267.301,4313257.086,2418.859,,-105.3662963,38.96770962,2404.834,Global,0.01,0.013,0.01,0.017,1.934,m,FIX,RTK,2025-04-02 14:37:44.8 UTC-06:00,2025-04-02 14:37:47.8 UTC-06:00,16,1.2,1.4,468408.106,4313301.177,2422.571,-105.3646731,38.96811203,2408.544,147.668,,NAD83(2011) / UTM zone 13N + NAVD88(GEOID18) height,7,9,6,7,0
273,,468267.449,4313256.555,2419.203,,-105.3662946,38.96770485,2405.178,Global,0.01,0.01,0.01,0.014,1.934,m,FIX,RTK,2025-04-02 14:38:04.8 UTC-06:00,2025-04-02 14:38:07.8 UTC-06:00,16,1.2,1.4,468408.106,4313301.177,2422.571,-105.3646731,38.96811203,2408.544,147.684,,NAD83(2011) / UTM zone 13N + NAVD88(GEOID18) height,7,9,6,7,0
274,,468267.348,4313256.25,2419.422,,-105.3662958,38.96770209,2405.397,Global,0.011,0.01,0.011,0.015,1.934,m,FIX,RTK,2025-04-02 14:39:11.6 UTC-06:00,2025-04-02 14:39:41.6 UTC-06:00,151,1.3,1.5,468408.106,4313301.177,2422.571,-105.3646731,38.96811203,2408.544,147.869,,NAD83(2011) / UTM zone 13N + NAVD88(GEOID18) height,7,9,6,7,0
275,,468267.351,4313256.251,2419.419,,-105.3662957,38.9677021,2405.394,Global,0.011,0.011,0.01,0.016,1.934,m,FIX,RTK,2025-04-02 14:39:59.6 UTC-06:00,2025-04-02 14:40:02.6 UTC-06:00,16,1.3,1.5,468408.106,4313301.177,2422.571,-105.3646731,38.96811203,2408.544,147.869,,NAD83(2011) / UTM zone 13N + NAVD88(GEOID18) height,7,9,6,7,0
276,,468267.189,4313256.21,2419.395,,-105.3662976,38.96770172,2405.37,Global,0.01,0.01,0.01,0.014,1.934,m,FIX,RTK,2025-04-02 14:40:23.2 UTC-06:00,2025-04-02 14:40:26.2 UTC-06:00,16,1.3,1.5,468408.106,4313301.177,2422.571,-105.3646731,38.96811203,2408.544,148.034,,NAD83(2011) / UTM zone 13N + NAVD88(GEOID18) height,6,9,6,7,0
277,,468267.326,4313256.4,2419.32,,-105.366296,38.96770344,2405.294,Global,0.01,0.01,0.01,0.015,1.934,m,FIX,RTK,2025-04-02 14:40:37.2 UTC-06:00,2025-04-02 14:40:40.2 UTC-06:00,16,1.2,1.4,468408.106,4313301.177,2422.571,-105.3646731,38.96811203,2408.544,147.848,,NAD83(2011) / UTM zone 13N + NAVD88(GEOID18) height,6,9,6,7,0
278,,468267.517,4313256.256,2419.422,,-105.3662938,38.96770215,2405.397,Global,0.011,0.011,0.01,0.016,1.934,m,FIX,RTK,2025-04-02 14:41:03.4 UTC-06:00,2025-04-02 14:41:06.4 UTC-06:00,16,1.2,1.4,468408.106,4313301.177,2422.571,-105.3646731,38.96811203,2408.544,147.704,,NAD83(2011) / UTM zone 13N + NAVD88(GEOID18) height,6,9,6,7,0
279,,468267.396,4313256.078,2419.492,,-105.3662952,38.96770054,2405.467,Global,0.011,0.011,0.01,0.015,1.934,m,FIX,RTK,2025-04-02 14:41:25.2 UTC-06:00,2025-04-02 14:41:28.2 UTC-06:00,16,1.3,1.6,468408.106,4313301.177,2422.571,-105.3646731,38.96811203,2408.544,147.88,,NAD83(2011) / UTM zone 13N + NAVD88(GEOID18) height,6,9,6,7,0
280,,468267.353,4313256.222,2419.409,,-105.3662957,38.96770184,2405.384,Global,0.011,0.01,0.01,0.015,1.934,m,FIX,RTK,2025-04-02 14:41:44.0 UTC-06:00,2025-04-02 14:41:47.0 UTC-06:00,16,1.2,1.4,468408.106,4313301.177,2422.571,-105.3646731,38.96811203,2408.544,147.874,,NAD83(2011) / UTM zone 13N + NAVD88(GEOID18) height,6,9,6,7,0
281,,468267.356,4313256.252,2419.41,,-105.3662957,38.96770211,2405.384,Global,0.01,0.011,0.011,0.015,1.934,m,FIX,RTK,2025-04-02 14:41:57.6 UTC-06:00,2025-04-02 14:42:00.6 UTC-06:00,16,1.2,1.4,468408.106,4313301.177,2422.571,-105.3646731,38.96811203,2408.544,147.864,,NAD83(2011) / UTM zone 13N + NAVD88(GEOID18) height,5,9,6,7,0