Name,Code,Easting,Northing,Elevation,Description,Longitude,Latitude,Ellipsoidal height,Origin,Easting RMS,Northing RMS,Elevation RMS,Lateral RMS,Antenna height,Antenna height units,Solution status,Correction type,Averaging start,Averaging end,Samples,PDOP,GDOP,Base easting,Base northing,Base elevation,Base longitude,Base latitude,Base ellipsoidal height,Baseline,Mount point,CS name,GPS Satellites,GLONASS Satellites,Galileo Satellites,BeiDou Satellites,QZSS Satellites
1,,468033.757,4313288.469,2432.773,,-105.3689936,38.96798393,2418.753,Global,0.011,0.011,0.011,0.015,1.934,m,FIX,RTK,2025-04-01 13:19:49.8 UTC-06:00,2025-04-01 13:20:19.8 UTC-06:00,151,1.3,1.5,468406.275,4313300.688,2434.672,-105.3646942,38.96810755,2420.645,373.011,,NAD83(2011) / UTM zone 13N + NAVD88(GEOID18) height,7,5,8,5,0
2,,468033.756,4313288.47,2432.773,,-105.3689936,38.96798393,2418.753,Global,0.01,0.011,0.01,0.015,1.934,m,FIX,RTK,2025-04-01 13:21:53.2 UTC-06:00,2025-04-01 13:21:56.2 UTC-06:00,16,1.3,1.5,468406.275,4313300.688,2434.672,-105.3646942,38.96810755,2420.645,373.004,,NAD83(2011) / UTM zone 13N + NAVD88(GEOID18) height,7,6,8,6,0
3,,468033.622,4313288.53,2432.741,,-105.3689952,38.96798447,2418.721,Global,0.01,0.011,0.01,0.015,1.934,m,FIX,RTK,2025-04-01 13:22:10.2 UTC-06:00,2025-04-01 13:22:13.2 UTC-06:00,16,1.3,1.5,468406.275,4313300.688,2434.672,-105.3646942,38.96810755,2420.645,373.136,,NAD83(2011) / UTM zone 13N + NAVD88(GEOID18) height,7,6,8,6,0
4,,468033.809,4313288.589,2432.71,,-105.368993,38.96798501,2418.691,Global,0.01,0.011,0.01,0.015,1.934,m,FIX,RTK,2025-04-01 13:22:26.2 UTC-06:00,2025-04-01 13:22:29.2 UTC-06:00,16,1.3,1.5,468406.275,4313300.688,2434.672,-105.3646942,38.96810755,2420.645,372.947,,NAD83(2011) / UTM zone 13N + NAVD88(GEOID18) height,7,6,8,6,0
5,,468033.904,4313288.433,2432.709,,-105.3689919,38.96798361,2418.69,Global,0.011,0.012,0.01,0.016,1.934,m,FIX,RTK,2025-04-01 13:22:46.4 UTC-06:00,2025-04-01 13:22:49.4 UTC-06:00,16,1.3,1.5,468406.275,4313300.688,2434.672,-105.3646942,38.96810755,2420.645,372.858,,NAD83(2011) / UTM zone 13N + NAVD88(GEOID18) height,7,6,8,7,0
6,,468033.712,4313288.35,2432.747,,-105.3689941,38.96798286,2418.727,Global,0.01,0.011,0.011,0.015,1.934,m,FIX,RTK,2025-04-01 13:23:04.6 UTC-06:00,2025-04-01 13:23:07.6 UTC-06:00,16,1.3,1.5,468406.275,4313300.688,2434.672,-105.3646942,38.96810755,2420.645,373.057,,NAD83(2011) / UTM zone 13N + NAVD88(GEOID18) height,7,6,8,7,0
7,,468033.747,4313288.441,2432.719,,-105.3689937,38.96798367,2418.699,Global,0.011,0.012,0.01,0.016,1.934,m,FIX,RTK,2025-04-01 13:23:32.4 UTC-06:00,2025-04-01 13:23:35.4 UTC-06:00,16,1.3,1.5,468406.275,4313300.688,2434.672,-105.3646942,38.96810755,2420.645,373.023,,NAD83(2011) / UTM zone 13N + NAVD88(GEOID18) height,7,5,8,6,0
8,,468033.755,4313288.481,2432.768,,-105.3689936,38.96798404,2418.748,Global,0.011,0.011,0.01,0.016,1.934,m,FIX,RTK,2025-04-01 13:23:51.8 UTC-06:00,2025-04-01 13:23:54.8 UTC-06:00,16,1.3,1.5,468406.275,4313300.688,2434.672,-105.3646942,38.96810755,2420.645,373.013,,NAD83(2011) / UTM zone 13N + NAVD88(GEOID18) height,7,6,9,6,0
9,,468033.814,4313288.554,2432.715,,-105.3689929,38.9679847,2418.696,Global,0.012,0.012,0.011,0.017,1.934,m,FIX,RTK,2025-04-01 13:24:22.4 UTC-06:00,2025-04-01 13:24:25.4 UTC-06:00,16,1.3,1.5,468406.275,4313300.688,2434.672,-105.3646942,38.96810755,2420.645,372.951,,NAD83(2011) / UTM zone 13N + NAVD88(GEOID18) height,7,5,8,7,0
10,,468033.886,4313288.734,2432.663,,-105.3689921,38.96798632,2418.644,Global,0.013,0.013,0.01,0.018,1.934,m,FIX,RTK,2025-04-01 13:24:58.8 UTC-06:00,2025-04-01 13:25:01.8 UTC-06:00,16,1.3,1.5,468406.275,4313300.688,2434.672,-105.3646942,38.96810755,2420.645,372.872,,NAD83(2011) / UTM zone 13N + NAVD88(GEOID18) height,7,5,8,6,0
11,,468033.94,4313288.937,2432.598,,-105.3689915,38.96798815,2418.578,Global,0.01,0.01,0.01,0.015,1.934,m,FIX,RTK,2025-04-01 13:25:24.6 UTC-06:00,2025-04-01 13:25:27.6 UTC-06:00,16,1.3,1.5,468406.275,4313300.688,2434.672,-105.3646942,38.96810755,2420.645,372.805,,NAD83(2011) / UTM zone 13N + NAVD88(GEOID18) height,7,6,8,6,0
12,,468033.998,4313289.13,2432.358,,-105.3689908,38.96798989,2418.338,Global,0.01,0.011,0.01,0.015,1.934,m,FIX,RTK,2025-04-01 13:25:52.8 UTC-06:00,2025-04-01 13:25:55.8 UTC-06:00,16,1.3,1.5,468406.275,4313300.688,2434.672,-105.3646942,38.96810755,2420.645,372.74,,NAD83(2011) / UTM zone 13N + NAVD88(GEOID18) height,7,6,9,5,0
13,,468034.07,4313289.343,2432.37,,-105.36899,38.96799182,2418.35,Global,0.012,0.011,0.01,0.016,1.934,m,FIX,RTK,2025-04-01 13:26:20.6 UTC-06:00,2025-04-01 13:26:23.6 UTC-06:00,16,1.3,1.5,468406.275,4313300.688,2434.672,-105.3646942,38.96810755,2420.645,372.671,,NAD83(2011) / UTM zone 13N + NAVD88(GEOID18) height,7,6,9,5,0
14,,468034.125,4313289.502,2432.226,,-105.3689894,38.96799325,2418.206,Global,0.012,0.012,0.01,0.017,1.934,m,FIX,RTK,2025-04-01 13:26:49.8 UTC-06:00,2025-04-01 13:26:52.8 UTC-06:00,16,1.3,1.5,468406.275,4313300.688,2434.672,-105.3646942,38.96810755,2420.645,372.594,,NAD83(2011) / UTM zone 13N + NAVD88(GEOID18) height,7,6,9,5,0
15,,468034.199,4313289.705,2431.957,,-105.3689886,38.96799508,2417.938,Global,0.011,0.011,0.01,0.015,1.934,m,FIX,RTK,2025-04-01 13:27:14.8 UTC-06:00,2025-04-01 13:27:17.8 UTC-06:00,16,1.3,1.5,468406.275,4313300.688,2434.672,-105.3646942,38.96810755,2420.645,372.528,,NAD83(2011) / UTM zone 13N + NAVD88(GEOID18) height,7,5,8,5,0
16,,468034.289,4313289.852,2432.164,,-105.3689875,38.96799641,2418.145,Global,0.01,0.011,0.01,0.015,1.934,m,FIX,RTK,2025-04-01 13:27:52.2 UTC-06:00,2025-04-01 13:27:55.2 UTC-06:00,16,1.3,1.5,468406.275,4313300.688,2434.672,-105.3646942,38.96810755,2420.645,372.423,,NAD83(2011) / UTM zone 13N + NAVD88(GEOID18) height,7,5,9,5,0
17,,468034.372,4313290.065,2432.342,,-105.3689866,38.96799833,2418.323,Global,0.012,0.011,0.01,0.016,1.934,m,FIX,RTK,2025-04-01 13:28:23.2 UTC-06:00,2025-04-01 13:28:26.2 UTC-06:00,16,1.3,1.5,468406.275,4313300.688,2434.672,-105.3646942,38.96810755,2420.645,372.33,,NAD83(2011) / UTM zone 13N + NAVD88(GEOID18) height,7,6,9,5,0
18,,468034.453,4313290.254,2432.406,,-105.3689856,38.96800003,2418.386,Global,0.015,0.012,0.01,0.019,1.934,m,FIX,RTK,2025-04-01 13:29:13.0 UTC-06:00,2025-04-01 13:29:16.0 UTC-06:00,16,1.3,1.5,468406.275,4313300.688,2434.672,-105.3646942,38.96810755,2420.645,372.255,,NAD83(2011) / UTM zone 13N + NAVD88(GEOID18) height,7,6,8,5,0
19,,468034.557,4313290.436,2432.566,,-105.3689845,38.96800168,2418.546,Global,0.012,0.013,0.012,0.018,1.934,m,FIX,RTK,2025-04-01 13:30:17.8 UTC-06:00,2025-04-01 13:30:20.8 UTC-06:00,16,1.2,1.5,468406.275,4313300.688,2434.672,-105.3646942,38.96810755,2420.645,372.152,,NAD83(2011) / UTM zone 13N + NAVD88(GEOID18) height,7,6,9,5,0
20,,468034.611,4313290.618,2432.661,,-105.3689838,38.96800332,2418.642,Global,0.012,0.011,0.01,0.016,1.934,m,FIX,RTK,2025-04-01 13:30:36.8 UTC-06:00,2025-04-01 13:30:39.8 UTC-06:00,16,1.2,1.5,468406.275,4313300.688,2434.672,-105.3646942,38.96810755,2420.645,372.1,,NAD83(2011) / UTM zone 13N + NAVD88(GEOID18) height,7,5,9,5,0
21,,468034.624,4313290.859,2432.238,,-105.3689837,38.9680055,2418.218,Global,0.011,0.011,0.01,0.016,1.934,m,FIX,RTK,2025-04-01 13:31:11.8 UTC-06:00,2025-04-01 13:31:14.8 UTC-06:00,16,1.2,1.5,468406.275,4313300.688,2434.672,-105.3646942,38.96810755,2420.645,372.07,,NAD83(2011) / UTM zone 13N + NAVD88(GEOID18) height,7,5,8,5,0
22,,468034.803,4313290.968,2432.342,,-105.3689816,38.96800648,2418.323,Global,0.011,0.014,0.01,0.018,1.934,m,FIX,RTK,2025-04-01 13:32:01.6 UTC-06:00,2025-04-01 13:32:04.6 UTC-06:00,16,1.2,1.4,468406.275,4313300.688,2434.672,-105.3646942,38.96810755,2420.645,371.889,,NAD83(2011) / UTM zone 13N + NAVD88(GEOID18) height,7,5,8,5,0
23,,468034.845,4313291.165,2432.206,,-105.3689812,38.96800826,2418.186,Global,0.011,0.011,0.01,0.015,1.934,m,FIX,RTK,2025-04-01 13:32:32.8 UTC-06:00,2025-04-01 13:32:35.8 UTC-06:00,16,1.2,1.4,468406.275,4313300.688,2434.672,-105.3646942,38.96810755,2420.645,371.839,,NAD83(2011) / UTM zone 13N + NAVD88(GEOID18) height,8,5,9,6,0
24,,468034.958,4313291.379,2432.046,,-105.3689799,38.96801019,2418.026,Global,0.011,0.01,0.01,0.015,1.934,m,FIX,RTK,2025-04-01 13:33:02.2 UTC-06:00,2025-04-01 13:33:05.2 UTC-06:00,16,1.2,1.4,468406.275,4313300.688,2434.672,-105.3646942,38.96810755,2420.645,371.713,,NAD83(2011) / UTM zone 13N + NAVD88(GEOID18) height,8,5,9,5,0
25,,468034.934,4313291.549,2431.992,,-105.3689802,38.96801172,2417.972,Global,0.011,0.01,0.01,0.015,1.934,m,FIX,RTK,2025-04-01 13:33:49.2 UTC-06:00,2025-04-01 13:33:52.2 UTC-06:00,16,1.2,1.4,468406.275,4313300.688,2434.672,-105.3646942,38.96810755,2420.645,371.74,,NAD83(2011) / UTM zone 13N + NAVD88(GEOID18) height,7,4,9,5,0
26,,468035.083,4313291.71,2431.809,,-105.3689784,38.96801318,2417.79,Global,0.011,0.01,0.01,0.015,1.934,m,FIX,RTK,2025-04-01 13:34:26.0 UTC-06:00,2025-04-01 13:34:29.0 UTC-06:00,16,1.2,1.4,468406.275,4313300.688,2434.672,-105.3646942,38.96810755,2420.645,371.592,,NAD83(2011) / UTM zone 13N + NAVD88(GEOID18) height,7,5,9,5,0
27,,468034.94,4313291.933,2431.479,,-105.3689801,38.96801519,2417.459,Global,0.012,0.011,0.01,0.016,1.934,m,FIX,RTK,2025-04-01 13:35:03.2 UTC-06:00,2025-04-01 13:35:06.2 UTC-06:00,16,1.2,1.4,468406.275,4313300.688,2434.672,-105.3646942,38.96810755,2420.645,371.715,,NAD83(2011) / UTM zone 13N + NAVD88(GEOID18) height,7,5,8,5,0
28,,468034.964,4313291.982,2431.462,,-105.3689798,38.96801563,2417.442,Global,0.011,0.012,0.01,0.016,1.934,m,FIX,RTK,2025-04-01 13:35:28.8 UTC-06:00,2025-04-01 13:35:31.8 UTC-06:00,16,1.2,1.4,468406.275,4313300.688,2434.672,-105.3646942,38.96810755,2420.645,371.706,,NAD83(2011) / UTM zone 13N + NAVD88(GEOID18) height,7,4,8,5,0
29,,468035.008,4313292.176,2431.362,,-105.3689793,38.96801738,2417.342,Global,0.01,0.01,0.01,0.014,1.934,m,FIX,RTK,2025-04-01 13:35:57.4 UTC-06:00,2025-04-01 13:36:00.4 UTC-06:00,16,1.2,1.4,468406.275,4313300.688,2434.672,-105.3646942,38.96810755,2420.645,371.652,,NAD83(2011) / UTM zone 13N + NAVD88(GEOID18) height,8,5,8,5,0
30,,468035.085,4313292.343,2431.337,,-105.3689784,38.96801888,2417.317,Global,0.012,0.011,0.01,0.016,1.934,m,FIX,RTK,2025-04-01 13:36:17.4 UTC-06:00,2025-04-01 13:36:20.4 UTC-06:00,16,1.2,1.4,468406.275,4313300.688,2434.672,-105.3646942,38.96810755,2420.645,371.58,,NAD83(2011) / UTM zone 13N + NAVD88(GEOID18) height,7,6,8,5,0
31,,468035.22,4313292.508,2431.443,,-105.3689769,38.96802038,2417.423,Global,0.01,0.01,0.01,0.015,1.934,m,FIX,RTK,2025-04-01 13:36:47.6 UTC-06:00,2025-04-01 13:36:50.6 UTC-06:00,16,1.2,1.4,468406.275,4313300.688,2434.672,-105.3646942,38.96810755,2420.645,371.433,,NAD83(2011) / UTM zone 13N + NAVD88(GEOID18) height,8,6,8,5,0
32,,468035.321,4313292.711,2431.35,,-105.3689757,38.96802221,2417.33,Global,0.01,0.011,0.01,0.015,1.934,m,FIX,RTK,2025-04-01 13:37:10.2 UTC-06:00,2025-04-01 13:37:13.2 UTC-06:00,16,1.2,1.4,468406.275,4313300.688,2434.672,-105.3646942,38.96810755,2420.645,371.332,,NAD83(2011) / UTM zone 13N + NAVD88(GEOID18) height,8,6,8,5,0
33,,468035.342,4313292.915,2431.605,,-105.3689755,38.96802405,2417.585,Global,0.01,0.012,0.01,0.015,1.934,m,FIX,RTK,2025-04-01 13:37:41.2 UTC-06:00,2025-04-01 13:37:44.2 UTC-06:00,16,1.2,1.4,468406.275,4313300.688,2434.672,-105.3646942,38.96810755,2420.645,371.301,,NAD83(2011) / UTM zone 13N + NAVD88(GEOID18) height,7,6,8,5,0
34,,468035.481,4313293.086,2431.616,,-105.3689739,38.96802559,2417.596,Global,0.011,0.011,0.01,0.015,1.934,m,FIX,RTK,2025-04-01 13:38:00.8 UTC-06:00,2025-04-01 13:38:03.8 UTC-06:00,16,1.2,1.4,468406.275,4313300.688,2434.672,-105.3646942,38.96810755,2420.645,371.163,,NAD83(2011) / UTM zone 13N + NAVD88(GEOID18) height,7,6,8,5,0
35,,468035.507,4313293.305,2431.308,,-105.3689736,38.96802757,2417.289,Global,0.011,0.012,0.01,0.016,1.934,m,FIX,RTK,2025-04-01 13:38:24.2 UTC-06:00,2025-04-01 13:38:27.2 UTC-06:00,16,1.2,1.4,468406.275,4313300.688,2434.672,-105.3646942,38.96810755,2420.645,371.128,,NAD83(2011) / UTM zone 13N + NAVD88(GEOID18) height,8,5,8,5,0
36,,468035.57,4313293.46,2431.374,,-105.3689729,38.96802897,2417.355,Global,0.01,0.01,0.01,0.015,1.934,m,FIX,RTK,2025-04-01 13:38:51.4 UTC-06:00,2025-04-01 13:38:54.4 UTC-06:00,16,1.3,1.6,468406.275,4313300.688,2434.672,-105.3646942,38.96810755,2420.645,371.064,,NAD83(2011) / UTM zone 13N + NAVD88(GEOID18) height,8,5,8,5,0
37,,468035.661,4313293.624,2431.367,,-105.3689719,38.96803045,2417.347,Global,0.011,0.011,0.01,0.015,1.934,m,FIX,RTK,2025-04-01 13:39:14.6 UTC-06:00,2025-04-01 13:39:17.6 UTC-06:00,16,1.3,1.6,468406.275,4313300.688,2434.672,-105.3646942,38.96810755,2420.645,370.975,,NAD83(2011) / UTM zone 13N + NAVD88(GEOID18) height,8,5,8,5,0
38,,468035.775,4313293.79,2431.368,,-105.3689705,38.96803195,2417.348,Global,0.014,0.01,0.01,0.017,1.934,m,FIX,RTK,2025-04-01 13:39:35.6 UTC-06:00,2025-04-01 13:39:38.6 UTC-06:00,16,1.4,1.7,468406.275,4313300.688,2434.672,-105.3646942,38.96810755,2420.645,370.865,,NAD83(2011) / UTM zone 13N + NAVD88(GEOID18) height,9,5,8,5,0
39,,468035.725,4313294.026,2431.196,,-105.3689711,38.96803408,2417.176,Global,0.012,0.011,0.01,0.016,1.934,m,FIX,RTK,2025-04-01 13:40:09.2 UTC-06:00,2025-04-01 13:40:12.2 UTC-06:00,16,1.4,1.7,468406.275,4313300.688,2434.672,-105.3646942,38.96810755,2420.645,370.904,,NAD83(2011) / UTM zone 13N + NAVD88(GEOID18) height,8,5,8,5,0
40,,468035.77,4313294.202,2431.191,,-105.3689706,38.96803566,2417.171,Global,0.011,0.01,0.01,0.015,1.934,m,FIX,RTK,2025-04-01 13:41:16.6 UTC-06:00,2025-04-01 13:41:19.6 UTC-06:00,16,1.4,1.7,468406.275,4313300.688,2434.672,-105.3646942,38.96810755,2420.645,370.854,,NAD83(2011) / UTM zone 13N + NAVD88(GEOID18) height,8,5,8,5,0
41,,468035.827,4313294.414,2431.165,,-105.36897,38.96803757,2417.146,Global,0.011,0.01,0.01,0.016,1.934,m,FIX,RTK,2025-04-01 13:41:37.0 UTC-06:00,2025-04-01 13:41:40.0 UTC-06:00,16,1.3,1.6,468406.275,4313300.688,2434.672,-105.3646942,38.96810755,2420.645,370.794,,NAD83(2011) / UTM zone 13N + NAVD88(GEOID18) height,8,5,8,5,0
42,,468035.862,4313294.612,2431.167,,-105.3689696,38.96803936,2417.147,Global,0.01,0.01,0.01,0.014,1.934,m,FIX,RTK,2025-04-01 13:41:55.6 UTC-06:00,2025-04-01 13:41:58.6 UTC-06:00,16,1.3,1.6,468406.275,4313300.688,2434.672,-105.3646942,38.96810755,2420.645,370.749,,NAD83(2011) / UTM zone 13N + NAVD88(GEOID18) height,8,5,9,5,0
43,,468036.053,4313294.757,2431.169,,-105.3689674,38.96804067,2417.15,Global,0.011,0.01,0.011,0.015,1.934,m,FIX,RTK,2025-04-01 13:42:20.0 UTC-06:00,2025-04-01 13:42:23.0 UTC-06:00,16,1.3,1.6,468406.275,4313300.688,2434.672,-105.3646942,38.96810755,2420.645,370.562,,NAD83(2011) / UTM zone 13N + NAVD88(GEOID18) height,8,5,9,5,0
44,,468036.096,4313294.954,2431.14,,-105.3689669,38.96804245,2417.121,Global,0.011,0.01,0.01,0.015,1.934,m,FIX,RTK,2025-04-01 13:42:36.2 UTC-06:00,2025-04-01 13:42:39.2 UTC-06:00,16,1.3,1.6,468406.275,4313300.688,2434.672,-105.3646942,38.96810755,2420.645,370.513,,NAD83(2011) / UTM zone 13N + NAVD88(GEOID18) height,8,5,8,5,0
45,,468036.196,4313295.149,2431.123,,-105.3689658,38.96804421,2417.103,Global,0.011,0.011,0.01,0.015,1.934,m,FIX,RTK,2025-04-01 13:43:18.8 UTC-06:00,2025-04-01 13:43:21.8 UTC-06:00,16,1.3,1.6,468406.275,4313300.688,2434.672,-105.3646942,38.96810755,2420.645,370.413,,NAD83(2011) / UTM zone 13N + NAVD88(GEOID18) height,8,5,9,5,0
46,,468036.16,4313295.357,2431.092,,-105.3689662,38.96804608,2417.073,Global,0.01,0.01,0.01,0.015,1.934,m,FIX,RTK,2025-04-01 13:43:58.4 UTC-06:00,2025-04-01 13:44:01.4 UTC-06:00,16,1.3,1.6,468406.275,4313300.688,2434.672,-105.3646942,38.96810755,2420.645,370.445,,NAD83(2011) / UTM zone 13N + NAVD88(GEOID18) height,8,5,8,5,0
47,,468036.2,4313295.563,2431.132,,-105.3689657,38.96804794,2417.112,Global,0.013,0.01,0.01,0.016,1.934,m,FIX,RTK,2025-04-01 13:44:13.4 UTC-06:00,2025-04-01 13:44:16.4 UTC-06:00,16,1.3,1.6,468406.275,4313300.688,2434.672,-105.3646942,38.96810755,2420.645,370.387,,NAD83(2011) / UTM zone 13N + NAVD88(GEOID18) height,8,5,9,5,0
48,,468036.276,4313295.741,2431.14,,-105.3689649,38.96804955,2417.121,Global,0.012,0.01,0.01,0.016,1.934,m,FIX,RTK,2025-04-01 13:44:34.0 UTC-06:00,2025-04-01 13:44:37.0 UTC-06:00,16,1.3,1.6,468406.275,4313300.688,2434.672,-105.3646942,38.96810755,2420.645,370.315,,NAD83(2011) / UTM zone 13N + NAVD88(GEOID18) height,8,5,9,5,0
49,,468036.381,4313295.929,2431.151,,-105.3689637,38.96805125,2417.131,Global,0.011,0.01,0.011,0.015,1.934,m,FIX,RTK,2025-04-01 13:44:57.0 UTC-06:00,2025-04-01 13:45:00.0 UTC-06:00,16,1.3,1.6,468406.275,4313300.688,2434.672,-105.3646942,38.96810755,2420.645,370.216,,NAD83(2011) / UTM zone 13N + NAVD88(GEOID18) height,8,5,9,5,0
50,,468036.441,4313296.111,2431.121,,-105.368963,38.96805289,2417.102,Global,0.011,0.01,0.011,0.015,1.934,m,FIX,RTK,2025-04-01 13:45:15.8 UTC-06:00,2025-04-01 13:45:18.8 UTC-06:00,16,1.3,1.6,468406.275,4313300.688,2434.672,-105.3646942,38.96810755,2420.645,370.138,,NAD83(2011) / UTM zone 13N + NAVD88(GEOID18) height,8,5,9,5,0
51,,468036.567,4313296.315,2431.106,,-105.3689615,38.96805473,2417.086,Global,0.011,0.01,0.011,0.015,1.934,m,FIX,RTK,2025-04-01 13:45:34.4 UTC-06:00,2025-04-01 13:45:37.4 UTC-06:00,16,1.3,1.5,468406.275,4313300.688,2434.672,-105.3646942,38.96810755,2420.645,370.012,,NAD83(2011) / UTM zone 13N + NAVD88(GEOID18) height,8,5,9,5,0
52,,468036.591,4313296.438,2431.071,,-105.3689613,38.96805584,2417.051,Global,0.01,0.01,0.01,0.015,1.934,m,FIX,RTK,2025-04-01 13:46:10.8 UTC-06:00,2025-04-01 13:46:13.8 UTC-06:00,16,1.3,1.5,468406.275,4313300.688,2434.672,-105.3646942,38.96810755,2420.645,369.998,,NAD83(2011) / UTM zone 13N + NAVD88(GEOID18) height,7,5,9,6,0
53,,468036.719,4313296.648,2431.071,,-105.3689598,38.96805774,2417.051,Global,0.011,0.01,0.011,0.015,1.934,m,FIX,RTK,2025-04-01 13:46:30.6 UTC-06:00,2025-04-01 13:46:33.6 UTC-06:00,16,1.3,1.5,468406.275,4313300.688,2434.672,-105.3646942,38.96810755,2420.645,369.862,,NAD83(2011) / UTM zone 13N + NAVD88(GEOID18) height,8,5,8,6,0
54,,468036.808,4313296.835,2431.041,,-105.3689588,38.96805943,2417.021,Global,0.013,0.01,0.01,0.016,1.934,m,FIX,RTK,2025-04-01 13:47:00.2 UTC-06:00,2025-04-01 13:47:03.2 UTC-06:00,16,1.4,1.7,468406.275,4313300.688,2434.672,-105.3646942,38.96810755,2420.645,369.775,,NAD83(2011) / UTM zone 13N + NAVD88(GEOID18) height,8,5,8,6,0
55,,468036.872,4313297.051,2430.992,,-105.368958,38.96806137,2416.972,Global,0.011,0.011,0.01,0.015,1.934,m,FIX,RTK,2025-04-01 13:47:47.4 UTC-06:00,2025-04-01 13:47:50.4 UTC-06:00,16,1.4,1.7,468406.275,4313300.688,2434.672,-105.3646942,38.96810755,2420.645,369.712,,NAD83(2011) / UTM zone 13N + NAVD88(GEOID18) height,8,5,8,6,0
56,,468036.968,4313297.225,2431.025,,-105.3689569,38.96806294,2417.005,Global,0.011,0.011,0.011,0.015,1.934,m,FIX,RTK,2025-04-01 13:48:11.4 UTC-06:00,2025-04-01 13:48:14.4 UTC-06:00,16,1.5,1.8,468406.275,4313300.688,2434.672,-105.3646942,38.96810755,2420.645,369.607,,NAD83(2011) / UTM zone 13N + NAVD88(GEOID18) height,7,5,8,6,0
57,,468037.12,4313297.365,2431.05,,-105.3689552,38.96806421,2417.031,Global,0.013,0.01,0.01,0.017,1.934,m,FIX,RTK,2025-04-01 13:48:43.0 UTC-06:00,2025-04-01 13:48:46.0 UTC-06:00,16,1.5,1.8,468406.275,4313300.688,2434.672,-105.3646942,38.96810755,2420.645,369.466,,NAD83(2011) / UTM zone 13N + NAVD88(GEOID18) height,7,5,8,6,0
58,,468037.152,4313297.579,2431.051,,-105.3689548,38.96806615,2417.031,Global,0.019,0.012,0.011,0.023,1.934,m,FIX,RTK,2025-04-01 13:49:14.2 UTC-06:00,2025-04-01 13:49:17.2 UTC-06:00,16,1.4,1.7,468406.275,4313300.688,2434.672,-105.3646942,38.96810755,2420.645,369.43,,NAD83(2011) / UTM zone 13N + NAVD88(GEOID18) height,7,5,8,6,0
59,,468036.941,4313297.646,2431.036,,-105.3689573,38.96806674,2417.016,Global,0.011,0.01,0.011,0.015,1.934,m,FIX,RTK,2025-04-01 13:50:23.2 UTC-06:00,2025-04-01 13:50:26.2 UTC-06:00,16,1.4,1.7,468406.275,4313300.688,2434.672,-105.3646942,38.96810755,2420.645,369.632,,NAD83(2011) / UTM zone 13N + NAVD88(GEOID18) height,8,5,8,6,0
60,,468037.063,4313297.808,2431.071,,-105.3689559,38.96806821,2417.052,Global,0.01,0.01,0.011,0.015,1.934,m,FIX,RTK,2025-04-01 13:50:45.8 UTC-06:00,2025-04-01 13:50:48.8 UTC-06:00,16,1.5,1.9,468406.275,4313300.688,2434.672,-105.3646942,38.96810755,2420.645,369.508,,NAD83(2011) / UTM zone 13N + NAVD88(GEOID18) height,8,5,8,6,0
61,,468037.088,4313298.014,2431.04,,-105.3689556,38.96807007,2417.02,Global,0.011,0.01,0.011,0.015,1.934,m,FIX,RTK,2025-04-01 13:51:04.6 UTC-06:00,2025-04-01 13:51:07.6 UTC-06:00,16,1.5,1.9,468406.275,4313300.688,2434.672,-105.3646942,38.96810755,2420.645,369.477,,NAD83(2011) / UTM zone 13N + NAVD88(GEOID18) height,8,5,8,6,0
62,,468037.115,4313298.222,2431.077,,-105.3689553,38.96807193,2417.057,Global,0.011,0.01,0.011,0.015,1.934,m,FIX,RTK,2025-04-01 13:51:33.0 UTC-06:00,2025-04-01 13:51:36.0 UTC-06:00,16,1.5,1.9,468406.275,4313300.688,2434.672,-105.3646942,38.96810755,2420.645,369.455,,NAD83(2011) / UTM zone 13N + NAVD88(GEOID18) height,8,5,8,6,0
63,,468037.241,4313298.395,2431.044,,-105.3689538,38.9680735,2417.025,Global,0.011,0.011,0.011,0.015,1.934,m,FIX,RTK,2025-04-01 13:51:57.2 UTC-06:00,2025-04-01 13:52:00.2 UTC-06:00,16,1.6,1.9,468406.275,4313300.688,2434.672,-105.3646942,38.96810755,2420.645,369.332,,NAD83(2011) / UTM zone 13N + NAVD88(GEOID18) height,7,5,8,6,0
64,,468037.344,4313298.575,2431.066,,-105.3689527,38.96807513,2417.046,Global,0.014,0.01,0.01,0.017,1.934,m,FIX,RTK,2025-04-01 13:52:20.0 UTC-06:00,2025-04-01 13:52:23.0 UTC-06:00,16,1.6,1.9,468406.275,4313300.688,2434.672,-105.3646942,38.96810755,2420.645,369.231,,NAD83(2011) / UTM zone 13N + NAVD88(GEOID18) height,7,5,8,6,0
65,,468037.325,4313298.766,2431.008,,-105.3689529,38.96807684,2416.988,Global,0.011,0.01,0.01,0.015,1.934,m,FIX,RTK,2025-04-01 13:52:45.2 UTC-06:00,2025-04-01 13:52:48.2 UTC-06:00,16,1.6,1.9,468406.275,4313300.688,2434.672,-105.3646942,38.96810755,2420.645,369.236,,NAD83(2011) / UTM zone 13N + NAVD88(GEOID18) height,6,5,8,6,0
66,,468037.367,4313298.967,2430.935,,-105.3689524,38.96807866,2416.915,Global,0.011,0.01,0.011,0.015,1.934,m,FIX,RTK,2025-04-01 13:53:15.0 UTC-06:00,2025-04-01 13:53:18.0 UTC-06:00,16,1.6,1.9,468406.275,4313300.688,2434.672,-105.3646942,38.96810755,2420.645,369.192,,NAD83(2011) / UTM zone 13N + NAVD88(GEOID18) height,6,5,8,5,0
67,,468037.4,4313299.199,2430.924,,-105.368952,38.96808075,2416.904,Global,0.011,0.01,0.02,0.015,1.934,m,FIX,RTK,2025-04-01 13:54:00.0 UTC-06:00,2025-04-01 13:54:03.0 UTC-06:00,16,2.4,2.8,,,,,,,,,NAD83(2011) / UTM zone 13N + NAVD88(GEOID18) height,6,5,0,0,0
68,,468037.624,4313299.323,2430.878,,-105.3689495,38.96808188,2416.858,Global,0.011,0.01,0.01,0.015,1.934,m,FIX,RTK,2025-04-01 13:54:28.2 UTC-06:00,2025-04-01 13:54:31.2 UTC-06:00,16,1.4,1.6,468406.275,4313300.688,2434.672,-105.3646942,38.96810755,2420.645,368.935,,NAD83(2011) / UTM zone 13N + NAVD88(GEOID18) height,8,5,8,5,0
69,,468037.545,4313299.549,2431.069,,-105.3689504,38.96808391,2417.05,Global,0.011,0.012,0.01,0.016,1.934,m,FIX,RTK,2025-04-01 13:54:58.2 UTC-06:00,2025-04-01 13:55:01.2 UTC-06:00,16,1.4,1.6,468406.275,4313300.688,2434.672,-105.3646942,38.96810755,2420.645,369.014,,NAD83(2011) / UTM zone 13N + NAVD88(GEOID18) height,8,5,8,5,0
70,,468037.68,4313299.719,2430.965,,-105.3689488,38.96808545,2416.945,Global,0.013,0.01,0.01,0.017,1.934,m,FIX,RTK,2025-04-01 13:55:16.4 UTC-06:00,2025-04-01 13:55:19.4 UTC-06:00,16,1.4,1.6,468406.275,4313300.688,2434.672,-105.3646942,38.96810755,2420.645,368.866,,NAD83(2011) / UTM zone 13N + NAVD88(GEOID18) height,7,5,9,5,0
71,,468037.703,4313299.928,2430.961,,-105.3689486,38.96808733,2416.942,Global,0.011,0.011,0.011,0.015,1.934,m,FIX,RTK,2025-04-01 13:55:47.0 UTC-06:00,2025-04-01 13:55:50.0 UTC-06:00,16,1.4,1.6,468406.275,4313300.688,2434.672,-105.3646942,38.96810755,2420.645,368.86,,NAD83(2011) / UTM zone 13N + NAVD88(GEOID18) height,6,5,9,5,0
72,,468037.795,4313300.107,2430.989,,-105.3689475,38.96808895,2416.969,Global,0.01,0.011,0.01,0.015,1.934,m,FIX,RTK,2025-04-01 13:56:12.4 UTC-06:00,2025-04-01 13:56:15.4 UTC-06:00,16,1.4,1.6,468406.275,4313300.688,2434.672,-105.3646942,38.96810755,2420.645,368.773,,NAD83(2011) / UTM zone 13N + NAVD88(GEOID18) height,8,5,8,5,0
73,,468037.901,4313300.291,2430.987,,-105.3689463,38.96809061,2416.967,Global,0.01,0.01,0.01,0.015,1.934,m,FIX,RTK,2025-04-01 13:56:32.2 UTC-06:00,2025-04-01 13:56:35.2 UTC-06:00,16,1.3,1.5,468406.275,4313300.688,2434.672,-105.3646942,38.96810755,2420.645,368.664,,NAD83(2011) / UTM zone 13N + NAVD88(GEOID18) height,7,5,8,5,0
74,,468037.894,4313300.517,2430.997,,-105.3689464,38.96809265,2416.977,Global,0.011,0.01,0.011,0.015,1.934,m,FIX,RTK,2025-04-01 13:56:52.6 UTC-06:00,2025-04-01 13:56:55.6 UTC-06:00,16,1.4,1.6,468406.275,4313300.688,2434.672,-105.3646942,38.96810755,2420.645,368.666,,NAD83(2011) / UTM zone 13N + NAVD88(GEOID18) height,7,5,8,5,0
75,,468038.121,4313300.668,2430.995,,-105.3689438,38.96809401,2416.975,Global,0.012,0.01,0.01,0.016,1.934,m,FIX,RTK,2025-04-01 13:57:15.2 UTC-06:00,2025-04-01 13:57:18.2 UTC-06:00,16,1.4,1.8,468406.275,4313300.688,2434.672,-105.3646942,38.96810755,2420.645,368.455,,NAD83(2011) / UTM zone 13N + NAVD88(GEOID18) height,8,5,9,4,0
76,,468038.148,4313300.824,2430.997,,-105.3689435,38.96809542,2416.977,Global,0.01,0.01,0.01,0.014,1.934,m,FIX,RTK,2025-04-01 13:57:39.0 UTC-06:00,2025-04-01 13:57:42.0 UTC-06:00,16,1.4,1.8,468406.275,4313300.688,2434.672,-105.3646942,38.96810755,2420.645,368.412,,NAD83(2011) / UTM zone 13N + NAVD88(GEOID18) height,7,5,8,4,0
77,,468038.277,4313301.01,2431.034,,-105.368942,38.9680971,2417.014,Global,0.014,0.01,0.011,0.017,1.934,m,FIX,RTK,2025-04-01 13:58:03.0 UTC-06:00,2025-04-01 13:58:06.0 UTC-06:00,16,1.6,1.9,468406.275,4313300.688,2434.672,-105.3646942,38.96810755,2420.645,368.306,,NAD83(2011) / UTM zone 13N + NAVD88(GEOID18) height,7,5,8,4,0
78,,468038.211,4313301.225,2431.046,,-105.3689428,38.96809904,2417.027,Global,0.011,0.011,0.011,0.015,1.934,m,FIX,RTK,2025-04-01 13:58:23.8 UTC-06:00,2025-04-01 13:58:26.8 UTC-06:00,16,1.4,1.6,468406.275,4313300.688,2434.672,-105.3646942,38.96810755,2420.645,368.347,,NAD83(2011) / UTM zone 13N + NAVD88(GEOID18) height,7,5,9,5,0
79,,468038.226,4313301.443,2431.029,,-105.3689426,38.96810101,2417.009,Global,0.013,0.012,0.01,0.018,1.934,m,FIX,RTK,2025-04-01 13:58:42.4 UTC-06:00,2025-04-01 13:58:45.4 UTC-06:00,16,1.4,1.6,468406.275,4313300.688,2434.672,-105.3646942,38.96810755,2420.645,368.357,,NAD83(2011) / UTM zone 13N + NAVD88(GEOID18) height,6,5,9,5,0
80,,468038.294,4313301.617,2431.037,,-105.3689418,38.96810258,2417.017,Global,0.01,0.01,0.01,0.015,1.934,m,FIX,RTK,2025-04-01 13:59:08.2 UTC-06:00,2025-04-01 13:59:11.2 UTC-06:00,16,1.4,1.6,468406.275,4313300.688,2434.672,-105.3646942,38.96810755,2420.645,368.264,,NAD83(2011) / UTM zone 13N + NAVD88(GEOID18) height,7,5,8,5,0
81,,468038.317,4313301.812,2431.055,,-105.3689416,38.96810433,2417.036,Global,0.012,0.011,0.011,0.016,1.934,m,FIX,RTK,2025-04-01 13:59:26.6 UTC-06:00,2025-04-01 13:59:29.6 UTC-06:00,16,1.4,1.6,468406.275,4313300.688,2434.672,-105.3646942,38.96810755,2420.645,368.241,,NAD83(2011) / UTM zone 13N + NAVD88(GEOID18) height,6,5,8,5,0
82,,468038.42,4313302.018,2431.023,,-105.3689404,38.96810619,2417.004,Global,0.011,0.01,0.011,0.015,1.934,m,FIX,RTK,2025-04-01 13:59:46.6 UTC-06:00,2025-04-01 13:59:49.6 UTC-06:00,16,1.4,1.6,468406.275,4313300.688,2434.672,-105.3646942,38.96810755,2420.645,368.148,,NAD83(2011) / UTM zone 13N + NAVD88(GEOID18) height,6,5,8,5,0
83,,468038.532,4313302.209,2430.995,,-105.3689391,38.96810791,2416.975,Global,0.011,0.011,0.01,0.016,1.934,m,FIX,RTK,2025-04-01 14:00:14.0 UTC-06:00,2025-04-01 14:00:17.0 UTC-06:00,16,1.4,1.6,468406.275,4313300.688,2434.672,-105.3646942,38.96810755,2420.645,368.036,,NAD83(2011) / UTM zone 13N + NAVD88(GEOID18) height,6,5,8,6,0
84,,468038.55,4313302.398,2430.982,,-105.3689389,38.96810962,2416.962,Global,0.01,0.01,0.01,0.015,1.934,m,FIX,RTK,2025-04-01 14:00:30.2 UTC-06:00,2025-04-01 14:00:33.2 UTC-06:00,16,1.4,1.6,468406.275,4313300.688,2434.672,-105.3646942,38.96810755,2420.645,368.013,,NAD83(2011) / UTM zone 13N + NAVD88(GEOID18) height,6,5,8,6,0
85,,468038.685,4313302.563,2430.951,,-105.3689374,38.96811111,2416.932,Global,0.012,0.011,0.01,0.016,1.934,m,FIX,RTK,2025-04-01 14:00:49.4 UTC-06:00,2025-04-01 14:00:52.4 UTC-06:00,16,1.4,1.6,468406.275,4313300.688,2434.672,-105.3646942,38.96810755,2420.645,367.875,,NAD83(2011) / UTM zone 13N + NAVD88(GEOID18) height,6,5,8,6,0
86,,468038.764,4313302.763,2430.948,,-105.3689365,38.96811292,2416.928,Global,0.012,0.01,0.01,0.016,1.934,m,FIX,RTK,2025-04-01 14:01:08.6 UTC-06:00,2025-04-01 14:01:11.6 UTC-06:00,16,1.4,1.6,468406.275,4313300.688,2434.672,-105.3646942,38.96810755,2420.645,367.803,,NAD83(2011) / UTM zone 13N + NAVD88(GEOID18) height,6,5,8,5,0
87,,468038.9,4313302.906,2430.946,,-105.3689349,38.96811421,2416.926,Global,0.01,0.011,0.01,0.015,1.934,m,FIX,RTK,2025-04-01 14:01:33.4 UTC-06:00,2025-04-01 14:01:36.4 UTC-06:00,16,1.4,1.6,468406.275,4313300.688,2434.672,-105.3646942,38.96810755,2420.645,367.669,,NAD83(2011) / UTM zone 13N + NAVD88(GEOID18) height,6,5,8,5,0
88,,468038.938,4313303.084,2430.947,,-105.3689345,38.96811582,2416.928,Global,0.01,0.011,0.012,0.015,1.934,m,FIX,RTK,2025-04-01 14:01:57.2 UTC-06:00,2025-04-01 14:02:00.2 UTC-06:00,16,1.4,1.6,468406.275,4313300.688,2434.672,-105.3646942,38.96810755,2420.645,367.633,,NAD83(2011) / UTM zone 13N + NAVD88(GEOID18) height,6,6,8,6,0
89,,468038.997,4313303.317,2430.978,,-105.3689338,38.96811792,2416.958,Global,0.012,0.011,0.01,0.016,1.934,m,FIX,RTK,2025-04-01 14:02:22.6 UTC-06:00,2025-04-01 14:02:25.6 UTC-06:00,16,1.4,1.6,468406.275,4313300.688,2434.672,-105.3646942,38.96810755,2420.645,367.562,,NAD83(2011) / UTM zone 13N + NAVD88(GEOID18) height,6,5,8,6,0
90,,468038.986,4313303.523,2431.008,,-105.3689339,38.96811977,2416.988,Global,0.011,0.011,0.011,0.015,1.934,m,FIX,RTK,2025-04-01 14:02:49.8 UTC-06:00,2025-04-01 14:02:52.8 UTC-06:00,16,1.4,1.7,468406.275,4313300.688,2434.672,-105.3646942,38.96810755,2420.645,367.583,,NAD83(2011) / UTM zone 13N + NAVD88(GEOID18) height,6,5,8,6,0
91,,468038.958,4313303.726,2431.006,,-105.3689343,38.9681216,2416.987,Global,0.01,0.012,0.01,0.016,1.934,m,FIX,RTK,2025-04-01 14:03:13.2 UTC-06:00,2025-04-01 14:03:16.2 UTC-06:00,16,1.4,1.7,468406.275,4313300.688,2434.672,-105.3646942,38.96810755,2420.645,367.616,,NAD83(2011) / UTM zone 13N + NAVD88(GEOID18) height,6,5,8,5,0
92,,468038.967,4313303.943,2431.056,,-105.3689342,38.96812356,2417.036,Global,0.013,0.01,0.01,0.016,1.934,m,FIX,RTK,2025-04-01 14:03:53.6 UTC-06:00,2025-04-01 14:03:56.6 UTC-06:00,16,1.4,1.6,468406.275,4313300.688,2434.672,-105.3646942,38.96810755,2420.645,367.613,,NAD83(2011) / UTM zone 13N + NAVD88(GEOID18) height,6,6,8,5,0
93,,468039.095,4313304.134,2431.049,,-105.3689327,38.96812528,2417.03,Global,0.011,0.01,0.01,0.015,1.934,m,FIX,RTK,2025-04-01 14:04:19.0 UTC-06:00,2025-04-01 14:04:22.0 UTC-06:00,16,1.4,1.6,468406.275,4313300.688,2434.672,-105.3646942,38.96810755,2420.645,367.483,,NAD83(2011) / UTM zone 13N + NAVD88(GEOID18) height,6,5,8,5,0
94,,468039.095,4313304.272,2431.066,,-105.3689327,38.96812653,2417.046,Global,0.01,0.01,0.01,0.015,1.934,m,FIX,RTK,2025-04-01 14:04:51.2 UTC-06:00,2025-04-01 14:04:54.2 UTC-06:00,16,1.4,1.6,468406.275,4313300.688,2434.672,-105.3646942,38.96810755,2420.645,367.483,,NAD83(2011) / UTM zone 13N + NAVD88(GEOID18) height,6,7,8,6,0
95,,468039.071,4313304.504,2431.097,,-105.368933,38.96812862,2417.078,Global,0.011,0.01,0.01,0.015,1.934,m,FIX,RTK,2025-04-01 14:05:29.6 UTC-06:00,2025-04-01 14:05:32.6 UTC-06:00,16,1.4,1.7,468406.275,4313300.688,2434.672,-105.3646942,38.96810755,2420.645,367.503,,NAD83(2011) / UTM zone 13N + NAVD88(GEOID18) height,6,6,9,5,0
96,,468039.262,4313304.664,2431.241,,-105.3689308,38.96813007,2417.222,Global,0.013,0.012,0.01,0.018,1.934,m,FIX,RTK,2025-04-01 14:05:58.2 UTC-06:00,2025-04-01 14:06:01.2 UTC-06:00,16,1.4,1.7,468406.275,4313300.688,2434.672,-105.3646942,38.96810755,2420.645,367.321,,NAD83(2011) / UTM zone 13N + NAVD88(GEOID18) height,6,6,8,5,0
97,,468039.349,4313304.855,2431.248,,-105.3689298,38.96813179,2417.229,Global,0.01,0.011,0.011,0.015,1.934,m,FIX,RTK,2025-04-01 14:06:24.0 UTC-06:00,2025-04-01 14:06:27.0 UTC-06:00,16,1.5,1.8,468406.275,4313300.688,2434.672,-105.3646942,38.96810755,2420.645,367.233,,NAD83(2011) / UTM zone 13N + NAVD88(GEOID18) height,6,6,8,6,0
98,,468039.374,4313305.04,2431.252,,-105.3689295,38.96813346,2417.232,Global,0.016,0.012,0.01,0.02,1.934,m,FIX,RTK,2025-04-01 14:07:01.8 UTC-06:00,2025-04-01 14:07:04.8 UTC-06:00,16,1.5,1.8,468406.275,4313300.688,2434.672,-105.3646942,38.96810755,2420.645,367.191,,NAD83(2011) / UTM zone 13N + NAVD88(GEOID18) height,6,6,8,6,0
99,,468039.4,4313305.256,2431.223,,-105.3689292,38.96813541,2417.204,Global,0.011,0.01,0.012,0.015,1.934,m,FIX,RTK,2025-04-01 14:07:41.0 UTC-06:00,2025-04-01 14:07:44.0 UTC-06:00,16,1.4,1.7,468406.275,4313300.688,2434.672,-105.3646942,38.96810755,2420.645,367.188,,NAD83(2011) / UTM zone 13N + NAVD88(GEOID18) height,6,6,8,5,0
100,,468039.345,4313305.463,2431.558,,-105.3689299,38.96813727,2417.539,Global,0.014,0.01,0.011,0.018,1.934,m,FIX,RTK,2025-04-01 14:08:18.6 UTC-06:00,2025-04-01 14:08:21.6 UTC-06:00,16,1.4,1.7,468406.275,4313300.688,2434.672,-105.3646942,38.96810755,2420.645,367.252,,NAD83(2011) / UTM zone 13N + NAVD88(GEOID18) height,6,7,8,5,0
101,,468039.483,4313305.689,2431.179,,-105.3689283,38.96813931,2417.159,Global,0.012,0.01,0.01,0.015,1.934,m,FIX,RTK,2025-04-01 14:08:45.4 UTC-06:00,2025-04-01 14:08:48.4 UTC-06:00,16,1.5,1.8,468406.275,4313300.688,2434.672,-105.3646942,38.96810755,2420.645,367.116,,NAD83(2011) / UTM zone 13N + NAVD88(GEOID18) height,6,7,8,5,0
102,,468039.715,4313305.816,2431.128,,-105.3689256,38.96814047,2417.108,Global,0.013,0.01,0.014,0.016,1.934,m,FIX,RTK,2025-04-01 14:09:16.4 UTC-06:00,2025-04-01 14:09:19.4 UTC-06:00,16,1.4,1.7,468406.275,4313300.688,2434.672,-105.3646942,38.96810755,2420.645,366.867,,NAD83(2011) / UTM zone 13N + NAVD88(GEOID18) height,6,6,8,6,0
103,,468039.736,4313306.006,2431.064,,-105.3689254,38.96814217,2417.044,Global,0.01,0.01,0.012,0.014,1.934,m,FIX,RTK,2025-04-01 14:09:44.0 UTC-06:00,2025-04-01 14:09:47.0 UTC-06:00,16,1.5,1.8,468406.275,4313300.688,2434.672,-105.3646942,38.96810755,2420.645,366.857,,NAD83(2011) / UTM zone 13N + NAVD88(GEOID18) height,6,6,8,5,0
104,,468039.864,4313306.137,2431.027,,-105.3689239,38.96814336,2417.007,Global,0.015,0.01,0.011,0.018,1.934,m,FIX,RTK,2025-04-01 14:10:01.2 UTC-06:00,2025-04-01 14:10:04.2 UTC-06:00,16,1.4,1.7,468406.275,4313300.688,2434.672,-105.3646942,38.96810755,2420.645,366.745,,NAD83(2011) / UTM zone 13N + NAVD88(GEOID18) height,6,6,9,6,0
105,,468039.779,4313306.408,2431.196,,-105.3689249,38.9681458,2417.177,Global,0.012,0.016,0.01,0.02,1.934,m,FIX,RTK,2025-04-01 14:10:40.4 UTC-06:00,2025-04-01 14:10:43.4 UTC-06:00,16,1.4,1.7,468406.275,4313300.688,2434.672,-105.3646942,38.96810755,2420.645,366.836,,NAD83(2011) / UTM zone 13N + NAVD88(GEOID18) height,6,6,8,5,0
106,,468039.831,4313306.578,2431.258,,-105.3689243,38.96814734,2417.239,Global,0.012,0.01,0.011,0.016,1.934,m,FIX,RTK,2025-04-01 14:11:13.8 UTC-06:00,2025-04-01 14:11:16.8 UTC-06:00,16,1.5,1.8,468406.275,4313300.688,2434.672,-105.3646942,38.96810755,2420.645,366.776,,NAD83(2011) / UTM zone 13N + NAVD88(GEOID18) height,6,6,8,6,0
107,,468039.929,4313306.81,2431.177,,-105.3689232,38.96814943,2417.158,Global,0.01,0.01,0.011,0.014,1.934,m,FIX,RTK,2025-04-01 14:12:02.8 UTC-06:00,2025-04-01 14:12:05.8 UTC-06:00,16,1.4,1.7,468406.275,4313300.688,2434.672,-105.3646942,38.96810755,2420.645,366.677,,NAD83(2011) / UTM zone 13N + NAVD88(GEOID18) height,6,7,8,6,0
108,,468040.002,4313306.981,2431.112,,-105.3689224,38.96815097,2417.093,Global,0.013,0.011,0.01,0.017,1.934,m,FIX,RTK,2025-04-01 14:12:30.0 UTC-06:00,2025-04-01 14:12:33.0 UTC-06:00,16,1.5,1.8,468406.275,4313300.688,2434.672,-105.3646942,38.96810755,2420.645,366.621,,NAD83(2011) / UTM zone 13N + NAVD88(GEOID18) height,6,7,8,6,0
109,,468039.983,4313307.181,2431.004,,-105.3689226,38.96815278,2416.985,Global,0.011,0.01,0.01,0.015,1.934,m,FIX,RTK,2025-04-01 14:12:59.8 UTC-06:00,2025-04-01 14:13:02.8 UTC-06:00,16,1.5,1.8,468406.275,4313300.688,2434.672,-105.3646942,38.96810755,2420.645,366.629,,NAD83(2011) / UTM zone 13N + NAVD88(GEOID18) height,6,7,8,5,0
110,,468040.056,4313307.387,2431.082,,-105.3689218,38.96815463,2417.062,Global,0.011,0.01,0.01,0.015,1.934,m,FIX,RTK,2025-04-01 14:13:38.8 UTC-06:00,2025-04-01 14:13:41.8 UTC-06:00,16,1.5,1.8,468406.275,4313300.688,2434.672,-105.3646942,38.96810755,2420.645,366.573,,NAD83(2011) / UTM zone 13N + NAVD88(GEOID18) height,6,8,8,5,0
111,,468040.211,4313307.534,2430.987,,-105.36892,38.96815596,2416.967,Global,0.012,0.01,0.011,0.016,1.934,m,FIX,RTK,2025-04-01 14:14:03.4 UTC-06:00,2025-04-01 14:14:06.4 UTC-06:00,16,1.5,1.8,468406.275,4313300.688,2434.672,-105.3646942,38.96810755,2420.645,366.404,,NAD83(2011) / UTM zone 13N + NAVD88(GEOID18) height,6,7,7,6,0
112,,468040.241,4313307.704,2431.117,,-105.3689197,38.96815749,2417.098,Global,0.012,0.011,0.01,0.016,1.934,m,FIX,RTK,2025-04-01 14:14:54.6 UTC-06:00,2025-04-01 14:14:57.6 UTC-06:00,16,1.5,1.8,468406.275,4313300.688,2434.672,-105.3646942,38.96810755,2420.645,366.391,,NAD83(2011) / UTM zone 13N + NAVD88(GEOID18) height,6,7,7,6,0
113,,468040.3,4313307.895,2431.183,,-105.368919,38.96815922,2417.164,Global,0.011,0.011,0.012,0.016,1.934,m,FIX,RTK,2025-04-01 14:15:25.0 UTC-06:00,2025-04-01 14:15:28.0 UTC-06:00,16,1.6,1.9,468406.275,4313300.688,2434.672,-105.3646942,38.96810755,2420.645,366.33,,NAD83(2011) / UTM zone 13N + NAVD88(GEOID18) height,6,7,7,6,0
114,,468040.392,4313308.089,2431.076,,-105.3689179,38.96816097,2417.056,Global,0.011,0.01,0.013,0.015,1.934,m,FIX,RTK,2025-04-01 14:16:01.6 UTC-06:00,2025-04-01 14:16:04.6 UTC-06:00,16,1.4,1.7,468406.275,4313300.688,2434.672,-105.3646942,38.96810755,2420.645,366.235,,NAD83(2011) / UTM zone 13N + NAVD88(GEOID18) height,6,7,8,6,0
115,,468040.515,4313308.286,2430.99,,-105.3689165,38.96816275,2416.97,Global,0.01,0.011,0.011,0.015,1.934,m,FIX,RTK,2025-04-01 14:17:11.8 UTC-06:00,2025-04-01 14:17:14.8 UTC-06:00,16,1.5,1.8,468406.275,4313300.688,2434.672,-105.3646942,38.96810755,2420.645,366.119,,NAD83(2011) / UTM zone 13N + NAVD88(GEOID18) height,6,6,7,6,0
116,,468040.69,4313308.415,2431.194,,-105.3689145,38.96816392,2417.174,Global,0.01,0.011,0.012,0.015,1.934,m,FIX,RTK,2025-04-01 14:17:53.0 UTC-06:00,2025-04-01 14:17:56.0 UTC-06:00,16,1.4,1.7,468406.275,4313300.688,2434.672,-105.3646942,38.96810755,2420.645,365.948,,NAD83(2011) / UTM zone 13N + NAVD88(GEOID18) height,6,7,7,6,0
117,,468040.551,4313308.69,2432.03,,-105.3689161,38.96816639,2418.011,Global,0.011,0.011,0.01,0.015,1.934,m,FIX,RTK,2025-04-01 14:18:32.4 UTC-06:00,2025-04-01 14:18:35.4 UTC-06:00,16,1.4,1.7,468406.275,4313300.688,2434.672,-105.3646942,38.96810755,2420.645,366.092,,NAD83(2011) / UTM zone 13N + NAVD88(GEOID18) height,6,6,8,7,0
118,,468040.671,4313308.862,2432.156,,-105.3689147,38.96816795,2418.137,Global,0.011,0.01,0.012,0.015,1.934,m,FIX,RTK,2025-04-01 14:18:48.6 UTC-06:00,2025-04-01 14:18:51.6 UTC-06:00,16,1.5,1.8,468406.275,4313300.688,2434.672,-105.3646942,38.96810755,2420.645,365.985,,NAD83(2011) / UTM zone 13N + NAVD88(GEOID18) height,6,7,8,7,0
119,,468040.728,4313309.01,2432.238,,-105.3689141,38.96816928,2418.218,Global,0.01,0.01,0.01,0.014,1.934,m,FIX,RTK,2025-04-01 14:19:01.0 UTC-06:00,2025-04-01 14:19:04.0 UTC-06:00,16,1.4,1.6,468406.275,4313300.688,2434.672,-105.3646942,38.96810755,2420.645,365.92,,NAD83(2011) / UTM zone 13N + NAVD88(GEOID18) height,6,7,8,7,0
120,,468040.817,4313309.181,2432.337,,-105.3689131,38.96817083,2418.318,Global,0.011,0.011,0.01,0.015,1.934,m,FIX,RTK,2025-04-01 14:19:13.6 UTC-06:00,2025-04-01 14:19:16.6 UTC-06:00,16,1.4,1.7,468406.275,4313300.688,2434.672,-105.3646942,38.96810755,2420.645,365.84,,NAD83(2011) / UTM zone 13N + NAVD88(GEOID18) height,6,7,8,7,0
121,,468040.888,4313309.341,2432.407,,-105.3689123,38.96817227,2418.388,Global,0.011,0.011,0.012,0.015,1.934,m,FIX,RTK,2025-04-01 14:19:28.0 UTC-06:00,2025-04-01 14:19:31.0 UTC-06:00,16,1.4,1.7,468406.275,4313300.688,2434.672,-105.3646942,38.96810755,2420.645,365.766,,NAD83(2011) / UTM zone 13N + NAVD88(GEOID18) height,5,7,8,6,0
122,,468040.974,4313309.531,2432.457,,-105.3689113,38.96817398,2418.437,Global,0.01,0.011,0.011,0.015,1.934,m,FIX,RTK,2025-04-01 14:19:42.8 UTC-06:00,2025-04-01 14:19:45.8 UTC-06:00,16,1.4,1.6,468406.275,4313300.688,2434.672,-105.3646942,38.96810755,2420.645,365.692,,NAD83(2011) / UTM zone 13N + NAVD88(GEOID18) height,6,7,8,7,0
123,,468041.026,4313309.706,2432.388,,-105.3689107,38.96817556,2418.369,Global,0.012,0.014,0.016,0.018,1.934,m,FIX,RTK,2025-04-01 14:19:55.0 UTC-06:00,2025-04-01 14:19:58.0 UTC-06:00,16,1.4,1.6,468406.275,4313300.688,2434.672,-105.3646942,38.96810755,2420.645,365.644,,NAD83(2011) / UTM zone 13N + NAVD88(GEOID18) height,6,7,8,7,0
124,,468041.1,4313309.913,2432.205,,-105.3689098,38.96817744,2418.185,Global,0.01,0.01,0.011,0.015,1.934,m,FIX,RTK,2025-04-01 14:20:25.6 UTC-06:00,2025-04-01 14:20:28.6 UTC-06:00,16,1.4,1.7,468406.275,4313300.688,2434.672,-105.3646942,38.96810755,2420.645,365.569,,NAD83(2011) / UTM zone 13N + NAVD88(GEOID18) height,6,6,8,7,0
125,,468041.25,4313310.107,2432.035,,-105.3689081,38.96817919,2418.016,Global,0.01,0.01,0.011,0.015,1.934,m,FIX,RTK,2025-04-01 14:20:45.8 UTC-06:00,2025-04-01 14:20:48.8 UTC-06:00,16,1.5,1.8,468406.275,4313300.688,2434.672,-105.3646942,38.96810755,2420.645,365.424,,NAD83(2011) / UTM zone 13N + NAVD88(GEOID18) height,6,7,8,6,0
126,,468041.304,4313310.229,2432.08,,-105.3689075,38.96818029,2418.06,Global,0.012,0.012,0.016,0.017,1.934,m,FIX,RTK,2025-04-01 14:21:17.8 UTC-06:00,2025-04-01 14:21:20.8 UTC-06:00,16,1.5,1.8,468406.275,4313300.688,2434.672,-105.3646942,38.96810755,2420.645,365.384,,NAD83(2011) / UTM zone 13N + NAVD88(GEOID18) height,6,7,8,6,0
127,,468041.347,4313310.48,2432.195,,-105.368907,38.96818255,2418.176,Global,0.011,0.011,0.011,0.015,1.934,m,FIX,RTK,2025-04-01 14:21:47.4 UTC-06:00,2025-04-01 14:21:50.4 UTC-06:00,16,1.5,1.8,468406.275,4313300.688,2434.672,-105.3646942,38.96810755,2420.645,365.347,,NAD83(2011) / UTM zone 13N + NAVD88(GEOID18) height,6,7,8,6,0
128,,468041.385,4313310.635,2432.261,,-105.3689066,38.96818395,2418.242,Global,0.01,0.011,0.014,0.015,1.934,m,FIX,RTK,2025-04-01 14:22:10.6 UTC-06:00,2025-04-01 14:22:13.6 UTC-06:00,16,1.5,1.8,468406.275,4313300.688,2434.672,-105.3646942,38.96810755,2420.645,365.309,,NAD83(2011) / UTM zone 13N + NAVD88(GEOID18) height,6,7,8,6,0
129,,468041.436,4313310.81,2432.298,,-105.368906,38.96818552,2418.279,Global,0.01,0.011,0.012,0.015,1.934,m,FIX,RTK,2025-04-01 14:22:32.2 UTC-06:00,2025-04-01 14:22:35.2 UTC-06:00,16,1.5,1.8,468406.275,4313300.688,2434.672,-105.3646942,38.96810755,2420.645,365.263,,NAD83(2011) / UTM zone 13N + NAVD88(GEOID18) height,6,7,8,6,0
130,,468041.555,4313311.045,2433.081,,-105.3689046,38.96818765,2419.062,Global,0.011,0.011,0.01,0.015,1.934,m,FIX,RTK,2025-04-01 14:23:24.2 UTC-06:00,2025-04-01 14:23:27.2 UTC-06:00,16,1.5,1.8,468406.275,4313300.688,2434.672,-105.3646942,38.96810755,2420.645,365.138,,NAD83(2011) / UTM zone 13N + NAVD88(GEOID18) height,6,7,8,6,0
131,,468041.594,4313311.24,2433.223,,-105.3689042,38.96818941,2419.203,Global,0.011,0.012,0.013,0.016,1.934,m,FIX,RTK,2025-04-01 14:23:51.6 UTC-06:00,2025-04-01 14:23:54.6 UTC-06:00,16,1.6,1.8,468406.275,4313300.688,2434.672,-105.3646942,38.96810755,2420.645,365.109,,NAD83(2011) / UTM zone 13N + NAVD88(GEOID18) height,6,7,8,6,0
132,,468041.672,4313311.425,2433.208,,-105.3689033,38.96819108,2419.189,Global,0.011,0.01,0.01,0.015,1.934,m,FIX,RTK,2025-04-01 14:24:11.6 UTC-06:00,2025-04-01 14:24:14.6 UTC-06:00,16,1.6,1.8,468406.275,4313300.688,2434.672,-105.3646942,38.96810755,2420.645,365.043,,NAD83(2011) / UTM zone 13N + NAVD88(GEOID18) height,6,7,9,6,0
133,,468041.735,4313311.605,2433.195,,-105.3689026,38.96819271,2419.175,Global,0.01,0.01,0.012,0.014,1.934,m,FIX,RTK,2025-04-01 14:24:25.0 UTC-06:00,2025-04-01 14:24:28.0 UTC-06:00,16,1.6,1.8,468406.275,4313300.688,2434.672,-105.3646942,38.96810755,2420.645,364.986,,NAD83(2011) / UTM zone 13N + NAVD88(GEOID18) height,7,7,9,6,0
134,,468041.806,4313311.777,2433.172,,-105.3689018,38.96819426,2419.152,Global,0.01,0.01,0.01,0.015,1.934,m,FIX,RTK,2025-04-01 14:24:52.0 UTC-06:00,2025-04-01 14:24:55.0 UTC-06:00,16,1.6,1.8,468406.275,4313300.688,2434.672,-105.3646942,38.96810755,2420.645,364.916,,NAD83(2011) / UTM zone 13N + NAVD88(GEOID18) height,6,7,8,6,0
135,,468041.876,4313311.977,2433.091,,-105.368901,38.96819606,2419.072,Global,0.011,0.01,0.011,0.015,1.934,m,FIX,RTK,2025-04-01 14:25:19.8 UTC-06:00,2025-04-01 14:25:22.8 UTC-06:00,16,1.6,1.8,468406.275,4313300.688,2434.672,-105.3646942,38.96810755,2420.645,364.865,,NAD83(2011) / UTM zone 13N + NAVD88(GEOID18) height,6,7,8,6,0
136,,468041.946,4313312.163,2432.954,,-105.3689002,38.96819774,2418.934,Global,0.011,0.012,0.012,0.016,1.934,m,FIX,RTK,2025-04-01 14:25:43.4 UTC-06:00,2025-04-01 14:25:46.4 UTC-06:00,16,1.6,1.9,468406.275,4313300.688,2434.672,-105.3646942,38.96810755,2420.645,364.787,,NAD83(2011) / UTM zone 13N + NAVD88(GEOID18) height,4,7,8,6,0
137,,468042.018,4313312.346,2433.237,,-105.3688994,38.96819939,2419.218,Global,0.011,0.011,0.014,0.015,1.934,m,FIX,RTK,2025-04-01 14:26:09.0 UTC-06:00,2025-04-01 14:26:12.0 UTC-06:00,16,1.9,2.3,468406.275,4313300.688,2434.672,-105.3646942,38.96810755,2420.645,364.724,,NAD83(2011) / UTM zone 13N + NAVD88(GEOID18) height,4,7,8,6,0
138,,468042.065,4313312.538,2433.212,,-105.3688988,38.96820112,2419.193,Global,0.011,0.012,0.012,0.016,1.934,m,FIX,RTK,2025-04-01 14:26:29.0 UTC-06:00,2025-04-01 14:26:32.0 UTC-06:00,16,1.7,2.1,468406.275,4313300.688,2434.672,-105.3646942,38.96810755,2420.645,364.682,,NAD83(2011) / UTM zone 13N + NAVD88(GEOID18) height,5,7,8,6,0
139,,468042.132,4313312.736,2432.62,,-105.3688981,38.9682029,2418.6,Global,0.01,0.01,0.013,0.015,1.934,m,FIX,RTK,2025-04-01 14:26:57.8 UTC-06:00,2025-04-01 14:27:00.8 UTC-06:00,16,1.5,1.8,468406.275,4313300.688,2434.672,-105.3646942,38.96810755,2420.645,364.622,,NAD83(2011) / UTM zone 13N + NAVD88(GEOID18) height,6,7,8,6,0
140,,468042.19,4313312.907,2432.63,,-105.3688974,38.96820445,2418.611,Global,0.012,0.01,0.018,0.016,1.934,m,FIX,RTK,2025-04-01 14:27:11.4 UTC-06:00,2025-04-01 14:27:14.4 UTC-06:00,16,1.9,2.3,468406.275,4313300.688,2434.672,-105.3646942,38.96810755,2420.645,364.581,,NAD83(2011) / UTM zone 13N + NAVD88(GEOID18) height,6,7,8,6,0
141,,468042.239,4313313.074,2432.919,,-105.3688968,38.96820596,2418.899,Global,0.011,0.011,0.016,0.015,1.934,m,FIX,RTK,2025-04-01 14:27:25.2 UTC-06:00,2025-04-01 14:27:28.2 UTC-06:00,16,1.6,1.9,468406.275,4313300.688,2434.672,-105.3646942,38.96810755,2420.645,364.53,,NAD83(2011) / UTM zone 13N + NAVD88(GEOID18) height,5,7,8,6,0
142,,468042.331,4313313.304,2433.073,,-105.3688958,38.96820803,2419.053,Global,0.011,0.013,0.016,0.017,1.934,m,FIX,RTK,2025-04-01 14:27:49.2 UTC-06:00,2025-04-01 14:27:52.2 UTC-06:00,16,1.6,1.9,468406.275,4313300.688,2434.672,-105.3646942,38.96810755,2420.645,364.443,,NAD83(2011) / UTM zone 13N + NAVD88(GEOID18) height,6,7,8,6,0
143,,468042.397,4313313.546,2432.93,,-105.368895,38.96821022,2418.91,Global,0.011,0.01,0.018,0.015,1.934,m,FIX,RTK,2025-04-01 14:28:12.4 UTC-06:00,2025-04-01 14:28:15.4 UTC-06:00,16,1.9,2.3,468406.275,4313300.688,2434.672,-105.3646942,38.96810755,2420.645,364.381,,NAD83(2011) / UTM zone 13N + NAVD88(GEOID18) height,6,7,8,6,0
144,,468042.455,4313313.652,2433.06,,-105.3688944,38.96821118,2419.041,Global,0.012,0.012,0.016,0.017,1.934,m,FIX,RTK,2025-04-01 14:28:57.8 UTC-06:00,2025-04-01 14:29:00.8 UTC-06:00,16,1.9,2.3,468406.275,4313300.688,2434.672,-105.3646942,38.96810755,2420.645,364.336,,NAD83(2011) / UTM zone 13N + NAVD88(GEOID18) height,6,7,8,6,0
145,,468042.274,4313313.711,2433.102,,-105.3688965,38.9682117,2419.082,Global,0.01,0.011,0.014,0.015,1.934,m,FIX,RTK,2025-04-01 14:29:11.0 UTC-06:00,2025-04-01 14:29:14.0 UTC-06:00,16,2,2.4,468406.275,4313300.688,2434.672,-105.3646942,38.96810755,2420.645,364.517,,NAD83(2011) / UTM zone 13N + NAVD88(GEOID18) height,6,7,8,6,0
146,,468042.395,4313313.47,2432.928,,-105.3688951,38.96820953,2418.909,Global,0.011,0.011,0.011,0.015,1.934,m,FIX,RTK,2025-04-01 14:29:26.8 UTC-06:00,2025-04-01 14:29:29.8 UTC-06:00,16,1.9,2.3,468406.275,4313300.688,2434.672,-105.3646942,38.96810755,2420.645,364.377,,NAD83(2011) / UTM zone 13N + NAVD88(GEOID18) height,6,7,8,6,0
147,,468042.64,4313313.627,2433.057,,-105.3688922,38.96821095,2419.037,Global,0.011,0.01,0.016,0.015,1.934,m,FIX,RTK,2025-04-01 14:29:41.6 UTC-06:00,2025-04-01 14:29:44.6 UTC-06:00,16,2,2.5,468406.275,4313300.688,2434.672,-105.3646942,38.96810755,2420.645,364.142,,NAD83(2011) / UTM zone 13N + NAVD88(GEOID18) height,6,7,8,6,0
148,,468042.542,4313313.849,2433.172,,-105.3688934,38.96821295,2419.152,Global,0.011,0.012,0.013,0.016,1.934,m,FIX,RTK,2025-04-01 14:30:01.8 UTC-06:00,2025-04-01 14:30:04.8 UTC-06:00,16,1.6,1.9,468406.275,4313300.688,2434.672,-105.3646942,38.96810755,2420.645,364.244,,NAD83(2011) / UTM zone 13N + NAVD88(GEOID18) height,6,7,8,6,0
149,,468042.469,4313313.679,2432.974,,-105.3688942,38.96821142,2418.954,Global,0.01,0.012,0.014,0.016,1.934,m,FIX,RTK,2025-04-01 14:30:17.8 UTC-06:00,2025-04-01 14:30:20.8 UTC-06:00,16,1.9,2.3,468406.275,4313300.688,2434.672,-105.3646942,38.96810755,2420.645,364.316,,NAD83(2011) / UTM zone 13N + NAVD88(GEOID18) height,6,7,8,6,0
150,,468042.453,4313313.65,2433.061,,-105.3688944,38.96821116,2419.041,Global,0.01,0.011,0.014,0.015,1.934,m,FIX,RTK,2025-04-01 14:30:35.0 UTC-06:00,2025-04-01 14:30:38.0 UTC-06:00,16,1.9,2.3,468406.275,4313300.688,2434.672,-105.3646942,38.96810755,2420.645,364.334,,NAD83(2011) / UTM zone 13N + NAVD88(GEOID18) height,6,7,8,6,0
151,,468042.457,4313313.652,2433.054,,-105.3688943,38.96821118,2419.034,Global,0.012,0.011,0.015,0.016,1.934,m,FIX,RTK,2025-04-01 14:31:29.0 UTC-06:00,2025-04-01 14:31:59.0 UTC-06:00,151,2,2.5,468406.275,4313300.688,2434.672,-105.3646942,38.96810755,2420.645,364.324,,NAD83(2011) / UTM zone 13N + NAVD88(GEOID18) height,5,7,8,6,0
1,,468129.723,4313277.952,2429.585,,-105.3678854,38.96789265,2415.563,Global,0.011,0.011,0.011,0.015,1.934,m,FIX,2025-04-01 09:53:02.6 UTC-06:00,2025-04-01 09:53:32.6 UTC-06:00,151,1.2,1.4,468406.275,4313300.688,2434.672,-105.3646942,38.96810755,2420.645,277.714,,NAD83(2011) / UTM zone 13N + NAVD88(GEOID18) height,9,7,7,4,0,
2,,468129.723,4313277.949,2429.579,,-105.3678854,38.96789263,2415.557,Global,0.01,0.01,0.01,0.014,1.934,m,FIX,2025-04-01 09:53:47.0 UTC-06:00,2025-04-01 09:53:50.0 UTC-06:00,16,1.2,1.4,468406.275,4313300.688,2434.672,-105.3646942,38.96810755,2420.645,277.719,,NAD83(2011) / UTM zone 13N + NAVD88(GEOID18) height,9,6,7,4,0,
3,,468129.523,4313277.946,2429.543,,-105.3678877,38.9678926,2415.521,Global,0.011,0.01,0.01,0.015,1.934,m,FIX,2025-04-01 09:54:05.8 UTC-06:00,2025-04-01 09:54:08.8 UTC-06:00,16,1.2,1.4,468406.275,4313300.688,2434.672,-105.3646942,38.96810755,2420.645,277.911,,NAD83(2011) / UTM zone 13N + NAVD88(GEOID18) height,9,7,7,4,0,
4,,468129.777,4313278.181,2429.435,,-105.3678848,38.96789472,2415.413,Global,0.01,0.01,0.011,0.015,1.934,m,FIX,2025-04-01 09:54:19.2 UTC-06:00,2025-04-01 09:54:22.2 UTC-06:00,16,1.2,1.4,468406.275,4313300.688,2434.672,-105.3646942,38.96810755,2420.645,277.647,,NAD83(2011) / UTM zone 13N + NAVD88(GEOID18) height,9,7,7,4,0,
5,,468129.942,4313277.921,2429.525,,-105.3678828,38.96789238,2415.503,Global,0.011,0.011,0.011,0.015,1.934,m,FIX,2025-04-01 09:54:33.0 UTC-06:00,2025-04-01 09:54:36.0 UTC-06:00,16,1.2,1.4,468406.275,4313300.688,2434.672,-105.3646942,38.96810755,2420.645,277.497,,NAD83(2011) / UTM zone 13N + NAVD88(GEOID18) height,9,6,7,4,0,
6,,468129.714,4313277.702,2429.593,,-105.3678855,38.9678904,2415.571,Global,0.011,0.011,0.01,0.016,1.934,m,FIX,2025-04-01 09:54:46.0 UTC-06:00,2025-04-01 09:54:49.0 UTC-06:00,16,1.2,1.5,468406.275,4313300.688,2434.672,-105.3646942,38.96810755,2420.645,277.74,,NAD83(2011) / UTM zone 13N + NAVD88(GEOID18) height,9,7,7,4,0,
7,,468129.709,4313277.923,2429.544,,-105.3678855,38.96789239,2415.522,Global,0.011,0.011,0.013,0.015,1.934,m,FIX,2025-04-01 09:55:03.2 UTC-06:00,2025-04-01 09:55:06.2 UTC-06:00,16,1.2,1.5,468406.275,4313300.688,2434.672,-105.3646942,38.96810755,2420.645,277.731,,NAD83(2011) / UTM zone 13N + NAVD88(GEOID18) height,9,7,7,4,0,
8,,468129.722,4313277.952,2429.585,,-105.3678854,38.96789265,2415.563,Global,0.011,0.011,0.01,0.016,1.934,m,FIX,2025-04-01 09:55:15.2 UTC-06:00,2025-04-01 09:55:18.2 UTC-06:00,16,1.2,1.5,468406.275,4313300.688,2434.672,-105.3646942,38.96810755,2420.645,277.714,,NAD83(2011) / UTM zone 13N + NAVD88(GEOID18) height,9,7,7,4,0,
9,,468129.707,4313277.82,2429.578,,-105.3678855,38.96789147,2415.556,Global,0.01,0.011,0.01,0.015,1.934,m,FIX,2025-04-01 09:55:40.8 UTC-06:00,2025-04-01 09:55:43.8 UTC-06:00,16,1.2,1.5,468406.275,4313300.688,2434.672,-105.3646942,38.96810755,2420.645,277.747,,NAD83(2011) / UTM zone 13N + NAVD88(GEOID18) height,9,7,7,3,0,
10,,468129.641,4313277.36,2429.641,,-105.3678863,38.96788731,2415.619,Global,0.01,0.011,0.011,0.015,1.934,m,FIX,2025-04-01 09:55:51.8 UTC-06:00,2025-04-01 09:55:54.8 UTC-06:00,16,1.2,1.5,468406.275,4313300.688,2434.672,-105.3646942,38.96810755,2420.645,277.846,,NAD83(2011) / UTM zone 13N + NAVD88(GEOID18) height,9,6,7,3,0,
11,,468129.572,4313276.86,2429.699,,-105.3678871,38.9678828,2415.677,Global,0.01,0.011,0.01,0.015,1.934,m,FIX,2025-04-01 09:56:06.6 UTC-06:00,2025-04-01 09:56:09.6 UTC-06:00,16,1.2,1.4,468406.275,4313300.688,2434.672,-105.3646942,38.96810755,2420.645,277.954,,NAD83(2011) / UTM zone 13N + NAVD88(GEOID18) height,9,6,7,4,0,
12,,468129.524,4313276.363,2429.766,,-105.3678876,38.96787832,2415.744,Global,0.01,0.011,0.01,0.015,1.934,m,FIX,2025-04-01 09:56:21.8 UTC-06:00,2025-04-01 09:56:24.8 UTC-06:00,16,1.2,1.4,468406.275,4313300.688,2434.672,-105.3646942,38.96810755,2420.645,278.049,,NAD83(2011) / UTM zone 13N + NAVD88(GEOID18) height,9,6,7,4,0,
13,,468129.46,4313275.88,2429.817,,-105.3678883,38.96787397,2415.795,Global,0.01,0.01,0.011,0.015,1.934,m,FIX,2025-04-01 09:56:36.2 UTC-06:00,2025-04-01 09:56:39.2 UTC-06:00,16,1.2,1.4,468406.275,4313300.688,2434.672,-105.3646942,38.96810755,2420.645,278.153,,NAD83(2011) / UTM zone 13N + NAVD88(GEOID18) height,9,6,7,4,0,
14,,468129.407,4313275.363,2429.879,,-105.3678889,38.96786931,2415.857,Global,0.011,0.01,0.01,0.015,1.934,m,FIX,2025-04-01 09:56:56.8 UTC-06:00,2025-04-01 09:56:59.8 UTC-06:00,16,1.2,1.4,468406.275,4313300.688,2434.672,-105.3646942,38.96810755,2420.645,278.25,,NAD83(2011) / UTM zone 13N + NAVD88(GEOID18) height,9,6,7,4,0,
15,,468129.369,4313274.874,2429.958,,-105.3678893,38.96786491,2415.936,Global,0.01,0.01,0.01,0.014,1.934,m,FIX,2025-04-01 09:57:22.0 UTC-06:00,2025-04-01 09:57:25.0 UTC-06:00,16,1.2,1.4,468406.275,4313300.688,2434.672,-105.3646942,38.96810755,2420.645,278.335,,NAD83(2011) / UTM zone 13N + NAVD88(GEOID18) height,9,6,7,4,0,
16,,468129.307,4313274.377,2430.015,,-105.36789,38.96786042,2415.993,Global,0.01,0.01,0.011,0.015,1.934,m,FIX,2025-04-01 09:57:40.4 UTC-06:00,2025-04-01 09:57:43.4 UTC-06:00,16,1.2,1.4,468406.275,4313300.688,2434.672,-105.3646942,38.96810755,2420.645,278.438,,NAD83(2011) / UTM zone 13N + NAVD88(GEOID18) height,9,6,7,4,0,
17,,468129.256,4313273.895,2430.083,,-105.3678906,38.96785607,2416.062,Global,0.01,0.011,0.01,0.015,1.934,m,FIX,2025-04-01 09:57:58.6 UTC-06:00,2025-04-01 09:58:01.6 UTC-06:00,16,1.2,1.4,468406.275,4313300.688,2434.672,-105.3646942,38.96810755,2420.645,278.541,,NAD83(2011) / UTM zone 13N + NAVD88(GEOID18) height,9,6,7,4,0,
18,,468129.214,4313273.405,2430.127,,-105.367891,38.96785166,2416.105,Global,0.01,0.011,0.011,0.015,1.934,m,FIX,2025-04-01 09:58:16.8 UTC-06:00,2025-04-01 09:58:19.8 UTC-06:00,16,1.2,1.4,468406.275,4313300.688,2434.672,-105.3646942,38.96810755,2420.645,278.627,,NAD83(2011) / UTM zone 13N + NAVD88(GEOID18) height,9,6,7,4,0,
19,,468129.152,4313272.904,2430.184,,-105.3678917,38.96784714,2416.162,Global,0.01,0.01,0.01,0.015,1.934,m,FIX,2025-04-01 09:58:33.0 UTC-06:00,2025-04-01 09:58:36.0 UTC-06:00,16,1.2,1.4,468406.275,4313300.688,2434.672,-105.3646942,38.96810755,2420.645,278.738,,NAD83(2011) / UTM zone 13N + NAVD88(GEOID18) height,9,6,7,4,0,
20,,468129.1,4313272.41,2430.19,,-105.3678923,38.96784269,2416.168,Global,0.01,0.011,0.011,0.015,1.934,m,FIX,2025-04-01 09:59:16.8 UTC-06:00,2025-04-01 09:59:19.8 UTC-06:00,16,1.2,1.4,468406.275,4313300.688,2434.672,-105.3646942,38.96810755,2420.645,278.839,,NAD83(2011) / UTM zone 13N + NAVD88(GEOID18) height,9,6,7,4,0,
21,,468129.043,4313271.897,2430.212,,-105.3678929,38.96783807,2416.19,Global,0.01,0.01,0.01,0.014,1.934,m,FIX,2025-04-01 09:59:45.8 UTC-06:00,2025-04-01 09:59:48.8 UTC-06:00,16,1.2,1.4,468406.275,4313300.688,2434.672,-105.3646942,38.96810755,2420.645,278.947,,NAD83(2011) / UTM zone 13N + NAVD88(GEOID18) height,9,6,7,4,0,
22,,468129.006,4313271.418,2430.27,,-105.3678933,38.96783375,2416.248,Global,0.01,0.01,0.01,0.015,1.934,m,FIX,2025-04-01 10:00:00.6 UTC-06:00,2025-04-01 10:00:03.6 UTC-06:00,16,1.3,1.5,468406.275,4313300.688,2434.672,-105.3646942,38.96810755,2420.645,279.037,,NAD83(2011) / UTM zone 13N + NAVD88(GEOID18) height,9,6,7,4,0,
23,,468128.937,4313270.934,2430.279,,-105.3678941,38.96782938,2416.258,Global,0.01,0.011,0.01,0.015,1.934,m,FIX,2025-04-01 10:00:13.6 UTC-06:00,2025-04-01 10:00:16.6 UTC-06:00,16,1.3,1.5,468406.275,4313300.688,2434.672,-105.3646942,38.96810755,2420.645,279.153,,NAD83(2011) / UTM zone 13N + NAVD88(GEOID18) height,9,6,7,4,0,
24,,468128.903,4313270.442,2430.343,,-105.3678945,38.96782495,2416.321,Global,0.012,0.012,0.012,0.017,1.934,m,FIX,2025-04-01 10:00:26.0 UTC-06:00,2025-04-01 10:00:29.0 UTC-06:00,16,1.3,1.5,468406.275,4313300.688,2434.672,-105.3646942,38.96810755,2420.645,279.233,,NAD83(2011) / UTM zone 13N + NAVD88(GEOID18) height,9,6,7,3,0,
25,,468128.852,4313269.968,2430.393,,-105.3678951,38.96782068,2416.371,Global,0.01,0.01,0.011,0.014,1.934,m,FIX,2025-04-01 10:00:38.0 UTC-06:00,2025-04-01 10:00:41.0 UTC-06:00,16,1.2,1.4,468406.275,4313300.688,2434.672,-105.3646942,38.96810755,2420.645,279.342,,NAD83(2011) / UTM zone 13N + NAVD88(GEOID18) height,9,6,7,4,0,
26,,468128.778,4313269.463,2430.455,,-105.3678959,38.96781612,2416.433,Global,0.01,0.01,0.011,0.014,1.934,m,FIX,2025-04-01 10:00:52.8 UTC-06:00,2025-04-01 10:00:55.8 UTC-06:00,16,1.2,1.4,468406.275,4313300.688,2434.672,-105.3646942,38.96810755,2420.645,279.472,,NAD83(2011) / UTM zone 13N + NAVD88(GEOID18) height,9,6,7,3,0,
27,,468128.719,4313269.002,2430.524,,-105.3678965,38.96781196,2416.502,Global,0.01,0.01,0.01,0.015,1.934,m,FIX,2025-04-01 10:01:05.6 UTC-06:00,2025-04-01 10:01:08.6 UTC-06:00,16,1.2,1.4,468406.275,4313300.688,2434.672,-105.3646942,38.96810755,2420.645,279.581,,NAD83(2011) / UTM zone 13N + NAVD88(GEOID18) height,9,6,7,3,0,
28,,468128.651,4313268.513,2430.639,,-105.3678973,38.96780755,2416.617,Global,0.01,0.011,0.01,0.015,1.934,m,FIX,2025-04-01 10:01:19.0 UTC-06:00,2025-04-01 10:01:22.0 UTC-06:00,16,1.2,1.4,468406.275,4313300.688,2434.672,-105.3646942,38.96810755,2420.645,279.705,,NAD83(2011) / UTM zone 13N + NAVD88(GEOID18) height,9,6,8,4,0,
29,,468128.614,4313268.008,2430.721,,-105.3678977,38.967803,2416.699,Global,0.011,0.01,0.011,0.015,1.934,m,FIX,2025-04-01 10:01:47.8 UTC-06:00,2025-04-01 10:01:50.8 UTC-06:00,16,1.3,1.5,468406.275,4313300.688,2434.672,-105.3646942,38.96810755,2420.645,279.804,,NAD83(2011) / UTM zone 13N + NAVD88(GEOID18) height,9,6,8,4,0,
30,,468128.557,4313267.513,2430.814,,-105.3678983,38.96779854,2416.792,Global,0.01,0.01,0.01,0.015,1.934,m,FIX,2025-04-01 10:01:59.4 UTC-06:00,2025-04-01 10:02:02.4 UTC-06:00,16,1.2,1.4,468406.275,4313300.688,2434.672,-105.3646942,38.96810755,2420.645,279.909,,NAD83(2011) / UTM zone 13N + NAVD88(GEOID18) height,9,6,8,4,0,
31,,468128.489,4313267.05,2430.837,,-105.3678991,38.96779437,2416.815,Global,0.011,0.01,0.013,0.015,1.934,m,FIX,2025-04-01 10:02:11.0 UTC-06:00,2025-04-01 10:02:14.0 UTC-06:00,16,1.2,1.4,468406.275,4313300.688,2434.672,-105.3646942,38.96810755,2420.645,280.035,,NAD83(2011) / UTM zone 13N + NAVD88(GEOID18) height,9,6,8,3,0,
32,,468128.427,4313266.579,2431.045,,-105.3678998,38.96779013,2417.023,Global,0.01,0.01,0.015,0.015,1.934,m,FIX,2025-04-01 10:02:22.4 UTC-06:00,2025-04-01 10:02:25.4 UTC-06:00,16,1.3,1.5,468406.275,4313300.688,2434.672,-105.3646942,38.96810755,2420.645,280.155,,NAD83(2011) / UTM zone 13N + NAVD88(GEOID18) height,9,6,8,3,0,
33,,468128.388,4313266.099,2431.2,,-105.3679002,38.96778579,2417.178,Global,0.01,0.01,0.016,0.014,1.934,m,FIX,2025-04-01 10:02:35.2 UTC-06:00,2025-04-01 10:02:38.2 UTC-06:00,16,1.3,1.5,468406.275,4313300.688,2434.672,-105.3646942,38.96810755,2420.645,280.252,,NAD83(2011) / UTM zone 13N + NAVD88(GEOID18) height,9,6,8,3,0,
34,,468128.329,4313265.612,2431.331,,-105.3679009,38.96778141,2417.309,Global,0.01,0.01,0.015,0.014,1.934,m,FIX,2025-04-01 10:02:51.6 UTC-06:00,2025-04-01 10:02:54.6 UTC-06:00,16,1.2,1.4,468406.275,4313300.688,2434.672,-105.3646942,38.96810755,2420.645,280.372,,NAD83(2011) / UTM zone 13N + NAVD88(GEOID18) height,9,6,7,4,0,
35,,468128.266,4313265.109,2431.466,,-105.3679016,38.96777687,2417.444,Global,0.01,0.01,0.015,0.014,1.934,m,FIX,2025-04-01 10:03:08.8 UTC-06:00,2025-04-01 10:03:11.8 UTC-06:00,16,1.2,1.4,468406.275,4313300.688,2434.672,-105.3646942,38.96810755,2420.645,280.496,,NAD83(2011) / UTM zone 13N + NAVD88(GEOID18) height,9,6,7,4,0,
36,,468128.214,4313264.638,2431.606,,-105.3679022,38.96777263,2417.584,Global,0.011,0.01,0.014,0.015,1.934,m,FIX,2025-04-01 10:03:23.0 UTC-06:00,2025-04-01 10:03:26.0 UTC-06:00,16,1.4,1.7,468406.275,4313300.688,2434.672,-105.3646942,38.96810755,2420.645,280.603,,NAD83(2011) / UTM zone 13N + NAVD88(GEOID18) height,9,6,7,3,0,
37,,468128.145,4313264.139,2431.769,,-105.3679029,38.96776812,2417.747,Global,0.011,0.01,0.012,0.015,1.934,m,FIX,2025-04-01 10:03:45.6 UTC-06:00,2025-04-01 10:03:48.6 UTC-06:00,16,1.4,1.7,468406.275,4313300.688,2434.672,-105.3646942,38.96810755,2420.645,280.735,,NAD83(2011) / UTM zone 13N + NAVD88(GEOID18) height,9,6,8,4,0,
38,,468128.097,4313263.652,2431.891,,-105.3679035,38.96776374,2417.869,Global,0.01,0.01,0.011,0.015,1.934,m,FIX,2025-04-01 10:04:04.0 UTC-06:00,2025-04-01 10:04:07.0 UTC-06:00,16,1.5,1.8,468406.275,4313300.688,2434.672,-105.3646942,38.96810755,2420.645,280.845,,NAD83(2011) / UTM zone 13N + NAVD88(GEOID18) height,9,5,8,4,0,
39,,468128.051,4313263.187,2432.023,,-105.367904,38.96775954,2418.001,Global,0.01,0.01,0.014,0.014,1.934,m,FIX,2025-04-01 10:04:17.6 UTC-06:00,2025-04-01 10:04:20.6 UTC-06:00,16,1.3,1.6,468406.275,4313300.688,2434.672,-105.3646942,38.96810755,2420.645,280.957,,NAD83(2011) / UTM zone 13N + NAVD88(GEOID18) height,9,5,8,4,0,
40,,468128.003,4313262.712,2432.098,,-105.3679045,38.96775526,2418.076,Global,0.01,0.01,0.015,0.015,1.934,m,FIX,2025-04-01 10:04:33.4 UTC-06:00,2025-04-01 10:04:36.4 UTC-06:00,16,1.5,1.8,468406.275,4313300.688,2434.672,-105.3646942,38.96810755,2420.645,281.067,,NAD83(2011) / UTM zone 13N + NAVD88(GEOID18) height,9,5,8,4,0,
41,,468127.936,4313262.23,2432.206,,-105.3679053,38.96775092,2418.184,Global,0.01,0.01,0.015,0.015,1.934,m,FIX,2025-04-01 10:04:49.4 UTC-06:00,2025-04-01 10:04:52.4 UTC-06:00,16,1.3,1.6,468406.275,4313300.688,2434.672,-105.3646942,38.96810755,2420.645,281.199,,NAD83(2011) / UTM zone 13N + NAVD88(GEOID18) height,9,6,8,4,0,
42,,468127.905,4313261.734,2432.256,,-105.3679056,38.96774645,2418.234,Global,0.01,0.012,0.018,0.015,1.934,m,FIX,2025-04-01 10:05:05.4 UTC-06:00,2025-04-01 10:05:08.4 UTC-06:00,16,1.3,1.6,468406.275,4313300.688,2434.672,-105.3646942,38.96810755,2420.645,281.295,,NAD83(2011) / UTM zone 13N + NAVD88(GEOID18) height,9,6,8,4,0,
43,,468129.765,4313278.292,2429.417,,-105.3678849,38.96789572,2415.396,Global,0.011,0.01,0.01,0.015,1.934,m,FIX,2025-04-01 10:06:05.0 UTC-06:00,2025-04-01 10:06:08.0 UTC-06:00,16,1.4,1.7,468406.275,4313300.688,2434.672,-105.3646942,38.96810755,2420.645,277.641,,NAD83(2011) / UTM zone 13N + NAVD88(GEOID18) height,8,6,7,4,0,
44,,468129.805,4313278.491,2429.387,,-105.3678844,38.96789751,2415.365,Global,0.01,0.01,0.012,0.014,1.934,m,FIX,2025-04-01 10:06:27.4 UTC-06:00,2025-04-01 10:06:30.4 UTC-06:00,16,1.4,1.7,468406.275,4313300.688,2434.672,-105.3646942,38.96810755,2420.645,277.596,,NAD83(2011) / UTM zone 13N + NAVD88(GEOID18) height,8,6,7,4,0,
45,,468129.746,4313278.098,2429.464,,-105.3678851,38.96789397,2415.442,Global,0.01,0.01,0.011,0.014,1.934,m,FIX,2025-04-01 10:06:42.6 UTC-06:00,2025-04-01 10:06:45.6 UTC-06:00,16,1.4,1.7,468406.275,4313300.688,2434.672,-105.3646942,38.96810755,2420.645,277.682,,NAD83(2011) / UTM zone 13N + NAVD88(GEOID18) height,8,6,7,4,0,
46,,468129.823,4313278.68,2429.335,,-105.3678843,38.96789922,2415.313,Global,0.011,0.011,0.012,0.015,1.934,m,FIX,2025-04-01 10:07:10.2 UTC-06:00,2025-04-01 10:07:13.2 UTC-06:00,16,1.4,1.7,468406.275,4313300.688,2434.672,-105.3646942,38.96810755,2420.645,277.561,,NAD83(2011) / UTM zone 13N + NAVD88(GEOID18) height,8,6,7,3,0,
47,,468129.847,4313278.871,2429.248,,-105.367884,38.96790094,2415.226,Global,0.01,0.011,0.011,0.015,1.934,m,FIX,2025-04-01 10:07:29.8 UTC-06:00,2025-04-01 10:07:32.8 UTC-06:00,16,1.6,1.9,468406.275,4313300.688,2434.672,-105.3646942,38.96810755,2420.645,277.523,,NAD83(2011) / UTM zone 13N + NAVD88(GEOID18) height,8,6,9,4,0,
48,,468129.866,4313279.053,2429.177,,-105.3678838,38.96790258,2415.156,Global,0.011,0.01,0.011,0.015,1.934,m,FIX,2025-04-01 10:07:50.6 UTC-06:00,2025-04-01 10:07:53.6 UTC-06:00,16,1.4,1.7,468406.275,4313300.688,2434.672,-105.3646942,38.96810755,2420.645,277.494,,NAD83(2011) / UTM zone 13N + NAVD88(GEOID18) height,8,5,8,4,0,
49,,468129.872,4313279.271,2429.147,,-105.3678837,38.96790455,2415.125,Global,0.01,0.01,0.01,0.014,1.934,m,FIX,2025-04-01 10:08:17.4 UTC-06:00,2025-04-01 10:08:18.0 UTC-06:00,4,1.4,1.7,468406.275,4313300.688,2434.672,-105.3646942,38.96810755,2420.645,277.466,,NAD83(2011) / UTM zone 13N + NAVD88(GEOID18) height,8,5,8,4,0,
50,,468129.894,4313279.502,2428.925,,-105.3678835,38.96790663,2414.903,Global,0.01,0.011,0.011,0.015,1.934,m,FIX,2025-04-01 10:08:38.4 UTC-06:00,2025-04-01 10:08:41.4 UTC-06:00,16,1.6,1.9,468406.275,4313300.688,2434.672,-105.3646942,38.96810755,2420.645,277.429,,NAD83(2011) / UTM zone 13N + NAVD88(GEOID18) height,8,6,8,3,0,
51,,468129.934,4313279.707,2428.832,,-105.367883,38.96790848,2414.81,Global,0.01,0.011,0.011,0.015,1.934,m,FIX,2025-04-01 10:09:02.6 UTC-06:00,2025-04-01 10:09:05.6 UTC-06:00,16,1.6,1.9,468406.275,4313300.688,2434.672,-105.3646942,38.96810755,2420.645,277.374,,NAD83(2011) / UTM zone 13N + NAVD88(GEOID18) height,9,6,9,4,0,
52,,468129.959,4313279.91,2428.634,,-105.3678827,38.96791031,2414.612,Global,0.01,0.011,0.012,0.015,1.934,m,FIX,2025-04-01 10:09:16.8 UTC-06:00,2025-04-01 10:09:19.8 UTC-06:00,16,1.4,1.7,468406.275,4313300.688,2434.672,-105.3646942,38.96810755,2420.645,277.341,,NAD83(2011) / UTM zone 13N + NAVD88(GEOID18) height,9,6,9,4,0,
53,,468129.981,4313280.058,2428.505,,-105.3678825,38.96791164,2414.483,Global,0.01,0.011,0.012,0.015,1.934,m,FIX,2025-04-01 10:09:39.0 UTC-06:00,2025-04-01 10:09:42.0 UTC-06:00,16,1.4,1.7,468406.275,4313300.688,2434.672,-105.3646942,38.96810755,2420.645,277.307,,NAD83(2011) / UTM zone 13N + NAVD88(GEOID18) height,8,5,9,3,0,
54,,468129.977,4313280.268,2428.305,,-105.3678825,38.96791353,2414.284,Global,0.01,0.011,0.01,0.015,1.934,m,FIX,2025-04-01 10:10:15.6 UTC-06:00,2025-04-01 10:10:18.6 UTC-06:00,16,1.6,1.9,468406.275,4313300.688,2434.672,-105.3646942,38.96810755,2420.645,277.301,,NAD83(2011) / UTM zone 13N + NAVD88(GEOID18) height,7,6,9,3,0,
55,,468130.015,4313280.403,2428.259,,-105.3678821,38.96791475,2414.237,Global,0.01,0.011,0.01,0.015,1.934,m,FIX,2025-04-01 10:10:42.0 UTC-06:00,2025-04-01 10:10:45.0 UTC-06:00,16,1.6,1.9,468406.275,4313300.688,2434.672,-105.3646942,38.96810755,2420.645,277.247,,NAD83(2011) / UTM zone 13N + NAVD88(GEOID18) height,8,5,8,4,0,
56,,468130.071,4313280.62,2428.162,,-105.3678815,38.96791671,2414.14,Global,0.01,0.011,0.012,0.015,1.934,m,FIX,2025-04-01 10:10:59.0 UTC-06:00,2025-04-01 10:11:02.0 UTC-06:00,16,1.6,1.9,468406.275,4313300.688,2434.672,-105.3646942,38.96810755,2420.645,277.184,,NAD83(2011) / UTM zone 13N + NAVD88(GEOID18) height,8,6,8,4,0,
57,,468129.985,4313280.854,2427.798,,-105.3678825,38.96791881,2413.776,Global,0.01,0.01,0.011,0.014,1.934,m,FIX,2025-04-01 10:11:26.4 UTC-06:00,2025-04-01 10:11:29.4 UTC-06:00,16,1.5,1.8,468406.275,4313300.688,2434.672,-105.3646942,38.96810755,2420.645,277.259,,NAD83(2011) / UTM zone 13N + NAVD88(GEOID18) height,9,5,8,4,0,
58,,468130.101,4313281.057,2427.745,,-105.3678812,38.96792064,2413.723,Global,0.01,0.012,0.012,0.016,1.934,m,FIX,2025-04-01 10:11:41.0 UTC-06:00,2025-04-01 10:11:44.0 UTC-06:00,16,1.5,1.8,468406.275,4313300.688,2434.672,-105.3646942,38.96810755,2420.645,277.131,,NAD83(2011) / UTM zone 13N + NAVD88(GEOID18) height,9,5,8,4,0,
59,,468130.108,4313281.251,2427.696,,-105.3678811,38.9679224,2413.674,Global,0.01,0.011,0.012,0.015,1.934,m,FIX,2025-04-01 10:11:54.2 UTC-06:00,2025-04-01 10:11:57.2 UTC-06:00,16,1.5,1.8,468406.275,4313300.688,2434.672,-105.3646942,38.96810755,2420.645,277.103,,NAD83(2011) / UTM zone 13N + NAVD88(GEOID18) height,8,5,8,4,0,
60,,468130.127,4313281.401,2427.816,,-105.3678809,38.96792374,2413.794,Global,0.01,0.011,0.011,0.015,1.934,m,FIX,2025-04-01 10:12:33.8 UTC-06:00,2025-04-01 10:12:36.8 UTC-06:00,16,1.5,1.8,468406.275,4313300.688,2434.672,-105.3646942,38.96810755,2420.645,277.079,,NAD83(2011) / UTM zone 13N + NAVD88(GEOID18) height,8,5,8,4,0,
61,,468130.092,4313281.662,2427.586,,-105.3678813,38.9679261,2413.564,Global,0.01,0.011,0.011,0.015,1.934,m,FIX,2025-04-01 10:12:47.0 UTC-06:00,2025-04-01 10:12:50.0 UTC-06:00,16,1.5,1.8,468406.275,4313300.688,2434.672,-105.3646942,38.96810755,2420.645,277.1,,NAD83(2011) / UTM zone 13N + NAVD88(GEOID18) height,8,5,8,4,0,
62,,468130.125,4313281.875,2427.58,,-105.3678809,38.96792802,2413.558,Global,0.01,0.01,0.01,0.014,1.934,m,FIX,2025-04-01 10:12:57.8 UTC-06:00,2025-04-01 10:13:00.8 UTC-06:00,16,1.5,1.8,468406.275,4313300.688,2434.672,-105.3646942,38.96810755,2420.645,277.049,,NAD83(2011) / UTM zone 13N + NAVD88(GEOID18) height,8,5,8,4,0,
63,,468130.206,4313281.999,2427.609,,-105.36788,38.96792914,2413.587,Global,0.011,0.011,0.011,0.016,1.934,m,FIX,2025-04-01 10:13:10.4 UTC-06:00,2025-04-01 10:13:13.4 UTC-06:00,16,1.5,1.8,468406.275,4313300.688,2434.672,-105.3646942,38.96810755,2420.645,276.956,,NAD83(2011) / UTM zone 13N + NAVD88(GEOID18) height,8,5,8,4,0,
64,,468130.168,4313282.24,2427.636,,-105.3678804,38.96793131,2413.614,Global,0.01,0.011,0.012,0.015,1.934,m,FIX,2025-04-01 10:13:23.6 UTC-06:00,2025-04-01 10:13:26.6 UTC-06:00,16,1.5,1.8,468406.275,4313300.688,2434.672,-105.3646942,38.96810755,2420.645,276.982,,NAD83(2011) / UTM zone 13N + NAVD88(GEOID18) height,8,5,8,4,0,
65,,468130.163,4313282.515,2427.701,,-105.3678805,38.96793378,2413.679,Global,0.01,0.01,0.011,0.014,1.934,m,FIX,2025-04-01 10:13:35.2 UTC-06:00,2025-04-01 10:13:38.2 UTC-06:00,16,1.5,1.8,468406.275,4313300.688,2434.672,-105.3646942,38.96810755,2420.645,276.963,,NAD83(2011) / UTM zone 13N + NAVD88(GEOID18) height,7,5,8,4,0,
66,,468130.248,4313282.643,2427.742,,-105.3678795,38.96793495,2413.721,Global,0.01,0.011,0.012,0.015,1.934,m,FIX,2025-04-01 10:13:49.0 UTC-06:00,2025-04-01 10:13:52.0 UTC-06:00,16,1.5,1.8,468406.275,4313300.688,2434.672,-105.3646942,38.96810755,2420.645,276.872,,NAD83(2011) / UTM zone 13N + NAVD88(GEOID18) height,8,5,8,4,0,
67,,468130.273,4313282.842,2427.793,,-105.3678792,38.96793674,2413.771,Global,0.01,0.01,0.011,0.015,1.934,m,FIX,2025-04-01 10:14:07.0 UTC-06:00,2025-04-01 10:14:10.0 UTC-06:00,16,1.5,1.8,468406.275,4313300.688,2434.672,-105.3646942,38.96810755,2420.645,276.835,,NAD83(2011) / UTM zone 13N + NAVD88(GEOID18) height,8,5,8,4,0,
68,,468130.363,4313283.009,2427.764,,-105.3678782,38.96793825,2413.742,Global,0.011,0.01,0.01,0.015,1.934,m,FIX,2025-04-01 10:14:21.0 UTC-06:00,2025-04-01 10:14:24.0 UTC-06:00,16,1.5,1.8,468406.275,4313300.688,2434.672,-105.3646942,38.96810755,2420.645,276.727,,NAD83(2011) / UTM zone 13N + NAVD88(GEOID18) height,8,6,8,4,0,
69,,468130.397,4313283.227,2427.78,,-105.3678778,38.96794022,2413.758,Global,0.011,0.01,0.01,0.015,1.934,m,FIX,2025-04-01 10:14:34.4 UTC-06:00,2025-04-01 10:14:37.4 UTC-06:00,16,1.5,1.8,468406.275,4313300.688,2434.672,-105.3646942,38.96810755,2420.645,276.687,,NAD83(2011) / UTM zone 13N + NAVD88(GEOID18) height,8,6,8,3,0,
70,,468130.453,4313283.442,2427.807,,-105.3678772,38.96794215,2413.785,Global,0.01,0.01,0.011,0.015,1.934,m,FIX,2025-04-01 10:14:52.4 UTC-06:00,2025-04-01 10:14:55.4 UTC-06:00,16,1.5,1.8,468406.275,4313300.688,2434.672,-105.3646942,38.96810755,2420.645,276.619,,NAD83(2011) / UTM zone 13N + NAVD88(GEOID18) height,8,5,8,3,0,
71,,468130.453,4313283.624,2427.828,,-105.3678772,38.96794379,2413.806,Global,0.01,0.011,0.01,0.015,1.934,m,FIX,2025-04-01 10:15:07.8 UTC-06:00,2025-04-01 10:15:10.8 UTC-06:00,16,1.5,1.8,468406.275,4313300.688,2434.672,-105.3646942,38.96810755,2420.645,276.605,,NAD83(2011) / UTM zone 13N + NAVD88(GEOID18) height,8,5,8,3,0,
72,,468130.499,4313283.811,2427.818,,-105.3678767,38.96794548,2413.796,Global,0.011,0.011,0.01,0.015,1.934,m,FIX,2025-04-01 10:15:30.8 UTC-06:00,2025-04-01 10:15:33.8 UTC-06:00,16,1.5,1.8,468406.275,4313300.688,2434.672,-105.3646942,38.96810755,2420.645,276.542,,NAD83(2011) / UTM zone 13N + NAVD88(GEOID18) height,9,5,8,3,0,
73,,468130.472,4313284.046,2427.843,,-105.367877,38.96794759,2413.821,Global,0.01,0.01,0.01,0.014,1.934,m,FIX,2025-04-01 10:15:41.0 UTC-06:00,2025-04-01 10:15:44.0 UTC-06:00,16,1.5,1.8,468406.275,4313300.688,2434.672,-105.3646942,38.96810755,2420.645,276.562,,NAD83(2011) / UTM zone 13N + NAVD88(GEOID18) height,9,5,8,3,0,
74,,468130.511,4313284.231,2427.852,,-105.3678766,38.96794926,2413.831,Global,0.01,0.011,0.011,0.015,1.934,m,FIX,2025-04-01 10:15:55.0 UTC-06:00,2025-04-01 10:15:58.0 UTC-06:00,16,1.5,1.7,468406.275,4313300.688,2434.672,-105.3646942,38.96810755,2420.645,276.508,,NAD83(2011) / UTM zone 13N + NAVD88(GEOID18) height,8,5,8,3,0,
75,,468130.533,4313284.401,2427.893,,-105.3678763,38.9679508,2413.871,Global,0.01,0.011,0.01,0.015,1.934,m,FIX,2025-04-01 10:16:08.8 UTC-06:00,2025-04-01 10:16:11.8 UTC-06:00,16,1.5,1.7,468406.275,4313300.688,2434.672,-105.3646942,38.96810755,2420.645,276.473,,NAD83(2011) / UTM zone 13N + NAVD88(GEOID18) height,8,6,8,3,0,
76,,468130.559,4313284.617,2427.925,,-105.367876,38.96795274,2413.904,Global,0.011,0.011,0.012,0.015,1.934,m,FIX,2025-04-01 10:16:22.8 UTC-06:00,2025-04-01 10:16:25.8 UTC-06:00,16,1.4,1.7,468406.275,4313300.688,2434.672,-105.3646942,38.96810755,2420.645,276.438,,NAD83(2011) / UTM zone 13N + NAVD88(GEOID18) height,8,5,8,3,0,
77,,468130.593,4313284.867,2427.989,,-105.3678757,38.967955,2413.967,Global,0.01,0.011,0.011,0.015,1.934,m,FIX,2025-04-01 10:16:51.4 UTC-06:00,2025-04-01 10:16:54.4 UTC-06:00,16,1.4,1.7,468406.275,4313300.688,2434.672,-105.3646942,38.96810755,2420.645,276.389,,NAD83(2011) / UTM zone 13N + NAVD88(GEOID18) height,8,5,8,3,0,
78,,468130.635,4313285.068,2427.996,,-105.3678752,38.96795681,2413.974,Global,0.01,0.011,0.01,0.015,1.934,m,FIX,2025-04-01 10:17:09.6 UTC-06:00,2025-04-01 10:17:12.6 UTC-06:00,16,1.4,1.7,468406.275,4313300.688,2434.672,-105.3646942,38.96810755,2420.645,276.329,,NAD83(2011) / UTM zone 13N + NAVD88(GEOID18) height,8,5,8,3,0,
79,,468130.654,4313285.219,2428.076,,-105.367875,38.96795817,2414.054,Global,0.01,0.01,0.01,0.015,1.934,m,FIX,2025-04-01 10:17:26.6 UTC-06:00,2025-04-01 10:17:29.6 UTC-06:00,16,1.4,1.7,468406.275,4313300.688,2434.672,-105.3646942,38.96810755,2420.645,276.299,,NAD83(2011) / UTM zone 13N + NAVD88(GEOID18) height,7,5,8,3,0,
80,,468130.636,4313285.455,2428.12,,-105.3678752,38.96796029,2414.098,Global,0.01,0.011,0.011,0.015,1.934,m,FIX,2025-04-01 10:17:38.0 UTC-06:00,2025-04-01 10:17:41.0 UTC-06:00,16,1.4,1.7,468406.275,4313300.688,2434.672,-105.3646942,38.96810755,2420.645,276.306,,NAD83(2011) / UTM zone 13N + NAVD88(GEOID18) height,7,5,8,3,0,
81,,468130.679,4313285.65,2428.186,,-105.3678747,38.96796206,2414.165,Global,0.01,0.011,0.01,0.015,1.934,m,FIX,2025-04-01 10:17:56.6 UTC-06:00,2025-04-01 10:17:59.6 UTC-06:00,16,1.4,1.7,468406.275,4313300.688,2434.672,-105.3646942,38.96810755,2420.645,276.258,,NAD83(2011) / UTM zone 13N + NAVD88(GEOID18) height,7,5,8,3,0,
82,,468130.681,4313285.821,2428.211,,-105.3678747,38.96796359,2414.189,Global,0.011,0.01,0.011,0.015,1.934,m,FIX,2025-04-01 10:18:07.0 UTC-06:00,2025-04-01 10:18:10.0 UTC-06:00,16,1.4,1.7,468406.275,4313300.688,2434.672,-105.3646942,38.96810755,2420.645,276.238,,NAD83(2011) / UTM zone 13N + NAVD88(GEOID18) height,8,5,8,3,0,
83,,468130.683,4313286.003,2428.21,,-105.3678747,38.96796524,2414.188,Global,0.01,0.01,0.01,0.014,1.934,m,FIX,2025-04-01 10:18:21.0 UTC-06:00,2025-04-01 10:18:24.0 UTC-06:00,16,1.4,1.7,468406.275,4313300.688,2434.672,-105.3646942,38.96810755,2420.645,276.234,,NAD83(2011) / UTM zone 13N + NAVD88(GEOID18) height,8,5,8,3,0,
84,,468130.718,4313286.219,2428.211,,-105.3678743,38.96796718,2414.189,Global,0.01,0.01,0.011,0.015,1.934,m,FIX,2025-04-01 10:18:30.0 UTC-06:00,2025-04-01 10:18:33.0 UTC-06:00,16,1.4,1.7,468406.275,4313300.688,2434.672,-105.3646942,38.96810755,2420.645,276.182,,NAD83(2011) / UTM zone 13N + NAVD88(GEOID18) height,8,6,8,3,0,
85,,468130.758,4313286.441,2428.216,,-105.3678738,38.96796919,2414.194,Global,0.01,0.01,0.01,0.015,1.934,m,FIX,2025-04-01 10:18:41.6 UTC-06:00,2025-04-01 10:18:44.6 UTC-06:00,16,1.4,1.7,468406.275,4313300.688,2434.672,-105.3646942,38.96810755,2420.645,276.13,,NAD83(2011) / UTM zone 13N + NAVD88(GEOID18) height,8,6,8,3,0,
86,,468130.792,4313286.592,2428.199,,-105.3678734,38.96797055,2414.177,Global,0.01,0.01,0.01,0.015,1.934,m,FIX,2025-04-01 10:18:56.4 UTC-06:00,2025-04-01 10:18:59.4 UTC-06:00,16,1.4,1.7,468406.275,4313300.688,2434.672,-105.3646942,38.96810755,2420.645,276.093,,NAD83(2011) / UTM zone 13N + NAVD88(GEOID18) height,9,5,8,3,0,
87,,468130.827,4313286.913,2427.395,,-105.367873,38.96797345,2413.373,Global,0.011,0.011,0.011,0.015,1.934,m,FIX,2025-04-01 10:20:10.6 UTC-06:00,2025-04-01 10:20:13.6 UTC-06:00,16,1.5,1.7,468406.275,4313300.688,2434.672,-105.3646942,38.96810755,2420.645,276.052,,NAD83(2011) / UTM zone 13N + NAVD88(GEOID18) height,8,5,8,3,0,
88,,468130.824,4313287.055,2427.417,,-105.3678731,38.96797472,2413.395,Global,0.01,0.01,0.012,0.015,1.934,m,FIX,2025-04-01 10:20:19.8 UTC-06:00,2025-04-01 10:20:22.8 UTC-06:00,16,1.5,1.7,468406.275,4313300.688,2434.672,-105.3646942,38.96810755,2420.645,276.049,,NAD83(2011) / UTM zone 13N + NAVD88(GEOID18) height,8,5,8,3,0,
89,,468130.856,4313287.24,2427.454,,-105.3678727,38.96797639,2413.432,Global,0.011,0.011,0.01,0.016,1.934,m,FIX,2025-04-01 10:20:33.8 UTC-06:00,2025-04-01 10:20:36.8 UTC-06:00,16,1.5,1.7,468406.275,4313300.688,2434.672,-105.3646942,38.96810755,2420.645,276.013,,NAD83(2011) / UTM zone 13N + NAVD88(GEOID18) height,8,7,8,3,0,
90,,468130.928,4313287.411,2427.539,,-105.3678719,38.96797794,2413.517,Global,0.011,0.012,0.01,0.016,1.934,m,FIX,2025-04-01 10:20:48.8 UTC-06:00,2025-04-01 10:20:51.8 UTC-06:00,16,1.4,1.7,468406.275,4313300.688,2434.672,-105.3646942,38.96810755,2420.645,275.929,,NAD83(2011) / UTM zone 13N + NAVD88(GEOID18) height,8,7,8,3,0,
91,,468130.923,4313287.647,2427.5,,-105.367872,38.96798006,2413.478,Global,0.012,0.011,0.01,0.016,1.934,m,FIX,2025-04-01 10:21:09.8 UTC-06:00,2025-04-01 10:21:12.8 UTC-06:00,16,1.4,1.7,468406.275,4313300.688,2434.672,-105.3646942,38.96810755,2420.645,275.918,,NAD83(2011) / UTM zone 13N + NAVD88(GEOID18) height,10,5,8,3,0,
92,,468130.938,4313287.806,2427.521,,-105.3678718,38.96798149,2413.5,Global,0.01,0.011,0.011,0.015,1.934,m,FIX,2025-04-01 10:21:23.8 UTC-06:00,2025-04-01 10:21:26.8 UTC-06:00,16,1.4,1.7,468406.275,4313300.688,2434.672,-105.3646942,38.96810755,2420.645,275.896,,NAD83(2011) / UTM zone 13N + NAVD88(GEOID18) height,10,5,8,3,0,
93,,468131.016,4313288.004,2427.514,,-105.3678709,38.96798328,2413.492,Global,0.011,0.011,0.011,0.015,1.934,m,FIX,2025-04-01 10:21:48.4 UTC-06:00,2025-04-01 10:21:51.4 UTC-06:00,16,1.4,1.7,468406.275,4313300.688,2434.672,-105.3646942,38.96810755,2420.645,275.811,,NAD83(2011) / UTM zone 13N + NAVD88(GEOID18) height,9,6,8,3,0,
94,,468131.073,4313288.176,2427.553,,-105.3678703,38.96798483,2413.532,Global,0.011,0.01,0.011,0.015,1.934,m,FIX,2025-04-01 10:21:59.6 UTC-06:00,2025-04-01 10:22:02.6 UTC-06:00,16,1.4,1.7,468406.275,4313300.688,2434.672,-105.3646942,38.96810755,2420.645,275.741,,NAD83(2011) / UTM zone 13N + NAVD88(GEOID18) height,9,7,8,3,0,
95,,468131.054,4313288.416,2427.676,,-105.3678705,38.967987,2413.654,Global,0.011,0.011,0.011,0.015,1.934,m,FIX,2025-04-01 10:22:23.2 UTC-06:00,2025-04-01 10:22:26.2 UTC-06:00,16,1.4,1.7,468406.275,4313300.688,2434.672,-105.3646942,38.96810755,2420.645,275.75,,NAD83(2011) / UTM zone 13N + NAVD88(GEOID18) height,8,4,8,3,0,
96,,468130.957,4313288.607,2428.203,,-105.3678716,38.96798871,2414.181,Global,0.011,0.01,0.011,0.015,1.934,m,FIX,2025-04-01 10:23:52.6 UTC-06:00,2025-04-01 10:23:55.6 UTC-06:00,16,1.4,1.7,468406.275,4313300.688,2434.672,-105.3646942,38.96810755,2420.645,275.842,,NAD83(2011) / UTM zone 13N + NAVD88(GEOID18) height,9,5,9,3,0,
97,,468131.039,4313288.881,2428.311,,-105.3678707,38.96799119,2414.289,Global,0.01,0.011,0.01,0.015,1.934,m,FIX,2025-04-01 10:24:07.6 UTC-06:00,2025-04-01 10:24:10.6 UTC-06:00,16,1.4,1.7,468406.275,4313300.688,2434.672,-105.3646942,38.96810755,2420.645,275.733,,NAD83(2011) / UTM zone 13N + NAVD88(GEOID18) height,8,5,9,3,0,
98,,468131.075,4313289.021,2428.322,,-105.3678703,38.96799245,2414.3,Global,0.011,0.01,0.01,0.015,1.934,m,FIX,2025-04-01 10:24:55.8 UTC-06:00,2025-04-01 10:24:58.8 UTC-06:00,16,1.4,1.7,468406.275,4313300.688,2434.672,-105.3646942,38.96810755,2420.645,275.688,,NAD83(2011) / UTM zone 13N + NAVD88(GEOID18) height,8,4,9,3,0,
99,,468131.081,4313289.239,2428.281,,-105.3678702,38.96799441,2414.259,Global,0.01,0.01,0.011,0.015,1.934,m,FIX,2025-04-01 10:25:10.0 UTC-06:00,2025-04-01 10:25:13.0 UTC-06:00,16,1.4,1.7,468406.275,4313300.688,2434.672,-105.3646942,38.96810755,2420.645,275.681,,NAD83(2011) / UTM zone 13N + NAVD88(GEOID18) height,9,5,9,3,0,
100,,468131.07,4313289.414,2428.238,,-105.3678704,38.96799599,2414.216,Global,0.01,0.011,0.011,0.015,1.934,m,FIX,2025-04-01 10:25:28.8 UTC-06:00,2025-04-01 10:25:31.8 UTC-06:00,16,1.4,1.7,468406.275,4313300.688,2434.672,-105.3646942,38.96810755,2420.645,275.684,,NAD83(2011) / UTM zone 13N + NAVD88(GEOID18) height,9,6,9,3,0,
101,,468131.106,4313289.633,2428.21,,-105.3678699,38.96799797,2414.189,Global,0.01,0.011,0.012,0.015,1.934,m,FIX,2025-04-01 10:25:49.0 UTC-06:00,2025-04-01 10:25:52.0 UTC-06:00,16,1.4,1.7,468406.275,4313300.688,2434.672,-105.3646942,38.96810755,2420.645,275.636,,NAD83(2011) / UTM zone 13N + NAVD88(GEOID18) height,9,5,9,3,0,
102,,468131.215,4313289.819,2428.262,,-105.3678687,38.96799965,2414.241,Global,0.012,0.014,0.011,0.018,1.934,m,FIX,2025-04-01 10:26:12.6 UTC-06:00,2025-04-01 10:26:15.6 UTC-06:00,16,1.4,1.7,468406.275,4313300.688,2434.672,-105.3646942,38.96810755,2420.645,275.516,,NAD83(2011) / UTM zone 13N + NAVD88(GEOID18) height,8,5,9,3,0,
103,,468131.261,4313290.019,2428.217,,-105.3678682,38.96800145,2414.195,Global,0.012,0.011,0.011,0.016,1.934,m,FIX,2025-04-01 10:26:44.8 UTC-06:00,2025-04-01 10:26:47.8 UTC-06:00,16,1.4,1.7,468406.275,4313300.688,2434.672,-105.3646942,38.96810755,2420.645,275.466,,NAD83(2011) / UTM zone 13N + NAVD88(GEOID18) height,8,5,9,3,0,
104,,468131.314,4313290.214,2427.56,,-105.3678676,38.96800321,2413.538,Global,0.011,0.01,0.011,0.015,1.934,m,FIX,2025-04-01 10:27:19.6 UTC-06:00,2025-04-01 10:27:22.6 UTC-06:00,16,1.4,1.7,468406.275,4313300.688,2434.672,-105.3646942,38.96810755,2420.645,275.418,,NAD83(2011) / UTM zone 13N + NAVD88(GEOID18) height,8,6,9,3,0,
105,,468131.293,4313290.381,2427.604,,-105.3678678,38.96800471,2413.582,Global,0.011,0.012,0.011,0.016,1.934,m,FIX,2025-04-01 10:27:30.8 UTC-06:00,2025-04-01 10:27:33.8 UTC-06:00,16,1.4,1.7,468406.275,4313300.688,2434.672,-105.3646942,38.96810755,2420.645,275.429,,NAD83(2011) / UTM zone 13N + NAVD88(GEOID18) height,9,6,9,3,0,
106,,468131.284,4313290.626,2427.503,,-105.3678679,38.96800692,2413.481,Global,0.011,0.012,0.011,0.017,1.934,m,FIX,2025-04-01 10:27:41.8 UTC-06:00,2025-04-01 10:27:44.8 UTC-06:00,16,1.4,1.7,468406.275,4313300.688,2434.672,-105.3646942,38.96810755,2420.645,275.426,,NAD83(2011) / UTM zone 13N + NAVD88(GEOID18) height,9,6,9,3,0,
107,,468131.308,4313290.814,2427.511,,-105.3678677,38.96800861,2413.489,Global,0.012,0.011,0.01,0.016,1.934,m,FIX,2025-04-01 10:27:55.0 UTC-06:00,2025-04-01 10:27:58.0 UTC-06:00,16,1.4,1.7,468406.275,4313300.688,2434.672,-105.3646942,38.96810755,2420.645,275.393,,NAD83(2011) / UTM zone 13N + NAVD88(GEOID18) height,9,6,9,3,0,
108,,468131.294,4313290.973,2427.554,,-105.3678678,38.96801005,2413.532,Global,0.011,0.01,0.011,0.015,1.934,m,FIX,2025-04-01 10:28:07.0 UTC-06:00,2025-04-01 10:28:10.0 UTC-06:00,16,1.4,1.7,468406.275,4313300.688,2434.672,-105.3646942,38.96810755,2420.645,275.41,,NAD83(2011) / UTM zone 13N + NAVD88(GEOID18) height,8,5,8,3,0,
109,,468131.337,4313291.194,2427.56,,-105.3678674,38.96801204,2413.539,Global,0.011,0.011,0.012,0.015,1.934,m,FIX,2025-04-01 10:28:17.8 UTC-06:00,2025-04-01 10:28:20.8 UTC-06:00,16,1.4,1.7,468406.275,4313300.688,2434.672,-105.3646942,38.96810755,2420.645,275.357,,NAD83(2011) / UTM zone 13N + NAVD88(GEOID18) height,9,5,8,3,0,
110,,468131.385,4313291.368,2427.513,,-105.3678668,38.96801361,2413.491,Global,0.01,0.01,0.01,0.015,1.934,m,FIX,2025-04-01 10:28:40.2 UTC-06:00,2025-04-01 10:28:43.2 UTC-06:00,16,1.4,1.6,468406.275,4313300.688,2434.672,-105.3646942,38.96810755,2420.645,275.306,,NAD83(2011) / UTM zone 13N + NAVD88(GEOID18) height,8,6,9,3,0,
111,,468131.42,4313291.551,2427.536,,-105.3678664,38.96801526,2413.514,Global,0.011,0.011,0.011,0.016,1.934,m,FIX,2025-04-01 10:28:49.6 UTC-06:00,2025-04-01 10:28:52.6 UTC-06:00,16,1.4,1.7,468406.275,4313300.688,2434.672,-105.3646942,38.96810755,2420.645,275.259,,NAD83(2011) / UTM zone 13N + NAVD88(GEOID18) height,8,5,9,3,0,
112,,468131.467,4313291.797,2427.551,,-105.3678659,38.96801748,2413.529,Global,0.01,0.011,0.01,0.015,1.934,m,FIX,2025-04-01 10:29:08.4 UTC-06:00,2025-04-01 10:29:11.4 UTC-06:00,16,1.4,1.7,468406.275,4313300.688,2434.672,-105.3646942,38.96810755,2420.645,275.205,,NAD83(2011) / UTM zone 13N + NAVD88(GEOID18) height,8,5,9,3,0,
113,,468131.538,4313291.982,2427.575,,-105.3678651,38.96801915,2413.553,Global,0.011,0.011,0.012,0.015,1.934,m,FIX,2025-04-01 10:29:20.0 UTC-06:00,2025-04-01 10:29:23.0 UTC-06:00,16,1.4,1.7,468406.275,4313300.688,2434.672,-105.3646942,38.96810755,2420.645,275.133,,NAD83(2011) / UTM zone 13N + NAVD88(GEOID18) height,8,5,9,3,0,
114,,468131.514,4313292.184,2427.669,,-105.3678654,38.96802096,2413.647,Global,0.011,0.011,0.011,0.015,1.934,m,FIX,2025-04-01 10:29:31.0 UTC-06:00,2025-04-01 10:29:34.0 UTC-06:00,16,1.4,1.7,468406.275,4313300.688,2434.672,-105.3646942,38.96810755,2420.645,275.15,,NAD83(2011) / UTM zone 13N + NAVD88(GEOID18) height,7,6,8,3,0,
115,,468131.513,4313292.37,2427.764,,-105.3678654,38.96802264,2413.742,Global,0.01,0.011,0.011,0.015,1.934,m,FIX,2025-04-01 10:29:49.0 UTC-06:00,2025-04-01 10:29:52.0 UTC-06:00,16,1.4,1.7,468406.275,4313300.688,2434.672,-105.3646942,38.96810755,2420.645,275.144,,NAD83(2011) / UTM zone 13N + NAVD88(GEOID18) height,7,6,8,3,0,
116,,468131.486,4313292.604,2427.699,,-105.3678657,38.96802475,2413.678,Global,0.011,0.011,0.011,0.015,1.934,m,FIX,2025-04-01 10:30:02.2 UTC-06:00,2025-04-01 10:30:05.2 UTC-06:00,16,1.4,1.7,468406.275,4313300.688,2434.672,-105.3646942,38.96810755,2420.645,275.162,,NAD83(2011) / UTM zone 13N + NAVD88(GEOID18) height,7,5,8,3,0,
117,,468131.633,4313292.76,2427.66,,-105.367864,38.96802616,2413.638,Global,0.011,0.01,0.01,0.015,1.934,m,FIX,2025-04-01 10:30:21.0 UTC-06:00,2025-04-01 10:30:24.0 UTC-06:00,16,1.4,1.7,468406.275,4313300.688,2434.672,-105.3646942,38.96810755,2420.645,275.015,,NAD83(2011) / UTM zone 13N + NAVD88(GEOID18) height,7,6,8,3,0,
118,,468131.601,4313292.97,2427.629,,-105.3678644,38.96802805,2413.607,Global,0.011,0.01,0.01,0.015,1.934,m,FIX,2025-04-01 10:30:33.4 UTC-06:00,2025-04-01 10:30:36.4 UTC-06:00,16,1.4,1.7,468406.275,4313300.688,2434.672,-105.3646942,38.96810755,2420.645,275.047,,NAD83(2011) / UTM zone 13N + NAVD88(GEOID18) height,7,6,9,3,0,
119,,468131.608,4313293.167,2427.666,,-105.3678643,38.96802983,2413.644,Global,0.01,0.011,0.01,0.015,1.934,m,FIX,2025-04-01 10:30:55.6 UTC-06:00,2025-04-01 10:30:58.6 UTC-06:00,16,1.4,1.7,468406.275,4313300.688,2434.672,-105.3646942,38.96810755,2420.645,275.024,,NAD83(2011) / UTM zone 13N + NAVD88(GEOID18) height,7,5,9,3,0,
120,,468131.571,4313293.406,2427.6,,-105.3678648,38.96803198,2413.578,Global,0.013,0.01,0.011,0.016,1.934,m,FIX,2025-04-01 10:31:07.4 UTC-06:00,2025-04-01 10:31:10.4 UTC-06:00,16,1.4,1.7,468406.275,4313300.688,2434.672,-105.3646942,38.96810755,2420.645,275.064,,NAD83(2011) / UTM zone 13N + NAVD88(GEOID18) height,8,6,9,3,0,
121,,468131.553,4313293.584,2427.614,,-105.367865,38.96803359,2413.592,Global,0.01,0.011,0.011,0.015,1.934,m,FIX,2025-04-01 10:31:19.0 UTC-06:00,2025-04-01 10:31:22.0 UTC-06:00,16,1.4,1.7,468406.275,4313300.688,2434.672,-105.3646942,38.96810755,2420.645,275.071,,NAD83(2011) / UTM zone 13N + NAVD88(GEOID18) height,9,6,9,3,0,
122,,468131.576,4313293.793,2427.617,,-105.3678647,38.96803547,2413.595,Global,0.01,0.01,0.011,0.014,1.934,m,FIX,2025-04-01 10:31:32.6 UTC-06:00,2025-04-01 10:31:35.6 UTC-06:00,16,1.4,1.7,468406.275,4313300.688,2434.672,-105.3646942,38.96810755,2420.645,275.047,,NAD83(2011) / UTM zone 13N + NAVD88(GEOID18) height,7,6,9,3,0,
123,,468131.557,4313293.955,2427.65,,-105.3678649,38.96803693,2413.628,Global,0.011,0.01,0.011,0.015,1.934,m,FIX,2025-04-01 10:31:43.8 UTC-06:00,2025-04-01 10:31:46.8 UTC-06:00,16,1.4,1.7,468406.275,4313300.688,2434.672,-105.3646942,38.96810755,2420.645,275.063,,NAD83(2011) / UTM zone 13N + NAVD88(GEOID18) height,8,5,9,3,0,
124,,468131.624,4313294.223,2427.72,,-105.3678642,38.96803934,2413.698,Global,0.01,0.01,0.01,0.015,1.934,m,FIX,2025-04-01 10:31:53.8 UTC-06:00,2025-04-01 10:31:56.8 UTC-06:00,16,1.4,1.7,468406.275,4313300.688,2434.672,-105.3646942,38.96810755,2420.645,274.981,,NAD83(2011) / UTM zone 13N + NAVD88(GEOID18) height,8,6,9,3,0,
125,,468131.63,4313294.389,2427.759,,-105.3678641,38.96804084,2413.737,Global,0.011,0.01,0.01,0.015,1.934,m,FIX,2025-04-01 10:32:05.2 UTC-06:00,2025-04-01 10:32:08.2 UTC-06:00,16,1.4,1.7,468406.275,4313300.688,2434.672,-105.3646942,38.96810755,2420.645,274.976,,NAD83(2011) / UTM zone 13N + NAVD88(GEOID18) height,8,5,8,3,0,
126,,468131.816,4313294.578,2428.589,,-105.367862,38.96804255,2414.567,Global,0.012,0.011,0.01,0.017,1.934,m,FIX,2025-04-01 10:33:02.6 UTC-06:00,2025-04-01 10:33:05.6 UTC-06:00,16,1.4,1.6,468406.275,4313300.688,2434.672,-105.3646942,38.96810755,2420.645,274.764,,NAD83(2011) / UTM zone 13N + NAVD88(GEOID18) height,8,5,8,3,0,
127,,468131.854,4313294.74,2428.711,,-105.3678615,38.96804402,2414.689,Global,0.011,0.01,0.011,0.015,1.934,m,FIX,2025-04-01 10:33:22.4 UTC-06:00,2025-04-01 10:33:25.4 UTC-06:00,16,1.4,1.6,468406.275,4313300.688,2434.672,-105.3646942,38.96810755,2420.645,274.726,,NAD83(2011) / UTM zone 13N + NAVD88(GEOID18) height,8,5,8,3,0,
128,,468131.855,4313294.969,2428.455,,-105.3678616,38.96804607,2414.433,Global,0.011,0.016,0.013,0.019,1.934,m,FIX,2025-04-01 10:33:40.8 UTC-06:00,2025-04-01 10:33:43.8 UTC-06:00,16,1.4,1.6,468406.275,4313300.688,2434.672,-105.3646942,38.96810755,2420.645,274.723,,NAD83(2011) / UTM zone 13N + NAVD88(GEOID18) height,7,6,8,3,0,
129,,468131.83,4313295.158,2428.207,,-105.3678618,38.96804777,2414.185,Global,0.01,0.011,0.011,0.015,1.934,m,FIX,2025-04-01 10:33:58.0 UTC-06:00,2025-04-01 10:34:01.0 UTC-06:00,16,1.4,1.6,468406.275,4313300.688,2434.672,-105.3646942,38.96810755,2420.645,274.75,,NAD83(2011) / UTM zone 13N + NAVD88(GEOID18) height,8,6,8,3,0,
130,,468131.814,4313295.326,2428.282,,-105.367862,38.96804929,2414.26,Global,0.01,0.011,0.01,0.015,1.934,m,FIX,2025-04-01 10:34:23.6 UTC-06:00,2025-04-01 10:34:26.6 UTC-06:00,16,1.4,1.6,468406.275,4313300.688,2434.672,-105.3646942,38.96810755,2420.645,274.759,,NAD83(2011) / UTM zone 13N + NAVD88(GEOID18) height,7,6,8,3,0,
131,,468131.848,4313295.515,2428.442,,-105.3678617,38.96805099,2414.42,Global,0.01,0.011,0.011,0.015,1.934,m,FIX,2025-04-01 10:34:36.4 UTC-06:00,2025-04-01 10:34:39.4 UTC-06:00,16,1.4,1.6,468406.275,4313300.688,2434.672,-105.3646942,38.96810755,2420.645,274.721,,NAD83(2011) / UTM zone 13N + NAVD88(GEOID18) height,8,6,8,3,0,
132,,468131.885,4313295.753,2428.547,,-105.3678612,38.96805314,2414.525,Global,0.011,0.01,0.011,0.015,1.934,m,FIX,2025-04-01 10:34:50.2 UTC-06:00,2025-04-01 10:34:53.2 UTC-06:00,16,1.4,1.6,468406.275,4313300.688,2434.672,-105.3646942,38.96810755,2420.645,274.672,,NAD83(2011) / UTM zone 13N + NAVD88(GEOID18) height,8,6,8,3,0,
133,,468131.965,4313295.915,2428.678,,-105.3678603,38.9680546,2414.657,Global,0.01,0.011,0.01,0.015,1.934,m,FIX,2025-04-01 10:35:06.2 UTC-06:00,2025-04-01 10:35:09.2 UTC-06:00,16,1.4,1.6,468406.275,4313300.688,2434.672,-105.3646942,38.96810755,2420.645,274.59,,NAD83(2011) / UTM zone 13N + NAVD88(GEOID18) height,8,6,8,3,0,
134,,468132.001,4313296.11,2428.941,,-105.3678599,38.96805636,2414.919,Global,0.01,0.011,0.01,0.015,1.934,m,FIX,2025-04-01 10:35:30.0 UTC-06:00,2025-04-01 10:35:33.0 UTC-06:00,16,1.4,1.6,468406.275,4313300.688,2434.672,-105.3646942,38.96810755,2420.645,274.546,,NAD83(2011) / UTM zone 13N + NAVD88(GEOID18) height,7,5,8,3,0,
135,,468131.917,4313296.163,2429.228,,-105.3678609,38.96805683,2415.206,Global,0.011,0.011,0.01,0.016,1.934,m,FIX,2025-04-01 10:35:57.6 UTC-06:00,2025-04-01 10:36:00.6 UTC-06:00,16,1.4,1.6,468406.275,4313300.688,2434.672,-105.3646942,38.96810755,2420.645,274.633,,NAD83(2011) / UTM zone 13N + NAVD88(GEOID18) height,8,6,8,3,0,
136,,468131.955,4313296.328,2429.248,,-105.3678605,38.96805833,2415.227,Global,0.01,0.011,0.011,0.015,1.934,m,FIX,2025-04-01 10:36:12.4 UTC-06:00,2025-04-01 10:36:15.4 UTC-06:00,16,1.4,1.6,468406.275,4313300.688,2434.672,-105.3646942,38.96810755,2420.645,274.589,,NAD83(2011) / UTM zone 13N + NAVD88(GEOID18) height,9,6,8,3,0,
137,,468131.963,4313296.513,2429.293,,-105.3678604,38.96805999,2415.271,Global,0.011,0.011,0.011,0.015,1.934,m,FIX,2025-04-01 10:36:25.8 UTC-06:00,2025-04-01 10:36:28.8 UTC-06:00,16,1.4,1.6,468406.275,4313300.688,2434.672,-105.3646942,38.96810755,2420.645,274.575,,NAD83(2011) / UTM zone 13N + NAVD88(GEOID18) height,8,6,8,3,0,
138,,468131.979,4313296.711,2429.375,,-105.3678602,38.96806177,2415.353,Global,0.011,0.01,0.013,0.015,1.934,m,FIX,2025-04-01 10:37:38.0 UTC-06:00,2025-04-01 10:37:41.0 UTC-06:00,16,1.4,1.7,468406.275,4313300.688,2434.672,-105.3646942,38.96810755,2420.645,274.551,,NAD83(2011) / UTM zone 13N + NAVD88(GEOID18) height,8,6,8,4,0,
139,,468131.999,4313296.967,2429.435,,-105.36786,38.96806409,2415.413,Global,0.01,0.01,0.01,0.014,1.934,m,FIX,2025-04-01 10:37:56.0 UTC-06:00,2025-04-01 10:37:59.0 UTC-06:00,16,1.4,1.7,468406.275,4313300.688,2434.672,-105.3646942,38.96810755,2420.645,274.529,,NAD83(2011) / UTM zone 13N + NAVD88(GEOID18) height,8,6,8,4,0,
140,,468132.045,4313297.231,2429.527,,-105.3678595,38.96806647,2415.505,Global,0.011,0.011,0.014,0.016,1.934,m,FIX,2025-04-01 10:38:09.4 UTC-06:00,2025-04-01 10:38:12.4 UTC-06:00,16,1.6,1.9,468406.275,4313300.688,2434.672,-105.3646942,38.96810755,2420.645,274.487,,NAD83(2011) / UTM zone 13N + NAVD88(GEOID18) height,8,6,8,3,0,
141,,468132.063,4313297.415,2429.57,,-105.3678593,38.96806813,2415.548,Global,0.01,0.01,0.011,0.015,1.934,m,FIX,2025-04-01 10:38:36.0 UTC-06:00,2025-04-01 10:38:39.0 UTC-06:00,16,1.6,1.9,468406.275,4313300.688,2434.672,-105.3646942,38.96810755,2420.645,274.457,,NAD83(2011) / UTM zone 13N + NAVD88(GEOID18) height,8,6,8,4,0,
142,,468132.087,4313297.588,2429.675,,-105.367859,38.96806969,2415.653,Global,0.011,0.01,0.012,0.015,1.934,m,FIX,2025-04-01 10:38:51.4 UTC-06:00,2025-04-01 10:38:54.4 UTC-06:00,16,1.6,1.9,468406.275,4313300.688,2434.672,-105.3646942,38.96810755,2420.645,274.429,,NAD83(2011) / UTM zone 13N + NAVD88(GEOID18) height,8,6,8,4,0,
143,,468132.11,4313297.765,2429.706,,-105.3678587,38.96807128,2415.684,Global,0.011,0.012,0.014,0.016,1.934,m,FIX,2025-04-01 10:39:03.8 UTC-06:00,2025-04-01 10:39:06.8 UTC-06:00,16,1.6,1.9,468406.275,4313300.688,2434.672,-105.3646942,38.96810755,2420.645,274.412,,NAD83(2011) / UTM zone 13N + NAVD88(GEOID18) height,8,6,8,4,0,
144,,468132.127,4313297.959,2429.762,,-105.3678586,38.96807303,2415.74,Global,0.01,0.01,0.012,0.015,1.934,m,FIX,2025-04-01 10:39:17.2 UTC-06:00,2025-04-01 10:39:20.2 UTC-06:00,16,1.6,1.9,468406.275,4313300.688,2434.672,-105.3646942,38.96810755,2420.645,274.387,,NAD83(2011) / UTM zone 13N + NAVD88(GEOID18) height,8,6,9,4,0,
145,,468132.152,4313298.154,2429.797,,-105.3678583,38.96807479,2415.775,Global,0.011,0.01,0.012,0.015,1.934,m,FIX,2025-04-01 10:39:35.6 UTC-06:00,2025-04-01 10:39:38.6 UTC-06:00,16,1.6,1.9,468406.275,4313300.688,2434.672,-105.3646942,38.96810755,2420.645,274.362,,NAD83(2011) / UTM zone 13N + NAVD88(GEOID18) height,8,5,8,4,0,
146,,468132.179,4313298.338,2429.811,,-105.367858,38.96807644,2415.789,Global,0.01,0.01,0.012,0.015,1.934,m,FIX,2025-04-01 10:39:48.0 UTC-06:00,2025-04-01 10:39:51.0 UTC-06:00,16,1.7,2,468406.275,4313300.688,2434.672,-105.3646942,38.96810755,2420.645,274.331,,NAD83(2011) / UTM zone 13N + NAVD88(GEOID18) height,8,5,8,4,0,
147,,468132.197,4313298.521,2429.891,,-105.3678578,38.9680781,2415.87,Global,0.01,0.01,0.011,0.015,1.934,m,FIX,2025-04-01 10:40:00.0 UTC-06:00,2025-04-01 10:40:03.0 UTC-06:00,16,1.6,1.9,468406.275,4313300.688,2434.672,-105.3646942,38.96810755,2420.645,274.312,,NAD83(2011) / UTM zone 13N + NAVD88(GEOID18) height,8,6,8,4,0,
148,,468132.237,4313298.715,2429.969,,-105.3678573,38.96807984,2415.947,Global,0.01,0.012,0.015,0.016,1.934,m,FIX,2025-04-01 10:40:17.8 UTC-06:00,2025-04-01 10:40:20.8 UTC-06:00,16,1.7,2,468406.275,4313300.688,2434.672,-105.3646942,38.96810755,2420.645,274.266,,NAD83(2011) / UTM zone 13N + NAVD88(GEOID18) height,9,6,9,4,0,
149,,468132.222,4313298.721,2429.97,,-105.3678575,38.9680799,2415.948,Global,0.01,0.012,0.011,0.016,1.934,m,FIX,2025-04-01 10:40:41.4 UTC-06:00,2025-04-01 10:40:44.4 UTC-06:00,16,1.7,2,468406.275,4313300.688,2434.672,-105.3646942,38.96810755,2420.645,274.285,,NAD83(2011) / UTM zone 13N + NAVD88(GEOID18) height,8,6,8,3,0,
150,,468132.23,4313298.909,2429.957,,-105.3678574,38.96808159,2415.935,Global,0.01,0.01,0.011,0.015,1.934,m,FIX,2025-04-01 10:40:53.4 UTC-06:00,2025-04-01 10:40:56.4 UTC-06:00,16,1.7,2,468406.275,4313300.688,2434.672,-105.3646942,38.96810755,2420.645,274.277,,NAD83(2011) / UTM zone 13N + NAVD88(GEOID18) height,8,6,8,3,0,
151,,468132.249,4313299.104,2429.987,,-105.3678572,38.96808336,2415.965,Global,0.01,0.013,0.013,0.016,1.934,m,FIX,2025-04-01 10:41:08.2 UTC-06:00,2025-04-01 10:41:11.2 UTC-06:00,16,1.7,2,468406.275,4313300.688,2434.672,-105.3646942,38.96810755,2420.645,274.255,,NAD83(2011) / UTM zone 13N + NAVD88(GEOID18) height,8,6,8,3,0,
152,,468132.274,4313299.285,2429.981,,-105.3678569,38.96808498,2415.96,Global,0.011,0.01,0.011,0.015,1.934,m,FIX,2025-04-01 10:41:21.6 UTC-06:00,2025-04-01 10:41:24.6 UTC-06:00,16,1.7,2,468406.275,4313300.688,2434.672,-105.3646942,38.96810755,2420.645,274.228,,NAD83(2011) / UTM zone 13N + NAVD88(GEOID18) height,8,6,8,4,0,
153,,468132.295,4313299.471,2429.997,,-105.3678567,38.96808666,2415.976,Global,0.01,0.011,0.012,0.015,1.934,m,FIX,2025-04-01 10:41:35.2 UTC-06:00,2025-04-01 10:41:38.2 UTC-06:00,16,1.7,2,468406.275,4313300.688,2434.672,-105.3646942,38.96810755,2420.645,274.207,,NAD83(2011) / UTM zone 13N + NAVD88(GEOID18) height,8,6,8,4,0,
154,,468132.308,4313299.688,2430.032,,-105.3678565,38.96808862,2416.01,Global,0.01,0.01,0.011,0.014,1.934,m,FIX,2025-04-01 10:41:52.0 UTC-06:00,2025-04-01 10:41:55.0 UTC-06:00,16,1.7,2,468406.275,4313300.688,2434.672,-105.3646942,38.96810755,2420.645,274.192,,NAD83(2011) / UTM zone 13N + NAVD88(GEOID18) height,9,6,8,3,0,
155,,468132.338,4313299.852,2430.061,,-105.3678562,38.96809009,2416.039,Global,0.011,0.012,0.013,0.016,1.934,m,FIX,2025-04-01 10:42:03.4 UTC-06:00,2025-04-01 10:42:06.4 UTC-06:00,16,1.7,2,468406.275,4313300.688,2434.672,-105.3646942,38.96810755,2420.645,274.157,,NAD83(2011) / UTM zone 13N + NAVD88(GEOID18) height,8,6,8,4,0,
156,,468132.348,4313300.057,2430.109,,-105.3678561,38.96809194,2416.087,Global,0.01,0.011,0.012,0.015,1.934,m,FIX,2025-04-01 10:42:15.4 UTC-06:00,2025-04-01 10:42:18.4 UTC-06:00,16,1.7,2,468406.275,4313300.688,2434.672,-105.3646942,38.96810755,2420.645,274.147,,NAD83(2011) / UTM zone 13N + NAVD88(GEOID18) height,7,6,8,4,0,
157,,468132.364,4313300.26,2430.151,,-105.3678559,38.96809377,2416.13,Global,0.011,0.012,0.011,0.016,1.934,m,FIX,2025-04-01 10:42:29.8 UTC-06:00,2025-04-01 10:42:32.8 UTC-06:00,16,1.7,2,468406.275,4313300.688,2434.672,-105.3646942,38.96810755,2420.645,274.137,,NAD83(2011) / UTM zone 13N + NAVD88(GEOID18) height,8,6,8,4,0,
158,,468132.402,4313300.421,2430.191,,-105.3678555,38.96809522,2416.17,Global,0.01,0.011,0.012,0.015,1.934,m,FIX,2025-04-01 10:42:39.6 UTC-06:00,2025-04-01 10:42:42.6 UTC-06:00,16,1.7,2,468406.275,4313300.688,2434.672,-105.3646942,38.96810755,2420.645,274.092,,NAD83(2011) / UTM zone 13N + NAVD88(GEOID18) height,7,6,8,4,0,
159,,468132.403,4313300.613,2430.223,,-105.3678555,38.96809695,2416.201,Global,0.01,0.01,0.011,0.014,1.934,m,FIX,2025-04-01 10:42:54.4 UTC-06:00,2025-04-01 10:42:57.4 UTC-06:00,16,1.7,2,468406.275,4313300.688,2434.672,-105.3646942,38.96810755,2420.645,274.094,,NAD83(2011) / UTM zone 13N + NAVD88(GEOID18) height,7,6,8,4,0,
160,,468132.426,4313300.816,2430.276,,-105.3678552,38.96809879,2416.255,Global,0.01,0.011,0.011,0.015,1.934,m,FIX,2025-04-01 10:43:04.2 UTC-06:00,2025-04-01 10:43:07.2 UTC-06:00,16,1.7,2,468406.275,4313300.688,2434.672,-105.3646942,38.96810755,2420.645,274.071,,NAD83(2011) / UTM zone 13N + NAVD88(GEOID18) height,7,6,8,4,0,
161,,468132.438,4313301,2430.306,,-105.3678551,38.96810044,2416.285,Global,0.01,0.011,0.011,0.015,1.934,m,FIX,2025-04-01 10:43:18.8 UTC-06:00,2025-04-01 10:43:21.8 UTC-06:00,16,1.7,2,468406.275,4313300.688,2434.672,-105.3646942,38.96810755,2420.645,274.062,,NAD83(2011) / UTM zone 13N + NAVD88(GEOID18) height,6,5,8,4,0,
162,,468132.481,4313301.18,2430.307,,-105.3678546,38.96810207,2416.285,Global,0.011,0.011,0.017,0.016,1.934,m,FIX,2025-04-01 10:43:31.0 UTC-06:00,2025-04-01 10:43:34.0 UTC-06:00,16,1.7,2,468406.275,4313300.688,2434.672,-105.3646942,38.96810755,2420.645,274.026,,NAD83(2011) / UTM zone 13N + NAVD88(GEOID18) height,6,6,8,4,0,
163,,468132.496,4313301.37,2430.356,,-105.3678544,38.96810378,2416.334,Global,0.011,0.016,0.02,0.019,1.934,m,FIX,2025-04-01 10:43:46.4 UTC-06:00,2025-04-01 10:43:49.4 UTC-06:00,16,1.7,2,468406.275,4313300.688,2434.672,-105.3646942,38.96810755,2420.645,274.002,,NAD83(2011) / UTM zone 13N + NAVD88(GEOID18) height,6,6,8,4,0,
164,,468132.523,4313301.607,2430.451,,-105.3678541,38.96810591,2416.429,Global,0.011,0.01,0.013,0.015,1.934,m,FIX,2025-04-01 10:44:03.0 UTC-06:00,2025-04-01 10:44:06.0 UTC-06:00,16,1.7,2,468406.275,4313300.688,2434.672,-105.3646942,38.96810755,2420.645,273.978,,NAD83(2011) / UTM zone 13N + NAVD88(GEOID18) height,6,6,8,4,0,
165,,468132.531,4313301.736,2430.322,,-105.3678541,38.96810708,2416.3,Global,0.01,0.01,0.012,0.015,1.934,m,FIX,2025-04-01 10:44:27.6 UTC-06:00,2025-04-01 10:44:30.6 UTC-06:00,16,1.7,2,468406.275,4313300.688,2434.672,-105.3646942,38.96810755,2420.645,273.968,,NAD83(2011) / UTM zone 13N + NAVD88(GEOID18) height,8,6,8,4,0,
166,,468132.554,4313301.929,2430.343,,-105.3678538,38.96810882,2416.321,Global,0.01,0.011,0.014,0.015,1.934,m,FIX,2025-04-01 10:44:42.6 UTC-06:00,2025-04-01 10:44:45.6 UTC-06:00,16,1.7,2,468406.275,4313300.688,2434.672,-105.3646942,38.96810755,2420.645,273.95,,NAD83(2011) / UTM zone 13N + NAVD88(GEOID18) height,8,6,8,4,0,
167,,468132.549,4313302.151,2430.356,,-105.3678539,38.96811082,2416.335,Global,0.01,0.012,0.017,0.016,1.934,m,FIX,2025-04-01 10:44:59.4 UTC-06:00,2025-04-01 10:45:02.4 UTC-06:00,16,1.7,2,468406.275,4313300.688,2434.672,-105.3646942,38.96810755,2420.645,273.951,,NAD83(2011) / UTM zone 13N + NAVD88(GEOID18) height,6,6,8,4,0,
168,,468132.592,4313302.312,2430.363,,-105.3678534,38.96811227,2416.341,Global,0.012,0.01,0.011,0.016,1.934,m,FIX,2025-04-01 10:45:09.6 UTC-06:00,2025-04-01 10:45:12.6 UTC-06:00,16,1.7,2,468406.275,4313300.688,2434.672,-105.3646942,38.96810755,2420.645,273.902,,NAD83(2011) / UTM zone 13N + NAVD88(GEOID18) height,6,6,8,4,0,
169,,468132.57,4313302.517,2430.43,,-105.3678537,38.96811412,2416.408,Global,0.01,0.011,0.011,0.015,1.934,m,FIX,2025-04-01 10:45:27.8 UTC-06:00,2025-04-01 10:45:30.8 UTC-06:00,16,1.7,2,468406.275,4313300.688,2434.672,-105.3646942,38.96810755,2420.645,273.931,,NAD83(2011) / UTM zone 13N + NAVD88(GEOID18) height,6,6,8,4,0,
170,,468132.611,4313302.693,2430.478,,-105.3678532,38.9681157,2416.456,Global,0.01,0.01,0.012,0.014,1.934,m,FIX,2025-04-01 10:45:42.4 UTC-06:00,2025-04-01 10:45:45.4 UTC-06:00,16,1.7,2,468406.275,4313300.688,2434.672,-105.3646942,38.96810755,2420.645,273.894,,NAD83(2011) / UTM zone 13N + NAVD88(GEOID18) height,7,6,8,4,0,
171,,468132.623,4313302.864,2430.573,,-105.3678531,38.96811724,2416.551,Global,0.01,0.01,0.014,0.014,1.934,m,FIX,2025-04-01 10:45:54.0 UTC-06:00,2025-04-01 10:45:57.0 UTC-06:00,16,1.7,2,468406.275,4313300.688,2434.672,-105.3646942,38.96810755,2420.645,273.881,,NAD83(2011) / UTM zone 13N + NAVD88(GEOID18) height,6,6,9,4,0,
172,,468132.595,4313303.075,2430.634,,-105.3678534,38.96811914,2416.613,Global,0.01,0.011,0.011,0.015,1.934,m,FIX,2025-04-01 10:46:05.0 UTC-06:00,2025-04-01 10:46:08.0 UTC-06:00,16,1.7,2,468406.275,4313300.688,2434.672,-105.3646942,38.96810755,2420.645,273.909,,NAD83(2011) / UTM zone 13N + NAVD88(GEOID18) height,6,6,8,3,0,
173,,468132.607,4313303.352,2430.808,,-105.3678533,38.96812164,2416.786,Global,0.01,0.01,0.013,0.015,1.934,m,FIX,2025-04-01 10:46:19.4 UTC-06:00,2025-04-01 10:46:22.4 UTC-06:00,16,1.7,2,468406.275,4313300.688,2434.672,-105.3646942,38.96810755,2420.645,273.898,,NAD83(2011) / UTM zone 13N + NAVD88(GEOID18) height,6,6,8,4,0,
174,,468132.636,4313303.466,2430.929,,-105.3678529,38.96812267,2416.907,Global,0.01,0.012,0.011,0.016,1.934,m,FIX,2025-04-01 10:46:50.2 UTC-06:00,2025-04-01 10:46:53.2 UTC-06:00,16,1.7,2,468406.275,4313300.688,2434.672,-105.3646942,38.96810755,2420.645,273.867,,NAD83(2011) / UTM zone 13N + NAVD88(GEOID18) height,7,6,8,4,0,
175,,468132.671,4313303.629,2430.915,,-105.3678525,38.96812414,2416.893,Global,0.01,0.011,0.011,0.015,1.934,m,FIX,2025-04-01 10:46:59.4 UTC-06:00,2025-04-01 10:47:02.4 UTC-06:00,16,1.7,2,468406.275,4313300.688,2434.672,-105.3646942,38.96810755,2420.645,273.832,,NAD83(2011) / UTM zone 13N + NAVD88(GEOID18) height,7,6,8,4,0,
176,,468132.712,4313303.824,2430.976,,-105.3678521,38.9681259,2416.954,Global,0.01,0.01,0.011,0.014,1.934,m,FIX,2025-04-01 10:47:18.2 UTC-06:00,2025-04-01 10:47:21.2 UTC-06:00,16,1.7,2,468406.275,4313300.688,2434.672,-105.3646942,38.96810755,2420.645,273.799,,NAD83(2011) / UTM zone 13N + NAVD88(GEOID18) height,7,6,8,4,0,
177,,468132.739,4313303.969,2430.977,,-105.3678518,38.96812721,2416.956,Global,0.01,0.011,0.014,0.015,1.934,m,FIX,2025-04-01 10:47:29.8 UTC-06:00,2025-04-01 10:47:32.8 UTC-06:00,16,1.7,2,468406.275,4313300.688,2434.672,-105.3646942,38.96810755,2420.645,273.77,,NAD83(2011) / UTM zone 13N + NAVD88(GEOID18) height,7,6,8,3,0,
178,,468132.746,4313304.234,2431.043,,-105.3678517,38.96812959,2417.022,Global,0.011,0.01,0.014,0.015,1.934,m,FIX,2025-04-01 10:47:43.8 UTC-06:00,2025-04-01 10:47:46.8 UTC-06:00,16,1.7,2,468406.275,4313300.688,2434.672,-105.3646942,38.96810755,2420.645,273.77,,NAD83(2011) / UTM zone 13N + NAVD88(GEOID18) height,6,6,9,3,0,
179,,468132.781,4313304.345,2431.122,,-105.3678513,38.9681306,2417.1,Global,0.01,0.01,0.01,0.015,1.934,m,FIX,2025-04-01 10:47:53.2 UTC-06:00,2025-04-01 10:47:56.2 UTC-06:00,16,1.7,2,468406.275,4313300.688,2434.672,-105.3646942,38.96810755,2420.645,273.736,,NAD83(2011) / UTM zone 13N + NAVD88(GEOID18) height,6,6,9,3,0,
180,,468132.782,4313304.518,2431.171,,-105.3678513,38.96813215,2417.149,Global,0.011,0.011,0.014,0.015,1.934,m,FIX,2025-04-01 10:48:04.8 UTC-06:00,2025-04-01 10:48:07.8 UTC-06:00,16,1.7,2,468406.275,4313300.688,2434.672,-105.3646942,38.96810755,2420.645,273.735,,NAD83(2011) / UTM zone 13N + NAVD88(GEOID18) height,7,6,9,3,0,
181,,468132.826,4313304.738,2431.231,,-105.3678508,38.96813415,2417.21,Global,0.01,0.01,0.012,0.014,1.934,m,FIX,2025-04-01 10:48:17.0 UTC-06:00,2025-04-01 10:48:20.0 UTC-06:00,16,1.7,2,468406.275,4313300.688,2434.672,-105.3646942,38.96810755,2420.645,273.697,,NAD83(2011) / UTM zone 13N + NAVD88(GEOID18) height,7,6,9,3,0,
182,,468132.826,4313304.924,2431.304,,-105.3678508,38.96813582,2417.282,Global,0.011,0.011,0.012,0.016,1.934,m,FIX,2025-04-01 10:48:28.8 UTC-06:00,2025-04-01 10:48:31.8 UTC-06:00,16,1.7,2,468406.275,4313300.688,2434.672,-105.3646942,38.96810755,2420.645,273.694,,NAD83(2011) / UTM zone 13N + NAVD88(GEOID18) height,7,6,9,3,0,
183,,468132.86,4313305.124,2431.405,,-105.3678504,38.96813762,2417.383,Global,0.01,0.01,0.015,0.015,1.934,m,FIX,2025-04-01 10:48:39.6 UTC-06:00,2025-04-01 10:48:42.6 UTC-06:00,16,1.7,2,468406.275,4313300.688,2434.672,-105.3646942,38.96810755,2420.645,273.663,,NAD83(2011) / UTM zone 13N + NAVD88(GEOID18) height,8,6,8,3,0,
184,,468132.866,4313305.335,2431.476,,-105.3678504,38.96813952,2417.454,Global,0.01,0.011,0.013,0.015,1.934,m,FIX,2025-04-01 10:48:53.6 UTC-06:00,2025-04-01 10:48:56.6 UTC-06:00,16,1.7,2,468406.275,4313300.688,2434.672,-105.3646942,38.96810755,2420.645,273.664,,NAD83(2011) / UTM zone 13N + NAVD88(GEOID18) height,8,6,8,3,0,
185,,468132.875,4313305.507,2431.512,,-105.3678503,38.96814107,2417.49,Global,0.01,0.01,0.012,0.014,1.934,m,FIX,2025-04-01 10:49:02.4 UTC-06:00,2025-04-01 10:49:05.4 UTC-06:00,16,1.7,2,468406.275,4313300.688,2434.672,-105.3646942,38.96810755,2420.645,273.655,,NAD83(2011) / UTM zone 13N + NAVD88(GEOID18) height,7,6,8,3,0,
186,,468132.903,4313305.705,2431.598,,-105.36785,38.96814286,2417.576,Global,0.011,0.01,0.011,0.015,1.934,m,FIX,2025-04-01 10:49:14.4 UTC-06:00,2025-04-01 10:49:17.4 UTC-06:00,16,1.7,2,468406.275,4313300.688,2434.672,-105.3646942,38.96810755,2420.645,273.623,,NAD83(2011) / UTM zone 13N + NAVD88(GEOID18) height,7,6,8,3,0,
187,,468132.948,4313305.883,2431.704,,-105.3678494,38.96814447,2417.683,Global,0.01,0.011,0.012,0.015,1.934,m,FIX,2025-04-01 10:49:25.8 UTC-06:00,2025-04-01 10:49:28.8 UTC-06:00,16,1.7,2,468406.275,4313300.688,2434.672,-105.3646942,38.96810755,2420.645,273.59,,NAD83(2011) / UTM zone 13N + NAVD88(GEOID18) height,7,6,9,3,0,
188,,468132.84,4313305.926,2432.014,,-105.3678507,38.96814485,2417.992,Global,0.011,0.011,0.011,0.015,1.934,m,FIX,2025-04-01 10:50:10.8 UTC-06:00,2025-04-01 10:50:13.8 UTC-06:00,16,1.7,2,468406.275,4313300.688,2434.672,-105.3646942,38.96810755,2420.645,273.701,,NAD83(2011) / UTM zone 13N + NAVD88(GEOID18) height,7,6,9,3,0,
189,,468132.835,4313306.173,2431.845,,-105.3678508,38.96814707,2417.824,Global,0.01,0.011,0.013,0.015,1.934,m,FIX,2025-04-01 10:50:30.2 UTC-06:00,2025-04-01 10:50:33.2 UTC-06:00,16,1.7,2,468406.275,4313300.688,2434.672,-105.3646942,38.96810755,2420.645,273.71,,NAD83(2011) / UTM zone 13N + NAVD88(GEOID18) height,7,6,9,3,0,
190,,468132.528,4313306.067,2431.782,,-105.3678543,38.9681461,2417.76,Global,0.01,0.01,0.012,0.015,1.934,m,FIX,2025-04-01 10:51:06.0 UTC-06:00,2025-04-01 10:51:09.0 UTC-06:00,16,1.8,2.1,468406.275,4313300.688,2434.672,-105.3646942,38.96810755,2420.645,274.008,,NAD83(2011) / UTM zone 13N + NAVD88(GEOID18) height,7,6,8,3,0,
191,,468132.665,4313305.807,2431.693,,-105.3678527,38.96814377,2417.672,Global,0.011,0.011,0.013,0.015,1.934,m,FIX,2025-04-01 10:51:18.0 UTC-06:00,2025-04-01 10:51:21.0 UTC-06:00,16,1.8,2.1,468406.275,4313300.688,2434.672,-105.3646942,38.96810755,2420.645,273.864,,NAD83(2011) / UTM zone 13N + NAVD88(GEOID18) height,7,6,9,3,0,
192,,468132.945,4313305.949,2431.731,,-105.3678495,38.96814506,2417.71,Global,0.01,0.01,0.011,0.015,1.934,m,FIX,2025-04-01 10:51:29.8 UTC-06:00,2025-04-01 10:51:32.8 UTC-06:00,16,1.8,2.1,468406.275,4313300.688,2434.672,-105.3646942,38.96810755,2420.645,273.592,,NAD83(2011) / UTM zone 13N + NAVD88(GEOID18) height,7,6,10,3,0,
193,,468132.726,4313306.039,2431.795,,-105.367852,38.96814586,2417.773,Global,0.01,0.01,0.013,0.015,1.934,m,FIX,2025-04-01 10:51:45.4 UTC-06:00,2025-04-01 10:51:48.4 UTC-06:00,16,1.7,2,468406.275,4313300.688,2434.672,-105.3646942,38.96810755,2420.645,273.813,,NAD83(2011) / UTM zone 13N + NAVD88(GEOID18) height,7,6,9,3,0,
194,,468132.834,4313305.916,2432.023,,-105.3678508,38.96814475,2418.001,Global,0.012,0.011,0.013,0.016,1.934,m,FIX,2025-04-01 10:52:04.4 UTC-06:00,2025-04-01 10:52:07.4 UTC-06:00,16,1.8,2.1,468406.275,4313300.688,2434.672,-105.3646942,38.96810755,2420.645,273.703,,NAD83(2011) / UTM zone 13N + NAVD88(GEOID18) height,7,6,9,3,0,
195,,468132.82,4313305.933,2432.013,,-105.3678509,38.96814491,2417.991,Global,0.011,0.012,0.016,0.016,1.934,m,FIX,2025-04-01 10:52:35.8 UTC-06:00,2025-04-01 10:53:05.8 UTC-06:00,151,1.8,2.1,468406.275,4313300.688,2434.672,-105.3646942,38.96810755,2420.645,273.714,,NAD83(2011) / UTM zone 13N + NAVD88(GEOID18) height,7,6,9,3,0,
196,,468129.69,4313277.687,2429.571,,-105.3678857,38.96789026,2415.549,Global,0.01,0.01,0.011,0.015,1.934,m,FIX,2025-04-01 11:03:13.0 UTC-06:00,2025-04-01 11:03:16.0 UTC-06:00,16,1.1,1.3,468406.275,4313300.688,2434.672,-105.3646942,38.96810755,2420.645,277.774,,NAD83(2011) / UTM zone 13N + NAVD88(GEOID18) height,8,6,8,4,0,
197,,468129.715,4313277.49,2429.633,,-105.3678854,38.96788849,2415.611,Global,0.012,0.011,0.013,0.016,1.934,m,FIX,2025-04-01 11:03:25.2 UTC-06:00,2025-04-01 11:03:28.2 UTC-06:00,16,1.1,1.3,468406.275,4313300.688,2434.672,-105.3646942,38.96810755,2420.645,277.767,,NAD83(2011) / UTM zone 13N + NAVD88(GEOID18) height,8,6,8,4,0,
198,,468129.697,4313277.298,2429.63,,-105.3678856,38.96788676,2415.608,Global,0.01,0.01,0.01,0.015,1.934,m,FIX,2025-04-01 11:03:35.8 UTC-06:00,2025-04-01 11:03:38.8 UTC-06:00,16,1.1,1.3,468406.275,4313300.688,2434.672,-105.3646942,38.96810755,2420.645,277.795,,NAD83(2011) / UTM zone 13N + NAVD88(GEOID18) height,8,6,8,4,0,
199,,468129.703,4313277.109,2429.639,,-105.3678856,38.96788505,2415.617,Global,0.01,0.012,0.01,0.016,1.934,m,FIX,2025-04-01 11:03:46.6 UTC-06:00,2025-04-01 11:03:49.6 UTC-06:00,16,1.1,1.3,468406.275,4313300.688,2434.672,-105.3646942,38.96810755,2420.645,277.809,,NAD83(2011) / UTM zone 13N + NAVD88(GEOID18) height,8,6,8,4,0,
200,,468129.707,4313276.891,2429.696,,-105.3678855,38.96788309,2415.674,Global,0.01,0.01,0.01,0.014,1.934,m,FIX,2025-04-01 11:03:57.0 UTC-06:00,2025-04-01 11:04:00.0 UTC-06:00,16,1.1,1.3,468406.275,4313300.688,2434.672,-105.3646942,38.96810755,2420.645,277.819,,NAD83(2011) / UTM zone 13N + NAVD88(GEOID18) height,8,6,8,4,0,
201,,468129.709,4313276.708,2429.707,,-105.3678855,38.96788144,2415.685,Global,0.01,0.011,0.011,0.015,1.934,m,FIX,2025-04-01 11:04:07.4 UTC-06:00,2025-04-01 11:04:10.4 UTC-06:00,16,1.1,1.3,468406.275,4313300.688,2434.672,-105.3646942,38.96810755,2420.645,277.833,,NAD83(2011) / UTM zone 13N + NAVD88(GEOID18) height,8,6,8,4,0,
202,,468129.711,4313276.511,2429.741,,-105.3678854,38.96787966,2415.719,Global,0.01,0.012,0.012,0.016,1.934,m,FIX,2025-04-01 11:04:19.4 UTC-06:00,2025-04-01 11:04:22.4 UTC-06:00,16,1.1,1.3,468406.275,4313300.688,2434.672,-105.3646942,38.96810755,2420.645,277.849,,NAD83(2011) / UTM zone 13N + NAVD88(GEOID18) height,8,6,8,4,0,
203,,468129.711,4313276.321,2429.764,,-105.3678854,38.96787795,2415.742,Global,0.01,0.01,0.011,0.015,1.934,m,FIX,2025-04-01 11:04:30.6 UTC-06:00,2025-04-01 11:04:33.6 UTC-06:00,16,1.2,1.4,468406.275,4313300.688,2434.672,-105.3646942,38.96810755,2420.645,277.864,,NAD83(2011) / UTM zone 13N + NAVD88(GEOID18) height,8,6,8,4,0,
204,,468129.698,4313276.109,2429.78,,-105.3678856,38.96787605,2415.758,Global,0.01,0.011,0.01,0.015,1.934,m,FIX,2025-04-01 11:04:42.6 UTC-06:00,2025-04-01 11:04:45.6 UTC-06:00,16,1.2,1.4,468406.275,4313300.688,2434.672,-105.3646942,38.96810755,2420.645,277.896,,NAD83(2011) / UTM zone 13N + NAVD88(GEOID18) height,8,6,8,4,0,
205,,468129.69,4313275.911,2429.797,,-105.3678857,38.96787426,2415.776,Global,0.01,0.011,0.01,0.015,1.934,m,FIX,2025-04-01 11:04:53.0 UTC-06:00,2025-04-01 11:04:56.0 UTC-06:00,16,1.2,1.4,468406.275,4313300.688,2434.672,-105.3646942,38.96810755,2420.645,277.921,,NAD83(2011) / UTM zone 13N + NAVD88(GEOID18) height,8,6,8,4,0,
206,,468129.692,4313275.717,2429.813,,-105.3678856,38.96787251,2415.791,Global,0.011,0.01,0.01,0.015,1.934,m,FIX,2025-04-01 11:05:02.2 UTC-06:00,2025-04-01 11:05:05.2 UTC-06:00,16,1.1,1.3,468406.275,4313300.688,2434.672,-105.3646942,38.96810755,2420.645,277.934,,NAD83(2011) / UTM zone 13N + NAVD88(GEOID18) height,8,6,8,4,0,
207,,468129.699,4313275.515,2429.85,,-105.3678855,38.9678707,2415.828,Global,0.011,0.01,0.01,0.015,1.934,m,FIX,2025-04-01 11:05:12.8 UTC-06:00,2025-04-01 11:05:15.8 UTC-06:00,16,1.2,1.4,468406.275,4313300.688,2434.672,-105.3646942,38.96810755,2420.645,277.941,,NAD83(2011) / UTM zone 13N + NAVD88(GEOID18) height,8,6,8,4,0,
208,,468129.658,4313275.328,2429.878,,-105.367886,38.967869,2415.856,Global,0.01,0.011,0.01,0.015,1.934,m,FIX,2025-04-01 11:05:32.2 UTC-06:00,2025-04-01 11:05:35.2 UTC-06:00,16,1.2,1.4,468406.275,4313300.688,2434.672,-105.3646942,38.96810755,2420.645,278.002,,NAD83(2011) / UTM zone 13N + NAVD88(GEOID18) height,8,6,8,4,0,
209,,468129.665,4313275.125,2429.897,,-105.3678859,38.96786718,2415.875,Global,0.01,0.011,0.01,0.015,1.934,m,FIX,2025-04-01 11:05:47.2 UTC-06:00,2025-04-01 11:05:50.2 UTC-06:00,16,1.2,1.4,468406.275,4313300.688,2434.672,-105.3646942,38.96810755,2420.645,278.02,,NAD83(2011) / UTM zone 13N + NAVD88(GEOID18) height,7,6,8,4,0,
210,,468129.631,4313274.93,2429.896,,-105.3678863,38.96786542,2415.874,Global,0.01,0.01,0.01,0.015,1.934,m,FIX,2025-04-01 11:06:02.2 UTC-06:00,2025-04-01 11:06:05.2 UTC-06:00,16,1.2,1.4,468406.275,4313300.688,2434.672,-105.3646942,38.96810755,2420.645,278.064,,NAD83(2011) / UTM zone 13N + NAVD88(GEOID18) height,8,6,8,4,0,
211,,468129.641,4313274.729,2429.921,,-105.3678862,38.96786361,2415.899,Global,0.01,0.01,0.01,0.014,1.934,m,FIX,2025-04-01 11:06:17.8 UTC-06:00,2025-04-01 11:06:20.8 UTC-06:00,16,1.2,1.4,468406.275,4313300.688,2434.672,-105.3646942,38.96810755,2420.645,278.075,,NAD83(2011) / UTM zone 13N + NAVD88(GEOID18) height,7,6,8,4,0,
212,,468129.618,4313274.535,2429.961,,-105.3678864,38.96786186,2415.939,Global,0.01,0.011,0.01,0.015,1.934,m,FIX,2025-04-01 11:06:34.6 UTC-06:00,2025-04-01 11:06:37.6 UTC-06:00,16,1.2,1.4,468406.275,4313300.688,2434.672,-105.3646942,38.96810755,2420.645,278.116,,NAD83(2011) / UTM zone 13N + NAVD88(GEOID18) height,7,6,8,4,0,
213,,468129.598,4313274.342,2429.995,,-105.3678866,38.96786012,2415.973,Global,0.011,0.01,0.01,0.015,1.934,m,FIX,2025-04-01 11:06:51.8 UTC-06:00,2025-04-01 11:06:54.8 UTC-06:00,16,1.1,1.3,468406.275,4313300.688,2434.672,-105.3646942,38.96810755,2420.645,278.15,,NAD83(2011) / UTM zone 13N + NAVD88(GEOID18) height,8,6,8,4,0,
214,,468129.586,4313274.127,2430.018,,-105.3678868,38.96785818,2415.996,Global,0.01,0.01,0.01,0.015,1.934,m,FIX,2025-04-01 11:07:05.8 UTC-06:00,2025-04-01 11:07:08.8 UTC-06:00,16,1.2,1.4,468406.275,4313300.688,2434.672,-105.3646942,38.96810755,2420.645,278.182,,NAD83(2011) / UTM zone 13N + NAVD88(GEOID18) height,8,6,8,4,0,
215,,468129.567,4313273.936,2430.041,,-105.367887,38.96785646,2416.02,Global,0.01,0.01,0.01,0.015,1.934,m,FIX,2025-04-01 11:07:23.8 UTC-06:00,2025-04-01 11:07:26.8 UTC-06:00,16,1.2,1.4,468406.275,4313300.688,2434.672,-105.3646942,38.96810755,2420.645,278.222,,NAD83(2011) / UTM zone 13N + NAVD88(GEOID18) height,8,6,8,4,0,
216,,468129.567,4313273.748,2430.065,,-105.367887,38.96785477,2416.043,Global,0.011,0.012,0.01,0.016,1.934,m,FIX,2025-04-01 11:07:37.2 UTC-06:00,2025-04-01 11:07:40.2 UTC-06:00,16,1.1,1.3,468406.275,4313300.688,2434.672,-105.3646942,38.96810755,2420.645,278.25,,NAD83(2011) / UTM zone 13N + NAVD88(GEOID18) height,8,6,8,4,0,
217,,468129.54,4313273.531,2430.088,,-105.3678873,38.96785281,2416.066,Global,0.01,0.011,0.01,0.015,1.934,m,FIX,2025-04-01 11:07:53.8 UTC-06:00,2025-04-01 11:07:56.8 UTC-06:00,16,1.2,1.4,468406.275,4313300.688,2434.672,-105.3646942,38.96810755,2420.645,278.291,,NAD83(2011) / UTM zone 13N + NAVD88(GEOID18) height,7,6,8,4,0,
218,,468129.523,4313273.343,2430.125,,-105.3678875,38.96785111,2416.103,Global,0.01,0.01,0.011,0.015,1.934,m,FIX,2025-04-01 11:08:17.0 UTC-06:00,2025-04-01 11:08:20.0 UTC-06:00,16,1.1,1.3,468406.275,4313300.688,2434.672,-105.3646942,38.96810755,2420.645,278.321,,NAD83(2011) / UTM zone 13N + NAVD88(GEOID18) height,7,6,8,4,0,
219,,468129.511,4313273.148,2430.133,,-105.3678876,38.96784935,2416.111,Global,0.011,0.011,0.01,0.016,1.934,m,FIX,2025-04-01 11:08:34.2 UTC-06:00,2025-04-01 11:08:37.2 UTC-06:00,16,1.2,1.4,468406.275,4313300.688,2434.672,-105.3646942,38.96810755,2420.645,278.365,,NAD83(2011) / UTM zone 13N + NAVD88(GEOID18) height,8,6,8,4,0,
220,,468129.478,4313272.953,2430.15,,-105.367888,38.9678476,2416.129,Global,0.011,0.012,0.012,0.016,1.934,m,FIX,2025-04-01 11:08:48.8 UTC-06:00,2025-04-01 11:08:51.8 UTC-06:00,16,1.2,1.4,468406.275,4313300.688,2434.672,-105.3646942,38.96810755,2420.645,278.415,,NAD83(2011) / UTM zone 13N + NAVD88(GEOID18) height,7,6,8,4,0,
221,,468129.464,4313272.748,2430.168,,-105.3678881,38.96784575,2416.146,Global,0.01,0.01,0.011,0.014,1.934,m,FIX,2025-04-01 11:09:09.8 UTC-06:00,2025-04-01 11:09:12.8 UTC-06:00,16,1.2,1.4,468406.275,4313300.688,2434.672,-105.3646942,38.96810755,2420.645,278.444,,NAD83(2011) / UTM zone 13N + NAVD88(GEOID18) height,8,6,8,4,0,
222,,468129.456,4313272.551,2430.189,,-105.3678882,38.96784398,2416.167,Global,0.012,0.011,0.01,0.016,1.934,m,FIX,2025-04-01 11:09:24.0 UTC-06:00,2025-04-01 11:09:27.0 UTC-06:00,16,1.2,1.4,468406.275,4313300.688,2434.672,-105.3646942,38.96810755,2420.645,278.471,,NAD83(2011) / UTM zone 13N + NAVD88(GEOID18) height,8,6,8,4,0,
223,,468129.442,4313272.343,2430.187,,-105.3678884,38.9678421,2416.165,Global,0.011,0.01,0.011,0.015,1.934,m,FIX,2025-04-01 11:09:48.4 UTC-06:00,2025-04-01 11:09:51.4 UTC-06:00,16,1.2,1.4,468406.275,4313300.688,2434.672,-105.3646942,38.96810755,2420.645,278.503,,NAD83(2011) / UTM zone 13N + NAVD88(GEOID18) height,8,6,8,4,0,
224,,468129.435,4313272.14,2430.189,,-105.3678884,38.96784027,2416.167,Global,0.011,0.01,0.011,0.015,1.934,m,FIX,2025-04-01 11:10:02.8 UTC-06:00,2025-04-01 11:10:05.8 UTC-06:00,16,1.2,1.4,468406.275,4313300.688,2434.672,-105.3646942,38.96810755,2420.645,278.536,,NAD83(2011) / UTM zone 13N + NAVD88(GEOID18) height,7,6,8,4,0,
225,,468129.428,4313271.954,2430.207,,-105.3678885,38.96783859,2416.185,Global,0.01,0.011,0.011,0.015,1.934,m,FIX,2025-04-01 11:10:14.8 UTC-06:00,2025-04-01 11:10:17.8 UTC-06:00,16,1.2,1.4,468406.275,4313300.688,2434.672,-105.3646942,38.96810755,2420.645,278.562,,NAD83(2011) / UTM zone 13N + NAVD88(GEOID18) height,7,6,8,4,0,
226,,468129.41,4313271.752,2430.223,,-105.3678887,38.96783678,2416.202,Global,0.01,0.011,0.01,0.015,1.934,m,FIX,2025-04-01 11:10:26.8 UTC-06:00,2025-04-01 11:10:29.8 UTC-06:00,16,1.1,1.3,468406.275,4313300.688,2434.672,-105.3646942,38.96810755,2420.645,278.594,,NAD83(2011) / UTM zone 13N + NAVD88(GEOID18) height,7,6,8,4,0,
227,,468129.389,4313271.584,2430.249,,-105.3678889,38.96783526,2416.227,Global,0.011,0.011,0.01,0.015,1.934,m,FIX,2025-04-01 11:10:38.2 UTC-06:00,2025-04-01 11:10:41.2 UTC-06:00,16,1.2,1.4,468406.275,4313300.688,2434.672,-105.3646942,38.96810755,2420.645,278.641,,NAD83(2011) / UTM zone 13N + NAVD88(GEOID18) height,7,5,8,4,0,
228,,468129.367,4313271.384,2430.265,,-105.3678892,38.96783346,2416.243,Global,0.01,0.01,0.01,0.015,1.934,m,FIX,2025-04-01 11:10:49.2 UTC-06:00,2025-04-01 11:10:52.2 UTC-06:00,16,1.2,1.4,468406.275,4313300.688,2434.672,-105.3646942,38.96810755,2420.645,278.675,,NAD83(2011) / UTM zone 13N + NAVD88(GEOID18) height,8,5,8,4,0,
229,,468129.353,4313271.188,2430.289,,-105.3678893,38.96783169,2416.267,Global,0.01,0.011,0.01,0.015,1.934,m,FIX,2025-04-01 11:11:01.0 UTC-06:00,2025-04-01 11:11:04.0 UTC-06:00,16,1.2,1.4,468406.275,4313300.688,2434.672,-105.3646942,38.96810755,2420.645,278.715,,NAD83(2011) / UTM zone 13N + NAVD88(GEOID18) height,8,5,8,4,0,
230,,468129.34,4313270.99,2430.283,,-105.3678895,38.9678299,2416.261,Global,0.01,0.01,0.01,0.015,1.934,m,FIX,2025-04-01 11:11:11.6 UTC-06:00,2025-04-01 11:11:14.6 UTC-06:00,16,1.1,1.3,468406.275,4313300.688,2434.672,-105.3646942,38.96810755,2420.645,278.743,,NAD83(2011) / UTM zone 13N + NAVD88(GEOID18) height,7,6,8,4,0,
231,,468129.313,4313270.785,2430.288,,-105.3678898,38.96782805,2416.266,Global,0.011,0.01,0.01,0.015,1.934,m,FIX,2025-04-01 11:11:27.2 UTC-06:00,2025-04-01 11:11:30.2 UTC-06:00,16,1.2,1.4,468406.275,4313300.688,2434.672,-105.3646942,38.96810755,2420.645,278.793,,NAD83(2011) / UTM zone 13N + NAVD88(GEOID18) height,8,5,8,4,0,
232,,468129.311,4313270.581,2430.297,,-105.3678898,38.96782622,2416.275,Global,0.01,0.01,0.012,0.014,1.934,m,FIX,2025-04-01 11:11:43.6 UTC-06:00,2025-04-01 11:11:46.6 UTC-06:00,16,1.1,1.3,468406.275,4313300.688,2434.672,-105.3646942,38.96810755,2420.645,278.819,,NAD83(2011) / UTM zone 13N + NAVD88(GEOID18) height,8,6,8,4,0,
233,,468129.303,4313270.377,2430.327,,-105.3678899,38.96782438,2416.305,Global,0.011,0.01,0.01,0.015,1.934,m,FIX,2025-04-01 11:11:58.4 UTC-06:00,2025-04-01 11:12:01.4 UTC-06:00,16,1.1,1.3,468406.275,4313300.688,2434.672,-105.3646942,38.96810755,2420.645,278.848,,NAD83(2011) / UTM zone 13N + NAVD88(GEOID18) height,8,6,8,4,0,
234,,468129.282,4313270.182,2430.356,,-105.3678901,38.96782262,2416.334,Global,0.011,0.01,0.011,0.015,1.934,m,FIX,2025-04-01 11:12:10.6 UTC-06:00,2025-04-01 11:12:13.6 UTC-06:00,16,1.1,1.3,468406.275,4313300.688,2434.672,-105.3646942,38.96810755,2420.645,278.889,,NAD83(2011) / UTM zone 13N + NAVD88(GEOID18) height,8,6,8,4,0,
235,,468129.282,4313269.986,2430.395,,-105.3678901,38.96782086,2416.373,Global,0.011,0.011,0.012,0.015,1.934,m,FIX,2025-04-01 11:12:25.6 UTC-06:00,2025-04-01 11:12:28.6 UTC-06:00,16,1.1,1.3,468406.275,4313300.688,2434.672,-105.3646942,38.96810755,2420.645,278.911,,NAD83(2011) / UTM zone 13N + NAVD88(GEOID18) height,9,6,9,4,0,
236,,468129.25,4313269.782,2430.433,,-105.3678904,38.96781902,2416.411,Global,0.01,0.011,0.01,0.015,1.934,m,FIX,2025-04-01 11:12:39.2 UTC-06:00,2025-04-01 11:12:42.2 UTC-06:00,16,1.1,1.3,468406.275,4313300.688,2434.672,-105.3646942,38.96810755,2420.645,278.968,,NAD83(2011) / UTM zone 13N + NAVD88(GEOID18) height,9,6,8,4,0,
237,,468129.235,4313269.601,2430.457,,-105.3678906,38.96781738,2416.435,Global,0.011,0.01,0.01,0.015,1.934,m,FIX,2025-04-01 11:12:57.2 UTC-06:00,2025-04-01 11:13:00.2 UTC-06:00,16,1.1,1.3,468406.275,4313300.688,2434.672,-105.3646942,38.96810755,2420.645,278.995,,NAD83(2011) / UTM zone 13N + NAVD88(GEOID18) height,9,6,8,4,0,
238,,468129.221,4313269.401,2430.47,,-105.3678908,38.96781558,2416.448,Global,0.01,0.011,0.01,0.015,1.934,m,FIX,2025-04-01 11:13:08.0 UTC-06:00,2025-04-01 11:13:11.0 UTC-06:00,16,1.1,1.3,468406.275,4313300.688,2434.672,-105.3646942,38.96810755,2420.645,279.037,,NAD83(2011) / UTM zone 13N + NAVD88(GEOID18) height,9,6,8,4,0,
239,,468129.19,4313269.212,2430.468,,-105.3678911,38.96781388,2416.446,Global,0.01,0.01,0.01,0.015,1.934,m,FIX,2025-04-01 11:13:20.8 UTC-06:00,2025-04-01 11:13:23.8 UTC-06:00,16,1.2,1.4,468406.275,4313300.688,2434.672,-105.3646942,38.96810755,2420.645,279.09,,NAD83(2011) / UTM zone 13N + NAVD88(GEOID18) height,9,5,8,4,0,
240,,468129.165,4313269.007,2430.496,,-105.3678914,38.96781203,2416.474,Global,0.011,0.011,0.011,0.015,1.934,m,FIX,2025-04-01 11:13:32.6 UTC-06:00,2025-04-01 11:13:35.6 UTC-06:00,16,1.2,1.4,468406.275,4313300.688,2434.672,-105.3646942,38.96810755,2420.645,279.14,,NAD83(2011) / UTM zone 13N + NAVD88(GEOID18) height,9,5,8,4,0,
241,,468129.131,4313268.801,2430.523,,-105.3678918,38.96781017,2416.501,Global,0.01,0.01,0.01,0.014,1.934,m,FIX,2025-04-01 11:13:46.2 UTC-06:00,2025-04-01 11:13:49.2 UTC-06:00,16,1.2,1.4,468406.275,4313300.688,2434.672,-105.3646942,38.96810755,2420.645,279.193,,NAD83(2011) / UTM zone 13N + NAVD88(GEOID18) height,9,6,8,4,0,
242,,468129.106,4313268.587,2430.559,,-105.3678921,38.96780824,2416.537,Global,0.011,0.01,0.011,0.015,1.934,m,FIX,2025-04-01 11:14:01.2 UTC-06:00,2025-04-01 11:14:04.2 UTC-06:00,16,1.2,1.4,468406.275,4313300.688,2434.672,-105.3646942,38.96810755,2420.645,279.249,,NAD83(2011) / UTM zone 13N + NAVD88(GEOID18) height,9,6,8,4,0,
243,,468129.087,4313268.385,2430.588,,-105.3678923,38.96780642,2416.566,Global,0.011,0.011,0.01,0.015,1.934,m,FIX,2025-04-01 11:14:13.4 UTC-06:00,2025-04-01 11:14:16.4 UTC-06:00,16,1.2,1.4,468406.275,4313300.688,2434.672,-105.3646942,38.96810755,2420.645,279.282,,NAD83(2011) / UTM zone 13N + NAVD88(GEOID18) height,9,6,8,4,0,
244,,468129.082,4313268.189,2430.629,,-105.3678923,38.96780465,2416.607,Global,0.011,0.01,0.01,0.015,1.934,m,FIX,2025-04-01 11:14:26.2 UTC-06:00,2025-04-01 11:14:29.2 UTC-06:00,16,1.2,1.4,468406.275,4313300.688,2434.672,-105.3646942,38.96810755,2420.645,279.316,,NAD83(2011) / UTM zone 13N + NAVD88(GEOID18) height,9,6,8,4,0,
245,,468129.05,4313267.996,2430.716,,-105.3678927,38.96780292,2416.694,Global,0.01,0.01,0.01,0.014,1.934,m,FIX,2025-04-01 11:14:47.2 UTC-06:00,2025-04-01 11:14:50.2 UTC-06:00,16,1.2,1.4,468406.275,4313300.688,2434.672,-105.3646942,38.96810755,2420.645,279.366,,NAD83(2011) / UTM zone 13N + NAVD88(GEOID18) height,9,6,8,4,0,
246,,468129.027,4313267.845,2430.731,,-105.3678929,38.96780155,2416.709,Global,0.01,0.01,0.01,0.015,1.934,m,FIX,2025-04-01 11:15:01.8 UTC-06:00,2025-04-01 11:15:04.8 UTC-06:00,16,1.2,1.4,468406.275,4313300.688,2434.672,-105.3646942,38.96810755,2420.645,279.405,,NAD83(2011) / UTM zone 13N + NAVD88(GEOID18) height,9,6,8,4,0,
247,,468129.005,4313267.655,2430.786,,-105.3678932,38.96779984,2416.764,Global,0.01,0.01,0.01,0.014,1.934,m,FIX,2025-04-01 11:15:14.2 UTC-06:00,2025-04-01 11:15:17.2 UTC-06:00,16,1.3,1.5,468406.275,4313300.688,2434.672,-105.3646942,38.96810755,2420.645,279.449,,NAD83(2011) / UTM zone 13N + NAVD88(GEOID18) height,9,6,9,4,0,
248,,468129.001,4313267.467,2430.824,,-105.3678932,38.96779815,2416.802,Global,0.011,0.011,0.012,0.015,1.934,m,FIX,2025-04-01 11:15:27.8 UTC-06:00,2025-04-01 11:15:30.8 UTC-06:00,16,1.2,1.4,468406.275,4313300.688,2434.672,-105.3646942,38.96810755,2420.645,279.477,,NAD83(2011) / UTM zone 13N + NAVD88(GEOID18) height,9,6,8,4,0,
249,,468129.006,4313267.28,2430.843,,-105.3678931,38.96779646,2416.821,Global,0.011,0.01,0.011,0.015,1.934,m,FIX,2025-04-01 11:15:48.6 UTC-06:00,2025-04-01 11:15:51.6 UTC-06:00,16,1.2,1.4,468406.275,4313300.688,2434.672,-105.3646942,38.96810755,2420.645,279.5,,NAD83(2011) / UTM zone 13N + NAVD88(GEOID18) height,9,6,9,4,0,
250,,468129.009,4313267.088,2430.873,,-105.3678931,38.96779473,2416.851,Global,0.01,0.01,0.01,0.015,1.934,m,FIX,2025-04-01 11:16:02.8 UTC-06:00,2025-04-01 11:16:05.8 UTC-06:00,16,1.2,1.4,468406.275,4313300.688,2434.672,-105.3646942,38.96810755,2420.645,279.517,,NAD83(2011) / UTM zone 13N + NAVD88(GEOID18) height,9,6,9,4,0,
251,,468128.997,4313266.89,2430.912,,-105.3678932,38.96779295,2416.89,Global,0.01,0.011,0.01,0.015,1.934,m,FIX,2025-04-01 11:16:21.4 UTC-06:00,2025-04-01 11:16:24.4 UTC-06:00,16,1.1,1.3,468406.275,4313300.688,2434.672,-105.3646942,38.96810755,2420.645,279.546,,NAD83(2011) / UTM zone 13N + NAVD88(GEOID18) height,9,6,9,4,0,
252,,468129.003,4313266.721,2430.959,,-105.3678932,38.96779143,2416.937,Global,0.01,0.01,0.01,0.014,1.934,m,FIX,2025-04-01 11:16:38.6 UTC-06:00,2025-04-01 11:16:41.6 UTC-06:00,16,1.1,1.3,468406.275,4313300.688,2434.672,-105.3646942,38.96810755,2420.645,279.563,,NAD83(2011) / UTM zone 13N + NAVD88(GEOID18) height,9,6,9,4,0,
253,,468128.999,4313266.534,2431.001,,-105.3678932,38.96778973,2416.979,Global,0.011,0.011,0.011,0.015,1.934,m,FIX,2025-04-01 11:16:59.2 UTC-06:00,2025-04-01 11:17:02.2 UTC-06:00,16,1.1,1.3,468406.275,4313300.688,2434.672,-105.3646942,38.96810755,2420.645,279.589,,NAD83(2011) / UTM zone 13N + NAVD88(GEOID18) height,9,6,9,4,0,
254,,468128.972,4313266.347,2431.037,,-105.3678935,38.96778805,2417.015,Global,0.011,0.011,0.011,0.015,1.934,m,FIX,2025-04-01 11:17:13.2 UTC-06:00,2025-04-01 11:17:16.2 UTC-06:00,16,1.2,1.4,468406.275,4313300.688,2434.672,-105.3646942,38.96810755,2420.645,279.638,,NAD83(2011) / UTM zone 13N + NAVD88(GEOID18) height,9,6,8,4,0,
255,,468128.941,4313266.182,2431.118,,-105.3678938,38.96778657,2417.096,Global,0.011,0.01,0.011,0.015,1.934,m,FIX,2025-04-01 11:17:27.0 UTC-06:00,2025-04-01 11:17:30.0 UTC-06:00,16,1.2,1.4,468406.275,4313300.688,2434.672,-105.3646942,38.96810755,2420.645,279.694,,NAD83(2011) / UTM zone 13N + NAVD88(GEOID18) height,8,6,9,4,0,
256,,468128.949,4313266.005,2431.164,,-105.3678938,38.96778497,2417.142,Global,0.012,0.011,0.012,0.017,1.934,m,FIX,2025-04-01 11:17:38.8 UTC-06:00,2025-04-01 11:17:41.8 UTC-06:00,16,1.2,1.4,468406.275,4313300.688,2434.672,-105.3646942,38.96810755,2420.645,279.715,,NAD83(2011) / UTM zone 13N + NAVD88(GEOID18) height,9,6,9,4,0,
257,,468128.908,4313265.793,2431.235,,-105.3678942,38.96778305,2417.213,Global,0.01,0.01,0.01,0.015,1.934,m,FIX,2025-04-01 11:17:52.8 UTC-06:00,2025-04-01 11:17:55.8 UTC-06:00,16,1.2,1.4,468406.275,4313300.688,2434.672,-105.3646942,38.96810755,2420.645,279.773,,NAD83(2011) / UTM zone 13N + NAVD88(GEOID18) height,9,6,9,4,0,
258,,468128.893,4313265.591,2431.322,,-105.3678944,38.96778123,2417.3,Global,0.011,0.012,0.01,0.016,1.934,m,FIX,2025-04-01 11:18:08.6 UTC-06:00,2025-04-01 11:18:11.6 UTC-06:00,16,1.2,1.4,468406.275,4313300.688,2434.672,-105.3646942,38.96810755,2420.645,279.821,,NAD83(2011) / UTM zone 13N + NAVD88(GEOID18) height,9,6,9,4,0,
259,,468128.878,4313265.407,2431.361,,-105.3678945,38.96777958,2417.339,Global,0.01,0.01,0.01,0.015,1.934,m,FIX,2025-04-01 11:18:23.8 UTC-06:00,2025-04-01 11:18:26.8 UTC-06:00,16,1.2,1.4,468406.275,4313300.688,2434.672,-105.3646942,38.96810755,2420.645,279.845,,NAD83(2011) / UTM zone 13N + NAVD88(GEOID18) height,9,6,9,4,0,
260,,468128.856,4313265.221,2431.424,,-105.3678948,38.9677779,2417.402,Global,0.011,0.011,0.01,0.015,1.934,m,FIX,2025-04-01 11:18:34.6 UTC-06:00,2025-04-01 11:18:37.6 UTC-06:00,16,1.2,1.4,468406.275,4313300.688,2434.672,-105.3646942,38.96810755,2420.645,279.898,,NAD83(2011) / UTM zone 13N + NAVD88(GEOID18) height,8,6,9,4,0,
261,,468128.844,4313265.029,2431.468,,-105.3678949,38.96777617,2417.446,Global,0.01,0.01,0.01,0.014,1.934,m,FIX,2025-04-01 11:18:51.2 UTC-06:00,2025-04-01 11:18:54.2 UTC-06:00,16,1.2,1.4,468406.275,4313300.688,2434.672,-105.3646942,38.96810755,2420.645,279.932,,NAD83(2011) / UTM zone 13N + NAVD88(GEOID18) height,8,6,9,4,0,
262,,468128.831,4313264.847,2431.516,,-105.3678951,38.96777453,2417.494,Global,0.013,0.011,0.011,0.017,1.934,m,FIX,2025-04-01 11:19:03.8 UTC-06:00,2025-04-01 11:19:06.8 UTC-06:00,16,1.1,1.3,468406.275,4313300.688,2434.672,-105.3646942,38.96810755,2420.645,279.971,,NAD83(2011) / UTM zone 13N + NAVD88(GEOID18) height,8,6,9,4,0,
263,,468128.809,4313264.638,2431.566,,-105.3678953,38.96777265,2417.544,Global,0.01,0.011,0.01,0.015,1.934,m,FIX,2025-04-01 11:19:17.0 UTC-06:00,2025-04-01 11:19:20.0 UTC-06:00,16,1.1,1.3,468406.275,4313300.688,2434.672,-105.3646942,38.96810755,2420.645,280.018,,NAD83(2011) / UTM zone 13N + NAVD88(GEOID18) height,9,6,9,4,0,
264,,468128.805,4313264.447,2431.617,,-105.3678953,38.96777093,2417.595,Global,0.011,0.01,0.01,0.015,1.934,m,FIX,2025-04-01 11:19:39.6 UTC-06:00,2025-04-01 11:19:42.6 UTC-06:00,16,1.1,1.3,468406.275,4313300.688,2434.672,-105.3646942,38.96810755,2420.645,280.048,,NAD83(2011) / UTM zone 13N + NAVD88(GEOID18) height,9,6,9,4,0,
265,,468128.782,4313264.259,2431.682,,-105.3678956,38.96776923,2417.66,Global,0.01,0.011,0.01,0.015,1.934,m,FIX,2025-04-01 11:19:56.4 UTC-06:00,2025-04-01 11:19:59.4 UTC-06:00,16,1.2,1.4,468406.275,4313300.688,2434.672,-105.3646942,38.96810755,2420.645,280.086,,NAD83(2011) / UTM zone 13N + NAVD88(GEOID18) height,9,6,9,4,0,
266,,468128.765,4313264.061,2431.745,,-105.3678958,38.96776744,2417.723,Global,0.011,0.011,0.01,0.015,1.934,m,FIX,2025-04-01 11:20:14.8 UTC-06:00,2025-04-01 11:20:17.8 UTC-06:00,16,1.2,1.4,468406.275,4313300.688,2434.672,-105.3646942,38.96810755,2420.645,280.134,,NAD83(2011) / UTM zone 13N + NAVD88(GEOID18) height,8,6,9,4,0,
267,,468128.744,4313263.871,2431.799,,-105.367896,38.96776573,2417.777,Global,0.011,0.011,0.011,0.015,1.934,m,FIX,2025-04-01 11:20:28.0 UTC-06:00,2025-04-01 11:20:31.0 UTC-06:00,16,1.2,1.4,468406.275,4313300.688,2434.672,-105.3646942,38.96810755,2420.645,280.178,,NAD83(2011) / UTM zone 13N + NAVD88(GEOID18) height,8,6,9,4,0,
268,,468128.744,4313263.68,2431.842,,-105.367896,38.96776401,2417.82,Global,0.01,0.011,0.011,0.015,1.934,m,FIX,2025-04-01 11:20:41.0 UTC-06:00,2025-04-01 11:20:44.0 UTC-06:00,16,1.2,1.4,468406.275,4313300.688,2434.672,-105.3646942,38.96810755,2420.645,280.208,,NAD83(2011) / UTM zone 13N + NAVD88(GEOID18) height,8,6,9,4,0,
269,,468128.73,4313263.473,2431.897,,-105.3678962,38.96776214,2417.875,Global,0.01,0.01,0.011,0.015,1.934,m,FIX,2025-04-01 11:20:53.4 UTC-06:00,2025-04-01 11:20:56.4 UTC-06:00,16,1.1,1.3,468406.275,4313300.688,2434.672,-105.3646942,38.96810755,2420.645,280.245,,NAD83(2011) / UTM zone 13N + NAVD88(GEOID18) height,8,6,9,4,0,
270,,468128.728,4313263.279,2431.972,,-105.3678962,38.9677604,2417.95,Global,0.011,0.01,0.01,0.015,1.934,m,FIX,2025-04-01 11:21:04.8 UTC-06:00,2025-04-01 11:21:07.8 UTC-06:00,16,1.2,1.4,468406.275,4313300.688,2434.672,-105.3646942,38.96810755,2420.645,280.272,,NAD83(2011) / UTM zone 13N + NAVD88(GEOID18) height,8,6,9,4,0,
271,,468128.723,4313263.092,2431.985,,-105.3678962,38.96775871,2417.963,Global,0.01,0.011,0.013,0.015,1.934,m,FIX,2025-04-01 11:21:23.8 UTC-06:00,2025-04-01 11:21:26.8 UTC-06:00,16,1.2,1.4,468406.275,4313300.688,2434.672,-105.3646942,38.96810755,2420.645,280.303,,NAD83(2011) / UTM zone 13N + NAVD88(GEOID18) height,8,6,9,4,0,
272,,468128.718,4313262.892,2432.021,,-105.3678963,38.96775691,2417.999,Global,0.01,0.011,0.011,0.015,1.934,m,FIX,2025-04-01 11:21:38.0 UTC-06:00,2025-04-01 11:21:41.0 UTC-06:00,16,1.2,1.4,468406.275,4313300.688,2434.672,-105.3646942,38.96810755,2420.645,280.329,,NAD83(2011) / UTM zone 13N + NAVD88(GEOID18) height,8,6,9,4,0,
273,,468128.7,4313262.703,2432.005,,-105.3678965,38.9677552,2417.983,Global,0.011,0.01,0.01,0.015,1.934,m,FIX,2025-04-01 11:21:48.8 UTC-06:00,2025-04-01 11:21:51.8 UTC-06:00,16,1.3,1.5,468406.275,4313300.688,2434.672,-105.3646942,38.96810755,2420.645,280.37,,NAD83(2011) / UTM zone 13N + NAVD88(GEOID18) height,8,5,9,4,0,
274,,468128.647,4313262.509,2432.033,,-105.3678971,38.96775345,2418.011,Global,0.011,0.01,0.011,0.015,1.934,m,FIX,2025-04-01 11:22:01.2 UTC-06:00,2025-04-01 11:22:04.2 UTC-06:00,16,1.3,1.5,468406.275,4313300.688,2434.672,-105.3646942,38.96810755,2420.645,280.456,,NAD83(2011) / UTM zone 13N + NAVD88(GEOID18) height,8,5,9,4,0,
275,,468128.606,4313262.324,2432.081,,-105.3678975,38.96775179,2418.059,Global,0.01,0.01,0.01,0.015,1.934,m,FIX,2025-04-01 11:22:13.0 UTC-06:00,2025-04-01 11:22:16.0 UTC-06:00,16,1.3,1.5,468406.275,4313300.688,2434.672,-105.3646942,38.96810755,2420.645,280.519,,NAD83(2011) / UTM zone 13N + NAVD88(GEOID18) height,8,6,9,4,0,
276,,468128.585,4313262.137,2432.153,,-105.3678978,38.9677501,2418.131,Global,0.01,0.01,0.01,0.015,1.934,m,FIX,2025-04-01 11:22:31.6 UTC-06:00,2025-04-01 11:22:34.6 UTC-06:00,16,1.1,1.3,468406.275,4313300.688,2434.672,-105.3646942,38.96810755,2420.645,280.57,,NAD83(2011) / UTM zone 13N + NAVD88(GEOID18) height,8,6,9,4,0,
277,,468128.557,4313261.934,2432.192,,-105.3678981,38.96774827,2418.17,Global,0.01,0.01,0.01,0.015,1.934,m,FIX,2025-04-01 11:22:43.2 UTC-06:00,2025-04-01 11:22:46.2 UTC-06:00,16,1.3,1.5,468406.275,4313300.688,2434.672,-105.3646942,38.96810755,2420.645,280.626,,NAD83(2011) / UTM zone 13N + NAVD88(GEOID18) height,8,6,9,4,0,
278,,468128.533,4313261.751,2432.194,,-105.3678984,38.96774662,2418.172,Global,0.01,0.01,0.011,0.015,1.934,m,FIX,2025-04-01 11:23:04.8 UTC-06:00,2025-04-01 11:23:07.8 UTC-06:00,16,1.2,1.4,468406.275,4313300.688,2434.672,-105.3646942,38.96810755,2420.645,280.673,,NAD83(2011) / UTM zone 13N + NAVD88(GEOID18) height,8,6,9,4,0,
279,,468128.515,4313261.549,2432.234,,-105.3678985,38.9677448,2418.212,Global,0.01,0.01,0.011,0.015,1.934,m,FIX,2025-04-01 11:23:20.2 UTC-06:00,2025-04-01 11:23:23.2 UTC-06:00,16,1.2,1.4,468406.275,4313300.688,2434.672,-105.3646942,38.96810755,2420.645,280.713,,NAD83(2011) / UTM zone 13N + NAVD88(GEOID18) height,8,6,9,4,0,
280,,468128.477,4313261.355,2432.27,,-105.367899,38.96774305,2418.248,Global,0.011,0.011,0.011,0.015,1.934,m,FIX,2025-04-01 11:23:30.0 UTC-06:00,2025-04-01 11:23:33.0 UTC-06:00,16,1.3,1.6,468406.275,4313300.688,2434.672,-105.3646942,38.96810755,2420.645,280.781,,NAD83(2011) / UTM zone 13N + NAVD88(GEOID18) height,8,6,9,4,0,
281,,468128.485,4313261.149,2432.269,,-105.3678989,38.9677412,2418.247,Global,0.013,0.014,0.01,0.019,1.934,m,FIX,2025-04-01 11:23:38.6 UTC-06:00,2025-04-01 11:23:41.6 UTC-06:00,16,1.3,1.6,468406.275,4313300.688,2434.672,-105.3646942,38.96810755,2420.645,280.815,,NAD83(2011) / UTM zone 13N + NAVD88(GEOID18) height,8,6,9,4,0,
282,,468128.489,4313260.979,2432.347,,-105.3678988,38.96773967,2418.324,Global,0.01,0.011,0.012,0.015,1.934,m,FIX,2025-04-01 11:24:00.6 UTC-06:00,2025-04-01 11:24:03.6 UTC-06:00,16,1.2,1.4,468406.275,4313300.688,2434.672,-105.3646942,38.96810755,2420.645,280.832,,NAD83(2011) / UTM zone 13N + NAVD88(GEOID18) height,8,6,9,4,0,
283,,468128.445,4313260.794,2432.42,,-105.3678993,38.967738,2418.398,Global,0.011,0.013,0.011,0.017,1.934,m,FIX,2025-04-01 11:24:11.0 UTC-06:00,2025-04-01 11:24:14.0 UTC-06:00,16,1.3,1.6,468406.275,4313300.688,2434.672,-105.3646942,38.96810755,2420.645,280.903,,NAD83(2011) / UTM zone 13N + NAVD88(GEOID18) height,8,6,9,4,0,
284,,468128.41,4313260.566,2432.456,,-105.3678997,38.96773594,2418.434,Global,0.012,0.01,0.01,0.016,1.934,m,FIX,2025-04-01 11:24:22.8 UTC-06:00,2025-04-01 11:24:25.8 UTC-06:00,16,1.5,1.8,468406.275,4313300.688,2434.672,-105.3646942,38.96810755,2420.645,280.958,,NAD83(2011) / UTM zone 13N + NAVD88(GEOID18) height,8,6,9,4,0,
285,,468128.406,4313260.398,2432.557,,-105.3678998,38.96773442,2418.535,Global,0.011,0.011,0.011,0.015,1.934,m,FIX,2025-04-01 11:24:32.8 UTC-06:00,2025-04-01 11:24:35.8 UTC-06:00,16,1.5,1.8,468406.275,4313300.688,2434.672,-105.3646942,38.96810755,2420.645,280.994,,NAD83(2011) / UTM zone 13N + NAVD88(GEOID18) height,8,6,9,4,0,
286,,468128.382,4313260.202,2432.487,,-105.3679,38.96773266,2418.465,Global,0.011,0.012,0.01,0.016,1.934,m,FIX,2025-04-01 11:24:46.0 UTC-06:00,2025-04-01 11:24:49.0 UTC-06:00,16,1.4,1.6,468406.275,4313300.688,2434.672,-105.3646942,38.96810755,2420.645,281.038,,NAD83(2011) / UTM zone 13N + NAVD88(GEOID18) height,8,6,9,4,0,
287,,468128.371,4313260.003,2432.557,,-105.3679001,38.96773086,2418.534,Global,0.011,0.01,0.01,0.015,1.934,m,FIX,2025-04-01 11:25:01.8 UTC-06:00,2025-04-01 11:25:04.8 UTC-06:00,16,1.4,1.7,468406.275,4313300.688,2434.672,-105.3646942,38.96810755,2420.645,281.073,,NAD83(2011) / UTM zone 13N + NAVD88(GEOID18) height,8,6,9,4,0,
288,,468128.329,4313259.817,2432.558,,-105.3679006,38.96772919,2418.536,Global,0.01,0.011,0.01,0.015,1.934,m,FIX,2025-04-01 11:25:12.2 UTC-06:00,2025-04-01 11:25:15.2 UTC-06:00,16,1.5,1.9,468406.275,4313300.688,2434.672,-105.3646942,38.96810755,2420.645,281.154,,NAD83(2011) / UTM zone 13N + NAVD88(GEOID18) height,8,6,9,4,0,
289,,468128.319,4313259.65,2432.604,,-105.3679007,38.96772768,2418.582,Global,0.01,0.012,0.017,0.016,1.934,m,FIX,2025-04-01 11:25:23.8 UTC-06:00,2025-04-01 11:25:26.8 UTC-06:00,16,1.4,1.7,468406.275,4313300.688,2434.672,-105.3646942,38.96810755,2420.645,281.184,,NAD83(2011) / UTM zone 13N + NAVD88(GEOID18) height,8,6,9,4,0,
290,,468128.291,4313259.425,2432.653,,-105.367901,38.96772565,2418.631,Global,0.011,0.012,0.01,0.016,1.934,m,FIX,2025-04-01 11:25:39.2 UTC-06:00,2025-04-01 11:25:42.2 UTC-06:00,16,1.5,1.9,468406.275,4313300.688,2434.672,-105.3646942,38.96810755,2420.645,281.248,,NAD83(2011) / UTM zone 13N + NAVD88(GEOID18) height,8,6,9,4,0,
291,,468128.268,4313259.228,2432.713,,-105.3679013,38.96772387,2418.691,Global,0.011,0.011,0.011,0.016,1.934,m,FIX,2025-04-01 11:26:00.8 UTC-06:00,2025-04-01 11:26:03.8 UTC-06:00,16,1.4,1.6,468406.275,4313300.688,2434.672,-105.3646942,38.96810755,2420.645,281.304,,NAD83(2011) / UTM zone 13N + NAVD88(GEOID18) height,8,6,9,4,0,
292,,468128.239,4313259.033,2432.78,,-105.3679016,38.96772211,2418.758,Global,0.011,0.011,0.011,0.016,1.934,m,FIX,2025-04-01 11:26:14.4 UTC-06:00,2025-04-01 11:26:17.4 UTC-06:00,16,1.5,1.9,468406.275,4313300.688,2434.672,-105.3646942,38.96810755,2420.645,281.359,,NAD83(2011) / UTM zone 13N + NAVD88(GEOID18) height,8,6,9,4,0,
293,,468128.214,4313258.866,2432.848,,-105.3679019,38.96772061,2418.826,Global,0.011,0.012,0.01,0.016,1.934,m,FIX,2025-04-01 11:26:27.0 UTC-06:00,2025-04-01 11:26:30.0 UTC-06:00,16,1.5,1.9,468406.275,4313300.688,2434.672,-105.3646942,38.96810755,2420.645,281.409,,NAD83(2011) / UTM zone 13N + NAVD88(GEOID18) height,8,6,9,4,0,
294,,468128.203,4313258.667,2432.896,,-105.367902,38.96771882,2418.874,Global,0.01,0.01,0.013,0.014,1.934,m,FIX,2025-04-01 11:26:38.4 UTC-06:00,2025-04-01 11:26:41.4 UTC-06:00,16,1.5,1.9,468406.275,4313300.688,2434.672,-105.3646942,38.96810755,2420.645,281.449,,NAD83(2011) / UTM zone 13N + NAVD88(GEOID18) height,8,6,9,4,0,
295,,468128.175,4313258.475,2432.943,,-105.3679023,38.96771709,2418.921,Global,0.012,0.01,0.011,0.016,1.934,m,FIX,2025-04-01 11:26:49.4 UTC-06:00,2025-04-01 11:26:52.4 UTC-06:00,16,1.5,1.9,468406.275,4313300.688,2434.672,-105.3646942,38.96810755,2420.645,281.512,,NAD83(2011) / UTM zone 13N + NAVD88(GEOID18) height,8,6,9,4,0,
296,,468128.163,4313258.303,2433.025,,-105.3679025,38.96771554,2419.003,Global,0.011,0.011,0.01,0.016,1.934,m,FIX,2025-04-01 11:27:00.8 UTC-06:00,2025-04-01 11:27:03.8 UTC-06:00,16,1.4,1.7,468406.275,4313300.688,2434.672,-105.3646942,38.96810755,2420.645,281.54,,NAD83(2011) / UTM zone 13N + NAVD88(GEOID18) height,8,6,9,4,0,
297,,468128.139,4313258.126,2433.11,,-105.3679027,38.96771394,2419.088,Global,0.01,0.011,0.012,0.015,1.934,m,FIX,2025-04-01 11:27:14.4 UTC-06:00,2025-04-01 11:27:17.4 UTC-06:00,16,1.4,1.7,468406.275,4313300.688,2434.672,-105.3646942,38.96810755,2420.645,281.59,,NAD83(2011) / UTM zone 13N + NAVD88(GEOID18) height,8,6,9,4,0,
298,,468128.119,4313257.928,2433.141,,-105.367903,38.96771215,2419.119,Global,0.013,0.01,0.015,0.016,1.934,m,FIX,2025-04-01 11:27:27.2 UTC-06:00,2025-04-01 11:27:30.2 UTC-06:00,16,1.4,1.7,468406.275,4313300.688,2434.672,-105.3646942,38.96810755,2420.645,281.647,,NAD83(2011) / UTM zone 13N + NAVD88(GEOID18) height,8,6,9,4,0,
299,,468128.093,4313257.756,2433.196,,-105.3679032,38.9677106,2419.174,Global,0.011,0.01,0.012,0.015,1.934,m,FIX,2025-04-01 11:27:40.8 UTC-06:00,2025-04-01 11:27:43.8 UTC-06:00,16,1.3,1.6,468406.275,4313300.688,2434.672,-105.3646942,38.96810755,2420.645,281.683,,NAD83(2011) / UTM zone 13N + NAVD88(GEOID18) height,8,6,9,4,0,
300,,468128.061,4313257.541,2433.221,,-105.3679036,38.96770867,2419.199,Global,0.01,0.011,0.01,0.015,1.934,m,FIX,2025-04-01 11:27:54.8 UTC-06:00,2025-04-01 11:27:57.8 UTC-06:00,16,1.3,1.6,468406.275,4313300.688,2434.672,-105.3646942,38.96810755,2420.645,281.76,,NAD83(2011) / UTM zone 13N + NAVD88(GEOID18) height,8,5,9,4,0,
301,,468128.043,4313257.367,2433.282,,-105.3679038,38.9677071,2419.26,Global,0.01,0.011,0.016,0.015,1.934,m,FIX,2025-04-01 11:28:10.8 UTC-06:00,2025-04-01 11:28:13.8 UTC-06:00,16,1.4,1.7,468406.275,4313300.688,2434.672,-105.3646942,38.96810755,2420.645,281.797,,NAD83(2011) / UTM zone 13N + NAVD88(GEOID18) height,8,5,9,4,0,
302,,468128.019,4313257.177,2433.316,,-105.3679041,38.96770538,2419.294,Global,0.01,0.011,0.012,0.015,1.934,m,FIX,2025-04-01 11:28:23.4 UTC-06:00,2025-04-01 11:28:26.4 UTC-06:00,16,1.4,1.7,468406.275,4313300.688,2434.672,-105.3646942,38.96810755,2420.645,281.846,,NAD83(2011) / UTM zone 13N + NAVD88(GEOID18) height,8,5,9,4,0,
303,,468127.993,4313256.961,2433.357,,-105.3679044,38.96770344,2419.335,Global,0.01,0.011,0.011,0.015,1.934,m,FIX,2025-04-01 11:28:43.4 UTC-06:00,2025-04-01 11:28:46.4 UTC-06:00,16,1.6,1.9,468406.275,4313300.688,2434.672,-105.3646942,38.96810755,2420.645,281.909,,NAD83(2011) / UTM zone 13N + NAVD88(GEOID18) height,8,4,9,4,0,
304,,468127.975,4313256.79,2433.403,,-105.3679046,38.9677019,2419.381,Global,0.01,0.013,0.018,0.016,1.934,m,FIX,2025-04-01 11:28:59.4 UTC-06:00,2025-04-01 11:29:02.4 UTC-06:00,16,1.4,1.7,468406.275,4313300.688,2434.672,-105.3646942,38.96810755,2420.645,281.952,,NAD83(2011) / UTM zone 13N + NAVD88(GEOID18) height,8,4,9,4,0,
305,,468127.933,4313256.571,2433.431,,-105.367905,38.96769992,2419.409,Global,0.01,0.01,0.012,0.015,1.934,m,FIX,2025-04-01 11:29:17.4 UTC-06:00,2025-04-01 11:29:20.4 UTC-06:00,16,1.6,1.9,468406.275,4313300.688,2434.672,-105.3646942,38.96810755,2420.645,282.032,,NAD83(2011) / UTM zone 13N + NAVD88(GEOID18) height,8,5,9,4,0,
306,,468127.91,4313256.391,2433.467,,-105.3679053,38.9676983,2419.445,Global,0.01,0.012,0.013,0.016,1.934,m,FIX,2025-04-01 11:29:45.8 UTC-06:00,2025-04-01 11:29:48.8 UTC-06:00,16,1.6,1.9,468406.275,4313300.688,2434.672,-105.3646942,38.96810755,2420.645,282.086,,NAD83(2011) / UTM zone 13N + NAVD88(GEOID18) height,8,5,9,4,0,
307,,468127.864,4313256.224,2433.518,,-105.3679058,38.96769679,2419.496,Global,0.011,0.01,0.016,0.015,1.934,m,FIX,2025-04-01 11:30:09.8 UTC-06:00,2025-04-01 11:30:12.8 UTC-06:00,16,1.4,1.7,468406.275,4313300.688,2434.672,-105.3646942,38.96810755,2420.645,282.163,,NAD83(2011) / UTM zone 13N + NAVD88(GEOID18) height,8,5,9,4,0,
308,,468127.832,4313256.032,2433.558,,-105.3679062,38.96769506,2419.536,Global,0.01,0.012,0.019,0.016,1.934,m,FIX,2025-04-01 11:30:21.4 UTC-06:00,2025-04-01 11:30:24.4 UTC-06:00,16,1.6,1.9,468406.275,4313300.688,2434.672,-105.3646942,38.96810755,2420.645,282.22,,NAD83(2011) / UTM zone 13N + NAVD88(GEOID18) height,8,5,9,4,0,
309,,468127.793,4313255.839,2433.652,,-105.3679066,38.96769331,2419.63,Global,0.011,0.012,0.019,0.016,1.934,m,FIX,2025-04-01 11:30:36.2 UTC-06:00,2025-04-01 11:30:39.2 UTC-06:00,16,1.6,1.9,468406.275,4313300.688,2434.672,-105.3646942,38.96810755,2420.645,282.282,,NAD83(2011) / UTM zone 13N + NAVD88(GEOID18) height,8,5,8,4,0,
310,,468127.752,4313255.648,2433.674,,-105.3679071,38.9676916,2419.652,Global,0.011,0.011,0.016,0.016,1.934,m,FIX,2025-04-01 11:30:59.2 UTC-06:00,2025-04-01 11:31:02.2 UTC-06:00,16,1.4,1.7,468406.275,4313300.688,2434.672,-105.3646942,38.96810755,2420.645,282.366,,NAD83(2011) / UTM zone 13N + NAVD88(GEOID18) height,8,5,8,4,0,
311,,468127.758,4313255.102,2433.812,,-105.367907,38.96768668,2419.79,Global,0.01,0.012,0.019,0.016,1.934,m,FIX,2025-04-01 11:31:42.0 UTC-06:00,2025-04-01 11:31:45.0 UTC-06:00,16,1.6,1.9,468406.275,4313300.688,2434.672,-105.3646942,38.96810755,2420.645,282.442,,NAD83(2011) / UTM zone 13N + NAVD88(GEOID18) height,8,5,8,4,0,
312,,468127.74,4313255.096,2433.828,,-105.3679072,38.96768662,2419.806,Global,0.012,0.011,0.021,0.016,1.934,m,FIX,2025-04-01 11:32:38.0 UTC-06:00,2025-04-01 11:33:08.0 UTC-06:00,151,1.4,1.7,468406.275,4313300.688,2434.672,-105.3646942,38.96810755,2420.645,282.462,,NAD83(2011) / UTM zone 13N + NAVD88(GEOID18) height,8,5,8,4,0,
313,,468127.612,4313255.103,2433.831,,-105.3679087,38.96768668,2419.809,Global,0.01,0.01,0.016,0.015,1.934,m,FIX,2025-04-01 11:33:32.8 UTC-06:00,2025-04-01 11:33:35.8 UTC-06:00,16,1.5,1.8,468406.275,4313300.688,2434.672,-105.3646942,38.96810755,2420.645,282.588,,NAD83(2011) / UTM zone 13N + NAVD88(GEOID18) height,8,5,8,4,0,
314,,468127.755,4313255.299,2433.753,,-105.367907,38.96768845,2419.731,Global,0.012,0.01,0.014,0.016,1.934,m,FIX,2025-04-01 11:33:45.8 UTC-06:00,2025-04-01 11:33:48.8 UTC-06:00,16,1.6,1.9,468406.275,4313300.688,2434.672,-105.3646942,38.96810755,2420.645,282.422,,NAD83(2011) / UTM zone 13N + NAVD88(GEOID18) height,8,5,9,4,0,
315,,468127.954,4313254.969,2433.753,,-105.3679047,38.96768548,2419.731,Global,0.01,0.01,0.016,0.015,1.934,m,FIX,2025-04-01 11:34:10.2 UTC-06:00,2025-04-01 11:34:13.2 UTC-06:00,16,1.4,1.8,468406.275,4313300.688,2434.672,-105.3646942,38.96810755,2420.645,282.266,,NAD83(2011) / UTM zone 13N + NAVD88(GEOID18) height,8,5,9,4,0,
316,,468127.766,4313254.726,2433.842,,-105.3679069,38.96768329,2419.82,Global,0.011,0.014,0.023,0.018,1.934,m,FIX,2025-04-01 11:34:24.0 UTC-06:00,2025-04-01 11:34:27.0 UTC-06:00,16,1.7,2.1,468406.275,4313300.688,2434.672,-105.3646942,38.96810755,2420.645,282.495,,NAD83(2011) / UTM zone 13N + NAVD88(GEOID18) height,8,6,9,4,0,
317,,468127.719,4313255.092,2433.815,,-105.3679074,38.96768659,2419.793,Global,0.01,0.012,0.019,0.016,1.934,m,FIX,2025-04-01 11:34:44.4 UTC-06:00,2025-04-01 11:34:47.4 UTC-06:00,16,1.6,1.9,468406.275,4313300.688,2434.672,-105.3646942,38.96810755,2420.645,282.488,,NAD83(2011) / UTM zone 13N + NAVD88(GEOID18) height,8,6,8,4,0,
318,,468127.742,4313255.1,2433.829,,-105.3679072,38.96768666,2419.807,Global,0.011,0.014,0.021,0.018,1.934,m,FIX,2025-04-01 11:34:56.6 UTC-06:00,2025-04-01 11:34:59.6 UTC-06:00,16,1.6,1.9,468406.275,4313300.688,2434.672,-105.3646942,38.96810755,2420.645,282.466,,NAD83(2011) / UTM zone 13N + NAVD88(GEOID18) height,8,6,8,4,0,
319,,468067.852,4313269.287,2437.276,,-105.3685991,38.96781231,2423.255,Global,0.011,0.011,0.011,0.015,1.934,m,FIX,2025-04-01 11:54:18.4 UTC-06:00,2025-04-01 11:54:48.4 UTC-06:00,151,1.8,2.2,468406.275,4313300.688,2434.672,-105.3646942,38.96810755,2420.645,340.172,,NAD83(2011) / UTM zone 13N + NAVD88(GEOID18) height,7,4,8,3,0,
320,,468067.855,4313269.284,2437.284,,-105.3685991,38.96781229,2423.264,Global,0.011,0.011,0.017,0.016,1.934,m,FIX,2025-04-01 11:55:08.6 UTC-06:00,2025-04-01 11:55:11.6 UTC-06:00,16,1.8,2.2,468406.275,4313300.688,2434.672,-105.3646942,38.96810755,2420.645,340.164,,NAD83(2011) / UTM zone 13N + NAVD88(GEOID18) height,7,4,7,3,0,
321,,468067.65,4313269.299,2437.292,,-105.3686015,38.96781242,2423.272,Global,0.01,0.011,0.012,0.015,1.934,m,FIX,2025-04-01 11:55:23.4 UTC-06:00,2025-04-01 11:55:26.4 UTC-06:00,16,1.8,2.2,468406.275,4313300.688,2434.672,-105.3646942,38.96810755,2420.645,340.366,,NAD83(2011) / UTM zone 13N + NAVD88(GEOID18) height,7,4,7,3,0,
322,,468067.866,4313269.456,2437.127,,-105.368599,38.96781384,2423.106,Global,0.011,0.012,0.013,0.016,1.934,m,FIX,2025-04-01 11:55:37.6 UTC-06:00,2025-04-01 11:55:40.6 UTC-06:00,16,1.8,2.2,468406.275,4313300.688,2434.672,-105.3646942,38.96810755,2420.645,340.143,,NAD83(2011) / UTM zone 13N + NAVD88(GEOID18) height,7,5,8,3,0,
323,,468068.026,4313269.269,2437.225,,-105.3685971,38.96781216,2423.204,Global,0.01,0.011,0.011,0.015,1.934,m,FIX,2025-04-01 11:55:48.8 UTC-06:00,2025-04-01 11:55:51.8 UTC-06:00,16,1.8,2.2,468406.275,4313300.688,2434.672,-105.3646942,38.96810755,2420.645,339.994,,NAD83(2011) / UTM zone 13N + NAVD88(GEOID18) height,7,5,8,3,0,
324,,468067.833,4313269.079,2437.401,,-105.3685993,38.96781044,2423.381,Global,0.01,0.01,0.013,0.015,1.934,m,FIX,2025-04-01 11:56:00.4 UTC-06:00,2025-04-01 11:56:03.4 UTC-06:00,16,1.8,2.2,468406.275,4313300.688,2434.672,-105.3646942,38.96810755,2420.645,340.213,,NAD83(2011) / UTM zone 13N + NAVD88(GEOID18) height,7,4,9,3,0,
325,,468067.822,4313269.29,2437.245,,-105.3685995,38.96781235,2423.224,Global,0.01,0.01,0.012,0.015,1.934,m,FIX,2025-04-01 11:56:16.6 UTC-06:00,2025-04-01 11:56:19.6 UTC-06:00,16,1.8,2.2,468406.275,4313300.688,2434.672,-105.3646942,38.96810755,2420.645,340.199,,NAD83(2011) / UTM zone 13N + NAVD88(GEOID18) height,7,4,8,3,0,
326,,468067.852,4313269.29,2437.271,,-105.3685991,38.96781234,2423.25,Global,0.01,0.01,0.011,0.014,1.934,m,FIX,2025-04-01 11:56:31.8 UTC-06:00,2025-04-01 11:56:34.8 UTC-06:00,16,1.8,2.2,468406.275,4313300.688,2434.672,-105.3646942,38.96810755,2420.645,340.164,,NAD83(2011) / UTM zone 13N + NAVD88(GEOID18) height,7,5,8,3,0,
327,,468067.903,4313269.498,2437.101,,-105.3685986,38.96781422,2423.08,Global,0.012,0.012,0.012,0.017,1.934,m,FIX,2025-04-01 11:57:37.4 UTC-06:00,2025-04-01 11:57:40.4 UTC-06:00,16,1.8,2.2,468406.275,4313300.688,2434.672,-105.3646942,38.96810755,2420.645,340.102,,NAD83(2011) / UTM zone 13N + NAVD88(GEOID18) height,7,5,9,3,0,
328,,468067.948,4313269.872,2436.844,,-105.3685981,38.9678176,2422.824,Global,0.012,0.01,0.011,0.016,1.934,m,FIX,2025-04-01 11:57:50.6 UTC-06:00,2025-04-01 11:57:53.6 UTC-06:00,16,1.8,2.2,468406.275,4313300.688,2434.672,-105.3646942,38.96810755,2420.645,340.005,,NAD83(2011) / UTM zone 13N + NAVD88(GEOID18) height,7,5,10,3,0,
329,,468068.058,4313270.315,2436.43,,-105.3685968,38.96782159,2422.409,Global,0.011,0.01,0.011,0.015,1.934,m,FIX,2025-04-01 11:58:15.0 UTC-06:00,2025-04-01 11:58:18.0 UTC-06:00,16,2.4,3.1,468406.275,4313300.688,2434.672,-105.3646942,38.96810755,2420.645,339.863,,NAD83(2011) / UTM zone 13N + NAVD88(GEOID18) height,7,5,8,3,0,
330,,468068.163,4313270.727,2436.153,,-105.3685956,38.96782531,2422.132,Global,0.01,0.011,0.011,0.015,1.934,m,FIX,2025-04-01 11:58:37.6 UTC-06:00,2025-04-01 11:58:40.6 UTC-06:00,16,1.8,2.2,468406.275,4313300.688,2434.672,-105.3646942,38.96810755,2420.645,339.712,,NAD83(2011) / UTM zone 13N + NAVD88(GEOID18) height,7,5,8,3,0,
331,,468068.266,4313271.122,2435.903,,-105.3685944,38.96782887,2421.882,Global,0.01,0.012,0.014,0.016,1.934,m,FIX,2025-04-01 11:58:56.2 UTC-06:00,2025-04-01 11:58:59.2 UTC-06:00,16,1.8,2.2,468406.275,4313300.688,2434.672,-105.3646942,38.96810755,2420.645,339.57,,NAD83(2011) / UTM zone 13N + NAVD88(GEOID18) height,7,5,8,3,0,
332,,468068.395,4313271.543,2435.682,,-105.368593,38.96783267,2421.662,Global,0.011,0.011,0.011,0.015,1.934,m,FIX,2025-04-01 11:59:17.0 UTC-06:00,2025-04-01 11:59:20.0 UTC-06:00,16,1.8,2.2,468406.275,4313300.688,2434.672,-105.3646942,38.96810755,2420.645,339.409,,NAD83(2011) / UTM zone 13N + NAVD88(GEOID18) height,7,5,9,3,0,
333,,468068.511,4313271.972,2435.246,,-105.3685917,38.96783654,2421.226,Global,0.011,0.01,0.03,0.015,1.934,m,FIX,2025-04-01 11:59:32.2 UTC-06:00,2025-04-01 11:59:35.2 UTC-06:00,16,2.4,3.1,468406.275,4313300.688,2434.672,-105.3646942,38.96810755,2420.645,339.255,,NAD83(2011) / UTM zone 13N + NAVD88(GEOID18) height,7,5,9,3,0,
334,,468068.634,4313272.38,2434.992,,-105.3685903,38.96784022,2420.971,Global,0.011,0.012,0.016,0.016,1.934,m,FIX,2025-04-01 11:59:46.8 UTC-06:00,2025-04-01 11:59:49.8 UTC-06:00,16,1.8,2.2,468406.275,4313300.688,2434.672,-105.3646942,38.96810755,2420.645,339.09,,NAD83(2011) / UTM zone 13N + NAVD88(GEOID18) height,7,5,8,4,0,
335,,468068.74,4313272.824,2434.783,,-105.3685891,38.96784422,2420.762,Global,0.011,0.01,0.013,0.015,1.934,m,FIX,2025-04-01 12:00:05.0 UTC-06:00,2025-04-01 12:00:08.0 UTC-06:00,16,1.8,2.2,468406.275,4313300.688,2434.672,-105.3646942,38.96810755,2420.645,338.953,,NAD83(2011) / UTM zone 13N + NAVD88(GEOID18) height,7,4,8,4,0,
336,,468068.839,4313273.275,2434.715,,-105.3685879,38.96784829,2420.695,Global,0.011,0.011,0.011,0.015,1.934,m,FIX,2025-04-01 12:00:25.2 UTC-06:00,2025-04-01 12:00:28.2 UTC-06:00,16,1.8,2.2,468406.275,4313300.688,2434.672,-105.3646942,38.96810755,2420.645,338.806,,NAD83(2011) / UTM zone 13N + NAVD88(GEOID18) height,7,5,9,4,0,
337,,468068.985,4313273.697,2434.623,,-105.3685863,38.9678521,2420.603,Global,0.012,0.012,0.012,0.017,1.934,m,FIX,2025-04-01 12:00:41.6 UTC-06:00,2025-04-01 12:00:44.6 UTC-06:00,16,1.8,2.2,468406.275,4313300.688,2434.672,-105.3646942,38.96810755,2420.645,338.641,,NAD83(2011) / UTM zone 13N + NAVD88(GEOID18) height,7,5,9,4,0,
338,,468069.157,4313274.098,2433.754,,-105.3685843,38.96785572,2419.733,Global,0.01,0.01,0.011,0.014,1.934,m,FIX,2025-04-01 12:01:11.2 UTC-06:00,2025-04-01 12:01:14.2 UTC-06:00,16,1.7,2.2,468406.275,4313300.688,2434.672,-105.3646942,38.96810755,2420.645,338.426,,NAD83(2011) / UTM zone 13N + NAVD88(GEOID18) height,7,5,9,4,0,
339,,468069.25,4313274.514,2433.635,,-105.3685833,38.96785947,2419.615,Global,0.011,0.012,0.011,0.016,1.934,m,FIX,2025-04-01 12:01:33.0 UTC-06:00,2025-04-01 12:01:36.0 UTC-06:00,16,1.7,2.2,468406.275,4313300.688,2434.672,-105.3646942,38.96810755,2420.645,338.308,,NAD83(2011) / UTM zone 13N + NAVD88(GEOID18) height,7,5,9,4,0,
340,,468069.326,4313274.945,2433.476,,-105.3685824,38.96786336,2419.455,Global,0.01,0.01,0.011,0.015,1.934,m,FIX,2025-04-01 12:01:49.2 UTC-06:00,2025-04-01 12:01:52.2 UTC-06:00,16,1.7,2.2,468406.275,4313300.688,2434.672,-105.3646942,38.96810755,2420.645,338.193,,NAD83(2011) / UTM zone 13N + NAVD88(GEOID18) height,7,5,10,4,0,
341,,468069.435,4313275.387,2433.384,,-105.3685812,38.96786735,2419.363,Global,0.01,0.011,0.01,0.015,1.934,m,FIX,2025-04-01 12:02:02.6 UTC-06:00,2025-04-01 12:02:05.6 UTC-06:00,16,1.7,2.2,468406.275,4313300.688,2434.672,-105.3646942,38.96810755,2420.645,338.051,,NAD83(2011) / UTM zone 13N + NAVD88(GEOID18) height,7,5,8,4,0,
342,,468069.524,4313275.819,2433.279,,-105.3685801,38.96787124,2419.259,Global,0.011,0.01,0.012,0.015,1.934,m,FIX,2025-04-01 12:02:14.0 UTC-06:00,2025-04-01 12:02:17.0 UTC-06:00,16,1.7,2.2,468406.275,4313300.688,2434.672,-105.3646942,38.96810755,2420.645,337.927,,NAD83(2011) / UTM zone 13N + NAVD88(GEOID18) height,7,5,9,3,0,
343,,468069.626,4313276.256,2433.159,,-105.368579,38.96787518,2419.139,Global,0.011,0.01,0.012,0.015,1.934,m,FIX,2025-04-01 12:02:25.8 UTC-06:00,2025-04-01 12:02:28.8 UTC-06:00,16,2.4,3.1,468406.275,4313300.688,2434.672,-105.3646942,38.96810755,2420.645,337.796,,NAD83(2011) / UTM zone 13N + NAVD88(GEOID18) height,7,6,9,4,0,
344,,468069.726,4313276.683,2432.858,,-105.3685779,38.96787903,2418.837,Global,0.011,0.01,0.011,0.015,1.934,m,FIX,2025-04-01 12:02:45.8 UTC-06:00,2025-04-01 12:02:48.8 UTC-06:00,16,1.7,2.2,468406.275,4313300.688,2434.672,-105.3646942,38.96810755,2420.645,337.67,,NAD83(2011) / UTM zone 13N + NAVD88(GEOID18) height,7,5,8,4,0,
345,,468069.734,4313277.12,2432.586,,-105.3685778,38.96788297,2418.565,Global,0.011,0.011,0.013,0.015,1.934,m,FIX,2025-04-01 12:03:00.8 UTC-06:00,2025-04-01 12:03:03.8 UTC-06:00,16,2.4,3,468406.275,4313300.688,2434.672,-105.3646942,38.96810755,2420.645,337.621,,NAD83(2011) / UTM zone 13N + NAVD88(GEOID18) height,7,6,10,4,0,
346,,468069.824,4313277.556,2432.306,,-105.3685768,38.9678869,2418.285,Global,0.01,0.011,0.015,0.015,1.934,m,FIX,2025-04-01 12:03:20.8 UTC-06:00,2025-04-01 12:03:23.8 UTC-06:00,16,1.7,2.2,468406.275,4313300.688,2434.672,-105.3646942,38.96810755,2420.645,337.5,,NAD83(2011) / UTM zone 13N + NAVD88(GEOID18) height,7,5,9,4,0,
347,,468069.92,4313278.003,2432.155,,-105.3685757,38.96789094,2418.135,Global,0.01,0.01,0.018,0.015,1.934,m,FIX,2025-04-01 12:03:33.6 UTC-06:00,2025-04-01 12:03:36.6 UTC-06:00,16,2.4,3,468406.275,4313300.688,2434.672,-105.3646942,38.96810755,2420.645,337.377,,NAD83(2011) / UTM zone 13N + NAVD88(GEOID18) height,7,6,10,4,0,
348,,468069.998,4313278.427,2431.998,,-105.3685748,38.96789476,2417.977,Global,0.01,0.011,0.013,0.015,1.934,m,FIX,2025-04-01 12:03:46.2 UTC-06:00,2025-04-01 12:03:49.2 UTC-06:00,16,1.7,2.2,468406.275,4313300.688,2434.672,-105.3646942,38.96810755,2420.645,337.268,,NAD83(2011) / UTM zone 13N + NAVD88(GEOID18) height,7,6,10,4,0,
349,,468070.083,4313278.866,2431.756,,-105.3685738,38.96789872,2417.736,Global,0.01,0.011,0.012,0.015,1.934,m,FIX,2025-04-01 12:04:04.4 UTC-06:00,2025-04-01 12:04:07.4 UTC-06:00,16,2.4,3,468406.275,4313300.688,2434.672,-105.3646942,38.96810755,2420.645,337.159,,NAD83(2011) / UTM zone 13N + NAVD88(GEOID18) height,6,5,9,4,0,
350,,468070.123,4313279.279,2431.398,,-105.3685734,38.96790244,2417.378,Global,0.01,0.011,0.01,0.015,1.934,m,FIX,2025-04-01 12:04:20.2 UTC-06:00,2025-04-01 12:04:23.2 UTC-06:00,16,1.7,2.1,468406.275,4313300.688,2434.672,-105.3646942,38.96810755,2420.645,337.093,,NAD83(2011) / UTM zone 13N + NAVD88(GEOID18) height,6,5,8,4,0,
351,,468070.22,4313279.692,2431.066,,-105.3685723,38.96790616,2417.046,Global,0.011,0.011,0.011,0.015,1.934,m,FIX,2025-04-01 12:04:36.6 UTC-06:00,2025-04-01 12:04:39.6 UTC-06:00,16,1.7,2.1,468406.275,4313300.688,2434.672,-105.3646942,38.96810755,2420.645,336.968,,NAD83(2011) / UTM zone 13N + NAVD88(GEOID18) height,7,6,10,3,0,
352,,468070.318,4313280.135,2430.862,,-105.3685712,38.96791016,2416.842,Global,0.011,0.011,0.01,0.016,1.934,m,FIX,2025-04-01 12:04:51.0 UTC-06:00,2025-04-01 12:04:54.0 UTC-06:00,16,1.7,2.1,468406.275,4313300.688,2434.672,-105.3646942,38.96810755,2420.645,336.849,,NAD83(2011) / UTM zone 13N + NAVD88(GEOID18) height,6,6,9,4,0,
353,,468070.399,4313280.567,2430.686,,-105.3685703,38.96791406,2416.665,Global,0.011,0.012,0.011,0.016,1.934,m,FIX,2025-04-01 12:05:04.4 UTC-06:00,2025-04-01 12:05:07.4 UTC-06:00,16,1.7,2.1,468406.275,4313300.688,2434.672,-105.3646942,38.96810755,2420.645,336.734,,NAD83(2011) / UTM zone 13N + NAVD88(GEOID18) height,6,5,9,3,0,
354,,468070.454,4313280.961,2430.668,,-105.3685696,38.96791761,2416.647,Global,0.011,0.011,0.017,0.015,1.934,m,FIX,2025-04-01 12:05:45.6 UTC-06:00,2025-04-01 12:06:15.6 UTC-06:00,151,1.7,2.1,468406.275,4313300.688,2434.672,-105.3646942,38.96810755,2420.645,336.668,,NAD83(2011) / UTM zone 13N + NAVD88(GEOID18) height,7,5,7,4,0,
355,,468070.452,4313280.961,2430.688,,-105.3685697,38.96791761,2416.668,Global,0.01,0.01,0.011,0.014,1.934,m,FIX,2025-04-01 12:06:31.6 UTC-06:00,2025-04-01 12:06:34.6 UTC-06:00,16,1.7,2.1,468406.275,4313300.688,2434.672,-105.3646942,38.96810755,2420.645,336.667,,NAD83(2011) / UTM zone 13N + NAVD88(GEOID18) height,6,6,7,4,0,
356,,468070.225,4313281.037,2430.64,,-105.3685723,38.96791829,2416.619,Global,0.01,0.01,0.012,0.015,1.934,m,FIX,2025-04-01 12:06:42.2 UTC-06:00,2025-04-01 12:06:45.2 UTC-06:00,16,1.7,2.1,468406.275,4313300.688,2434.672,-105.3646942,38.96810755,2420.645,336.884,,NAD83(2011) / UTM zone 13N + NAVD88(GEOID18) height,6,5,7,4,0,
357,,468070.514,4313281.194,2430.623,,-105.368569,38.96791971,2416.603,Global,0.01,0.011,0.013,0.015,1.934,m,FIX,2025-04-01 12:06:52.2 UTC-06:00,2025-04-01 12:06:55.2 UTC-06:00,16,2.4,3,468406.275,4313300.688,2434.672,-105.3646942,38.96810755,2420.645,336.584,,NAD83(2011) / UTM zone 13N + NAVD88(GEOID18) height,7,6,8,4,0,
358,,468070.704,4313280.9,2430.747,,-105.3685668,38.96791707,2416.726,Global,0.01,0.011,0.011,0.015,1.934,m,FIX,2025-04-01 12:07:04.2 UTC-06:00,2025-04-01 12:07:07.2 UTC-06:00,16,2.4,3,468406.275,4313300.688,2434.672,-105.3646942,38.96810755,2420.645,336.413,,NAD83(2011) / UTM zone 13N + NAVD88(GEOID18) height,6,6,7,4,0,
359,,468070.404,4313280.75,2430.634,,-105.3685702,38.96791571,2416.613,Global,0.011,0.011,0.013,0.016,1.934,m,FIX,2025-04-01 12:07:15.6 UTC-06:00,2025-04-01 12:07:18.6 UTC-06:00,16,2.3,3,468406.275,4313300.688,2434.672,-105.3646942,38.96810755,2420.645,336.733,,NAD83(2011) / UTM zone 13N + NAVD88(GEOID18) height,6,6,7,4,0,
360,,468070.446,4313280.947,2430.624,,-105.3685697,38.96791748,2416.604,Global,0.01,0.01,0.012,0.015,1.934,m,FIX,2025-04-01 12:07:35.4 UTC-06:00,2025-04-01 12:07:38.4 UTC-06:00,16,2.3,3,468406.275,4313300.688,2434.672,-105.3646942,38.96810755,2420.645,336.673,,NAD83(2011) / UTM zone 13N + NAVD88(GEOID18) height,6,6,7,4,0,
361,,468070.451,4313280.966,2430.683,,-105.3685697,38.96791765,2416.663,Global,0.011,0.01,0.014,0.015,1.934,m,FIX,2025-04-01 12:07:47.8 UTC-06:00,2025-04-01 12:07:50.8 UTC-06:00,16,2.3,3,468406.275,4313300.688,2434.672,-105.3646942,38.96810755,2420.645,336.661,,NAD83(2011) / UTM zone 13N + NAVD88(GEOID18) height,6,6,7,4,0,
362,,468070.483,4313281.016,2430.637,,-105.3685693,38.96791811,2416.616,Global,0.011,0.011,0.015,0.015,1.934,m,FIX,2025-04-01 12:08:18.8 UTC-06:00,2025-04-01 12:08:21.8 UTC-06:00,16,2.3,3,468406.275,4313300.688,2434.672,-105.3646942,38.96810755,2420.645,336.636,,NAD83(2011) / UTM zone 13N + NAVD88(GEOID18) height,6,5,7,4,0,
363,,468070.54,4313281.204,2430.611,,-105.3685687,38.96791981,2416.591,Global,0.01,0.01,0.015,0.015,1.934,m,FIX,2025-04-01 12:08:31.4 UTC-06:00,2025-04-01 12:08:34.4 UTC-06:00,16,2.3,3,468406.275,4313300.688,2434.672,-105.3646942,38.96810755,2420.645,336.563,,NAD83(2011) / UTM zone 13N + NAVD88(GEOID18) height,6,5,7,4,0,
364,,468070.59,4313281.406,2430.515,,-105.3685681,38.96792163,2416.494,Global,0.012,0.011,0.014,0.016,1.934,m,FIX,2025-04-01 12:08:44.8 UTC-06:00,2025-04-01 12:08:47.8 UTC-06:00,16,2.3,3,468406.275,4313300.688,2434.672,-105.3646942,38.96810755,2420.645,336.503,,NAD83(2011) / UTM zone 13N + NAVD88(GEOID18) height,6,5,7,4,0,
365,,468070.634,4313281.584,2430.472,,-105.3685676,38.96792323,2416.451,Global,0.011,0.012,0.015,0.017,1.934,m,FIX,2025-04-01 12:08:54.6 UTC-06:00,2025-04-01 12:08:57.6 UTC-06:00,16,2.3,2.9,468406.275,4313300.688,2434.672,-105.3646942,38.96810755,2420.645,336.447,,NAD83(2011) / UTM zone 13N + NAVD88(GEOID18) height,6,5,7,4,0,
366,,468070.688,4313281.755,2430.405,,-105.368567,38.96792477,2416.385,Global,0.01,0.011,0.011,0.015,1.934,m,FIX,2025-04-01 12:09:05.2 UTC-06:00,2025-04-01 12:09:08.2 UTC-06:00,16,2.3,2.9,468406.275,4313300.688,2434.672,-105.3646942,38.96810755,2420.645,336.386,,NAD83(2011) / UTM zone 13N + NAVD88(GEOID18) height,6,5,7,4,0,
367,,468070.725,4313281.963,2430.271,,-105.3685666,38.96792665,2416.25,Global,0.011,0.01,0.011,0.015,1.934,m,FIX,2025-04-01 12:09:17.0 UTC-06:00,2025-04-01 12:09:20.0 UTC-06:00,16,2.3,2.9,468406.275,4313300.688,2434.672,-105.3646942,38.96810755,2420.645,336.337,,NAD83(2011) / UTM zone 13N + NAVD88(GEOID18) height,6,6,7,3,0,
368,,468070.785,4313282.147,2430.156,,-105.3685659,38.96792831,2416.135,Global,0.011,0.011,0.013,0.016,1.934,m,FIX,2025-04-01 12:09:27.6 UTC-06:00,2025-04-01 12:09:30.6 UTC-06:00,16,2.3,2.9,468406.275,4313300.688,2434.672,-105.3646942,38.96810755,2420.645,336.273,,NAD83(2011) / UTM zone 13N + NAVD88(GEOID18) height,6,6,7,4,0,
369,,468070.831,4313282.345,2430.055,,-105.3685654,38.96793009,2416.034,Global,0.012,0.011,0.012,0.016,1.934,m,FIX,2025-04-01 12:09:42.2 UTC-06:00,2025-04-01 12:09:45.2 UTC-06:00,16,2.3,2.9,468406.275,4313300.688,2434.672,-105.3646942,38.96810755,2420.645,336.225,,NAD83(2011) / UTM zone 13N + NAVD88(GEOID18) height,6,6,7,3,0,
370,,468070.864,4313282.539,2429.965,,-105.368565,38.96793184,2415.944,Global,0.01,0.012,0.011,0.016,1.934,m,FIX,2025-04-01 12:09:57.0 UTC-06:00,2025-04-01 12:10:00.0 UTC-06:00,16,2.3,2.9,468406.275,4313300.688,2434.672,-105.3646942,38.96810755,2420.645,336.171,,NAD83(2011) / UTM zone 13N + NAVD88(GEOID18) height,6,5,8,4,0,
371,,468070.93,4313282.733,2429.934,,-105.3685642,38.9679336,2415.913,Global,0.01,0.013,0.018,0.017,1.934,m,FIX,2025-04-01 12:10:10.6 UTC-06:00,2025-04-01 12:10:13.6 UTC-06:00,16,2.3,2.9,468406.275,4313300.688,2434.672,-105.3646942,38.96810755,2420.645,336.094,,NAD83(2011) / UTM zone 13N + NAVD88(GEOID18) height,7,5,8,4,0,
372,,468070.953,4313282.928,2429.72,,-105.368564,38.96793536,2415.7,Global,0.01,0.011,0.017,0.015,1.934,m,FIX,2025-04-01 12:10:35.4 UTC-06:00,2025-04-01 12:10:38.4 UTC-06:00,16,2.3,2.9,468406.275,4313300.688,2434.672,-105.3646942,38.96810755,2420.645,336.059,,NAD83(2011) / UTM zone 13N + NAVD88(GEOID18) height,7,5,8,3,0,
373,,468070.997,4313283.105,2429.661,,-105.3685635,38.96793695,2415.64,Global,0.011,0.01,0.023,0.015,1.934,m,FIX,2025-04-01 12:10:48.0 UTC-06:00,2025-04-01 12:10:51.0 UTC-06:00,16,2.3,2.9,468406.275,4313300.688,2434.672,-105.3646942,38.96810755,2420.645,336.013,,NAD83(2011) / UTM zone 13N + NAVD88(GEOID18) height,7,6,8,4,0,
374,,468071.037,4313283.319,2429.507,,-105.368563,38.96793888,2415.486,Global,0.011,0.011,0.014,0.016,1.934,m,FIX,2025-04-01 12:11:03.2 UTC-06:00,2025-04-01 12:11:06.2 UTC-06:00,16,2.3,2.9,468406.275,4313300.688,2434.672,-105.3646942,38.96810755,2420.645,335.957,,NAD83(2011) / UTM zone 13N + NAVD88(GEOID18) height,7,5,8,4,0,
375,,468071.1,4313283.488,2429.375,,-105.3685623,38.9679404,2415.355,Global,0.01,0.01,0.011,0.014,1.934,m,FIX,2025-04-01 12:11:17.8 UTC-06:00,2025-04-01 12:11:20.8 UTC-06:00,16,2.3,2.9,468406.275,4313300.688,2434.672,-105.3646942,38.96810755,2420.645,335.888,,NAD83(2011) / UTM zone 13N + NAVD88(GEOID18) height,7,5,8,4,0,
376,,468071.14,4313283.689,2429.269,,-105.3685619,38.96794222,2415.249,Global,0.01,0.01,0.016,0.015,1.934,m,FIX,2025-04-01 12:11:38.8 UTC-06:00,2025-04-01 12:11:41.8 UTC-06:00,16,2.3,2.9,468406.275,4313300.688,2434.672,-105.3646942,38.96810755,2420.645,335.842,,NAD83(2011) / UTM zone 13N + NAVD88(GEOID18) height,7,6,8,4,0,
377,,468071.18,4313283.868,2429.309,,-105.3685614,38.96794383,2415.289,Global,0.011,0.011,0.012,0.015,1.934,m,FIX,2025-04-01 12:11:48.6 UTC-06:00,2025-04-01 12:11:51.6 UTC-06:00,16,2.3,2.9,468406.275,4313300.688,2434.672,-105.3646942,38.96810755,2420.645,335.794,,NAD83(2011) / UTM zone 13N + NAVD88(GEOID18) height,7,6,8,4,0,
378,,468071.253,4313284.079,2429.243,,-105.3685606,38.96794573,2415.223,Global,0.011,0.01,0.012,0.015,1.934,m,FIX,2025-04-01 12:12:02.6 UTC-06:00,2025-04-01 12:12:05.6 UTC-06:00,16,2.3,2.9,468406.275,4313300.688,2434.672,-105.3646942,38.96810755,2420.645,335.708,,NAD83(2011) / UTM zone 13N + NAVD88(GEOID18) height,6,6,8,4,0,
379,,468071.278,4313284.292,2429.183,,-105.3685603,38.96794766,2415.162,Global,0.011,0.013,0.015,0.017,1.934,m,FIX,2025-04-01 12:12:57.0 UTC-06:00,2025-04-01 12:13:00.0 UTC-06:00,16,2.2,2.8,468406.275,4313300.688,2434.672,-105.3646942,38.96810755,2420.645,335.679,,NAD83(2011) / UTM zone 13N + NAVD88(GEOID18) height,7,6,8,4,0,
380,,468071.323,4313284.502,2429.275,,-105.3685598,38.96794955,2415.255,Global,0.01,0.01,0.011,0.015,1.934,m,FIX,2025-04-01 12:13:18.2 UTC-06:00,2025-04-01 12:13:21.2 UTC-06:00,16,2.2,2.8,468406.275,4313300.688,2434.672,-105.3646942,38.96810755,2420.645,335.62,,NAD83(2011) / UTM zone 13N + NAVD88(GEOID18) height,6,6,8,4,0,
381,,468071.396,4313284.683,2429.351,,-105.3685589,38.96795118,2415.331,Global,0.011,0.01,0.013,0.015,1.934,m,FIX,2025-04-01 12:13:30.0 UTC-06:00,2025-04-01 12:13:33.0 UTC-06:00,16,2.2,2.8,468406.275,4313300.688,2434.672,-105.3646942,38.96810755,2420.645,335.535,,NAD83(2011) / UTM zone 13N + NAVD88(GEOID18) height,7,5,7,3,0,
382,,468071.457,4313284.855,2429.294,,-105.3685583,38.96795274,2415.274,Global,0.012,0.012,0.011,0.017,1.934,m,FIX,2025-04-01 12:13:51.6 UTC-06:00,2025-04-01 12:13:54.6 UTC-06:00,16,2.2,2.8,468406.275,4313300.688,2434.672,-105.3646942,38.96810755,2420.645,335.456,,NAD83(2011) / UTM zone 13N + NAVD88(GEOID18) height,7,6,7,5,0,
383,,468071.456,4313284.931,2428.883,,-105.3685583,38.96795342,2414.862,Global,0.01,0.01,0.015,0.015,1.934,m,FIX,2025-04-01 12:14:14.4 UTC-06:00,2025-04-01 12:14:17.4 UTC-06:00,16,2.2,2.8,468406.275,4313300.688,2434.672,-105.3646942,38.96810755,2420.645,335.474,,NAD83(2011) / UTM zone 13N + NAVD88(GEOID18) height,7,6,7,4,0,
384,,468071.525,4313285.055,2428.46,,-105.3685575,38.96795454,2414.439,Global,0.01,0.01,0.013,0.015,1.934,m,FIX,2025-04-01 12:14:53.0 UTC-06:00,2025-04-01 12:14:56.0 UTC-06:00,16,2,2.5,468406.275,4313300.688,2434.672,-105.3646942,38.96810755,2420.645,335.399,,NAD83(2011) / UTM zone 13N + NAVD88(GEOID18) height,8,6,7,5,0,
385,,468071.571,4313285.223,2428.447,,-105.368557,38.96795606,2414.427,Global,0.01,0.01,0.011,0.015,1.934,m,FIX,2025-04-01 12:15:06.8 UTC-06:00,2025-04-01 12:15:09.8 UTC-06:00,16,2,2.5,468406.275,4313300.688,2434.672,-105.3646942,38.96810755,2420.645,335.349,,NAD83(2011) / UTM zone 13N + NAVD88(GEOID18) height,8,5,8,5,0,
386,,468071.66,4313285.419,2428.505,,-105.3685559,38.96795783,2414.484,Global,0.011,0.01,0.012,0.015,1.934,m,FIX,2025-04-01 12:15:20.6 UTC-06:00,2025-04-01 12:15:23.6 UTC-06:00,16,2,2.5,468406.275,4313300.688,2434.672,-105.3646942,38.96810755,2420.645,335.243,,NAD83(2011) / UTM zone 13N + NAVD88(GEOID18) height,9,5,8,4,0,
387,,468071.683,4313285.66,2428.595,,-105.3685557,38.96795999,2414.575,Global,0.012,0.01,0.016,0.016,1.934,m,FIX,2025-04-01 12:15:38.8 UTC-06:00,2025-04-01 12:15:41.8 UTC-06:00,16,2,2.5,468406.275,4313300.688,2434.672,-105.3646942,38.96810755,2420.645,335.203,,NAD83(2011) / UTM zone 13N + NAVD88(GEOID18) height,8,6,8,5,0,
388,,468071.713,4313285.834,2428.537,,-105.3685553,38.96796156,2414.516,Global,0.011,0.011,0.012,0.015,1.934,m,FIX,2025-04-01 12:15:56.8 UTC-06:00,2025-04-01 12:15:59.8 UTC-06:00,16,2,2.5,468406.275,4313300.688,2434.672,-105.3646942,38.96810755,2420.645,335.18,,NAD83(2011) / UTM zone 13N + NAVD88(GEOID18) height,8,6,7,5,0,
389,,468071.722,4313286.063,2428.808,,-105.3685553,38.96796363,2414.787,Global,0.011,0.012,0.011,0.016,1.934,m,FIX,2025-04-01 12:16:21.8 UTC-06:00,2025-04-01 12:16:24.8 UTC-06:00,16,2,2.4,468406.275,4313300.688,2434.672,-105.3646942,38.96810755,2420.645,335.155,,NAD83(2011) / UTM zone 13N + NAVD88(GEOID18) height,8,5,7,5,0,
390,,468071.834,4313286.214,2428.428,,-105.368554,38.96796499,2414.407,Global,0.01,0.011,0.012,0.015,1.934,m,FIX,2025-04-01 12:16:54.6 UTC-06:00,2025-04-01 12:16:57.6 UTC-06:00,16,2,2.4,468406.275,4313300.688,2434.672,-105.3646942,38.96810755,2420.645,335.04,,NAD83(2011) / UTM zone 13N + NAVD88(GEOID18) height,7,6,7,5,0,
391,,468071.829,4313286.391,2428.416,,-105.368554,38.96796659,2414.396,Global,0.01,0.01,0.013,0.015,1.934,m,FIX,2025-04-01 12:17:09.2 UTC-06:00,2025-04-01 12:17:12.2 UTC-06:00,16,2,2.4,468406.275,4313300.688,2434.672,-105.3646942,38.96810755,2420.645,335.034,,NAD83(2011) / UTM zone 13N + NAVD88(GEOID18) height,7,6,8,4,0,
392,,468071.934,4313286.598,2428.377,,-105.3685528,38.96796846,2414.356,Global,0.01,0.01,0.013,0.015,1.934,m,FIX,2025-04-01 12:17:24.8 UTC-06:00,2025-04-01 12:17:27.8 UTC-06:00,16,2,2.4,468406.275,4313300.688,2434.672,-105.3646942,38.96810755,2420.645,334.926,,NAD83(2011) / UTM zone 13N + NAVD88(GEOID18) height,6,6,8,5,0,
393,,468072.013,4313286.809,2428.604,,-105.3685519,38.96797036,2414.584,Global,0.011,0.012,0.013,0.016,1.934,m,FIX,2025-04-01 12:17:46.2 UTC-06:00,2025-04-01 12:17:49.2 UTC-06:00,16,1.9,2.4,468406.275,4313300.688,2434.672,-105.3646942,38.96810755,2420.645,334.833,,NAD83(2011) / UTM zone 13N + NAVD88(GEOID18) height,7,6,7,4,0,
394,,468072.055,4313286.952,2428.579,,-105.3685514,38.96797166,2414.559,Global,0.01,0.012,0.016,0.016,1.934,m,FIX,2025-04-01 12:18:04.0 UTC-06:00,2025-04-01 12:18:07.0 UTC-06:00,16,1.6,1.9,468406.275,4313300.688,2434.672,-105.3646942,38.96810755,2420.645,334.783,,NAD83(2011) / UTM zone 13N + NAVD88(GEOID18) height,8,6,7,5,0,
395,,468072.18,4313287.139,2428.462,,-105.36855,38.96797335,2414.442,Global,0.01,0.011,0.013,0.015,1.934,m,FIX,2025-04-01 12:18:20.6 UTC-06:00,2025-04-01 12:18:23.6 UTC-06:00,16,1.6,1.9,468406.275,4313300.688,2434.672,-105.3646942,38.96810755,2420.645,334.655,,NAD83(2011) / UTM zone 13N + NAVD88(GEOID18) height,8,6,8,5,0,
396,,468072.186,4313287.303,2428.585,,-105.36855,38.96797482,2414.564,Global,0.01,0.011,0.012,0.015,1.934,m,FIX,2025-04-01 12:18:47.2 UTC-06:00,2025-04-01 12:18:50.2 UTC-06:00,16,1.6,1.9,468406.275,4313300.688,2434.672,-105.3646942,38.96810755,2420.645,334.639,,NAD83(2011) / UTM zone 13N + NAVD88(GEOID18) height,7,6,8,5,0,
397,,468072.237,4313287.496,2428.417,,-105.3685494,38.96797656,2414.397,Global,0.011,0.011,0.012,0.015,1.934,m,FIX,2025-04-01 12:19:13.4 UTC-06:00,2025-04-01 12:19:16.4 UTC-06:00,16,1.9,2.4,468406.275,4313300.688,2434.672,-105.3646942,38.96810755,2420.645,334.579,,NAD83(2011) / UTM zone 13N + NAVD88(GEOID18) height,7,6,8,5,0,
398,,468072.283,4313287.756,2428.492,,-105.3685489,38.96797891,2414.471,Global,0.011,0.01,0.013,0.015,1.934,m,FIX,2025-04-01 12:19:28.6 UTC-06:00,2025-04-01 12:19:31.6 UTC-06:00,16,1.9,2.4,468406.275,4313300.688,2434.672,-105.3646942,38.96810755,2420.645,334.522,,NAD83(2011) / UTM zone 13N + NAVD88(GEOID18) height,8,6,8,5,0,
399,,468072.328,4313287.954,2428.431,,-105.3685483,38.96798069,2414.411,Global,0.011,0.011,0.011,0.016,1.934,m,FIX,2025-04-01 12:19:46.8 UTC-06:00,2025-04-01 12:19:49.8 UTC-06:00,16,1.6,1.9,468406.275,4313300.688,2434.672,-105.3646942,38.96810755,2420.645,334.478,,NAD83(2011) / UTM zone 13N + NAVD88(GEOID18) height,7,6,8,5,0,
400,,468072.403,4313288.135,2428.37,,-105.3685475,38.96798233,2414.349,Global,0.011,0.01,0.011,0.015,1.934,m,FIX,2025-04-01 12:19:58.6 UTC-06:00,2025-04-01 12:20:01.6 UTC-06:00,16,1.6,1.9,468406.275,4313300.688,2434.672,-105.3646942,38.96810755,2420.645,334.389,,NAD83(2011) / UTM zone 13N + NAVD88(GEOID18) height,7,6,8,5,0,
401,,468072.401,4313288.315,2428.561,,-105.3685475,38.96798395,2414.54,Global,0.01,0.01,0.011,0.015,1.934,m,FIX,2025-04-01 12:20:19.0 UTC-06:00,2025-04-01 12:20:22.0 UTC-06:00,16,1.6,1.9,468406.275,4313300.688,2434.672,-105.3646942,38.96810755,2420.645,334.387,,NAD83(2011) / UTM zone 13N + NAVD88(GEOID18) height,7,6,8,4,0,
402,,468072.486,4313288.506,2428.624,,-105.3685466,38.96798568,2414.604,Global,0.01,0.01,0.012,0.015,1.934,m,FIX,2025-04-01 12:20:40.4 UTC-06:00,2025-04-01 12:20:43.4 UTC-06:00,16,1.6,1.9,468406.275,4313300.688,2434.672,-105.3646942,38.96810755,2420.645,334.293,,NAD83(2011) / UTM zone 13N + NAVD88(GEOID18) height,7,6,8,5,0,
403,,468072.517,4313288.688,2428.545,,-105.3685462,38.96798731,2414.525,Global,0.011,0.01,0.012,0.015,1.934,m,FIX,2025-04-01 12:20:57.6 UTC-06:00,2025-04-01 12:21:00.6 UTC-06:00,16,1.6,1.9,468406.275,4313300.688,2434.672,-105.3646942,38.96810755,2420.645,334.261,,NAD83(2011) / UTM zone 13N + NAVD88(GEOID18) height,7,6,8,5,0,
404,,468072.583,4313288.854,2428.556,,-105.3685454,38.96798881,2414.535,Global,0.011,0.01,0.011,0.015,1.934,m,FIX,2025-04-01 12:21:21.6 UTC-06:00,2025-04-01 12:21:24.6 UTC-06:00,16,1.6,1.9,468406.275,4313300.688,2434.672,-105.3646942,38.96810755,2420.645,334.176,,NAD83(2011) / UTM zone 13N + NAVD88(GEOID18) height,7,6,7,5,0,
405,,468072.624,4313289.068,2428.567,,-105.368545,38.96799074,2414.547,Global,0.011,0.01,0.014,0.015,1.934,m,FIX,2025-04-01 12:21:36.0 UTC-06:00,2025-04-01 12:21:39.0 UTC-06:00,16,1.6,1.9,468406.275,4313300.688,2434.672,-105.3646942,38.96810755,2420.645,334.134,,NAD83(2011) / UTM zone 13N + NAVD88(GEOID18) height,7,6,7,5,0,
406,,468072.7,4313289.295,2428.632,,-105.3685441,38.96799279,2414.612,Global,0.01,0.011,0.015,0.015,1.934,m,FIX,2025-04-01 12:21:48.0 UTC-06:00,2025-04-01 12:21:51.0 UTC-06:00,16,1.6,1.9,468406.275,4313300.688,2434.672,-105.3646942,38.96810755,2420.645,334.047,,NAD83(2011) / UTM zone 13N + NAVD88(GEOID18) height,7,6,7,5,0,
407,,468072.766,4313289.459,2428.615,,-105.3685434,38.96799427,2414.594,Global,0.011,0.011,0.012,0.015,1.934,m,FIX,2025-04-01 12:22:01.0 UTC-06:00,2025-04-01 12:22:04.0 UTC-06:00,16,1.6,1.9,468406.275,4313300.688,2434.672,-105.3646942,38.96810755,2420.645,333.976,,NAD83(2011) / UTM zone 13N + NAVD88(GEOID18) height,7,6,7,5,0,
408,,468072.758,4313289.665,2428.565,,-105.3685435,38.96799613,2414.545,Global,0.01,0.011,0.011,0.015,1.934,m,FIX,2025-04-01 12:22:18.8 UTC-06:00,2025-04-01 12:22:21.8 UTC-06:00,16,1.6,1.9,468406.275,4313300.688,2434.672,-105.3646942,38.96810755,2420.645,333.979,,NAD83(2011) / UTM zone 13N + NAVD88(GEOID18) height,7,5,7,4,0,
409,,468072.869,4313289.861,2428.524,,-105.3685422,38.96799789,2414.503,Global,0.011,0.01,0.011,0.015,1.934,m,FIX,2025-04-01 12:22:29.4 UTC-06:00,2025-04-01 12:22:32.4 UTC-06:00,16,1.6,1.9,468406.275,4313300.688,2434.672,-105.3646942,38.96810755,2420.645,333.863,,NAD83(2011) / UTM zone 13N + NAVD88(GEOID18) height,7,6,8,4,0,
410,,468072.88,4313290.07,2428.573,,-105.3685421,38.96799978,2414.553,Global,0.011,0.01,0.012,0.015,1.934,m,FIX,2025-04-01 12:22:41.2 UTC-06:00,2025-04-01 12:22:44.2 UTC-06:00,16,1.6,1.9,468406.275,4313300.688,2434.672,-105.3646942,38.96810755,2420.645,333.843,,NAD83(2011) / UTM zone 13N + NAVD88(GEOID18) height,7,6,7,4,0,
411,,468072.9,4313290.268,2428.537,,-105.3685419,38.96800157,2414.516,Global,0.011,0.011,0.012,0.016,1.934,m,FIX,2025-04-01 12:22:51.8 UTC-06:00,2025-04-01 12:22:54.8 UTC-06:00,16,1.6,1.9,468406.275,4313300.688,2434.672,-105.3646942,38.96810755,2420.645,333.818,,NAD83(2011) / UTM zone 13N + NAVD88(GEOID18) height,7,6,7,4,0,
412,,468072.927,4313290.486,2428.531,,-105.3685416,38.96800353,2414.511,Global,0.011,0.01,0.011,0.015,1.934,m,FIX,2025-04-01 12:23:03.2 UTC-06:00,2025-04-01 12:23:06.2 UTC-06:00,16,1.6,1.9,468406.275,4313300.688,2434.672,-105.3646942,38.96810755,2420.645,333.784,,NAD83(2011) / UTM zone 13N + NAVD88(GEOID18) height,8,6,7,4,0,
413,,468072.973,4313290.67,2428.511,,-105.368541,38.96800519,2414.491,Global,0.011,0.011,0.012,0.015,1.934,m,FIX,2025-04-01 12:23:16.0 UTC-06:00,2025-04-01 12:23:19.0 UTC-06:00,16,1.6,1.9,468406.275,4313300.688,2434.672,-105.3646942,38.96810755,2420.645,333.741,,NAD83(2011) / UTM zone 13N + NAVD88(GEOID18) height,8,6,8,4,0,
414,,468073.036,4313290.862,2428.537,,-105.3685403,38.96800692,2414.516,Global,0.01,0.011,0.014,0.015,1.934,m,FIX,2025-04-01 12:23:31.8 UTC-06:00,2025-04-01 12:23:34.8 UTC-06:00,16,1.5,1.8,468406.275,4313300.688,2434.672,-105.3646942,38.96810755,2420.645,333.661,,NAD83(2011) / UTM zone 13N + NAVD88(GEOID18) height,8,5,8,4,0,
415,,468073.131,4313291.029,2428.475,,-105.3685392,38.96800843,2414.454,Global,0.01,0.01,0.013,0.015,1.934,m,FIX,2025-04-01 12:23:49.8 UTC-06:00,2025-04-01 12:23:52.8 UTC-06:00,16,1.5,1.8,468406.275,4313300.688,2434.672,-105.3646942,38.96810755,2420.645,333.567,,NAD83(2011) / UTM zone 13N + NAVD88(GEOID18) height,8,6,7,4,0,
416,,468073.208,4313291.19,2428.371,,-105.3685383,38.96800989,2414.35,Global,0.01,0.01,0.015,0.014,1.934,m,FIX,2025-04-01 12:24:04.0 UTC-06:00,2025-04-01 12:24:07.0 UTC-06:00,16,1.5,1.8,468406.275,4313300.688,2434.672,-105.3646942,38.96810755,2420.645,333.486,,NAD83(2011) / UTM zone 13N + NAVD88(GEOID18) height,8,6,7,4,0,
417,,468073.224,4313291.395,2428.362,,-105.3685382,38.96801173,2414.341,Global,0.011,0.011,0.014,0.015,1.934,m,FIX,2025-04-01 12:24:23.0 UTC-06:00,2025-04-01 12:24:26.0 UTC-06:00,16,1.5,1.8,468406.275,4313300.688,2434.672,-105.3646942,38.96810755,2420.645,333.463,,NAD83(2011) / UTM zone 13N + NAVD88(GEOID18) height,8,6,7,4,0,
418,,468073.22,4313291.396,2428.339,,-105.3685382,38.96801174,2414.319,Global,0.01,0.01,0.012,0.015,1.934,m,FIX,2025-04-01 12:24:29.2 UTC-06:00,2025-04-01 12:24:32.2 UTC-06:00,16,1.5,1.8,468406.275,4313300.688,2434.672,-105.3646942,38.96810755,2420.645,333.467,,NAD83(2011) / UTM zone 13N + NAVD88(GEOID18) height,8,5,7,4,0,
419,,468073.256,4313291.579,2428.382,,-105.3685378,38.9680134,2414.361,Global,0.011,0.011,0.011,0.016,1.934,m,FIX,2025-04-01 12:24:52.6 UTC-06:00,2025-04-01 12:24:55.6 UTC-06:00,16,1.5,1.8,468406.275,4313300.688,2434.672,-105.3646942,38.96810755,2420.645,333.431,,NAD83(2011) / UTM zone 13N + NAVD88(GEOID18) height,8,6,7,4,0,
420,,468073.379,4313291.764,2428.352,,-105.3685364,38.96801506,2414.332,Global,0.011,0.01,0.01,0.015,1.934,m,FIX,2025-04-01 12:25:08.6 UTC-06:00,2025-04-01 12:25:11.6 UTC-06:00,16,1.5,1.8,468406.275,4313300.688,2434.672,-105.3646942,38.96810755,2420.645,333.293,,NAD83(2011) / UTM zone 13N + NAVD88(GEOID18) height,8,6,7,4,0,
421,,468073.351,4313292.019,2428.317,,-105.3685367,38.96801736,2414.297,Global,0.011,0.011,0.012,0.015,1.934,m,FIX,2025-04-01 12:25:19.2 UTC-06:00,2025-04-01 12:25:22.2 UTC-06:00,16,1.8,2.2,468406.275,4313300.688,2434.672,-105.3646942,38.96810755,2420.645,333.32,,NAD83(2011) / UTM zone 13N + NAVD88(GEOID18) height,8,6,7,4,0,
422,,468073.484,4313292.175,2428.281,,-105.3685352,38.96801878,2414.26,Global,0.01,0.011,0.013,0.015,1.934,m,FIX,2025-04-01 12:25:31.8 UTC-06:00,2025-04-01 12:25:34.8 UTC-06:00,16,1.8,2.2,468406.275,4313300.688,2434.672,-105.3646942,38.96810755,2420.645,333.184,,NAD83(2011) / UTM zone 13N + NAVD88(GEOID18) height,8,6,7,4,0,
423,,468073.518,4313292.365,2428.309,,-105.3685348,38.96802049,2414.289,Global,0.011,0.01,0.013,0.015,1.934,m,FIX,2025-04-01 12:25:53.8 UTC-06:00,2025-04-01 12:25:56.8 UTC-06:00,16,1.6,1.9,468406.275,4313300.688,2434.672,-105.3646942,38.96810755,2420.645,333.143,,NAD83(2011) / UTM zone 13N + NAVD88(GEOID18) height,8,6,7,4,0,
424,,468073.515,4313292.362,2428.294,,-105.3685348,38.96802046,2414.273,Global,0.012,0.011,0.013,0.016,1.934,m,FIX,2025-04-01 12:25:57.8 UTC-06:00,2025-04-01 12:26:00.8 UTC-06:00,16,1.5,1.8,468406.275,4313300.688,2434.672,-105.3646942,38.96810755,2420.645,333.147,,NAD83(2011) / UTM zone 13N + NAVD88(GEOID18) height,8,4,7,4,0,
425,,468073.521,4313292.612,2428.252,,-105.3685348,38.96802271,2414.232,Global,0.011,0.011,0.01,0.016,1.934,m,FIX,2025-04-01 12:26:23.4 UTC-06:00,2025-04-01 12:26:26.4 UTC-06:00,16,1.5,1.8,468406.275,4313300.688,2434.672,-105.3646942,38.96810755,2420.645,333.134,,NAD83(2011) / UTM zone 13N + NAVD88(GEOID18) height,8,6,7,4,0,
426,,468073.611,4313292.779,2428.342,,-105.3685338,38.96802422,2414.321,Global,0.011,0.011,0.014,0.015,1.934,m,FIX,2025-04-01 12:26:34.8 UTC-06:00,2025-04-01 12:26:37.8 UTC-06:00,16,1.5,1.8,468406.275,4313300.688,2434.672,-105.3646942,38.96810755,2420.645,333.048,,NAD83(2011) / UTM zone 13N + NAVD88(GEOID18) height,8,6,7,4,0,
427,,468073.691,4313292.912,2428.745,,-105.3685328,38.96802542,2414.725,Global,0.012,0.016,0.012,0.019,1.934,m,FIX,2025-04-01 12:27:39.8 UTC-06:00,2025-04-01 12:27:42.8 UTC-06:00,16,1.6,1.9,468406.275,4313300.688,2434.672,-105.3646942,38.96810755,2420.645,332.945,,NAD83(2011) / UTM zone 13N + NAVD88(GEOID18) height,8,6,7,4,0,
428,,468073.65,4313293.096,2428.491,,-105.3685333,38.96802708,2414.471,Global,0.013,0.011,0.011,0.017,1.934,m,FIX,2025-04-01 12:28:24.2 UTC-06:00,2025-04-01 12:28:27.2 UTC-06:00,16,1.6,1.9,468406.275,4313300.688,2434.672,-105.3646942,38.96810755,2420.645,333,,NAD83(2011) / UTM zone 13N + NAVD88(GEOID18) height,8,6,7,4,0,
429,,468073.695,4313293.3,2428.481,,-105.3685328,38.96802892,2414.46,Global,0.012,0.011,0.011,0.016,1.934,m,FIX,2025-04-01 12:28:36.2 UTC-06:00,2025-04-01 12:28:39.2 UTC-06:00,16,1.6,1.9,468406.275,4313300.688,2434.672,-105.3646942,38.96810755,2420.645,332.951,,NAD83(2011) / UTM zone 13N + NAVD88(GEOID18) height,8,6,7,4,0,
430,,468073.67,4313293.522,2428.389,,-105.3685331,38.96803092,2414.368,Global,0.01,0.01,0.011,0.014,1.934,m,FIX,2025-04-01 12:28:51.8 UTC-06:00,2025-04-01 12:28:54.8 UTC-06:00,16,1.9,2.4,468406.275,4313300.688,2434.672,-105.3646942,38.96810755,2420.645,332.966,,NAD83(2011) / UTM zone 13N + NAVD88(GEOID18) height,8,6,7,4,0,
431,,468073.757,4313293.486,2428.445,,-105.3685321,38.96803059,2414.424,Global,0.011,0.01,0.017,0.015,1.934,m,FIX,2025-04-01 12:29:16.6 UTC-06:00,2025-04-01 12:29:19.6 UTC-06:00,16,1.9,2.4,468406.275,4313300.688,2434.672,-105.3646942,38.96810755,2420.645,332.885,,NAD83(2011) / UTM zone 13N + NAVD88(GEOID18) height,8,6,7,4,0,
432,,468073.83,4313293.723,2428.811,,-105.3685313,38.96803273,2414.791,Global,0.012,0.011,0.01,0.016,1.934,m,FIX,2025-04-01 12:29:33.0 UTC-06:00,2025-04-01 12:29:36.0 UTC-06:00,16,1.9,2.4,468406.275,4313300.688,2434.672,-105.3646942,38.96810755,2420.645,332.807,,NAD83(2011) / UTM zone 13N + NAVD88(GEOID18) height,8,6,7,4,0,
433,,468073.92,4313293.95,2429.122,,-105.3685303,38.96803478,2415.101,Global,0.011,0.012,0.021,0.016,1.934,m,FIX,2025-04-01 12:29:54.8 UTC-06:00,2025-04-01 12:29:57.8 UTC-06:00,16,1.8,2.2,468406.275,4313300.688,2434.672,-105.3646942,38.96810755,2420.645,332.698,,NAD83(2011) / UTM zone 13N + NAVD88(GEOID18) height,7,6,7,4,0,
434,,468073.944,4313294.136,2429.238,,-105.36853,38.96803646,2415.218,Global,0.011,0.01,0.014,0.015,1.934,m,FIX,2025-04-01 12:30:12.0 UTC-06:00,2025-04-01 12:30:15.0 UTC-06:00,16,1.8,2.2,468406.275,4313300.688,2434.672,-105.3646942,38.96810755,2420.645,332.661,,NAD83(2011) / UTM zone 13N + NAVD88(GEOID18) height,9,5,7,4,0,
435,,468074.092,4313294.265,2429.239,,-105.3685283,38.96803763,2415.219,Global,0.01,0.01,0.012,0.015,1.934,m,FIX,2025-04-01 12:30:49.6 UTC-06:00,2025-04-01 12:30:52.6 UTC-06:00,16,1.6,2,468406.275,4313300.688,2434.672,-105.3646942,38.96810755,2420.645,332.512,,NAD83(2011) / UTM zone 13N + NAVD88(GEOID18) height,8,6,7,4,0,
436,,468074.039,4313294.454,2429.223,,-105.3685289,38.96803932,2415.202,Global,0.01,0.01,0.013,0.015,1.934,m,FIX,2025-04-01 12:31:10.0 UTC-06:00,2025-04-01 12:31:13.0 UTC-06:00,16,1.8,2.2,468406.275,4313300.688,2434.672,-105.3646942,38.96810755,2420.645,332.562,,NAD83(2011) / UTM zone 13N + NAVD88(GEOID18) height,7,6,7,4,0,
437,,468074.107,4313294.662,2428.702,,-105.3685281,38.96804121,2414.682,Global,0.011,0.01,0.014,0.015,1.934,m,FIX,2025-04-01 12:31:32.0 UTC-06:00,2025-04-01 12:31:35.0 UTC-06:00,16,1.5,1.8,468406.275,4313300.688,2434.672,-105.3646942,38.96810755,2420.645,332.497,,NAD83(2011) / UTM zone 13N + NAVD88(GEOID18) height,8,6,7,4,0,
438,,468074.159,4313294.847,2428.388,,-105.3685275,38.96804287,2414.368,Global,0.01,0.011,0.013,0.015,1.934,m,FIX,2025-04-01 12:32:35.0 UTC-06:00,2025-04-01 12:32:38.0 UTC-06:00,16,1.5,1.8,468406.275,4313300.688,2434.672,-105.3646942,38.96810755,2420.645,332.452,,NAD83(2011) / UTM zone 13N + NAVD88(GEOID18) height,8,6,7,4,0,
439,,468074.169,4313294.838,2428.369,,-105.3685274,38.96804279,2414.349,Global,0.011,0.011,0.013,0.015,1.934,m,FIX,2025-04-01 12:32:40.4 UTC-06:00,2025-04-01 12:32:43.4 UTC-06:00,16,1.5,1.8,468406.275,4313300.688,2434.672,-105.3646942,38.96810755,2420.645,332.45,,NAD83(2011) / UTM zone 13N + NAVD88(GEOID18) height,8,6,7,4,0,
440,,468074.269,4313295.048,2428.378,,-105.3685263,38.96804469,2414.357,Global,0.011,0.011,0.011,0.015,1.934,m,FIX,2025-04-01 12:32:57.2 UTC-06:00,2025-04-01 12:33:00.2 UTC-06:00,16,1.8,2.2,468406.275,4313300.688,2434.672,-105.3646942,38.96810755,2420.645,332.331,,NAD83(2011) / UTM zone 13N + NAVD88(GEOID18) height,8,6,7,4,0,
441,,468074.302,4313295.325,2428.311,,-105.3685259,38.96804718,2414.29,Global,0.011,0.01,0.012,0.015,1.934,m,FIX,2025-04-01 12:33:27.2 UTC-06:00,2025-04-01 12:33:30.2 UTC-06:00,16,1.8,2.2,468406.275,4313300.688,2434.672,-105.3646942,38.96810755,2420.645,332.3,,NAD83(2011) / UTM zone 13N + NAVD88(GEOID18) height,8,6,7,4,0,
442,,468074.299,4313295.486,2428.5,,-105.3685259,38.96804864,2414.48,Global,0.01,0.01,0.012,0.015,1.934,m,FIX,2025-04-01 12:33:59.4 UTC-06:00,2025-04-01 12:34:02.4 UTC-06:00,16,1.8,2.2,468406.275,4313300.688,2434.672,-105.3646942,38.96810755,2420.645,332.301,,NAD83(2011) / UTM zone 13N + NAVD88(GEOID18) height,8,6,7,4,0,
443,,468074.334,4313295.692,2428.415,,-105.3685256,38.96805049,2414.395,Global,0.01,0.011,0.01,0.015,1.934,m,FIX,2025-04-01 12:34:15.4 UTC-06:00,2025-04-01 12:34:18.4 UTC-06:00,16,1.8,2.2,468406.275,4313300.688,2434.672,-105.3646942,38.96810755,2420.645,332.26,,NAD83(2011) / UTM zone 13N + NAVD88(GEOID18) height,8,6,7,4,0,
444,,468074.392,4313295.909,2428.562,,-105.3685249,38.96805245,2414.541,Global,0.011,0.011,0.011,0.016,1.934,m,FIX,2025-04-01 12:34:29.4 UTC-06:00,2025-04-01 12:34:32.4 UTC-06:00,16,1.5,1.8,468406.275,4313300.688,2434.672,-105.3646942,38.96810755,2420.645,332.2,,NAD83(2011) / UTM zone 13N + NAVD88(GEOID18) height,8,6,7,4,0,
445,,468074.419,4313296.035,2428.545,,-105.3685246,38.96805359,2414.524,Global,0.01,0.011,0.011,0.015,1.934,m,FIX,2025-04-01 12:34:44.2 UTC-06:00,2025-04-01 12:34:47.2 UTC-06:00,16,1.8,2.2,468406.275,4313300.688,2434.672,-105.3646942,38.96810755,2420.645,332.168,,NAD83(2011) / UTM zone 13N + NAVD88(GEOID18) height,8,6,7,4,0,
446,,468074.46,4313296.241,2428.458,,-105.3685241,38.96805545,2414.437,Global,0.011,0.01,0.01,0.015,1.934,m,FIX,2025-04-01 12:35:09.6 UTC-06:00,2025-04-01 12:35:12.6 UTC-06:00,16,1.5,1.8,468406.275,4313300.688,2434.672,-105.3646942,38.96810755,2420.645,332.131,,NAD83(2011) / UTM zone 13N + NAVD88(GEOID18) height,8,6,7,4,0,
447,,468074.544,4313296.466,2428.402,,-105.3685232,38.96805748,2414.381,Global,0.01,0.01,0.01,0.014,1.934,m,FIX,2025-04-01 12:35:23.8 UTC-06:00,2025-04-01 12:35:26.8 UTC-06:00,16,1.5,1.8,468406.275,4313300.688,2434.672,-105.3646942,38.96810755,2420.645,332.038,,NAD83(2011) / UTM zone 13N + NAVD88(GEOID18) height,8,6,7,4,0,
448,,468074.662,4313296.604,2428.649,,-105.3685218,38.96805872,2414.628,Global,0.01,0.01,0.012,0.014,1.934,m,FIX,2025-04-01 12:35:43.6 UTC-06:00,2025-04-01 12:35:46.6 UTC-06:00,16,1.8,2.2,468406.275,4313300.688,2434.672,-105.3646942,38.96810755,2420.645,331.916,,NAD83(2011) / UTM zone 13N + NAVD88(GEOID18) height,8,6,7,4,0,
449,,468074.699,4313296.807,2428.666,,-105.3685214,38.96806056,2414.645,Global,0.01,0.01,0.012,0.015,1.934,m,FIX,2025-04-01 12:35:58.8 UTC-06:00,2025-04-01 12:36:01.8 UTC-06:00,16,1.6,1.9,468406.275,4313300.688,2434.672,-105.3646942,38.96810755,2420.645,331.881,,NAD83(2011) / UTM zone 13N + NAVD88(GEOID18) height,8,6,7,4,0,
450,,468074.721,4313296.984,2428.652,,-105.3685211,38.96806215,2414.632,Global,0.011,0.011,0.01,0.015,1.934,m,FIX,2025-04-01 12:36:10.0 UTC-06:00,2025-04-01 12:36:13.0 UTC-06:00,16,1.6,1.9,468406.275,4313300.688,2434.672,-105.3646942,38.96810755,2420.645,331.853,,NAD83(2011) / UTM zone 13N + NAVD88(GEOID18) height,8,6,7,4,0,
451,,468074.874,4313297.135,2428.661,,-105.3685194,38.96806352,2414.641,Global,0.01,0.01,0.011,0.015,1.934,m,FIX,2025-04-01 12:36:33.4 UTC-06:00,2025-04-01 12:36:36.4 UTC-06:00,16,1.9,2.4,468406.275,4313300.688,2434.672,-105.3646942,38.96810755,2420.645,331.702,,NAD83(2011) / UTM zone 13N + NAVD88(GEOID18) height,8,6,7,4,0,
452,,468074.918,4313297.357,2428.662,,-105.3685189,38.96806552,2414.641,Global,0.01,0.01,0.011,0.015,1.934,m,FIX,2025-04-01 12:36:49.6 UTC-06:00,2025-04-01 12:36:52.6 UTC-06:00,16,1.9,2.4,468406.275,4313300.688,2434.672,-105.3646942,38.96810755,2420.645,331.648,,NAD83(2011) / UTM zone 13N + NAVD88(GEOID18) height,8,6,7,4,0,
453,,468074.873,4313297.575,2428.732,,-105.3685194,38.96806748,2414.711,Global,0.01,0.011,0.011,0.015,1.934,m,FIX,2025-04-01 12:37:01.4 UTC-06:00,2025-04-01 12:37:04.4 UTC-06:00,16,1.9,2.4,468406.275,4313300.688,2434.672,-105.3646942,38.96810755,2420.645,331.692,,NAD83(2011) / UTM zone 13N + NAVD88(GEOID18) height,8,6,7,4,0,
454,,468074.941,4313297.755,2428.777,,-105.3685186,38.96806911,2414.756,Global,0.011,0.012,0.011,0.016,1.934,m,FIX,2025-04-01 12:37:14.0 UTC-06:00,2025-04-01 12:37:17.0 UTC-06:00,16,1.9,2.4,468406.275,4313300.688,2434.672,-105.3646942,38.96810755,2420.645,331.63,,NAD83(2011) / UTM zone 13N + NAVD88(GEOID18) height,8,6,7,4,0,
455,,468075.035,4313297.944,2428.723,,-105.3685176,38.96807082,2414.703,Global,0.01,0.011,0.013,0.015,1.934,m,FIX,2025-04-01 12:37:33.0 UTC-06:00,2025-04-01 12:37:36.0 UTC-06:00,16,1.9,2.4,468406.275,4313300.688,2434.672,-105.3646942,38.96810755,2420.645,331.531,,NAD83(2011) / UTM zone 13N + NAVD88(GEOID18) height,8,6,7,4,0,
456,,468075.033,4313298.196,2428.797,,-105.3685176,38.96807309,2414.776,Global,0.011,0.011,0.013,0.015,1.934,m,FIX,2025-04-01 12:37:51.0 UTC-06:00,2025-04-01 12:37:54.0 UTC-06:00,16,1.9,2.4,468406.275,4313300.688,2434.672,-105.3646942,38.96810755,2420.645,331.535,,NAD83(2011) / UTM zone 13N + NAVD88(GEOID18) height,9,6,7,4,0,
457,,468075.022,4313298.367,2429.307,,-105.3685177,38.96807463,2415.287,Global,0.01,0.01,0.013,0.015,1.934,m,FIX,2025-04-01 12:38:23.0 UTC-06:00,2025-04-01 12:38:26.0 UTC-06:00,16,1.6,1.9,468406.275,4313300.688,2434.672,-105.3646942,38.96810755,2420.645,331.528,,NAD83(2011) / UTM zone 13N + NAVD88(GEOID18) height,8,6,7,4,0,
458,,468075.098,4313298.559,2429.513,,-105.3685169,38.96807636,2415.493,Global,0.01,0.011,0.012,0.015,1.934,m,FIX,2025-04-01 12:38:37.2 UTC-06:00,2025-04-01 12:38:40.2 UTC-06:00,16,1.6,1.9,468406.275,4313300.688,2434.672,-105.3646942,38.96810755,2420.645,331.451,,NAD83(2011) / UTM zone 13N + NAVD88(GEOID18) height,8,6,7,4,0,
459,,468075.16,4313298.743,2429.607,,-105.3685162,38.96807802,2415.587,Global,0.011,0.01,0.013,0.015,1.934,m,FIX,2025-04-01 12:38:51.6 UTC-06:00,2025-04-01 12:38:54.6 UTC-06:00,16,1.6,1.9,468406.275,4313300.688,2434.672,-105.3646942,38.96810755,2420.645,331.392,,NAD83(2011) / UTM zone 13N + NAVD88(GEOID18) height,8,6,7,5,0,
460,,468075.215,4313298.926,2429.6,,-105.3685155,38.96807967,2415.579,Global,0.012,0.01,0.022,0.016,1.934,m,FIX,2025-04-01 12:39:01.6 UTC-06:00,2025-04-01 12:39:04.6 UTC-06:00,16,1.6,1.9,468406.275,4313300.688,2434.672,-105.3646942,38.96810755,2420.645,331.336,,NAD83(2011) / UTM zone 13N + NAVD88(GEOID18) height,8,6,7,4,0,
461,,468075.26,4313299.132,2429.555,,-105.368515,38.96808152,2415.534,Global,0.013,0.012,0.022,0.018,1.934,m,FIX,2025-04-01 12:39:15.6 UTC-06:00,2025-04-01 12:39:18.6 UTC-06:00,16,1.6,1.9,468406.275,4313300.688,2434.672,-105.3646942,38.96810755,2420.645,331.281,,NAD83(2011) / UTM zone 13N + NAVD88(GEOID18) height,8,6,7,4,0,
462,,468075.331,4313299.323,2429.498,,-105.3685142,38.96808325,2415.477,Global,0.012,0.011,0.019,0.016,1.934,m,FIX,2025-04-01 12:39:26.6 UTC-06:00,2025-04-01 12:39:29.6 UTC-06:00,16,1.6,1.9,468406.275,4313300.688,2434.672,-105.3646942,38.96810755,2420.645,331.212,,NAD83(2011) / UTM zone 13N + NAVD88(GEOID18) height,8,6,7,4,0,
463,,468075.373,4313299.522,2429.46,,-105.3685137,38.96808505,2415.44,Global,0.01,0.013,0.014,0.016,1.934,m,FIX,2025-04-01 12:39:40.4 UTC-06:00,2025-04-01 12:39:43.4 UTC-06:00,16,1.9,2.4,468406.275,4313300.688,2434.672,-105.3646942,38.96810755,2420.645,331.177,,NAD83(2011) / UTM zone 13N + NAVD88(GEOID18) height,8,6,7,4,0,
464,,468075.427,4313299.693,2429.429,,-105.3685131,38.96808659,2415.409,Global,0.01,0.011,0.013,0.015,1.934,m,FIX,2025-04-01 12:39:53.2 UTC-06:00,2025-04-01 12:39:56.2 UTC-06:00,16,1.9,2.4,468406.275,4313300.688,2434.672,-105.3646942,38.96810755,2420.645,331.118,,NAD83(2011) / UTM zone 13N + NAVD88(GEOID18) height,8,6,7,4,0,
465,,468075.475,4313299.905,2429.392,,-105.3685126,38.9680885,2415.372,Global,0.011,0.011,0.012,0.015,1.934,m,FIX,2025-04-01 12:40:05.0 UTC-06:00,2025-04-01 12:40:08.0 UTC-06:00,16,1.9,2.4,468406.275,4313300.688,2434.672,-105.3646942,38.96810755,2420.645,331.064,,NAD83(2011) / UTM zone 13N + NAVD88(GEOID18) height,8,6,7,4,0,
466,,468075.531,4313300.085,2429.386,,-105.3685119,38.96809013,2415.365,Global,0.01,0.01,0.013,0.014,1.934,m,FIX,2025-04-01 12:40:16.2 UTC-06:00,2025-04-01 12:40:19.2 UTC-06:00,16,1.6,1.9,468406.275,4313300.688,2434.672,-105.3646942,38.96810755,2420.645,331.016,,NAD83(2011) / UTM zone 13N + NAVD88(GEOID18) height,8,6,7,4,0,
467,,468075.555,4313300.296,2429.359,,-105.3685117,38.96809203,2415.338,Global,0.011,0.01,0.01,0.015,1.934,m,FIX,2025-04-01 12:40:27.0 UTC-06:00,2025-04-01 12:40:30.0 UTC-06:00,16,1.6,1.9,468406.275,4313300.688,2434.672,-105.3646942,38.96810755,2420.645,330.993,,NAD83(2011) / UTM zone 13N + NAVD88(GEOID18) height,8,6,7,4,0,
468,,468075.574,4313300.492,2429.312,,-105.3685115,38.96809379,2415.292,Global,0.01,0.01,0.012,0.015,1.934,m,FIX,2025-04-01 12:40:38.8 UTC-06:00,2025-04-01 12:40:41.8 UTC-06:00,16,1.9,2.4,468406.275,4313300.688,2434.672,-105.3646942,38.96810755,2420.645,330.972,,NAD83(2011) / UTM zone 13N + NAVD88(GEOID18) height,8,6,7,4,0,
469,,468075.625,4313300.687,2429.262,,-105.3685109,38.96809555,2415.242,Global,0.011,0.01,0.012,0.015,1.934,m,FIX,2025-04-01 12:40:51.4 UTC-06:00,2025-04-01 12:40:54.4 UTC-06:00,16,1.9,2.4,468406.275,4313300.688,2434.672,-105.3646942,38.96810755,2420.645,330.926,,NAD83(2011) / UTM zone 13N + NAVD88(GEOID18) height,8,6,7,5,0,
470,,468075.713,4313300.877,2429.21,,-105.3685099,38.96809727,2415.19,Global,0.011,0.011,0.012,0.015,1.934,m,FIX,2025-04-01 12:41:01.4 UTC-06:00,2025-04-01 12:41:04.4 UTC-06:00,16,1.9,2.4,468406.275,4313300.688,2434.672,-105.3646942,38.96810755,2420.645,330.834,,NAD83(2011) / UTM zone 13N + NAVD88(GEOID18) height,8,6,7,4,0,
471,,468075.694,4313301.07,2429.164,,-105.3685101,38.96809901,2415.144,Global,0.011,0.011,0.013,0.015,1.934,m,FIX,2025-04-01 12:41:12.2 UTC-06:00,2025-04-01 12:41:15.2 UTC-06:00,16,1.9,2.4,468406.275,4313300.688,2434.672,-105.3646942,38.96810755,2420.645,330.856,,NAD83(2011) / UTM zone 13N + NAVD88(GEOID18) height,7,6,7,4,0,
472,,468075.658,4313301.284,2428.994,,-105.3685105,38.96810094,2414.974,Global,0.01,0.01,0.01,0.014,1.934,m,FIX,2025-04-01 12:41:27.8 UTC-06:00,2025-04-01 12:41:30.8 UTC-06:00,16,1.6,1.9,468406.275,4313300.688,2434.672,-105.3646942,38.96810755,2420.645,330.889,,NAD83(2011) / UTM zone 13N + NAVD88(GEOID18) height,7,6,7,4,0,
473,,468075.74,4313301.505,2428.895,,-105.3685096,38.96810293,2414.874,Global,0.011,0.01,0.012,0.015,1.934,m,FIX,2025-04-01 12:41:45.6 UTC-06:00,2025-04-01 12:41:48.6 UTC-06:00,16,1.6,1.9,468406.275,4313300.688,2434.672,-105.3646942,38.96810755,2420.645,330.812,,NAD83(2011) / UTM zone 13N + NAVD88(GEOID18) height,8,6,7,4,0,
474,,468075.737,4313301.675,2428.883,,-105.3685096,38.96810446,2414.863,Global,0.012,0.011,0.011,0.017,1.934,m,FIX,2025-04-01 12:41:56.4 UTC-06:00,2025-04-01 12:41:59.4 UTC-06:00,16,1.9,2.4,468406.275,4313300.688,2434.672,-105.3646942,38.96810755,2420.645,330.823,,NAD83(2011) / UTM zone 13N + NAVD88(GEOID18) height,8,6,7,4,0,
475,,468075.774,4313301.865,2428.879,,-105.3685092,38.96810617,2414.859,Global,0.01,0.011,0.011,0.015,1.934,m,FIX,2025-04-01 12:42:13.0 UTC-06:00,2025-04-01 12:42:16.0 UTC-06:00,16,1.9,2.4,468406.275,4313300.688,2434.672,-105.3646942,38.96810755,2420.645,330.778,,NAD83(2011) / UTM zone 13N + NAVD88(GEOID18) height,7,6,7,4,0,
476,,468075.906,4313302.045,2428.811,,-105.3685077,38.9681078,2414.79,Global,0.011,0.01,0.011,0.015,1.934,m,FIX,2025-04-01 12:42:27.6 UTC-06:00,2025-04-01 12:42:30.6 UTC-06:00,16,1.9,2.4,468406.275,4313300.688,2434.672,-105.3646942,38.96810755,2420.645,330.65,,NAD83(2011) / UTM zone 13N + NAVD88(GEOID18) height,8,6,7,4,0,
477,,468075.982,4313302.221,2428.816,,-105.3685068,38.96810939,2414.795,Global,0.01,0.011,0.015,0.015,1.934,m,FIX,2025-04-01 12:42:37.6 UTC-06:00,2025-04-01 12:42:40.6 UTC-06:00,16,1.9,2.4,468406.275,4313300.688,2434.672,-105.3646942,38.96810755,2420.645,330.572,,NAD83(2011) / UTM zone 13N + NAVD88(GEOID18) height,7,6,7,4,0,
478,,468076.019,4313302.466,2428.997,,-105.3685064,38.9681116,2414.977,Global,0.012,0.01,0.011,0.016,1.934,m,FIX,2025-04-01 12:42:56.0 UTC-06:00,2025-04-01 12:42:59.0 UTC-06:00,16,1.9,2.4,468406.275,4313300.688,2434.672,-105.3646942,38.96810755,2420.645,330.526,,NAD83(2011) / UTM zone 13N + NAVD88(GEOID18) height,8,6,7,4,0,
479,,468076.102,4313302.659,2429.003,,-105.3685055,38.96811334,2414.983,Global,0.01,0.01,0.011,0.015,1.934,m,FIX,2025-04-01 12:43:24.8 UTC-06:00,2025-04-01 12:43:27.8 UTC-06:00,16,1.6,1.9,468406.275,4313300.688,2434.672,-105.3646942,38.96810755,2420.645,330.453,,NAD83(2011) / UTM zone 13N + NAVD88(GEOID18) height,8,6,7,4,0,
480,,468076.084,4313302.859,2429.068,,-105.3685057,38.96811514,2415.047,Global,0.014,0.011,0.01,0.018,1.934,m,FIX,2025-04-01 12:43:46.2 UTC-06:00,2025-04-01 12:43:49.2 UTC-06:00,16,1.9,2.3,468406.275,4313300.688,2434.672,-105.3646942,38.96810755,2420.645,330.46,,NAD83(2011) / UTM zone 13N + NAVD88(GEOID18) height,7,6,7,4,0,
481,,468076.126,4313303.005,2429.033,,-105.3685052,38.96811646,2415.013,Global,0.011,0.01,0.013,0.015,1.934,m,FIX,2025-04-01 12:44:01.8 UTC-06:00,2025-04-01 12:44:04.8 UTC-06:00,16,1.6,1.9,468406.275,4313300.688,2434.672,-105.3646942,38.96810755,2420.645,330.429,,NAD83(2011) / UTM zone 13N + NAVD88(GEOID18) height,8,6,7,4,0,
482,,468076.188,4313303.237,2429.03,,-105.3685045,38.96811855,2415.01,Global,0.01,0.01,0.011,0.014,1.934,m,FIX,2025-04-01 12:44:14.6 UTC-06:00,2025-04-01 12:44:17.6 UTC-06:00,16,1.6,1.9,468406.275,4313300.688,2434.672,-105.3646942,38.96810755,2420.645,330.373,,NAD83(2011) / UTM zone 13N + NAVD88(GEOID18) height,7,6,7,4,0,
483,,468076.238,4313303.381,2429.04,,-105.3685039,38.96811986,2415.02,Global,0.011,0.01,0.01,0.015,1.934,m,FIX,2025-04-01 12:44:29.4 UTC-06:00,2025-04-01 12:44:32.4 UTC-06:00,16,1.6,1.9,468406.275,4313300.688,2434.672,-105.3646942,38.96810755,2420.645,330.327,,NAD83(2011) / UTM zone 13N + NAVD88(GEOID18) height,7,6,7,4,0,
484,,468076.235,4313303.505,2429.14,,-105.368504,38.96812097,2415.119,Global,0.01,0.01,0.01,0.015,1.934,m,FIX,2025-04-01 12:44:47.4 UTC-06:00,2025-04-01 12:44:50.4 UTC-06:00,16,1.6,1.9,468406.275,4313300.688,2434.672,-105.3646942,38.96810755,2420.645,330.326,,NAD83(2011) / UTM zone 13N + NAVD88(GEOID18) height,6,6,7,4,0,
485,,468076.25,4313303.622,2429.206,,-105.3685038,38.96812202,2415.185,Global,0.01,0.01,0.01,0.014,1.934,m,FIX,2025-04-01 12:45:07.0 UTC-06:00,2025-04-01 12:45:10.0 UTC-06:00,16,1.6,1.9,468406.275,4313300.688,2434.672,-105.3646942,38.96810755,2420.645,330.311,,NAD83(2011) / UTM zone 13N + NAVD88(GEOID18) height,8,5,7,4,0,
486,,468076.36,4313303.798,2429.249,,-105.3685025,38.96812361,2415.228,Global,0.01,0.011,0.016,0.015,1.934,m,FIX,2025-04-01 12:45:23.0 UTC-06:00,2025-04-01 12:45:26.0 UTC-06:00,16,1.9,2.3,468406.275,4313300.688,2434.672,-105.3646942,38.96810755,2420.645,330.196,,NAD83(2011) / UTM zone 13N + NAVD88(GEOID18) height,7,6,7,5,0,
487,,468076.441,4313303.972,2429.301,,-105.3685016,38.96812518,2415.281,Global,0.011,0.011,0.012,0.015,1.934,m,FIX,2025-04-01 12:45:36.0 UTC-06:00,2025-04-01 12:45:39.0 UTC-06:00,16,1.9,2.3,468406.275,4313300.688,2434.672,-105.3646942,38.96810755,2420.645,330.113,,NAD83(2011) / UTM zone 13N + NAVD88(GEOID18) height,8,6,7,4,0,
488,,468076.571,4313304.142,2429.358,,-105.3685001,38.96812672,2415.337,Global,0.012,0.01,0.013,0.016,1.934,m,FIX,2025-04-01 12:45:48.4 UTC-06:00,2025-04-01 12:45:51.4 UTC-06:00,16,1.6,1.9,468406.275,4313300.688,2434.672,-105.3646942,38.96810755,2420.645,329.982,,NAD83(2011) / UTM zone 13N + NAVD88(GEOID18) height,7,6,7,5,0,
489,,468076.658,4313304.309,2429.41,,-105.3684991,38.96812823,2415.389,Global,0.011,0.01,0.011,0.015,1.934,m,FIX,2025-04-01 12:45:59.6 UTC-06:00,2025-04-01 12:46:02.6 UTC-06:00,16,1.6,1.9,468406.275,4313300.688,2434.672,-105.3646942,38.96810755,2420.645,329.905,,NAD83(2011) / UTM zone 13N + NAVD88(GEOID18) height,7,6,7,5,0,
490,,468076.689,4313304.539,2429.467,,-105.3684988,38.9681303,2415.447,Global,0.01,0.01,0.011,0.014,1.934,m,FIX,2025-04-01 12:46:11.6 UTC-06:00,2025-04-01 12:46:14.6 UTC-06:00,16,1.6,1.9,468406.275,4313300.688,2434.672,-105.3646942,38.96810755,2420.645,329.876,,NAD83(2011) / UTM zone 13N + NAVD88(GEOID18) height,8,6,7,5,0,
491,,468076.718,4313304.732,2429.572,,-105.3684985,38.96813205,2415.552,Global,0.01,0.01,0.012,0.014,1.934,m,FIX,2025-04-01 12:46:25.2 UTC-06:00,2025-04-01 12:46:28.2 UTC-06:00,16,1.6,1.9,468406.275,4313300.688,2434.672,-105.3646942,38.96810755,2420.645,329.85,,NAD83(2011) / UTM zone 13N + NAVD88(GEOID18) height,8,6,7,5,0,
492,,468076.771,4313304.935,2429.641,,-105.3684979,38.96813387,2415.62,Global,0.01,0.01,0.013,0.015,1.934,m,FIX,2025-04-01 12:46:38.6 UTC-06:00,2025-04-01 12:46:41.6 UTC-06:00,16,1.6,1.9,468406.275,4313300.688,2434.672,-105.3646942,38.96810755,2420.645,329.797,,NAD83(2011) / UTM zone 13N + NAVD88(GEOID18) height,7,6,7,4,0,
493,,468076.886,4313305.093,2429.746,,-105.3684965,38.9681353,2415.725,Global,0.011,0.01,0.019,0.015,1.934,m,FIX,2025-04-01 12:46:57.6 UTC-06:00,2025-04-01 12:47:00.6 UTC-06:00,16,1.6,1.9,468406.275,4313300.688,2434.672,-105.3646942,38.96810755,2420.645,329.686,,NAD83(2011) / UTM zone 13N + NAVD88(GEOID18) height,7,6,7,5,0,
494,,468076.869,4313305.277,2429.839,,-105.3684967,38.96813696,2415.819,Global,0.01,0.01,0.014,0.014,1.934,m,FIX,2025-04-01 12:47:20.0 UTC-06:00,2025-04-01 12:47:23.0 UTC-06:00,16,1.4,1.7,468406.275,4313300.688,2434.672,-105.3646942,38.96810755,2420.645,329.703,,NAD83(2011) / UTM zone 13N + NAVD88(GEOID18) height,7,6,7,5,0,
495,,468076.942,4313305.474,2429.958,,-105.3684959,38.96813874,2415.937,Global,0.01,0.01,0.012,0.015,1.934,m,FIX,2025-04-01 12:47:35.2 UTC-06:00,2025-04-01 12:47:38.2 UTC-06:00,16,1.4,1.7,468406.275,4313300.688,2434.672,-105.3646942,38.96810755,2420.645,329.634,,NAD83(2011) / UTM zone 13N + NAVD88(GEOID18) height,7,6,7,6,0,
496,,468077.015,4313305.561,2430.405,,-105.3684951,38.96813952,2416.384,Global,0.01,0.01,0.012,0.015,1.934,m,FIX,2025-04-01 12:48:02.0 UTC-06:00,2025-04-01 12:48:05.0 UTC-06:00,16,1.4,1.7,468406.275,4313300.688,2434.672,-105.3646942,38.96810755,2420.645,329.553,,NAD83(2011) / UTM zone 13N + NAVD88(GEOID18) height,7,6,7,5,0,
497,,468077.035,4313305.642,2430.456,,-105.3684948,38.96814025,2416.435,Global,0.01,0.01,0.012,0.014,1.934,m,FIX,2025-04-01 12:48:11.2 UTC-06:00,2025-04-01 12:48:14.2 UTC-06:00,16,1.4,1.7,468406.275,4313300.688,2434.672,-105.3646942,38.96810755,2420.645,329.539,,NAD83(2011) / UTM zone 13N + NAVD88(GEOID18) height,7,6,7,5,0,
498,,468077.109,4313305.877,2430.559,,-105.368494,38.96814238,2416.538,Global,0.011,0.01,0.012,0.015,1.934,m,FIX,2025-04-01 12:48:24.2 UTC-06:00,2025-04-01 12:48:27.2 UTC-06:00,16,1.4,1.7,468406.275,4313300.688,2434.672,-105.3646942,38.96810755,2420.645,329.456,,NAD83(2011) / UTM zone 13N + NAVD88(GEOID18) height,7,6,7,5,0,
499,,468077.13,4313306.023,2430.597,,-105.3684938,38.96814369,2416.577,Global,0.011,0.011,0.011,0.016,1.934,m,FIX,2025-04-01 12:48:37.4 UTC-06:00,2025-04-01 12:48:40.4 UTC-06:00,16,1.4,1.7,468406.275,4313300.688,2434.672,-105.3646942,38.96810755,2420.645,329.451,,NAD83(2011) / UTM zone 13N + NAVD88(GEOID18) height,8,6,7,5,0,
500,,468077.171,4313306.206,2430.593,,-105.3684933,38.96814534,2416.573,Global,0.012,0.011,0.013,0.016,1.934,m,FIX,2025-04-01 12:48:49.2 UTC-06:00,2025-04-01 12:48:52.2 UTC-06:00,16,1.4,1.7,468406.275,4313300.688,2434.672,-105.3646942,38.96810755,2420.645,329.416,,NAD83(2011) / UTM zone 13N + NAVD88(GEOID18) height,7,6,7,5,0,
501,,468077.221,4313306.373,2430.625,,-105.3684927,38.96814685,2416.605,Global,0.01,0.01,0.011,0.014,1.934,m,FIX,2025-04-01 12:49:02.2 UTC-06:00,2025-04-01 12:49:05.2 UTC-06:00,16,1.4,1.7,468406.275,4313300.688,2434.672,-105.3646942,38.96810755,2420.645,329.362,,NAD83(2011) / UTM zone 13N + NAVD88(GEOID18) height,8,6,7,5,0,
502,,468077.289,4313306.556,2430.648,,-105.3684919,38.9681485,2416.627,Global,0.01,0.01,0.01,0.015,1.934,m,FIX,2025-04-01 12:49:11.8 UTC-06:00,2025-04-01 12:49:14.8 UTC-06:00,16,1.4,1.7,468406.275,4313300.688,2434.672,-105.3646942,38.96810755,2420.645,329.294,,NAD83(2011) / UTM zone 13N + NAVD88(GEOID18) height,7,6,7,6,0,
503,,468077.333,4313306.749,2430.677,,-105.3684914,38.96815024,2416.656,Global,0.011,0.011,0.011,0.015,1.934,m,FIX,2025-04-01 12:49:22.6 UTC-06:00,2025-04-01 12:49:25.6 UTC-06:00,16,1.4,1.7,468406.275,4313300.688,2434.672,-105.3646942,38.96810755,2420.645,329.256,,NAD83(2011) / UTM zone 13N + NAVD88(GEOID18) height,7,6,7,6,0,
504,,468077.399,4313306.949,2430.705,,-105.3684907,38.96815205,2416.685,Global,0.012,0.01,0.013,0.016,1.934,m,FIX,2025-04-01 12:49:34.6 UTC-06:00,2025-04-01 12:49:37.6 UTC-06:00,16,1.4,1.7,468406.275,4313300.688,2434.672,-105.3646942,38.96810755,2420.645,329.183,,NAD83(2011) / UTM zone 13N + NAVD88(GEOID18) height,7,6,7,6,0,
505,,468077.453,4313307.119,2430.737,,-105.3684901,38.96815358,2416.716,Global,0.01,0.011,0.018,0.015,1.934,m,FIX,2025-04-01 12:49:45.4 UTC-06:00,2025-04-01 12:49:48.4 UTC-06:00,16,1.6,1.9,468406.275,4313300.688,2434.672,-105.3646942,38.96810755,2420.645,329.146,,NAD83(2011) / UTM zone 13N + NAVD88(GEOID18) height,7,6,7,6,0,
506,,468077.519,4313307.322,2430.726,,-105.3684893,38.96815541,2416.705,Global,0.01,0.011,0.011,0.015,1.934,m,FIX,2025-04-01 12:49:57.2 UTC-06:00,2025-04-01 12:50:00.2 UTC-06:00,16,1.6,2,468406.275,4313300.688,2434.672,-105.3646942,38.96810755,2420.645,329.083,,NAD83(2011) / UTM zone 13N + NAVD88(GEOID18) height,8,6,7,5,0,
507,,468077.566,4313307.503,2430.835,,-105.3684888,38.96815705,2416.815,Global,0.012,0.013,0.018,0.018,1.934,m,FIX,2025-04-01 12:50:07.2 UTC-06:00,2025-04-01 12:50:10.2 UTC-06:00,16,1.4,1.7,468406.275,4313300.688,2434.672,-105.3646942,38.96810755,2420.645,329.038,,NAD83(2011) / UTM zone 13N + NAVD88(GEOID18) height,8,6,7,6,0,
508,,468077.612,4313307.659,2430.902,,-105.3684883,38.96815845,2416.882,Global,0.01,0.01,0.016,0.015,1.934,m,FIX,2025-04-01 12:50:17.6 UTC-06:00,2025-04-01 12:50:20.6 UTC-06:00,16,1.4,1.7,468406.275,4313300.688,2434.672,-105.3646942,38.96810755,2420.645,328.994,,NAD83(2011) / UTM zone 13N + NAVD88(GEOID18) height,7,6,7,6,0,
509,,468077.671,4313307.867,2430.959,,-105.3684876,38.96816032,2416.939,Global,0.01,0.01,0.012,0.015,1.934,m,FIX,2025-04-01 12:50:28.0 UTC-06:00,2025-04-01 12:50:31.0 UTC-06:00,16,1.9,2.4,468406.275,4313300.688,2434.672,-105.3646942,38.96810755,2420.645,328.939,,NAD83(2011) / UTM zone 13N + NAVD88(GEOID18) height,7,6,7,6,0,
510,,468077.72,4313308.043,2430.948,,-105.368487,38.96816192,2416.927,Global,0.01,0.011,0.012,0.015,1.934,m,FIX,2025-04-01 12:50:40.0 UTC-06:00,2025-04-01 12:50:43.0 UTC-06:00,16,1.7,2,468406.275,4313300.688,2434.672,-105.3646942,38.96810755,2420.645,328.893,,NAD83(2011) / UTM zone 13N + NAVD88(GEOID18) height,7,6,7,6,0,
511,,468077.793,4313308.263,2430.918,,-105.3684862,38.9681639,2416.897,Global,0.01,0.01,0.011,0.014,1.934,m,FIX,2025-04-01 12:50:53.4 UTC-06:00,2025-04-01 12:50:56.4 UTC-06:00,16,2.5,3.1,468406.275,4313300.688,2434.672,-105.3646942,38.96810755,2420.645,328.824,,NAD83(2011) / UTM zone 13N + NAVD88(GEOID18) height,7,6,7,6,0,
512,,468077.844,4313308.454,2430.946,,-105.3684856,38.96816563,2416.926,Global,0.01,0.011,0.015,0.015,1.934,m,FIX,2025-04-01 12:51:04.4 UTC-06:00,2025-04-01 12:51:07.4 UTC-06:00,16,2,2.4,468406.275,4313300.688,2434.672,-105.3646942,38.96810755,2420.645,328.782,,NAD83(2011) / UTM zone 13N + NAVD88(GEOID18) height,7,6,7,6,0,
513,,468077.895,4313308.638,2430.992,,-105.3684851,38.96816729,2416.971,Global,0.01,0.01,0.017,0.015,1.934,m,FIX,2025-04-01 12:51:15.2 UTC-06:00,2025-04-01 12:51:18.2 UTC-06:00,16,2.5,3.1,468406.275,4313300.688,2434.672,-105.3646942,38.96810755,2420.645,328.732,,NAD83(2011) / UTM zone 13N + NAVD88(GEOID18) height,7,6,7,6,0,
514,,468077.943,4313308.798,2431.054,,-105.3684845,38.96816872,2417.033,Global,0.01,0.012,0.016,0.016,1.934,m,FIX,2025-04-01 12:51:25.2 UTC-06:00,2025-04-01 12:51:28.2 UTC-06:00,16,1.8,2.1,468406.275,4313300.688,2434.672,-105.3646942,38.96810755,2420.645,328.686,,NAD83(2011) / UTM zone 13N + NAVD88(GEOID18) height,7,6,7,6,0,
515,,468077.985,4313309.005,2431.052,,-105.368484,38.9681706,2417.032,Global,0.01,0.01,0.017,0.015,1.934,m,FIX,2025-04-01 12:51:36.6 UTC-06:00,2025-04-01 12:51:39.6 UTC-06:00,16,1.8,2.1,468406.275,4313300.688,2434.672,-105.3646942,38.96810755,2420.645,328.65,,NAD83(2011) / UTM zone 13N + NAVD88(GEOID18) height,7,6,7,6,0,
516,,468078.051,4313309.185,2431.07,,-105.3684833,38.96817222,2417.049,Global,0.01,0.01,0.018,0.015,1.934,m,FIX,2025-04-01 12:51:48.6 UTC-06:00,2025-04-01 12:51:51.6 UTC-06:00,16,2,2.4,468406.275,4313300.688,2434.672,-105.3646942,38.96810755,2420.645,328.591,,NAD83(2011) / UTM zone 13N + NAVD88(GEOID18) height,6,6,7,5,0,
517,,468078.099,4313309.363,2431.116,,-105.3684827,38.96817382,2417.096,Global,0.012,0.011,0.02,0.017,1.934,m,FIX,2025-04-01 12:52:00.0 UTC-06:00,2025-04-01 12:52:03.0 UTC-06:00,16,2,2.4,468406.275,4313300.688,2434.672,-105.3646942,38.96810755,2420.645,328.537,,NAD83(2011) / UTM zone 13N + NAVD88(GEOID18) height,7,6,7,6,0,
518,,468078.161,4313309.559,2431.172,,-105.368482,38.96817559,2417.151,Global,0.013,0.011,0.012,0.016,1.934,m,FIX,2025-04-01 12:52:09.4 UTC-06:00,2025-04-01 12:52:12.4 UTC-06:00,16,2.2,2.7,468406.275,4313300.688,2434.672,-105.3646942,38.96810755,2420.645,328.484,,NAD83(2011) / UTM zone 13N + NAVD88(GEOID18) height,7,6,7,5,0,
519,,468078.207,4313309.757,2431.211,,-105.3684815,38.96817738,2417.19,Global,0.011,0.011,0.022,0.016,1.934,m,FIX,2025-04-01 12:52:19.8 UTC-06:00,2025-04-01 12:52:22.8 UTC-06:00,16,2,2.4,468406.275,4313300.688,2434.672,-105.3646942,38.96810755,2420.645,328.447,,NAD83(2011) / UTM zone 13N + NAVD88(GEOID18) height,7,6,7,6,0,
520,,468078.256,4313309.925,2431.277,,-105.3684809,38.96817889,2417.257,Global,0.011,0.01,0.013,0.015,1.934,m,FIX,2025-04-01 12:52:30.6 UTC-06:00,2025-04-01 12:52:33.6 UTC-06:00,16,1.7,2,468406.275,4313300.688,2434.672,-105.3646942,38.96810755,2420.645,328.411,,NAD83(2011) / UTM zone 13N + NAVD88(GEOID18) height,7,6,7,6,0,
521,,468078.308,4313310.086,2431.351,,-105.3684804,38.96818035,2417.33,Global,0.011,0.011,0.017,0.015,1.934,m,FIX,2025-04-01 12:52:42.8 UTC-06:00,2025-04-01 12:52:45.8 UTC-06:00,16,1.5,1.8,468406.275,4313300.688,2434.672,-105.3646942,38.96810755,2420.645,328.357,,NAD83(2011) / UTM zone 13N + NAVD88(GEOID18) height,7,6,7,5,0,
522,,468078.374,4313310.27,2431.379,,-105.3684796,38.96818201,2417.358,Global,0.011,0.01,0.011,0.015,1.934,m,FIX,2025-04-01 12:52:54.8 UTC-06:00,2025-04-01 12:52:57.8 UTC-06:00,16,1.4,1.6,468406.275,4313300.688,2434.672,-105.3646942,38.96810755,2420.645,328.295,,NAD83(2011) / UTM zone 13N + NAVD88(GEOID18) height,8,6,7,6,0,
523,,468078.402,4313310.471,2431.414,,-105.3684793,38.96818382,2417.393,Global,0.011,0.01,0.014,0.015,1.934,m,FIX,2025-04-01 12:53:05.8 UTC-06:00,2025-04-01 12:53:08.8 UTC-06:00,16,1.5,1.8,468406.275,4313300.688,2434.672,-105.3646942,38.96810755,2420.645,328.272,,NAD83(2011) / UTM zone 13N + NAVD88(GEOID18) height,6,6,7,5,0,
524,,468078.418,4313310.67,2431.433,,-105.3684791,38.96818561,2417.412,Global,0.01,0.01,0.013,0.015,1.934,m,FIX,2025-04-01 12:53:15.4 UTC-06:00,2025-04-01 12:53:18.4 UTC-06:00,16,1.5,1.8,468406.275,4313300.688,2434.672,-105.3646942,38.96810755,2420.645,328.255,,NAD83(2011) / UTM zone 13N + NAVD88(GEOID18) height,6,6,7,5,0,
525,,468078.527,4313310.8,2431.391,,-105.3684779,38.96818679,2417.371,Global,0.011,0.01,0.013,0.015,1.934,m,FIX,2025-04-01 12:53:25.8 UTC-06:00,2025-04-01 12:53:28.8 UTC-06:00,16,1.5,1.8,468406.275,4313300.688,2434.672,-105.3646942,38.96810755,2420.645,328.153,,NAD83(2011) / UTM zone 13N + NAVD88(GEOID18) height,7,6,7,6,0,
526,,468078.569,4313311.019,2431.37,,-105.3684774,38.96818876,2417.349,Global,0.01,0.012,0.02,0.016,1.934,m,FIX,2025-04-01 12:53:38.6 UTC-06:00,2025-04-01 12:53:41.6 UTC-06:00,16,1.6,1.9,468406.275,4313300.688,2434.672,-105.3646942,38.96810755,2420.645,328.122,,NAD83(2011) / UTM zone 13N + NAVD88(GEOID18) height,7,6,7,6,0,
527,,468078.631,4313311.211,2431.56,,-105.3684767,38.9681905,2417.54,Global,0.011,0.014,0.022,0.018,1.934,m,FIX,2025-04-01 12:53:51.4 UTC-06:00,2025-04-01 12:53:54.4 UTC-06:00,16,2,2.4,468406.275,4313300.688,2434.672,-105.3646942,38.96810755,2420.645,328.059,,NAD83(2011) / UTM zone 13N + NAVD88(GEOID18) height,6,6,7,6,0,
528,,468078.694,4313311.356,2431.569,,-105.368476,38.96819181,2417.549,Global,0.011,0.012,0.019,0.016,1.934,m,FIX,2025-04-01 12:54:04.0 UTC-06:00,2025-04-01 12:54:07.0 UTC-06:00,16,2,2.4,468406.275,4313300.688,2434.672,-105.3646942,38.96810755,2420.645,328.004,,NAD83(2011) / UTM zone 13N + NAVD88(GEOID18) height,8,6,7,5,0,
529,,468078.755,4313311.595,2431.633,,-105.3684753,38.96819396,2417.612,Global,0.01,0.01,0.01,0.015,1.934,m,FIX,2025-04-01 12:54:17.4 UTC-06:00,2025-04-01 12:54:20.4 UTC-06:00,16,1.4,1.7,468406.275,4313300.688,2434.672,-105.3646942,38.96810755,2420.645,327.95,,NAD83(2011) / UTM zone 13N + NAVD88(GEOID18) height,7,6,7,6,0,
530,,468078.817,4313311.762,2431.674,,-105.3684746,38.96819547,2417.654,Global,0.011,0.012,0.021,0.016,1.934,m,FIX,2025-04-01 12:54:28.0 UTC-06:00,2025-04-01 12:54:31.0 UTC-06:00,16,2,2.4,468406.275,4313300.688,2434.672,-105.3646942,38.96810755,2420.645,327.894,,NAD83(2011) / UTM zone 13N + NAVD88(GEOID18) height,7,6,7,6,0,
531,,468078.872,4313311.986,2431.748,,-105.3684739,38.96819749,2417.727,Global,0.011,0.012,0.011,0.017,1.934,m,FIX,2025-04-01 12:54:41.0 UTC-06:00,2025-04-01 12:54:44.0 UTC-06:00,16,1.5,1.9,468406.275,4313300.688,2434.672,-105.3646942,38.96810755,2420.645,327.845,,NAD83(2011) / UTM zone 13N + NAVD88(GEOID18) height,7,6,7,6,0,
532,,468078.916,4313312.13,2431.83,,-105.3684734,38.96819879,2417.809,Global,0.011,0.01,0.013,0.015,1.934,m,FIX,2025-04-01 12:54:54.6 UTC-06:00,2025-04-01 12:54:57.6 UTC-06:00,16,1.6,1.9,468406.275,4313300.688,2434.672,-105.3646942,38.96810755,2420.645,327.818,,NAD83(2011) / UTM zone 13N + NAVD88(GEOID18) height,7,6,7,5,0,
533,,468078.979,4313312.355,2431.97,,-105.3684727,38.96820081,2417.95,Global,0.011,0.012,0.021,0.016,1.934,m,FIX,2025-04-01 12:55:08.4 UTC-06:00,2025-04-01 12:55:11.4 UTC-06:00,16,1.8,2.2,468406.275,4313300.688,2434.672,-105.3646942,38.96810755,2420.645,327.76,,NAD83(2011) / UTM zone 13N + NAVD88(GEOID18) height,7,6,7,6,0,
534,,468079.03,4313312.535,2431.986,,-105.3684721,38.96820245,2417.966,Global,0.01,0.01,0.015,0.015,1.934,m,FIX,2025-04-01 12:55:21.6 UTC-06:00,2025-04-01 12:55:24.6 UTC-06:00,16,1.7,2,468406.275,4313300.688,2434.672,-105.3646942,38.96810755,2420.645,327.712,,NAD83(2011) / UTM zone 13N + NAVD88(GEOID18) height,7,6,7,5,0,
535,,468079.06,4313312.672,2432.194,,-105.3684718,38.96820367,2418.174,Global,0.01,0.011,0.02,0.015,1.934,m,FIX,2025-04-01 12:55:34.6 UTC-06:00,2025-04-01 12:55:37.6 UTC-06:00,16,1.8,2.2,468406.275,4313300.688,2434.672,-105.3646942,38.96810755,2420.645,327.687,,NAD83(2011) / UTM zone 13N + NAVD88(GEOID18) height,7,6,7,5,0,
536,,468079.133,4313312.873,2432.237,,-105.368471,38.96820549,2418.216,Global,0.011,0.011,0.022,0.015,1.934,m,FIX,2025-04-01 12:55:49.4 UTC-06:00,2025-04-01 12:55:52.4 UTC-06:00,16,1.7,2,468406.275,4313300.688,2434.672,-105.3646942,38.96810755,2420.645,327.614,,NAD83(2011) / UTM zone 13N + NAVD88(GEOID18) height,7,6,7,5,0,
537,,468079.199,4313313.08,2432.349,,-105.3684702,38.96820736,2418.328,Global,0.011,0.013,0.024,0.017,1.934,m,FIX,2025-04-01 12:56:02.8 UTC-06:00,2025-04-01 12:56:05.8 UTC-06:00,16,2.1,2.5,468406.275,4313300.688,2434.672,-105.3646942,38.96810755,2420.645,327.566,,NAD83(2011) / UTM zone 13N + NAVD88(GEOID18) height,7,6,7,5,0,
538,,468079.247,4313313.302,2432.521,,-105.3684697,38.96820937,2418.5,Global,0.013,0.011,0.021,0.017,1.934,m,FIX,2025-04-01 12:56:25.2 UTC-06:00,2025-04-01 12:56:28.2 UTC-06:00,16,2.1,2.5,468406.275,4313300.688,2434.672,-105.3646942,38.96810755,2420.645,327.532,,NAD83(2011) / UTM zone 13N + NAVD88(GEOID18) height,7,6,7,5,0,
539,,468079.04,4313313.393,2432.428,,-105.3684721,38.96821017,2418.407,Global,0.012,0.013,0.025,0.017,1.934,m,FIX,2025-04-01 12:56:38.8 UTC-06:00,2025-04-01 12:56:41.8 UTC-06:00,16,1.6,1.9,468406.275,4313300.688,2434.672,-105.3646942,38.96810755,2420.645,327.739,,NAD83(2011) / UTM zone 13N + NAVD88(GEOID18) height,7,6,8,6,0,
540,,468079.2,4313313.053,2432.379,,-105.3684702,38.96820712,2418.358,Global,0.01,0.013,0.024,0.016,1.934,m,FIX,2025-04-01 12:56:50.0 UTC-06:00,2025-04-01 12:56:53.0 UTC-06:00,16,1.8,2.2,468406.275,4313300.688,2434.672,-105.3646942,38.96810755,2420.645,327.559,,NAD83(2011) / UTM zone 13N + NAVD88(GEOID18) height,7,6,7,6,0,
541,,468079.448,4313313.204,2432.466,,-105.3684673,38.96820849,2418.446,Global,0.012,0.011,0.025,0.016,1.934,m,FIX,2025-04-01 12:57:00.8 UTC-06:00,2025-04-01 12:57:03.8 UTC-06:00,16,1.8,2.2,468406.275,4313300.688,2434.672,-105.3646942,38.96810755,2420.645,327.322,,NAD83(2011) / UTM zone 13N + NAVD88(GEOID18) height,8,6,7,5,0,
542,,468079.319,4313313.525,2432.558,,-105.3684688,38.96821138,2418.537,Global,0.011,0.01,0.015,0.015,1.934,m,FIX,2025-04-01 12:57:11.0 UTC-06:00,2025-04-01 12:57:14.0 UTC-06:00,16,1.5,1.8,468406.275,4313300.688,2434.672,-105.3646942,38.96810755,2420.645,327.463,,NAD83(2011) / UTM zone 13N + NAVD88(GEOID18) height,7,6,9,6,0,
543,,468079.257,4313313.306,2432.46,,-105.3684696,38.9682094,2418.439,Global,0.01,0.011,0.02,0.015,1.934,m,FIX,2025-04-01 12:57:26.4 UTC-06:00,2025-04-01 12:57:29.4 UTC-06:00,16,1.7,2,468406.275,4313300.688,2434.672,-105.3646942,38.96810755,2420.645,327.516,,NAD83(2011) / UTM zone 13N + NAVD88(GEOID18) height,7,6,6,5,0,
544,,468079.237,4313313.301,2432.525,,-105.3684698,38.96820936,2418.504,Global,0.011,0.011,0.012,0.016,1.934,m,FIX,2025-04-01 12:57:38.8 UTC-06:00,2025-04-01 12:57:41.8 UTC-06:00,16,1.6,1.9,468406.275,4313300.688,2434.672,-105.3646942,38.96810755,2420.645,327.545,,NAD83(2011) / UTM zone 13N + NAVD88(GEOID18) height,7,6,8,6,0,
545,,468079.223,4313313.281,2432.524,,-105.3684699,38.96820917,2418.504,Global,0.011,0.013,0.023,0.017,1.934,m,FIX,2025-04-01 12:57:58.4 UTC-06:00,2025-04-01 12:58:28.4 UTC-06:00,151,1.8,2.2,468406.275,4313300.688,2434.672,-105.3646942,38.96810755,2420.645,327.542,,NAD83(2011) / UTM zone 13N + NAVD88(GEOID18) height,7,6,6,5,0,