,index,Name,Code,Easting,Northing,Elevation,Description,Longitude,Latitude,Ellipsoidal height,Origin,Easting RMS,Northing RMS,Elevation RMS,Lateral RMS,Antenna height,Antenna height units,Solution status,Correction type,Averaging start,Averaging end,Samples,PDOP,GDOP,Base easting,Base northing,Base elevation,Base longitude,Base latitude,Base ellipsoidal height,Baseline,Mount point,CS name,GPS Satellites,GLONASS Satellites,Galileo Satellites,BeiDou Satellites,QZSS Satellites,northing_adj,easting_adj,elevation_adj,geometry
0,0,1,,468033.757,4313288.469,2432.773,,-105.3689936,38.96798393,2418.753,Global,0.011,0.011,0.011,0.015,1.934,m,FIX,RTK,2025-04-01 13:19:49.8 UTC-06:00,2025-04-01 13:20:19.8 UTC-06:00,151.0,1.3,1.5,468406.275,4313300.688,2434.672,-105.3646942,38.96810755,2420.645,373.011,,NAD83(2011) / UTM zone 13N + NAVD88(GEOID18) height,7,5,8,5,0.0,4313287.061,468036.23099999997,2423.333,POINT Z (468036.23099999997 4313287.061 2423.333)
1,1,2,,468033.756,4313288.47,2432.773,,-105.3689936,38.96798393,2418.753,Global,0.01,0.011,0.01,0.015,1.934,m,FIX,RTK,2025-04-01 13:21:53.2 UTC-06:00,2025-04-01 13:21:56.2 UTC-06:00,16.0,1.3,1.5,468406.275,4313300.688,2434.672,-105.3646942,38.96810755,2420.645,373.004,,NAD83(2011) / UTM zone 13N + NAVD88(GEOID18) height,7,6,8,6,0.0,4313287.062,468036.23,2423.333,POINT Z (468036.23 4313287.062 2423.333)
2,2,3,,468033.622,4313288.53,2432.741,,-105.3689952,38.96798447,2418.721,Global,0.01,0.011,0.01,0.015,1.934,m,FIX,RTK,2025-04-01 13:22:10.2 UTC-06:00,2025-04-01 13:22:13.2 UTC-06:00,16.0,1.3,1.5,468406.275,4313300.688,2434.672,-105.3646942,38.96810755,2420.645,373.136,,NAD83(2011) / UTM zone 13N + NAVD88(GEOID18) height,7,6,8,6,0.0,4313287.122,468036.09599999996,2423.301,POINT Z (468036.09599999996 4313287.122 2423.301)
3,3,4,,468033.809,4313288.589,2432.71,,-105.368993,38.96798501,2418.691,Global,0.01,0.011,0.01,0.015,1.934,m,FIX,RTK,2025-04-01 13:22:26.2 UTC-06:00,2025-04-01 13:22:29.2 UTC-06:00,16.0,1.3,1.5,468406.275,4313300.688,2434.672,-105.3646942,38.96810755,2420.645,372.947,,NAD83(2011) / UTM zone 13N + NAVD88(GEOID18) height,7,6,8,6,0.0,4313287.181,468036.283,2423.27,POINT Z (468036.283 4313287.181 2423.27)
4,4,5,,468033.904,4313288.433,2432.709,,-105.3689919,38.96798361,2418.69,Global,0.011,0.012,0.01,0.016,1.934,m,FIX,RTK,2025-04-01 13:22:46.4 UTC-06:00,2025-04-01 13:22:49.4 UTC-06:00,16.0,1.3,1.5,468406.275,4313300.688,2434.672,-105.3646942,38.96810755,2420.645,372.858,,NAD83(2011) / UTM zone 13N + NAVD88(GEOID18) height,7,6,8,7,0.0,4313287.025,468036.37799999997,2423.269,POINT Z (468036.37799999997 4313287.025 2423.269)
5,5,6,,468033.712,4313288.35,2432.747,,-105.3689941,38.96798286,2418.727,Global,0.01,0.011,0.011,0.015,1.934,m,FIX,RTK,2025-04-01 13:23:04.6 UTC-06:00,2025-04-01 13:23:07.6 UTC-06:00,16.0,1.3,1.5,468406.275,4313300.688,2434.672,-105.3646942,38.96810755,2420.645,373.057,,NAD83(2011) / UTM zone 13N + NAVD88(GEOID18) height,7,6,8,7,0.0,4313286.942,468036.186,2423.307,POINT Z (468036.186 4313286.942 2423.307)
6,6,7,,468033.747,4313288.441,2432.719,,-105.3689937,38.96798367,2418.699,Global,0.011,0.012,0.01,0.016,1.934,m,FIX,RTK,2025-04-01 13:23:32.4 UTC-06:00,2025-04-01 13:23:35.4 UTC-06:00,16.0,1.3,1.5,468406.275,4313300.688,2434.672,-105.3646942,38.96810755,2420.645,373.023,,NAD83(2011) / UTM zone 13N + NAVD88(GEOID18) height,7,5,8,6,0.0,4313287.033,468036.22099999996,2423.279,POINT Z (468036.22099999996 4313287.033 2423.279)
7,7,8,,468033.755,4313288.481,2432.768,,-105.3689936,38.96798404,2418.748,Global,0.011,0.011,0.01,0.016,1.934,m,FIX,RTK,2025-04-01 13:23:51.8 UTC-06:00,2025-04-01 13:23:54.8 UTC-06:00,16.0,1.3,1.5,468406.275,4313300.688,2434.672,-105.3646942,38.96810755,2420.645,373.013,,NAD83(2011) / UTM zone 13N + NAVD88(GEOID18) height,7,6,9,6,0.0,4313287.073,468036.229,2423.328,POINT Z (468036.229 4313287.073 2423.328)
8,8,9,,468033.814,4313288.554,2432.715,,-105.3689929,38.9679847,2418.696,Global,0.012,0.012,0.011,0.017,1.934,m,FIX,RTK,2025-04-01 13:24:22.4 UTC-06:00,2025-04-01 13:24:25.4 UTC-06:00,16.0,1.3,1.5,468406.275,4313300.688,2434.672,-105.3646942,38.96810755,2420.645,372.951,,NAD83(2011) / UTM zone 13N + NAVD88(GEOID18) height,7,5,8,7,0.0,4313287.146,468036.288,2423.275,POINT Z (468036.288 4313287.146 2423.275)
9,9,10,,468033.886,4313288.734,2432.663,,-105.3689921,38.96798632,2418.644,Global,0.013,0.013,0.01,0.018,1.934,m,FIX,RTK,2025-04-01 13:24:58.8 UTC-06:00,2025-04-01 13:25:01.8 UTC-06:00,16.0,1.3,1.5,468406.275,4313300.688,2434.672,-105.3646942,38.96810755,2420.645,372.872,,NAD83(2011) / UTM zone 13N + NAVD88(GEOID18) height,7,5,8,6,0.0,4313287.326,468036.36,2423.223,POINT Z (468036.36 4313287.326 2423.223)
10,10,11,,468033.94,4313288.937,2432.598,,-105.3689915,38.96798815,2418.578,Global,0.01,0.01,0.01,0.015,1.934,m,FIX,RTK,2025-04-01 13:25:24.6 UTC-06:00,2025-04-01 13:25:27.6 UTC-06:00,16.0,1.3,1.5,468406.275,4313300.688,2434.672,-105.3646942,38.96810755,2420.645,372.805,,NAD83(2011) / UTM zone 13N + NAVD88(GEOID18) height,7,6,8,6,0.0,4313287.529,468036.414,2423.158,POINT Z (468036.414 4313287.529 2423.158)
11,11,12,,468033.998,4313289.13,2432.358,,-105.3689908,38.96798989,2418.338,Global,0.01,0.011,0.01,0.015,1.934,m,FIX,RTK,2025-04-01 13:25:52.8 UTC-06:00,2025-04-01 13:25:55.8 UTC-06:00,16.0,1.3,1.5,468406.275,4313300.688,2434.672,-105.3646942,38.96810755,2420.645,372.74,,NAD83(2011) / UTM zone 13N + NAVD88(GEOID18) height,7,6,9,5,0.0,4313287.722,468036.472,2422.918,POINT Z (468036.472 4313287.722 2422.918)
12,12,13,,468034.07,4313289.343,2432.37,,-105.36899,38.96799182,2418.35,Global,0.012,0.011,0.01,0.016,1.934,m,FIX,RTK,2025-04-01 13:26:20.6 UTC-06:00,2025-04-01 13:26:23.6 UTC-06:00,16.0,1.3,1.5,468406.275,4313300.688,2434.672,-105.3646942,38.96810755,2420.645,372.671,,NAD83(2011) / UTM zone 13N + NAVD88(GEOID18) height,7,6,9,5,0.0,4313287.9350000005,468036.544,2422.93,POINT Z (468036.544 4313287.9350000005 2422.93)
13,13,14,,468034.125,4313289.502,2432.226,,-105.3689894,38.96799325,2418.206,Global,0.012,0.012,0.01,0.017,1.934,m,FIX,RTK,2025-04-01 13:26:49.8 UTC-06:00,2025-04-01 13:26:52.8 UTC-06:00,16.0,1.3,1.5,468406.275,4313300.688,2434.672,-105.3646942,38.96810755,2420.645,372.594,,NAD83(2011) / UTM zone 13N + NAVD88(GEOID18) height,7,6,9,5,0.0,4313288.0940000005,468036.599,2422.786,POINT Z (468036.599 4313288.0940000005 2422.786)
14,14,15,,468034.199,4313289.705,2431.957,,-105.3689886,38.96799508,2417.938,Global,0.011,0.011,0.01,0.015,1.934,m,FIX,RTK,2025-04-01 13:27:14.8 UTC-06:00,2025-04-01 13:27:17.8 UTC-06:00,16.0,1.3,1.5,468406.275,4313300.688,2434.672,-105.3646942,38.96810755,2420.645,372.528,,NAD83(2011) / UTM zone 13N + NAVD88(GEOID18) height,7,5,8,5,0.0,4313288.297,468036.673,2422.517,POINT Z (468036.673 4313288.297 2422.517)
15,15,16,,468034.289,4313289.852,2432.164,,-105.3689875,38.96799641,2418.145,Global,0.01,0.011,0.01,0.015,1.934,m,FIX,RTK,2025-04-01 13:27:52.2 UTC-06:00,2025-04-01 13:27:55.2 UTC-06:00,16.0,1.3,1.5,468406.275,4313300.688,2434.672,-105.3646942,38.96810755,2420.645,372.423,,NAD83(2011) / UTM zone 13N + NAVD88(GEOID18) height,7,5,9,5,0.0,4313288.444,468036.763,2422.724,POINT Z (468036.763 4313288.444 2422.724)
16,16,17,,468034.372,4313290.065,2432.342,,-105.3689866,38.96799833,2418.323,Global,0.012,0.011,0.01,0.016,1.934,m,FIX,RTK,2025-04-01 13:28:23.2 UTC-06:00,2025-04-01 13:28:26.2 UTC-06:00,16.0,1.3,1.5,468406.275,4313300.688,2434.672,-105.3646942,38.96810755,2420.645,372.33,,NAD83(2011) / UTM zone 13N + NAVD88(GEOID18) height,7,6,9,5,0.0,4313288.657000001,468036.84599999996,2422.902,POINT Z (468036.84599999996 4313288.657000001 2422.902)
17,17,18,,468034.453,4313290.254,2432.406,,-105.3689856,38.96800003,2418.386,Global,0.015,0.012,0.01,0.019,1.934,m,FIX,RTK,2025-04-01 13:29:13.0 UTC-06:00,2025-04-01 13:29:16.0 UTC-06:00,16.0,1.3,1.5,468406.275,4313300.688,2434.672,-105.3646942,38.96810755,2420.645,372.255,,NAD83(2011) / UTM zone 13N + NAVD88(GEOID18) height,7,6,8,5,0.0,4313288.846,468036.92699999997,2422.966,POINT Z (468036.92699999997 4313288.846 2422.966)
18,18,19,,468034.557,4313290.436,2432.566,,-105.3689845,38.96800168,2418.546,Global,0.012,0.013,0.012,0.018,1.934,m,FIX,RTK,2025-04-01 13:30:17.8 UTC-06:00,2025-04-01 13:30:20.8 UTC-06:00,16.0,1.2,1.5,468406.275,4313300.688,2434.672,-105.3646942,38.96810755,2420.645,372.152,,NAD83(2011) / UTM zone 13N + NAVD88(GEOID18) height,7,6,9,5,0.0,4313289.028,468037.03099999996,2423.1259999999997,POINT Z (468037.03099999996 4313289.028 2423.1259999999997)
19,19,20,,468034.611,4313290.618,2432.661,,-105.3689838,38.96800332,2418.642,Global,0.012,0.011,0.01,0.016,1.934,m,FIX,RTK,2025-04-01 13:30:36.8 UTC-06:00,2025-04-01 13:30:39.8 UTC-06:00,16.0,1.2,1.5,468406.275,4313300.688,2434.672,-105.3646942,38.96810755,2420.645,372.1,,NAD83(2011) / UTM zone 13N + NAVD88(GEOID18) height,7,5,9,5,0.0,4313289.21,468037.08499999996,2423.221,POINT Z (468037.08499999996 4313289.21 2423.221)
20,20,21,,468034.624,4313290.859,2432.238,,-105.3689837,38.9680055,2418.218,Global,0.011,0.011,0.01,0.016,1.934,m,FIX,RTK,2025-04-01 13:31:11.8 UTC-06:00,2025-04-01 13:31:14.8 UTC-06:00,16.0,1.2,1.5,468406.275,4313300.688,2434.672,-105.3646942,38.96810755,2420.645,372.07,,NAD83(2011) / UTM zone 13N + NAVD88(GEOID18) height,7,5,8,5,0.0,4313289.451,468037.098,2422.798,POINT Z (468037.098 4313289.451 2422.798)
21,21,22,,468034.803,4313290.968,2432.342,,-105.3689816,38.96800648,2418.323,Global,0.011,0.014,0.01,0.018,1.934,m,FIX,RTK,2025-04-01 13:32:01.6 UTC-06:00,2025-04-01 13:32:04.6 UTC-06:00,16.0,1.2,1.4,468406.275,4313300.688,2434.672,-105.3646942,38.96810755,2420.645,371.889,,NAD83(2011) / UTM zone 13N + NAVD88(GEOID18) height,7,5,8,5,0.0,4313289.5600000005,468037.277,2422.902,POINT Z (468037.277 4313289.5600000005 2422.902)
22,22,23,,468034.845,4313291.165,2432.206,,-105.3689812,38.96800826,2418.186,Global,0.011,0.011,0.01,0.015,1.934,m,FIX,RTK,2025-04-01 13:32:32.8 UTC-06:00,2025-04-01 13:32:35.8 UTC-06:00,16.0,1.2,1.4,468406.275,4313300.688,2434.672,-105.3646942,38.96810755,2420.645,371.839,,NAD83(2011) / UTM zone 13N + NAVD88(GEOID18) height,8,5,9,6,0.0,4313289.757,468037.31899999996,2422.766,POINT Z (468037.31899999996 4313289.757 2422.766)
23,23,24,,468034.958,4313291.379,2432.046,,-105.3689799,38.96801019,2418.026,Global,0.011,0.01,0.01,0.015,1.934,m,FIX,RTK,2025-04-01 13:33:02.2 UTC-06:00,2025-04-01 13:33:05.2 UTC-06:00,16.0,1.2,1.4,468406.275,4313300.688,2434.672,-105.3646942,38.96810755,2420.645,371.713,,NAD83(2011) / UTM zone 13N + NAVD88(GEOID18) height,8,5,9,5,0.0,4313289.971,468037.432,2422.6059999999998,POINT Z (468037.432 4313289.971 2422.6059999999998)
24,24,25,,468034.934,4313291.549,2431.992,,-105.3689802,38.96801172,2417.972,Global,0.011,0.01,0.01,0.015,1.934,m,FIX,RTK,2025-04-01 13:33:49.2 UTC-06:00,2025-04-01 13:33:52.2 UTC-06:00,16.0,1.2,1.4,468406.275,4313300.688,2434.672,-105.3646942,38.96810755,2420.645,371.74,,NAD83(2011) / UTM zone 13N + NAVD88(GEOID18) height,7,4,9,5,0.0,4313290.141,468037.408,2422.552,POINT Z (468037.408 4313290.141 2422.552)
25,25,26,,468035.083,4313291.71,2431.809,,-105.3689784,38.96801318,2417.79,Global,0.011,0.01,0.01,0.015,1.934,m,FIX,RTK,2025-04-01 13:34:26.0 UTC-06:00,2025-04-01 13:34:29.0 UTC-06:00,16.0,1.2,1.4,468406.275,4313300.688,2434.672,-105.3646942,38.96810755,2420.645,371.592,,NAD83(2011) / UTM zone 13N + NAVD88(GEOID18) height,7,5,9,5,0.0,4313290.302,468037.557,2422.369,POINT Z (468037.557 4313290.302 2422.369)
26,26,27,,468034.94,4313291.933,2431.479,,-105.3689801,38.96801519,2417.459,Global,0.012,0.011,0.01,0.016,1.934,m,FIX,RTK,2025-04-01 13:35:03.2 UTC-06:00,2025-04-01 13:35:06.2 UTC-06:00,16.0,1.2,1.4,468406.275,4313300.688,2434.672,-105.3646942,38.96810755,2420.645,371.715,,NAD83(2011) / UTM zone 13N + NAVD88(GEOID18) height,7,5,8,5,0.0,4313290.525,468037.414,2422.0389999999998,POINT Z (468037.414 4313290.525 2422.0389999999998)
27,27,28,,468034.964,4313291.982,2431.462,,-105.3689798,38.96801563,2417.442,Global,0.011,0.012,0.01,0.016,1.934,m,FIX,RTK,2025-04-01 13:35:28.8 UTC-06:00,2025-04-01 13:35:31.8 UTC-06:00,16.0,1.2,1.4,468406.275,4313300.688,2434.672,-105.3646942,38.96810755,2420.645,371.706,,NAD83(2011) / UTM zone 13N + NAVD88(GEOID18) height,7,4,8,5,0.0,4313290.574,468037.43799999997,2422.022,POINT Z (468037.43799999997 4313290.574 2422.022)
28,28,29,,468035.008,4313292.176,2431.362,,-105.3689793,38.96801738,2417.342,Global,0.01,0.01,0.01,0.014,1.934,m,FIX,RTK,2025-04-01 13:35:57.4 UTC-06:00,2025-04-01 13:36:00.4 UTC-06:00,16.0,1.2,1.4,468406.275,4313300.688,2434.672,-105.3646942,38.96810755,2420.645,371.652,,NAD83(2011) / UTM zone 13N + NAVD88(GEOID18) height,8,5,8,5,0.0,4313290.768,468037.48199999996,2421.922,POINT Z (468037.48199999996 4313290.768 2421.922)
29,29,30,,468035.085,4313292.343,2431.337,,-105.3689784,38.96801888,2417.317,Global,0.012,0.011,0.01,0.016,1.934,m,FIX,RTK,2025-04-01 13:36:17.4 UTC-06:00,2025-04-01 13:36:20.4 UTC-06:00,16.0,1.2,1.4,468406.275,4313300.688,2434.672,-105.3646942,38.96810755,2420.645,371.58,,NAD83(2011) / UTM zone 13N + NAVD88(GEOID18) height,7,6,8,5,0.0,4313290.9350000005,468037.559,2421.897,POINT Z (468037.559 4313290.9350000005 2421.897)
30,30,31,,468035.22,4313292.508,2431.443,,-105.3689769,38.96802038,2417.423,Global,0.01,0.01,0.01,0.015,1.934,m,FIX,RTK,2025-04-01 13:36:47.6 UTC-06:00,2025-04-01 13:36:50.6 UTC-06:00,16.0,1.2,1.4,468406.275,4313300.688,2434.672,-105.3646942,38.96810755,2420.645,371.433,,NAD83(2011) / UTM zone 13N + NAVD88(GEOID18) height,8,6,8,5,0.0,4313291.100000001,468037.69399999996,2422.003,POINT Z (468037.69399999996 4313291.100000001 2422.003)
31,31,32,,468035.321,4313292.711,2431.35,,-105.3689757,38.96802221,2417.33,Global,0.01,0.011,0.01,0.015,1.934,m,FIX,RTK,2025-04-01 13:37:10.2 UTC-06:00,2025-04-01 13:37:13.2 UTC-06:00,16.0,1.2,1.4,468406.275,4313300.688,2434.672,-105.3646942,38.96810755,2420.645,371.332,,NAD83(2011) / UTM zone 13N + NAVD88(GEOID18) height,8,6,8,5,0.0,4313291.303,468037.795,2421.91,POINT Z (468037.795 4313291.303 2421.91)
32,32,33,,468035.342,4313292.915,2431.605,,-105.3689755,38.96802405,2417.585,Global,0.01,0.012,0.01,0.015,1.934,m,FIX,RTK,2025-04-01 13:37:41.2 UTC-06:00,2025-04-01 13:37:44.2 UTC-06:00,16.0,1.2,1.4,468406.275,4313300.688,2434.672,-105.3646942,38.96810755,2420.645,371.301,,NAD83(2011) / UTM zone 13N + NAVD88(GEOID18) height,7,6,8,5,0.0,4313291.507,468037.816,2422.165,POINT Z (468037.816 4313291.507 2422.165)
33,33,34,,468035.481,4313293.086,2431.616,,-105.3689739,38.96802559,2417.596,Global,0.011,0.011,0.01,0.015,1.934,m,FIX,RTK,2025-04-01 13:38:00.8 UTC-06:00,2025-04-01 13:38:03.8 UTC-06:00,16.0,1.2,1.4,468406.275,4313300.688,2434.672,-105.3646942,38.96810755,2420.645,371.163,,NAD83(2011) / UTM zone 13N + NAVD88(GEOID18) height,7,6,8,5,0.0,4313291.678,468037.955,2422.176,POINT Z (468037.955 4313291.678 2422.176)
34,34,35,,468035.507,4313293.305,2431.308,,-105.3689736,38.96802757,2417.289,Global,0.011,0.012,0.01,0.016,1.934,m,FIX,RTK,2025-04-01 13:38:24.2 UTC-06:00,2025-04-01 13:38:27.2 UTC-06:00,16.0,1.2,1.4,468406.275,4313300.688,2434.672,-105.3646942,38.96810755,2420.645,371.128,,NAD83(2011) / UTM zone 13N + NAVD88(GEOID18) height,8,5,8,5,0.0,4313291.897,468037.98099999997,2421.868,POINT Z (468037.98099999997 4313291.897 2421.868)
35,35,36,,468035.57,4313293.46,2431.374,,-105.3689729,38.96802897,2417.355,Global,0.01,0.01,0.01,0.015,1.934,m,FIX,RTK,2025-04-01 13:38:51.4 UTC-06:00,2025-04-01 13:38:54.4 UTC-06:00,16.0,1.3,1.6,468406.275,4313300.688,2434.672,-105.3646942,38.96810755,2420.645,371.064,,NAD83(2011) / UTM zone 13N + NAVD88(GEOID18) height,8,5,8,5,0.0,4313292.052,468038.044,2421.9339999999997,POINT Z (468038.044 4313292.052 2421.9339999999997)
36,36,37,,468035.661,4313293.624,2431.367,,-105.3689719,38.96803045,2417.347,Global,0.011,0.011,0.01,0.015,1.934,m,FIX,RTK,2025-04-01 13:39:14.6 UTC-06:00,2025-04-01 13:39:17.6 UTC-06:00,16.0,1.3,1.6,468406.275,4313300.688,2434.672,-105.3646942,38.96810755,2420.645,370.975,,NAD83(2011) / UTM zone 13N + NAVD88(GEOID18) height,8,5,8,5,0.0,4313292.216,468038.135,2421.927,POINT Z (468038.135 4313292.216 2421.927)
37,37,38,,468035.775,4313293.79,2431.368,,-105.3689705,38.96803195,2417.348,Global,0.014,0.01,0.01,0.017,1.934,m,FIX,RTK,2025-04-01 13:39:35.6 UTC-06:00,2025-04-01 13:39:38.6 UTC-06:00,16.0,1.4,1.7,468406.275,4313300.688,2434.672,-105.3646942,38.96810755,2420.645,370.865,,NAD83(2011) / UTM zone 13N + NAVD88(GEOID18) height,9,5,8,5,0.0,4313292.382,468038.249,2421.928,POINT Z (468038.249 4313292.382 2421.928)
38,38,39,,468035.725,4313294.026,2431.196,,-105.3689711,38.96803408,2417.176,Global,0.012,0.011,0.01,0.016,1.934,m,FIX,RTK,2025-04-01 13:40:09.2 UTC-06:00,2025-04-01 13:40:12.2 UTC-06:00,16.0,1.4,1.7,468406.275,4313300.688,2434.672,-105.3646942,38.96810755,2420.645,370.904,,NAD83(2011) / UTM zone 13N + NAVD88(GEOID18) height,8,5,8,5,0.0,4313292.618,468038.19899999996,2421.756,POINT Z (468038.19899999996 4313292.618 2421.756)
39,39,40,,468035.77,4313294.202,2431.191,,-105.3689706,38.96803566,2417.171,Global,0.011,0.01,0.01,0.015,1.934,m,FIX,RTK,2025-04-01 13:41:16.6 UTC-06:00,2025-04-01 13:41:19.6 UTC-06:00,16.0,1.4,1.7,468406.275,4313300.688,2434.672,-105.3646942,38.96810755,2420.645,370.854,,NAD83(2011) / UTM zone 13N + NAVD88(GEOID18) height,8,5,8,5,0.0,4313292.794,468038.244,2421.7509999999997,POINT Z (468038.244 4313292.794 2421.7509999999997)
40,40,41,,468035.827,4313294.414,2431.165,,-105.36897,38.96803757,2417.146,Global,0.011,0.01,0.01,0.016,1.934,m,FIX,RTK,2025-04-01 13:41:37.0 UTC-06:00,2025-04-01 13:41:40.0 UTC-06:00,16.0,1.3,1.6,468406.275,4313300.688,2434.672,-105.3646942,38.96810755,2420.645,370.794,,NAD83(2011) / UTM zone 13N + NAVD88(GEOID18) height,8,5,8,5,0.0,4313293.006,468038.301,2421.725,POINT Z (468038.301 4313293.006 2421.725)
41,41,42,,468035.862,4313294.612,2431.167,,-105.3689696,38.96803936,2417.147,Global,0.01,0.01,0.01,0.014,1.934,m,FIX,RTK,2025-04-01 13:41:55.6 UTC-06:00,2025-04-01 13:41:58.6 UTC-06:00,16.0,1.3,1.6,468406.275,4313300.688,2434.672,-105.3646942,38.96810755,2420.645,370.749,,NAD83(2011) / UTM zone 13N + NAVD88(GEOID18) height,8,5,9,5,0.0,4313293.204,468038.336,2421.727,POINT Z (468038.336 4313293.204 2421.727)
42,42,43,,468036.053,4313294.757,2431.169,,-105.3689674,38.96804067,2417.15,Global,0.011,0.01,0.011,0.015,1.934,m,FIX,RTK,2025-04-01 13:42:20.0 UTC-06:00,2025-04-01 13:42:23.0 UTC-06:00,16.0,1.3,1.6,468406.275,4313300.688,2434.672,-105.3646942,38.96810755,2420.645,370.562,,NAD83(2011) / UTM zone 13N + NAVD88(GEOID18) height,8,5,9,5,0.0,4313293.349,468038.527,2421.729,POINT Z (468038.527 4313293.349 2421.729)
43,43,44,,468036.096,4313294.954,2431.14,,-105.3689669,38.96804245,2417.121,Global,0.011,0.01,0.01,0.015,1.934,m,FIX,RTK,2025-04-01 13:42:36.2 UTC-06:00,2025-04-01 13:42:39.2 UTC-06:00,16.0,1.3,1.6,468406.275,4313300.688,2434.672,-105.3646942,38.96810755,2420.645,370.513,,NAD83(2011) / UTM zone 13N + NAVD88(GEOID18) height,8,5,8,5,0.0,4313293.546,468038.57,2421.7,POINT Z (468038.57 4313293.546 2421.7)
44,44,45,,468036.196,4313295.149,2431.123,,-105.3689658,38.96804421,2417.103,Global,0.011,0.011,0.01,0.015,1.934,m,FIX,RTK,2025-04-01 13:43:18.8 UTC-06:00,2025-04-01 13:43:21.8 UTC-06:00,16.0,1.3,1.6,468406.275,4313300.688,2434.672,-105.3646942,38.96810755,2420.645,370.413,,NAD83(2011) / UTM zone 13N + NAVD88(GEOID18) height,8,5,9,5,0.0,4313293.741,468038.67,2421.683,POINT Z (468038.67 4313293.741 2421.683)
45,45,46,,468036.16,4313295.357,2431.092,,-105.3689662,38.96804608,2417.073,Global,0.01,0.01,0.01,0.015,1.934,m,FIX,RTK,2025-04-01 13:43:58.4 UTC-06:00,2025-04-01 13:44:01.4 UTC-06:00,16.0,1.3,1.6,468406.275,4313300.688,2434.672,-105.3646942,38.96810755,2420.645,370.445,,NAD83(2011) / UTM zone 13N + NAVD88(GEOID18) height,8,5,8,5,0.0,4313293.949,468038.63399999996,2421.652,POINT Z (468038.63399999996 4313293.949 2421.652)
46,46,47,,468036.2,4313295.563,2431.132,,-105.3689657,38.96804794,2417.112,Global,0.013,0.01,0.01,0.016,1.934,m,FIX,RTK,2025-04-01 13:44:13.4 UTC-06:00,2025-04-01 13:44:16.4 UTC-06:00,16.0,1.3,1.6,468406.275,4313300.688,2434.672,-105.3646942,38.96810755,2420.645,370.387,,NAD83(2011) / UTM zone 13N + NAVD88(GEOID18) height,8,5,9,5,0.0,4313294.155,468038.674,2421.692,POINT Z (468038.674 4313294.155 2421.692)
47,47,48,,468036.276,4313295.741,2431.14,,-105.3689649,38.96804955,2417.121,Global,0.012,0.01,0.01,0.016,1.934,m,FIX,RTK,2025-04-01 13:44:34.0 UTC-06:00,2025-04-01 13:44:37.0 UTC-06:00,16.0,1.3,1.6,468406.275,4313300.688,2434.672,-105.3646942,38.96810755,2420.645,370.315,,NAD83(2011) / UTM zone 13N + NAVD88(GEOID18) height,8,5,9,5,0.0,4313294.333000001,468038.75,2421.7,POINT Z (468038.75 4313294.333000001 2421.7)
48,48,49,,468036.381,4313295.929,2431.151,,-105.3689637,38.96805125,2417.131,Global,0.011,0.01,0.011,0.015,1.934,m,FIX,RTK,2025-04-01 13:44:57.0 UTC-06:00,2025-04-01 13:45:00.0 UTC-06:00,16.0,1.3,1.6,468406.275,4313300.688,2434.672,-105.3646942,38.96810755,2420.645,370.216,,NAD83(2011) / UTM zone 13N + NAVD88(GEOID18) height,8,5,9,5,0.0,4313294.521,468038.855,2421.711,POINT Z (468038.855 4313294.521 2421.711)
49,49,50,,468036.441,4313296.111,2431.121,,-105.368963,38.96805289,2417.102,Global,0.011,0.01,0.011,0.015,1.934,m,FIX,RTK,2025-04-01 13:45:15.8 UTC-06:00,2025-04-01 13:45:18.8 UTC-06:00,16.0,1.3,1.6,468406.275,4313300.688,2434.672,-105.3646942,38.96810755,2420.645,370.138,,NAD83(2011) / UTM zone 13N + NAVD88(GEOID18) height,8,5,9,5,0.0,4313294.703,468038.915,2421.681,POINT Z (468038.915 4313294.703 2421.681)
50,50,51,,468036.567,4313296.315,2431.106,,-105.3689615,38.96805473,2417.086,Global,0.011,0.01,0.011,0.015,1.934,m,FIX,RTK,2025-04-01 13:45:34.4 UTC-06:00,2025-04-01 13:45:37.4 UTC-06:00,16.0,1.3,1.5,468406.275,4313300.688,2434.672,-105.3646942,38.96810755,2420.645,370.012,,NAD83(2011) / UTM zone 13N + NAVD88(GEOID18) height,8,5,9,5,0.0,4313294.907000001,468039.04099999997,2421.666,POINT Z (468039.04099999997 4313294.907000001 2421.666)
51,51,52,,468036.591,4313296.438,2431.071,,-105.3689613,38.96805584,2417.051,Global,0.01,0.01,0.01,0.015,1.934,m,FIX,RTK,2025-04-01 13:46:10.8 UTC-06:00,2025-04-01 13:46:13.8 UTC-06:00,16.0,1.3,1.5,468406.275,4313300.688,2434.672,-105.3646942,38.96810755,2420.645,369.998,,NAD83(2011) / UTM zone 13N + NAVD88(GEOID18) height,7,5,9,6,0.0,4313295.03,468039.065,2421.631,POINT Z (468039.065 4313295.03 2421.631)
52,52,53,,468036.719,4313296.648,2431.071,,-105.3689598,38.96805774,2417.051,Global,0.011,0.01,0.011,0.015,1.934,m,FIX,RTK,2025-04-01 13:46:30.6 UTC-06:00,2025-04-01 13:46:33.6 UTC-06:00,16.0,1.3,1.5,468406.275,4313300.688,2434.672,-105.3646942,38.96810755,2420.645,369.862,,NAD83(2011) / UTM zone 13N + NAVD88(GEOID18) height,8,5,8,6,0.0,4313295.24,468039.19299999997,2421.631,POINT Z (468039.19299999997 4313295.24 2421.631)
53,53,54,,468036.808,4313296.835,2431.041,,-105.3689588,38.96805943,2417.021,Global,0.013,0.01,0.01,0.016,1.934,m,FIX,RTK,2025-04-01 13:47:00.2 UTC-06:00,2025-04-01 13:47:03.2 UTC-06:00,16.0,1.4,1.7,468406.275,4313300.688,2434.672,-105.3646942,38.96810755,2420.645,369.775,,NAD83(2011) / UTM zone 13N + NAVD88(GEOID18) height,8,5,8,6,0.0,4313295.427,468039.282,2421.601,POINT Z (468039.282 4313295.427 2421.601)
54,54,55,,468036.872,4313297.051,2430.992,,-105.368958,38.96806137,2416.972,Global,0.011,0.011,0.01,0.015,1.934,m,FIX,RTK,2025-04-01 13:47:47.4 UTC-06:00,2025-04-01 13:47:50.4 UTC-06:00,16.0,1.4,1.7,468406.275,4313300.688,2434.672,-105.3646942,38.96810755,2420.645,369.712,,NAD83(2011) / UTM zone 13N + NAVD88(GEOID18) height,8,5,8,6,0.0,4313295.643,468039.34599999996,2421.552,POINT Z (468039.34599999996 4313295.643 2421.552)
55,55,56,,468036.968,4313297.225,2431.025,,-105.3689569,38.96806294,2417.005,Global,0.011,0.011,0.011,0.015,1.934,m,FIX,RTK,2025-04-01 13:48:11.4 UTC-06:00,2025-04-01 13:48:14.4 UTC-06:00,16.0,1.5,1.8,468406.275,4313300.688,2434.672,-105.3646942,38.96810755,2420.645,369.607,,NAD83(2011) / UTM zone 13N + NAVD88(GEOID18) height,7,5,8,6,0.0,4313295.817,468039.442,2421.585,POINT Z (468039.442 4313295.817 2421.585)
56,56,57,,468037.12,4313297.365,2431.05,,-105.3689552,38.96806421,2417.031,Global,0.013,0.01,0.01,0.017,1.934,m,FIX,RTK,2025-04-01 13:48:43.0 UTC-06:00,2025-04-01 13:48:46.0 UTC-06:00,16.0,1.5,1.8,468406.275,4313300.688,2434.672,-105.3646942,38.96810755,2420.645,369.466,,NAD83(2011) / UTM zone 13N + NAVD88(GEOID18) height,7,5,8,6,0.0,4313295.957,468039.594,2421.61,POINT Z (468039.594 4313295.957 2421.61)
57,57,58,,468037.152,4313297.579,2431.051,,-105.3689548,38.96806615,2417.031,Global,0.019,0.012,0.011,0.023,1.934,m,FIX,RTK,2025-04-01 13:49:14.2 UTC-06:00,2025-04-01 13:49:17.2 UTC-06:00,16.0,1.4,1.7,468406.275,4313300.688,2434.672,-105.3646942,38.96810755,2420.645,369.43,,NAD83(2011) / UTM zone 13N + NAVD88(GEOID18) height,7,5,8,6,0.0,4313296.171,468039.626,2421.611,POINT Z (468039.626 4313296.171 2421.611)
58,58,59,,468036.941,4313297.646,2431.036,,-105.3689573,38.96806674,2417.016,Global,0.011,0.01,0.011,0.015,1.934,m,FIX,RTK,2025-04-01 13:50:23.2 UTC-06:00,2025-04-01 13:50:26.2 UTC-06:00,16.0,1.4,1.7,468406.275,4313300.688,2434.672,-105.3646942,38.96810755,2420.645,369.632,,NAD83(2011) / UTM zone 13N + NAVD88(GEOID18) height,8,5,8,6,0.0,4313296.238,468039.415,2421.596,POINT Z (468039.415 4313296.238 2421.596)
59,59,60,,468037.063,4313297.808,2431.071,,-105.3689559,38.96806821,2417.052,Global,0.01,0.01,0.011,0.015,1.934,m,FIX,RTK,2025-04-01 13:50:45.8 UTC-06:00,2025-04-01 13:50:48.8 UTC-06:00,16.0,1.5,1.9,468406.275,4313300.688,2434.672,-105.3646942,38.96810755,2420.645,369.508,,NAD83(2011) / UTM zone 13N + NAVD88(GEOID18) height,8,5,8,6,0.0,4313296.4,468039.537,2421.631,POINT Z (468039.537 4313296.4 2421.631)
60,60,61,,468037.088,4313298.014,2431.04,,-105.3689556,38.96807007,2417.02,Global,0.011,0.01,0.011,0.015,1.934,m,FIX,RTK,2025-04-01 13:51:04.6 UTC-06:00,2025-04-01 13:51:07.6 UTC-06:00,16.0,1.5,1.9,468406.275,4313300.688,2434.672,-105.3646942,38.96810755,2420.645,369.477,,NAD83(2011) / UTM zone 13N + NAVD88(GEOID18) height,8,5,8,6,0.0,4313296.606000001,468039.562,2421.6,POINT Z (468039.562 4313296.606000001 2421.6)
61,61,62,,468037.115,4313298.222,2431.077,,-105.3689553,38.96807193,2417.057,Global,0.011,0.01,0.011,0.015,1.934,m,FIX,RTK,2025-04-01 13:51:33.0 UTC-06:00,2025-04-01 13:51:36.0 UTC-06:00,16.0,1.5,1.9,468406.275,4313300.688,2434.672,-105.3646942,38.96810755,2420.645,369.455,,NAD83(2011) / UTM zone 13N + NAVD88(GEOID18) height,8,5,8,6,0.0,4313296.814,468039.589,2421.637,POINT Z (468039.589 4313296.814 2421.637)
62,62,63,,468037.241,4313298.395,2431.044,,-105.3689538,38.9680735,2417.025,Global,0.011,0.011,0.011,0.015,1.934,m,FIX,RTK,2025-04-01 13:51:57.2 UTC-06:00,2025-04-01 13:52:00.2 UTC-06:00,16.0,1.6,1.9,468406.275,4313300.688,2434.672,-105.3646942,38.96810755,2420.645,369.332,,NAD83(2011) / UTM zone 13N + NAVD88(GEOID18) height,7,5,8,6,0.0,4313296.987,468039.71499999997,2421.604,POINT Z (468039.71499999997 4313296.987 2421.604)
63,63,64,,468037.344,4313298.575,2431.066,,-105.3689527,38.96807513,2417.046,Global,0.014,0.01,0.01,0.017,1.934,m,FIX,RTK,2025-04-01 13:52:20.0 UTC-06:00,2025-04-01 13:52:23.0 UTC-06:00,16.0,1.6,1.9,468406.275,4313300.688,2434.672,-105.3646942,38.96810755,2420.645,369.231,,NAD83(2011) / UTM zone 13N + NAVD88(GEOID18) height,7,5,8,6,0.0,4313297.167,468039.81799999997,2421.6259999999997,POINT Z (468039.81799999997 4313297.167 2421.6259999999997)
64,64,65,,468037.325,4313298.766,2431.008,,-105.3689529,38.96807684,2416.988,Global,0.011,0.01,0.01,0.015,1.934,m,FIX,RTK,2025-04-01 13:52:45.2 UTC-06:00,2025-04-01 13:52:48.2 UTC-06:00,16.0,1.6,1.9,468406.275,4313300.688,2434.672,-105.3646942,38.96810755,2420.645,369.236,,NAD83(2011) / UTM zone 13N + NAVD88(GEOID18) height,6,5,8,6,0.0,4313297.358,468039.799,2421.5679999999998,POINT Z (468039.799 4313297.358 2421.5679999999998)
65,65,66,,468037.367,4313298.967,2430.935,,-105.3689524,38.96807866,2416.915,Global,0.011,0.01,0.011,0.015,1.934,m,FIX,RTK,2025-04-01 13:53:15.0 UTC-06:00,2025-04-01 13:53:18.0 UTC-06:00,16.0,1.6,1.9,468406.275,4313300.688,2434.672,-105.3646942,38.96810755,2420.645,369.192,,NAD83(2011) / UTM zone 13N + NAVD88(GEOID18) height,6,5,8,5,0.0,4313297.559,468039.841,2421.495,POINT Z (468039.841 4313297.559 2421.495)
66,66,67,,468037.4,4313299.199,2430.924,,-105.368952,38.96808075,2416.904,Global,0.011,0.01,0.02,0.015,1.934,m,FIX,RTK,2025-04-01 13:54:00.0 UTC-06:00,2025-04-01 13:54:03.0 UTC-06:00,16.0,2.4,2.8,,,,,,,,,NAD83(2011) / UTM zone 13N + NAVD88(GEOID18) height,6,5,0,0,0.0,4313297.791,468039.874,2421.484,POINT Z (468039.874 4313297.791 2421.484)
67,67,68,,468037.624,4313299.323,2430.878,,-105.3689495,38.96808188,2416.858,Global,0.011,0.01,0.01,0.015,1.934,m,FIX,RTK,2025-04-01 13:54:28.2 UTC-06:00,2025-04-01 13:54:31.2 UTC-06:00,16.0,1.4,1.6,468406.275,4313300.688,2434.672,-105.3646942,38.96810755,2420.645,368.935,,NAD83(2011) / UTM zone 13N + NAVD88(GEOID18) height,8,5,8,5,0.0,4313297.915,468040.098,2421.438,POINT Z (468040.098 4313297.915 2421.438)
68,68,69,,468037.545,4313299.549,2431.069,,-105.3689504,38.96808391,2417.05,Global,0.011,0.012,0.01,0.016,1.934,m,FIX,RTK,2025-04-01 13:54:58.2 UTC-06:00,2025-04-01 13:55:01.2 UTC-06:00,16.0,1.4,1.6,468406.275,4313300.688,2434.672,-105.3646942,38.96810755,2420.645,369.014,,NAD83(2011) / UTM zone 13N + NAVD88(GEOID18) height,8,5,8,5,0.0,4313298.141,468040.019,2421.629,POINT Z (468040.019 4313298.141 2421.629)
69,69,70,,468037.68,4313299.719,2430.965,,-105.3689488,38.96808545,2416.945,Global,0.013,0.01,0.01,0.017,1.934,m,FIX,RTK,2025-04-01 13:55:16.4 UTC-06:00,2025-04-01 13:55:19.4 UTC-06:00,16.0,1.4,1.6,468406.275,4313300.688,2434.672,-105.3646942,38.96810755,2420.645,368.866,,NAD83(2011) / UTM zone 13N + NAVD88(GEOID18) height,7,5,9,5,0.0,4313298.311,468040.154,2421.525,POINT Z (468040.154 4313298.311 2421.525)
70,70,71,,468037.703,4313299.928,2430.961,,-105.3689486,38.96808733,2416.942,Global,0.011,0.011,0.011,0.015,1.934,m,FIX,RTK,2025-04-01 13:55:47.0 UTC-06:00,2025-04-01 13:55:50.0 UTC-06:00,16.0,1.4,1.6,468406.275,4313300.688,2434.672,-105.3646942,38.96810755,2420.645,368.86,,NAD83(2011) / UTM zone 13N + NAVD88(GEOID18) height,6,5,9,5,0.0,4313298.5200000005,468040.17699999997,2421.5209999999997,POINT Z (468040.17699999997 4313298.5200000005 2421.5209999999997)
71,71,72,,468037.795,4313300.107,2430.989,,-105.3689475,38.96808895,2416.969,Global,0.01,0.011,0.01,0.015,1.934,m,FIX,RTK,2025-04-01 13:56:12.4 UTC-06:00,2025-04-01 13:56:15.4 UTC-06:00,16.0,1.4,1.6,468406.275,4313300.688,2434.672,-105.3646942,38.96810755,2420.645,368.773,,NAD83(2011) / UTM zone 13N + NAVD88(GEOID18) height,8,5,8,5,0.0,4313298.699,468040.269,2421.549,POINT Z (468040.269 4313298.699 2421.549)
72,72,73,,468037.901,4313300.291,2430.987,,-105.3689463,38.96809061,2416.967,Global,0.01,0.01,0.01,0.015,1.934,m,FIX,RTK,2025-04-01 13:56:32.2 UTC-06:00,2025-04-01 13:56:35.2 UTC-06:00,16.0,1.3,1.5,468406.275,4313300.688,2434.672,-105.3646942,38.96810755,2420.645,368.664,,NAD83(2011) / UTM zone 13N + NAVD88(GEOID18) height,7,5,8,5,0.0,4313298.883,468040.375,2421.547,POINT Z (468040.375 4313298.883 2421.547)
73,73,74,,468037.894,4313300.517,2430.997,,-105.3689464,38.96809265,2416.977,Global,0.011,0.01,0.011,0.015,1.934,m,FIX,RTK,2025-04-01 13:56:52.6 UTC-06:00,2025-04-01 13:56:55.6 UTC-06:00,16.0,1.4,1.6,468406.275,4313300.688,2434.672,-105.3646942,38.96810755,2420.645,368.666,,NAD83(2011) / UTM zone 13N + NAVD88(GEOID18) height,7,5,8,5,0.0,4313299.109,468040.36799999996,2421.557,POINT Z (468040.36799999996 4313299.109 2421.557)
74,74,75,,468038.121,4313300.668,2430.995,,-105.3689438,38.96809401,2416.975,Global,0.012,0.01,0.01,0.016,1.934,m,FIX,RTK,2025-04-01 13:57:15.2 UTC-06:00,2025-04-01 13:57:18.2 UTC-06:00,16.0,1.4,1.8,468406.275,4313300.688,2434.672,-105.3646942,38.96810755,2420.645,368.455,,NAD83(2011) / UTM zone 13N + NAVD88(GEOID18) height,8,5,9,4,0.0,4313299.26,468040.595,2421.555,POINT Z (468040.595 4313299.26 2421.555)
75,75,76,,468038.148,4313300.824,2430.997,,-105.3689435,38.96809542,2416.977,Global,0.01,0.01,0.01,0.014,1.934,m,FIX,RTK,2025-04-01 13:57:39.0 UTC-06:00,2025-04-01 13:57:42.0 UTC-06:00,16.0,1.4,1.8,468406.275,4313300.688,2434.672,-105.3646942,38.96810755,2420.645,368.412,,NAD83(2011) / UTM zone 13N + NAVD88(GEOID18) height,7,5,8,4,0.0,4313299.416,468040.622,2421.557,POINT Z (468040.622 4313299.416 2421.557)
76,76,77,,468038.277,4313301.01,2431.034,,-105.368942,38.9680971,2417.014,Global,0.014,0.01,0.011,0.017,1.934,m,FIX,RTK,2025-04-01 13:58:03.0 UTC-06:00,2025-04-01 13:58:06.0 UTC-06:00,16.0,1.6,1.9,468406.275,4313300.688,2434.672,-105.3646942,38.96810755,2420.645,368.306,,NAD83(2011) / UTM zone 13N + NAVD88(GEOID18) height,7,5,8,4,0.0,4313299.602,468040.751,2421.594,POINT Z (468040.751 4313299.602 2421.594)
77,77,78,,468038.211,4313301.225,2431.046,,-105.3689428,38.96809904,2417.027,Global,0.011,0.011,0.011,0.015,1.934,m,FIX,RTK,2025-04-01 13:58:23.8 UTC-06:00,2025-04-01 13:58:26.8 UTC-06:00,16.0,1.4,1.6,468406.275,4313300.688,2434.672,-105.3646942,38.96810755,2420.645,368.347,,NAD83(2011) / UTM zone 13N + NAVD88(GEOID18) height,7,5,9,5,0.0,4313299.817,468040.685,2421.6059999999998,POINT Z (468040.685 4313299.817 2421.6059999999998)
78,78,79,,468038.226,4313301.443,2431.029,,-105.3689426,38.96810101,2417.009,Global,0.013,0.012,0.01,0.018,1.934,m,FIX,RTK,2025-04-01 13:58:42.4 UTC-06:00,2025-04-01 13:58:45.4 UTC-06:00,16.0,1.4,1.6,468406.275,4313300.688,2434.672,-105.3646942,38.96810755,2420.645,368.357,,NAD83(2011) / UTM zone 13N + NAVD88(GEOID18) height,6,5,9,5,0.0,4313300.035,468040.7,2421.589,POINT Z (468040.7 4313300.035 2421.589)
79,79,80,,468038.294,4313301.617,2431.037,,-105.3689418,38.96810258,2417.017,Global,0.01,0.01,0.01,0.015,1.934,m,FIX,RTK,2025-04-01 13:59:08.2 UTC-06:00,2025-04-01 13:59:11.2 UTC-06:00,16.0,1.4,1.6,468406.275,4313300.688,2434.672,-105.3646942,38.96810755,2420.645,368.264,,NAD83(2011) / UTM zone 13N + NAVD88(GEOID18) height,7,5,8,5,0.0,4313300.209,468040.768,2421.5969999999998,POINT Z (468040.768 4313300.209 2421.5969999999998)
80,80,81,,468038.317,4313301.812,2431.055,,-105.3689416,38.96810433,2417.036,Global,0.012,0.011,0.011,0.016,1.934,m,FIX,RTK,2025-04-01 13:59:26.6 UTC-06:00,2025-04-01 13:59:29.6 UTC-06:00,16.0,1.4,1.6,468406.275,4313300.688,2434.672,-105.3646942,38.96810755,2420.645,368.241,,NAD83(2011) / UTM zone 13N + NAVD88(GEOID18) height,6,5,8,5,0.0,4313300.404,468040.79099999997,2421.615,POINT Z (468040.79099999997 4313300.404 2421.615)
81,81,82,,468038.42,4313302.018,2431.023,,-105.3689404,38.96810619,2417.004,Global,0.011,0.01,0.011,0.015,1.934,m,FIX,RTK,2025-04-01 13:59:46.6 UTC-06:00,2025-04-01 13:59:49.6 UTC-06:00,16.0,1.4,1.6,468406.275,4313300.688,2434.672,-105.3646942,38.96810755,2420.645,368.148,,NAD83(2011) / UTM zone 13N + NAVD88(GEOID18) height,6,5,8,5,0.0,4313300.61,468040.894,2421.583,POINT Z (468040.894 4313300.61 2421.583)
82,82,83,,468038.532,4313302.209,2430.995,,-105.3689391,38.96810791,2416.975,Global,0.011,0.011,0.01,0.016,1.934,m,FIX,RTK,2025-04-01 14:00:14.0 UTC-06:00,2025-04-01 14:00:17.0 UTC-06:00,16.0,1.4,1.6,468406.275,4313300.688,2434.672,-105.3646942,38.96810755,2420.645,368.036,,NAD83(2011) / UTM zone 13N + NAVD88(GEOID18) height,6,5,8,6,0.0,4313300.801,468041.006,2421.555,POINT Z (468041.006 4313300.801 2421.555)
83,83,84,,468038.55,4313302.398,2430.982,,-105.3689389,38.96810962,2416.962,Global,0.01,0.01,0.01,0.015,1.934,m,FIX,RTK,2025-04-01 14:00:30.2 UTC-06:00,2025-04-01 14:00:33.2 UTC-06:00,16.0,1.4,1.6,468406.275,4313300.688,2434.672,-105.3646942,38.96810755,2420.645,368.013,,NAD83(2011) / UTM zone 13N + NAVD88(GEOID18) height,6,5,8,6,0.0,4313300.99,468041.024,2421.542,POINT Z (468041.024 4313300.99 2421.542)
84,84,85,,468038.685,4313302.563,2430.951,,-105.3689374,38.96811111,2416.932,Global,0.012,0.011,0.01,0.016,1.934,m,FIX,RTK,2025-04-01 14:00:49.4 UTC-06:00,2025-04-01 14:00:52.4 UTC-06:00,16.0,1.4,1.6,468406.275,4313300.688,2434.672,-105.3646942,38.96810755,2420.645,367.875,,NAD83(2011) / UTM zone 13N + NAVD88(GEOID18) height,6,5,8,6,0.0,4313301.155,468041.159,2421.511,POINT Z (468041.159 4313301.155 2421.511)
85,85,86,,468038.764,4313302.763,2430.948,,-105.3689365,38.96811292,2416.928,Global,0.012,0.01,0.01,0.016,1.934,m,FIX,RTK,2025-04-01 14:01:08.6 UTC-06:00,2025-04-01 14:01:11.6 UTC-06:00,16.0,1.4,1.6,468406.275,4313300.688,2434.672,-105.3646942,38.96810755,2420.645,367.803,,NAD83(2011) / UTM zone 13N + NAVD88(GEOID18) height,6,5,8,5,0.0,4313301.355,468041.238,2421.508,POINT Z (468041.238 4313301.355 2421.508)
86,86,87,,468038.9,4313302.906,2430.946,,-105.3689349,38.96811421,2416.926,Global,0.01,0.011,0.01,0.015,1.934,m,FIX,RTK,2025-04-01 14:01:33.4 UTC-06:00,2025-04-01 14:01:36.4 UTC-06:00,16.0,1.4,1.6,468406.275,4313300.688,2434.672,-105.3646942,38.96810755,2420.645,367.669,,NAD83(2011) / UTM zone 13N + NAVD88(GEOID18) height,6,5,8,5,0.0,4313301.498000001,468041.374,2421.506,POINT Z (468041.374 4313301.498000001 2421.506)
87,87,88,,468038.938,4313303.084,2430.947,,-105.3689345,38.96811582,2416.928,Global,0.01,0.011,0.012,0.015,1.934,m,FIX,RTK,2025-04-01 14:01:57.2 UTC-06:00,2025-04-01 14:02:00.2 UTC-06:00,16.0,1.4,1.6,468406.275,4313300.688,2434.672,-105.3646942,38.96810755,2420.645,367.633,,NAD83(2011) / UTM zone 13N + NAVD88(GEOID18) height,6,6,8,6,0.0,4313301.676,468041.412,2421.507,POINT Z (468041.412 4313301.676 2421.507)
88,88,89,,468038.997,4313303.317,2430.978,,-105.3689338,38.96811792,2416.958,Global,0.012,0.011,0.01,0.016,1.934,m,FIX,RTK,2025-04-01 14:02:22.6 UTC-06:00,2025-04-01 14:02:25.6 UTC-06:00,16.0,1.4,1.6,468406.275,4313300.688,2434.672,-105.3646942,38.96810755,2420.645,367.562,,NAD83(2011) / UTM zone 13N + NAVD88(GEOID18) height,6,5,8,6,0.0,4313301.909,468041.47099999996,2421.538,POINT Z (468041.47099999996 4313301.909 2421.538)
89,89,90,,468038.986,4313303.523,2431.008,,-105.3689339,38.96811977,2416.988,Global,0.011,0.011,0.011,0.015,1.934,m,FIX,RTK,2025-04-01 14:02:49.8 UTC-06:00,2025-04-01 14:02:52.8 UTC-06:00,16.0,1.4,1.7,468406.275,4313300.688,2434.672,-105.3646942,38.96810755,2420.645,367.583,,NAD83(2011) / UTM zone 13N + NAVD88(GEOID18) height,6,5,8,6,0.0,4313302.115,468041.45999999996,2421.5679999999998,POINT Z (468041.45999999996 4313302.115 2421.5679999999998)
90,90,91,,468038.958,4313303.726,2431.006,,-105.3689343,38.9681216,2416.987,Global,0.01,0.012,0.01,0.016,1.934,m,FIX,RTK,2025-04-01 14:03:13.2 UTC-06:00,2025-04-01 14:03:16.2 UTC-06:00,16.0,1.4,1.7,468406.275,4313300.688,2434.672,-105.3646942,38.96810755,2420.645,367.616,,NAD83(2011) / UTM zone 13N + NAVD88(GEOID18) height,6,5,8,5,0.0,4313302.318,468041.432,2421.566,POINT Z (468041.432 4313302.318 2421.566)
91,91,92,,468038.967,4313303.943,2431.056,,-105.3689342,38.96812356,2417.036,Global,0.013,0.01,0.01,0.016,1.934,m,FIX,RTK,2025-04-01 14:03:53.6 UTC-06:00,2025-04-01 14:03:56.6 UTC-06:00,16.0,1.4,1.6,468406.275,4313300.688,2434.672,-105.3646942,38.96810755,2420.645,367.613,,NAD83(2011) / UTM zone 13N + NAVD88(GEOID18) height,6,6,8,5,0.0,4313302.535,468041.441,2421.616,POINT Z (468041.441 4313302.535 2421.616)
92,92,93,,468039.095,4313304.134,2431.049,,-105.3689327,38.96812528,2417.03,Global,0.011,0.01,0.01,0.015,1.934,m,FIX,RTK,2025-04-01 14:04:19.0 UTC-06:00,2025-04-01 14:04:22.0 UTC-06:00,16.0,1.4,1.6,468406.275,4313300.688,2434.672,-105.3646942,38.96810755,2420.645,367.483,,NAD83(2011) / UTM zone 13N + NAVD88(GEOID18) height,6,5,8,5,0.0,4313302.726,468041.56899999996,2421.609,POINT Z (468041.56899999996 4313302.726 2421.609)
93,93,94,,468039.095,4313304.272,2431.066,,-105.3689327,38.96812653,2417.046,Global,0.01,0.01,0.01,0.015,1.934,m,FIX,RTK,2025-04-01 14:04:51.2 UTC-06:00,2025-04-01 14:04:54.2 UTC-06:00,16.0,1.4,1.6,468406.275,4313300.688,2434.672,-105.3646942,38.96810755,2420.645,367.483,,NAD83(2011) / UTM zone 13N + NAVD88(GEOID18) height,6,7,8,6,0.0,4313302.864,468041.56899999996,2421.6259999999997,POINT Z (468041.56899999996 4313302.864 2421.6259999999997)
94,94,95,,468039.071,4313304.504,2431.097,,-105.368933,38.96812862,2417.078,Global,0.011,0.01,0.01,0.015,1.934,m,FIX,RTK,2025-04-01 14:05:29.6 UTC-06:00,2025-04-01 14:05:32.6 UTC-06:00,16.0,1.4,1.7,468406.275,4313300.688,2434.672,-105.3646942,38.96810755,2420.645,367.503,,NAD83(2011) / UTM zone 13N + NAVD88(GEOID18) height,6,6,9,5,0.0,4313303.096,468041.545,2421.657,POINT Z (468041.545 4313303.096 2421.657)
95,95,96,,468039.262,4313304.664,2431.241,,-105.3689308,38.96813007,2417.222,Global,0.013,0.012,0.01,0.018,1.934,m,FIX,RTK,2025-04-01 14:05:58.2 UTC-06:00,2025-04-01 14:06:01.2 UTC-06:00,16.0,1.4,1.7,468406.275,4313300.688,2434.672,-105.3646942,38.96810755,2420.645,367.321,,NAD83(2011) / UTM zone 13N + NAVD88(GEOID18) height,6,6,8,5,0.0,4313303.256,468041.736,2421.801,POINT Z (468041.736 4313303.256 2421.801)
96,96,97,,468039.349,4313304.855,2431.248,,-105.3689298,38.96813179,2417.229,Global,0.01,0.011,0.011,0.015,1.934,m,FIX,RTK,2025-04-01 14:06:24.0 UTC-06:00,2025-04-01 14:06:27.0 UTC-06:00,16.0,1.5,1.8,468406.275,4313300.688,2434.672,-105.3646942,38.96810755,2420.645,367.233,,NAD83(2011) / UTM zone 13N + NAVD88(GEOID18) height,6,6,8,6,0.0,4313303.447000001,468041.823,2421.808,POINT Z (468041.823 4313303.447000001 2421.808)
97,97,98,,468039.374,4313305.04,2431.252,,-105.3689295,38.96813346,2417.232,Global,0.016,0.012,0.01,0.02,1.934,m,FIX,RTK,2025-04-01 14:07:01.8 UTC-06:00,2025-04-01 14:07:04.8 UTC-06:00,16.0,1.5,1.8,468406.275,4313300.688,2434.672,-105.3646942,38.96810755,2420.645,367.191,,NAD83(2011) / UTM zone 13N + NAVD88(GEOID18) height,6,6,8,6,0.0,4313303.632,468041.848,2421.812,POINT Z (468041.848 4313303.632 2421.812)
98,98,99,,468039.4,4313305.256,2431.223,,-105.3689292,38.96813541,2417.204,Global,0.011,0.01,0.012,0.015,1.934,m,FIX,RTK,2025-04-01 14:07:41.0 UTC-06:00,2025-04-01 14:07:44.0 UTC-06:00,16.0,1.4,1.7,468406.275,4313300.688,2434.672,-105.3646942,38.96810755,2420.645,367.188,,NAD83(2011) / UTM zone 13N + NAVD88(GEOID18) height,6,6,8,5,0.0,4313303.848,468041.874,2421.783,POINT Z (468041.874 4313303.848 2421.783)
99,99,100,,468039.345,4313305.463,2431.558,,-105.3689299,38.96813727,2417.539,Global,0.014,0.01,0.011,0.018,1.934,m,FIX,RTK,2025-04-01 14:08:18.6 UTC-06:00,2025-04-01 14:08:21.6 UTC-06:00,16.0,1.4,1.7,468406.275,4313300.688,2434.672,-105.3646942,38.96810755,2420.645,367.252,,NAD83(2011) / UTM zone 13N + NAVD88(GEOID18) height,6,7,8,5,0.0,4313304.055000001,468041.81899999996,2422.118,POINT Z (468041.81899999996 4313304.055000001 2422.118)
100,100,101,,468039.483,4313305.689,2431.179,,-105.3689283,38.96813931,2417.159,Global,0.012,0.01,0.01,0.015,1.934,m,FIX,RTK,2025-04-01 14:08:45.4 UTC-06:00,2025-04-01 14:08:48.4 UTC-06:00,16.0,1.5,1.8,468406.275,4313300.688,2434.672,-105.3646942,38.96810755,2420.645,367.116,,NAD83(2011) / UTM zone 13N + NAVD88(GEOID18) height,6,7,8,5,0.0,4313304.281,468041.957,2421.739,POINT Z (468041.957 4313304.281 2421.739)
101,101,102,,468039.715,4313305.816,2431.128,,-105.3689256,38.96814047,2417.108,Global,0.013,0.01,0.014,0.016,1.934,m,FIX,RTK,2025-04-01 14:09:16.4 UTC-06:00,2025-04-01 14:09:19.4 UTC-06:00,16.0,1.4,1.7,468406.275,4313300.688,2434.672,-105.3646942,38.96810755,2420.645,366.867,,NAD83(2011) / UTM zone 13N + NAVD88(GEOID18) height,6,6,8,6,0.0,4313304.408,468042.189,2421.688,POINT Z (468042.189 4313304.408 2421.688)
102,102,103,,468039.736,4313306.006,2431.064,,-105.3689254,38.96814217,2417.044,Global,0.01,0.01,0.012,0.014,1.934,m,FIX,RTK,2025-04-01 14:09:44.0 UTC-06:00,2025-04-01 14:09:47.0 UTC-06:00,16.0,1.5,1.8,468406.275,4313300.688,2434.672,-105.3646942,38.96810755,2420.645,366.857,,NAD83(2011) / UTM zone 13N + NAVD88(GEOID18) height,6,6,8,5,0.0,4313304.598,468042.20999999996,2421.624,POINT Z (468042.20999999996 4313304.598 2421.624)
103,103,104,,468039.864,4313306.137,2431.027,,-105.3689239,38.96814336,2417.007,Global,0.015,0.01,0.011,0.018,1.934,m,FIX,RTK,2025-04-01 14:10:01.2 UTC-06:00,2025-04-01 14:10:04.2 UTC-06:00,16.0,1.4,1.7,468406.275,4313300.688,2434.672,-105.3646942,38.96810755,2420.645,366.745,,NAD83(2011) / UTM zone 13N + NAVD88(GEOID18) height,6,6,9,6,0.0,4313304.729,468042.338,2421.587,POINT Z (468042.338 4313304.729 2421.587)
104,104,105,,468039.779,4313306.408,2431.196,,-105.3689249,38.9681458,2417.177,Global,0.012,0.016,0.01,0.02,1.934,m,FIX,RTK,2025-04-01 14:10:40.4 UTC-06:00,2025-04-01 14:10:43.4 UTC-06:00,16.0,1.4,1.7,468406.275,4313300.688,2434.672,-105.3646942,38.96810755,2420.645,366.836,,NAD83(2011) / UTM zone 13N + NAVD88(GEOID18) height,6,6,8,5,0.0,4313305.0,468042.25299999997,2421.756,POINT Z (468042.25299999997 4313305 2421.756)
105,105,106,,468039.831,4313306.578,2431.258,,-105.3689243,38.96814734,2417.239,Global,0.012,0.01,0.011,0.016,1.934,m,FIX,RTK,2025-04-01 14:11:13.8 UTC-06:00,2025-04-01 14:11:16.8 UTC-06:00,16.0,1.5,1.8,468406.275,4313300.688,2434.672,-105.3646942,38.96810755,2420.645,366.776,,NAD83(2011) / UTM zone 13N + NAVD88(GEOID18) height,6,6,8,6,0.0,4313305.17,468042.305,2421.8179999999998,POINT Z (468042.305 4313305.17 2421.8179999999998)
106,106,107,,468039.929,4313306.81,2431.177,,-105.3689232,38.96814943,2417.158,Global,0.01,0.01,0.011,0.014,1.934,m,FIX,RTK,2025-04-01 14:12:02.8 UTC-06:00,2025-04-01 14:12:05.8 UTC-06:00,16.0,1.4,1.7,468406.275,4313300.688,2434.672,-105.3646942,38.96810755,2420.645,366.677,,NAD83(2011) / UTM zone 13N + NAVD88(GEOID18) height,6,7,8,6,0.0,4313305.402,468042.403,2421.737,POINT Z (468042.403 4313305.402 2421.737)
107,107,108,,468040.002,4313306.981,2431.112,,-105.3689224,38.96815097,2417.093,Global,0.013,0.011,0.01,0.017,1.934,m,FIX,RTK,2025-04-01 14:12:30.0 UTC-06:00,2025-04-01 14:12:33.0 UTC-06:00,16.0,1.5,1.8,468406.275,4313300.688,2434.672,-105.3646942,38.96810755,2420.645,366.621,,NAD83(2011) / UTM zone 13N + NAVD88(GEOID18) height,6,7,8,6,0.0,4313305.573,468042.47599999997,2421.672,POINT Z (468042.47599999997 4313305.573 2421.672)
108,108,109,,468039.983,4313307.181,2431.004,,-105.3689226,38.96815278,2416.985,Global,0.011,0.01,0.01,0.015,1.934,m,FIX,RTK,2025-04-01 14:12:59.8 UTC-06:00,2025-04-01 14:13:02.8 UTC-06:00,16.0,1.5,1.8,468406.275,4313300.688,2434.672,-105.3646942,38.96810755,2420.645,366.629,,NAD83(2011) / UTM zone 13N + NAVD88(GEOID18) height,6,7,8,5,0.0,4313305.773,468042.457,2421.564,POINT Z (468042.457 4313305.773 2421.564)
109,109,110,,468040.056,4313307.387,2431.082,,-105.3689218,38.96815463,2417.062,Global,0.011,0.01,0.01,0.015,1.934,m,FIX,RTK,2025-04-01 14:13:38.8 UTC-06:00,2025-04-01 14:13:41.8 UTC-06:00,16.0,1.5,1.8,468406.275,4313300.688,2434.672,-105.3646942,38.96810755,2420.645,366.573,,NAD83(2011) / UTM zone 13N + NAVD88(GEOID18) height,6,8,8,5,0.0,4313305.979,468042.52999999997,2421.642,POINT Z (468042.52999999997 4313305.979 2421.642)
110,110,111,,468040.211,4313307.534,2430.987,,-105.36892,38.96815596,2416.967,Global,0.012,0.01,0.011,0.016,1.934,m,FIX,RTK,2025-04-01 14:14:03.4 UTC-06:00,2025-04-01 14:14:06.4 UTC-06:00,16.0,1.5,1.8,468406.275,4313300.688,2434.672,-105.3646942,38.96810755,2420.645,366.404,,NAD83(2011) / UTM zone 13N + NAVD88(GEOID18) height,6,7,7,6,0.0,4313306.126,468042.685,2421.547,POINT Z (468042.685 4313306.126 2421.547)
111,111,112,,468040.241,4313307.704,2431.117,,-105.3689197,38.96815749,2417.098,Global,0.012,0.011,0.01,0.016,1.934,m,FIX,RTK,2025-04-01 14:14:54.6 UTC-06:00,2025-04-01 14:14:57.6 UTC-06:00,16.0,1.5,1.8,468406.275,4313300.688,2434.672,-105.3646942,38.96810755,2420.645,366.391,,NAD83(2011) / UTM zone 13N + NAVD88(GEOID18) height,6,7,7,6,0.0,4313306.296,468042.71499999997,2421.677,POINT Z (468042.71499999997 4313306.296 2421.677)
112,112,113,,468040.3,4313307.895,2431.183,,-105.368919,38.96815922,2417.164,Global,0.011,0.011,0.012,0.016,1.934,m,FIX,RTK,2025-04-01 14:15:25.0 UTC-06:00,2025-04-01 14:15:28.0 UTC-06:00,16.0,1.6,1.9,468406.275,4313300.688,2434.672,-105.3646942,38.96810755,2420.645,366.33,,NAD83(2011) / UTM zone 13N + NAVD88(GEOID18) height,6,7,7,6,0.0,4313306.487,468042.774,2421.743,POINT Z (468042.774 4313306.487 2421.743)
113,113,114,,468040.392,4313308.089,2431.076,,-105.3689179,38.96816097,2417.056,Global,0.011,0.01,0.013,0.015,1.934,m,FIX,RTK,2025-04-01 14:16:01.6 UTC-06:00,2025-04-01 14:16:04.6 UTC-06:00,16.0,1.4,1.7,468406.275,4313300.688,2434.672,-105.3646942,38.96810755,2420.645,366.235,,NAD83(2011) / UTM zone 13N + NAVD88(GEOID18) height,6,7,8,6,0.0,4313306.681,468042.866,2421.636,POINT Z (468042.866 4313306.681 2421.636)
114,114,115,,468040.515,4313308.286,2430.99,,-105.3689165,38.96816275,2416.97,Global,0.01,0.011,0.011,0.015,1.934,m,FIX,RTK,2025-04-01 14:17:11.8 UTC-06:00,2025-04-01 14:17:14.8 UTC-06:00,16.0,1.5,1.8,468406.275,4313300.688,2434.672,-105.3646942,38.96810755,2420.645,366.119,,NAD83(2011) / UTM zone 13N + NAVD88(GEOID18) height,6,6,7,6,0.0,4313306.8780000005,468042.989,2421.5499999999997,POINT Z (468042.989 4313306.8780000005 2421.5499999999997)
115,115,116,,468040.69,4313308.415,2431.194,,-105.3689145,38.96816392,2417.174,Global,0.01,0.011,0.012,0.015,1.934,m,FIX,RTK,2025-04-01 14:17:53.0 UTC-06:00,2025-04-01 14:17:56.0 UTC-06:00,16.0,1.4,1.7,468406.275,4313300.688,2434.672,-105.3646942,38.96810755,2420.645,365.948,,NAD83(2011) / UTM zone 13N + NAVD88(GEOID18) height,6,7,7,6,0.0,4313307.007,468043.164,2421.754,POINT Z (468043.164 4313307.007 2421.754)
116,116,117,,468040.551,4313308.69,2432.03,,-105.3689161,38.96816639,2418.011,Global,0.011,0.011,0.01,0.015,1.934,m,FIX,RTK,2025-04-01 14:18:32.4 UTC-06:00,2025-04-01 14:18:35.4 UTC-06:00,16.0,1.4,1.7,468406.275,4313300.688,2434.672,-105.3646942,38.96810755,2420.645,366.092,,NAD83(2011) / UTM zone 13N + NAVD88(GEOID18) height,6,6,8,7,0.0,4313307.282000001,468043.02499999997,2422.59,POINT Z (468043.02499999997 4313307.282000001 2422.59)
117,117,118,,468040.671,4313308.862,2432.156,,-105.3689147,38.96816795,2418.137,Global,0.011,0.01,0.012,0.015,1.934,m,FIX,RTK,2025-04-01 14:18:48.6 UTC-06:00,2025-04-01 14:18:51.6 UTC-06:00,16.0,1.5,1.8,468406.275,4313300.688,2434.672,-105.3646942,38.96810755,2420.645,365.985,,NAD83(2011) / UTM zone 13N + NAVD88(GEOID18) height,6,7,8,7,0.0,4313307.454,468043.14499999996,2422.716,POINT Z (468043.14499999996 4313307.454 2422.716)
118,118,119,,468040.728,4313309.01,2432.238,,-105.3689141,38.96816928,2418.218,Global,0.01,0.01,0.01,0.014,1.934,m,FIX,RTK,2025-04-01 14:19:01.0 UTC-06:00,2025-04-01 14:19:04.0 UTC-06:00,16.0,1.4,1.6,468406.275,4313300.688,2434.672,-105.3646942,38.96810755,2420.645,365.92,,NAD83(2011) / UTM zone 13N + NAVD88(GEOID18) height,6,7,8,7,0.0,4313307.602,468043.202,2422.798,POINT Z (468043.202 4313307.602 2422.798)
119,119,120,,468040.817,4313309.181,2432.337,,-105.3689131,38.96817083,2418.318,Global,0.011,0.011,0.01,0.015,1.934,m,FIX,RTK,2025-04-01 14:19:13.6 UTC-06:00,2025-04-01 14:19:16.6 UTC-06:00,16.0,1.4,1.7,468406.275,4313300.688,2434.672,-105.3646942,38.96810755,2420.645,365.84,,NAD83(2011) / UTM zone 13N + NAVD88(GEOID18) height,6,7,8,7,0.0,4313307.773,468043.29099999997,2422.897,POINT Z (468043.29099999997 4313307.773 2422.897)
120,120,121,,468040.888,4313309.341,2432.407,,-105.3689123,38.96817227,2418.388,Global,0.011,0.011,0.012,0.015,1.934,m,FIX,RTK,2025-04-01 14:19:28.0 UTC-06:00,2025-04-01 14:19:31.0 UTC-06:00,16.0,1.4,1.7,468406.275,4313300.688,2434.672,-105.3646942,38.96810755,2420.645,365.766,,NAD83(2011) / UTM zone 13N + NAVD88(GEOID18) height,5,7,8,6,0.0,4313307.933,468043.36199999996,2422.967,POINT Z (468043.36199999996 4313307.933 2422.967)
121,121,122,,468040.974,4313309.531,2432.457,,-105.3689113,38.96817398,2418.437,Global,0.01,0.011,0.011,0.015,1.934,m,FIX,RTK,2025-04-01 14:19:42.8 UTC-06:00,2025-04-01 14:19:45.8 UTC-06:00,16.0,1.4,1.6,468406.275,4313300.688,2434.672,-105.3646942,38.96810755,2420.645,365.692,,NAD83(2011) / UTM zone 13N + NAVD88(GEOID18) height,6,7,8,7,0.0,4313308.123000001,468043.448,2423.017,POINT Z (468043.448 4313308.123000001 2423.017)
122,122,123,,468041.026,4313309.706,2432.388,,-105.3689107,38.96817556,2418.369,Global,0.012,0.014,0.016,0.018,1.934,m,FIX,RTK,2025-04-01 14:19:55.0 UTC-06:00,2025-04-01 14:19:58.0 UTC-06:00,16.0,1.4,1.6,468406.275,4313300.688,2434.672,-105.3646942,38.96810755,2420.645,365.644,,NAD83(2011) / UTM zone 13N + NAVD88(GEOID18) height,6,7,8,7,0.0,4313308.298,468043.5,2422.948,POINT Z (468043.5 4313308.298 2422.948)
123,123,124,,468041.1,4313309.913,2432.205,,-105.3689098,38.96817744,2418.185,Global,0.01,0.01,0.011,0.015,1.934,m,FIX,RTK,2025-04-01 14:20:25.6 UTC-06:00,2025-04-01 14:20:28.6 UTC-06:00,16.0,1.4,1.7,468406.275,4313300.688,2434.672,-105.3646942,38.96810755,2420.645,365.569,,NAD83(2011) / UTM zone 13N + NAVD88(GEOID18) height,6,6,8,7,0.0,4313308.505,468043.57399999996,2422.765,POINT Z (468043.57399999996 4313308.505 2422.765)
124,124,125,,468041.25,4313310.107,2432.035,,-105.3689081,38.96817919,2418.016,Global,0.01,0.01,0.011,0.015,1.934,m,FIX,RTK,2025-04-01 14:20:45.8 UTC-06:00,2025-04-01 14:20:48.8 UTC-06:00,16.0,1.5,1.8,468406.275,4313300.688,2434.672,-105.3646942,38.96810755,2420.645,365.424,,NAD83(2011) / UTM zone 13N + NAVD88(GEOID18) height,6,7,8,6,0.0,4313308.699,468043.724,2422.595,POINT Z (468043.724 4313308.699 2422.595)
125,125,126,,468041.304,4313310.229,2432.08,,-105.3689075,38.96818029,2418.06,Global,0.012,0.012,0.016,0.017,1.934,m,FIX,RTK,2025-04-01 14:21:17.8 UTC-06:00,2025-04-01 14:21:20.8 UTC-06:00,16.0,1.5,1.8,468406.275,4313300.688,2434.672,-105.3646942,38.96810755,2420.645,365.384,,NAD83(2011) / UTM zone 13N + NAVD88(GEOID18) height,6,7,8,6,0.0,4313308.821,468043.778,2422.64,POINT Z (468043.778 4313308.821 2422.64)
126,126,127,,468041.347,4313310.48,2432.195,,-105.368907,38.96818255,2418.176,Global,0.011,0.011,0.011,0.015,1.934,m,FIX,RTK,2025-04-01 14:21:47.4 UTC-06:00,2025-04-01 14:21:50.4 UTC-06:00,16.0,1.5,1.8,468406.275,4313300.688,2434.672,-105.3646942,38.96810755,2420.645,365.347,,NAD83(2011) / UTM zone 13N + NAVD88(GEOID18) height,6,7,8,6,0.0,4313309.072000001,468043.821,2422.755,POINT Z (468043.821 4313309.072000001 2422.755)
127,127,128,,468041.385,4313310.635,2432.261,,-105.3689066,38.96818395,2418.242,Global,0.01,0.011,0.014,0.015,1.934,m,FIX,RTK,2025-04-01 14:22:10.6 UTC-06:00,2025-04-01 14:22:13.6 UTC-06:00,16.0,1.5,1.8,468406.275,4313300.688,2434.672,-105.3646942,38.96810755,2420.645,365.309,,NAD83(2011) / UTM zone 13N + NAVD88(GEOID18) height,6,7,8,6,0.0,4313309.227,468043.859,2422.821,POINT Z (468043.859 4313309.227 2422.821)
128,128,129,,468041.436,4313310.81,2432.298,,-105.368906,38.96818552,2418.279,Global,0.01,0.011,0.012,0.015,1.934,m,FIX,RTK,2025-04-01 14:22:32.2 UTC-06:00,2025-04-01 14:22:35.2 UTC-06:00,16.0,1.5,1.8,468406.275,4313300.688,2434.672,-105.3646942,38.96810755,2420.645,365.263,,NAD83(2011) / UTM zone 13N + NAVD88(GEOID18) height,6,7,8,6,0.0,4313309.402,468043.91,2422.8579999999997,POINT Z (468043.91 4313309.402 2422.8579999999997)
129,129,130,,468041.555,4313311.045,2433.081,,-105.3689046,38.96818765,2419.062,Global,0.011,0.011,0.01,0.015,1.934,m,FIX,RTK,2025-04-01 14:23:24.2 UTC-06:00,2025-04-01 14:23:27.2 UTC-06:00,16.0,1.5,1.8,468406.275,4313300.688,2434.672,-105.3646942,38.96810755,2420.645,365.138,,NAD83(2011) / UTM zone 13N + NAVD88(GEOID18) height,6,7,8,6,0.0,4313309.637,468044.029,2423.641,POINT Z (468044.029 4313309.637 2423.641)
130,130,131,,468041.594,4313311.24,2433.223,,-105.3689042,38.96818941,2419.203,Global,0.011,0.012,0.013,0.016,1.934,m,FIX,RTK,2025-04-01 14:23:51.6 UTC-06:00,2025-04-01 14:23:54.6 UTC-06:00,16.0,1.6,1.8,468406.275,4313300.688,2434.672,-105.3646942,38.96810755,2420.645,365.109,,NAD83(2011) / UTM zone 13N + NAVD88(GEOID18) height,6,7,8,6,0.0,4313309.832,468044.06799999997,2423.783,POINT Z (468044.06799999997 4313309.832 2423.783)
131,131,132,,468041.672,4313311.425,2433.208,,-105.3689033,38.96819108,2419.189,Global,0.011,0.01,0.01,0.015,1.934,m,FIX,RTK,2025-04-01 14:24:11.6 UTC-06:00,2025-04-01 14:24:14.6 UTC-06:00,16.0,1.6,1.8,468406.275,4313300.688,2434.672,-105.3646942,38.96810755,2420.645,365.043,,NAD83(2011) / UTM zone 13N + NAVD88(GEOID18) height,6,7,9,6,0.0,4313310.017,468044.146,2423.768,POINT Z (468044.146 4313310.017 2423.768)
132,132,133,,468041.735,4313311.605,2433.195,,-105.3689026,38.96819271,2419.175,Global,0.01,0.01,0.012,0.014,1.934,m,FIX,RTK,2025-04-01 14:24:25.0 UTC-06:00,2025-04-01 14:24:28.0 UTC-06:00,16.0,1.6,1.8,468406.275,4313300.688,2434.672,-105.3646942,38.96810755,2420.645,364.986,,NAD83(2011) / UTM zone 13N + NAVD88(GEOID18) height,7,7,9,6,0.0,4313310.197000001,468044.209,2423.755,POINT Z (468044.209 4313310.197000001 2423.755)
133,133,134,,468041.806,4313311.777,2433.172,,-105.3689018,38.96819426,2419.152,Global,0.01,0.01,0.01,0.015,1.934,m,FIX,RTK,2025-04-01 14:24:52.0 UTC-06:00,2025-04-01 14:24:55.0 UTC-06:00,16.0,1.6,1.8,468406.275,4313300.688,2434.672,-105.3646942,38.96810755,2420.645,364.916,,NAD83(2011) / UTM zone 13N + NAVD88(GEOID18) height,6,7,8,6,0.0,4313310.369,468044.27999999997,2423.732,POINT Z (468044.27999999997 4313310.369 2423.732)
134,134,135,,468041.876,4313311.977,2433.091,,-105.368901,38.96819606,2419.072,Global,0.011,0.01,0.011,0.015,1.934,m,FIX,RTK,2025-04-01 14:25:19.8 UTC-06:00,2025-04-01 14:25:22.8 UTC-06:00,16.0,1.6,1.8,468406.275,4313300.688,2434.672,-105.3646942,38.96810755,2420.645,364.865,,NAD83(2011) / UTM zone 13N + NAVD88(GEOID18) height,6,7,8,6,0.0,4313310.569,468044.35,2423.651,POINT Z (468044.35 4313310.569 2423.651)
135,135,136,,468041.946,4313312.163,2432.954,,-105.3689002,38.96819774,2418.934,Global,0.011,0.012,0.012,0.016,1.934,m,FIX,RTK,2025-04-01 14:25:43.4 UTC-06:00,2025-04-01 14:25:46.4 UTC-06:00,16.0,1.6,1.9,468406.275,4313300.688,2434.672,-105.3646942,38.96810755,2420.645,364.787,,NAD83(2011) / UTM zone 13N + NAVD88(GEOID18) height,4,7,8,6,0.0,4313310.755,468044.42,2423.514,POINT Z (468044.42 4313310.755 2423.514)
136,136,137,,468042.018,4313312.346,2433.237,,-105.3688994,38.96819939,2419.218,Global,0.011,0.011,0.014,0.015,1.934,m,FIX,RTK,2025-04-01 14:26:09.0 UTC-06:00,2025-04-01 14:26:12.0 UTC-06:00,16.0,1.9,2.3,468406.275,4313300.688,2434.672,-105.3646942,38.96810755,2420.645,364.724,,NAD83(2011) / UTM zone 13N + NAVD88(GEOID18) height,4,7,8,6,0.0,4313310.938,468044.49199999997,2423.797,POINT Z (468044.49199999997 4313310.938 2423.797)
137,137,138,,468042.065,4313312.538,2433.212,,-105.3688988,38.96820112,2419.193,Global,0.011,0.012,0.012,0.016,1.934,m,FIX,RTK,2025-04-01 14:26:29.0 UTC-06:00,2025-04-01 14:26:32.0 UTC-06:00,16.0,1.7,2.1,468406.275,4313300.688,2434.672,-105.3646942,38.96810755,2420.645,364.682,,NAD83(2011) / UTM zone 13N + NAVD88(GEOID18) height,5,7,8,6,0.0,4313311.13,468044.539,2423.772,POINT Z (468044.539 4313311.13 2423.772)
138,138,139,,468042.132,4313312.736,2432.62,,-105.3688981,38.9682029,2418.6,Global,0.01,0.01,0.013,0.015,1.934,m,FIX,RTK,2025-04-01 14:26:57.8 UTC-06:00,2025-04-01 14:27:00.8 UTC-06:00,16.0,1.5,1.8,468406.275,4313300.688,2434.672,-105.3646942,38.96810755,2420.645,364.622,,NAD83(2011) / UTM zone 13N + NAVD88(GEOID18) height,6,7,8,6,0.0,4313311.328,468044.60599999997,2423.18,POINT Z (468044.60599999997 4313311.328 2423.18)
139,139,140,,468042.19,4313312.907,2432.63,,-105.3688974,38.96820445,2418.611,Global,0.012,0.01,0.018,0.016,1.934,m,FIX,RTK,2025-04-01 14:27:11.4 UTC-06:00,2025-04-01 14:27:14.4 UTC-06:00,16.0,1.9,2.3,468406.275,4313300.688,2434.672,-105.3646942,38.96810755,2420.645,364.581,,NAD83(2011) / UTM zone 13N + NAVD88(GEOID18) height,6,7,8,6,0.0,4313311.499,468044.664,2423.19,POINT Z (468044.664 4313311.499 2423.19)
140,140,141,,468042.239,4313313.074,2432.919,,-105.3688968,38.96820596,2418.899,Global,0.011,0.011,0.016,0.015,1.934,m,FIX,RTK,2025-04-01 14:27:25.2 UTC-06:00,2025-04-01 14:27:28.2 UTC-06:00,16.0,1.6,1.9,468406.275,4313300.688,2434.672,-105.3646942,38.96810755,2420.645,364.53,,NAD83(2011) / UTM zone 13N + NAVD88(GEOID18) height,5,7,8,6,0.0,4313311.666,468044.713,2423.479,POINT Z (468044.713 4313311.666 2423.479)
141,141,142,,468042.331,4313313.304,2433.073,,-105.3688958,38.96820803,2419.053,Global,0.011,0.013,0.016,0.017,1.934,m,FIX,RTK,2025-04-01 14:27:49.2 UTC-06:00,2025-04-01 14:27:52.2 UTC-06:00,16.0,1.6,1.9,468406.275,4313300.688,2434.672,-105.3646942,38.96810755,2420.645,364.443,,NAD83(2011) / UTM zone 13N + NAVD88(GEOID18) height,6,7,8,6,0.0,4313311.896,468044.805,2423.633,POINT Z (468044.805 4313311.896 2423.633)
142,142,143,,468042.397,4313313.546,2432.93,,-105.368895,38.96821022,2418.91,Global,0.011,0.01,0.018,0.015,1.934,m,FIX,RTK,2025-04-01 14:28:12.4 UTC-06:00,2025-04-01 14:28:15.4 UTC-06:00,16.0,1.9,2.3,468406.275,4313300.688,2434.672,-105.3646942,38.96810755,2420.645,364.381,,NAD83(2011) / UTM zone 13N + NAVD88(GEOID18) height,6,7,8,6,0.0,4313312.138,468044.871,2423.49,POINT Z (468044.871 4313312.138 2423.49)
143,143,144,,468042.455,4313313.652,2433.06,,-105.3688944,38.96821118,2419.041,Global,0.012,0.012,0.016,0.017,1.934,m,FIX,RTK,2025-04-01 14:28:57.8 UTC-06:00,2025-04-01 14:29:00.8 UTC-06:00,16.0,1.9,2.3,468406.275,4313300.688,2434.672,-105.3646942,38.96810755,2420.645,364.336,,NAD83(2011) / UTM zone 13N + NAVD88(GEOID18) height,6,7,8,6,0.0,4313312.244,468044.929,2423.62,POINT Z (468044.929 4313312.244 2423.62)
144,144,145,,468042.274,4313313.711,2433.102,,-105.3688965,38.9682117,2419.082,Global,0.01,0.011,0.014,0.015,1.934,m,FIX,RTK,2025-04-01 14:29:11.0 UTC-06:00,2025-04-01 14:29:14.0 UTC-06:00,16.0,2.0,2.4,468406.275,4313300.688,2434.672,-105.3646942,38.96810755,2420.645,364.517,,NAD83(2011) / UTM zone 13N + NAVD88(GEOID18) height,6,7,8,6,0.0,4313312.303,468044.74799999996,2423.662,POINT Z (468044.74799999996 4313312.303 2423.662)
145,145,146,,468042.395,4313313.47,2432.928,,-105.3688951,38.96820953,2418.909,Global,0.011,0.011,0.011,0.015,1.934,m,FIX,RTK,2025-04-01 14:29:26.8 UTC-06:00,2025-04-01 14:29:29.8 UTC-06:00,16.0,1.9,2.3,468406.275,4313300.688,2434.672,-105.3646942,38.96810755,2420.645,364.377,,NAD83(2011) / UTM zone 13N + NAVD88(GEOID18) height,6,7,8,6,0.0,4313312.062,468044.869,2423.488,POINT Z (468044.869 4313312.062 2423.488)
146,146,147,,468042.64,4313313.627,2433.057,,-105.3688922,38.96821095,2419.037,Global,0.011,0.01,0.016,0.015,1.934,m,FIX,RTK,2025-04-01 14:29:41.6 UTC-06:00,2025-04-01 14:29:44.6 UTC-06:00,16.0,2.0,2.5,468406.275,4313300.688,2434.672,-105.3646942,38.96810755,2420.645,364.142,,NAD83(2011) / UTM zone 13N + NAVD88(GEOID18) height,6,7,8,6,0.0,4313312.2190000005,468045.114,2423.6169999999997,POINT Z (468045.114 4313312.2190000005 2423.6169999999997)
147,147,148,,468042.542,4313313.849,2433.172,,-105.3688934,38.96821295,2419.152,Global,0.011,0.012,0.013,0.016,1.934,m,FIX,RTK,2025-04-01 14:30:01.8 UTC-06:00,2025-04-01 14:30:04.8 UTC-06:00,16.0,1.6,1.9,468406.275,4313300.688,2434.672,-105.3646942,38.96810755,2420.645,364.244,,NAD83(2011) / UTM zone 13N + NAVD88(GEOID18) height,6,7,8,6,0.0,4313312.441000001,468045.016,2423.732,POINT Z (468045.016 4313312.441000001 2423.732)
148,148,149,,468042.469,4313313.679,2432.974,,-105.3688942,38.96821142,2418.954,Global,0.01,0.012,0.014,0.016,1.934,m,FIX,RTK,2025-04-01 14:30:17.8 UTC-06:00,2025-04-01 14:30:20.8 UTC-06:00,16.0,1.9,2.3,468406.275,4313300.688,2434.672,-105.3646942,38.96810755,2420.645,364.316,,NAD83(2011) / UTM zone 13N + NAVD88(GEOID18) height,6,7,8,6,0.0,4313312.271,468044.94299999997,2423.534,POINT Z (468044.94299999997 4313312.271 2423.534)
149,149,150,,468042.453,4313313.65,2433.061,,-105.3688944,38.96821116,2419.041,Global,0.01,0.011,0.014,0.015,1.934,m,FIX,RTK,2025-04-01 14:30:35.0 UTC-06:00,2025-04-01 14:30:38.0 UTC-06:00,16.0,1.9,2.3,468406.275,4313300.688,2434.672,-105.3646942,38.96810755,2420.645,364.334,,NAD83(2011) / UTM zone 13N + NAVD88(GEOID18) height,6,7,8,6,0.0,4313312.242000001,468044.92699999997,2423.621,POINT Z (468044.92699999997 4313312.242000001 2423.621)
150,150,151,,468042.457,4313313.652,2433.054,,-105.3688943,38.96821118,2419.034,Global,0.012,0.011,0.015,0.016,1.934,m,FIX,RTK,2025-04-01 14:31:29.0 UTC-06:00,2025-04-01 14:31:59.0 UTC-06:00,151.0,2.0,2.5,468406.275,4313300.688,2434.672,-105.3646942,38.96810755,2420.645,364.324,,NAD83(2011) / UTM zone 13N + NAVD88(GEOID18) height,5,7,8,6,0.0,4313312.244,468044.931,2423.614,POINT Z (468044.931 4313312.244 2423.614)
151,151,1,,468129.723,4313277.952,2429.585,,-105.3678854,38.96789265,2415.563,Global,0.011,0.011,0.011,0.015,1.934,m,FIX,2025-04-01 09:53:02.6 UTC-06:00,2025-04-01 09:53:32.6 UTC-06:00,151,1.2,1.4,468406.275,4313300.688,2434.672,-105.3646942,38.96810755,2420.645,277.714,,NAD83(2011) / UTM zone 13N + NAVD88(GEOID18) height,9,7,7,4,0,,4313276.544,468132.197,2420.145,POINT Z (468132.197 4313276.544 2420.145)
152,152,2,,468129.723,4313277.949,2429.579,,-105.3678854,38.96789263,2415.557,Global,0.01,0.01,0.01,0.014,1.934,m,FIX,2025-04-01 09:53:47.0 UTC-06:00,2025-04-01 09:53:50.0 UTC-06:00,16,1.2,1.4,468406.275,4313300.688,2434.672,-105.3646942,38.96810755,2420.645,277.719,,NAD83(2011) / UTM zone 13N + NAVD88(GEOID18) height,9,6,7,4,0,,4313276.541,468132.197,2420.139,POINT Z (468132.197 4313276.541 2420.139)
153,153,3,,468129.523,4313277.946,2429.543,,-105.3678877,38.9678926,2415.521,Global,0.011,0.01,0.01,0.015,1.934,m,FIX,2025-04-01 09:54:05.8 UTC-06:00,2025-04-01 09:54:08.8 UTC-06:00,16,1.2,1.4,468406.275,4313300.688,2434.672,-105.3646942,38.96810755,2420.645,277.911,,NAD83(2011) / UTM zone 13N + NAVD88(GEOID18) height,9,7,7,4,0,,4313276.538000001,468131.997,2420.103,POINT Z (468131.997 4313276.538000001 2420.103)
154,154,4,,468129.777,4313278.181,2429.435,,-105.3678848,38.96789472,2415.413,Global,0.01,0.01,0.011,0.015,1.934,m,FIX,2025-04-01 09:54:19.2 UTC-06:00,2025-04-01 09:54:22.2 UTC-06:00,16,1.2,1.4,468406.275,4313300.688,2434.672,-105.3646942,38.96810755,2420.645,277.647,,NAD83(2011) / UTM zone 13N + NAVD88(GEOID18) height,9,7,7,4,0,,4313276.773,468132.251,2419.995,POINT Z (468132.251 4313276.773 2419.995)
155,155,5,,468129.942,4313277.921,2429.525,,-105.3678828,38.96789238,2415.503,Global,0.011,0.011,0.011,0.015,1.934,m,FIX,2025-04-01 09:54:33.0 UTC-06:00,2025-04-01 09:54:36.0 UTC-06:00,16,1.2,1.4,468406.275,4313300.688,2434.672,-105.3646942,38.96810755,2420.645,277.497,,NAD83(2011) / UTM zone 13N + NAVD88(GEOID18) height,9,6,7,4,0,,4313276.513,468132.41599999997,2420.085,POINT Z (468132.41599999997 4313276.513 2420.085)
156,156,6,,468129.714,4313277.702,2429.593,,-105.3678855,38.9678904,2415.571,Global,0.011,0.011,0.01,0.016,1.934,m,FIX,2025-04-01 09:54:46.0 UTC-06:00,2025-04-01 09:54:49.0 UTC-06:00,16,1.2,1.5,468406.275,4313300.688,2434.672,-105.3646942,38.96810755,2420.645,277.74,,NAD83(2011) / UTM zone 13N + NAVD88(GEOID18) height,9,7,7,4,0,,4313276.294,468132.18799999997,2420.153,POINT Z (468132.18799999997 4313276.294 2420.153)
157,157,7,,468129.709,4313277.923,2429.544,,-105.3678855,38.96789239,2415.522,Global,0.011,0.011,0.013,0.015,1.934,m,FIX,2025-04-01 09:55:03.2 UTC-06:00,2025-04-01 09:55:06.2 UTC-06:00,16,1.2,1.5,468406.275,4313300.688,2434.672,-105.3646942,38.96810755,2420.645,277.731,,NAD83(2011) / UTM zone 13N + NAVD88(GEOID18) height,9,7,7,4,0,,4313276.515000001,468132.18299999996,2420.104,POINT Z (468132.18299999996 4313276.515000001 2420.104)
158,158,8,,468129.722,4313277.952,2429.585,,-105.3678854,38.96789265,2415.563,Global,0.011,0.011,0.01,0.016,1.934,m,FIX,2025-04-01 09:55:15.2 UTC-06:00,2025-04-01 09:55:18.2 UTC-06:00,16,1.2,1.5,468406.275,4313300.688,2434.672,-105.3646942,38.96810755,2420.645,277.714,,NAD83(2011) / UTM zone 13N + NAVD88(GEOID18) height,9,7,7,4,0,,4313276.544,468132.196,2420.145,POINT Z (468132.196 4313276.544 2420.145)
159,159,9,,468129.707,4313277.82,2429.578,,-105.3678855,38.96789147,2415.556,Global,0.01,0.011,0.01,0.015,1.934,m,FIX,2025-04-01 09:55:40.8 UTC-06:00,2025-04-01 09:55:43.8 UTC-06:00,16,1.2,1.5,468406.275,4313300.688,2434.672,-105.3646942,38.96810755,2420.645,277.747,,NAD83(2011) / UTM zone 13N + NAVD88(GEOID18) height,9,7,7,3,0,,4313276.4120000005,468132.181,2420.138,POINT Z (468132.181 4313276.4120000005 2420.138)
160,160,10,,468129.641,4313277.36,2429.641,,-105.3678863,38.96788731,2415.619,Global,0.01,0.011,0.011,0.015,1.934,m,FIX,2025-04-01 09:55:51.8 UTC-06:00,2025-04-01 09:55:54.8 UTC-06:00,16,1.2,1.5,468406.275,4313300.688,2434.672,-105.3646942,38.96810755,2420.645,277.846,,NAD83(2011) / UTM zone 13N + NAVD88(GEOID18) height,9,6,7,3,0,,4313275.9520000005,468132.115,2420.201,POINT Z (468132.115 4313275.9520000005 2420.201)
161,161,11,,468129.572,4313276.86,2429.699,,-105.3678871,38.9678828,2415.677,Global,0.01,0.011,0.01,0.015,1.934,m,FIX,2025-04-01 09:56:06.6 UTC-06:00,2025-04-01 09:56:09.6 UTC-06:00,16,1.2,1.4,468406.275,4313300.688,2434.672,-105.3646942,38.96810755,2420.645,277.954,,NAD83(2011) / UTM zone 13N + NAVD88(GEOID18) height,9,6,7,4,0,,4313275.4520000005,468132.046,2420.259,POINT Z (468132.046 4313275.4520000005 2420.259)
162,162,12,,468129.524,4313276.363,2429.766,,-105.3678876,38.96787832,2415.744,Global,0.01,0.011,0.01,0.015,1.934,m,FIX,2025-04-01 09:56:21.8 UTC-06:00,2025-04-01 09:56:24.8 UTC-06:00,16,1.2,1.4,468406.275,4313300.688,2434.672,-105.3646942,38.96810755,2420.645,278.049,,NAD83(2011) / UTM zone 13N + NAVD88(GEOID18) height,9,6,7,4,0,,4313274.955,468131.99799999996,2420.326,POINT Z (468131.99799999996 4313274.955 2420.326)
163,163,13,,468129.46,4313275.88,2429.817,,-105.3678883,38.96787397,2415.795,Global,0.01,0.01,0.011,0.015,1.934,m,FIX,2025-04-01 09:56:36.2 UTC-06:00,2025-04-01 09:56:39.2 UTC-06:00,16,1.2,1.4,468406.275,4313300.688,2434.672,-105.3646942,38.96810755,2420.645,278.153,,NAD83(2011) / UTM zone 13N + NAVD88(GEOID18) height,9,6,7,4,0,,4313274.472,468131.934,2420.377,POINT Z (468131.934 4313274.472 2420.377)
164,164,14,,468129.407,4313275.363,2429.879,,-105.3678889,38.96786931,2415.857,Global,0.011,0.01,0.01,0.015,1.934,m,FIX,2025-04-01 09:56:56.8 UTC-06:00,2025-04-01 09:56:59.8 UTC-06:00,16,1.2,1.4,468406.275,4313300.688,2434.672,-105.3646942,38.96810755,2420.645,278.25,,NAD83(2011) / UTM zone 13N + NAVD88(GEOID18) height,9,6,7,4,0,,4313273.955,468131.881,2420.439,POINT Z (468131.881 4313273.955 2420.439)
165,165,15,,468129.369,4313274.874,2429.958,,-105.3678893,38.96786491,2415.936,Global,0.01,0.01,0.01,0.014,1.934,m,FIX,2025-04-01 09:57:22.0 UTC-06:00,2025-04-01 09:57:25.0 UTC-06:00,16,1.2,1.4,468406.275,4313300.688,2434.672,-105.3646942,38.96810755,2420.645,278.335,,NAD83(2011) / UTM zone 13N + NAVD88(GEOID18) height,9,6,7,4,0,,4313273.466,468131.843,2420.518,POINT Z (468131.843 4313273.466 2420.518)
166,166,16,,468129.307,4313274.377,2430.015,,-105.36789,38.96786042,2415.993,Global,0.01,0.01,0.011,0.015,1.934,m,FIX,2025-04-01 09:57:40.4 UTC-06:00,2025-04-01 09:57:43.4 UTC-06:00,16,1.2,1.4,468406.275,4313300.688,2434.672,-105.3646942,38.96810755,2420.645,278.438,,NAD83(2011) / UTM zone 13N + NAVD88(GEOID18) height,9,6,7,4,0,,4313272.9690000005,468131.78099999996,2420.575,POINT Z (468131.78099999996 4313272.9690000005 2420.575)
167,167,17,,468129.256,4313273.895,2430.083,,-105.3678906,38.96785607,2416.062,Global,0.01,0.011,0.01,0.015,1.934,m,FIX,2025-04-01 09:57:58.6 UTC-06:00,2025-04-01 09:58:01.6 UTC-06:00,16,1.2,1.4,468406.275,4313300.688,2434.672,-105.3646942,38.96810755,2420.645,278.541,,NAD83(2011) / UTM zone 13N + NAVD88(GEOID18) height,9,6,7,4,0,,4313272.487,468131.73,2420.643,POINT Z (468131.73 4313272.487 2420.643)
168,168,18,,468129.214,4313273.405,2430.127,,-105.367891,38.96785166,2416.105,Global,0.01,0.011,0.011,0.015,1.934,m,FIX,2025-04-01 09:58:16.8 UTC-06:00,2025-04-01 09:58:19.8 UTC-06:00,16,1.2,1.4,468406.275,4313300.688,2434.672,-105.3646942,38.96810755,2420.645,278.627,,NAD83(2011) / UTM zone 13N + NAVD88(GEOID18) height,9,6,7,4,0,,4313271.997,468131.68799999997,2420.687,POINT Z (468131.68799999997 4313271.997 2420.687)
169,169,19,,468129.152,4313272.904,2430.184,,-105.3678917,38.96784714,2416.162,Global,0.01,0.01,0.01,0.015,1.934,m,FIX,2025-04-01 09:58:33.0 UTC-06:00,2025-04-01 09:58:36.0 UTC-06:00,16,1.2,1.4,468406.275,4313300.688,2434.672,-105.3646942,38.96810755,2420.645,278.738,,NAD83(2011) / UTM zone 13N + NAVD88(GEOID18) height,9,6,7,4,0,,4313271.496,468131.626,2420.744,POINT Z (468131.626 4313271.496 2420.744)
170,170,20,,468129.1,4313272.41,2430.19,,-105.3678923,38.96784269,2416.168,Global,0.01,0.011,0.011,0.015,1.934,m,FIX,2025-04-01 09:59:16.8 UTC-06:00,2025-04-01 09:59:19.8 UTC-06:00,16,1.2,1.4,468406.275,4313300.688,2434.672,-105.3646942,38.96810755,2420.645,278.839,,NAD83(2011) / UTM zone 13N + NAVD88(GEOID18) height,9,6,7,4,0,,4313271.002,468131.57399999996,2420.75,POINT Z (468131.57399999996 4313271.002 2420.75)
171,171,21,,468129.043,4313271.897,2430.212,,-105.3678929,38.96783807,2416.19,Global,0.01,0.01,0.01,0.014,1.934,m,FIX,2025-04-01 09:59:45.8 UTC-06:00,2025-04-01 09:59:48.8 UTC-06:00,16,1.2,1.4,468406.275,4313300.688,2434.672,-105.3646942,38.96810755,2420.645,278.947,,NAD83(2011) / UTM zone 13N + NAVD88(GEOID18) height,9,6,7,4,0,,4313270.489,468131.517,2420.772,POINT Z (468131.517 4313270.489 2420.772)
172,172,22,,468129.006,4313271.418,2430.27,,-105.3678933,38.96783375,2416.248,Global,0.01,0.01,0.01,0.015,1.934,m,FIX,2025-04-01 10:00:00.6 UTC-06:00,2025-04-01 10:00:03.6 UTC-06:00,16,1.3,1.5,468406.275,4313300.688,2434.672,-105.3646942,38.96810755,2420.645,279.037,,NAD83(2011) / UTM zone 13N + NAVD88(GEOID18) height,9,6,7,4,0,,4313270.01,468131.48,2420.83,POINT Z (468131.48 4313270.01 2420.83)
173,173,23,,468128.937,4313270.934,2430.279,,-105.3678941,38.96782938,2416.258,Global,0.01,0.011,0.01,0.015,1.934,m,FIX,2025-04-01 10:00:13.6 UTC-06:00,2025-04-01 10:00:16.6 UTC-06:00,16,1.3,1.5,468406.275,4313300.688,2434.672,-105.3646942,38.96810755,2420.645,279.153,,NAD83(2011) / UTM zone 13N + NAVD88(GEOID18) height,9,6,7,4,0,,4313269.526000001,468131.41099999996,2420.839,POINT Z (468131.41099999996 4313269.526000001 2420.839)
174,174,24,,468128.903,4313270.442,2430.343,,-105.3678945,38.96782495,2416.321,Global,0.012,0.012,0.012,0.017,1.934,m,FIX,2025-04-01 10:00:26.0 UTC-06:00,2025-04-01 10:00:29.0 UTC-06:00,16,1.3,1.5,468406.275,4313300.688,2434.672,-105.3646942,38.96810755,2420.645,279.233,,NAD83(2011) / UTM zone 13N + NAVD88(GEOID18) height,9,6,7,3,0,,4313269.034,468131.377,2420.903,POINT Z (468131.377 4313269.034 2420.903)
175,175,25,,468128.852,4313269.968,2430.393,,-105.3678951,38.96782068,2416.371,Global,0.01,0.01,0.011,0.014,1.934,m,FIX,2025-04-01 10:00:38.0 UTC-06:00,2025-04-01 10:00:41.0 UTC-06:00,16,1.2,1.4,468406.275,4313300.688,2434.672,-105.3646942,38.96810755,2420.645,279.342,,NAD83(2011) / UTM zone 13N + NAVD88(GEOID18) height,9,6,7,4,0,,4313268.5600000005,468131.326,2420.953,POINT Z (468131.326 4313268.5600000005 2420.953)
176,176,26,,468128.778,4313269.463,2430.455,,-105.3678959,38.96781612,2416.433,Global,0.01,0.01,0.011,0.014,1.934,m,FIX,2025-04-01 10:00:52.8 UTC-06:00,2025-04-01 10:00:55.8 UTC-06:00,16,1.2,1.4,468406.275,4313300.688,2434.672,-105.3646942,38.96810755,2420.645,279.472,,NAD83(2011) / UTM zone 13N + NAVD88(GEOID18) height,9,6,7,3,0,,4313268.055000001,468131.252,2421.015,POINT Z (468131.252 4313268.055000001 2421.015)
177,177,27,,468128.719,4313269.002,2430.524,,-105.3678965,38.96781196,2416.502,Global,0.01,0.01,0.01,0.015,1.934,m,FIX,2025-04-01 10:01:05.6 UTC-06:00,2025-04-01 10:01:08.6 UTC-06:00,16,1.2,1.4,468406.275,4313300.688,2434.672,-105.3646942,38.96810755,2420.645,279.581,,NAD83(2011) / UTM zone 13N + NAVD88(GEOID18) height,9,6,7,3,0,,4313267.5940000005,468131.19299999997,2421.084,POINT Z (468131.19299999997 4313267.5940000005 2421.084)
178,178,28,,468128.651,4313268.513,2430.639,,-105.3678973,38.96780755,2416.617,Global,0.01,0.011,0.01,0.015,1.934,m,FIX,2025-04-01 10:01:19.0 UTC-06:00,2025-04-01 10:01:22.0 UTC-06:00,16,1.2,1.4,468406.275,4313300.688,2434.672,-105.3646942,38.96810755,2420.645,279.705,,NAD83(2011) / UTM zone 13N + NAVD88(GEOID18) height,9,6,8,4,0,,4313267.105,468131.125,2421.199,POINT Z (468131.125 4313267.105 2421.199)
179,179,29,,468128.614,4313268.008,2430.721,,-105.3678977,38.967803,2416.699,Global,0.011,0.01,0.011,0.015,1.934,m,FIX,2025-04-01 10:01:47.8 UTC-06:00,2025-04-01 10:01:50.8 UTC-06:00,16,1.3,1.5,468406.275,4313300.688,2434.672,-105.3646942,38.96810755,2420.645,279.804,,NAD83(2011) / UTM zone 13N + NAVD88(GEOID18) height,9,6,8,4,0,,4313266.600000001,468131.088,2421.281,POINT Z (468131.088 4313266.600000001 2421.281)
180,180,30,,468128.557,4313267.513,2430.814,,-105.3678983,38.96779854,2416.792,Global,0.01,0.01,0.01,0.015,1.934,m,FIX,2025-04-01 10:01:59.4 UTC-06:00,2025-04-01 10:02:02.4 UTC-06:00,16,1.2,1.4,468406.275,4313300.688,2434.672,-105.3646942,38.96810755,2420.645,279.909,,NAD83(2011) / UTM zone 13N + NAVD88(GEOID18) height,9,6,8,4,0,,4313266.105,468131.03099999996,2421.374,POINT Z (468131.03099999996 4313266.105 2421.374)
181,181,31,,468128.489,4313267.05,2430.837,,-105.3678991,38.96779437,2416.815,Global,0.011,0.01,0.013,0.015,1.934,m,FIX,2025-04-01 10:02:11.0 UTC-06:00,2025-04-01 10:02:14.0 UTC-06:00,16,1.2,1.4,468406.275,4313300.688,2434.672,-105.3646942,38.96810755,2420.645,280.035,,NAD83(2011) / UTM zone 13N + NAVD88(GEOID18) height,9,6,8,3,0,,4313265.642,468130.963,2421.397,POINT Z (468130.963 4313265.642 2421.397)
182,182,32,,468128.427,4313266.579,2431.045,,-105.3678998,38.96779013,2417.023,Global,0.01,0.01,0.015,0.015,1.934,m,FIX,2025-04-01 10:02:22.4 UTC-06:00,2025-04-01 10:02:25.4 UTC-06:00,16,1.3,1.5,468406.275,4313300.688,2434.672,-105.3646942,38.96810755,2420.645,280.155,,NAD83(2011) / UTM zone 13N + NAVD88(GEOID18) height,9,6,8,3,0,,4313265.171,468130.901,2421.605,POINT Z (468130.901 4313265.171 2421.605)
183,183,33,,468128.388,4313266.099,2431.2,,-105.3679002,38.96778579,2417.178,Global,0.01,0.01,0.016,0.014,1.934,m,FIX,2025-04-01 10:02:35.2 UTC-06:00,2025-04-01 10:02:38.2 UTC-06:00,16,1.3,1.5,468406.275,4313300.688,2434.672,-105.3646942,38.96810755,2420.645,280.252,,NAD83(2011) / UTM zone 13N + NAVD88(GEOID18) height,9,6,8,3,0,,4313264.691000001,468130.86199999996,2421.7599999999998,POINT Z (468130.86199999996 4313264.691000001 2421.7599999999998)
184,184,34,,468128.329,4313265.612,2431.331,,-105.3679009,38.96778141,2417.309,Global,0.01,0.01,0.015,0.014,1.934,m,FIX,2025-04-01 10:02:51.6 UTC-06:00,2025-04-01 10:02:54.6 UTC-06:00,16,1.2,1.4,468406.275,4313300.688,2434.672,-105.3646942,38.96810755,2420.645,280.372,,NAD83(2011) / UTM zone 13N + NAVD88(GEOID18) height,9,6,7,4,0,,4313264.204,468130.803,2421.891,POINT Z (468130.803 4313264.204 2421.891)
185,185,35,,468128.266,4313265.109,2431.466,,-105.3679016,38.96777687,2417.444,Global,0.01,0.01,0.015,0.014,1.934,m,FIX,2025-04-01 10:03:08.8 UTC-06:00,2025-04-01 10:03:11.8 UTC-06:00,16,1.2,1.4,468406.275,4313300.688,2434.672,-105.3646942,38.96810755,2420.645,280.496,,NAD83(2011) / UTM zone 13N + NAVD88(GEOID18) height,9,6,7,4,0,,4313263.701,468130.74,2422.026,POINT Z (468130.74 4313263.701 2422.026)
186,186,36,,468128.214,4313264.638,2431.606,,-105.3679022,38.96777263,2417.584,Global,0.011,0.01,0.014,0.015,1.934,m,FIX,2025-04-01 10:03:23.0 UTC-06:00,2025-04-01 10:03:26.0 UTC-06:00,16,1.4,1.7,468406.275,4313300.688,2434.672,-105.3646942,38.96810755,2420.645,280.603,,NAD83(2011) / UTM zone 13N + NAVD88(GEOID18) height,9,6,7,3,0,,4313263.23,468130.68799999997,2422.166,POINT Z (468130.68799999997 4313263.23 2422.166)
187,187,37,,468128.145,4313264.139,2431.769,,-105.3679029,38.96776812,2417.747,Global,0.011,0.01,0.012,0.015,1.934,m,FIX,2025-04-01 10:03:45.6 UTC-06:00,2025-04-01 10:03:48.6 UTC-06:00,16,1.4,1.7,468406.275,4313300.688,2434.672,-105.3646942,38.96810755,2420.645,280.735,,NAD83(2011) / UTM zone 13N + NAVD88(GEOID18) height,9,6,8,4,0,,4313262.731000001,468130.619,2422.3289999999997,POINT Z (468130.619 4313262.731000001 2422.3289999999997)
188,188,38,,468128.097,4313263.652,2431.891,,-105.3679035,38.96776374,2417.869,Global,0.01,0.01,0.011,0.015,1.934,m,FIX,2025-04-01 10:04:04.0 UTC-06:00,2025-04-01 10:04:07.0 UTC-06:00,16,1.5,1.8,468406.275,4313300.688,2434.672,-105.3646942,38.96810755,2420.645,280.845,,NAD83(2011) / UTM zone 13N + NAVD88(GEOID18) height,9,5,8,4,0,,4313262.244,468130.571,2422.451,POINT Z (468130.571 4313262.244 2422.451)
189,189,39,,468128.051,4313263.187,2432.023,,-105.367904,38.96775954,2418.001,Global,0.01,0.01,0.014,0.014,1.934,m,FIX,2025-04-01 10:04:17.6 UTC-06:00,2025-04-01 10:04:20.6 UTC-06:00,16,1.3,1.6,468406.275,4313300.688,2434.672,-105.3646942,38.96810755,2420.645,280.957,,NAD83(2011) / UTM zone 13N + NAVD88(GEOID18) height,9,5,8,4,0,,4313261.779,468130.52499999997,2422.583,POINT Z (468130.52499999997 4313261.779 2422.583)
190,190,40,,468128.003,4313262.712,2432.098,,-105.3679045,38.96775526,2418.076,Global,0.01,0.01,0.015,0.015,1.934,m,FIX,2025-04-01 10:04:33.4 UTC-06:00,2025-04-01 10:04:36.4 UTC-06:00,16,1.5,1.8,468406.275,4313300.688,2434.672,-105.3646942,38.96810755,2420.645,281.067,,NAD83(2011) / UTM zone 13N + NAVD88(GEOID18) height,9,5,8,4,0,,4313261.3040000005,468130.477,2422.658,POINT Z (468130.477 4313261.3040000005 2422.658)
191,191,41,,468127.936,4313262.23,2432.206,,-105.3679053,38.96775092,2418.184,Global,0.01,0.01,0.015,0.015,1.934,m,FIX,2025-04-01 10:04:49.4 UTC-06:00,2025-04-01 10:04:52.4 UTC-06:00,16,1.3,1.6,468406.275,4313300.688,2434.672,-105.3646942,38.96810755,2420.645,281.199,,NAD83(2011) / UTM zone 13N + NAVD88(GEOID18) height,9,6,8,4,0,,4313260.822000001,468130.41,2422.766,POINT Z (468130.41 4313260.822000001 2422.766)
192,192,42,,468127.905,4313261.734,2432.256,,-105.3679056,38.96774645,2418.234,Global,0.01,0.012,0.018,0.015,1.934,m,FIX,2025-04-01 10:05:05.4 UTC-06:00,2025-04-01 10:05:08.4 UTC-06:00,16,1.3,1.6,468406.275,4313300.688,2434.672,-105.3646942,38.96810755,2420.645,281.295,,NAD83(2011) / UTM zone 13N + NAVD88(GEOID18) height,9,6,8,4,0,,4313260.326,468130.379,2422.816,POINT Z (468130.379 4313260.326 2422.816)
193,193,43,,468129.765,4313278.292,2429.417,,-105.3678849,38.96789572,2415.396,Global,0.011,0.01,0.01,0.015,1.934,m,FIX,2025-04-01 10:06:05.0 UTC-06:00,2025-04-01 10:06:08.0 UTC-06:00,16,1.4,1.7,468406.275,4313300.688,2434.672,-105.3646942,38.96810755,2420.645,277.641,,NAD83(2011) / UTM zone 13N + NAVD88(GEOID18) height,8,6,7,4,0,,4313276.884000001,468132.239,2419.977,POINT Z (468132.239 4313276.884000001 2419.977)
194,194,44,,468129.805,4313278.491,2429.387,,-105.3678844,38.96789751,2415.365,Global,0.01,0.01,0.012,0.014,1.934,m,FIX,2025-04-01 10:06:27.4 UTC-06:00,2025-04-01 10:06:30.4 UTC-06:00,16,1.4,1.7,468406.275,4313300.688,2434.672,-105.3646942,38.96810755,2420.645,277.596,,NAD83(2011) / UTM zone 13N + NAVD88(GEOID18) height,8,6,7,4,0,,4313277.083000001,468132.279,2419.947,POINT Z (468132.279 4313277.083000001 2419.947)
195,195,45,,468129.746,4313278.098,2429.464,,-105.3678851,38.96789397,2415.442,Global,0.01,0.01,0.011,0.014,1.934,m,FIX,2025-04-01 10:06:42.6 UTC-06:00,2025-04-01 10:06:45.6 UTC-06:00,16,1.4,1.7,468406.275,4313300.688,2434.672,-105.3646942,38.96810755,2420.645,277.682,,NAD83(2011) / UTM zone 13N + NAVD88(GEOID18) height,8,6,7,4,0,,4313276.69,468132.22,2420.024,POINT Z (468132.22 4313276.69 2420.024)
196,196,46,,468129.823,4313278.68,2429.335,,-105.3678843,38.96789922,2415.313,Global,0.011,0.011,0.012,0.015,1.934,m,FIX,2025-04-01 10:07:10.2 UTC-06:00,2025-04-01 10:07:13.2 UTC-06:00,16,1.4,1.7,468406.275,4313300.688,2434.672,-105.3646942,38.96810755,2420.645,277.561,,NAD83(2011) / UTM zone 13N + NAVD88(GEOID18) height,8,6,7,3,0,,4313277.272,468132.29699999996,2419.895,POINT Z (468132.29699999996 4313277.272 2419.895)
197,197,47,,468129.847,4313278.871,2429.248,,-105.367884,38.96790094,2415.226,Global,0.01,0.011,0.011,0.015,1.934,m,FIX,2025-04-01 10:07:29.8 UTC-06:00,2025-04-01 10:07:32.8 UTC-06:00,16,1.6,1.9,468406.275,4313300.688,2434.672,-105.3646942,38.96810755,2420.645,277.523,,NAD83(2011) / UTM zone 13N + NAVD88(GEOID18) height,8,6,9,4,0,,4313277.463,468132.321,2419.808,POINT Z (468132.321 4313277.463 2419.808)
198,198,48,,468129.866,4313279.053,2429.177,,-105.3678838,38.96790258,2415.156,Global,0.011,0.01,0.011,0.015,1.934,m,FIX,2025-04-01 10:07:50.6 UTC-06:00,2025-04-01 10:07:53.6 UTC-06:00,16,1.4,1.7,468406.275,4313300.688,2434.672,-105.3646942,38.96810755,2420.645,277.494,,NAD83(2011) / UTM zone 13N + NAVD88(GEOID18) height,8,5,8,4,0,,4313277.6450000005,468132.33999999997,2419.737,POINT Z (468132.33999999997 4313277.6450000005 2419.737)
199,199,49,,468129.872,4313279.271,2429.147,,-105.3678837,38.96790455,2415.125,Global,0.01,0.01,0.01,0.014,1.934,m,FIX,2025-04-01 10:08:17.4 UTC-06:00,2025-04-01 10:08:18.0 UTC-06:00,4,1.4,1.7,468406.275,4313300.688,2434.672,-105.3646942,38.96810755,2420.645,277.466,,NAD83(2011) / UTM zone 13N + NAVD88(GEOID18) height,8,5,8,4,0,,4313277.863,468132.34599999996,2419.707,POINT Z (468132.34599999996 4313277.863 2419.707)
200,200,50,,468129.894,4313279.502,2428.925,,-105.3678835,38.96790663,2414.903,Global,0.01,0.011,0.011,0.015,1.934,m,FIX,2025-04-01 10:08:38.4 UTC-06:00,2025-04-01 10:08:41.4 UTC-06:00,16,1.6,1.9,468406.275,4313300.688,2434.672,-105.3646942,38.96810755,2420.645,277.429,,NAD83(2011) / UTM zone 13N + NAVD88(GEOID18) height,8,6,8,3,0,,4313278.0940000005,468132.36799999996,2419.485,POINT Z (468132.36799999996 4313278.0940000005 2419.485)
201,201,51,,468129.934,4313279.707,2428.832,,-105.367883,38.96790848,2414.81,Global,0.01,0.011,0.011,0.015,1.934,m,FIX,2025-04-01 10:09:02.6 UTC-06:00,2025-04-01 10:09:05.6 UTC-06:00,16,1.6,1.9,468406.275,4313300.688,2434.672,-105.3646942,38.96810755,2420.645,277.374,,NAD83(2011) / UTM zone 13N + NAVD88(GEOID18) height,9,6,9,4,0,,4313278.299000001,468132.408,2419.392,POINT Z (468132.408 4313278.299000001 2419.392)
202,202,52,,468129.959,4313279.91,2428.634,,-105.3678827,38.96791031,2414.612,Global,0.01,0.011,0.012,0.015,1.934,m,FIX,2025-04-01 10:09:16.8 UTC-06:00,2025-04-01 10:09:19.8 UTC-06:00,16,1.4,1.7,468406.275,4313300.688,2434.672,-105.3646942,38.96810755,2420.645,277.341,,NAD83(2011) / UTM zone 13N + NAVD88(GEOID18) height,9,6,9,4,0,,4313278.502,468132.43299999996,2419.194,POINT Z (468132.43299999996 4313278.502 2419.194)
203,203,53,,468129.981,4313280.058,2428.505,,-105.3678825,38.96791164,2414.483,Global,0.01,0.011,0.012,0.015,1.934,m,FIX,2025-04-01 10:09:39.0 UTC-06:00,2025-04-01 10:09:42.0 UTC-06:00,16,1.4,1.7,468406.275,4313300.688,2434.672,-105.3646942,38.96810755,2420.645,277.307,,NAD83(2011) / UTM zone 13N + NAVD88(GEOID18) height,8,5,9,3,0,,4313278.65,468132.455,2419.065,POINT Z (468132.455 4313278.65 2419.065)
204,204,54,,468129.977,4313280.268,2428.305,,-105.3678825,38.96791353,2414.284,Global,0.01,0.011,0.01,0.015,1.934,m,FIX,2025-04-01 10:10:15.6 UTC-06:00,2025-04-01 10:10:18.6 UTC-06:00,16,1.6,1.9,468406.275,4313300.688,2434.672,-105.3646942,38.96810755,2420.645,277.301,,NAD83(2011) / UTM zone 13N + NAVD88(GEOID18) height,7,6,9,3,0,,4313278.86,468132.451,2418.865,POINT Z (468132.451 4313278.86 2418.865)
205,205,55,,468130.015,4313280.403,2428.259,,-105.3678821,38.96791475,2414.237,Global,0.01,0.011,0.01,0.015,1.934,m,FIX,2025-04-01 10:10:42.0 UTC-06:00,2025-04-01 10:10:45.0 UTC-06:00,16,1.6,1.9,468406.275,4313300.688,2434.672,-105.3646942,38.96810755,2420.645,277.247,,NAD83(2011) / UTM zone 13N + NAVD88(GEOID18) height,8,5,8,4,0,,4313278.995,468132.489,2418.819,POINT Z (468132.489 4313278.995 2418.819)
206,206,56,,468130.071,4313280.62,2428.162,,-105.3678815,38.96791671,2414.14,Global,0.01,0.011,0.012,0.015,1.934,m,FIX,2025-04-01 10:10:59.0 UTC-06:00,2025-04-01 10:11:02.0 UTC-06:00,16,1.6,1.9,468406.275,4313300.688,2434.672,-105.3646942,38.96810755,2420.645,277.184,,NAD83(2011) / UTM zone 13N + NAVD88(GEOID18) height,8,6,8,4,0,,4313279.212,468132.545,2418.7219999999998,POINT Z (468132.545 4313279.212 2418.7219999999998)
207,207,57,,468129.985,4313280.854,2427.798,,-105.3678825,38.96791881,2413.776,Global,0.01,0.01,0.011,0.014,1.934,m,FIX,2025-04-01 10:11:26.4 UTC-06:00,2025-04-01 10:11:29.4 UTC-06:00,16,1.5,1.8,468406.275,4313300.688,2434.672,-105.3646942,38.96810755,2420.645,277.259,,NAD83(2011) / UTM zone 13N + NAVD88(GEOID18) height,9,5,8,4,0,,4313279.446,468132.459,2418.3579999999997,POINT Z (468132.459 4313279.446 2418.3579999999997)
208,208,58,,468130.101,4313281.057,2427.745,,-105.3678812,38.96792064,2413.723,Global,0.01,0.012,0.012,0.016,1.934,m,FIX,2025-04-01 10:11:41.0 UTC-06:00,2025-04-01 10:11:44.0 UTC-06:00,16,1.5,1.8,468406.275,4313300.688,2434.672,-105.3646942,38.96810755,2420.645,277.131,,NAD83(2011) / UTM zone 13N + NAVD88(GEOID18) height,9,5,8,4,0,,4313279.649,468132.575,2418.305,POINT Z (468132.575 4313279.649 2418.305)
209,209,59,,468130.108,4313281.251,2427.696,,-105.3678811,38.9679224,2413.674,Global,0.01,0.011,0.012,0.015,1.934,m,FIX,2025-04-01 10:11:54.2 UTC-06:00,2025-04-01 10:11:57.2 UTC-06:00,16,1.5,1.8,468406.275,4313300.688,2434.672,-105.3646942,38.96810755,2420.645,277.103,,NAD83(2011) / UTM zone 13N + NAVD88(GEOID18) height,8,5,8,4,0,,4313279.843,468132.582,2418.256,POINT Z (468132.582 4313279.843 2418.256)
210,210,60,,468130.127,4313281.401,2427.816,,-105.3678809,38.96792374,2413.794,Global,0.01,0.011,0.011,0.015,1.934,m,FIX,2025-04-01 10:12:33.8 UTC-06:00,2025-04-01 10:12:36.8 UTC-06:00,16,1.5,1.8,468406.275,4313300.688,2434.672,-105.3646942,38.96810755,2420.645,277.079,,NAD83(2011) / UTM zone 13N + NAVD88(GEOID18) height,8,5,8,4,0,,4313279.993,468132.60099999997,2418.3759999999997,POINT Z (468132.60099999997 4313279.993 2418.3759999999997)
211,211,61,,468130.092,4313281.662,2427.586,,-105.3678813,38.9679261,2413.564,Global,0.01,0.011,0.011,0.015,1.934,m,FIX,2025-04-01 10:12:47.0 UTC-06:00,2025-04-01 10:12:50.0 UTC-06:00,16,1.5,1.8,468406.275,4313300.688,2434.672,-105.3646942,38.96810755,2420.645,277.1,,NAD83(2011) / UTM zone 13N + NAVD88(GEOID18) height,8,5,8,4,0,,4313280.254,468132.566,2418.1459999999997,POINT Z (468132.566 4313280.254 2418.1459999999997)
212,212,62,,468130.125,4313281.875,2427.58,,-105.3678809,38.96792802,2413.558,Global,0.01,0.01,0.01,0.014,1.934,m,FIX,2025-04-01 10:12:57.8 UTC-06:00,2025-04-01 10:13:00.8 UTC-06:00,16,1.5,1.8,468406.275,4313300.688,2434.672,-105.3646942,38.96810755,2420.645,277.049,,NAD83(2011) / UTM zone 13N + NAVD88(GEOID18) height,8,5,8,4,0,,4313280.467,468132.599,2418.14,POINT Z (468132.599 4313280.467 2418.14)
213,213,63,,468130.206,4313281.999,2427.609,,-105.36788,38.96792914,2413.587,Global,0.011,0.011,0.011,0.016,1.934,m,FIX,2025-04-01 10:13:10.4 UTC-06:00,2025-04-01 10:13:13.4 UTC-06:00,16,1.5,1.8,468406.275,4313300.688,2434.672,-105.3646942,38.96810755,2420.645,276.956,,NAD83(2011) / UTM zone 13N + NAVD88(GEOID18) height,8,5,8,4,0,,4313280.591,468132.68,2418.169,POINT Z (468132.68 4313280.591 2418.169)
214,214,64,,468130.168,4313282.24,2427.636,,-105.3678804,38.96793131,2413.614,Global,0.01,0.011,0.012,0.015,1.934,m,FIX,2025-04-01 10:13:23.6 UTC-06:00,2025-04-01 10:13:26.6 UTC-06:00,16,1.5,1.8,468406.275,4313300.688,2434.672,-105.3646942,38.96810755,2420.645,276.982,,NAD83(2011) / UTM zone 13N + NAVD88(GEOID18) height,8,5,8,4,0,,4313280.832,468132.642,2418.196,POINT Z (468132.642 4313280.832 2418.196)
215,215,65,,468130.163,4313282.515,2427.701,,-105.3678805,38.96793378,2413.679,Global,0.01,0.01,0.011,0.014,1.934,m,FIX,2025-04-01 10:13:35.2 UTC-06:00,2025-04-01 10:13:38.2 UTC-06:00,16,1.5,1.8,468406.275,4313300.688,2434.672,-105.3646942,38.96810755,2420.645,276.963,,NAD83(2011) / UTM zone 13N + NAVD88(GEOID18) height,7,5,8,4,0,,4313281.107,468132.637,2418.261,POINT Z (468132.637 4313281.107 2418.261)
216,216,66,,468130.248,4313282.643,2427.742,,-105.3678795,38.96793495,2413.721,Global,0.01,0.011,0.012,0.015,1.934,m,FIX,2025-04-01 10:13:49.0 UTC-06:00,2025-04-01 10:13:52.0 UTC-06:00,16,1.5,1.8,468406.275,4313300.688,2434.672,-105.3646942,38.96810755,2420.645,276.872,,NAD83(2011) / UTM zone 13N + NAVD88(GEOID18) height,8,5,8,4,0,,4313281.235,468132.722,2418.302,POINT Z (468132.722 4313281.235 2418.302)
217,217,67,,468130.273,4313282.842,2427.793,,-105.3678792,38.96793674,2413.771,Global,0.01,0.01,0.011,0.015,1.934,m,FIX,2025-04-01 10:14:07.0 UTC-06:00,2025-04-01 10:14:10.0 UTC-06:00,16,1.5,1.8,468406.275,4313300.688,2434.672,-105.3646942,38.96810755,2420.645,276.835,,NAD83(2011) / UTM zone 13N + NAVD88(GEOID18) height,8,5,8,4,0,,4313281.434,468132.747,2418.353,POINT Z (468132.747 4313281.434 2418.353)
218,218,68,,468130.363,4313283.009,2427.764,,-105.3678782,38.96793825,2413.742,Global,0.011,0.01,0.01,0.015,1.934,m,FIX,2025-04-01 10:14:21.0 UTC-06:00,2025-04-01 10:14:24.0 UTC-06:00,16,1.5,1.8,468406.275,4313300.688,2434.672,-105.3646942,38.96810755,2420.645,276.727,,NAD83(2011) / UTM zone 13N + NAVD88(GEOID18) height,8,6,8,4,0,,4313281.601,468132.837,2418.324,POINT Z (468132.837 4313281.601 2418.324)
219,219,69,,468130.397,4313283.227,2427.78,,-105.3678778,38.96794022,2413.758,Global,0.011,0.01,0.01,0.015,1.934,m,FIX,2025-04-01 10:14:34.4 UTC-06:00,2025-04-01 10:14:37.4 UTC-06:00,16,1.5,1.8,468406.275,4313300.688,2434.672,-105.3646942,38.96810755,2420.645,276.687,,NAD83(2011) / UTM zone 13N + NAVD88(GEOID18) height,8,6,8,3,0,,4313281.819,468132.871,2418.34,POINT Z (468132.871 4313281.819 2418.34)
220,220,70,,468130.453,4313283.442,2427.807,,-105.3678772,38.96794215,2413.785,Global,0.01,0.01,0.011,0.015,1.934,m,FIX,2025-04-01 10:14:52.4 UTC-06:00,2025-04-01 10:14:55.4 UTC-06:00,16,1.5,1.8,468406.275,4313300.688,2434.672,-105.3646942,38.96810755,2420.645,276.619,,NAD83(2011) / UTM zone 13N + NAVD88(GEOID18) height,8,5,8,3,0,,4313282.034,468132.92699999997,2418.3669999999997,POINT Z (468132.92699999997 4313282.034 2418.3669999999997)
221,221,71,,468130.453,4313283.624,2427.828,,-105.3678772,38.96794379,2413.806,Global,0.01,0.011,0.01,0.015,1.934,m,FIX,2025-04-01 10:15:07.8 UTC-06:00,2025-04-01 10:15:10.8 UTC-06:00,16,1.5,1.8,468406.275,4313300.688,2434.672,-105.3646942,38.96810755,2420.645,276.605,,NAD83(2011) / UTM zone 13N + NAVD88(GEOID18) height,8,5,8,3,0,,4313282.216,468132.92699999997,2418.388,POINT Z (468132.92699999997 4313282.216 2418.388)
222,222,72,,468130.499,4313283.811,2427.818,,-105.3678767,38.96794548,2413.796,Global,0.011,0.011,0.01,0.015,1.934,m,FIX,2025-04-01 10:15:30.8 UTC-06:00,2025-04-01 10:15:33.8 UTC-06:00,16,1.5,1.8,468406.275,4313300.688,2434.672,-105.3646942,38.96810755,2420.645,276.542,,NAD83(2011) / UTM zone 13N + NAVD88(GEOID18) height,9,5,8,3,0,,4313282.403,468132.973,2418.378,POINT Z (468132.973 4313282.403 2418.378)
223,223,73,,468130.472,4313284.046,2427.843,,-105.367877,38.96794759,2413.821,Global,0.01,0.01,0.01,0.014,1.934,m,FIX,2025-04-01 10:15:41.0 UTC-06:00,2025-04-01 10:15:44.0 UTC-06:00,16,1.5,1.8,468406.275,4313300.688,2434.672,-105.3646942,38.96810755,2420.645,276.562,,NAD83(2011) / UTM zone 13N + NAVD88(GEOID18) height,9,5,8,3,0,,4313282.638,468132.946,2418.403,POINT Z (468132.946 4313282.638 2418.403)
224,224,74,,468130.511,4313284.231,2427.852,,-105.3678766,38.96794926,2413.831,Global,0.01,0.011,0.011,0.015,1.934,m,FIX,2025-04-01 10:15:55.0 UTC-06:00,2025-04-01 10:15:58.0 UTC-06:00,16,1.5,1.7,468406.275,4313300.688,2434.672,-105.3646942,38.96810755,2420.645,276.508,,NAD83(2011) / UTM zone 13N + NAVD88(GEOID18) height,8,5,8,3,0,,4313282.823,468132.985,2418.412,POINT Z (468132.985 4313282.823 2418.412)
225,225,75,,468130.533,4313284.401,2427.893,,-105.3678763,38.9679508,2413.871,Global,0.01,0.011,0.01,0.015,1.934,m,FIX,2025-04-01 10:16:08.8 UTC-06:00,2025-04-01 10:16:11.8 UTC-06:00,16,1.5,1.7,468406.275,4313300.688,2434.672,-105.3646942,38.96810755,2420.645,276.473,,NAD83(2011) / UTM zone 13N + NAVD88(GEOID18) height,8,6,8,3,0,,4313282.993,468133.007,2418.453,POINT Z (468133.007 4313282.993 2418.453)
226,226,76,,468130.559,4313284.617,2427.925,,-105.367876,38.96795274,2413.904,Global,0.011,0.011,0.012,0.015,1.934,m,FIX,2025-04-01 10:16:22.8 UTC-06:00,2025-04-01 10:16:25.8 UTC-06:00,16,1.4,1.7,468406.275,4313300.688,2434.672,-105.3646942,38.96810755,2420.645,276.438,,NAD83(2011) / UTM zone 13N + NAVD88(GEOID18) height,8,5,8,3,0,,4313283.209,468133.033,2418.485,POINT Z (468133.033 4313283.209 2418.485)
227,227,77,,468130.593,4313284.867,2427.989,,-105.3678757,38.967955,2413.967,Global,0.01,0.011,0.011,0.015,1.934,m,FIX,2025-04-01 10:16:51.4 UTC-06:00,2025-04-01 10:16:54.4 UTC-06:00,16,1.4,1.7,468406.275,4313300.688,2434.672,-105.3646942,38.96810755,2420.645,276.389,,NAD83(2011) / UTM zone 13N + NAVD88(GEOID18) height,8,5,8,3,0,,4313283.459,468133.067,2418.549,POINT Z (468133.067 4313283.459 2418.549)
228,228,78,,468130.635,4313285.068,2427.996,,-105.3678752,38.96795681,2413.974,Global,0.01,0.011,0.01,0.015,1.934,m,FIX,2025-04-01 10:17:09.6 UTC-06:00,2025-04-01 10:17:12.6 UTC-06:00,16,1.4,1.7,468406.275,4313300.688,2434.672,-105.3646942,38.96810755,2420.645,276.329,,NAD83(2011) / UTM zone 13N + NAVD88(GEOID18) height,8,5,8,3,0,,4313283.66,468133.109,2418.556,POINT Z (468133.109 4313283.66 2418.556)
229,229,79,,468130.654,4313285.219,2428.076,,-105.367875,38.96795817,2414.054,Global,0.01,0.01,0.01,0.015,1.934,m,FIX,2025-04-01 10:17:26.6 UTC-06:00,2025-04-01 10:17:29.6 UTC-06:00,16,1.4,1.7,468406.275,4313300.688,2434.672,-105.3646942,38.96810755,2420.645,276.299,,NAD83(2011) / UTM zone 13N + NAVD88(GEOID18) height,7,5,8,3,0,,4313283.811,468133.12799999997,2418.636,POINT Z (468133.12799999997 4313283.811 2418.636)
230,230,80,,468130.636,4313285.455,2428.12,,-105.3678752,38.96796029,2414.098,Global,0.01,0.011,0.011,0.015,1.934,m,FIX,2025-04-01 10:17:38.0 UTC-06:00,2025-04-01 10:17:41.0 UTC-06:00,16,1.4,1.7,468406.275,4313300.688,2434.672,-105.3646942,38.96810755,2420.645,276.306,,NAD83(2011) / UTM zone 13N + NAVD88(GEOID18) height,7,5,8,3,0,,4313284.047,468133.11,2418.68,POINT Z (468133.11 4313284.047 2418.68)
231,231,81,,468130.679,4313285.65,2428.186,,-105.3678747,38.96796206,2414.165,Global,0.01,0.011,0.01,0.015,1.934,m,FIX,2025-04-01 10:17:56.6 UTC-06:00,2025-04-01 10:17:59.6 UTC-06:00,16,1.4,1.7,468406.275,4313300.688,2434.672,-105.3646942,38.96810755,2420.645,276.258,,NAD83(2011) / UTM zone 13N + NAVD88(GEOID18) height,7,5,8,3,0,,4313284.242000001,468133.153,2418.746,POINT Z (468133.153 4313284.242000001 2418.746)
232,232,82,,468130.681,4313285.821,2428.211,,-105.3678747,38.96796359,2414.189,Global,0.011,0.01,0.011,0.015,1.934,m,FIX,2025-04-01 10:18:07.0 UTC-06:00,2025-04-01 10:18:10.0 UTC-06:00,16,1.4,1.7,468406.275,4313300.688,2434.672,-105.3646942,38.96810755,2420.645,276.238,,NAD83(2011) / UTM zone 13N + NAVD88(GEOID18) height,8,5,8,3,0,,4313284.413000001,468133.15499999997,2418.7709999999997,POINT Z (468133.15499999997 4313284.413000001 2418.7709999999997)
233,233,83,,468130.683,4313286.003,2428.21,,-105.3678747,38.96796524,2414.188,Global,0.01,0.01,0.01,0.014,1.934,m,FIX,2025-04-01 10:18:21.0 UTC-06:00,2025-04-01 10:18:24.0 UTC-06:00,16,1.4,1.7,468406.275,4313300.688,2434.672,-105.3646942,38.96810755,2420.645,276.234,,NAD83(2011) / UTM zone 13N + NAVD88(GEOID18) height,8,5,8,3,0,,4313284.595,468133.157,2418.77,POINT Z (468133.157 4313284.595 2418.77)
234,234,84,,468130.718,4313286.219,2428.211,,-105.3678743,38.96796718,2414.189,Global,0.01,0.01,0.011,0.015,1.934,m,FIX,2025-04-01 10:18:30.0 UTC-06:00,2025-04-01 10:18:33.0 UTC-06:00,16,1.4,1.7,468406.275,4313300.688,2434.672,-105.3646942,38.96810755,2420.645,276.182,,NAD83(2011) / UTM zone 13N + NAVD88(GEOID18) height,8,6,8,3,0,,4313284.811,468133.192,2418.7709999999997,POINT Z (468133.192 4313284.811 2418.7709999999997)
235,235,85,,468130.758,4313286.441,2428.216,,-105.3678738,38.96796919,2414.194,Global,0.01,0.01,0.01,0.015,1.934,m,FIX,2025-04-01 10:18:41.6 UTC-06:00,2025-04-01 10:18:44.6 UTC-06:00,16,1.4,1.7,468406.275,4313300.688,2434.672,-105.3646942,38.96810755,2420.645,276.13,,NAD83(2011) / UTM zone 13N + NAVD88(GEOID18) height,8,6,8,3,0,,4313285.033,468133.23199999996,2418.776,POINT Z (468133.23199999996 4313285.033 2418.776)
236,236,86,,468130.792,4313286.592,2428.199,,-105.3678734,38.96797055,2414.177,Global,0.01,0.01,0.01,0.015,1.934,m,FIX,2025-04-01 10:18:56.4 UTC-06:00,2025-04-01 10:18:59.4 UTC-06:00,16,1.4,1.7,468406.275,4313300.688,2434.672,-105.3646942,38.96810755,2420.645,276.093,,NAD83(2011) / UTM zone 13N + NAVD88(GEOID18) height,9,5,8,3,0,,4313285.184,468133.266,2418.759,POINT Z (468133.266 4313285.184 2418.759)
237,237,87,,468130.827,4313286.913,2427.395,,-105.367873,38.96797345,2413.373,Global,0.011,0.011,0.011,0.015,1.934,m,FIX,2025-04-01 10:20:10.6 UTC-06:00,2025-04-01 10:20:13.6 UTC-06:00,16,1.5,1.7,468406.275,4313300.688,2434.672,-105.3646942,38.96810755,2420.645,276.052,,NAD83(2011) / UTM zone 13N + NAVD88(GEOID18) height,8,5,8,3,0,,4313285.505,468133.301,2417.955,POINT Z (468133.301 4313285.505 2417.955)
238,238,88,,468130.824,4313287.055,2427.417,,-105.3678731,38.96797472,2413.395,Global,0.01,0.01,0.012,0.015,1.934,m,FIX,2025-04-01 10:20:19.8 UTC-06:00,2025-04-01 10:20:22.8 UTC-06:00,16,1.5,1.7,468406.275,4313300.688,2434.672,-105.3646942,38.96810755,2420.645,276.049,,NAD83(2011) / UTM zone 13N + NAVD88(GEOID18) height,8,5,8,3,0,,4313285.647,468133.298,2417.977,POINT Z (468133.298 4313285.647 2417.977)
239,239,89,,468130.856,4313287.24,2427.454,,-105.3678727,38.96797639,2413.432,Global,0.011,0.011,0.01,0.016,1.934,m,FIX,2025-04-01 10:20:33.8 UTC-06:00,2025-04-01 10:20:36.8 UTC-06:00,16,1.5,1.7,468406.275,4313300.688,2434.672,-105.3646942,38.96810755,2420.645,276.013,,NAD83(2011) / UTM zone 13N + NAVD88(GEOID18) height,8,7,8,3,0,,4313285.832,468133.33,2418.014,POINT Z (468133.33 4313285.832 2418.014)
240,240,90,,468130.928,4313287.411,2427.539,,-105.3678719,38.96797794,2413.517,Global,0.011,0.012,0.01,0.016,1.934,m,FIX,2025-04-01 10:20:48.8 UTC-06:00,2025-04-01 10:20:51.8 UTC-06:00,16,1.4,1.7,468406.275,4313300.688,2434.672,-105.3646942,38.96810755,2420.645,275.929,,NAD83(2011) / UTM zone 13N + NAVD88(GEOID18) height,8,7,8,3,0,,4313286.0030000005,468133.402,2418.099,POINT Z (468133.402 4313286.0030000005 2418.099)
241,241,91,,468130.923,4313287.647,2427.5,,-105.367872,38.96798006,2413.478,Global,0.012,0.011,0.01,0.016,1.934,m,FIX,2025-04-01 10:21:09.8 UTC-06:00,2025-04-01 10:21:12.8 UTC-06:00,16,1.4,1.7,468406.275,4313300.688,2434.672,-105.3646942,38.96810755,2420.645,275.918,,NAD83(2011) / UTM zone 13N + NAVD88(GEOID18) height,10,5,8,3,0,,4313286.239,468133.397,2418.06,POINT Z (468133.397 4313286.239 2418.06)
242,242,92,,468130.938,4313287.806,2427.521,,-105.3678718,38.96798149,2413.5,Global,0.01,0.011,0.011,0.015,1.934,m,FIX,2025-04-01 10:21:23.8 UTC-06:00,2025-04-01 10:21:26.8 UTC-06:00,16,1.4,1.7,468406.275,4313300.688,2434.672,-105.3646942,38.96810755,2420.645,275.896,,NAD83(2011) / UTM zone 13N + NAVD88(GEOID18) height,10,5,8,3,0,,4313286.398,468133.412,2418.081,POINT Z (468133.412 4313286.398 2418.081)
243,243,93,,468131.016,4313288.004,2427.514,,-105.3678709,38.96798328,2413.492,Global,0.011,0.011,0.011,0.015,1.934,m,FIX,2025-04-01 10:21:48.4 UTC-06:00,2025-04-01 10:21:51.4 UTC-06:00,16,1.4,1.7,468406.275,4313300.688,2434.672,-105.3646942,38.96810755,2420.645,275.811,,NAD83(2011) / UTM zone 13N + NAVD88(GEOID18) height,9,6,8,3,0,,4313286.596,468133.49,2418.074,POINT Z (468133.49 4313286.596 2418.074)
244,244,94,,468131.073,4313288.176,2427.553,,-105.3678703,38.96798483,2413.532,Global,0.011,0.01,0.011,0.015,1.934,m,FIX,2025-04-01 10:21:59.6 UTC-06:00,2025-04-01 10:22:02.6 UTC-06:00,16,1.4,1.7,468406.275,4313300.688,2434.672,-105.3646942,38.96810755,2420.645,275.741,,NAD83(2011) / UTM zone 13N + NAVD88(GEOID18) height,9,7,8,3,0,,4313286.768,468133.54699999996,2418.113,POINT Z (468133.54699999996 4313286.768 2418.113)
245,245,95,,468131.054,4313288.416,2427.676,,-105.3678705,38.967987,2413.654,Global,0.011,0.011,0.011,0.015,1.934,m,FIX,2025-04-01 10:22:23.2 UTC-06:00,2025-04-01 10:22:26.2 UTC-06:00,16,1.4,1.7,468406.275,4313300.688,2434.672,-105.3646942,38.96810755,2420.645,275.75,,NAD83(2011) / UTM zone 13N + NAVD88(GEOID18) height,8,4,8,3,0,,4313287.008,468133.528,2418.236,POINT Z (468133.528 4313287.008 2418.236)
246,246,96,,468130.957,4313288.607,2428.203,,-105.3678716,38.96798871,2414.181,Global,0.011,0.01,0.011,0.015,1.934,m,FIX,2025-04-01 10:23:52.6 UTC-06:00,2025-04-01 10:23:55.6 UTC-06:00,16,1.4,1.7,468406.275,4313300.688,2434.672,-105.3646942,38.96810755,2420.645,275.842,,NAD83(2011) / UTM zone 13N + NAVD88(GEOID18) height,9,5,9,3,0,,4313287.199,468133.431,2418.763,POINT Z (468133.431 4313287.199 2418.763)
247,247,97,,468131.039,4313288.881,2428.311,,-105.3678707,38.96799119,2414.289,Global,0.01,0.011,0.01,0.015,1.934,m,FIX,2025-04-01 10:24:07.6 UTC-06:00,2025-04-01 10:24:10.6 UTC-06:00,16,1.4,1.7,468406.275,4313300.688,2434.672,-105.3646942,38.96810755,2420.645,275.733,,NAD83(2011) / UTM zone 13N + NAVD88(GEOID18) height,8,5,9,3,0,,4313287.473,468133.513,2418.871,POINT Z (468133.513 4313287.473 2418.871)
248,248,98,,468131.075,4313289.021,2428.322,,-105.3678703,38.96799245,2414.3,Global,0.011,0.01,0.01,0.015,1.934,m,FIX,2025-04-01 10:24:55.8 UTC-06:00,2025-04-01 10:24:58.8 UTC-06:00,16,1.4,1.7,468406.275,4313300.688,2434.672,-105.3646942,38.96810755,2420.645,275.688,,NAD83(2011) / UTM zone 13N + NAVD88(GEOID18) height,8,4,9,3,0,,4313287.613,468133.549,2418.882,POINT Z (468133.549 4313287.613 2418.882)
249,249,99,,468131.081,4313289.239,2428.281,,-105.3678702,38.96799441,2414.259,Global,0.01,0.01,0.011,0.015,1.934,m,FIX,2025-04-01 10:25:10.0 UTC-06:00,2025-04-01 10:25:13.0 UTC-06:00,16,1.4,1.7,468406.275,4313300.688,2434.672,-105.3646942,38.96810755,2420.645,275.681,,NAD83(2011) / UTM zone 13N + NAVD88(GEOID18) height,9,5,9,3,0,,4313287.831,468133.555,2418.841,POINT Z (468133.555 4313287.831 2418.841)
250,250,100,,468131.07,4313289.414,2428.238,,-105.3678704,38.96799599,2414.216,Global,0.01,0.011,0.011,0.015,1.934,m,FIX,2025-04-01 10:25:28.8 UTC-06:00,2025-04-01 10:25:31.8 UTC-06:00,16,1.4,1.7,468406.275,4313300.688,2434.672,-105.3646942,38.96810755,2420.645,275.684,,NAD83(2011) / UTM zone 13N + NAVD88(GEOID18) height,9,6,9,3,0,,4313288.006,468133.544,2418.798,POINT Z (468133.544 4313288.006 2418.798)
251,251,101,,468131.106,4313289.633,2428.21,,-105.3678699,38.96799797,2414.189,Global,0.01,0.011,0.012,0.015,1.934,m,FIX,2025-04-01 10:25:49.0 UTC-06:00,2025-04-01 10:25:52.0 UTC-06:00,16,1.4,1.7,468406.275,4313300.688,2434.672,-105.3646942,38.96810755,2420.645,275.636,,NAD83(2011) / UTM zone 13N + NAVD88(GEOID18) height,9,5,9,3,0,,4313288.225000001,468133.58,2418.77,POINT Z (468133.58 4313288.225000001 2418.77)
252,252,102,,468131.215,4313289.819,2428.262,,-105.3678687,38.96799965,2414.241,Global,0.012,0.014,0.011,0.018,1.934,m,FIX,2025-04-01 10:26:12.6 UTC-06:00,2025-04-01 10:26:15.6 UTC-06:00,16,1.4,1.7,468406.275,4313300.688,2434.672,-105.3646942,38.96810755,2420.645,275.516,,NAD83(2011) / UTM zone 13N + NAVD88(GEOID18) height,8,5,9,3,0,,4313288.411,468133.689,2418.822,POINT Z (468133.689 4313288.411 2418.822)
253,253,103,,468131.261,4313290.019,2428.217,,-105.3678682,38.96800145,2414.195,Global,0.012,0.011,0.011,0.016,1.934,m,FIX,2025-04-01 10:26:44.8 UTC-06:00,2025-04-01 10:26:47.8 UTC-06:00,16,1.4,1.7,468406.275,4313300.688,2434.672,-105.3646942,38.96810755,2420.645,275.466,,NAD83(2011) / UTM zone 13N + NAVD88(GEOID18) height,8,5,9,3,0,,4313288.6110000005,468133.735,2418.777,POINT Z (468133.735 4313288.6110000005 2418.777)
254,254,104,,468131.314,4313290.214,2427.56,,-105.3678676,38.96800321,2413.538,Global,0.011,0.01,0.011,0.015,1.934,m,FIX,2025-04-01 10:27:19.6 UTC-06:00,2025-04-01 10:27:22.6 UTC-06:00,16,1.4,1.7,468406.275,4313300.688,2434.672,-105.3646942,38.96810755,2420.645,275.418,,NAD83(2011) / UTM zone 13N + NAVD88(GEOID18) height,8,6,9,3,0,,4313288.806,468133.788,2418.12,POINT Z (468133.788 4313288.806 2418.12)
255,255,105,,468131.293,4313290.381,2427.604,,-105.3678678,38.96800471,2413.582,Global,0.011,0.012,0.011,0.016,1.934,m,FIX,2025-04-01 10:27:30.8 UTC-06:00,2025-04-01 10:27:33.8 UTC-06:00,16,1.4,1.7,468406.275,4313300.688,2434.672,-105.3646942,38.96810755,2420.645,275.429,,NAD83(2011) / UTM zone 13N + NAVD88(GEOID18) height,9,6,9,3,0,,4313288.973,468133.767,2418.1639999999998,POINT Z (468133.767 4313288.973 2418.1639999999998)
256,256,106,,468131.284,4313290.626,2427.503,,-105.3678679,38.96800692,2413.481,Global,0.011,0.012,0.011,0.017,1.934,m,FIX,2025-04-01 10:27:41.8 UTC-06:00,2025-04-01 10:27:44.8 UTC-06:00,16,1.4,1.7,468406.275,4313300.688,2434.672,-105.3646942,38.96810755,2420.645,275.426,,NAD83(2011) / UTM zone 13N + NAVD88(GEOID18) height,9,6,9,3,0,,4313289.218,468133.758,2418.063,POINT Z (468133.758 4313289.218 2418.063)
257,257,107,,468131.308,4313290.814,2427.511,,-105.3678677,38.96800861,2413.489,Global,0.012,0.011,0.01,0.016,1.934,m,FIX,2025-04-01 10:27:55.0 UTC-06:00,2025-04-01 10:27:58.0 UTC-06:00,16,1.4,1.7,468406.275,4313300.688,2434.672,-105.3646942,38.96810755,2420.645,275.393,,NAD83(2011) / UTM zone 13N + NAVD88(GEOID18) height,9,6,9,3,0,,4313289.406,468133.782,2418.071,POINT Z (468133.782 4313289.406 2418.071)
258,258,108,,468131.294,4313290.973,2427.554,,-105.3678678,38.96801005,2413.532,Global,0.011,0.01,0.011,0.015,1.934,m,FIX,2025-04-01 10:28:07.0 UTC-06:00,2025-04-01 10:28:10.0 UTC-06:00,16,1.4,1.7,468406.275,4313300.688,2434.672,-105.3646942,38.96810755,2420.645,275.41,,NAD83(2011) / UTM zone 13N + NAVD88(GEOID18) height,8,5,8,3,0,,4313289.565,468133.768,2418.114,POINT Z (468133.768 4313289.565 2418.114)
259,259,109,,468131.337,4313291.194,2427.56,,-105.3678674,38.96801204,2413.539,Global,0.011,0.011,0.012,0.015,1.934,m,FIX,2025-04-01 10:28:17.8 UTC-06:00,2025-04-01 10:28:20.8 UTC-06:00,16,1.4,1.7,468406.275,4313300.688,2434.672,-105.3646942,38.96810755,2420.645,275.357,,NAD83(2011) / UTM zone 13N + NAVD88(GEOID18) height,9,5,8,3,0,,4313289.786,468133.811,2418.12,POINT Z (468133.811 4313289.786 2418.12)
260,260,110,,468131.385,4313291.368,2427.513,,-105.3678668,38.96801361,2413.491,Global,0.01,0.01,0.01,0.015,1.934,m,FIX,2025-04-01 10:28:40.2 UTC-06:00,2025-04-01 10:28:43.2 UTC-06:00,16,1.4,1.6,468406.275,4313300.688,2434.672,-105.3646942,38.96810755,2420.645,275.306,,NAD83(2011) / UTM zone 13N + NAVD88(GEOID18) height,8,6,9,3,0,,4313289.96,468133.859,2418.073,POINT Z (468133.859 4313289.96 2418.073)
261,261,111,,468131.42,4313291.551,2427.536,,-105.3678664,38.96801526,2413.514,Global,0.011,0.011,0.011,0.016,1.934,m,FIX,2025-04-01 10:28:49.6 UTC-06:00,2025-04-01 10:28:52.6 UTC-06:00,16,1.4,1.7,468406.275,4313300.688,2434.672,-105.3646942,38.96810755,2420.645,275.259,,NAD83(2011) / UTM zone 13N + NAVD88(GEOID18) height,8,5,9,3,0,,4313290.143,468133.894,2418.096,POINT Z (468133.894 4313290.143 2418.096)
262,262,112,,468131.467,4313291.797,2427.551,,-105.3678659,38.96801748,2413.529,Global,0.01,0.011,0.01,0.015,1.934,m,FIX,2025-04-01 10:29:08.4 UTC-06:00,2025-04-01 10:29:11.4 UTC-06:00,16,1.4,1.7,468406.275,4313300.688,2434.672,-105.3646942,38.96810755,2420.645,275.205,,NAD83(2011) / UTM zone 13N + NAVD88(GEOID18) height,8,5,9,3,0,,4313290.389,468133.941,2418.111,POINT Z (468133.941 4313290.389 2418.111)
263,263,113,,468131.538,4313291.982,2427.575,,-105.3678651,38.96801915,2413.553,Global,0.011,0.011,0.012,0.015,1.934,m,FIX,2025-04-01 10:29:20.0 UTC-06:00,2025-04-01 10:29:23.0 UTC-06:00,16,1.4,1.7,468406.275,4313300.688,2434.672,-105.3646942,38.96810755,2420.645,275.133,,NAD83(2011) / UTM zone 13N + NAVD88(GEOID18) height,8,5,9,3,0,,4313290.574,468134.012,2418.1349999999998,POINT Z (468134.012 4313290.574 2418.1349999999998)
264,264,114,,468131.514,4313292.184,2427.669,,-105.3678654,38.96802096,2413.647,Global,0.011,0.011,0.011,0.015,1.934,m,FIX,2025-04-01 10:29:31.0 UTC-06:00,2025-04-01 10:29:34.0 UTC-06:00,16,1.4,1.7,468406.275,4313300.688,2434.672,-105.3646942,38.96810755,2420.645,275.15,,NAD83(2011) / UTM zone 13N + NAVD88(GEOID18) height,7,6,8,3,0,,4313290.776000001,468133.988,2418.229,POINT Z (468133.988 4313290.776000001 2418.229)
265,265,115,,468131.513,4313292.37,2427.764,,-105.3678654,38.96802264,2413.742,Global,0.01,0.011,0.011,0.015,1.934,m,FIX,2025-04-01 10:29:49.0 UTC-06:00,2025-04-01 10:29:52.0 UTC-06:00,16,1.4,1.7,468406.275,4313300.688,2434.672,-105.3646942,38.96810755,2420.645,275.144,,NAD83(2011) / UTM zone 13N + NAVD88(GEOID18) height,7,6,8,3,0,,4313290.962,468133.98699999996,2418.324,POINT Z (468133.98699999996 4313290.962 2418.324)
266,266,116,,468131.486,4313292.604,2427.699,,-105.3678657,38.96802475,2413.678,Global,0.011,0.011,0.011,0.015,1.934,m,FIX,2025-04-01 10:30:02.2 UTC-06:00,2025-04-01 10:30:05.2 UTC-06:00,16,1.4,1.7,468406.275,4313300.688,2434.672,-105.3646942,38.96810755,2420.645,275.162,,NAD83(2011) / UTM zone 13N + NAVD88(GEOID18) height,7,5,8,3,0,,4313291.196,468133.95999999996,2418.259,POINT Z (468133.95999999996 4313291.196 2418.259)
267,267,117,,468131.633,4313292.76,2427.66,,-105.367864,38.96802616,2413.638,Global,0.011,0.01,0.01,0.015,1.934,m,FIX,2025-04-01 10:30:21.0 UTC-06:00,2025-04-01 10:30:24.0 UTC-06:00,16,1.4,1.7,468406.275,4313300.688,2434.672,-105.3646942,38.96810755,2420.645,275.015,,NAD83(2011) / UTM zone 13N + NAVD88(GEOID18) height,7,6,8,3,0,,4313291.352,468134.10699999996,2418.22,POINT Z (468134.10699999996 4313291.352 2418.22)
268,268,118,,468131.601,4313292.97,2427.629,,-105.3678644,38.96802805,2413.607,Global,0.011,0.01,0.01,0.015,1.934,m,FIX,2025-04-01 10:30:33.4 UTC-06:00,2025-04-01 10:30:36.4 UTC-06:00,16,1.4,1.7,468406.275,4313300.688,2434.672,-105.3646942,38.96810755,2420.645,275.047,,NAD83(2011) / UTM zone 13N + NAVD88(GEOID18) height,7,6,9,3,0,,4313291.562,468134.075,2418.189,POINT Z (468134.075 4313291.562 2418.189)
269,269,119,,468131.608,4313293.167,2427.666,,-105.3678643,38.96802983,2413.644,Global,0.01,0.011,0.01,0.015,1.934,m,FIX,2025-04-01 10:30:55.6 UTC-06:00,2025-04-01 10:30:58.6 UTC-06:00,16,1.4,1.7,468406.275,4313300.688,2434.672,-105.3646942,38.96810755,2420.645,275.024,,NAD83(2011) / UTM zone 13N + NAVD88(GEOID18) height,7,5,9,3,0,,4313291.759000001,468134.082,2418.226,POINT Z (468134.082 4313291.759000001 2418.226)
270,270,120,,468131.571,4313293.406,2427.6,,-105.3678648,38.96803198,2413.578,Global,0.013,0.01,0.011,0.016,1.934,m,FIX,2025-04-01 10:31:07.4 UTC-06:00,2025-04-01 10:31:10.4 UTC-06:00,16,1.4,1.7,468406.275,4313300.688,2434.672,-105.3646942,38.96810755,2420.645,275.064,,NAD83(2011) / UTM zone 13N + NAVD88(GEOID18) height,8,6,9,3,0,,4313291.998000001,468134.045,2418.16,POINT Z (468134.045 4313291.998000001 2418.16)
271,271,121,,468131.553,4313293.584,2427.614,,-105.367865,38.96803359,2413.592,Global,0.01,0.011,0.011,0.015,1.934,m,FIX,2025-04-01 10:31:19.0 UTC-06:00,2025-04-01 10:31:22.0 UTC-06:00,16,1.4,1.7,468406.275,4313300.688,2434.672,-105.3646942,38.96810755,2420.645,275.071,,NAD83(2011) / UTM zone 13N + NAVD88(GEOID18) height,9,6,9,3,0,,4313292.176,468134.027,2418.174,POINT Z (468134.027 4313292.176 2418.174)
272,272,122,,468131.576,4313293.793,2427.617,,-105.3678647,38.96803547,2413.595,Global,0.01,0.01,0.011,0.014,1.934,m,FIX,2025-04-01 10:31:32.6 UTC-06:00,2025-04-01 10:31:35.6 UTC-06:00,16,1.4,1.7,468406.275,4313300.688,2434.672,-105.3646942,38.96810755,2420.645,275.047,,NAD83(2011) / UTM zone 13N + NAVD88(GEOID18) height,7,6,9,3,0,,4313292.385,468134.05,2418.177,POINT Z (468134.05 4313292.385 2418.177)
273,273,123,,468131.557,4313293.955,2427.65,,-105.3678649,38.96803693,2413.628,Global,0.011,0.01,0.011,0.015,1.934,m,FIX,2025-04-01 10:31:43.8 UTC-06:00,2025-04-01 10:31:46.8 UTC-06:00,16,1.4,1.7,468406.275,4313300.688,2434.672,-105.3646942,38.96810755,2420.645,275.063,,NAD83(2011) / UTM zone 13N + NAVD88(GEOID18) height,8,5,9,3,0,,4313292.547,468134.03099999996,2418.21,POINT Z (468134.03099999996 4313292.547 2418.21)
274,274,124,,468131.624,4313294.223,2427.72,,-105.3678642,38.96803934,2413.698,Global,0.01,0.01,0.01,0.015,1.934,m,FIX,2025-04-01 10:31:53.8 UTC-06:00,2025-04-01 10:31:56.8 UTC-06:00,16,1.4,1.7,468406.275,4313300.688,2434.672,-105.3646942,38.96810755,2420.645,274.981,,NAD83(2011) / UTM zone 13N + NAVD88(GEOID18) height,8,6,9,3,0,,4313292.815,468134.098,2418.2799999999997,POINT Z (468134.098 4313292.815 2418.2799999999997)
275,275,125,,468131.63,4313294.389,2427.759,,-105.3678641,38.96804084,2413.737,Global,0.011,0.01,0.01,0.015,1.934,m,FIX,2025-04-01 10:32:05.2 UTC-06:00,2025-04-01 10:32:08.2 UTC-06:00,16,1.4,1.7,468406.275,4313300.688,2434.672,-105.3646942,38.96810755,2420.645,274.976,,NAD83(2011) / UTM zone 13N + NAVD88(GEOID18) height,8,5,8,3,0,,4313292.981000001,468134.104,2418.319,POINT Z (468134.104 4313292.981000001 2418.319)
276,276,126,,468131.816,4313294.578,2428.589,,-105.367862,38.96804255,2414.567,Global,0.012,0.011,0.01,0.017,1.934,m,FIX,2025-04-01 10:33:02.6 UTC-06:00,2025-04-01 10:33:05.6 UTC-06:00,16,1.4,1.6,468406.275,4313300.688,2434.672,-105.3646942,38.96810755,2420.645,274.764,,NAD83(2011) / UTM zone 13N + NAVD88(GEOID18) height,8,5,8,3,0,,4313293.17,468134.29,2419.149,POINT Z (468134.29 4313293.17 2419.149)
277,277,127,,468131.854,4313294.74,2428.711,,-105.3678615,38.96804402,2414.689,Global,0.011,0.01,0.011,0.015,1.934,m,FIX,2025-04-01 10:33:22.4 UTC-06:00,2025-04-01 10:33:25.4 UTC-06:00,16,1.4,1.6,468406.275,4313300.688,2434.672,-105.3646942,38.96810755,2420.645,274.726,,NAD83(2011) / UTM zone 13N + NAVD88(GEOID18) height,8,5,8,3,0,,4313293.332,468134.328,2419.2709999999997,POINT Z (468134.328 4313293.332 2419.2709999999997)
278,278,128,,468131.855,4313294.969,2428.455,,-105.3678616,38.96804607,2414.433,Global,0.011,0.016,0.013,0.019,1.934,m,FIX,2025-04-01 10:33:40.8 UTC-06:00,2025-04-01 10:33:43.8 UTC-06:00,16,1.4,1.6,468406.275,4313300.688,2434.672,-105.3646942,38.96810755,2420.645,274.723,,NAD83(2011) / UTM zone 13N + NAVD88(GEOID18) height,7,6,8,3,0,,4313293.561,468134.32899999997,2419.015,POINT Z (468134.32899999997 4313293.561 2419.015)
279,279,129,,468131.83,4313295.158,2428.207,,-105.3678618,38.96804777,2414.185,Global,0.01,0.011,0.011,0.015,1.934,m,FIX,2025-04-01 10:33:58.0 UTC-06:00,2025-04-01 10:34:01.0 UTC-06:00,16,1.4,1.6,468406.275,4313300.688,2434.672,-105.3646942,38.96810755,2420.645,274.75,,NAD83(2011) / UTM zone 13N + NAVD88(GEOID18) height,8,6,8,3,0,,4313293.75,468134.304,2418.767,POINT Z (468134.304 4313293.75 2418.767)
280,280,130,,468131.814,4313295.326,2428.282,,-105.367862,38.96804929,2414.26,Global,0.01,0.011,0.01,0.015,1.934,m,FIX,2025-04-01 10:34:23.6 UTC-06:00,2025-04-01 10:34:26.6 UTC-06:00,16,1.4,1.6,468406.275,4313300.688,2434.672,-105.3646942,38.96810755,2420.645,274.759,,NAD83(2011) / UTM zone 13N + NAVD88(GEOID18) height,7,6,8,3,0,,4313293.9180000005,468134.288,2418.842,POINT Z (468134.288 4313293.9180000005 2418.842)
281,281,131,,468131.848,4313295.515,2428.442,,-105.3678617,38.96805099,2414.42,Global,0.01,0.011,0.011,0.015,1.934,m,FIX,2025-04-01 10:34:36.4 UTC-06:00,2025-04-01 10:34:39.4 UTC-06:00,16,1.4,1.6,468406.275,4313300.688,2434.672,-105.3646942,38.96810755,2420.645,274.721,,NAD83(2011) / UTM zone 13N + NAVD88(GEOID18) height,8,6,8,3,0,,4313294.107,468134.322,2419.002,POINT Z (468134.322 4313294.107 2419.002)
282,282,132,,468131.885,4313295.753,2428.547,,-105.3678612,38.96805314,2414.525,Global,0.011,0.01,0.011,0.015,1.934,m,FIX,2025-04-01 10:34:50.2 UTC-06:00,2025-04-01 10:34:53.2 UTC-06:00,16,1.4,1.6,468406.275,4313300.688,2434.672,-105.3646942,38.96810755,2420.645,274.672,,NAD83(2011) / UTM zone 13N + NAVD88(GEOID18) height,8,6,8,3,0,,4313294.345,468134.359,2419.107,POINT Z (468134.359 4313294.345 2419.107)
283,283,133,,468131.965,4313295.915,2428.678,,-105.3678603,38.9680546,2414.657,Global,0.01,0.011,0.01,0.015,1.934,m,FIX,2025-04-01 10:35:06.2 UTC-06:00,2025-04-01 10:35:09.2 UTC-06:00,16,1.4,1.6,468406.275,4313300.688,2434.672,-105.3646942,38.96810755,2420.645,274.59,,NAD83(2011) / UTM zone 13N + NAVD88(GEOID18) height,8,6,8,3,0,,4313294.507,468134.439,2419.238,POINT Z (468134.439 4313294.507 2419.238)
284,284,134,,468132.001,4313296.11,2428.941,,-105.3678599,38.96805636,2414.919,Global,0.01,0.011,0.01,0.015,1.934,m,FIX,2025-04-01 10:35:30.0 UTC-06:00,2025-04-01 10:35:33.0 UTC-06:00,16,1.4,1.6,468406.275,4313300.688,2434.672,-105.3646942,38.96810755,2420.645,274.546,,NAD83(2011) / UTM zone 13N + NAVD88(GEOID18) height,7,5,8,3,0,,4313294.7020000005,468134.475,2419.5009999999997,POINT Z (468134.475 4313294.7020000005 2419.5009999999997)
285,285,135,,468131.917,4313296.163,2429.228,,-105.3678609,38.96805683,2415.206,Global,0.011,0.011,0.01,0.016,1.934,m,FIX,2025-04-01 10:35:57.6 UTC-06:00,2025-04-01 10:36:00.6 UTC-06:00,16,1.4,1.6,468406.275,4313300.688,2434.672,-105.3646942,38.96810755,2420.645,274.633,,NAD83(2011) / UTM zone 13N + NAVD88(GEOID18) height,8,6,8,3,0,,4313294.755,468134.391,2419.788,POINT Z (468134.391 4313294.755 2419.788)
286,286,136,,468131.955,4313296.328,2429.248,,-105.3678605,38.96805833,2415.227,Global,0.01,0.011,0.011,0.015,1.934,m,FIX,2025-04-01 10:36:12.4 UTC-06:00,2025-04-01 10:36:15.4 UTC-06:00,16,1.4,1.6,468406.275,4313300.688,2434.672,-105.3646942,38.96810755,2420.645,274.589,,NAD83(2011) / UTM zone 13N + NAVD88(GEOID18) height,9,6,8,3,0,,4313294.92,468134.429,2419.808,POINT Z (468134.429 4313294.92 2419.808)
287,287,137,,468131.963,4313296.513,2429.293,,-105.3678604,38.96805999,2415.271,Global,0.011,0.011,0.011,0.015,1.934,m,FIX,2025-04-01 10:36:25.8 UTC-06:00,2025-04-01 10:36:28.8 UTC-06:00,16,1.4,1.6,468406.275,4313300.688,2434.672,-105.3646942,38.96810755,2420.645,274.575,,NAD83(2011) / UTM zone 13N + NAVD88(GEOID18) height,8,6,8,3,0,,4313295.105,468134.437,2419.853,POINT Z (468134.437 4313295.105 2419.853)
288,288,138,,468131.979,4313296.711,2429.375,,-105.3678602,38.96806177,2415.353,Global,0.011,0.01,0.013,0.015,1.934,m,FIX,2025-04-01 10:37:38.0 UTC-06:00,2025-04-01 10:37:41.0 UTC-06:00,16,1.4,1.7,468406.275,4313300.688,2434.672,-105.3646942,38.96810755,2420.645,274.551,,NAD83(2011) / UTM zone 13N + NAVD88(GEOID18) height,8,6,8,4,0,,4313295.303,468134.453,2419.935,POINT Z (468134.453 4313295.303 2419.935)
289,289,139,,468131.999,4313296.967,2429.435,,-105.36786,38.96806409,2415.413,Global,0.01,0.01,0.01,0.014,1.934,m,FIX,2025-04-01 10:37:56.0 UTC-06:00,2025-04-01 10:37:59.0 UTC-06:00,16,1.4,1.7,468406.275,4313300.688,2434.672,-105.3646942,38.96810755,2420.645,274.529,,NAD83(2011) / UTM zone 13N + NAVD88(GEOID18) height,8,6,8,4,0,,4313295.559,468134.473,2419.995,POINT Z (468134.473 4313295.559 2419.995)
290,290,140,,468132.045,4313297.231,2429.527,,-105.3678595,38.96806647,2415.505,Global,0.011,0.011,0.014,0.016,1.934,m,FIX,2025-04-01 10:38:09.4 UTC-06:00,2025-04-01 10:38:12.4 UTC-06:00,16,1.6,1.9,468406.275,4313300.688,2434.672,-105.3646942,38.96810755,2420.645,274.487,,NAD83(2011) / UTM zone 13N + NAVD88(GEOID18) height,8,6,8,3,0,,4313295.823,468134.519,2420.087,POINT Z (468134.519 4313295.823 2420.087)
291,291,141,,468132.063,4313297.415,2429.57,,-105.3678593,38.96806813,2415.548,Global,0.01,0.01,0.011,0.015,1.934,m,FIX,2025-04-01 10:38:36.0 UTC-06:00,2025-04-01 10:38:39.0 UTC-06:00,16,1.6,1.9,468406.275,4313300.688,2434.672,-105.3646942,38.96810755,2420.645,274.457,,NAD83(2011) / UTM zone 13N + NAVD88(GEOID18) height,8,6,8,4,0,,4313296.007,468134.537,2420.13,POINT Z (468134.537 4313296.007 2420.13)
292,292,142,,468132.087,4313297.588,2429.675,,-105.367859,38.96806969,2415.653,Global,0.011,0.01,0.012,0.015,1.934,m,FIX,2025-04-01 10:38:51.4 UTC-06:00,2025-04-01 10:38:54.4 UTC-06:00,16,1.6,1.9,468406.275,4313300.688,2434.672,-105.3646942,38.96810755,2420.645,274.429,,NAD83(2011) / UTM zone 13N + NAVD88(GEOID18) height,8,6,8,4,0,,4313296.180000001,468134.561,2420.235,POINT Z (468134.561 4313296.180000001 2420.235)
293,293,143,,468132.11,4313297.765,2429.706,,-105.3678587,38.96807128,2415.684,Global,0.011,0.012,0.014,0.016,1.934,m,FIX,2025-04-01 10:39:03.8 UTC-06:00,2025-04-01 10:39:06.8 UTC-06:00,16,1.6,1.9,468406.275,4313300.688,2434.672,-105.3646942,38.96810755,2420.645,274.412,,NAD83(2011) / UTM zone 13N + NAVD88(GEOID18) height,8,6,8,4,0,,4313296.357,468134.584,2420.266,POINT Z (468134.584 4313296.357 2420.266)
294,294,144,,468132.127,4313297.959,2429.762,,-105.3678586,38.96807303,2415.74,Global,0.01,0.01,0.012,0.015,1.934,m,FIX,2025-04-01 10:39:17.2 UTC-06:00,2025-04-01 10:39:20.2 UTC-06:00,16,1.6,1.9,468406.275,4313300.688,2434.672,-105.3646942,38.96810755,2420.645,274.387,,NAD83(2011) / UTM zone 13N + NAVD88(GEOID18) height,8,6,9,4,0,,4313296.551,468134.60099999997,2420.322,POINT Z (468134.60099999997 4313296.551 2420.322)
295,295,145,,468132.152,4313298.154,2429.797,,-105.3678583,38.96807479,2415.775,Global,0.011,0.01,0.012,0.015,1.934,m,FIX,2025-04-01 10:39:35.6 UTC-06:00,2025-04-01 10:39:38.6 UTC-06:00,16,1.6,1.9,468406.275,4313300.688,2434.672,-105.3646942,38.96810755,2420.645,274.362,,NAD83(2011) / UTM zone 13N + NAVD88(GEOID18) height,8,5,8,4,0,,4313296.746,468134.626,2420.357,POINT Z (468134.626 4313296.746 2420.357)
296,296,146,,468132.179,4313298.338,2429.811,,-105.367858,38.96807644,2415.789,Global,0.01,0.01,0.012,0.015,1.934,m,FIX,2025-04-01 10:39:48.0 UTC-06:00,2025-04-01 10:39:51.0 UTC-06:00,16,1.7,2.0,468406.275,4313300.688,2434.672,-105.3646942,38.96810755,2420.645,274.331,,NAD83(2011) / UTM zone 13N + NAVD88(GEOID18) height,8,5,8,4,0,,4313296.930000001,468134.653,2420.371,POINT Z (468134.653 4313296.930000001 2420.371)
297,297,147,,468132.197,4313298.521,2429.891,,-105.3678578,38.9680781,2415.87,Global,0.01,0.01,0.011,0.015,1.934,m,FIX,2025-04-01 10:40:00.0 UTC-06:00,2025-04-01 10:40:03.0 UTC-06:00,16,1.6,1.9,468406.275,4313300.688,2434.672,-105.3646942,38.96810755,2420.645,274.312,,NAD83(2011) / UTM zone 13N + NAVD88(GEOID18) height,8,6,8,4,0,,4313297.113,468134.671,2420.451,POINT Z (468134.671 4313297.113 2420.451)
298,298,148,,468132.237,4313298.715,2429.969,,-105.3678573,38.96807984,2415.947,Global,0.01,0.012,0.015,0.016,1.934,m,FIX,2025-04-01 10:40:17.8 UTC-06:00,2025-04-01 10:40:20.8 UTC-06:00,16,1.7,2.0,468406.275,4313300.688,2434.672,-105.3646942,38.96810755,2420.645,274.266,,NAD83(2011) / UTM zone 13N + NAVD88(GEOID18) height,9,6,9,4,0,,4313297.307,468134.711,2420.529,POINT Z (468134.711 4313297.307 2420.529)
299,299,149,,468132.222,4313298.721,2429.97,,-105.3678575,38.9680799,2415.948,Global,0.01,0.012,0.011,0.016,1.934,m,FIX,2025-04-01 10:40:41.4 UTC-06:00,2025-04-01 10:40:44.4 UTC-06:00,16,1.7,2.0,468406.275,4313300.688,2434.672,-105.3646942,38.96810755,2420.645,274.285,,NAD83(2011) / UTM zone 13N + NAVD88(GEOID18) height,8,6,8,3,0,,4313297.313,468134.696,2420.5299999999997,POINT Z (468134.696 4313297.313 2420.5299999999997)
300,300,150,,468132.23,4313298.909,2429.957,,-105.3678574,38.96808159,2415.935,Global,0.01,0.01,0.011,0.015,1.934,m,FIX,2025-04-01 10:40:53.4 UTC-06:00,2025-04-01 10:40:56.4 UTC-06:00,16,1.7,2.0,468406.275,4313300.688,2434.672,-105.3646942,38.96810755,2420.645,274.277,,NAD83(2011) / UTM zone 13N + NAVD88(GEOID18) height,8,6,8,3,0,,4313297.501,468134.70399999997,2420.517,POINT Z (468134.70399999997 4313297.501 2420.517)
301,301,151,,468132.249,4313299.104,2429.987,,-105.3678572,38.96808336,2415.965,Global,0.01,0.013,0.013,0.016,1.934,m,FIX,2025-04-01 10:41:08.2 UTC-06:00,2025-04-01 10:41:11.2 UTC-06:00,16,1.7,2.0,468406.275,4313300.688,2434.672,-105.3646942,38.96810755,2420.645,274.255,,NAD83(2011) / UTM zone 13N + NAVD88(GEOID18) height,8,6,8,3,0,,4313297.696,468134.723,2420.547,POINT Z (468134.723 4313297.696 2420.547)
302,302,152,,468132.274,4313299.285,2429.981,,-105.3678569,38.96808498,2415.96,Global,0.011,0.01,0.011,0.015,1.934,m,FIX,2025-04-01 10:41:21.6 UTC-06:00,2025-04-01 10:41:24.6 UTC-06:00,16,1.7,2.0,468406.275,4313300.688,2434.672,-105.3646942,38.96810755,2420.645,274.228,,NAD83(2011) / UTM zone 13N + NAVD88(GEOID18) height,8,6,8,4,0,,4313297.877,468134.74799999996,2420.541,POINT Z (468134.74799999996 4313297.877 2420.541)
303,303,153,,468132.295,4313299.471,2429.997,,-105.3678567,38.96808666,2415.976,Global,0.01,0.011,0.012,0.015,1.934,m,FIX,2025-04-01 10:41:35.2 UTC-06:00,2025-04-01 10:41:38.2 UTC-06:00,16,1.7,2.0,468406.275,4313300.688,2434.672,-105.3646942,38.96810755,2420.645,274.207,,NAD83(2011) / UTM zone 13N + NAVD88(GEOID18) height,8,6,8,4,0,,4313298.063,468134.769,2420.557,POINT Z (468134.769 4313298.063 2420.557)
304,304,154,,468132.308,4313299.688,2430.032,,-105.3678565,38.96808862,2416.01,Global,0.01,0.01,0.011,0.014,1.934,m,FIX,2025-04-01 10:41:52.0 UTC-06:00,2025-04-01 10:41:55.0 UTC-06:00,16,1.7,2.0,468406.275,4313300.688,2434.672,-105.3646942,38.96810755,2420.645,274.192,,NAD83(2011) / UTM zone 13N + NAVD88(GEOID18) height,9,6,8,3,0,,4313298.28,468134.782,2420.592,POINT Z (468134.782 4313298.28 2420.592)
305,305,155,,468132.338,4313299.852,2430.061,,-105.3678562,38.96809009,2416.039,Global,0.011,0.012,0.013,0.016,1.934,m,FIX,2025-04-01 10:42:03.4 UTC-06:00,2025-04-01 10:42:06.4 UTC-06:00,16,1.7,2.0,468406.275,4313300.688,2434.672,-105.3646942,38.96810755,2420.645,274.157,,NAD83(2011) / UTM zone 13N + NAVD88(GEOID18) height,8,6,8,4,0,,4313298.444,468134.812,2420.621,POINT Z (468134.812 4313298.444 2420.621)
306,306,156,,468132.348,4313300.057,2430.109,,-105.3678561,38.96809194,2416.087,Global,0.01,0.011,0.012,0.015,1.934,m,FIX,2025-04-01 10:42:15.4 UTC-06:00,2025-04-01 10:42:18.4 UTC-06:00,16,1.7,2.0,468406.275,4313300.688,2434.672,-105.3646942,38.96810755,2420.645,274.147,,NAD83(2011) / UTM zone 13N + NAVD88(GEOID18) height,7,6,8,4,0,,4313298.649,468134.822,2420.669,POINT Z (468134.822 4313298.649 2420.669)
307,307,157,,468132.364,4313300.26,2430.151,,-105.3678559,38.96809377,2416.13,Global,0.011,0.012,0.011,0.016,1.934,m,FIX,2025-04-01 10:42:29.8 UTC-06:00,2025-04-01 10:42:32.8 UTC-06:00,16,1.7,2.0,468406.275,4313300.688,2434.672,-105.3646942,38.96810755,2420.645,274.137,,NAD83(2011) / UTM zone 13N + NAVD88(GEOID18) height,8,6,8,4,0,,4313298.852,468134.838,2420.711,POINT Z (468134.838 4313298.852 2420.711)
308,308,158,,468132.402,4313300.421,2430.191,,-105.3678555,38.96809522,2416.17,Global,0.01,0.011,0.012,0.015,1.934,m,FIX,2025-04-01 10:42:39.6 UTC-06:00,2025-04-01 10:42:42.6 UTC-06:00,16,1.7,2.0,468406.275,4313300.688,2434.672,-105.3646942,38.96810755,2420.645,274.092,,NAD83(2011) / UTM zone 13N + NAVD88(GEOID18) height,7,6,8,4,0,,4313299.013,468134.876,2420.7509999999997,POINT Z (468134.876 4313299.013 2420.7509999999997)
309,309,159,,468132.403,4313300.613,2430.223,,-105.3678555,38.96809695,2416.201,Global,0.01,0.01,0.011,0.014,1.934,m,FIX,2025-04-01 10:42:54.4 UTC-06:00,2025-04-01 10:42:57.4 UTC-06:00,16,1.7,2.0,468406.275,4313300.688,2434.672,-105.3646942,38.96810755,2420.645,274.094,,NAD83(2011) / UTM zone 13N + NAVD88(GEOID18) height,7,6,8,4,0,,4313299.205,468134.877,2420.783,POINT Z (468134.877 4313299.205 2420.783)
310,310,160,,468132.426,4313300.816,2430.276,,-105.3678552,38.96809879,2416.255,Global,0.01,0.011,0.011,0.015,1.934,m,FIX,2025-04-01 10:43:04.2 UTC-06:00,2025-04-01 10:43:07.2 UTC-06:00,16,1.7,2.0,468406.275,4313300.688,2434.672,-105.3646942,38.96810755,2420.645,274.071,,NAD83(2011) / UTM zone 13N + NAVD88(GEOID18) height,7,6,8,4,0,,4313299.408,468134.89999999997,2420.836,POINT Z (468134.89999999997 4313299.408 2420.836)
311,311,161,,468132.438,4313301.0,2430.306,,-105.3678551,38.96810044,2416.285,Global,0.01,0.011,0.011,0.015,1.934,m,FIX,2025-04-01 10:43:18.8 UTC-06:00,2025-04-01 10:43:21.8 UTC-06:00,16,1.7,2.0,468406.275,4313300.688,2434.672,-105.3646942,38.96810755,2420.645,274.062,,NAD83(2011) / UTM zone 13N + NAVD88(GEOID18) height,6,5,8,4,0,,4313299.592,468134.912,2420.866,POINT Z (468134.912 4313299.592 2420.866)
312,312,162,,468132.481,4313301.18,2430.307,,-105.3678546,38.96810207,2416.285,Global,0.011,0.011,0.017,0.016,1.934,m,FIX,2025-04-01 10:43:31.0 UTC-06:00,2025-04-01 10:43:34.0 UTC-06:00,16,1.7,2.0,468406.275,4313300.688,2434.672,-105.3646942,38.96810755,2420.645,274.026,,NAD83(2011) / UTM zone 13N + NAVD88(GEOID18) height,6,6,8,4,0,,4313299.772,468134.955,2420.8669999999997,POINT Z (468134.955 4313299.772 2420.8669999999997)
313,313,163,,468132.496,4313301.37,2430.356,,-105.3678544,38.96810378,2416.334,Global,0.011,0.016,0.02,0.019,1.934,m,FIX,2025-04-01 10:43:46.4 UTC-06:00,2025-04-01 10:43:49.4 UTC-06:00,16,1.7,2.0,468406.275,4313300.688,2434.672,-105.3646942,38.96810755,2420.645,274.002,,NAD83(2011) / UTM zone 13N + NAVD88(GEOID18) height,6,6,8,4,0,,4313299.962,468134.97,2420.916,POINT Z (468134.97 4313299.962 2420.916)
314,314,164,,468132.523,4313301.607,2430.451,,-105.3678541,38.96810591,2416.429,Global,0.011,0.01,0.013,0.015,1.934,m,FIX,2025-04-01 10:44:03.0 UTC-06:00,2025-04-01 10:44:06.0 UTC-06:00,16,1.7,2.0,468406.275,4313300.688,2434.672,-105.3646942,38.96810755,2420.645,273.978,,NAD83(2011) / UTM zone 13N + NAVD88(GEOID18) height,6,6,8,4,0,,4313300.199,468134.997,2421.011,POINT Z (468134.997 4313300.199 2421.011)
315,315,165,,468132.531,4313301.736,2430.322,,-105.3678541,38.96810708,2416.3,Global,0.01,0.01,0.012,0.015,1.934,m,FIX,2025-04-01 10:44:27.6 UTC-06:00,2025-04-01 10:44:30.6 UTC-06:00,16,1.7,2.0,468406.275,4313300.688,2434.672,-105.3646942,38.96810755,2420.645,273.968,,NAD83(2011) / UTM zone 13N + NAVD88(GEOID18) height,8,6,8,4,0,,4313300.328,468135.005,2420.882,POINT Z (468135.005 4313300.328 2420.882)
316,316,166,,468132.554,4313301.929,2430.343,,-105.3678538,38.96810882,2416.321,Global,0.01,0.011,0.014,0.015,1.934,m,FIX,2025-04-01 10:44:42.6 UTC-06:00,2025-04-01 10:44:45.6 UTC-06:00,16,1.7,2.0,468406.275,4313300.688,2434.672,-105.3646942,38.96810755,2420.645,273.95,,NAD83(2011) / UTM zone 13N + NAVD88(GEOID18) height,8,6,8,4,0,,4313300.521,468135.028,2420.903,POINT Z (468135.028 4313300.521 2420.903)
317,317,167,,468132.549,4313302.151,2430.356,,-105.3678539,38.96811082,2416.335,Global,0.01,0.012,0.017,0.016,1.934,m,FIX,2025-04-01 10:44:59.4 UTC-06:00,2025-04-01 10:45:02.4 UTC-06:00,16,1.7,2.0,468406.275,4313300.688,2434.672,-105.3646942,38.96810755,2420.645,273.951,,NAD83(2011) / UTM zone 13N + NAVD88(GEOID18) height,6,6,8,4,0,,4313300.743,468135.023,2420.916,POINT Z (468135.023 4313300.743 2420.916)
318,318,168,,468132.592,4313302.312,2430.363,,-105.3678534,38.96811227,2416.341,Global,0.012,0.01,0.011,0.016,1.934,m,FIX,2025-04-01 10:45:09.6 UTC-06:00,2025-04-01 10:45:12.6 UTC-06:00,16,1.7,2.0,468406.275,4313300.688,2434.672,-105.3646942,38.96810755,2420.645,273.902,,NAD83(2011) / UTM zone 13N + NAVD88(GEOID18) height,6,6,8,4,0,,4313300.904,468135.066,2420.923,POINT Z (468135.066 4313300.904 2420.923)
319,319,169,,468132.57,4313302.517,2430.43,,-105.3678537,38.96811412,2416.408,Global,0.01,0.011,0.011,0.015,1.934,m,FIX,2025-04-01 10:45:27.8 UTC-06:00,2025-04-01 10:45:30.8 UTC-06:00,16,1.7,2.0,468406.275,4313300.688,2434.672,-105.3646942,38.96810755,2420.645,273.931,,NAD83(2011) / UTM zone 13N + NAVD88(GEOID18) height,6,6,8,4,0,,4313301.109,468135.044,2420.99,POINT Z (468135.044 4313301.109 2420.99)
320,320,170,,468132.611,4313302.693,2430.478,,-105.3678532,38.9681157,2416.456,Global,0.01,0.01,0.012,0.014,1.934,m,FIX,2025-04-01 10:45:42.4 UTC-06:00,2025-04-01 10:45:45.4 UTC-06:00,16,1.7,2.0,468406.275,4313300.688,2434.672,-105.3646942,38.96810755,2420.645,273.894,,NAD83(2011) / UTM zone 13N + NAVD88(GEOID18) height,7,6,8,4,0,,4313301.285,468135.08499999996,2421.038,POINT Z (468135.08499999996 4313301.285 2421.038)
321,321,171,,468132.623,4313302.864,2430.573,,-105.3678531,38.96811724,2416.551,Global,0.01,0.01,0.014,0.014,1.934,m,FIX,2025-04-01 10:45:54.0 UTC-06:00,2025-04-01 10:45:57.0 UTC-06:00,16,1.7,2.0,468406.275,4313300.688,2434.672,-105.3646942,38.96810755,2420.645,273.881,,NAD83(2011) / UTM zone 13N + NAVD88(GEOID18) height,6,6,9,4,0,,4313301.456,468135.097,2421.133,POINT Z (468135.097 4313301.456 2421.133)
322,322,172,,468132.595,4313303.075,2430.634,,-105.3678534,38.96811914,2416.613,Global,0.01,0.011,0.011,0.015,1.934,m,FIX,2025-04-01 10:46:05.0 UTC-06:00,2025-04-01 10:46:08.0 UTC-06:00,16,1.7,2.0,468406.275,4313300.688,2434.672,-105.3646942,38.96810755,2420.645,273.909,,NAD83(2011) / UTM zone 13N + NAVD88(GEOID18) height,6,6,8,3,0,,4313301.667,468135.06899999996,2421.194,POINT Z (468135.06899999996 4313301.667 2421.194)
323,323,173,,468132.607,4313303.352,2430.808,,-105.3678533,38.96812164,2416.786,Global,0.01,0.01,0.013,0.015,1.934,m,FIX,2025-04-01 10:46:19.4 UTC-06:00,2025-04-01 10:46:22.4 UTC-06:00,16,1.7,2.0,468406.275,4313300.688,2434.672,-105.3646942,38.96810755,2420.645,273.898,,NAD83(2011) / UTM zone 13N + NAVD88(GEOID18) height,6,6,8,4,0,,4313301.944,468135.081,2421.368,POINT Z (468135.081 4313301.944 2421.368)
324,324,174,,468132.636,4313303.466,2430.929,,-105.3678529,38.96812267,2416.907,Global,0.01,0.012,0.011,0.016,1.934,m,FIX,2025-04-01 10:46:50.2 UTC-06:00,2025-04-01 10:46:53.2 UTC-06:00,16,1.7,2.0,468406.275,4313300.688,2434.672,-105.3646942,38.96810755,2420.645,273.867,,NAD83(2011) / UTM zone 13N + NAVD88(GEOID18) height,7,6,8,4,0,,4313302.058,468135.11,2421.489,POINT Z (468135.11 4313302.058 2421.489)
325,325,175,,468132.671,4313303.629,2430.915,,-105.3678525,38.96812414,2416.893,Global,0.01,0.011,0.011,0.015,1.934,m,FIX,2025-04-01 10:46:59.4 UTC-06:00,2025-04-01 10:47:02.4 UTC-06:00,16,1.7,2.0,468406.275,4313300.688,2434.672,-105.3646942,38.96810755,2420.645,273.832,,NAD83(2011) / UTM zone 13N + NAVD88(GEOID18) height,7,6,8,4,0,,4313302.221,468135.14499999996,2421.475,POINT Z (468135.14499999996 4313302.221 2421.475)
326,326,176,,468132.712,4313303.824,2430.976,,-105.3678521,38.9681259,2416.954,Global,0.01,0.01,0.011,0.014,1.934,m,FIX,2025-04-01 10:47:18.2 UTC-06:00,2025-04-01 10:47:21.2 UTC-06:00,16,1.7,2.0,468406.275,4313300.688,2434.672,-105.3646942,38.96810755,2420.645,273.799,,NAD83(2011) / UTM zone 13N + NAVD88(GEOID18) height,7,6,8,4,0,,4313302.416,468135.186,2421.536,POINT Z (468135.186 4313302.416 2421.536)
327,327,177,,468132.739,4313303.969,2430.977,,-105.3678518,38.96812721,2416.956,Global,0.01,0.011,0.014,0.015,1.934,m,FIX,2025-04-01 10:47:29.8 UTC-06:00,2025-04-01 10:47:32.8 UTC-06:00,16,1.7,2.0,468406.275,4313300.688,2434.672,-105.3646942,38.96810755,2420.645,273.77,,NAD83(2011) / UTM zone 13N + NAVD88(GEOID18) height,7,6,8,3,0,,4313302.561,468135.213,2421.537,POINT Z (468135.213 4313302.561 2421.537)
328,328,178,,468132.746,4313304.234,2431.043,,-105.3678517,38.96812959,2417.022,Global,0.011,0.01,0.014,0.015,1.934,m,FIX,2025-04-01 10:47:43.8 UTC-06:00,2025-04-01 10:47:46.8 UTC-06:00,16,1.7,2.0,468406.275,4313300.688,2434.672,-105.3646942,38.96810755,2420.645,273.77,,NAD83(2011) / UTM zone 13N + NAVD88(GEOID18) height,6,6,9,3,0,,4313302.826,468135.22,2421.603,POINT Z (468135.22 4313302.826 2421.603)
329,329,179,,468132.781,4313304.345,2431.122,,-105.3678513,38.9681306,2417.1,Global,0.01,0.01,0.01,0.015,1.934,m,FIX,2025-04-01 10:47:53.2 UTC-06:00,2025-04-01 10:47:56.2 UTC-06:00,16,1.7,2.0,468406.275,4313300.688,2434.672,-105.3646942,38.96810755,2420.645,273.736,,NAD83(2011) / UTM zone 13N + NAVD88(GEOID18) height,6,6,9,3,0,,4313302.937,468135.255,2421.682,POINT Z (468135.255 4313302.937 2421.682)
330,330,180,,468132.782,4313304.518,2431.171,,-105.3678513,38.96813215,2417.149,Global,0.011,0.011,0.014,0.015,1.934,m,FIX,2025-04-01 10:48:04.8 UTC-06:00,2025-04-01 10:48:07.8 UTC-06:00,16,1.7,2.0,468406.275,4313300.688,2434.672,-105.3646942,38.96810755,2420.645,273.735,,NAD83(2011) / UTM zone 13N + NAVD88(GEOID18) height,7,6,9,3,0,,4313303.11,468135.256,2421.7309999999998,POINT Z (468135.256 4313303.11 2421.7309999999998)
331,331,181,,468132.826,4313304.738,2431.231,,-105.3678508,38.96813415,2417.21,Global,0.01,0.01,0.012,0.014,1.934,m,FIX,2025-04-01 10:48:17.0 UTC-06:00,2025-04-01 10:48:20.0 UTC-06:00,16,1.7,2.0,468406.275,4313300.688,2434.672,-105.3646942,38.96810755,2420.645,273.697,,NAD83(2011) / UTM zone 13N + NAVD88(GEOID18) height,7,6,9,3,0,,4313303.33,468135.3,2421.791,POINT Z (468135.3 4313303.33 2421.791)
332,332,182,,468132.826,4313304.924,2431.304,,-105.3678508,38.96813582,2417.282,Global,0.011,0.011,0.012,0.016,1.934,m,FIX,2025-04-01 10:48:28.8 UTC-06:00,2025-04-01 10:48:31.8 UTC-06:00,16,1.7,2.0,468406.275,4313300.688,2434.672,-105.3646942,38.96810755,2420.645,273.694,,NAD83(2011) / UTM zone 13N + NAVD88(GEOID18) height,7,6,9,3,0,,4313303.516,468135.3,2421.864,POINT Z (468135.3 4313303.516 2421.864)
333,333,183,,468132.86,4313305.124,2431.405,,-105.3678504,38.96813762,2417.383,Global,0.01,0.01,0.015,0.015,1.934,m,FIX,2025-04-01 10:48:39.6 UTC-06:00,2025-04-01 10:48:42.6 UTC-06:00,16,1.7,2.0,468406.275,4313300.688,2434.672,-105.3646942,38.96810755,2420.645,273.663,,NAD83(2011) / UTM zone 13N + NAVD88(GEOID18) height,8,6,8,3,0,,4313303.716,468135.334,2421.965,POINT Z (468135.334 4313303.716 2421.965)
334,334,184,,468132.866,4313305.335,2431.476,,-105.3678504,38.96813952,2417.454,Global,0.01,0.011,0.013,0.015,1.934,m,FIX,2025-04-01 10:48:53.6 UTC-06:00,2025-04-01 10:48:56.6 UTC-06:00,16,1.7,2.0,468406.275,4313300.688,2434.672,-105.3646942,38.96810755,2420.645,273.664,,NAD83(2011) / UTM zone 13N + NAVD88(GEOID18) height,8,6,8,3,0,,4313303.927,468135.33999999997,2422.036,POINT Z (468135.33999999997 4313303.927 2422.036)
335,335,185,,468132.875,4313305.507,2431.512,,-105.3678503,38.96814107,2417.49,Global,0.01,0.01,0.012,0.014,1.934,m,FIX,2025-04-01 10:49:02.4 UTC-06:00,2025-04-01 10:49:05.4 UTC-06:00,16,1.7,2.0,468406.275,4313300.688,2434.672,-105.3646942,38.96810755,2420.645,273.655,,NAD83(2011) / UTM zone 13N + NAVD88(GEOID18) height,7,6,8,3,0,,4313304.099,468135.349,2422.072,POINT Z (468135.349 4313304.099 2422.072)
336,336,186,,468132.903,4313305.705,2431.598,,-105.36785,38.96814286,2417.576,Global,0.011,0.01,0.011,0.015,1.934,m,FIX,2025-04-01 10:49:14.4 UTC-06:00,2025-04-01 10:49:17.4 UTC-06:00,16,1.7,2.0,468406.275,4313300.688,2434.672,-105.3646942,38.96810755,2420.645,273.623,,NAD83(2011) / UTM zone 13N + NAVD88(GEOID18) height,7,6,8,3,0,,4313304.297,468135.377,2422.158,POINT Z (468135.377 4313304.297 2422.158)
337,337,187,,468132.948,4313305.883,2431.704,,-105.3678494,38.96814447,2417.683,Global,0.01,0.011,0.012,0.015,1.934,m,FIX,2025-04-01 10:49:25.8 UTC-06:00,2025-04-01 10:49:28.8 UTC-06:00,16,1.7,2.0,468406.275,4313300.688,2434.672,-105.3646942,38.96810755,2420.645,273.59,,NAD83(2011) / UTM zone 13N + NAVD88(GEOID18) height,7,6,9,3,0,,4313304.475000001,468135.42199999996,2422.264,POINT Z (468135.42199999996 4313304.475000001 2422.264)
338,338,188,,468132.84,4313305.926,2432.014,,-105.3678507,38.96814485,2417.992,Global,0.011,0.011,0.011,0.015,1.934,m,FIX,2025-04-01 10:50:10.8 UTC-06:00,2025-04-01 10:50:13.8 UTC-06:00,16,1.7,2.0,468406.275,4313300.688,2434.672,-105.3646942,38.96810755,2420.645,273.701,,NAD83(2011) / UTM zone 13N + NAVD88(GEOID18) height,7,6,9,3,0,,4313304.518,468135.314,2422.574,POINT Z (468135.314 4313304.518 2422.574)
339,339,189,,468132.835,4313306.173,2431.845,,-105.3678508,38.96814707,2417.824,Global,0.01,0.011,0.013,0.015,1.934,m,FIX,2025-04-01 10:50:30.2 UTC-06:00,2025-04-01 10:50:33.2 UTC-06:00,16,1.7,2.0,468406.275,4313300.688,2434.672,-105.3646942,38.96810755,2420.645,273.71,,NAD83(2011) / UTM zone 13N + NAVD88(GEOID18) height,7,6,9,3,0,,4313304.765000001,468135.309,2422.4049999999997,POINT Z (468135.309 4313304.765000001 2422.4049999999997)
340,340,190,,468132.528,4313306.067,2431.782,,-105.3678543,38.9681461,2417.76,Global,0.01,0.01,0.012,0.015,1.934,m,FIX,2025-04-01 10:51:06.0 UTC-06:00,2025-04-01 10:51:09.0 UTC-06:00,16,1.8,2.1,468406.275,4313300.688,2434.672,-105.3646942,38.96810755,2420.645,274.008,,NAD83(2011) / UTM zone 13N + NAVD88(GEOID18) height,7,6,8,3,0,,4313304.659,468135.002,2422.342,POINT Z (468135.002 4313304.659 2422.342)
341,341,191,,468132.665,4313305.807,2431.693,,-105.3678527,38.96814377,2417.672,Global,0.011,0.011,0.013,0.015,1.934,m,FIX,2025-04-01 10:51:18.0 UTC-06:00,2025-04-01 10:51:21.0 UTC-06:00,16,1.8,2.1,468406.275,4313300.688,2434.672,-105.3646942,38.96810755,2420.645,273.864,,NAD83(2011) / UTM zone 13N + NAVD88(GEOID18) height,7,6,9,3,0,,4313304.399,468135.13899999997,2422.253,POINT Z (468135.13899999997 4313304.399 2422.253)
342,342,192,,468132.945,4313305.949,2431.731,,-105.3678495,38.96814506,2417.71,Global,0.01,0.01,0.011,0.015,1.934,m,FIX,2025-04-01 10:51:29.8 UTC-06:00,2025-04-01 10:51:32.8 UTC-06:00,16,1.8,2.1,468406.275,4313300.688,2434.672,-105.3646942,38.96810755,2420.645,273.592,,NAD83(2011) / UTM zone 13N + NAVD88(GEOID18) height,7,6,10,3,0,,4313304.541,468135.419,2422.291,POINT Z (468135.419 4313304.541 2422.291)
343,343,193,,468132.726,4313306.039,2431.795,,-105.367852,38.96814586,2417.773,Global,0.01,0.01,0.013,0.015,1.934,m,FIX,2025-04-01 10:51:45.4 UTC-06:00,2025-04-01 10:51:48.4 UTC-06:00,16,1.7,2.0,468406.275,4313300.688,2434.672,-105.3646942,38.96810755,2420.645,273.813,,NAD83(2011) / UTM zone 13N + NAVD88(GEOID18) height,7,6,9,3,0,,4313304.631,468135.2,2422.355,POINT Z (468135.2 4313304.631 2422.355)
344,344,194,,468132.834,4313305.916,2432.023,,-105.3678508,38.96814475,2418.001,Global,0.012,0.011,0.013,0.016,1.934,m,FIX,2025-04-01 10:52:04.4 UTC-06:00,2025-04-01 10:52:07.4 UTC-06:00,16,1.8,2.1,468406.275,4313300.688,2434.672,-105.3646942,38.96810755,2420.645,273.703,,NAD83(2011) / UTM zone 13N + NAVD88(GEOID18) height,7,6,9,3,0,,4313304.508,468135.30799999996,2422.583,POINT Z (468135.30799999996 4313304.508 2422.583)
345,345,195,,468132.82,4313305.933,2432.013,,-105.3678509,38.96814491,2417.991,Global,0.011,0.012,0.016,0.016,1.934,m,FIX,2025-04-01 10:52:35.8 UTC-06:00,2025-04-01 10:53:05.8 UTC-06:00,151,1.8,2.1,468406.275,4313300.688,2434.672,-105.3646942,38.96810755,2420.645,273.714,,NAD83(2011) / UTM zone 13N + NAVD88(GEOID18) height,7,6,9,3,0,,4313304.525,468135.294,2422.573,POINT Z (468135.294 4313304.525 2422.573)
346,346,196,,468129.69,4313277.687,2429.571,,-105.3678857,38.96789026,2415.549,Global,0.01,0.01,0.011,0.015,1.934,m,FIX,2025-04-01 11:03:13.0 UTC-06:00,2025-04-01 11:03:16.0 UTC-06:00,16,1.1,1.3,468406.275,4313300.688,2434.672,-105.3646942,38.96810755,2420.645,277.774,,NAD83(2011) / UTM zone 13N + NAVD88(GEOID18) height,8,6,8,4,0,,4313276.279,468132.164,2420.131,POINT Z (468132.164 4313276.279 2420.131)
347,347,197,,468129.715,4313277.49,2429.633,,-105.3678854,38.96788849,2415.611,Global,0.012,0.011,0.013,0.016,1.934,m,FIX,2025-04-01 11:03:25.2 UTC-06:00,2025-04-01 11:03:28.2 UTC-06:00,16,1.1,1.3,468406.275,4313300.688,2434.672,-105.3646942,38.96810755,2420.645,277.767,,NAD83(2011) / UTM zone 13N + NAVD88(GEOID18) height,8,6,8,4,0,,4313276.082,468132.189,2420.1929999999998,POINT Z (468132.189 4313276.082 2420.1929999999998)
348,348,198,,468129.697,4313277.298,2429.63,,-105.3678856,38.96788676,2415.608,Global,0.01,0.01,0.01,0.015,1.934,m,FIX,2025-04-01 11:03:35.8 UTC-06:00,2025-04-01 11:03:38.8 UTC-06:00,16,1.1,1.3,468406.275,4313300.688,2434.672,-105.3646942,38.96810755,2420.645,277.795,,NAD83(2011) / UTM zone 13N + NAVD88(GEOID18) height,8,6,8,4,0,,4313275.890000001,468132.171,2420.19,POINT Z (468132.171 4313275.890000001 2420.19)
349,349,199,,468129.703,4313277.109,2429.639,,-105.3678856,38.96788505,2415.617,Global,0.01,0.012,0.01,0.016,1.934,m,FIX,2025-04-01 11:03:46.6 UTC-06:00,2025-04-01 11:03:49.6 UTC-06:00,16,1.1,1.3,468406.275,4313300.688,2434.672,-105.3646942,38.96810755,2420.645,277.809,,NAD83(2011) / UTM zone 13N + NAVD88(GEOID18) height,8,6,8,4,0,,4313275.701,468132.17699999997,2420.199,POINT Z (468132.17699999997 4313275.701 2420.199)
350,350,200,,468129.707,4313276.891,2429.696,,-105.3678855,38.96788309,2415.674,Global,0.01,0.01,0.01,0.014,1.934,m,FIX,2025-04-01 11:03:57.0 UTC-06:00,2025-04-01 11:04:00.0 UTC-06:00,16,1.1,1.3,468406.275,4313300.688,2434.672,-105.3646942,38.96810755,2420.645,277.819,,NAD83(2011) / UTM zone 13N + NAVD88(GEOID18) height,8,6,8,4,0,,4313275.483,468132.181,2420.256,POINT Z (468132.181 4313275.483 2420.256)
351,351,201,,468129.709,4313276.708,2429.707,,-105.3678855,38.96788144,2415.685,Global,0.01,0.011,0.011,0.015,1.934,m,FIX,2025-04-01 11:04:07.4 UTC-06:00,2025-04-01 11:04:10.4 UTC-06:00,16,1.1,1.3,468406.275,4313300.688,2434.672,-105.3646942,38.96810755,2420.645,277.833,,NAD83(2011) / UTM zone 13N + NAVD88(GEOID18) height,8,6,8,4,0,,4313275.3,468132.18299999996,2420.267,POINT Z (468132.18299999996 4313275.3 2420.267)
352,352,202,,468129.711,4313276.511,2429.741,,-105.3678854,38.96787966,2415.719,Global,0.01,0.012,0.012,0.016,1.934,m,FIX,2025-04-01 11:04:19.4 UTC-06:00,2025-04-01 11:04:22.4 UTC-06:00,16,1.1,1.3,468406.275,4313300.688,2434.672,-105.3646942,38.96810755,2420.645,277.849,,NAD83(2011) / UTM zone 13N + NAVD88(GEOID18) height,8,6,8,4,0,,4313275.103,468132.185,2420.301,POINT Z (468132.185 4313275.103 2420.301)
353,353,203,,468129.711,4313276.321,2429.764,,-105.3678854,38.96787795,2415.742,Global,0.01,0.01,0.011,0.015,1.934,m,FIX,2025-04-01 11:04:30.6 UTC-06:00,2025-04-01 11:04:33.6 UTC-06:00,16,1.2,1.4,468406.275,4313300.688,2434.672,-105.3646942,38.96810755,2420.645,277.864,,NAD83(2011) / UTM zone 13N + NAVD88(GEOID18) height,8,6,8,4,0,,4313274.913000001,468132.185,2420.324,POINT Z (468132.185 4313274.913000001 2420.324)
354,354,204,,468129.698,4313276.109,2429.78,,-105.3678856,38.96787605,2415.758,Global,0.01,0.011,0.01,0.015,1.934,m,FIX,2025-04-01 11:04:42.6 UTC-06:00,2025-04-01 11:04:45.6 UTC-06:00,16,1.2,1.4,468406.275,4313300.688,2434.672,-105.3646942,38.96810755,2420.645,277.896,,NAD83(2011) / UTM zone 13N + NAVD88(GEOID18) height,8,6,8,4,0,,4313274.701,468132.17199999996,2420.34,POINT Z (468132.17199999996 4313274.701 2420.34)
355,355,205,,468129.69,4313275.911,2429.797,,-105.3678857,38.96787426,2415.776,Global,0.01,0.011,0.01,0.015,1.934,m,FIX,2025-04-01 11:04:53.0 UTC-06:00,2025-04-01 11:04:56.0 UTC-06:00,16,1.2,1.4,468406.275,4313300.688,2434.672,-105.3646942,38.96810755,2420.645,277.921,,NAD83(2011) / UTM zone 13N + NAVD88(GEOID18) height,8,6,8,4,0,,4313274.5030000005,468132.164,2420.357,POINT Z (468132.164 4313274.5030000005 2420.357)
356,356,206,,468129.692,4313275.717,2429.813,,-105.3678856,38.96787251,2415.791,Global,0.011,0.01,0.01,0.015,1.934,m,FIX,2025-04-01 11:05:02.2 UTC-06:00,2025-04-01 11:05:05.2 UTC-06:00,16,1.1,1.3,468406.275,4313300.688,2434.672,-105.3646942,38.96810755,2420.645,277.934,,NAD83(2011) / UTM zone 13N + NAVD88(GEOID18) height,8,6,8,4,0,,4313274.309,468132.16599999997,2420.373,POINT Z (468132.16599999997 4313274.309 2420.373)
357,357,207,,468129.699,4313275.515,2429.85,,-105.3678855,38.9678707,2415.828,Global,0.011,0.01,0.01,0.015,1.934,m,FIX,2025-04-01 11:05:12.8 UTC-06:00,2025-04-01 11:05:15.8 UTC-06:00,16,1.2,1.4,468406.275,4313300.688,2434.672,-105.3646942,38.96810755,2420.645,277.941,,NAD83(2011) / UTM zone 13N + NAVD88(GEOID18) height,8,6,8,4,0,,4313274.107,468132.173,2420.41,POINT Z (468132.173 4313274.107 2420.41)
358,358,208,,468129.658,4313275.328,2429.878,,-105.367886,38.967869,2415.856,Global,0.01,0.011,0.01,0.015,1.934,m,FIX,2025-04-01 11:05:32.2 UTC-06:00,2025-04-01 11:05:35.2 UTC-06:00,16,1.2,1.4,468406.275,4313300.688,2434.672,-105.3646942,38.96810755,2420.645,278.002,,NAD83(2011) / UTM zone 13N + NAVD88(GEOID18) height,8,6,8,4,0,,4313273.92,468132.132,2420.438,POINT Z (468132.132 4313273.92 2420.438)
359,359,209,,468129.665,4313275.125,2429.897,,-105.3678859,38.96786718,2415.875,Global,0.01,0.011,0.01,0.015,1.934,m,FIX,2025-04-01 11:05:47.2 UTC-06:00,2025-04-01 11:05:50.2 UTC-06:00,16,1.2,1.4,468406.275,4313300.688,2434.672,-105.3646942,38.96810755,2420.645,278.02,,NAD83(2011) / UTM zone 13N + NAVD88(GEOID18) height,7,6,8,4,0,,4313273.717,468132.13899999997,2420.457,POINT Z (468132.13899999997 4313273.717 2420.457)
360,360,210,,468129.631,4313274.93,2429.896,,-105.3678863,38.96786542,2415.874,Global,0.01,0.01,0.01,0.015,1.934,m,FIX,2025-04-01 11:06:02.2 UTC-06:00,2025-04-01 11:06:05.2 UTC-06:00,16,1.2,1.4,468406.275,4313300.688,2434.672,-105.3646942,38.96810755,2420.645,278.064,,NAD83(2011) / UTM zone 13N + NAVD88(GEOID18) height,8,6,8,4,0,,4313273.522,468132.105,2420.456,POINT Z (468132.105 4313273.522 2420.456)
361,361,211,,468129.641,4313274.729,2429.921,,-105.3678862,38.96786361,2415.899,Global,0.01,0.01,0.01,0.014,1.934,m,FIX,2025-04-01 11:06:17.8 UTC-06:00,2025-04-01 11:06:20.8 UTC-06:00,16,1.2,1.4,468406.275,4313300.688,2434.672,-105.3646942,38.96810755,2420.645,278.075,,NAD83(2011) / UTM zone 13N + NAVD88(GEOID18) height,7,6,8,4,0,,4313273.321,468132.115,2420.4809999999998,POINT Z (468132.115 4313273.321 2420.4809999999998)
362,362,212,,468129.618,4313274.535,2429.961,,-105.3678864,38.96786186,2415.939,Global,0.01,0.011,0.01,0.015,1.934,m,FIX,2025-04-01 11:06:34.6 UTC-06:00,2025-04-01 11:06:37.6 UTC-06:00,16,1.2,1.4,468406.275,4313300.688,2434.672,-105.3646942,38.96810755,2420.645,278.116,,NAD83(2011) / UTM zone 13N + NAVD88(GEOID18) height,7,6,8,4,0,,4313273.127,468132.092,2420.5209999999997,POINT Z (468132.092 4313273.127 2420.5209999999997)
363,363,213,,468129.598,4313274.342,2429.995,,-105.3678866,38.96786012,2415.973,Global,0.011,0.01,0.01,0.015,1.934,m,FIX,2025-04-01 11:06:51.8 UTC-06:00,2025-04-01 11:06:54.8 UTC-06:00,16,1.1,1.3,468406.275,4313300.688,2434.672,-105.3646942,38.96810755,2420.645,278.15,,NAD83(2011) / UTM zone 13N + NAVD88(GEOID18) height,8,6,8,4,0,,4313272.934,468132.072,2420.555,POINT Z (468132.072 4313272.934 2420.555)
364,364,214,,468129.586,4313274.127,2430.018,,-105.3678868,38.96785818,2415.996,Global,0.01,0.01,0.01,0.015,1.934,m,FIX,2025-04-01 11:07:05.8 UTC-06:00,2025-04-01 11:07:08.8 UTC-06:00,16,1.2,1.4,468406.275,4313300.688,2434.672,-105.3646942,38.96810755,2420.645,278.182,,NAD83(2011) / UTM zone 13N + NAVD88(GEOID18) height,8,6,8,4,0,,4313272.7190000005,468132.06,2420.578,POINT Z (468132.06 4313272.7190000005 2420.578)
365,365,215,,468129.567,4313273.936,2430.041,,-105.367887,38.96785646,2416.02,Global,0.01,0.01,0.01,0.015,1.934,m,FIX,2025-04-01 11:07:23.8 UTC-06:00,2025-04-01 11:07:26.8 UTC-06:00,16,1.2,1.4,468406.275,4313300.688,2434.672,-105.3646942,38.96810755,2420.645,278.222,,NAD83(2011) / UTM zone 13N + NAVD88(GEOID18) height,8,6,8,4,0,,4313272.528,468132.04099999997,2420.601,POINT Z (468132.04099999997 4313272.528 2420.601)
366,366,216,,468129.567,4313273.748,2430.065,,-105.367887,38.96785477,2416.043,Global,0.011,0.012,0.01,0.016,1.934,m,FIX,2025-04-01 11:07:37.2 UTC-06:00,2025-04-01 11:07:40.2 UTC-06:00,16,1.1,1.3,468406.275,4313300.688,2434.672,-105.3646942,38.96810755,2420.645,278.25,,NAD83(2011) / UTM zone 13N + NAVD88(GEOID18) height,8,6,8,4,0,,4313272.34,468132.04099999997,2420.625,POINT Z (468132.04099999997 4313272.34 2420.625)
367,367,217,,468129.54,4313273.531,2430.088,,-105.3678873,38.96785281,2416.066,Global,0.01,0.011,0.01,0.015,1.934,m,FIX,2025-04-01 11:07:53.8 UTC-06:00,2025-04-01 11:07:56.8 UTC-06:00,16,1.2,1.4,468406.275,4313300.688,2434.672,-105.3646942,38.96810755,2420.645,278.291,,NAD83(2011) / UTM zone 13N + NAVD88(GEOID18) height,7,6,8,4,0,,4313272.123000001,468132.01399999997,2420.648,POINT Z (468132.01399999997 4313272.123000001 2420.648)
368,368,218,,468129.523,4313273.343,2430.125,,-105.3678875,38.96785111,2416.103,Global,0.01,0.01,0.011,0.015,1.934,m,FIX,2025-04-01 11:08:17.0 UTC-06:00,2025-04-01 11:08:20.0 UTC-06:00,16,1.1,1.3,468406.275,4313300.688,2434.672,-105.3646942,38.96810755,2420.645,278.321,,NAD83(2011) / UTM zone 13N + NAVD88(GEOID18) height,7,6,8,4,0,,4313271.9350000005,468131.997,2420.685,POINT Z (468131.997 4313271.9350000005 2420.685)
369,369,219,,468129.511,4313273.148,2430.133,,-105.3678876,38.96784935,2416.111,Global,0.011,0.011,0.01,0.016,1.934,m,FIX,2025-04-01 11:08:34.2 UTC-06:00,2025-04-01 11:08:37.2 UTC-06:00,16,1.2,1.4,468406.275,4313300.688,2434.672,-105.3646942,38.96810755,2420.645,278.365,,NAD83(2011) / UTM zone 13N + NAVD88(GEOID18) height,8,6,8,4,0,,4313271.74,468131.985,2420.6929999999998,POINT Z (468131.985 4313271.74 2420.6929999999998)
370,370,220,,468129.478,4313272.953,2430.15,,-105.367888,38.9678476,2416.129,Global,0.011,0.012,0.012,0.016,1.934,m,FIX,2025-04-01 11:08:48.8 UTC-06:00,2025-04-01 11:08:51.8 UTC-06:00,16,1.2,1.4,468406.275,4313300.688,2434.672,-105.3646942,38.96810755,2420.645,278.415,,NAD83(2011) / UTM zone 13N + NAVD88(GEOID18) height,7,6,8,4,0,,4313271.545,468131.952,2420.71,POINT Z (468131.952 4313271.545 2420.71)
371,371,221,,468129.464,4313272.748,2430.168,,-105.3678881,38.96784575,2416.146,Global,0.01,0.01,0.011,0.014,1.934,m,FIX,2025-04-01 11:09:09.8 UTC-06:00,2025-04-01 11:09:12.8 UTC-06:00,16,1.2,1.4,468406.275,4313300.688,2434.672,-105.3646942,38.96810755,2420.645,278.444,,NAD83(2011) / UTM zone 13N + NAVD88(GEOID18) height,8,6,8,4,0,,4313271.34,468131.93799999997,2420.728,POINT Z (468131.93799999997 4313271.34 2420.728)
372,372,222,,468129.456,4313272.551,2430.189,,-105.3678882,38.96784398,2416.167,Global,0.012,0.011,0.01,0.016,1.934,m,FIX,2025-04-01 11:09:24.0 UTC-06:00,2025-04-01 11:09:27.0 UTC-06:00,16,1.2,1.4,468406.275,4313300.688,2434.672,-105.3646942,38.96810755,2420.645,278.471,,NAD83(2011) / UTM zone 13N + NAVD88(GEOID18) height,8,6,8,4,0,,4313271.143,468131.93,2420.749,POINT Z (468131.93 4313271.143 2420.749)
373,373,223,,468129.442,4313272.343,2430.187,,-105.3678884,38.9678421,2416.165,Global,0.011,0.01,0.011,0.015,1.934,m,FIX,2025-04-01 11:09:48.4 UTC-06:00,2025-04-01 11:09:51.4 UTC-06:00,16,1.2,1.4,468406.275,4313300.688,2434.672,-105.3646942,38.96810755,2420.645,278.503,,NAD83(2011) / UTM zone 13N + NAVD88(GEOID18) height,8,6,8,4,0,,4313270.9350000005,468131.91599999997,2420.747,POINT Z (468131.91599999997 4313270.9350000005 2420.747)
374,374,224,,468129.435,4313272.14,2430.189,,-105.3678884,38.96784027,2416.167,Global,0.011,0.01,0.011,0.015,1.934,m,FIX,2025-04-01 11:10:02.8 UTC-06:00,2025-04-01 11:10:05.8 UTC-06:00,16,1.2,1.4,468406.275,4313300.688,2434.672,-105.3646942,38.96810755,2420.645,278.536,,NAD83(2011) / UTM zone 13N + NAVD88(GEOID18) height,7,6,8,4,0,,4313270.732,468131.909,2420.749,POINT Z (468131.909 4313270.732 2420.749)
375,375,225,,468129.428,4313271.954,2430.207,,-105.3678885,38.96783859,2416.185,Global,0.01,0.011,0.011,0.015,1.934,m,FIX,2025-04-01 11:10:14.8 UTC-06:00,2025-04-01 11:10:17.8 UTC-06:00,16,1.2,1.4,468406.275,4313300.688,2434.672,-105.3646942,38.96810755,2420.645,278.562,,NAD83(2011) / UTM zone 13N + NAVD88(GEOID18) height,7,6,8,4,0,,4313270.546,468131.902,2420.767,POINT Z (468131.902 4313270.546 2420.767)
376,376,226,,468129.41,4313271.752,2430.223,,-105.3678887,38.96783678,2416.202,Global,0.01,0.011,0.01,0.015,1.934,m,FIX,2025-04-01 11:10:26.8 UTC-06:00,2025-04-01 11:10:29.8 UTC-06:00,16,1.1,1.3,468406.275,4313300.688,2434.672,-105.3646942,38.96810755,2420.645,278.594,,NAD83(2011) / UTM zone 13N + NAVD88(GEOID18) height,7,6,8,4,0,,4313270.3440000005,468131.88399999996,2420.783,POINT Z (468131.88399999996 4313270.3440000005 2420.783)
377,377,227,,468129.389,4313271.584,2430.249,,-105.3678889,38.96783526,2416.227,Global,0.011,0.011,0.01,0.015,1.934,m,FIX,2025-04-01 11:10:38.2 UTC-06:00,2025-04-01 11:10:41.2 UTC-06:00,16,1.2,1.4,468406.275,4313300.688,2434.672,-105.3646942,38.96810755,2420.645,278.641,,NAD83(2011) / UTM zone 13N + NAVD88(GEOID18) height,7,5,8,4,0,,4313270.176,468131.863,2420.8089999999997,POINT Z (468131.863 4313270.176 2420.8089999999997)
378,378,228,,468129.367,4313271.384,2430.265,,-105.3678892,38.96783346,2416.243,Global,0.01,0.01,0.01,0.015,1.934,m,FIX,2025-04-01 11:10:49.2 UTC-06:00,2025-04-01 11:10:52.2 UTC-06:00,16,1.2,1.4,468406.275,4313300.688,2434.672,-105.3646942,38.96810755,2420.645,278.675,,NAD83(2011) / UTM zone 13N + NAVD88(GEOID18) height,8,5,8,4,0,,4313269.976,468131.841,2420.825,POINT Z (468131.841 4313269.976 2420.825)
379,379,229,,468129.353,4313271.188,2430.289,,-105.3678893,38.96783169,2416.267,Global,0.01,0.011,0.01,0.015,1.934,m,FIX,2025-04-01 11:11:01.0 UTC-06:00,2025-04-01 11:11:04.0 UTC-06:00,16,1.2,1.4,468406.275,4313300.688,2434.672,-105.3646942,38.96810755,2420.645,278.715,,NAD83(2011) / UTM zone 13N + NAVD88(GEOID18) height,8,5,8,4,0,,4313269.78,468131.827,2420.849,POINT Z (468131.827 4313269.78 2420.849)
380,380,230,,468129.34,4313270.99,2430.283,,-105.3678895,38.9678299,2416.261,Global,0.01,0.01,0.01,0.015,1.934,m,FIX,2025-04-01 11:11:11.6 UTC-06:00,2025-04-01 11:11:14.6 UTC-06:00,16,1.1,1.3,468406.275,4313300.688,2434.672,-105.3646942,38.96810755,2420.645,278.743,,NAD83(2011) / UTM zone 13N + NAVD88(GEOID18) height,7,6,8,4,0,,4313269.582,468131.814,2420.843,POINT Z (468131.814 4313269.582 2420.843)
381,381,231,,468129.313,4313270.785,2430.288,,-105.3678898,38.96782805,2416.266,Global,0.011,0.01,0.01,0.015,1.934,m,FIX,2025-04-01 11:11:27.2 UTC-06:00,2025-04-01 11:11:30.2 UTC-06:00,16,1.2,1.4,468406.275,4313300.688,2434.672,-105.3646942,38.96810755,2420.645,278.793,,NAD83(2011) / UTM zone 13N + NAVD88(GEOID18) height,8,5,8,4,0,,4313269.377,468131.787,2420.848,POINT Z (468131.787 4313269.377 2420.848)
382,382,232,,468129.311,4313270.581,2430.297,,-105.3678898,38.96782622,2416.275,Global,0.01,0.01,0.012,0.014,1.934,m,FIX,2025-04-01 11:11:43.6 UTC-06:00,2025-04-01 11:11:46.6 UTC-06:00,16,1.1,1.3,468406.275,4313300.688,2434.672,-105.3646942,38.96810755,2420.645,278.819,,NAD83(2011) / UTM zone 13N + NAVD88(GEOID18) height,8,6,8,4,0,,4313269.173,468131.785,2420.857,POINT Z (468131.785 4313269.173 2420.857)
383,383,233,,468129.303,4313270.377,2430.327,,-105.3678899,38.96782438,2416.305,Global,0.011,0.01,0.01,0.015,1.934,m,FIX,2025-04-01 11:11:58.4 UTC-06:00,2025-04-01 11:12:01.4 UTC-06:00,16,1.1,1.3,468406.275,4313300.688,2434.672,-105.3646942,38.96810755,2420.645,278.848,,NAD83(2011) / UTM zone 13N + NAVD88(GEOID18) height,8,6,8,4,0,,4313268.9690000005,468131.777,2420.887,POINT Z (468131.777 4313268.9690000005 2420.887)
384,384,234,,468129.282,4313270.182,2430.356,,-105.3678901,38.96782262,2416.334,Global,0.011,0.01,0.011,0.015,1.934,m,FIX,2025-04-01 11:12:10.6 UTC-06:00,2025-04-01 11:12:13.6 UTC-06:00,16,1.1,1.3,468406.275,4313300.688,2434.672,-105.3646942,38.96810755,2420.645,278.889,,NAD83(2011) / UTM zone 13N + NAVD88(GEOID18) height,8,6,8,4,0,,4313268.774,468131.756,2420.916,POINT Z (468131.756 4313268.774 2420.916)
385,385,235,,468129.282,4313269.986,2430.395,,-105.3678901,38.96782086,2416.373,Global,0.011,0.011,0.012,0.015,1.934,m,FIX,2025-04-01 11:12:25.6 UTC-06:00,2025-04-01 11:12:28.6 UTC-06:00,16,1.1,1.3,468406.275,4313300.688,2434.672,-105.3646942,38.96810755,2420.645,278.911,,NAD83(2011) / UTM zone 13N + NAVD88(GEOID18) height,9,6,9,4,0,,4313268.578,468131.756,2420.955,POINT Z (468131.756 4313268.578 2420.955)
386,386,236,,468129.25,4313269.782,2430.433,,-105.3678904,38.96781902,2416.411,Global,0.01,0.011,0.01,0.015,1.934,m,FIX,2025-04-01 11:12:39.2 UTC-06:00,2025-04-01 11:12:42.2 UTC-06:00,16,1.1,1.3,468406.275,4313300.688,2434.672,-105.3646942,38.96810755,2420.645,278.968,,NAD83(2011) / UTM zone 13N + NAVD88(GEOID18) height,9,6,8,4,0,,4313268.374,468131.724,2420.993,POINT Z (468131.724 4313268.374 2420.993)
387,387,237,,468129.235,4313269.601,2430.457,,-105.3678906,38.96781738,2416.435,Global,0.011,0.01,0.01,0.015,1.934,m,FIX,2025-04-01 11:12:57.2 UTC-06:00,2025-04-01 11:13:00.2 UTC-06:00,16,1.1,1.3,468406.275,4313300.688,2434.672,-105.3646942,38.96810755,2420.645,278.995,,NAD83(2011) / UTM zone 13N + NAVD88(GEOID18) height,9,6,8,4,0,,4313268.193,468131.709,2421.017,POINT Z (468131.709 4313268.193 2421.017)
388,388,238,,468129.221,4313269.401,2430.47,,-105.3678908,38.96781558,2416.448,Global,0.01,0.011,0.01,0.015,1.934,m,FIX,2025-04-01 11:13:08.0 UTC-06:00,2025-04-01 11:13:11.0 UTC-06:00,16,1.1,1.3,468406.275,4313300.688,2434.672,-105.3646942,38.96810755,2420.645,279.037,,NAD83(2011) / UTM zone 13N + NAVD88(GEOID18) height,9,6,8,4,0,,4313267.993,468131.695,2421.0299999999997,POINT Z (468131.695 4313267.993 2421.0299999999997)
389,389,239,,468129.19,4313269.212,2430.468,,-105.3678911,38.96781388,2416.446,Global,0.01,0.01,0.01,0.015,1.934,m,FIX,2025-04-01 11:13:20.8 UTC-06:00,2025-04-01 11:13:23.8 UTC-06:00,16,1.2,1.4,468406.275,4313300.688,2434.672,-105.3646942,38.96810755,2420.645,279.09,,NAD83(2011) / UTM zone 13N + NAVD88(GEOID18) height,9,5,8,4,0,,4313267.8040000005,468131.664,2421.028,POINT Z (468131.664 4313267.8040000005 2421.028)
390,390,240,,468129.165,4313269.007,2430.496,,-105.3678914,38.96781203,2416.474,Global,0.011,0.011,0.011,0.015,1.934,m,FIX,2025-04-01 11:13:32.6 UTC-06:00,2025-04-01 11:13:35.6 UTC-06:00,16,1.2,1.4,468406.275,4313300.688,2434.672,-105.3646942,38.96810755,2420.645,279.14,,NAD83(2011) / UTM zone 13N + NAVD88(GEOID18) height,9,5,8,4,0,,4313267.599,468131.63899999997,2421.056,POINT Z (468131.63899999997 4313267.599 2421.056)
391,391,241,,468129.131,4313268.801,2430.523,,-105.3678918,38.96781017,2416.501,Global,0.01,0.01,0.01,0.014,1.934,m,FIX,2025-04-01 11:13:46.2 UTC-06:00,2025-04-01 11:13:49.2 UTC-06:00,16,1.2,1.4,468406.275,4313300.688,2434.672,-105.3646942,38.96810755,2420.645,279.193,,NAD83(2011) / UTM zone 13N + NAVD88(GEOID18) height,9,6,8,4,0,,4313267.393,468131.605,2421.083,POINT Z (468131.605 4313267.393 2421.083)
392,392,242,,468129.106,4313268.587,2430.559,,-105.3678921,38.96780824,2416.537,Global,0.011,0.01,0.011,0.015,1.934,m,FIX,2025-04-01 11:14:01.2 UTC-06:00,2025-04-01 11:14:04.2 UTC-06:00,16,1.2,1.4,468406.275,4313300.688,2434.672,-105.3646942,38.96810755,2420.645,279.249,,NAD83(2011) / UTM zone 13N + NAVD88(GEOID18) height,9,6,8,4,0,,4313267.1790000005,468131.58,2421.119,POINT Z (468131.58 4313267.1790000005 2421.119)
393,393,243,,468129.087,4313268.385,2430.588,,-105.3678923,38.96780642,2416.566,Global,0.011,0.011,0.01,0.015,1.934,m,FIX,2025-04-01 11:14:13.4 UTC-06:00,2025-04-01 11:14:16.4 UTC-06:00,16,1.2,1.4,468406.275,4313300.688,2434.672,-105.3646942,38.96810755,2420.645,279.282,,NAD83(2011) / UTM zone 13N + NAVD88(GEOID18) height,9,6,8,4,0,,4313266.977,468131.561,2421.148,POINT Z (468131.561 4313266.977 2421.148)
394,394,244,,468129.082,4313268.189,2430.629,,-105.3678923,38.96780465,2416.607,Global,0.011,0.01,0.01,0.015,1.934,m,FIX,2025-04-01 11:14:26.2 UTC-06:00,2025-04-01 11:14:29.2 UTC-06:00,16,1.2,1.4,468406.275,4313300.688,2434.672,-105.3646942,38.96810755,2420.645,279.316,,NAD83(2011) / UTM zone 13N + NAVD88(GEOID18) height,9,6,8,4,0,,4313266.781,468131.556,2421.189,POINT Z (468131.556 4313266.781 2421.189)
395,395,245,,468129.05,4313267.996,2430.716,,-105.3678927,38.96780292,2416.694,Global,0.01,0.01,0.01,0.014,1.934,m,FIX,2025-04-01 11:14:47.2 UTC-06:00,2025-04-01 11:14:50.2 UTC-06:00,16,1.2,1.4,468406.275,4313300.688,2434.672,-105.3646942,38.96810755,2420.645,279.366,,NAD83(2011) / UTM zone 13N + NAVD88(GEOID18) height,9,6,8,4,0,,4313266.588,468131.524,2421.276,POINT Z (468131.524 4313266.588 2421.276)
396,396,246,,468129.027,4313267.845,2430.731,,-105.3678929,38.96780155,2416.709,Global,0.01,0.01,0.01,0.015,1.934,m,FIX,2025-04-01 11:15:01.8 UTC-06:00,2025-04-01 11:15:04.8 UTC-06:00,16,1.2,1.4,468406.275,4313300.688,2434.672,-105.3646942,38.96810755,2420.645,279.405,,NAD83(2011) / UTM zone 13N + NAVD88(GEOID18) height,9,6,8,4,0,,4313266.437,468131.501,2421.291,POINT Z (468131.501 4313266.437 2421.291)
397,397,247,,468129.005,4313267.655,2430.786,,-105.3678932,38.96779984,2416.764,Global,0.01,0.01,0.01,0.014,1.934,m,FIX,2025-04-01 11:15:14.2 UTC-06:00,2025-04-01 11:15:17.2 UTC-06:00,16,1.3,1.5,468406.275,4313300.688,2434.672,-105.3646942,38.96810755,2420.645,279.449,,NAD83(2011) / UTM zone 13N + NAVD88(GEOID18) height,9,6,9,4,0,,4313266.247,468131.479,2421.346,POINT Z (468131.479 4313266.247 2421.346)
398,398,248,,468129.001,4313267.467,2430.824,,-105.3678932,38.96779815,2416.802,Global,0.011,0.011,0.012,0.015,1.934,m,FIX,2025-04-01 11:15:27.8 UTC-06:00,2025-04-01 11:15:30.8 UTC-06:00,16,1.2,1.4,468406.275,4313300.688,2434.672,-105.3646942,38.96810755,2420.645,279.477,,NAD83(2011) / UTM zone 13N + NAVD88(GEOID18) height,9,6,8,4,0,,4313266.059,468131.475,2421.384,POINT Z (468131.475 4313266.059 2421.384)
399,399,249,,468129.006,4313267.28,2430.843,,-105.3678931,38.96779646,2416.821,Global,0.011,0.01,0.011,0.015,1.934,m,FIX,2025-04-01 11:15:48.6 UTC-06:00,2025-04-01 11:15:51.6 UTC-06:00,16,1.2,1.4,468406.275,4313300.688,2434.672,-105.3646942,38.96810755,2420.645,279.5,,NAD83(2011) / UTM zone 13N + NAVD88(GEOID18) height,9,6,9,4,0,,4313265.872,468131.48,2421.403,POINT Z (468131.48 4313265.872 2421.403)
400,400,250,,468129.009,4313267.088,2430.873,,-105.3678931,38.96779473,2416.851,Global,0.01,0.01,0.01,0.015,1.934,m,FIX,2025-04-01 11:16:02.8 UTC-06:00,2025-04-01 11:16:05.8 UTC-06:00,16,1.2,1.4,468406.275,4313300.688,2434.672,-105.3646942,38.96810755,2420.645,279.517,,NAD83(2011) / UTM zone 13N + NAVD88(GEOID18) height,9,6,9,4,0,,4313265.680000001,468131.483,2421.433,POINT Z (468131.483 4313265.680000001 2421.433)
401,401,251,,468128.997,4313266.89,2430.912,,-105.3678932,38.96779295,2416.89,Global,0.01,0.011,0.01,0.015,1.934,m,FIX,2025-04-01 11:16:21.4 UTC-06:00,2025-04-01 11:16:24.4 UTC-06:00,16,1.1,1.3,468406.275,4313300.688,2434.672,-105.3646942,38.96810755,2420.645,279.546,,NAD83(2011) / UTM zone 13N + NAVD88(GEOID18) height,9,6,9,4,0,,4313265.482,468131.47099999996,2421.4719999999998,POINT Z (468131.47099999996 4313265.482 2421.4719999999998)
402,402,252,,468129.003,4313266.721,2430.959,,-105.3678932,38.96779143,2416.937,Global,0.01,0.01,0.01,0.014,1.934,m,FIX,2025-04-01 11:16:38.6 UTC-06:00,2025-04-01 11:16:41.6 UTC-06:00,16,1.1,1.3,468406.275,4313300.688,2434.672,-105.3646942,38.96810755,2420.645,279.563,,NAD83(2011) / UTM zone 13N + NAVD88(GEOID18) height,9,6,9,4,0,,4313265.313,468131.477,2421.519,POINT Z (468131.477 4313265.313 2421.519)
403,403,253,,468128.999,4313266.534,2431.001,,-105.3678932,38.96778973,2416.979,Global,0.011,0.011,0.011,0.015,1.934,m,FIX,2025-04-01 11:16:59.2 UTC-06:00,2025-04-01 11:17:02.2 UTC-06:00,16,1.1,1.3,468406.275,4313300.688,2434.672,-105.3646942,38.96810755,2420.645,279.589,,NAD83(2011) / UTM zone 13N + NAVD88(GEOID18) height,9,6,9,4,0,,4313265.126,468131.473,2421.561,POINT Z (468131.473 4313265.126 2421.561)
404,404,254,,468128.972,4313266.347,2431.037,,-105.3678935,38.96778805,2417.015,Global,0.011,0.011,0.011,0.015,1.934,m,FIX,2025-04-01 11:17:13.2 UTC-06:00,2025-04-01 11:17:16.2 UTC-06:00,16,1.2,1.4,468406.275,4313300.688,2434.672,-105.3646942,38.96810755,2420.645,279.638,,NAD83(2011) / UTM zone 13N + NAVD88(GEOID18) height,9,6,8,4,0,,4313264.939,468131.446,2421.5969999999998,POINT Z (468131.446 4313264.939 2421.5969999999998)
405,405,255,,468128.941,4313266.182,2431.118,,-105.3678938,38.96778657,2417.096,Global,0.011,0.01,0.011,0.015,1.934,m,FIX,2025-04-01 11:17:27.0 UTC-06:00,2025-04-01 11:17:30.0 UTC-06:00,16,1.2,1.4,468406.275,4313300.688,2434.672,-105.3646942,38.96810755,2420.645,279.694,,NAD83(2011) / UTM zone 13N + NAVD88(GEOID18) height,8,6,9,4,0,,4313264.774,468131.415,2421.678,POINT Z (468131.415 4313264.774 2421.678)
406,406,256,,468128.949,4313266.005,2431.164,,-105.3678938,38.96778497,2417.142,Global,0.012,0.011,0.012,0.017,1.934,m,FIX,2025-04-01 11:17:38.8 UTC-06:00,2025-04-01 11:17:41.8 UTC-06:00,16,1.2,1.4,468406.275,4313300.688,2434.672,-105.3646942,38.96810755,2420.645,279.715,,NAD83(2011) / UTM zone 13N + NAVD88(GEOID18) height,9,6,9,4,0,,4313264.597,468131.423,2421.724,POINT Z (468131.423 4313264.597 2421.724)
407,407,257,,468128.908,4313265.793,2431.235,,-105.3678942,38.96778305,2417.213,Global,0.01,0.01,0.01,0.015,1.934,m,FIX,2025-04-01 11:17:52.8 UTC-06:00,2025-04-01 11:17:55.8 UTC-06:00,16,1.2,1.4,468406.275,4313300.688,2434.672,-105.3646942,38.96810755,2420.645,279.773,,NAD83(2011) / UTM zone 13N + NAVD88(GEOID18) height,9,6,9,4,0,,4313264.385,468131.382,2421.795,POINT Z (468131.382 4313264.385 2421.795)
408,408,258,,468128.893,4313265.591,2431.322,,-105.3678944,38.96778123,2417.3,Global,0.011,0.012,0.01,0.016,1.934,m,FIX,2025-04-01 11:18:08.6 UTC-06:00,2025-04-01 11:18:11.6 UTC-06:00,16,1.2,1.4,468406.275,4313300.688,2434.672,-105.3646942,38.96810755,2420.645,279.821,,NAD83(2011) / UTM zone 13N + NAVD88(GEOID18) height,9,6,9,4,0,,4313264.183,468131.36699999997,2421.882,POINT Z (468131.36699999997 4313264.183 2421.882)
409,409,259,,468128.878,4313265.407,2431.361,,-105.3678945,38.96777958,2417.339,Global,0.01,0.01,0.01,0.015,1.934,m,FIX,2025-04-01 11:18:23.8 UTC-06:00,2025-04-01 11:18:26.8 UTC-06:00,16,1.2,1.4,468406.275,4313300.688,2434.672,-105.3646942,38.96810755,2420.645,279.845,,NAD83(2011) / UTM zone 13N + NAVD88(GEOID18) height,9,6,9,4,0,,4313263.999,468131.352,2421.921,POINT Z (468131.352 4313263.999 2421.921)
410,410,260,,468128.856,4313265.221,2431.424,,-105.3678948,38.9677779,2417.402,Global,0.011,0.011,0.01,0.015,1.934,m,FIX,2025-04-01 11:18:34.6 UTC-06:00,2025-04-01 11:18:37.6 UTC-06:00,16,1.2,1.4,468406.275,4313300.688,2434.672,-105.3646942,38.96810755,2420.645,279.898,,NAD83(2011) / UTM zone 13N + NAVD88(GEOID18) height,8,6,9,4,0,,4313263.813,468131.33,2421.984,POINT Z (468131.33 4313263.813 2421.984)
411,411,261,,468128.844,4313265.029,2431.468,,-105.3678949,38.96777617,2417.446,Global,0.01,0.01,0.01,0.014,1.934,m,FIX,2025-04-01 11:18:51.2 UTC-06:00,2025-04-01 11:18:54.2 UTC-06:00,16,1.2,1.4,468406.275,4313300.688,2434.672,-105.3646942,38.96810755,2420.645,279.932,,NAD83(2011) / UTM zone 13N + NAVD88(GEOID18) height,8,6,9,4,0,,4313263.621,468131.31799999997,2422.028,POINT Z (468131.31799999997 4313263.621 2422.028)
412,412,262,,468128.831,4313264.847,2431.516,,-105.3678951,38.96777453,2417.494,Global,0.013,0.011,0.011,0.017,1.934,m,FIX,2025-04-01 11:19:03.8 UTC-06:00,2025-04-01 11:19:06.8 UTC-06:00,16,1.1,1.3,468406.275,4313300.688,2434.672,-105.3646942,38.96810755,2420.645,279.971,,NAD83(2011) / UTM zone 13N + NAVD88(GEOID18) height,8,6,9,4,0,,4313263.439,468131.305,2422.076,POINT Z (468131.305 4313263.439 2422.076)
413,413,263,,468128.809,4313264.638,2431.566,,-105.3678953,38.96777265,2417.544,Global,0.01,0.011,0.01,0.015,1.934,m,FIX,2025-04-01 11:19:17.0 UTC-06:00,2025-04-01 11:19:20.0 UTC-06:00,16,1.1,1.3,468406.275,4313300.688,2434.672,-105.3646942,38.96810755,2420.645,280.018,,NAD83(2011) / UTM zone 13N + NAVD88(GEOID18) height,9,6,9,4,0,,4313263.23,468131.283,2422.1259999999997,POINT Z (468131.283 4313263.23 2422.1259999999997)
414,414,264,,468128.805,4313264.447,2431.617,,-105.3678953,38.96777093,2417.595,Global,0.011,0.01,0.01,0.015,1.934,m,FIX,2025-04-01 11:19:39.6 UTC-06:00,2025-04-01 11:19:42.6 UTC-06:00,16,1.1,1.3,468406.275,4313300.688,2434.672,-105.3646942,38.96810755,2420.645,280.048,,NAD83(2011) / UTM zone 13N + NAVD88(GEOID18) height,9,6,9,4,0,,4313263.039,468131.279,2422.177,POINT Z (468131.279 4313263.039 2422.177)
415,415,265,,468128.782,4313264.259,2431.682,,-105.3678956,38.96776923,2417.66,Global,0.01,0.011,0.01,0.015,1.934,m,FIX,2025-04-01 11:19:56.4 UTC-06:00,2025-04-01 11:19:59.4 UTC-06:00,16,1.2,1.4,468406.275,4313300.688,2434.672,-105.3646942,38.96810755,2420.645,280.086,,NAD83(2011) / UTM zone 13N + NAVD88(GEOID18) height,9,6,9,4,0,,4313262.851,468131.256,2422.2419999999997,POINT Z (468131.256 4313262.851 2422.2419999999997)
416,416,266,,468128.765,4313264.061,2431.745,,-105.3678958,38.96776744,2417.723,Global,0.011,0.011,0.01,0.015,1.934,m,FIX,2025-04-01 11:20:14.8 UTC-06:00,2025-04-01 11:20:17.8 UTC-06:00,16,1.2,1.4,468406.275,4313300.688,2434.672,-105.3646942,38.96810755,2420.645,280.134,,NAD83(2011) / UTM zone 13N + NAVD88(GEOID18) height,8,6,9,4,0,,4313262.653,468131.239,2422.305,POINT Z (468131.239 4313262.653 2422.305)
417,417,267,,468128.744,4313263.871,2431.799,,-105.367896,38.96776573,2417.777,Global,0.011,0.011,0.011,0.015,1.934,m,FIX,2025-04-01 11:20:28.0 UTC-06:00,2025-04-01 11:20:31.0 UTC-06:00,16,1.2,1.4,468406.275,4313300.688,2434.672,-105.3646942,38.96810755,2420.645,280.178,,NAD83(2011) / UTM zone 13N + NAVD88(GEOID18) height,8,6,9,4,0,,4313262.463,468131.218,2422.359,POINT Z (468131.218 4313262.463 2422.359)
418,418,268,,468128.744,4313263.68,2431.842,,-105.367896,38.96776401,2417.82,Global,0.01,0.011,0.011,0.015,1.934,m,FIX,2025-04-01 11:20:41.0 UTC-06:00,2025-04-01 11:20:44.0 UTC-06:00,16,1.2,1.4,468406.275,4313300.688,2434.672,-105.3646942,38.96810755,2420.645,280.208,,NAD83(2011) / UTM zone 13N + NAVD88(GEOID18) height,8,6,9,4,0,,4313262.272,468131.218,2422.402,POINT Z (468131.218 4313262.272 2422.402)
419,419,269,,468128.73,4313263.473,2431.897,,-105.3678962,38.96776214,2417.875,Global,0.01,0.01,0.011,0.015,1.934,m,FIX,2025-04-01 11:20:53.4 UTC-06:00,2025-04-01 11:20:56.4 UTC-06:00,16,1.1,1.3,468406.275,4313300.688,2434.672,-105.3646942,38.96810755,2420.645,280.245,,NAD83(2011) / UTM zone 13N + NAVD88(GEOID18) height,8,6,9,4,0,,4313262.065,468131.20399999997,2422.457,POINT Z (468131.20399999997 4313262.065 2422.457)
420,420,270,,468128.728,4313263.279,2431.972,,-105.3678962,38.9677604,2417.95,Global,0.011,0.01,0.01,0.015,1.934,m,FIX,2025-04-01 11:21:04.8 UTC-06:00,2025-04-01 11:21:07.8 UTC-06:00,16,1.2,1.4,468406.275,4313300.688,2434.672,-105.3646942,38.96810755,2420.645,280.272,,NAD83(2011) / UTM zone 13N + NAVD88(GEOID18) height,8,6,9,4,0,,4313261.871,468131.202,2422.532,POINT Z (468131.202 4313261.871 2422.532)
421,421,271,,468128.723,4313263.092,2431.985,,-105.3678962,38.96775871,2417.963,Global,0.01,0.011,0.013,0.015,1.934,m,FIX,2025-04-01 11:21:23.8 UTC-06:00,2025-04-01 11:21:26.8 UTC-06:00,16,1.2,1.4,468406.275,4313300.688,2434.672,-105.3646942,38.96810755,2420.645,280.303,,NAD83(2011) / UTM zone 13N + NAVD88(GEOID18) height,8,6,9,4,0,,4313261.684,468131.197,2422.545,POINT Z (468131.197 4313261.684 2422.545)
422,422,272,,468128.718,4313262.892,2432.021,,-105.3678963,38.96775691,2417.999,Global,0.01,0.011,0.011,0.015,1.934,m,FIX,2025-04-01 11:21:38.0 UTC-06:00,2025-04-01 11:21:41.0 UTC-06:00,16,1.2,1.4,468406.275,4313300.688,2434.672,-105.3646942,38.96810755,2420.645,280.329,,NAD83(2011) / UTM zone 13N + NAVD88(GEOID18) height,8,6,9,4,0,,4313261.484,468131.192,2422.581,POINT Z (468131.192 4313261.484 2422.581)
423,423,273,,468128.7,4313262.703,2432.005,,-105.3678965,38.9677552,2417.983,Global,0.011,0.01,0.01,0.015,1.934,m,FIX,2025-04-01 11:21:48.8 UTC-06:00,2025-04-01 11:21:51.8 UTC-06:00,16,1.3,1.5,468406.275,4313300.688,2434.672,-105.3646942,38.96810755,2420.645,280.37,,NAD83(2011) / UTM zone 13N + NAVD88(GEOID18) height,8,5,9,4,0,,4313261.295,468131.174,2422.565,POINT Z (468131.174 4313261.295 2422.565)
424,424,274,,468128.647,4313262.509,2432.033,,-105.3678971,38.96775345,2418.011,Global,0.011,0.01,0.011,0.015,1.934,m,FIX,2025-04-01 11:22:01.2 UTC-06:00,2025-04-01 11:22:04.2 UTC-06:00,16,1.3,1.5,468406.275,4313300.688,2434.672,-105.3646942,38.96810755,2420.645,280.456,,NAD83(2011) / UTM zone 13N + NAVD88(GEOID18) height,8,5,9,4,0,,4313261.101,468131.121,2422.593,POINT Z (468131.121 4313261.101 2422.593)
425,425,275,,468128.606,4313262.324,2432.081,,-105.3678975,38.96775179,2418.059,Global,0.01,0.01,0.01,0.015,1.934,m,FIX,2025-04-01 11:22:13.0 UTC-06:00,2025-04-01 11:22:16.0 UTC-06:00,16,1.3,1.5,468406.275,4313300.688,2434.672,-105.3646942,38.96810755,2420.645,280.519,,NAD83(2011) / UTM zone 13N + NAVD88(GEOID18) height,8,6,9,4,0,,4313260.916,468131.08,2422.641,POINT Z (468131.08 4313260.916 2422.641)
426,426,276,,468128.585,4313262.137,2432.153,,-105.3678978,38.9677501,2418.131,Global,0.01,0.01,0.01,0.015,1.934,m,FIX,2025-04-01 11:22:31.6 UTC-06:00,2025-04-01 11:22:34.6 UTC-06:00,16,1.1,1.3,468406.275,4313300.688,2434.672,-105.3646942,38.96810755,2420.645,280.57,,NAD83(2011) / UTM zone 13N + NAVD88(GEOID18) height,8,6,9,4,0,,4313260.729,468131.059,2422.7129999999997,POINT Z (468131.059 4313260.729 2422.7129999999997)
427,427,277,,468128.557,4313261.934,2432.192,,-105.3678981,38.96774827,2418.17,Global,0.01,0.01,0.01,0.015,1.934,m,FIX,2025-04-01 11:22:43.2 UTC-06:00,2025-04-01 11:22:46.2 UTC-06:00,16,1.3,1.5,468406.275,4313300.688,2434.672,-105.3646942,38.96810755,2420.645,280.626,,NAD83(2011) / UTM zone 13N + NAVD88(GEOID18) height,8,6,9,4,0,,4313260.526000001,468131.03099999996,2422.752,POINT Z (468131.03099999996 4313260.526000001 2422.752)
428,428,278,,468128.533,4313261.751,2432.194,,-105.3678984,38.96774662,2418.172,Global,0.01,0.01,0.011,0.015,1.934,m,FIX,2025-04-01 11:23:04.8 UTC-06:00,2025-04-01 11:23:07.8 UTC-06:00,16,1.2,1.4,468406.275,4313300.688,2434.672,-105.3646942,38.96810755,2420.645,280.673,,NAD83(2011) / UTM zone 13N + NAVD88(GEOID18) height,8,6,9,4,0,,4313260.343,468131.007,2422.754,POINT Z (468131.007 4313260.343 2422.754)
429,429,279,,468128.515,4313261.549,2432.234,,-105.3678985,38.9677448,2418.212,Global,0.01,0.01,0.011,0.015,1.934,m,FIX,2025-04-01 11:23:20.2 UTC-06:00,2025-04-01 11:23:23.2 UTC-06:00,16,1.2,1.4,468406.275,4313300.688,2434.672,-105.3646942,38.96810755,2420.645,280.713,,NAD83(2011) / UTM zone 13N + NAVD88(GEOID18) height,8,6,9,4,0,,4313260.141,468130.989,2422.794,POINT Z (468130.989 4313260.141 2422.794)
430,430,280,,468128.477,4313261.355,2432.27,,-105.367899,38.96774305,2418.248,Global,0.011,0.011,0.011,0.015,1.934,m,FIX,2025-04-01 11:23:30.0 UTC-06:00,2025-04-01 11:23:33.0 UTC-06:00,16,1.3,1.6,468406.275,4313300.688,2434.672,-105.3646942,38.96810755,2420.645,280.781,,NAD83(2011) / UTM zone 13N + NAVD88(GEOID18) height,8,6,9,4,0,,4313259.947000001,468130.951,2422.83,POINT Z (468130.951 4313259.947000001 2422.83)
431,431,281,,468128.485,4313261.149,2432.269,,-105.3678989,38.9677412,2418.247,Global,0.013,0.014,0.01,0.019,1.934,m,FIX,2025-04-01 11:23:38.6 UTC-06:00,2025-04-01 11:23:41.6 UTC-06:00,16,1.3,1.6,468406.275,4313300.688,2434.672,-105.3646942,38.96810755,2420.645,280.815,,NAD83(2011) / UTM zone 13N + NAVD88(GEOID18) height,8,6,9,4,0,,4313259.741,468130.959,2422.8289999999997,POINT Z (468130.959 4313259.741 2422.8289999999997)
432,432,282,,468128.489,4313260.979,2432.347,,-105.3678988,38.96773967,2418.324,Global,0.01,0.011,0.012,0.015,1.934,m,FIX,2025-04-01 11:24:00.6 UTC-06:00,2025-04-01 11:24:03.6 UTC-06:00,16,1.2,1.4,468406.275,4313300.688,2434.672,-105.3646942,38.96810755,2420.645,280.832,,NAD83(2011) / UTM zone 13N + NAVD88(GEOID18) height,8,6,9,4,0,,4313259.571,468130.963,2422.907,POINT Z (468130.963 4313259.571 2422.907)
433,433,283,,468128.445,4313260.794,2432.42,,-105.3678993,38.967738,2418.398,Global,0.011,0.013,0.011,0.017,1.934,m,FIX,2025-04-01 11:24:11.0 UTC-06:00,2025-04-01 11:24:14.0 UTC-06:00,16,1.3,1.6,468406.275,4313300.688,2434.672,-105.3646942,38.96810755,2420.645,280.903,,NAD83(2011) / UTM zone 13N + NAVD88(GEOID18) height,8,6,9,4,0,,4313259.386,468130.919,2422.98,POINT Z (468130.919 4313259.386 2422.98)
434,434,284,,468128.41,4313260.566,2432.456,,-105.3678997,38.96773594,2418.434,Global,0.012,0.01,0.01,0.016,1.934,m,FIX,2025-04-01 11:24:22.8 UTC-06:00,2025-04-01 11:24:25.8 UTC-06:00,16,1.5,1.8,468406.275,4313300.688,2434.672,-105.3646942,38.96810755,2420.645,280.958,,NAD83(2011) / UTM zone 13N + NAVD88(GEOID18) height,8,6,9,4,0,,4313259.158,468130.88399999996,2423.016,POINT Z (468130.88399999996 4313259.158 2423.016)
435,435,285,,468128.406,4313260.398,2432.557,,-105.3678998,38.96773442,2418.535,Global,0.011,0.011,0.011,0.015,1.934,m,FIX,2025-04-01 11:24:32.8 UTC-06:00,2025-04-01 11:24:35.8 UTC-06:00,16,1.5,1.8,468406.275,4313300.688,2434.672,-105.3646942,38.96810755,2420.645,280.994,,NAD83(2011) / UTM zone 13N + NAVD88(GEOID18) height,8,6,9,4,0,,4313258.99,468130.88,2423.1169999999997,POINT Z (468130.88 4313258.99 2423.1169999999997)
436,436,286,,468128.382,4313260.202,2432.487,,-105.3679,38.96773266,2418.465,Global,0.011,0.012,0.01,0.016,1.934,m,FIX,2025-04-01 11:24:46.0 UTC-06:00,2025-04-01 11:24:49.0 UTC-06:00,16,1.4,1.6,468406.275,4313300.688,2434.672,-105.3646942,38.96810755,2420.645,281.038,,NAD83(2011) / UTM zone 13N + NAVD88(GEOID18) height,8,6,9,4,0,,4313258.794,468130.85599999997,2423.047,POINT Z (468130.85599999997 4313258.794 2423.047)
437,437,287,,468128.371,4313260.003,2432.557,,-105.3679001,38.96773086,2418.534,Global,0.011,0.01,0.01,0.015,1.934,m,FIX,2025-04-01 11:25:01.8 UTC-06:00,2025-04-01 11:25:04.8 UTC-06:00,16,1.4,1.7,468406.275,4313300.688,2434.672,-105.3646942,38.96810755,2420.645,281.073,,NAD83(2011) / UTM zone 13N + NAVD88(GEOID18) height,8,6,9,4,0,,4313258.595,468130.845,2423.1169999999997,POINT Z (468130.845 4313258.595 2423.1169999999997)
438,438,288,,468128.329,4313259.817,2432.558,,-105.3679006,38.96772919,2418.536,Global,0.01,0.011,0.01,0.015,1.934,m,FIX,2025-04-01 11:25:12.2 UTC-06:00,2025-04-01 11:25:15.2 UTC-06:00,16,1.5,1.9,468406.275,4313300.688,2434.672,-105.3646942,38.96810755,2420.645,281.154,,NAD83(2011) / UTM zone 13N + NAVD88(GEOID18) height,8,6,9,4,0,,4313258.409,468130.803,2423.118,POINT Z (468130.803 4313258.409 2423.118)
439,439,289,,468128.319,4313259.65,2432.604,,-105.3679007,38.96772768,2418.582,Global,0.01,0.012,0.017,0.016,1.934,m,FIX,2025-04-01 11:25:23.8 UTC-06:00,2025-04-01 11:25:26.8 UTC-06:00,16,1.4,1.7,468406.275,4313300.688,2434.672,-105.3646942,38.96810755,2420.645,281.184,,NAD83(2011) / UTM zone 13N + NAVD88(GEOID18) height,8,6,9,4,0,,4313258.242000001,468130.793,2423.1639999999998,POINT Z (468130.793 4313258.242000001 2423.1639999999998)
440,440,290,,468128.291,4313259.425,2432.653,,-105.367901,38.96772565,2418.631,Global,0.011,0.012,0.01,0.016,1.934,m,FIX,2025-04-01 11:25:39.2 UTC-06:00,2025-04-01 11:25:42.2 UTC-06:00,16,1.5,1.9,468406.275,4313300.688,2434.672,-105.3646942,38.96810755,2420.645,281.248,,NAD83(2011) / UTM zone 13N + NAVD88(GEOID18) height,8,6,9,4,0,,4313258.017,468130.765,2423.2129999999997,POINT Z (468130.765 4313258.017 2423.2129999999997)
441,441,291,,468128.268,4313259.228,2432.713,,-105.3679013,38.96772387,2418.691,Global,0.011,0.011,0.011,0.016,1.934,m,FIX,2025-04-01 11:26:00.8 UTC-06:00,2025-04-01 11:26:03.8 UTC-06:00,16,1.4,1.6,468406.275,4313300.688,2434.672,-105.3646942,38.96810755,2420.645,281.304,,NAD83(2011) / UTM zone 13N + NAVD88(GEOID18) height,8,6,9,4,0,,4313257.82,468130.74199999997,2423.273,POINT Z (468130.74199999997 4313257.82 2423.273)
442,442,292,,468128.239,4313259.033,2432.78,,-105.3679016,38.96772211,2418.758,Global,0.011,0.011,0.011,0.016,1.934,m,FIX,2025-04-01 11:26:14.4 UTC-06:00,2025-04-01 11:26:17.4 UTC-06:00,16,1.5,1.9,468406.275,4313300.688,2434.672,-105.3646942,38.96810755,2420.645,281.359,,NAD83(2011) / UTM zone 13N + NAVD88(GEOID18) height,8,6,9,4,0,,4313257.625,468130.713,2423.34,POINT Z (468130.713 4313257.625 2423.34)
443,443,293,,468128.214,4313258.866,2432.848,,-105.3679019,38.96772061,2418.826,Global,0.011,0.012,0.01,0.016,1.934,m,FIX,2025-04-01 11:26:27.0 UTC-06:00,2025-04-01 11:26:30.0 UTC-06:00,16,1.5,1.9,468406.275,4313300.688,2434.672,-105.3646942,38.96810755,2420.645,281.409,,NAD83(2011) / UTM zone 13N + NAVD88(GEOID18) height,8,6,9,4,0,,4313257.458000001,468130.68799999997,2423.408,POINT Z (468130.68799999997 4313257.458000001 2423.408)
444,444,294,,468128.203,4313258.667,2432.896,,-105.367902,38.96771882,2418.874,Global,0.01,0.01,0.013,0.014,1.934,m,FIX,2025-04-01 11:26:38.4 UTC-06:00,2025-04-01 11:26:41.4 UTC-06:00,16,1.5,1.9,468406.275,4313300.688,2434.672,-105.3646942,38.96810755,2420.645,281.449,,NAD83(2011) / UTM zone 13N + NAVD88(GEOID18) height,8,6,9,4,0,,4313257.259000001,468130.67699999997,2423.456,POINT Z (468130.67699999997 4313257.259000001 2423.456)
445,445,295,,468128.175,4313258.475,2432.943,,-105.3679023,38.96771709,2418.921,Global,0.012,0.01,0.011,0.016,1.934,m,FIX,2025-04-01 11:26:49.4 UTC-06:00,2025-04-01 11:26:52.4 UTC-06:00,16,1.5,1.9,468406.275,4313300.688,2434.672,-105.3646942,38.96810755,2420.645,281.512,,NAD83(2011) / UTM zone 13N + NAVD88(GEOID18) height,8,6,9,4,0,,4313257.067,468130.649,2423.503,POINT Z (468130.649 4313257.067 2423.503)
446,446,296,,468128.163,4313258.303,2433.025,,-105.3679025,38.96771554,2419.003,Global,0.011,0.011,0.01,0.016,1.934,m,FIX,2025-04-01 11:27:00.8 UTC-06:00,2025-04-01 11:27:03.8 UTC-06:00,16,1.4,1.7,468406.275,4313300.688,2434.672,-105.3646942,38.96810755,2420.645,281.54,,NAD83(2011) / UTM zone 13N + NAVD88(GEOID18) height,8,6,9,4,0,,4313256.8950000005,468130.637,2423.585,POINT Z (468130.637 4313256.8950000005 2423.585)
447,447,297,,468128.139,4313258.126,2433.11,,-105.3679027,38.96771394,2419.088,Global,0.01,0.011,0.012,0.015,1.934,m,FIX,2025-04-01 11:27:14.4 UTC-06:00,2025-04-01 11:27:17.4 UTC-06:00,16,1.4,1.7,468406.275,4313300.688,2434.672,-105.3646942,38.96810755,2420.645,281.59,,NAD83(2011) / UTM zone 13N + NAVD88(GEOID18) height,8,6,9,4,0,,4313256.718,468130.613,2423.67,POINT Z (468130.613 4313256.718 2423.67)
448,448,298,,468128.119,4313257.928,2433.141,,-105.367903,38.96771215,2419.119,Global,0.013,0.01,0.015,0.016,1.934,m,FIX,2025-04-01 11:27:27.2 UTC-06:00,2025-04-01 11:27:30.2 UTC-06:00,16,1.4,1.7,468406.275,4313300.688,2434.672,-105.3646942,38.96810755,2420.645,281.647,,NAD83(2011) / UTM zone 13N + NAVD88(GEOID18) height,8,6,9,4,0,,4313256.5200000005,468130.593,2423.701,POINT Z (468130.593 4313256.5200000005 2423.701)
449,449,299,,468128.093,4313257.756,2433.196,,-105.3679032,38.9677106,2419.174,Global,0.011,0.01,0.012,0.015,1.934,m,FIX,2025-04-01 11:27:40.8 UTC-06:00,2025-04-01 11:27:43.8 UTC-06:00,16,1.3,1.6,468406.275,4313300.688,2434.672,-105.3646942,38.96810755,2420.645,281.683,,NAD83(2011) / UTM zone 13N + NAVD88(GEOID18) height,8,6,9,4,0,,4313256.348,468130.567,2423.756,POINT Z (468130.567 4313256.348 2423.756)
450,450,300,,468128.061,4313257.541,2433.221,,-105.3679036,38.96770867,2419.199,Global,0.01,0.011,0.01,0.015,1.934,m,FIX,2025-04-01 11:27:54.8 UTC-06:00,2025-04-01 11:27:57.8 UTC-06:00,16,1.3,1.6,468406.275,4313300.688,2434.672,-105.3646942,38.96810755,2420.645,281.76,,NAD83(2011) / UTM zone 13N + NAVD88(GEOID18) height,8,5,9,4,0,,4313256.133,468130.535,2423.781,POINT Z (468130.535 4313256.133 2423.781)
451,451,301,,468128.043,4313257.367,2433.282,,-105.3679038,38.9677071,2419.26,Global,0.01,0.011,0.016,0.015,1.934,m,FIX,2025-04-01 11:28:10.8 UTC-06:00,2025-04-01 11:28:13.8 UTC-06:00,16,1.4,1.7,468406.275,4313300.688,2434.672,-105.3646942,38.96810755,2420.645,281.797,,NAD83(2011) / UTM zone 13N + NAVD88(GEOID18) height,8,5,9,4,0,,4313255.959,468130.517,2423.842,POINT Z (468130.517 4313255.959 2423.842)
452,452,302,,468128.019,4313257.177,2433.316,,-105.3679041,38.96770538,2419.294,Global,0.01,0.011,0.012,0.015,1.934,m,FIX,2025-04-01 11:28:23.4 UTC-06:00,2025-04-01 11:28:26.4 UTC-06:00,16,1.4,1.7,468406.275,4313300.688,2434.672,-105.3646942,38.96810755,2420.645,281.846,,NAD83(2011) / UTM zone 13N + NAVD88(GEOID18) height,8,5,9,4,0,,4313255.769,468130.49299999996,2423.8759999999997,POINT Z (468130.49299999996 4313255.769 2423.8759999999997)
453,453,303,,468127.993,4313256.961,2433.357,,-105.3679044,38.96770344,2419.335,Global,0.01,0.011,0.011,0.015,1.934,m,FIX,2025-04-01 11:28:43.4 UTC-06:00,2025-04-01 11:28:46.4 UTC-06:00,16,1.6,1.9,468406.275,4313300.688,2434.672,-105.3646942,38.96810755,2420.645,281.909,,NAD83(2011) / UTM zone 13N + NAVD88(GEOID18) height,8,4,9,4,0,,4313255.553,468130.467,2423.917,POINT Z (468130.467 4313255.553 2423.917)
454,454,304,,468127.975,4313256.79,2433.403,,-105.3679046,38.9677019,2419.381,Global,0.01,0.013,0.018,0.016,1.934,m,FIX,2025-04-01 11:28:59.4 UTC-06:00,2025-04-01 11:29:02.4 UTC-06:00,16,1.4,1.7,468406.275,4313300.688,2434.672,-105.3646942,38.96810755,2420.645,281.952,,NAD83(2011) / UTM zone 13N + NAVD88(GEOID18) height,8,4,9,4,0,,4313255.382,468130.44899999996,2423.9629999999997,POINT Z (468130.44899999996 4313255.382 2423.9629999999997)
455,455,305,,468127.933,4313256.571,2433.431,,-105.367905,38.96769992,2419.409,Global,0.01,0.01,0.012,0.015,1.934,m,FIX,2025-04-01 11:29:17.4 UTC-06:00,2025-04-01 11:29:20.4 UTC-06:00,16,1.6,1.9,468406.275,4313300.688,2434.672,-105.3646942,38.96810755,2420.645,282.032,,NAD83(2011) / UTM zone 13N + NAVD88(GEOID18) height,8,5,9,4,0,,4313255.163000001,468130.407,2423.991,POINT Z (468130.407 4313255.163000001 2423.991)
456,456,306,,468127.91,4313256.391,2433.467,,-105.3679053,38.9676983,2419.445,Global,0.01,0.012,0.013,0.016,1.934,m,FIX,2025-04-01 11:29:45.8 UTC-06:00,2025-04-01 11:29:48.8 UTC-06:00,16,1.6,1.9,468406.275,4313300.688,2434.672,-105.3646942,38.96810755,2420.645,282.086,,NAD83(2011) / UTM zone 13N + NAVD88(GEOID18) height,8,5,9,4,0,,4313254.983,468130.38399999996,2424.027,POINT Z (468130.38399999996 4313254.983 2424.027)
457,457,307,,468127.864,4313256.224,2433.518,,-105.3679058,38.96769679,2419.496,Global,0.011,0.01,0.016,0.015,1.934,m,FIX,2025-04-01 11:30:09.8 UTC-06:00,2025-04-01 11:30:12.8 UTC-06:00,16,1.4,1.7,468406.275,4313300.688,2434.672,-105.3646942,38.96810755,2420.645,282.163,,NAD83(2011) / UTM zone 13N + NAVD88(GEOID18) height,8,5,9,4,0,,4313254.816000001,468130.338,2424.078,POINT Z (468130.338 4313254.816000001 2424.078)
458,458,308,,468127.832,4313256.032,2433.558,,-105.3679062,38.96769506,2419.536,Global,0.01,0.012,0.019,0.016,1.934,m,FIX,2025-04-01 11:30:21.4 UTC-06:00,2025-04-01 11:30:24.4 UTC-06:00,16,1.6,1.9,468406.275,4313300.688,2434.672,-105.3646942,38.96810755,2420.645,282.22,,NAD83(2011) / UTM zone 13N + NAVD88(GEOID18) height,8,5,9,4,0,,4313254.624,468130.306,2424.118,POINT Z (468130.306 4313254.624 2424.118)
459,459,309,,468127.793,4313255.839,2433.652,,-105.3679066,38.96769331,2419.63,Global,0.011,0.012,0.019,0.016,1.934,m,FIX,2025-04-01 11:30:36.2 UTC-06:00,2025-04-01 11:30:39.2 UTC-06:00,16,1.6,1.9,468406.275,4313300.688,2434.672,-105.3646942,38.96810755,2420.645,282.282,,NAD83(2011) / UTM zone 13N + NAVD88(GEOID18) height,8,5,8,4,0,,4313254.431,468130.267,2424.212,POINT Z (468130.267 4313254.431 2424.212)
460,460,310,,468127.752,4313255.648,2433.674,,-105.3679071,38.9676916,2419.652,Global,0.011,0.011,0.016,0.016,1.934,m,FIX,2025-04-01 11:30:59.2 UTC-06:00,2025-04-01 11:31:02.2 UTC-06:00,16,1.4,1.7,468406.275,4313300.688,2434.672,-105.3646942,38.96810755,2420.645,282.366,,NAD83(2011) / UTM zone 13N + NAVD88(GEOID18) height,8,5,8,4,0,,4313254.24,468130.22599999997,2424.234,POINT Z (468130.22599999997 4313254.24 2424.234)
461,461,311,,468127.758,4313255.102,2433.812,,-105.367907,38.96768668,2419.79,Global,0.01,0.012,0.019,0.016,1.934,m,FIX,2025-04-01 11:31:42.0 UTC-06:00,2025-04-01 11:31:45.0 UTC-06:00,16,1.6,1.9,468406.275,4313300.688,2434.672,-105.3646942,38.96810755,2420.645,282.442,,NAD83(2011) / UTM zone 13N + NAVD88(GEOID18) height,8,5,8,4,0,,4313253.694,468130.23199999996,2424.372,POINT Z (468130.23199999996 4313253.694 2424.372)
462,462,312,,468127.74,4313255.096,2433.828,,-105.3679072,38.96768662,2419.806,Global,0.012,0.011,0.021,0.016,1.934,m,FIX,2025-04-01 11:32:38.0 UTC-06:00,2025-04-01 11:33:08.0 UTC-06:00,151,1.4,1.7,468406.275,4313300.688,2434.672,-105.3646942,38.96810755,2420.645,282.462,,NAD83(2011) / UTM zone 13N + NAVD88(GEOID18) height,8,5,8,4,0,,4313253.688,468130.214,2424.388,POINT Z (468130.214 4313253.688 2424.388)
463,463,313,,468127.612,4313255.103,2433.831,,-105.3679087,38.96768668,2419.809,Global,0.01,0.01,0.016,0.015,1.934,m,FIX,2025-04-01 11:33:32.8 UTC-06:00,2025-04-01 11:33:35.8 UTC-06:00,16,1.5,1.8,468406.275,4313300.688,2434.672,-105.3646942,38.96810755,2420.645,282.588,,NAD83(2011) / UTM zone 13N + NAVD88(GEOID18) height,8,5,8,4,0,,4313253.695,468130.086,2424.391,POINT Z (468130.086 4313253.695 2424.391)
464,464,314,,468127.755,4313255.299,2433.753,,-105.367907,38.96768845,2419.731,Global,0.012,0.01,0.014,0.016,1.934,m,FIX,2025-04-01 11:33:45.8 UTC-06:00,2025-04-01 11:33:48.8 UTC-06:00,16,1.6,1.9,468406.275,4313300.688,2434.672,-105.3646942,38.96810755,2420.645,282.422,,NAD83(2011) / UTM zone 13N + NAVD88(GEOID18) height,8,5,9,4,0,,4313253.891,468130.229,2424.313,POINT Z (468130.229 4313253.891 2424.313)
465,465,315,,468127.954,4313254.969,2433.753,,-105.3679047,38.96768548,2419.731,Global,0.01,0.01,0.016,0.015,1.934,m,FIX,2025-04-01 11:34:10.2 UTC-06:00,2025-04-01 11:34:13.2 UTC-06:00,16,1.4,1.8,468406.275,4313300.688,2434.672,-105.3646942,38.96810755,2420.645,282.266,,NAD83(2011) / UTM zone 13N + NAVD88(GEOID18) height,8,5,9,4,0,,4313253.561,468130.428,2424.313,POINT Z (468130.428 4313253.561 2424.313)
466,466,316,,468127.766,4313254.726,2433.842,,-105.3679069,38.96768329,2419.82,Global,0.011,0.014,0.023,0.018,1.934,m,FIX,2025-04-01 11:34:24.0 UTC-06:00,2025-04-01 11:34:27.0 UTC-06:00,16,1.7,2.1,468406.275,4313300.688,2434.672,-105.3646942,38.96810755,2420.645,282.495,,NAD83(2011) / UTM zone 13N + NAVD88(GEOID18) height,8,6,9,4,0,,4313253.318,468130.24,2424.402,POINT Z (468130.24 4313253.318 2424.402)
467,467,317,,468127.719,4313255.092,2433.815,,-105.3679074,38.96768659,2419.793,Global,0.01,0.012,0.019,0.016,1.934,m,FIX,2025-04-01 11:34:44.4 UTC-06:00,2025-04-01 11:34:47.4 UTC-06:00,16,1.6,1.9,468406.275,4313300.688,2434.672,-105.3646942,38.96810755,2420.645,282.488,,NAD83(2011) / UTM zone 13N + NAVD88(GEOID18) height,8,6,8,4,0,,4313253.684,468130.19299999997,2424.375,POINT Z (468130.19299999997 4313253.684 2424.375)
468,468,318,,468127.742,4313255.1,2433.829,,-105.3679072,38.96768666,2419.807,Global,0.011,0.014,0.021,0.018,1.934,m,FIX,2025-04-01 11:34:56.6 UTC-06:00,2025-04-01 11:34:59.6 UTC-06:00,16,1.6,1.9,468406.275,4313300.688,2434.672,-105.3646942,38.96810755,2420.645,282.466,,NAD83(2011) / UTM zone 13N + NAVD88(GEOID18) height,8,6,8,4,0,,4313253.692,468130.216,2424.389,POINT Z (468130.216 4313253.692 2424.389)
469,469,319,,468067.852,4313269.287,2437.276,,-105.3685991,38.96781231,2423.255,Global,0.011,0.011,0.011,0.015,1.934,m,FIX,2025-04-01 11:54:18.4 UTC-06:00,2025-04-01 11:54:48.4 UTC-06:00,151,1.8,2.2,468406.275,4313300.688,2434.672,-105.3646942,38.96810755,2420.645,340.172,,NAD83(2011) / UTM zone 13N + NAVD88(GEOID18) height,7,4,8,3,0,,4313267.879,468070.326,2427.836,POINT Z (468070.326 4313267.879 2427.836)
470,470,320,,468067.855,4313269.284,2437.284,,-105.3685991,38.96781229,2423.264,Global,0.011,0.011,0.017,0.016,1.934,m,FIX,2025-04-01 11:55:08.6 UTC-06:00,2025-04-01 11:55:11.6 UTC-06:00,16,1.8,2.2,468406.275,4313300.688,2434.672,-105.3646942,38.96810755,2420.645,340.164,,NAD83(2011) / UTM zone 13N + NAVD88(GEOID18) height,7,4,7,3,0,,4313267.876,468070.32899999997,2427.844,POINT Z (468070.32899999997 4313267.876 2427.844)
471,471,321,,468067.65,4313269.299,2437.292,,-105.3686015,38.96781242,2423.272,Global,0.01,0.011,0.012,0.015,1.934,m,FIX,2025-04-01 11:55:23.4 UTC-06:00,2025-04-01 11:55:26.4 UTC-06:00,16,1.8,2.2,468406.275,4313300.688,2434.672,-105.3646942,38.96810755,2420.645,340.366,,NAD83(2011) / UTM zone 13N + NAVD88(GEOID18) height,7,4,7,3,0,,4313267.891,468070.124,2427.852,POINT Z (468070.124 4313267.891 2427.852)
472,472,322,,468067.866,4313269.456,2437.127,,-105.368599,38.96781384,2423.106,Global,0.011,0.012,0.013,0.016,1.934,m,FIX,2025-04-01 11:55:37.6 UTC-06:00,2025-04-01 11:55:40.6 UTC-06:00,16,1.8,2.2,468406.275,4313300.688,2434.672,-105.3646942,38.96810755,2420.645,340.143,,NAD83(2011) / UTM zone 13N + NAVD88(GEOID18) height,7,5,8,3,0,,4313268.048,468070.33999999997,2427.687,POINT Z (468070.33999999997 4313268.048 2427.687)
473,473,323,,468068.026,4313269.269,2437.225,,-105.3685971,38.96781216,2423.204,Global,0.01,0.011,0.011,0.015,1.934,m,FIX,2025-04-01 11:55:48.8 UTC-06:00,2025-04-01 11:55:51.8 UTC-06:00,16,1.8,2.2,468406.275,4313300.688,2434.672,-105.3646942,38.96810755,2420.645,339.994,,NAD83(2011) / UTM zone 13N + NAVD88(GEOID18) height,7,5,8,3,0,,4313267.8610000005,468070.5,2427.785,POINT Z (468070.5 4313267.8610000005 2427.785)
474,474,324,,468067.833,4313269.079,2437.401,,-105.3685993,38.96781044,2423.381,Global,0.01,0.01,0.013,0.015,1.934,m,FIX,2025-04-01 11:56:00.4 UTC-06:00,2025-04-01 11:56:03.4 UTC-06:00,16,1.8,2.2,468406.275,4313300.688,2434.672,-105.3646942,38.96810755,2420.645,340.213,,NAD83(2011) / UTM zone 13N + NAVD88(GEOID18) height,7,4,9,3,0,,4313267.671,468070.307,2427.961,POINT Z (468070.307 4313267.671 2427.961)
475,475,325,,468067.822,4313269.29,2437.245,,-105.3685995,38.96781235,2423.224,Global,0.01,0.01,0.012,0.015,1.934,m,FIX,2025-04-01 11:56:16.6 UTC-06:00,2025-04-01 11:56:19.6 UTC-06:00,16,1.8,2.2,468406.275,4313300.688,2434.672,-105.3646942,38.96810755,2420.645,340.199,,NAD83(2011) / UTM zone 13N + NAVD88(GEOID18) height,7,4,8,3,0,,4313267.882,468070.296,2427.805,POINT Z (468070.296 4313267.882 2427.805)
476,476,326,,468067.852,4313269.29,2437.271,,-105.3685991,38.96781234,2423.25,Global,0.01,0.01,0.011,0.014,1.934,m,FIX,2025-04-01 11:56:31.8 UTC-06:00,2025-04-01 11:56:34.8 UTC-06:00,16,1.8,2.2,468406.275,4313300.688,2434.672,-105.3646942,38.96810755,2420.645,340.164,,NAD83(2011) / UTM zone 13N + NAVD88(GEOID18) height,7,5,8,3,0,,4313267.882,468070.326,2427.831,POINT Z (468070.326 4313267.882 2427.831)
477,477,327,,468067.903,4313269.498,2437.101,,-105.3685986,38.96781422,2423.08,Global,0.012,0.012,0.012,0.017,1.934,m,FIX,2025-04-01 11:57:37.4 UTC-06:00,2025-04-01 11:57:40.4 UTC-06:00,16,1.8,2.2,468406.275,4313300.688,2434.672,-105.3646942,38.96810755,2420.645,340.102,,NAD83(2011) / UTM zone 13N + NAVD88(GEOID18) height,7,5,9,3,0,,4313268.09,468070.377,2427.661,POINT Z (468070.377 4313268.09 2427.661)
478,478,328,,468067.948,4313269.872,2436.844,,-105.3685981,38.9678176,2422.824,Global,0.012,0.01,0.011,0.016,1.934,m,FIX,2025-04-01 11:57:50.6 UTC-06:00,2025-04-01 11:57:53.6 UTC-06:00,16,1.8,2.2,468406.275,4313300.688,2434.672,-105.3646942,38.96810755,2420.645,340.005,,NAD83(2011) / UTM zone 13N + NAVD88(GEOID18) height,7,5,10,3,0,,4313268.464000001,468070.42199999996,2427.404,POINT Z (468070.42199999996 4313268.464000001 2427.404)
479,479,329,,468068.058,4313270.315,2436.43,,-105.3685968,38.96782159,2422.409,Global,0.011,0.01,0.011,0.015,1.934,m,FIX,2025-04-01 11:58:15.0 UTC-06:00,2025-04-01 11:58:18.0 UTC-06:00,16,2.4,3.1,468406.275,4313300.688,2434.672,-105.3646942,38.96810755,2420.645,339.863,,NAD83(2011) / UTM zone 13N + NAVD88(GEOID18) height,7,5,8,3,0,,4313268.907000001,468070.532,2426.99,POINT Z (468070.532 4313268.907000001 2426.99)
480,480,330,,468068.163,4313270.727,2436.153,,-105.3685956,38.96782531,2422.132,Global,0.01,0.011,0.011,0.015,1.934,m,FIX,2025-04-01 11:58:37.6 UTC-06:00,2025-04-01 11:58:40.6 UTC-06:00,16,1.8,2.2,468406.275,4313300.688,2434.672,-105.3646942,38.96810755,2420.645,339.712,,NAD83(2011) / UTM zone 13N + NAVD88(GEOID18) height,7,5,8,3,0,,4313269.319,468070.637,2426.7129999999997,POINT Z (468070.637 4313269.319 2426.7129999999997)
481,481,331,,468068.266,4313271.122,2435.903,,-105.3685944,38.96782887,2421.882,Global,0.01,0.012,0.014,0.016,1.934,m,FIX,2025-04-01 11:58:56.2 UTC-06:00,2025-04-01 11:58:59.2 UTC-06:00,16,1.8,2.2,468406.275,4313300.688,2434.672,-105.3646942,38.96810755,2420.645,339.57,,NAD83(2011) / UTM zone 13N + NAVD88(GEOID18) height,7,5,8,3,0,,4313269.714000001,468070.74,2426.4629999999997,POINT Z (468070.74 4313269.714000001 2426.4629999999997)
482,482,332,,468068.395,4313271.543,2435.682,,-105.368593,38.96783267,2421.662,Global,0.011,0.011,0.011,0.015,1.934,m,FIX,2025-04-01 11:59:17.0 UTC-06:00,2025-04-01 11:59:20.0 UTC-06:00,16,1.8,2.2,468406.275,4313300.688,2434.672,-105.3646942,38.96810755,2420.645,339.409,,NAD83(2011) / UTM zone 13N + NAVD88(GEOID18) height,7,5,9,3,0,,4313270.135,468070.869,2426.2419999999997,POINT Z (468070.869 4313270.135 2426.2419999999997)
483,483,333,,468068.511,4313271.972,2435.246,,-105.3685917,38.96783654,2421.226,Global,0.011,0.01,0.03,0.015,1.934,m,FIX,2025-04-01 11:59:32.2 UTC-06:00,2025-04-01 11:59:35.2 UTC-06:00,16,2.4,3.1,468406.275,4313300.688,2434.672,-105.3646942,38.96810755,2420.645,339.255,,NAD83(2011) / UTM zone 13N + NAVD88(GEOID18) height,7,5,9,3,0,,4313270.564,468070.985,2425.806,POINT Z (468070.985 4313270.564 2425.806)
484,484,334,,468068.634,4313272.38,2434.992,,-105.3685903,38.96784022,2420.971,Global,0.011,0.012,0.016,0.016,1.934,m,FIX,2025-04-01 11:59:46.8 UTC-06:00,2025-04-01 11:59:49.8 UTC-06:00,16,1.8,2.2,468406.275,4313300.688,2434.672,-105.3646942,38.96810755,2420.645,339.09,,NAD83(2011) / UTM zone 13N + NAVD88(GEOID18) height,7,5,8,4,0,,4313270.972,468071.108,2425.552,POINT Z (468071.108 4313270.972 2425.552)
485,485,335,,468068.74,4313272.824,2434.783,,-105.3685891,38.96784422,2420.762,Global,0.011,0.01,0.013,0.015,1.934,m,FIX,2025-04-01 12:00:05.0 UTC-06:00,2025-04-01 12:00:08.0 UTC-06:00,16,1.8,2.2,468406.275,4313300.688,2434.672,-105.3646942,38.96810755,2420.645,338.953,,NAD83(2011) / UTM zone 13N + NAVD88(GEOID18) height,7,4,8,4,0,,4313271.416,468071.214,2425.343,POINT Z (468071.214 4313271.416 2425.343)
486,486,336,,468068.839,4313273.275,2434.715,,-105.3685879,38.96784829,2420.695,Global,0.011,0.011,0.011,0.015,1.934,m,FIX,2025-04-01 12:00:25.2 UTC-06:00,2025-04-01 12:00:28.2 UTC-06:00,16,1.8,2.2,468406.275,4313300.688,2434.672,-105.3646942,38.96810755,2420.645,338.806,,NAD83(2011) / UTM zone 13N + NAVD88(GEOID18) height,7,5,9,4,0,,4313271.867000001,468071.31299999997,2425.275,POINT Z (468071.31299999997 4313271.867000001 2425.275)
487,487,337,,468068.985,4313273.697,2434.623,,-105.3685863,38.9678521,2420.603,Global,0.012,0.012,0.012,0.017,1.934,m,FIX,2025-04-01 12:00:41.6 UTC-06:00,2025-04-01 12:00:44.6 UTC-06:00,16,1.8,2.2,468406.275,4313300.688,2434.672,-105.3646942,38.96810755,2420.645,338.641,,NAD83(2011) / UTM zone 13N + NAVD88(GEOID18) height,7,5,9,4,0,,4313272.289,468071.459,2425.183,POINT Z (468071.459 4313272.289 2425.183)
488,488,338,,468069.157,4313274.098,2433.754,,-105.3685843,38.96785572,2419.733,Global,0.01,0.01,0.011,0.014,1.934,m,FIX,2025-04-01 12:01:11.2 UTC-06:00,2025-04-01 12:01:14.2 UTC-06:00,16,1.7,2.2,468406.275,4313300.688,2434.672,-105.3646942,38.96810755,2420.645,338.426,,NAD83(2011) / UTM zone 13N + NAVD88(GEOID18) height,7,5,9,4,0,,4313272.69,468071.631,2424.314,POINT Z (468071.631 4313272.69 2424.314)
489,489,339,,468069.25,4313274.514,2433.635,,-105.3685833,38.96785947,2419.615,Global,0.011,0.012,0.011,0.016,1.934,m,FIX,2025-04-01 12:01:33.0 UTC-06:00,2025-04-01 12:01:36.0 UTC-06:00,16,1.7,2.2,468406.275,4313300.688,2434.672,-105.3646942,38.96810755,2420.645,338.308,,NAD83(2011) / UTM zone 13N + NAVD88(GEOID18) height,7,5,9,4,0,,4313273.106000001,468071.724,2424.195,POINT Z (468071.724 4313273.106000001 2424.195)
490,490,340,,468069.326,4313274.945,2433.476,,-105.3685824,38.96786336,2419.455,Global,0.01,0.01,0.011,0.015,1.934,m,FIX,2025-04-01 12:01:49.2 UTC-06:00,2025-04-01 12:01:52.2 UTC-06:00,16,1.7,2.2,468406.275,4313300.688,2434.672,-105.3646942,38.96810755,2420.645,338.193,,NAD83(2011) / UTM zone 13N + NAVD88(GEOID18) height,7,5,10,4,0,,4313273.5370000005,468071.8,2424.036,POINT Z (468071.8 4313273.5370000005 2424.036)
491,491,341,,468069.435,4313275.387,2433.384,,-105.3685812,38.96786735,2419.363,Global,0.01,0.011,0.01,0.015,1.934,m,FIX,2025-04-01 12:02:02.6 UTC-06:00,2025-04-01 12:02:05.6 UTC-06:00,16,1.7,2.2,468406.275,4313300.688,2434.672,-105.3646942,38.96810755,2420.645,338.051,,NAD83(2011) / UTM zone 13N + NAVD88(GEOID18) height,7,5,8,4,0,,4313273.979,468071.909,2423.944,POINT Z (468071.909 4313273.979 2423.944)
492,492,342,,468069.524,4313275.819,2433.279,,-105.3685801,38.96787124,2419.259,Global,0.011,0.01,0.012,0.015,1.934,m,FIX,2025-04-01 12:02:14.0 UTC-06:00,2025-04-01 12:02:17.0 UTC-06:00,16,1.7,2.2,468406.275,4313300.688,2434.672,-105.3646942,38.96810755,2420.645,337.927,,NAD83(2011) / UTM zone 13N + NAVD88(GEOID18) height,7,5,9,3,0,,4313274.411,468071.99799999996,2423.839,POINT Z (468071.99799999996 4313274.411 2423.839)
493,493,343,,468069.626,4313276.256,2433.159,,-105.368579,38.96787518,2419.139,Global,0.011,0.01,0.012,0.015,1.934,m,FIX,2025-04-01 12:02:25.8 UTC-06:00,2025-04-01 12:02:28.8 UTC-06:00,16,2.4,3.1,468406.275,4313300.688,2434.672,-105.3646942,38.96810755,2420.645,337.796,,NAD83(2011) / UTM zone 13N + NAVD88(GEOID18) height,7,6,9,4,0,,4313274.848,468072.1,2423.719,POINT Z (468072.1 4313274.848 2423.719)
494,494,344,,468069.726,4313276.683,2432.858,,-105.3685779,38.96787903,2418.837,Global,0.011,0.01,0.011,0.015,1.934,m,FIX,2025-04-01 12:02:45.8 UTC-06:00,2025-04-01 12:02:48.8 UTC-06:00,16,1.7,2.2,468406.275,4313300.688,2434.672,-105.3646942,38.96810755,2420.645,337.67,,NAD83(2011) / UTM zone 13N + NAVD88(GEOID18) height,7,5,8,4,0,,4313275.275,468072.2,2423.418,POINT Z (468072.2 4313275.275 2423.418)
495,495,345,,468069.734,4313277.12,2432.586,,-105.3685778,38.96788297,2418.565,Global,0.011,0.011,0.013,0.015,1.934,m,FIX,2025-04-01 12:03:00.8 UTC-06:00,2025-04-01 12:03:03.8 UTC-06:00,16,2.4,3.0,468406.275,4313300.688,2434.672,-105.3646942,38.96810755,2420.645,337.621,,NAD83(2011) / UTM zone 13N + NAVD88(GEOID18) height,7,6,10,4,0,,4313275.712,468072.208,2423.1459999999997,POINT Z (468072.208 4313275.712 2423.1459999999997)
496,496,346,,468069.824,4313277.556,2432.306,,-105.3685768,38.9678869,2418.285,Global,0.01,0.011,0.015,0.015,1.934,m,FIX,2025-04-01 12:03:20.8 UTC-06:00,2025-04-01 12:03:23.8 UTC-06:00,16,1.7,2.2,468406.275,4313300.688,2434.672,-105.3646942,38.96810755,2420.645,337.5,,NAD83(2011) / UTM zone 13N + NAVD88(GEOID18) height,7,5,9,4,0,,4313276.148,468072.298,2422.866,POINT Z (468072.298 4313276.148 2422.866)
497,497,347,,468069.92,4313278.003,2432.155,,-105.3685757,38.96789094,2418.135,Global,0.01,0.01,0.018,0.015,1.934,m,FIX,2025-04-01 12:03:33.6 UTC-06:00,2025-04-01 12:03:36.6 UTC-06:00,16,2.4,3.0,468406.275,4313300.688,2434.672,-105.3646942,38.96810755,2420.645,337.377,,NAD83(2011) / UTM zone 13N + NAVD88(GEOID18) height,7,6,10,4,0,,4313276.595,468072.394,2422.715,POINT Z (468072.394 4313276.595 2422.715)
498,498,348,,468069.998,4313278.427,2431.998,,-105.3685748,38.96789476,2417.977,Global,0.01,0.011,0.013,0.015,1.934,m,FIX,2025-04-01 12:03:46.2 UTC-06:00,2025-04-01 12:03:49.2 UTC-06:00,16,1.7,2.2,468406.275,4313300.688,2434.672,-105.3646942,38.96810755,2420.645,337.268,,NAD83(2011) / UTM zone 13N + NAVD88(GEOID18) height,7,6,10,4,0,,4313277.019,468072.472,2422.558,POINT Z (468072.472 4313277.019 2422.558)
499,499,349,,468070.083,4313278.866,2431.756,,-105.3685738,38.96789872,2417.736,Global,0.01,0.011,0.012,0.015,1.934,m,FIX,2025-04-01 12:04:04.4 UTC-06:00,2025-04-01 12:04:07.4 UTC-06:00,16,2.4,3.0,468406.275,4313300.688,2434.672,-105.3646942,38.96810755,2420.645,337.159,,NAD83(2011) / UTM zone 13N + NAVD88(GEOID18) height,6,5,9,4,0,,4313277.458000001,468072.557,2422.316,POINT Z (468072.557 4313277.458000001 2422.316)
500,500,350,,468070.123,4313279.279,2431.398,,-105.3685734,38.96790244,2417.378,Global,0.01,0.011,0.01,0.015,1.934,m,FIX,2025-04-01 12:04:20.2 UTC-06:00,2025-04-01 12:04:23.2 UTC-06:00,16,1.7,2.1,468406.275,4313300.688,2434.672,-105.3646942,38.96810755,2420.645,337.093,,NAD83(2011) / UTM zone 13N + NAVD88(GEOID18) height,6,5,8,4,0,,4313277.871,468072.597,2421.958,POINT Z (468072.597 4313277.871 2421.958)
501,501,351,,468070.22,4313279.692,2431.066,,-105.3685723,38.96790616,2417.046,Global,0.011,0.011,0.011,0.015,1.934,m,FIX,2025-04-01 12:04:36.6 UTC-06:00,2025-04-01 12:04:39.6 UTC-06:00,16,1.7,2.1,468406.275,4313300.688,2434.672,-105.3646942,38.96810755,2420.645,336.968,,NAD83(2011) / UTM zone 13N + NAVD88(GEOID18) height,7,6,10,3,0,,4313278.284,468072.69399999996,2421.6259999999997,POINT Z (468072.69399999996 4313278.284 2421.6259999999997)
502,502,352,,468070.318,4313280.135,2430.862,,-105.3685712,38.96791016,2416.842,Global,0.011,0.011,0.01,0.016,1.934,m,FIX,2025-04-01 12:04:51.0 UTC-06:00,2025-04-01 12:04:54.0 UTC-06:00,16,1.7,2.1,468406.275,4313300.688,2434.672,-105.3646942,38.96810755,2420.645,336.849,,NAD83(2011) / UTM zone 13N + NAVD88(GEOID18) height,6,6,9,4,0,,4313278.727,468072.792,2421.422,POINT Z (468072.792 4313278.727 2421.422)
503,503,353,,468070.399,4313280.567,2430.686,,-105.3685703,38.96791406,2416.665,Global,0.011,0.012,0.011,0.016,1.934,m,FIX,2025-04-01 12:05:04.4 UTC-06:00,2025-04-01 12:05:07.4 UTC-06:00,16,1.7,2.1,468406.275,4313300.688,2434.672,-105.3646942,38.96810755,2420.645,336.734,,NAD83(2011) / UTM zone 13N + NAVD88(GEOID18) height,6,5,9,3,0,,4313279.159,468072.87299999996,2421.246,POINT Z (468072.87299999996 4313279.159 2421.246)
504,504,354,,468070.454,4313280.961,2430.668,,-105.3685696,38.96791761,2416.647,Global,0.011,0.011,0.017,0.015,1.934,m,FIX,2025-04-01 12:05:45.6 UTC-06:00,2025-04-01 12:06:15.6 UTC-06:00,151,1.7,2.1,468406.275,4313300.688,2434.672,-105.3646942,38.96810755,2420.645,336.668,,NAD83(2011) / UTM zone 13N + NAVD88(GEOID18) height,7,5,7,4,0,,4313279.553,468072.928,2421.228,POINT Z (468072.928 4313279.553 2421.228)
505,505,355,,468070.452,4313280.961,2430.688,,-105.3685697,38.96791761,2416.668,Global,0.01,0.01,0.011,0.014,1.934,m,FIX,2025-04-01 12:06:31.6 UTC-06:00,2025-04-01 12:06:34.6 UTC-06:00,16,1.7,2.1,468406.275,4313300.688,2434.672,-105.3646942,38.96810755,2420.645,336.667,,NAD83(2011) / UTM zone 13N + NAVD88(GEOID18) height,6,6,7,4,0,,4313279.553,468072.926,2421.248,POINT Z (468072.926 4313279.553 2421.248)
506,506,356,,468070.225,4313281.037,2430.64,,-105.3685723,38.96791829,2416.619,Global,0.01,0.01,0.012,0.015,1.934,m,FIX,2025-04-01 12:06:42.2 UTC-06:00,2025-04-01 12:06:45.2 UTC-06:00,16,1.7,2.1,468406.275,4313300.688,2434.672,-105.3646942,38.96810755,2420.645,336.884,,NAD83(2011) / UTM zone 13N + NAVD88(GEOID18) height,6,5,7,4,0,,4313279.629,468072.69899999996,2421.2,POINT Z (468072.69899999996 4313279.629 2421.2)
507,507,357,,468070.514,4313281.194,2430.623,,-105.368569,38.96791971,2416.603,Global,0.01,0.011,0.013,0.015,1.934,m,FIX,2025-04-01 12:06:52.2 UTC-06:00,2025-04-01 12:06:55.2 UTC-06:00,16,2.4,3.0,468406.275,4313300.688,2434.672,-105.3646942,38.96810755,2420.645,336.584,,NAD83(2011) / UTM zone 13N + NAVD88(GEOID18) height,7,6,8,4,0,,4313279.786,468072.988,2421.183,POINT Z (468072.988 4313279.786 2421.183)
508,508,358,,468070.704,4313280.9,2430.747,,-105.3685668,38.96791707,2416.726,Global,0.01,0.011,0.011,0.015,1.934,m,FIX,2025-04-01 12:07:04.2 UTC-06:00,2025-04-01 12:07:07.2 UTC-06:00,16,2.4,3.0,468406.275,4313300.688,2434.672,-105.3646942,38.96810755,2420.645,336.413,,NAD83(2011) / UTM zone 13N + NAVD88(GEOID18) height,6,6,7,4,0,,4313279.492000001,468073.178,2421.307,POINT Z (468073.178 4313279.492000001 2421.307)
509,509,359,,468070.404,4313280.75,2430.634,,-105.3685702,38.96791571,2416.613,Global,0.011,0.011,0.013,0.016,1.934,m,FIX,2025-04-01 12:07:15.6 UTC-06:00,2025-04-01 12:07:18.6 UTC-06:00,16,2.3,3.0,468406.275,4313300.688,2434.672,-105.3646942,38.96810755,2420.645,336.733,,NAD83(2011) / UTM zone 13N + NAVD88(GEOID18) height,6,6,7,4,0,,4313279.342,468072.87799999997,2421.194,POINT Z (468072.87799999997 4313279.342 2421.194)
510,510,360,,468070.446,4313280.947,2430.624,,-105.3685697,38.96791748,2416.604,Global,0.01,0.01,0.012,0.015,1.934,m,FIX,2025-04-01 12:07:35.4 UTC-06:00,2025-04-01 12:07:38.4 UTC-06:00,16,2.3,3.0,468406.275,4313300.688,2434.672,-105.3646942,38.96810755,2420.645,336.673,,NAD83(2011) / UTM zone 13N + NAVD88(GEOID18) height,6,6,7,4,0,,4313279.539,468072.92,2421.1839999999997,POINT Z (468072.92 4313279.539 2421.1839999999997)
511,511,361,,468070.451,4313280.966,2430.683,,-105.3685697,38.96791765,2416.663,Global,0.011,0.01,0.014,0.015,1.934,m,FIX,2025-04-01 12:07:47.8 UTC-06:00,2025-04-01 12:07:50.8 UTC-06:00,16,2.3,3.0,468406.275,4313300.688,2434.672,-105.3646942,38.96810755,2420.645,336.661,,NAD83(2011) / UTM zone 13N + NAVD88(GEOID18) height,6,6,7,4,0,,4313279.558,468072.925,2421.243,POINT Z (468072.925 4313279.558 2421.243)
512,512,362,,468070.483,4313281.016,2430.637,,-105.3685693,38.96791811,2416.616,Global,0.011,0.011,0.015,0.015,1.934,m,FIX,2025-04-01 12:08:18.8 UTC-06:00,2025-04-01 12:08:21.8 UTC-06:00,16,2.3,3.0,468406.275,4313300.688,2434.672,-105.3646942,38.96810755,2420.645,336.636,,NAD83(2011) / UTM zone 13N + NAVD88(GEOID18) height,6,5,7,4,0,,4313279.608,468072.957,2421.197,POINT Z (468072.957 4313279.608 2421.197)
513,513,363,,468070.54,4313281.204,2430.611,,-105.3685687,38.96791981,2416.591,Global,0.01,0.01,0.015,0.015,1.934,m,FIX,2025-04-01 12:08:31.4 UTC-06:00,2025-04-01 12:08:34.4 UTC-06:00,16,2.3,3.0,468406.275,4313300.688,2434.672,-105.3646942,38.96810755,2420.645,336.563,,NAD83(2011) / UTM zone 13N + NAVD88(GEOID18) height,6,5,7,4,0,,4313279.796,468073.01399999997,2421.171,POINT Z (468073.01399999997 4313279.796 2421.171)
514,514,364,,468070.59,4313281.406,2430.515,,-105.3685681,38.96792163,2416.494,Global,0.012,0.011,0.014,0.016,1.934,m,FIX,2025-04-01 12:08:44.8 UTC-06:00,2025-04-01 12:08:47.8 UTC-06:00,16,2.3,3.0,468406.275,4313300.688,2434.672,-105.3646942,38.96810755,2420.645,336.503,,NAD83(2011) / UTM zone 13N + NAVD88(GEOID18) height,6,5,7,4,0,,4313279.998000001,468073.064,2421.075,POINT Z (468073.064 4313279.998000001 2421.075)
515,515,365,,468070.634,4313281.584,2430.472,,-105.3685676,38.96792323,2416.451,Global,0.011,0.012,0.015,0.017,1.934,m,FIX,2025-04-01 12:08:54.6 UTC-06:00,2025-04-01 12:08:57.6 UTC-06:00,16,2.3,2.9,468406.275,4313300.688,2434.672,-105.3646942,38.96810755,2420.645,336.447,,NAD83(2011) / UTM zone 13N + NAVD88(GEOID18) height,6,5,7,4,0,,4313280.176,468073.108,2421.032,POINT Z (468073.108 4313280.176 2421.032)
516,516,366,,468070.688,4313281.755,2430.405,,-105.368567,38.96792477,2416.385,Global,0.01,0.011,0.011,0.015,1.934,m,FIX,2025-04-01 12:09:05.2 UTC-06:00,2025-04-01 12:09:08.2 UTC-06:00,16,2.3,2.9,468406.275,4313300.688,2434.672,-105.3646942,38.96810755,2420.645,336.386,,NAD83(2011) / UTM zone 13N + NAVD88(GEOID18) height,6,5,7,4,0,,4313280.347,468073.162,2420.965,POINT Z (468073.162 4313280.347 2420.965)
517,517,367,,468070.725,4313281.963,2430.271,,-105.3685666,38.96792665,2416.25,Global,0.011,0.01,0.011,0.015,1.934,m,FIX,2025-04-01 12:09:17.0 UTC-06:00,2025-04-01 12:09:20.0 UTC-06:00,16,2.3,2.9,468406.275,4313300.688,2434.672,-105.3646942,38.96810755,2420.645,336.337,,NAD83(2011) / UTM zone 13N + NAVD88(GEOID18) height,6,6,7,3,0,,4313280.555000001,468073.19899999996,2420.831,POINT Z (468073.19899999996 4313280.555000001 2420.831)
518,518,368,,468070.785,4313282.147,2430.156,,-105.3685659,38.96792831,2416.135,Global,0.011,0.011,0.013,0.016,1.934,m,FIX,2025-04-01 12:09:27.6 UTC-06:00,2025-04-01 12:09:30.6 UTC-06:00,16,2.3,2.9,468406.275,4313300.688,2434.672,-105.3646942,38.96810755,2420.645,336.273,,NAD83(2011) / UTM zone 13N + NAVD88(GEOID18) height,6,6,7,4,0,,4313280.739,468073.25899999996,2420.716,POINT Z (468073.25899999996 4313280.739 2420.716)
519,519,369,,468070.831,4313282.345,2430.055,,-105.3685654,38.96793009,2416.034,Global,0.012,0.011,0.012,0.016,1.934,m,FIX,2025-04-01 12:09:42.2 UTC-06:00,2025-04-01 12:09:45.2 UTC-06:00,16,2.3,2.9,468406.275,4313300.688,2434.672,-105.3646942,38.96810755,2420.645,336.225,,NAD83(2011) / UTM zone 13N + NAVD88(GEOID18) height,6,6,7,3,0,,4313280.937,468073.305,2420.615,POINT Z (468073.305 4313280.937 2420.615)
520,520,370,,468070.864,4313282.539,2429.965,,-105.368565,38.96793184,2415.944,Global,0.01,0.012,0.011,0.016,1.934,m,FIX,2025-04-01 12:09:57.0 UTC-06:00,2025-04-01 12:10:00.0 UTC-06:00,16,2.3,2.9,468406.275,4313300.688,2434.672,-105.3646942,38.96810755,2420.645,336.171,,NAD83(2011) / UTM zone 13N + NAVD88(GEOID18) height,6,5,8,4,0,,4313281.131,468073.338,2420.525,POINT Z (468073.338 4313281.131 2420.525)
521,521,371,,468070.93,4313282.733,2429.934,,-105.3685642,38.9679336,2415.913,Global,0.01,0.013,0.018,0.017,1.934,m,FIX,2025-04-01 12:10:10.6 UTC-06:00,2025-04-01 12:10:13.6 UTC-06:00,16,2.3,2.9,468406.275,4313300.688,2434.672,-105.3646942,38.96810755,2420.645,336.094,,NAD83(2011) / UTM zone 13N + NAVD88(GEOID18) height,7,5,8,4,0,,4313281.325,468073.404,2420.494,POINT Z (468073.404 4313281.325 2420.494)
522,522,372,,468070.953,4313282.928,2429.72,,-105.368564,38.96793536,2415.7,Global,0.01,0.011,0.017,0.015,1.934,m,FIX,2025-04-01 12:10:35.4 UTC-06:00,2025-04-01 12:10:38.4 UTC-06:00,16,2.3,2.9,468406.275,4313300.688,2434.672,-105.3646942,38.96810755,2420.645,336.059,,NAD83(2011) / UTM zone 13N + NAVD88(GEOID18) height,7,5,8,3,0,,4313281.5200000005,468073.42699999997,2420.2799999999997,POINT Z (468073.42699999997 4313281.5200000005 2420.2799999999997)
523,523,373,,468070.997,4313283.105,2429.661,,-105.3685635,38.96793695,2415.64,Global,0.011,0.01,0.023,0.015,1.934,m,FIX,2025-04-01 12:10:48.0 UTC-06:00,2025-04-01 12:10:51.0 UTC-06:00,16,2.3,2.9,468406.275,4313300.688,2434.672,-105.3646942,38.96810755,2420.645,336.013,,NAD83(2011) / UTM zone 13N + NAVD88(GEOID18) height,7,6,8,4,0,,4313281.697000001,468073.47099999996,2420.221,POINT Z (468073.47099999996 4313281.697000001 2420.221)
524,524,374,,468071.037,4313283.319,2429.507,,-105.368563,38.96793888,2415.486,Global,0.011,0.011,0.014,0.016,1.934,m,FIX,2025-04-01 12:11:03.2 UTC-06:00,2025-04-01 12:11:06.2 UTC-06:00,16,2.3,2.9,468406.275,4313300.688,2434.672,-105.3646942,38.96810755,2420.645,335.957,,NAD83(2011) / UTM zone 13N + NAVD88(GEOID18) height,7,5,8,4,0,,4313281.911,468073.511,2420.067,POINT Z (468073.511 4313281.911 2420.067)
525,525,375,,468071.1,4313283.488,2429.375,,-105.3685623,38.9679404,2415.355,Global,0.01,0.01,0.011,0.014,1.934,m,FIX,2025-04-01 12:11:17.8 UTC-06:00,2025-04-01 12:11:20.8 UTC-06:00,16,2.3,2.9,468406.275,4313300.688,2434.672,-105.3646942,38.96810755,2420.645,335.888,,NAD83(2011) / UTM zone 13N + NAVD88(GEOID18) height,7,5,8,4,0,,4313282.08,468073.57399999996,2419.935,POINT Z (468073.57399999996 4313282.08 2419.935)
526,526,376,,468071.14,4313283.689,2429.269,,-105.3685619,38.96794222,2415.249,Global,0.01,0.01,0.016,0.015,1.934,m,FIX,2025-04-01 12:11:38.8 UTC-06:00,2025-04-01 12:11:41.8 UTC-06:00,16,2.3,2.9,468406.275,4313300.688,2434.672,-105.3646942,38.96810755,2420.645,335.842,,NAD83(2011) / UTM zone 13N + NAVD88(GEOID18) height,7,6,8,4,0,,4313282.281,468073.614,2419.8289999999997,POINT Z (468073.614 4313282.281 2419.8289999999997)
527,527,377,,468071.18,4313283.868,2429.309,,-105.3685614,38.96794383,2415.289,Global,0.011,0.011,0.012,0.015,1.934,m,FIX,2025-04-01 12:11:48.6 UTC-06:00,2025-04-01 12:11:51.6 UTC-06:00,16,2.3,2.9,468406.275,4313300.688,2434.672,-105.3646942,38.96810755,2420.645,335.794,,NAD83(2011) / UTM zone 13N + NAVD88(GEOID18) height,7,6,8,4,0,,4313282.46,468073.654,2419.869,POINT Z (468073.654 4313282.46 2419.869)
528,528,378,,468071.253,4313284.079,2429.243,,-105.3685606,38.96794573,2415.223,Global,0.011,0.01,0.012,0.015,1.934,m,FIX,2025-04-01 12:12:02.6 UTC-06:00,2025-04-01 12:12:05.6 UTC-06:00,16,2.3,2.9,468406.275,4313300.688,2434.672,-105.3646942,38.96810755,2420.645,335.708,,NAD83(2011) / UTM zone 13N + NAVD88(GEOID18) height,6,6,8,4,0,,4313282.671,468073.727,2419.803,POINT Z (468073.727 4313282.671 2419.803)
529,529,379,,468071.278,4313284.292,2429.183,,-105.3685603,38.96794766,2415.162,Global,0.011,0.013,0.015,0.017,1.934,m,FIX,2025-04-01 12:12:57.0 UTC-06:00,2025-04-01 12:13:00.0 UTC-06:00,16,2.2,2.8,468406.275,4313300.688,2434.672,-105.3646942,38.96810755,2420.645,335.679,,NAD83(2011) / UTM zone 13N + NAVD88(GEOID18) height,7,6,8,4,0,,4313282.884000001,468073.752,2419.743,POINT Z (468073.752 4313282.884000001 2419.743)
530,530,380,,468071.323,4313284.502,2429.275,,-105.3685598,38.96794955,2415.255,Global,0.01,0.01,0.011,0.015,1.934,m,FIX,2025-04-01 12:13:18.2 UTC-06:00,2025-04-01 12:13:21.2 UTC-06:00,16,2.2,2.8,468406.275,4313300.688,2434.672,-105.3646942,38.96810755,2420.645,335.62,,NAD83(2011) / UTM zone 13N + NAVD88(GEOID18) height,6,6,8,4,0,,4313283.0940000005,468073.79699999996,2419.835,POINT Z (468073.79699999996 4313283.0940000005 2419.835)
531,531,381,,468071.396,4313284.683,2429.351,,-105.3685589,38.96795118,2415.331,Global,0.011,0.01,0.013,0.015,1.934,m,FIX,2025-04-01 12:13:30.0 UTC-06:00,2025-04-01 12:13:33.0 UTC-06:00,16,2.2,2.8,468406.275,4313300.688,2434.672,-105.3646942,38.96810755,2420.645,335.535,,NAD83(2011) / UTM zone 13N + NAVD88(GEOID18) height,7,5,7,3,0,,4313283.275,468073.87,2419.911,POINT Z (468073.87 4313283.275 2419.911)
532,532,382,,468071.457,4313284.855,2429.294,,-105.3685583,38.96795274,2415.274,Global,0.012,0.012,0.011,0.017,1.934,m,FIX,2025-04-01 12:13:51.6 UTC-06:00,2025-04-01 12:13:54.6 UTC-06:00,16,2.2,2.8,468406.275,4313300.688,2434.672,-105.3646942,38.96810755,2420.645,335.456,,NAD83(2011) / UTM zone 13N + NAVD88(GEOID18) height,7,6,7,5,0,,4313283.447000001,468073.931,2419.854,POINT Z (468073.931 4313283.447000001 2419.854)
533,533,383,,468071.456,4313284.931,2428.883,,-105.3685583,38.96795342,2414.862,Global,0.01,0.01,0.015,0.015,1.934,m,FIX,2025-04-01 12:14:14.4 UTC-06:00,2025-04-01 12:14:17.4 UTC-06:00,16,2.2,2.8,468406.275,4313300.688,2434.672,-105.3646942,38.96810755,2420.645,335.474,,NAD83(2011) / UTM zone 13N + NAVD88(GEOID18) height,7,6,7,4,0,,4313283.523,468073.93,2419.4429999999998,POINT Z (468073.93 4313283.523 2419.4429999999998)
534,534,384,,468071.525,4313285.055,2428.46,,-105.3685575,38.96795454,2414.439,Global,0.01,0.01,0.013,0.015,1.934,m,FIX,2025-04-01 12:14:53.0 UTC-06:00,2025-04-01 12:14:56.0 UTC-06:00,16,2.0,2.5,468406.275,4313300.688,2434.672,-105.3646942,38.96810755,2420.645,335.399,,NAD83(2011) / UTM zone 13N + NAVD88(GEOID18) height,8,6,7,5,0,,4313283.647,468073.999,2419.02,POINT Z (468073.999 4313283.647 2419.02)
535,535,385,,468071.571,4313285.223,2428.447,,-105.368557,38.96795606,2414.427,Global,0.01,0.01,0.011,0.015,1.934,m,FIX,2025-04-01 12:15:06.8 UTC-06:00,2025-04-01 12:15:09.8 UTC-06:00,16,2.0,2.5,468406.275,4313300.688,2434.672,-105.3646942,38.96810755,2420.645,335.349,,NAD83(2011) / UTM zone 13N + NAVD88(GEOID18) height,8,5,8,5,0,,4313283.815,468074.045,2419.007,POINT Z (468074.045 4313283.815 2419.007)
536,536,386,,468071.66,4313285.419,2428.505,,-105.3685559,38.96795783,2414.484,Global,0.011,0.01,0.012,0.015,1.934,m,FIX,2025-04-01 12:15:20.6 UTC-06:00,2025-04-01 12:15:23.6 UTC-06:00,16,2.0,2.5,468406.275,4313300.688,2434.672,-105.3646942,38.96810755,2420.645,335.243,,NAD83(2011) / UTM zone 13N + NAVD88(GEOID18) height,9,5,8,4,0,,4313284.011,468074.13399999996,2419.065,POINT Z (468074.13399999996 4313284.011 2419.065)
537,537,387,,468071.683,4313285.66,2428.595,,-105.3685557,38.96795999,2414.575,Global,0.012,0.01,0.016,0.016,1.934,m,FIX,2025-04-01 12:15:38.8 UTC-06:00,2025-04-01 12:15:41.8 UTC-06:00,16,2.0,2.5,468406.275,4313300.688,2434.672,-105.3646942,38.96810755,2420.645,335.203,,NAD83(2011) / UTM zone 13N + NAVD88(GEOID18) height,8,6,8,5,0,,4313284.252,468074.157,2419.1549999999997,POINT Z (468074.157 4313284.252 2419.1549999999997)
538,538,388,,468071.713,4313285.834,2428.537,,-105.3685553,38.96796156,2414.516,Global,0.011,0.011,0.012,0.015,1.934,m,FIX,2025-04-01 12:15:56.8 UTC-06:00,2025-04-01 12:15:59.8 UTC-06:00,16,2.0,2.5,468406.275,4313300.688,2434.672,-105.3646942,38.96810755,2420.645,335.18,,NAD83(2011) / UTM zone 13N + NAVD88(GEOID18) height,8,6,7,5,0,,4313284.426,468074.187,2419.0969999999998,POINT Z (468074.187 4313284.426 2419.0969999999998)
539,539,389,,468071.722,4313286.063,2428.808,,-105.3685553,38.96796363,2414.787,Global,0.011,0.012,0.011,0.016,1.934,m,FIX,2025-04-01 12:16:21.8 UTC-06:00,2025-04-01 12:16:24.8 UTC-06:00,16,2.0,2.4,468406.275,4313300.688,2434.672,-105.3646942,38.96810755,2420.645,335.155,,NAD83(2011) / UTM zone 13N + NAVD88(GEOID18) height,8,5,7,5,0,,4313284.655,468074.196,2419.368,POINT Z (468074.196 4313284.655 2419.368)
540,540,390,,468071.834,4313286.214,2428.428,,-105.368554,38.96796499,2414.407,Global,0.01,0.011,0.012,0.015,1.934,m,FIX,2025-04-01 12:16:54.6 UTC-06:00,2025-04-01 12:16:57.6 UTC-06:00,16,2.0,2.4,468406.275,4313300.688,2434.672,-105.3646942,38.96810755,2420.645,335.04,,NAD83(2011) / UTM zone 13N + NAVD88(GEOID18) height,7,6,7,5,0,,4313284.806,468074.30799999996,2418.988,POINT Z (468074.30799999996 4313284.806 2418.988)
541,541,391,,468071.829,4313286.391,2428.416,,-105.368554,38.96796659,2414.396,Global,0.01,0.01,0.013,0.015,1.934,m,FIX,2025-04-01 12:17:09.2 UTC-06:00,2025-04-01 12:17:12.2 UTC-06:00,16,2.0,2.4,468406.275,4313300.688,2434.672,-105.3646942,38.96810755,2420.645,335.034,,NAD83(2011) / UTM zone 13N + NAVD88(GEOID18) height,7,6,8,4,0,,4313284.983,468074.303,2418.976,POINT Z (468074.303 4313284.983 2418.976)
542,542,392,,468071.934,4313286.598,2428.377,,-105.3685528,38.96796846,2414.356,Global,0.01,0.01,0.013,0.015,1.934,m,FIX,2025-04-01 12:17:24.8 UTC-06:00,2025-04-01 12:17:27.8 UTC-06:00,16,2.0,2.4,468406.275,4313300.688,2434.672,-105.3646942,38.96810755,2420.645,334.926,,NAD83(2011) / UTM zone 13N + NAVD88(GEOID18) height,6,6,8,5,0,,4313285.19,468074.408,2418.937,POINT Z (468074.408 4313285.19 2418.937)
543,543,393,,468072.013,4313286.809,2428.604,,-105.3685519,38.96797036,2414.584,Global,0.011,0.012,0.013,0.016,1.934,m,FIX,2025-04-01 12:17:46.2 UTC-06:00,2025-04-01 12:17:49.2 UTC-06:00,16,1.9,2.4,468406.275,4313300.688,2434.672,-105.3646942,38.96810755,2420.645,334.833,,NAD83(2011) / UTM zone 13N + NAVD88(GEOID18) height,7,6,7,4,0,,4313285.401000001,468074.48699999996,2419.1639999999998,POINT Z (468074.48699999996 4313285.401000001 2419.1639999999998)
544,544,394,,468072.055,4313286.952,2428.579,,-105.3685514,38.96797166,2414.559,Global,0.01,0.012,0.016,0.016,1.934,m,FIX,2025-04-01 12:18:04.0 UTC-06:00,2025-04-01 12:18:07.0 UTC-06:00,16,1.6,1.9,468406.275,4313300.688,2434.672,-105.3646942,38.96810755,2420.645,334.783,,NAD83(2011) / UTM zone 13N + NAVD88(GEOID18) height,8,6,7,5,0,,4313285.544,468074.529,2419.139,POINT Z (468074.529 4313285.544 2419.139)
545,545,395,,468072.18,4313287.139,2428.462,,-105.36855,38.96797335,2414.442,Global,0.01,0.011,0.013,0.015,1.934,m,FIX,2025-04-01 12:18:20.6 UTC-06:00,2025-04-01 12:18:23.6 UTC-06:00,16,1.6,1.9,468406.275,4313300.688,2434.672,-105.3646942,38.96810755,2420.645,334.655,,NAD83(2011) / UTM zone 13N + NAVD88(GEOID18) height,8,6,8,5,0,,4313285.731000001,468074.654,2419.022,POINT Z (468074.654 4313285.731000001 2419.022)
546,546,396,,468072.186,4313287.303,2428.585,,-105.36855,38.96797482,2414.564,Global,0.01,0.011,0.012,0.015,1.934,m,FIX,2025-04-01 12:18:47.2 UTC-06:00,2025-04-01 12:18:50.2 UTC-06:00,16,1.6,1.9,468406.275,4313300.688,2434.672,-105.3646942,38.96810755,2420.645,334.639,,NAD83(2011) / UTM zone 13N + NAVD88(GEOID18) height,7,6,8,5,0,,4313285.8950000005,468074.66,2419.145,POINT Z (468074.66 4313285.8950000005 2419.145)
547,547,397,,468072.237,4313287.496,2428.417,,-105.3685494,38.96797656,2414.397,Global,0.011,0.011,0.012,0.015,1.934,m,FIX,2025-04-01 12:19:13.4 UTC-06:00,2025-04-01 12:19:16.4 UTC-06:00,16,1.9,2.4,468406.275,4313300.688,2434.672,-105.3646942,38.96810755,2420.645,334.579,,NAD83(2011) / UTM zone 13N + NAVD88(GEOID18) height,7,6,8,5,0,,4313286.088,468074.711,2418.977,POINT Z (468074.711 4313286.088 2418.977)
548,548,398,,468072.283,4313287.756,2428.492,,-105.3685489,38.96797891,2414.471,Global,0.011,0.01,0.013,0.015,1.934,m,FIX,2025-04-01 12:19:28.6 UTC-06:00,2025-04-01 12:19:31.6 UTC-06:00,16,1.9,2.4,468406.275,4313300.688,2434.672,-105.3646942,38.96810755,2420.645,334.522,,NAD83(2011) / UTM zone 13N + NAVD88(GEOID18) height,8,6,8,5,0,,4313286.348,468074.757,2419.052,POINT Z (468074.757 4313286.348 2419.052)
549,549,399,,468072.328,4313287.954,2428.431,,-105.3685483,38.96798069,2414.411,Global,0.011,0.011,0.011,0.016,1.934,m,FIX,2025-04-01 12:19:46.8 UTC-06:00,2025-04-01 12:19:49.8 UTC-06:00,16,1.6,1.9,468406.275,4313300.688,2434.672,-105.3646942,38.96810755,2420.645,334.478,,NAD83(2011) / UTM zone 13N + NAVD88(GEOID18) height,7,6,8,5,0,,4313286.546,468074.80199999997,2418.991,POINT Z (468074.80199999997 4313286.546 2418.991)
550,550,400,,468072.403,4313288.135,2428.37,,-105.3685475,38.96798233,2414.349,Global,0.011,0.01,0.011,0.015,1.934,m,FIX,2025-04-01 12:19:58.6 UTC-06:00,2025-04-01 12:20:01.6 UTC-06:00,16,1.6,1.9,468406.275,4313300.688,2434.672,-105.3646942,38.96810755,2420.645,334.389,,NAD83(2011) / UTM zone 13N + NAVD88(GEOID18) height,7,6,8,5,0,,4313286.727,468074.877,2418.93,POINT Z (468074.877 4313286.727 2418.93)
551,551,401,,468072.401,4313288.315,2428.561,,-105.3685475,38.96798395,2414.54,Global,0.01,0.01,0.011,0.015,1.934,m,FIX,2025-04-01 12:20:19.0 UTC-06:00,2025-04-01 12:20:22.0 UTC-06:00,16,1.6,1.9,468406.275,4313300.688,2434.672,-105.3646942,38.96810755,2420.645,334.387,,NAD83(2011) / UTM zone 13N + NAVD88(GEOID18) height,7,6,8,4,0,,4313286.907000001,468074.875,2419.121,POINT Z (468074.875 4313286.907000001 2419.121)
552,552,402,,468072.486,4313288.506,2428.624,,-105.3685466,38.96798568,2414.604,Global,0.01,0.01,0.012,0.015,1.934,m,FIX,2025-04-01 12:20:40.4 UTC-06:00,2025-04-01 12:20:43.4 UTC-06:00,16,1.6,1.9,468406.275,4313300.688,2434.672,-105.3646942,38.96810755,2420.645,334.293,,NAD83(2011) / UTM zone 13N + NAVD88(GEOID18) height,7,6,8,5,0,,4313287.098,468074.95999999996,2419.1839999999997,POINT Z (468074.95999999996 4313287.098 2419.1839999999997)
553,553,403,,468072.517,4313288.688,2428.545,,-105.3685462,38.96798731,2414.525,Global,0.011,0.01,0.012,0.015,1.934,m,FIX,2025-04-01 12:20:57.6 UTC-06:00,2025-04-01 12:21:00.6 UTC-06:00,16,1.6,1.9,468406.275,4313300.688,2434.672,-105.3646942,38.96810755,2420.645,334.261,,NAD83(2011) / UTM zone 13N + NAVD88(GEOID18) height,7,6,8,5,0,,4313287.28,468074.991,2419.105,POINT Z (468074.991 4313287.28 2419.105)
554,554,404,,468072.583,4313288.854,2428.556,,-105.3685454,38.96798881,2414.535,Global,0.011,0.01,0.011,0.015,1.934,m,FIX,2025-04-01 12:21:21.6 UTC-06:00,2025-04-01 12:21:24.6 UTC-06:00,16,1.6,1.9,468406.275,4313300.688,2434.672,-105.3646942,38.96810755,2420.645,334.176,,NAD83(2011) / UTM zone 13N + NAVD88(GEOID18) height,7,6,7,5,0,,4313287.446,468075.057,2419.116,POINT Z (468075.057 4313287.446 2419.116)
555,555,405,,468072.624,4313289.068,2428.567,,-105.368545,38.96799074,2414.547,Global,0.011,0.01,0.014,0.015,1.934,m,FIX,2025-04-01 12:21:36.0 UTC-06:00,2025-04-01 12:21:39.0 UTC-06:00,16,1.6,1.9,468406.275,4313300.688,2434.672,-105.3646942,38.96810755,2420.645,334.134,,NAD83(2011) / UTM zone 13N + NAVD88(GEOID18) height,7,6,7,5,0,,4313287.66,468075.098,2419.127,POINT Z (468075.098 4313287.66 2419.127)
556,556,406,,468072.7,4313289.295,2428.632,,-105.3685441,38.96799279,2414.612,Global,0.01,0.011,0.015,0.015,1.934,m,FIX,2025-04-01 12:21:48.0 UTC-06:00,2025-04-01 12:21:51.0 UTC-06:00,16,1.6,1.9,468406.275,4313300.688,2434.672,-105.3646942,38.96810755,2420.645,334.047,,NAD83(2011) / UTM zone 13N + NAVD88(GEOID18) height,7,6,7,5,0,,4313287.887,468075.174,2419.192,POINT Z (468075.174 4313287.887 2419.192)
557,557,407,,468072.766,4313289.459,2428.615,,-105.3685434,38.96799427,2414.594,Global,0.011,0.011,0.012,0.015,1.934,m,FIX,2025-04-01 12:22:01.0 UTC-06:00,2025-04-01 12:22:04.0 UTC-06:00,16,1.6,1.9,468406.275,4313300.688,2434.672,-105.3646942,38.96810755,2420.645,333.976,,NAD83(2011) / UTM zone 13N + NAVD88(GEOID18) height,7,6,7,5,0,,4313288.051,468075.24,2419.1749999999997,POINT Z (468075.24 4313288.051 2419.1749999999997)
558,558,408,,468072.758,4313289.665,2428.565,,-105.3685435,38.96799613,2414.545,Global,0.01,0.011,0.011,0.015,1.934,m,FIX,2025-04-01 12:22:18.8 UTC-06:00,2025-04-01 12:22:21.8 UTC-06:00,16,1.6,1.9,468406.275,4313300.688,2434.672,-105.3646942,38.96810755,2420.645,333.979,,NAD83(2011) / UTM zone 13N + NAVD88(GEOID18) height,7,5,7,4,0,,4313288.257,468075.23199999996,2419.125,POINT Z (468075.23199999996 4313288.257 2419.125)
559,559,409,,468072.869,4313289.861,2428.524,,-105.3685422,38.96799789,2414.503,Global,0.011,0.01,0.011,0.015,1.934,m,FIX,2025-04-01 12:22:29.4 UTC-06:00,2025-04-01 12:22:32.4 UTC-06:00,16,1.6,1.9,468406.275,4313300.688,2434.672,-105.3646942,38.96810755,2420.645,333.863,,NAD83(2011) / UTM zone 13N + NAVD88(GEOID18) height,7,6,8,4,0,,4313288.453,468075.343,2419.084,POINT Z (468075.343 4313288.453 2419.084)
560,560,410,,468072.88,4313290.07,2428.573,,-105.3685421,38.96799978,2414.553,Global,0.011,0.01,0.012,0.015,1.934,m,FIX,2025-04-01 12:22:41.2 UTC-06:00,2025-04-01 12:22:44.2 UTC-06:00,16,1.6,1.9,468406.275,4313300.688,2434.672,-105.3646942,38.96810755,2420.645,333.843,,NAD83(2011) / UTM zone 13N + NAVD88(GEOID18) height,7,6,7,4,0,,4313288.6620000005,468075.354,2419.133,POINT Z (468075.354 4313288.6620000005 2419.133)
561,561,411,,468072.9,4313290.268,2428.537,,-105.3685419,38.96800157,2414.516,Global,0.011,0.011,0.012,0.016,1.934,m,FIX,2025-04-01 12:22:51.8 UTC-06:00,2025-04-01 12:22:54.8 UTC-06:00,16,1.6,1.9,468406.275,4313300.688,2434.672,-105.3646942,38.96810755,2420.645,333.818,,NAD83(2011) / UTM zone 13N + NAVD88(GEOID18) height,7,6,7,4,0,,4313288.86,468075.374,2419.0969999999998,POINT Z (468075.374 4313288.86 2419.0969999999998)
562,562,412,,468072.927,4313290.486,2428.531,,-105.3685416,38.96800353,2414.511,Global,0.011,0.01,0.011,0.015,1.934,m,FIX,2025-04-01 12:23:03.2 UTC-06:00,2025-04-01 12:23:06.2 UTC-06:00,16,1.6,1.9,468406.275,4313300.688,2434.672,-105.3646942,38.96810755,2420.645,333.784,,NAD83(2011) / UTM zone 13N + NAVD88(GEOID18) height,8,6,7,4,0,,4313289.078,468075.401,2419.091,POINT Z (468075.401 4313289.078 2419.091)
563,563,413,,468072.973,4313290.67,2428.511,,-105.368541,38.96800519,2414.491,Global,0.011,0.011,0.012,0.015,1.934,m,FIX,2025-04-01 12:23:16.0 UTC-06:00,2025-04-01 12:23:19.0 UTC-06:00,16,1.6,1.9,468406.275,4313300.688,2434.672,-105.3646942,38.96810755,2420.645,333.741,,NAD83(2011) / UTM zone 13N + NAVD88(GEOID18) height,8,6,8,4,0,,4313289.262,468075.447,2419.071,POINT Z (468075.447 4313289.262 2419.071)
564,564,414,,468073.036,4313290.862,2428.537,,-105.3685403,38.96800692,2414.516,Global,0.01,0.011,0.014,0.015,1.934,m,FIX,2025-04-01 12:23:31.8 UTC-06:00,2025-04-01 12:23:34.8 UTC-06:00,16,1.5,1.8,468406.275,4313300.688,2434.672,-105.3646942,38.96810755,2420.645,333.661,,NAD83(2011) / UTM zone 13N + NAVD88(GEOID18) height,8,5,8,4,0,,4313289.454,468075.51,2419.0969999999998,POINT Z (468075.51 4313289.454 2419.0969999999998)
565,565,415,,468073.131,4313291.029,2428.475,,-105.3685392,38.96800843,2414.454,Global,0.01,0.01,0.013,0.015,1.934,m,FIX,2025-04-01 12:23:49.8 UTC-06:00,2025-04-01 12:23:52.8 UTC-06:00,16,1.5,1.8,468406.275,4313300.688,2434.672,-105.3646942,38.96810755,2420.645,333.567,,NAD83(2011) / UTM zone 13N + NAVD88(GEOID18) height,8,6,7,4,0,,4313289.621,468075.605,2419.035,POINT Z (468075.605 4313289.621 2419.035)
566,566,416,,468073.208,4313291.19,2428.371,,-105.3685383,38.96800989,2414.35,Global,0.01,0.01,0.015,0.014,1.934,m,FIX,2025-04-01 12:24:04.0 UTC-06:00,2025-04-01 12:24:07.0 UTC-06:00,16,1.5,1.8,468406.275,4313300.688,2434.672,-105.3646942,38.96810755,2420.645,333.486,,NAD83(2011) / UTM zone 13N + NAVD88(GEOID18) height,8,6,7,4,0,,4313289.782000001,468075.682,2418.931,POINT Z (468075.682 4313289.782000001 2418.931)
567,567,417,,468073.224,4313291.395,2428.362,,-105.3685382,38.96801173,2414.341,Global,0.011,0.011,0.014,0.015,1.934,m,FIX,2025-04-01 12:24:23.0 UTC-06:00,2025-04-01 12:24:26.0 UTC-06:00,16,1.5,1.8,468406.275,4313300.688,2434.672,-105.3646942,38.96810755,2420.645,333.463,,NAD83(2011) / UTM zone 13N + NAVD88(GEOID18) height,8,6,7,4,0,,4313289.987,468075.698,2418.922,POINT Z (468075.698 4313289.987 2418.922)
568,568,418,,468073.22,4313291.396,2428.339,,-105.3685382,38.96801174,2414.319,Global,0.01,0.01,0.012,0.015,1.934,m,FIX,2025-04-01 12:24:29.2 UTC-06:00,2025-04-01 12:24:32.2 UTC-06:00,16,1.5,1.8,468406.275,4313300.688,2434.672,-105.3646942,38.96810755,2420.645,333.467,,NAD83(2011) / UTM zone 13N + NAVD88(GEOID18) height,8,5,7,4,0,,4313289.988,468075.69399999996,2418.899,POINT Z (468075.69399999996 4313289.988 2418.899)
569,569,419,,468073.256,4313291.579,2428.382,,-105.3685378,38.9680134,2414.361,Global,0.011,0.011,0.011,0.016,1.934,m,FIX,2025-04-01 12:24:52.6 UTC-06:00,2025-04-01 12:24:55.6 UTC-06:00,16,1.5,1.8,468406.275,4313300.688,2434.672,-105.3646942,38.96810755,2420.645,333.431,,NAD83(2011) / UTM zone 13N + NAVD88(GEOID18) height,8,6,7,4,0,,4313290.171,468075.73,2418.942,POINT Z (468075.73 4313290.171 2418.942)
570,570,420,,468073.379,4313291.764,2428.352,,-105.3685364,38.96801506,2414.332,Global,0.011,0.01,0.01,0.015,1.934,m,FIX,2025-04-01 12:25:08.6 UTC-06:00,2025-04-01 12:25:11.6 UTC-06:00,16,1.5,1.8,468406.275,4313300.688,2434.672,-105.3646942,38.96810755,2420.645,333.293,,NAD83(2011) / UTM zone 13N + NAVD88(GEOID18) height,8,6,7,4,0,,4313290.356000001,468075.853,2418.912,POINT Z (468075.853 4313290.356000001 2418.912)
571,571,421,,468073.351,4313292.019,2428.317,,-105.3685367,38.96801736,2414.297,Global,0.011,0.011,0.012,0.015,1.934,m,FIX,2025-04-01 12:25:19.2 UTC-06:00,2025-04-01 12:25:22.2 UTC-06:00,16,1.8,2.2,468406.275,4313300.688,2434.672,-105.3646942,38.96810755,2420.645,333.32,,NAD83(2011) / UTM zone 13N + NAVD88(GEOID18) height,8,6,7,4,0,,4313290.6110000005,468075.825,2418.877,POINT Z (468075.825 4313290.6110000005 2418.877)
572,572,422,,468073.484,4313292.175,2428.281,,-105.3685352,38.96801878,2414.26,Global,0.01,0.011,0.013,0.015,1.934,m,FIX,2025-04-01 12:25:31.8 UTC-06:00,2025-04-01 12:25:34.8 UTC-06:00,16,1.8,2.2,468406.275,4313300.688,2434.672,-105.3646942,38.96810755,2420.645,333.184,,NAD83(2011) / UTM zone 13N + NAVD88(GEOID18) height,8,6,7,4,0,,4313290.767,468075.958,2418.841,POINT Z (468075.958 4313290.767 2418.841)
573,573,423,,468073.518,4313292.365,2428.309,,-105.3685348,38.96802049,2414.289,Global,0.011,0.01,0.013,0.015,1.934,m,FIX,2025-04-01 12:25:53.8 UTC-06:00,2025-04-01 12:25:56.8 UTC-06:00,16,1.6,1.9,468406.275,4313300.688,2434.672,-105.3646942,38.96810755,2420.645,333.143,,NAD83(2011) / UTM zone 13N + NAVD88(GEOID18) height,8,6,7,4,0,,4313290.957,468075.99199999997,2418.869,POINT Z (468075.99199999997 4313290.957 2418.869)
574,574,424,,468073.515,4313292.362,2428.294,,-105.3685348,38.96802046,2414.273,Global,0.012,0.011,0.013,0.016,1.934,m,FIX,2025-04-01 12:25:57.8 UTC-06:00,2025-04-01 12:26:00.8 UTC-06:00,16,1.5,1.8,468406.275,4313300.688,2434.672,-105.3646942,38.96810755,2420.645,333.147,,NAD83(2011) / UTM zone 13N + NAVD88(GEOID18) height,8,4,7,4,0,,4313290.954,468075.989,2418.854,POINT Z (468075.989 4313290.954 2418.854)
575,575,425,,468073.521,4313292.612,2428.252,,-105.3685348,38.96802271,2414.232,Global,0.011,0.011,0.01,0.016,1.934,m,FIX,2025-04-01 12:26:23.4 UTC-06:00,2025-04-01 12:26:26.4 UTC-06:00,16,1.5,1.8,468406.275,4313300.688,2434.672,-105.3646942,38.96810755,2420.645,333.134,,NAD83(2011) / UTM zone 13N + NAVD88(GEOID18) height,8,6,7,4,0,,4313291.204,468075.995,2418.812,POINT Z (468075.995 4313291.204 2418.812)
576,576,426,,468073.611,4313292.779,2428.342,,-105.3685338,38.96802422,2414.321,Global,0.011,0.011,0.014,0.015,1.934,m,FIX,2025-04-01 12:26:34.8 UTC-06:00,2025-04-01 12:26:37.8 UTC-06:00,16,1.5,1.8,468406.275,4313300.688,2434.672,-105.3646942,38.96810755,2420.645,333.048,,NAD83(2011) / UTM zone 13N + NAVD88(GEOID18) height,8,6,7,4,0,,4313291.371,468076.08499999996,2418.902,POINT Z (468076.08499999996 4313291.371 2418.902)
577,577,427,,468073.691,4313292.912,2428.745,,-105.3685328,38.96802542,2414.725,Global,0.012,0.016,0.012,0.019,1.934,m,FIX,2025-04-01 12:27:39.8 UTC-06:00,2025-04-01 12:27:42.8 UTC-06:00,16,1.6,1.9,468406.275,4313300.688,2434.672,-105.3646942,38.96810755,2420.645,332.945,,NAD83(2011) / UTM zone 13N + NAVD88(GEOID18) height,8,6,7,4,0,,4313291.504,468076.165,2419.305,POINT Z (468076.165 4313291.504 2419.305)
578,578,428,,468073.65,4313293.096,2428.491,,-105.3685333,38.96802708,2414.471,Global,0.013,0.011,0.011,0.017,1.934,m,FIX,2025-04-01 12:28:24.2 UTC-06:00,2025-04-01 12:28:27.2 UTC-06:00,16,1.6,1.9,468406.275,4313300.688,2434.672,-105.3646942,38.96810755,2420.645,333.0,,NAD83(2011) / UTM zone 13N + NAVD88(GEOID18) height,8,6,7,4,0,,4313291.688,468076.124,2419.051,POINT Z (468076.124 4313291.688 2419.051)
579,579,429,,468073.695,4313293.3,2428.481,,-105.3685328,38.96802892,2414.46,Global,0.012,0.011,0.011,0.016,1.934,m,FIX,2025-04-01 12:28:36.2 UTC-06:00,2025-04-01 12:28:39.2 UTC-06:00,16,1.6,1.9,468406.275,4313300.688,2434.672,-105.3646942,38.96810755,2420.645,332.951,,NAD83(2011) / UTM zone 13N + NAVD88(GEOID18) height,8,6,7,4,0,,4313291.892,468076.169,2419.041,POINT Z (468076.169 4313291.892 2419.041)
580,580,430,,468073.67,4313293.522,2428.389,,-105.3685331,38.96803092,2414.368,Global,0.01,0.01,0.011,0.014,1.934,m,FIX,2025-04-01 12:28:51.8 UTC-06:00,2025-04-01 12:28:54.8 UTC-06:00,16,1.9,2.4,468406.275,4313300.688,2434.672,-105.3646942,38.96810755,2420.645,332.966,,NAD83(2011) / UTM zone 13N + NAVD88(GEOID18) height,8,6,7,4,0,,4313292.114,468076.144,2418.949,POINT Z (468076.144 4313292.114 2418.949)
581,581,431,,468073.757,4313293.486,2428.445,,-105.3685321,38.96803059,2414.424,Global,0.011,0.01,0.017,0.015,1.934,m,FIX,2025-04-01 12:29:16.6 UTC-06:00,2025-04-01 12:29:19.6 UTC-06:00,16,1.9,2.4,468406.275,4313300.688,2434.672,-105.3646942,38.96810755,2420.645,332.885,,NAD83(2011) / UTM zone 13N + NAVD88(GEOID18) height,8,6,7,4,0,,4313292.078,468076.23099999997,2419.005,POINT Z (468076.23099999997 4313292.078 2419.005)
582,582,432,,468073.83,4313293.723,2428.811,,-105.3685313,38.96803273,2414.791,Global,0.012,0.011,0.01,0.016,1.934,m,FIX,2025-04-01 12:29:33.0 UTC-06:00,2025-04-01 12:29:36.0 UTC-06:00,16,1.9,2.4,468406.275,4313300.688,2434.672,-105.3646942,38.96810755,2420.645,332.807,,NAD83(2011) / UTM zone 13N + NAVD88(GEOID18) height,8,6,7,4,0,,4313292.315,468076.304,2419.371,POINT Z (468076.304 4313292.315 2419.371)
583,583,433,,468073.92,4313293.95,2429.122,,-105.3685303,38.96803478,2415.101,Global,0.011,0.012,0.021,0.016,1.934,m,FIX,2025-04-01 12:29:54.8 UTC-06:00,2025-04-01 12:29:57.8 UTC-06:00,16,1.8,2.2,468406.275,4313300.688,2434.672,-105.3646942,38.96810755,2420.645,332.698,,NAD83(2011) / UTM zone 13N + NAVD88(GEOID18) height,7,6,7,4,0,,4313292.542,468076.394,2419.682,POINT Z (468076.394 4313292.542 2419.682)
584,584,434,,468073.944,4313294.136,2429.238,,-105.36853,38.96803646,2415.218,Global,0.011,0.01,0.014,0.015,1.934,m,FIX,2025-04-01 12:30:12.0 UTC-06:00,2025-04-01 12:30:15.0 UTC-06:00,16,1.8,2.2,468406.275,4313300.688,2434.672,-105.3646942,38.96810755,2420.645,332.661,,NAD83(2011) / UTM zone 13N + NAVD88(GEOID18) height,9,5,7,4,0,,4313292.728,468076.418,2419.798,POINT Z (468076.418 4313292.728 2419.798)
585,585,435,,468074.092,4313294.265,2429.239,,-105.3685283,38.96803763,2415.219,Global,0.01,0.01,0.012,0.015,1.934,m,FIX,2025-04-01 12:30:49.6 UTC-06:00,2025-04-01 12:30:52.6 UTC-06:00,16,1.6,2.0,468406.275,4313300.688,2434.672,-105.3646942,38.96810755,2420.645,332.512,,NAD83(2011) / UTM zone 13N + NAVD88(GEOID18) height,8,6,7,4,0,,4313292.857,468076.566,2419.799,POINT Z (468076.566 4313292.857 2419.799)
586,586,436,,468074.039,4313294.454,2429.223,,-105.3685289,38.96803932,2415.202,Global,0.01,0.01,0.013,0.015,1.934,m,FIX,2025-04-01 12:31:10.0 UTC-06:00,2025-04-01 12:31:13.0 UTC-06:00,16,1.8,2.2,468406.275,4313300.688,2434.672,-105.3646942,38.96810755,2420.645,332.562,,NAD83(2011) / UTM zone 13N + NAVD88(GEOID18) height,7,6,7,4,0,,4313293.046,468076.513,2419.783,POINT Z (468076.513 4313293.046 2419.783)
587,587,437,,468074.107,4313294.662,2428.702,,-105.3685281,38.96804121,2414.682,Global,0.011,0.01,0.014,0.015,1.934,m,FIX,2025-04-01 12:31:32.0 UTC-06:00,2025-04-01 12:31:35.0 UTC-06:00,16,1.5,1.8,468406.275,4313300.688,2434.672,-105.3646942,38.96810755,2420.645,332.497,,NAD83(2011) / UTM zone 13N + NAVD88(GEOID18) height,8,6,7,4,0,,4313293.254,468076.581,2419.262,POINT Z (468076.581 4313293.254 2419.262)
588,588,438,,468074.159,4313294.847,2428.388,,-105.3685275,38.96804287,2414.368,Global,0.01,0.011,0.013,0.015,1.934,m,FIX,2025-04-01 12:32:35.0 UTC-06:00,2025-04-01 12:32:38.0 UTC-06:00,16,1.5,1.8,468406.275,4313300.688,2434.672,-105.3646942,38.96810755,2420.645,332.452,,NAD83(2011) / UTM zone 13N + NAVD88(GEOID18) height,8,6,7,4,0,,4313293.439,468076.633,2418.948,POINT Z (468076.633 4313293.439 2418.948)
589,589,439,,468074.169,4313294.838,2428.369,,-105.3685274,38.96804279,2414.349,Global,0.011,0.011,0.013,0.015,1.934,m,FIX,2025-04-01 12:32:40.4 UTC-06:00,2025-04-01 12:32:43.4 UTC-06:00,16,1.5,1.8,468406.275,4313300.688,2434.672,-105.3646942,38.96810755,2420.645,332.45,,NAD83(2011) / UTM zone 13N + NAVD88(GEOID18) height,8,6,7,4,0,,4313293.430000001,468076.643,2418.929,POINT Z (468076.643 4313293.430000001 2418.929)
590,590,440,,468074.269,4313295.048,2428.378,,-105.3685263,38.96804469,2414.357,Global,0.011,0.011,0.011,0.015,1.934,m,FIX,2025-04-01 12:32:57.2 UTC-06:00,2025-04-01 12:33:00.2 UTC-06:00,16,1.8,2.2,468406.275,4313300.688,2434.672,-105.3646942,38.96810755,2420.645,332.331,,NAD83(2011) / UTM zone 13N + NAVD88(GEOID18) height,8,6,7,4,0,,4313293.640000001,468076.74299999996,2418.938,POINT Z (468076.74299999996 4313293.640000001 2418.938)
591,591,441,,468074.302,4313295.325,2428.311,,-105.3685259,38.96804718,2414.29,Global,0.011,0.01,0.012,0.015,1.934,m,FIX,2025-04-01 12:33:27.2 UTC-06:00,2025-04-01 12:33:30.2 UTC-06:00,16,1.8,2.2,468406.275,4313300.688,2434.672,-105.3646942,38.96810755,2420.645,332.3,,NAD83(2011) / UTM zone 13N + NAVD88(GEOID18) height,8,6,7,4,0,,4313293.917,468076.776,2418.871,POINT Z (468076.776 4313293.917 2418.871)
592,592,442,,468074.299,4313295.486,2428.5,,-105.3685259,38.96804864,2414.48,Global,0.01,0.01,0.012,0.015,1.934,m,FIX,2025-04-01 12:33:59.4 UTC-06:00,2025-04-01 12:34:02.4 UTC-06:00,16,1.8,2.2,468406.275,4313300.688,2434.672,-105.3646942,38.96810755,2420.645,332.301,,NAD83(2011) / UTM zone 13N + NAVD88(GEOID18) height,8,6,7,4,0,,4313294.078,468076.773,2419.06,POINT Z (468076.773 4313294.078 2419.06)
593,593,443,,468074.334,4313295.692,2428.415,,-105.3685256,38.96805049,2414.395,Global,0.01,0.011,0.01,0.015,1.934,m,FIX,2025-04-01 12:34:15.4 UTC-06:00,2025-04-01 12:34:18.4 UTC-06:00,16,1.8,2.2,468406.275,4313300.688,2434.672,-105.3646942,38.96810755,2420.645,332.26,,NAD83(2011) / UTM zone 13N + NAVD88(GEOID18) height,8,6,7,4,0,,4313294.284,468076.80799999996,2418.975,POINT Z (468076.80799999996 4313294.284 2418.975)
594,594,444,,468074.392,4313295.909,2428.562,,-105.3685249,38.96805245,2414.541,Global,0.011,0.011,0.011,0.016,1.934,m,FIX,2025-04-01 12:34:29.4 UTC-06:00,2025-04-01 12:34:32.4 UTC-06:00,16,1.5,1.8,468406.275,4313300.688,2434.672,-105.3646942,38.96810755,2420.645,332.2,,NAD83(2011) / UTM zone 13N + NAVD88(GEOID18) height,8,6,7,4,0,,4313294.501,468076.866,2419.122,POINT Z (468076.866 4313294.501 2419.122)
595,595,445,,468074.419,4313296.035,2428.545,,-105.3685246,38.96805359,2414.524,Global,0.01,0.011,0.011,0.015,1.934,m,FIX,2025-04-01 12:34:44.2 UTC-06:00,2025-04-01 12:34:47.2 UTC-06:00,16,1.8,2.2,468406.275,4313300.688,2434.672,-105.3646942,38.96810755,2420.645,332.168,,NAD83(2011) / UTM zone 13N + NAVD88(GEOID18) height,8,6,7,4,0,,4313294.627,468076.893,2419.105,POINT Z (468076.893 4313294.627 2419.105)
596,596,446,,468074.46,4313296.241,2428.458,,-105.3685241,38.96805545,2414.437,Global,0.011,0.01,0.01,0.015,1.934,m,FIX,2025-04-01 12:35:09.6 UTC-06:00,2025-04-01 12:35:12.6 UTC-06:00,16,1.5,1.8,468406.275,4313300.688,2434.672,-105.3646942,38.96810755,2420.645,332.131,,NAD83(2011) / UTM zone 13N + NAVD88(GEOID18) height,8,6,7,4,0,,4313294.833000001,468076.934,2419.018,POINT Z (468076.934 4313294.833000001 2419.018)
597,597,447,,468074.544,4313296.466,2428.402,,-105.3685232,38.96805748,2414.381,Global,0.01,0.01,0.01,0.014,1.934,m,FIX,2025-04-01 12:35:23.8 UTC-06:00,2025-04-01 12:35:26.8 UTC-06:00,16,1.5,1.8,468406.275,4313300.688,2434.672,-105.3646942,38.96810755,2420.645,332.038,,NAD83(2011) / UTM zone 13N + NAVD88(GEOID18) height,8,6,7,4,0,,4313295.058,468077.018,2418.962,POINT Z (468077.018 4313295.058 2418.962)
598,598,448,,468074.662,4313296.604,2428.649,,-105.3685218,38.96805872,2414.628,Global,0.01,0.01,0.012,0.014,1.934,m,FIX,2025-04-01 12:35:43.6 UTC-06:00,2025-04-01 12:35:46.6 UTC-06:00,16,1.8,2.2,468406.275,4313300.688,2434.672,-105.3646942,38.96810755,2420.645,331.916,,NAD83(2011) / UTM zone 13N + NAVD88(GEOID18) height,8,6,7,4,0,,4313295.196,468077.136,2419.209,POINT Z (468077.136 4313295.196 2419.209)
599,599,449,,468074.699,4313296.807,2428.666,,-105.3685214,38.96806056,2414.645,Global,0.01,0.01,0.012,0.015,1.934,m,FIX,2025-04-01 12:35:58.8 UTC-06:00,2025-04-01 12:36:01.8 UTC-06:00,16,1.6,1.9,468406.275,4313300.688,2434.672,-105.3646942,38.96810755,2420.645,331.881,,NAD83(2011) / UTM zone 13N + NAVD88(GEOID18) height,8,6,7,4,0,,4313295.399,468077.173,2419.226,POINT Z (468077.173 4313295.399 2419.226)
600,600,450,,468074.721,4313296.984,2428.652,,-105.3685211,38.96806215,2414.632,Global,0.011,0.011,0.01,0.015,1.934,m,FIX,2025-04-01 12:36:10.0 UTC-06:00,2025-04-01 12:36:13.0 UTC-06:00,16,1.6,1.9,468406.275,4313300.688,2434.672,-105.3646942,38.96810755,2420.645,331.853,,NAD83(2011) / UTM zone 13N + NAVD88(GEOID18) height,8,6,7,4,0,,4313295.576,468077.195,2419.212,POINT Z (468077.195 4313295.576 2419.212)
601,601,451,,468074.874,4313297.135,2428.661,,-105.3685194,38.96806352,2414.641,Global,0.01,0.01,0.011,0.015,1.934,m,FIX,2025-04-01 12:36:33.4 UTC-06:00,2025-04-01 12:36:36.4 UTC-06:00,16,1.9,2.4,468406.275,4313300.688,2434.672,-105.3646942,38.96810755,2420.645,331.702,,NAD83(2011) / UTM zone 13N + NAVD88(GEOID18) height,8,6,7,4,0,,4313295.727,468077.348,2419.221,POINT Z (468077.348 4313295.727 2419.221)
602,602,452,,468074.918,4313297.357,2428.662,,-105.3685189,38.96806552,2414.641,Global,0.01,0.01,0.011,0.015,1.934,m,FIX,2025-04-01 12:36:49.6 UTC-06:00,2025-04-01 12:36:52.6 UTC-06:00,16,1.9,2.4,468406.275,4313300.688,2434.672,-105.3646942,38.96810755,2420.645,331.648,,NAD83(2011) / UTM zone 13N + NAVD88(GEOID18) height,8,6,7,4,0,,4313295.949,468077.392,2419.2219999999998,POINT Z (468077.392 4313295.949 2419.2219999999998)
603,603,453,,468074.873,4313297.575,2428.732,,-105.3685194,38.96806748,2414.711,Global,0.01,0.011,0.011,0.015,1.934,m,FIX,2025-04-01 12:37:01.4 UTC-06:00,2025-04-01 12:37:04.4 UTC-06:00,16,1.9,2.4,468406.275,4313300.688,2434.672,-105.3646942,38.96810755,2420.645,331.692,,NAD83(2011) / UTM zone 13N + NAVD88(GEOID18) height,8,6,7,4,0,,4313296.167,468077.347,2419.292,POINT Z (468077.347 4313296.167 2419.292)
604,604,454,,468074.941,4313297.755,2428.777,,-105.3685186,38.96806911,2414.756,Global,0.011,0.012,0.011,0.016,1.934,m,FIX,2025-04-01 12:37:14.0 UTC-06:00,2025-04-01 12:37:17.0 UTC-06:00,16,1.9,2.4,468406.275,4313300.688,2434.672,-105.3646942,38.96810755,2420.645,331.63,,NAD83(2011) / UTM zone 13N + NAVD88(GEOID18) height,8,6,7,4,0,,4313296.347,468077.415,2419.337,POINT Z (468077.415 4313296.347 2419.337)
605,605,455,,468075.035,4313297.944,2428.723,,-105.3685176,38.96807082,2414.703,Global,0.01,0.011,0.013,0.015,1.934,m,FIX,2025-04-01 12:37:33.0 UTC-06:00,2025-04-01 12:37:36.0 UTC-06:00,16,1.9,2.4,468406.275,4313300.688,2434.672,-105.3646942,38.96810755,2420.645,331.531,,NAD83(2011) / UTM zone 13N + NAVD88(GEOID18) height,8,6,7,4,0,,4313296.536,468077.50899999996,2419.283,POINT Z (468077.50899999996 4313296.536 2419.283)
606,606,456,,468075.033,4313298.196,2428.797,,-105.3685176,38.96807309,2414.776,Global,0.011,0.011,0.013,0.015,1.934,m,FIX,2025-04-01 12:37:51.0 UTC-06:00,2025-04-01 12:37:54.0 UTC-06:00,16,1.9,2.4,468406.275,4313300.688,2434.672,-105.3646942,38.96810755,2420.645,331.535,,NAD83(2011) / UTM zone 13N + NAVD88(GEOID18) height,9,6,7,4,0,,4313296.788000001,468077.507,2419.357,POINT Z (468077.507 4313296.788000001 2419.357)
607,607,457,,468075.022,4313298.367,2429.307,,-105.3685177,38.96807463,2415.287,Global,0.01,0.01,0.013,0.015,1.934,m,FIX,2025-04-01 12:38:23.0 UTC-06:00,2025-04-01 12:38:26.0 UTC-06:00,16,1.6,1.9,468406.275,4313300.688,2434.672,-105.3646942,38.96810755,2420.645,331.528,,NAD83(2011) / UTM zone 13N + NAVD88(GEOID18) height,8,6,7,4,0,,4313296.959,468077.496,2419.8669999999997,POINT Z (468077.496 4313296.959 2419.8669999999997)
608,608,458,,468075.098,4313298.559,2429.513,,-105.3685169,38.96807636,2415.493,Global,0.01,0.011,0.012,0.015,1.934,m,FIX,2025-04-01 12:38:37.2 UTC-06:00,2025-04-01 12:38:40.2 UTC-06:00,16,1.6,1.9,468406.275,4313300.688,2434.672,-105.3646942,38.96810755,2420.645,331.451,,NAD83(2011) / UTM zone 13N + NAVD88(GEOID18) height,8,6,7,4,0,,4313297.151000001,468077.572,2420.073,POINT Z (468077.572 4313297.151000001 2420.073)
609,609,459,,468075.16,4313298.743,2429.607,,-105.3685162,38.96807802,2415.587,Global,0.011,0.01,0.013,0.015,1.934,m,FIX,2025-04-01 12:38:51.6 UTC-06:00,2025-04-01 12:38:54.6 UTC-06:00,16,1.6,1.9,468406.275,4313300.688,2434.672,-105.3646942,38.96810755,2420.645,331.392,,NAD83(2011) / UTM zone 13N + NAVD88(GEOID18) height,8,6,7,5,0,,4313297.335,468077.63399999996,2420.167,POINT Z (468077.63399999996 4313297.335 2420.167)
610,610,460,,468075.215,4313298.926,2429.6,,-105.3685155,38.96807967,2415.579,Global,0.012,0.01,0.022,0.016,1.934,m,FIX,2025-04-01 12:39:01.6 UTC-06:00,2025-04-01 12:39:04.6 UTC-06:00,16,1.6,1.9,468406.275,4313300.688,2434.672,-105.3646942,38.96810755,2420.645,331.336,,NAD83(2011) / UTM zone 13N + NAVD88(GEOID18) height,8,6,7,4,0,,4313297.518,468077.689,2420.16,POINT Z (468077.689 4313297.518 2420.16)
611,611,461,,468075.26,4313299.132,2429.555,,-105.368515,38.96808152,2415.534,Global,0.013,0.012,0.022,0.018,1.934,m,FIX,2025-04-01 12:39:15.6 UTC-06:00,2025-04-01 12:39:18.6 UTC-06:00,16,1.6,1.9,468406.275,4313300.688,2434.672,-105.3646942,38.96810755,2420.645,331.281,,NAD83(2011) / UTM zone 13N + NAVD88(GEOID18) height,8,6,7,4,0,,4313297.724,468077.734,2420.115,POINT Z (468077.734 4313297.724 2420.115)
612,612,462,,468075.331,4313299.323,2429.498,,-105.3685142,38.96808325,2415.477,Global,0.012,0.011,0.019,0.016,1.934,m,FIX,2025-04-01 12:39:26.6 UTC-06:00,2025-04-01 12:39:29.6 UTC-06:00,16,1.6,1.9,468406.275,4313300.688,2434.672,-105.3646942,38.96810755,2420.645,331.212,,NAD83(2011) / UTM zone 13N + NAVD88(GEOID18) height,8,6,7,4,0,,4313297.915,468077.805,2420.058,POINT Z (468077.805 4313297.915 2420.058)
613,613,463,,468075.373,4313299.522,2429.46,,-105.3685137,38.96808505,2415.44,Global,0.01,0.013,0.014,0.016,1.934,m,FIX,2025-04-01 12:39:40.4 UTC-06:00,2025-04-01 12:39:43.4 UTC-06:00,16,1.9,2.4,468406.275,4313300.688,2434.672,-105.3646942,38.96810755,2420.645,331.177,,NAD83(2011) / UTM zone 13N + NAVD88(GEOID18) height,8,6,7,4,0,,4313298.114,468077.847,2420.02,POINT Z (468077.847 4313298.114 2420.02)
614,614,464,,468075.427,4313299.693,2429.429,,-105.3685131,38.96808659,2415.409,Global,0.01,0.011,0.013,0.015,1.934,m,FIX,2025-04-01 12:39:53.2 UTC-06:00,2025-04-01 12:39:56.2 UTC-06:00,16,1.9,2.4,468406.275,4313300.688,2434.672,-105.3646942,38.96810755,2420.645,331.118,,NAD83(2011) / UTM zone 13N + NAVD88(GEOID18) height,8,6,7,4,0,,4313298.285,468077.901,2419.989,POINT Z (468077.901 4313298.285 2419.989)
615,615,465,,468075.475,4313299.905,2429.392,,-105.3685126,38.9680885,2415.372,Global,0.011,0.011,0.012,0.015,1.934,m,FIX,2025-04-01 12:40:05.0 UTC-06:00,2025-04-01 12:40:08.0 UTC-06:00,16,1.9,2.4,468406.275,4313300.688,2434.672,-105.3646942,38.96810755,2420.645,331.064,,NAD83(2011) / UTM zone 13N + NAVD88(GEOID18) height,8,6,7,4,0,,4313298.497,468077.94899999996,2419.9519999999998,POINT Z (468077.94899999996 4313298.497 2419.9519999999998)
616,616,466,,468075.531,4313300.085,2429.386,,-105.3685119,38.96809013,2415.365,Global,0.01,0.01,0.013,0.014,1.934,m,FIX,2025-04-01 12:40:16.2 UTC-06:00,2025-04-01 12:40:19.2 UTC-06:00,16,1.6,1.9,468406.275,4313300.688,2434.672,-105.3646942,38.96810755,2420.645,331.016,,NAD83(2011) / UTM zone 13N + NAVD88(GEOID18) height,8,6,7,4,0,,4313298.677,468078.005,2419.946,POINT Z (468078.005 4313298.677 2419.946)
617,617,467,,468075.555,4313300.296,2429.359,,-105.3685117,38.96809203,2415.338,Global,0.011,0.01,0.01,0.015,1.934,m,FIX,2025-04-01 12:40:27.0 UTC-06:00,2025-04-01 12:40:30.0 UTC-06:00,16,1.6,1.9,468406.275,4313300.688,2434.672,-105.3646942,38.96810755,2420.645,330.993,,NAD83(2011) / UTM zone 13N + NAVD88(GEOID18) height,8,6,7,4,0,,4313298.888,468078.029,2419.919,POINT Z (468078.029 4313298.888 2419.919)
618,618,468,,468075.574,4313300.492,2429.312,,-105.3685115,38.96809379,2415.292,Global,0.01,0.01,0.012,0.015,1.934,m,FIX,2025-04-01 12:40:38.8 UTC-06:00,2025-04-01 12:40:41.8 UTC-06:00,16,1.9,2.4,468406.275,4313300.688,2434.672,-105.3646942,38.96810755,2420.645,330.972,,NAD83(2011) / UTM zone 13N + NAVD88(GEOID18) height,8,6,7,4,0,,4313299.084,468078.048,2419.872,POINT Z (468078.048 4313299.084 2419.872)
619,619,469,,468075.625,4313300.687,2429.262,,-105.3685109,38.96809555,2415.242,Global,0.011,0.01,0.012,0.015,1.934,m,FIX,2025-04-01 12:40:51.4 UTC-06:00,2025-04-01 12:40:54.4 UTC-06:00,16,1.9,2.4,468406.275,4313300.688,2434.672,-105.3646942,38.96810755,2420.645,330.926,,NAD83(2011) / UTM zone 13N + NAVD88(GEOID18) height,8,6,7,5,0,,4313299.279,468078.099,2419.822,POINT Z (468078.099 4313299.279 2419.822)
620,620,470,,468075.713,4313300.877,2429.21,,-105.3685099,38.96809727,2415.19,Global,0.011,0.011,0.012,0.015,1.934,m,FIX,2025-04-01 12:41:01.4 UTC-06:00,2025-04-01 12:41:04.4 UTC-06:00,16,1.9,2.4,468406.275,4313300.688,2434.672,-105.3646942,38.96810755,2420.645,330.834,,NAD83(2011) / UTM zone 13N + NAVD88(GEOID18) height,8,6,7,4,0,,4313299.4690000005,468078.187,2419.77,POINT Z (468078.187 4313299.4690000005 2419.77)
621,621,471,,468075.694,4313301.07,2429.164,,-105.3685101,38.96809901,2415.144,Global,0.011,0.011,0.013,0.015,1.934,m,FIX,2025-04-01 12:41:12.2 UTC-06:00,2025-04-01 12:41:15.2 UTC-06:00,16,1.9,2.4,468406.275,4313300.688,2434.672,-105.3646942,38.96810755,2420.645,330.856,,NAD83(2011) / UTM zone 13N + NAVD88(GEOID18) height,7,6,7,4,0,,4313299.6620000005,468078.168,2419.724,POINT Z (468078.168 4313299.6620000005 2419.724)
622,622,472,,468075.658,4313301.284,2428.994,,-105.3685105,38.96810094,2414.974,Global,0.01,0.01,0.01,0.014,1.934,m,FIX,2025-04-01 12:41:27.8 UTC-06:00,2025-04-01 12:41:30.8 UTC-06:00,16,1.6,1.9,468406.275,4313300.688,2434.672,-105.3646942,38.96810755,2420.645,330.889,,NAD83(2011) / UTM zone 13N + NAVD88(GEOID18) height,7,6,7,4,0,,4313299.876,468078.132,2419.554,POINT Z (468078.132 4313299.876 2419.554)
623,623,473,,468075.74,4313301.505,2428.895,,-105.3685096,38.96810293,2414.874,Global,0.011,0.01,0.012,0.015,1.934,m,FIX,2025-04-01 12:41:45.6 UTC-06:00,2025-04-01 12:41:48.6 UTC-06:00,16,1.6,1.9,468406.275,4313300.688,2434.672,-105.3646942,38.96810755,2420.645,330.812,,NAD83(2011) / UTM zone 13N + NAVD88(GEOID18) height,8,6,7,4,0,,4313300.097,468078.214,2419.455,POINT Z (468078.214 4313300.097 2419.455)
624,624,474,,468075.737,4313301.675,2428.883,,-105.3685096,38.96810446,2414.863,Global,0.012,0.011,0.011,0.017,1.934,m,FIX,2025-04-01 12:41:56.4 UTC-06:00,2025-04-01 12:41:59.4 UTC-06:00,16,1.9,2.4,468406.275,4313300.688,2434.672,-105.3646942,38.96810755,2420.645,330.823,,NAD83(2011) / UTM zone 13N + NAVD88(GEOID18) height,8,6,7,4,0,,4313300.267,468078.211,2419.4429999999998,POINT Z (468078.211 4313300.267 2419.4429999999998)
625,625,475,,468075.774,4313301.865,2428.879,,-105.3685092,38.96810617,2414.859,Global,0.01,0.011,0.011,0.015,1.934,m,FIX,2025-04-01 12:42:13.0 UTC-06:00,2025-04-01 12:42:16.0 UTC-06:00,16,1.9,2.4,468406.275,4313300.688,2434.672,-105.3646942,38.96810755,2420.645,330.778,,NAD83(2011) / UTM zone 13N + NAVD88(GEOID18) height,7,6,7,4,0,,4313300.457,468078.24799999996,2419.439,POINT Z (468078.24799999996 4313300.457 2419.439)
626,626,476,,468075.906,4313302.045,2428.811,,-105.3685077,38.9681078,2414.79,Global,0.011,0.01,0.011,0.015,1.934,m,FIX,2025-04-01 12:42:27.6 UTC-06:00,2025-04-01 12:42:30.6 UTC-06:00,16,1.9,2.4,468406.275,4313300.688,2434.672,-105.3646942,38.96810755,2420.645,330.65,,NAD83(2011) / UTM zone 13N + NAVD88(GEOID18) height,8,6,7,4,0,,4313300.637,468078.38,2419.371,POINT Z (468078.38 4313300.637 2419.371)
627,627,477,,468075.982,4313302.221,2428.816,,-105.3685068,38.96810939,2414.795,Global,0.01,0.011,0.015,0.015,1.934,m,FIX,2025-04-01 12:42:37.6 UTC-06:00,2025-04-01 12:42:40.6 UTC-06:00,16,1.9,2.4,468406.275,4313300.688,2434.672,-105.3646942,38.96810755,2420.645,330.572,,NAD83(2011) / UTM zone 13N + NAVD88(GEOID18) height,7,6,7,4,0,,4313300.813,468078.456,2419.3759999999997,POINT Z (468078.456 4313300.813 2419.3759999999997)
628,628,478,,468076.019,4313302.466,2428.997,,-105.3685064,38.9681116,2414.977,Global,0.012,0.01,0.011,0.016,1.934,m,FIX,2025-04-01 12:42:56.0 UTC-06:00,2025-04-01 12:42:59.0 UTC-06:00,16,1.9,2.4,468406.275,4313300.688,2434.672,-105.3646942,38.96810755,2420.645,330.526,,NAD83(2011) / UTM zone 13N + NAVD88(GEOID18) height,8,6,7,4,0,,4313301.058,468078.49299999996,2419.557,POINT Z (468078.49299999996 4313301.058 2419.557)
629,629,479,,468076.102,4313302.659,2429.003,,-105.3685055,38.96811334,2414.983,Global,0.01,0.01,0.011,0.015,1.934,m,FIX,2025-04-01 12:43:24.8 UTC-06:00,2025-04-01 12:43:27.8 UTC-06:00,16,1.6,1.9,468406.275,4313300.688,2434.672,-105.3646942,38.96810755,2420.645,330.453,,NAD83(2011) / UTM zone 13N + NAVD88(GEOID18) height,8,6,7,4,0,,4313301.251,468078.576,2419.563,POINT Z (468078.576 4313301.251 2419.563)
630,630,480,,468076.084,4313302.859,2429.068,,-105.3685057,38.96811514,2415.047,Global,0.014,0.011,0.01,0.018,1.934,m,FIX,2025-04-01 12:43:46.2 UTC-06:00,2025-04-01 12:43:49.2 UTC-06:00,16,1.9,2.3,468406.275,4313300.688,2434.672,-105.3646942,38.96810755,2420.645,330.46,,NAD83(2011) / UTM zone 13N + NAVD88(GEOID18) height,7,6,7,4,0,,4313301.451,468078.55799999996,2419.628,POINT Z (468078.55799999996 4313301.451 2419.628)
631,631,481,,468076.126,4313303.005,2429.033,,-105.3685052,38.96811646,2415.013,Global,0.011,0.01,0.013,0.015,1.934,m,FIX,2025-04-01 12:44:01.8 UTC-06:00,2025-04-01 12:44:04.8 UTC-06:00,16,1.6,1.9,468406.275,4313300.688,2434.672,-105.3646942,38.96810755,2420.645,330.429,,NAD83(2011) / UTM zone 13N + NAVD88(GEOID18) height,8,6,7,4,0,,4313301.597,468078.6,2419.593,POINT Z (468078.6 4313301.597 2419.593)
632,632,482,,468076.188,4313303.237,2429.03,,-105.3685045,38.96811855,2415.01,Global,0.01,0.01,0.011,0.014,1.934,m,FIX,2025-04-01 12:44:14.6 UTC-06:00,2025-04-01 12:44:17.6 UTC-06:00,16,1.6,1.9,468406.275,4313300.688,2434.672,-105.3646942,38.96810755,2420.645,330.373,,NAD83(2011) / UTM zone 13N + NAVD88(GEOID18) height,7,6,7,4,0,,4313301.829,468078.662,2419.59,POINT Z (468078.662 4313301.829 2419.59)
633,633,483,,468076.238,4313303.381,2429.04,,-105.3685039,38.96811986,2415.02,Global,0.011,0.01,0.01,0.015,1.934,m,FIX,2025-04-01 12:44:29.4 UTC-06:00,2025-04-01 12:44:32.4 UTC-06:00,16,1.6,1.9,468406.275,4313300.688,2434.672,-105.3646942,38.96810755,2420.645,330.327,,NAD83(2011) / UTM zone 13N + NAVD88(GEOID18) height,7,6,7,4,0,,4313301.973,468078.712,2419.6,POINT Z (468078.712 4313301.973 2419.6)
634,634,484,,468076.235,4313303.505,2429.14,,-105.368504,38.96812097,2415.119,Global,0.01,0.01,0.01,0.015,1.934,m,FIX,2025-04-01 12:44:47.4 UTC-06:00,2025-04-01 12:44:50.4 UTC-06:00,16,1.6,1.9,468406.275,4313300.688,2434.672,-105.3646942,38.96810755,2420.645,330.326,,NAD83(2011) / UTM zone 13N + NAVD88(GEOID18) height,6,6,7,4,0,,4313302.097,468078.709,2419.7,POINT Z (468078.709 4313302.097 2419.7)
635,635,485,,468076.25,4313303.622,2429.206,,-105.3685038,38.96812202,2415.185,Global,0.01,0.01,0.01,0.014,1.934,m,FIX,2025-04-01 12:45:07.0 UTC-06:00,2025-04-01 12:45:10.0 UTC-06:00,16,1.6,1.9,468406.275,4313300.688,2434.672,-105.3646942,38.96810755,2420.645,330.311,,NAD83(2011) / UTM zone 13N + NAVD88(GEOID18) height,8,5,7,4,0,,4313302.214000001,468078.724,2419.766,POINT Z (468078.724 4313302.214000001 2419.766)
636,636,486,,468076.36,4313303.798,2429.249,,-105.3685025,38.96812361,2415.228,Global,0.01,0.011,0.016,0.015,1.934,m,FIX,2025-04-01 12:45:23.0 UTC-06:00,2025-04-01 12:45:26.0 UTC-06:00,16,1.9,2.3,468406.275,4313300.688,2434.672,-105.3646942,38.96810755,2420.645,330.196,,NAD83(2011) / UTM zone 13N + NAVD88(GEOID18) height,7,6,7,5,0,,4313302.390000001,468078.834,2419.8089999999997,POINT Z (468078.834 4313302.390000001 2419.8089999999997)
637,637,487,,468076.441,4313303.972,2429.301,,-105.3685016,38.96812518,2415.281,Global,0.011,0.011,0.012,0.015,1.934,m,FIX,2025-04-01 12:45:36.0 UTC-06:00,2025-04-01 12:45:39.0 UTC-06:00,16,1.9,2.3,468406.275,4313300.688,2434.672,-105.3646942,38.96810755,2420.645,330.113,,NAD83(2011) / UTM zone 13N + NAVD88(GEOID18) height,8,6,7,4,0,,4313302.564,468078.915,2419.861,POINT Z (468078.915 4313302.564 2419.861)
638,638,488,,468076.571,4313304.142,2429.358,,-105.3685001,38.96812672,2415.337,Global,0.012,0.01,0.013,0.016,1.934,m,FIX,2025-04-01 12:45:48.4 UTC-06:00,2025-04-01 12:45:51.4 UTC-06:00,16,1.6,1.9,468406.275,4313300.688,2434.672,-105.3646942,38.96810755,2420.645,329.982,,NAD83(2011) / UTM zone 13N + NAVD88(GEOID18) height,7,6,7,5,0,,4313302.734,468079.045,2419.918,POINT Z (468079.045 4313302.734 2419.918)
639,639,489,,468076.658,4313304.309,2429.41,,-105.3684991,38.96812823,2415.389,Global,0.011,0.01,0.011,0.015,1.934,m,FIX,2025-04-01 12:45:59.6 UTC-06:00,2025-04-01 12:46:02.6 UTC-06:00,16,1.6,1.9,468406.275,4313300.688,2434.672,-105.3646942,38.96810755,2420.645,329.905,,NAD83(2011) / UTM zone 13N + NAVD88(GEOID18) height,7,6,7,5,0,,4313302.901000001,468079.132,2419.97,POINT Z (468079.132 4313302.901000001 2419.97)
640,640,490,,468076.689,4313304.539,2429.467,,-105.3684988,38.9681303,2415.447,Global,0.01,0.01,0.011,0.014,1.934,m,FIX,2025-04-01 12:46:11.6 UTC-06:00,2025-04-01 12:46:14.6 UTC-06:00,16,1.6,1.9,468406.275,4313300.688,2434.672,-105.3646942,38.96810755,2420.645,329.876,,NAD83(2011) / UTM zone 13N + NAVD88(GEOID18) height,8,6,7,5,0,,4313303.131,468079.163,2420.027,POINT Z (468079.163 4313303.131 2420.027)
641,641,491,,468076.718,4313304.732,2429.572,,-105.3684985,38.96813205,2415.552,Global,0.01,0.01,0.012,0.014,1.934,m,FIX,2025-04-01 12:46:25.2 UTC-06:00,2025-04-01 12:46:28.2 UTC-06:00,16,1.6,1.9,468406.275,4313300.688,2434.672,-105.3646942,38.96810755,2420.645,329.85,,NAD83(2011) / UTM zone 13N + NAVD88(GEOID18) height,8,6,7,5,0,,4313303.324,468079.192,2420.132,POINT Z (468079.192 4313303.324 2420.132)
642,642,492,,468076.771,4313304.935,2429.641,,-105.3684979,38.96813387,2415.62,Global,0.01,0.01,0.013,0.015,1.934,m,FIX,2025-04-01 12:46:38.6 UTC-06:00,2025-04-01 12:46:41.6 UTC-06:00,16,1.6,1.9,468406.275,4313300.688,2434.672,-105.3646942,38.96810755,2420.645,329.797,,NAD83(2011) / UTM zone 13N + NAVD88(GEOID18) height,7,6,7,4,0,,4313303.527,468079.245,2420.201,POINT Z (468079.245 4313303.527 2420.201)
643,643,493,,468076.886,4313305.093,2429.746,,-105.3684965,38.9681353,2415.725,Global,0.011,0.01,0.019,0.015,1.934,m,FIX,2025-04-01 12:46:57.6 UTC-06:00,2025-04-01 12:47:00.6 UTC-06:00,16,1.6,1.9,468406.275,4313300.688,2434.672,-105.3646942,38.96810755,2420.645,329.686,,NAD83(2011) / UTM zone 13N + NAVD88(GEOID18) height,7,6,7,5,0,,4313303.6850000005,468079.36,2420.306,POINT Z (468079.36 4313303.6850000005 2420.306)
644,644,494,,468076.869,4313305.277,2429.839,,-105.3684967,38.96813696,2415.819,Global,0.01,0.01,0.014,0.014,1.934,m,FIX,2025-04-01 12:47:20.0 UTC-06:00,2025-04-01 12:47:23.0 UTC-06:00,16,1.4,1.7,468406.275,4313300.688,2434.672,-105.3646942,38.96810755,2420.645,329.703,,NAD83(2011) / UTM zone 13N + NAVD88(GEOID18) height,7,6,7,5,0,,4313303.869,468079.343,2420.399,POINT Z (468079.343 4313303.869 2420.399)
645,645,495,,468076.942,4313305.474,2429.958,,-105.3684959,38.96813874,2415.937,Global,0.01,0.01,0.012,0.015,1.934,m,FIX,2025-04-01 12:47:35.2 UTC-06:00,2025-04-01 12:47:38.2 UTC-06:00,16,1.4,1.7,468406.275,4313300.688,2434.672,-105.3646942,38.96810755,2420.645,329.634,,NAD83(2011) / UTM zone 13N + NAVD88(GEOID18) height,7,6,7,6,0,,4313304.066000001,468079.41599999997,2420.518,POINT Z (468079.41599999997 4313304.066000001 2420.518)
646,646,496,,468077.015,4313305.561,2430.405,,-105.3684951,38.96813952,2416.384,Global,0.01,0.01,0.012,0.015,1.934,m,FIX,2025-04-01 12:48:02.0 UTC-06:00,2025-04-01 12:48:05.0 UTC-06:00,16,1.4,1.7,468406.275,4313300.688,2434.672,-105.3646942,38.96810755,2420.645,329.553,,NAD83(2011) / UTM zone 13N + NAVD88(GEOID18) height,7,6,7,5,0,,4313304.153,468079.489,2420.965,POINT Z (468079.489 4313304.153 2420.965)
647,647,497,,468077.035,4313305.642,2430.456,,-105.3684948,38.96814025,2416.435,Global,0.01,0.01,0.012,0.014,1.934,m,FIX,2025-04-01 12:48:11.2 UTC-06:00,2025-04-01 12:48:14.2 UTC-06:00,16,1.4,1.7,468406.275,4313300.688,2434.672,-105.3646942,38.96810755,2420.645,329.539,,NAD83(2011) / UTM zone 13N + NAVD88(GEOID18) height,7,6,7,5,0,,4313304.234,468079.50899999996,2421.016,POINT Z (468079.50899999996 4313304.234 2421.016)
648,648,498,,468077.109,4313305.877,2430.559,,-105.368494,38.96814238,2416.538,Global,0.011,0.01,0.012,0.015,1.934,m,FIX,2025-04-01 12:48:24.2 UTC-06:00,2025-04-01 12:48:27.2 UTC-06:00,16,1.4,1.7,468406.275,4313300.688,2434.672,-105.3646942,38.96810755,2420.645,329.456,,NAD83(2011) / UTM zone 13N + NAVD88(GEOID18) height,7,6,7,5,0,,4313304.4690000005,468079.583,2421.119,POINT Z (468079.583 4313304.4690000005 2421.119)
649,649,499,,468077.13,4313306.023,2430.597,,-105.3684938,38.96814369,2416.577,Global,0.011,0.011,0.011,0.016,1.934,m,FIX,2025-04-01 12:48:37.4 UTC-06:00,2025-04-01 12:48:40.4 UTC-06:00,16,1.4,1.7,468406.275,4313300.688,2434.672,-105.3646942,38.96810755,2420.645,329.451,,NAD83(2011) / UTM zone 13N + NAVD88(GEOID18) height,8,6,7,5,0,,4313304.615,468079.604,2421.157,POINT Z (468079.604 4313304.615 2421.157)
650,650,500,,468077.171,4313306.206,2430.593,,-105.3684933,38.96814534,2416.573,Global,0.012,0.011,0.013,0.016,1.934,m,FIX,2025-04-01 12:48:49.2 UTC-06:00,2025-04-01 12:48:52.2 UTC-06:00,16,1.4,1.7,468406.275,4313300.688,2434.672,-105.3646942,38.96810755,2420.645,329.416,,NAD83(2011) / UTM zone 13N + NAVD88(GEOID18) height,7,6,7,5,0,,4313304.798,468079.64499999996,2421.153,POINT Z (468079.64499999996 4313304.798 2421.153)
651,651,501,,468077.221,4313306.373,2430.625,,-105.3684927,38.96814685,2416.605,Global,0.01,0.01,0.011,0.014,1.934,m,FIX,2025-04-01 12:49:02.2 UTC-06:00,2025-04-01 12:49:05.2 UTC-06:00,16,1.4,1.7,468406.275,4313300.688,2434.672,-105.3646942,38.96810755,2420.645,329.362,,NAD83(2011) / UTM zone 13N + NAVD88(GEOID18) height,8,6,7,5,0,,4313304.965,468079.695,2421.185,POINT Z (468079.695 4313304.965 2421.185)
652,652,502,,468077.289,4313306.556,2430.648,,-105.3684919,38.9681485,2416.627,Global,0.01,0.01,0.01,0.015,1.934,m,FIX,2025-04-01 12:49:11.8 UTC-06:00,2025-04-01 12:49:14.8 UTC-06:00,16,1.4,1.7,468406.275,4313300.688,2434.672,-105.3646942,38.96810755,2420.645,329.294,,NAD83(2011) / UTM zone 13N + NAVD88(GEOID18) height,7,6,7,6,0,,4313305.148,468079.763,2421.208,POINT Z (468079.763 4313305.148 2421.208)
653,653,503,,468077.333,4313306.749,2430.677,,-105.3684914,38.96815024,2416.656,Global,0.011,0.011,0.011,0.015,1.934,m,FIX,2025-04-01 12:49:22.6 UTC-06:00,2025-04-01 12:49:25.6 UTC-06:00,16,1.4,1.7,468406.275,4313300.688,2434.672,-105.3646942,38.96810755,2420.645,329.256,,NAD83(2011) / UTM zone 13N + NAVD88(GEOID18) height,7,6,7,6,0,,4313305.341,468079.807,2421.237,POINT Z (468079.807 4313305.341 2421.237)
654,654,504,,468077.399,4313306.949,2430.705,,-105.3684907,38.96815205,2416.685,Global,0.012,0.01,0.013,0.016,1.934,m,FIX,2025-04-01 12:49:34.6 UTC-06:00,2025-04-01 12:49:37.6 UTC-06:00,16,1.4,1.7,468406.275,4313300.688,2434.672,-105.3646942,38.96810755,2420.645,329.183,,NAD83(2011) / UTM zone 13N + NAVD88(GEOID18) height,7,6,7,6,0,,4313305.541,468079.87299999996,2421.265,POINT Z (468079.87299999996 4313305.541 2421.265)
655,655,505,,468077.453,4313307.119,2430.737,,-105.3684901,38.96815358,2416.716,Global,0.01,0.011,0.018,0.015,1.934,m,FIX,2025-04-01 12:49:45.4 UTC-06:00,2025-04-01 12:49:48.4 UTC-06:00,16,1.6,1.9,468406.275,4313300.688,2434.672,-105.3646942,38.96810755,2420.645,329.146,,NAD83(2011) / UTM zone 13N + NAVD88(GEOID18) height,7,6,7,6,0,,4313305.711,468079.92699999997,2421.297,POINT Z (468079.92699999997 4313305.711 2421.297)
656,656,506,,468077.519,4313307.322,2430.726,,-105.3684893,38.96815541,2416.705,Global,0.01,0.011,0.011,0.015,1.934,m,FIX,2025-04-01 12:49:57.2 UTC-06:00,2025-04-01 12:50:00.2 UTC-06:00,16,1.6,2.0,468406.275,4313300.688,2434.672,-105.3646942,38.96810755,2420.645,329.083,,NAD83(2011) / UTM zone 13N + NAVD88(GEOID18) height,8,6,7,5,0,,4313305.914,468079.99299999996,2421.286,POINT Z (468079.99299999996 4313305.914 2421.286)
657,657,507,,468077.566,4313307.503,2430.835,,-105.3684888,38.96815705,2416.815,Global,0.012,0.013,0.018,0.018,1.934,m,FIX,2025-04-01 12:50:07.2 UTC-06:00,2025-04-01 12:50:10.2 UTC-06:00,16,1.4,1.7,468406.275,4313300.688,2434.672,-105.3646942,38.96810755,2420.645,329.038,,NAD83(2011) / UTM zone 13N + NAVD88(GEOID18) height,8,6,7,6,0,,4313306.095,468080.04,2421.395,POINT Z (468080.04 4313306.095 2421.395)
658,658,508,,468077.612,4313307.659,2430.902,,-105.3684883,38.96815845,2416.882,Global,0.01,0.01,0.016,0.015,1.934,m,FIX,2025-04-01 12:50:17.6 UTC-06:00,2025-04-01 12:50:20.6 UTC-06:00,16,1.4,1.7,468406.275,4313300.688,2434.672,-105.3646942,38.96810755,2420.645,328.994,,NAD83(2011) / UTM zone 13N + NAVD88(GEOID18) height,7,6,7,6,0,,4313306.251,468080.086,2421.462,POINT Z (468080.086 4313306.251 2421.462)
659,659,509,,468077.671,4313307.867,2430.959,,-105.3684876,38.96816032,2416.939,Global,0.01,0.01,0.012,0.015,1.934,m,FIX,2025-04-01 12:50:28.0 UTC-06:00,2025-04-01 12:50:31.0 UTC-06:00,16,1.9,2.4,468406.275,4313300.688,2434.672,-105.3646942,38.96810755,2420.645,328.939,,NAD83(2011) / UTM zone 13N + NAVD88(GEOID18) height,7,6,7,6,0,,4313306.459,468080.14499999996,2421.519,POINT Z (468080.14499999996 4313306.459 2421.519)
660,660,510,,468077.72,4313308.043,2430.948,,-105.368487,38.96816192,2416.927,Global,0.01,0.011,0.012,0.015,1.934,m,FIX,2025-04-01 12:50:40.0 UTC-06:00,2025-04-01 12:50:43.0 UTC-06:00,16,1.7,2.0,468406.275,4313300.688,2434.672,-105.3646942,38.96810755,2420.645,328.893,,NAD83(2011) / UTM zone 13N + NAVD88(GEOID18) height,7,6,7,6,0,,4313306.635,468080.19399999996,2421.508,POINT Z (468080.19399999996 4313306.635 2421.508)
661,661,511,,468077.793,4313308.263,2430.918,,-105.3684862,38.9681639,2416.897,Global,0.01,0.01,0.011,0.014,1.934,m,FIX,2025-04-01 12:50:53.4 UTC-06:00,2025-04-01 12:50:56.4 UTC-06:00,16,2.5,3.1,468406.275,4313300.688,2434.672,-105.3646942,38.96810755,2420.645,328.824,,NAD83(2011) / UTM zone 13N + NAVD88(GEOID18) height,7,6,7,6,0,,4313306.855,468080.267,2421.478,POINT Z (468080.267 4313306.855 2421.478)
662,662,512,,468077.844,4313308.454,2430.946,,-105.3684856,38.96816563,2416.926,Global,0.01,0.011,0.015,0.015,1.934,m,FIX,2025-04-01 12:51:04.4 UTC-06:00,2025-04-01 12:51:07.4 UTC-06:00,16,2.0,2.4,468406.275,4313300.688,2434.672,-105.3646942,38.96810755,2420.645,328.782,,NAD83(2011) / UTM zone 13N + NAVD88(GEOID18) height,7,6,7,6,0,,4313307.046,468080.31799999997,2421.506,POINT Z (468080.31799999997 4313307.046 2421.506)
663,663,513,,468077.895,4313308.638,2430.992,,-105.3684851,38.96816729,2416.971,Global,0.01,0.01,0.017,0.015,1.934,m,FIX,2025-04-01 12:51:15.2 UTC-06:00,2025-04-01 12:51:18.2 UTC-06:00,16,2.5,3.1,468406.275,4313300.688,2434.672,-105.3646942,38.96810755,2420.645,328.732,,NAD83(2011) / UTM zone 13N + NAVD88(GEOID18) height,7,6,7,6,0,,4313307.23,468080.369,2421.552,POINT Z (468080.369 4313307.23 2421.552)
664,664,514,,468077.943,4313308.798,2431.054,,-105.3684845,38.96816872,2417.033,Global,0.01,0.012,0.016,0.016,1.934,m,FIX,2025-04-01 12:51:25.2 UTC-06:00,2025-04-01 12:51:28.2 UTC-06:00,16,1.8,2.1,468406.275,4313300.688,2434.672,-105.3646942,38.96810755,2420.645,328.686,,NAD83(2011) / UTM zone 13N + NAVD88(GEOID18) height,7,6,7,6,0,,4313307.390000001,468080.417,2421.614,POINT Z (468080.417 4313307.390000001 2421.614)
665,665,515,,468077.985,4313309.005,2431.052,,-105.368484,38.9681706,2417.032,Global,0.01,0.01,0.017,0.015,1.934,m,FIX,2025-04-01 12:51:36.6 UTC-06:00,2025-04-01 12:51:39.6 UTC-06:00,16,1.8,2.1,468406.275,4313300.688,2434.672,-105.3646942,38.96810755,2420.645,328.65,,NAD83(2011) / UTM zone 13N + NAVD88(GEOID18) height,7,6,7,6,0,,4313307.597,468080.459,2421.612,POINT Z (468080.459 4313307.597 2421.612)
666,666,516,,468078.051,4313309.185,2431.07,,-105.3684833,38.96817222,2417.049,Global,0.01,0.01,0.018,0.015,1.934,m,FIX,2025-04-01 12:51:48.6 UTC-06:00,2025-04-01 12:51:51.6 UTC-06:00,16,2.0,2.4,468406.275,4313300.688,2434.672,-105.3646942,38.96810755,2420.645,328.591,,NAD83(2011) / UTM zone 13N + NAVD88(GEOID18) height,6,6,7,5,0,,4313307.777,468080.52499999997,2421.63,POINT Z (468080.52499999997 4313307.777 2421.63)
667,667,517,,468078.099,4313309.363,2431.116,,-105.3684827,38.96817382,2417.096,Global,0.012,0.011,0.02,0.017,1.934,m,FIX,2025-04-01 12:52:00.0 UTC-06:00,2025-04-01 12:52:03.0 UTC-06:00,16,2.0,2.4,468406.275,4313300.688,2434.672,-105.3646942,38.96810755,2420.645,328.537,,NAD83(2011) / UTM zone 13N + NAVD88(GEOID18) height,7,6,7,6,0,,4313307.955,468080.573,2421.676,POINT Z (468080.573 4313307.955 2421.676)
668,668,518,,468078.161,4313309.559,2431.172,,-105.368482,38.96817559,2417.151,Global,0.013,0.011,0.012,0.016,1.934,m,FIX,2025-04-01 12:52:09.4 UTC-06:00,2025-04-01 12:52:12.4 UTC-06:00,16,2.2,2.7,468406.275,4313300.688,2434.672,-105.3646942,38.96810755,2420.645,328.484,,NAD83(2011) / UTM zone 13N + NAVD88(GEOID18) height,7,6,7,5,0,,4313308.151000001,468080.635,2421.732,POINT Z (468080.635 4313308.151000001 2421.732)
669,669,519,,468078.207,4313309.757,2431.211,,-105.3684815,38.96817738,2417.19,Global,0.011,0.011,0.022,0.016,1.934,m,FIX,2025-04-01 12:52:19.8 UTC-06:00,2025-04-01 12:52:22.8 UTC-06:00,16,2.0,2.4,468406.275,4313300.688,2434.672,-105.3646942,38.96810755,2420.645,328.447,,NAD83(2011) / UTM zone 13N + NAVD88(GEOID18) height,7,6,7,6,0,,4313308.349,468080.681,2421.7709999999997,POINT Z (468080.681 4313308.349 2421.7709999999997)
670,670,520,,468078.256,4313309.925,2431.277,,-105.3684809,38.96817889,2417.257,Global,0.011,0.01,0.013,0.015,1.934,m,FIX,2025-04-01 12:52:30.6 UTC-06:00,2025-04-01 12:52:33.6 UTC-06:00,16,1.7,2.0,468406.275,4313300.688,2434.672,-105.3646942,38.96810755,2420.645,328.411,,NAD83(2011) / UTM zone 13N + NAVD88(GEOID18) height,7,6,7,6,0,,4313308.517,468080.73,2421.837,POINT Z (468080.73 4313308.517 2421.837)
671,671,521,,468078.308,4313310.086,2431.351,,-105.3684804,38.96818035,2417.33,Global,0.011,0.011,0.017,0.015,1.934,m,FIX,2025-04-01 12:52:42.8 UTC-06:00,2025-04-01 12:52:45.8 UTC-06:00,16,1.5,1.8,468406.275,4313300.688,2434.672,-105.3646942,38.96810755,2420.645,328.357,,NAD83(2011) / UTM zone 13N + NAVD88(GEOID18) height,7,6,7,5,0,,4313308.678,468080.782,2421.911,POINT Z (468080.782 4313308.678 2421.911)
672,672,522,,468078.374,4313310.27,2431.379,,-105.3684796,38.96818201,2417.358,Global,0.011,0.01,0.011,0.015,1.934,m,FIX,2025-04-01 12:52:54.8 UTC-06:00,2025-04-01 12:52:57.8 UTC-06:00,16,1.4,1.6,468406.275,4313300.688,2434.672,-105.3646942,38.96810755,2420.645,328.295,,NAD83(2011) / UTM zone 13N + NAVD88(GEOID18) height,8,6,7,6,0,,4313308.862,468080.848,2421.939,POINT Z (468080.848 4313308.862 2421.939)
673,673,523,,468078.402,4313310.471,2431.414,,-105.3684793,38.96818382,2417.393,Global,0.011,0.01,0.014,0.015,1.934,m,FIX,2025-04-01 12:53:05.8 UTC-06:00,2025-04-01 12:53:08.8 UTC-06:00,16,1.5,1.8,468406.275,4313300.688,2434.672,-105.3646942,38.96810755,2420.645,328.272,,NAD83(2011) / UTM zone 13N + NAVD88(GEOID18) height,6,6,7,5,0,,4313309.063,468080.876,2421.974,POINT Z (468080.876 4313309.063 2421.974)
674,674,524,,468078.418,4313310.67,2431.433,,-105.3684791,38.96818561,2417.412,Global,0.01,0.01,0.013,0.015,1.934,m,FIX,2025-04-01 12:53:15.4 UTC-06:00,2025-04-01 12:53:18.4 UTC-06:00,16,1.5,1.8,468406.275,4313300.688,2434.672,-105.3646942,38.96810755,2420.645,328.255,,NAD83(2011) / UTM zone 13N + NAVD88(GEOID18) height,6,6,7,5,0,,4313309.262,468080.892,2421.993,POINT Z (468080.892 4313309.262 2421.993)
675,675,525,,468078.527,4313310.8,2431.391,,-105.3684779,38.96818679,2417.371,Global,0.011,0.01,0.013,0.015,1.934,m,FIX,2025-04-01 12:53:25.8 UTC-06:00,2025-04-01 12:53:28.8 UTC-06:00,16,1.5,1.8,468406.275,4313300.688,2434.672,-105.3646942,38.96810755,2420.645,328.153,,NAD83(2011) / UTM zone 13N + NAVD88(GEOID18) height,7,6,7,6,0,,4313309.392,468081.001,2421.951,POINT Z (468081.001 4313309.392 2421.951)
676,676,526,,468078.569,4313311.019,2431.37,,-105.3684774,38.96818876,2417.349,Global,0.01,0.012,0.02,0.016,1.934,m,FIX,2025-04-01 12:53:38.6 UTC-06:00,2025-04-01 12:53:41.6 UTC-06:00,16,1.6,1.9,468406.275,4313300.688,2434.672,-105.3646942,38.96810755,2420.645,328.122,,NAD83(2011) / UTM zone 13N + NAVD88(GEOID18) height,7,6,7,6,0,,4313309.6110000005,468081.043,2421.93,POINT Z (468081.043 4313309.6110000005 2421.93)
677,677,527,,468078.631,4313311.211,2431.56,,-105.3684767,38.9681905,2417.54,Global,0.011,0.014,0.022,0.018,1.934,m,FIX,2025-04-01 12:53:51.4 UTC-06:00,2025-04-01 12:53:54.4 UTC-06:00,16,2.0,2.4,468406.275,4313300.688,2434.672,-105.3646942,38.96810755,2420.645,328.059,,NAD83(2011) / UTM zone 13N + NAVD88(GEOID18) height,6,6,7,6,0,,4313309.803,468081.105,2422.12,POINT Z (468081.105 4313309.803 2422.12)
678,678,528,,468078.694,4313311.356,2431.569,,-105.368476,38.96819181,2417.549,Global,0.011,0.012,0.019,0.016,1.934,m,FIX,2025-04-01 12:54:04.0 UTC-06:00,2025-04-01 12:54:07.0 UTC-06:00,16,2.0,2.4,468406.275,4313300.688,2434.672,-105.3646942,38.96810755,2420.645,328.004,,NAD83(2011) / UTM zone 13N + NAVD88(GEOID18) height,8,6,7,5,0,,4313309.948,468081.168,2422.129,POINT Z (468081.168 4313309.948 2422.129)
679,679,529,,468078.755,4313311.595,2431.633,,-105.3684753,38.96819396,2417.612,Global,0.01,0.01,0.01,0.015,1.934,m,FIX,2025-04-01 12:54:17.4 UTC-06:00,2025-04-01 12:54:20.4 UTC-06:00,16,1.4,1.7,468406.275,4313300.688,2434.672,-105.3646942,38.96810755,2420.645,327.95,,NAD83(2011) / UTM zone 13N + NAVD88(GEOID18) height,7,6,7,6,0,,4313310.187,468081.229,2422.1929999999998,POINT Z (468081.229 4313310.187 2422.1929999999998)
680,680,530,,468078.817,4313311.762,2431.674,,-105.3684746,38.96819547,2417.654,Global,0.011,0.012,0.021,0.016,1.934,m,FIX,2025-04-01 12:54:28.0 UTC-06:00,2025-04-01 12:54:31.0 UTC-06:00,16,2.0,2.4,468406.275,4313300.688,2434.672,-105.3646942,38.96810755,2420.645,327.894,,NAD83(2011) / UTM zone 13N + NAVD88(GEOID18) height,7,6,7,6,0,,4313310.354,468081.29099999997,2422.234,POINT Z (468081.29099999997 4313310.354 2422.234)
681,681,531,,468078.872,4313311.986,2431.748,,-105.3684739,38.96819749,2417.727,Global,0.011,0.012,0.011,0.017,1.934,m,FIX,2025-04-01 12:54:41.0 UTC-06:00,2025-04-01 12:54:44.0 UTC-06:00,16,1.5,1.9,468406.275,4313300.688,2434.672,-105.3646942,38.96810755,2420.645,327.845,,NAD83(2011) / UTM zone 13N + NAVD88(GEOID18) height,7,6,7,6,0,,4313310.578,468081.34599999996,2422.308,POINT Z (468081.34599999996 4313310.578 2422.308)
682,682,532,,468078.916,4313312.13,2431.83,,-105.3684734,38.96819879,2417.809,Global,0.011,0.01,0.013,0.015,1.934,m,FIX,2025-04-01 12:54:54.6 UTC-06:00,2025-04-01 12:54:57.6 UTC-06:00,16,1.6,1.9,468406.275,4313300.688,2434.672,-105.3646942,38.96810755,2420.645,327.818,,NAD83(2011) / UTM zone 13N + NAVD88(GEOID18) height,7,6,7,5,0,,4313310.722,468081.39,2422.39,POINT Z (468081.39 4313310.722 2422.39)
683,683,533,,468078.979,4313312.355,2431.97,,-105.3684727,38.96820081,2417.95,Global,0.011,0.012,0.021,0.016,1.934,m,FIX,2025-04-01 12:55:08.4 UTC-06:00,2025-04-01 12:55:11.4 UTC-06:00,16,1.8,2.2,468406.275,4313300.688,2434.672,-105.3646942,38.96810755,2420.645,327.76,,NAD83(2011) / UTM zone 13N + NAVD88(GEOID18) height,7,6,7,6,0,,4313310.947000001,468081.453,2422.5299999999997,POINT Z (468081.453 4313310.947000001 2422.5299999999997)
684,684,534,,468079.03,4313312.535,2431.986,,-105.3684721,38.96820245,2417.966,Global,0.01,0.01,0.015,0.015,1.934,m,FIX,2025-04-01 12:55:21.6 UTC-06:00,2025-04-01 12:55:24.6 UTC-06:00,16,1.7,2.0,468406.275,4313300.688,2434.672,-105.3646942,38.96810755,2420.645,327.712,,NAD83(2011) / UTM zone 13N + NAVD88(GEOID18) height,7,6,7,5,0,,4313311.127,468081.504,2422.546,POINT Z (468081.504 4313311.127 2422.546)
685,685,535,,468079.06,4313312.672,2432.194,,-105.3684718,38.96820367,2418.174,Global,0.01,0.011,0.02,0.015,1.934,m,FIX,2025-04-01 12:55:34.6 UTC-06:00,2025-04-01 12:55:37.6 UTC-06:00,16,1.8,2.2,468406.275,4313300.688,2434.672,-105.3646942,38.96810755,2420.645,327.687,,NAD83(2011) / UTM zone 13N + NAVD88(GEOID18) height,7,6,7,5,0,,4313311.264,468081.534,2422.754,POINT Z (468081.534 4313311.264 2422.754)
686,686,536,,468079.133,4313312.873,2432.237,,-105.368471,38.96820549,2418.216,Global,0.011,0.011,0.022,0.015,1.934,m,FIX,2025-04-01 12:55:49.4 UTC-06:00,2025-04-01 12:55:52.4 UTC-06:00,16,1.7,2.0,468406.275,4313300.688,2434.672,-105.3646942,38.96810755,2420.645,327.614,,NAD83(2011) / UTM zone 13N + NAVD88(GEOID18) height,7,6,7,5,0,,4313311.465,468081.60699999996,2422.797,POINT Z (468081.60699999996 4313311.465 2422.797)
687,687,537,,468079.199,4313313.08,2432.349,,-105.3684702,38.96820736,2418.328,Global,0.011,0.013,0.024,0.017,1.934,m,FIX,2025-04-01 12:56:02.8 UTC-06:00,2025-04-01 12:56:05.8 UTC-06:00,16,2.1,2.5,468406.275,4313300.688,2434.672,-105.3646942,38.96810755,2420.645,327.566,,NAD83(2011) / UTM zone 13N + NAVD88(GEOID18) height,7,6,7,5,0,,4313311.672,468081.673,2422.909,POINT Z (468081.673 4313311.672 2422.909)
688,688,538,,468079.247,4313313.302,2432.521,,-105.3684697,38.96820937,2418.5,Global,0.013,0.011,0.021,0.017,1.934,m,FIX,2025-04-01 12:56:25.2 UTC-06:00,2025-04-01 12:56:28.2 UTC-06:00,16,2.1,2.5,468406.275,4313300.688,2434.672,-105.3646942,38.96810755,2420.645,327.532,,NAD83(2011) / UTM zone 13N + NAVD88(GEOID18) height,7,6,7,5,0,,4313311.894,468081.72099999996,2423.081,POINT Z (468081.72099999996 4313311.894 2423.081)
689,689,539,,468079.04,4313313.393,2432.428,,-105.3684721,38.96821017,2418.407,Global,0.012,0.013,0.025,0.017,1.934,m,FIX,2025-04-01 12:56:38.8 UTC-06:00,2025-04-01 12:56:41.8 UTC-06:00,16,1.6,1.9,468406.275,4313300.688,2434.672,-105.3646942,38.96810755,2420.645,327.739,,NAD83(2011) / UTM zone 13N + NAVD88(GEOID18) height,7,6,8,6,0,,4313311.985,468081.51399999997,2422.988,POINT Z (468081.51399999997 4313311.985 2422.988)
690,690,540,,468079.2,4313313.053,2432.379,,-105.3684702,38.96820712,2418.358,Global,0.01,0.013,0.024,0.016,1.934,m,FIX,2025-04-01 12:56:50.0 UTC-06:00,2025-04-01 12:56:53.0 UTC-06:00,16,1.8,2.2,468406.275,4313300.688,2434.672,-105.3646942,38.96810755,2420.645,327.559,,NAD83(2011) / UTM zone 13N + NAVD88(GEOID18) height,7,6,7,6,0,,4313311.6450000005,468081.674,2422.939,POINT Z (468081.674 4313311.6450000005 2422.939)
691,691,541,,468079.448,4313313.204,2432.466,,-105.3684673,38.96820849,2418.446,Global,0.012,0.011,0.025,0.016,1.934,m,FIX,2025-04-01 12:57:00.8 UTC-06:00,2025-04-01 12:57:03.8 UTC-06:00,16,1.8,2.2,468406.275,4313300.688,2434.672,-105.3646942,38.96810755,2420.645,327.322,,NAD83(2011) / UTM zone 13N + NAVD88(GEOID18) height,8,6,7,5,0,,4313311.796,468081.92199999996,2423.026,POINT Z (468081.92199999996 4313311.796 2423.026)
692,692,542,,468079.319,4313313.525,2432.558,,-105.3684688,38.96821138,2418.537,Global,0.011,0.01,0.015,0.015,1.934,m,FIX,2025-04-01 12:57:11.0 UTC-06:00,2025-04-01 12:57:14.0 UTC-06:00,16,1.5,1.8,468406.275,4313300.688,2434.672,-105.3646942,38.96810755,2420.645,327.463,,NAD83(2011) / UTM zone 13N + NAVD88(GEOID18) height,7,6,9,6,0,,4313312.117000001,468081.793,2423.118,POINT Z (468081.793 4313312.117000001 2423.118)
693,693,543,,468079.257,4313313.306,2432.46,,-105.3684696,38.9682094,2418.439,Global,0.01,0.011,0.02,0.015,1.934,m,FIX,2025-04-01 12:57:26.4 UTC-06:00,2025-04-01 12:57:29.4 UTC-06:00,16,1.7,2.0,468406.275,4313300.688,2434.672,-105.3646942,38.96810755,2420.645,327.516,,NAD83(2011) / UTM zone 13N + NAVD88(GEOID18) height,7,6,6,5,0,,4313311.898,468081.73099999997,2423.02,POINT Z (468081.73099999997 4313311.898 2423.02)
694,694,544,,468079.237,4313313.301,2432.525,,-105.3684698,38.96820936,2418.504,Global,0.011,0.011,0.012,0.016,1.934,m,FIX,2025-04-01 12:57:38.8 UTC-06:00,2025-04-01 12:57:41.8 UTC-06:00,16,1.6,1.9,468406.275,4313300.688,2434.672,-105.3646942,38.96810755,2420.645,327.545,,NAD83(2011) / UTM zone 13N + NAVD88(GEOID18) height,7,6,8,6,0,,4313311.893,468081.711,2423.085,POINT Z (468081.711 4313311.893 2423.085)
695,695,545,,468079.223,4313313.281,2432.524,,-105.3684699,38.96820917,2418.504,Global,0.011,0.013,0.023,0.017,1.934,m,FIX,2025-04-01 12:57:58.4 UTC-06:00,2025-04-01 12:58:28.4 UTC-06:00,151,1.8,2.2,468406.275,4313300.688,2434.672,-105.3646942,38.96810755,2420.645,327.542,,NAD83(2011) / UTM zone 13N + NAVD88(GEOID18) height,7,6,6,5,0,,4313311.873000001,468081.697,2423.084,POINT Z (468081.697 4313311.873000001 2423.084)
