Name,Code,Easting,Northing,OriginalElevation ,Elevation,Description,Longitude,Latitude,Ellipsoidal height,Origin,Easting RMS,Northing RMS,Elevation RMS,Lateral RMS,Antenna height,Antenna height units,Solution status,Averaging start,Averaging end,Samples,PDOP,GDOP,Base easting,Base northing,Base elevation,Base longitude,Base latitude,Base ellipsoidal height,Baseline,Mount point,CS name,GPS Satellites,GLONASS Satellites,Galileo Satellites,BeiDou Satellites,QZSS Satellites,
1,,466251.037,4312190.807,2455.4,2435.4,,-105.3895173,38.95802579,2441.41,Global,0.012,0.012,0.011,0.017,1.934,m,FIX,2025-03-31 10:45:45.8 UTC-06:00,2025-03-31 10:46:15.8 UTC-06:00,151,1,1.2,466230.063,4312045.505,2470.689,-105.3897522,38.95671563,2456.697,147.523,,NAD83(2011) / UTM zone 13N + NAVD88(GEOID18) height,8,6,8,6,0,
2,,466251.027,4312190.807,2455.404,2435.404,,-105.3895175,38.95802579,2441.414,Global,0.01,0.011,0.01,0.015,1.934,m,FIX,2025-03-31 10:46:29.0 UTC-06:00,2025-03-31 10:46:32.0 UTC-06:00,16,1,1.2,466230.063,4312045.505,2470.689,-105.3897522,38.95671563,2456.697,147.527,,NAD83(2011) / UTM zone 13N + NAVD88(GEOID18) height,8,6,8,6,0,
3,,466250.952,4312190.731,2455.364,2435.364,,-105.3895183,38.9580251,2441.373,Global,0.01,0.012,0.01,0.016,1.934,m,FIX,2025-03-31 10:46:44.0 UTC-06:00,2025-03-31 10:46:47.0 UTC-06:00,16,1,1.2,466230.063,4312045.505,2470.689,-105.3897522,38.95671563,2456.697,147.437,,NAD83(2011) / UTM zone 13N + NAVD88(GEOID18) height,8,6,8,6,0,
4,,466250.925,4312190.917,2455.358,2435.358,,-105.3895186,38.95802678,2441.367,Global,0.011,0.011,0.01,0.015,1.934,m,FIX,2025-03-31 10:46:57.8 UTC-06:00,2025-03-31 10:47:00.8 UTC-06:00,16,1,1.2,466230.063,4312045.505,2470.689,-105.3897522,38.95671563,2456.697,147.625,,NAD83(2011) / UTM zone 13N + NAVD88(GEOID18) height,8,6,8,6,0,
5,,466251.142,4312190.907,2455.344,2435.344,,-105.3895161,38.95802669,2441.354,Global,0.011,0.011,0.011,0.015,1.934,m,FIX,2025-03-31 10:47:07.2 UTC-06:00,2025-03-31 10:47:10.2 UTC-06:00,16,1.1,1.3,466230.063,4312045.505,2470.689,-105.3897522,38.95671563,2456.697,147.647,,NAD83(2011) / UTM zone 13N + NAVD88(GEOID18) height,9,6,8,6,0,
6,,466251.117,4312190.735,2455.344,2435.344,,-105.3895164,38.95802514,2441.354,Global,0.011,0.015,0.011,0.019,1.934,m,FIX,2025-03-31 10:47:17.4 UTC-06:00,2025-03-31 10:47:20.4 UTC-06:00,16,1,1.2,466230.063,4312045.505,2470.689,-105.3897522,38.95671563,2456.697,147.462,,NAD83(2011) / UTM zone 13N + NAVD88(GEOID18) height,9,6,8,6,0,
7,,466250.999,4312190.8,2455.361,2435.361,,-105.3895178,38.95802573,2441.37,Global,0.011,0.014,0.012,0.017,1.934,m,FIX,2025-03-31 10:47:30.8 UTC-06:00,2025-03-31 10:47:33.8 UTC-06:00,16,1,1.2,466230.063,4312045.505,2470.689,-105.3897522,38.95671563,2456.697,147.508,,NAD83(2011) / UTM zone 13N + NAVD88(GEOID18) height,9,6,8,6,0,
8,,466251.033,4312190.796,2455.407,2435.407,,-105.3895174,38.9580257,2441.416,Global,0.01,0.012,0.01,0.015,1.934,m,FIX,2025-03-31 10:47:41.8 UTC-06:00,2025-03-31 10:47:44.8 UTC-06:00,16,1,1.2,466230.063,4312045.505,2470.689,-105.3897522,38.95671563,2456.697,147.521,,NAD83(2011) / UTM zone 13N + NAVD88(GEOID18) height,8,6,8,6,0,
9,,466250.923,4312190.972,2455.355,2435.355,,-105.3895187,38.95802727,2441.364,Global,0.012,0.012,0.01,0.017,1.934,m,FIX,2025-03-31 10:48:04.0 UTC-06:00,2025-03-31 10:48:07.0 UTC-06:00,16,1,1.2,466230.063,4312045.505,2470.689,-105.3897522,38.95671563,2456.697,147.668,,NAD83(2011) / UTM zone 13N + NAVD88(GEOID18) height,8,6,8,6,0,
10,,466250.799,4312191.094,2455.305,2435.305,,-105.3895201,38.95802837,2441.314,Global,0.019,0.015,0.01,0.024,1.934,m,FIX,2025-03-31 10:48:14.8 UTC-06:00,2025-03-31 10:48:17.8 UTC-06:00,16,1,1.2,466230.063,4312045.505,2470.689,-105.3897522,38.95671563,2456.697,147.785,,NAD83(2011) / UTM zone 13N + NAVD88(GEOID18) height,7,6,8,6,0,
11,,466250.704,4312191.266,2455.257,2435.257,,-105.3895212,38.95802991,2441.267,Global,0.011,0.01,0.01,0.015,1.934,m,FIX,2025-03-31 10:48:26.8 UTC-06:00,2025-03-31 10:48:29.8 UTC-06:00,16,1,1.2,466230.063,4312045.505,2470.689,-105.3897522,38.95671563,2456.697,147.946,,NAD83(2011) / UTM zone 13N + NAVD88(GEOID18) height,8,6,8,6,0,
12,,466250.567,4312191.437,2455.247,2435.247,,-105.3895228,38.95803145,2441.257,Global,0.011,0.01,0.01,0.015,1.934,m,FIX,2025-03-31 10:48:37.0 UTC-06:00,2025-03-31 10:48:40.0 UTC-06:00,16,1,1.2,466230.063,4312045.505,2470.689,-105.3897522,38.95671563,2456.697,148.091,,NAD83(2011) / UTM zone 13N + NAVD88(GEOID18) height,8,6,8,6,0,
13,,466250.456,4312191.561,2455.24,2435.24,,-105.3895241,38.95803257,2441.249,Global,0.01,0.019,0.01,0.022,1.934,m,FIX,2025-03-31 10:48:47.0 UTC-06:00,2025-03-31 10:48:50.0 UTC-06:00,16,1,1.2,466230.063,4312045.505,2470.689,-105.3897522,38.95671563,2456.697,148.22,,NAD83(2011) / UTM zone 13N + NAVD88(GEOID18) height,8,6,8,6,0,
14,,466250.291,4312191.716,2455.206,2435.206,,-105.389526,38.95803395,2441.215,Global,0.011,0.011,0.01,0.015,1.934,m,FIX,2025-03-31 10:48:57.6 UTC-06:00,2025-03-31 10:49:00.6 UTC-06:00,16,1,1.2,466230.063,4312045.505,2470.689,-105.3897522,38.95671563,2456.697,148.343,,NAD83(2011) / UTM zone 13N + NAVD88(GEOID18) height,8,6,8,6,0,
15,,466250.157,4312191.864,2455.138,2435.138,,-105.3895275,38.95803528,2441.147,Global,0.021,0.012,0.01,0.024,1.934,m,FIX,2025-03-31 10:49:09.4 UTC-06:00,2025-03-31 10:49:12.4 UTC-06:00,16,1,1.2,466230.063,4312045.505,2470.689,-105.3897522,38.95671563,2456.697,148.464,,NAD83(2011) / UTM zone 13N + NAVD88(GEOID18) height,8,6,8,6,0,
16,,466250.055,4312192.044,2455.061,2435.061,,-105.3895287,38.9580369,2441.07,Global,0.01,0.012,0.011,0.016,1.934,m,FIX,2025-03-31 10:49:18.6 UTC-06:00,2025-03-31 10:49:21.6 UTC-06:00,16,1,1.2,466230.063,4312045.505,2470.689,-105.3897522,38.95671563,2456.697,148.632,,NAD83(2011) / UTM zone 13N + NAVD88(GEOID18) height,8,6,8,6,0,
17,,466249.934,4312192.198,2455.003,2435.003,,-105.3895301,38.95803829,2441.012,Global,0.018,0.015,0.01,0.023,1.934,m,FIX,2025-03-31 10:49:28.4 UTC-06:00,2025-03-31 10:49:31.4 UTC-06:00,16,1,1.2,466230.063,4312045.505,2470.689,-105.3897522,38.95671563,2456.697,148.784,,NAD83(2011) / UTM zone 13N + NAVD88(GEOID18) height,8,6,8,6,0,
18,,466249.735,4312192.302,2454.94,2434.94,,-105.3895324,38.95803921,2440.949,Global,0.02,0.011,0.01,0.023,1.934,m,FIX,2025-03-31 10:49:42.0 UTC-06:00,2025-03-31 10:49:45.0 UTC-06:00,16,1.1,1.3,466230.063,4312045.505,2470.689,-105.3897522,38.95671563,2456.697,148.867,,NAD83(2011) / UTM zone 13N + NAVD88(GEOID18) height,8,6,8,6,0,
19,,466249.691,4312192.504,2454.814,2434.814,,-105.389533,38.95804104,2440.824,Global,0.019,0.011,0.01,0.022,1.934,m,FIX,2025-03-31 10:49:56.2 UTC-06:00,2025-03-31 10:49:59.2 UTC-06:00,16,1,1.2,466230.063,4312045.505,2470.689,-105.3897522,38.95671563,2456.697,149.076,,NAD83(2011) / UTM zone 13N + NAVD88(GEOID18) height,8,6,8,6,0,
20,,466249.498,4312192.633,2454.714,2434.714,,-105.3895352,38.95804218,2440.723,Global,0.012,0.011,0.011,0.017,1.934,m,FIX,2025-03-31 10:50:24.4 UTC-06:00,2025-03-31 10:50:27.4 UTC-06:00,16,1,1.2,466230.063,4312045.505,2470.689,-105.3897522,38.95671563,2456.697,149.187,,NAD83(2011) / UTM zone 13N + NAVD88(GEOID18) height,8,6,8,6,0,
21,,466249.314,4312192.814,2454.681,2434.681,,-105.3895373,38.95804381,2440.69,Global,0.01,0.011,0.01,0.015,1.934,m,FIX,2025-03-31 10:50:49.0 UTC-06:00,2025-03-31 10:50:52.0 UTC-06:00,16,1,1.2,466230.063,4312045.505,2470.689,-105.3897522,38.95671563,2456.697,149.332,,NAD83(2011) / UTM zone 13N + NAVD88(GEOID18) height,7,6,8,6,0,
22,,466249.232,4312192.956,2454.67,2434.67,,-105.3895383,38.95804508,2440.679,Global,0.012,0.012,0.011,0.017,1.934,m,FIX,2025-03-31 10:51:04.6 UTC-06:00,2025-03-31 10:51:07.6 UTC-06:00,16,1,1.2,466230.063,4312045.505,2470.689,-105.3897522,38.95671563,2456.697,149.463,,NAD83(2011) / UTM zone 13N + NAVD88(GEOID18) height,7,6,8,6,0,
23,,466249.131,4312193.126,2454.66,2434.66,,-105.3895394,38.95804661,2440.669,Global,0.011,0.011,0.01,0.015,1.934,m,FIX,2025-03-31 10:51:30.6 UTC-06:00,2025-03-31 10:51:33.6 UTC-06:00,16,1,1.2,466230.063,4312045.505,2470.689,-105.3897522,38.95671563,2456.697,149.626,,NAD83(2011) / UTM zone 13N + NAVD88(GEOID18) height,8,6,8,6,0,
24,,466249.019,4312193.278,2454.631,2434.631,,-105.3895407,38.95804798,2440.64,Global,0.011,0.011,0.01,0.016,1.934,m,FIX,2025-03-31 10:51:40.6 UTC-06:00,2025-03-31 10:51:43.6 UTC-06:00,16,1,1.2,466230.063,4312045.505,2470.689,-105.3897522,38.95671563,2456.697,149.756,,NAD83(2011) / UTM zone 13N + NAVD88(GEOID18) height,8,6,8,6,0,
25,,466248.905,4312193.413,2454.593,2434.593,,-105.3895421,38.95804919,2440.602,Global,0.011,0.015,0.01,0.019,1.934,m,FIX,2025-03-31 10:51:53.0 UTC-06:00,2025-03-31 10:51:56.0 UTC-06:00,16,1,1.2,466230.063,4312045.505,2470.689,-105.3897522,38.95671563,2456.697,149.882,,NAD83(2011) / UTM zone 13N + NAVD88(GEOID18) height,8,6,8,6,0,
26,,466248.694,4312193.66,2454.499,2434.499,,-105.3895445,38.95805141,2440.508,Global,0.016,0.012,0.01,0.02,1.934,m,FIX,2025-03-31 10:52:04.4 UTC-06:00,2025-03-31 10:52:07.4 UTC-06:00,16,1,1.2,466230.063,4312045.505,2470.689,-105.3897522,38.95671563,2456.697,150.115,,NAD83(2011) / UTM zone 13N + NAVD88(GEOID18) height,8,6,8,6,0,
27,,466248.512,4312193.803,2454.484,2434.484,,-105.3895466,38.95805269,2440.494,Global,0.012,0.011,0.01,0.016,1.934,m,FIX,2025-03-31 10:52:22.0 UTC-06:00,2025-03-31 10:52:25.0 UTC-06:00,16,1,1.2,466230.063,4312045.505,2470.689,-105.3897522,38.95671563,2456.697,150.239,,NAD83(2011) / UTM zone 13N + NAVD88(GEOID18) height,8,6,8,6,0,
28,,466248.347,4312193.946,2454.487,2434.487,,-105.3895485,38.95805397,2440.497,Global,0.01,0.011,0.011,0.015,1.934,m,FIX,2025-03-31 10:52:34.8 UTC-06:00,2025-03-31 10:52:37.8 UTC-06:00,16,1,1.2,466230.063,4312045.505,2470.689,-105.3897522,38.95671563,2456.697,150.358,,NAD83(2011) / UTM zone 13N + NAVD88(GEOID18) height,8,6,8,6,0,
29,,466248.312,4312194.167,2454.498,2434.498,,-105.3895489,38.95805596,2440.508,Global,0.015,0.013,0.01,0.02,1.934,m,FIX,2025-03-31 10:53:08.6 UTC-06:00,2025-03-31 10:53:11.6 UTC-06:00,16,1,1.2,466230.063,4312045.505,2470.689,-105.3897522,38.95671563,2456.697,150.576,,NAD83(2011) / UTM zone 13N + NAVD88(GEOID18) height,8,6,8,6,0,
30,,466248.192,4312194.297,2454.497,2434.497,,-105.3895503,38.95805713,2440.506,Global,0.01,0.013,0.012,0.017,1.934,m,FIX,2025-03-31 10:53:16.8 UTC-06:00,2025-03-31 10:53:19.8 UTC-06:00,16,1,1.2,466230.063,4312045.505,2470.689,-105.3897522,38.95671563,2456.697,150.677,,NAD83(2011) / UTM zone 13N + NAVD88(GEOID18) height,8,6,8,6,0,
31,,466248.038,4312194.436,2454.494,2434.494,,-105.3895521,38.95805838,2440.503,Global,0.011,0.013,0.01,0.017,1.934,m,FIX,2025-03-31 10:53:25.6 UTC-06:00,2025-03-31 10:53:28.6 UTC-06:00,16,1,1.2,466230.063,4312045.505,2470.689,-105.3897522,38.95671563,2456.697,150.812,,NAD83(2011) / UTM zone 13N + NAVD88(GEOID18) height,8,6,8,6,0,
32,,466247.831,4312194.494,2454.483,2434.483,,-105.3895545,38.9580589,2440.492,Global,0.014,0.013,0.01,0.019,1.934,m,FIX,2025-03-31 10:53:34.4 UTC-06:00,2025-03-31 10:53:37.4 UTC-06:00,16,1,1.2,466230.063,4312045.505,2470.689,-105.3897522,38.95671563,2456.697,150.84,,NAD83(2011) / UTM zone 13N + NAVD88(GEOID18) height,8,6,8,6,0,
33,,466247.761,4312194.68,2454.489,2434.489,,-105.3895553,38.95806057,2440.498,Global,0.011,0.012,0.01,0.016,1.934,m,FIX,2025-03-31 10:53:44.8 UTC-06:00,2025-03-31 10:53:47.8 UTC-06:00,16,1,1.2,466230.063,4312045.505,2470.689,-105.3897522,38.95671563,2456.697,151.004,,NAD83(2011) / UTM zone 13N + NAVD88(GEOID18) height,8,6,8,6,0,
34,,466247.663,4312194.913,2454.513,2434.513,,-105.3895565,38.95806266,2440.522,Global,0.02,0.011,0.011,0.023,1.934,m,FIX,2025-03-31 10:54:05.0 UTC-06:00,2025-03-31 10:54:08.0 UTC-06:00,16,1.1,1.3,466230.063,4312045.505,2470.689,-105.3897522,38.95671563,2456.697,151.229,,NAD83(2011) / UTM zone 13N + NAVD88(GEOID18) height,8,6,8,6,0,
35,,466247.543,4312195.043,2454.518,2434.518,,-105.3895579,38.95806383,2440.527,Global,0.012,0.012,0.01,0.017,1.934,m,FIX,2025-03-31 10:54:15.6 UTC-06:00,2025-03-31 10:54:18.6 UTC-06:00,16,1.1,1.3,466230.063,4312045.505,2470.689,-105.3897522,38.95671563,2456.697,151.348,,NAD83(2011) / UTM zone 13N + NAVD88(GEOID18) height,8,6,8,6,0,
36,,466247.403,4312195.169,2454.498,2434.498,,-105.3895595,38.95806496,2440.507,Global,0.011,0.019,0.01,0.022,1.934,m,FIX,2025-03-31 10:55:18.0 UTC-06:00,2025-03-31 10:55:21.0 UTC-06:00,16,1.1,1.3,466230.063,4312045.505,2470.689,-105.3897522,38.95671563,2456.697,151.473,,NAD83(2011) / UTM zone 13N + NAVD88(GEOID18) height,8,6,8,6,0,
37,,466247.218,4312195.326,2454.473,2434.473,,-105.3895616,38.95806637,2440.482,Global,0.012,0.012,0.01,0.017,1.934,m,FIX,2025-03-31 10:55:26.8 UTC-06:00,2025-03-31 10:55:29.8 UTC-06:00,16,1.1,1.3,466230.063,4312045.505,2470.689,-105.3897522,38.95671563,2456.697,151.589,,NAD83(2011) / UTM zone 13N + NAVD88(GEOID18) height,8,6,8,6,0,
38,,466247.197,4312195.579,2454.49,2434.49,,-105.3895619,38.95806865,2440.499,Global,0.013,0.014,0.011,0.019,1.934,m,FIX,2025-03-31 10:55:39.4 UTC-06:00,2025-03-31 10:55:42.4 UTC-06:00,16,1.1,1.3,466230.063,4312045.505,2470.689,-105.3897522,38.95671563,2456.697,151.839,,NAD83(2011) / UTM zone 13N + NAVD88(GEOID18) height,8,6,8,6,0,
39,,466247.029,4312195.655,2454.506,2434.506,,-105.3895638,38.95806932,2440.515,Global,0.012,0.014,0.011,0.019,1.934,m,FIX,2025-03-31 10:55:50.0 UTC-06:00,2025-03-31 10:55:53.0 UTC-06:00,16,1.1,1.3,466230.063,4312045.505,2470.689,-105.3897522,38.95671563,2456.697,151.883,,NAD83(2011) / UTM zone 13N + NAVD88(GEOID18) height,8,6,8,6,0,
40,,466246.955,4312195.857,2454.525,2434.525,,-105.3895647,38.95807114,2440.534,Global,0.011,0.013,0.01,0.017,1.934,m,FIX,2025-03-31 10:56:03.2 UTC-06:00,2025-03-31 10:56:06.2 UTC-06:00,16,1.1,1.3,466230.063,4312045.505,2470.689,-105.3897522,38.95671563,2456.697,152.09,,NAD83(2011) / UTM zone 13N + NAVD88(GEOID18) height,8,6,8,6,0,
41,,466246.739,4312195.927,2454.532,2434.532,,-105.3895672,38.95807177,2440.542,Global,0.011,0.011,0.01,0.015,1.934,m,FIX,2025-03-31 10:56:14.8 UTC-06:00,2025-03-31 10:56:17.8 UTC-06:00,16,1.1,1.3,466230.063,4312045.505,2470.689,-105.3897522,38.95671563,2456.697,152.123,,NAD83(2011) / UTM zone 13N + NAVD88(GEOID18) height,8,6,8,6,0,
42,,466246.599,4312196.097,2454.474,2434.474,,-105.3895688,38.95807329,2440.484,Global,0.019,0.015,0.01,0.024,1.934,m,FIX,2025-03-31 10:56:24.4 UTC-06:00,2025-03-31 10:56:27.4 UTC-06:00,16,1.1,1.3,466230.063,4312045.505,2470.689,-105.3897522,38.95671563,2456.697,152.288,,NAD83(2011) / UTM zone 13N + NAVD88(GEOID18) height,8,6,8,6,0,
43,,466246.473,4312196.313,2454.458,2434.458,,-105.3895703,38.95807523,2440.468,Global,0.015,0.012,0.01,0.019,1.934,m,FIX,2025-03-31 10:56:38.6 UTC-06:00,2025-03-31 10:56:41.6 UTC-06:00,16,1.1,1.3,466230.063,4312045.505,2470.689,-105.3897522,38.95671563,2456.697,152.5,,NAD83(2011) / UTM zone 13N + NAVD88(GEOID18) height,8,6,8,6,0,
44,,466246.356,4312196.553,2454.377,2434.377,,-105.3895717,38.95807739,2440.386,Global,0.011,0.015,0.01,0.018,1.934,m,FIX,2025-03-31 10:56:49.8 UTC-06:00,2025-03-31 10:56:52.8 UTC-06:00,16,1.1,1.3,466230.063,4312045.505,2470.689,-105.3897522,38.95671563,2456.697,152.686,,NAD83(2011) / UTM zone 13N + NAVD88(GEOID18) height,8,6,8,6,0,
45,,466246.129,4312196.711,2454.293,2434.293,,-105.3895743,38.95807881,2440.302,Global,0.014,0.018,0.01,0.023,1.934,m,FIX,2025-03-31 10:57:24.6 UTC-06:00,2025-03-31 10:57:27.6 UTC-06:00,16,1.1,1.3,466230.063,4312045.505,2470.689,-105.3897522,38.95671563,2456.697,152.889,,NAD83(2011) / UTM zone 13N + NAVD88(GEOID18) height,9,6,8,6,0,
46,,466245.957,4312196.86,2454.255,2434.255,,-105.3895763,38.95808014,2440.264,Global,0.011,0.012,0.01,0.016,1.934,m,FIX,2025-03-31 10:57:40.6 UTC-06:00,2025-03-31 10:57:43.6 UTC-06:00,16,1.1,1.3,466230.063,4312045.505,2470.689,-105.3897522,38.95671563,2456.697,152.992,,NAD83(2011) / UTM zone 13N + NAVD88(GEOID18) height,9,6,8,6,0,
47,,466245.832,4312197,2454.216,2434.216,,-105.3895777,38.9580814,2440.225,Global,0.011,0.011,0.01,0.015,1.934,m,FIX,2025-03-31 10:57:51.8 UTC-06:00,2025-03-31 10:57:54.8 UTC-06:00,16,1.1,1.3,466230.063,4312045.505,2470.689,-105.3897522,38.95671563,2456.697,153.121,,NAD83(2011) / UTM zone 13N + NAVD88(GEOID18) height,9,6,8,6,0,
48,,466245.706,4312197.142,2454.202,2434.202,,-105.3895792,38.95808268,2440.211,Global,0.012,0.013,0.01,0.018,1.934,m,FIX,2025-03-31 10:58:02.0 UTC-06:00,2025-03-31 10:58:05.0 UTC-06:00,16,1.1,1.3,466230.063,4312045.505,2470.689,-105.3897522,38.95671563,2456.697,153.267,,NAD83(2011) / UTM zone 13N + NAVD88(GEOID18) height,9,6,8,6,0,
49,,466245.552,4312197.241,2454.199,2434.199,,-105.389581,38.95808356,2440.208,Global,0.012,0.014,0.01,0.019,1.934,m,FIX,2025-03-31 10:58:10.4 UTC-06:00,2025-03-31 10:58:13.4 UTC-06:00,16,1.1,1.3,466230.063,4312045.505,2470.689,-105.3897522,38.95671563,2456.697,153.332,,NAD83(2011) / UTM zone 13N + NAVD88(GEOID18) height,9,6,8,6,0,
50,,466245.328,4312197.35,2454.219,2434.219,,-105.3895835,38.95808453,2440.228,Global,0.016,0.017,0.01,0.023,1.934,m,FIX,2025-03-31 10:58:17.6 UTC-06:00,2025-03-31 10:58:20.6 UTC-06:00,16,1.1,1.3,466230.063,4312045.505,2470.689,-105.3897522,38.95671563,2456.697,153.423,,NAD83(2011) / UTM zone 13N + NAVD88(GEOID18) height,9,6,8,6,0,
51,,466245.274,4312197.618,2454.226,2434.226,,-105.3895842,38.95808694,2440.235,Global,0.012,0.012,0.01,0.017,1.934,m,FIX,2025-03-31 10:58:26.2 UTC-06:00,2025-03-31 10:58:29.2 UTC-06:00,16,1.1,1.3,466230.063,4312045.505,2470.689,-105.3897522,38.95671563,2456.697,153.689,,NAD83(2011) / UTM zone 13N + NAVD88(GEOID18) height,9,6,8,6,0,
52,,466245.156,4312197.731,2454.223,2434.223,,-105.3895856,38.95808796,2440.233,Global,0.017,0.016,0.013,0.024,1.934,m,FIX,2025-03-31 10:58:34.4 UTC-06:00,2025-03-31 10:58:37.4 UTC-06:00,16,1.1,1.3,466230.063,4312045.505,2470.689,-105.3897522,38.95671563,2456.697,153.788,,NAD83(2011) / UTM zone 13N + NAVD88(GEOID18) height,9,6,8,6,0,
53,,466245.109,4312197.945,2454.213,2434.213,,-105.3895861,38.95808988,2440.222,Global,0.01,0.012,0.01,0.016,1.934,m,FIX,2025-03-31 10:58:44.0 UTC-06:00,2025-03-31 10:58:47.0 UTC-06:00,16,1.1,1.3,466230.063,4312045.505,2470.689,-105.3897522,38.95671563,2456.697,153.999,,NAD83(2011) / UTM zone 13N + NAVD88(GEOID18) height,8,6,8,6,0,
54,,466244.828,4312198.003,2454.228,2434.228,,-105.3895894,38.9580904,2440.237,Global,0.013,0.016,0.011,0.021,1.934,m,FIX,2025-03-31 10:58:52.6 UTC-06:00,2025-03-31 10:58:55.6 UTC-06:00,16,1.1,1.3,466230.063,4312045.505,2470.689,-105.3897522,38.95671563,2456.697,154.004,,NAD83(2011) / UTM zone 13N + NAVD88(GEOID18) height,8,6,8,6,0,
55,,466244.668,4312198.032,2454.222,2434.222,,-105.3895912,38.95809065,2440.232,Global,0.018,0.016,0.015,0.024,1.934,m,FIX,2025-03-31 10:59:03.2 UTC-06:00,2025-03-31 10:59:06.2 UTC-06:00,16,1.1,1.3,466230.063,4312045.505,2470.689,-105.3897522,38.95671563,2456.697,154.025,,NAD83(2011) / UTM zone 13N + NAVD88(GEOID18) height,9,6,8,6,0,
56,,466244.448,4312198.22,2454.189,2434.189,,-105.3895937,38.95809234,2440.199,Global,0.011,0.011,0.011,0.016,1.934,m,FIX,2025-03-31 10:59:26.0 UTC-06:00,2025-03-31 10:59:29.0 UTC-06:00,16,1.1,1.3,466230.063,4312045.505,2470.689,-105.3897522,38.95671563,2456.697,154.193,,NAD83(2011) / UTM zone 13N + NAVD88(GEOID18) height,9,6,8,7,0,
57,,466244.391,4312198.319,2454.155,2434.155,,-105.3895944,38.95809323,2440.164,Global,0.016,0.015,0.011,0.022,1.934,m,FIX,2025-03-31 10:59:37.0 UTC-06:00,2025-03-31 10:59:40.0 UTC-06:00,16,1.1,1.3,466230.063,4312045.505,2470.689,-105.3897522,38.95671563,2456.697,154.302,,NAD83(2011) / UTM zone 13N + NAVD88(GEOID18) height,9,6,8,6,0,
58,,466244.344,4312198.598,2454.083,2434.083,,-105.389595,38.95809574,2440.093,Global,0.011,0.012,0.01,0.016,1.934,m,FIX,2025-03-31 10:59:45.6 UTC-06:00,2025-03-31 10:59:48.6 UTC-06:00,16,1.1,1.3,466230.063,4312045.505,2470.689,-105.3897522,38.95671563,2456.697,154.572,,NAD83(2011) / UTM zone 13N + NAVD88(GEOID18) height,9,6,8,6,0,
59,,466244.251,4312198.85,2454.034,2434.034,,-105.3895961,38.95809801,2440.043,Global,0.011,0.011,0.01,0.015,1.934,m,FIX,2025-03-31 10:59:57.2 UTC-06:00,2025-03-31 11:00:00.2 UTC-06:00,16,1.1,1.3,466230.063,4312045.505,2470.689,-105.3897522,38.95671563,2456.697,154.821,,NAD83(2011) / UTM zone 13N + NAVD88(GEOID18) height,9,6,8,6,0,
60,,466244.105,4312198.947,2453.976,2433.976,,-105.3895977,38.95809887,2439.985,Global,0.011,0.011,0.01,0.016,1.934,m,FIX,2025-03-31 11:00:07.8 UTC-06:00,2025-03-31 11:00:10.8 UTC-06:00,16,1.1,1.3,466230.063,4312045.505,2470.689,-105.3897522,38.95671563,2456.697,154.908,,NAD83(2011) / UTM zone 13N + NAVD88(GEOID18) height,9,6,8,6,0,
61,,466244.007,4312199.185,2453.962,2433.962,,-105.3895989,38.95810101,2439.971,Global,0.011,0.011,0.01,0.015,1.934,m,FIX,2025-03-31 11:00:16.2 UTC-06:00,2025-03-31 11:00:19.2 UTC-06:00,16,1.1,1.3,466230.063,4312045.505,2470.689,-105.3897522,38.95671563,2456.697,155.142,,NAD83(2011) / UTM zone 13N + NAVD88(GEOID18) height,9,6,8,6,0,
62,,466243.616,4312199.216,2453.931,2433.931,,-105.3896034,38.95810128,2439.94,Global,0.015,0.012,0.01,0.02,1.934,m,FIX,2025-03-31 11:00:27.2 UTC-06:00,2025-03-31 11:00:30.2 UTC-06:00,16,1.1,1.3,466230.063,4312045.505,2470.689,-105.3897522,38.95671563,2456.697,155.139,,NAD83(2011) / UTM zone 13N + NAVD88(GEOID18) height,8,6,8,6,0,
63,,466243.624,4312199.517,2453.909,2433.909,,-105.3896033,38.958104,2439.919,Global,0.017,0.011,0.01,0.02,1.934,m,FIX,2025-03-31 11:00:35.2 UTC-06:00,2025-03-31 11:00:38.2 UTC-06:00,16,1.1,1.3,466230.063,4312045.505,2470.689,-105.3897522,38.95671563,2456.697,155.434,,NAD83(2011) / UTM zone 13N + NAVD88(GEOID18) height,8,6,8,6,0,
64,,466243.552,4312199.697,2453.908,2433.908,,-105.3896042,38.95810562,2439.918,Global,0.014,0.013,0.01,0.019,1.934,m,FIX,2025-03-31 11:00:46.2 UTC-06:00,2025-03-31 11:00:49.2 UTC-06:00,16,1.1,1.3,466230.063,4312045.505,2470.689,-105.3897522,38.95671563,2456.697,155.629,,NAD83(2011) / UTM zone 13N + NAVD88(GEOID18) height,8,6,8,6,0,
65,,466243.298,4312199.941,2453.906,2433.906,,-105.3896071,38.9581078,2439.916,Global,0.015,0.012,0.011,0.019,1.934,m,FIX,2025-03-31 11:01:31.0 UTC-06:00,2025-03-31 11:01:34.0 UTC-06:00,16,1.1,1.2,466230.063,4312045.505,2470.689,-105.3897522,38.95671563,2456.697,155.839,,NAD83(2011) / UTM zone 13N + NAVD88(GEOID18) height,9,6,8,7,0,
66,,466242.949,4312200.103,2453.893,2433.893,,-105.3896111,38.95810925,2439.903,Global,0.013,0.012,0.011,0.018,1.934,m,FIX,2025-03-31 11:01:48.0 UTC-06:00,2025-03-31 11:01:51.0 UTC-06:00,16,1.1,1.2,466230.063,4312045.505,2470.689,-105.3897522,38.95671563,2456.697,155.977,,NAD83(2011) / UTM zone 13N + NAVD88(GEOID18) height,9,6,8,7,0,
67,,466242.819,4312200.218,2453.947,2433.947,,-105.3896126,38.95811028,2439.956,Global,0.012,0.02,0.012,0.024,1.934,m,FIX,2025-03-31 11:01:58.0 UTC-06:00,2025-03-31 11:02:01.0 UTC-06:00,16,1,1.2,466230.063,4312045.505,2470.689,-105.3897522,38.95671563,2456.697,156.049,,NAD83(2011) / UTM zone 13N + NAVD88(GEOID18) height,9,6,8,7,0,
68,,466242.738,4312200.436,2453.953,2433.953,,-105.3896136,38.95811224,2439.962,Global,0.01,0.01,0.01,0.015,1.934,m,FIX,2025-03-31 11:02:10.6 UTC-06:00,2025-03-31 11:02:13.6 UTC-06:00,16,1.1,1.3,466230.063,4312045.505,2470.689,-105.3897522,38.95671563,2456.697,156.268,,NAD83(2011) / UTM zone 13N + NAVD88(GEOID18) height,9,6,8,7,0,
69,,466242.562,4312200.521,2454.001,2434.001,,-105.3896156,38.958113,2440.01,Global,0.013,0.014,0.01,0.02,1.934,m,FIX,2025-03-31 11:02:29.8 UTC-06:00,2025-03-31 11:02:32.8 UTC-06:00,16,1.1,1.2,466230.063,4312045.505,2470.689,-105.3897522,38.95671563,2456.697,156.335,,NAD83(2011) / UTM zone 13N + NAVD88(GEOID18) height,9,6,8,7,0,
70,,466242.442,4312200.685,2454.031,2434.031,,-105.389617,38.95811447,2440.04,Global,0.016,0.013,0.011,0.021,1.934,m,FIX,2025-03-31 11:02:39.0 UTC-06:00,2025-03-31 11:02:42.0 UTC-06:00,16,1.1,1.2,466230.063,4312045.505,2470.689,-105.3897522,38.95671563,2456.697,156.5,,NAD83(2011) / UTM zone 13N + NAVD88(GEOID18) height,9,6,8,7,0,
71,,466242.316,4312200.809,2454.053,2434.053,,-105.3896185,38.95811559,2440.063,Global,0.011,0.016,0.011,0.02,1.934,m,FIX,2025-03-31 11:02:49.4 UTC-06:00,2025-03-31 11:02:52.4 UTC-06:00,16,1.1,1.2,466230.063,4312045.505,2470.689,-105.3897522,38.95671563,2456.697,156.614,,NAD83(2011) / UTM zone 13N + NAVD88(GEOID18) height,9,6,7,7,0,
72,,466242.196,4312201.04,2454.055,2434.055,,-105.3896199,38.95811767,2440.064,Global,0.014,0.015,0.011,0.021,1.934,m,FIX,2025-03-31 11:02:57.8 UTC-06:00,2025-03-31 11:03:00.8 UTC-06:00,16,1,1.2,466230.063,4312045.505,2470.689,-105.3897522,38.95671563,2456.697,156.829,,NAD83(2011) / UTM zone 13N + NAVD88(GEOID18) height,9,6,7,7,0,
73,,466241.989,4312201.086,2454.09,2434.09,,-105.3896223,38.95811807,2440.1,Global,0.014,0.016,0.01,0.021,1.934,m,FIX,2025-03-31 11:03:05.4 UTC-06:00,2025-03-31 11:03:08.4 UTC-06:00,16,1,1.2,466230.063,4312045.505,2470.689,-105.3897522,38.95671563,2456.697,156.857,,NAD83(2011) / UTM zone 13N + NAVD88(GEOID18) height,9,6,6,7,0,
74,,466241.843,4312201.214,2454.075,2434.075,,-105.389624,38.95811921,2440.085,Global,0.011,0.014,0.01,0.018,1.934,m,FIX,2025-03-31 11:03:13.0 UTC-06:00,2025-03-31 11:03:16.0 UTC-06:00,16,1,1.2,466230.063,4312045.505,2470.689,-105.3897522,38.95671563,2456.697,156.975,,NAD83(2011) / UTM zone 13N + NAVD88(GEOID18) height,9,6,6,7,0,
75,,466241.673,4312201.331,2453.991,2433.991,,-105.3896259,38.95812027,2440.001,Global,0.011,0.012,0.01,0.016,1.934,m,FIX,2025-03-31 11:03:25.0 UTC-06:00,2025-03-31 11:03:28.0 UTC-06:00,16,1,1.2,466230.063,4312045.505,2470.689,-105.3897522,38.95671563,2456.697,157.078,,NAD83(2011) / UTM zone 13N + NAVD88(GEOID18) height,9,6,7,7,0,
76,,466241.603,4312201.557,2453.985,2433.985,,-105.3896268,38.9581223,2439.994,Global,0.022,0.016,0.011,0.027,1.934,m,FIX,2025-03-31 11:03:45.0 UTC-06:00,2025-03-31 11:03:48.0 UTC-06:00,16,1,1.2,466230.063,4312045.505,2470.689,-105.3897522,38.95671563,2456.697,157.299,,NAD83(2011) / UTM zone 13N + NAVD88(GEOID18) height,9,6,7,7,0,
77,,466241.439,4312201.708,2453.956,2433.956,,-105.3896287,38.95812365,2439.965,Global,0.014,0.01,0.01,0.018,1.934,m,FIX,2025-03-31 11:03:55.2 UTC-06:00,2025-03-31 11:03:58.2 UTC-06:00,16,1,1.2,466230.063,4312045.505,2470.689,-105.3897522,38.95671563,2456.697,157.435,,NAD83(2011) / UTM zone 13N + NAVD88(GEOID18) height,9,6,7,7,0,
78,,466241.262,4312201.848,2453.972,2433.972,,-105.3896307,38.95812491,2439.982,Global,0.011,0.011,0.012,0.016,1.934,m,FIX,2025-03-31 11:04:04.6 UTC-06:00,2025-03-31 11:04:07.6 UTC-06:00,16,1,1.2,466230.063,4312045.505,2470.689,-105.3897522,38.95671563,2456.697,157.557,,NAD83(2011) / UTM zone 13N + NAVD88(GEOID18) height,9,6,6,7,0,
79,,466241.17,4312202.021,2453.934,2433.934,,-105.3896318,38.95812647,2439.944,Global,0.011,0.011,0.011,0.016,1.934,m,FIX,2025-03-31 11:04:19.6 UTC-06:00,2025-03-31 11:04:22.6 UTC-06:00,16,1,1.2,466230.063,4312045.505,2470.689,-105.3897522,38.95671563,2456.697,157.725,,NAD83(2011) / UTM zone 13N + NAVD88(GEOID18) height,9,6,6,7,0,
80,,466241.065,4312202.264,2453.945,2433.945,,-105.389633,38.95812865,2439.955,Global,0.011,0.011,0.01,0.016,1.934,m,FIX,2025-03-31 11:04:37.2 UTC-06:00,2025-03-31 11:04:40.2 UTC-06:00,16,1,1.2,466230.063,4312045.505,2470.689,-105.3897522,38.95671563,2456.697,157.959,,NAD83(2011) / UTM zone 13N + NAVD88(GEOID18) height,9,6,7,7,0,
81,,466240.964,4312202.523,2453.949,2433.949,,-105.3896342,38.95813098,2439.959,Global,0.019,0.012,0.014,0.022,1.934,m,FIX,2025-03-31 11:04:47.2 UTC-06:00,2025-03-31 11:04:50.2 UTC-06:00,16,1,1.2,466230.063,4312045.505,2470.689,-105.3897522,38.95671563,2456.697,158.21,,NAD83(2011) / UTM zone 13N + NAVD88(GEOID18) height,9,6,7,7,0,
82,,466240.862,4312202.676,2453.949,2433.949,,-105.3896354,38.95813235,2439.958,Global,0.017,0.011,0.01,0.02,1.934,m,FIX,2025-03-31 11:05:01.2 UTC-06:00,2025-03-31 11:05:04.2 UTC-06:00,16,1,1.2,466230.063,4312045.505,2470.689,-105.3897522,38.95671563,2456.697,158.367,,NAD83(2011) / UTM zone 13N + NAVD88(GEOID18) height,9,6,7,7,0,
83,,466240.748,4312202.798,2453.986,2433.986,,-105.3896367,38.95813345,2439.996,Global,0.012,0.013,0.01,0.018,1.934,m,FIX,2025-03-31 11:05:09.4 UTC-06:00,2025-03-31 11:05:12.4 UTC-06:00,16,1,1.2,466230.063,4312045.505,2470.689,-105.3897522,38.95671563,2456.697,158.468,,NAD83(2011) / UTM zone 13N + NAVD88(GEOID18) height,9,6,7,7,0,
84,,466240.581,4312203.081,2454.058,2434.058,,-105.3896386,38.95813599,2440.068,Global,0.013,0.017,0.011,0.021,1.934,m,FIX,2025-03-31 11:05:21.6 UTC-06:00,2025-03-31 11:05:24.6 UTC-06:00,16,1,1.2,466230.063,4312045.505,2470.689,-105.3897522,38.95671563,2456.697,158.733,,NAD83(2011) / UTM zone 13N + NAVD88(GEOID18) height,9,6,7,7,0,
85,,466240.429,4312203.29,2454.14,2434.14,,-105.3896404,38.95813787,2440.149,Global,0.011,0.016,0.011,0.019,1.934,m,FIX,2025-03-31 11:05:42.0 UTC-06:00,2025-03-31 11:05:45.0 UTC-06:00,16,1,1.2,466230.063,4312045.505,2470.689,-105.3897522,38.95671563,2456.697,158.935,,NAD83(2011) / UTM zone 13N + NAVD88(GEOID18) height,9,6,6,7,0,
86,,466240.169,4312203.34,2454.195,2434.195,,-105.3896434,38.95813831,2440.205,Global,0.013,0.012,0.01,0.017,1.934,m,FIX,2025-03-31 11:06:04.4 UTC-06:00,2025-03-31 11:06:07.4 UTC-06:00,16,1,1.2,466230.063,4312045.505,2470.689,-105.3897522,38.95671563,2456.697,158.938,,NAD83(2011) / UTM zone 13N + NAVD88(GEOID18) height,9,6,7,7,0,
87,,466240.031,4312203.511,2454.215,2434.215,,-105.389645,38.95813984,2440.225,Global,0.013,0.022,0.012,0.026,1.934,m,FIX,2025-03-31 11:06:12.0 UTC-06:00,2025-03-31 11:06:15.0 UTC-06:00,16,1,1.2,466230.063,4312045.505,2470.689,-105.3897522,38.95671563,2456.697,159.127,,NAD83(2011) / UTM zone 13N + NAVD88(GEOID18) height,9,6,6,7,0,
88,,466239.781,4312203.569,2454.159,2434.159,,-105.3896479,38.95814036,2440.169,Global,0.014,0.011,0.01,0.018,1.934,m,FIX,2025-03-31 11:06:23.6 UTC-06:00,2025-03-31 11:06:26.6 UTC-06:00,16,1.1,1.2,466230.063,4312045.505,2470.689,-105.3897522,38.95671563,2456.697,159.15,,NAD83(2011) / UTM zone 13N + NAVD88(GEOID18) height,9,6,6,7,0,
89,,466239.644,4312203.71,2454.157,2434.157,,-105.3896495,38.95814162,2440.166,Global,0.015,0.012,0.01,0.019,1.934,m,FIX,2025-03-31 11:06:31.0 UTC-06:00,2025-03-31 11:06:34.0 UTC-06:00,16,1.1,1.2,466230.063,4312045.505,2470.689,-105.3897522,38.95671563,2456.697,159.284,,NAD83(2011) / UTM zone 13N + NAVD88(GEOID18) height,9,6,6,7,0,
90,,466239.507,4312203.849,2454.117,2434.117,,-105.389651,38.95814287,2440.127,Global,0.018,0.012,0.011,0.021,1.934,m,FIX,2025-03-31 11:06:42.0 UTC-06:00,2025-03-31 11:06:45.0 UTC-06:00,16,1.1,1.2,466230.063,4312045.505,2470.689,-105.3897522,38.95671563,2456.697,159.423,,NAD83(2011) / UTM zone 13N + NAVD88(GEOID18) height,9,6,6,7,0,
91,,466239.472,4312204.153,2454.109,2434.109,,-105.3896515,38.95814561,2440.118,Global,0.015,0.012,0.011,0.019,1.934,m,FIX,2025-03-31 11:06:55.2 UTC-06:00,2025-03-31 11:06:58.2 UTC-06:00,16,1,1.2,466230.063,4312045.505,2470.689,-105.3897522,38.95671563,2456.697,159.72,,NAD83(2011) / UTM zone 13N + NAVD88(GEOID18) height,9,6,6,7,0,
92,,466239.371,4312204.259,2454.062,2434.062,,-105.3896526,38.95814656,2440.071,Global,0.016,0.011,0.01,0.02,1.934,m,FIX,2025-03-31 11:07:05.0 UTC-06:00,2025-03-31 11:07:08.0 UTC-06:00,16,1,1.2,466230.063,4312045.505,2470.689,-105.3897522,38.95671563,2456.697,159.827,,NAD83(2011) / UTM zone 13N + NAVD88(GEOID18) height,9,6,7,7,0,
93,,466239.185,4312204.461,2454.045,2434.045,,-105.3896548,38.95814837,2440.055,Global,0.015,0.012,0.01,0.019,1.934,m,FIX,2025-03-31 11:07:18.0 UTC-06:00,2025-03-31 11:07:21.0 UTC-06:00,16,1,1.2,466230.063,4312045.505,2470.689,-105.3897522,38.95671563,2456.697,160.019,,NAD83(2011) / UTM zone 13N + NAVD88(GEOID18) height,9,6,6,7,0,
94,,466239.144,4312204.432,2454.054,2434.054,,-105.3896553,38.95814811,2440.063,Global,0.011,0.013,0.01,0.017,1.934,m,FIX,2025-03-31 11:07:53.2 UTC-06:00,2025-03-31 11:07:56.2 UTC-06:00,16,1,1.2,466230.063,4312045.505,2470.689,-105.3897522,38.95671563,2456.697,159.991,,NAD83(2011) / UTM zone 13N + NAVD88(GEOID18) height,9,6,6,7,0,
95,,466239.165,4312204.431,2454.005,2434.005,,-105.389655,38.9581481,2440.015,Global,0.013,0.016,0.011,0.02,1.934,m,FIX,2025-03-31 11:08:08.2 UTC-06:00,2025-03-31 11:08:11.2 UTC-06:00,16,1,1.2,466230.063,4312045.505,2470.689,-105.3897522,38.95671563,2456.697,159.976,,NAD83(2011) / UTM zone 13N + NAVD88(GEOID18) height,9,6,7,7,0,
96,,466239.107,4312204.687,2453.977,2433.977,,-105.3896557,38.95815041,2439.987,Global,0.014,0.013,0.01,0.019,1.934,m,FIX,2025-03-31 11:08:28.8 UTC-06:00,2025-03-31 11:08:31.8 UTC-06:00,16,1,1.2,466230.063,4312045.505,2470.689,-105.3897522,38.95671563,2456.697,160.257,,NAD83(2011) / UTM zone 13N + NAVD88(GEOID18) height,9,6,7,7,0,
97,,466238.986,4312204.849,2454.029,2434.029,,-105.3896571,38.95815187,2440.039,Global,0.013,0.012,0.01,0.018,1.934,m,FIX,2025-03-31 11:08:40.4 UTC-06:00,2025-03-31 11:08:43.4 UTC-06:00,16,1,1.2,466230.063,4312045.505,2470.689,-105.3897522,38.95671563,2456.697,160.378,,NAD83(2011) / UTM zone 13N + NAVD88(GEOID18) height,9,6,7,7,0,
98,,466238.806,4312205.029,2454.074,2434.074,,-105.3896592,38.95815348,2440.084,Global,0.017,0.02,0.011,0.026,1.934,m,FIX,2025-03-31 11:08:49.2 UTC-06:00,2025-03-31 11:08:52.2 UTC-06:00,16,1,1.2,466230.063,4312045.505,2470.689,-105.3897522,38.95671563,2456.697,160.569,,NAD83(2011) / UTM zone 13N + NAVD88(GEOID18) height,9,6,7,7,0,
99,,466238.618,4312205.226,2454.105,2434.105,,-105.3896614,38.95815524,2440.114,Global,0.012,0.014,0.01,0.018,1.934,m,FIX,2025-03-31 11:09:17.8 UTC-06:00,2025-03-31 11:09:20.8 UTC-06:00,16,1,1.2,466230.063,4312045.505,2470.689,-105.3897522,38.95671563,2456.697,160.746,,NAD83(2011) / UTM zone 13N + NAVD88(GEOID18) height,9,6,7,7,0,
100,,466238.511,4312205.39,2454.114,2434.114,,-105.3896626,38.95815672,2440.124,Global,0.015,0.015,0.01,0.022,1.934,m,FIX,2025-03-31 11:09:27.4 UTC-06:00,2025-03-31 11:09:30.4 UTC-06:00,16,1,1.2,466230.063,4312045.505,2470.689,-105.3897522,38.95671563,2456.697,160.917,,NAD83(2011) / UTM zone 13N + NAVD88(GEOID18) height,9,6,7,7,0,
101,,466238.28,4312205.38,2454.095,2434.095,,-105.3896653,38.95815662,2440.104,Global,0.015,0.012,0.01,0.019,1.934,m,FIX,2025-03-31 11:09:37.6 UTC-06:00,2025-03-31 11:09:40.6 UTC-06:00,16,1,1.2,466230.063,4312045.505,2470.689,-105.3897522,38.95671563,2456.697,160.887,,NAD83(2011) / UTM zone 13N + NAVD88(GEOID18) height,9,6,7,7,0,
102,,466238.191,4312205.652,2454.071,2434.071,,-105.3896663,38.95815907,2440.081,Global,0.012,0.012,0.01,0.017,1.934,m,FIX,2025-03-31 11:09:56.4 UTC-06:00,2025-03-31 11:09:59.4 UTC-06:00,16,1,1.2,466230.063,4312045.505,2470.689,-105.3897522,38.95671563,2456.697,161.138,,NAD83(2011) / UTM zone 13N + NAVD88(GEOID18) height,9,6,7,7,0,
103,,466237.943,4312205.707,2454.149,2434.149,,-105.3896692,38.95815955,2440.159,Global,0.014,0.014,0.01,0.02,1.934,m,FIX,2025-03-31 11:10:05.2 UTC-06:00,2025-03-31 11:10:08.2 UTC-06:00,16,1,1.2,466230.063,4312045.505,2470.689,-105.3897522,38.95671563,2456.697,161.183,,NAD83(2011) / UTM zone 13N + NAVD88(GEOID18) height,9,6,7,7,0,
104,,466237.888,4312205.828,2454.106,2434.106,,-105.3896698,38.95816064,2440.116,Global,0.015,0.014,0.01,0.02,1.934,m,FIX,2025-03-31 11:10:18.0 UTC-06:00,2025-03-31 11:10:21.0 UTC-06:00,16,1,1.2,466230.063,4312045.505,2470.689,-105.3897522,38.95671563,2456.697,161.306,,NAD83(2011) / UTM zone 13N + NAVD88(GEOID18) height,9,6,7,7,0,
105,,466237.759,4312205.995,2454.164,2434.164,,-105.3896713,38.95816214,2440.174,Global,0.012,0.014,0.01,0.018,1.934,m,FIX,2025-03-31 11:10:26.8 UTC-06:00,2025-03-31 11:10:29.8 UTC-06:00,16,1,1.2,466230.063,4312045.505,2470.689,-105.3897522,38.95671563,2456.697,161.468,,NAD83(2011) / UTM zone 13N + NAVD88(GEOID18) height,9,6,7,7,0,
106,,466237.635,4312206.173,2454.161,2434.161,,-105.3896728,38.95816374,2440.171,Global,0.011,0.011,0.01,0.015,1.934,m,FIX,2025-03-31 11:10:34.6 UTC-06:00,2025-03-31 11:10:37.6 UTC-06:00,16,1,1.2,466230.063,4312045.505,2470.689,-105.3897522,38.95671563,2456.697,161.641,,NAD83(2011) / UTM zone 13N + NAVD88(GEOID18) height,9,6,7,7,0,
107,,466237.446,4312206.237,2454.164,2434.164,,-105.389675,38.95816431,2440.174,Global,0.02,0.016,0.01,0.026,1.934,m,FIX,2025-03-31 11:10:45.4 UTC-06:00,2025-03-31 11:10:48.4 UTC-06:00,16,1,1.2,466230.063,4312045.505,2470.689,-105.3897522,38.95671563,2456.697,161.687,,NAD83(2011) / UTM zone 13N + NAVD88(GEOID18) height,9,6,7,7,0,
108,,466237.261,4312206.397,2454.156,2434.156,,-105.3896771,38.95816575,2440.166,Global,0.016,0.017,0.01,0.023,1.934,m,FIX,2025-03-31 11:11:10.8 UTC-06:00,2025-03-31 11:11:13.8 UTC-06:00,16,1,1.2,466230.063,4312045.505,2470.689,-105.3897522,38.95671563,2456.697,161.833,,NAD83(2011) / UTM zone 13N + NAVD88(GEOID18) height,9,6,7,7,0,
109,,466237.015,4312206.533,2454.216,2434.216,,-105.3896799,38.95816696,2440.226,Global,0.022,0.011,0.01,0.024,1.934,m,FIX,2025-03-31 11:11:27.2 UTC-06:00,2025-03-31 11:11:30.2 UTC-06:00,16,1,1.2,466230.063,4312045.505,2470.689,-105.3897522,38.95671563,2456.697,161.955,,NAD83(2011) / UTM zone 13N + NAVD88(GEOID18) height,9,6,7,7,0,
110,,466236.966,4312206.784,2454.233,2434.233,,-105.3896805,38.95816922,2440.243,Global,0.013,0.012,0.01,0.018,1.934,m,FIX,2025-03-31 11:11:45.0 UTC-06:00,2025-03-31 11:11:48.0 UTC-06:00,16,1,1.2,466230.063,4312045.505,2470.689,-105.3897522,38.95671563,2456.697,162.193,,NAD83(2011) / UTM zone 13N + NAVD88(GEOID18) height,9,6,7,7,0,
111,,466236.799,4312206.957,2454.311,2434.311,,-105.3896825,38.95817078,2440.32,Global,0.011,0.01,0.01,0.015,1.934,m,FIX,2025-03-31 11:11:53.2 UTC-06:00,2025-03-31 11:11:56.2 UTC-06:00,16,1,1.2,466230.063,4312045.505,2470.689,-105.3897522,38.95671563,2456.697,162.361,,NAD83(2011) / UTM zone 13N + NAVD88(GEOID18) height,9,6,7,7,0,
112,,466236.795,4312206.96,2454.315,2434.315,,-105.3896825,38.9581708,2440.325,Global,0.012,0.01,0.01,0.016,1.934,m,FIX,2025-03-31 11:12:29.8 UTC-06:00,2025-03-31 11:12:32.8 UTC-06:00,16,1,1.2,466230.063,4312045.505,2470.689,-105.3897522,38.95671563,2456.697,162.363,,NAD83(2011) / UTM zone 13N + NAVD88(GEOID18) height,9,6,7,7,0,
113,,466236.634,4312207.16,2454.399,2434.399,,-105.3896844,38.9581726,2440.409,Global,0.013,0.015,0.011,0.02,1.934,m,FIX,2025-03-31 11:12:46.2 UTC-06:00,2025-03-31 11:12:49.2 UTC-06:00,16,1,1.2,466230.063,4312045.505,2470.689,-105.3897522,38.95671563,2456.697,162.542,,NAD83(2011) / UTM zone 13N + NAVD88(GEOID18) height,9,6,7,7,0,
114,,466236.462,4312207.363,2454.519,2434.519,,-105.3896864,38.95817441,2440.529,Global,0.013,0.02,0.011,0.024,1.934,m,FIX,2025-03-31 11:12:55.4 UTC-06:00,2025-03-31 11:12:58.4 UTC-06:00,16,1,1.2,466230.063,4312045.505,2470.689,-105.3897522,38.95671563,2456.697,162.751,,NAD83(2011) / UTM zone 13N + NAVD88(GEOID18) height,9,6,7,7,0,
115,,466236.243,4312207.548,2454.633,2434.633,,-105.3896889,38.95817608,2440.643,Global,0.011,0.019,0.01,0.022,1.934,m,FIX,2025-03-31 11:13:06.4 UTC-06:00,2025-03-31 11:13:09.4 UTC-06:00,16,1,1.2,466230.063,4312045.505,2470.689,-105.3897522,38.95671563,2456.697,162.922,,NAD83(2011) / UTM zone 13N + NAVD88(GEOID18) height,9,6,7,7,0,
116,,466236.151,4312207.682,2454.684,2434.684,,-105.38969,38.95817729,2440.694,Global,0.012,0.011,0.011,0.016,1.934,m,FIX,2025-03-31 11:13:24.0 UTC-06:00,2025-03-31 11:13:27.0 UTC-06:00,16,1,1.2,466230.063,4312045.505,2470.689,-105.3897522,38.95671563,2456.697,163.025,,NAD83(2011) / UTM zone 13N + NAVD88(GEOID18) height,9,6,7,7,0,
117,,466236.066,4312207.717,2454.744,2434.744,,-105.389691,38.95817759,2440.754,Global,0.015,0.011,0.012,0.019,1.934,m,FIX,2025-03-31 11:13:41.0 UTC-06:00,2025-03-31 11:13:44.0 UTC-06:00,16,1,1.2,466230.063,4312045.505,2470.689,-105.3897522,38.95671563,2456.697,163.055,,NAD83(2011) / UTM zone 13N + NAVD88(GEOID18) height,9,6,7,7,0,
118,,466235.917,4312207.858,2454.908,2434.908,,-105.3896927,38.95817886,2440.918,Global,0.011,0.011,0.01,0.016,1.934,m,FIX,2025-03-31 11:13:52.6 UTC-06:00,2025-03-31 11:13:55.6 UTC-06:00,16,1,1.2,466230.063,4312045.505,2470.689,-105.3897522,38.95671563,2456.697,163.175,,NAD83(2011) / UTM zone 13N + NAVD88(GEOID18) height,9,6,7,7,0,
119,,466235.784,4312207.987,2454.924,2434.924,,-105.3896942,38.95818002,2440.934,Global,0.013,0.014,0.01,0.019,1.934,m,FIX,2025-03-31 11:14:09.8 UTC-06:00,2025-03-31 11:14:12.8 UTC-06:00,16,1,1.2,466230.063,4312045.505,2470.689,-105.3897522,38.95671563,2456.697,163.291,,NAD83(2011) / UTM zone 13N + NAVD88(GEOID18) height,9,6,7,7,0,
120,,466235.621,4312208.205,2455.189,2435.189,,-105.3896961,38.95818197,2441.199,Global,0.012,0.011,0.01,0.016,1.934,m,FIX,2025-03-31 11:14:25.4 UTC-06:00,2025-03-31 11:14:28.4 UTC-06:00,16,1,1.2,466230.063,4312045.505,2470.689,-105.3897522,38.95671563,2456.697,163.49,,NAD83(2011) / UTM zone 13N + NAVD88(GEOID18) height,9,6,7,7,0,
121,,466235.422,4312208.46,2455.282,2435.282,,-105.3896984,38.95818426,2441.292,Global,0.012,0.012,0.01,0.016,1.934,m,FIX,2025-03-31 11:14:35.6 UTC-06:00,2025-03-31 11:14:38.6 UTC-06:00,16,1,1.2,466230.063,4312045.505,2470.689,-105.3897522,38.95671563,2456.697,163.718,,NAD83(2011) / UTM zone 13N + NAVD88(GEOID18) height,9,6,7,7,0,
122,,466235.298,4312208.62,2455.374,2435.374,,-105.3896999,38.9581857,2441.384,Global,0.011,0.014,0.01,0.018,1.934,m,FIX,2025-03-31 11:14:44.0 UTC-06:00,2025-03-31 11:14:47.0 UTC-06:00,16,1,1.2,466230.063,4312045.505,2470.689,-105.3897522,38.95671563,2456.697,163.856,,NAD83(2011) / UTM zone 13N + NAVD88(GEOID18) height,9,6,7,7,0,
123,,466235.175,4312208.749,2455.429,2435.429,,-105.3897013,38.95818686,2441.439,Global,0.012,0.011,0.01,0.017,1.934,m,FIX,2025-03-31 11:14:53.8 UTC-06:00,2025-03-31 11:14:56.8 UTC-06:00,16,1,1.2,466230.063,4312045.505,2470.689,-105.3897522,38.95671563,2456.697,163.992,,NAD83(2011) / UTM zone 13N + NAVD88(GEOID18) height,9,6,7,7,0,
124,,466235.057,4312208.901,2455.466,2435.466,,-105.3897027,38.95818822,2441.476,Global,0.012,0.016,0.01,0.02,1.934,m,FIX,2025-03-31 11:15:03.2 UTC-06:00,2025-03-31 11:15:06.2 UTC-06:00,16,1,1.2,466230.063,4312045.505,2470.689,-105.3897522,38.95671563,2456.697,164.132,,NAD83(2011) / UTM zone 13N + NAVD88(GEOID18) height,9,6,7,7,0,
125,,466234.89,4312209.045,2455.541,2435.541,,-105.3897046,38.95818952,2441.551,Global,0.01,0.013,0.01,0.016,1.934,m,FIX,2025-03-31 11:15:16.0 UTC-06:00,2025-03-31 11:15:19.0 UTC-06:00,16,1,1.2,466230.063,4312045.505,2470.689,-105.3897522,38.95671563,2456.697,164.26,,NAD83(2011) / UTM zone 13N + NAVD88(GEOID18) height,9,6,7,7,0,
126,,466234.748,4312209.16,2455.622,2435.622,,-105.3897062,38.95819055,2441.632,Global,0.01,0.01,0.01,0.015,1.934,m,FIX,2025-03-31 11:16:21.2 UTC-06:00,2025-03-31 11:16:24.2 UTC-06:00,16,1,1.2,466230.063,4312045.505,2470.689,-105.3897522,38.95671563,2456.697,164.379,,NAD83(2011) / UTM zone 13N + NAVD88(GEOID18) height,9,6,7,7,0,
127,,466234.661,4312209.051,2455.573,2435.573,,-105.3897072,38.95818956,2441.582,Global,0.011,0.011,0.01,0.015,1.934,m,FIX,2025-03-31 11:16:39.2 UTC-06:00,2025-03-31 11:16:42.2 UTC-06:00,16,1,1.2,466230.063,4312045.505,2470.689,-105.3897522,38.95671563,2456.697,164.268,,NAD83(2011) / UTM zone 13N + NAVD88(GEOID18) height,9,6,7,7,0,
128,,466234.818,4312209.094,2455.557,2435.557,,-105.3897054,38.95818996,2441.566,Global,0.017,0.011,0.01,0.02,1.934,m,FIX,2025-03-31 11:16:52.0 UTC-06:00,2025-03-31 11:16:55.0 UTC-06:00,16,1,1.2,466230.063,4312045.505,2470.689,-105.3897522,38.95671563,2456.697,164.306,,NAD83(2011) / UTM zone 13N + NAVD88(GEOID18) height,9,6,7,7,0,
129,,466234.827,4312209.321,2455.581,2435.581,,-105.3897053,38.958192,2441.591,Global,0.011,0.013,0.01,0.017,1.934,m,FIX,2025-03-31 11:17:03.2 UTC-06:00,2025-03-31 11:17:06.2 UTC-06:00,16,1,1.2,466230.063,4312045.505,2470.689,-105.3897522,38.95671563,2456.697,164.539,,NAD83(2011) / UTM zone 13N + NAVD88(GEOID18) height,9,6,7,7,0,
130,,466234.61,4312209.298,2455.594,2435.594,,-105.3897078,38.95819178,2441.604,Global,0.018,0.011,0.01,0.021,1.934,m,FIX,2025-03-31 11:17:16.4 UTC-06:00,2025-03-31 11:17:19.4 UTC-06:00,16,1,1.2,466230.063,4312045.505,2470.689,-105.3897522,38.95671563,2456.697,164.502,,NAD83(2011) / UTM zone 13N + NAVD88(GEOID18) height,9,6,7,7,0,
131,,466234.752,4312209.158,2455.637,2435.637,,-105.3897062,38.95819053,2441.647,Global,0.01,0.013,0.01,0.017,1.934,m,FIX,2025-03-31 11:17:30.4 UTC-06:00,2025-03-31 11:17:33.4 UTC-06:00,16,1,1.2,466230.063,4312045.505,2470.689,-105.3897522,38.95671563,2456.697,164.367,,NAD83(2011) / UTM zone 13N + NAVD88(GEOID18) height,9,6,7,7,0,
132,,466234.75,4312209.157,2455.63,2435.63,,-105.3897062,38.95819052,2441.64,Global,0.012,0.013,0.011,0.018,1.934,m,FIX,2025-03-31 11:17:55.4 UTC-06:00,2025-03-31 11:18:25.4 UTC-06:00,151,1,1.2,466230.063,4312045.505,2470.689,-105.3897522,38.95671563,2456.697,164.37,,NAD83(2011) / UTM zone 13N + NAVD88(GEOID18) height,9,6,6,7,0,
133,,466234.431,4312209.561,2455.608,2435.608,,-105.3897099,38.95819415,2441.617,Global,0.016,0.014,0.01,0.021,1.934,m,FIX,2025-03-31 11:22:54.2 UTC-06:00,2025-03-31 11:22:57.2 UTC-06:00,16,1,1.2,466230.063,4312045.505,2470.689,-105.3897522,38.95671563,2456.697,164.773,,NAD83(2011) / UTM zone 13N + NAVD88(GEOID18) height,9,6,7,7,0,
134,,466234.11,4312209.913,2455.68,2435.68,,-105.3897136,38.9581973,2441.69,Global,0.013,0.012,0.01,0.018,1.934,m,FIX,2025-03-31 11:23:02.0 UTC-06:00,2025-03-31 11:23:05.0 UTC-06:00,16,1,1.2,466230.063,4312045.505,2470.689,-105.3897522,38.95671563,2456.697,165.103,,NAD83(2011) / UTM zone 13N + NAVD88(GEOID18) height,9,6,7,7,0,
135,,466233.772,4312210.256,2455.788,2435.788,,-105.3897176,38.95820039,2441.798,Global,0.013,0.012,0.01,0.017,1.934,m,FIX,2025-03-31 11:23:15.0 UTC-06:00,2025-03-31 11:23:18.0 UTC-06:00,16,1,1.2,466230.063,4312045.505,2470.689,-105.3897522,38.95671563,2456.697,165.433,,NAD83(2011) / UTM zone 13N + NAVD88(GEOID18) height,10,6,7,7,0,
136,,466233.448,4312210.619,2455.834,2435.834,,-105.3897213,38.95820365,2441.844,Global,0.011,0.011,0.01,0.016,1.934,m,FIX,2025-03-31 11:23:28.6 UTC-06:00,2025-03-31 11:23:31.6 UTC-06:00,16,1,1.2,466230.063,4312045.505,2470.689,-105.3897522,38.95671563,2456.697,165.787,,NAD83(2011) / UTM zone 13N + NAVD88(GEOID18) height,9,6,7,6,0,
137,,466233.079,4312210.96,2455.87,2435.87,,-105.3897256,38.9582067,2441.88,Global,0.01,0.012,0.011,0.016,1.934,m,FIX,2025-03-31 11:24:30.4 UTC-06:00,2025-03-31 11:24:33.4 UTC-06:00,16,1,1.2,466230.063,4312045.505,2470.689,-105.3897522,38.95671563,2456.697,166.105,,NAD83(2011) / UTM zone 13N + NAVD88(GEOID18) height,9,6,7,7,0,
138,,466232.714,4312211.297,2455.934,2435.934,,-105.3897298,38.95820972,2441.944,Global,0.018,0.011,0.01,0.021,1.934,m,FIX,2025-03-31 11:24:53.2 UTC-06:00,2025-03-31 11:24:56.2 UTC-06:00,16,1,1.2,466230.063,4312045.505,2470.689,-105.3897522,38.95671563,2456.697,166.443,,NAD83(2011) / UTM zone 13N + NAVD88(GEOID18) height,9,6,7,7,0,
139,,466232.369,4312211.68,2456.022,2436.022,,-105.3897338,38.95821316,2442.032,Global,0.011,0.012,0.012,0.017,1.934,m,FIX,2025-03-31 11:25:17.6 UTC-06:00,2025-03-31 11:25:20.6 UTC-06:00,16,1,1.2,466230.063,4312045.505,2470.689,-105.3897522,38.95671563,2456.697,166.808,,NAD83(2011) / UTM zone 13N + NAVD88(GEOID18) height,9,6,7,7,0,
140,,466232.107,4312212.088,2456.138,2436.138,,-105.3897369,38.95821683,2442.148,Global,0.01,0.01,0.01,0.015,1.934,m,FIX,2025-03-31 11:25:40.2 UTC-06:00,2025-03-31 11:25:43.2 UTC-06:00,16,1,1.2,466230.063,4312045.505,2470.689,-105.3897522,38.95671563,2456.697,167.207,,NAD83(2011) / UTM zone 13N + NAVD88(GEOID18) height,9,6,7,7,0,
141,,466231.773,4312212.446,2456.142,2436.142,,-105.3897407,38.95822004,2442.151,Global,0.011,0.011,0.011,0.015,1.934,m,FIX,2025-03-31 11:25:57.0 UTC-06:00,2025-03-31 11:26:00.0 UTC-06:00,16,1,1.2,466230.063,4312045.505,2470.689,-105.3897522,38.95671563,2456.697,167.55,,NAD83(2011) / UTM zone 13N + NAVD88(GEOID18) height,9,6,7,7,0,
142,,466231.407,4312212.825,2456.166,2436.166,,-105.389745,38.95822345,2442.176,Global,0.01,0.01,0.01,0.015,1.934,m,FIX,2025-03-31 11:26:14.4 UTC-06:00,2025-03-31 11:26:17.4 UTC-06:00,16,1,1.2,466230.063,4312045.505,2470.689,-105.3897522,38.95671563,2456.697,167.927,,NAD83(2011) / UTM zone 13N + NAVD88(GEOID18) height,9,6,6,7,0,
143,,466231.126,4312213.19,2456.165,2436.165,,-105.3897482,38.95822672,2442.175,Global,0.013,0.015,0.01,0.02,1.934,m,FIX,2025-03-31 11:26:35.6 UTC-06:00,2025-03-31 11:26:38.6 UTC-06:00,16,1,1.2,466230.063,4312045.505,2470.689,-105.3897522,38.95671563,2456.697,168.276,,NAD83(2011) / UTM zone 13N + NAVD88(GEOID18) height,9,6,7,7,0,
144,,466230.762,4312213.537,2456.206,2436.206,,-105.3897525,38.95822984,2442.216,Global,0.011,0.01,0.01,0.015,1.934,m,FIX,2025-03-31 11:26:55.5 UTC-06:00,2025-03-31 11:26:58.6 UTC-06:00,16,1,1.2,466230.063,4312045.505,2470.689,-105.3897522,38.95671563,2456.697,168.631,,NAD83(2011) / UTM zone 13N + NAVD88(GEOID18) height,9,6,7,7,0,
145,,466230.444,4312213.943,2456.22,2436.22,,-105.3897561,38.95823348,2442.23,Global,0.011,0.013,0.01,0.016,1.934,m,FIX,2025-03-31 11:27:13.0 UTC-06:00,2025-03-31 11:27:16.0 UTC-06:00,16,1,1.2,466230.063,4312045.505,2470.689,-105.3897522,38.95671563,2456.697,169.029,,NAD83(2011) / UTM zone 13N + NAVD88(GEOID18) height,9,6,7,7,0,
146,,466230.122,4312214.33,2456.21,2436.21,,-105.3897599,38.95823696,2442.22,Global,0.01,0.011,0.011,0.015,1.934,m,FIX,2025-03-31 11:27:42.4 UTC-06:00,2025-03-31 11:27:45.4 UTC-06:00,16,1,1.2,466230.063,4312045.505,2470.689,-105.3897522,38.95671563,2456.697,169.413,,NAD83(2011) / UTM zone 13N + NAVD88(GEOID18) height,9,6,7,6,0,
147,,466229.784,4312214.693,2456.236,2436.236,,-105.3897638,38.95824022,2442.246,Global,0.011,0.01,0.01,0.015,1.934,m,FIX,2025-03-31 11:28:00.0 UTC-06:00,2025-03-31 11:28:03.0 UTC-06:00,16,1,1.2,466230.063,4312045.505,2470.689,-105.3897522,38.95671563,2456.697,169.784,,NAD83(2011) / UTM zone 13N + NAVD88(GEOID18) height,9,6,7,7,0,
148,,466229.453,4312215.044,2456.281,2436.281,,-105.3897676,38.95824337,2442.291,Global,0.011,0.013,0.01,0.017,1.934,m,FIX,2025-03-31 11:28:17.0 UTC-06:00,2025-03-31 11:28:20.0 UTC-06:00,16,1,1.2,466230.063,4312045.505,2470.689,-105.3897522,38.95671563,2456.697,170.141,,NAD83(2011) / UTM zone 13N + NAVD88(GEOID18) height,9,6,7,7,0,
149,,466229.108,4312215.44,2456.28,2436.28,,-105.3897716,38.95824692,2442.29,Global,0.011,0.011,0.011,0.015,1.934,m,FIX,2025-03-31 11:28:38.0 UTC-06:00,2025-03-31 11:28:41.0 UTC-06:00,16,1.1,1.2,466230.063,4312045.505,2470.689,-105.3897522,38.95671563,2456.697,170.527,,NAD83(2011) / UTM zone 13N + NAVD88(GEOID18) height,9,6,7,7,0,
150,,466228.769,4312215.8,2456.269,2436.269,,-105.3897756,38.95825015,2442.279,Global,0.01,0.01,0.01,0.015,1.934,m,FIX,2025-03-31 11:28:57.8 UTC-06:00,2025-03-31 11:29:00.8 UTC-06:00,16,1,1.2,466230.063,4312045.505,2470.689,-105.3897522,38.95671563,2456.697,170.888,,NAD83(2011) / UTM zone 13N + NAVD88(GEOID18) height,9,6,7,7,0,
151,,466228.419,4312216.154,2456.299,2436.299,,-105.3897796,38.95825333,2442.309,Global,0.011,0.011,0.011,0.015,1.934,m,FIX,2025-03-31 11:29:16.8 UTC-06:00,2025-03-31 11:29:19.8 UTC-06:00,16,1,1.2,466230.063,4312045.505,2470.689,-105.3897522,38.95671563,2456.697,171.235,,NAD83(2011) / UTM zone 13N + NAVD88(GEOID18) height,9,6,7,7,0,
152,,466228.09,4312216.492,2456.306,2436.306,,-105.3897834,38.95825636,2442.316,Global,0.014,0.01,0.011,0.017,1.934,m,FIX,2025-03-31 11:29:32.2 UTC-06:00,2025-03-31 11:29:35.2 UTC-06:00,16,1,1.2,466230.063,4312045.505,2470.689,-105.3897522,38.95671563,2456.697,171.584,,NAD83(2011) / UTM zone 13N + NAVD88(GEOID18) height,9,6,7,7,0,
153,,466227.738,4312216.882,2456.303,2436.303,,-105.3897875,38.95825986,2442.313,Global,0.01,0.011,0.011,0.015,1.934,m,FIX,2025-03-31 11:29:47.0 UTC-06:00,2025-03-31 11:29:50.0 UTC-06:00,16,1,1.2,466230.063,4312045.505,2470.689,-105.3897522,38.95671563,2456.697,171.974,,NAD83(2011) / UTM zone 13N + NAVD88(GEOID18) height,9,6,6,7,0,
154,,466227.409,4312217.223,2456.264,2436.264,,-105.3897913,38.95826292,2442.274,Global,0.011,0.01,0.01,0.015,1.934,m,FIX,2025-03-31 11:30:04.2 UTC-06:00,2025-03-31 11:30:07.2 UTC-06:00,16,1,1.2,466230.063,4312045.505,2470.689,-105.3897522,38.95671563,2456.697,172.327,,NAD83(2011) / UTM zone 13N + NAVD88(GEOID18) height,9,6,7,7,0,
155,,466227.047,4312217.589,2456.284,2436.284,,-105.3897955,38.9582662,2442.294,Global,0.011,0.011,0.01,0.015,1.934,m,FIX,2025-03-31 11:30:22.2 UTC-06:00,2025-03-31 11:30:25.2 UTC-06:00,16,1,1.2,466230.063,4312045.505,2470.689,-105.3897522,38.95671563,2456.697,172.686,,NAD83(2011) / UTM zone 13N + NAVD88(GEOID18) height,9,6,7,7,0,
156,,466226.693,4312217.95,2456.28,2436.28,,-105.3897996,38.95826944,2442.29,Global,0.011,0.01,0.011,0.015,1.934,m,FIX,2025-03-31 11:30:41.0 UTC-06:00,2025-03-31 11:30:44.0 UTC-06:00,16,1,1.2,466230.063,4312045.505,2470.689,-105.3897522,38.95671563,2456.697,173.06,,NAD83(2011) / UTM zone 13N + NAVD88(GEOID18) height,9,6,7,7,0,
157,,466226.345,4312218.283,2456.294,2436.294,,-105.3898037,38.95827244,2442.304,Global,0.01,0.01,0.011,0.015,1.934,m,FIX,2025-03-31 11:30:58.6 UTC-06:00,2025-03-31 11:31:01.6 UTC-06:00,16,1,1.2,466230.063,4312045.505,2470.689,-105.3897522,38.95671563,2456.697,173.403,,NAD83(2011) / UTM zone 13N + NAVD88(GEOID18) height,9,6,7,7,0,
158,,466225.985,4312218.645,2456.307,2436.307,,-105.3898079,38.95827568,2442.317,Global,0.011,0.011,0.011,0.015,1.934,m,FIX,2025-03-31 11:31:16.6 UTC-06:00,2025-03-31 11:31:19.6 UTC-06:00,16,1,1.2,466230.063,4312045.505,2470.689,-105.3897522,38.95671563,2456.697,173.778,,NAD83(2011) / UTM zone 13N + NAVD88(GEOID18) height,9,6,7,7,0,
159,,466225.627,4312218.997,2456.375,2436.375,,-105.389812,38.95827884,2442.385,Global,0.01,0.01,0.011,0.015,1.934,m,FIX,2025-03-31 11:31:30.8 UTC-06:00,2025-03-31 11:31:33.8 UTC-06:00,16,1.3,1.6,466230.063,4312045.505,2470.689,-105.3897522,38.95671563,2456.697,174.122,,NAD83(2011) / UTM zone 13N + NAVD88(GEOID18) height,9,6,7,6,0,
160,,466225.298,4312219.325,2456.465,2436.465,,-105.3898158,38.95828178,2442.475,Global,0.012,0.011,0.011,0.016,1.934,m,FIX,2025-03-31 11:31:47.0 UTC-06:00,2025-03-31 11:31:50.0 UTC-06:00,16,1.3,1.6,466230.063,4312045.505,2470.689,-105.3897522,38.95671563,2456.697,174.451,,NAD83(2011) / UTM zone 13N + NAVD88(GEOID18) height,9,6,7,6,0,
161,,466224.968,4312219.73,2456.507,2436.507,,-105.3898196,38.95828542,2442.518,Global,0.011,0.01,0.01,0.015,1.934,m,FIX,2025-03-31 11:32:07.4 UTC-06:00,2025-03-31 11:32:10.4 UTC-06:00,16,1.2,1.4,466230.063,4312045.505,2470.689,-105.3897522,38.95671563,2456.697,174.869,,NAD83(2011) / UTM zone 13N + NAVD88(GEOID18) height,9,6,7,7,0,
162,,466224.675,4312220.12,2456.519,2436.519,,-105.389823,38.95828892,2442.53,Global,0.012,0.011,0.01,0.016,1.934,m,FIX,2025-03-31 11:32:25.2 UTC-06:00,2025-03-31 11:32:28.2 UTC-06:00,16,1.1,1.4,466230.063,4312045.505,2470.689,-105.3897522,38.95671563,2456.697,175.259,,NAD83(2011) / UTM zone 13N + NAVD88(GEOID18) height,9,6,7,7,0,
163,,466224.3,4312220.493,2456.606,2436.606,,-105.3898274,38.95829227,2442.616,Global,0.011,0.01,0.014,0.015,1.934,m,FIX,2025-03-31 11:32:40.6 UTC-06:00,2025-03-31 11:32:43.6 UTC-06:00,16,1.1,1.3,466230.063,4312045.505,2470.689,-105.3897522,38.95671563,2456.697,175.64,,NAD83(2011) / UTM zone 13N + NAVD88(GEOID18) height,9,6,7,7,0,
164,,466223.969,4312220.813,2456.616,2436.616,,-105.3898312,38.95829514,2442.626,Global,0.013,0.011,0.013,0.018,1.934,m,FIX,2025-03-31 11:32:55.8 UTC-06:00,2025-03-31 11:32:58.8 UTC-06:00,16,1.2,1.5,466230.063,4312045.505,2470.689,-105.3897522,38.95671563,2456.697,175.979,,NAD83(2011) / UTM zone 13N + NAVD88(GEOID18) height,9,6,6,7,0,
165,,466223.601,4312221.146,2456.703,2436.703,,-105.3898355,38.95829813,2442.713,Global,0.01,0.012,0.013,0.016,1.934,m,FIX,2025-03-31 11:33:14.6 UTC-06:00,2025-03-31 11:33:17.6 UTC-06:00,16,1.1,1.3,466230.063,4312045.505,2470.689,-105.3897522,38.95671563,2456.697,176.303,,NAD83(2011) / UTM zone 13N + NAVD88(GEOID18) height,9,6,7,7,0,
166,,466251.038,4312190.826,2455.404,2435.404,,-105.3895173,38.95802596,2441.413,Global,0.01,0.011,0.015,0.015,1.934,m,FIX,2025-03-31 11:37:03.6 UTC-06:00,2025-03-31 11:37:06.6 UTC-06:00,16,1.3,1.6,466230.063,4312045.505,2470.689,-105.3897522,38.95671563,2456.697,147.54,,NAD83(2011) / UTM zone 13N + NAVD88(GEOID18) height,8,6,7,6,0,
167,,466251.286,4312190.594,2455.352,2435.352,,-105.3895145,38.95802388,2441.362,Global,0.011,0.011,0.014,0.015,1.934,m,FIX,2025-03-31 11:37:18.8 UTC-06:00,2025-03-31 11:37:21.8 UTC-06:00,16,1.3,1.6,466230.063,4312045.505,2470.689,-105.3897522,38.95671563,2456.697,147.361,,NAD83(2011) / UTM zone 13N + NAVD88(GEOID18) height,8,6,7,6,0,
168,,466251.587,4312190.198,2455.377,2435.377,,-105.389511,38.95802033,2441.387,Global,0.068,0.016,0.018,0.069,1.934,m,FIX,2025-03-31 11:37:40.8 UTC-06:00,2025-03-31 11:37:43.8 UTC-06:00,16,1.3,1.6,466230.063,4312045.505,2470.689,-105.3897522,38.95671563,2456.697,146.996,,NAD83(2011) / UTM zone 13N + NAVD88(GEOID18) height,8,6,6,6,0,
169,,466251.854,4312189.798,2455.397,2435.397,,-105.3895079,38.95801673,2441.406,Global,0.012,0.011,0.011,0.016,1.934,m,FIX,2025-03-31 11:37:56.4 UTC-06:00,2025-03-31 11:37:59.4 UTC-06:00,16,1.4,1.6,466230.063,4312045.505,2470.689,-105.3897522,38.95671563,2456.697,146.641,,NAD83(2011) / UTM zone 13N + NAVD88(GEOID18) height,8,6,7,7,0,
170,,466252.223,4312189.464,2455.429,2435.429,,-105.3895036,38.95801374,2441.438,Global,0.011,0.011,0.011,0.015,1.934,m,FIX,2025-03-31 11:38:19.4 UTC-06:00,2025-03-31 11:38:22.4 UTC-06:00,16,1.3,1.6,466230.063,4312045.505,2470.689,-105.3897522,38.95671563,2456.697,146.387,,NAD83(2011) / UTM zone 13N + NAVD88(GEOID18) height,8,6,7,6,0,
171,,466252.555,4312189.072,2455.408,2435.408,,-105.3894997,38.95801022,2441.417,Global,0.013,0.01,0.011,0.016,1.934,m,FIX,2025-03-31 11:38:44.0 UTC-06:00,2025-03-31 11:38:47.0 UTC-06:00,16,1.5,1.8,466230.063,4312045.505,2470.689,-105.3897522,38.95671563,2456.697,146.041,,NAD83(2011) / UTM zone 13N + NAVD88(GEOID18) height,8,6,7,6,0,
172,,466252.888,4312188.72,2455.452,2435.452,,-105.3894959,38.95800705,2441.461,Global,0.017,0.011,0.011,0.02,1.934,m,FIX,2025-03-31 11:39:08.0 UTC-06:00,2025-03-31 11:39:11.0 UTC-06:00,16,1.5,1.8,466230.063,4312045.505,2470.689,-105.3897522,38.95671563,2456.697,145.732,,NAD83(2011) / UTM zone 13N + NAVD88(GEOID18) height,8,6,7,6,0,
173,,466253.219,4312188.318,2455.438,2435.438,,-105.389492,38.95800345,2441.447,Global,0.012,0.012,0.014,0.017,1.934,m,FIX,2025-03-31 11:39:31.0 UTC-06:00,2025-03-31 11:39:34.0 UTC-06:00,16,1.3,1.6,466230.063,4312045.505,2470.689,-105.3897522,38.95671563,2456.697,145.386,,NAD83(2011) / UTM zone 13N + NAVD88(GEOID18) height,8,6,7,6,0,
174,,466253.561,4312187.99,2455.483,2435.483,,-105.3894881,38.9580005,2441.492,Global,0.017,0.012,0.01,0.021,1.934,m,FIX,2025-03-31 11:39:51.8 UTC-06:00,2025-03-31 11:39:54.8 UTC-06:00,16,1.5,1.8,466230.063,4312045.505,2470.689,-105.3897522,38.95671563,2456.697,145.135,,NAD83(2011) / UTM zone 13N + NAVD88(GEOID18) height,8,6,6,6,0,
175,,466253.894,4312187.62,2455.459,2435.459,,-105.3894842,38.95799718,2441.468,Global,0.015,0.011,0.012,0.019,1.934,m,FIX,2025-03-31 11:40:14.4 UTC-06:00,2025-03-31 11:40:17.4 UTC-06:00,16,1.5,1.8,466230.063,4312045.505,2470.689,-105.3897522,38.95671563,2456.697,144.82,,NAD83(2011) / UTM zone 13N + NAVD88(GEOID18) height,8,5,7,6,0,
176,,466254.236,4312187.218,2455.436,2435.436,,-105.3894802,38.95799357,2441.445,Global,0.012,0.012,0.014,0.017,1.934,m,FIX,2025-03-31 11:40:35.8 UTC-06:00,2025-03-31 11:40:38.8 UTC-06:00,16,1.7,2.1,466230.063,4312045.505,2470.689,-105.3897522,38.95671563,2456.697,144.483,,NAD83(2011) / UTM zone 13N + NAVD88(GEOID18) height,8,6,7,6,0,
177,,466254.585,4312186.872,2455.495,2435.495,,-105.3894762,38.95799047,2441.504,Global,0.011,0.011,0.013,0.015,1.934,m,FIX,2025-03-31 11:40:53.8 UTC-06:00,2025-03-31 11:40:56.8 UTC-06:00,16,1.4,1.6,466230.063,4312045.505,2470.689,-105.3897522,38.95671563,2456.697,144.198,,NAD83(2011) / UTM zone 13N + NAVD88(GEOID18) height,8,6,8,6,0,
178,,466254.911,4312186.514,2455.506,2435.506,,-105.3894724,38.95798725,2441.515,Global,0.01,0.01,0.011,0.015,1.934,m,FIX,2025-03-31 11:41:12.4 UTC-06:00,2025-03-31 11:41:15.4 UTC-06:00,16,1.5,1.8,466230.063,4312045.505,2470.689,-105.3897522,38.95671563,2456.697,143.897,,NAD83(2011) / UTM zone 13N + NAVD88(GEOID18) height,8,6,7,6,0,
179,,466255.23,4312186.113,2455.554,2435.554,,-105.3894687,38.95798365,2441.563,Global,0.013,0.012,0.011,0.017,1.934,m,FIX,2025-03-31 11:41:36.8 UTC-06:00,2025-03-31 11:41:39.8 UTC-06:00,16,1.5,1.8,466230.063,4312045.505,2470.689,-105.3897522,38.95671563,2456.697,143.558,,NAD83(2011) / UTM zone 13N + NAVD88(GEOID18) height,8,5,7,6,0,
180,,466255.571,4312185.764,2455.596,2435.596,,-105.3894648,38.95798052,2441.605,Global,0.01,0.011,0.01,0.015,1.934,m,FIX,2025-03-31 11:41:53.4 UTC-06:00,2025-03-31 11:41:56.4 UTC-06:00,16,1.5,1.8,466230.063,4312045.505,2470.689,-105.3897522,38.95671563,2456.697,143.271,,NAD83(2011) / UTM zone 13N + NAVD88(GEOID18) height,8,4,7,6,0,
181,,466255.905,4312185.375,2455.654,2435.654,,-105.3894609,38.95797703,2441.663,Global,0.012,0.011,0.011,0.016,1.934,m,FIX,2025-03-31 11:42:13.8 UTC-06:00,2025-03-31 11:42:16.8 UTC-06:00,16,1.5,1.8,466230.063,4312045.505,2470.689,-105.3897522,38.95671563,2456.697,142.944,,NAD83(2011) / UTM zone 13N + NAVD88(GEOID18) height,8,6,8,6,0,
182,,466256.232,4312185.009,2455.653,2435.653,,-105.3894571,38.95797374,2441.662,Global,0.012,0.011,0.01,0.016,1.934,m,FIX,2025-03-31 11:42:33.8 UTC-06:00,2025-03-31 11:42:36.8 UTC-06:00,16,1.2,1.4,466230.063,4312045.505,2470.689,-105.3897522,38.95671563,2456.697,142.637,,NAD83(2011) / UTM zone 13N + NAVD88(GEOID18) height,8,6,8,7,0,
183,,466256.549,4312184.645,2455.67,2435.67,,-105.3894534,38.95797048,2441.679,Global,0.011,0.012,0.011,0.016,1.934,m,FIX,2025-03-31 11:42:51.6 UTC-06:00,2025-03-31 11:42:54.6 UTC-06:00,16,1.2,1.4,466230.063,4312045.505,2470.689,-105.3897522,38.95671563,2456.697,142.349,,NAD83(2011) / UTM zone 13N + NAVD88(GEOID18) height,8,6,7,7,0,
184,,466256.883,4312184.255,2455.686,2435.686,,-105.3894495,38.95796697,2441.695,Global,0.012,0.011,0.012,0.016,1.934,m,FIX,2025-03-31 11:43:09.6 UTC-06:00,2025-03-31 11:43:12.6 UTC-06:00,16,1.2,1.4,466230.063,4312045.505,2470.689,-105.3897522,38.95671563,2456.697,142.027,,NAD83(2011) / UTM zone 13N + NAVD88(GEOID18) height,8,6,7,7,0,
185,,466257.206,4312183.868,2455.719,2435.719,,-105.3894458,38.9579635,2441.728,Global,0.011,0.011,0.01,0.015,1.934,m,FIX,2025-03-31 11:43:26.8 UTC-06:00,2025-03-31 11:43:29.8 UTC-06:00,16,1.2,1.4,466230.063,4312045.505,2470.689,-105.3897522,38.95671563,2456.697,141.71,,NAD83(2011) / UTM zone 13N + NAVD88(GEOID18) height,8,6,7,7,0,
186,,466257.525,4312183.498,2455.715,2435.715,,-105.3894421,38.95796018,2441.724,Global,0.011,0.01,0.01,0.015,1.934,m,FIX,2025-03-31 11:43:43.0 UTC-06:00,2025-03-31 11:43:46.0 UTC-06:00,16,1.2,1.4,466230.063,4312045.505,2470.689,-105.3897522,38.95671563,2456.697,141.409,,NAD83(2011) / UTM zone 13N + NAVD88(GEOID18) height,8,6,7,7,0,
187,,466257.854,4312183.123,2455.728,2435.728,,-105.3894383,38.95795681,2441.737,Global,0.012,0.014,0.01,0.019,1.934,m,FIX,2025-03-31 11:43:57.4 UTC-06:00,2025-03-31 11:44:00.4 UTC-06:00,16,1.5,1.8,466230.063,4312045.505,2470.689,-105.3897522,38.95671563,2456.697,141.11,,NAD83(2011) / UTM zone 13N + NAVD88(GEOID18) height,8,4,7,7,0,
188,,466258.203,4312182.758,2455.741,2435.741,,-105.3894342,38.95795353,2441.75,Global,0.011,0.01,0.012,0.015,1.934,m,FIX,2025-03-31 11:44:15.2 UTC-06:00,2025-03-31 11:44:18.2 UTC-06:00,16,1.5,1.9,466230.063,4312045.505,2470.689,-105.3897522,38.95671563,2456.697,140.813,,NAD83(2011) / UTM zone 13N + NAVD88(GEOID18) height,8,5,7,6,0,
189,,466258.521,4312182.368,2455.739,2435.739,,-105.3894305,38.95795004,2441.748,Global,0.011,0.013,0.01,0.016,1.934,m,FIX,2025-03-31 11:44:30.2 UTC-06:00,2025-03-31 11:44:33.2 UTC-06:00,16,1.5,1.8,466230.063,4312045.505,2470.689,-105.3897522,38.95671563,2456.697,140.497,,NAD83(2011) / UTM zone 13N + NAVD88(GEOID18) height,7,5,7,6,0,
190,,466258.848,4312182,2455.745,2435.745,,-105.3894268,38.95794673,2441.754,Global,0.011,0.01,0.012,0.015,1.934,m,FIX,2025-03-31 11:44:48.4 UTC-06:00,2025-03-31 11:44:51.4 UTC-06:00,16,1.6,1.9,466230.063,4312045.505,2470.689,-105.3897522,38.95671563,2456.697,140.204,,NAD83(2011) / UTM zone 13N + NAVD88(GEOID18) height,8,6,7,6,0,
191,,466259.184,4312181.613,2455.769,2435.769,,-105.3894229,38.95794325,2441.778,Global,0.011,0.012,0.011,0.017,1.934,m,FIX,2025-03-31 11:45:03.0 UTC-06:00,2025-03-31 11:45:06.0 UTC-06:00,16,1.5,1.8,466230.063,4312045.505,2470.689,-105.3897522,38.95671563,2456.697,139.886,,NAD83(2011) / UTM zone 13N + NAVD88(GEOID18) height,7,5,7,6,0,
192,,466259.509,4312181.257,2455.786,2435.786,,-105.3894191,38.95794006,2441.795,Global,0.012,0.011,0.011,0.017,1.934,m,FIX,2025-03-31 11:45:21.4 UTC-06:00,2025-03-31 11:45:24.4 UTC-06:00,16,1.5,1.8,466230.063,4312045.505,2470.689,-105.3897522,38.95671563,2456.697,139.613,,NAD83(2011) / UTM zone 13N + NAVD88(GEOID18) height,7,4,7,6,0,
193,,466259.84,4312180.865,2455.829,2435.829,,-105.3894152,38.95793654,2441.838,Global,0.011,0.011,0.011,0.016,1.934,m,FIX,2025-03-31 11:45:38.2 UTC-06:00,2025-03-31 11:45:41.2 UTC-06:00,16,1.5,1.8,466230.063,4312045.505,2470.689,-105.3897522,38.95671563,2456.697,139.292,,NAD83(2011) / UTM zone 13N + NAVD88(GEOID18) height,8,5,7,6,0,
194,,466260.171,4312180.497,2455.836,2435.836,,-105.3894114,38.95793324,2441.845,Global,0.013,0.014,0.01,0.019,1.934,m,FIX,2025-03-31 11:45:57.0 UTC-06:00,2025-03-31 11:46:00.0 UTC-06:00,16,1.4,1.6,466230.063,4312045.505,2470.689,-105.3897522,38.95671563,2456.697,139.039,,NAD83(2011) / UTM zone 13N + NAVD88(GEOID18) height,8,5,7,7,0,
195,,466260.505,4312180.112,2455.828,2435.828,,-105.3894075,38.95792978,2441.837,Global,0.011,0.013,0.01,0.017,1.934,m,FIX,2025-03-31 11:46:20.0 UTC-06:00,2025-03-31 11:46:23.0 UTC-06:00,16,1.4,1.6,466230.063,4312045.505,2470.689,-105.3897522,38.95671563,2456.697,138.704,,NAD83(2011) / UTM zone 13N + NAVD88(GEOID18) height,8,6,7,6,0,
196,,466260.852,4312179.745,2455.807,2435.807,,-105.3894035,38.95792649,2441.816,Global,0.011,0.01,0.01,0.015,1.934,m,FIX,2025-03-31 11:46:39.2 UTC-06:00,2025-03-31 11:46:42.2 UTC-06:00,16,1.3,1.5,466230.063,4312045.505,2470.689,-105.3897522,38.95671563,2456.697,138.437,,NAD83(2011) / UTM zone 13N + NAVD88(GEOID18) height,8,5,7,6,0,
197,,466261.159,4312179.356,2455.838,2435.838,,-105.3894,38.95792299,2441.847,Global,0.013,0.016,0.01,0.02,1.934,m,FIX,2025-03-31 11:46:58.6 UTC-06:00,2025-03-31 11:47:01.6 UTC-06:00,16,1.3,1.5,466230.063,4312045.505,2470.689,-105.3897522,38.95671563,2456.697,138.118,,NAD83(2011) / UTM zone 13N + NAVD88(GEOID18) height,8,6,7,6,0,
198,,466229.177,4311984.875,2456.156,2436.156,,-105.3897595,38.95616925,2442.163,Global,0.011,0.011,0.011,0.016,1.934,m,FIX,2025-03-31 11:58:31.6 UTC-06:00,2025-03-31 11:59:01.6 UTC-06:00,151,1.4,1.7,466230.063,4312045.505,2470.689,-105.3897522,38.95671563,2456.697,61.98,,NAD83(2011) / UTM zone 13N + NAVD88(GEOID18) height,7,5,7,6,0,
199,,466229.185,4311984.873,2456.155,2436.155,,-105.3897594,38.95616923,2442.162,Global,0.01,0.01,0.01,0.015,1.934,m,FIX,2025-03-31 11:59:29.6 UTC-06:00,2025-03-31 11:59:32.6 UTC-06:00,16,1.4,1.7,466230.063,4312045.505,2470.689,-105.3897522,38.95671563,2456.697,61.981,,NAD83(2011) / UTM zone 13N + NAVD88(GEOID18) height,8,4,7,6,0,
200,,466229.206,4311984.751,2456.05,2436.05,,-105.3897591,38.95616813,2442.057,Global,0.01,0.01,0.01,0.014,1.934,m,FIX,2025-03-31 11:59:57.4 UTC-06:00,2025-03-31 12:00:00.4 UTC-06:00,16,1.4,1.7,466230.063,4312045.505,2470.689,-105.3897522,38.95671563,2456.697,62.122,,NAD83(2011) / UTM zone 13N + NAVD88(GEOID18) height,9,4,7,5,0,
201,,466229.026,4311984.839,2455.922,2435.922,,-105.3897612,38.95616892,2441.93,Global,0.011,0.01,0.01,0.015,1.934,m,FIX,2025-03-31 12:00:14.6 UTC-06:00,2025-03-31 12:00:17.6 UTC-06:00,16,1.4,1.7,466230.063,4312045.505,2470.689,-105.3897522,38.95671563,2456.697,62.066,,NAD83(2011) / UTM zone 13N + NAVD88(GEOID18) height,9,5,7,5,0,
202,,466229.161,4311985.026,2456.071,2436.071,,-105.3897597,38.95617061,2442.079,Global,0.011,0.011,0.012,0.015,1.934,m,FIX,2025-03-31 12:00:34.6 UTC-06:00,2025-03-31 12:00:37.6 UTC-06:00,16,1.4,1.7,466230.063,4312045.505,2470.689,-105.3897522,38.95671563,2456.697,61.851,,NAD83(2011) / UTM zone 13N + NAVD88(GEOID18) height,9,4,7,5,0,
203,,466229.311,4311984.889,2456.126,2436.126,,-105.3897579,38.95616939,2442.134,Global,0.01,0.012,0.01,0.016,1.934,m,FIX,2025-03-31 12:00:50.0 UTC-06:00,2025-03-31 12:00:53.0 UTC-06:00,16,1.4,1.7,466230.063,4312045.505,2470.689,-105.3897522,38.95671563,2456.697,61.98,,NAD83(2011) / UTM zone 13N + NAVD88(GEOID18) height,8,4,7,5,0,
204,,466229.214,4311984.875,2456.072,2436.072,,-105.389759,38.95616925,2442.08,Global,0.011,0.011,0.01,0.016,1.934,m,FIX,2025-03-31 12:01:22.0 UTC-06:00,2025-03-31 12:01:25.0 UTC-06:00,16,1.4,1.7,466230.063,4312045.505,2470.689,-105.3897522,38.95671563,2456.697,62.002,,NAD83(2011) / UTM zone 13N + NAVD88(GEOID18) height,8,5,7,6,0,
205,,466229.194,4311984.9,2456.166,2436.166,,-105.3897593,38.95616948,2442.174,Global,0.012,0.012,0.011,0.017,1.934,m,FIX,2025-03-31 12:01:47.4 UTC-06:00,2025-03-31 12:01:50.4 UTC-06:00,16,1.4,1.7,466230.063,4312045.505,2470.689,-105.3897522,38.95671563,2456.697,61.943,,NAD83(2011) / UTM zone 13N + NAVD88(GEOID18) height,8,4,7,5,0,
206,,466229.065,4311984.866,2455.948,2435.948,,-105.3897608,38.95616917,2441.955,Global,0.011,0.01,0.013,0.015,1.934,m,FIX,2025-03-31 12:02:21.2 UTC-06:00,2025-03-31 12:02:24.2 UTC-06:00,16,1.4,1.7,466230.063,4312045.505,2470.689,-105.3897522,38.95671563,2456.697,62.034,,NAD83(2011) / UTM zone 13N + NAVD88(GEOID18) height,9,5,7,6,0,
207,,466228.894,4311984.772,2455.838,2435.838,,-105.3897627,38.95616832,2441.845,Global,0.011,0.012,0.012,0.016,1.934,m,FIX,2025-03-31 12:03:03.6 UTC-06:00,2025-03-31 12:03:06.6 UTC-06:00,16,1.4,1.7,466230.063,4312045.505,2470.689,-105.3897522,38.95671563,2456.697,62.136,,NAD83(2011) / UTM zone 13N + NAVD88(GEOID18) height,9,5,7,6,0,
208,,466228.685,4311984.725,2455.652,2435.652,,-105.3897651,38.95616789,2441.66,Global,0.011,0.011,0.01,0.016,1.934,m,FIX,2025-03-31 12:03:21.8 UTC-06:00,2025-03-31 12:03:24.8 UTC-06:00,16,1.4,1.7,466230.063,4312045.505,2470.689,-105.3897522,38.95671563,2456.697,62.244,,NAD83(2011) / UTM zone 13N + NAVD88(GEOID18) height,9,4,7,5,0,
209,,466228.503,4311984.695,2455.596,2435.596,,-105.3897672,38.9561676,2441.604,Global,0.01,0.01,0.01,0.015,1.934,m,FIX,2025-03-31 12:03:35.6 UTC-06:00,2025-03-31 12:03:38.6 UTC-06:00,16,1.4,1.7,466230.063,4312045.505,2470.689,-105.3897522,38.95671563,2456.697,62.287,,NAD83(2011) / UTM zone 13N + NAVD88(GEOID18) height,9,5,7,6,0,
210,,466228.33,4311984.628,2455.502,2435.502,,-105.3897692,38.95616699,2441.51,Global,0.011,0.01,0.011,0.015,1.934,m,FIX,2025-03-31 12:03:58.2 UTC-06:00,2025-03-31 12:04:01.2 UTC-06:00,16,1.4,1.7,466230.063,4312045.505,2470.689,-105.3897522,38.95671563,2456.697,62.378,,NAD83(2011) / UTM zone 13N + NAVD88(GEOID18) height,9,4,7,6,0,
211,,466228.114,4311984.6,2455.467,2435.467,,-105.3897717,38.95616673,2441.474,Global,0.02,0.012,0.01,0.023,1.934,m,FIX,2025-03-31 12:04:19.6 UTC-06:00,2025-03-31 12:04:22.6 UTC-06:00,16,1.4,1.7,466230.063,4312045.505,2470.689,-105.3897522,38.95671563,2456.697,62.423,,NAD83(2011) / UTM zone 13N + NAVD88(GEOID18) height,9,5,7,6,0,
212,,466227.886,4311984.634,2455.379,2435.379,,-105.3897743,38.95616703,2441.386,Global,0.011,0.01,0.011,0.015,1.934,m,FIX,2025-03-31 12:04:46.6 UTC-06:00,2025-03-31 12:04:49.6 UTC-06:00,16,1.4,1.7,466230.063,4312045.505,2470.689,-105.3897522,38.95671563,2456.697,62.404,,NAD83(2011) / UTM zone 13N + NAVD88(GEOID18) height,9,5,7,6,0,
213,,466227.705,4311984.537,2455.382,2435.382,,-105.3897764,38.95616615,2441.389,Global,0.01,0.011,0.01,0.015,1.934,m,FIX,2025-03-31 12:05:13.2 UTC-06:00,2025-03-31 12:05:16.2 UTC-06:00,16,1.4,1.7,466230.063,4312045.505,2470.689,-105.3897522,38.95671563,2456.697,62.517,,NAD83(2011) / UTM zone 13N + NAVD88(GEOID18) height,9,4,7,6,0,
214,,466227.506,4311984.488,2455.555,2435.555,,-105.3897787,38.9561657,2441.563,Global,0.01,0.01,0.01,0.014,1.934,m,FIX,2025-03-31 12:06:03.8 UTC-06:00,2025-03-31 12:06:06.8 UTC-06:00,16,1.4,1.7,466230.063,4312045.505,2470.689,-105.3897522,38.95671563,2456.697,62.526,,NAD83(2011) / UTM zone 13N + NAVD88(GEOID18) height,9,5,7,6,0,
215,,466227.319,4311984.517,2455.633,2435.633,,-105.3897809,38.95616595,2441.64,Global,0.01,0.01,0.01,0.015,1.934,m,FIX,2025-03-31 12:06:22.2 UTC-06:00,2025-03-31 12:06:25.2 UTC-06:00,16,1.4,1.7,466230.063,4312045.505,2470.689,-105.3897522,38.95671563,2456.697,62.498,,NAD83(2011) / UTM zone 13N + NAVD88(GEOID18) height,9,5,7,5,0,
216,,466227.11,4311984.456,2455.308,2435.308,,-105.3897833,38.95616539,2441.315,Global,0.01,0.01,0.01,0.015,1.934,m,FIX,2025-03-31 12:06:51.2 UTC-06:00,2025-03-31 12:06:54.2 UTC-06:00,16,1.4,1.7,466230.063,4312045.505,2470.689,-105.3897522,38.95671563,2456.697,62.633,,NAD83(2011) / UTM zone 13N + NAVD88(GEOID18) height,9,5,7,5,0,
217,,466226.944,4311984.4,2455.434,2435.434,,-105.3897852,38.95616489,2441.442,Global,0.011,0.011,0.01,0.016,1.934,m,FIX,2025-03-31 12:07:17.4 UTC-06:00,2025-03-31 12:07:20.4 UTC-06:00,16,1.4,1.7,466230.063,4312045.505,2470.689,-105.3897522,38.95671563,2456.697,62.664,,NAD83(2011) / UTM zone 13N + NAVD88(GEOID18) height,9,5,7,5,0,
218,,466226.722,4311984.381,2455.449,2435.449,,-105.3897878,38.95616471,2441.456,Global,0.011,0.012,0.01,0.016,1.934,m,FIX,2025-03-31 12:07:46.4 UTC-06:00,2025-03-31 12:07:49.4 UTC-06:00,16,1.4,1.7,466230.063,4312045.505,2470.689,-105.3897522,38.95671563,2456.697,62.704,,NAD83(2011) / UTM zone 13N + NAVD88(GEOID18) height,9,5,7,5,0,
219,,466226.558,4311984.396,2455.422,2435.422,,-105.3897897,38.95616484,2441.43,Global,0.01,0.012,0.011,0.016,1.934,m,FIX,2025-03-31 12:08:04.2 UTC-06:00,2025-03-31 12:08:07.2 UTC-06:00,16,1.4,1.7,466230.063,4312045.505,2470.689,-105.3897522,38.95671563,2456.697,62.679,,NAD83(2011) / UTM zone 13N + NAVD88(GEOID18) height,8,5,7,5,0,
220,,466226.328,4311984.314,2455.21,2435.21,,-105.3897923,38.95616409,2441.218,Global,0.011,0.012,0.012,0.016,1.934,m,FIX,2025-03-31 12:08:25.4 UTC-06:00,2025-03-31 12:08:28.4 UTC-06:00,16,1.4,1.7,466230.063,4312045.505,2470.689,-105.3897522,38.95671563,2456.697,62.834,,NAD83(2011) / UTM zone 13N + NAVD88(GEOID18) height,8,5,7,5,0,
221,,466226.123,4311984.278,2455.189,2435.189,,-105.3897947,38.95616375,2441.197,Global,0.011,0.01,0.01,0.015,1.934,m,FIX,2025-03-31 12:08:45.2 UTC-06:00,2025-03-31 12:08:48.2 UTC-06:00,16,1.4,1.7,466230.063,4312045.505,2470.689,-105.3897522,38.95671563,2456.697,62.884,,NAD83(2011) / UTM zone 13N + NAVD88(GEOID18) height,8,5,7,5,0,
222,,466225.995,4311984.105,2455.422,2435.422,,-105.3897962,38.95616219,2441.43,Global,0.011,0.011,0.011,0.015,1.934,m,FIX,2025-03-31 12:10:20.6 UTC-06:00,2025-03-31 12:10:23.6 UTC-06:00,16,1.4,1.7,466230.063,4312045.505,2470.689,-105.3897522,38.95671563,2456.697,63.013,,NAD83(2011) / UTM zone 13N + NAVD88(GEOID18) height,8,5,7,5,0,
223,,466225.802,4311984.138,2455.354,2435.354,,-105.3897984,38.95616248,2441.362,Global,0.01,0.014,0.011,0.017,1.934,m,FIX,2025-03-31 12:10:46.0 UTC-06:00,2025-03-31 12:10:49.0 UTC-06:00,16,1.4,1.7,466230.063,4312045.505,2470.689,-105.3897522,38.95671563,2456.697,63.001,,NAD83(2011) / UTM zone 13N + NAVD88(GEOID18) height,7,5,7,5,0,
224,,466225.578,4311984.168,2455.165,2435.165,,-105.389801,38.95616274,2441.173,Global,0.01,0.011,0.01,0.015,1.934,m,FIX,2025-03-31 12:11:15.4 UTC-06:00,2025-03-31 12:11:18.4 UTC-06:00,16,1.4,1.7,466230.063,4312045.505,2470.689,-105.3897522,38.95671563,2456.697,63.032,,NAD83(2011) / UTM zone 13N + NAVD88(GEOID18) height,7,5,7,5,0,
225,,466225.36,4311984.199,2455.288,2435.288,,-105.3898035,38.95616301,2441.296,Global,0.011,0.012,0.011,0.016,1.934,m,FIX,2025-03-31 12:11:39.4 UTC-06:00,2025-03-31 12:11:42.4 UTC-06:00,16,1.4,1.7,466230.063,4312045.505,2470.689,-105.3897522,38.95671563,2456.697,63.002,,NAD83(2011) / UTM zone 13N + NAVD88(GEOID18) height,8,6,7,5,0,
226,,466225.17,4311984.22,2455.201,2435.201,,-105.3898057,38.9561632,2441.208,Global,0.01,0.011,0.01,0.015,1.934,m,FIX,2025-03-31 12:12:02.0 UTC-06:00,2025-03-31 12:12:05.0 UTC-06:00,16,1.4,1.7,466230.063,4312045.505,2470.689,-105.3897522,38.95671563,2456.697,62.996,,NAD83(2011) / UTM zone 13N + NAVD88(GEOID18) height,7,5,7,6,0,
227,,466224.986,4311984.114,2455.16,2435.16,,-105.3898078,38.95616224,2441.168,Global,0.012,0.012,0.01,0.016,1.934,m,FIX,2025-03-31 12:12:20.8 UTC-06:00,2025-03-31 12:12:23.8 UTC-06:00,16,1.4,1.7,466230.063,4312045.505,2470.689,-105.3897522,38.95671563,2456.697,63.131,,NAD83(2011) / UTM zone 13N + NAVD88(GEOID18) height,7,5,7,5,0,
228,,466224.821,4311984.098,2455.279,2435.279,,-105.3898097,38.95616209,2441.287,Global,0.012,0.013,0.011,0.017,1.934,m,FIX,2025-03-31 12:12:44.0 UTC-06:00,2025-03-31 12:12:47.0 UTC-06:00,16,1.4,1.7,466230.063,4312045.505,2470.689,-105.3897522,38.95671563,2456.697,63.136,,NAD83(2011) / UTM zone 13N + NAVD88(GEOID18) height,8,6,7,5,0,
229,,466224.583,4311984.134,2455.28,2435.28,,-105.3898125,38.9561624,2441.288,Global,0.01,0.011,0.013,0.015,1.934,m,FIX,2025-03-31 12:13:00.8 UTC-06:00,2025-03-31 12:13:03.8 UTC-06:00,16,1.4,1.7,466230.063,4312045.505,2470.689,-105.3897522,38.95671563,2456.697,63.115,,NAD83(2011) / UTM zone 13N + NAVD88(GEOID18) height,8,6,7,5,0,
230,,466224.351,4311984.094,2455.147,2435.147,,-105.3898151,38.95616203,2441.155,Global,0.01,0.01,0.01,0.015,1.934,m,FIX,2025-03-31 12:13:20.2 UTC-06:00,2025-03-31 12:13:23.2 UTC-06:00,16,1.4,1.7,466230.063,4312045.505,2470.689,-105.3897522,38.95671563,2456.697,63.211,,NAD83(2011) / UTM zone 13N + NAVD88(GEOID18) height,9,6,7,5,0,
231,,466224.182,4311984.046,2455.127,2435.127,,-105.3898171,38.95616159,2441.135,Global,0.011,0.01,0.011,0.015,1.934,m,FIX,2025-03-31 12:13:38.8 UTC-06:00,2025-03-31 12:13:41.8 UTC-06:00,16,1.4,1.7,466230.063,4312045.505,2470.689,-105.3897522,38.95671563,2456.697,63.277,,NAD83(2011) / UTM zone 13N + NAVD88(GEOID18) height,8,6,7,5,0,
232,,466224.017,4311983.928,2455.091,2435.091,,-105.389819,38.95616052,2441.099,Global,0.01,0.01,0.01,0.015,1.934,m,FIX,2025-03-31 12:13:59.4 UTC-06:00,2025-03-31 12:14:02.4 UTC-06:00,16,1.4,1.7,466230.063,4312045.505,2470.689,-105.3897522,38.95671563,2456.697,63.405,,NAD83(2011) / UTM zone 13N + NAVD88(GEOID18) height,8,6,7,5,0,
233,,466223.768,4311983.964,2455.096,2435.096,,-105.3898218,38.95616084,2441.104,Global,0.011,0.012,0.01,0.016,1.934,m,FIX,2025-03-31 12:14:26.6 UTC-06:00,2025-03-31 12:14:29.6 UTC-06:00,16,1.4,1.7,466230.063,4312045.505,2470.689,-105.3897522,38.95671563,2456.697,63.407,,NAD83(2011) / UTM zone 13N + NAVD88(GEOID18) height,8,6,7,5,0,
234,,466223.613,4311983.864,2455.055,2435.055,,-105.3898236,38.95615993,2441.062,Global,0.011,0.01,0.01,0.015,1.934,m,FIX,2025-03-31 12:14:53.8 UTC-06:00,2025-03-31 12:14:56.8 UTC-06:00,16,1.4,1.7,466230.063,4312045.505,2470.689,-105.3897522,38.95671563,2456.697,63.521,,NAD83(2011) / UTM zone 13N + NAVD88(GEOID18) height,9,6,7,5,0,
235,,466223.42,4311983.824,2455.093,2435.093,,-105.3898259,38.95615956,2441.101,Global,0.011,0.011,0.01,0.016,1.934,m,FIX,2025-03-31 12:15:29.0 UTC-06:00,2025-03-31 12:15:32.0 UTC-06:00,16,1.5,1.8,466230.063,4312045.505,2470.689,-105.3897522,38.95671563,2456.697,63.572,,NAD83(2011) / UTM zone 13N + NAVD88(GEOID18) height,9,6,7,5,0,
236,,466223.213,4311983.754,2455.078,2435.078,,-105.3898282,38.95615892,2441.086,Global,0.01,0.011,0.011,0.015,1.934,m,FIX,2025-03-31 12:15:56.2 UTC-06:00,2025-03-31 12:15:59.2 UTC-06:00,16,1.5,1.8,466230.063,4312045.505,2470.689,-105.3897522,38.95671563,2456.697,63.664,,NAD83(2011) / UTM zone 13N + NAVD88(GEOID18) height,9,6,7,5,0,
237,,466223.024,4311983.699,2455.069,2435.069,,-105.3898304,38.95615842,2441.076,Global,0.01,0.01,0.01,0.014,1.934,m,FIX,2025-03-31 12:16:15.4 UTC-06:00,2025-03-31 12:16:18.4 UTC-06:00,16,1.4,1.7,466230.063,4312045.505,2470.689,-105.3897522,38.95671563,2456.697,63.741,,NAD83(2011) / UTM zone 13N + NAVD88(GEOID18) height,9,6,7,5,0,
238,,466222.801,4311983.732,2454.966,2434.966,,-105.389833,38.9561587,2440.974,Global,0.01,0.01,0.011,0.015,1.934,m,FIX,2025-03-31 12:16:41.2 UTC-06:00,2025-03-31 12:16:44.2 UTC-06:00,16,1.4,1.7,466230.063,4312045.505,2470.689,-105.3897522,38.95671563,2456.697,63.759,,NAD83(2011) / UTM zone 13N + NAVD88(GEOID18) height,9,6,7,5,0,
239,,466222.622,4311983.712,2454.968,2434.968,,-105.3898351,38.95615852,2440.976,Global,0.011,0.011,0.011,0.015,1.934,m,FIX,2025-03-31 12:17:03.4 UTC-06:00,2025-03-31 12:17:06.4 UTC-06:00,16,1.4,1.7,466230.063,4312045.505,2470.689,-105.3897522,38.95671563,2456.697,63.8,,NAD83(2011) / UTM zone 13N + NAVD88(GEOID18) height,9,6,7,5,0,
240,,466222.426,4311983.635,2454.952,2434.952,,-105.3898373,38.95615782,2440.96,Global,0.01,0.01,0.01,0.015,1.934,m,FIX,2025-03-31 12:17:27.6 UTC-06:00,2025-03-31 12:17:30.6 UTC-06:00,16,1.4,1.7,466230.063,4312045.505,2470.689,-105.3897522,38.95671563,2456.697,63.898,,NAD83(2011) / UTM zone 13N + NAVD88(GEOID18) height,9,6,7,5,0,
241,,466222.262,4311983.552,2454.922,2434.922,,-105.3898392,38.95615706,2440.929,Global,0.01,0.01,0.011,0.015,1.934,m,FIX,2025-03-31 12:17:51.8 UTC-06:00,2025-03-31 12:17:54.8 UTC-06:00,16,1.4,1.7,466230.063,4312045.505,2470.689,-105.3897522,38.95671563,2456.697,64.006,,NAD83(2011) / UTM zone 13N + NAVD88(GEOID18) height,9,6,7,5,0,
242,,466222.062,4311983.5,2454.882,2434.882,,-105.3898415,38.95615658,2440.89,Global,0.011,0.011,0.012,0.015,1.934,m,FIX,2025-03-31 12:18:15.8 UTC-06:00,2025-03-31 12:18:18.8 UTC-06:00,16,1.3,1.5,466230.063,4312045.505,2470.689,-105.3897522,38.95671563,2456.697,64.081,,NAD83(2011) / UTM zone 13N + NAVD88(GEOID18) height,9,6,7,5,0,
243,,466221.837,4311983.53,2454.818,2434.818,,-105.3898441,38.95615685,2440.826,Global,0.01,0.011,0.011,0.015,1.934,m,FIX,2025-03-31 12:18:41.4 UTC-06:00,2025-03-31 12:18:44.4 UTC-06:00,16,1.3,1.5,466230.063,4312045.505,2470.689,-105.3897522,38.95671563,2456.697,64.099,,NAD83(2011) / UTM zone 13N + NAVD88(GEOID18) height,9,6,7,5,0,
244,,466221.623,4311983.435,2454.786,2434.786,,-105.3898466,38.95615598,2440.794,Global,0.01,0.011,0.01,0.015,1.934,m,FIX,2025-03-31 12:19:23.0 UTC-06:00,2025-03-31 12:19:26.0 UTC-06:00,16,1.4,1.6,466230.063,4312045.505,2470.689,-105.3897522,38.95671563,2456.697,64.219,,NAD83(2011) / UTM zone 13N + NAVD88(GEOID18) height,9,6,7,5,0,
245,,466221.493,4311983.402,2454.766,2434.766,,-105.3898481,38.95615568,2440.774,Global,0.012,0.011,0.01,0.016,1.934,m,FIX,2025-03-31 12:21:24.0 UTC-06:00,2025-03-31 12:21:27.0 UTC-06:00,16,1.2,1.4,466230.063,4312045.505,2470.689,-105.3897522,38.95671563,2456.697,64.272,,NAD83(2011) / UTM zone 13N + NAVD88(GEOID18) height,9,6,7,5,0,
246,,466221.28,4311983.374,2454.826,2434.826,,-105.3898505,38.95615542,2440.834,Global,0.011,0.011,0.011,0.016,1.934,m,FIX,2025-03-31 12:21:53.4 UTC-06:00,2025-03-31 12:21:56.4 UTC-06:00,16,1.3,1.5,466230.063,4312045.505,2470.689,-105.3897522,38.95671563,2456.697,64.323,,NAD83(2011) / UTM zone 13N + NAVD88(GEOID18) height,8,6,7,5,0,
247,,466221.069,4311983.412,2454.852,2434.852,,-105.389853,38.95615576,2440.859,Global,0.014,0.011,0.011,0.018,1.934,m,FIX,2025-03-31 12:22:29.4 UTC-06:00,2025-03-31 12:22:32.4 UTC-06:00,16,1.3,1.5,466230.063,4312045.505,2470.689,-105.3897522,38.95671563,2456.697,64.313,,NAD83(2011) / UTM zone 13N + NAVD88(GEOID18) height,8,6,7,5,0,
248,,466220.799,4311983.539,2454.752,2434.752,,-105.3898561,38.95615689,2440.759,Global,0.013,0.012,0.011,0.018,1.934,m,FIX,2025-03-31 12:23:01.8 UTC-06:00,2025-03-31 12:23:04.8 UTC-06:00,16,1.3,1.5,466230.063,4312045.505,2470.689,-105.3897522,38.95671563,2456.697,64.252,,NAD83(2011) / UTM zone 13N + NAVD88(GEOID18) height,7,6,7,5,0,
249,,466220.611,4311983.466,2454.954,2434.954,,-105.3898583,38.95615623,2440.961,Global,0.012,0.012,0.011,0.017,1.934,m,FIX,2025-03-31 12:23:53.4 UTC-06:00,2025-03-31 12:23:56.4 UTC-06:00,16,1.2,1.4,466230.063,4312045.505,2470.689,-105.3897522,38.95671563,2456.697,64.297,,NAD83(2011) / UTM zone 13N + NAVD88(GEOID18) height,9,6,7,5,0,
250,,466220.439,4311983.381,2455.263,2435.263,,-105.3898602,38.95615545,2441.27,Global,0.011,0.013,0.013,0.017,1.934,m,FIX,2025-03-31 12:24:50.6 UTC-06:00,2025-03-31 12:24:53.6 UTC-06:00,16,1.2,1.4,466230.063,4312045.505,2470.689,-105.3897522,38.95671563,2456.697,64.333,,NAD83(2011) / UTM zone 13N + NAVD88(GEOID18) height,7,6,7,5,0,
251,,466220.295,4311983.265,2455.425,2435.425,,-105.3898619,38.9561544,2441.432,Global,0.012,0.013,0.011,0.018,1.934,m,FIX,2025-03-31 12:25:21.0 UTC-06:00,2025-03-31 12:25:24.0 UTC-06:00,16,1.2,1.4,466230.063,4312045.505,2470.689,-105.3897522,38.95671563,2456.697,64.445,,NAD83(2011) / UTM zone 13N + NAVD88(GEOID18) height,7,6,7,5,0,
252,,466220.078,4311983.244,2455.421,2435.421,,-105.3898644,38.9561542,2441.429,Global,0.013,0.012,0.01,0.017,1.934,m,FIX,2025-03-31 12:25:57.2 UTC-06:00,2025-03-31 12:26:00.2 UTC-06:00,16,1.3,1.5,466230.063,4312045.505,2470.689,-105.3897522,38.95671563,2456.697,64.505,,NAD83(2011) / UTM zone 13N + NAVD88(GEOID18) height,8,6,7,5,0,
253,,466219.888,4311983.208,2455.369,2435.369,,-105.3898666,38.95615388,2441.376,Global,0.011,0.011,0.011,0.015,1.934,m,FIX,2025-03-31 12:26:26.6 UTC-06:00,2025-03-31 12:26:29.6 UTC-06:00,16,1.3,1.5,466230.063,4312045.505,2470.689,-105.3897522,38.95671563,2456.697,64.579,,NAD83(2011) / UTM zone 13N + NAVD88(GEOID18) height,7,6,7,5,0,
254,,466219.703,4311983.179,2455.282,2435.282,,-105.3898687,38.95615361,2441.29,Global,0.011,0.011,0.01,0.016,1.934,m,FIX,2025-03-31 12:26:49.4 UTC-06:00,2025-03-31 12:26:52.4 UTC-06:00,16,1.3,1.5,466230.063,4312045.505,2470.689,-105.3897522,38.95671563,2456.697,64.644,,NAD83(2011) / UTM zone 13N + NAVD88(GEOID18) height,7,6,7,5,0,
255,,466219.508,4311983.146,2455.169,2435.169,,-105.389871,38.9561533,2441.177,Global,0.01,0.011,0.01,0.015,1.934,m,FIX,2025-03-31 12:27:19.4 UTC-06:00,2025-03-31 12:27:22.4 UTC-06:00,16,1.3,1.5,466230.063,4312045.505,2470.689,-105.3897522,38.95671563,2456.697,64.733,,NAD83(2011) / UTM zone 13N + NAVD88(GEOID18) height,8,6,7,5,0,
256,,466219.271,4311983.16,2455.029,2435.029,,-105.3898737,38.95615341,2441.036,Global,0.01,0.011,0.01,0.015,1.934,m,FIX,2025-03-31 12:27:57.6 UTC-06:00,2025-03-31 12:28:00.6 UTC-06:00,16,1.3,1.5,466230.063,4312045.505,2470.689,-105.3897522,38.95671563,2456.697,64.792,,NAD83(2011) / UTM zone 13N + NAVD88(GEOID18) height,7,6,7,5,0,
257,,466219.077,4311983.083,2455.072,2435.072,,-105.3898759,38.95615272,2441.079,Global,0.011,0.01,0.013,0.015,1.934,m,FIX,2025-03-31 12:28:19.4 UTC-06:00,2025-03-31 12:28:22.4 UTC-06:00,16,1.2,1.4,466230.063,4312045.505,2470.689,-105.3897522,38.95671563,2456.697,64.89,,NAD83(2011) / UTM zone 13N + NAVD88(GEOID18) height,8,6,7,5,0,
258,,466218.905,4311983.028,2455.196,2435.196,,-105.3898779,38.95615221,2441.204,Global,0.01,0.01,0.01,0.014,1.934,m,FIX,2025-03-31 12:28:57.2 UTC-06:00,2025-03-31 12:29:00.2 UTC-06:00,16,1.3,1.5,466230.063,4312045.505,2470.689,-105.3897522,38.95671563,2456.697,64.947,,NAD83(2011) / UTM zone 13N + NAVD88(GEOID18) height,7,6,7,6,0,
259,,466218.709,4311983.021,2455.061,2435.061,,-105.3898802,38.95615215,2441.068,Global,0.012,0.01,0.013,0.016,1.934,m,FIX,2025-03-31 12:29:25.6 UTC-06:00,2025-03-31 12:29:28.6 UTC-06:00,16,1.2,1.4,466230.063,4312045.505,2470.689,-105.3897522,38.95671563,2456.697,65.011,,NAD83(2011) / UTM zone 13N + NAVD88(GEOID18) height,8,6,7,5,0,
260,,466218.528,4311982.96,2455.09,2435.09,,-105.3898823,38.95615158,2441.097,Global,0.011,0.012,0.011,0.016,1.934,m,FIX,2025-03-31 12:29:43.8 UTC-06:00,2025-03-31 12:29:46.8 UTC-06:00,16,1.2,1.4,466230.063,4312045.505,2470.689,-105.3897522,38.95671563,2456.697,65.108,,NAD83(2011) / UTM zone 13N + NAVD88(GEOID18) height,8,6,7,5,0,
261,,466218.304,4311982.892,2455.271,2435.271,,-105.3898849,38.95615096,2441.279,Global,0.011,0.011,0.01,0.016,1.934,m,FIX,2025-03-31 12:30:13.4 UTC-06:00,2025-03-31 12:30:16.4 UTC-06:00,16,1.2,1.4,466230.063,4312045.505,2470.689,-105.3897522,38.95671563,2456.697,65.161,,NAD83(2011) / UTM zone 13N + NAVD88(GEOID18) height,8,6,7,6,0,
262,,466218.135,4311982.836,2455.302,2435.302,,-105.3898868,38.95615045,2441.31,Global,0.012,0.012,0.01,0.017,1.934,m,FIX,2025-03-31 12:30:32.0 UTC-06:00,2025-03-31 12:30:35.0 UTC-06:00,16,1.2,1.4,466230.063,4312045.505,2470.689,-105.3897522,38.95671563,2456.697,65.241,,NAD83(2011) / UTM zone 13N + NAVD88(GEOID18) height,9,6,7,5,0,
263,,466217.916,4311982.797,2455.295,2435.295,,-105.3898893,38.95615009,2441.303,Global,0.011,0.01,0.011,0.015,1.934,m,FIX,2025-03-31 12:30:48.8 UTC-06:00,2025-03-31 12:30:51.8 UTC-06:00,16,1.2,1.4,466230.063,4312045.505,2470.689,-105.3897522,38.95671563,2456.697,65.325,,NAD83(2011) / UTM zone 13N + NAVD88(GEOID18) height,9,6,7,5,0,
264,,466217.739,4311982.734,2455.242,2435.242,,-105.3898914,38.95614951,2441.25,Global,0.011,0.012,0.011,0.016,1.934,m,FIX,2025-03-31 12:31:06.6 UTC-06:00,2025-03-31 12:31:09.6 UTC-06:00,16,1.2,1.4,466230.063,4312045.505,2470.689,-105.3897522,38.95671563,2456.697,65.431,,NAD83(2011) / UTM zone 13N + NAVD88(GEOID18) height,9,6,7,5,0,
265,,466217.538,4311982.662,2455.08,2435.08,,-105.3898937,38.95614886,2441.088,Global,0.01,0.01,0.011,0.015,1.934,m,FIX,2025-03-31 12:31:40.0 UTC-06:00,2025-03-31 12:31:43.0 UTC-06:00,16,1.2,1.4,466230.063,4312045.505,2470.689,-105.3897522,38.95671563,2456.697,65.572,,NAD83(2011) / UTM zone 13N + NAVD88(GEOID18) height,9,6,7,5,0,
266,,466217.366,4311982.61,2455.147,2435.147,,-105.3898957,38.95614839,2441.154,Global,0.011,0.011,0.011,0.016,1.934,m,FIX,2025-03-31 12:31:51.6 UTC-06:00,2025-03-31 12:31:54.6 UTC-06:00,16,1.2,1.4,466230.063,4312045.505,2470.689,-105.3897522,38.95671563,2456.697,65.646,,NAD83(2011) / UTM zone 13N + NAVD88(GEOID18) height,8,6,7,5,0,
267,,466217.146,4311982.556,2455.073,2435.073,,-105.3898982,38.95614789,2441.081,Global,0.01,0.011,0.013,0.015,1.934,m,FIX,2025-03-31 12:32:11.0 UTC-06:00,2025-03-31 12:32:14.0 UTC-06:00,16,1.2,1.4,466230.063,4312045.505,2470.689,-105.3897522,38.95671563,2456.697,65.748,,NAD83(2011) / UTM zone 13N + NAVD88(GEOID18) height,9,6,7,5,0,
268,,466216.983,4311982.494,2455.048,2435.048,,-105.3899001,38.95614732,2441.056,Global,0.01,0.01,0.01,0.015,1.934,m,FIX,2025-03-31 12:32:28.2 UTC-06:00,2025-03-31 12:32:31.2 UTC-06:00,16,1.3,1.5,466230.063,4312045.505,2470.689,-105.3897522,38.95671563,2456.697,65.849,,NAD83(2011) / UTM zone 13N + NAVD88(GEOID18) height,7,6,7,5,0,
269,,466216.784,4311982.46,2455.015,2435.015,,-105.3899024,38.95614701,2441.022,Global,0.01,0.01,0.011,0.015,1.934,m,FIX,2025-03-31 12:32:44.8 UTC-06:00,2025-03-31 12:32:47.8 UTC-06:00,16,1.3,1.6,466230.063,4312045.505,2470.689,-105.3897522,38.95671563,2456.697,65.925,,NAD83(2011) / UTM zone 13N + NAVD88(GEOID18) height,8,6,7,5,0,
270,,466216.593,4311982.382,2455.06,2435.06,,-105.3899046,38.9561463,2441.068,Global,0.01,0.011,0.01,0.015,1.934,m,FIX,2025-03-31 12:33:01.6 UTC-06:00,2025-03-31 12:33:04.6 UTC-06:00,16,1.2,1.4,466230.063,4312045.505,2470.689,-105.3897522,38.95671563,2456.697,66.026,,NAD83(2011) / UTM zone 13N + NAVD88(GEOID18) height,9,6,7,5,0,
271,,466216.412,4311982.277,2455.154,2435.154,,-105.3899067,38.95614535,2441.162,Global,0.01,0.01,0.01,0.015,1.934,m,FIX,2025-03-31 12:33:35.8 UTC-06:00,2025-03-31 12:33:38.8 UTC-06:00,16,1.2,1.4,466230.063,4312045.505,2470.689,-105.3897522,38.95671563,2456.697,66.154,,NAD83(2011) / UTM zone 13N + NAVD88(GEOID18) height,9,6,7,6,0,
272,,466216.201,4311982.256,2455.211,2435.211,,-105.3899091,38.95614515,2441.219,Global,0.01,0.01,0.01,0.014,1.934,m,FIX,2025-03-31 12:33:54.0 UTC-06:00,2025-03-31 12:33:57.0 UTC-06:00,16,1.2,1.4,466230.063,4312045.505,2470.689,-105.3897522,38.95671563,2456.697,66.197,,NAD83(2011) / UTM zone 13N + NAVD88(GEOID18) height,8,6,7,6,0,
273,,466216.002,4311982.203,2455.122,2435.122,,-105.3899114,38.95614467,2441.13,Global,0.01,0.011,0.01,0.015,1.934,m,FIX,2025-03-31 12:34:14.8 UTC-06:00,2025-03-31 12:34:17.8 UTC-06:00,16,1.3,1.5,466230.063,4312045.505,2470.689,-105.3897522,38.95671563,2456.697,66.314,,NAD83(2011) / UTM zone 13N + NAVD88(GEOID18) height,9,6,7,6,0,
274,,466215.799,4311982.159,2455.174,2435.174,,-105.3899137,38.95614426,2441.182,Global,0.011,0.01,0.01,0.015,1.934,m,FIX,2025-03-31 12:34:46.6 UTC-06:00,2025-03-31 12:34:49.6 UTC-06:00,16,1.2,1.4,466230.063,4312045.505,2470.689,-105.3897522,38.95671563,2456.697,66.386,,NAD83(2011) / UTM zone 13N + NAVD88(GEOID18) height,8,6,7,6,0,
275,,466215.604,4311982.11,2455.148,2435.148,,-105.389916,38.95614381,2441.156,Global,0.011,0.012,0.011,0.016,1.934,m,FIX,2025-03-31 12:34:59.0 UTC-06:00,2025-03-31 12:35:02.0 UTC-06:00,16,1.2,1.4,466230.063,4312045.505,2470.689,-105.3897522,38.95671563,2456.697,66.481,,NAD83(2011) / UTM zone 13N + NAVD88(GEOID18) height,8,6,7,6,0,
276,,466215.394,4311982.056,2455.157,2435.157,,-105.3899184,38.95614331,2441.165,Global,0.01,0.01,0.01,0.015,1.934,m,FIX,2025-03-31 12:35:15.0 UTC-06:00,2025-03-31 12:35:18.0 UTC-06:00,16,1.2,1.4,466230.063,4312045.505,2470.689,-105.3897522,38.95671563,2456.697,66.576,,NAD83(2011) / UTM zone 13N + NAVD88(GEOID18) height,8,6,7,6,0,
277,,466215.209,4311982.04,2455.101,2435.101,,-105.3899205,38.95614316,2441.109,Global,0.011,0.01,0.011,0.015,1.934,m,FIX,2025-03-31 12:35:28.0 UTC-06:00,2025-03-31 12:35:31.0 UTC-06:00,16,1.2,1.4,466230.063,4312045.505,2470.689,-105.3897522,38.95671563,2456.697,66.64,,NAD83(2011) / UTM zone 13N + NAVD88(GEOID18) height,8,6,7,6,0,
278,,466215.022,4311982.015,2455.079,2435.079,,-105.3899227,38.95614293,2441.087,Global,0.01,0.01,0.01,0.014,1.934,m,FIX,2025-03-31 12:35:41.6 UTC-06:00,2025-03-31 12:35:44.6 UTC-06:00,16,1.2,1.4,466230.063,4312045.505,2470.689,-105.3897522,38.95671563,2456.697,66.712,,NAD83(2011) / UTM zone 13N + NAVD88(GEOID18) height,8,6,7,6,0,
279,,466214.792,4311981.955,2455.318,2435.318,,-105.3899253,38.95614238,2441.326,Global,0.011,0.01,0.012,0.015,1.934,m,FIX,2025-03-31 12:36:14.6 UTC-06:00,2025-03-31 12:36:17.6 UTC-06:00,16,1.2,1.5,466230.063,4312045.505,2470.689,-105.3897522,38.95671563,2456.697,66.777,,NAD83(2011) / UTM zone 13N + NAVD88(GEOID18) height,8,6,7,6,0,
280,,466214.623,4311981.934,2455.648,2435.648,,-105.3899273,38.95614219,2441.656,Global,0.011,0.015,0.014,0.019,1.934,m,FIX,2025-03-31 12:37:01.0 UTC-06:00,2025-03-31 12:37:04.0 UTC-06:00,16,1.2,1.4,466230.063,4312045.505,2470.689,-105.3897522,38.95671563,2456.697,66.778,,NAD83(2011) / UTM zone 13N + NAVD88(GEOID18) height,8,6,7,6,0,
281,,466214.365,4311981.895,2455.603,2435.603,,-105.3899303,38.95614183,2441.611,Global,0.012,0.011,0.011,0.016,1.934,m,FIX,2025-03-31 12:37:19.8 UTC-06:00,2025-03-31 12:37:22.8 UTC-06:00,16,1.2,1.4,466230.063,4312045.505,2470.689,-105.3897522,38.95671563,2456.697,66.867,,NAD83(2011) / UTM zone 13N + NAVD88(GEOID18) height,7,6,7,6,0,
282,,466214.246,4311981.866,2455.587,2435.587,,-105.3899316,38.95614156,2441.594,Global,0.02,0.014,0.01,0.024,1.934,m,FIX,2025-03-31 12:37:39.0 UTC-06:00,2025-03-31 12:37:42.0 UTC-06:00,16,1.2,1.4,466230.063,4312045.505,2470.689,-105.3897522,38.95671563,2456.697,66.932,,NAD83(2011) / UTM zone 13N + NAVD88(GEOID18) height,8,6,7,6,0,
283,,466213.99,4311981.902,2455.106,2435.106,,-105.3899346,38.95614187,2441.114,Global,0.01,0.011,0.01,0.015,1.934,m,FIX,2025-03-31 12:37:59.0 UTC-06:00,2025-03-31 12:38:02.0 UTC-06:00,16,1.2,1.4,466230.063,4312045.505,2470.689,-105.3897522,38.95671563,2456.697,67.051,,NAD83(2011) / UTM zone 13N + NAVD88(GEOID18) height,7,6,7,6,0,
284,,466213.814,4311981.881,2455.117,2435.117,,-105.3899366,38.95614168,2441.124,Global,0.01,0.011,0.01,0.015,1.934,m,FIX,2025-03-31 12:38:12.0 UTC-06:00,2025-03-31 12:38:15.0 UTC-06:00,16,1.2,1.4,466230.063,4312045.505,2470.689,-105.3897522,38.95671563,2456.697,67.125,,NAD83(2011) / UTM zone 13N + NAVD88(GEOID18) height,8,6,7,6,0,
285,,466213.589,4311981.845,2455.124,2435.124,,-105.3899392,38.95614135,2441.132,Global,0.01,0.01,0.01,0.014,1.934,m,FIX,2025-03-31 12:38:28.2 UTC-06:00,2025-03-31 12:38:31.2 UTC-06:00,16,1.2,1.4,466230.063,4312045.505,2470.689,-105.3897522,38.95671563,2456.697,67.204,,NAD83(2011) / UTM zone 13N + NAVD88(GEOID18) height,7,6,7,6,0,
286,,466213.347,4311981.811,2455.146,2435.146,,-105.389942,38.95614103,2441.154,Global,0.01,0.01,0.011,0.014,1.934,m,FIX,2025-03-31 12:38:44.6 UTC-06:00,2025-03-31 12:38:47.6 UTC-06:00,16,1.2,1.4,466230.063,4312045.505,2470.689,-105.3897522,38.95671563,2456.697,67.293,,NAD83(2011) / UTM zone 13N + NAVD88(GEOID18) height,7,6,7,6,0,
287,,466213.237,4311981.801,2455.16,2435.16,,-105.3899433,38.95614094,2441.168,Global,0.01,0.01,0.011,0.015,1.934,m,FIX,2025-03-31 12:38:57.0 UTC-06:00,2025-03-31 12:39:00.0 UTC-06:00,16,1.2,1.4,466230.063,4312045.505,2470.689,-105.3897522,38.95671563,2456.697,67.324,,NAD83(2011) / UTM zone 13N + NAVD88(GEOID18) height,7,6,7,6,0,
288,,466213.039,4311981.73,2455.155,2435.155,,-105.3899456,38.95614028,2441.162,Global,0.01,0.011,0.013,0.015,1.934,m,FIX,2025-03-31 12:39:26.6 UTC-06:00,2025-03-31 12:39:29.6 UTC-06:00,16,1.2,1.4,466230.063,4312045.505,2470.689,-105.3897522,38.95671563,2456.697,67.437,,NAD83(2011) / UTM zone 13N + NAVD88(GEOID18) height,8,6,7,6,0,
289,,466212.845,4311981.675,2455.17,2435.17,,-105.3899478,38.95613978,2441.178,Global,0.01,0.01,0.011,0.014,1.934,m,FIX,2025-03-31 12:39:44.8 UTC-06:00,2025-03-31 12:39:47.8 UTC-06:00,16,1.2,1.4,466230.063,4312045.505,2470.689,-105.3897522,38.95671563,2456.697,67.546,,NAD83(2011) / UTM zone 13N + NAVD88(GEOID18) height,7,6,7,6,0,
290,,466212.617,4311981.652,2455.118,2435.118,,-105.3899504,38.95613957,2441.126,Global,0.011,0.01,0.012,0.015,1.934,m,FIX,2025-03-31 12:39:59.0 UTC-06:00,2025-03-31 12:40:02.0 UTC-06:00,16,1.3,1.5,466230.063,4312045.505,2470.689,-105.3897522,38.95671563,2456.697,67.635,,NAD83(2011) / UTM zone 13N + NAVD88(GEOID18) height,7,6,7,6,0,
291,,466212.439,4311981.593,2455.067,2435.067,,-105.3899525,38.95613903,2441.075,Global,0.011,0.01,0.01,0.015,1.934,m,FIX,2025-03-31 12:40:14.6 UTC-06:00,2025-03-31 12:40:17.6 UTC-06:00,16,1.2,1.4,466230.063,4312045.505,2470.689,-105.3897522,38.95671563,2456.697,67.745,,NAD83(2011) / UTM zone 13N + NAVD88(GEOID18) height,8,6,7,6,0,
292,,466212.244,4311981.623,2455.053,2435.053,,-105.3899547,38.95613929,2441.061,Global,0.01,0.01,0.011,0.014,1.934,m,FIX,2025-03-31 12:40:30.0 UTC-06:00,2025-03-31 12:40:33.0 UTC-06:00,16,1.3,1.5,466230.063,4312045.505,2470.689,-105.3897522,38.95671563,2456.697,67.768,,NAD83(2011) / UTM zone 13N + NAVD88(GEOID18) height,7,6,7,6,0,
293,,466212.082,4311981.544,2455.064,2435.064,,-105.3899566,38.95613857,2441.072,Global,0.01,0.01,0.01,0.014,1.934,m,FIX,2025-03-31 12:40:45.8 UTC-06:00,2025-03-31 12:40:48.8 UTC-06:00,16,1.2,1.4,466230.063,4312045.505,2470.689,-105.3897522,38.95671563,2456.697,67.888,,NAD83(2011) / UTM zone 13N + NAVD88(GEOID18) height,7,6,7,6,0,
294,,466211.838,4311981.489,2455.034,2435.034,,-105.3899594,38.95613807,2441.042,Global,0.01,0.012,0.011,0.016,1.934,m,FIX,2025-03-31 12:41:00.8 UTC-06:00,2025-03-31 12:41:03.8 UTC-06:00,16,1.2,1.4,466230.063,4312045.505,2470.689,-105.3897522,38.95671563,2456.697,68.017,,NAD83(2011) / UTM zone 13N + NAVD88(GEOID18) height,7,6,7,6,0,
295,,466211.68,4311981.462,2455.052,2435.052,,-105.3899612,38.95613782,2441.06,Global,0.01,0.01,0.011,0.015,1.934,m,FIX,2025-03-31 12:41:14.4 UTC-06:00,2025-03-31 12:41:17.4 UTC-06:00,16,1.2,1.4,466230.063,4312045.505,2470.689,-105.3897522,38.95671563,2456.697,68.072,,NAD83(2011) / UTM zone 13N + NAVD88(GEOID18) height,8,6,7,6,0,
296,,466211.477,4311981.463,2455.014,2435.014,,-105.3899636,38.95613783,2441.022,Global,0.01,0.01,0.011,0.014,1.934,m,FIX,2025-03-31 12:41:26.0 UTC-06:00,2025-03-31 12:41:29.0 UTC-06:00,16,1.2,1.4,466230.063,4312045.505,2470.689,-105.3897522,38.95671563,2456.697,68.135,,NAD83(2011) / UTM zone 13N + NAVD88(GEOID18) height,7,6,7,6,0,
297,,466211.241,4311981.379,2455.06,2435.06,,-105.3899663,38.95613706,2441.067,Global,0.01,0.011,0.012,0.015,1.934,m,FIX,2025-03-31 12:41:43.2 UTC-06:00,2025-03-31 12:41:46.2 UTC-06:00,16,1.2,1.4,466230.063,4312045.505,2470.689,-105.3897522,38.95671563,2456.697,68.267,,NAD83(2011) / UTM zone 13N + NAVD88(GEOID18) height,7,6,7,6,0,
298,,466211.06,4311981.371,2455.052,2435.052,,-105.3899684,38.95613698,2441.06,Global,0.01,0.011,0.01,0.015,1.934,m,FIX,2025-03-31 12:42:01.0 UTC-06:00,2025-03-31 12:42:04.0 UTC-06:00,16,1.2,1.4,466230.063,4312045.505,2470.689,-105.3897522,38.95671563,2456.697,68.322,,NAD83(2011) / UTM zone 13N + NAVD88(GEOID18) height,7,6,7,6,0,
299,,466210.856,4311981.32,2455.044,2435.044,,-105.3899707,38.95613651,2441.052,Global,0.011,0.011,0.01,0.016,1.934,m,FIX,2025-03-31 12:42:21.2 UTC-06:00,2025-03-31 12:42:24.2 UTC-06:00,16,1.2,1.4,466230.063,4312045.505,2470.689,-105.3897522,38.95671563,2456.697,68.445,,NAD83(2011) / UTM zone 13N + NAVD88(GEOID18) height,8,6,7,6,0,
300,,466210.643,4311981.322,2455.078,2435.078,,-105.3899732,38.95613652,2441.086,Global,0.01,0.011,0.011,0.015,1.934,m,FIX,2025-03-31 12:42:37.2 UTC-06:00,2025-03-31 12:42:40.2 UTC-06:00,16,1.3,1.5,466230.063,4312045.505,2470.689,-105.3897522,38.95671563,2456.697,68.482,,NAD83(2011) / UTM zone 13N + NAVD88(GEOID18) height,7,6,7,6,0,
301,,466210.477,4311981.27,2455.134,2435.134,,-105.3899751,38.95613605,2441.142,Global,0.01,0.01,0.01,0.015,1.934,m,FIX,2025-03-31 12:42:53.6 UTC-06:00,2025-03-31 12:42:56.6 UTC-06:00,16,1.2,1.4,466230.063,4312045.505,2470.689,-105.3897522,38.95671563,2456.697,68.57,,NAD83(2011) / UTM zone 13N + NAVD88(GEOID18) height,7,6,7,6,0,
302,,466210.246,4311981.231,2455.154,2435.154,,-105.3899778,38.95613569,2441.162,Global,0.01,0.011,0.011,0.015,1.934,m,FIX,2025-03-31 12:43:13.0 UTC-06:00,2025-03-31 12:43:16.0 UTC-06:00,16,1.2,1.4,466230.063,4312045.505,2470.689,-105.3897522,38.95671563,2456.697,68.667,,NAD83(2011) / UTM zone 13N + NAVD88(GEOID18) height,8,6,7,6,0,
303,,466210.103,4311981.211,2455.133,2435.133,,-105.3899794,38.9561355,2441.141,Global,0.011,0.01,0.012,0.015,1.934,m,FIX,2025-03-31 12:43:25.2 UTC-06:00,2025-03-31 12:43:28.2 UTC-06:00,16,1.2,1.4,466230.063,4312045.505,2470.689,-105.3897522,38.95671563,2456.697,68.733,,NAD83(2011) / UTM zone 13N + NAVD88(GEOID18) height,7,6,7,6,0,
304,,466209.846,4311981.179,2455.183,2435.183,,-105.3899824,38.9561352,2441.191,Global,0.01,0.01,0.012,0.014,1.934,m,FIX,2025-03-31 12:43:40.2 UTC-06:00,2025-03-31 12:43:43.2 UTC-06:00,16,1.2,1.4,466230.063,4312045.505,2470.689,-105.3897522,38.95671563,2456.697,68.834,,NAD83(2011) / UTM zone 13N + NAVD88(GEOID18) height,7,6,7,6,0,
305,,466209.661,4311981.146,2455.222,2435.222,,-105.3899845,38.9561349,2441.23,Global,0.01,0.01,0.01,0.014,1.934,m,FIX,2025-03-31 12:44:00.6 UTC-06:00,2025-03-31 12:44:03.6 UTC-06:00,16,1.2,1.4,466230.063,4312045.505,2470.689,-105.3897522,38.95671563,2456.697,68.912,,NAD83(2011) / UTM zone 13N + NAVD88(GEOID18) height,9,6,7,6,0,
306,,466209.447,4311981.161,2455.25,2435.25,,-105.389987,38.95613502,2441.258,Global,0.01,0.01,0.01,0.014,1.934,m,FIX,2025-03-31 12:44:17.2 UTC-06:00,2025-03-31 12:44:20.2 UTC-06:00,16,1.2,1.4,466230.063,4312045.505,2470.689,-105.3897522,38.95671563,2456.697,68.954,,NAD83(2011) / UTM zone 13N + NAVD88(GEOID18) height,7,6,7,6,0,
307,,466209.259,4311981.087,2455.337,2435.337,,-105.3899892,38.95613435,2441.344,Global,0.01,0.011,0.011,0.015,1.934,m,FIX,2025-03-31 12:44:44.6 UTC-06:00,2025-03-31 12:44:47.6 UTC-06:00,16,1.2,1.4,466230.063,4312045.505,2470.689,-105.3897522,38.95671563,2456.697,69.065,,NAD83(2011) / UTM zone 13N + NAVD88(GEOID18) height,7,6,7,6,0,
308,,466208.908,4311981.201,2455.866,2435.866,,-105.3899932,38.95613536,2441.874,Global,0.01,0.01,0.011,0.014,1.934,m,FIX,2025-03-31 12:45:24.4 UTC-06:00,2025-03-31 12:45:27.4 UTC-06:00,16,1.2,1.4,466230.063,4312045.505,2470.689,-105.3897522,38.95671563,2456.697,68.96,,NAD83(2011) / UTM zone 13N + NAVD88(GEOID18) height,9,6,7,6,0,
309,,466209.078,4311981.21,2455.501,2435.501,,-105.3899913,38.95613545,2441.509,Global,0.01,0.01,0.011,0.014,1.934,m,FIX,2025-03-31 12:46:16.8 UTC-06:00,2025-03-31 12:46:19.8 UTC-06:00,16,1.2,1.4,466230.063,4312045.505,2470.689,-105.3897522,38.95671563,2456.697,68.97,,NAD83(2011) / UTM zone 13N + NAVD88(GEOID18) height,7,6,7,6,0,
310,,466208.864,4311981.188,2455.878,2435.878,,-105.3899937,38.95613524,2441.886,Global,0.01,0.011,0.01,0.015,1.934,m,FIX,2025-03-31 12:46:53.6 UTC-06:00,2025-03-31 12:46:56.6 UTC-06:00,16,1.2,1.4,466230.063,4312045.505,2470.689,-105.3897522,38.95671563,2456.697,68.986,,NAD83(2011) / UTM zone 13N + NAVD88(GEOID18) height,8,6,7,6,0,
311,,466208.672,4311981.143,2455.914,2435.914,,-105.3899959,38.95613483,2441.922,Global,0.01,0.01,0.013,0.015,1.934,m,FIX,2025-03-31 12:47:28.8 UTC-06:00,2025-03-31 12:47:31.8 UTC-06:00,16,1.2,1.4,466230.063,4312045.505,2470.689,-105.3897522,38.95671563,2456.697,69.076,,NAD83(2011) / UTM zone 13N + NAVD88(GEOID18) height,7,6,7,6,0,
312,,466208.481,4311981.125,2455.903,2435.903,,-105.3899981,38.95613466,2441.911,Global,0.011,0.01,0.01,0.015,1.934,m,FIX,2025-03-31 12:47:40.0 UTC-06:00,2025-03-31 12:47:43.0 UTC-06:00,16,1.2,1.4,466230.063,4312045.505,2470.689,-105.3897522,38.95671563,2456.697,69.156,,NAD83(2011) / UTM zone 13N + NAVD88(GEOID18) height,7,6,7,6,0,
313,,466208.288,4311981.092,2455.887,2435.887,,-105.3900004,38.95613436,2441.895,Global,0.01,0.01,0.011,0.014,1.934,m,FIX,2025-03-31 12:47:58.4 UTC-06:00,2025-03-31 12:48:01.4 UTC-06:00,16,1.2,1.4,466230.063,4312045.505,2470.689,-105.3897522,38.95671563,2456.697,69.249,,NAD83(2011) / UTM zone 13N + NAVD88(GEOID18) height,7,6,7,6,0,
314,,466208.089,4311981.054,2455.922,2435.922,,-105.3900027,38.956134,2441.93,Global,0.015,0.012,0.011,0.02,1.934,m,FIX,2025-03-31 12:48:24.0 UTC-06:00,2025-03-31 12:48:27.0 UTC-06:00,16,1.2,1.4,466230.063,4312045.505,2470.689,-105.3897522,38.95671563,2456.697,69.339,,NAD83(2011) / UTM zone 13N + NAVD88(GEOID18) height,7,6,7,6,0,
315,,466207.894,4311981.037,2455.919,2435.919,,-105.3900049,38.95613385,2441.927,Global,0.01,0.01,0.012,0.015,1.934,m,FIX,2025-03-31 12:48:45.8 UTC-06:00,2025-03-31 12:48:48.8 UTC-06:00,16,1.2,1.4,466230.063,4312045.505,2470.689,-105.3897522,38.95671563,2456.697,69.422,,NAD83(2011) / UTM zone 13N + NAVD88(GEOID18) height,7,6,7,6,0,
316,,466207.701,4311980.979,2455.928,2435.928,,-105.3900071,38.95613331,2441.936,Global,0.011,0.01,0.014,0.015,1.934,m,FIX,2025-03-31 12:49:06.0 UTC-06:00,2025-03-31 12:49:09.0 UTC-06:00,16,1.2,1.4,466230.063,4312045.505,2470.689,-105.3897522,38.95671563,2456.697,69.538,,NAD83(2011) / UTM zone 13N + NAVD88(GEOID18) height,7,6,7,6,0,
317,,466207.512,4311980.913,2455.783,2435.783,,-105.3900093,38.95613271,2441.791,Global,0.011,0.011,0.011,0.016,1.934,m,FIX,2025-03-31 12:49:33.4 UTC-06:00,2025-03-31 12:49:36.4 UTC-06:00,16,1.2,1.4,466230.063,4312045.505,2470.689,-105.3897522,38.95671563,2456.697,69.679,,NAD83(2011) / UTM zone 13N + NAVD88(GEOID18) height,8,6,7,6,0,
318,,466207.328,4311980.907,2455.716,2435.716,,-105.3900114,38.95613265,2441.723,Global,0.012,0.011,0.01,0.016,1.934,m,FIX,2025-03-31 12:49:49.4 UTC-06:00,2025-03-31 12:49:52.4 UTC-06:00,16,1.2,1.4,466230.063,4312045.505,2470.689,-105.3897522,38.95671563,2456.697,69.771,,NAD83(2011) / UTM zone 13N + NAVD88(GEOID18) height,7,6,7,6,0,
319,,466207.119,4311980.857,2455.613,2435.613,,-105.3900138,38.9561322,2441.621,Global,0.01,0.01,0.013,0.015,1.934,m,FIX,2025-03-31 12:50:07.6 UTC-06:00,2025-03-31 12:50:10.6 UTC-06:00,16,1.2,1.4,466230.063,4312045.505,2470.689,-105.3897522,38.95671563,2456.697,69.894,,NAD83(2011) / UTM zone 13N + NAVD88(GEOID18) height,7,6,7,6,0,
320,,466206.926,4311980.868,2455.516,2435.516,,-105.3900161,38.95613228,2441.523,Global,0.011,0.01,0.011,0.015,1.934,m,FIX,2025-03-31 12:50:28.4 UTC-06:00,2025-03-31 12:50:31.4 UTC-06:00,16,1.2,1.4,466230.063,4312045.505,2470.689,-105.3897522,38.95671563,2456.697,69.98,,NAD83(2011) / UTM zone 13N + NAVD88(GEOID18) height,8,6,7,6,0,
321,,466206.721,4311980.788,2455.487,2435.487,,-105.3900184,38.95613155,2441.495,Global,0.011,0.01,0.01,0.015,1.934,m,FIX,2025-03-31 12:50:51.8 UTC-06:00,2025-03-31 12:50:54.8 UTC-06:00,16,1.2,1.4,466230.063,4312045.505,2470.689,-105.3897522,38.95671563,2456.697,70.114,,NAD83(2011) / UTM zone 13N + NAVD88(GEOID18) height,7,6,7,6,0,
322,,466206.537,4311980.723,2455.467,2435.467,,-105.3900206,38.95613097,2441.475,Global,0.01,0.01,0.01,0.014,1.934,m,FIX,2025-03-31 12:51:10.4 UTC-06:00,2025-03-31 12:51:13.4 UTC-06:00,16,1.2,1.4,466230.063,4312045.505,2470.689,-105.3897522,38.95671563,2456.697,70.243,,NAD83(2011) / UTM zone 13N + NAVD88(GEOID18) height,7,6,7,6,0,
323,,466206.356,4311980.701,2455.48,2435.48,,-105.3900226,38.95613076,2441.488,Global,0.011,0.011,0.01,0.015,1.934,m,FIX,2025-03-31 12:51:34.0 UTC-06:00,2025-03-31 12:51:37.0 UTC-06:00,16,1.2,1.4,466230.063,4312045.505,2470.689,-105.3897522,38.95671563,2456.697,70.319,,NAD83(2011) / UTM zone 13N + NAVD88(GEOID18) height,7,6,7,6,0,
324,,466206.133,4311980.666,2455.528,2435.528,,-105.3900252,38.95613043,2441.536,Global,0.011,0.011,0.011,0.015,1.934,m,FIX,2025-03-31 12:52:02.2 UTC-06:00,2025-03-31 12:52:05.2 UTC-06:00,16,1.2,1.4,466230.063,4312045.505,2470.689,-105.3897522,38.95671563,2456.697,70.427,,NAD83(2011) / UTM zone 13N + NAVD88(GEOID18) height,6,6,7,6,0,
325,,466205.9,4311980.614,2455.551,2435.551,,-105.3900279,38.95612995,2441.559,Global,0.011,0.011,0.01,0.015,1.934,m,FIX,2025-03-31 12:52:19.8 UTC-06:00,2025-03-31 12:52:22.8 UTC-06:00,16,1.2,1.4,466230.063,4312045.505,2470.689,-105.3897522,38.95671563,2456.697,70.541,,NAD83(2011) / UTM zone 13N + NAVD88(GEOID18) height,5,6,7,6,0,
326,,466205.712,4311980.58,2455.529,2435.529,,-105.3900301,38.95612964,2441.537,Global,0.011,0.01,0.011,0.015,1.934,m,FIX,2025-03-31 12:52:33.2 UTC-06:00,2025-03-31 12:52:36.2 UTC-06:00,16,1.2,1.4,466230.063,4312045.505,2470.689,-105.3897522,38.95671563,2456.697,70.643,,NAD83(2011) / UTM zone 13N + NAVD88(GEOID18) height,6,6,7,6,0,
327,,466205.484,4311980.547,2455.519,2435.519,,-105.3900327,38.95612934,2441.527,Global,0.01,0.01,0.011,0.015,1.934,m,FIX,2025-03-31 12:52:52.6 UTC-06:00,2025-03-31 12:52:55.6 UTC-06:00,16,1.2,1.4,466230.063,4312045.505,2470.689,-105.3897522,38.95671563,2456.697,70.757,,NAD83(2011) / UTM zone 13N + NAVD88(GEOID18) height,6,6,7,6,0,
328,,466205.339,4311980.5,2455.54,2435.54,,-105.3900344,38.95612891,2441.547,Global,0.01,0.01,0.013,0.015,1.934,m,FIX,2025-03-31 12:53:10.2 UTC-06:00,2025-03-31 12:53:13.2 UTC-06:00,16,1.2,1.4,466230.063,4312045.505,2470.689,-105.3897522,38.95671563,2456.697,70.848,,NAD83(2011) / UTM zone 13N + NAVD88(GEOID18) height,7,6,7,6,0,
329,,466205.14,4311980.452,2455.632,2435.632,,-105.3900367,38.95612846,2441.64,Global,0.014,0.01,0.011,0.017,1.934,m,FIX,2025-03-31 12:53:25.6 UTC-06:00,2025-03-31 12:53:28.6 UTC-06:00,16,1.2,1.4,466230.063,4312045.505,2470.689,-105.3897522,38.95671563,2456.697,70.94,,NAD83(2011) / UTM zone 13N + NAVD88(GEOID18) height,7,6,7,6,0,
330,,466204.914,4311980.428,2455.68,2435.68,,-105.3900393,38.95612824,2441.688,Global,0.01,0.01,0.012,0.015,1.934,m,FIX,2025-03-31 12:53:40.4 UTC-06:00,2025-03-31 12:53:43.4 UTC-06:00,16,1.2,1.4,466230.063,4312045.505,2470.689,-105.3897522,38.95671563,2456.697,71.03,,NAD83(2011) / UTM zone 13N + NAVD88(GEOID18) height,7,6,7,6,0,
331,,466204.743,4311980.39,2455.694,2435.694,,-105.3900412,38.95612789,2441.702,Global,0.01,0.01,0.012,0.015,1.934,m,FIX,2025-03-31 12:53:57.0 UTC-06:00,2025-03-31 12:54:00.0 UTC-06:00,16,1.2,1.4,466230.063,4312045.505,2470.689,-105.3897522,38.95671563,2456.697,71.129,,NAD83(2011) / UTM zone 13N + NAVD88(GEOID18) height,7,6,7,6,0,
332,,466204.514,4311980.372,2455.704,2435.704,,-105.3900439,38.95612772,2441.712,Global,0.01,0.01,0.011,0.015,1.934,m,FIX,2025-03-31 12:54:16.0 UTC-06:00,2025-03-31 12:54:19.0 UTC-06:00,16,1.2,1.4,466230.063,4312045.505,2470.689,-105.3897522,38.95671563,2456.697,71.224,,NAD83(2011) / UTM zone 13N + NAVD88(GEOID18) height,7,6,7,6,0,
333,,466204.325,4311980.306,2455.774,2435.774,,-105.3900461,38.95612712,2441.782,Global,0.011,0.01,0.011,0.015,1.934,m,FIX,2025-03-31 12:54:35.0 UTC-06:00,2025-03-31 12:54:38.0 UTC-06:00,16,1.3,1.5,466230.063,4312045.505,2470.689,-105.3897522,38.95671563,2456.697,71.337,,NAD83(2011) / UTM zone 13N + NAVD88(GEOID18) height,8,6,7,6,0,
334,,466204.166,4311980.262,2455.941,2435.941,,-105.3900479,38.95612672,2441.949,Global,0.011,0.011,0.011,0.015,1.934,m,FIX,2025-03-31 12:54:58.8 UTC-06:00,2025-03-31 12:55:01.8 UTC-06:00,16,1.2,1.5,466230.063,4312045.505,2470.689,-105.3897522,38.95671563,2456.697,71.402,,NAD83(2011) / UTM zone 13N + NAVD88(GEOID18) height,7,6,7,6,0,
335,,466203.98,4311980.255,2456.046,2436.046,,-105.39005,38.95612665,2442.054,Global,0.016,0.011,0.01,0.019,1.934,m,FIX,2025-03-31 12:55:18.6 UTC-06:00,2025-03-31 12:55:21.6 UTC-06:00,16,1.2,1.4,466230.063,4312045.505,2470.689,-105.3897522,38.95671563,2456.697,71.471,,NAD83(2011) / UTM zone 13N + NAVD88(GEOID18) height,8,6,7,6,0,
336,,466203.776,4311980.236,2456.099,2436.099,,-105.3900524,38.95612647,2442.107,Global,0.012,0.013,0.011,0.018,1.934,m,FIX,2025-03-31 12:55:45.4 UTC-06:00,2025-03-31 12:55:48.4 UTC-06:00,16,1.2,1.4,466230.063,4312045.505,2470.689,-105.3897522,38.95671563,2456.697,71.536,,NAD83(2011) / UTM zone 13N + NAVD88(GEOID18) height,8,6,7,6,0,
337,,466203.573,4311980.235,2456.488,2436.488,,-105.3900547,38.95612646,2442.496,Global,0.012,0.012,0.014,0.017,1.934,m,FIX,2025-03-31 13:00:35.2 UTC-06:00,2025-03-31 13:01:05.2 UTC-06:00,151,1.4,1.6,466230.063,4312045.505,2470.689,-105.3897522,38.95671563,2456.697,71.555,,NAD83(2011) / UTM zone 13N + NAVD88(GEOID18) height,9,6,7,6,0,
338,,466203.574,4311980.238,2456.477,2436.477,,-105.3900547,38.95612648,2442.485,Global,0.01,0.011,0.01,0.015,1.934,m,FIX,2025-03-31 13:01:45.4 UTC-06:00,2025-03-31 13:01:48.4 UTC-06:00,16,1.3,1.6,466230.063,4312045.505,2470.689,-105.3897522,38.95671563,2456.697,71.551,,NAD83(2011) / UTM zone 13N + NAVD88(GEOID18) height,8,6,7,6,0,
339,,466203.563,4311980.068,2456.147,2436.147,,-105.3900548,38.95612494,2442.155,Global,0.011,0.01,0.012,0.015,1.934,m,FIX,2025-03-31 13:02:19.4 UTC-06:00,2025-03-31 13:02:22.4 UTC-06:00,16,1.3,1.5,466230.063,4312045.505,2470.689,-105.3897522,38.95671563,2456.697,71.769,,NAD83(2011) / UTM zone 13N + NAVD88(GEOID18) height,8,6,7,6,0,
340,,466203.696,4311980.224,2456.134,2436.134,,-105.3900533,38.95612636,2442.142,Global,0.01,0.01,0.011,0.014,1.934,m,FIX,2025-03-31 13:02:57.8 UTC-06:00,2025-03-31 13:03:00.8 UTC-06:00,16,1.3,1.6,466230.063,4312045.505,2470.689,-105.3897522,38.95671563,2456.697,71.578,,NAD83(2011) / UTM zone 13N + NAVD88(GEOID18) height,8,6,7,6,0,
341,,466203.582,4311980.365,2456.134,2436.134,,-105.3900546,38.95612763,2442.142,Global,0.01,0.01,0.013,0.015,1.934,m,FIX,2025-03-31 13:03:18.8 UTC-06:00,2025-03-31 13:03:21.8 UTC-06:00,16,1.2,1.5,466230.063,4312045.505,2470.689,-105.3897522,38.95671563,2456.697,71.492,,NAD83(2011) / UTM zone 13N + NAVD88(GEOID18) height,8,6,7,6,0,
342,,466203.373,4311980.212,2456.166,2436.166,,-105.390057,38.95612624,2442.174,Global,0.011,0.011,0.013,0.015,1.934,m,FIX,2025-03-31 13:03:37.0 UTC-06:00,2025-03-31 13:03:40.0 UTC-06:00,16,1.2,1.4,466230.063,4312045.505,2470.689,-105.3897522,38.95671563,2456.697,71.709,,NAD83(2011) / UTM zone 13N + NAVD88(GEOID18) height,8,6,7,6,0,
343,,466203.488,4311980.191,2456.15,2436.15,,-105.3900557,38.95612605,2442.158,Global,0.011,0.01,0.012,0.015,1.934,m,FIX,2025-03-31 13:04:18.4 UTC-06:00,2025-03-31 13:04:21.4 UTC-06:00,16,1.1,1.3,466230.063,4312045.505,2470.689,-105.3897522,38.95671563,2456.697,71.686,,NAD83(2011) / UTM zone 13N + NAVD88(GEOID18) height,8,6,7,6,0,
344,,466203.561,4311980.231,2456.492,2436.492,,-105.3900549,38.95612642,2442.5,Global,0.011,0.01,0.013,0.015,1.934,m,FIX,2025-03-31 13:04:48.0 UTC-06:00,2025-03-31 13:04:51.0 UTC-06:00,16,1.2,1.4,466230.063,4312045.505,2470.689,-105.3897522,38.95671563,2456.697,71.563,,NAD83(2011) / UTM zone 13N + NAVD88(GEOID18) height,8,6,7,6,0,
345,,466203.123,4311980.171,2456.228,2436.228,,-105.3900599,38.95612586,2442.236,Global,0.01,0.011,0.011,0.015,1.934,m,FIX,2025-03-31 13:06:07.2 UTC-06:00,2025-03-31 13:06:10.2 UTC-06:00,16,1.3,1.6,466230.063,4312045.505,2470.689,-105.3897522,38.95671563,2456.697,71.829,,NAD83(2011) / UTM zone 13N + NAVD88(GEOID18) height,8,6,7,6,0,
346,,466202.751,4311980.091,2456.365,2436.365,,-105.3900642,38.95612512,2442.373,Global,0.01,0.01,0.013,0.015,1.934,m,FIX,2025-03-31 13:06:21.0 UTC-06:00,2025-03-31 13:06:24.0 UTC-06:00,16,1.3,1.6,466230.063,4312045.505,2470.689,-105.3897522,38.95671563,2456.697,72.013,,NAD83(2011) / UTM zone 13N + NAVD88(GEOID18) height,7,6,7,6,0,
347,,466202.285,4311980.016,2456.46,2436.46,,-105.3900696,38.95612443,2442.468,Global,0.01,0.01,0.011,0.015,1.934,m,FIX,2025-03-31 13:06:39.0 UTC-06:00,2025-03-31 13:06:42.0 UTC-06:00,16,1.3,1.6,466230.063,4312045.505,2470.689,-105.3897522,38.95671563,2456.697,72.242,,NAD83(2011) / UTM zone 13N + NAVD88(GEOID18) height,7,6,7,6,0,
348,,466201.846,4311979.92,2456.489,2436.489,,-105.3900746,38.95612354,2442.497,Global,0.01,0.011,0.012,0.015,1.934,m,FIX,2025-03-31 13:06:57.8 UTC-06:00,2025-03-31 13:07:00.8 UTC-06:00,16,1.4,1.6,466230.063,4312045.505,2470.689,-105.3897522,38.95671563,2456.697,72.501,,NAD83(2011) / UTM zone 13N + NAVD88(GEOID18) height,8,6,7,6,0,
349,,466201.341,4311979.855,2456.599,2436.599,,-105.3900805,38.95612294,2442.607,Global,0.011,0.013,0.014,0.017,1.934,m,FIX,2025-03-31 13:07:16.0 UTC-06:00,2025-03-31 13:07:19.0 UTC-06:00,16,1.5,1.8,466230.063,4312045.505,2470.689,-105.3897522,38.95671563,2456.697,72.749,,NAD83(2011) / UTM zone 13N + NAVD88(GEOID18) height,8,6,7,6,0,
350,,466200.921,4311979.699,2456.682,2436.682,,-105.3900853,38.95612152,2442.69,Global,0.01,0.013,0.011,0.016,1.934,m,FIX,2025-03-31 13:07:39.8 UTC-06:00,2025-03-31 13:07:42.8 UTC-06:00,16,1.3,1.6,466230.063,4312045.505,2470.689,-105.3897522,38.95671563,2456.697,73.039,,NAD83(2011) / UTM zone 13N + NAVD88(GEOID18) height,8,6,7,6,0,
351,,466200.532,4311979.645,2456.678,2436.678,,-105.3900898,38.95612102,2442.686,Global,0.011,0.01,0.01,0.015,1.934,m,FIX,2025-03-31 13:07:59.6 UTC-06:00,2025-03-31 13:08:02.6 UTC-06:00,16,1.2,1.4,466230.063,4312045.505,2470.689,-105.3897522,38.95671563,2456.697,73.236,,NAD83(2011) / UTM zone 13N + NAVD88(GEOID18) height,8,6,7,6,0,
352,,466200.227,4311979.573,2456.683,2436.683,,-105.3900933,38.95612036,2442.691,Global,0.01,0.011,0.013,0.015,1.934,m,FIX,2025-03-31 13:08:23.6 UTC-06:00,2025-03-31 13:08:26.6 UTC-06:00,16,1.1,1.3,466230.063,4312045.505,2470.689,-105.3897522,38.95671563,2456.697,73.423,,NAD83(2011) / UTM zone 13N + NAVD88(GEOID18) height,8,6,7,6,0,
353,,466199.706,4311979.463,2456.76,2436.76,,-105.3900993,38.95611935,2442.768,Global,0.011,0.012,0.016,0.017,1.934,m,FIX,2025-03-31 13:08:52.4 UTC-06:00,2025-03-31 13:08:55.4 UTC-06:00,16,1.3,1.5,466230.063,4312045.505,2470.689,-105.3897522,38.95671563,2456.697,73.732,,NAD83(2011) / UTM zone 13N + NAVD88(GEOID18) height,7,6,7,6,0,
354,,466199.321,4311979.283,2456.823,2436.823,,-105.3901038,38.95611771,2442.831,Global,0.012,0.011,0.013,0.016,1.934,m,FIX,2025-03-31 13:09:14.6 UTC-06:00,2025-03-31 13:09:17.6 UTC-06:00,16,1.4,1.7,466230.063,4312045.505,2470.689,-105.3897522,38.95671563,2456.697,74.037,,NAD83(2011) / UTM zone 13N + NAVD88(GEOID18) height,7,6,7,6,0,
355,,466198.671,4311979.154,2456.891,2436.891,,-105.3901113,38.95611653,2442.899,Global,0.01,0.01,0.014,0.015,1.934,m,FIX,2025-03-31 13:09:39.0 UTC-06:00,2025-03-31 13:09:42.0 UTC-06:00,16,1.3,1.6,466230.063,4312045.505,2470.689,-105.3897522,38.95671563,2456.697,74.414,,NAD83(2011) / UTM zone 13N + NAVD88(GEOID18) height,7,6,7,6,0,
356,,466198.075,4311979.012,2456.937,2436.937,,-105.3901181,38.95611522,2442.945,Global,0.01,0.012,0.015,0.016,1.934,m,FIX,2025-03-31 13:10:05.4 UTC-06:00,2025-03-31 13:10:08.4 UTC-06:00,16,1.4,1.7,466230.063,4312045.505,2470.689,-105.3897522,38.95671563,2456.697,74.788,,NAD83(2011) / UTM zone 13N + NAVD88(GEOID18) height,8,5,7,6,0,
357,,466197.582,4311978.866,2457,2437,,-105.3901238,38.95611389,2443.009,Global,0.01,0.012,0.011,0.016,1.934,m,FIX,2025-03-31 13:10:25.2 UTC-06:00,2025-03-31 13:10:28.2 UTC-06:00,16,1.5,1.8,466230.063,4312045.505,2470.689,-105.3897522,38.95671563,2456.697,75.116,,NAD83(2011) / UTM zone 13N + NAVD88(GEOID18) height,8,6,7,6,0,
358,,466197.049,4311978.808,2457.061,2437.061,,-105.39013,38.95611334,2443.07,Global,0.011,0.01,0.015,0.015,1.934,m,FIX,2025-03-31 13:10:43.4 UTC-06:00,2025-03-31 13:10:46.4 UTC-06:00,16,1.2,1.4,466230.063,4312045.505,2470.689,-105.3897522,38.95671563,2456.697,75.388,,NAD83(2011) / UTM zone 13N + NAVD88(GEOID18) height,8,6,7,6,0,
359,,466196.448,4311978.64,2457.116,2437.116,,-105.3901369,38.9561118,2443.124,Global,0.011,0.01,0.011,0.015,1.934,m,FIX,2025-03-31 13:11:04.8 UTC-06:00,2025-03-31 13:11:07.8 UTC-06:00,16,1.2,1.4,466230.063,4312045.505,2470.689,-105.3897522,38.95671563,2456.697,75.796,,NAD83(2011) / UTM zone 13N + NAVD88(GEOID18) height,8,6,7,6,0,
1,,466242.019,4311870.903,2457.55,2457.55,,-105.3896056,38.95514272,2443.556,Global,0.01,0.011,0.011,0.015,1.934,m,FIX,RTK,2025-03-31 13:34:40.8 UTC-06:00,2025-03-31 13:35:10.8 UTC-06:00,151,1.6,1.9,466230.063,4312045.505,2470.689,-105.3897522,38.95671563,2456.697,175.509,,NAD83(2011) / UTM zone 13N + NAVD88(GEOID18) height,8,4,6,6,0
2,,466242.017,4311870.899,2457.538,2457.538,,-105.3896057,38.95514268,2443.544,Global,0.01,0.01,0.01,0.014,1.934,m,FIX,RTK,2025-03-31 13:35:29.2 UTC-06:00,2025-03-31 13:35:32.2 UTC-06:00,16,1.6,1.9,466230.063,4312045.505,2470.689,-105.3897522,38.95671563,2456.697,175.507,,NAD83(2011) / UTM zone 13N + NAVD88(GEOID18) height,9,5,6,6,0
3,,466241.972,4311870.733,2457.455,2457.455,,-105.3896062,38.95514118,2443.462,Global,0.011,0.01,0.012,0.015,1.934,m,FIX,RTK,2025-03-31 13:35:53.2 UTC-06:00,2025-03-31 13:35:56.2 UTC-06:00,16,1.6,1.9,466230.063,4312045.505,2470.689,-105.3897522,38.95671563,2456.697,175.673,,NAD83(2011) / UTM zone 13N + NAVD88(GEOID18) height,8,4,5,6,0
4,,466241.866,4311870.956,2457.44,2457.44,,-105.3896074,38.9551432,2443.446,Global,0.011,0.011,0.011,0.016,1.934,m,FIX,RTK,2025-03-31 13:36:13.0 UTC-06:00,2025-03-31 13:36:16.0 UTC-06:00,16,1.6,1.9,466230.063,4312045.505,2470.689,-105.3897522,38.95671563,2456.697,175.437,,NAD83(2011) / UTM zone 13N + NAVD88(GEOID18) height,7,4,7,6,0
5,,466242.075,4311871.109,2457.481,2457.481,,-105.389605,38.95514458,2443.487,Global,0.01,0.011,0.01,0.015,1.934,m,FIX,RTK,2025-03-31 13:36:36.2 UTC-06:00,2025-03-31 13:36:39.2 UTC-06:00,16,1.6,1.9,466230.063,4312045.505,2470.689,-105.3897522,38.95671563,2456.697,175.309,,NAD83(2011) / UTM zone 13N + NAVD88(GEOID18) height,7,5,5,6,0
6,,466242.208,4311870.84,2457.507,2457.507,,-105.3896035,38.95514216,2443.513,Global,0.011,0.012,0.016,0.017,1.934,m,FIX,RTK,2025-03-31 13:36:51.0 UTC-06:00,2025-03-31 13:36:54.0 UTC-06:00,16,1.6,1.9,466230.063,4312045.505,2470.689,-105.3897522,38.95671563,2456.697,175.591,,NAD83(2011) / UTM zone 13N + NAVD88(GEOID18) height,7,5,6,6,0
7,,466242.044,4311870.877,2457.481,2457.481,,-105.3896053,38.95514249,2443.488,Global,0.011,0.011,0.014,0.016,1.934,m,FIX,RTK,2025-03-31 13:37:06.2 UTC-06:00,2025-03-31 13:37:09.2 UTC-06:00,16,1.6,1.9,466230.063,4312045.505,2470.689,-105.3897522,38.95671563,2456.697,175.533,,NAD83(2011) / UTM zone 13N + NAVD88(GEOID18) height,8,4,4,6,0
8,,466242.018,4311870.894,2457.54,2457.54,,-105.3896056,38.95514264,2443.546,Global,0.011,0.011,0.011,0.015,1.934,m,FIX,RTK,2025-03-31 13:37:22.4 UTC-06:00,2025-03-31 13:37:25.4 UTC-06:00,16,1.6,1.9,466230.063,4312045.505,2470.689,-105.3897522,38.95671563,2456.697,175.515,,NAD83(2011) / UTM zone 13N + NAVD88(GEOID18) height,7,5,5,6,0
9,,466241.78,4311870.963,2457.39,2457.39,,-105.3896084,38.95514325,2443.396,Global,0.011,0.011,0.012,0.015,1.934,m,FIX,RTK,2025-03-31 13:38:39.6 UTC-06:00,2025-03-31 13:38:42.6 UTC-06:00,16,1.6,1.9,466230.063,4312045.505,2470.689,-105.3897522,38.95671563,2456.697,175.432,,NAD83(2011) / UTM zone 13N + NAVD88(GEOID18) height,8,5,5,6,0
10,,466241.582,4311870.947,2457.363,2457.363,,-105.3896107,38.9551431,2443.37,Global,0.011,0.011,0.01,0.016,1.934,m,FIX,RTK,2025-03-31 13:38:56.6 UTC-06:00,2025-03-31 13:38:59.6 UTC-06:00,16,1.6,1.9,466230.063,4312045.505,2470.689,-105.3897522,38.95671563,2456.697,175.437,,NAD83(2011) / UTM zone 13N + NAVD88(GEOID18) height,7,5,5,6,0
11,,466241.38,4311870.956,2457.343,2457.343,,-105.389613,38.95514317,2443.35,Global,0.011,0.012,0.01,0.016,1.934,m,FIX,RTK,2025-03-31 13:39:17.6 UTC-06:00,2025-03-31 13:39:20.6 UTC-06:00,16,1.7,2,466230.063,4312045.505,2470.689,-105.3897522,38.95671563,2456.697,175.415,,NAD83(2011) / UTM zone 13N + NAVD88(GEOID18) height,7,5,5,6,0
12,,466241.18,4311870.952,2457.334,2457.334,,-105.3896153,38.95514313,2443.34,Global,0.012,0.011,0.013,0.016,1.934,m,FIX,RTK,2025-03-31 13:39:36.6 UTC-06:00,2025-03-31 13:39:39.6 UTC-06:00,16,1.6,1.9,466230.063,4312045.505,2470.689,-105.3897522,38.95671563,2456.697,175.413,,NAD83(2011) / UTM zone 13N + NAVD88(GEOID18) height,7,5,5,6,0
13,,466241,4311870.929,2457.279,2457.279,,-105.3896174,38.95514292,2443.285,Global,0.014,0.014,0.022,0.02,1.934,m,FIX,RTK,2025-03-31 13:39:50.0 UTC-06:00,2025-03-31 13:39:53.0 UTC-06:00,16,1.6,1.9,466230.063,4312045.505,2470.689,-105.3897522,38.95671563,2456.697,175.42,,NAD83(2011) / UTM zone 13N + NAVD88(GEOID18) height,7,5,5,6,0
14,,466240.811,4311870.907,2457.23,2457.23,,-105.3896196,38.95514271,2443.236,Global,0.01,0.01,0.016,0.015,1.934,m,FIX,RTK,2025-03-31 13:40:06.6 UTC-06:00,2025-03-31 13:40:09.6 UTC-06:00,16,1.4,1.6,466230.063,4312045.505,2470.689,-105.3897522,38.95671563,2456.697,175.442,,NAD83(2011) / UTM zone 13N + NAVD88(GEOID18) height,7,4,5,6,0
15,,466240.574,4311870.918,2457.225,2457.225,,-105.3896223,38.9551428,2443.231,Global,0.011,0.01,0.013,0.015,1.934,m,FIX,RTK,2025-03-31 13:40:28.8 UTC-06:00,2025-03-31 13:40:31.8 UTC-06:00,16,1.6,1.9,466230.063,4312045.505,2470.689,-105.3897522,38.95671563,2456.697,175.421,,NAD83(2011) / UTM zone 13N + NAVD88(GEOID18) height,7,5,5,6,0
16,,466240.408,4311870.901,2457.181,2457.181,,-105.3896242,38.95514264,2443.187,Global,0.011,0.01,0.015,0.015,1.934,m,FIX,RTK,2025-03-31 13:40:48.0 UTC-06:00,2025-03-31 13:40:51.0 UTC-06:00,16,1.6,1.9,466230.063,4312045.505,2470.689,-105.3897522,38.95671563,2456.697,175.429,,NAD83(2011) / UTM zone 13N + NAVD88(GEOID18) height,7,4,5,6,0
17,,466240.199,4311870.898,2457.06,2457.06,,-105.3896266,38.9551426,2443.066,Global,0.01,0.011,0.018,0.015,1.934,m,FIX,RTK,2025-03-31 13:41:34.8 UTC-06:00,2025-03-31 13:41:37.8 UTC-06:00,16,1.6,1.9,466230.063,4312045.505,2470.689,-105.3897522,38.95671563,2456.697,175.433,,NAD83(2011) / UTM zone 13N + NAVD88(GEOID18) height,7,5,6,6,0
18,,466240.024,4311870.932,2456.887,2456.887,,-105.3896287,38.9551429,2442.893,Global,0.01,0.012,0.011,0.016,1.934,m,FIX,RTK,2025-03-31 13:41:58.6 UTC-06:00,2025-03-31 13:42:01.6 UTC-06:00,16,1.4,1.7,466230.063,4312045.505,2470.689,-105.3897522,38.95671563,2456.697,175.394,,NAD83(2011) / UTM zone 13N + NAVD88(GEOID18) height,7,5,6,6,0
19,,466239.796,4311870.982,2456.661,2456.661,,-105.3896313,38.95514335,2442.667,Global,0.01,0.011,0.011,0.015,1.934,m,FIX,RTK,2025-03-31 13:42:27.6 UTC-06:00,2025-03-31 13:42:30.6 UTC-06:00,16,1.5,1.8,466230.063,4312045.505,2470.689,-105.3897522,38.95671563,2456.697,175.344,,NAD83(2011) / UTM zone 13N + NAVD88(GEOID18) height,7,4,6,6,0
20,,466239.57,4311870.995,2456.513,2456.513,,-105.3896339,38.95514346,2442.52,Global,0.011,0.011,0.011,0.015,1.934,m,FIX,RTK,2025-03-31 13:42:53.2 UTC-06:00,2025-03-31 13:42:56.2 UTC-06:00,16,1.8,2.2,466230.063,4312045.505,2470.689,-105.3897522,38.95671563,2456.697,175.336,,NAD83(2011) / UTM zone 13N + NAVD88(GEOID18) height,6,5,5,6,0
21,,466239.444,4311871.019,2456.391,2456.391,,-105.3896354,38.95514366,2442.398,Global,0.011,0.01,0.01,0.015,1.934,m,FIX,RTK,2025-03-31 13:43:11.4 UTC-06:00,2025-03-31 13:43:14.4 UTC-06:00,16,1.8,2.2,466230.063,4312045.505,2470.689,-105.3897522,38.95671563,2456.697,175.306,,NAD83(2011) / UTM zone 13N + NAVD88(GEOID18) height,6,5,5,6,0
22,,466239.272,4311871.057,2456.34,2456.34,,-105.3896373,38.955144,2442.346,Global,0.01,0.011,0.011,0.015,1.934,m,FIX,RTK,2025-03-31 13:43:30.8 UTC-06:00,2025-03-31 13:43:33.8 UTC-06:00,16,1.5,1.8,466230.063,4312045.505,2470.689,-105.3897522,38.95671563,2456.697,175.262,,NAD83(2011) / UTM zone 13N + NAVD88(GEOID18) height,6,4,5,6,0
23,,466239.231,4311871.086,2456.321,2456.321,,-105.3896378,38.95514426,2442.327,Global,0.01,0.01,0.01,0.014,1.934,m,FIX,RTK,2025-03-31 13:45:39.6 UTC-06:00,2025-03-31 13:45:42.6 UTC-06:00,16,1.5,1.8,466230.063,4312045.505,2470.689,-105.3897522,38.95671563,2456.697,175.236,,NAD83(2011) / UTM zone 13N + NAVD88(GEOID18) height,6,5,5,6,0
24,,466239.004,4311871.06,2456.275,2456.275,,-105.3896404,38.95514402,2442.282,Global,0.011,0.011,0.011,0.015,1.934,m,FIX,RTK,2025-03-31 13:45:59.4 UTC-06:00,2025-03-31 13:46:02.4 UTC-06:00,16,1.8,2.2,466230.063,4312045.505,2470.689,-105.3897522,38.95671563,2456.697,175.255,,NAD83(2011) / UTM zone 13N + NAVD88(GEOID18) height,8,5,5,6,0
25,,466238.812,4311871.011,2456.523,2456.523,,-105.3896427,38.95514357,2442.529,Global,0.01,0.012,0.011,0.016,1.934,m,FIX,RTK,2025-03-31 13:46:22.6 UTC-06:00,2025-03-31 13:46:25.6 UTC-06:00,16,1.8,2.2,466230.063,4312045.505,2470.689,-105.3897522,38.95671563,2456.697,175.284,,NAD83(2011) / UTM zone 13N + NAVD88(GEOID18) height,6,5,5,6,0
26,,466238.607,4311871.061,2456.341,2456.341,,-105.389645,38.95514402,2442.347,Global,0.01,0.01,0.01,0.014,1.934,m,FIX,RTK,2025-03-31 13:47:09.8 UTC-06:00,2025-03-31 13:47:12.8 UTC-06:00,16,1.4,1.7,466230.063,4312045.505,2470.689,-105.3897522,38.95671563,2456.697,175.231,,NAD83(2011) / UTM zone 13N + NAVD88(GEOID18) height,7,5,4,6,0
27,,466238.423,4311871.048,2456.3,2456.3,,-105.3896471,38.95514389,2442.306,Global,0.01,0.01,0.012,0.015,1.934,m,FIX,RTK,2025-03-31 13:47:32.2 UTC-06:00,2025-03-31 13:47:35.2 UTC-06:00,16,1.7,2.1,466230.063,4312045.505,2470.689,-105.3897522,38.95671563,2456.697,175.233,,NAD83(2011) / UTM zone 13N + NAVD88(GEOID18) height,7,5,4,6,0
28,,466238.247,4311871.038,2456.268,2456.268,,-105.3896492,38.95514379,2442.275,Global,0.01,0.01,0.013,0.014,1.934,m,FIX,RTK,2025-03-31 13:47:46.6 UTC-06:00,2025-03-31 13:47:49.6 UTC-06:00,16,1.4,1.7,466230.063,4312045.505,2470.689,-105.3897522,38.95671563,2456.697,175.236,,NAD83(2011) / UTM zone 13N + NAVD88(GEOID18) height,7,4,5,6,0
29,,466238.035,4311871.04,2456.202,2456.202,,-105.3896516,38.9551438,2442.208,Global,0.01,0.01,0.015,0.015,1.934,m,FIX,RTK,2025-03-31 13:48:06.6 UTC-06:00,2025-03-31 13:48:09.6 UTC-06:00,16,1.8,2.1,466230.063,4312045.505,2470.689,-105.3897522,38.95671563,2456.697,175.23,,NAD83(2011) / UTM zone 13N + NAVD88(GEOID18) height,7,5,5,6,0
30,,466237.816,4311871.033,2456.197,2456.197,,-105.3896541,38.95514373,2442.204,Global,0.01,0.01,0.015,0.014,1.934,m,FIX,RTK,2025-03-31 13:48:18.4 UTC-06:00,2025-03-31 13:48:21.4 UTC-06:00,16,1.4,1.7,466230.063,4312045.505,2470.689,-105.3897522,38.95671563,2456.697,175.227,,NAD83(2011) / UTM zone 13N + NAVD88(GEOID18) height,7,5,5,6,0
31,,466237.639,4311871.047,2456.153,2456.153,,-105.3896562,38.95514385,2442.159,Global,0.01,0.01,0.014,0.014,1.934,m,FIX,RTK,2025-03-31 13:48:30.6 UTC-06:00,2025-03-31 13:48:33.6 UTC-06:00,16,1.4,1.7,466230.063,4312045.505,2470.689,-105.3897522,38.95671563,2456.697,175.21,,NAD83(2011) / UTM zone 13N + NAVD88(GEOID18) height,6,5,5,6,0
32,,466237.412,4311871.065,2456.183,2456.183,,-105.3896588,38.95514401,2442.189,Global,0.01,0.01,0.015,0.014,1.934,m,FIX,RTK,2025-03-31 13:48:46.0 UTC-06:00,2025-03-31 13:48:49.0 UTC-06:00,16,1.4,1.7,466230.063,4312045.505,2470.689,-105.3897522,38.95671563,2456.697,175.179,,NAD83(2011) / UTM zone 13N + NAVD88(GEOID18) height,6,5,5,6,0
33,,466237.235,4311871.104,2456.191,2456.191,,-105.3896609,38.95514435,2442.197,Global,0.01,0.011,0.016,0.015,1.934,m,FIX,RTK,2025-03-31 13:48:57.6 UTC-06:00,2025-03-31 13:49:00.6 UTC-06:00,16,1.4,1.7,466230.063,4312045.505,2470.689,-105.3897522,38.95671563,2456.697,175.134,,NAD83(2011) / UTM zone 13N + NAVD88(GEOID18) height,7,5,5,6,0
34,,466237.025,4311871.125,2456.199,2456.199,,-105.3896633,38.95514452,2442.205,Global,0.01,0.01,0.015,0.015,1.934,m,FIX,RTK,2025-03-31 13:49:08.4 UTC-06:00,2025-03-31 13:49:11.4 UTC-06:00,16,1.4,1.7,466230.063,4312045.505,2470.689,-105.3897522,38.95671563,2456.697,175.1,,NAD83(2011) / UTM zone 13N + NAVD88(GEOID18) height,7,4,5,6,0
35,,466236.818,4311871.18,2456.202,2456.202,,-105.3896657,38.95514501,2442.209,Global,0.014,0.012,0.016,0.018,1.934,m,FIX,RTK,2025-03-31 13:49:30.4 UTC-06:00,2025-03-31 13:49:33.4 UTC-06:00,16,1.4,1.7,466230.063,4312045.505,2470.689,-105.3897522,38.95671563,2456.697,175.033,,NAD83(2011) / UTM zone 13N + NAVD88(GEOID18) height,7,5,5,6,0
36,,466236.632,4311871.123,2456.474,2456.474,,-105.3896678,38.95514449,2442.481,Global,0.011,0.011,0.016,0.015,1.934,m,FIX,RTK,2025-03-31 13:49:47.6 UTC-06:00,2025-03-31 13:49:50.6 UTC-06:00,16,1.5,1.8,466230.063,4312045.505,2470.689,-105.3897522,38.95671563,2456.697,175.074,,NAD83(2011) / UTM zone 13N + NAVD88(GEOID18) height,7,5,4,6,0
37,,466236.413,4311871.123,2456.181,2456.181,,-105.3896703,38.95514449,2442.187,Global,0.011,0.011,0.011,0.015,1.934,m,FIX,RTK,2025-03-31 13:50:06.0 UTC-06:00,2025-03-31 13:50:09.0 UTC-06:00,16,1.4,1.7,466230.063,4312045.505,2470.689,-105.3897522,38.95671563,2456.697,175.082,,NAD83(2011) / UTM zone 13N + NAVD88(GEOID18) height,7,5,5,6,0
38,,466236.225,4311871.081,2456.164,2456.164,,-105.3896725,38.9551441,2442.17,Global,0.01,0.01,0.011,0.015,1.934,m,FIX,RTK,2025-03-31 13:50:18.2 UTC-06:00,2025-03-31 13:50:21.2 UTC-06:00,16,1.4,1.7,466230.063,4312045.505,2470.689,-105.3897522,38.95671563,2456.697,175.118,,NAD83(2011) / UTM zone 13N + NAVD88(GEOID18) height,7,5,5,6,0
39,,466236.018,4311871.057,2456.163,2456.163,,-105.3896749,38.95514387,2442.169,Global,0.01,0.011,0.012,0.015,1.934,m,FIX,RTK,2025-03-31 13:50:28.8 UTC-06:00,2025-03-31 13:50:31.8 UTC-06:00,16,1.4,1.7,466230.063,4312045.505,2470.689,-105.3897522,38.95671563,2456.697,175.132,,NAD83(2011) / UTM zone 13N + NAVD88(GEOID18) height,7,5,5,6,0
40,,466235.784,4311871.075,2456.141,2456.141,,-105.3896776,38.95514403,2442.147,Global,0.01,0.01,0.01,0.014,1.934,m,FIX,RTK,2025-03-31 13:50:40.4 UTC-06:00,2025-03-31 13:50:43.4 UTC-06:00,16,1.4,1.7,466230.063,4312045.505,2470.689,-105.3897522,38.95671563,2456.697,175.113,,NAD83(2011) / UTM zone 13N + NAVD88(GEOID18) height,6,5,5,6,0
41,,466235.585,4311871.087,2456.129,2456.129,,-105.3896799,38.95514413,2442.135,Global,0.01,0.012,0.011,0.016,1.934,m,FIX,RTK,2025-03-31 13:50:52.6 UTC-06:00,2025-03-31 13:50:55.6 UTC-06:00,16,1.4,1.7,466230.063,4312045.505,2470.689,-105.3897522,38.95671563,2456.697,175.1,,NAD83(2011) / UTM zone 13N + NAVD88(GEOID18) height,7,5,5,6,0
42,,466235.371,4311871.127,2456.119,2456.119,,-105.3896824,38.95514448,2442.125,Global,0.01,0.01,0.011,0.014,1.934,m,FIX,RTK,2025-03-31 13:51:04.2 UTC-06:00,2025-03-31 13:51:07.2 UTC-06:00,16,1.4,1.7,466230.063,4312045.505,2470.689,-105.3897522,38.95671563,2456.697,175.05,,NAD83(2011) / UTM zone 13N + NAVD88(GEOID18) height,6,6,5,6,0
43,,466235.2,4311871.11,2456.222,2456.222,,-105.3896843,38.95514433,2442.228,Global,0.01,0.01,0.01,0.014,1.934,m,FIX,RTK,2025-03-31 13:51:42.0 UTC-06:00,2025-03-31 13:51:45.0 UTC-06:00,16,1.4,1.7,466230.063,4312045.505,2470.689,-105.3897522,38.95671563,2456.697,175.053,,NAD83(2011) / UTM zone 13N + NAVD88(GEOID18) height,6,5,5,6,0
44,,466235.021,4311871.124,2456.183,2456.183,,-105.3896864,38.95514444,2442.19,Global,0.01,0.01,0.011,0.015,1.934,m,FIX,RTK,2025-03-31 13:51:55.0 UTC-06:00,2025-03-31 13:51:58.0 UTC-06:00,16,1.4,1.7,466230.063,4312045.505,2470.689,-105.3897522,38.95671563,2456.697,175.044,,NAD83(2011) / UTM zone 13N + NAVD88(GEOID18) height,6,5,5,6,0
45,,466234.841,4311871.109,2456.141,2456.141,,-105.3896885,38.9551443,2442.147,Global,0.01,0.01,0.013,0.015,1.934,m,FIX,RTK,2025-03-31 13:52:10.0 UTC-06:00,2025-03-31 13:52:13.0 UTC-06:00,16,1.4,1.7,466230.063,4312045.505,2470.689,-105.3897522,38.95671563,2456.697,175.056,,NAD83(2011) / UTM zone 13N + NAVD88(GEOID18) height,6,6,5,6,0
46,,466234.627,4311871.118,2456.13,2456.13,,-105.389691,38.95514438,2442.136,Global,0.01,0.01,0.015,0.014,1.934,m,FIX,RTK,2025-03-31 13:52:20.2 UTC-06:00,2025-03-31 13:52:23.2 UTC-06:00,16,1.8,2.1,466230.063,4312045.505,2470.689,-105.3897522,38.95671563,2456.697,175.036,,NAD83(2011) / UTM zone 13N + NAVD88(GEOID18) height,6,6,5,6,0
47,,466234.462,4311871.12,2456.124,2456.124,,-105.3896929,38.95514438,2442.13,Global,0.011,0.01,0.012,0.015,1.934,m,FIX,RTK,2025-03-31 13:52:30.6 UTC-06:00,2025-03-31 13:52:33.6 UTC-06:00,16,1.4,1.7,466230.063,4312045.505,2470.689,-105.3897522,38.95671563,2456.697,175.031,,NAD83(2011) / UTM zone 13N + NAVD88(GEOID18) height,6,6,5,6,0
48,,466234.248,4311871.128,2456.068,2456.068,,-105.3896953,38.95514445,2442.074,Global,0.011,0.011,0.013,0.015,1.934,m,FIX,RTK,2025-03-31 13:52:41.4 UTC-06:00,2025-03-31 13:52:44.4 UTC-06:00,16,1.4,1.7,466230.063,4312045.505,2470.689,-105.3897522,38.95671563,2456.697,175.019,,NAD83(2011) / UTM zone 13N + NAVD88(GEOID18) height,6,5,5,6,0
49,,466234.073,4311871.148,2456.056,2456.056,,-105.3896974,38.95514462,2442.063,Global,0.012,0.01,0.013,0.016,1.934,m,FIX,RTK,2025-03-31 13:52:54.6 UTC-06:00,2025-03-31 13:52:57.6 UTC-06:00,16,1.8,2.1,466230.063,4312045.505,2470.689,-105.3897522,38.95671563,2456.697,175.002,,NAD83(2011) / UTM zone 13N + NAVD88(GEOID18) height,6,5,5,6,0
50,,466233.843,4311871.215,2456.042,2456.042,,-105.3897,38.95514521,2442.049,Global,0.01,0.011,0.012,0.015,1.934,m,FIX,RTK,2025-03-31 13:53:06.8 UTC-06:00,2025-03-31 13:53:09.8 UTC-06:00,16,1.8,2.1,466230.063,4312045.505,2470.689,-105.3897522,38.95671563,2456.697,174.938,,NAD83(2011) / UTM zone 13N + NAVD88(GEOID18) height,6,6,5,6,0
51,,466233.63,4311871.263,2456.018,2456.018,,-105.3897025,38.95514564,2442.024,Global,0.011,0.011,0.012,0.016,1.934,m,FIX,RTK,2025-03-31 13:53:18.4 UTC-06:00,2025-03-31 13:53:21.4 UTC-06:00,16,1.8,2.1,466230.063,4312045.505,2470.689,-105.3897522,38.95671563,2456.697,174.876,,NAD83(2011) / UTM zone 13N + NAVD88(GEOID18) height,6,6,5,6,0
52,,466233.45,4311871.303,2455.979,2455.979,,-105.3897045,38.955146,2441.985,Global,0.01,0.01,0.012,0.014,1.934,m,FIX,RTK,2025-03-31 13:53:30.4 UTC-06:00,2025-03-31 13:53:33.4 UTC-06:00,16,1.4,1.7,466230.063,4312045.505,2470.689,-105.3897522,38.95671563,2456.697,174.837,,NAD83(2011) / UTM zone 13N + NAVD88(GEOID18) height,6,6,5,6,0
53,,466233.198,4311871.328,2455.944,2455.944,,-105.3897075,38.95514621,2441.95,Global,0.01,0.01,0.01,0.015,1.934,m,FIX,RTK,2025-03-31 13:53:43.4 UTC-06:00,2025-03-31 13:53:46.4 UTC-06:00,16,1.4,1.7,466230.063,4312045.505,2470.689,-105.3897522,38.95671563,2456.697,174.809,,NAD83(2011) / UTM zone 13N + NAVD88(GEOID18) height,7,6,5,6,0
54,,466233.01,4311871.202,2455.888,2455.888,,-105.3897096,38.95514507,2441.895,Global,0.011,0.011,0.011,0.016,1.934,m,FIX,RTK,2025-03-31 13:54:00.8 UTC-06:00,2025-03-31 13:54:03.8 UTC-06:00,16,1.8,2.1,466230.063,4312045.505,2470.689,-105.3897522,38.95671563,2456.697,174.931,,NAD83(2011) / UTM zone 13N + NAVD88(GEOID18) height,6,6,5,6,0
55,,466232.835,4311871.219,2455.834,2455.834,,-105.3897116,38.95514521,2441.84,Global,0.011,0.01,0.012,0.015,1.934,m,FIX,RTK,2025-03-31 13:54:17.4 UTC-06:00,2025-03-31 13:54:20.4 UTC-06:00,16,2.2,2.8,466230.063,4312045.505,2470.689,-105.3897522,38.95671563,2456.697,174.925,,NAD83(2011) / UTM zone 13N + NAVD88(GEOID18) height,6,6,5,6,0
56,,466232.651,4311871.246,2455.83,2455.83,,-105.3897138,38.95514545,2441.836,Global,0.01,0.011,0.012,0.015,1.934,m,FIX,RTK,2025-03-31 13:54:29.2 UTC-06:00,2025-03-31 13:54:32.2 UTC-06:00,16,1.8,2.1,466230.063,4312045.505,2470.689,-105.3897522,38.95671563,2456.697,174.889,,NAD83(2011) / UTM zone 13N + NAVD88(GEOID18) height,6,6,5,6,0
57,,466232.444,4311871.258,2455.809,2455.809,,-105.3897162,38.95514555,2441.816,Global,0.01,0.01,0.013,0.015,1.934,m,FIX,RTK,2025-03-31 13:54:42.6 UTC-06:00,2025-03-31 13:54:45.6 UTC-06:00,16,1.4,1.7,466230.063,4312045.505,2470.689,-105.3897522,38.95671563,2456.697,174.876,,NAD83(2011) / UTM zone 13N + NAVD88(GEOID18) height,6,7,5,6,0
58,,466232.276,4311871.202,2455.761,2455.761,,-105.3897181,38.95514504,2441.767,Global,0.011,0.01,0.011,0.015,1.934,m,FIX,RTK,2025-03-31 13:54:59.8 UTC-06:00,2025-03-31 13:55:02.8 UTC-06:00,16,1.5,1.8,466230.063,4312045.505,2470.689,-105.3897522,38.95671563,2456.697,174.936,,NAD83(2011) / UTM zone 13N + NAVD88(GEOID18) height,6,6,5,6,0
59,,466232.016,4311871.229,2455.748,2455.748,,-105.3897211,38.95514527,2441.755,Global,0.01,0.011,0.012,0.015,1.934,m,FIX,RTK,2025-03-31 13:55:15.6 UTC-06:00,2025-03-31 13:55:18.6 UTC-06:00,16,1.7,2.2,466230.063,4312045.505,2470.689,-105.3897522,38.95671563,2456.697,174.904,,NAD83(2011) / UTM zone 13N + NAVD88(GEOID18) height,6,6,5,6,0
60,,466231.803,4311871.172,2455.628,2455.628,,-105.3897235,38.95514475,2441.634,Global,0.01,0.01,0.013,0.014,1.934,m,FIX,RTK,2025-03-31 13:55:32.4 UTC-06:00,2025-03-31 13:55:35.4 UTC-06:00,16,1.7,2.2,466230.063,4312045.505,2470.689,-105.3897522,38.95671563,2456.697,174.973,,NAD83(2011) / UTM zone 13N + NAVD88(GEOID18) height,6,6,5,6,0
61,,466231.659,4311870.987,2455.648,2455.648,,-105.3897252,38.95514308,2441.654,Global,0.01,0.01,0.012,0.015,1.934,m,FIX,RTK,2025-03-31 13:55:55.6 UTC-06:00,2025-03-31 13:55:58.6 UTC-06:00,16,1.7,2.2,466230.063,4312045.505,2470.689,-105.3897522,38.95671563,2456.697,175.156,,NAD83(2011) / UTM zone 13N + NAVD88(GEOID18) height,6,6,5,6,0
62,,466231.43,4311871.013,2455.606,2455.606,,-105.3897278,38.9551433,2441.613,Global,0.012,0.01,0.013,0.016,1.934,m,FIX,RTK,2025-03-31 13:56:06.6 UTC-06:00,2025-03-31 13:56:09.6 UTC-06:00,16,1.8,2.2,466230.063,4312045.505,2470.689,-105.3897522,38.95671563,2456.697,175.135,,NAD83(2011) / UTM zone 13N + NAVD88(GEOID18) height,6,6,6,6,0
63,,466231.257,4311870.983,2455.516,2455.516,,-105.3897298,38.95514302,2441.522,Global,0.011,0.012,0.017,0.016,1.934,m,FIX,RTK,2025-03-31 13:56:23.4 UTC-06:00,2025-03-31 13:56:26.4 UTC-06:00,16,2.2,2.8,466230.063,4312045.505,2470.689,-105.3897522,38.95671563,2456.697,175.157,,NAD83(2011) / UTM zone 13N + NAVD88(GEOID18) height,6,6,6,6,0
64,,466231.022,4311871.086,2455.513,2455.513,,-105.3897326,38.95514395,2441.519,Global,0.01,0.01,0.015,0.015,1.934,m,FIX,RTK,2025-03-31 13:56:39.8 UTC-06:00,2025-03-31 13:56:42.8 UTC-06:00,16,1.8,2.2,466230.063,4312045.505,2470.689,-105.3897522,38.95671563,2456.697,175.057,,NAD83(2011) / UTM zone 13N + NAVD88(GEOID18) height,6,5,6,6,0
65,,466230.842,4311871.144,2455.472,2455.472,,-105.3897346,38.95514446,2441.478,Global,0.012,0.01,0.015,0.016,1.934,m,FIX,RTK,2025-03-31 13:56:52.6 UTC-06:00,2025-03-31 13:56:55.6 UTC-06:00,16,2.2,2.8,466230.063,4312045.505,2470.689,-105.3897522,38.95671563,2456.697,175.011,,NAD83(2011) / UTM zone 13N + NAVD88(GEOID18) height,6,5,4,6,0
66,,466230.681,4311871.204,2455.437,2455.437,,-105.3897365,38.955145,2441.443,Global,0.011,0.012,0.013,0.016,1.934,m,FIX,RTK,2025-03-31 13:57:09.2 UTC-06:00,2025-03-31 13:57:12.2 UTC-06:00,16,2.3,2.8,466230.063,4312045.505,2470.689,-105.3897522,38.95671563,2456.697,174.954,,NAD83(2011) / UTM zone 13N + NAVD88(GEOID18) height,6,6,4,6,0
67,,466230.448,4311871.239,2455.426,2455.426,,-105.3897392,38.95514531,2441.432,Global,0.01,0.011,0.013,0.015,1.934,m,FIX,RTK,2025-03-31 13:57:30.2 UTC-06:00,2025-03-31 13:57:33.2 UTC-06:00,16,2.3,2.8,466230.063,4312045.505,2470.689,-105.3897522,38.95671563,2456.697,174.909,,NAD83(2011) / UTM zone 13N + NAVD88(GEOID18) height,6,7,4,6,0
68,,466230.265,4311871.268,2455.441,2455.441,,-105.3897413,38.95514556,2441.447,Global,0.012,0.013,0.013,0.018,1.934,m,FIX,RTK,2025-03-31 13:57:58.2 UTC-06:00,2025-03-31 13:58:01.2 UTC-06:00,16,2.3,2.8,466230.063,4312045.505,2470.689,-105.3897522,38.95671563,2456.697,174.878,,NAD83(2011) / UTM zone 13N + NAVD88(GEOID18) height,6,6,4,6,0
69,,466230.059,4311871.267,2455.551,2455.551,,-105.3897437,38.95514554,2441.557,Global,0.01,0.012,0.011,0.016,1.934,m,FIX,RTK,2025-03-31 13:58:12.8 UTC-06:00,2025-03-31 13:58:15.8 UTC-06:00,16,2.3,2.8,466230.063,4312045.505,2470.689,-105.3897522,38.95671563,2456.697,174.883,,NAD83(2011) / UTM zone 13N + NAVD88(GEOID18) height,7,6,5,6,0
70,,466229.828,4311871.278,2455.579,2455.579,,-105.3897464,38.95514563,2441.585,Global,0.01,0.011,0.018,0.015,1.934,m,FIX,RTK,2025-03-31 13:58:31.0 UTC-06:00,2025-03-31 13:58:34.0 UTC-06:00,16,2.3,2.8,466230.063,4312045.505,2470.689,-105.3897522,38.95671563,2456.697,174.856,,NAD83(2011) / UTM zone 13N + NAVD88(GEOID18) height,7,7,4,6,0
71,,466229.675,4311871.209,2455.566,2455.566,,-105.3897481,38.955145,2441.573,Global,0.01,0.01,0.018,0.014,1.934,m,FIX,RTK,2025-03-31 13:58:44.6 UTC-06:00,2025-03-31 13:58:47.6 UTC-06:00,16,2.3,2.8,466230.063,4312045.505,2470.689,-105.3897522,38.95671563,2456.697,174.929,,NAD83(2011) / UTM zone 13N + NAVD88(GEOID18) height,6,7,4,6,0
72,,466229.437,4311871.294,2455.542,2455.542,,-105.3897509,38.95514576,2441.548,Global,0.011,0.011,0.012,0.016,1.934,m,FIX,RTK,2025-03-31 13:59:05.0 UTC-06:00,2025-03-31 13:59:08.0 UTC-06:00,16,1.8,2.2,466230.063,4312045.505,2470.689,-105.3897522,38.95671563,2456.697,174.847,,NAD83(2011) / UTM zone 13N + NAVD88(GEOID18) height,6,7,5,6,0
73,,466229.292,4311871.345,2455.579,2455.579,,-105.3897525,38.95514621,2441.585,Global,0.01,0.011,0.019,0.015,1.934,m,FIX,RTK,2025-03-31 13:59:19.2 UTC-06:00,2025-03-31 13:59:22.2 UTC-06:00,16,1.8,2.2,466230.063,4312045.505,2470.689,-105.3897522,38.95671563,2456.697,174.799,,NAD83(2011) / UTM zone 13N + NAVD88(GEOID18) height,6,7,5,6,0
74,,466229.057,4311871.408,2455.535,2455.535,,-105.3897552,38.95514677,2441.542,Global,0.01,0.011,0.013,0.015,1.934,m,FIX,RTK,2025-03-31 13:59:30.8 UTC-06:00,2025-03-31 13:59:33.8 UTC-06:00,16,1.8,2.2,466230.063,4312045.505,2470.689,-105.3897522,38.95671563,2456.697,174.727,,NAD83(2011) / UTM zone 13N + NAVD88(GEOID18) height,6,7,5,6,0
75,,466228.842,4311871.441,2455.577,2455.577,,-105.3897577,38.95514706,2441.583,Global,0.01,0.011,0.018,0.015,1.934,m,FIX,RTK,2025-03-31 13:59:41.2 UTC-06:00,2025-03-31 13:59:44.2 UTC-06:00,16,1.8,2.2,466230.063,4312045.505,2470.689,-105.3897522,38.95671563,2456.697,174.705,,NAD83(2011) / UTM zone 13N + NAVD88(GEOID18) height,6,7,5,6,0
76,,466228.606,4311871.425,2455.524,2455.524,,-105.3897605,38.9551469,2441.531,Global,0.012,0.01,0.015,0.016,1.934,m,FIX,RTK,2025-03-31 13:59:54.6 UTC-06:00,2025-03-31 13:59:57.6 UTC-06:00,16,1.8,2.2,466230.063,4312045.505,2470.689,-105.3897522,38.95671563,2456.697,174.727,,NAD83(2011) / UTM zone 13N + NAVD88(GEOID18) height,6,7,5,6,0
77,,466228.432,4311871.532,2455.509,2455.509,,-105.3897625,38.95514786,2441.515,Global,0.011,0.011,0.014,0.016,1.934,m,FIX,RTK,2025-03-31 14:00:11.2 UTC-06:00,2025-03-31 14:00:14.2 UTC-06:00,16,2.3,2.8,466230.063,4312045.505,2470.689,-105.3897522,38.95671563,2456.697,174.616,,NAD83(2011) / UTM zone 13N + NAVD88(GEOID18) height,7,7,5,6,0
78,,466228.294,4311871.54,2455.543,2455.543,,-105.3897641,38.95514793,2441.549,Global,0.01,0.01,0.013,0.015,1.934,m,FIX,RTK,2025-03-31 14:00:25.6 UTC-06:00,2025-03-31 14:00:28.6 UTC-06:00,16,1.8,2.2,466230.063,4312045.505,2470.689,-105.3897522,38.95671563,2456.697,174.613,,NAD83(2011) / UTM zone 13N + NAVD88(GEOID18) height,7,7,5,6,0
79,,466228.006,4311871.442,2455.514,2455.514,,-105.3897674,38.95514704,2441.521,Global,0.01,0.01,0.015,0.014,1.934,m,FIX,RTK,2025-03-31 14:00:39.8 UTC-06:00,2025-03-31 14:00:42.8 UTC-06:00,16,1.8,2.2,466230.063,4312045.505,2470.689,-105.3897522,38.95671563,2456.697,174.709,,NAD83(2011) / UTM zone 13N + NAVD88(GEOID18) height,7,7,4,6,0
80,,466227.842,4311871.552,2455.566,2455.566,,-105.3897693,38.95514802,2441.572,Global,0.01,0.011,0.014,0.015,1.934,m,FIX,RTK,2025-03-31 14:00:57.0 UTC-06:00,2025-03-31 14:01:00.0 UTC-06:00,16,1.8,2.2,466230.063,4312045.505,2470.689,-105.3897522,38.95671563,2456.697,174.595,,NAD83(2011) / UTM zone 13N + NAVD88(GEOID18) height,7,7,5,6,0
81,,466227.651,4311871.506,2455.549,2455.549,,-105.3897715,38.9551476,2441.556,Global,0.01,0.014,0.014,0.017,1.934,m,FIX,RTK,2025-03-31 14:01:21.4 UTC-06:00,2025-03-31 14:01:24.4 UTC-06:00,16,1.8,2.2,466230.063,4312045.505,2470.689,-105.3897522,38.95671563,2456.697,174.662,,NAD83(2011) / UTM zone 13N + NAVD88(GEOID18) height,7,7,5,6,0
82,,466227.426,4311871.557,2455.578,2455.578,,-105.3897741,38.95514805,2441.585,Global,0.01,0.013,0.014,0.016,1.934,m,FIX,RTK,2025-03-31 14:01:39.2 UTC-06:00,2025-03-31 14:01:42.2 UTC-06:00,16,1.8,2.2,466230.063,4312045.505,2470.689,-105.3897522,38.95671563,2456.697,174.585,,NAD83(2011) / UTM zone 13N + NAVD88(GEOID18) height,7,7,5,6,0
83,,466227.231,4311871.569,2455.555,2455.555,,-105.3897763,38.95514815,2441.562,Global,0.01,0.01,0.015,0.015,1.934,m,FIX,RTK,2025-03-31 14:01:52.4 UTC-06:00,2025-03-31 14:01:55.4 UTC-06:00,16,2.3,2.8,466230.063,4312045.505,2470.689,-105.3897522,38.95671563,2456.697,174.588,,NAD83(2011) / UTM zone 13N + NAVD88(GEOID18) height,7,7,4,6,0
84,,466227.013,4311871.662,2455.551,2455.551,,-105.3897789,38.95514898,2441.557,Global,0.011,0.012,0.015,0.016,1.934,m,FIX,RTK,2025-03-31 14:02:06.8 UTC-06:00,2025-03-31 14:02:09.8 UTC-06:00,16,2.3,2.8,466230.063,4312045.505,2470.689,-105.3897522,38.95671563,2456.697,174.499,,NAD83(2011) / UTM zone 13N + NAVD88(GEOID18) height,7,7,5,6,0
85,,466226.834,4311871.534,2455.583,2455.583,,-105.3897809,38.95514782,2441.589,Global,0.01,0.011,0.013,0.015,1.934,m,FIX,RTK,2025-03-31 14:02:27.8 UTC-06:00,2025-03-31 14:02:30.8 UTC-06:00,16,1.8,2.2,466230.063,4312045.505,2470.689,-105.3897522,38.95671563,2456.697,174.629,,NAD83(2011) / UTM zone 13N + NAVD88(GEOID18) height,6,7,5,6,0
86,,466226.626,4311871.344,2455.621,2455.621,,-105.3897833,38.9551461,2441.627,Global,0.011,0.011,0.013,0.016,1.934,m,FIX,RTK,2025-03-31 14:02:42.0 UTC-06:00,2025-03-31 14:02:45.0 UTC-06:00,16,1.8,2.2,466230.063,4312045.505,2470.689,-105.3897522,38.95671563,2456.697,174.823,,NAD83(2011) / UTM zone 13N + NAVD88(GEOID18) height,6,7,5,6,0
87,,466226.394,4311871.364,2455.56,2455.56,,-105.389786,38.95514628,2441.567,Global,0.012,0.012,0.014,0.017,1.934,m,FIX,RTK,2025-03-31 14:02:54.8 UTC-06:00,2025-03-31 14:02:57.8 UTC-06:00,16,1.8,2.2,466230.063,4312045.505,2470.689,-105.3897522,38.95671563,2456.697,174.805,,NAD83(2011) / UTM zone 13N + NAVD88(GEOID18) height,6,6,5,6,0
88,,466226.245,4311871.346,2455.562,2455.562,,-105.3897877,38.95514611,2441.568,Global,0.012,0.011,0.018,0.016,1.934,m,FIX,RTK,2025-03-31 14:03:11.2 UTC-06:00,2025-03-31 14:03:14.2 UTC-06:00,16,2.3,2.8,466230.063,4312045.505,2470.689,-105.3897522,38.95671563,2456.697,174.839,,NAD83(2011) / UTM zone 13N + NAVD88(GEOID18) height,6,7,5,6,0
89,,466226.04,4311871.352,2455.53,2455.53,,-105.3897901,38.95514615,2441.536,Global,0.011,0.01,0.014,0.015,1.934,m,FIX,RTK,2025-03-31 14:03:24.0 UTC-06:00,2025-03-31 14:03:27.0 UTC-06:00,16,2.3,2.8,466230.063,4312045.505,2470.689,-105.3897522,38.95671563,2456.697,174.834,,NAD83(2011) / UTM zone 13N + NAVD88(GEOID18) height,6,7,5,6,0
90,,466225.841,4311871.356,2455.803,2455.803,,-105.3897924,38.95514618,2441.809,Global,0.012,0.012,0.016,0.017,1.934,m,FIX,RTK,2025-03-31 14:04:08.4 UTC-06:00,2025-03-31 14:04:11.4 UTC-06:00,16,2.3,2.8,466230.063,4312045.505,2470.689,-105.3897522,38.95671563,2456.697,174.807,,NAD83(2011) / UTM zone 13N + NAVD88(GEOID18) height,6,7,6,6,0
91,,466225.603,4311871.269,2455.63,2455.63,,-105.3897951,38.95514538,2441.636,Global,0.012,0.01,0.013,0.016,1.934,m,FIX,RTK,2025-03-31 14:04:32.4 UTC-06:00,2025-03-31 14:04:35.4 UTC-06:00,16,1.8,2.2,466230.063,4312045.505,2470.689,-105.3897522,38.95671563,2456.697,174.926,,NAD83(2011) / UTM zone 13N + NAVD88(GEOID18) height,6,6,5,6,0
92,,466225.448,4311871.181,2455.636,2455.636,,-105.3897969,38.95514459,2441.643,Global,0.01,0.012,0.01,0.016,1.934,m,FIX,RTK,2025-03-31 14:05:01.2 UTC-06:00,2025-03-31 14:05:04.2 UTC-06:00,16,1.9,2.4,466230.063,4312045.505,2470.689,-105.3897522,38.95671563,2456.697,175.023,,NAD83(2011) / UTM zone 13N + NAVD88(GEOID18) height,6,7,5,6,0
93,,466225.227,4311871.134,2455.702,2455.702,,-105.3897994,38.95514415,2441.709,Global,0.012,0.01,0.011,0.016,1.934,m,FIX,RTK,2025-03-31 14:05:15.4 UTC-06:00,2025-03-31 14:05:18.4 UTC-06:00,16,1.8,2.2,466230.063,4312045.505,2470.689,-105.3897522,38.95671563,2456.697,175.058,,NAD83(2011) / UTM zone 13N + NAVD88(GEOID18) height,6,6,5,5,0
94,,466225.027,4311871.084,2455.809,2455.809,,-105.3898017,38.9551437,2441.815,Global,0.011,0.011,0.016,0.016,1.934,m,FIX,RTK,2025-03-31 14:05:37.8 UTC-06:00,2025-03-31 14:05:40.8 UTC-06:00,16,1.9,2.4,466230.063,4312045.505,2470.689,-105.3897522,38.95671563,2456.697,175.107,,NAD83(2011) / UTM zone 13N + NAVD88(GEOID18) height,6,6,5,5,0
95,,466224.816,4311871.116,2455.827,2455.827,,-105.3898042,38.95514398,2441.833,Global,0.01,0.011,0.01,0.015,1.934,m,FIX,RTK,2025-03-31 14:05:49.4 UTC-06:00,2025-03-31 14:05:52.4 UTC-06:00,16,1.8,2.2,466230.063,4312045.505,2470.689,-105.3897522,38.95671563,2456.697,175.083,,NAD83(2011) / UTM zone 13N + NAVD88(GEOID18) height,6,7,6,5,0
96,,466224.565,4311871.094,2455.978,2455.978,,-105.3898071,38.95514377,2441.984,Global,0.011,0.01,0.011,0.015,1.934,m,FIX,RTK,2025-03-31 14:06:10.2 UTC-06:00,2025-03-31 14:06:13.2 UTC-06:00,16,1.9,2.4,466230.063,4312045.505,2470.689,-105.3897522,38.95671563,2456.697,175.098,,NAD83(2011) / UTM zone 13N + NAVD88(GEOID18) height,6,6,5,5,0
97,,466224.406,4311871.135,2455.956,2455.956,,-105.3898089,38.95514413,2441.962,Global,0.01,0.01,0.011,0.015,1.934,m,FIX,RTK,2025-03-31 14:06:27.6 UTC-06:00,2025-03-31 14:06:30.6 UTC-06:00,16,1.9,2.4,466230.063,4312045.505,2470.689,-105.3897522,38.95671563,2456.697,175.063,,NAD83(2011) / UTM zone 13N + NAVD88(GEOID18) height,6,7,5,6,0
98,,466224.203,4311871.167,2456.006,2456.006,,-105.3898113,38.95514441,2442.012,Global,0.012,0.01,0.014,0.016,1.934,m,FIX,RTK,2025-03-31 14:06:37.4 UTC-06:00,2025-03-31 14:06:40.4 UTC-06:00,16,1.9,2.4,466230.063,4312045.505,2470.689,-105.3897522,38.95671563,2456.697,175.031,,NAD83(2011) / UTM zone 13N + NAVD88(GEOID18) height,6,7,5,5,0
99,,466224.019,4311871.153,2456.11,2456.11,,-105.3898134,38.95514428,2442.116,Global,0.011,0.011,0.011,0.015,1.934,m,FIX,RTK,2025-03-31 14:06:50.4 UTC-06:00,2025-03-31 14:06:53.4 UTC-06:00,16,2,2.5,466230.063,4312045.505,2470.689,-105.3897522,38.95671563,2456.697,175.055,,NAD83(2011) / UTM zone 13N + NAVD88(GEOID18) height,6,7,5,5,0
100,,466223.79,4311871.125,2456.032,2456.032,,-105.389816,38.95514402,2442.038,Global,0.01,0.011,0.011,0.015,1.934,m,FIX,RTK,2025-03-31 14:07:00.4 UTC-06:00,2025-03-31 14:07:03.4 UTC-06:00,16,1.9,2.4,466230.063,4312045.505,2470.689,-105.3897522,38.95671563,2456.697,175.091,,NAD83(2011) / UTM zone 13N + NAVD88(GEOID18) height,6,7,6,5,0
101,,466223.628,4311871.094,2456.114,2456.114,,-105.3898179,38.95514373,2442.12,Global,0.011,0.011,0.011,0.016,1.934,m,FIX,RTK,2025-03-31 14:07:13.0 UTC-06:00,2025-03-31 14:07:16.0 UTC-06:00,16,1.9,2.4,466230.063,4312045.505,2470.689,-105.3897522,38.95671563,2456.697,175.118,,NAD83(2011) / UTM zone 13N + NAVD88(GEOID18) height,6,7,5,5,0
102,,466223.439,4311871.155,2456.045,2456.045,,-105.3898201,38.95514428,2442.052,Global,0.01,0.011,0.012,0.015,1.934,m,FIX,RTK,2025-03-31 14:07:32.6 UTC-06:00,2025-03-31 14:07:35.6 UTC-06:00,16,1.9,2.4,466230.063,4312045.505,2470.689,-105.3897522,38.95671563,2456.697,175.065,,NAD83(2011) / UTM zone 13N + NAVD88(GEOID18) height,6,7,5,5,0
103,,466223.242,4311871.175,2456.134,2456.134,,-105.3898224,38.95514445,2442.141,Global,0.01,0.011,0.011,0.015,1.934,m,FIX,RTK,2025-03-31 14:07:54.0 UTC-06:00,2025-03-31 14:07:57.0 UTC-06:00,16,1.9,2.4,466230.063,4312045.505,2470.689,-105.3897522,38.95671563,2456.697,175.056,,NAD83(2011) / UTM zone 13N + NAVD88(GEOID18) height,6,7,5,5,0
104,,466223.025,4311871.212,2456.203,2456.203,,-105.3898249,38.95514478,2442.209,Global,0.011,0.01,0.01,0.015,1.934,m,FIX,RTK,2025-03-31 14:08:03.0 UTC-06:00,2025-03-31 14:08:06.0 UTC-06:00,16,1.9,2.4,466230.063,4312045.505,2470.689,-105.3897522,38.95671563,2456.697,175.018,,NAD83(2011) / UTM zone 13N + NAVD88(GEOID18) height,6,7,5,5,0
105,,466222.821,4311871.203,2456.204,2456.204,,-105.3898272,38.95514468,2442.211,Global,0.01,0.012,0.013,0.016,1.934,m,FIX,RTK,2025-03-31 14:08:11.4 UTC-06:00,2025-03-31 14:08:14.4 UTC-06:00,16,2,2.5,466230.063,4312045.505,2470.689,-105.3897522,38.95671563,2456.697,175.029,,NAD83(2011) / UTM zone 13N + NAVD88(GEOID18) height,6,7,5,4,0
106,,466222.615,4311871.233,2456.065,2456.065,,-105.3898296,38.95514495,2442.071,Global,0.011,0.011,0.016,0.015,1.934,m,FIX,RTK,2025-03-31 14:08:28.0 UTC-06:00,2025-03-31 14:08:31.0 UTC-06:00,16,2,2.5,466230.063,4312045.505,2470.689,-105.3897522,38.95671563,2456.697,175.027,,NAD83(2011) / UTM zone 13N + NAVD88(GEOID18) height,5,7,5,4,0
107,,466222.419,4311871.303,2456.078,2456.078,,-105.3898319,38.95514557,2442.084,Global,0.011,0.01,0.022,0.015,1.934,m,FIX,RTK,2025-03-31 14:08:38.2 UTC-06:00,2025-03-31 14:08:41.2 UTC-06:00,16,1.9,2.4,466230.063,4312045.505,2470.689,-105.3897522,38.95671563,2456.697,174.967,,NAD83(2011) / UTM zone 13N + NAVD88(GEOID18) height,5,7,5,4,0
108,,466222.234,4311871.278,2456.105,2456.105,,-105.389834,38.95514533,2442.112,Global,0.01,0.011,0.012,0.015,1.934,m,FIX,RTK,2025-03-31 14:08:51.2 UTC-06:00,2025-03-31 14:08:54.2 UTC-06:00,16,1.9,2.4,466230.063,4312045.505,2470.689,-105.3897522,38.95671563,2456.697,174.995,,NAD83(2011) / UTM zone 13N + NAVD88(GEOID18) height,5,7,5,5,0
109,,466222.036,4311871.296,2456.037,2456.037,,-105.3898363,38.9551455,2442.044,Global,0.01,0.01,0.014,0.015,1.934,m,FIX,RTK,2025-03-31 14:09:01.0 UTC-06:00,2025-03-31 14:09:04.0 UTC-06:00,16,1.9,2.4,466230.063,4312045.505,2470.689,-105.3897522,38.95671563,2456.697,174.989,,NAD83(2011) / UTM zone 13N + NAVD88(GEOID18) height,5,7,5,4,0
110,,466221.822,4311871.318,2456.058,2456.058,,-105.3898387,38.95514568,2442.064,Global,0.01,0.011,0.016,0.015,1.934,m,FIX,RTK,2025-03-31 14:09:10.6 UTC-06:00,2025-03-31 14:09:13.6 UTC-06:00,16,2,2.5,466230.063,4312045.505,2470.689,-105.3897522,38.95671563,2456.697,174.985,,NAD83(2011) / UTM zone 13N + NAVD88(GEOID18) height,5,7,5,4,0
111,,466221.602,4311871.33,2456.092,2456.092,,-105.3898413,38.95514578,2442.099,Global,0.011,0.01,0.015,0.015,1.934,m,FIX,RTK,2025-03-31 14:09:20.8 UTC-06:00,2025-03-31 14:09:23.8 UTC-06:00,16,1.9,2.4,466230.063,4312045.505,2470.689,-105.3897522,38.95671563,2456.697,174.974,,NAD83(2011) / UTM zone 13N + NAVD88(GEOID18) height,6,7,5,4,0
112,,466221.4,4311871.328,2456.095,2456.095,,-105.3898436,38.95514576,2442.101,Global,0.011,0.013,0.015,0.017,1.934,m,FIX,RTK,2025-03-31 14:09:32.4 UTC-06:00,2025-03-31 14:09:35.4 UTC-06:00,16,1.9,2.4,466230.063,4312045.505,2470.689,-105.3897522,38.95671563,2456.697,174.993,,NAD83(2011) / UTM zone 13N + NAVD88(GEOID18) height,6,7,5,5,0
113,,466221.203,4311871.354,2456.112,2456.112,,-105.3898459,38.95514598,2442.118,Global,0.01,0.011,0.016,0.015,1.934,m,FIX,RTK,2025-03-31 14:09:49.0 UTC-06:00,2025-03-31 14:09:52.0 UTC-06:00,16,1.9,2.4,466230.063,4312045.505,2470.689,-105.3897522,38.95671563,2456.697,174.965,,NAD83(2011) / UTM zone 13N + NAVD88(GEOID18) height,7,7,6,5,0
114,,466221.027,4311871.351,2456.121,2456.121,,-105.3898479,38.95514594,2442.127,Global,0.01,0.011,0.012,0.015,1.934,m,FIX,RTK,2025-03-31 14:10:01.4 UTC-06:00,2025-03-31 14:10:04.4 UTC-06:00,16,1.9,2.4,466230.063,4312045.505,2470.689,-105.3897522,38.95671563,2456.697,174.983,,NAD83(2011) / UTM zone 13N + NAVD88(GEOID18) height,6,7,6,5,0
115,,466220.829,4311871.382,2456.311,2456.311,,-105.3898502,38.95514622,2442.318,Global,0.011,0.011,0.011,0.015,1.934,m,FIX,RTK,2025-03-31 14:11:16.2 UTC-06:00,2025-03-31 14:11:19.2 UTC-06:00,16,1.9,2.4,466230.063,4312045.505,2470.689,-105.3897522,38.95671563,2456.697,174.942,,NAD83(2011) / UTM zone 13N + NAVD88(GEOID18) height,6,7,5,5,0
116,,466220.635,4311871.398,2456.179,2456.179,,-105.3898524,38.95514636,2442.186,Global,0.011,0.01,0.011,0.015,1.934,m,FIX,RTK,2025-03-31 14:11:43.8 UTC-06:00,2025-03-31 14:11:46.8 UTC-06:00,16,1.9,2.4,466230.063,4312045.505,2470.689,-105.3897522,38.95671563,2456.697,174.951,,NAD83(2011) / UTM zone 13N + NAVD88(GEOID18) height,7,7,5,5,0
117,,466220.417,4311871.405,2456.172,2456.172,,-105.389855,38.95514641,2442.179,Global,0.01,0.01,0.012,0.014,1.934,m,FIX,RTK,2025-03-31 14:11:56.6 UTC-06:00,2025-03-31 14:11:59.6 UTC-06:00,16,1.9,2.4,466230.063,4312045.505,2470.689,-105.3897522,38.95671563,2456.697,174.956,,NAD83(2011) / UTM zone 13N + NAVD88(GEOID18) height,6,7,5,6,0
118,,466220.23,4311871.416,2456.156,2456.156,,-105.3898571,38.95514651,2442.163,Global,0.01,0.01,0.01,0.014,1.934,m,FIX,RTK,2025-03-31 14:12:07.0 UTC-06:00,2025-03-31 14:12:10.0 UTC-06:00,16,1.9,2.4,466230.063,4312045.505,2470.689,-105.3897522,38.95671563,2456.697,174.955,,NAD83(2011) / UTM zone 13N + NAVD88(GEOID18) height,7,7,5,5,0
119,,466220.026,4311871.408,2456.154,2456.154,,-105.3898595,38.95514642,2442.161,Global,0.01,0.011,0.011,0.015,1.934,m,FIX,RTK,2025-03-31 14:12:20.2 UTC-06:00,2025-03-31 14:12:23.2 UTC-06:00,16,1.9,2.4,466230.063,4312045.505,2470.689,-105.3897522,38.95671563,2456.697,174.979,,NAD83(2011) / UTM zone 13N + NAVD88(GEOID18) height,7,7,5,5,0
120,,466219.828,4311871.438,2456.193,2456.193,,-105.3898618,38.95514669,2442.2,Global,0.01,0.01,0.013,0.014,1.934,m,FIX,RTK,2025-03-31 14:12:33.0 UTC-06:00,2025-03-31 14:12:36.0 UTC-06:00,16,1.9,2.4,466230.063,4312045.505,2470.689,-105.3897522,38.95671563,2456.697,174.955,,NAD83(2011) / UTM zone 13N + NAVD88(GEOID18) height,7,7,4,5,0
121,,466219.619,4311871.451,2456.175,2456.175,,-105.3898642,38.95514679,2442.181,Global,0.011,0.01,0.013,0.015,1.934,m,FIX,RTK,2025-03-31 14:12:42.8 UTC-06:00,2025-03-31 14:12:45.8 UTC-06:00,16,1.9,2.4,466230.063,4312045.505,2470.689,-105.3897522,38.95671563,2456.697,174.957,,NAD83(2011) / UTM zone 13N + NAVD88(GEOID18) height,7,7,4,5,0
122,,466219.418,4311871.455,2456.152,2456.152,,-105.3898665,38.95514682,2442.159,Global,0.011,0.01,0.011,0.015,1.934,m,FIX,RTK,2025-03-31 14:12:55.0 UTC-06:00,2025-03-31 14:12:58.0 UTC-06:00,16,1.9,2.3,466230.063,4312045.505,2470.689,-105.3897522,38.95671563,2456.697,174.963,,NAD83(2011) / UTM zone 13N + NAVD88(GEOID18) height,7,7,5,5,0
123,,466219.242,4311871.455,2456.194,2456.194,,-105.3898685,38.95514681,2442.201,Global,0.01,0.012,0.011,0.016,1.934,m,FIX,RTK,2025-03-31 14:13:06.4 UTC-06:00,2025-03-31 14:13:09.4 UTC-06:00,16,1.9,2.3,466230.063,4312045.505,2470.689,-105.3897522,38.95671563,2456.697,174.979,,NAD83(2011) / UTM zone 13N + NAVD88(GEOID18) height,7,7,5,5,0
124,,466219.005,4311871.473,2456.217,2456.217,,-105.3898713,38.95514697,2442.223,Global,0.01,0.01,0.01,0.015,1.934,m,FIX,RTK,2025-03-31 14:13:20.6 UTC-06:00,2025-03-31 14:13:23.6 UTC-06:00,16,1.9,2.3,466230.063,4312045.505,2470.689,-105.3897522,38.95671563,2456.697,174.968,,NAD83(2011) / UTM zone 13N + NAVD88(GEOID18) height,7,7,5,5,0
125,,466218.822,4311871.44,2456.592,2456.592,,-105.3898734,38.95514666,2442.599,Global,0.012,0.01,0.012,0.016,1.934,m,FIX,RTK,2025-03-31 14:13:48.4 UTC-06:00,2025-03-31 14:13:51.4 UTC-06:00,16,1.9,2.3,466230.063,4312045.505,2470.689,-105.3897522,38.95671563,2456.697,174.99,,NAD83(2011) / UTM zone 13N + NAVD88(GEOID18) height,7,7,5,6,0
126,,466218.647,4311871.418,2456.639,2456.639,,-105.3898754,38.95514646,2442.645,Global,0.01,0.011,0.012,0.015,1.934,m,FIX,RTK,2025-03-31 14:14:11.6 UTC-06:00,2025-03-31 14:14:14.6 UTC-06:00,16,1.9,2.3,466230.063,4312045.505,2470.689,-105.3897522,38.95671563,2456.697,175.014,,NAD83(2011) / UTM zone 13N + NAVD88(GEOID18) height,7,7,4,5,0
127,,466218.444,4311871.425,2456.493,2456.493,,-105.3898777,38.95514651,2442.499,Global,0.01,0.01,0.012,0.014,1.934,m,FIX,RTK,2025-03-31 14:14:28.4 UTC-06:00,2025-03-31 14:14:31.4 UTC-06:00,16,1.9,2.3,466230.063,4312045.505,2470.689,-105.3897522,38.95671563,2456.697,175.031,,NAD83(2011) / UTM zone 13N + NAVD88(GEOID18) height,7,7,4,5,0
128,,466218.267,4311871.434,2456.243,2456.243,,-105.3898798,38.95514659,2442.25,Global,0.011,0.01,0.012,0.015,1.934,m,FIX,RTK,2025-03-31 14:14:48.0 UTC-06:00,2025-03-31 14:14:51.0 UTC-06:00,16,1.9,2.3,466230.063,4312045.505,2470.689,-105.3897522,38.95671563,2456.697,175.051,,NAD83(2011) / UTM zone 13N + NAVD88(GEOID18) height,6,8,4,5,0
129,,466218.042,4311871.47,2456.611,2456.611,,-105.3898824,38.95514691,2442.617,Global,0.011,0.011,0.01,0.015,1.934,m,FIX,RTK,2025-03-31 14:15:08.6 UTC-06:00,2025-03-31 14:15:11.6 UTC-06:00,16,1.9,2.3,466230.063,4312045.505,2470.689,-105.3897522,38.95671563,2456.697,174.998,,NAD83(2011) / UTM zone 13N + NAVD88(GEOID18) height,7,8,4,5,0
130,,466217.854,4311871.464,2456.589,2456.589,,-105.3898845,38.95514684,2442.595,Global,0.01,0.011,0.011,0.015,1.934,m,FIX,RTK,2025-03-31 14:15:22.8 UTC-06:00,2025-03-31 14:15:25.8 UTC-06:00,16,1.9,2.3,466230.063,4312045.505,2470.689,-105.3897522,38.95671563,2456.697,175.027,,NAD83(2011) / UTM zone 13N + NAVD88(GEOID18) height,7,8,4,5,0
131,,466217.666,4311871.481,2456.62,2456.62,,-105.3898867,38.95514699,2442.627,Global,0.01,0.011,0.012,0.015,1.934,m,FIX,RTK,2025-03-31 14:15:42.6 UTC-06:00,2025-03-31 14:15:45.6 UTC-06:00,16,1.9,2.3,466230.063,4312045.505,2470.689,-105.3897522,38.95671563,2456.697,175.029,,NAD83(2011) / UTM zone 13N + NAVD88(GEOID18) height,7,7,4,5,0
132,,466217.45,4311871.507,2456.521,2456.521,,-105.3898892,38.95514721,2442.528,Global,0.01,0.01,0.015,0.015,1.934,m,FIX,RTK,2025-03-31 14:16:00.0 UTC-06:00,2025-03-31 14:16:03.0 UTC-06:00,16,2.3,2.8,466230.063,4312045.505,2470.689,-105.3897522,38.95671563,2456.697,175.014,,NAD83(2011) / UTM zone 13N + NAVD88(GEOID18) height,7,7,4,5,0
133,,466217.225,4311871.526,2456.25,2456.25,,-105.3898918,38.95514738,2442.257,Global,0.01,0.011,0.015,0.015,1.934,m,FIX,RTK,2025-03-31 14:16:19.0 UTC-06:00,2025-03-31 14:16:22.0 UTC-06:00,16,2.3,2.8,466230.063,4312045.505,2470.689,-105.3897522,38.95671563,2456.697,175.029,,NAD83(2011) / UTM zone 13N + NAVD88(GEOID18) height,7,7,4,5,0
134,,466217.034,4311871.497,2456.259,2456.259,,-105.389894,38.95514711,2442.266,Global,0.01,0.01,0.018,0.015,1.934,m,FIX,RTK,2025-03-31 14:16:30.2 UTC-06:00,2025-03-31 14:16:33.2 UTC-06:00,16,2.3,2.8,466230.063,4312045.505,2470.689,-105.3897522,38.95671563,2456.697,175.071,,NAD83(2011) / UTM zone 13N + NAVD88(GEOID18) height,7,7,4,5,0
135,,466216.852,4311871.487,2456.301,2456.301,,-105.3898961,38.95514701,2442.308,Global,0.01,0.011,0.016,0.015,1.934,m,FIX,RTK,2025-03-31 14:16:42.8 UTC-06:00,2025-03-31 14:16:45.8 UTC-06:00,16,2.3,2.8,466230.063,4312045.505,2470.689,-105.3897522,38.95671563,2456.697,175.091,,NAD83(2011) / UTM zone 13N + NAVD88(GEOID18) height,7,8,4,6,0
136,,466216.652,4311871.506,2456.288,2456.288,,-105.3898984,38.95514718,2442.295,Global,0.01,0.01,0.014,0.015,1.934,m,FIX,RTK,2025-03-31 14:16:58.6 UTC-06:00,2025-03-31 14:17:01.6 UTC-06:00,16,2.3,2.8,466230.063,4312045.505,2470.689,-105.3897522,38.95671563,2456.697,175.097,,NAD83(2011) / UTM zone 13N + NAVD88(GEOID18) height,7,8,4,5,0
137,,466216.455,4311871.52,2456.281,2456.281,,-105.3899007,38.9551473,2442.288,Global,0.011,0.01,0.014,0.015,1.934,m,FIX,RTK,2025-03-31 14:17:11.6 UTC-06:00,2025-03-31 14:17:14.6 UTC-06:00,16,1.9,2.3,466230.063,4312045.505,2470.689,-105.3897522,38.95671563,2456.697,175.094,,NAD83(2011) / UTM zone 13N + NAVD88(GEOID18) height,7,7,4,6,0
138,,466216.245,4311871.504,2456.286,2456.286,,-105.3899031,38.95514714,2442.293,Global,0.011,0.011,0.012,0.015,1.934,m,FIX,RTK,2025-03-31 14:17:31.0 UTC-06:00,2025-03-31 14:17:34.0 UTC-06:00,16,1.9,2.3,466230.063,4312045.505,2470.689,-105.3897522,38.95671563,2456.697,175.131,,NAD83(2011) / UTM zone 13N + NAVD88(GEOID18) height,6,7,4,6,0
139,,466216.031,4311871.484,2456.384,2456.384,,-105.3899056,38.95514695,2442.39,Global,0.011,0.01,0.013,0.015,1.934,m,FIX,RTK,2025-03-31 14:18:01.6 UTC-06:00,2025-03-31 14:18:04.6 UTC-06:00,16,2.2,2.8,466230.063,4312045.505,2470.689,-105.3897522,38.95671563,2456.697,175.152,,NAD83(2011) / UTM zone 13N + NAVD88(GEOID18) height,7,8,4,5,0
140,,466215.829,4311871.484,2456.401,2456.401,,-105.3899079,38.95514695,2442.407,Global,0.011,0.012,0.013,0.016,1.934,m,FIX,RTK,2025-03-31 14:18:18.2 UTC-06:00,2025-03-31 14:18:21.2 UTC-06:00,16,2.2,2.8,466230.063,4312045.505,2470.689,-105.3897522,38.95671563,2456.697,175.175,,NAD83(2011) / UTM zone 13N + NAVD88(GEOID18) height,6,7,4,6,0
141,,466215.657,4311871.503,2456.537,2456.537,,-105.3899099,38.95514711,2442.544,Global,0.011,0.011,0.017,0.015,1.934,m,FIX,RTK,2025-03-31 14:18:33.2 UTC-06:00,2025-03-31 14:18:36.2 UTC-06:00,16,2.2,2.8,466230.063,4312045.505,2470.689,-105.3897522,38.95671563,2456.697,175.163,,NAD83(2011) / UTM zone 13N + NAVD88(GEOID18) height,6,8,4,6,0
142,,466215.449,4311871.507,2456.642,2456.642,,-105.3899123,38.95514714,2442.648,Global,0.01,0.01,0.015,0.014,1.934,m,FIX,RTK,2025-03-31 14:18:52.4 UTC-06:00,2025-03-31 14:18:55.4 UTC-06:00,16,2.2,2.8,466230.063,4312045.505,2470.689,-105.3897522,38.95671563,2456.697,175.166,,NAD83(2011) / UTM zone 13N + NAVD88(GEOID18) height,6,8,4,6,0
143,,466215.249,4311871.493,2456.702,2456.702,,-105.3899146,38.955147,2442.709,Global,0.01,0.01,0.011,0.014,1.934,m,FIX,RTK,2025-03-31 14:19:10.4 UTC-06:00,2025-03-31 14:19:13.4 UTC-06:00,16,2.2,2.8,466230.063,4312045.505,2470.689,-105.3897522,38.95671563,2456.697,175.19,,NAD83(2011) / UTM zone 13N + NAVD88(GEOID18) height,6,7,4,6,0
144,,466215.046,4311871.494,2456.735,2456.735,,-105.389917,38.95514701,2442.742,Global,0.011,0.01,0.016,0.015,1.934,m,FIX,RTK,2025-03-31 14:19:27.0 UTC-06:00,2025-03-31 14:19:30.0 UTC-06:00,16,2.2,2.8,466230.063,4312045.505,2470.689,-105.3897522,38.95671563,2456.697,175.203,,NAD83(2011) / UTM zone 13N + NAVD88(GEOID18) height,6,7,4,6,0
145,,466214.842,4311871.485,2456.748,2456.748,,-105.3899193,38.95514692,2442.755,Global,0.011,0.011,0.012,0.015,1.934,m,FIX,RTK,2025-03-31 14:19:39.8 UTC-06:00,2025-03-31 14:19:42.8 UTC-06:00,16,2.2,2.8,466230.063,4312045.505,2470.689,-105.3897522,38.95671563,2456.697,175.226,,NAD83(2011) / UTM zone 13N + NAVD88(GEOID18) height,7,6,4,5,0
146,,466214.59,4311871.498,2456.962,2456.962,,-105.3899222,38.95514703,2442.968,Global,0.011,0.01,0.014,0.015,1.934,m,FIX,RTK,2025-03-31 14:20:45.8 UTC-06:00,2025-03-31 14:21:15.8 UTC-06:00,151,1.8,2.2,466230.063,4312045.505,2470.689,-105.3897522,38.95671563,2456.697,175.228,,NAD83(2011) / UTM zone 13N + NAVD88(GEOID18) height,6,8,4,5,0
147,,466214.589,4311871.496,2456.972,2456.972,,-105.3899222,38.95514701,2442.978,Global,0.01,0.011,0.019,0.015,1.934,m,FIX,RTK,2025-03-31 14:21:43.4 UTC-06:00,2025-03-31 14:21:46.4 UTC-06:00,16,1.8,2.2,466230.063,4312045.505,2470.689,-105.3897522,38.95671563,2456.697,175.228,,NAD83(2011) / UTM zone 13N + NAVD88(GEOID18) height,6,7,4,5,0
148,,466214.618,4311871.341,2456.761,2456.761,,-105.3899219,38.95514561,2442.768,Global,0.011,0.012,0.016,0.017,1.934,m,FIX,RTK,2025-03-31 14:21:57.4 UTC-06:00,2025-03-31 14:22:00.4 UTC-06:00,16,1.8,2.2,466230.063,4312045.505,2470.689,-105.3897522,38.95671563,2456.697,175.395,,NAD83(2011) / UTM zone 13N + NAVD88(GEOID18) height,6,7,5,5,0
149,,466214.755,4311871.487,2456.771,2456.771,,-105.3899203,38.95514693,2442.777,Global,0.011,0.011,0.014,0.015,1.934,m,FIX,RTK,2025-03-31 14:22:09.4 UTC-06:00,2025-03-31 14:22:12.4 UTC-06:00,16,1.8,2.2,466230.063,4312045.505,2470.689,-105.3897522,38.95671563,2456.697,175.225,,NAD83(2011) / UTM zone 13N + NAVD88(GEOID18) height,6,8,4,5,0
150,,466214.607,4311871.664,2456.763,2456.763,,-105.389922,38.95514852,2442.769,Global,0.01,0.011,0.011,0.015,1.934,m,FIX,RTK,2025-03-31 14:22:25.6 UTC-06:00,2025-03-31 14:22:28.6 UTC-06:00,16,1.8,2.2,466230.063,4312045.505,2470.689,-105.3897522,38.95671563,2456.697,175.07,,NAD83(2011) / UTM zone 13N + NAVD88(GEOID18) height,6,8,5,5,0
151,,466214.443,4311871.49,2456.786,2456.786,,-105.3899239,38.95514695,2442.793,Global,0.011,0.011,0.011,0.016,1.934,m,FIX,RTK,2025-03-31 14:22:36.0 UTC-06:00,2025-03-31 14:22:39.0 UTC-06:00,16,1.8,2.2,466230.063,4312045.505,2470.689,-105.3897522,38.95671563,2456.697,175.263,,NAD83(2011) / UTM zone 13N + NAVD88(GEOID18) height,6,7,5,5,0
152,,466214.582,4311871.456,2456.787,2456.787,,-105.3899223,38.95514665,2442.793,Global,0.01,0.012,0.011,0.016,1.934,m,FIX,RTK,2025-03-31 14:22:57.8 UTC-06:00,2025-03-31 14:23:00.8 UTC-06:00,16,1.8,2.2,466230.063,4312045.505,2470.689,-105.3897522,38.95671563,2456.697,175.286,,NAD83(2011) / UTM zone 13N + NAVD88(GEOID18) height,6,7,5,5,0
153,,466214.595,4311871.5,2456.969,2456.969,,-105.3899222,38.95514704,2442.975,Global,0.01,0.01,0.012,0.014,1.934,m,FIX,RTK,2025-03-31 14:23:11.8 UTC-06:00,2025-03-31 14:23:14.8 UTC-06:00,16,1.8,2.2,466230.063,4312045.505,2470.689,-105.3897522,38.95671563,2456.697,175.224,,NAD83(2011) / UTM zone 13N + NAVD88(GEOID18) height,6,7,5,5,0
154,,466214.241,4311871.489,2456.789,2456.789,,-105.3899262,38.95514693,2442.795,Global,0.01,0.01,0.016,0.015,1.934,m,FIX,RTK,2025-03-31 14:26:19.8 UTC-06:00,2025-03-31 14:26:22.8 UTC-06:00,16,1.6,1.9,466230.063,4312045.505,2470.689,-105.3897522,38.95671563,2456.697,175.274,,NAD83(2011) / UTM zone 13N + NAVD88(GEOID18) height,6,8,4,7,0
155,,466213.798,4311871.5,2456.86,2456.86,,-105.3899314,38.95514701,2442.867,Global,0.01,0.01,0.018,0.014,1.934,m,FIX,RTK,2025-03-31 14:26:38.4 UTC-06:00,2025-03-31 14:26:41.4 UTC-06:00,16,1.8,2.2,466230.063,4312045.505,2470.689,-105.3897522,38.95671563,2456.697,175.302,,NAD83(2011) / UTM zone 13N + NAVD88(GEOID18) height,6,8,4,6,0
156,,466213.378,4311871.491,2456.917,2456.917,,-105.3899362,38.95514691,2442.924,Global,0.01,0.01,0.013,0.014,1.934,m,FIX,RTK,2025-03-31 14:26:54.2 UTC-06:00,2025-03-31 14:26:57.2 UTC-06:00,16,1.6,1.9,466230.063,4312045.505,2470.689,-105.3897522,38.95671563,2456.697,175.343,,NAD83(2011) / UTM zone 13N + NAVD88(GEOID18) height,6,8,4,5,0
157,,466213.006,4311871.437,2456.95,2456.95,,-105.3899405,38.95514641,2442.957,Global,0.01,0.01,0.011,0.014,1.934,m,FIX,RTK,2025-03-31 14:27:13.0 UTC-06:00,2025-03-31 14:27:16.0 UTC-06:00,16,1.6,1.9,466230.063,4312045.505,2470.689,-105.3897522,38.95671563,2456.697,175.436,,NAD83(2011) / UTM zone 13N + NAVD88(GEOID18) height,6,8,4,6,0
158,,466212.685,4311871.454,2456.994,2456.994,,-105.3899442,38.95514656,2443.001,Global,0.01,0.011,0.01,0.015,1.934,m,FIX,RTK,2025-03-31 14:27:30.6 UTC-06:00,2025-03-31 14:27:33.6 UTC-06:00,16,1.6,1.9,466230.063,4312045.505,2470.689,-105.3897522,38.95671563,2456.697,175.446,,NAD83(2011) / UTM zone 13N + NAVD88(GEOID18) height,6,8,4,5,0
159,,466212.27,4311871.474,2457.032,2457.032,,-105.389949,38.95514672,2443.039,Global,0.01,0.011,0.013,0.015,1.934,m,FIX,RTK,2025-03-31 14:27:53.0 UTC-06:00,2025-03-31 14:27:56.0 UTC-06:00,16,1.7,2,466230.063,4312045.505,2470.689,-105.3897522,38.95671563,2456.697,175.471,,NAD83(2011) / UTM zone 13N + NAVD88(GEOID18) height,6,8,4,5,0
160,,466211.862,4311871.508,2457.03,2457.03,,-105.3899537,38.95514701,2443.037,Global,0.01,0.01,0.012,0.014,1.934,m,FIX,RTK,2025-03-31 14:28:09.0 UTC-06:00,2025-03-31 14:28:12.0 UTC-06:00,16,1.9,2.3,466230.063,4312045.505,2470.689,-105.3897522,38.95671563,2456.697,175.475,,NAD83(2011) / UTM zone 13N + NAVD88(GEOID18) height,6,7,4,4,0
161,,466242.281,4311870.896,2457.568,2457.568,RR floodplain,-105.3896026,38.95514267,2443.574,Global,0.01,0.01,0.011,0.015,1.934,m,FIX,RTK,2025-03-31 14:33:55.4 UTC-06:00,2025-03-31 14:33:58.4 UTC-06:00,16,1.2,1.5,466230.063,4312045.505,2470.689,-105.3897522,38.95671563,2456.697,175.526,,NAD83(2011) / UTM zone 13N + NAVD88(GEOID18) height,6,7,6,6,0
162,,466242.561,4311870.9,2457.594,2457.594,RR floodplain,-105.3895994,38.95514271,2443.6,Global,0.01,0.011,0.011,0.015,1.934,m,FIX,RTK,2025-03-31 14:34:09.2 UTC-06:00,2025-03-31 14:34:12.2 UTC-06:00,16,1.2,1.5,466230.063,4312045.505,2470.689,-105.3897522,38.95671563,2456.697,175.547,,NAD83(2011) / UTM zone 13N + NAVD88(GEOID18) height,6,7,6,6,0
163,,466242.843,4311870.884,2457.636,2457.636,RR floodplain,-105.3895961,38.95514258,2443.642,Global,0.011,0.01,0.012,0.015,1.934,m,FIX,RTK,2025-03-31 14:34:23.2 UTC-06:00,2025-03-31 14:34:26.2 UTC-06:00,16,1.2,1.5,466230.063,4312045.505,2470.689,-105.3897522,38.95671563,2456.697,175.576,,NAD83(2011) / UTM zone 13N + NAVD88(GEOID18) height,6,7,6,4,0
164,,466243.109,4311870.893,2457.724,2457.724,RR floodplain,-105.3895931,38.95514267,2443.73,Global,0.01,0.011,0.011,0.015,1.934,m,FIX,RTK,2025-03-31 14:34:42.0 UTC-06:00,2025-03-31 14:34:45.0 UTC-06:00,16,1.2,1.5,466230.063,4312045.505,2470.689,-105.3897522,38.95671563,2456.697,175.586,,NAD83(2011) / UTM zone 13N + NAVD88(GEOID18) height,6,7,6,4,0
165,,466243.426,4311870.882,2457.775,2457.775,RR floodplain,-105.3895894,38.95514258,2443.781,Global,0.01,0.011,0.01,0.015,1.934,m,FIX,RTK,2025-03-31 14:34:57.8 UTC-06:00,2025-03-31 14:35:00.8 UTC-06:00,16,1.2,1.5,466230.063,4312045.505,2470.689,-105.3897522,38.95671563,2456.697,175.609,,NAD83(2011) / UTM zone 13N + NAVD88(GEOID18) height,6,7,6,4,0
166,,466243.76,4311870.882,2457.833,2457.833,RR floodplain,-105.3895855,38.9551426,2443.839,Global,0.011,0.011,0.011,0.016,1.934,m,FIX,RTK,2025-03-31 14:35:15.0 UTC-06:00,2025-03-31 14:35:18.0 UTC-06:00,16,1.2,1.5,466230.063,4312045.505,2470.689,-105.3897522,38.95671563,2456.697,175.639,,NAD83(2011) / UTM zone 13N + NAVD88(GEOID18) height,6,7,6,4,0
167,,466244.121,4311870.86,2457.895,2457.895,RR floodplain,-105.3895814,38.95514241,2443.901,Global,0.011,0.01,0.01,0.015,1.934,m,FIX,RTK,2025-03-31 14:35:38.0 UTC-06:00,2025-03-31 14:35:41.0 UTC-06:00,16,1.2,1.5,466230.063,4312045.505,2470.689,-105.3897522,38.95671563,2456.697,175.679,,NAD83(2011) / UTM zone 13N + NAVD88(GEOID18) height,6,7,6,4,0
168,,466244.513,4311870.827,2457.956,2457.956,RR floodplain,-105.3895768,38.95514213,2443.962,Global,0.01,0.01,0.011,0.014,1.934,m,FIX,RTK,2025-03-31 14:35:50.8 UTC-06:00,2025-03-31 14:35:53.8 UTC-06:00,16,1.2,1.5,466230.063,4312045.505,2470.689,-105.3897522,38.95671563,2456.697,175.743,,NAD83(2011) / UTM zone 13N + NAVD88(GEOID18) height,6,6,6,5,0
169,,466244.844,4311870.722,2458.025,2458.025,RR floodplain,-105.389573,38.9551412,2444.031,Global,0.01,0.01,0.01,0.015,1.934,m,FIX,RTK,2025-03-31 14:36:02.0 UTC-06:00,2025-03-31 14:36:05.0 UTC-06:00,16,1.2,1.5,466230.063,4312045.505,2470.689,-105.3897522,38.95671563,2456.697,175.872,,NAD83(2011) / UTM zone 13N + NAVD88(GEOID18) height,6,7,6,4,0
170,,466245.195,4311870.668,2458.092,2458.092,RR floodplain,-105.389569,38.95514073,2444.098,Global,0.01,0.01,0.011,0.015,1.934,m,FIX,RTK,2025-03-31 14:36:13.2 UTC-06:00,2025-03-31 14:36:16.2 UTC-06:00,16,1.2,1.5,466230.063,4312045.505,2470.689,-105.3897522,38.95671563,2456.697,175.954,,NAD83(2011) / UTM zone 13N + NAVD88(GEOID18) height,6,7,6,5,0
171,,466245.519,4311870.606,2458.206,2458.206,RR floodplain,-105.3895652,38.95514018,2444.212,Global,0.01,0.011,0.011,0.015,1.934,m,FIX,RTK,2025-03-31 14:36:24.4 UTC-06:00,2025-03-31 14:36:27.4 UTC-06:00,16,1.2,1.5,466230.063,4312045.505,2470.689,-105.3897522,38.95671563,2456.697,176.026,,NAD83(2011) / UTM zone 13N + NAVD88(GEOID18) height,6,6,6,4,0
172,,466245.959,4311870.532,2458.36,2458.36,RR floodplain,-105.3895601,38.95513953,2444.366,Global,0.01,0.011,0.01,0.015,1.934,m,FIX,RTK,2025-03-31 14:36:37.4 UTC-06:00,2025-03-31 14:36:40.4 UTC-06:00,16,1.2,1.5,466230.063,4312045.505,2470.689,-105.3897522,38.95671563,2456.697,176.134,,NAD83(2011) / UTM zone 13N + NAVD88(GEOID18) height,6,6,6,5,0