siteID,labno,dateOn,dateOff,yrmonth,ph,Conduc,flagCa,Ca,flagMg,Mg,flagK,K,flagNa,Na,flagNH4,NH4,flagNO3,NO3,flagCl,Cl,flagSO4,SO4,flagBr,Br,svol,ppt,subppt,valcode,invalcode,modifiedOn
CO21,NA0077OW,"1978-10-17 16:00","1978-10-24 15:00",197810,5.590,3.700," ",.090," ",.017," ",.016," ",.305,<,.030," ",.200," ",.100," ",.300,0,-9,855.000,18.290,18.290,"w ","            ",1985-06-04
CO21,NA0092OW,"1978-10-24 16:00","1978-10-31 16:00",197810,6.230,22.200," ",.770," ",.141," ",.141," ",.869," ",1.450," ",3.820," ",.330," ",3.800,0,-9,76.000,4.320,4.320,"w ","            ",1985-06-04
CO21,NA0120OW,"1978-10-31 16:00","1978-11-07 16:00",197811,-9.000,-9.000," ",-9.000," ",-9.000," ",-9.000," ",-9.000,<,-9.000,<,-9.000," ",-9.000,<,-9.000,0,-9,.000,.000,.000,"d ","            ",1987-01-19
CO21,NA0136OW,"1978-11-07 16:00","1978-11-14 16:00",197811,5.820,6.100," ",.310," ",.095," ",.130," ",.414,<,.020," ",.150," ",.190," ",1.000,0,-9,53.000,-7.000,.127,"w ","            ",1985-06-04
CO21,NA0162OW,"1978-11-14 16:00","1978-11-21 16:00",197811,-9.000,-9.000," ",-9.000," ",-9.000," ",-9.000," ",-9.000," ",-9.000,<,-9.000," ",-9.000," ",-9.000,0,-9,.000,.000,.000,"d ","            ",1985-11-20
CO21,NA0179OW,"1978-11-21 16:00","1978-11-28 16:00",197811,5.970,3.400," ",.110," ",.029," ",.077," ",.092,<,.020," ",.030," ",.130," ",.180,0,-9,296.000,6.100,6.100,"w ","            ",1985-06-04
CO21,NA0193OW,"1978-11-28 16:00","1978-12-05 16:00",197812,5.310,4.300," ",.070," ",.010," ",.023," ",.022," ",.100," ",.500," ",.100," ",.250,0,-9,154.000,7.870,7.870,"w ","            ",1995-01-30
CO21,NA0216OW,"1978-12-05 16:00","1978-12-12 16:00",197812,4.780,9.700," ",.240," ",.063," ",.064," ",.222,<,.020," ",1.300," ",.250," ",.850,0,-9,184.000,6.860,6.860,"w ","            ",1985-06-04
CO21,NA0237OW,"1978-12-12 16:00","1978-12-19 16:00",197812,-9.000,-9.000," ",-9.000," ",-9.000," ",-9.000," ",-9.000,<,-9.000," ",-9.000," ",-9.000," ",-9.000,0,-9,.000,.000,.000,"d ","            ",1986-02-01
CO21,NA0273OW,"1978-12-19 16:00","1979-01-02 16:00",197812,-9.000,-9.000," ",-9.000," ",-9.000," ",-9.000," ",-9.000," ",-9.000," ",-9.000," ",-9.000,<,-9.000,0,-9,.000,-7.000,.127,"t ","            ",1989-06-13
CO21,NA0299OW,"1979-01-02 16:00","1979-01-09 16:00",197901,-9.000,-9.000," ",-9.000," ",-9.000," ",-9.000," ",-9.000," ",-9.000," ",-9.000," ",-9.000," ",-9.000,0,-9,.000,.000,.000,"d ","            ",1985-11-20
CO21,NA0312OW,"1979-01-09 16:00","1979-01-16 16:00",197901,5.130,14.100," ",.330," ",.101," ",.101," ",.408," ",.130," ",.650," ",.750," ",1.960,0,-9,25.600,2.540,2.540,wa,"            ",1985-06-04
CO21,NA0327OW,"1979-01-16 16:00","1979-01-23 16:00",197901,-9.000,-9.000," ",-9.000," ",-9.000," ",-9.000," ",-9.000," ",-9.000," ",-9.000," ",-9.000," ",-9.000,0,-9,.000,-7.000,.127,"t ","            ",1986-02-01
CO21,NA0365OW,"1979-01-23 16:00","1979-01-30 16:00",197901,4.330,23.800," ",.200," ",.040," ",.061," ",.388," ",.120," ",4.400," ",.250," ",.900,0,-9,118.000,6.860,6.860,"w ","            ",1985-06-04
CO21,NA0376OW,"1979-01-30 16:00","1979-02-06 16:00",197902,-9.000,-9.000," ",-9.000," ",-9.000," ",-9.000," ",-9.000,<,-9.000,<,-9.000," ",-9.000,<,-9.000,0,-9,.000,.000,.000,"d ","            ",1988-06-13
CO21,NA0414OW,"1979-02-06 16:00","1979-02-13 16:00",197902,-9.000,-9.000," ",-9.000," ",-9.000," ",-9.000," ",-9.000,<,-9.000,<,-9.000," ",-9.000," ",-9.000,0,-9,.000,.000,.000,"d ","            ",1985-11-20
CO21,NA0436OW,"1979-02-13 16:00","1979-02-20 16:00",197902,-9.000,-9.000," ",-9.000," ",-9.000," ",-9.000," ",-9.000," ",-9.000,<,-9.000," ",-9.000," ",-9.000,0,-9,.000,.000,.000,"d ","            ",1985-11-20
CO21,NA0454OW,"1979-02-20 16:00","1979-02-27 23:00",197902,6.230,9.600," ",1.000," ",.027," ",.029," ",.444," ",.250," ",1.150," ",.150," ",1.700,0,-9,530.000,17.270,17.270,"w ","            ",1985-06-04
CO21,NA0488OW,"1979-02-27 23:00","1979-03-06 16:00",197903,5.280,24.900," ",.860," ",.204," ",.102," ",.375," ",1.700," ",4.050," ",.550," ",4.300,0,-9,93.000,2.540,2.540,"w ","            ",1985-06-04
CO21,NA0504OW,"1979-03-06 16:00","1979-03-13 16:00",197903,4.840,10.700," ",.140," ",.034," ",.006," ",.156," ",.300," ",1.050,<,.050," ",.850,0,-9,280.000,6.860,6.860,"w ","            ",1985-06-04
CO21,NA0549OW,"1979-03-13 16:00","1979-03-27 16:00",197903,-9.000,-9.000," ",-9.000," ",-9.000," ",-9.000," ",-9.000," ",-9.000," ",-9.000," ",-9.000," ",-9.000,0,-9,11.000,-9.990,.162,"  ","e           ",1988-09-19
CO21,NA0572OW,"1979-03-27 16:00","1979-04-03 15:00",197903,5.340,15.100," ",.230," ",.017," ",.008," ",1.892," ",.100," ",1.200," ",.100," ",2.500,0,-9,988.000,21.080,21.080,"w ","            ",1985-06-04
CO21,NA0610OW,"1979-04-03 15:00","1979-04-10 16:00",197904,-9.000,-9.000," ",-9.000," ",-9.000," ",-9.000," ",-9.000,<,-9.000," ",-9.000," ",-9.000," ",-9.000,0,-9,.000,.000,.000,"d ","            ",1985-11-20
CO21,NA0627OW,"1979-04-10 16:00","1979-04-17 16:00",197904,5.140,9.700," ",.300," ",.056," ",.051," ",.162," ",.280," ",1.100," ",.100," ",1.600,0,-9,511.000,17.530,17.530,"w ","            ",1986-01-08
CO21,NA0654OW,"1979-04-17 16:00","1979-04-24 16:00",197904,-9.000,-9.000," ",-9.000," ",-9.000," ",-9.000," ",-9.000," ",-9.000," ",-9.000," ",-9.000," ",-9.000,0,-9,.000,.000,.000,"d ","            ",1985-11-20
CO21,NA0700OW,"1979-04-24 16:00","1979-05-01 15:00",197904,6.250,40.600," ",2.080," ",.295," ",.159," ",1.832," ",1.710," ",5.750," ",.680," ",6.530,0,-9,27.200,.760,.760,wa,"            ",1985-06-04
CO21,NA0717OW,"1979-05-01 15:00","1979-05-08 15:00",197905,5.120,7.900," ",.240," ",.034," ",.012," ",.132," ",.080," ",1.000," ",.070," ",1.000,0,-9,904.000,18.290,18.290,"w ","            ",1985-06-04
CO21,NA0754OW,"1979-05-08 15:00","1979-05-15 15:00",197905,-9.000,-9.000," ",-9.000," ",-9.000," ",-9.000," ",-9.000," ",-9.000," ",-9.000," ",-9.000," ",-9.000,0,-9,.000,.000,.000,"d ","            ",1985-11-20
CO21,NA0817OW,"1979-05-15 15:00","1979-05-22 15:00",197905,5.360,8.100," ",.260," ",.059," ",.019," ",.205," ",.200," ",1.000," ",.070," ",1.350,0,-9,559.000,13.970,13.970,"w ","            ",1985-06-04
CO21,NA0821OW,"1979-05-22 15:00","1979-05-29 15:00",197905,6.610,24.900," ",1.020," ",.136," ",.025," ",3.151," ",.400," ",3.000," ",.280," ",5.200,0,-9,200.000,3.560,3.560,"w ","            ",1985-05-17
CO21,NA0842OW,"1979-05-29 15:00","1979-06-05 15:00",197906,4.800,10.000," ",.170," ",.030," ",.015," ",.118," ",.050," ",1.020," ",.100," ",1.000,0,-9,984.500,11.430,11.430,"w ","            ",1985-06-04
CO21,NA0894OW,"1979-06-05 15:00","1979-06-12 15:00",197906,6.020,8.500," ",.710," ",.074," ",.061," ",.100," ",.120," ",1.100," ",.170," ",1.450,0,-9,2190.000,33.270,33.270,"w ","            ",1985-06-04
CO21,NA0893OW,"1979-06-12 15:00","1979-06-19 15:00",197906,-9.000,-9.000," ",-9.000," ",-9.000," ",-9.000," ",-9.000," ",-9.000," ",-9.000," ",-9.000," ",-9.000,0,-9,5.800,.000,.000,"d ","            ",1985-06-06
CO21,NA1001OW,"1979-06-19 15:00","1979-07-03 15:00",197906,-9.000,-9.000," ",-9.000," ",-9.000," ",-9.000," ",-9.000," ",-9.000," ",-9.000," ",-9.000," ",-9.000,0,-9,313.000,5.330,5.330,"  ","e           ",1988-09-19
CO21,NA1005OW,"1979-07-03 15:00","1979-07-10 15:00",197907,5.310,16.700," ",.620," ",.119," ",.097," ",.952," ",.450," ",2.610," ",.200," ",2.800,0,-9,673.500,11.430,11.430,"w ","            ",1985-06-04
CO21,NA1051OW,"1979-07-10 15:00","1979-07-17 15:00",197907,5.110,19.000," ",.720," ",.081," ",.152," ",1.232," ",.400," ",2.930," ",.350," ",3.050,0,-9,806.000,12.190,12.190,"w ","            ",1985-06-04
CO21,NA1086OW,"1979-07-17 15:00","1979-07-24 15:00",197907,4.370,28.200," ",.560," ",.087," ",.096," ",.082," ",.580," ",3.350," ",.220," ",3.200,0,-9,951.500,13.970,13.970,"w ","            ",1985-06-04
CO21,NA1101OW,"1979-07-24 15:00","1979-07-31 15:00",197907,5.060,11.200," ",.550," ",.098," ",.058," ",.100," ",.290," ",1.850," ",.100," ",1.730,0,-9,1009.000,17.530,17.530,"w ","            ",1985-06-04
CO21,NA1256OW,"1979-07-31 15:00","1979-08-28 15:00",197908,-9.000,-9.000," ",-9.000," ",-9.000," ",-9.000," ",-9.000," ",-9.000," ",-9.000,<,-9.000," ",-9.000,0,-9,2908.500,46.990,46.990,"  ","e           ",1989-06-13
CO21,NA1260OW,"1979-08-28 15:00","1979-09-04 15:00",197908,-9.000,-9.000,<,-9.000," ",-9.000," ",-9.000," ",-9.000,<,-9.000,<,-9.000,<,-9.000,<,-9.000,0,-9,.000,.000,.000,"d ","            ",1985-11-20
CO21,NA1392OW,"1979-09-04 16:00","1979-09-11 16:00",197909,6.440,41.000," ",2.340," ",.262," ",.165," ",4.267," ",.620," ",5.820," ",.420," ",10.200,0,-9,50.500,2.540,2.540,"w ","            ",1985-06-04
CO21,NA1388OW,"1979-09-11 16:00","1979-09-25 16:00",197909,-9.000,-9.000," ",-9.000," ",-9.000," ",-9.000," ",-9.000," ",-9.000," ",-9.000," ",-9.000," ",-9.000,0,-9,1100.000,18.800,18.800,"  ","e           ",1988-09-19
CO21,N@0083OW,"1979-09-25 00:00","1979-10-02 00:00",197909,-9.000,-9.000," ",-9.000," ",-9.000," ",-9.000," ",-9.000," ",-9.000," ",-9.000," ",-9.000," ",-9.000,0,-9,-9.000,-9.990,-9.990,"  ","np          ",1985-05-17
CO21,NA1409OW,"1979-10-02 16:00","1979-10-09 16:00",197910,-9.000,-9.000," ",-9.000," ",-9.000," ",-9.000," ",-9.000," ",-9.000," ",-9.000," ",-9.000," ",-9.000,0,-9,11.200,.760,.760,"  ","v           ",1985-06-06
CO21,NA1459OW,"1979-10-09 16:00","1979-10-16 16:00",197910,-9.000,-9.000," ",-9.000," ",-9.000," ",-9.000," ",-9.000," ",-9.000," ",-9.000," ",-9.000," ",-9.000,0,-9,.000,.000,.000,"d ","            ",1985-11-20
CO21,NA1495OW,"1979-10-16 16:00","1979-10-23 15:00",197910,5.690,4.700," ",.150," ",.017," ",.040," ",.206," ",.040," ",.720,<,.050," ",.550,0,-9,993.500,17.530,17.530,"w ","            ",1985-06-04
CO21,NA1554OW,"1979-10-23 15:00","1979-10-30 16:00",197910,4.720,11.500," ",.130," ",.021," ",.015," ",.302," ",.030," ",1.620," ",.080," ",.700,0,-9,199.000,14.990,14.990,"w ","            ",1985-06-04
CO21,NA1559OW,"1979-10-30 16:00","1979-11-06 16:00",197911,-9.000,-9.000," ",-9.000," ",-9.000," ",-9.000," ",-9.000,<,-9.000," ",-9.000," ",-9.000,<,-9.000,0,-9,.000,.000,.000,"d ","            ",1985-11-20
CO21,NA1597OW,"1979-11-06 16:00","1979-11-13 16:00",197911,-9.000,-9.000," ",-9.000," ",-9.000," ",-9.000," ",-9.000," ",-9.000," ",-9.000," ",-9.000,<,-9.000,0,-9,.000,2.540,2.540,"  ","v           ",1985-11-20
CO21,NA1723OW,"1979-11-13 16:00","1979-11-21 16:00",197911,5.070,5.500," ",.060," ",.012," ",.015," ",.009,<,.020," ",.600,<,.050," ",.400,0,-9,494.400,19.300,19.300,"w ","            ",1985-06-04
CO21,NA1651OW,"1979-11-21 16:00","1979-11-27 16:00",197911,-9.000,-9.000," ",-9.000," ",-9.000," ",-9.000," ",-9.000," ",-9.000," ",-9.000," ",-9.000," ",-9.000,0,-9,6.700,2.540,2.540,"  ","v           ",1985-06-06
CO21,NA1725OW,"1979-11-27 16:00","1979-12-04 16:00",197911,-9.000,-9.000,<,-9.000,<,-9.000," ",-9.000," ",-9.000,<,-9.000,<,-9.000," ",-9.000," ",-9.000,0,-9,.000,.000,.000,"d ","            ",1985-11-20
CO21,NA1724OW,"1979-12-04 16:00","1979-12-11 16:00",197912,-9.000,-9.000," ",-9.000," ",-9.000," ",-9.000," ",-9.000," ",-9.000," ",-9.000,<,-9.000," ",-9.000,0,-9,.000,.000,.000,"d ","            ",1985-11-20
CO21,NA1823OW,"1979-12-11 16:00","1979-12-18 16:00",197912,-9.000,-9.000," ",-9.000," ",-9.000," ",-9.000," ",-9.000,<,-9.000," ",-9.000," ",-9.000," ",-9.000,0,-9,.000,.000,.000,"d ","            ",1986-02-01
CO21,NA1812OW,"1979-12-18 16:00","1980-01-01 16:00",197912,-9.000,-9.000," ",-9.000," ",-9.000," ",-9.000," ",-9.000,<,-9.000," ",-9.000,<,-9.000," ",-9.000,0,-9,60.600,29.720,29.720,"  ","e           ",1988-09-19
CO21,NA1874OW,"1980-01-01 16:00","1980-01-08 16:00",198001,-9.000,-9.000," ",-9.000," ",-9.000," ",-9.000," ",-9.000,<,-9.000,<,-9.000," ",-9.000," ",-9.000,0,-9,.000,.000,.000,"d ","            ",1985-11-20
CO21,NA1908OW,"1980-01-08 16:00","1980-01-15 16:00",198001,-9.000,-9.000," ",-9.000," ",-9.000," ",-9.000," ",-9.000," ",-9.000," ",-9.000," ",-9.000," ",-9.000,0,-9,8.500,1.780,1.780,"  ","v           ",1985-06-06
CO21,NA1946OW,"1980-01-15 16:00","1980-01-22 16:00",198001,4.790,13.100," ",.310," ",.065," ",.067," ",.207," ",.300," ",2.200," ",.340," ",.750,0,-9,55.800,6.860,6.860,"w ","            ",1985-06-04
CO21,NA1982OW,"1980-01-22 16:00","1980-01-29 16:00",198001,-9.000,-9.000,<,-9.000," ",-9.000," ",-9.000," ",-9.000," ",-9.000," ",-9.000," ",-9.000,<,-9.000,0,-9,.000,.760,.760,"  ","vx          ",1985-11-20
CO21,NA2018OW,"1980-01-29 16:00","1980-02-05 16:00",198002,-9.000,-9.000,<,-9.000," ",-9.000," ",-9.000," ",-9.000,<,-9.000,<,-9.000," ",-9.000,<,-9.000,0,-9,.000,.000,.000,"d ","            ",1985-11-20
CO21,NA2094OW,"1980-02-05 16:00","1980-02-12 16:00",198002,5.930,11.300," ",.160," ",.026," ",.012," ",2.012," ",.030," ",1.400," ",.320," ",1.500,0,-9,207.200,10.410,10.410,"w ","            ",1985-06-04
CO21,NA2096OW,"1980-02-12 16:00","1980-02-19 16:00",198002,-9.000,-9.000,<,-9.000,<,-9.000,<,-9.000," ",-9.000," ",-9.000,<,-9.000,<,-9.000,<,-9.000,0,-9,.000,.000,.000,"d ","            ",1985-11-20
CO21,NA2135OW,"1980-02-19 16:00","1980-02-26 16:00",198002,-9.000,-9.000,<,-9.000," ",-9.000," ",-9.000," ",-9.000," ",-9.000," ",-9.000," ",-9.000,<,-9.000,0,-9,.000,2.540,2.540,"  ","v           ",1985-11-20
CO21,NA2181OW,"1980-02-26 16:00","1980-03-04 16:00",198002,-9.000,-9.000," ",-9.000," ",-9.000," ",-9.000," ",-9.000," ",-9.000," ",-9.000," ",-9.000," ",-9.000,0,-9,4.200,1.780,1.780,"  ","v           ",1985-06-06
CO21,NA2217OW,"1980-03-04 16:00","1980-03-11 16:00",198003,-9.000,-9.000," ",-9.000," ",-9.000," ",-9.000," ",-9.000," ",-9.000," ",-9.000," ",-9.000," ",-9.000,0,-9,.300,4.320,4.320,"  ","v           ",1985-06-06
CO21,NA2262OW,"1980-03-11 16:00","1980-03-18 16:00",198003,-9.000,-9.000," ",-9.000," ",-9.000," ",-9.000," ",-9.000," ",-9.000," ",-9.000," ",-9.000,<,-9.000,0,-9,.000,-7.000,.127,"t ","            ",1986-01-17
CO21,NA2365OW,"1980-03-18 16:00","1980-04-01 16:00",198003,-9.000,-9.000," ",-9.000," ",-9.000," ",-9.000," ",-9.000,<,-9.000," ",-9.000,<,-9.000," ",-9.000,0,-9,28.600,17.270,17.270,"  ","e           ",1988-09-20
CO21,NA2391OW,"1980-04-01 16:00","1980-04-08 16:00",198004,4.370,22.200," ",.270," ",.041," ",.018," ",.214," ",.240," ",3.500," ",.170," ",1.080,0,-9,224.500,5.840,5.840,"w ","            ",1985-06-04
CO21,NA2449OW,"1980-04-08 16:00","1980-04-15 16:00",198004,6.330,13.800," ",.990," ",.139," ",.073," ",.760," ",.250," ",2.330," ",.340," ",2.450,0,-9,347.800,10.410,10.410,"w ","            ",1985-06-04
CO21,NA2483OW,"1980-04-15 16:00","1980-04-22 16:00",198004,-9.000,-9.000," ",-9.000," ",-9.000," ",-9.000,<,-9.000,<,-9.000,<,-9.000," ",-9.000,<,-9.000,0,-9,.000,.000,.000,"d ","            ",1985-11-20
CO21,NA2536OW,"1980-04-22 16:00","1980-04-29 15:00",198004,5.700,5.500," ",.250," ",.038," ",.019," ",.028," ",.200," ",1.140," ",.170," ",.660,0,-9,2692.700,52.320,52.320,"w ","            ",1985-06-04
CO21,NA2588OW,"1980-04-29 15:00","1980-05-06 15:00",198005,5.810,6.300," ",.150," ",.029," ",.100," ",.047," ",.430," ",.910," ",.150," ",.920,0,-9,2482.600,38.350,38.350,"w ","            ",1985-06-04
CO21,NA2651OW,"1980-05-06 15:00","1980-05-13 15:00",198005,4.900,7.500," ",.120," ",.024," ",.007," ",.090," ",.090," ",.730," ",.070," ",.650,0,-9,1822.400,25.910,25.910,"w ","            ",1985-06-04
CO21,NA2698OW,"1980-05-13 15:00","1980-05-20 15:00",198005,4.690,14.900," ",.180," ",.025," ",.020," ",.630," ",.030," ",1.340," ",.150," ",1.800,0,-9,1158.000,21.840,21.840,"w ","            ",1985-06-04
CO21,NA2770OW,"1980-05-20 15:00","1980-05-27 15:00",198005,-9.000,-9.000," ",-9.000," ",-9.000," ",-9.000," ",-9.000,<,-9.000," ",-9.000," ",-9.000," ",-9.000,0,-9,.000,.000,.000,"d ","            ",1985-11-20
CO21,NA2801OW,"1980-05-27 15:00","1980-06-03 15:00",198005,-9.000,-9.000," ",-9.000," ",-9.000," ",-9.000," ",-9.000,<,-9.000," ",-9.000,<,-9.000,<,-9.000,0,-9,.000,.000,.000,"d ","            ",1985-11-20
CO21,NA2872OW,"1980-06-03 15:00","1980-06-10 15:00",198006,6.850,21.100," ",.390," ",.057," ",.270," ",2.998," ",.490," ",1.980," ",.430," ",3.680,0,-9,219.200,3.560,3.560,"w ","            ",1985-06-04
CO21,NA2936OW,"1980-06-10 15:00","1980-06-17 15:00",198006,-9.000,-9.000," ",-9.000," ",-9.000," ",-9.000," ",-9.000,<,-9.000," ",-9.000," ",-9.000," ",-9.000,0,-9,265.200,5.330,5.330,"  ","x           ",1985-12-31
CO21,NA2972OW,"1980-06-17 15:00","1980-06-24 15:00",198006,5.290,14.500," ",.660," ",.100," ",.154," ",.714," ",.350," ",2.200," ",.260," ",2.570,0,-9,686.300,10.410,10.410,"w ","            ",1985-06-04
CO21,NA3138OW,"1980-06-24 15:00","1980-07-08 15:00",198006,-9.000,-9.000," ",-9.000," ",-9.000," ",-9.000," ",-9.000," ",-9.000," ",-9.000," ",-9.000," ",-9.000,0,-9,1164.600,19.050,19.050,"  ","e           ",1988-09-20
CO21,NA3180OW,"1980-07-08 15:00","1980-07-15 15:00",198007,4.780,16.100," ",.370," ",.037," ",.057," ",.229," ",.440," ",2.080," ",.180," ",1.610,0,-9,863.000,12.950,12.950,"w ","            ",1985-06-04
CO21,NA3326OW,"1980-07-15 15:00","1980-07-22 15:00",198007,5.830,13.300," ",.680," ",.100," ",.101," ",.090," ",.560," ",2.190," ",.260," ",1.790,0,-9,585.400,9.650,9.650,"w ","            ",1985-06-04
CO21,NA3344OW,"1980-07-22 15:00","1980-07-29 15:00",198007,4.540,26.900," ",1.060," ",.204," ",.095," ",.371," ",.320," ",3.260," ",.400," ",3.650,0,-9,672.400,11.430,11.430,"w ","            ",1985-06-04
CO21,NA3439OW,"1980-07-29 15:00","1980-08-05 15:00",198008,-9.000,-9.000," ",-9.000," ",-9.000," ",-9.000," ",-9.000," ",-9.000," ",-9.000," ",-9.000," ",-9.000,0,-9,49.600,16.510,16.510,"  ","b           ",1986-01-09
CO21,N@0120OW,"1980-08-05 00:00","1980-08-12 00:00",198008,-9.000,-9.000," ",-9.000," ",-9.000," ",-9.000," ",-9.000," ",-9.000," ",-9.000," ",-9.000," ",-9.000,0,-9,-9.000,-9.990,-9.990,"  ","np          ",1985-05-17
CO21,NA3634OW,"1980-08-12 15:00","1980-08-26 15:00",198008,-9.000,-9.000," ",-9.000," ",-9.000," ",-9.000," ",-9.000," ",-9.000," ",-9.000," ",-9.000," ",-9.000,0,-9,3953.200,75.180,75.180,"  ","e           ",1988-09-20
CO21,NA3640OW,"1980-08-26 15:00","1980-09-02 15:00",198008,-9.000,-9.000," ",-9.000," ",-9.000," ",-9.000," ",-9.000," ",-9.000," ",-9.000," ",-9.000," ",-9.000,0,-9,384.100,13.970,13.970,"  ","uli         ",1996-01-30
CO21,NA3705OW,"1980-09-02 15:00","1980-09-09 15:00",198009,5.180,10.100," ",.380," ",.034," ",.083," ",.053," ",.410," ",1.120," ",.160," ",1.660,0,-9,625.100,11.430,11.430,"w ","            ",1985-06-04
CO21,NA3803OW,"1980-09-09 15:00","1980-09-16 15:00",198009,5.760,13.000," ",.730," ",.067," ",.286," ",.226," ",.410," ",1.850," ",.340," ",2.240,0,-9,68.700,3.810,3.810,"w ","            ",1985-06-04
CO21,NA3865OW,"1980-09-16 15:00","1980-09-23 15:00",198009,-9.000,-9.000," ",-9.000," ",-9.000," ",-9.000," ",-9.000,<,-9.000," ",-9.000," ",-9.000,<,-9.000,0,-9,.000,.000,.000,"d ","            ",1985-11-20
CO21,NA3957OW,"1980-09-23 15:00","1980-09-30 15:00",198009,-9.000,-9.000," ",-9.000," ",-9.000," ",-9.000," ",-9.000,<,-9.000,<,-9.000," ",-9.000,<,-9.000,0,-9,.000,.000,.000,"d ","            ",1985-11-20
CO21,NA4055OW,"1980-09-30 15:00","1980-10-07 15:00",198010,-9.000,-9.000," ",-9.000," ",-9.000," ",-9.000," ",-9.000,<,-9.000,<,-9.000," ",-9.000,<,-9.000,0,-9,.000,.000,.000,"d ","            ",1985-11-20
CO21,NA4030OW,"1980-10-07 15:00","1980-10-14 15:00",198010,-9.000,-9.000," ",-9.000," ",-9.000," ",-9.000," ",-9.000,<,-9.000," ",-9.000," ",-9.000,<,-9.000,0,-9,.000,.000,.000,"d ","            ",1985-11-20
CO21,NA4139OW,"1980-10-14 15:00","1980-10-21 15:00",198010,4.800,11.700," ",.310," ",.039," ",.061," ",.082," ",.170," ",.700," ",.130," ",1.890,0,-9,309.400,4.320,4.320,"w ","            ",1985-06-04
CO21,NA4215OW,"1980-10-21 15:00","1980-10-28 16:00",198010,-9.000,-9.000," ",-9.000," ",-9.000," ",-9.000," ",-9.000,<,-9.000,<,-9.000," ",-9.000,<,-9.000,0,-9,.000,.250,.250,"  ","v           ",1985-11-20
CO21,NA4324OW,"1980-10-28 16:00","1980-11-04 16:00",198010,-9.000,-9.000," ",-9.000," ",-9.000," ",-9.000," ",-9.000,<,-9.000," ",-9.000," ",-9.000,<,-9.000,0,-9,.000,.000,.000,"d ","            ",1985-11-20
CO21,NA4373OW,"1980-11-04 16:00","1980-11-11 16:00",198011,-9.000,-9.000," ",-9.000," ",-9.000," ",-9.000," ",-9.000,<,-9.000," ",-9.000," ",-9.000,<,-9.000,0,-9,.000,.000,.000,"d ","            ",1985-11-20
CO21,NA4500OW,"1980-11-11 16:00","1980-11-18 16:00",198011,-9.000,-9.000," ",-9.000,<,-9.000," ",-9.000," ",-9.000,<,-9.000," ",-9.000," ",-9.000,<,-9.000,0,-9,.000,8.890,8.890,"  ","v           ",1986-01-22
CO21,NA4517OW,"1980-11-18 16:00","1980-11-25 16:00",198011,-9.000,-9.000," ",-9.000," ",-9.000," ",-9.000," ",-9.000,<,-9.000," ",-9.000," ",-9.000,<,-9.000,0,-9,.000,7.870,7.870,"  ","v           ",1985-11-20
CO21,NA4813OW,"1980-11-25 16:00","1980-12-02 16:00",198011,-9.000,-9.000," ",-9.000," ",-9.000," ",-9.000," ",-9.000," ",-9.000," ",-9.000," ",-9.000,<,-9.000,0,-9,.000,.000,.000,"d ","            ",1985-11-20
CO21,NA4751OW,"1980-12-02 16:00","1980-12-09 16:00",198012,-9.000,-9.000," ",-9.000," ",-9.000," ",-9.000," ",-9.000," ",-9.000," ",-9.000," ",-9.000," ",-9.000,0,-9,.000,-7.000,.127,"t ","            ",1985-11-20
CO21,NA4783OW,"1980-12-09 16:00","1980-12-16 16:00",198012,-9.000,-9.000," ",-9.000," ",-9.000," ",-9.000," ",-9.000,<,-9.000," ",-9.000," ",-9.000,<,-9.000,0,-9,.000,.000,.000,"d ","            ",1985-11-20
CO21,NA4992OW,"1980-12-16 16:00","1980-12-23 16:00",198012,-9.000,-9.000," ",-9.000," ",-9.000," ",-9.000," ",-9.000,<,-9.000,<,-9.000," ",-9.000," ",-9.000,0,-9,.000,.000,.000,"d ","            ",1985-11-20
CO21,NA4993OW,"1980-12-23 16:00","1980-12-30 16:00",198012,-9.000,-9.000," ",-9.000," ",-9.000," ",-9.000," ",-9.000,<,-9.000,<,-9.000," ",-9.000," ",-9.000,0,-9,.000,.000,.000,"d ","            ",1985-11-20
CO21,NA4986OW,"1980-12-30 16:00","1981-01-06 16:00",198101,-9.000,-9.000," ",-9.000," ",-9.000," ",-9.000," ",-9.000," ",-9.000," ",-9.000," ",-9.000," ",-9.000,0,-9,10.900,.760,.760,"  ","v           ",1985-06-06
CO21,NA5050OW,"1981-01-06 16:00","1981-01-13 16:00",198101,-9.000,-9.000," ",-9.000," ",-9.000," ",-9.000," ",-9.000," ",-9.000," ",-9.000," ",-9.000,<,-9.000,0,-9,.000,.000,.000,"d ","            ",1985-11-20
CO21,NA5167OW,"1981-01-13 16:00","1981-01-20 16:00",198101,-9.000,-9.000," ",-9.000," ",-9.000," ",-9.000," ",-9.000," ",-9.000," ",-9.000," ",-9.000," ",-9.000,0,-9,55.600,.760,.760,"  ","li          ",1990-02-20
CO21,NA5226OW,"1981-01-20 16:00","1981-01-27 16:00",198101,-9.000,-9.000," ",-9.000," ",-9.000," ",-9.000," ",-9.000,<,-9.000," ",-9.000," ",-9.000,<,-9.000,0,-9,.000,.000,.000,"d ","            ",1985-11-20
CO21,NA5322OW,"1981-01-27 16:00","1981-02-03 16:00",198101,5.260,9.900," ",.450," ",.072," ",.098," ",.110," ",.050," ",1.530," ",.210," ",.960,0,-9,111.500,1.780,1.780,"w ","            ",1985-06-04
CO21,NA5390OW,"1981-02-03 16:00","1981-02-10 16:00",198102,6.160,9.400," ",.490," ",.041,<,.007," ",.195," ",.210," ",.450," ",.550," ",1.440,0,-9,25.800,.510,.510,wa,"            ",1985-06-04
CO21,NA5452OW,"1981-02-10 16:00","1981-02-17 16:00",198102,-9.000,-9.000," ",-9.000," ",-9.000," ",-9.000," ",-9.000,<,-9.000,<,-9.000," ",-9.000," ",-9.000,0,-9,.000,.000,.000,"d ","            ",1988-03-31
CO21,NA5545OW,"1981-02-17 16:00","1981-02-24 16:00",198102,6.900,19.900," ",1.850," ",.136," ",.135," ",.424," ",.170," ",1.510," ",.250," ",1.280,0,-9,130.800,6.100,6.100,"w ","            ",1985-06-04
CO21,NA5618OW,"1981-02-24 16:00","1981-03-03 16:00",198102,5.770,35.100," ",2.480," ",.285," ",.266," ",.594," ",.420," ",7.290," ",.520," ",3.560,0,-9,47.400,.760,.760,"w ","            ",1985-06-04
CO21,NA5698OW,"1981-03-03 16:00","1981-03-10 16:00",198103,4.530,14.200," ",.120," ",.045," ",.004," ",.058," ",.180," ",1.540," ",.140," ",.830,0,-9,741.100,11.430,11.430,"w ","            ",1985-06-04
CO21,NA5744OW,"1981-03-10 16:00","1981-03-17 16:00",198103,6.880,22.200," ",.550," ",.472," ",.082," ",1.564,<,.080," ",.700," ",1.110," ",.900,0,-9,22.300,.250,.250,wa,"            ",1985-06-04
CO21,NA5924OW,"1981-03-17 16:00","1981-03-24 16:00",198103,5.240,7.000," ",.080," ",.017," ",.003," ",.009," ",.040," ",.690," ",.060," ",.390,0,-9,230.100,3.560,3.560,"w ","            ",1985-06-04
CO21,NA5926OW,"1981-03-24 16:00","1981-03-31 16:00",198103,4.900,11.700," ",.140," ",.023," ",.005," ",.018," ",.220," ",1.070," ",.060," ",.960,0,-9,618.200,10.160,10.160,"w ","            ",1985-06-04
CO21,NA5994OW,"1981-03-31 16:00","1981-04-07 16:00",198104,6.260,27.500," ",.680," ",.243," ",.117," ",.196," ",.510," ",2.530," ",.510," ",4.540,0,-9,16.700,.250,.250,wa,"            ",1985-06-04
CO21,NA6089OW,"1981-04-07 16:00","1981-04-14 16:00",198104,6.490,15.200," ",1.440," ",.123," ",.059," ",.121," ",.220," ",2.390," ",.170," ",1.200,0,-9,143.700,2.290,2.290,"w ","            ",1985-06-04
CO21,NA6166OW,"1981-04-14 16:00","1981-04-21 16:00",198104,5.280,16.100," ",.720," ",.100," ",.064," ",.101," ",.300," ",2.320," ",.170," ",2.380,0,-9,60.100,.760,.760,"w ","            ",1985-06-04
CO21,NA6235OW,"1981-04-21 16:00","1981-04-28 15:00",198104,-9.000,-9.000," ",-9.000," ",-9.000," ",-9.000," ",-9.000," ",-9.000," ",-9.000,<,-9.000," ",-9.000,0,-9,.000,.000,.000,"d ","            ",1988-03-31
CO21,NA6344OW,"1981-04-28 15:00","1981-05-05 15:00",198105,4.990,11.100," ",.100," ",.017," ",.037," ",.018," ",.290," ",.940," ",.060," ",.760,0,-9,639.700,9.400,9.400,"w ","            ",1985-06-04
CO21,NA6403OW,"1981-05-05 15:00","1981-05-12 15:00",198105,4.800,12.600," ",.280," ",.034," ",.023," ",.060," ",.190," ",.810," ",.090," ",1.360,0,-9,383.600,5.840,5.840,"w ","            ",1985-06-04
CO21,NA6474OW,"1981-05-12 15:00","1981-05-19 15:00",198105,4.960,8.800," ",.060," ",.011," ",.010," ",.009," ",.090," ",.410," ",.030," ",.620,0,-9,1787.300,26.670,26.670,"w ","            ",1985-06-04
CO21,NA6573OW,"1981-05-19 15:00","1981-05-26 15:00",198105,4.880,13.000," ",.180," ",.033," ",.018," ",.020," ",.200," ",1.030," ",.030," ",1.250,0,-9,935.300,13.210,13.210,"w ","            ",1985-06-04
CO21,NA6657OW,"1981-05-26 15:00","1981-06-02 15:00",198105,4.670,19.600," ",.420," ",.107," ",.060," ",.340," ",.380," ",1.590," ",.590," ",2.560,0,-9,1113.900,16.510,16.510,"w ","            ",1985-06-04
CO21,NA6733OW,"1981-06-02 15:00","1981-06-09 15:00",198106,5.760,9.700," ",.390," ",.068," ",.027," ",.058," ",.210," ",1.090," ",.170," ",1.150,0,-9,489.200,7.110,7.110,"w ","            ",1985-06-04
CO21,NA6822OW,"1981-06-09 15:00","1981-06-16 15:00",198106,6.050,15.300," ",1.160," ",.133," ",.168," ",.236," ",.310," ",2.570," ",.270," ",2.040,0,-9,383.600,5.840,5.840,"w ","            ",1985-06-04
CO21,NA7007OW,"1981-06-16 15:00","1981-06-30 15:00",198106,-9.000,-9.000," ",-9.000," ",-9.000," ",-9.000," ",-9.000," ",-9.000," ",-9.000," ",-9.000," ",-9.000,0,-9,1970.000,29.970,29.970,"  ","e           ",1988-09-22
CO21,NA7074OW,"1981-06-30 15:00","1981-07-07 15:00",198107,5.000,12.400," ",.140," ",.029," ",.020," ",.033," ",.140," ",1.190," ",.130," ",.740,0,-9,394.200,5.840,5.840,"w ","            ",1985-06-04
CO21,NA7158OW,"1981-07-07 15:00","1981-07-14 15:00",198107,4.610,20.900," ",.250," ",.033," ",.046," ",.045," ",.380," ",1.760," ",.060," ",1.590,0,-9,1751.100,26.420,26.420,"w ","            ",1984-08-28
CO21,NA7246OW,"1981-07-14 15:00","1981-07-21 15:00",198107,4.690,18.700," ",.230," ",.055," ",.165," ",.047," ",.220," ",1.600," ",.070," ",1.190,0,-9,1503.900,22.100,22.100,"w ","            ",1984-08-28
CO21,NA7334OW,"1981-07-21 15:00","1981-07-28 15:00",198107,5.260,5.000," ",.170," ",.051," ",.039," ",.097,<,.020,<,.020," ",.120," ",.780,0,-9,1089.600,16.000,16.000,"w ","            ",1984-08-28
CO21,NA7468OW,"1981-07-28 15:00","1981-08-04 15:00",198107,4.760,35.700," ",1.410," ",.288," ",.080," ",.300," ",.570," ",4.880," ",.330," ",4.620,0,-9,332.400,4.830,4.830,"w ","            ",1984-08-28
CO21,NA7482OW,"1981-08-04 15:00","1981-08-11 15:00",198108,4.840,19.300," ",.340," ",.068," ",.067," ",.058," ",.190," ",1.710," ",.070," ",1.610,0,-9,2122.300,31.240,31.240,"w ","            ",1984-08-28
CO21,NA7740OW,"1981-08-11 15:00","1981-08-25 15:00",198108,-9.000,-9.000," ",-9.000," ",-9.000," ",-9.000," ",-9.000," ",-9.000," ",-9.000," ",-9.000," ",-9.000,0,-9,3738.000,55.880,55.880,"  ","e           ",1988-09-22
CO21,NA7719OW,"1981-08-25 15:00","1981-09-01 15:00",198108,-9.000,-9.000," ",-9.000," ",-9.000," ",-9.000," ",-9.000," ",-9.000," ",-9.000," ",-9.000," ",-9.000,0,-9,939.600,13.720,13.720,"  ","c           ",1984-08-28
CO21,NA7870OW,"1981-09-01 15:00","1981-09-08 15:00",198109,4.720,14.600," ",.420," ",.114," ",.040," ",.133," ",.310," ",1.780," ",.170," ",2.030,0,-9,901.800,13.460,13.460,"w ","            ",1984-08-28
CO21,NA7883OW,"1981-09-08 15:00","1981-09-15 15:00",198109,4.370,31.200," ",.380," ",.098," ",.061," ",.091," ",.470," ",3.310," ",.090," ",2.560,0,-9,1499.200,22.100,22.100,"w ","            ",1984-08-28
CO21,NA7951OW,"1981-09-15 15:00","1981-09-22 15:00",198109,5.170,66.400," ",6.910," ",.218," ",.111," ",.364," ",.810," ",4.360," ",.330," ",18.470,0,-9,27.700,.510,.510,wa,"            ",1984-08-28
CO21,NA8087OW,"1981-09-22 15:00","1981-09-29 15:00",198109,6.430,31.100," ",1.640," ",.780," ",.080," ",.876," ",.690," ",3.130," ",.710," ",6.310,0,-9,63.600,1.020,1.020,"w ","            ",1984-08-28
CO21,NA8180OW,"1981-09-29 15:00","1981-10-06 15:00",198110,-9.000,-9.000," ",-9.000," ",-9.000," ",-9.000," ",-9.000," ",-9.000," ",-9.000," ",-9.000," ",-9.000,0,-9,2.400,.000,.000,"d ","            ",1984-08-28
CO21,NA8222OW,"1981-10-06 15:00","1981-10-13 15:00",198110,-9.000,-9.000," ",-9.000," ",-9.000," ",-9.000," ",-9.000," ",-9.000," ",-9.000," ",-9.000," ",-9.000,0,-9,.000,.000,.000,"d ","            ",1984-08-28
CO21,NA8324OW,"1981-10-13 15:00","1981-10-20 15:00",198110,6.350,9.800," ",.380," ",.185," ",.486," ",.164," ",.310," ",.380," ",.200," ",1.820,0,-9,242.500,3.560,3.560,"w ","            ",1984-08-28
CO21,NA8385OW,"1981-10-20 15:00","1981-10-27 16:00",198110,6.850,27.400," ",.970," ",1.079," ",.304," ",1.433,<,.100,<,.100," ",1.220," ",4.610,0,-9,19.500,.250,.250,wa,"            ",1984-08-28
CO21,NA8529OW,"1981-10-27 16:00","1981-11-03 16:00",198110,5.120,4.900," ",.040," ",.026," ",.007," ",.047," ",.040," ",.680,<,.020," ",.460,0,-9,868.400,12.700,12.700,"w ","            ",1984-08-28
CO21,NA8621OW,"1981-11-03 16:00","1981-11-10 16:00",198111,-9.000,-9.000," ",-9.000," ",-9.000," ",-9.000," ",-9.000," ",-9.000," ",-9.000," ",-9.000," ",-9.000,0,-9,.900,-7.000,.127,"t ","            ",1984-08-28
CO21,NA8671OW,"1981-11-10 16:00","1981-11-17 16:00",198111,-9.000,-9.000," ",-9.000," ",-9.000," ",-9.000," ",-9.000," ",-9.000," ",-9.000," ",-9.000," ",-9.000,0,-9,1.200,.000,.000,"d ","            ",1984-08-28
CO21,NA8789OW,"1981-11-17 16:00","1981-11-24 16:00",198111,-9.000,-9.000," ",-9.000," ",-9.000," ",-9.000," ",-9.000," ",-9.000," ",-9.000," ",-9.000,<,-9.000,0,-9,.000,.000,.000,"d ","            ",1984-08-28
CO21,NA8892OW,"1981-11-24 16:00","1981-12-01 16:00",198111,5.450,10.100," ",.600," ",.182," ",.038," ",.258," ",.090," ",1.010," ",.210," ",2.180,0,-9,298.700,4.320,4.320,"w ","            ",1984-08-28
CO21,NA8984OW,"1981-12-01 16:00","1981-12-08 16:00",198112,-9.000,-9.000," ",-9.000," ",-9.000," ",-9.000," ",-9.000," ",-9.000," ",-9.000," ",-9.000," ",-9.000,0,-9,-9.000,.000,.000,"d ","            ",1994-02-04
CO21,NA9077OW,"1981-12-08 16:00","1981-12-15 16:00",198112,-9.000,-9.000," ",-9.000," ",-9.000," ",-9.000," ",-9.000," ",-9.000,<,-9.000,<,-9.000," ",-9.000,0,-9,.000,.000,.000,"d ","            ",1984-08-28
CO21,NA9180OW,"1981-12-15 16:00","1981-12-22 16:00",198112,5.470,6.800," ",.430," ",.061," ",.012," ",.142," ",.110," ",.410," ",.060," ",1.490,0,-9,672.200,10.670,10.670,"w ","            ",1984-08-28
CO21,NA9159OW,"1981-12-22 16:00","1981-12-29 16:00",198112,6.300,13.100," ",.320," ",.583," ",.060," ",.653," ",.050," ",.200," ",.590," ",2.370,0,-9,69.400,1.020,1.020,"w ","            ",1984-08-28
CO21,NA9274OW,"1981-12-29 16:00","1982-01-05 16:00",198201,-9.000,-9.000," ",-9.000," ",-9.000," ",-9.000," ",-9.000," ",-9.000," ",-9.000," ",-9.000," ",-9.000,0,-9,31.000,.510,.510,"  ","v           ",1984-08-28
CO21,NA9396OW,"1982-01-05 16:00","1982-01-12 16:00",198201,5.020,6.600," ",.170," ",.045," ",.011," ",.033," ",.060," ",1.080,<,.020," ",.270,0,-9,243.400,3.560,3.560,"w ","            ",1984-08-03
CO21,NA9480OW,"1982-01-12 16:00","1982-01-19 16:00",198201,-9.000,-9.000," ",-9.000," ",-9.000," ",-9.000," ",-9.000," ",-9.000," ",-9.000," ",-9.000,<,-9.000,0,-9,.000,.000,.000,"d ","            ",1984-08-03
CO21,NA9581OW,"1982-01-19 16:00","1982-01-26 16:00",198201,-9.000,-9.000," ",-9.000," ",-9.000," ",-9.000," ",-9.000," ",-9.000," ",-9.000," ",-9.000," ",-9.000,0,-9,5.400,-7.000,.127,"t ","            ",1988-04-08
CO21,NA9682OW,"1982-01-26 16:00","1982-02-02 16:00",198201,5.070,9.300," ",.350," ",.127," ",.023," ",.149," ",.070," ",1.700," ",.100," ",.590,0,-9,125.100,3.300,3.300,"w ","            ",1984-08-03
CO21,NA9773OW,"1982-02-02 16:00","1982-02-09 16:00",198202,-9.000,-9.000," ",-9.000," ",-9.000," ",-9.000," ",-9.000," ",-9.000," ",-9.000," ",-9.000," ",-9.000,0,-9,.000,-7.000,.127,"t ","            ",1984-08-03
CO21,NA9854OW,"1982-02-09 16:00","1982-02-16 16:00",198202,-9.000,-9.000," ",-9.000," ",-9.000," ",-9.000," ",-9.000," ",-9.000," ",-9.000," ",-9.000," ",-9.000,0,-9,6.300,.250,.250,"  ","v           ",1984-08-03
CO21,NA9963OW,"1982-02-16 16:00","1982-02-23 16:00",198202,-9.000,-9.000,<,-9.000," ",-9.000," ",-9.000," ",-9.000," ",-9.000,<,-9.000," ",-9.000," ",-9.000,0,-9,.000,.000,.000,"d ","            ",1984-08-03
CO21,NB0094OW,"1982-02-23 16:00","1982-03-02 16:00",198202,-9.000,-9.000," ",-9.000," ",-9.000," ",-9.000," ",-9.000," ",-9.000," ",-9.000," ",-9.000," ",-9.000,0,-9,.000,.000,.000,"d ","            ",1984-08-03
CO21,NB0209OW,"1982-03-02 16:00","1982-03-09 16:00",198203,5.460,6.100," ",.170," ",.040," ",.103," ",.021,<,.020," ",.360," ",.050," ",.420,0,-9,435.900,6.350,6.350,"w ","            ",1984-08-03
CO21,NB0250OW,"1982-03-09 16:00","1982-03-16 16:00",198203,6.960,24.700," ",1.320," ",.731," ",.132," ",.695," ",.530," ",1.140," ",.620," ",1.060,0,-9,19.900,.250,.250,wa,"            ",1984-08-03
CO21,NB0342OW,"1982-03-16 16:00","1982-03-23 16:00",198203,-9.000,-9.000," ",-9.000," ",-9.000," ",-9.000," ",-9.000," ",-9.000," ",-9.000," ",-9.000," ",-9.000,0,-9,.000,.000,.000,"d ","            ",1984-08-03
CO21,NB0473OW,"1982-03-23 16:00","1982-03-30 16:00",198203,5.880,5.600," ",.220," ",.059," ",.020," ",.131," ",.200," ",.560," ",.230," ",.690,0,-9,27.900,.760,.760,wa,"            ",1984-08-03
CO21,NB0530OW,"1982-03-30 16:00","1982-04-06 16:00",198204,7.000,44.600," ",5.820," ",.323," ",.330," ",.710,<,.140," ",2.080," ",.360," ",3.370,0,-9,13.000,.250,.250,wa,"            ",1984-08-03
CO21,NB0656OW,"1982-04-06 16:00","1982-04-13 16:00",198204,6.410,24.600," ",.510," ",.693," ",.074," ",1.047,<,.160," ",2.890," ",1.150," ",1.400,0,-9,10.800,.250,.250,wa,"            ",1984-08-03
CO21,NB0790OW,"1982-04-13 16:00","1982-04-20 16:00",198204,6.640,12.700," ",.900," ",.325," ",.059," ",.375," ",.090," ",1.160," ",.320," ",1.400,0,-9,66.800,1.020,1.020,"w ","            ",1984-08-03
CO21,NB0902OW,"1982-04-20 16:00","1982-04-27 15:00",198204,5.620,14.800," ",.840," ",.101," ",.093," ",.098," ",.390," ",2.020," ",.170," ",2.530,0,-9,363.900,5.330,5.330,"w ","            ",1984-08-03
CO21,NB1059OW,"1982-04-27 15:00","1982-05-04 15:00",198204,4.560,24.700," ",.470," ",.066," ",.041," ",.074," ",.670," ",3.160," ",.180," ",2.660,0,-9,723.600,10.670,10.670,"w ","            ",1984-08-03
CO21,NB1083OW,"1982-05-04 15:00","1982-05-11 15:00",198205,4.930,7.100," ",.080," ",.020," ",.016," ",.016," ",.140," ",.740," ",.040," ",.980,0,-9,561.100,8.890,8.890,"w ","            ",1984-08-03
CO21,NB1204OW,"1982-05-11 15:00","1982-05-18 15:00",198205,5.340,6.300," ",.170," ",.043," ",.032," ",.053," ",.180," ",.680," ",.120," ",.660,0,-9,3095.100,49.530,49.530,"w ","            ",1984-08-03
CO21,NB1253OW,"1982-05-18 15:00","1982-05-25 15:00",198205,4.730,13.200," ",.230," ",.043," ",.025," ",.032," ",.220," ",1.390," ",.060," ",1.160,0,-9,1148.500,16.760,16.760,"w ","            ",1984-08-03
CO21,NB1500OW,"1982-05-25 15:00","1982-06-01 15:00",198205,5.120,9.700," ",.430," ",.078," ",.023," ",.050," ",.210," ",1.140," ",.060," ",.990,0,-9,889.200,13.210,13.210,"w ","            ",1984-08-03
CO21,NB1531OW,"1982-06-01 15:00","1982-06-08 15:00",198206,4.810,14.900," ",.400," ",.054," ",.038," ",.077," ",.310," ",1.790," ",.110," ",1.380,0,-9,707.200,10.410,10.410,"w ","            ",1984-08-03
CO21,NB1520OW,"1982-06-08 15:00","1982-06-15 15:00",198206,-9.000,-9.000," ",-9.000," ",-9.000," ",-9.000," ",-9.000," ",-9.000," ",-9.000," ",-9.000," ",-9.000,0,-9,221.000,3.300,3.300,"  ","c           ",1988-09-09
CO21,NB1765OW,"1982-06-15 15:00","1982-06-22 15:00",198206,-9.000,-9.000," ",-9.000," ",-9.000," ",-9.000," ",-9.000,<,-9.000,<,-9.000," ",-9.000," ",-9.000,0,-9,3163.500,46.740,46.740,"  ","c           ",1984-08-03
CO21,NB1863OW,"1982-06-22 15:00","1982-06-29 15:00",198206,5.060,16.500," ",.370," ",.056," ",.596," ",.046,<,.020," ",.840," ",.480," ",1.510,0,-9,1634.100,24.130,24.130,"w ","            ",1984-08-03
CO21,NB1935OW,"1982-06-29 15:00","1982-07-06 15:00",198207,4.930,28.000," ",.950," ",.170," ",.182," ",.146," ",.550," ",4.310," ",.520," ",3.520,0,-9,52.100,.760,.760,"w ","            ",1984-08-03
CO21,NB1948OW,"1982-07-06 15:00","1982-07-13 15:00",198207,-9.000,-9.000," ",-9.000," ",-9.000," ",-9.000," ",-9.000," ",-9.000," ",-9.000," ",-9.000," ",-9.000,0,-9,330.400,4.830,4.830,"  ","c           ",1984-08-03
CO21,NB2218OW,"1982-07-13 15:00","1982-07-27 15:00",198207,-9.000,-9.000," ",-9.000," ",-9.000," ",-9.000," ",-9.000," ",-9.000," ",-9.000," ",-9.000," ",-9.000,0,-9,1672.700,21.840,21.840,"  ","e           ",1988-09-29
CO21,NB2387OW,"1982-07-27 15:00","1982-08-03 15:00",198207,5.090,7.400," ",.050," ",.009," ",.020," ",.018," ",.050," ",.530,<,.020," ",.380,0,-9,2366.300,34.800,34.800,"w ","            ",1984-08-03
CO21,NB2381OW,"1982-08-03 15:00","1982-08-10 15:00",198208,4.770,19.000," ",.180," ",.038," ",.026," ",.150," ",.250," ",1.870," ",.090," ",1.420,0,-9,1235.900,18.540,18.540,"w ","            ",1984-08-03
CO21,NB2484OW,"1982-08-10 15:00","1982-08-17 15:00",198208,4.410,29.800," ",.280," ",.033," ",.067," ",.213," ",.310," ",2.660," ",.120," ",2.360,0,-9,837.400,12.450,12.450,"w ","            ",1984-08-03
CO21,NB2536OW,"1982-08-17 15:00","1982-08-24 15:00",198208,4.470,19.300," ",.160," ",.029," ",.029," ",.022," ",.260," ",1.870," ",.060," ",1.580,0,-9,1142.200,16.760,16.760,"w ","            ",1984-08-03
CO21,NB2673OW,"1982-08-24 15:00","1982-08-31 15:00",198208,4.740,10.400," ",.130," ",.024," ",.022," ",.037," ",.160," ",.950," ",.070," ",.920,0,-9,933.700,13.720,13.720,"w ","            ",1984-08-03
CO21,NB2742OW,"1982-08-31 15:00","1982-09-07 15:00",198209,4.900,10.100," ",.160," ",.034," ",.026," ",.021," ",.170," ",1.050," ",.080," ",1.310,0,-9,1080.100,15.490,15.490,"w ","            ",1984-08-03
CO21,NB2938OW,"1982-09-07 15:00","1982-09-14 15:00",198209,4.860,8.600," ",.040," ",.007," ",.012," ",.013," ",.120," ",.780," ",.050," ",.850,0,-9,2165.100,32.000,32.000,"w ","            ",1984-08-03
CO21,NB3031OW,"1982-09-14 15:00","1982-09-21 15:00",198209,4.810,12.300," ",.160," ",.029," ",.019," ",.027," ",.390," ",1.360," ",.060," ",1.270,0,-9,1038.300,15.240,15.240,"w ","            ",1984-08-03
CO21,NB3150OW,"1982-09-21 15:00","1982-09-28 15:00",198209,-9.000,-9.000," ",-9.000," ",-9.000," ",-9.000," ",-9.000,<,-9.000," ",-9.000," ",-9.000," ",-9.000,0,-9,.000,-7.000,.127,"t ","            ",1984-08-03
CO21,NB3284OW,"1982-09-28 15:00","1982-10-05 15:00",198210,5.600,12.800," ",.570," ",.099," ",.020," ",.100," ",.630," ",1.330," ",.150," ",1.890,0,-9,75.200,1.270,1.270,"w ","            ",1984-08-03
CO21,NB3340OW,"1982-10-05 15:00","1982-10-12 15:00",198210,5.000,13.200," ",.790," ",.090," ",.111," ",.152," ",.040," ",2.140," ",.150," ",1.410,0,-9,363.400,7.870,7.870,"w ","            ",1984-08-03
CO21,NB3368OW,"1982-10-12 15:00","1982-10-19 15:00",198210,5.410,11.400," ",.310," ",.082," ",.017," ",.085," ",.050," ",1.120," ",.140," ",1.110,0,-9,73.900,1.020,1.020,"w ","            ",1984-08-03
CO21,NB3569OW,"1982-10-19 15:00","1982-10-26 15:00",198210,-9.000,-9.000," ",-9.000," ",-9.000," ",-9.000," ",-9.000," ",-9.000," ",-9.000," ",-9.000," ",-9.000,0,-9,.000,.000,.000,"d ","            ",1984-08-03
CO21,NB3636OW,"1982-10-26 15:00","1982-11-02 16:00",198210,5.340,4.000," ",.100," ",.023," ",.014," ",.043," ",.030," ",.550," ",.070," ",.250,0,-9,326.800,8.130,8.130,"w ","            ",1984-08-03
CO21,NB3950OW,"1982-11-02 16:00","1982-11-09 16:00",198211,-9.000,-9.000," ",-9.000," ",-9.000," ",-9.000," ",-9.000,<,-9.000," ",-9.000," ",-9.000," ",-9.000,0,-9,.000,.000,.000,"d ","            ",1984-08-03
CO21,NB3815OW,"1982-11-09 16:00","1982-11-16 16:00",198211,5.920,6.000," ",.160," ",.036," ",.012," ",.077," ",.130," ",.680," ",.150," ",.540,0,-9,217.200,3.560,3.560,"w ","            ",1984-08-03
CO21,NB3883OW,"1982-11-16 16:00","1982-11-23 16:00",198211,4.800,17.400," ",.370," ",.055," ",.045," ",.092," ",.490," ",3.070," ",.170," ",1.290,0,-9,67.500,2.540,2.540,"w ","            ",1984-08-03
CO21,NB4059OW,"1982-11-23 16:00","1982-11-30 16:00",198211,-9.000,-9.000," ",-9.000," ",-9.000," ",-9.000," ",-9.000," ",-9.000," ",-9.000," ",-9.000,<,-9.000,0,-9,.000,.000,.000,"d ","            ",1984-08-03
CO21,NB4163OW,"1982-11-30 16:00","1982-12-07 16:00",198212,-9.000,-9.000," ",-9.000," ",-9.000," ",-9.000," ",-9.000," ",-9.000," ",-9.000," ",-9.000," ",-9.000,0,-9,9.400,.510,.510,"  ","v           ",1984-08-03
CO21,NB4265OW,"1982-12-07 16:00","1982-12-14 16:00",198212,5.950,8.000," ",.280," ",.084," ",.032," ",.245," ",.130," ",.900," ",.250,<,.100,0,-9,65.000,1.020,1.020,"w ","            ",1984-08-03
CO21,NB4414OW,"1982-12-14 16:00","1982-12-21 16:00",198212,-9.000,-9.000," ",-9.000," ",-9.000," ",-9.000," ",-9.000," ",-9.000," ",-9.000," ",-9.000," ",-9.000,0,-9,1.700,.000,.000,"d ","            ",1984-08-03
CO21,NB4452OW,"1982-12-21 16:00","1982-12-28 16:00",198212,5.270,3.900," ",.070," ",.013," ",.045," ",.025,<,.020," ",.540," ",.060," ",.250,0,-9,581.300,37.590,37.590,"w ","            ",1984-08-03
CO21,NB4590OW,"1982-12-28 16:00","1983-01-04 16:00",198212,-9.000,-9.000," ",-9.000," ",-9.000," ",-9.000," ",-9.000," ",-9.000," ",-9.000," ",-9.000,<,-9.000,0,-9,.000,.000,.000,"d ","            ",1984-08-03
CO21,NB4666OW,"1983-01-04 16:00","1983-01-11 16:00",198301,-9.000,-9.000," ",-9.000," ",-9.000," ",-9.000," ",-9.000,<,-9.000,<,-9.000," ",-9.000,<,-9.000,0,-9,.000,.000,.000,"d ","            ",1984-08-03
CO21,NB4802OW,"1983-01-11 16:00","1983-01-18 16:00",198301,-9.000,-9.000," ",-9.000," ",-9.000," ",-9.000," ",-9.000,<,-9.000," ",-9.000," ",-9.000,<,-9.000,0,-9,.000,.000,.000,"d ","            ",1984-08-03
CO21,NB4932OW,"1983-01-18 16:00","1983-01-25 16:00",198301,-9.000,-9.000," ",-9.000," ",-9.000," ",-9.000," ",-9.000," ",-9.000," ",-9.000," ",-9.000," ",-9.000,0,-9,3.800,-7.000,.127,"t ","            ",1984-09-04
CO21,NB5064OW,"1983-01-25 16:00","1983-02-01 16:00",198301,5.270,9.800," ",.320," ",.144," ",.029," ",.274," ",.050," ",2.420," ",.160," ",.850,0,-9,50.000,.760,.760,"w ","            ",1984-09-04
CO21,NB5163OW,"1983-02-01 16:00","1983-02-08 16:00",198302,5.530,9.900," ",.310," ",.069," ",.018," ",.111," ",.240," ",2.420," ",.180," ",.870,0,-9,66.200,2.540,2.540,"w ","            ",1984-09-04
CO21,NB5253OW,"1983-02-08 16:00","1983-02-15 16:00",198302,-9.000,-9.000," ",-9.000," ",-9.000," ",-9.000," ",-9.000," ",-9.000," ",-9.000," ",-9.000," ",-9.000,0,-9,.000,.000,.000,"d ","            ",1984-09-04
CO21,NB5363OW,"1983-02-15 16:00","1983-02-22 16:00",198302,6.700,15.500," ",1.850," ",.172," ",.110," ",.208," ",.100," ",2.090," ",.280," ",1.490,0,-9,192.000,11.430,11.430,"w ","            ",1984-09-04
CO21,NB5474OW,"1983-02-22 16:00","1983-03-01 16:00",198302,5.380,9.600," ",.720," ",.155," ",.047," ",.289," ",.470," ",.980," ",.160," ",2.530,0,-9,21.600,.510,.510,wa,"            ",1984-09-04
CO21,NB5599OW,"1983-03-01 16:00","1983-03-08 16:00",198303,5.190,3.600," ",.030," ",.005," ",.004," ",.024,<,.020," ",.390," ",.050," ",.230,0,-9,1142.300,35.810,35.810,"w ","            ",1984-09-04
CO21,NB5708OW,"1983-03-08 16:00","1983-03-15 16:00",198303,5.250,4.700," ",.070," ",.015," ",.014," ",.061," ",.180," ",.510," ",.030," ",.290,0,-9,636.300,12.950,12.950,"w ","            ",1984-09-04
CO21,NB5807OW,"1983-03-15 16:00","1983-03-22 16:00",198303,-9.000,-9.000," ",-9.000," ",-9.000," ",-9.000," ",-9.000," ",-9.000," ",-9.000," ",-9.000," ",-9.000,0,-9,553.800,21.840,21.840,"  ","vf          ",1984-09-04
CO21,NB5904OW,"1983-03-22 16:00","1983-03-29 16:00",198303,4.680,13.500," ",.250," ",.056," ",.016," ",.094," ",.230," ",2.030," ",.120," ",1.190,0,-9,294.700,6.100,6.100,"w ","            ",1984-09-04
CO21,NB6129OW,"1983-03-29 16:00","1983-04-05 16:00",198304,6.290,6.300," ",.290," ",.038," ",.013," ",.047," ",.260," ",1.390," ",.090," ",.480,0,-9,242.300,16.000,16.000,"w ","            ",1984-09-04
CO21,NB6124OW,"1983-04-05 16:00","1983-04-12 16:00",198304,4.450,22.300," ",.270," ",.051," ",.018," ",.094," ",.190," ",3.530," ",.110," ",.940,0,-9,306.500,5.330,5.330,"w ","            ",1984-09-04
CO21,NB6224OW,"1983-04-12 16:00","1983-04-19 16:00",198304,-9.000,-9.000," ",-9.000," ",-9.000," ",-9.000," ",-9.000," ",-9.000," ",-9.000," ",-9.000," ",-9.000,0,-9,2.800,.000,.000,"d ","            ",1984-09-04
CO21,NB6334OW,"1983-04-19 16:00","1983-04-26 15:00",198304,5.090,17.500," ",.600," ",.071," ",.023," ",.100," ",.260," ",1.750," ",.150," ",2.320,0,-9,415.100,6.860,6.860,"w ","            ",1984-09-04
CO21,NB6646OW,"1983-04-26 15:00","1983-05-03 15:00",198304,5.430,4.700," ",.130," ",.023," ",.016," ",.054," ",.180," ",.710," ",.040," ",.340,0,-9,787.300,13.970,13.970,"w ","            ",1992-08-13
CO21,NB6555OW,"1983-05-03 15:00","1983-05-10 15:00",198305,-9.000,-9.000," ",-9.000," ",-9.000," ",-9.000," ",-9.000," ",-9.000," ",-9.000," ",-9.000,<,-9.000,0,-9,.000,.000,.000,"d ","            ",1984-09-04
CO21,NB6732OW,"1983-05-10 15:00","1983-05-17 15:00",198305,6.750,23.400," ",.240," ",.107," ",1.120," ",.206," ",1.910," ",.820," ",.450," ",1.630,0,-9,390.600,7.110,7.110,"w ","            ",1984-09-04
CO21,NB6806OW,"1983-05-17 15:00","1983-05-24 15:00",198305,4.810,9.400," ",.070," ",.014," ",.010," ",.021," ",.090," ",1.060,<,.020," ",.620,0,-9,1012.100,15.750,15.750,"w ","            ",1984-09-04
CO21,NB6900OW,"1983-05-24 15:00","1983-05-31 15:00",198305,4.770,14.000," ",.270," ",.097," ",.311," ",.048," ",.130," ",1.490," ",.080," ",1.750,0,-9,1003.100,18.290,18.290,"w ","            ",1984-09-04
CO21,NB7151OW,"1983-05-31 15:00","1983-06-07 15:00",198306,5.210,12.400," ",.200," ",.037," ",.039," ",.079," ",.160," ",.960," ",.090," ",1.090,0,-9,857.700,12.700,12.700,"w ","            ",1984-09-04
CO21,NB7190OW,"1983-06-07 15:00","1983-06-14 15:00",198306,4.530,21.500," ",.580," ",.135," ",.072," ",.112," ",.290," ",2.480," ",.180," ",1.910,0,-9,431.900,5.330,5.330,"w ","            ",1984-09-04
CO21,NB7298OW,"1983-06-14 15:00","1983-06-21 15:00",198306,-9.000,-9.000," ",-9.000," ",-9.000," ",-9.000," ",-9.000," ",-9.000," ",-9.000," ",-9.000," ",-9.000,0,-9,3.500,-7.000,.127,"t ","            ",1984-09-04
CO21,NB7407OW,"1983-06-21 15:00","1983-06-28 15:00",198306,5.180,6.300," ",.170," ",.020," ",.035," ",.020," ",.280," ",.710,<,.020," ",.880,0,-9,4025.200,60.200,60.200,"w ","            ",1984-09-04
CO21,NB7471OW,"1983-06-28 15:00","1983-07-05 15:00",198307,4.930,12.000," ",.270," ",.044," ",.077," ",.069," ",.210," ",1.320," ",.120," ",1.050,0,-9,395.700,6.350,6.350,"w ","            ",1984-09-04
CO21,NB7683OW,"1983-07-05 15:00","1983-07-12 15:00",198307,5.020,8.800," ",.300," ",.037," ",.081," ",.042," ",.190," ",.950," ",.040," ",1.000,0,-9,1432.300,22.860,22.860,"w ","            ",1984-09-04
CO21,NB7658OW,"1983-07-12 15:00","1983-07-19 15:00",198307,-9.000,-9.000," ",-9.000," ",-9.000," ",-9.000," ",-9.000," ",-9.000," ",-9.000," ",-9.000," ",-9.000,0,-9,11.200,.250,.250,"  ","v           ",1984-09-04
CO21,NB7966OW,"1983-07-19 15:00","1983-07-26 15:00",198307,5.090,6.800," ",.150," ",.017," ",.032," ",.020," ",.090," ",.780,<,.020," ",.750,0,-9,2100.900,32.260,32.260,"w ","            ",1984-09-04
CO21,NB8106OW,"1983-07-26 15:00","1983-08-02 15:00",198307,4.730,9.800," ",.110," ",.020," ",.026," ",.067," ",.080," ",.950," ",.110," ",.560,0,-9,1358.300,20.070,20.070,"w ","            ",1984-09-04
CO21,NB8107OW,"1983-08-02 15:00","1983-08-09 15:00",198308,4.740,12.900," ",.160," ",.042," ",.059," ",.042," ",.170," ",1.550," ",.120," ",.840,0,-9,1100.000,17.270,17.270,"w ","            ",1984-09-04
CO21,NB8310OW,"1983-08-09 15:00","1983-08-16 15:00",198308,4.790,11.100," ",.340," ",.085," ",.324," ",.054," ",.080," ",1.180," ",.120," ",1.510,0,-9,2115.800,31.500,31.500,"w ","            ",1992-08-13
CO21,NB8357OW,"1983-08-16 15:00","1983-08-23 15:00",198308,-9.000,-9.000," ",-9.000," ",-9.000," ",-9.000," ",-9.000," ",-9.000," ",-9.000," ",-9.000," ",-9.000,0,-9,837.700,12.700,12.700,"  ","c           ",1984-09-11
CO21,NB8438OW,"1983-08-23 15:00","1983-08-30 15:00",198308,4.390,24.900," ",.340," ",.068," ",.055," ",.132," ",.340," ",2.500," ",.170," ",1.850,0,-9,1077.800,17.270,17.270,"w ","            ",1984-09-11
CO21,NB8613OW,"1983-08-30 15:00","1983-09-06 15:00",198309,4.180,40.000," ",.850," ",.142," ",.230," ",.209," ",.540," ",4.450," ",.380," ",3.910,0,-9,71.000,.760,.760,"w ","            ",1984-09-11
CO21,NB8690OW,"1983-09-06 15:00","1983-09-13 15:00",198309,5.470,8.800," ",.530," ",.081," ",.078," ",.140," ",.270," ",1.280," ",.130," ",1.150,0,-9,258.200,3.810,3.810,"w ","            ",1984-09-11
CO21,NB9028OW,"1983-09-13 15:00","1983-09-20 15:00",198309,6.660,16.000," ",1.610," ",.258," ",1.120," ",.205,<,.020," ",.030," ",.320," ",1.830,0,-9,141.000,2.290,2.290,"w ","            ",1984-10-18
CO21,NB9027OW,"1983-09-20 15:00","1983-09-27 15:00",198309,4.950,17.900," ",.830," ",.149," ",.063," ",.142," ",.500," ",3.140," ",.150," ",2.150,0,-9,127.100,2.290,2.290,"w ","            ",1984-10-18
CO21,NB9067OW,"1983-09-27 15:00","1983-10-04 15:00",198309,6.150,7.900," ",.780," ",.148," ",.057," ",.442,<,.060," ",.150," ",.330," ",1.240,0,-9,28.700,.510,.510,wa,"            ",1984-10-18
CO21,NB9261OW,"1983-10-04 15:00","1983-10-11 15:00",198310,5.170,9.200," ",.450," ",.055," ",.073," ",.096," ",.270," ",1.700," ",.120," ",1.070,0,-9,183.000,2.540,2.540,"w ","            ",1984-10-18
CO21,NB9273OW,"1983-10-11 15:00","1983-10-18 15:00",198310,-9.000,-9.000," ",-9.000," ",-9.000," ",-9.000," ",-9.000,<,-9.000," ",-9.000," ",-9.000," ",-9.000,0,-9,9.900,.000,.000,"d ","            ",1994-05-02
CO21,NB9402OW,"1983-10-18 15:00","1983-10-25 15:00",198310,-9.000,-9.000," ",-9.000," ",-9.000," ",-9.000," ",-9.000," ",-9.000," ",-9.000," ",-9.000," ",-9.000,0,-9,6.600,-7.000,.127,"t ","            ",1984-10-18
CO21,NB9618OW,"1983-10-25 15:00","1983-11-01 16:00",198310,-9.000,-9.000," ",-9.000," ",-9.000," ",-9.000," ",-9.000," ",-9.000," ",-9.000," ",-9.000,<,-9.000,0,-9,.000,.000,.000,"d ","            ",1984-10-18
CO21,NB9833OW,"1983-11-01 16:00","1983-11-08 16:00",198311,-9.000,-9.000," ",-9.000," ",-9.000," ",-9.000," ",-9.000," ",-9.000," ",-9.000," ",-9.000," ",-9.000,0,-9,20.100,-7.000,.127,"t ","            ",1984-10-18
CO21,NB9888OW,"1983-11-08 16:00","1983-11-15 16:00",198311,5.660,2.900," ",.120," ",.020," ",.031," ",.029,<,.020," ",.260," ",.070," ",.350,0,-9,568.500,13.970,13.970,"w ","            ",1984-10-18
CO21,NC0038OW,"1983-11-15 16:00","1983-11-22 16:00",198311,5.360,3.700," ",.060," ",.014," ",.026," ",.033," ",.050," ",.360," ",.090," ",.470,0,-9,1193.200,16.510,16.510,"w ","            ",1984-10-19
CO21,NC0111OW,"1983-11-22 16:00","1983-11-29 16:00",198311,5.960,8.500," ",.280," ",.065," ",.172," ",.470," ",.050," ",.810," ",.320," ",.680,0,-9,122.400,13.210,13.210,"w ","            ",1984-10-19
CO21,NC0271OW,"1983-11-29 16:00","1983-12-06 16:00",198312,5.250,9.500," ",.220," ",.092," ",.229," ",.189," ",.230," ",2.190," ",.290," ",.660,0,-9,65.600,1.020,1.020,"w ","            ",1984-10-24
CO21,NC0412OW,"1983-12-06 16:00","1983-12-13 16:00",198312,-9.000,-9.000," ",-9.000," ",-9.000," ",-9.000," ",-9.000,<,-9.000,<,-9.000," ",-9.000,<,-9.000,0,-9,.000,.000,.000,"d ","            ",1984-10-19
CO21,NC0827OW,"1983-12-13 16:00","1983-12-20 16:00",198312,6.050,6.500," ",.340," ",.094," ",.042," ",.233,<,.020," ",.670," ",.120," ",.660,0,-9,63.300,1.270,1.270,"w ","            ",1984-10-19
CO21,NC0644OW,"1983-12-20 16:00","1983-12-27 16:00",198312,4.950,7.100," ",.050," ",.014," ",.007," ",.033,<,.020," ",.980," ",.080," ",.470,0,-9,441.200,12.190,12.190,"w ","            ",1984-10-19
CO21,NC0694OW,"1983-12-27 16:00","1984-01-03 16:00",198312,5.200,7.400," ",.150," ",.052," ",.033," ",.093," ",.080," ",1.020," ",.060," ",.460,0,-9,133.300,2.290,2.290,"w ","            ",1984-10-19
CO21,NC0914OW,"1984-01-03 16:00","1984-01-10 16:00",198401,-9.000,-9.000," ",-9.000," ",-9.000," ",-9.000," ",-9.000," ",-9.000," ",-9.000," ",-9.000," ",-9.000,0,-9,2.300,.000,.000,"d ","            ",1984-10-19
CO21,NC1127OW,"1984-01-10 16:00","1984-01-17 16:00",198401,5.150,8.700," ",.230," ",.062," ",.020," ",.145," ",.210," ",1.670," ",.210," ",.670,0,-9,95.900,3.300,3.300,"w ","            ",1984-10-19
CO21,NC1231OW,"1984-01-17 16:00","1984-01-24 16:00",198401,-9.000,-9.000," ",-9.000," ",-9.000," ",-9.000," ",-9.000," ",-9.000," ",-9.000," ",-9.000," ",-9.000,0,-9,2.800,.000,.000,"d ","            ",1984-10-19
CO21,NC1329OW,"1984-01-24 16:00","1984-01-31 16:00",198401,-9.000,-9.000," ",-9.000," ",-9.000," ",-9.000," ",-9.000," ",-9.000," ",-9.000," ",-9.000," ",-9.000,0,-9,2.000,.000,.000,"d ","            ",1985-02-01
CO21,NC1514OW,"1984-01-31 16:00","1984-02-07 16:00",198402,-9.000,-9.000," ",-9.000," ",-9.000," ",-9.000," ",-9.000," ",-9.000," ",-9.000," ",-9.000," ",-9.000,0,-9,.000,.000,.000,"d ","            ",1985-02-01
CO21,NC1712OW,"1984-02-07 16:00","1984-02-14 16:00",198402,6.640,17.100," ",1.200," ",.256," ",.116," ",.422," ",.390," ",2.390," ",.320," ",1.860,0,-9,27.000,2.030,2.030,wa,"            ",1985-02-01
CO21,NC1827OW,"1984-02-14 16:00","1984-02-21 16:00",198402,6.490,15.700," ",.730," ",.424," ",.081," ",.926," ",.230," ",1.770," ",.250," ",2.030,0,-9,132.500,3.810,3.810,"w ","            ",1985-02-01
CO21,NC1983OW,"1984-02-21 16:00","1984-02-28 16:00",198402,5.550,6.000," ",.230," ",.033," ",.021," ",.191," ",.170," ",1.200," ",.150," ",.640,0,-9,292.700,6.350,6.350,"w ","            ",1985-02-01
CO21,NC2109OW,"1984-02-28 16:00","1984-03-06 16:00",198403,6.030,4.100," ",.170," ",.027," ",.007," ",.037," ",.250," ",.560," ",.060," ",.650,0,-9,499.500,7.620,7.620,"w ","            ",1985-02-01
CO21,NC2233OW,"1984-03-06 16:00","1984-03-13 16:00",198403,6.540,22.300," ",.720," ",.236," ",.153," ",.633,<,.140," ",1.250," ",.210," ",2.710,0,-9,16.100,-7.000,.127,wa,"            ",1985-02-01
CO21,NC2354OW,"1984-03-13 16:00","1984-03-20 16:00",198403,-9.000,-9.000," ",-9.000," ",-9.000," ",-9.000," ",-9.000," ",-9.000," ",-9.000," ",-9.000," ",-9.000,0,-9,5.200,.760,.760,"  ","v           ",1985-02-01
CO21,NC2482OW,"1984-03-20 16:00","1984-03-27 16:00",198403,5.400,7.300," ",.220," ",.034," ",.014," ",.048," ",.290," ",1.200," ",.080," ",.790,0,-9,543.300,18.290,18.290,"w ","            ",1985-02-01
CO21,NC2723OW,"1984-03-27 16:00","1984-04-03 16:00",198403,5.290,9.000," ",.430," ",.065," ",.029," ",.112,<,.020," ",1.070," ",.090," ",1.170,0,-9,343.600,5.590,5.590,"w ","            ",1985-02-01
CO21,NC2805OW,"1984-04-03 16:00","1984-04-10 16:00",198404,6.160,11.900," ",.260," ",.044," ",.028," ",.057," ",1.180," ",1.860," ",.110," ",1.780,0,-9,543.500,8.640,8.640,"w ","            ",1985-02-01
CO21,NC2958OW,"1984-04-10 16:00","1984-04-17 16:00",198404,6.620,33.300," ",2.790," ",.376," ",.164," ",.909," ",.100," ",3.210," ",.650," ",3.040,0,-9,26.900,.760,.760,wa,"            ",1985-02-01
CO21,NC3127OW,"1984-04-17 16:00","1984-04-24 16:00",198404,5.310,12.500," ",.580," ",.057," ",.030," ",.103," ",.450," ",1.450," ",.090," ",1.930,0,-9,226.300,11.940,11.940,"w ","            ",1985-02-01
CO21,NC3399OW,"1984-04-24 16:00","1984-05-01 15:00",198404,6.180,4.100," ",.260," ",.044," ",.024," ",.138," ",.070," ",.590," ",.110," ",.530,0,-9,618.800,9.400,9.400,"w ","            ",1985-02-01
CO21,NC3493OW,"1984-05-01 15:00","1984-05-08 15:00",198405,6.100,5.900," ",.430," ",.075," ",.036," ",.112," ",.170," ",.720," ",.150," ",.900,0,-9,429.500,5.590,5.590,"w ","            ",1985-02-01
CO21,NC3669OW,"1984-05-08 15:00","1984-05-15 15:00",198405,5.710,17.100," ",1.380," ",.147," ",.138," ",.195," ",.130," ",2.610," ",.210," ",3.070,0,-9,805.500,12.700,12.700,"w ","            ",1985-02-01
CO21,NC3745OW,"1984-05-15 15:00","1984-05-22 15:00",198405,4.780,22.600," ",1.050," ",.186," ",.087," ",.291," ",.510," ",3.560," ",.420," ",2.890,0,-9,199.000,3.050,3.050,"w ","            ",1985-02-01
CO21,NC3918OW,"1984-05-22 15:00","1984-05-29 15:00",198405,-9.000,-9.000," ",-9.000," ",-9.000," ",-9.000," ",-9.000," ",-9.000," ",-9.000," ",-9.000," ",-9.000,0,-9,5.000,-7.000,.127,"t ","            ",1985-03-14
CO21,NC4098OW,"1984-05-29 15:00","1984-06-05 15:00",198406,6.110,12.200," ",.880," ",.226," ",.136," ",.316," ",.210," ",1.690," ",.260," ",1.590,0,-9,126.500,1.780,1.780,"w ","            ",1985-03-14
CO21,NC4368OW,"1984-06-05 15:00","1984-06-12 15:00",198406,5.880,17.800," ",1.400," ",.289," ",.174," ",.710,<,.020," ",2.190," ",.550," ",3.160,0,-9,61.000,1.020,1.020,"w ","            ",1985-03-14
CO21,NC4482OW,"1984-06-12 15:00","1984-06-19 15:00",198406,5.020,14.100," ",.710," ",.115," ",.265," ",.150," ",.130," ",1.090," ",.260," ",2.360,0,-9,372.600,5.590,5.590,"w ","            ",1985-03-14
CO21,NC4457OW,"1984-06-19 15:00","1984-06-26 15:00",198406,4.960,11.100," ",.340," ",.059," ",.109," ",.050,<,.020," ",.070," ",.120," ",1.270,0,-9,1636.800,23.620,23.620,"w ","            ",1985-03-14
CO21,NC4632OW,"1984-06-26 15:00","1984-07-03 15:00",198406,4.830,25.100," ",1.220," ",.177," ",.226," ",.163," ",.870," ",4.130," ",.260," ",3.240,0,-9,510.800,8.130,8.130,"w ","            ",1985-03-14
CO21,NC5070OW,"1984-07-03 15:00","1984-07-10 15:00",198407,-9.000,-9.000," ",-9.000," ",-9.000," ",-9.000," ",-9.000," ",-9.000," ",-9.000," ",-9.000," ",-9.000,0,-9,328.300,5.080,5.080,"  ","c           ",1985-03-14
CO21,NC5101OW,"1984-07-10 15:00","1984-07-17 15:00",198407,4.630,23.100," ",.650," ",.182," ",.126," ",.080," ",.470," ",3.980," ",.160," ",2.190,0,-9,281.100,4.060,4.060,"w ","            ",1985-03-14
CO21,NC5229OW,"1984-07-17 15:00","1984-07-24 15:00",198407,-9.000,-9.000," ",-9.000," ",-9.000," ",-9.000," ",-9.000," ",-9.000," ",-9.000," ",-9.000," ",-9.000,0,-9,430.500,6.600,6.600,"  ","c           ",1985-03-14
CO21,NC5481OW,"1984-07-24 15:00","1984-07-31 15:00",198407,4.670,15.200," ",.170," ",.031," ",.045," ",.036," ",.500," ",1.880," ",.110," ",1.290,0,-9,1344.100,20.570,20.570,"w ","            ",1985-04-04
CO21,NC5519OW,"1984-07-31 15:00","1984-08-07 15:00",198408,4.610,13.700," ",.170," ",.039," ",.037," ",.060," ",.260," ",1.470," ",.100," ",1.040,0,-9,1116.200,15.240,15.240,"w ","            ",1985-04-04
CO21,NC5869OW,"1984-08-07 15:00","1984-08-14 15:00",198408,4.360,25.100," ",.270," ",.047," ",.082," ",.059," ",.290," ",2.820," ",.100," ",1.860,0,-9,752.500,11.940,11.940,"w ","            ",1985-04-04
CO21,NC5937OW,"1984-08-14 15:00","1984-08-21 15:00",198408,4.900,9.100," ",.100," ",.017," ",.028," ",.012," ",.180," ",.900," ",.070," ",.710,0,-9,5798.900,87.630,87.630,"w ","            ",1985-04-04
CO21,NC6395OW,"1984-08-21 15:00","1984-08-28 15:00",198408,4.590,12.800," ",.060," ",.014," ",.017," ",.023," ",.080," ",1.110," ",.070," ",.660,0,-9,1467.600,21.590,21.590,"w ","            ",1985-04-04
CO21,NC6318OW,"1984-08-28 15:00","1984-09-04 15:00",198408,5.000,8.800," ",.260," ",.046," ",.078," ",.058," ",.160," ",.960," ",.090," ",1.110,0,-9,1229.700,17.270,17.270,"w ","            ",1985-04-04
CO21,NC6449OW,"1984-09-04 15:00","1984-09-11 15:00",198409,-9.000,-9.000," ",-9.000," ",-9.000," ",-9.000," ",-9.000,<,-9.000,<,-9.000," ",-9.000," ",-9.000,0,-9,.000,.000,.000,"d ","            ",1985-04-04
CO21,NC6650OW,"1984-09-11 15:00","1984-09-18 15:00",198409,4.750,10.500," ",.140," ",.027," ",.034," ",.055," ",.130," ",1.070," ",.110," ",.870,0,-9,903.100,12.700,12.700,"w ","            ",1985-04-04
CO21,NC6974OW,"1984-09-18 15:00","1984-09-25 15:00",198409,5.410,11.000," ",.440," ",.105," ",.083," ",.169,<,.020," ",.460," ",.210," ",1.620,0,-9,239.600,3.560,3.560,"w ","            ",1985-06-28
CO21,NC7104OW,"1984-09-25 15:00","1984-10-02 15:00",198409,4.690,13.600," ",.350," ",.068," ",.048," ",.117," ",.130," ",1.810," ",.190," ",1.150,0,-9,271.300,4.060,4.060,"w ","            ",1985-06-28
CO21,NC7321OW,"1984-10-02 15:00","1984-10-09 15:00",198410,4.830,9.800," ",.150," ",.029," ",.012," ",.036," ",.140," ",1.110," ",.060," ",.710,0,-9,1904.700,26.670,26.670,"w ","            ",1985-06-28
CO21,NC7314OW,"1984-10-09 15:00","1984-10-16 15:00",198410,5.070,10.700," ",.070," ",.023," ",.017," ",.064," ",.050," ",.540," ",.090," ",.570,0,-9,1338.100,26.160,26.160,"w ","            ",1985-06-28
CO21,NC7420OW,"1984-10-16 15:00","1984-10-23 15:00",198410,4.720,20.500," ",.730," ",.168," ",.112," ",.362,<,.060," ",5.150," ",.410," ",1.250,0,-9,31.400,.510,.510,wa,"            ",1985-06-28
CO21,NC7636OW,"1984-10-23 15:00","1984-10-30 16:00",198410,-9.000,-9.000," ",-9.000," ",-9.000," ",-9.000," ",-9.000," ",-9.000,<,-9.000," ",-9.000," ",-9.000,0,-9,.000,.000,.000,"d ","            ",1985-06-28
CO21,NC8000OW,"1984-10-30 16:00","1984-11-06 16:00",198411,-9.000,-9.000," ",-9.000," ",-9.000," ",-9.000," ",-9.000," ",-9.000," ",-9.000," ",-9.000," ",-9.000,0,-9,.000,.000,.000,"d ","            ",1985-06-28
CO21,NC8032OW,"1984-11-06 16:00","1984-11-13 16:00",198411,-9.000,-9.000," ",-9.000," ",-9.000," ",-9.000," ",-9.000," ",-9.000," ",-9.000," ",-9.000," ",-9.000,0,-9,154.400,2.540,2.540,"  ","c           ",1985-06-28
CO21,NC8123OW,"1984-11-13 16:00","1984-11-20 16:00",198411,-9.000,-9.000," ",-9.000," ",-9.000," ",-9.000," ",-9.000," ",-9.000," ",-9.000," ",-9.000," ",-9.000,0,-9,1.700,.000,.000,"d ","            ",1985-06-28
CO21,NC8345OW,"1984-11-20 16:00","1984-11-27 16:00",198411,5.310,4.700," ",.100," ",.048," ",.027," ",.115,<,.020," ",.890," ",.060," ",.360,0,-9,304.300,4.570,4.570,"w ","            ",1985-06-28
CO21,NC8636OW,"1984-11-27 16:00","1984-12-04 16:00",198411,6.260,8.600," ",.370," ",.136," ",.065," ",.338," ",.140," ",1.240," ",.240," ",.540,0,-9,120.800,2.030,2.030,"w ","            ",1985-06-28
CO21,NC8643OW,"1984-12-04 16:00","1984-12-11 16:00",198412,-9.000,-9.000," ",-9.000," ",-9.000," ",-9.000," ",-9.000," ",-9.000," ",-9.000," ",-9.000," ",-9.000,0,-9,7.300,-7.000,.127,"t ","            ",1989-07-03
CO21,NC9017OW,"1984-12-11 16:00","1984-12-18 16:00",198412,-9.000,-9.000," ",-9.000," ",-9.000," ",-9.000," ",-9.000," ",-9.000," ",-9.000," ",-9.000," ",-9.000,0,-9,85.100,1.520,1.520,"  ","vc          ",1985-09-16
CO21,NC8932OW,"1984-12-18 16:00","1984-12-26 16:00",198412,-9.000,-9.000," ",-9.000," ",-9.000," ",-9.000," ",-9.000,<,-9.000," ",-9.000," ",-9.000,<,-9.000,0,-9,.000,.000,.000,"d ","            ",1988-10-13
CO21,NC9229OW,"1984-12-26 16:00","1985-01-02 16:00",198412,6.450,20.600,<,.200,<,.066,<,.066," ",.109,<,.440,<,.440,<,.440,<,2.180,0,-9,9.200,.760,.760,wa,"            ",1988-10-13
CO21,NC9288OW,"1985-01-02 16:00","1985-01-08 16:00",198501,5.460,6.200," ",.280," ",.067," ",.034," ",.181,<,.020," ",1.210," ",.120," ",.500,0,-9,164.900,2.540,2.540,"w ","            ",1988-10-13
CO21,NC9526OW,"1985-01-08 16:00","1985-01-15 16:00",198501,-9.000,-9.000," ",-9.000," ",-9.000," ",-9.000," ",-9.000,<,-9.000,<,-9.000," ",-9.000,<,-9.000,0,-9,.000,.000,.000,"d ","            ",1985-09-16
CO21,NC9722OW,"1985-01-15 16:00","1985-01-22 16:00",198501,5.210,5.800," ",.170," ",.060," ",.038," ",.189,<,.020," ",.980," ",.170," ",.270,0,-9,102.600,1.780,1.780,"w ","            ",1985-09-16
CO21,NC9911OW,"1985-01-22 16:00","1985-01-29 16:00",198501,-9.000,-9.000," ",-9.000," ",-9.000," ",-9.000," ",-9.000,<,-9.000,<,-9.000," ",-9.000,<,-9.000,0,-9,.000,.000,.000,"d ","            ",1985-09-16
CO21,ND0094OW,"1985-01-29 16:00","1985-02-05 16:00",198502,-9.000,-9.000," ",-9.000," ",-9.000," ",-9.000," ",-9.000,<,-9.000," ",-9.000," ",-9.000," ",-9.000,0,-9,16.900,-7.000,.127,"  ","c           ",1985-10-18
CO21,ND0321OW,"1985-02-05 16:00","1985-02-12 16:00",198502,4.920,8.000," ",.080," ",.021," ",.014," ",.046,<,.020," ",1.480," ",.080," ",.370,0,-9,245.100,5.080,5.080,"w ","            ",1985-10-18
CO21,ND0503OW,"1985-02-12 16:00","1985-02-19 16:00",198502,-9.000,-9.000," ",-9.000," ",-9.000," ",-9.000," ",-9.000,<,-9.000," ",-9.000," ",-9.000," ",-9.000,0,-9,.000,.000,.000,"d ","            ",1985-10-18
CO21,ND0681OW,"1985-02-19 16:00","1985-02-26 16:00",198502,5.190,4.500," ",.090," ",.018," ",.008," ",.030,<,.020," ",.660," ",.060," ",.230,0,-9,397.400,6.350,6.350,"w ","            ",1985-10-18
CO21,ND0875OW,"1985-02-26 16:00","1985-03-05 16:00",198503,-9.000,-9.000," ",-9.000," ",-9.000," ",-9.000," ",-9.000," ",-9.000," ",-9.000," ",-9.000," ",-9.000,0,-9,1.000,.000,.000,"d ","            ",1985-12-16
CO21,ND1129OW,"1985-03-05 16:00","1985-03-12 16:00",198503,-9.000,-9.000," ",-9.000," ",-9.000," ",-9.000," ",-9.000," ",-9.000," ",-9.000," ",-9.000," ",-9.000,0,-9,9.200,-7.000,.127,"t ","            ",1985-12-16
CO21,ND1303OW,"1985-03-12 16:00","1985-03-19 16:00",198503,-9.000,-9.000," ",-9.000," ",-9.000," ",-9.000," ",-9.000," ",-9.000," ",-9.000," ",-9.000," ",-9.000,0,-9,.700,.000,.000,"d ","            ",1985-12-16
CO21,ND1398OW,"1985-03-19 16:00","1985-03-26 16:00",198503,-9.000,-9.000," ",-9.000," ",-9.000," ",-9.000," ",-9.000," ",-9.000," ",-9.000," ",-9.000," ",-9.000,0,-9,.000,.000,.000,"d ","            ",1985-12-16
CO21,ND1625OW,"1985-03-26 16:00","1985-04-02 16:00",198503,5.360,4.300," ",.130," ",.023," ",.008," ",.055,<,.020," ",.560," ",.080," ",.300,0,-9,1046.300,23.370,23.370,"w ","            ",1985-12-16
CO21,ND1819OW,"1985-04-02 16:00","1985-04-09 16:00",198504,6.160,12.800," ",.930," ",.217," ",.078," ",.215,<,.020," ",1.330," ",.380," ",1.830,0,-9,37.700,.510,.510,"w ","            ",1985-12-16
CO21,ND2049OW,"1985-04-09 16:00","1985-04-16 16:00",198504,-9.000,-9.000," ",-9.000," ",-9.000," ",-9.000," ",-9.000," ",-9.000," ",-9.000," ",-9.000," ",-9.000,0,-9,62.300,1.020,1.020,"  ","c           ",1985-12-16
CO21,ND2315OW,"1985-04-16 16:00","1985-04-23 16:00",198504,5.110,5.900," ",.120," ",.018," ",.012," ",.020," ",.190," ",.790," ",.050," ",.610,0,-9,728.400,10.670,10.670,"w ","            ",1986-02-13
CO21,ND2407OW,"1985-04-23 16:00","1985-04-30 15:00",198504,5.470,4.600," ",.240," ",.023," ",.034," ",.044," ",.100," ",.670," ",.060," ",.520,0,-9,2189.300,33.530,33.530,"w ","            ",1986-02-13
CO21,ND2775OW,"1985-04-30 15:00","1985-05-07 15:00",198505,4.760,15.500," ",.430," ",.063," ",.044," ",.116," ",.460," ",2.070," ",.190," ",1.910,0,-9,361.800,5.080,5.080,"w ","            ",1986-09-24
CO21,ND2792OW,"1985-05-07 15:00","1985-05-14 15:00",198505,5.090,5.500," ",.110," ",.016," ",.009," ",.030," ",.060," ",.490,<,.030," ",.550,0,-9,890.400,13.970,13.970,"w ","            ",1986-09-24
CO21,ND2914OW,"1985-05-14 15:00","1985-05-21 15:00",198505,4.570,18.800," ",.300," ",.049," ",.032," ",.042," ",.440," ",2.080," ",.090," ",1.890,0,-9,1415.500,20.070,20.070,"w ","            ",1986-09-24
CO21,ND3136OW,"1985-05-21 15:00","1985-05-28 15:00",198505,4.910,10.400," ",.230," ",.105," ",.058," ",.251," ",.120," ",1.080," ",.120," ",1.270,0,-9,321.100,4.830,4.830,"w ","            ",1988-09-09
CO21,ND3434OW,"1985-05-28 15:00","1985-06-04 15:00",198505,4.980,17.700," ",.940," ",.112," ",.080," ",.162," ",.520," ",2.130," ",.270," ",2.930,0,-9,186.900,2.790,2.790,"w ","            ",1986-09-30
CO21,ND3675OW,"1985-06-04 15:00","1985-06-11 15:00",198506,5.640,13.600," ",.790," ",.114," ",.312," ",.080,<,.020," ",1.940," ",.220," ",2.010,0,-9,414.700,5.840,5.840,"w ","            ",1986-09-30
CO21,ND3671OW,"1985-06-11 15:00","1985-06-18 15:00",198506,-9.000,-9.000," ",-9.000," ",-9.000," ",-9.000," ",-9.000," ",-9.000," ",-9.000," ",-9.000," ",-9.000,0,-9,59.600,.760,.760,"  ","c           ",1986-09-30
CO21,ND3999OW,"1985-06-18 15:00","1985-06-25 15:00",198506,-9.000,-9.000," ",-9.000," ",-9.000," ",-9.000," ",-9.000," ",-9.000," ",-9.000," ",-9.000," ",-9.000,0,-9,.000,.000,.000,"d ","            ",1986-09-30
CO21,ND4037OW,"1985-06-25 15:00","1985-07-02 15:00",198506,6.700,38.700," ",3.920," ",.570," ",.565," ",.893," ",.570," ",5.890," ",1.760," ",5.150,0,-9,70.500,1.020,1.020,"w ","            ",1986-09-24
CO21,ND4461OW,"1985-07-02 15:00","1985-07-09 15:00",198507,4.430,40.000," ",1.200," ",.204," ",.312," ",.147," ",1.320," ",6.130," ",.360," ",4.890,0,-9,277.400,4.060,4.060,"w ","            ",1986-09-24
CO21,ND4621OW,"1985-07-09 15:00","1985-07-16 15:00",198507,4.900,11.300," ",.320," ",.074," ",.064," ",.022," ",.410," ",1.460," ",.180," ",1.260,0,-9,2617.300,38.610,38.610,"w ","            ",1986-09-24
CO21,ND4751OW,"1985-07-16 15:00","1985-07-23 15:00",198507,4.790,10.000," ",.130," ",.024," ",.036," ",.022," ",.140," ",1.000," ",.160," ",.780,0,-9,5000.100,74.930,74.930,"w ","            ",1986-09-24
CO21,ND4943OW,"1985-07-23 15:00","1985-07-30 15:00",198507,4.710,11.400," ",.090," ",.016," ",.021," ",.022,<,.020," ",.490," ",.030," ",.670,0,-9,3925.500,57.660,57.660,"w ","            ",1986-09-24
CO21,ND5285OW,"1985-07-30 15:00","1985-08-06 15:00",198508,4.700,10.700," ",.120," ",.022," ",.016," ",.045," ",.140," ",1.030," ",.080," ",.860,0,-9,919.200,13.210,13.210,"w ","            ",1986-09-24
CO21,ND5298OW,"1985-08-06 15:00","1985-08-13 15:00",198508,-9.000,-9.000," ",-9.000," ",-9.000," ",-9.000," ",-9.000,<,-9.000," ",-9.000," ",-9.000," ",-9.000,0,-9,8.200,.000,.000,"d ","            ",1986-10-15
CO21,ND5443OW,"1985-08-13 15:00","1985-08-20 15:00",198508,4.770,21.000," ",.760," ",.101," ",.103," ",.113," ",.630," ",3.190," ",.260," ",2.550,0,-9,162.800,2.540,2.540,"w ","            ",1986-09-24
CO21,ND5687OW,"1985-08-20 15:00","1985-08-27 15:00",198508,-9.000,-9.000," ",-9.000," ",-9.000," ",-9.000," ",-9.000," ",-9.000," ",-9.000," ",-9.000," ",-9.000,0,-9,.800,-7.000,.127,"t ","            ",1986-07-09
CO21,ND5870OW,"1985-08-27 15:00","1985-09-03 15:00",198508,4.640,19.900," ",.610," ",.081," ",.067," ",.066," ",.410," ",2.180," ",.140," ",2.150,0,-9,238.700,3.560,3.560,"w ","            ",1986-09-24
CO21,ND6059OW,"1985-09-03 15:00","1985-09-10 15:00",198509,4.610,16.100," ",.270," ",.043," ",.044," ",.044," ",.030," ",1.800," ",.060," ",1.300,0,-9,453.900,6.350,6.350,"w ","            ",1986-09-24
CO21,ND6331OW,"1985-09-10 15:00","1985-09-17 15:00",198509,5.080,5.300," ",.050," ",.017," ",.009," ",.009," ",.040," ",.260,<,.030," ",.490,0,-9,1047.600,15.750,15.750,"w ","            ",1986-09-24
CO21,ND6540OW,"1985-09-17 15:00","1985-09-24 15:00",198509,5.200,4.800," ",.140," ",.019," ",.021," ",.032,<,.020,<,.030," ",.040," ",.410,0,-9,727.100,-9.990,10.709,"w ","            ",1986-09-25
CO21,ND6680OW,"1985-09-24 15:00","1985-10-01 15:00",198509,5.020,5.400," ",.040," ",.015," ",.007," ",.020,<,.020," ",.520," ",.080," ",.280,0,-9,449.500,6.600,6.600,"w ","            ",1986-09-24
CO21,ND6799OW,"1985-10-01 15:00","1985-10-08 15:00",198510,-9.000,-9.000," ",-9.000," ",-9.000," ",-9.000," ",-9.000," ",-9.000," ",-9.000," ",-9.000," ",-9.000,0,-9,1.300,.000,.000,"d ","            ",1986-07-09
CO21,ND7179OW,"1985-10-08 15:00","1985-10-15 15:00",198510,5.260,4.000," ",.060," ",.020,<,.003," ",.019,<,.020," ",.580,<,.030," ",.270,0,-9,338.600,5.080,5.080,"w ","            ",1986-09-24
CO21,ND7231OW,"1985-10-15 15:00","1985-10-22 15:00",198510,-9.000,-9.000," ",-9.000," ",-9.000," ",-9.000," ",-9.000,<,-9.000,<,-9.000," ",-9.000,<,-9.000,0,-9,.000,.000,.000,"d ","            ",1987-12-11
CO21,ND7384OW,"1985-10-22 15:00","1985-10-29 16:00",198510,-9.000,-9.000," ",-9.000," ",-9.000," ",-9.000," ",-9.000,<,-9.000,<,-9.000," ",-9.000,<,-9.000,0,-9,.000,.000,.000,"d ","            ",1986-09-26
CO21,ND7747OW,"1985-10-29 16:00","1985-11-05 16:00",198511,5.180,7.400," ",.200," ",.051," ",.015," ",.030,<,.020," ",.230," ",.060," ",.460,0,-9,100.700,2.030,2.030,"w ","            ",1986-09-24
CO21,ND7790OW,"1985-11-05 16:00","1985-11-12 16:00",198511,-9.000,-9.000," ",-9.000," ",-9.000," ",-9.000," ",-9.000," ",-9.000," ",-9.000," ",-9.000," ",-9.000,0,-9,19.500,.250,.250,"  ","c           ",1986-10-15
CO21,ND8196OW,"1985-11-12 16:00","1985-11-19 16:00",198511,4.830,8.300," ",.090," ",.019," ",.003," ",.020,<,.020," ",1.330," ",.040," ",.150,0,-9,694.000,10.160,10.160,"w ","            ",1986-09-30
CO21,ND8163OW,"1985-11-19 16:00","1985-11-26 16:00",198511,-9.000,-9.000," ",-9.000," ",-9.000," ",-9.000," ",-9.000,<,-9.000,<,-9.000,<,-9.000,<,-9.000,0,-9,.000,.000,.000,"d ","            ",1986-09-30
CO21,ND8356OW,"1985-11-26 16:00","1985-12-03 16:00",198511,-9.000,-9.000," ",-9.000," ",-9.000," ",-9.000," ",-9.000," ",-9.000," ",-9.000," ",-9.000," ",-9.000,0,-9,.900,.000,.000,"d ","            ",1986-09-16
CO21,ND8544OW,"1985-12-03 16:00","1985-12-10 16:00",198512,4.530,15.200," ",.090," ",.019," ",.087," ",.116," ",.150," ",2.130," ",.190," ",.510,0,-9,297.900,4.830,4.830,"w ","            ",1986-09-24
CO21,ND8732OW,"1985-12-10 16:00","1985-12-17 16:00",198512,-9.000,-9.000," ",-9.000," ",-9.000," ",-9.000," ",-9.000," ",-9.000," ",-9.000," ",-9.000," ",-9.000,0,-9,.700,.000,.000,"d ","            ",1986-09-16
CO21,ND8877OW,"1985-12-17 16:00","1985-12-24 16:00",198512,4.870,10.400," ",.280," ",.083," ",.083," ",.104,<,.080,<,.120,<,.120," ",.460,0,-9,22.000,.250,.250,wa,"            ",1986-09-30
CO21,ND9150OW,"1985-12-24 16:00","1985-12-31 16:00",198512,-9.000,-9.000," ",-9.000," ",-9.000," ",-9.000," ",-9.000,<,-9.000,<,-9.000," ",-9.000,<,-9.000,0,-9,.000,.000,.000,"d ","            ",1986-09-30
CO21,ND9347OW,"1985-12-31 16:00","1986-01-07 16:00",198601,5.500,3.900," ",.070," ",.015," ",.020," ",.032," ",.090," ",.550," ",.050," ",.370,0,-9,168.300,2.790,2.790,"w ","            ",1986-09-16
CO21,ND9489OW,"1986-01-07 16:00","1986-01-14 16:00",198601,-9.000,-9.000," ",-9.000," ",-9.000," ",-9.000," ",-9.000,<,-9.000,<,-9.000," ",-9.000,<,-9.000,0,-9,.000,.000,.000,"d ","            ",1986-09-16
CO21,ND9728OW,"1986-01-14 16:00","1986-01-21 16:00",198601,-9.000,-9.000," ",-9.000," ",-9.000," ",-9.000," ",-9.000,<,-9.000,<,-9.000," ",-9.000,<,-9.000,0,-9,.000,.000,.000,"d ","            ",1986-09-16
CO21,ND9917OW,"1986-01-21 16:00","1986-01-28 16:00",198601,-9.000,-9.000," ",-9.000," ",-9.000," ",-9.000," ",-9.000,<,-9.000,<,-9.000," ",-9.000,<,-9.000,0,-9,.000,.000,.000,"d ","            ",1987-12-11
CO21,NE0132OW,"1986-01-28 16:00","1986-02-04 16:00",198601,5.450,7.500," ",.290," ",.060," ",.028," ",.074,<,.070," ",1.160," ",.180," ",.770,0,-9,24.400,.510,.510,wa,"            ",1990-09-18
CO21,NE0477OW,"1986-02-04 16:00","1986-02-11 16:00",198602,4.840,12.900," ",.600," ",.050," ",.014," ",.035," ",.130," ",3.220," ",.040," ",.420,0,-9,279.100,4.320,4.320,"w ","            ",1986-12-03
CO21,NE0451OW,"1986-02-11 16:00","1986-02-18 16:00",198602,-9.000,-9.000," ",-9.000," ",-9.000," ",-9.000," ",-9.000,<,-9.000,<,-9.000," ",-9.000," ",-9.000,0,-9,.000,.000,.000,"d ","            ",1986-12-03
CO21,NE0746OW,"1986-02-18 16:00","1986-02-25 16:00",198602,5.080,4.900," ",.070," ",.015," ",.011," ",.025,<,.020," ",.500," ",.040," ",.320,0,-9,326.000,5.840,5.840,"w ","            ",1986-12-03
CO21,NE0912OW,"1986-02-25 16:00","1986-03-04 16:00",198602,-9.000,-9.000," ",-9.000,<,-9.000," ",-9.000," ",-9.000," ",-9.000,<,-9.000,<,-9.000,<,-9.000,0,-9,.000,.000,.000,"d ","            ",1987-10-09
CO21,NE1162OW,"1986-03-04 16:00","1986-03-11 16:00",198603,6.590,11.200," ",.430," ",.056," ",.078," ",.191,<,.050," ",.700," ",.210," ",.720,0,-9,34.600,.760,.760,wa,"            ",1990-09-18
CO21,NE1380OW,"1986-03-11 16:00","1986-03-18 16:00",198603,5.250,8.400," ",.220," ",.029," ",.014," ",.041," ",.280," ",1.710," ",.080," ",.750,0,-9,498.400,8.130,8.130,"w ","            ",1986-12-03
CO21,NE1580OW,"1986-03-18 16:00","1986-03-25 16:00",198603,4.660,12.900," ",.130," ",.038," ",.011," ",.042," ",.040," ",2.410," ",.080," ",.420,0,-9,166.300,2.540,2.540,"w ","            ",1986-12-03
CO21,NE1856OW,"1986-03-25 16:00","1986-04-01 16:00",198603,6.490,9.500," ",.290," ",.083," ",.064," ",.184,<,.180,<,.280,<,.280," ",.460,0,-9,12.000,.250,.250,wa,"            ",1990-09-18
CO21,NE1912OW,"1986-04-01 16:00","1986-04-08 16:00",198604,6.180,7.500," ",.410," ",.052," ",.057," ",.046," ",.410," ",1.050," ",.080," ",.960,0,-9,177.300,11.430,11.430,"w ","            ",1986-12-03
CO21,NE2215OW,"1986-04-08 16:00","1986-04-15 16:00",198604,6.410,14.100," ",.830," ",.074," ",.040," ",.219," ",.250," ",2.260," ",.210," ",1.940,0,-9,107.800,1.520,1.520,"w ","            ",1986-12-03
CO21,NE2562OW,"1986-04-15 16:00","1986-04-22 16:00",198604,4.480,26.800," ",.780," ",.104," ",.048," ",.190," ",.450," ",4.640," ",.240," ",2.180,0,-9,57.300,.760,.760,"w ","            ",1987-01-13
CO21,NE2589OW,"1986-04-22 16:00","1986-04-29 15:00",198604,5.670,6.200," ",.260," ",.063," ",.022," ",.060," ",.190," ",.930," ",.130," ",.570,0,-9,54.700,.760,.760,"w ","            ",1987-01-13
CO21,NE2792OW,"1986-04-29 15:00","1986-05-06 15:00",198605,-9.000,-9.000," ",-9.000," ",-9.000," ",-9.000," ",-9.000,<,-9.000," ",-9.000," ",-9.000," ",-9.000,0,-9,.000,-7.000,.127,"t ","            ",1987-01-13
CO21,NE3134OW,"1986-05-06 15:00","1986-05-13 15:00",198605,6.540,15.800," ",1.620," ",.157," ",.124," ",.365,<,.020," ",2.190," ",.650," ",2.080,0,-9,116.000,1.780,1.780,"w ","            ",1987-01-13
CO21,NE3148OW,"1986-05-13 15:00","1986-05-20 15:00",198605,4.950,11.000," ",.350," ",.034," ",.020," ",.079,<,.020," ",1.330," ",.100," ",1.180,0,-9,793.400,11.680,11.680,"w ","            ",1987-01-13
CO21,NE3449OW,"1986-05-20 15:00","1986-05-27 15:00",198605,5.330,27.000," ",5.310," ",1.018," ",.494," ",.826," ",2.840," ",16.790," ",1.820," ",12.680,0,-9,28.900,.760,.760,wa,"            ",1987-01-13
CO21,NE3663OW,"1986-05-27 15:00","1986-06-03 15:00",198605,5.080,9.100," ",.080," ",.014," ",.017," ",.025," ",.370," ",1.190," ",.070," ",.940,0,-9,1149.600,16.510,16.510,"w ","            ",1987-01-13
CO21,NE3848OW,"1986-06-03 15:00","1986-06-10 15:00",198606,4.910,9.700," ",.090," ",.021," ",.023," ",.025," ",.210," ",1.010," ",.050," ",.740,0,-9,1904.100,27.690,27.690,"w ","            ",1991-11-04
CO21,NE4020OW,"1986-06-10 15:00","1986-06-17 15:00",198606,5.010,9.100," ",.300," ",.065," ",.076," ",.063," ",.050," ",1.000," ",.100," ",.780,0,-9,232.000,3.300,3.300,"w ","            ",1992-08-13
CO21,NE4337OW,"1986-06-17 15:00","1986-06-24 15:00",198606,-9.000,-9.000," ",-9.000," ",-9.000," ",-9.000," ",-9.000," ",-9.000," ",-9.000," ",-9.000," ",-9.000,0,-9,551.500,7.870,7.870,"  ","c           ",1987-02-03
CO21,NE4340OW,"1986-06-24 15:00","1986-07-01 15:00",198606,-9.000,-9.000," ",-9.000," ",-9.000," ",-9.000," ",-9.000," ",-9.000," ",-9.000," ",-9.000," ",-9.000,0,-9,252.300,4.320,4.320,"  ","c           ",1987-02-03
CO21,NE4698OW,"1986-07-01 15:00","1986-07-08 15:00",198607,5.260,6.200," ",.200," ",.029," ",.053," ",.044,<,.020," ",.300," ",.060," ",.650,0,-9,1187.100,16.760,16.760,"w ","            ",1987-02-03
CO21,NE4950OW,"1986-07-08 15:00","1986-07-15 15:00",198607,4.810,10.000," ",.190," ",.040," ",.016," ",.083,<,.020," ",.420," ",.110," ",.820,0,-9,794.900,10.920,10.920,"w ","            ",1987-02-03
CO21,NE5063OW,"1986-07-15 15:00","1986-07-22 15:00",198607,4.420,20.500," ",.110," ",.019," ",.032," ",.030," ",.150," ",1.720," ",.060," ",1.650,0,-9,751.000,11.180,11.180,"w ","            ",1987-02-03
CO21,NE5395OW,"1986-07-22 15:00","1986-07-29 15:00",198607,4.500,19.500," ",.340," ",.059," ",.066," ",.064,<,.020," ",1.890," ",.140," ",1.610,0,-9,277.200,3.810,3.810,"w ","            ",1987-02-17
CO21,NE5389OW,"1986-07-29 15:00","1986-08-05 15:00",198608,4.540,21.600," ",.330," ",.058," ",.065," ",.072,<,.020," ",2.410," ",.170," ",1.840,0,-9,694.200,10.670,10.670,"w ","            ",1987-02-17
CO21,NE5662OW,"1986-08-05 15:00","1986-08-12 15:00",198608,-9.000,-9.000," ",-9.000," ",-9.000," ",-9.000," ",-9.000,<,-9.000," ",-9.000," ",-9.000," ",-9.000,0,-9,25.800,26.920,26.920,"  ","c           ",1990-09-18
CO21,NE6032OW,"1986-08-12 15:00","1986-08-19 15:00",198608,4.650,19.500," ",.650," ",.118," ",.231," ",.053," ",.360," ",2.600," ",.180," ",1.980,0,-9,780.000,11.430,11.430,"w ","            ",1987-02-17
CO21,NE6047OW,"1986-08-19 15:00","1986-08-26 15:00",198608,4.650,13.500," ",.170," ",.025," ",.025," ",.039," ",.110," ",1.410," ",.040," ",1.040,0,-9,2038.000,30.990,30.990,"w ","            ",1987-02-17
CO21,NE6316OW,"1986-08-26 15:00","1986-09-02 15:00",198608,4.490,20.100," ",.330," ",.053," ",.033," ",.039," ",.270," ",2.190," ",.090," ",1.800,0,-9,456.200,5.840,5.840,"w ","            ",1987-04-28
CO21,NE6504OW,"1986-09-02 15:00","1986-09-09 15:00",198609,4.810,10.800," ",.180," ",.022," ",.026," ",.028," ",.100," ",1.070," ",.050," ",1.100,0,-9,1641.200,22.860,22.860,"w ","            ",1987-04-28
CO21,NE6768OW,"1986-09-09 15:00","1986-09-16 15:00",198609,6.510,24.000," ",.650," ",.185," ",.028," ",.852,<,.140," ",1.990," ",.570," ",2.700,0,-9,14.500,-7.000,.127,wa,"            ",1990-09-18
CO21,NE6933OW,"1986-09-16 15:00","1986-09-23 15:00",198609,6.660,11.800," ",.290," ",.048,<,.016," ",.571,<,.110," ",.540," ",.220," ",.700,0,-9,24.500,-7.000,.127,wa,"            ",1990-09-18
CO21,NE7116OW,"1986-09-23 15:00","1986-09-30 15:00",198609,5.440,8.300," ",.340," ",.053," ",.108," ",.245," ",.180," ",1.220," ",.100," ",.890,0,-9,126.600,-9.990,1.864,"w ","            ",1987-04-28
CO21,NE7337OW,"1986-09-30 15:00","1986-10-07 15:00",198610,4.820,9.900," ",.090," ",.015," ",.036," ",.095," ",.070," ",.900," ",.050," ",.880,0,-9,541.500,7.620,7.620,"w ","            ",1987-04-28
CO21,NE7564OW,"1986-10-07 15:00","1986-10-14 15:00",198610,4.580,20.000," ",.260," ",.040," ",.018," ",.122," ",.380," ",2.400," ",.090," ",1.720,0,-9,192.400,5.080,5.080,"w ","            ",1987-04-28
CO21,NE7766OW,"1986-10-14 15:00","1986-10-21 15:00",198610,5.330,3.500," ",.040," ",.004,<,.003," ",.022," ",.030," ",.180,<,.030," ",.330,0,-9,605.600,8.130,8.130,"w ","            ",1987-04-28
CO21,NE7976OW,"1986-10-21 15:00","1986-10-28 16:00",198610,4.240,52.200," ",.930," ",.118," ",.132," ",.193," ",1.080," ",8.180," ",.240," ",4.140,0,-9,20.700,.760,.760,wa,"            ",1990-09-18
CO21,NE8180OW,"1986-10-28 16:00","1986-11-04 16:00",198610,4.850,8.600," ",.100," ",.014," ",.007," ",.031,<,.020," ",.040,<,.030," ",.580,0,-9,937.600,11.940,11.940,"w ","            ",1987-04-28
CO21,NE8361OW,"1986-11-04 16:00","1986-11-11 16:00",198611,5.100,7.200," ",.120," ",.020," ",.018," ",.151," ",.110," ",1.040," ",.100," ",.570,0,-9,89.000,1.780,1.780,"w ","            ",1987-04-28
CO21,NE8651OW,"1986-11-11 16:00","1986-11-18 16:00",198611,-9.000,-9.000," ",-9.000," ",-9.000," ",-9.000," ",-9.000," ",-9.000," ",-9.000," ",-9.000," ",-9.000,0,-9,.000,.000,.000,"d ","            ",1987-05-07
CO21,NE8732OW,"1986-11-18 16:00","1986-11-25 16:00",198611,-9.000,-9.000," ",-9.000," ",-9.000," ",-9.000," ",-9.000," ",-9.000," ",-9.000," ",-9.000," ",-9.000,0,-9,66.600,1.270,1.270,"  ","li          ",1987-05-07
CO21,NE8973OW,"1986-11-25 16:00","1986-12-02 16:00",198611,5.680,4.300," ",.170," ",.022," ",.010," ",.098," ",.160," ",.920," ",.090," ",.390,0,-9,281.000,5.590,5.590,"w ","            ",1987-05-07
CO21,NE9586OW,"1986-12-02 16:00","1986-12-09 16:00",198612,4.670,11.900," ",.070," ",.012," ",.010," ",.096," ",.100," ",1.760," ",.050," ",.450,0,-9,487.000,7.620,7.620,"w ","            ",1987-07-15
CO21,NE9559OW,"1986-12-09 16:00","1986-12-16 16:00",198612,-9.000,-9.000," ",-9.000," ",-9.000," ",-9.000," ",-9.000," ",-9.000," ",-9.000," ",-9.000," ",-9.000,0,-9,6.800,.250,.250,"  ","vc          ",1987-07-02
CO21,NE9901OW,"1986-12-16 16:00","1986-12-23 16:00",198612,-9.000,-9.000," ",-9.000," ",-9.000," ",-9.000," ",-9.000," ",-9.000,<,-9.000," ",-9.000,<,-9.000,0,-9,.000,.000,.000,"d ","            ",1987-07-02
CO21,NF0029OW,"1986-12-23 16:00","1986-12-30 16:00",198612,-9.000,-9.000," ",-9.000," ",-9.000," ",-9.000," ",-9.000,<,-9.000,<,-9.000,<,-9.000," ",-9.000,0,-9,.000,.000,.000,"d ","            ",1987-07-02
CO21,NF0030OW,"1986-12-30 16:00","1987-01-06 16:00",198701,-9.000,-9.000," ",-9.000," ",-9.000," ",-9.000," ",-9.000,<,-9.000,<,-9.000," ",-9.000,<,-9.000,0,-9,.000,.000,.000,"d ","            ",1987-07-02
CO21,NF0280OW,"1987-01-06 16:00","1987-01-13 16:00",198701,4.720,13.600," ",.090," ",.025," ",.011," ",.175," ",.080," ",2.750," ",.150," ",.390,0,-9,108.200,2.030,2.030,"w ","            ",1987-07-02
CO21,NF0525OW,"1987-01-13 16:00","1987-01-20 16:00",198701,5.100,5.900," ",.070," ",.017," ",.017," ",.123," ",.090," ",.930," ",.090," ",.150,0,-9,130.200,2.540,2.540,"w ","            ",1987-08-13
CO21,NF0701OW,"1987-01-20 16:00","1987-01-27 16:00",198701,-9.000,-9.000," ",-9.000," ",-9.000," ",-9.000," ",-9.000," ",-9.000,<,-9.000," ",-9.000,<,-9.000,0,-9,.000,.000,.000,"d ","            ",1987-08-13
CO21,NF0851OW,"1987-01-27 16:00","1987-02-03 16:00",198701,6.400,6.300," ",.140," ",.032," ",.139," ",.492,<,.110," ",.430," ",.480," ",.480,0,-9,17.700,.250,.250,wa,"            ",1990-09-18
CO21,NF1104OW,"1987-02-03 16:00","1987-02-10 16:00",198702,5.780,6.300," ",.170," ",.027," ",.080," ",.178," ",.230," ",1.430," ",.280," ",.400,0,-9,87.900,1.520,1.520,"w ","            ",1987-09-30
CO21,NF1264OW,"1987-02-10 16:00","1987-02-17 16:00",198702,5.210,4.000," ",.080," ",.013,<,.003," ",.053," ",.070," ",.640," ",.080," ",.230,0,-9,913.300,14.990,14.990,"w ","            ",1988-01-12
CO21,NF1469OW,"1987-02-17 16:00","1987-02-24 16:00",198702,4.310,24.400," ",.090," ",.019," ",.008," ",.044," ",.100," ",3.630," ",.120," ",.290,0,-9,66.000,2.030,2.030,"w ","            ",1987-09-30
CO21,NF1802OW,"1987-02-24 16:00","1987-03-03 16:00",198702,5.310,3.200," ",.020," ",.007,<,.003," ",.057," ",.040," ",.300,<,.030," ",.140,0,-9,398.300,6.350,6.350,"w ","            ",1988-01-12
CO21,NF2007OW,"1987-03-03 16:00","1987-03-10 16:00",198703,5.130,9.500," ",.130," ",.027," ",.018," ",.187," ",.310," ",1.670," ",.110," ",.890,0,-9,225.900,4.570,4.570,"w ","            ",1988-01-12
CO21,NF2189OW,"1987-03-10 16:00","1987-03-17 16:00",198703,4.900,10.800," ",.270," ",.031," ",.025," ",.179," ",.060," ",1.170," ",.550," ",.690,0,-9,115.200,1.780,1.780,"w ","            ",1988-01-12
CO21,NF2336OW,"1987-03-17 16:00","1987-03-24 16:00",198703,6.070,5.100," ",.150," ",.030," ",.012," ",.164," ",.130," ",.630," ",.190," ",.230,0,-9,183.400,3.050,3.050,"w ","            ",1988-01-12
CO21,NF2531OW,"1987-03-24 16:00","1987-03-31 16:00",198703,5.620,6.700," ",.270," ",.037," ",.052," ",.112," ",.110," ",.970," ",.150," ",.340,0,-9,23.800,2.540,2.540,wa,"            ",1987-10-15
CO21,NF3073OW,"1987-03-31 16:00","1987-04-14 15:00",198704,-9.000,-9.000," ",-9.000," ",-9.000," ",-9.000," ",-9.000," ",-9.000," ",-9.000," ",-9.000," ",-9.000,0,-9,305.300,5.590,5.590,"  ","e           ",1988-11-11
CO21,NF3157OW,"1987-04-14 15:00","1987-04-21 15:00",198704,7.030,15.100," ",1.790," ",.118," ",.079," ",.454,<,.020," ",1.030," ",.280," ",1.130,0,-9,52.000,1.270,1.270,"w ","            ",1987-10-21
CO21,NF3389OW,"1987-04-21 15:00","1987-04-28 15:00",198704,4.950,41.700," ",1.790," ",.260," ",.135," ",.332," ",1.490," ",9.360," ",.410," ",4.420,0,-9,40.400,.510,.510,"w ","            ",1987-10-22
CO21,NF3615OW,"1987-04-28 15:00","1987-05-05 15:00",198705,4.930,9.000," ",.190," ",.029," ",.017," ",.034," ",.200," ",1.130," ",.060," ",.850,0,-9,1346.000,20.830,20.830,"w ","            ",1988-01-12
CO21,NF3750OW,"1987-05-05 15:00","1987-05-12 15:00",198705,4.730,12.700," ",.170," ",.028," ",.031," ",.037," ",.380," ",1.390," ",.090," ",1.280,0,-9,3468.400,51.050,51.050,"w ","            ",1988-01-12
CO21,NF3951OW,"1987-05-12 15:00","1987-05-19 15:00",198705,4.890,14.700," ",.320," ",.057," ",.046," ",.072," ",.540," ",2.100," ",.130," ",1.590,0,-9,425.500,6.860,6.860,"w ","            ",1988-01-12
CO21,NF4179OW,"1987-05-19 15:00","1987-05-26 15:00",198705,4.790,10.000," ",.080," ",.021," ",.046," ",.033," ",.210," ",.900,<,.030," ",.840,0,-9,2494.100,35.810,35.810,"w ","            ",1988-01-12
CO21,NF4388OW,"1987-05-26 15:00","1987-06-02 15:00",198705,5.680,9.500," ",.380," ",.092," ",.030," ",.160," ",.280," ",1.380," ",.160," ",1.180,0,-9,130.700,2.030,2.030,"w ","            ",1988-01-12
CO21,NF4762OW,"1987-06-02 15:00","1987-06-09 15:00",198706,4.910,9.300," ",.100," ",.015," ",.018," ",.032,<,.020," ",.960," ",.050," ",.920,0,-9,2327.900,34.290,34.290,"w ","            ",1988-01-12
CO21,NF4963OW,"1987-06-09 15:00","1987-06-16 15:00",198706,4.740,12.900," ",.250," ",.051," ",.193," ",.069," ",.050," ",1.330," ",.110," ",1.080,0,-9,633.200,9.400,9.400,"w ","            ",1988-01-12
CO21,NF5029OW,"1987-06-16 15:00","1987-06-23 15:00",198706,6.730,26.700," ",1.620," ",.191," ",.456," ",.393,<,.210,<,.320," ",.420," ",2.020,0,-9,11.800,-7.000,.127,wa,"            ",1988-01-11
CO21,NF5235OW,"1987-06-23 15:00","1987-06-30 15:00",198706,5.140,5.100," ",.100," ",.018," ",.018," ",.037," ",.070," ",.580," ",.070," ",.390,0,-9,1324.500,19.050,19.050,"w ","            ",1988-01-12
CO21,NF5593OW,"1987-06-30 15:00","1987-07-14 15:00",198707,-9.000,-9.000," ",-9.000," ",-9.000," ",-9.000," ",-9.000," ",-9.000," ",-9.000," ",-9.000," ",-9.000,0,-9,1068.300,13.970,13.970,"  ","e           ",1988-11-11
CO21,NF5742OW,"1987-07-14 15:00","1987-07-21 15:00",198707,4.560,17.100," ",.380," ",.050," ",.054," ",.081,<,.020," ",1.660," ",.130," ",1.150,0,-9,144.500,2.030,2.030,"w ","            ",1988-01-26
CO21,NF5952OW,"1987-07-21 15:00","1987-07-28 15:00",198707,-9.000,-9.000," ",-9.000," ",-9.000," ",-9.000," ",-9.000," ",-9.000," ",-9.000," ",-9.000," ",-9.000,0,-9,7.800,-7.000,.127,"t ","            ",1988-01-26
CO21,NF6358OW,"1987-07-28 15:00","1987-08-04 15:00",198707,4.620,16.700," ",.270," ",.041," ",.057," ",.050," ",.420," ",2.050," ",.110," ",1.360,0,-9,1118.900,15.490,15.490,"w ","            ",1988-03-08
CO21,NF6471OW,"1987-08-04 15:00","1987-08-11 15:00",198708,4.650,15.800," ",.240," ",.041," ",.030," ",.058," ",.290," ",2.020," ",.090," ",1.190,0,-9,947.400,12.700,12.700,"w ","            ",1988-03-08
CO21,NF6691OW,"1987-08-11 15:00","1987-08-18 15:00",198708,4.580,23.300," ",.640," ",.115," ",.673," ",.108," ",.300," ",3.810," ",.200," ",1.940,0,-9,262.700,3.810,3.810,"w ","            ",1988-03-08
CO21,NF6718OW,"1987-08-18 15:00","1987-08-25 15:00",198708,4.720,10.100," ",.070," ",.012," ",.006," ",.035," ",.060," ",.860," ",.060," ",.790,0,-9,2928.900,43.180,43.180,"w ","            ",1988-03-08
CO21,NF6922OW,"1987-08-25 15:00","1987-09-01 15:00",198708,4.620,16.300," ",.190," ",.039," ",.036," ",.234," ",.110," ",2.190," ",.130," ",1.270,0,-9,203.300,2.790,2.790,"w ","            ",1988-03-08
CO21,N@0694OW,"1987-09-01 00:00","1987-09-08 00:00",198709,-9.000,-9.000," ",-9.000," ",-9.000," ",-9.000," ",-9.000," ",-9.000," ",-9.000," ",-9.000," ",-9.000,0,-9,-9.000,-9.990,-9.990,"  ","np          ",1988-03-09
CO21,N@0698OW,"1987-09-08 00:00","1987-09-15 00:00",198709,-9.000,-9.000," ",-9.000," ",-9.000," ",-9.000," ",-9.000," ",-9.000," ",-9.000," ",-9.000," ",-9.000,0,-9,-9.000,-9.990,-9.990,"  ","np          ",1988-03-09
CO21,N@0699OW,"1987-09-15 00:00","1987-09-22 00:00",198709,-9.000,-9.000," ",-9.000," ",-9.000," ",-9.000," ",-9.000," ",-9.000," ",-9.000," ",-9.000," ",-9.000,0,-9,-9.000,-9.990,-9.990,"  ","np          ",1988-03-09
CO21,N@0702OW,"1987-09-22 00:00","1987-09-29 00:00",198709,-9.000,-9.000," ",-9.000," ",-9.000," ",-9.000," ",-9.000," ",-9.000," ",-9.000," ",-9.000," ",-9.000,0,-9,-9.000,-9.990,-9.990,"  ","np          ",1988-04-12
CO21,N@0704OW,"1987-09-29 00:00","1987-10-06 00:00",198710,-9.000,-9.000," ",-9.000," ",-9.000," ",-9.000," ",-9.000," ",-9.000," ",-9.000," ",-9.000," ",-9.000,0,-9,-9.000,-9.990,-9.990,"  ","np          ",1988-04-12
CO21,N@0706OW,"1987-10-06 00:00","1987-10-13 00:00",198710,-9.000,-9.000," ",-9.000," ",-9.000," ",-9.000," ",-9.000," ",-9.000," ",-9.000," ",-9.000," ",-9.000,0,-9,-9.000,-9.990,-9.990,"  ","np          ",1988-04-12
CO21,N@0708OW,"1987-10-13 00:00","1987-10-20 00:00",198710,-9.000,-9.000," ",-9.000," ",-9.000," ",-9.000," ",-9.000," ",-9.000," ",-9.000," ",-9.000," ",-9.000,0,-9,-9.000,-9.990,-9.990,"  ","np          ",1988-04-12
CO21,N@0712OW,"1987-10-20 00:00","1987-10-27 00:00",198710,-9.000,-9.000," ",-9.000," ",-9.000," ",-9.000," ",-9.000," ",-9.000," ",-9.000," ",-9.000," ",-9.000,0,-9,-9.000,-9.990,-9.990,"  ","np          ",1988-04-12
CO21,N@0715OW,"1987-10-27 00:00","1987-11-03 00:00",198710,-9.000,-9.000," ",-9.000," ",-9.000," ",-9.000," ",-9.000," ",-9.000," ",-9.000," ",-9.000," ",-9.000,0,-9,-9.000,-9.990,-9.990,"  ","np          ",1988-04-21
CO21,N@0718OW,"1987-11-03 00:00","1987-11-10 00:00",198711,-9.000,-9.000," ",-9.000," ",-9.000," ",-9.000," ",-9.000," ",-9.000," ",-9.000," ",-9.000," ",-9.000,0,-9,-9.000,-9.990,-9.990,"  ","np          ",1988-04-21
CO21,N@0723OW,"1987-11-10 00:00","1987-11-17 00:00",198711,-9.000,-9.000," ",-9.000," ",-9.000," ",-9.000," ",-9.000," ",-9.000," ",-9.000," ",-9.000," ",-9.000,0,-9,-9.000,-9.990,-9.990,"  ","np          ",1988-04-21
CO21,N@0726OW,"1987-11-17 00:00","1987-11-24 00:00",198711,-9.000,-9.000," ",-9.000," ",-9.000," ",-9.000," ",-9.000," ",-9.000," ",-9.000," ",-9.000," ",-9.000,0,-9,-9.000,-9.990,-9.990,"  ","np          ",1988-04-21
CO21,N@0730OW,"1987-11-24 00:00","1987-12-01 00:00",198711,-9.000,-9.000," ",-9.000," ",-9.000," ",-9.000," ",-9.000," ",-9.000," ",-9.000," ",-9.000," ",-9.000,0,-9,-9.000,-9.990,-9.990,"  ","np          ",1988-05-25
CO21,N@0734OW,"1987-12-01 00:00","1987-12-08 00:00",198712,-9.000,-9.000," ",-9.000," ",-9.000," ",-9.000," ",-9.000," ",-9.000," ",-9.000," ",-9.000," ",-9.000,0,-9,-9.000,-9.990,-9.990,"  ","np          ",1988-05-25
CO21,N@0740OW,"1987-12-08 00:00","1987-12-15 00:00",198712,-9.000,-9.000," ",-9.000," ",-9.000," ",-9.000," ",-9.000," ",-9.000," ",-9.000," ",-9.000," ",-9.000,0,-9,-9.000,-9.990,-9.990,"  ","np          ",1988-05-25
CO21,N@0741OW,"1987-12-15 00:00","1987-12-22 00:00",198712,-9.000,-9.000," ",-9.000," ",-9.000," ",-9.000," ",-9.000," ",-9.000," ",-9.000," ",-9.000," ",-9.000,0,-9,-9.000,-9.990,-9.990,"  ","np          ",1988-05-25
CO21,NG0436OW,"1987-12-22 18:25","1987-12-29 17:50",198712,5.120,3.700," ",.020," ",.005," ",.003," ",.024,<,.020," ",.380," ",.040," ",.150,0,-9,997.000,17.530,17.530,"w ","            ",1988-06-23
CO21,NG0527OW,"1987-12-29 17:50","1988-01-05 17:15",198801,-9.000,-9.000," ",-9.000," ",-9.000," ",-9.000," ",-9.000,<,-9.000," ",-9.000,<,-9.000," ",-9.000,0,-9,.000,.000,.000,"d ","            ",1988-06-23
CO21,NG0765OW,"1988-01-05 17:15","1988-01-12 17:00",198801,5.980,9.500," ",.280," ",.054," ",.255," ",.635,<,.110,<,.160," ",.920," ",.600,0,-9,17.100,.510,.510,wa,"            ",1988-06-23
CO21,NG1029OW,"1988-01-12 17:00","1988-01-19 17:15",198801,4.850,7.100," ",.050," ",.005,<,.003," ",.045,<,.020," ",.970," ",.040," ",.120,0,-9,95.100,1.520,1.520,"w ","            ",1988-06-23
CO21,NG1179OW,"1988-01-19 17:15","1988-01-26 16:45",198801,-9.000,-9.000," ",-9.000," ",-9.000," ",-9.000," ",-9.000," ",-9.000," ",-9.000," ",-9.000," ",-9.000,0,-9,3.000,.760,.760,"  ","v           ",1988-06-23
CO21,NG1505OW,"1988-01-26 17:15","1988-02-02 18:00",198801,-9.000,-9.000," ",-9.000," ",-9.000,<,-9.000," ",-9.000,<,-9.000," ",-9.000," ",-9.000," ",-9.000,0,-9,.000,.000,.000,"d ","            ",1988-07-19
CO21,NG1615OW,"1988-02-02 18:00","1988-02-09 16:50",198802,4.510,16.200," ",.090," ",.018," ",.004," ",.093,<,.020," ",2.010," ",.080," ",.180,0,-9,85.400,1.780,1.780,"w ","            ",1988-07-19
CO21,NG1799OW,"1988-02-09 16:50","1988-02-16 16:52",198802,4.620,17.900," ",.360," ",.050," ",.027," ",.368,<,.090,<,.140," ",.360," ",.550,0,-9,28.200,1.270,1.270,wa,"            ",1988-07-19
CO21,NG2135OW,"1988-02-16 16:52","1988-02-23 16:55",198802,5.120,10.000," ",.170," ",.029," ",.101," ",.305," ",.140," ",1.050," ",.180," ",.470,0,-9,50.500,2.030,2.030,"w ","            ",1988-08-18
CO21,NG2376OW,"1988-02-23 17:20","1988-03-01 17:00",198802,-9.000,-9.000," ",-9.000," ",-9.000,<,-9.000," ",-9.000,<,-9.000," ",-9.000,<,-9.000," ",-9.000,0,-9,.000,.000,.000,"d ","            ",1988-08-18
CO21,NG2511OW,"1988-03-01 17:00","1988-03-08 17:15",198803,5.460,5.300," ",.180," ",.016," ",.007," ",.078," ",.080," ",.890," ",.070," ",.540,0,-9,201.700,4.570,4.570,"w ","            ",1988-08-18
CO21,NG2664OW,"1988-03-08 17:15","1988-03-15 17:00",198803,5.080,5.400," ",.100," ",.015,<,.003," ",.049," ",.050," ",.910,<,.030," ",.310,0,-9,403.300,8.890,8.890,"w ","            ",1988-08-18
CO21,NG2859OW,"1988-03-15 17:15","1988-03-22 17:00",198803,6.100,7.400," ",.520," ",.075," ",.024," ",.134,<,.020," ",1.290," ",.140," ",.450,0,-9,72.500,2.790,2.790,"w ","            ",1988-08-18
CO21,NG3191OW,"1988-03-22 17:15","1988-03-29 16:30",198803,7.350,33.800," ",3.940," ",.319," ",.325," ",1.500,<,.020," ",2.460," ",.900," ",2.990,0,-9,83.400,2.540,2.540,"w ","            ",1988-09-21
CO21,NG3313OW,"1988-03-29 16:30","1988-04-05 17:10",198804,5.780,5.700," ",.340," ",.036," ",.010," ",.143," ",.070," ",1.070," ",.090," ",.420,0,-9,192.800,6.860,6.860,"w ","            ",1988-09-21
CO21,NG3558OW,"1988-04-05 17:10","1988-04-12 17:35",198804,3.840,67.200," ",.320," ",.032," ",.024," ",.241,<,.160,<,.240,<,.240," ",.480,0,-9,12.700,2.290,2.290,wa,"            ",1988-09-21
CO21,NG3740OW,"1988-04-12 17:35","1988-04-19 17:05",198804,5.880,7.000," ",.280," ",.043," ",.032," ",.044," ",.340," ",1.070," ",.060," ",.980,0,-9,613.500,9.650,9.650,"w ","            ",1988-09-21
CO21,NG4011OW,"1988-04-19 17:10","1988-04-26 17:20",198804,-9.000,-9.000," ",-9.000," ",-9.000," ",-9.000," ",-9.000," ",-9.000," ",-9.000," ",-9.000," ",-9.000,0,-9,4.300,.510,.510,"  ","v           ",1988-11-08
CO21,NG4276OW,"1988-04-26 17:20","1988-05-03 17:00",198804,-9.000,-9.000," ",-9.000," ",-9.000," ",-9.000," ",-9.000," ",-9.000," ",-9.000," ",-9.000," ",-9.000,0,-9,3.100,1.270,1.270,"  ","v           ",1988-11-08
CO21,NG4378OW,"1988-05-03 17:00","1988-05-10 17:50",198805,-9.000,-9.000," ",-9.000," ",-9.000," ",-9.000," ",-9.000,<,-9.000,<,-9.000," ",-9.000," ",-9.000,0,-9,.000,.000,.000,"d ","            ",1988-11-08
CO21,NG4611OW,"1988-05-10 17:55","1988-05-17 17:10",198805,4.920,8.200," ",.170," ",.024," ",.005," ",.035,<,.020," ",.440," ",.070," ",.530,0,-9,275.900,3.810,3.810,"w ","            ",1988-11-22
CO21,NG4892OW,"1988-05-17 17:10","1988-05-24 16:40",198805,5.010,5.200," ",.050," ",.008," ",.010," ",.011,<,.020," ",.510,<,.030," ",.320,0,-9,1575.300,-9.990,23.203,"w ","            ",1988-11-22
CO21,NG5059OW,"1988-05-24 17:00","1988-05-31 17:15",198805,4.890,15.700," ",.670," ",.106," ",.058," ",.351,<,.020," ",2.460," ",.250," ",2.090,0,-9,104.700,1.780,1.780,"w ","            ",1988-11-22
CO21,NG6547OW,"1988-05-31 17:15","1988-06-07 16:05",198806,4.890,13.400," ",.520," ",.089," ",.006," ",.110,<,.020," ",.930," ",.210," ",1.250,0,-9,177.700,2.030,2.030,"w ","            ",1989-01-16
CO21,NG5465OW,"1988-06-07 16:45","1988-06-14 17:12",198806,5.630,14.600," ",.790," ",.120," ",.113," ",.101," ",.390," ",2.300," ",.160," ",2.270,0,-9,1010.300,9.400,9.400,"w ","            ",1988-11-22
CO21,NG5697OW,"1988-06-14 17:15","1988-06-21 15:40",198806,4.790,14.700," ",.370," ",.056," ",.119," ",.063,<,.020," ",1.270," ",.110," ",1.560,0,-9,1210.400,17.780,17.780,"w ","            ",1988-12-28
CO21,NG5931OW,"1988-06-21 16:00","1988-06-28 16:30",198806,4.720,15.000," ",.290," ",.026," ",.014," ",.081,<,.020," ",1.790," ",.110," ",1.460,0,-9,768.800,10.410,10.410,"w ","            ",1988-12-28
CO21,NG6056OW,"1988-06-28 17:10","1988-07-05 18:00",198807,4.630,14.600," ",.260," ",.057," ",.014," ",.049,<,.020," ",1.530," ",.050," ",1.250,0,-9,978.700,14.730,14.730,"w ","            ",1988-12-28
CO21,NG6321OW,"1988-07-05 18:10","1988-07-12 17:00",198807,5.840,12.400," ",.510," ",.106," ",.169," ",.090,<,.020," ",2.140," ",.160," ",1.600,0,-9,1832.500,40.640,40.640,"w ","            ",1989-01-16
CO21,NG6566OW,"1988-07-12 17:15","1988-07-19 16:40",198807,5.020,21.700," ",1.150," ",.180," ",.056," ",.301," ",.150," ",4.010," ",.330," ",2.940,0,-9,260.400,2.540,2.540,"w ","            ",1989-01-16
CO21,NG6761OW,"1988-07-19 16:50","1988-07-26 18:05",198807,5.860,13.300," ",.930," ",.117," ",.067," ",.168,<,.020," ",1.510," ",.340," ",1.390,0,-9,82.100,.760,.760,"w ","            ",1989-01-16
CO21,NG7016OW,"1988-07-26 18:07","1988-08-02 17:45",198807,4.360,25.500," ",.340," ",.048," ",.034," ",.051," ",.470," ",2.790," ",.130," ",2.220,0,-9,1654.600,25.650,25.650,"w ","            ",1989-01-16
CO21,NG7195OW,"1988-08-02 17:45","1988-08-09 16:55",198808,4.860,9.200," ",.110," ",.018," ",.029," ",.020,<,.020," ",1.060," ",.050," ",.760,0,-9,3528.400,52.320,52.320,"w ","            ",1989-03-01
CO21,NG7397OW,"1988-08-09 17:45","1988-08-16 16:15",198808,4.800,15.900," ",.610," ",.096," ",.031," ",.188,<,.020," ",2.450," ",.190," ",1.760,0,-9,167.200,2.030,2.030,"w ","            ",1989-03-01
CO21,NG7609OW,"1988-08-16 16:22","1988-08-23 18:50",198808,4.820,7.800," ",.060," ",.008,<,.003," ",.028,<,.020," ",.740," ",.040," ",.560,0,-9,1380.400,20.070,20.070,"w ","            ",1989-03-01
CO21,NG7812OW,"1988-08-23 18:50","1988-08-30 16:21",198808,4.730,20.600," ",.670," ",.123," ",.036," ",.173," ",.370," ",3.130," ",.180," ",2.700,0,-9,169.600,1.780,1.780,"w ","            ",1989-03-01
CO21,NG7952OW,"1988-08-30 16:21","1988-09-06 17:05",198809,-9.000,-9.000," ",-9.000," ",-9.000," ",-9.000," ",-9.000,<,-9.000,<,-9.000," ",-9.000," ",-9.000,0,-9,.000,-7.000,.127,"t ","            ",1989-04-12
CO21,NG8192OW,"1988-09-06 17:10","1988-09-13 16:15",198809,5.110,8.100," ",.170," ",.026," ",.028," ",.047," ",.220," ",1.060," ",.100," ",.960,0,-9,789.400,13.210,13.210,"w ","            ",1989-04-11
CO21,NG8414OW,"1988-09-13 16:31","1988-09-20 14:26",198809,4.430,26.400," ",.430," ",.069," ",.061," ",.290," ",.310," ",3.530," ",.310," ",2.530,0,-9,72.700,1.020,1.020,"w ","            ",1989-04-11
CO21,NG8663OW,"1988-09-20 14:50","1988-09-27 14:05",198809,6.820,18.900," ",.870," ",.116," ",.119," ",.466,<,.070,<,.100," ",.310," ",1.500,0,-9,27.600,.510,.510,wa,"            ",1989-04-11
CO21,NG8802OW,"1988-09-27 14:20","1988-10-04 16:04",198809,6.530,14.600," ",.560," ",.053," ",.037," ",.190," ",1.020," ",2.550," ",.170," ",1.220,0,-9,123.500,1.270,1.270,"w ","            ",1989-04-11
CO21,NG9035OW,"1988-10-04 16:18","1988-10-11 14:58",198810,4.480,23.800," ",.360," ",.045," ",.023," ",.191," ",.320," ",2.760," ",.340," ",2.180,0,-9,111.800,1.270,1.270,"w ","            ",1989-04-11
CO21,NG9232OW,"1988-10-11 15:08","1988-10-18 14:58",198810,-9.000,-9.000," ",-9.000," ",-9.000," ",-9.000," ",-9.000," ",-9.000," ",-9.000," ",-9.000," ",-9.000,0,-9,2.100,.000,.000,"d ","            ",1989-04-11
CO21,NG9385OW,"1988-10-18 15:07","1988-10-25 15:20",198810,-9.000,-9.000," ",-9.000,<,-9.000,<,-9.000," ",-9.000,<,-9.000,<,-9.000,<,-9.000,<,-9.000,0,-9,.000,.000,.000,"d ","            ",1989-04-11
CO21,NG9632OW,"1988-10-25 15:40","1988-11-01 18:00",198810,-9.000,-9.000," ",-9.000,<,-9.000,<,-9.000," ",-9.000,<,-9.000," ",-9.000," ",-9.000," ",-9.000,0,-9,.000,.000,.000,"d ","            ",1989-05-08
CO21,NG9826OW,"1988-11-01 18:10","1988-11-08 16:24",198811,-9.000,-9.000," ",-9.000,<,-9.000," ",-9.000," ",-9.000," ",-9.000," ",-9.000," ",-9.000,<,-9.000,0,-9,.000,.000,.000,"d ","            ",1989-05-08
CO21,NH0085OW,"1988-11-08 16:26","1988-11-15 16:12",198811,5.120,6.800," ",.150," ",.024," ",.019," ",.171," ",.040," ",.920," ",.080," ",.770,0,-9,108.200,2.540,2.540,"w ","            ",1989-05-08
CO21,NH0352OW,"1988-11-15 16:21","1988-11-22 15:20",198811,-9.000,-9.000," ",-9.000,<,-9.000,<,-9.000," ",-9.000,<,-9.000,<,-9.000,<,-9.000," ",-9.000,0,-9,.000,.000,.000,"d ","            ",1989-05-08
CO21,NH0436OW,"1988-11-22 15:31","1988-11-29 16:30",198811,6.550,12.500," ",.110,<,.026," ",.111," ",.343,<,.170,<,.260," ",.510,<,.260,0,-9,12.500,1.020,1.020,wa,"            ",1989-05-08
CO21,NH0801OW,"1988-11-29 16:33","1988-12-06 16:20",198812,-9.000,-9.000," ",-9.000," ",-9.000," ",-9.000," ",-9.000," ",-9.000," ",-9.000," ",-9.000," ",-9.000,0,-9,.800,.000,.000,"d ","            ",1989-05-15
CO21,NH0987OW,"1988-12-06 16:26","1988-12-13 16:35",198812,5.550,11.600,<,.140,<,.046,<,.046," ",.413,<,.310,<,.460," ",.460,<,.460,0,-9,7.900,1.780,1.780,wa,"            ",1989-05-15
CO21,NH1140OW,"1988-12-13 16:44","1988-12-20 16:15",198812,6.190,5.500," ",.160," ",.025," ",.007," ",.090,<,.020," ",1.190," ",.090," ",.460,0,-9,131.100,2.030,2.030,"w ","            ",1989-05-15
CO21,NH1348OW,"1988-12-20 16:21","1988-12-27 16:28",198812,6.470,11.200," ",.340," ",.117," ",.046," ",.429,<,.020," ",.300," ",.390," ",1.310,0,-9,40.000,1.020,1.020,"w ","            ",1989-05-15
CO21,NH1462OW,"1988-12-27 16:28","1989-01-03 17:00",198812,-9.000,-9.000," ",-9.000," ",-9.000," ",-9.000," ",-9.000," ",-9.000," ",-9.000," ",-9.000," ",-9.000,0,-9,1.700,.000,.000,"d ","            ",1989-05-15
CO21,NH1844OW,"1989-01-03 17:03","1989-01-10 17:40",198901,6.290,2.600," ",.030," ",.006,<,.003," ",.051,<,.020,<,.030," ",.040," ",.100,0,-9,126.700,1.270,1.270,"w ","            ",1989-06-19
CO21,NH2011OW,"1989-01-10 17:48","1989-01-17 16:00",198901,5.860,3.300," ",.060," ",.010,<,.003," ",.051," ",.060," ",.770," ",.080," ",.140,0,-9,135.000,3.300,3.300,"w ","            ",1989-06-19
CO21,NH2186OW,"1989-01-17 16:31","1989-01-24 17:54",198901,-9.000,-9.000," ",-9.000," ",-9.000," ",-9.000," ",-9.000," ",-9.000," ",-9.000," ",-9.000," ",-9.000,0,-9,1.400,.000,.000,"d ","            ",1989-06-19
CO21,NH2355OW,"1989-01-24 17:59","1989-01-31 16:32",198901,5.850,5.100," ",.090," ",.014," ",.008," ",.061," ",.100," ",1.300," ",.130," ",.340,0,-9,95.000,2.790,2.790,"w ","            ",1989-06-19
CO21,NH2580OW,"1989-01-31 16:42","1989-02-07 16:31",198902,5.520,3.500," ",.080," ",.019," ",.009," ",.028," ",.020," ",.720," ",.040," ",.270,0,-9,240.700,4.570,4.570,"w ","            ",1989-07-21
CO21,NH2808OW,"1989-02-07 16:42","1989-02-14 17:03",198902,6.110,9.700," ",.120," ",.021,<,.003," ",.188," ",.030," ",3.470," ",.230," ",.470,0,-9,42.400,1.270,1.270,"w ","            ",1989-07-21
CO21,NH2952OW,"1989-02-14 17:10","1989-02-21 16:35",198902,-9.000,-9.000," ",-9.000," ",-9.000," ",-9.000," ",-9.000," ",-9.000," ",-9.000," ",-9.000," ",-9.000,0,-9,.100,-7.000,.127,"t ","            ",1989-07-21
CO21,NH3256OW,"1989-02-21 16:44","1989-02-28 15:46",198902,-9.000,-9.000," ",-9.000," ",-9.000," ",-9.000," ",-9.000," ",-9.000," ",-9.000," ",-9.000," ",-9.000,0,-9,2.200,.000,.000,"d ","            ",1989-07-21
CO21,NH3542OW,"1989-02-28 15:51","1989-03-07 16:02",198903,-9.000,-9.000," ",-9.000," ",-9.000," ",-9.000," ",-9.000," ",-9.000," ",-9.000," ",-9.000," ",-9.000,0,-9,5.100,-7.000,.127,"t ","            ",1989-07-21
CO21,NH3630OW,"1989-03-07 16:02","1989-03-14 15:55",198903,-9.000,-9.000," ",-9.000,<,-9.000," ",-9.000," ",-9.000,<,-9.000,<,-9.000," ",-9.000," ",-9.000,0,-9,.000,.000,.000,"d ","            ",1989-07-21
CO21,NH4127OW,"1989-03-14 16:02","1989-03-21 16:20",198903,6.970,11.600," ",.280," ",.044," ",.036," ",.112," ",.020," ",.670," ",.130," ",.530,0,-9,88.300,1.520,1.520,"w ","            ",1989-08-15
CO21,NH4155OW,"1989-03-21 16:20","1989-03-28 17:08",198903,-9.000,-9.000," ",-9.000,<,-9.000," ",-9.000," ",-9.000," ",-9.000,<,-9.000," ",-9.000," ",-9.000,0,-9,.000,.000,.000,"d ","            ",1989-08-15
CO21,NH4340OW,"1989-03-28 17:08","1989-04-04 14:20",198903,5.230,7.400," ",.240," ",.033," ",.011," ",.091," ",.100," ",1.150," ",.080," ",.960,0,-9,708.600,12.950,12.950,"w ","            ",1989-08-15
CO21,NH4527OW,"1989-04-04 14:31","1989-04-11 14:36",198904,-9.000,-9.000," ",-9.000," ",-9.000," ",-9.000," ",-9.000," ",-9.000," ",-9.000," ",-9.000," ",-9.000,0,-9,1.100,.000,.000,"d ","            ",1989-08-15
CO21,NH4712OW,"1989-04-11 14:46","1989-04-18 15:35",198904,-9.000,-9.000," ",-9.000," ",-9.000," ",-9.000," ",-9.000," ",-9.000," ",-9.000," ",-9.000," ",-9.000,0,-9,2.000,.000,.000,"d ","            ",1989-09-25
CO21,NH4971OW,"1989-04-18 15:48","1989-04-25 15:31",198904,-9.000,-9.000," ",-9.000,<,-9.000," ",-9.000," ",-9.000,<,-9.000,<,-9.000,<,-9.000,<,-9.000,0,-9,.000,.000,.000,"d ","            ",1989-09-25
CO21,NH5222OW,"1989-04-25 15:48","1989-05-02 14:43",198904,5.130,9.300," ",.410," ",.044," ",.012," ",.110," ",.170," ",1.640," ",.140," ",1.080,0,-9,562.100,17.780,17.780,"w ","            ",1989-09-25
CO21,NH5306OW,"1989-05-02 14:45","1989-05-09 07:58",198905,6.660,22.400," ",.460," ",.100,<,.027," ",1.405,<,.180,<,.270," ",.730," ",2.270,0,-9,12.700,-7.000,.127,wa,"            ",1989-09-25
CO21,NH5598OW,"1989-05-09 08:26","1989-05-16 15:58",198905,5.510,6.900," ",.270," ",.033," ",.024," ",.073," ",.270," ",1.000," ",.100," ",.970,0,-9,890.800,11.680,11.680,"w ","            ",1989-10-22
CO21,NH5872OW,"1989-05-16 16:05","1989-05-23 14:45",198905,6.850,18.500," ",.690," ",.102," ",.075," ",.603," ",.270," ",1.910," ",.380," ",2.180,0,-9,71.800,1.520,1.520,"w ","            ",1989-10-22
CO21,NH6081OW,"1989-05-23 14:52","1989-05-30 13:56",198905,6.760,19.100," ",1.330," ",.130," ",.113," ",.369," ",.780," ",3.050," ",.330," ",2.110,0,-9,138.200,2.290,2.290,"w ","            ",1989-10-22
CO21,NH6306OW,"1989-05-30 14:04","1989-06-06 13:58",198906,5.130,13.500," ",.440," ",.067," ",.058," ",.238," ",.300," ",2.230," ",.190," ",1.810,0,-9,200.900,2.540,2.540,"w ","            ",1989-10-22
CO21,NH6661OW,"1989-06-06 14:05","1989-06-13 14:16",198906,4.990,9.700," ",.130," ",.025," ",.008," ",.046," ",.270," ",1.170," ",.080," ",.880,0,-9,2159.400,29.720,29.720,"w ","            ",1989-11-27
CO21,NH6624OW,"1989-06-13 14:24","1989-06-20 15:43",198906,5.410,6.700," ",.170," ",.031," ",.075," ",.145," ",.080," ",.960," ",.090," ",.810,0,-9,250.700,2.540,2.540,"w ","            ",1989-11-27
CO21,NH6886OW,"1989-06-20 15:48","1989-06-27 17:48",198906,6.060,7.500," ",.530," ",.064," ",.047," ",.074," ",.250," ",1.630," ",.110," ",.700,0,-9,1268.300,18.540,18.540,"w ","            ",1989-11-27
CO21,NH7082OW,"1989-06-27 17:50","1989-07-04 13:45",198906,-9.000,-9.000," ",-9.000," ",-9.000," ",-9.000," ",-9.000," ",-9.000," ",-9.000," ",-9.000," ",-9.000,0,-9,2.400,-7.000,.127,"t ","            ",1989-11-27
CO21,NH7330OW,"1989-07-04 13:55","1989-07-11 13:58",198907,-9.000,-9.000," ",-9.000," ",-9.000," ",-9.000," ",-9.000," ",-9.000," ",-9.000," ",-9.000," ",-9.000,0,-9,47.600,.760,.760,"  ","c           ",1989-11-27
CO21,NH7592OW,"1989-07-11 14:03","1989-07-18 13:26",198907,5.010,11.400," ",.180," ",.029," ",.078," ",.026," ",.520," ",1.620," ",.080," ",1.150,0,-9,1746.000,24.380,24.380,"w ","            ",1989-12-21
CO21,NH7716OW,"1989-07-18 13:29","1989-07-25 13:46",198907,5.980,22.200," ",1.000," ",.136," ",.080," ",.045," ",1.280," ",4.380," ",.190," ",3.070,0,-9,250.900,3.300,3.300,"w ","            ",1989-12-21
CO21,NH8048OW,"1989-07-25 13:54","1989-08-01 11:36",198907,5.440,6.400," ",.120," ",.015," ",.023," ",.017," ",.390," ",1.120," ",.060," ",.630,0,-9,1500.800,24.380,24.380,"w ","            ",1989-12-21
CO21,NH8181OW,"1989-08-01 11:45","1989-08-08 13:32",198908,4.980,9.900," ",.190," ",.038," ",.036," ",.065," ",.390," ",1.400," ",.120," ",1.000,0,-9,917.900,11.430,11.430,"w ","            ",1989-12-21
CO21,NH8473OW,"1989-08-08 13:40","1989-08-15 13:45",198908,4.540,18.300," ",.200," ",.032," ",.021," ",.028," ",.370," ",1.870," ",.080," ",1.570,0,-9,1294.000,18.540,18.540,"w ","            ",1990-01-22
CO21,NH8511OW,"1989-08-15 13:51","1989-08-22 15:12",198908,-9.000,-9.000," ",-9.000," ",-9.000," ",-9.000," ",-9.000," ",-9.000," ",-9.000," ",-9.000," ",-9.000,0,-9,172.700,2.540,2.540,"  ","c           ",1990-01-22
CO21,NH8904OW,"1989-08-22 15:20","1989-08-29 14:47",198908,-9.000,-9.000," ",-9.000," ",-9.000," ",-9.000," ",-9.000," ",-9.000," ",-9.000," ",-9.000," ",-9.000,0,-9,59.000,.250,.250,"  ","c           ",1990-01-22
CO21,NH9054OW,"1989-08-29 14:49","1989-09-05 21:09",198909,-9.000,-9.000," ",-9.000," ",-9.000," ",-9.000," ",-9.000," ",-9.000," ",-9.000," ",-9.000," ",-9.000,0,-9,6.200,-7.000,.127,"t ","            ",1990-01-22
CO21,NH9144OW,"1989-09-05 21:24","1989-09-12 16:14",198909,4.840,10.500," ",.170," ",.023," ",.044," ",.028," ",.140," ",1.170," ",.090," ",.890,0,-9,1285.900,19.300,19.300,"w ","            ",1990-01-22
CO21,NH9482OW,"1989-09-12 16:34","1989-09-19 14:35",198909,-9.000,-9.000," ",-9.000," ",-9.000," ",-9.000," ",-9.000," ",-9.000," ",-9.000," ",-9.000," ",-9.000,0,-9,4.100,4.060,4.060,"  ","vu          ",1990-02-15
CO21,NI0311OW,"1989-09-19 14:51","1989-09-26 14:40",198909,6.210,5.700," ",.120," ",.053," ",.397," ",.077," ",.140," ",.460," ",.100," ",.670,0,-9,227.200,5.590,5.590,"w ","            ",1990-03-15
CO21,NH9835OW,"1989-09-26 14:48","1989-10-03 14:57",198909,5.100,55.000," ",3.560," ",.575," ",.204," ",.384," ",1.770," ",14.020," ",.430," ",8.170,0,-9,26.800,.510,.510,wa,"            ",1990-02-15
CO21,NI0130OW,"1989-10-03 15:02","1989-10-10 13:29",198910,-9.000,-9.000," ",-9.000," ",-9.000," ",-9.000," ",-9.000," ",-9.000," ",-9.000," ",-9.000," ",-9.000,0,-9,1.400,.000,.000,"d ","            ",1990-03-15
CO21,NI0252OW,"1989-10-10 13:34","1989-10-17 14:43",198910,5.290,6.600," ",.140," ",.017," ",.012," ",.048," ",.330," ",1.080," ",.070," ",.740,0,-9,701.300,-9.990,10.329,"w ","            ",1990-03-15
CO21,NI0555OW,"1989-10-17 14:54","1989-10-24 14:47",198910,-9.000,-9.000," ",-9.000," ",-9.000," ",-9.000," ",-9.000," ",-9.000," ",-9.000," ",-9.000," ",-9.000,0,-9,6.200,.510,.510,"  ","v           ",1990-03-15
CO21,NI0781OW,"1989-10-24 14:52","1989-10-31 15:52",198910,6.290,10.600," ",.440," ",.047," ",.037," ",.140," ",.240," ",3.040," ",.270," ",.340,0,-9,88.600,1.270,1.270,"w ","            ",1990-03-15
CO21,NI1012OW,"1989-10-31 16:01","1989-11-07 14:56",198911,6.200,7.400," ",.300," ",.047," ",.050," ",.267," ",.040," ",1.690," ",.140," ",.400,0,-9,55.300,1.020,1.020,"w ","            ",1990-05-03
CO21,NI1280OW,"1989-11-07 15:03","1989-11-14 16:39",198911,-9.000,-9.000," ",-9.000," ",-9.000,<,-9.000," ",-9.000,<,-9.000," ",-9.000," ",-9.000,<,-9.000,0,-9,.000,.000,.000,"d ","            ",1990-05-03
CO21,NI1289OW,"1989-11-14 16:49","1989-11-21 15:54",198911,-9.000,-9.000," ",-9.000," ",-9.000,<,-9.000," ",-9.000,<,-9.000," ",-9.000," ",-9.000,<,-9.000,0,-9,.000,.000,.000,"d ","            ",1990-05-03
CO21,NI1634OW,"1989-11-21 16:00","1989-11-28 21:18",198911,-9.000,-9.000," ",-9.000," ",-9.000," ",-9.000," ",-9.000," ",-9.000," ",-9.000," ",-9.000," ",-9.000,0,-9,3.400,.250,.250,"  ","v           ",1990-05-03
CO21,NI1827OW,"1989-11-28 21:25","1989-12-05 16:21",198912,-9.000,-9.000,<,-9.000,<,-9.000,<,-9.000," ",-9.000," ",-9.000," ",-9.000," ",-9.000," ",-9.000,0,-9,.000,.000,.000,"d ","            ",1990-05-03
CO21,NI2041OW,"1989-12-05 16:27","1989-12-12 15:25",198912,5.190,4.500," ",.060," ",.009," ",.003," ",.031," ",.040," ",.600," ",.050," ",.130,0,-9,436.500,5.840,5.840,"w ","            ",1990-05-16
CO21,NI2284OW,"1989-12-12 15:25","1989-12-19 15:45",198912,5.600,3.000," ",.030," ",.009," ",.006," ",.069," ",.060," ",.520," ",.090," ",.140,0,-9,137.200,5.080,5.080,"w ","            ",1990-05-16
CO21,NI2418OW,"1989-12-19 15:51","1989-12-26 15:30",198912,-9.000,-9.000,<,-9.000,<,-9.000,<,-9.000,<,-9.000,<,-9.000,<,-9.000,<,-9.000,<,-9.000,0,-9,.000,1.270,1.270,"  ","vl          ",1990-05-16
CO21,NI2459OW,"1989-12-26 15:30","1990-01-02 14:55",198912,-9.000,-9.000," ",-9.000," ",-9.000," ",-9.000," ",-9.000," ",-9.000," ",-9.000," ",-9.000," ",-9.000,0,-9,2.400,-7.000,.127,"t ","            ",1990-05-16
CO21,NI2702OW,"1990-01-02 14:55","1990-01-09 16:25",199001,-9.000,-9.000," ",-9.000," ",-9.000," ",-9.000," ",-9.000," ",-9.000," ",-9.000," ",-9.000," ",-9.000,0,-9,.900,.000,.000,"d ","            ",1990-05-16
CO21,NI2976OW,"1990-01-09 16:25","1990-01-16 18:25",199001,-9.000,-9.000,<,-9.000,<,-9.000," ",-9.000," ",-9.000," ",-9.000," ",-9.000," ",-9.000,<,-9.000,0,-9,.000,.000,.000,"d ","            ",1990-06-12
CO21,NI3211OW,"1990-01-16 18:25","1990-01-23 14:50",199001,5.570,3.900," ",.070," ",.013," ",.018," ",.050," ",.040," ",.850," ",.100," ",.160,0,-9,122.300,3.560,3.560,"w ","            ",1990-06-12
CO21,NI3426OW,"1990-01-23 14:50","1990-01-30 14:50",199001,-9.000,-9.000," ",-9.000," ",-9.000," ",-9.000," ",-9.000," ",-9.000," ",-9.000," ",-9.000," ",-9.000,0,-9,.700,.000,.000,"d ","            ",1990-06-12
CO21,NI3637OW,"1990-01-30 14:50","1990-02-06 15:10",199002,5.050,9.500," ",.150," ",.026," ",.020," ",.077," ",.100," ",2.450," ",.130," ",.350,0,-9,97.200,1.780,1.780,"w ","            ",1990-06-12
CO21,NI3754OW,"1990-02-06 15:10","1990-02-13 14:35",199002,-9.000,-9.000," ",-9.000," ",-9.000,<,-9.000," ",-9.000,<,-9.000," ",-9.000," ",-9.000," ",-9.000,0,-9,.000,.000,.000,"d ","            ",1990-07-05
CO21,NI4171OW,"1990-02-13 14:35","1990-02-20 16:22",199002,5.770,3.000," ",.090," ",.015," ",.013," ",.035,<,.020," ",.490," ",.040," ",.180,0,-9,421.100,5.330,5.330,"w ","            ",1990-07-05
CO21,NI4255OW,"1990-02-20 16:27","1990-02-27 15:05",199002,-9.000,-9.000,<,-9.000,<,-9.000," ",-9.000," ",-9.000," ",-9.000," ",-9.000," ",-9.000," ",-9.000,0,-9,.000,.000,.000,"d ","            ",1990-07-05
CO21,NI4503OW,"1990-02-27 15:05","1990-03-06 15:36",199003,5.360,3.600," ",.050," ",.007," ",.005," ",.030," ",.100," ",.360," ",.060," ",.320,0,-9,1184.300,19.300,19.300,"w ","            ",1990-07-05
CO21,NI4564OW,"1990-03-06 15:36","1990-03-12 15:35",199003,5.430,3.600," ",.050," ",.004," ",.018," ",.052," ",.200," ",.480," ",.100," ",.260,0,-9,398.600,12.700,12.700,"w ","            ",1990-07-09
CO21,NI4756OW,"1990-03-12 15:35","1990-03-19 19:20",199003,5.580,5.500," ",.080," ",.015," ",.012," ",.057," ",.120," ",1.210," ",.110," ",.490,0,-9,166.300,3.560,3.560,"w ","            ",1990-08-21
CO21,NI5005OW,"1990-03-19 19:20","1990-03-27 14:40",199003,-9.000,-9.000," ",-9.000," ",-9.000," ",-9.000," ",-9.000,<,-9.000," ",-9.000," ",-9.000," ",-9.000,0,-9,.000,.000,.000,"d ","            ",1990-08-21
CO21,NI5186OW,"1990-03-27 14:40","1990-04-02 13:35",199003,4.510,22.200," ",.160," ",.022," ",.012," ",.049," ",.960," ",3.950," ",.090," ",1.360,0,-9,590.800,11.680,11.680,"w ","            ",1990-08-30
CO21,NI5521OW,"1990-04-02 13:35","1990-04-10 13:35",199004,4.970,11.300," ",.230," ",.040," ",.018," ",.030," ",.440," ",1.630," ",.080," ",1.300,0,-9,618.200,9.400,9.400,"w ","            ",1990-08-30
CO21,NI5660OW,"1990-04-10 13:35","1990-04-16 15:15",199004,-9.000,-9.000," ",-9.000," ",-9.000," ",-9.000," ",-9.000," ",-9.000," ",-9.000," ",-9.000," ",-9.000,0,-9,12.600,.250,.250,"  ","c           ",1990-09-24
CO21,NI5908OW,"1990-04-16 15:15","1990-04-24 16:45",199004,5.810,9.600," ",.230," ",.030," ",.016," ",.066," ",.780," ",1.830," ",.140," ",1.280,0,-9,635.000,10.920,10.920,"w ","            ",1990-09-28
CO21,NI6094OW,"1990-04-24 16:46","1990-05-01 15:00",199004,5.130,5.500," ",.090," ",.011," ",.007," ",.016," ",.070," ",.830," ",.040," ",.270,0,-9,1514.000,26.160,26.160,"w ","            ",1990-09-24
CO21,NI6267OW,"1990-05-01 15:00","1990-05-08 15:15",199005,5.190,6.000," ",.100," ",.012," ",.023," ",.052," ",.160," ",.850," ",.100," ",.550,0,-9,351.900,5.840,5.840,"w ","            ",1990-09-24
CO21,NI6595OW,"1990-05-08 15:15","1990-05-15 14:15",199005,6.190,10.200," ",.740," ",.080," ",.035," ",.113," ",.460," ",1.780," ",.160," ",1.220,0,-9,749.600,10.920,10.920,"w ","            ",1990-10-30
CO21,NI6825OW,"1990-05-15 14:15","1990-05-22 13:50",199005,5.420,6.300," ",.250," ",.034," ",.013," ",.071," ",.160," ",1.220," ",.140," ",.610,0,-9,433.700,6.350,6.350,"w ","            ",1990-10-30
CO21,NI6864OW,"1990-05-22 13:50","1990-05-29 14:30",199005,6.090,13.400," ",.850," ",.081," ",.079," ",.134," ",.660," ",2.350," ",.230," ",1.690,0,-9,395.900,5.840,5.840,"w ","            ",1990-10-30
CO21,NI7121OW,"1990-05-29 14:30","1990-06-05 13:55",199006,4.980,9.500," ",.280," ",.026," ",.022," ",.038," ",.210," ",.830," ",.100," ",1.170,0,-9,1054.800,16.510,16.510,"w ","            ",1990-10-30
CO21,NI7330OW,"1990-06-05 13:55","1990-06-12 14:15",199006,5.640,11.500," ",.550," ",.069," ",.088," ",.102," ",.690," ",1.870," ",.150," ",1.490,0,-9,796.100,13.460,13.460,"w ","            ",1990-10-30
CO21,NI7526OW,"1990-06-12 14:15","1990-06-19 14:30",199006,-9.000,-9.000," ",-9.000," ",-9.000," ",-9.000," ",-9.000," ",-9.000," ",-9.000," ",-9.000," ",-9.000,0,-9,.000,.000,.000,"d ","            ",1990-11-12
CO21,NI7733OW,"1990-06-19 14:30","1990-06-26 14:20",199006,6.170,126.900," ",8.240," ",1.280," ",4.306," ",1.234," ",.230," ",18.160," ",1.860," ",18.270,0,-9,12.600,.760,.760,wa,"            ",1990-11-12
CO21,NI8057OW,"1990-06-26 14:20","1990-07-03 14:25",199006,4.510,30.000," ",.890," ",.147," ",.197," ",.109," ",.780," ",4.170," ",.230," ",3.380,0,-9,502.400,-9.990,7.400,"w ","            ",1990-11-12
CO21,NI8249OW,"1990-07-03 14:25","1990-07-10 14:35",199007,4.940,10.900," ",.080," ",.014," ",.019," ",.030," ",.440," ",1.430," ",.090," ",.890,0,-9,3846.300,50.800,50.800,"w ","            ",1990-11-12
CO21,NI8443OW,"1990-07-10 14:35","1990-07-17 15:00",199007,4.800,12.000," ",.140," ",.021," ",.035," ",.030," ",.440," ",1.460," ",.120," ",.990,0,-9,737.700,10.410,10.410,"w ","            ",1991-01-07
CO21,NI8612OW,"1990-07-17 15:00","1990-07-24 17:15",199007,4.940,11.300," ",.190," ",.029," ",.036," ",.020," ",.400," ",1.510," ",.120," ",.950,0,-9,1240.100,18.290,18.290,"w ","            ",1991-01-07
CO21,NI8798OW,"1990-07-24 17:20","1990-07-31 14:25",199007,4.800,16.300," ",.550," ",.084," ",.040," ",.149," ",.380," ",2.400," ",.220," ",1.610,0,-9,632.200,8.890,8.890,"w ","            ",1991-01-07
CO21,NI9089OW,"1990-07-31 14:25","1990-08-07 14:45",199008,4.460,22.700," ",.350," ",.054," ",.025," ",.058," ",.440," ",2.660," ",.190," ",1.840,0,-9,1281.600,18.030,18.030,"w ","            ",1991-01-07
CO21,NI9213OW,"1990-08-07 14:45","1990-08-14 14:30",199008,4.650,15.100," ",.310," ",.040," ",.039," ",.023," ",.270," ",1.680," ",.110," ",1.230,0,-9,1046.800,15.490,15.490,"w ","            ",1991-01-07
CO21,NI9463OW,"1990-08-14 14:30","1990-08-21 14:30",199008,4.850,9.500," ",.090," ",.020," ",.021," ",.028," ",.210," ",1.260," ",.060," ",.680,0,-9,527.800,7.620,7.620,"w ","            ",1991-01-22
CO21,NI9629OW,"1990-08-21 14:30","1990-08-28 14:35",199008,5.270,8.200," ",.200," ",.037," ",.022," ",.054," ",.220," ",1.240," ",.100," ",.890,0,-9,283.200,4.060,4.060,"w ","            ",1991-01-22
CO21,NI9841OW,"1990-08-28 14:35","1990-09-04 15:05",199008,-9.000,-9.000," ",-9.000,<,-9.000," ",-9.000," ",-9.000,<,-9.000," ",-9.000," ",-9.000,<,-9.000,0,-9,.000,.000,.000,"d ","            ",1991-01-22
CO21,NJ0144OW,"1990-09-04 15:05","1990-09-11 17:10",199009,4.530,17.500," ",.200," ",.027," ",.017," ",.024," ",.340," ",2.090," ",.120," ",1.180,0,-9,552.000,7.620,7.620,"w ","            ",1991-01-22
CO21,NJ0280OW,"1990-09-11 17:10","1990-09-18 14:50",199009,5.810,42.200," ",.150," ",.028," ",9.600," ",.052," ",.060," ",.450," ",9.180," ",.200,0,-9,93.100,1.270,1.270,"w ","            ",1991-02-18
CO21,NJ0558OW,"1990-09-18 14:50","1990-09-25 15:15",199009,4.930,9.200," ",.100," ",.017," ",.008," ",.024," ",.270," ",1.050," ",.100," ",.870,0,-9,949.200,14.220,14.220,"w ","            ",1991-02-18
CO21,NJ0686OW,"1990-09-25 15:15","1990-10-02 14:45",199009,4.720,13.200," ",.140," ",.018," ",.008," ",.021," ",.190," ",1.200," ",.060," ",.970,0,-9,1016.400,13.970,13.970,"w ","            ",1991-02-18
CO21,NJ0880OW,"1990-10-02 14:45","1990-10-09 14:45",199010,5.270,3.700," ",.030," ",.003,<,.003," ",.014," ",.060," ",.370," ",.030," ",.240,0,-9,1855.200,-9.990,27.326,"w ","            ",1991-02-18
CO21,NJ1104OW,"1990-10-09 14:45","1990-10-16 15:00",199010,-9.000,-9.000," ",-9.000," ",-9.000," ",-9.000," ",-9.000,<,-9.000,<,-9.000,<,-9.000," ",-9.000,0,-9,.000,.000,.000,"d ","            ",1991-03-13
CO21,NJ1340OW,"1990-10-16 15:00","1990-10-23 13:45",199010,5.330,4.400," ",.090," ",.017," ",.014," ",.015," ",.070," ",.460,<,.030," ",.230,0,-9,621.500,10.160,10.160,"w ","            ",1991-03-13
CO21,NJ1529OW,"1990-10-23 13:45","1990-10-30 14:05",199010,-9.000,-9.000," ",-9.000,<,-9.000," ",-9.000," ",-9.000,<,-9.000," ",-9.000," ",-9.000,<,-9.000,0,-9,.000,.000,.000,"d ","            ",1991-03-13
CO21,NJ1856OW,"1990-10-30 14:05","1990-11-06 20:35",199011,4.910,7.400," ",.030," ",.008," ",.003," ",.039," ",.130," ",.950," ",.030," ",.360,0,-9,710.100,12.190,12.190,"w ","            ",1991-03-13
CO21,NJ1931OW,"1990-11-06 20:35","1990-11-13 15:55",199011,-9.000,-9.000," ",-9.000," ",-9.000," ",-9.000," ",-9.000," ",-9.000," ",-9.000," ",-9.000," ",-9.000,0,-9,8.400,.510,.510,"  ","v           ",1991-03-13
CO21,NJ2105OW,"1990-11-13 15:55","1990-11-20 16:40",199011,-9.000,-9.000," ",-9.000,<,-9.000," ",-9.000," ",-9.000," ",-9.000," ",-9.000," ",-9.000,<,-9.000,0,-9,.000,.000,.000,"d ","            ",1991-04-22
CO21,NJ2355OW,"1990-11-20 16:40","1990-11-27 15:00",199011,5.450,5.500," ",.200," ",.020," ",.023," ",.100," ",.140," ",1.310," ",.050," ",.270,0,-9,282.200,4.320,4.320,"w ","            ",1991-04-22
CO21,NJ2556OW,"1990-11-27 15:00","1990-12-04 15:10",199011,-9.000,-9.000," ",-9.000," ",-9.000," ",-9.000," ",-9.000," ",-9.000," ",-9.000," ",-9.000," ",-9.000,0,-9,7.800,.250,.250,"  ","v           ",1991-04-22
CO21,NJ2797OW,"1990-12-04 15:10","1990-12-11 15:10",199012,6.540,11.500," ",.300," ",.059,<,.012," ",.293," ",.470," ",1.760," ",.510," ",.310,0,-9,22.700,.760,.760,wa,"            ",1991-04-22
CO21,NJ2963OW,"1990-12-11 15:10","1990-12-18 14:30",199012,5.790,10.200," ",.270," ",.053," ",.057," ",.269,<,.070," ",2.480," ",.320," ",.420,0,-9,26.600,.510,.510,wa,"            ",1991-05-17
CO21,NJ3289OW,"1990-12-18 14:30","1990-12-25 15:35",199012,5.770,5.200," ",.090," ",.027," ",.035," ",.247,<,.080," ",.960," ",.270," ",.390,0,-9,25.700,.510,.510,wa,"            ",1991-05-17
CO21,NJ3356OW,"1990-12-25 15:35","1991-01-01 14:20",199012,-9.000,-9.000,<,-9.000,<,-9.000,<,-9.000," ",-9.000," ",-9.000,<,-9.000," ",-9.000," ",-9.000,0,-9,.000,.000,.000,"d ","            ",1991-05-17
CO21,NJ3554OW,"1991-01-01 14:20","1991-01-08 17:00",199101,-9.000,-9.000,<,-9.000,<,-9.000," ",-9.000," ",-9.000," ",-9.000," ",-9.000," ",-9.000,<,-9.000,0,-9,.000,.000,.000,"d ","            ",1991-05-28
CO21,NJ3803OW,"1991-01-08 17:01","1991-01-15 15:50",199101,5.450,21.200," ",.140," ",.041,<,.041," ",.401,<,.280," ",1.800," ",.830,<,.410,0,-9,7.600,-7.000,.127,wa,"            ",1991-06-20
CO21,NJ4060OW,"1991-01-15 15:50","1991-01-22 15:50",199101,4.990,6.700," ",.050," ",.012," ",.012," ",.047," ",.100," ",1.020," ",.070," ",.260,0,-9,532.600,7.870,7.870,"w ","            ",1991-06-20
CO21,NJ4227OW,"1991-01-22 15:50","1991-01-29 14:50",199101,-9.000,-9.000," ",-9.000," ",-9.000," ",-9.000," ",-9.000," ",-9.000," ",-9.000," ",-9.000," ",-9.000,0,-9,5.500,.510,.510,"  ","v           ",1991-06-20
CO21,NJ4428OW,"1991-01-29 14:50","1991-02-05 15:00",199102,-9.000,-9.000," ",-9.000,<,-9.000,<,-9.000," ",-9.000,<,-9.000," ",-9.000," ",-9.000,<,-9.000,0,-9,.000,.000,.000,"d ","            ",1991-06-20
CO21,NJ4661OW,"1991-02-05 15:00","1991-02-12 14:45",199102,-9.000,-9.000," ",-9.000," ",-9.000," ",-9.000," ",-9.000,<,-9.000," ",-9.000," ",-9.000,<,-9.000,0,-9,.000,.000,.000,"d ","            ",1991-06-20
CO21,NJ4857OW,"1991-02-12 14:45","1991-02-19 15:20",199102,6.110,8.200," ",.190," ",.034," ",.020," ",.168," ",.270," ",1.040," ",.240," ",.470,0,-9,28.400,.510,.510,wa,"            ",1991-07-10
CO21,NJ5077OW,"1991-02-19 15:20","1991-02-26 15:00",199102,-9.000,-9.000," ",-9.000," ",-9.000," ",-9.000," ",-9.000," ",-9.000," ",-9.000," ",-9.000," ",-9.000,0,-9,4.800,.250,.250,"  ","v           ",1991-07-10
CO21,NJ5332OW,"1991-02-26 15:00","1991-03-05 14:50",199103,-9.000,-9.000," ",-9.000," ",-9.000," ",-9.000," ",-9.000," ",-9.000," ",-9.000," ",-9.000," ",-9.000,0,-9,8.700,.250,.250,"  ","v           ",1991-07-10
CO21,NJ5494OW,"1991-03-05 14:50","1991-03-12 15:20",199103,5.270,3.400," ",.070," ",.009,<,.003," ",.016,<,.020," ",.500," ",.130," ",.150,0,-9,478.000,7.870,7.870,"w ","            ",1991-07-10
CO21,NJ5730OW,"1991-03-12 15:20","1991-03-19 15:00",199103,-9.000,-9.000," ",-9.000," ",-9.000," ",-9.000," ",-9.000," ",-9.000," ",-9.000," ",-9.000," ",-9.000,0,-9,.100,.760,.760,"  ","v           ",1991-08-08
CO21,NJ6025OW,"1991-03-19 15:00","1991-03-26 14:35",199103,5.970,6.200," ",.250," ",.032," ",.013," ",.056," ",.310," ",1.140," ",.090," ",.600,0,-9,343.000,5.330,5.330,"w ","            ",1991-08-08
CO21,NJ6241OW,"1991-03-26 14:35","1991-04-03 00:15",199103,5.830,7.400," ",.430," ",.062," ",.028," ",.096," ",.280," ",.970," ",.110," ",1.350,0,-9,1322.700,21.590,21.590,"w ","            ",1991-08-08
CO21,NJ6445OW,"1991-04-03 00:15","1991-04-09 14:25",199104,6.960,24.200," ",2.320," ",.189," ",.142," ",.297," ",.790," ",2.830," ",.120," ",1.880,0,-9,189.800,2.790,2.790,"w ","            ",1991-08-08
CO21,NJ6672OW,"1991-04-09 14:25","1991-04-16 13:15",199104,7.090,17.000," ",2.520," ",.141," ",.107," ",.204," ",.040," ",1.650," ",.160," ",.910,0,-9,484.300,6.860,6.860,"w ","            ",1991-09-23
CO21,NJ6763OW,"1991-04-16 13:15","1991-04-23 14:05",199104,4.940,8.100," ",.140," ",.015," ",.010," ",.033," ",.120," ",1.340," ",.060," ",.460,0,-9,805.800,12.190,12.190,"w ","            ",1991-09-23
CO21,NJ6982OW,"1991-04-23 14:05","1991-04-30 16:35",199104,5.040,8.400," ",.200," ",.025," ",.013," ",.052," ",.160," ",1.290," ",.050," ",.730,0,-9,313.100,4.060,4.060,"w ","            ",1991-10-31
CO21,NJ7197OW,"1991-04-30 16:35","1991-05-07 14:30",199105,5.230,5.700," ",.140," ",.014," ",.004," ",.022," ",.110," ",.740," ",.050," ",.540,0,-9,910.800,13.460,13.460,"w ","            ",1991-09-23
CO21,NJ7601OW,"1991-05-07 14:30","1991-05-14 13:55",199105,-9.000,-9.000," ",-9.000,<,-9.000,<,-9.000," ",-9.000,<,-9.000," ",-9.000," ",-9.000,<,-9.000,0,-9,.000,.000,.000,"d ","            ",1991-10-11
CO21,NJ7616OW,"1991-05-14 14:02","1991-05-21 13:30",199105,5.220,13.200," ",.710," ",.073," ",.027," ",.094," ",.380," ",2.380," ",.110," ",1.710,0,-9,460.200,6.860,6.860,"w ","            ",1991-10-11
CO21,NJ7864OW,"1991-05-21 13:30","1991-05-28 23:20",199105,5.260,7.600," ",.200," ",.024," ",.019," ",.052," ",.250," ",1.100," ",.080," ",.910,0,-9,1992.200,30.990,30.990,"w ","            ",1991-10-11
CO21,NJ8120OW,"1991-05-28 23:20","1991-06-04 14:00",199105,6.160,9.900," ",.570," ",.054," ",.065," ",.130," ",.490," ",1.270," ",.160," ",1.210,0,-9,1677.000,24.640,24.640,"w ","            ",1991-10-11
CO21,NJ8296OW,"1991-06-04 14:00","1991-06-11 14:05",199106,4.980,7.800," ",.170," ",.018," ",.017," ",.027," ",.090," ",.840," ",.070," ",.650,0,-9,3907.600,58.170,58.170,"w ","            ",1991-10-11
CO21,NJ8497OW,"1991-06-11 14:05","1991-06-18 15:30",199106,4.960,9.700," ",.220," ",.037," ",.163," ",.060," ",.090," ",1.080," ",.120," ",.990,0,-9,1530.400,23.880,23.880,"w ","            ",1991-11-08
CO21,NJ8660OW,"1991-06-18 15:30","1991-06-25 14:30",199106,-9.000,-9.000," ",-9.000," ",-9.000," ",-9.000," ",-9.000," ",-9.000," ",-9.000," ",-9.000," ",-9.000,0,-9,5.400,-7.000,.127,"t ","            ",1991-11-08
CO21,NJ8936OW,"1991-06-25 14:30","1991-07-02 14:35",199106,6.100,15.000," ",.730," ",.093," ",.111," ",.088," ",.050," ",1.550," ",.120," ",1.700,0,-9,354.600,5.330,5.330,"w ","            ",1991-11-08
CO21,NJ9131OW,"1991-07-02 14:35","1991-07-09 14:00",199107,5.410,9.700," ",.370," ",.058," ",.534," ",.128," ",.300," ",1.550," ",.160," ",.990,0,-9,1743.300,23.620,23.620,"w ","            ",1991-11-08
CO21,NJ9320OW,"1991-07-09 14:00","1991-07-16 13:30",199107,4.930,13.700," ",.140," ",.023," ",.021," ",.076," ",.470," ",2.140," ",.150," ",1.390,0,-9,497.300,7.620,7.620,"w ","            ",1991-12-09
CO21,NJ9572OW,"1991-07-16 13:30","1991-07-23 15:00",199107,4.820,11.300," ",.140," ",.014," ",.028," ",.016," ",.370," ",1.500," ",.070," ",.870,0,-9,2790.500,43.180,43.180,"w ","            ",1991-12-09
CO21,NJ9768OW,"1991-07-23 15:00","1991-07-30 16:15",199107,4.710,12.500," ",.090," ",.017," ",.016," ",.028," ",.210," ",1.540," ",.120," ",.820,0,-9,540.200,6.350,6.350,"w ","            ",1991-12-09
CO21,NJ9948OW,"1991-07-30 16:15","1991-08-06 14:00",199108,4.670,11.400," ",.090," ",.013," ",.011," ",.030," ",.140," ",1.250," ",.080," ",.630,0,-9,1632.600,24.130,24.130,"w ","            ",1991-12-09
CO21,NK0144OW,"1991-08-06 14:00","1991-08-13 14:15",199108,4.670,14.100," ",.220," ",.028," ",.030," ",.041," ",.170," ",1.720," ",.110," ",1.150,0,-9,771.300,11.680,11.680,"w ","            ",1992-01-06
CO21,NK0369OW,"1991-08-13 14:15","1991-08-20 14:30",199108,4.440,23.200," ",.310," ",.048," ",.042," ",.116," ",.360," ",3.130," ",.150," ",1.720,0,-9,421.700,6.100,6.100,"w ","            ",1992-01-06
CO21,NK0687OW,"1991-08-20 14:30","1991-08-27 17:35",199108,4.390,27.400," ",.500," ",.063," ",.036," ",.032," ",.390," ",3.600," ",.080," ",2.370,0,-9,356.600,5.080,5.080,"w ","            ",1992-01-06
CO21,NK0947OW,"1991-08-27 17:40","1991-09-03 13:45",199108,4.840,9.800," ",.130," ",.015," ",.023," ",.029," ",.240," ",1.020," ",.060," ",.870,0,-9,1741.400,25.910,25.910,"w ","            ",1992-01-06
CO21,NK1030OW,"1991-09-03 13:45","1991-09-10 15:00",199109,4.780,11.300," ",.120," ",.015," ",.016," ",.021," ",.230," ",1.070," ",.060," ",1.090,0,-9,881.500,13.970,13.970,"w ","            ",1992-02-06
CO21,NK1206OW,"1991-09-10 15:00","1991-09-17 13:45",199109,5.140,11.300," ",.460," ",.057," ",.080," ",.065," ",.350," ",1.970," ",.110," ",1.260,0,-9,206.600,2.790,2.790,"w ","            ",1992-02-06
CO21,NK1402OW,"1991-09-17 13:45","1991-09-24 15:15",199109,-9.000,-9.000," ",-9.000," ",-9.000," ",-9.000," ",-9.000,<,-9.000," ",-9.000," ",-9.000," ",-9.000,0,-9,.000,.000,.000,"d ","            ",1992-02-06
CO21,NK1841OW,"1991-09-24 15:15","1991-10-01 14:00",199109,5.170,20.300," ",.640," ",.090," ",.061," ",.115," ",.500," ",4.380," ",.280," ",2.410,0,-9,67.800,1.520,1.520,"w ","            ",1992-02-06
CO21,NK1830OW,"1991-10-01 14:00","1991-10-08 17:00",199110,-9.000,-9.000," ",-9.000,<,-9.000," ",-9.000," ",-9.000," ",-9.000," ",-9.000," ",-9.000," ",-9.000,0,-9,.000,.000,.000,"d ","            ",1992-02-06
CO21,NK2087OW,"1991-10-08 17:05","1991-10-15 15:10",199110,-9.000,-9.000,<,-9.000,<,-9.000,<,-9.000," ",-9.000," ",-9.000," ",-9.000," ",-9.000," ",-9.000,0,-9,.000,.250,.250,"  ","v           ",1992-03-13
CO21,NK2291OW,"1991-10-15 15:10","1991-10-22 14:35",199110,-9.000,-9.000," ",-9.000,<,-9.000," ",-9.000," ",-9.000,<,-9.000," ",-9.000," ",-9.000," ",-9.000,0,-9,.000,.000,.000,"d ","            ",1992-03-13
CO21,NK2520OW,"1991-10-22 14:35","1991-10-29 15:30",199110,4.970,8.400," ",.150," ",.020," ",.023," ",.093," ",.100," ",.840," ",.050," ",.730,0,-9,478.400,8.130,8.130,"w ","            ",1992-03-13
CO21,NK2686OW,"1991-10-29 15:30","1991-11-05 15:15",199111,5.050,5.500," ",.090," ",.014," ",.005," ",.072,<,.020," ",.990," ",.060," ",.150,0,-9,340.700,5.590,5.590,"w ","            ",1992-03-13
CO21,NK3009OW,"1991-11-05 15:15","1991-11-12 14:15",199111,5.050,6.800," ",.030," ",.009," ",.008," ",.023," ",.140," ",1.030," ",.050," ",.480,0,-9,443.200,7.620,7.620,"w ","            ",1992-04-13
CO21,NK3198OW,"1991-11-12 14:15","1991-11-19 18:15",199111,5.110,4.000," ",.010," ",.003,<,.003," ",.012,<,.020," ",.480,<,.030," ",.090,0,-9,1709.700,30.480,30.480,"w ","            ",1992-04-13
CO21,NK3352OW,"1991-11-19 18:15","1991-11-26 14:45",199111,5.460,4.200," ",.050," ",.007," ",.011," ",.057," ",.120," ",.850," ",.080," ",.270,0,-9,158.000,2.290,2.290,"w ","            ",1992-04-13
CO21,NK3509OW,"1991-11-26 14:45","1991-12-03 15:10",199111,4.990,10.900," ",.090," ",.010," ",.007," ",.119," ",.160," ",1.680," ",.170," ",.440,0,-9,44.400,1.520,1.520,"w ","            ",1992-04-13
CO21,NK3706OW,"1991-12-03 15:10","1991-12-10 15:00",199112,-9.000,-9.000," ",-9.000," ",-9.000,<,-9.000," ",-9.000,<,-9.000," ",-9.000," ",-9.000," ",-9.000,0,-9,.000,.000,.000,"d ","            ",1992-05-04
CO21,NK3941OW,"1991-12-10 15:00","1991-12-17 15:15",199112,5.390,2.900," ",.030," ",.008," ",.004," ",.012,<,.020," ",.240,<,.030," ",.180,0,-9,256.400,3.810,3.810,"w ","            ",1992-05-04
CO21,NK4201OW,"1991-12-17 15:15","1991-12-24 15:00",199112,-9.000,-9.000," ",-9.000,<,-9.000," ",-9.000," ",-9.000," ",-9.000," ",-9.000," ",-9.000," ",-9.000,0,-9,.000,.000,.000,"d ","            ",1992-05-04
CO21,NK4355OW,"1991-12-24 15:00","1991-12-31 15:50",199112,-9.000,-9.000,<,-9.000,<,-9.000,<,-9.000," ",-9.000,<,-9.000," ",-9.000," ",-9.000,<,-9.000,0,-9,.000,.000,.000,"d ","            ",1992-05-04
CO21,NK4581OW,"1991-12-31 15:50","1992-01-07 19:10",199201,5.180,5.000," ",.100," ",.017," ",.014," ",.022," ",.030," ",.870," ",.040," ",.190,0,-9,261.800,4.060,4.060,"w ","            ",1992-05-04
CO21,NK4734OW,"1992-01-07 19:10","1992-01-14 15:15",199201,5.720,2.300," ",.040," ",.008," ",.015," ",.028," ",.030," ",.300," ",.040," ",.140,0,-9,116.100,2.790,2.790,"w ","            ",1992-05-28
CO21,NK4954OW,"1992-01-14 15:15","1992-01-21 15:00",199201,4.710,15.000," ",.200," ",.046," ",.042," ",.279,<,.080," ",2.420," ",.330," ",.460,0,-9,21.000,1.020,1.020,wa,"            ",1992-05-28
CO21,NK5154OW,"1992-01-21 15:00","1992-01-28 15:30",199201,-9.000,-9.000," ",-9.000," ",-9.000," ",-9.000," ",-9.000," ",-9.000," ",-9.000," ",-9.000," ",-9.000,0,-9,.000,.000,.000,"d ","            ",1992-05-28
CO21,NK5391OW,"1992-01-28 15:30","1992-02-04 16:00",199201,6.280,11.700," ",.350," ",.043," ",.057," ",.838," ",.240," ",2.210," ",.290," ",1.270,0,-9,40.100,1.780,1.780,"w ","            ",1992-05-28
CO21,NK5631OW,"1992-02-04 16:00","1992-02-11 15:45",199202,-9.000,-9.000,<,-9.000,<,-9.000," ",-9.000," ",-9.000," ",-9.000," ",-9.000," ",-9.000," ",-9.000,0,-9,.000,.000,.000,"d ","            ",1992-07-02
CO21,NK5776OW,"1992-02-11 15:45","1992-02-18 15:40",199202,-9.000,-9.000," ",-9.000," ",-9.000," ",-9.000," ",-9.000," ",-9.000," ",-9.000," ",-9.000," ",-9.000,0,-9,.200,.000,.000,"d ","            ",1992-07-02
CO21,NK6011OW,"1992-02-18 15:45","1992-02-25 15:10",199202,6.120,4.900," ",.090," ",.018," ",.007," ",.058," ",.140," ",1.180," ",.110," ",.340,0,-9,106.500,1.020,1.020,"w ","            ",1992-07-02
CO21,NK6213OW,"1992-02-25 15:10","1992-03-03 15:45",199202,6.700,11.300," ",.370," ",.047," ",.047," ",.175," ",.160," ",.930," ",.230," ",.740,0,-9,22.500,.510,.510,wa,"            ",1992-07-02
CO21,NK6517OW,"1992-03-03 15:45","1992-03-04 17:40",199203,5.430,4.100," ",.180," ",.008," ",.008," ",.021," ",.120," ",.480," ",.030," ",.420,0,-9,1319.500,18.540,18.540,"w ","            ",1992-07-28
CO21,NK6518OW,"1992-03-04 17:40","1992-03-11 17:45",199203,5.150,8.200," ",.260," ",.031," ",.021," ",.042," ",.230," ",1.330," ",.060," ",.850,0,-9,394.400,11.940,11.940,"w ","            ",1992-07-28
CO21,NK6656OW,"1992-03-11 17:45","1992-03-17 15:45",199203,-9.000,-9.000," ",-9.000," ",-9.000," ",-9.000," ",-9.000," ",-9.000," ",-9.000," ",-9.000," ",-9.000,0,-9,.100,.000,.000,"d ","            ",1992-07-28
CO21,NK6843OW,"1992-03-17 15:45","1992-03-24 15:20",199203,4.840,9.800," ",.160," ",.020," ",.008," ",.022," ",.140," ",1.430," ",.040," ",.550,0,-9,603.000,9.650,9.650,"w ","            ",1992-07-28
CO21,NK7050OW,"1992-03-24 15:20","1992-03-31 15:30",199203,4.960,10.200," ",.180," ",.025," ",.013," ",.043," ",.310," ",1.230," ",.060," ",1.130,0,-9,883.800,13.210,13.210,"w ","            ",1992-07-28
CO21,NK7311OW,"1992-03-31 15:30","1992-04-07 14:00",199204,6.730,21.200," ",.300,<,.042,<,.042," ",.496," ",.570," ",3.110," ",.570," ",1.270,0,-9,9.500,.250,.250,wa,"            ",1992-09-17
CO21,NK7455OW,"1992-04-07 14:00","1992-04-14 15:15",199204,5.920,16.300," ",.850," ",.118," ",.061," ",.274," ",.610," ",3.340," ",.290," ",2.080,0,-9,59.400,1.020,1.020,"w ","            ",1992-09-17
CO21,NK7688OW,"1992-04-14 15:15","1992-04-21 14:15",199204,4.630,15.700," ",.180," ",.028," ",.011," ",.030," ",.370," ",1.650," ",.060," ",1.400,0,-9,987.900,14.990,14.990,"w ","            ",1992-09-17
CO21,NK7992OW,"1992-04-21 14:15","1992-04-28 13:15",199204,6.850,21.900," ",.130,<,.031," ",.031," ",.380," ",.310," ",.920," ",.510," ",.720,0,-9,10.800,.760,.760,wa,"            ",1992-09-17
CO21,NK8080OW,"1992-04-28 13:15","1992-05-05 14:15",199205,-9.000,-9.000," ",-9.000," ",-9.000," ",-9.000," ",-9.000," ",-9.000," ",-9.000," ",-9.000," ",-9.000,0,-9,.000,.000,.000,"d ","            ",1992-09-17
CO21,NK8332OW,"1992-05-05 14:15","1992-05-12 13:50",199205,6.640,23.700," ",.870," ",.126," ",.153," ",.209," ",1.400," ",3.580," ",.160," ",3.080,0,-9,195.000,3.050,3.050,"w ","            ",1992-10-08
CO21,NK8542OW,"1992-05-12 13:50","1992-05-19 15:30",199205,5.310,11.200," ",.510," ",.071," ",.051," ",.102," ",.440," ",1.820," ",.110," ",1.430,0,-9,948.600,12.700,12.700,"w ","            ",1992-10-08
CO21,NK8737OW,"1992-05-19 15:30","1992-05-26 14:30",199205,6.380,12.200," ",.470," ",.052," ",.040," ",.147," ",.450," ",1.660," ",.070," ",1.770,0,-9,151.200,2.290,2.290,"w ","            ",1992-10-08
CO21,NK8992OW,"1992-05-26 14:30","1992-06-02 13:30",199205,4.910,8.600," ",.040," ",.005," ",.008," ",.011," ",.220," ",.990," ",.050," ",.630,0,-9,3504.000,-9.990,51.612,"w ","            ",1992-10-08
CO21,NK9156OW,"1992-06-02 13:30","1992-06-09 13:25",199206,5.730,13.900," ",.520," ",.081," ",.148," ",.212," ",.510," ",2.350," ",.230," ",2.020,0,-9,221.300,3.050,3.050,"w ","            ",1992-10-08
CO21,NK9398OW,"1992-06-09 13:25","1992-06-16 15:30",199206,4.760,14.500," ",.300," ",.047," ",.125," ",.079," ",.240," ",1.970," ",.100," ",1.230,0,-9,527.300,9.400,9.400,"w ","            ",1992-12-02
CO21,NK9597OW,"1992-06-16 15:30","1992-06-23 14:25",199206,4.840,17.400," ",.550," ",.070," ",.168," ",.134," ",.370," ",2.380," ",.150," ",2.110,0,-9,673.500,10.160,10.160,"w ","            ",1992-12-02
CO21,NK9909OW,"1992-06-23 14:25","1992-06-30 14:00",199206,4.830,11.600," ",.190," ",.030," ",.078," ",.045," ",.230," ",1.250," ",.070," ",1.080,0,-9,2749.900,41.910,41.910,"w ","            ",1992-12-02
CO21,NL0059OW,"1992-06-30 14:00","1992-07-07 13:40",199207,-9.000,-9.000," ",-9.000," ",-9.000," ",-9.000," ",-9.000," ",-9.000," ",-9.000," ",-9.000," ",-9.000,0,-9,.000,.000,.000,"d ","            ",1992-12-02
CO21,NL0297OW,"1992-07-07 13:40","1992-07-14 14:30",199207,5.410,8.000," ",.230," ",.035," ",.043," ",.090," ",.240," ",1.470," ",.090," ",.980,0,-9,369.000,5.330,5.330,"w ","            ",1993-01-13
CO21,NL0477OW,"1992-07-14 14:30","1992-07-21 14:15",199207,4.690,12.800," ",.150," ",.017," ",.025," ",.030," ",.250," ",1.340," ",.070," ",.970,0,-9,1701.700,25.650,25.650,"w ","            ",1993-01-13
CO21,NL0812OW,"1992-07-21 14:15","1992-07-28 13:15",199207,4.760,15.200," ",.390," ",.072," ",.038," ",.116," ",.310," ",1.930," ",.150," ",1.500,0,-9,998.400,13.970,13.970,"w ","            ",1993-01-13
CO21,NL0914OW,"1992-07-28 13:15","1992-08-04 14:15",199207,-9.000,-9.000," ",-9.000," ",-9.000," ",-9.000," ",-9.000," ",-9.000," ",-9.000," ",-9.000," ",-9.000,0,-9,572.300,8.380,8.380,"  ","c           ",1993-01-13
CO21,NL1131OW,"1992-08-04 14:15","1992-08-11 14:30",199208,4.600,21.800," ",.440," ",.061," ",.087," ",.058," ",.820," ",3.200," ",.160," ",2.060,0,-9,922.000,13.720,13.720,"w ","            ",1993-01-13
CO21,NL1361OW,"1992-08-11 14:30","1992-08-18 15:00",199208,4.960,12.600," ",.190," ",.020," ",.035," ",.047," ",.600," ",1.680," ",.080," ",1.390,0,-9,1546.800,23.620,23.620,"w ","            ",1993-01-13
CO21,NL1588OW,"1992-08-18 15:00","1992-08-25 14:00",199208,5.240,4.000," ",.080," ",.010," ",.005," ",.023," ",.040," ",.370," ",.050," ",.340,0,-9,3812.500,56.130,56.130,"w ","            ",1993-01-13
CO21,NL1762OW,"1992-08-25 14:00","1992-09-01 14:00",199208,4.860,12.100," ",.260," ",.035," ",.030," ",.130," ",.310," ",1.520," ",.130," ",1.370,0,-9,368.300,5.840,5.840,"w ","            ",1993-01-13
CO21,NL1979OW,"1992-09-01 14:00","1992-09-08 14:00",199209,-9.000,-9.000," ",-9.000," ",-9.000," ",-9.000," ",-9.000," ",-9.000," ",-9.000," ",-9.000," ",-9.000,0,-9,.000,.000,.000,"d ","            ",1993-02-05
CO21,NL2176OW,"1992-09-08 14:00","1992-09-15 13:15",199209,-9.000,-9.000,<,-9.000,<,-9.000,<,-9.000," ",-9.000," ",-9.000," ",-9.000," ",-9.000,<,-9.000,0,-9,.000,.000,.000,"d ","            ",1993-02-05
CO21,NL2410OW,"1992-09-15 13:15","1992-09-22 13:15",199209,4.690,15.100," ",.180," ",.029," ",.022," ",.054," ",.340," ",2.090," ",.090," ",1.090,0,-9,776.800,11.430,11.430,"w ","            ",1993-02-05
CO21,NL2680OW,"1992-09-22 13:15","1992-09-29 17:16",199209,-9.000,-9.000," ",-9.000," ",-9.000," ",-9.000," ",-9.000," ",-9.000," ",-9.000," ",-9.000," ",-9.000,0,-9,.000,-7.000,.127,"t ","            ",1993-02-05
CO21,NL2842OW,"1992-09-29 17:17","1992-10-06 15:15",199210,5.500,12.400," ",.470," ",.056," ",.054," ",.136," ",.450," ",1.910," ",.140," ",1.740,0,-9,191.300,3.300,3.300,"w ","            ",1993-03-16
CO21,NL3021OW,"1992-10-06 15:15","1992-10-13 13:35",199210,5.940,19.400," ",.880," ",.098," ",.155," ",.407," ",1.050," ",3.330," ",.260," ",2.740,0,-9,72.700,1.020,1.020,"w ","            ",1993-03-16
CO21,NL3251OW,"1992-10-13 13:35","1992-10-20 14:10",199210,-9.000,-9.000," ",-9.000," ",-9.000,<,-9.000," ",-9.000," ",-9.000," ",-9.000," ",-9.000," ",-9.000,0,-9,.000,.000,.000,"d ","            ",1993-03-16
CO21,NL3456OW,"1992-10-20 14:10","1992-10-27 15:15",199210,6.010,6.700," ",.340," ",.027," ",.046," ",.047," ",.360," ",1.030," ",.040," ",.820,0,-9,256.800,3.810,3.810,"w ","            ",1993-03-16
CO21,NL3710OW,"1992-10-27 15:15","1992-11-03 14:40",199210,5.120,8.700," ",.140," ",.013," ",.014," ",.034," ",.370," ",1.300," ",.030," ",.860,0,-9,374.200,5.330,5.330,"w ","            ",1993-04-12
CO21,NL3949OW,"1992-11-03 14:40","1992-11-10 15:10",199211,5.710,4.900," ",.060," ",.019," ",.006," ",.078," ",.060," ",1.120," ",.090," ",.360,0,-9,85.000,1.270,1.270,"w ","            ",1993-04-12
CO21,NL4091OW,"1992-11-10 15:10","1992-11-17 15:00",199211,5.450,5.600," ",.160," ",.015," ",.015," ",.112," ",.100," ",1.500," ",.080," ",.230,0,-9,132.800,2.790,2.790,"w ","            ",1993-04-12
CO21,NL4313OW,"1992-11-17 15:00","1992-11-24 15:55",199211,4.840,8.800," ",.090," ",.011," ",.009," ",.030," ",.170," ",1.410," ",.040," ",.330,0,-9,683.200,11.680,11.680,"w ","            ",1993-04-12
CO21,NL4562OW,"1992-11-24 15:55","1992-12-01 15:45",199211,-9.000,-9.000," ",-9.000," ",-9.000," ",-9.000," ",-9.000," ",-9.000," ",-9.000," ",-9.000," ",-9.000,0,-9,4.300,-7.000,.127,"t ","            ",1993-04-12
CO21,NL4860OW,"1992-12-01 15:45","1992-12-08 15:10",199212,-9.000,-9.000," ",-9.000," ",-9.000," ",-9.000," ",-9.000," ",-9.000," ",-9.000," ",-9.000," ",-9.000,0,-9,7.600,-7.000,.127,"t ","            ",1993-05-17
CO21,NL5052OW,"1992-12-08 15:10","1992-12-15 15:00",199212,6.090,6.000,<,.050,<,.018,<,.018," ",.449,<,.120," ",1.060," ",.240," ",.240,0,-9,17.200,.250,.250,wa,"            ",1993-05-17
CO21,NL5404OW,"1992-12-15 15:00","1992-12-22 15:00",199212,6.590,9.300," ",.300," ",.043," ",.033," ",.116,<,.070," ",.430," ",.130," ",.400,0,-9,28.000,.510,.510,wa,"            ",1993-05-17
CO21,NL5577OW,"1992-12-22 15:00","1992-12-29 15:15",199212,-9.000,-9.000,<,-9.000,<,-9.000,<,-9.000," ",-9.000,<,-9.000," ",-9.000," ",-9.000,<,-9.000,0,-9,.000,.000,.000,"d ","            ",1993-05-17
CO21,NL5741OW,"1992-12-29 15:15","1993-01-05 16:00",199301,5.020,7.000," ",.100," ",.014," ",.006," ",.028," ",.130," ",1.100," ",.050," ",.470,0,-9,231.700,3.300,3.300,"w ","            ",1993-06-10
CO21,NL6015OW,"1993-01-05 16:00","1993-01-12 15:10",199301,5.050,6.800," ",.070," ",.010," ",.012," ",.135," ",.300," ",1.600," ",.150," ",.140,0,-9,161.200,2.030,2.030,"w ","            ",1993-06-10
CO21,NL6212OW,"1993-01-12 15:10","1993-01-19 15:00",199301,6.700,9.900,<,.150,<,.051,<,.051," ",.325,<,.340,<,.510,<,.510,<,.510,0,-9,11.200,.510,.510,wa,"            ",1993-06-10
CO21,NL6426OW,"1993-01-19 15:00","1993-01-26 15:00",199301,-9.000,-9.000,<,-9.000,<,-9.000,<,-9.000," ",-9.000," ",-9.000," ",-9.000," ",-9.000,<,-9.000,0,-9,.000,.000,.000,"d ","            ",1993-06-10
CO21,NL6660OW,"1993-01-26 15:00","1993-02-02 15:30",199301,-9.000,-9.000," ",-9.000," ",-9.000," ",-9.000," ",-9.000," ",-9.000," ",-9.000," ",-9.000," ",-9.000,0,-9,4.500,.510,.510,"  ","v           ",1993-06-10
CO21,NL6896OW,"1993-02-02 15:30","1993-02-09 15:20",199302,5.200,7.700," ",.060," ",.020," ",.060," ",.071," ",.130," ",1.650," ",.170," ",.300,0,-9,28.300,1.270,1.270,wa,"            ",1993-07-14
CO21,NL7191OW,"1993-02-09 15:20","1993-02-16 15:00",199302,4.680,10.900," ",.040," ",.004,<,.003," ",.034," ",.170," ",1.950," ",.050," ",.270,0,-9,660.400,10.160,10.160,"w ","            ",1993-07-14
CO21,NL7441OW,"1993-02-16 15:00","1993-02-23 14:50",199302,5.760,3.600," ",.120," ",.014," ",.014," ",.053," ",.050," ",.460," ",.080," ",.240,0,-9,67.800,1.270,1.270,"w ","            ",1993-07-14
CO21,NL7630OW,"1993-02-23 14:50","1993-03-02 15:15",199302,-9.000,-9.000," ",-9.000," ",-9.000," ",-9.000," ",-9.000," ",-9.000," ",-9.000," ",-9.000," ",-9.000,0,-9,1.000,-7.000,.127,"t ","            ",1993-07-14
CO21,NL7876OW,"1993-03-02 15:15","1993-03-09 15:15",199303,-9.000,-9.000," ",-9.000,<,-9.000," ",-9.000," ",-9.000," ",-9.000," ",-9.000," ",-9.000," ",-9.000,0,-9,.000,.000,.000,"d ","            ",1993-08-09
CO21,NL8105OW,"1993-03-09 15:15","1993-03-16 15:05",199303,6.950,30.600," ",1.270," ",.036,<,.027," ",2.341," ",.450," ",2.060," ",.540," ",.710,0,-9,11.800,.250,.250,wa,"            ",1993-08-09
CO21,NL8378OW,"1993-03-16 15:05","1993-03-23 17:02",199303,6.130,7.100," ",.200," ",.028," ",.019," ",.075," ",.410," ",1.380," ",.120," ",.590,0,-9,67.100,1.270,1.270,"w ","            ",1993-08-09
CO21,NL8578OW,"1993-03-23 17:04","1993-03-30 15:15",199303,4.760,10.500," ",.090," ",.015," ",.012," ",.044," ",.150," ",1.220," ",.060," ",.720,0,-9,467.500,7.370,7.370,"w ","            ",1993-08-09
CO21,NL8932OW,"1993-03-30 15:15","1993-04-06 13:20",199304,4.660,12.900," ",.040," ",.009," ",.008," ",.031," ",.230," ",1.090," ",.050," ",.970,0,-9,1178.400,18.030,18.030,"w ","            ",1993-09-14
CO21,NL9108OW,"1993-04-06 13:20","1993-04-13 14:30",199304,5.130,6.100," ",.120," ",.015," ",.004," ",.076," ",.100," ",.660," ",.050," ",.670,0,-9,521.800,7.620,7.620,"w ","            ",1993-09-14
CO21,NL9311OW,"1993-04-13 14:30","1993-04-20 13:00",199304,6.410,7.600," ",.170," ",.025," ",.011," ",.075," ",.400," ",.970," ",.050," ",.820,0,-9,68.200,1.270,1.270,"w ","            ",1993-09-14
CO21,NL9702OW,"1993-04-20 13:00","1993-04-27 13:10",199304,5.450,5.400," ",.210," ",.028," ",.015," ",.091," ",.120," ",.960," ",.090," ",.460,0,-9,467.600,7.370,7.370,"w ","            ",1993-09-14
CO21,NL9815OW,"1993-04-27 13:10","1993-05-04 14:20",199304,6.540,27.500," ",1.190," ",.163," ",.065," ",.399," ",.650," ",3.580," ",.570," ",2.770,0,-9,13.500,.510,.510,wa,"            ",1993-10-11
CO21,NM0190OW,"1993-05-04 14:20","1993-05-11 13:25",199305,5.000,13.700," ",.250," ",.040," ",.016," ",.083," ",.320," ",1.820," ",.100," ",1.990,0,-9,113.500,-9.990,1.671,"w ","            ",1993-10-11
CO21,NM0298OW,"1993-05-11 13:25","1993-05-18 13:45",199305,4.910,9.700," ",.130," ",.018," ",.016," ",.055," ",.300," ",.980," ",.050," ",1.040,0,-9,2299.900,34.290,34.290,"w ","            ",1993-10-11
CO21,NM0546OW,"1993-05-18 13:45","1993-05-25 15:15",199305,4.920,11.200," ",.160," ",.027," ",.033," ",.032," ",.400," ",1.240," ",.060," ",1.290,0,-9,1033.500,15.240,15.240,"w ","            ",1993-10-11
CO21,NM0766OW,"1993-05-25 15:15","1993-06-01 15:20",199305,4.750,14.800," ",.380," ",.053," ",.045," ",.081," ",.310," ",1.950," ",.110," ",1.520,0,-9,618.100,9.140,9.140,"w ","            ",1993-10-11
CO21,NM1010OW,"1993-06-01 15:20","1993-06-08 14:00",199306,5.900,7.300," ",.500," ",.061," ",.056," ",.065," ",.230," ",1.110," ",.090," ",.960,0,-9,417.000,7.110,7.110,"w ","            ",1993-11-12
CO21,NM1264OW,"1993-06-08 14:00","1993-06-15 15:30",199306,5.370,6.200," ",.240," ",.029," ",.044," ",.031," ",.140," ",.760," ",.060," ",.730,0,-9,1495.600,22.610,22.610,"w ","            ",1993-11-12
CO21,NM1480OW,"1993-06-15 15:30","1993-06-22 14:30",199306,5.710,10.700," ",.440," ",.053," ",.206," ",.087," ",.050," ",1.420," ",.120," ",1.430,0,-9,1727.400,24.640,24.640,"w ","            ",1993-11-12
CO21,NM1711OW,"1993-06-22 14:30","1993-06-29 14:30",199306,-9.000,-9.000," ",-9.000," ",-9.000," ",-9.000," ",-9.000,<,-9.000,<,-9.000," ",-9.000,<,-9.000,0,-9,.000,.000,.000,"d ","            ",1993-11-12
CO21,NM1952OW,"1993-06-29 14:30","1993-07-06 15:10",199307,6.430,42.000," ",2.700," ",.354," ",.469," ",1.158," ",.830," ",7.260," ",.970," ",5.290,0,-9,20.100,.250,.250,wa,"            ",1993-11-12
CO21,NM2248OW,"1993-07-06 15:10","1993-07-13 13:00",199307,6.450,16.800," ",.600," ",.110," ",.139," ",.268," ",.290," ",2.670," ",.410," ",1.890,0,-9,112.400,1.270,1.270,"w ","            ",1993-12-10
CO21,NM2435OW,"1993-07-13 13:00","1993-07-20 14:40",199307,4.790,16.100," ",.410," ",.055," ",.057," ",.103," ",.520," ",2.430," ",.170," ",1.530,0,-9,804.500,12.450,12.450,"w ","            ",1993-12-10
CO21,NM2651OW,"1993-07-20 14:40","1993-07-27 13:45",199307,-9.000,-9.000," ",-9.000," ",-9.000," ",-9.000," ",-9.000,<,-9.000," ",-9.000," ",-9.000," ",-9.000,0,-9,.000,-7.000,.127,"t ","            ",1993-12-10
CO21,NM2896OW,"1993-07-27 13:45","1993-08-03 13:50",199307,5.010,12.800," ",.320," ",.046," ",.040," ",.073," ",.370," ",1.890," ",.090," ",1.580,0,-9,701.300,10.410,10.410,"w ","            ",1993-12-10
CO21,NM3185OW,"1993-08-03 13:50","1993-08-10 14:45",199308,5.420,14.600," ",.310," ",.056," ",.042," ",.075," ",.490," ",2.820," ",.120," ",1.950,0,-9,495.900,7.620,7.620,"w ","            ",1994-01-04
CO21,NM3455OW,"1993-08-10 14:45","1993-08-17 14:00",199308,4.890,9.900," ",.130," ",.019," ",.017," ",.028," ",.200," ",1.200," ",.060," ",.860,0,-9,1257.300,18.800,18.800,"w ","            ",1994-01-04
CO21,NM3696OW,"1993-08-17 14:00","1993-08-24 14:45",199308,4.620,18.200," ",.260," ",.038," ",.051," ",.074," ",.310," ",2.830," ",.150," ",1.350,0,-9,321.200,5.080,5.080,"w ","            ",1994-01-04
CO21,NM3854OW,"1993-08-24 14:45","1993-08-31 14:40",199308,4.760,10.800," ",.080," ",.015," ",.010," ",.078," ",.190," ",1.060," ",.080," ",.850,0,-9,1157.500,17.530,17.530,"w ","            ",1994-01-04
CO21,NM4105OW,"1993-08-31 14:40","1993-09-07 14:15",199309,4.850,11.000," ",.150," ",.021," ",.025," ",.063," ",.250," ",1.130," ",.080," ",1.010,0,-9,1122.300,17.020,17.020,"w ","            ",1994-01-04
CO21,NM4335OW,"1993-09-07 14:15","1993-09-14 13:50",199309,5.230,6.800," ",.120," ",.019," ",.017," ",.051," ",.210," ",.870," ",.090," ",.750,0,-9,2052.500,-9.990,30.232,"w ","            ",1994-02-10
CO21,NM4581OW,"1993-09-14 13:50","1993-09-21 13:50",199309,6.900,33.500," ",1.860," ",.085," ",.049," ",1.031," ",.370," ",2.140," ",.370," ",2.070,0,-9,16.200,.250,.250,wa,"            ",1994-02-10
CO21,NM4777OW,"1993-09-21 13:50","1993-09-28 14:25",199309,-9.000,-9.000," ",-9.000," ",-9.000," ",-9.000," ",-9.000," ",-9.000," ",-9.000," ",-9.000,<,-9.000,0,-9,.000,.000,.000,"d ","            ",1994-02-10
CO21,NM5061OW,"1993-09-28 14:25","1993-10-05 15:15",199310,-9.000,-9.000," ",-9.000," ",-9.000," ",-9.000," ",-9.000,<,-9.000," ",-9.000," ",-9.000,<,-9.000,0,-9,.000,.000,.000,"d ","            ",1994-02-10
CO21,NM5243OW,"1993-10-05 15:15","1993-10-12 14:10",199310,5.110,7.200," ",.130," ",.018,<,.003," ",.141," ",.100," ",1.240," ",.120," ",.540,0,-9,162.800,2.290,2.290,"w ","            ",1994-02-10
CO21,NM5501OW,"1993-10-12 14:10","1993-10-19 13:50",199310,4.820,9.800," ",.080," ",.010," ",.006," ",.020," ",.210," ",1.010," ",.030," ",.770,0,-9,1131.700,14.480,14.480,"w ","            ",1994-03-17
CO21,NM5710OW,"1993-10-19 13:50","1993-10-26 15:00",199310,5.520,9.200," ",.200," ",.031," ",.018," ",.118," ",.520," ",1.780," ",.080," ",1.140,0,-9,152.100,3.300,3.300,"w ","            ",1994-03-17
CO21,NM5938OW,"1993-10-26 15:00","1993-11-02 15:40",199310,5.590,4.900," ",.130," ",.017," ",.016," ",.048," ",.160," ",1.190," ",.060," ",.260,0,-9,240.600,4.570,4.570,"w ","            ",1994-03-17
CO21,NM6211OW,"1993-11-02 15:40","1993-11-09 17:00",199311,5.200,5.700," ",.080," ",.012," ",.008," ",.169," ",.040," ",1.220," ",.150," ",.250,0,-9,207.300,4.320,4.320,"w ","            ",1994-03-17
CO21,NM6495OW,"1993-11-09 17:00","1993-11-16 13:00",199311,5.210,4.300," ",.030," ",.006,<,.003," ",.016," ",.110," ",.860,<,.030," ",.170,0,-9,687.200,12.450,12.450,"w ","            ",1994-04-12
CO21,NM6705OW,"1993-11-16 13:00","1993-11-23 15:30",199311,-9.000,-9.000," ",-9.000," ",-9.000," ",-9.000," ",-9.000," ",-9.000," ",-9.000," ",-9.000," ",-9.000,0,-9,.100,.000,.000,"d ","            ",1994-04-12
CO21,NM6785OW,"1993-11-23 15:30","1993-11-30 15:15",199311,6.160,4.900," ",.130," ",.025," ",.013," ",.347," ",.040," ",1.050," ",.090," ",.240,0,-9,54.100,1.780,1.780,"w ","            ",1994-04-12
CO21,NM7020OW,"1993-11-30 15:15","1993-12-07 14:55",199312,5.860,6.100," ",.140," ",.011," ",.005," ",.049," ",.410," ",1.120," ",.070," ",.520,0,-9,185.400,3.050,3.050,"w ","            ",1994-04-12
CO21,NM7211OW,"1993-12-07 14:55","1993-12-14 16:10",199312,5.750,6.700," ",.150," ",.020," ",.013," ",.057," ",.470," ",.890," ",.080," ",.910,0,-9,222.300,4.060,4.060,"w ","            ",1994-04-12
CO21,NM7498OW,"1993-12-14 16:10","1993-12-21 15:30",199312,5.000,7.200," ",.120," ",.017," ",.008," ",.073," ",.160," ",1.510," ",.090," ",.140,0,-9,159.300,3.810,3.810,"w ","            ",1994-05-13
CO21,NM7636OW,"1993-12-21 15:30","1993-12-28 15:20",199312,5.000,7.000," ",.080," ",.015," ",.008," ",.065," ",.070," ",1.470," ",.130," ",.140,0,-9,115.000,2.540,2.540,"w ","            ",1994-05-13
CO21,NM7805OW,"1993-12-28 15:20","1994-01-04 16:10",199312,-9.000,-9.000," ",-9.000," ",-9.000,<,-9.000," ",-9.000," ",-9.000," ",-9.000," ",-9.000,<,-9.000,0,-9,.000,.000,.000,"d ","            ",1994-05-13
CO21,NN0034SW,"1994-01-04 16:10","1994-01-11 15:15",199401,-9.000,-9.000," ",-9.000," ",-9.000," ",-9.000," ",-9.000," ",-9.000," ",-9.000," ",-9.000," ",-9.000,0,-9,1.200,.000,.000,"d ","            ",1994-08-09
CO21,NN0242SW,"1994-01-11 15:15","1994-01-18 15:10",199401,-9.000,-9.000," ",-9.000," ",-9.000," ",-9.000," ",-9.000," ",-9.000," ",-9.000," ",-9.000," ",-9.000,0,-9,.500,-7.000,.127,"t ","            ",1994-08-09
CO21,NN0461SW,"1994-01-18 15:10","1994-01-25 15:00",199401,-9.000,-9.000," ",-9.000," ",-9.000," ",-9.000," ",-9.000," ",-9.000," ",-9.000," ",-9.000," ",-9.000,0,-9,2.400,.000,.000,"d ","            ",1994-08-09
CO21,NN0641SW,"1994-01-25 15:00","1994-02-01 16:00",199401,4.750,10.100," ",.080," ",.011," ",.011," ",.024," ",.050," ",1.390," ",.040," ",.250,0,-9,473.300,13.970,13.970,"w ","            ",1994-08-09
CO21,NN0833SW,"1994-02-01 16:00","1994-02-08 15:25",199402,-9.000,-9.000," ",-9.000," ",-9.000," ",-9.000," ",-9.000," ",-9.000," ",-9.000," ",-9.000," ",-9.000,0,-9,1.800,-7.000,.127,"t ","            ",1994-08-09
CO21,NN1028SW,"1994-02-08 15:25","1994-02-15 13:15",199402,-9.000,-9.000," ",-9.000,<,-9.000," ",-9.000," ",-9.000," ",-9.000," ",-9.000,<,-9.000,<,-9.000,0,-9,.000,.000,.000,"d ","            ",1994-08-09
CO21,NN1239SW,"1994-02-15 13:15","1994-02-22 14:45",199402,-9.000,-9.000," ",-9.000," ",-9.000," ",-9.000," ",-9.000," ",-9.000," ",-9.000," ",-9.000," ",-9.000,0,-9,16.700,.510,.510,"  ","v           ",1994-08-09
CO21,NN1505SW,"1994-02-22 14:45","1994-03-01 15:45",199402,-9.000,-9.000," ",-9.000," ",-9.000," ",-9.000," ",-9.000," ",-9.000," ",-9.000,<,-9.000," ",-9.000,0,-9,387.500,6.350,6.350,"  ","u           ",1994-09-16
CO21,NN1659SW,"1994-03-01 15:45","1994-03-08 15:20",199403,-9.000,-9.000," ",-9.000," ",-9.000," ",-9.000," ",-9.000," ",-9.000," ",-9.000," ",-9.000," ",-9.000,0,-9,47.600,1.020,1.020,"  ","u           ",1994-09-16
CO21,NN1858SW,"1994-03-08 15:20","1994-03-15 15:00",199403,5.200,9.100," ",.100," ",.025,<,.018," ",.308," ",.800," ",2.400,<,.180," ",.740,0,-9,21.300,1.020,1.020,wa,"            ",1994-09-16
CO21,NN2060SW,"1994-03-15 15:00","1994-03-22 14:50",199403,5.110,6.800," ",.110," ",.023," ",.016," ",.142," ",.130," ",.610," ",.150," ",.270,0,-9,94.600,1.270,1.270,"w ","            ",1994-09-16
CO21,NN2268SW,"1994-03-22 14:50","1994-03-29 16:00",199403,4.960,6.000," ",.060," ",.005,<,.003," ",.019," ",.070," ",.820," ",.060," ",.210,0,-9,447.400,-9.990,6.590,"w ","            ",1994-09-16
CO21,NN2510SW,"1994-03-29 16:00","1994-04-05 14:45",199404,5.460,4.400," ",.140," ",.013," ",.014," ",.018," ",.220," ",.870," ",.050," ",.260,0,-9,1019.800,18.030,18.030,"w ","            ",1994-10-13
CO21,NN2688SW,"1994-04-05 14:45","1994-04-12 14:15",199404,4.620,11.800," ",.040," ",.004,<,.003," ",.052," ",.090," ",1.610," ",.050," ",.210,0,-9,162.500,3.300,3.300,"w ","            ",1994-10-13
CO21,NN2901SW,"1994-04-12 14:15","1994-04-19 14:30",199404,-9.000,-9.000," ",-9.000," ",-9.000," ",-9.000," ",-9.000," ",-9.000," ",-9.000," ",-9.000,<,-9.000,0,-9,.000,.000,.000,"d ","            ",1994-10-13
CO21,NN3113SW,"1994-04-19 14:30","1994-04-26 15:00",199404,5.380,8.800," ",.410," ",.048," ",.029," ",.063," ",.280," ",1.170," ",.060," ",1.020,0,-9,829.200,13.720,13.720,"w ","            ",1994-10-13
CO21,NN3313SW,"1994-04-26 15:00","1994-05-03 13:15",199404,5.000,8.500," ",.230," ",.026," ",.016," ",.048," ",.210," ",1.360," ",.060," ",.650,0,-9,653.400,13.210,13.210,"w ","            ",1994-11-09
CO21,NN3553SW,"1994-05-03 13:15","1994-05-10 15:00",199405,5.530,6.400," ",.190," ",.022," ",.014," ",.034," ",.430," ",1.030," ",.050," ",.730,0,-9,1517.200,22.350,22.350,"w ","            ",1994-11-09
CO21,NN3744SW,"1994-05-10 15:00","1994-05-17 14:50",199405,4.590,14.700," ",.140," ",.023," ",.021," ",.038," ",.260," ",1.470," ",.050," ",1.130,0,-9,318.000,4.570,4.570,"w ","            ",1994-11-09
CO21,NN3928SW,"1994-05-17 14:50","1994-05-24 14:40",199405,-9.000,-9.000," ",-9.000," ",-9.000," ",-9.000," ",-9.000," ",-9.000," ",-9.000," ",-9.000," ",-9.000,0,-9,68.700,.760,.760,"  ","c           ",1994-11-09
CO21,NN4244SW,"1994-05-24 14:40","1994-05-31 14:00",199405,4.860,10.600," ",.190," ",.029," ",.020," ",.026," ",.280," ",1.190," ",.060," ",.970,0,-9,2097.300,31.500,31.500,"w ","            ",1994-11-09
CO21,NN4399SW,"1994-05-31 14:00","1994-06-07 15:00",199406,5.040,12.800," ",.480," ",.063," ",.043," ",.038," ",.500," ",1.940," ",.080," ",1.430,0,-9,1114.500,16.510,16.510,"w ","            ",1994-11-14
CO21,NN4601SW,"1994-06-07 15:00","1994-06-14 14:55",199406,-9.000,-9.000," ",-9.000," ",-9.000," ",-9.000," ",-9.000," ",-9.000," ",-9.000," ",-9.000," ",-9.000,0,-9,3.600,-7.000,.127,"t ","            ",1994-11-14
CO21,NN4778SW,"1994-06-14 14:55","1994-06-21 15:20",199406,-9.000,-9.000," ",-9.000," ",-9.000," ",-9.000," ",-9.000," ",-9.000," ",-9.000," ",-9.000," ",-9.000,0,-9,214.600,3.050,3.050,"  ","c           ",1994-11-14
CO21,NN5110SW,"1994-06-21 15:20","1994-06-28 14:25",199406,4.570,13.500," ",.060," ",.007," ",.020," ",.023," ",.120," ",1.140," ",.030," ",.780,0,-9,1070.000,16.260,16.260,"w ","            ",1994-11-14
CO21,NN5308SW,"1994-06-28 14:25","1994-07-05 14:35",199407,-9.000,-9.000," ",-9.000," ",-9.000," ",-9.000," ",-9.000," ",-9.000," ",-9.000," ",-9.000," ",-9.000,0,-9,34.700,.510,.510,"  ","c           ",1994-11-29
CO21,NN5540SW,"1994-07-05 14:35","1994-07-12 13:05",199407,-9.000,-9.000," ",-9.000," ",-9.000," ",-9.000," ",-9.000," ",-9.000," ",-9.000," ",-9.000," ",-9.000,0,-9,.000,.000,.000,"d ","            ",1994-11-29
CO21,NN5759SW,"1994-07-12 13:05","1994-07-19 12:45",199407,-9.000,-9.000," ",-9.000," ",-9.000," ",-9.000," ",-9.000," ",-9.000," ",-9.000," ",-9.000," ",-9.000,0,-9,286.900,4.320,4.320,"  ","c           ",1994-11-29
CO21,NN5846SW,"1994-07-19 12:45","1994-07-26 14:40",199407,-9.000,-9.000," ",-9.000," ",-9.000," ",-9.000," ",-9.000," ",-9.000," ",-9.000," ",-9.000," ",-9.000,0,-9,749.000,11.180,11.180,"  ","c           ",1994-11-29
CO21,NN6085SW,"1994-07-26 14:40","1994-08-02 15:00",199407,4.300,27.100," ",.170," ",.017," ",.035," ",.054," ",.320," ",2.560," ",.120," ",1.720,0,-9,1283.000,18.800,18.800,"w ","            ",1994-11-29
CO21,NN6297SW,"1994-08-02 15:00","1994-08-09 13:45",199408,4.640,16.800," ",.160," ",.020," ",.027," ",.022," ",.420," ",1.930," ",.050," ",1.070,0,-9,2906.600,43.180,43.180,"w ","            ",1995-01-12
CO21,NN6492SW,"1994-08-09 13:45","1994-08-16 15:00",199408,4.530,18.400," ",.170," ",.022," ",.011," ",.030," ",.380," ",2.170," ",.070," ",1.160,0,-9,1107.800,16.000,16.000,"w ","            ",1995-01-12
CO21,NN6756SW,"1994-08-16 15:00","1994-08-23 15:00",199408,4.570,23.000," ",.460," ",.082," ",.224," ",.054," ",.110," ",3.160," ",.140," ",1.850,0,-9,1139.700,16.760,16.760,"w ","            ",1995-01-12
CO21,NN6910SW,"1994-08-23 15:00","1994-08-30 14:50",199408,4.560,17.100," ",.190," ",.048," ",.071," ",.108," ",.340," ",1.660," ",.130," ",1.320,0,-9,965.200,13.460,13.460,"w ","            ",1995-01-18
CO21,NN7163SW,"1994-08-30 14:50","1994-09-06 14:45",199409,4.710,12.500," ",.160," ",.024," ",.011," ",.044," ",.160," ",1.230," ",.070," ",.780,0,-9,2139.600,32.510,32.510,"w ","            ",1995-01-18
CO21,NN7296SW,"1994-09-06 14:45","1994-09-13 14:25",199409,4.640,23.500," ",.750," ",.110," ",.054," ",.232," ",.850," ",4.040," ",.240," ",2.270,0,-9,59.500,.760,.760,"w ","            ",1995-01-18
CO21,NN7526SW,"1994-09-13 14:25","1994-09-20 14:35",199409,4.740,12.500," ",.220," ",.023," ",.023," ",.091," ",.260," ",1.490," ",.100," ",.950,0,-9,155.200,2.540,2.540,"w ","            ",1995-01-18
CO21,NN7733SW,"1994-09-20 14:35","1994-09-27 15:10",199409,4.400,22.200," ",.200," ",.024," ",.022," ",.062," ",.310," ",2.340," ",.130," ",1.520,0,-9,218.800,-9.990,3.222,"w ","            ",1995-02-21
CO21,NN7933SW,"1994-09-27 15:10","1994-10-04 15:05",199409,4.790,11.100," ",.200," ",.033," ",.179," ",.035," ",.120," ",1.020," ",.110," ",.930,0,-9,346.700,5.330,5.330,"w ","            ",1995-02-21
CO21,NN8151SW,"1994-10-04 15:05","1994-10-11 14:50",199410,4.900,10.000," ",.220," ",.031," ",.218," ",.065," ",.050," ",.710," ",.120," ",.800,0,-9,132.800,-9.990,1.956,"w ","            ",1995-02-21
CO21,NN8395SW,"1994-10-11 14:50","1994-10-18 14:30",199410,5.030,5.000," ",.020," ",.004," ",.004," ",.023," ",.040," ",.480," ",.030," ",.170,0,-9,518.300,7.620,7.620,"w ","            ",1995-02-21
CO21,NN8580SW,"1994-10-18 14:30","1994-10-25 14:30",199410,-9.000,-9.000," ",-9.000,<,-9.000," ",-9.000," ",-9.000," ",-9.000," ",-9.000," ",-9.000,<,-9.000,0,-9,.000,.000,.000,"d ","            ",1995-04-19
CO21,NN8821SW,"1994-10-25 14:30","1994-11-01 15:40",199410,4.440,23.400," ",.180," ",.023," ",.031," ",.098," ",.430," ",2.510," ",.160," ",1.510,0,-9,89.000,1.270,1.270,"w ","            ",1995-04-19
CO21,NN9025SW,"1994-11-01 15:40","1994-11-08 15:00",199411,5.050,5.000," ",.050," ",.007,<,.003," ",.053," ",.090," ",.510," ",.080," ",.180,0,-9,132.100,2.030,2.030,"w ","            ",1995-04-19
CO21,NN9243SW,"1994-11-08 15:00","1994-11-15 15:30",199411,5.210,5.700," ",.060," ",.009," ",.044," ",.052," ",.040," ",.560," ",.110," ",.220,0,-9,149.000,2.290,2.290,"w ","            ",1995-04-19
CO21,NN9387SW,"1994-11-15 15:30","1994-11-22 15:30",199411,5.050,6.600," ",.200," ",.031," ",.007," ",.051," ",.080," ",1.180," ",.050," ",.310,0,-9,636.300,9.910,9.910,"w ","            ",1995-05-09
CO21,NN9618SW,"1994-11-22 15:30","1994-11-29 15:25",199411,4.900,8.900," ",.190," ",.016," ",.027," ",.074," ",.140," ",1.340," ",.120," ",.420,0,-9,109.600,1.520,1.520,"w ","            ",1995-05-09
CO21,NN9854SW,"1994-11-29 15:25","1994-12-06 15:10",199412,-9.000,-9.000," ",-9.000," ",-9.000," ",-9.000," ",-9.000," ",-9.000," ",-9.000," ",-9.000,<,-9.000,0,-9,.000,.000,.000,"d ","            ",1995-05-09
CO21,NO0063SW,"1994-12-06 15:10","1994-12-13 15:30",199412,5.130,5.100," ",.020," ",.006," ",.004," ",.041," ",.030," ",.510," ",.070," ",.050,0,-9,132.300,2.290,2.290,"w ","            ",1995-05-09
CO21,NO0255SW,"1994-12-13 15:30","1994-12-20 15:15",199412,-9.000,-9.000," ",-9.000," ",-9.000," ",-9.000," ",-9.000," ",-9.000," ",-9.000," ",-9.000," ",-9.000,0,-9,.400,.000,.000,"d ","            ",1995-06-02
CO21,NO0480SW,"1994-12-20 15:15","1994-12-27 15:05",199412,-9.000,-9.000," ",-9.000," ",-9.000," ",-9.000," ",-9.000,<,-9.000,<,-9.000," ",-9.000,<,-9.000,0,-9,.000,.000,.000,"d ","            ",1995-06-02
CO21,NO0702SW,"1994-12-27 15:05","1995-01-03 15:40",199412,4.620,14.000," ",.080," ",.016," ",.037," ",.056," ",.240," ",2.180," ",.090," ",.500,0,-9,98.200,3.300,3.300,"w ","            ",1995-06-02
CO21,NO0911SW,"1995-01-03 15:40","1995-01-10 14:10",199501,4.700,9.500," ",.050," ",.012,<,.012," ",.196," ",.080," ",1.380," ",.380,<,.120,0,-9,27.500,.250,.250,wa,"            ",1995-06-02
CO21,NO1077SW,"1995-01-10 14:10","1995-01-17 13:50",199501,-9.000,-9.000," ",-9.000,<,-9.000," ",-9.000," ",-9.000,<,-9.000," ",-9.000," ",-9.000,<,-9.000,0,-9,.000,.000,.000,"d ","            ",1995-06-02
CO21,NO1301SW,"1995-01-17 13:50","1995-01-24 15:00",199501,-9.000,-9.000," ",-9.000," ",-9.000," ",-9.000," ",-9.000," ",-9.000," ",-9.000," ",-9.000,<,-9.000,0,-9,.000,.000,.000,"d ","            ",1995-07-11
CO21,NO1523SW,"1995-01-24 15:00","1995-01-31 15:10",199501,5.320,9.400," ",.260," ",.022," ",.018," ",.112," ",.650," ",2.340," ",.160," ",.590,0,-9,95.100,2.030,2.030,"w ","            ",1995-07-11
CO21,NO1729SW,"1995-01-31 15:10","1995-02-07 14:40",199502,-9.000,-9.000," ",-9.000," ",-9.000," ",-9.000," ",-9.000," ",-9.000," ",-9.000," ",-9.000,<,-9.000,0,-9,.000,.000,.000,"d ","            ",1995-07-11
CO21,NO1989SW,"1995-02-07 14:40","1995-02-14 16:30",199502,4.930,6.800," ",.070," ",.011," ",.007," ",.019," ",.060," ",.940,<,.030," ",.240,0,-9,803.700,14.730,14.730,"w ","            ",1995-07-11
CO21,NO2224SW,"1995-02-14 16:30","1995-02-21 14:30",199502,5.700,2.900," ",.150," ",.008," ",.009," ",.119," ",.060," ",.270," ",.050," ",.250,0,-9,147.100,2.290,2.290,"w ","            ",1995-10-18
CO21,NO2428SW,"1995-02-21 14:30","1995-02-28 15:00",199502,-9.000,-9.000," ",-9.000," ",-9.000," ",-9.000," ",-9.000," ",-9.000," ",-9.000," ",-9.000," ",-9.000,0,-9,1.600,.000,.000,"d ","            ",1995-10-18
CO21,NO2578SW,"1995-02-28 15:00","1995-03-07 14:45",199503,5.310,3.300," ",.020," ",.003,<,.003," ",.027," ",.110," ",.500,<,.030," ",.130,0,-9,678.200,10.670,10.670,"w ","            ",1995-10-18
CO21,NO2781SW,"1995-03-07 14:45","1995-03-14 15:40",199503,-9.000,-9.000,<,-9.000,<,-9.000," ",-9.000," ",-9.000," ",-9.000," ",-9.000," ",-9.000,<,-9.000,0,-9,.000,.000,.000,"d ","            ",1995-10-18
CO21,NO3062SW,"1995-03-14 15:40","1995-03-21 15:00",199503,5.270,5.100," ",.060," ",.008," ",.007," ",.026," ",.220," ",.750," ",.040," ",.390,0,-9,358.600,5.330,5.330,"w ","            ",1995-10-18
CO21,NO3344SW,"1995-03-21 15:00","1995-03-28 15:00",199503,5.790,5.600," ",.330," ",.029," ",.034," ",.048," ",.320," ",1.000," ",.060," ",.420,0,-9,322.400,4.830,4.830,"w ","            ",1995-10-18
CO21,NO3444SW,"1995-03-28 15:00","1995-04-04 14:15",199503,4.860,8.000," ",.100," ",.018,<,.003," ",.025," ",.020," ",1.220," ",.060," ",.100,0,-9,99.000,2.790,2.790,"w ","            ",1995-10-18
CO21,NO3674SW,"1995-04-04 14:15","1995-04-11 14:00",199504,5.930,4.400," ",.350," ",.036," ",.016," ",.114," ",.130," ",.620," ",.070," ",.450,0,-9,1129.100,20.570,20.570,"w ","            ",1995-10-18
CO21,NO3927SW,"1995-04-11 14:00","1995-04-18 14:00",199504,4.860,7.300," ",.060," ",.013,<,.003," ",.079," ",.070," ",.780," ",.090," ",.480,0,-9,270.300,-9.990,3.981,"w ","            ",1995-10-18
CO21,NO4073SW,"1995-04-18 14:00","1995-04-25 14:15",199504,4.840,9.100," ",.090," ",.016," ",.004," ",.031," ",.170," ",1.290," ",.050," ",.410,0,-9,865.800,12.700,12.700,"w ","            ",1995-10-18
CO21,NO4297SW,"1995-04-25 14:15","1995-05-02 13:20",199504,5.350,5.500," ",.080," ",.011," ",.003," ",.034," ",.290," ",.920,<,.030," ",.410,0,-9,828.300,12.190,12.190,"w ","            ",1995-10-18
CO21,NO4497SW,"1995-05-02 13:20","1995-05-09 14:00",199505,5.060,14.200," ",.640," ",.060," ",.051," ",.123," ",.500," ",2.380," ",.130," ",1.770,0,-9,447.000,6.350,6.350,"w ","            ",1995-10-18
CO21,NO4684SW,"1995-05-09 14:00","1995-05-16 14:00",199505,4.130,49.100," ",.740," ",.099," ",.019," ",.104," ",.790," ",6.440," ",.130," ",3.300,0,-9,68.300,1.020,1.020,"w ","            ",1995-10-18
CO21,NO4921SW,"1995-05-16 14:00","1995-05-23 15:15",199505,5.100,6.000," ",.140," ",.019," ",.009," ",.058," ",.130," ",.700," ",.060," ",.420,0,-9,3138.700,47.500,47.500,"w ","            ",1996-01-12
CO21,NO5171SW,"1995-05-23 15:15","1995-05-30 15:00",199505,4.730,14.000," ",.390," ",.044," ",.021," ",.068," ",.300," ",1.650," ",.090," ",1.270,0,-9,1084.900,16.510,16.510,"w ","            ",1996-01-12
CO21,NO5449SW,"1995-05-30 15:00","1995-06-06 14:55",199506,4.820,10.400," ",.170," ",.021," ",.015," ",.040," ",.230," ",.910," ",.060," ",1.000,0,-9,767.500,12.450,12.450,"w ","            ",1996-01-12
CO21,NO5533SW,"1995-06-06 14:56","1995-06-13 13:30",199506,4.720,12.400," ",.300," ",.032," ",.012," ",.141," ",.110," ",1.080," ",.170," ",1.030,0,-9,475.100,7.110,7.110,"w ","            ",1996-01-12
CO21,NO5863SW,"1995-06-13 13:30","1995-06-21 15:50",199506,-9.000,-9.000," ",-9.000," ",-9.000," ",-9.000," ",-9.000," ",-9.000," ",-9.000," ",-9.000," ",-9.000,0,-9,430.000,6.350,6.350,"  ","e           ",1996-01-12
CO21,NO5993SW,"1995-06-21 15:50","1995-06-27 20:15",199506,4.790,17.700," ",.460," ",.066," ",.173," ",.106," ",.700," ",2.670," ",.160," ",1.810,0,-9,321.000,5.330,5.330,"w ","            ",1996-01-12
CO21,NO6248SW,"1995-06-27 20:15","1995-07-04 20:10",199506,4.750,10.100," ",.110," ",.021," ",.030," ",.028," ",.030," ",.700," ",.040," ",.650,0,-9,9165.900,-9.990,135.010,"w ","            ",1996-01-12
CO21,NO6346SW,"1995-07-04 20:15","1995-07-11 16:45",199507,4.570,16.700," ",.270," ",.046," ",.138," ",.058," ",.180," ",1.440," ",.100," ",1.340,0,-9,419.100,-9.990,6.173,"w ","            ",1996-01-12
CO21,NO6584SW,"1995-07-11 16:47","1995-07-18 16:15",199507,4.770,10.800," ",.110," ",.017," ",.025," ",.027," ",.180," ",.960," ",.030," ",.710,0,-9,2962.100,45.470,45.470,"w ","            ",1996-01-12
CO21,NO6928SW,"1995-07-18 16:15","1995-07-25 13:51",199507,4.740,11.400," ",.190," ",.030," ",.060," ",.079," ",.220," ",1.370," ",.120," ",.660,0,-9,1545.300,24.380,24.380,"w ","            ",1996-01-12
CO21,NO6963SW,"1995-07-25 13:52","1995-08-01 15:28",199507,-9.000,-9.000," ",-9.000," ",-9.000," ",-9.000," ",-9.000," ",-9.000," ",-9.000," ",-9.000," ",-9.000,0,-9,65.100,1.020,1.020,"  ","c           ",1996-01-12
CO21,NO7291SW,"1995-08-01 15:30","1995-08-08 17:10",199508,4.230,47.500," ",1.330," ",.186," ",.122," ",.142," ",1.050," ",7.080," ",.410," ",4.040,0,-9,140.600,1.780,1.780,"w ","            ",1996-01-12
CO21,NO7379SW,"1995-08-08 17:12","1995-08-15 16:05",199508,4.670,18.200," ",.410," ",.071," ",.040," ",.099," ",.510," ",2.420," ",.150," ",1.470,0,-9,613.000,8.890,8.890,"w ","            ",1996-01-12
CO21,NO7720SW,"1995-08-15 16:07","1995-08-22 16:10",199508,4.910,8.200," ",.100," ",.012," ",.012," ",.025," ",.200," ",.950," ",.040," ",.520,0,-9,2164.000,32.510,32.510,"w ","            ",1996-02-07
CO21,NO7889SW,"1995-08-22 16:11","1995-08-29 14:45",199508,4.380,21.000," ",.180," ",.021," ",.005," ",.022," ",.200," ",2.140," ",.050," ",1.280,0,-9,1765.600,25.150,25.150,"w ","            ",1996-02-07
CO21,NO8072SW,"1995-08-29 14:45","1995-09-05 16:07",199509,4.230,33.100," ",.610," ",.104," ",.029," ",.041," ",.240," ",3.350," ",.140," ",2.650,0,-9,342.400,4.570,4.570,"w ","            ",1996-02-07
CO21,NO8359SW,"1995-09-05 16:10","1995-09-12 23:10",199509,4.540,17.600," ",.160," ",.024," ",.017," ",.044," ",.390," ",1.910," ",.080," ",1.140,0,-9,1464.500,21.590,21.590,"w ","            ",1996-02-07
CO21,NO8410SW,"1995-09-12 23:10","1995-09-19 15:43",199509,4.660,13.600," ",.180," ",.025," ",.022," ",.084," ",.250," ",1.510," ",.100," ",.950,0,-9,427.600,6.860,6.860,"w ","            ",1996-03-04
CO21,NO8698SW,"1995-09-19 15:44","1995-09-26 18:40",199509,4.710,12.400," ",.260," ",.032," ",.012," ",.044," ",.140," ",1.430," ",.120," ",.760,0,-9,369.800,5.590,5.590,"w ","            ",1996-03-04
CO21,NO8957SW,"1995-09-26 18:41","1995-10-03 15:55",199509,-9.000,-9.000," ",-9.000," ",-9.000," ",-9.000," ",-9.000," ",-9.000," ",-9.000," ",-9.000," ",-9.000,0,-9,1.400,.000,.000,"d ","            ",1996-03-04
CO21,NO9099SW,"1995-10-03 15:57","1995-10-10 23:30",199510,5.280,6.500," ",.220," ",.028," ",.025," ",.093," ",.240," ",1.000," ",.090," ",.560,0,-9,282.500,4.320,4.320,"w ","            ",1996-03-04
CO21,NO9330SW,"1995-10-10 23:32","1995-10-17 14:05",199510,5.160,6.400," ",.240," ",.026," ",.023," ",.150," ",.330," ",.690," ",.120," ",.790,0,-9,94.000,1.270,1.270,"w ","            ",1996-03-22
CO21,NO9570SW,"1995-10-17 14:05","1995-10-24 15:10",199510,5.220,4.900," ",.150," ",.015," ",.014," ",.055," ",.080," ",.750," ",.050," ",.300,0,-9,226.800,-9.990,3.340,"w ","            ",1996-03-22
CO21,NO9654SW,"1995-10-24 15:12","1995-10-31 17:40",199510,-9.000,-9.000," ",-9.000," ",-9.000," ",-9.000," ",-9.000," ",-9.000," ",-9.000," ",-9.000," ",-9.000,0,-9,1.600,.000,.000,"d ","            ",1996-03-22
CO21,NO9937SW,"1995-10-31 17:40","1995-11-07 15:17",199511,4.910,11.100," ",.150," ",.022," ",.026," ",.290," ",.370," ",1.490," ",.240," ",1.170,0,-9,33.100,.510,.510,wa,"            ",1996-03-22
CO21,NP0108SW,"1995-11-07 15:18","1995-11-14 21:03",199511,-9.000,-9.000," ",-9.000," ",-9.000," ",-9.000," ",-9.000," ",-9.000," ",-9.000," ",-9.000," ",-9.000,0,-9,8.700,.760,.760,"  ","v           ",1996-03-22
CO21,NP0238SW,"1995-11-14 21:04","1995-11-21 16:20",199511,-9.000,-9.000," ",-9.000," ",-9.000," ",-9.000," ",-9.000," ",-9.000," ",-9.000," ",-9.000,<,-9.000,0,-9,.000,-7.000,.127,"t ","            ",1996-03-22
CO21,NP0532SW,"1995-11-21 16:22","1995-11-28 14:15",199511,5.200,6.100," ",.100," ",.014," ",.020," ",.078," ",.280," ",1.010," ",.060," ",.590,0,-9,76.200,2.030,2.030,"w ","            ",1996-04-18
CO21,NP0762SW,"1995-11-28 14:15","1995-12-05 23:00",199512,-9.000,-9.000," ",-9.000," ",-9.000," ",-9.000," ",-9.000," ",-9.000," ",-9.000," ",-9.000,<,-9.000,0,-9,.000,-7.000,.127,"t ","            ",1996-04-18
CO21,NP0884SW,"1995-12-05 23:02","1995-12-12 15:15",199512,5.000,6.500," ",.090," ",.014," ",.035," ",.087," ",.020," ",.500," ",.120," ",.490,0,-9,73.900,1.020,1.020,"w ","            ",1996-04-18
CO21,NP1052SW,"1995-12-12 15:16","1995-12-19 17:25",199512,-9.000,-9.000,<,-9.000,<,-9.000," ",-9.000," ",-9.000," ",-9.000," ",-9.000," ",-9.000,<,-9.000,0,-9,.000,.000,.000,"d ","            ",1996-04-18
CO21,NP1259SW,"1995-12-19 17:25","1995-12-27 14:05",199512,-9.000,-9.000," ",-9.000," ",-9.000," ",-9.000," ",-9.000," ",-9.000," ",-9.000," ",-9.000," ",-9.000,0,-9,3.200,-7.000,.127,"t ","            ",1996-04-18
CO21,NP1406SW,"1995-12-27 14:07","1996-01-03 00:10",199512,5.680,4.200," ",.060," ",.011," ",.012," ",.038," ",.290," ",.500," ",.060," ",.340,0,-9,246.400,5.080,5.080,"w ","            ",1996-05-28
CO21,NP1534SW,"1996-01-03 00:11","1996-01-09 16:03",199601,4.790,12.200," ",.140," ",.020," ",.008," ",.112," ",.160," ",1.530," ",.110," ",.460,0,-9,62.200,1.020,1.020,"w ","            ",1996-05-28
CO21,NP1813SW,"1996-01-09 16:04","1996-01-16 14:30",199601,-9.000,-9.000," ",-9.000," ",-9.000," ",-9.000," ",-9.000," ",-9.000," ",-9.000," ",-9.000," ",-9.000,0,-9,4.400,.000,.000,"d ","            ",1996-05-28
CO21,NP2011SW,"1996-01-16 14:32","1996-01-23 14:00",199601,5.200,4.800," ",.050," ",.024," ",.116," ",.284," ",.190," ",.770," ",.340," ",.190,0,-9,28.600,.760,.760,wa,"            ",1996-05-28
CO21,NP2266SW,"1996-01-23 14:01","1996-01-30 15:05",199601,4.660,11.600," ",.060," ",.015," ",.005," ",.032," ",.080," ",1.640," ",.050," ",.240,0,-9,142.500,2.030,2.030,"w ","            ",1996-05-28
CO21,NP2367SW,"1996-01-30 15:07","1996-02-06 14:52",199602,-9.000,-9.000," ",-9.000," ",-9.000," ",-9.000," ",-9.000," ",-9.000," ",-9.000," ",-9.000," ",-9.000,0,-9,7.300,-7.000,.127,"t ","            ",1996-05-28
CO21,NP2835SW,"1996-02-06 14:53","1996-02-13 17:35",199602,-9.000,-9.000," ",-9.000," ",-9.000," ",-9.000," ",-9.000," ",-9.000," ",-9.000," ",-9.000," ",-9.000,0,-9,5.000,.000,.000,"d ","            ",1996-06-12
CO21,NP2852SW,"1996-02-13 17:36","1996-02-20 13:56",199602,5.170,5.200," ",.110," ",.021," ",.009," ",.071," ",.050," ",.530," ",.080," ",.380,0,-9,70.600,.760,.760,"w ","            ",1996-06-12
CO21,NP3028SW,"1996-02-20 13:57","1996-02-27 18:25",199602,-9.000,-9.000," ",-9.000," ",-9.000," ",-9.000," ",-9.000," ",-9.000," ",-9.000," ",-9.000," ",-9.000,0,-9,18.600,.510,.510,"  ","v           ",1996-06-12
CO21,NP3332SW,"1996-02-27 18:26","1996-03-05 14:12",199603,4.840,8.700," ",.160," ",.025," ",.033," ",.144," ",.150," ",1.440," ",.170," ",.150,0,-9,61.300,1.780,1.780,"w ","            ",1996-09-22
CO21,NP3401SW,"1996-03-05 14:13","1996-03-12 13:51",199603,5.420,3.400," ",.030," ",.004,<,.003," ",.028," ",.100," ",.550," ",.030," ",.080,0,-9,709.800,11.180,11.180,"w ","            ",1996-09-22
CO21,NP3663SW,"1996-03-12 13:52","1996-03-19 23:52",199603,5.800,9.200," ",.610," ",.044," ",.048," ",.310," ",.240," ",1.430," ",.100," ",1.380,0,-9,275.700,6.100,6.100,"w ","            ",1996-09-22
CO21,NP3836SW,"1996-03-19 23:53","1996-03-26 15:10",199603,-9.000,-9.000," ",-9.000," ",-9.000," ",-9.000," ",-9.000," ",-9.000," ",-9.000," ",-9.000," ",-9.000,0,-9,10.600,-7.000,.127,"t ","            ",1996-09-22
CO21,NP4080SW,"1996-03-26 15:11","1996-04-02 14:40",199603,6.030,12.900," ",.300," ",.033," ",.021," ",.137," ",1.150," ",2.630," ",.150," ",1.360,0,-9,224.400,2.790,2.790,"w ","            ",1996-09-22
CO21,NP4394SW,"1996-04-02 14:41","1996-04-09 19:00",199604,4.960,9.100," ",.140," ",.018," ",.010," ",.046," ",.280," ",1.480," ",.050," ",.610,0,-9,452.800,8.640,8.640,"w ","            ",1996-09-22
CO21,NP4515SW,"1996-04-09 19:01","1996-04-16 19:11",199604,4.780,13.200," ",.270," ",.027," ",.013," ",.076," ",.260," ",1.740," ",.110," ",.990,0,-9,327.700,5.590,5.590,"w ","            ",1996-09-22
CO21,NP4607SW,"1996-04-16 19:20","1996-04-23 16:20",199604,5.930,13.300," ",1.420," ",.113," ",.074," ",.298," ",.100," ",1.980," ",.410," ",2.160,0,-9,50.500,1.520,1.520,"w ","            ",1996-09-22
CO21,NP4894SW,"1996-04-23 16:21","1996-04-30 16:00",199604,5.470,4.600," ",.150," ",.021," ",.012," ",.119," ",.130," ",.590," ",.130," ",.430,0,-9,242.700,3.810,3.810,"w ","            ",1996-09-22
CO21,NP4979SW,"1996-04-30 16:00","1996-05-07 16:00",199605,-9.000,-9.000," ",-9.000," ",-9.000," ",-9.000," ",-9.000," ",-9.000," ",-9.000," ",-9.000,<,-9.000,0,-9,.000,.000,.000,"d ","            ",1996-09-22
CO21,NP5208SW,"1996-05-07 16:00","1996-05-14 16:20",199605,6.050,30.300," ",2.900," ",.271," ",.158," ",.860," ",.500," ",7.200," ",.940," ",3.520,0,-9,50.600,1.020,1.020,"w ","            ",1996-10-22
CO21,NP5415SW,"1996-05-14 16:25","1996-05-21 16:30",199605,-9.000,-9.000," ",-9.000," ",-9.000," ",-9.000," ",-9.000," ",-9.000," ",-9.000," ",-9.000," ",-9.000,0,-9,42.000,6.600,6.600,"  ","c           ",1996-10-22
CO21,NP5705SW,"1996-05-21 16:30","1996-05-28 22:38",199605,5.230,4.300," ",.140," ",.016,<,.003," ",.042,<,.020," ",.310," ",.050," ",.310,0,-9,2907.700,40.640,40.640,"w ","            ",1996-10-22
CO21,NP5932SW,"1996-05-28 22:39","1996-06-04 17:35",199605,4.590,18.800," ",.160," ",.026," ",.031," ",.102," ",.640," ",2.620," ",.100," ",1.370,0,-9,602.300,8.380,8.380,"w ","            ",1996-10-22
CO21,NP6090SW,"1996-06-04 17:36","1996-06-11 19:50",199606,-9.000,-9.000," ",-9.000," ",-9.000," ",-9.000," ",-9.000," ",-9.000," ",-9.000," ",-9.000," ",-9.000,0,-9,6.700,-7.000,.127,"t ","            ",1996-10-22
CO21,NP6322SW,"1996-06-11 19:51","1996-06-18 16:30",199606,4.560,20.400," ",.290," ",.041," ",.100," ",.070," ",.420," ",2.300," ",.140," ",1.490,0,-9,3395.100,50.550,50.550,"w ","            ",1996-10-22
CO21,NP6526SW,"1996-06-18 16:31","1996-06-25 15:21",199606,4.730,13.000," ",.230," ",.041," ",.084," ",.144," ",.420," ",1.180," ",.200," ",1.210,0,-9,831.500,10.670,10.670,"w ","            ",1996-10-22
CO21,NP6833SW,"1996-06-25 15:22","1996-07-02 13:28",199606,4.920,8.000," ",.080," ",.011," ",.022," ",.080," ",.190," ",.600," ",.100," ",.600,0,-9,1445.200,23.110,23.110,"w ","            ",1997-01-24
CO21,NP6924SW,"1996-07-02 13:29","1996-07-10 01:05",199607,4.470,22.500," ",.280," ",.045," ",.036," ",.090," ",.490," ",2.310," ",.140," ",1.780,0,-9,2005.900,28.960,28.960,"w ","            ",1997-01-24
CO21,NP7102SW,"1996-07-10 01:06","1996-07-16 18:00",199607,4.600,13.900," ",.130," ",.018," ",.015," ",.027," ",.150," ",1.380," ",.070," ",.850,0,-9,1307.900,18.030,18.030,"w ","            ",1997-01-24
CO21,NP7361SW,"1996-07-16 18:01","1996-07-23 14:30",199607,4.480,22.100," ",.330," ",.046," ",.023," ",.158," ",.560," ",2.860," ",.220," ",1.460,0,-9,350.100,4.830,4.830,"w ","            ",1997-01-24
CO21,NP7510SW,"1996-07-23 14:31","1996-07-30 14:36",199607,4.480,20.700," ",.270," ",.036," ",.028," ",.026," ",.270," ",2.050," ",.050," ",1.390,0,-9,763.700,10.410,10.410,"w ","            ",1997-01-24
CO21,NP7655SW,"1996-07-30 14:37","1996-08-06 14:12",199608,4.510,19.500," ",.220," ",.029," ",.046," ",.049," ",.340," ",2.100," ",.080," ",1.300,0,-9,899.000,12.700,12.700,"w ","            ",1997-01-24
CO21,NP7904SW,"1996-08-06 14:13","1996-08-13 13:22",199608,4.680,18.900," ",.710," ",.078," ",.078," ",.129," ",.370," ",2.640," ",.210," ",1.660,0,-9,190.700,2.290,2.290,"w ","            ",1997-01-24
CO21,NP8056SW,"1996-08-13 13:23","1996-08-21 13:15",199608,4.430,30.000," ",.580," ",.079," ",.102," ",.158," ",.830," ",4.070," ",.210," ",2.570,0,-9,438.400,6.600,6.600,"w ","            ",1997-01-24
CO21,NP8333SW,"1996-08-21 13:16","1996-08-27 12:57",199608,4.600,16.100," ",.170," ",.030," ",.033," ",.066," ",.360," ",1.760," ",.080," ",1.140,0,-9,1526.200,22.610,22.610,"w ","            ",1997-01-24
CO21,NP8515SW,"1996-08-27 12:58","1996-09-03 14:30",199608,4.630,16.800," ",.310," ",.039," ",.031," ",.089," ",.360," ",1.850," ",.140," ",1.380,0,-9,813.300,11.940,11.940,"w ","            ",1997-01-24
CO21,NP8787SW,"1996-09-03 14:31","1996-09-10 12:30",199609,4.910,7.900," ",.110," ",.010," ",.014," ",.027," ",.140," ",.670," ",.050," ",.580,0,-9,1114.100,15.240,15.240,"w ","            ",1997-01-24
CO21,NP8912SW,"1996-09-10 12:31","1996-09-17 13:10",199609,5.100,6.800," ",.100," ",.011," ",.003," ",.026," ",.240," ",.750," ",.060," ",.560,0,-9,1209.700,17.270,17.270,"w ","            ",1997-01-24
CO21,NP9079SW,"1996-09-17 13:11","1996-09-24 13:32",199609,4.920,8.500," ",.080," ",.014," ",.009," ",.058," ",.220," ",.880," ",.070," ",.640,0,-9,1050.700,13.210,13.210,"w ","            ",1997-01-24
CO21,NP9321SW,"1996-09-24 13:35","1996-10-01 13:32",199609,4.630,13.800," ",.130," ",.019," ",.010," ",.058," ",.200," ",1.740," ",.110," ",.640,0,-9,453.700,-9.990,6.682,"w ","            ",1997-01-24
CO21,NP9534SW,"1996-10-01 13:33","1996-10-08 23:16",199610,-9.000,-9.000," ",-9.000," ",-9.000," ",-9.000," ",-9.000," ",-9.000," ",-9.000," ",-9.000," ",-9.000,0,-9,.000,-7.000,.127,"t ","            ",1997-02-18
CO21,NP9710SW,"1996-10-08 23:17","1996-10-16 00:20",199610,-9.000,-9.000," ",-9.000," ",-9.000," ",-9.000," ",-9.000," ",-9.000," ",-9.000," ",-9.000,<,-9.000,0,-9,.000,.000,.000,"d ","            ",1997-02-18
CO21,NP9976SW,"1996-10-16 00:21","1996-10-23 13:30",199610,5.170,6.600," ",.170," ",.025," ",.028," ",.038," ",.200," ",.950," ",.070," ",.480,0,-9,326.600,4.320,4.320,"w ","            ",1997-02-18
CO21,NQ0153SW,"1996-10-23 13:31","1996-10-29 14:20",199610,-9.000,-9.000," ",-9.000," ",-9.000," ",-9.000," ",-9.000," ",-9.000," ",-9.000," ",-9.000," ",-9.000,0,-9,1.900,7.620,7.620,"  ","v           ",1997-02-18
CO21,NQ0583SW,"1996-10-29 14:21","1996-11-05 15:55",199611,4.540,14.900," ",.060," ",.008," ",.004," ",.048," ",.150," ",1.750," ",.070," ",.610,0,-9,394.200,5.080,5.080,"w ","            ",1997-03-31
CO21,NQ0506SW,"1996-11-05 16:00","1996-11-12 18:05",199611,-9.000,-9.000," ",-9.000," ",-9.000," ",-9.000," ",-9.000," ",-9.000," ",-9.000," ",-9.000," ",-9.000,0,-9,.100,.000,.000,"d ","            ",1997-03-31
CO21,NQ0659SW,"1996-11-12 18:05","1996-11-19 18:10",199611,4.600,18.600," ",.420," ",.057," ",.011," ",.106," ",.270," ",2.380," ",.100," ",1.790,0,-9,67.300,1.020,1.020,"w ","            ",1997-03-31
CO21,NQ0932SW,"1996-11-19 18:12","1996-11-26 14:58",199611,5.210,7.800," ",.060," ",.012," ",.012," ",.155," ",.450," ",1.370," ",.210," ",.570,0,-9,36.700,.510,.510,wa,"            ",1997-03-31
CO21,NQ1183SW,"1996-11-26 14:59","1996-12-03 17:30",199611,4.860,8.500," ",.050," ",.009," ",.009," ",.037," ",.100," ",1.360," ",.060," ",.160,0,-9,71.300,2.290,2.290,"w ","            ",1997-03-31
CO21,NQ1314SW,"1996-12-03 17:31","1996-12-10 23:15",199612,4.400,59.800," ",.060," ",.011," ",.087," ",.122,<,.050," ",.560," ",.210," ",.240,0,-9,38.300,.760,.760,wa,"            ",1997-06-19
CO21,NQ1608SW,"1996-12-10 23:16","1996-12-17 21:10",199612,5.530,5.500," ",.170," ",.038," ",.261," ",.077,<,.060," ",.650," ",.330," ",.300,0,-9,35.800,1.780,1.780,wa,"            ",1997-06-19
CO21,NQ1736SW,"1996-12-17 21:11","1996-12-24 14:13",199612,5.750,2.700," ",.050," ",.007," ",.026," ",.061," ",.090," ",.300," ",.080," ",.080,0,-9,53.600,.760,.760,"w ","            ",1997-06-19
CO21,NQ1929SW,"1996-12-24 14:14","1996-12-31 20:25",199612,-9.000,-9.000," ",-9.000," ",-9.000," ",-9.000," ",-9.000," ",-9.000," ",-9.000," ",-9.000," ",-9.000,0,-9,3.800,-7.000,.127,"t ","            ",1997-06-19
CO21,NQ2136SW,"1996-12-31 20:26","1997-01-07 23:13",199701,4.870,7.100," ",.050," ",.013," ",.035," ",.083," ",.030," ",.930," ",.100," ",.190,0,-9,45.500,4.830,4.830,"w ","            ",1997-06-19
CO21,NQ2284SW,"1997-01-07 23:14","1997-01-14 23:36",199701,-9.000,-9.000," ",-9.000," ",-9.000," ",-9.000," ",-9.000," ",-9.000," ",-9.000," ",-9.000," ",-9.000,0,-9,14.400,.250,.250,"  ","v           ",1997-06-19
CO21,NQ2530SW,"1997-01-14 23:37","1997-01-21 14:40",199701,-9.000,-9.000," ",-9.000," ",-9.000," ",-9.000," ",-9.000," ",-9.000," ",-9.000," ",-9.000," ",-9.000,0,-9,1.100,.000,.000,"d ","            ",1997-06-19
CO21,NQ2734SW,"1997-01-21 14:41","1997-01-28 16:11",199701,-9.000,-9.000," ",-9.000," ",-9.000," ",-9.000," ",-9.000," ",-9.000," ",-9.000," ",-9.000," ",-9.000,0,-9,4.300,-9.990,.063,"t ","            ",1997-06-19
CO21,NQ2936SW,"1997-01-28 16:11","1997-02-04 23:30",199701,-9.000,-9.000," ",-9.000," ",-9.000," ",-9.000," ",-9.000," ",-9.000," ",-9.000," ",-9.000," ",-9.000,0,-9,10.700,-9.990,.157,"t ","            ",1997-06-19
CO21,NQ3091SW,"1997-02-04 23:30","1997-02-11 18:16",199702,4.580,18.400," ",.380," ",.032," ",.029," ",.136," ",.240," ",3.490," ",.210," ",.590,0,-9,44.100,1.016,1.016,wa,"            ",2002-06-10
CO21,NQ3348SW,"1997-02-11 18:16","1997-02-18 18:25",199702,4.890,10.100," ",.130," ",.028," ",.025," ",.101," ",.250," ",1.790," ",.140," ",.360,0,-9,74.600,1.524,1.524,wa,"            ",2002-06-10
CO21,NQ3568SW,"1997-02-18 18:26","1997-02-25 17:42",199702,5.530,4.900," ",.110," ",.012," ",.007," ",.037," ",.320," ",1.080," ",.050," ",.270,0,-9,452.000,8.130,8.130,"w ","            ",1997-07-17
CO21,NQ3767SW,"1997-02-25 17:42","1997-03-04 19:50",199702,5.370,7.700," ",.180," ",.026," ",.016," ",.071," ",.440," ",1.570," ",.110," ",.650,0,-9,209.200,2.030,2.030,"w ","            ",1997-07-17
CO21,NQ3983SW,"1997-03-04 19:53","1997-03-11 17:35",199703,4.720,11.100," ",.100," ",.018," ",.020," ",.081," ",.120," ",1.850," ",.090," ",.380,0,-9,95.800,2.540,2.540,"w ","            ",1997-08-05
CO21,NQ4160SW,"1997-03-11 17:37","1997-03-18 20:30",199703,-9.000,-9.000," ",-9.000," ",-9.000," ",-9.000," ",-9.000," ",-9.000," ",-9.000," ",-9.000," ",-9.000,0,-9,1.700,-9.990,.025,"t ","            ",1997-08-05
CO21,NQ4447SW,"1997-03-18 20:31","1997-03-25 13:51",199703,5.370,5.400," ",.140," ",.025," ",.027," ",.073," ",.250," ",1.050," ",.080," ",.320,0,-9,234.600,4.320,4.320,"w ","            ",1997-08-05
CO21,NQ4517SW,"1997-03-25 13:52","1997-04-01 16:05",199703,5.120,11.000," ",.390," ",.042," ",.019," ",.106," ",.450," ",2.250," ",.100," ",1.020,0,-9,82.200,1.780,1.780,"w ","            ",1997-08-05
CO21,NQ4815SW,"1997-04-01 16:06","1997-04-08 14:00",199704,5.490,4.900," ",.200," ",.023," ",.024," ",.041," ",.170," ",.840," ",.050," ",.440,0,-9,1028.500,13.970,13.970,"w ","            ",1997-12-04
CO21,NQ5036SW,"1997-04-08 14:03","1997-04-15 15:15",199704,6.890,14.000," ",1.750," ",.099," ",.102," ",.334," ",.070," ",1.770," ",.220," ",1.200,0,-9,73.300,-9.990,1.079,"w ","            ",1997-12-04
CO21,NQ5231SW,"1997-04-15 15:18","1997-04-22 23:08",199704,5.400,6.800," ",.460," ",.040," ",.020," ",.071," ",.110," ",1.550," ",.120," ",.410,0,-9,178.600,2.290,2.290,"w ","            ",1997-12-04
CO21,NQ5456SW,"1997-04-22 23:08","1997-04-29 13:26",199704,5.220,2.800," ",.040," ",.006," ",.003," ",.018,<,.020," ",.340,<,.030," ",.050,0,-9,1205.900,17.780,17.780,"w ","            ",1997-12-04
CO21,NQ5634SW,"1997-04-29 13:26","1997-05-06 11:44",199705,-9.000,-9.000," ",-9.000," ",-9.000," ",-9.000," ",-9.000," ",-9.000," ",-9.000," ",-9.000," ",-9.000,0,-9,2.600,-7.000,.127,"t ","            ",1997-12-04
CO21,NQ5847SW,"1997-05-06 11:44","1997-05-14 00:35",199705,4.930,13.000," ",.400," ",.043," ",.028," ",.052," ",.440," ",2.120," ",.080," ",1.230,0,-9,947.600,13.210,13.210,"w ","            ",1997-12-04
CO21,NQ6018SW,"1997-05-14 00:35","1997-05-20 23:02",199705,4.600,20.100," ",.550," ",.070," ",.060," ",.103," ",.520," ",3.100," ",.130," ",1.640,0,-9,670.900,9.140,9.140,"w ","            ",1997-12-04
CO21,NQ6268SW,"1997-05-20 23:02","1997-05-28 01:44",199705,4.890,6.600," ",.040," ",.007,<,.003," ",.013,<,.020," ",.560," ",.030," ",.260,0,-9,826.100,12.190,12.190,"w ","            ",1997-12-04
CO21,NQ6422SW,"1997-05-28 01:48","1997-06-03 15:03",199705,4.690,12.200," ",.110," ",.016," ",.011," ",.023," ",.200," ",1.450," ",.070," ",.580,0,-9,294.800,4.570,4.570,"w ","            ",1997-12-04
CO21,NQ6675SW,"1997-06-03 15:05","1997-06-10 15:25",199706,5.310,7.800," ",.190," ",.021," ",.019," ",.025," ",.410," ",1.100," ",.050," ",.840,0,-9,3482.800,51.820,51.820,"w ","            ",1997-12-16
CO21,NQ7064SW,"1997-06-10 15:25","1997-06-17 16:10",199706,4.730,14.400," ",.260," ",.036," ",.072," ",.098," ",.280," ",1.610," ",.150," ",1.300,0,-9,941.800,12.450,12.450,"w ","            ",1997-12-16
CO21,NQ7009SW,"1997-06-17 16:10","1997-06-24 14:15",199706,4.890,10.800," ",.270," ",.089," ",.396," ",.203,<,.070," ",.210," ",.360," ",1.030,0,-9,34.100,5.080,5.080,wa,"            ",2002-06-10
CO21,NQ7239SW,"1997-06-24 14:15","1997-07-01 14:14",199706,5.300,14.600," ",.700," ",.101," ",.259," ",.140," ",.420," ",2.370," ",.260," ",1.620,0,-9,595.900,-9.990,8.777,"w ","            ",1997-12-16
CO21,NQ7443SW,"1997-07-01 14:14","1997-07-08 17:12",199707,5.510,27.800," ",1.920," ",.213," ",.375," ",.320," ",.930," ",5.940," ",.530," ",3.650,0,-9,46.900,.760,.760,"w ","            ",1997-12-16
CO21,NQ7797SW,"1997-07-08 17:13","1997-07-15 16:35",199707,4.470,25.000," ",.560," ",.073," ",.092," ",.113," ",.460," ",3.090," ",.240," ",2.000,0,-9,332.300,4.570,4.570,"w ","            ",1998-01-14
CO21,NQ7909SW,"1997-07-15 16:36","1997-07-22 13:31",199707,4.710,16.700," ",.520," ",.069," ",.108," ",.066," ",.350," ",2.240," ",.110," ",1.530,0,-9,345.200,5.080,5.080,"w ","            ",1998-01-14
CO21,NQ8060SW,"1997-07-22 13:32","1997-07-29 12:51",199707,4.680,13.500," ",.150," ",.018," ",.018," ",.026," ",.270," ",1.460," ",.040," ",.940,0,-9,2728.800,-9.990,40.194,"w ","            ",1998-01-14
CO21,NQ8268SW,"1997-07-29 12:52","1997-08-05 16:05",199708,4.690,12.800," ",.060," ",.008," ",.010," ",.023," ",.240," ",1.250," ",.030," ",.780,0,-9,2741.700,38.350,38.350,"w ","            ",1998-01-14
CO21,NQ8578SW,"1997-08-05 16:06","1997-08-12 12:58",199708,4.760,11.700," ",.170," ",.021," ",.032," ",.078," ",.220," ",1.280," ",.120," ",.790,0,-9,1619.000,23.370,23.370,"w ","            ",1998-02-20
CO21,NQ9755SW,"1997-08-12 12:59","1997-08-19 13:10",199708,4.640,16.400," ",.281," ",.039," ",.036," ",.092," ",.280," ",1.840," ",.110," ",1.170,0,-9,1064.200,15.494,15.494,"w ","            ",1998-08-31
CO21,NQ8959SW,"1997-08-19 13:11","1997-08-26 22:10",199708,4.640,13.800," ",.170," ",.028," ",.020," ",.049," ",.200," ",1.600," ",.110," ",.870,0,-9,870.400,12.950,12.950,"w ","            ",1998-02-20
CO21,NQ9142SW,"1997-08-26 22:11","1997-09-02 16:07",199708,4.630,13.600," ",.090," ",.012," ",.014," ",.022," ",.190," ",1.270," ",.060," ",.910,0,-9,2314.200,34.540,34.540,"w ","            ",1998-02-20
CO21,NQ9348SW,"1997-09-02 16:07","1997-09-09 21:40",199709,4.590,14.900," ",.112," ",.013," ",.011," ",.025," ",.230," ",1.410," ",.070," ",1.020,0,-9,1715.200,24.892,24.892,"w ","            ",1998-08-31
CO21,NQ9544SW,"1997-09-09 21:40","1997-09-16 20:20",199709,4.850,9.200," ",.146," ",.015," ",.010," ",.018," ",.170," ",.970," ",.040," ",.730,0,-9,426.900,6.350,6.350,"w ","            ",1998-08-31
CO21,NQ9750SW,"1997-09-16 20:21","1997-09-23 22:38",199709,4.810,11.000," ",.193," ",.018," ",.018," ",.022," ",.290," ",1.400," ",.050," ",.960,0,-9,652.800,9.906,9.906,"w ","            ",1998-08-31
CO21,NQ9960SW,"1997-09-23 22:38","1997-09-30 18:42",199709,-9.000,-9.000," ",-9.000," ",-9.000," ",-9.000," ",-9.000," ",-9.000," ",-9.000," ",-9.000," ",-9.000,0,-9,13.500,-7.000,.127,"t ","            ",1998-08-31
CO21,NR0236SW,"1997-09-30 18:45","1997-10-07 22:20",199710,-9.000,-9.000,<,-9.000,<,-9.000," ",-9.000," ",-9.000," ",-9.000," ",-9.000," ",-9.000,<,-9.000,0,-9,.400,.000,.000,"d ","            ",1998-08-31
CO21,NR0365SW,"1997-10-07 22:20","1997-10-14 23:20",199710,6.210,5.600," ",.616," ",.037," ",.057," ",.096,<,.020," ",.190," ",.080," ",.530,0,-9,310.200,-9.990,4.569,"w ","            ",1998-08-31
CO21,NR0552SW,"1997-10-14 23:20","1997-10-21 19:42",199710,4.470,21.500," ",.218," ",.023," ",.018," ",.053," ",.320," ",3.450," ",.070," ",.910,0,-9,94.600,1.270,1.270,"w ","            ",1998-08-31
CO21,NR0727SW,"1997-10-21 19:43","1997-10-28 21:22",199710,4.790,8.100," ",.061," ",.010," ",.009," ",.014,<,.020," ",.840," ",.040," ",.270,0,-9,412.000,21.590,21.590,"w ","            ",1998-08-31
CO21,NR1017SW,"1997-10-28 21:23","1997-11-04 17:10",199711,-9.000,-9.000," ",-9.000," ",-9.000," ",-9.000," ",-9.000," ",-9.000," ",-9.000," ",-9.000," ",-9.000,0,-9,-9.000,.000,.000,"d ","            ",1998-08-31
CO21,NR1406SW,"1997-11-04 17:11","1997-11-11 17:08",199711,4.760,13.300," ",.266," ",.031," ",.033," ",.076," ",.280," ",2.940," ",.110," ",.430,0,-9,81.300,1.270,1.270,"w ","            ",1998-08-31
CO21,NR1559SW,"1997-11-11 17:09","1997-11-18 23:55",199711,5.260,3.200," ",.032," ",.005," ",.008," ",.033," ",.030," ",.470," ",.030," ",.060,0,-9,183.000,1.778,1.778,"w ","            ",1998-08-31
CO21,NR1554SW,"1997-11-18 23:56","1997-11-25 20:00",199711,5.100,5.800,<,.030,<,.009,<,.009," ",.138,<,.060," ",.690," ",.130," ",.350,0,-9,37.700,.508,.508,wa,"            ",2002-06-10
CO21,NR1787SW,"1997-11-25 20:01","1997-12-03 15:16",199711,5.050,4.900," ",.013," ",.004,<,.003," ",.023," ",.060," ",.480," ",.030," ",.230,0,-9,946.300,28.956,28.956,"w ","            ",1998-08-31
CO21,NR1963SW,"1997-12-03 15:17","1997-12-09 14:37",199712,4.640,11.500," ",.035," ",.006," ",.005," ",.035," ",.030," ",1.730," ",.050," ",.140,0,-9,316.600,4.318,4.318,"w ","            ",1998-08-31
CO21,NR2165SW,"1997-12-09 14:43","1997-12-16 20:23",199712,-9.000,-9.000," ",-9.000," ",-9.000," ",-9.000," ",-9.000," ",-9.000," ",-9.000," ",-9.000," ",-9.000,0,-9,2.200,-7.000,.127,"t ","            ",1998-08-31
CO21,NR2438SW,"1997-12-16 20:24","1997-12-23 22:30",199712,-9.000,-9.000," ",-9.000," ",-9.000," ",-9.000," ",-9.000," ",-9.000," ",-9.000," ",-9.000," ",-9.000,0,-9,3.300,2.540,2.540,"  ","v           ",1998-08-31
CO21,NR2590SW,"1997-12-23 22:31","1997-12-30 14:55",199712,5.820,3.700," ",.047," ",.010," ",.032," ",.034," ",.090," ",.600," ",.060," ",.190,0,-9,84.200,1.270,1.270,"w ","            ",1998-08-31
CO21,NR2829SW,"1997-12-30 14:56","1998-01-06 16:21",199801,5.420,4.900," ",.026," ",.004," ",.006," ",.010," ",.370," ",1.020,<,.030," ",.320,0,-9,44.000,.762,.762,"w ","            ",1998-08-31
CO21,NR3028SW,"1998-01-06 16:22","1998-01-13 23:53",199801,-9.000,-9.000," ",-9.000," ",-9.000," ",-9.000," ",-9.000," ",-9.000," ",-9.000," ",-9.000," ",-9.000,0,-9,.500,.000,.000,"d ","            ",1998-12-01
CO21,NR3129SW,"1998-01-13 23:54","1998-01-20 14:48",199801,-9.000,-9.000," ",-9.000," ",-9.000," ",-9.000," ",-9.000," ",-9.000," ",-9.000," ",-9.000," ",-9.000,0,-9,2.100,.000,.000,"d ","            ",1998-12-01
CO21,NR3352SW,"1998-01-20 14:49","1998-01-27 17:54",199801,-9.000,-9.000," ",-9.000,<,-9.000," ",-9.000," ",-9.000," ",-9.000," ",-9.000," ",-9.000,<,-9.000,0,-9,2.700,.000,.000,"d ","            ",1998-12-01
CO21,NR3630SW,"1998-01-27 17:55","1998-02-03 14:30",199801,4.870,8.300," ",.050," ",.012,<,.003," ",.012," ",.040," ",.959," ",.040," ",.179,0,-9,103.700,1.270,1.270,"w ","            ",1998-12-01
CO21,NR3760SW,"1998-02-03 14:31","1998-02-10 21:28",199802,-9.000,-9.000," ",-9.000," ",-9.000," ",-9.000," ",-9.000," ",-9.000," ",-9.000," ",-9.000," ",-9.000,0,-9,1.399,.000,.000,"d ","            ",1998-12-01
CO21,NR4034SW,"1998-02-10 21:29","1998-02-17 23:54",199802,4.759,11.199," ",.079," ",.017," ",.004," ",.024," ",.260," ",1.720," ",.050," ",.540,0,-9,69.700,2.540,2.540,"w ","            ",1998-12-01
CO21,NR4289SW,"1998-02-17 23:55","1998-02-25 14:25",199802,4.440,20.000," ",.069," ",.012,<,.003," ",.014," ",.260," ",2.879," ",.040," ",.660,0,-9,308.199,4.825,4.825,"w ","            ",1998-12-01
CO21,NR4528SW,"1998-02-25 14:26","1998-03-03 14:38",199803,-9.000,-9.000," ",-9.000," ",-9.000," ",-9.000," ",-9.000,<,-9.000," ",-9.000," ",-9.000,<,-9.000,0,-9,.900,.000,.000,"d ","            ",1998-12-01
CO21,NR4634SW,"1998-03-03 14:39","1998-03-10 15:38",199803,-9.000,-9.000," ",-9.000," ",-9.000," ",-9.000," ",-9.000," ",-9.000," ",-9.000," ",-9.000," ",-9.000,0,-9,38.299,.761,.761,"  ","v           ",1998-12-01
CO21,NR4826SW,"1998-03-10 15:39","1998-03-17 17:17",199803,-9.000,-9.000," ",-9.000,<,-9.000," ",-9.000," ",-9.000,<,-9.000," ",-9.000,<,-9.000,<,-9.000,0,-9,.299,-7.000,.127,"t ","            ",1998-12-01
CO21,NR5137SW,"1998-03-17 17:18","1998-03-25 01:08",199803,4.960,6.200," ",.070," ",.010,<,.003," ",.014," ",.020," ",.790," ",.029," ",.190,0,-9,568.000,9.397,9.397,"w ","            ",1998-12-01
CO21,NR5307SW,"1998-03-25 01:09","1998-03-31 14:42",199803,4.759,12.800," ",.063," ",.008," ",.005," ",.020," ",.400," ",1.780," ",.029," ",.859,0,-9,818.799,10.413,10.413,"w ","            ",1998-12-01
CO21,NR5445SW,"1998-03-31 14:43","1998-04-07 14:35",199804,6.040,10.199," ",.911," ",.042," ",.028," ",.088," ",.359," ",1.879," ",.160," ",1.060,0,-9,707.500,11.176,11.176,"w ","            ",1998-12-01
CO21,NR5677SW,"1998-04-07 14:36","1998-04-14 12:33",199804,4.790,11.500," ",.168," ",.016,<,.003," ",.013," ",.270," ",1.800," ",.040," ",.640,0,-9,354.800,5.334,5.334,"w ","            ",1999-05-01
CO21,NR5879SW,"1998-04-14 12:38","1998-04-21 17:15",199804,4.660,13.700," ",.129," ",.019," ",.012," ",.030," ",.300," ",1.740," ",.050," ",.920,0,-9,794.700,11.176,11.176,"w ","            ",1999-05-01
CO21,NR6068SW,"1998-04-21 17:17","1998-04-28 16:00",199804,5.050,7.700," ",.186," ",.018," ",.007," ",.041," ",.220," ",1.240," ",.060," ",.500,0,-9,784.800,10.668,10.668,"w ","            ",1999-05-01
CO21,NR6364SW,"1998-04-28 16:01","1998-05-05 13:36",199805,5.560,9.500," ",.555," ",.061," ",.034," ",.117," ",.330," ",1.750," ",.090," ",1.150,0,-9,244.100,4.064,4.064,"w ","            ",1999-05-01
CO21,NR6547SW,"1998-05-05 13:37","1998-05-12 22:12",199805,4.790,10.200," ",.159," ",.021,<,.003," ",.023," ",.100," ",1.230," ",.040," ",.600,0,-9,751.100,10.668,10.668,"w ","            ",1999-05-01
CO21,NR6750SW,"1998-05-12 22:13","1998-05-19 20:10",199805,-9.000,-9.000," ",-9.000," ",-9.000," ",-9.000," ",-9.000," ",-9.000," ",-9.000," ",-9.000," ",-9.000,0,-9,.300,.000,.000,"d ","            ",1999-05-01
CO21,NR6927SW,"1998-05-19 20:11","1998-05-26 12:55",199805,5.580,11.800," ",.451," ",.048," ",.038," ",.084," ",.810," ",2.260," ",.130," ",1.300,0,-9,365.400,5.334,5.334,"w ","            ",1999-05-01
CO21,NR7157SW,"1998-05-26 12:55","1998-06-02 23:05",199805,-9.000,-9.000," ",-9.000," ",-9.000," ",-9.000," ",-9.000," ",-9.000," ",-9.000," ",-9.000," ",-9.000,0,-9,.000,.254,.254,"  ","v           ",1999-05-01
CO21,NR7379SW,"1998-06-02 23:06","1998-06-10 01:54",199806,4.860,11.600," ",.396," ",.044," ",.038," ",.041," ",.150," ",1.770," ",.060," ",.860,0,-9,681.800,10.668,10.668,"w ","            ",1999-05-01
CO21,NR7541SW,"1998-06-10 01:55","1998-06-16 12:31",199806,4.800,11.300," ",.142," ",.023," ",.064," ",.025," ",.200," ",1.150," ",.080," ",.880,0,-9,233.000,3.556,3.556,"w ","            ",1999-05-01
CO21,NR7842SW,"1998-06-16 12:32","1998-06-23 23:29",199806,5.100,10.800," ",.590," ",.076," ",.307," ",.053," ",.020," ",1.290," ",.140," ",.950,0,-9,419.400,6.604,6.604,"w ","            ",1999-05-01
CO21,NR7966SW,"1998-06-23 23:30","1998-06-30 15:35",199806,-9.000,-9.000," ",-9.000," ",-9.000," ",-9.000," ",-9.000," ",-9.000," ",-9.000," ",-9.000," ",-9.000,0,-9,61.900,2.032,2.032,"  ","c           ",1999-05-01
CO21,NR8248SW,"1998-06-30 15:36","1998-07-07 16:26",199807,4.510,21.800," ",.290," ",.035," ",.037," ",.042," ",.480," ",2.370," ",.110," ",1.790,0,-9,1439.400,21.844,21.844,"w ","            ",1999-05-01
CO21,NR8418SW,"1998-07-07 16:27","1998-07-14 16:24",199807,4.750,8.800," ",.033," ",.006," ",.008," ",.006,<,.020," ",.870," ",.030," ",.270,0,-9,1927.700,28.194,28.194,"w ","            ",1999-05-01
CO21,NR8646SW,"1998-07-14 16:25","1998-07-21 23:59",199807,-9.000,-9.000," ",-9.000," ",-9.000," ",-9.000," ",-9.000," ",-9.000," ",-9.000," ",-9.000," ",-9.000,0,-9,201.500,3.048,3.048,"  ","c           ",1999-05-01
CO21,NR8899SW,"1998-07-22 00:00","1998-07-28 13:38",199807,4.410,18.900," ",.144," ",.018," ",.019," ",.013," ",.210," ",2.010," ",.060," ",1.050,0,-9,1341.000,20.066,20.066,"w ","            ",1999-05-01
CO21,NR9074SW,"1998-07-28 13:39","1998-08-05 01:35",199808,4.690,11.600," ",.061," ",.013," ",.019," ",.008," ",.130," ",1.080," ",.030," ",.660,0,-9,3257.300,-9.990,47.979,"w ","            ",1999-05-01
CO21,NR9186SW,"1998-08-05 01:36","1998-08-11 16:21",199808,4.690,12.200," ",.107," ",.014," ",.018," ",.008," ",.180," ",.980," ",.050," ",.880,0,-9,2135.800,34.798,34.798,"w ","            ",1999-05-01
CO21,NR9486SW,"1998-08-11 16:22","1998-08-18 18:19",199808,4.460,20.200," ",.181," ",.028," ",.026," ",.021," ",.250," ",2.170," ",.090," ",1.250,0,-9,429.700,-9.990,6.329,"w ","            ",1999-07-06
CO21,NR9719SW,"1998-08-18 18:20","1998-08-25 13:37",199808,4.590,15.400," ",.161," ",.022," ",.013," ",.016," ",.250," ",1.520," ",.060," ",1.190,0,-9,3181.800,48.260,48.260,"w ","            ",1999-07-06
CO21,NR9824SW,"1998-08-25 13:38","1998-09-01 15:58",199808,4.970,14.000," ",.311," ",.030," ",.043," ",.026," ",.760," ",2.300," ",.080," ",1.380,0,-9,1074.300,19.050,19.050,"w ","            ",1999-07-06
CO21,NS0008SW,"1998-09-01 15:59","1998-09-08 16:58",199809,-9.000,-9.000," ",-9.000," ",-9.000,<,-9.000," ",-9.000," ",-9.000," ",-9.000," ",-9.000,<,-9.000,0,-9,.800,.000,.000,"d ","            ",1999-07-06
CO21,NS0319SW,"1998-09-08 16:59","1998-09-15 17:43",199809,4.570,22.100," ",.221," ",.026," ",.017," ",.015," ",.510," ",1.950," ",.060," ",1.910,0,-9,419.800,6.350,6.350,"w ","            ",1999-07-06
CO21,NS0403SW,"1998-09-15 17:44","1998-09-22 13:54",199809,4.840,18.400," ",.620," ",.069," ",.158," ",.132," ",.680," ",2.490," ",.220," ",2.370,0,-9,104.000,1.524,1.524,"w ","            ",1999-07-06
CO21,NS0611SW,"1998-09-22 13:55","1998-09-29 14:08",199809,-9.000,-9.000," ",-9.000,<,-9.000," ",-9.000," ",-9.000," ",-9.000," ",-9.000," ",-9.000,<,-9.000,0,-9,.600,.000,.000,"d ","            ",1999-07-06
CO21,NS0873SW,"1998-09-29 14:09","1998-10-06 21:57",199810,5.550,5.100," ",.207," ",.018," ",.014," ",.031," ",.080," ",.560," ",.040," ",.440,0,-9,127.400,2.794,2.794,"w ","            ",1999-07-06
CO21,NS1076SW,"1998-10-06 21:58","1998-10-14 00:46",199810,-9.000,-9.000," ",-9.000,<,-9.000," ",-9.000," ",-9.000," ",-9.000," ",-9.000," ",-9.000,<,-9.000,0,-9,.000,-7.000,.127,"t ","            ",1999-07-06
CO21,NS1210SW,"1998-10-14 00:47","1998-10-20 19:11",199810,-9.000,-9.000," ",-9.000," ",-9.000," ",-9.000," ",-9.000," ",-9.000," ",-9.000," ",-9.000," ",-9.000,0,-9,3.200,-9.990,.047,"t ","            ",1999-07-06
CO21,NS1420SW,"1998-10-20 19:12","1998-10-27 13:21",199810,-9.000,-9.000," ",-9.000," ",-9.000," ",-9.000," ",-9.000," ",-9.000," ",-9.000," ",-9.000," ",-9.000,0,-9,6.100,-7.000,.127,"t ","            ",1999-07-06
CO21,NS1676SW,"1998-10-27 13:22","1998-11-03 15:50",199810,4.970,5.800," ",.029," ",.007," ",.007," ",.004," ",.030," ",.640,<,.030," ",.210,0,-9,621.700,-9.990,9.157,"w ","            ",1999-07-06
CO21,NS1907SW,"1998-11-03 15:51","1998-11-10 14:57",199811,4.820,8.000," ",.021," ",.003," ",.003,<,.003," ",.110," ",.830,<,.030," ",.430,0,-9,772.800,-9.990,11.383,"w ","            ",1999-07-06
CO21,NS2084SW,"1998-11-10 14:58","1998-11-17 22:58",199811,-9.000,-9.000," ",-9.000," ",-9.000," ",-9.000," ",-9.000," ",-9.000," ",-9.000," ",-9.000," ",-9.000,0,-9,1.500,.000,.000,"d ","            ",1999-07-06
CO21,NS2326SW,"1998-11-17 22:59","1998-11-25 17:00",199811,-9.000,-9.000,<,-9.000,<,-9.000," ",-9.000," ",-9.000," ",-9.000," ",-9.000," ",-9.000,<,-9.000,0,-9,.900,.000,.000,"d ","            ",1999-07-06
CO21,NS2507SW,"1998-11-25 17:01","1998-12-01 15:13",199811,-9.000,-9.000," ",-9.000," ",-9.000," ",-9.000," ",-9.000," ",-9.000," ",-9.000," ",-9.000,<,-9.000,0,-9,2.300,.000,.000,"d ","            ",1999-07-06
CO21,NS2732SW,"1998-12-01 15:14","1998-12-08 14:16",199812,5.130,7.200," ",.154," ",.017," ",.019," ",.044," ",.220," ",1.660," ",.050," ",.220,0,-9,156.400,-9.990,2.303,"w ","            ",1999-07-06
CO21,NS2902SW,"1998-12-08 14:17","1998-12-15 13:59",199812,5.230,4.800,<,.030,<,.011," ",.029," ",.040," ",.180," ",.940," ",.110," ",.180,0,-9,32.900,-9.990,.484,wa,"            ",2002-06-10
CO21,NS3276SW,"1998-12-15 14:00","1998-12-22 17:40",199812,5.730,4.900," ",.402," ",.032," ",.018," ",.159," ",.040," ",1.010," ",.170," ",.340,0,-9,185.400,3.048,3.048,"w ","            ",1999-07-06
CO21,NS3335SW,"1998-12-22 17:41","1998-12-30 17:55",199812,-9.000,-9.000," ",-9.000," ",-9.000," ",-9.000," ",-9.000,<,-9.000,<,-9.000," ",-9.000,<,-9.000,0,-9,.900,.000,.000,"d ","            ",1999-07-06
CO21,NS3515SW,"1998-12-30 17:56","1999-01-05 14:45",199901,-9.000,-9.000," ",-9.000,<,-9.000," ",-9.000," ",-9.000,<,-9.000," ",-9.000," ",-9.000," ",-9.000,0,-9,1.200,.000,.000,"d ","            ",1999-07-06
CO21,NS3737SW,"1999-01-05 14:46","1999-01-12 15:48",199901,-9.000,-9.000," ",-9.000," ",-9.000," ",-9.000," ",-9.000," ",-9.000," ",-9.000," ",-9.000," ",-9.000,0,-9,.000,.000,.000,"d ","            ",2000-03-01
CO21,NS4010SW,"1999-01-12 15:49","1999-01-20 15:09",199901,-9.000,-9.000," ",-9.000," ",-9.000," ",-9.000," ",-9.000," ",-9.000," ",-9.000," ",-9.000," ",-9.000,0,-9,2.500,.000,.000,"d ","            ",2000-03-01
CO21,NS4166SW,"1999-01-20 15:10","1999-01-26 16:00",199901,5.350,4.500," ",.127," ",.014," ",.008," ",.027," ",.110," ",.800," ",.120," ",.170,0,-9,62.600,1.778,1.778,"w ","            ",2000-03-01
CO21,NS4353SW,"1999-01-26 16:01","1999-02-02 14:27",199901,-9.000,-9.000," ",-9.000," ",-9.000," ",-9.000," ",-9.000," ",-9.000," ",-9.000," ",-9.000," ",-9.000,0,-9,3.100,.000,.000,"d ","            ",2000-03-01
CO21,NS4576SW,"1999-02-02 14:28","1999-02-09 16:37",199902,-9.000,-9.000," ",-9.000," ",-9.000," ",-9.000," ",-9.000," ",-9.000," ",-9.000," ",-9.000," ",-9.000,0,-9,2.300,.000,.000,"d ","            ",2000-03-01
CO21,NS4813SW,"1999-02-09 16:38","1999-02-16 14:55",199902,5.040,6.700," ",.184," ",.021," ",.010," ",.025," ",.090," ",1.160," ",.060," ",.230,0,-9,397.500,5.334,5.334,"w ","            ",2000-03-01
CO21,NS5085SW,"1999-02-16 14:56","1999-02-23 16:15",199902,5.430,4.300," ",.126," ",.012," ",.009," ",.020," ",.070," ",.550," ",.090," ",.280,0,-9,51.900,.762,.762,"w ","            ",2000-03-01
CO21,NS5253SW,"1999-02-23 16:16","1999-03-02 15:50",199902,-9.000,-9.000," ",-9.000," ",-9.000," ",-9.000," ",-9.000," ",-9.000," ",-9.000," ",-9.000," ",-9.000,0,-9,6.800,.254,.254,"  ","v           ",2000-03-01
CO21,NS5585SW,"1999-03-02 15:51","1999-03-09 15:05",199903,5.440,8.700," ",.455," ",.042," ",.028," ",.110," ",.360," ",2.360," ",.070," ",.640,0,-9,461.500,6.858,6.858,"w ","            ",2000-03-01
CO21,NS5764SW,"1999-03-09 15:06","1999-03-17 00:41",199903,-9.000,-9.000," ",-9.000," ",-9.000," ",-9.000," ",-9.000," ",-9.000," ",-9.000," ",-9.000," ",-9.000,0,-9,20.900,.762,.762,"  ","v           ",2000-03-01
CO21,NS5935SW,"1999-03-17 00:42","1999-03-23 13:40",199903,-9.000,-9.000," ",-9.000," ",-9.000," ",-9.000," ",-9.000," ",-9.000," ",-9.000," ",-9.000," ",-9.000,0,-9,.000,.000,.000,"d ","            ",2000-03-01
CO21,NS6139SW,"1999-03-23 13:41","1999-03-30 14:55",199903,6.810,44.200," ",2.120," ",.195," ",.167," ",.666," ",2.570," ",10.660," ",.520," ",3.280,0,-9,29.000,-9.990,.427,wa,"            ",2002-06-10
CO21,NS6462SW,"1999-03-30 14:55","1999-04-06 16:55",199904,5.360,4.100," ",.138," ",.014," ",.005," ",.026," ",.110," ",.670," ",.090," ",.220,0,-9,740.500,11.176,11.176,"w ","            ",2000-03-01
CO21,NS6606SW,"1999-04-06 16:56","1999-04-13 13:03",199904,-9.000,-9.000," ",-9.000," ",-9.000," ",-9.000," ",-9.000," ",-9.000," ",-9.000," ",-9.000," ",-9.000,0,-9,.000,.000,.000,"d ","            ",2000-03-01
CO21,NS6855SW,"1999-04-13 13:04","1999-04-20 15:54",199904,6.160,8.300," ",.267," ",.023," ",.026," ",.049," ",.670," ",1.280," ",.060," ",.770,0,-9,1161.900,17.018,17.018,"w ","            ",2000-03-01
CO21,NS7064SW,"1999-04-20 15:55","1999-04-27 16:12",199904,5.370,4.200," ",.111," ",.010," ",.006," ",.018," ",.130," ",.610," ",.040," ",.270,0,-9,1779.700,26.670,26.670,"w ","            ",2000-03-01
CO21,NS7420SW,"1999-04-27 16:13","1999-05-04 14:15",199905,5.190,3.400," ",.046," ",.006,<,.003," ",.011,<,.020," ",.250,<,.030," ",.180,0,-9,4049.900,58.928,58.928,"w ","            ",
CO21,NS7574SW,"1999-05-04 14:16","1999-05-12 00:19",199905,4.540,20.900," ",.532," ",.073," ",.008," ",.041," ",.150," ",2.530," ",.090," ",1.680,0,-9,114.800,1.524,1.524,"w ","            ",
CO21,NS7735SW,"1999-05-12 00:20","1999-05-18 13:15",199905,-9.000,-9.000," ",-9.000," ",-9.000," ",-9.000," ",-9.000," ",-9.000," ",-9.000," ",-9.000," ",-9.000,0,-9,13.800,-7.000,.127,"t ","            ",
CO21,NS8068SW,"1999-05-18 13:16","1999-05-25 17:51",199905,4.980,8.000," ",.121," ",.018," ",.015," ",.015," ",.170," ",.870," ",.030," ",.530,0,-9,3385.600,-9.990,49.868,"w ","            ",
CO21,NS8229SW,"1999-05-25 17:52","1999-06-01 20:00",199905,5.350,6.400," ",.121," ",.018," ",.013," ",.006," ",.380," ",.990," ",.030," ",.570,0,-9,597.200,7.620,7.620,"w ","            ",
CO21,NS8405SW,"1999-06-01 20:02","1999-06-08 16:00",199906,-9.000,-9.000," ",-9.000," ",-9.000," ",-9.000," ",-9.000," ",-9.000," ",-9.000," ",-9.000," ",-9.000,0,-9,.500,.000,.000,"d ","            ",
CO21,NS8666SW,"1999-06-08 16:05","1999-06-15 15:40",199906,4.900,11.000," ",.225," ",.027," ",.033," ",.040," ",.310," ",1.330," ",.070," ",.980,0,-9,3572.400,51.054,51.054,"w ","            ",
CO21,NS8875SW,"1999-06-15 15:42","1999-06-22 13:00",199906,4.590,16.400," ",.168," ",.032," ",.111," ",.042," ",.270," ",1.950," ",.110," ",.910,0,-9,738.000,-9.990,10.870,"w ","            ",
CO21,NS9103SW,"1999-06-22 13:05","1999-06-29 16:00",199906,-9.000,-9.000," ",-9.000," ",-9.000," ",-9.000," ",-9.000," ",-9.000," ",-9.000," ",-9.000," ",-9.000,0,-9,368.400,5.588,5.588,"  ","c           ",
CO21,NS9302SW,"1999-06-29 16:01","1999-07-06 13:17",199907,-9.000,-9.000," ",-9.000," ",-9.000," ",-9.000," ",-9.000," ",-9.000," ",-9.000," ",-9.000," ",-9.000,0,-9,2.600,-9.990,.038,"t ","            ",
CO21,NS9599SW,"1999-07-06 13:18","1999-07-13 16:00",199907,4.700,13.300," ",.261," ",.044," ",.057," ",.015," ",.130," ",1.460," ",.060," ",.960,0,-9,642.300,9.652,9.652,"w ","            ",
CO21,NS9843SW,"1999-07-13 16:00","1999-07-20 13:49",199907,4.590,14.800," ",.115," ",.015," ",.030," ",.008," ",.100," ",1.350," ",.050," ",.760,0,-9,2977.200,45.466,45.466,"w ","            ",
CO21,NT0047SW,"1999-07-20 13:50","1999-07-27 12:30",199907,4.530,20.800," ",.170," ",.019," ",.016," ",.012," ",.470," ",2.970," ",.070," ",1.050,0,-9,1032.200,15.494,15.494,"w ","            ",
CO21,NT0390SW,"1999-07-27 12:33","1999-08-03 12:15",199907,4.620,13.600," ",.066," ",.011," ",.007,<,.003," ",.110," ",1.370," ",.040," ",.610,0,-9,1808.200,26.670,26.670,"w ","            ",
CO21,NT0544SW,"1999-08-03 12:18","1999-08-10 14:35",199908,4.640,13.000," ",.058," ",.008," ",.006," ",.007," ",.140," ",1.080," ",.040," ",.770,0,-9,5278.500,80.010,80.010,"w ","            ",
CO21,NT0687SW,"1999-08-10 14:35","1999-08-17 13:38",199908,4.710,12.100," ",.158," ",.012," ",.016," ",.016," ",.140," ",1.270," ",.070," ",.700,0,-9,214.800,4.064,4.064,"w ","            ",
CO21,NT1001SW,"1999-08-17 13:38","1999-08-24 13:45",199908,4.630,12.300," ",.144," ",.015," ",.018," ",.019," ",.120," ",1.230," ",.050," ",.710,0,-9,1041.400,15.748,15.748,"w ","            ",
CO21,NT1161SW,"1999-08-24 13:45","1999-08-31 12:45",199908,5.350,9.400," ",.347," ",.026," ",.035," ",.019," ",.460," ",1.580," ",.060," ",1.010,0,-9,1077.600,16.510,16.510,"w ","            ",
CO21,NT1508SW,"1999-08-31 12:45","1999-09-07 20:30",199909,4.720,15.500," ",.500," ",.024," ",.031," ",.026," ",.240," ",1.710," ",.080," ",1.530,0,-9,80.400,1.270,1.270,"w ","            ",
CO21,NT1688SW,"1999-09-07 20:31","1999-09-14 13:27",199909,4.890,12.100," ",.395," ",.046," ",.042," ",.046," ",.250," ",1.770," ",.110," ",1.050,0,-9,147.700,2.286,2.286,"w ","            ",
CO21,NT1867SW,"1999-09-14 13:30","1999-09-21 13:50",199909,4.820,10.900," ",.189," ",.024," ",.015," ",.008," ",.250," ",1.370," ",.040," ",.790,0,-9,460.100,7.112,7.112,"w ","            ",
CO21,NT2131SW,"1999-09-21 13:50","1999-09-28 22:50",199909,4.990,10.700," ",.281," ",.030," ",.024," ",.045," ",.270," ",1.590," ",.060," ",1.010,0,-9,104.500,1.524,1.524,"w ","            ",
CO21,NT2332SW,"1999-09-28 22:50","1999-10-05 13:40",199910,-9.000,-9.000," ",-9.000," ",-9.000," ",-9.000," ",-9.000," ",-9.000," ",-9.000," ",-9.000," ",-9.000,0,-9,.000,.000,.000,"d ","            ",
CO21,NT2537SW,"1999-10-05 13:40","1999-10-12 22:00",199910,5.280,11.700," ",.334," ",.029," ",.033," ",.030," ",.660," ",1.650," ",.060," ",1.610,0,-9,740.300,10.668,10.668,"w ","            ",
CO21,NT2860SW,"1999-10-12 22:01","1999-10-19 16:58",199910,4.770,10.500," ",.114," ",.011," ",.004," ",.011," ",.200," ",1.540," ",.030," ",.530,0,-9,277.000,-9.990,4.080,"w ","            ",
CO21,NT3003SW,"1999-10-19 16:59","1999-10-26 13:54",199910,-9.000,-9.000," ",-9.000," ",-9.000," ",-9.000," ",-9.000," ",-9.000," ",-9.000," ",-9.000," ",-9.000,0,-9,2.100,.000,.000,"d ","            ",
CO21,NT3241SW,"1999-10-26 13:58","1999-11-02 22:30",199910,-9.000,-9.000," ",-9.000," ",-9.000," ",-9.000," ",-9.000," ",-9.000," ",-9.000," ",-9.000," ",-9.000,0,-9,4.600,-7.000,.127,"t ","            ",
CO21,NT3548SW,"1999-11-02 22:31","1999-11-10 13:51",199911,-9.000,-9.000," ",-9.000," ",-9.000," ",-9.000," ",-9.000," ",-9.000," ",-9.000," ",-9.000," ",-9.000,0,-9,1.900,-9.990,.027,"t ","            ",
CO21,NT3741SW,"1999-11-10 13:52","1999-11-16 15:34",199911,-9.000,-9.000," ",-9.000," ",-9.000," ",-9.000," ",-9.000," ",-9.000," ",-9.000," ",-9.000," ",-9.000,0,-9,.000,.000,.000,"d ","            ",
CO21,NT3989SW,"1999-11-16 15:35","1999-11-23 16:28",199911,5.130,4.900," ",.067," ",.007," ",.006," ",.009," ",.090," ",.760,<,.030," ",.180,0,-9,613.400,-9.990,9.035,"w ","            ",
CO21,NT4187SW,"1999-11-23 16:29","1999-11-30 17:27",199911,-9.000,-9.000," ",-9.000," ",-9.000," ",-9.000," ",-9.000," ",-9.000," ",-9.000," ",-9.000," ",-9.000,0,-9,1.200,.000,.000,"d ","            ",
CO21,NT4426SW,"1999-11-30 17:28","1999-12-07 22:06",199912,4.810,10.600," ",.176," ",.018," ",.015," ",.021," ",.100," ",1.836," ",.035," ",.264,0,-9,272.500,-9.990,4.014,"w ","            ",
CO21,NT4633SW,"1999-12-07 22:10","1999-12-14 16:04",199912,4.760,13.700," ",.420," ",.037," ",.029," ",.037," ",.180," ",3.270,<,.020," ",.290,0,-9,30.300,-9.990,.446,wa,"            ",2002-06-10
CO21,NT4928SW,"1999-12-14 16:05","1999-12-21 15:47",199912,-9.000,-9.000," ",-9.000," ",-9.000," ",-9.000," ",-9.000," ",-9.000," ",-9.000," ",-9.000," ",-9.000,0,-9,.000,-9.990,.000,"d ","            ",
CO21,NT5109SW,"1999-12-21 15:50","1999-12-28 15:50",199912,-9.000,-9.000," ",-9.000," ",-9.000," ",-9.000," ",-9.000," ",-9.000," ",-9.000," ",-9.000," ",-9.000,0,-9,14.200,.254,.254,"  ","vc          ",
CO21,NT5321SW,"1999-12-28 15:51","2000-01-04 16:44",200001,5.170,4.600," ",.033,<,.003,<,.003," ",.007," ",.091," ",.585," ",.020," ",.179,0,-9,748.900,10.160,10.160,"w ","            ",
CO21,NT5508SW,"2000-01-04 16:45","2000-01-11 14:45",200001,-9.000,-9.000," ",-9.000," ",-9.000," ",-9.000," ",-9.000," ",-9.000," ",-9.000," ",-9.000," ",-9.000,0,-9,.000,.000,.000,"d ","            ",
CO21,NT5789SW,"2000-01-11 14:50","2000-01-18 15:00",200001,-9.000,-9.000," ",-9.000," ",-9.000," ",-9.000," ",-9.000," ",-9.000," ",-9.000," ",-9.000," ",-9.000,0,-9,2.200,.000,.000,"d ","            ",
CO21,NT5958SW,"2000-01-18 15:00","2000-01-25 14:40",200001,-9.000,-9.000," ",-9.000," ",-9.000," ",-9.000," ",-9.000," ",-9.000," ",-9.000," ",-9.000," ",-9.000,0,-9,.000,.000,.000,"d ","            ",
CO21,NT6264SW,"2000-01-25 14:40","2000-02-02 00:45",200001,5.040,4.900," ",.021,<,.003,<,.003," ",.007," ",.021," ",.631," ",.021," ",.099,0,-9,826.600,12.192,12.192,"w ","            ",
CO21,NT6499SW,"2000-02-02 00:45","2000-02-08 14:35",200002,-9.000,-9.000," ",-9.000," ",-9.000," ",-9.000," ",-9.000," ",-9.000," ",-9.000," ",-9.000," ",-9.000,0,-9,1.300,.000,.000,"d ","            ",
CO21,NT6659SW,"2000-02-08 14:35","2000-02-15 14:10",200002,-9.000,-9.000," ",-9.000," ",-9.000," ",-9.000," ",-9.000," ",-9.000," ",-9.000," ",-9.000," ",-9.000,0,-9,4.300,-7.000,.127,"t ","            ",
CO21,NT6967SW,"2000-02-15 14:10","2000-02-22 14:20",200002,5.340,6.100," ",.094," ",.011," ",.005," ",.015," ",.301," ",1.116," ",.046," ",.480,0,-9,127.900,1.778,1.778,"w ","            ",
CO21,NT7137SW,"2000-02-22 14:20","2000-02-29 14:10",200002,6.500,17.200," ",.919," ",.071," ",.080," ",.212," ",1.106," ",2.861," ",.214," ",1.733,0,-9,498.300,6.858,6.858,"w ","            ",
CO21,NT7443SW,"2000-02-29 14:10","2000-03-07 14:05",200003,5.100,10.100," ",.223," ",.022," ",.021," ",.041," ",.537," ",2.310," ",.064," ",.642,0,-9,259.600,3.810,3.810,"w ","            ",
CO21,NT7663SW,"2000-03-07 14:05","2000-03-14 13:45",200003,5.370,12.400," ",.621," ",.062," ",.051," ",.141," ",.531," ",2.117," ",.165," ",1.674,0,-9,227.600,2.794,2.794,"w ","            ",
CO21,NT7827SW,"2000-03-14 13:46","2000-03-21 15:42",200003,4.870,8.600," ",.129," ",.015," ",.007," ",.026," ",.165," ",1.382," ",.039," ",.387,0,-9,1455.400,20.574,20.574,"w ","            ",
CO21,NT8054SW,"2000-03-21 15:43","2000-03-28 18:30",200003,4.890,7.900," ",.165," ",.009," ",.006," ",.030,<,.020," ",.579," ",.048," ",.717,0,-9,110.800,1.270,1.270,"w ","            ",
CO21,NT8439SW,"2000-03-28 18:31","2000-04-04 12:10",200004,5.070,6.200," ",.048," ",.005,<,.003," ",.006," ",.168," ",.927," ",.019," ",.308,0,-9,976.900,14.224,14.224,"w ","            ",
CO21,NT8549SW,"2000-04-04 12:11","2000-04-11 18:04",200004,6.900,29.600," ",1.990," ",.163," ",.251," ",.413," ",1.611," ",5.234," ",.466," ",2.559,0,-9,103.900,1.524,1.524,"w ","            ",
CO21,NT8795SW,"2000-04-11 18:05","2000-04-18 13:30",200004,5.170,5.900," ",.154," ",.012," ",.004," ",.020," ",.159," ",.796," ",.029," ",.486,0,-9,392.000,5.334,5.334,"w ","            ",
CO21,NT8983SW,"2000-04-18 13:34","2000-04-25 13:20",200004,-9.000,-9.000," ",-9.000," ",-9.000," ",-9.000," ",-9.000," ",-9.000," ",-9.000," ",-9.000," ",-9.000,0,-9,532.300,7.620,7.620,"  ","c           ",
CO21,NT9297SW,"2000-04-25 13:20","2000-05-02 13:20",200004,6.300,14.400," ",.905," ",.074," ",.082," ",.128," ",.876," ",1.868," ",.118," ",2.012,0,-9,535.100,6.858,6.858,"w ","            ",
CO21,NT9461SW,"2000-05-02 13:20","2000-05-09 15:50",200005,5.250,3.700," ",.058," ",.006," ",.005," ",.007," ",.025," ",.327," ",.019," ",.205,0,-9,1770.600,25.146,25.146,"w ","            ",
CO21,NT9679SW,"2000-05-09 15:51","2000-05-16 13:04",200005,-9.000,-9.000," ",-9.000," ",-9.000," ",-9.000," ",-9.000," ",-9.000," ",-9.000," ",-9.000," ",-9.000,0,-9,.000,-9.990,.000,"d ","            ",
CO21,NT9915SW,"2000-05-16 13:05","2000-05-23 17:35",200005,4.830,17.300," ",.797," ",.072," ",.074," ",.097," ",.424," ",3.016," ",.221," ",1.577,0,-9,324.300,4.318,4.318,"w ","            ",
CO21,NU0189SW,"2000-05-23 17:35","2000-05-30 14:05",200005,4.730,14.300," ",.335," ",.050," ",.065," ",.035," ",.218," ",1.962," ",.081," ",.893,0,-9,784.900,10.668,10.668,"w ","            ",
CO21,NU0382SW,"2000-05-30 14:05","2000-06-06 14:40",200006,-9.000,-9.000," ",-9.000," ",-9.000," ",-9.000," ",-9.000," ",-9.000," ",-9.000," ",-9.000," ",-9.000,0,-9,93.300,1.270,1.270,"  ","c           ",
CO21,NU0574SW,"2000-06-06 14:40","2000-06-12 12:40",200006,-9.000,-9.000," ",-9.000," ",-9.000," ",-9.000," ",-9.000," ",-9.000," ",-9.000," ",-9.000," ",-9.000,0,-9,98.600,1.524,1.524,"  ","c           ",
CO21,NU0865SW,"2000-06-12 12:40","2000-06-20 13:40",200006,4.770,12.200," ",.301," ",.039," ",.095," ",.052," ",.048," ",1.520," ",.097," ",.789,0,-9,119.300,2.540,2.540,"w ","            ",
CO21,NU1104SW,"2000-06-20 13:41","2000-06-27 15:56",200006,4.930,7.700," ",.092," ",.013," ",.017," ",.014," ",.087," ",.759," ",.047," ",.419,0,-9,1471.000,20.574,20.574,"w ","            ",
CO21,NU1473SW,"2000-06-27 15:56","2000-07-04 14:30",200007,4.560,21.200," ",.356," ",.050," ",.112," ",.261," ",.423," ",2.362," ",.396," ",1.695,0,-9,618.000,9.398,9.398,"w ","            ",
CO21,NU1602SW,"2000-07-04 14:30","2000-07-11 14:15",200007,-9.000,-9.000," ",-9.000," ",-9.000," ",-9.000," ",-9.000," ",-9.000," ",-9.000," ",-9.000," ",-9.000,0,-9,59.700,2.032,2.032,"  ","c           ",
CO21,NU1892SW,"2000-07-11 14:15","2000-07-18 14:10",200007,4.620,13.900," ",.152," ",.017," ",.016," ",.011," ",.251," ",1.488," ",.045," ",.922,0,-9,3260.100,47.498,47.498,"w ","            ",
CO21,NU2004SW,"2000-07-18 14:11","2000-07-25 12:08",200007,-9.000,-9.000," ",-9.000," ",-9.000," ",-9.000," ",-9.000," ",-9.000," ",-9.000," ",-9.000," ",-9.000,0,-9,.000,-9.990,.000,"d ","            ",
CO21,NU2339SW,"2000-07-25 12:09","2000-08-01 13:07",200007,-9.000,-9.000," ",-9.000," ",-9.000," ",-9.000," ",-9.000," ",-9.000," ",-9.000," ",-9.000," ",-9.000,0,-9,64.500,-7.000,.127,"  ","c           ",
CO21,NU2553SW,"2000-08-01 13:08","2000-08-08 15:38",200008,-9.000,-9.000," ",-9.000," ",-9.000," ",-9.000," ",-9.000," ",-9.000," ",-9.000," ",-9.000," ",-9.000,0,-9,423.300,4.572,4.572,"  ","c           ",
CO21,NU2748SW,"2000-08-08 15:39","2000-08-15 15:02",200008,4.890,12.600," ",.200," ",.028," ",.073," ",.015," ",.466," ",1.915," ",.068," ",.859,0,-9,822.500,12.192,12.192,"w ","            ",
CO21,NU2947SW,"2000-08-15 15:03","2000-08-22 14:53",200008,4.730,13.000," ",.109," ",.017," ",.030," ",.027," ",.305," ",1.556," ",.066," ",.913,0,-9,3048.000,38.608,38.608,"w ","            ",
CO21,NU3291SW,"2000-08-22 14:54","2000-08-29 13:50",200008,4.480,19.400," ",.219," ",.023," ",.021," ",.022," ",.310," ",2.327," ",.058," ",1.233,0,-9,1770.900,23.368,23.368,"w ","            ",
CO21,NU3422SW,"2000-08-29 13:55","2000-09-05 14:14",200009,4.720,16.700," ",.445," ",.030," ",.057," ",.029," ",.449," ",2.444," ",.147," ",1.373,0,-9,239.100,2.286,2.286,"w ","            ",
CO21,NU3669SW,"2000-09-05 14:15","2000-09-12 17:55",200009,-9.000,-9.000," ",-9.000," ",-9.000," ",-9.000," ",-9.000,<,-9.000," ",-9.000," ",-9.000," ",-9.000,0,-9,18.900,-9.990,.278,"  ","c           ",2002-06-10
CO21,NU3879SW,"2000-09-12 17:56","2000-09-19 13:35",200009,-9.000,-9.000," ",-9.000," ",-9.000," ",-9.000," ",-9.000," ",-9.000," ",-9.000," ",-9.000," ",-9.000,0,-9,.000,-7.000,.127,"t ","            ",
CO21,NU4126SW,"2000-09-19 13:35","2000-09-26 15:22",200009,5.490,6.900," ",.333," ",.032," ",.109," ",.033," ",.164," ",.782," ",.101," ",.762,0,-9,-9.000,15.240,15.240,"w ","            ",
CO21,NU4477SW,"2000-09-26 15:34","2000-10-03 13:30",200009,4.380,24.200," ",.271," ",.038," ",.009," ",.022," ",.147," ",2.029," ",.110," ",1.882,0,-9,89.500,1.270,1.270,"w ","            ",
CO21,NU4608SW,"2000-10-03 13:30","2000-10-10 14:25",200010,-9.000,-9.000," ",-9.000," ",-9.000," ",-9.000," ",-9.000," ",-9.000," ",-9.000," ",-9.000," ",-9.000,0,-9,.000,.000,.000,"d ","            ",
CO21,NU4828SW,"2000-10-10 14:26","2000-10-17 15:20",200010,-9.000,-9.000," ",-9.000," ",-9.000," ",-9.000," ",-9.000," ",-9.000," ",-9.000," ",-9.000," ",-9.000,0,-9,.000,.000,.000,"d ","            ",
CO21,NU5099SW,"2000-10-17 15:21","2000-10-24 15:07",200010,5.390,5.200," ",.190," ",.009," ",.011," ",.010," ",.147," ",.722," ",.016," ",.474,0,-9,386.500,5.842,5.842,"w ","            ",
CO21,NU5399SW,"2000-10-24 15:12","2000-10-31 14:35",200010,6.050,10.900," ",.047," ",.004," ",.009," ",.009," ",1.187," ",1.798," ",.023," ",1.459,0,-9,354.000,5.334,5.334,"w ","            ",
CO21,NU5632SW,"2000-10-31 14:35","2000-11-07 17:15",200011,5.120,5.000," ",.079," ",.009," ",.009," ",.011," ",.081," ",.454," ",.023," ",.438,0,-9,171.600,2.540,2.540,"w ","            ",
CO21,NU5864SW,"2000-11-07 17:15","2000-11-14 16:30",200011,5.160,3.800," ",.019,<,.003,<,.003," ",.006," ",.035," ",.448,<,.005," ",.145,0,-9,421.900,6.350,6.350,"w ","            ",
CO21,NU6081SW,"2000-11-14 16:31","2000-11-21 14:25",200011,-9.000,-9.000," ",-9.000," ",-9.000," ",-9.000," ",-9.000," ",-9.000," ",-9.000," ",-9.000," ",-9.000,0,-9,1.800,.000,.000,"d ","            ",
CO21,NU6229SW,"2000-11-21 14:30","2000-11-28 15:15",200011,-9.000,-9.000," ",-9.000," ",-9.000," ",-9.000," ",-9.000," ",-9.000," ",-9.000," ",-9.000," ",-9.000,0,-9,.000,.000,.000,"d ","            ",
CO21,NU6504SW,"2000-11-28 15:15","2000-12-05 15:30",200012,-9.000,-9.000," ",-9.000," ",-9.000," ",-9.000," ",-9.000," ",-9.000," ",-9.000," ",-9.000," ",-9.000,0,-9,.000,.000,.000,"d ","            ",
CO21,NU6858SW,"2000-12-05 15:42","2000-12-12 15:38",200012,-9.000,-9.000," ",-9.000," ",-9.000," ",-9.000," ",-9.000," ",-9.000," ",-9.000," ",-9.000," ",-9.000,0,-9,.100,3.810,3.810,"  ","v           ",
CO21,NU6954SW,"2000-12-12 15:38","2000-12-19 15:57",200012,-9.000,-9.000," ",-9.000," ",-9.000," ",-9.000," ",-9.000," ",-9.000," ",-9.000," ",-9.000," ",-9.000,0,-9,6.500,-7.000,.127,"t ","            ",
CO21,NU7338SW,"2000-12-19 15:59","2000-12-27 16:45",200012,4.680,13.600," ",.170," ",.017,<,.013," ",.115,<,.090," ",2.370," ",.100," ",.290,0,-9,25.300,.254,.254,wa,"            ",2002-06-15
CO21,NU7463SW,"2000-12-27 16:46","2001-01-02 15:15",200012,-9.000,-9.000," ",-9.000," ",-9.000," ",-9.000," ",-9.000," ",-9.000," ",-9.000," ",-9.000," ",-9.000,0,-9,.000,.000,.000,"d ","            ",2002-06-15
CO21,NU7755SW,"2001-01-02 15:16","2001-01-10 15:30",200101,-9.000,-9.000," ",-9.000," ",-9.000," ",-9.000," ",-9.000," ",-9.000," ",-9.000," ",-9.000," ",-9.000,0,-9,11.200,-7.000,.127,"t ","            ",2002-06-15
CO21,NU8029SW,"2001-01-10 15:31","2001-01-16 23:40",200101,-9.000,-9.000," ",-9.000," ",-9.000," ",-9.000," ",-9.000," ",-9.000," ",-9.000," ",-9.000," ",-9.000,0,-9,.000,.000,.000,"d ","            ",2002-06-15
CO21,NU8152SW,"2001-01-16 23:45","2001-01-23 17:25",200101,-9.000,-9.000," ",-9.000," ",-9.000," ",-9.000," ",-9.000," ",-9.000," ",-9.000," ",-9.000," ",-9.000,0,-9,.000,.000,.000,"d ","            ",2002-06-15
CO21,NU8415SW,"2001-01-23 17:26","2001-01-30 17:18",200101,4.830,8.600," ",.040," ",.006,<,.003," ",.012," ",.060," ",1.200," ",.040," ",.170,0,-9,140.000,2.032,2.032,"w ","            ",2002-06-15
CO21,NU8645SW,"2001-01-30 17:19","2001-02-06 13:58",200102,-9.000,-9.000," ",-9.000," ",-9.000," ",-9.000," ",-9.000," ",-9.000," ",-9.000," ",-9.000," ",-9.000,0,-9,12.600,-7.000,.127,"t ","            ",2002-06-15
CO21,NU8913SW,"2001-02-06 13:58","2001-02-13 13:59",200102,5.030,5.200," ",.070," ",.006," ",.004," ",.018," ",.020," ",.680," ",.020," ",.150,0,-9,451.200,6.604,6.604,"w ","            ",2002-06-15
CO21,NU9197SW,"2001-02-13 14:02","2001-02-20 17:29",200102,5.490,4.800," ",.070," ",.007," ",.004," ",.020," ",.200," ",.740," ",.030," ",.220,0,-9,202.300,2.794,2.794,"w ","            ",2002-06-15
CO21,NU9374SW,"2001-02-20 17:30","2001-02-27 16:23",200102,5.000,8.100," ",.040," ",.004,<,.003," ",.009," ",.290," ",.990," ",.020," ",.640,0,-9,328.600,3.810,3.810,"w ","            ",2002-06-15
CO21,NU9990SW,"2001-02-27 16:24","2001-03-06 14:30",200103,5.140,4.500," ",.060," ",.011,<,.003," ",.022," ",.040," ",.550," ",.040," ",.140,0,-9,354.400,5.080,5.080,"w ","            ",2002-06-15
CO21,NU9866SW,"2001-03-06 14:31","2001-03-13 15:23",200103,5.190,11.800," ",.150," ",.020," ",.014," ",.034," ",.630," ",2.070," ",.080," ",.920,0,-9,762.800,11.430,11.430,"w ","            ",2002-06-15
CO21,NV0093SW,"2001-03-13 15:24","2001-03-20 14:30",200103,4.960,14.400," ",.300," ",.037," ",.024," ",.113," ",.670," ",2.740," ",.260," ",1.150,0,-9,54.700,.762,.762,"w ","            ",2002-06-15
CO21,NV0436SW,"2001-03-20 14:31","2001-03-27 14:55",200103,4.850,10.200," ",.050," ",.009,<,.003," ",.014," ",.360," ",1.920," ",.030," ",.360,0,-9,541.400,7.874,7.874,"w ","            ",2002-06-15
CO21,NV0541SW,"2001-03-27 15:00","2001-04-03 18:05",200103,5.230,5.300," ",.040," ",.005,<,.003," ",.009," ",.230," ",.960," ",.020," ",.160,0,-9,219.200,2.540,2.540,"w ","            ",2002-06-15
CO21,NV0816SW,"2001-04-03 18:05","2001-04-10 16:25",200104,5.610,3.300," ",.140," ",.026," ",.032," ",.026," ",.060," ",.330," ",.060," ",.190,0,-9,177.700,1.778,1.778,"w ","            ",2002-06-15
CO21,NV1073SW,"2001-04-10 16:25","2001-04-17 17:11",200104,6.130,4.200," ",.380," ",.022," ",.028," ",.029,<,.020," ",.670," ",.040," ",.290,0,-9,949.400,18.034,18.034,"w ","            ",2002-06-15
CO21,NV1284SW,"2001-04-17 17:12","2001-04-24 14:35",200104,-9.000,-9.000," ",-9.000," ",-9.000," ",-9.000," ",-9.000," ",-9.000," ",-9.000," ",-9.000," ",-9.000,0,-9,75.600,1.270,1.270,"  ","c           ",2002-06-15
CO21,NV1520SW,"2001-04-24 14:35","2001-05-01 15:30",200104,-9.000,-9.000," ",-9.000," ",-9.000," ",-9.000," ",-9.000," ",-9.000," ",-9.000," ",-9.000," ",-9.000,0,-9,9.000,-7.000,.127,"t ","            ",2002-06-15
CO21,NV1763SW,"2001-05-01 15:43","2001-05-08 15:40",200105,5.300,3.700," ",.100," ",.012," ",.011," ",.012,<,.020," ",.440," ",.030," ",.170,0,-9,-9.000,34.544,34.544,"w ","            ",2002-06-15
CO21,NV2016SW,"2001-05-08 15:43","2001-05-15 20:10",200105,-9.000,-9.000," ",-9.000," ",-9.000," ",-9.000," ",-9.000," ",-9.000," ",-9.000," ",-9.000," ",-9.000,0,-9,375.500,4.826,4.826,"  ","c           ",2002-06-15
CO21,NV2266SW,"2001-05-15 20:10","2001-05-22 16:55",200105,5.090,7.800," ",.200," ",.024," ",.025," ",.021," ",.200," ",1.110," ",.050," ",.580,0,-9,731.000,10.160,10.160,"w ","            ",2002-06-15
CO21,NV2573SW,"2001-05-22 16:55","2001-05-29 22:50",200105,4.960,16.000," ",.600," ",.068," ",.061," ",.131," ",.560," ",2.700," ",.260," ",1.630,0,-9,175.400,2.540,2.540,"w ","            ",2002-06-15
CO21,NV2766SW,"2001-05-29 22:51","2001-06-05 14:30",200106,-9.000,-9.000," ",-9.000," ",-9.000," ",-9.000," ",-9.000," ",-9.000," ",-9.000," ",-9.000," ",-9.000,0,-9,11.300,-7.000,.127,"t ","            ",2002-06-15
CO21,NV2954SW,"2001-06-05 15:00","2001-06-12 13:50",200106,-9.000,-9.000," ",-9.000," ",-9.000," ",-9.000," ",-9.000," ",-9.000," ",-9.000," ",-9.000," ",-9.000,0,-9,193.000,3.556,3.556,"  ","c           ",2002-06-15
CO21,NV3205SW,"2001-06-12 13:50","2001-06-19 15:45",200106,6.190,8.300," ",.730," ",.067," ",.090," ",.095," ",.170," ",1.200," ",.100," ",.990,0,-9,902.500,12.446,12.446,"w ","            ",2002-06-15
CO21,NV3531SW,"2001-06-19 15:45","2001-06-26 15:15",200106,4.670,18.700," ",.580," ",.073," ",.104," ",.052," ",.390," ",2.720," ",.120," ",1.590,0,-9,653.900,11.938,11.938,"w ","            ",2002-06-15
CO21,NV3685SW,"2001-06-26 15:15","2001-07-03 15:10",200106,-9.000,-9.000," ",-9.000," ",-9.000," ",-9.000," ",-9.000," ",-9.000," ",-9.000," ",-9.000," ",-9.000,0,-9,45.900,1.016,1.016,"  ","c           ",2002-06-15
CO21,NV3932SW,"2001-07-03 15:10","2001-07-10 16:20",200107,5.220,11.800," ",.480," ",.051," ",.052," ",.029," ",.550," ",2.110," ",.080," ",1.230,0,-9,1085.200,16.764,16.764,"w ","            ",2002-06-15
CO21,NV4223SW,"2001-07-10 16:20","2001-07-17 16:15",200107,4.750,13.200," ",.180," ",.026," ",.033," ",.010," ",.240," ",1.660," ",.050," ",.790,0,-9,2467.800,35.560,35.560,"w ","            ",2002-06-15
CO21,NV4497SW,"2001-07-17 16:15","2001-07-24 16:00",200107,4.360,27.400," ",.310," ",.038," ",.022," ",.057," ",.450," ",3.300," ",.120," ",1.860,0,-9,631.000,9.144,9.144,"w ","            ",2002-06-15
CO21,NV4684SW,"2001-07-24 16:00","2001-07-31 15:30",200107,4.700,16.400," ",.290," ",.045," ",.022," ",.027," ",.460," ",2.630," ",.100," ",1.020,0,-9,432.700,6.096,6.096,"w ","            ",2002-06-15
CO21,NV4916SW,"2001-07-31 15:31","2001-08-07 16:05",200108,4.530,18.500," ",.170," ",.022," ",.023," ",.026," ",.410," ",2.180," ",.070," ",1.300,0,-9,2983.400,43.942,43.942,"w ","            ",2002-06-15
CO21,NV5105SW,"2001-08-07 16:06","2001-08-14 13:42",200108,4.290,33.700," ",.320," ",.029," ",.023," ",.023," ",.700," ",4.620," ",.090," ",1.970,0,-9,731.500,9.906,9.906,"w ","            ",2002-06-15
CO21,NV5363SW,"2001-08-14 13:47","2001-08-21 16:13",200108,4.680,16.600," ",.250," ",.028," ",.084," ",.020," ",.500," ",2.190," ",.080," ",1.270,0,-9,817.400,10.160,10.160,"w ","            ",2002-06-15
CO21,NV5615SW,"2001-08-21 16:15","2001-08-28 17:30",200108,-9.000,-9.000," ",-9.000," ",-9.000," ",-9.000," ",-9.000," ",-9.000," ",-9.000," ",-9.000," ",-9.000,0,-9,12.800,-9.990,.188,"t ","            ",2002-06-15
CO21,NV5966SW,"2001-08-28 17:30","2001-09-05 15:15",200109,4.680,21.900," ",.600," ",.079," ",.071," ",.079," ",.720," ",3.330," ",.150," ",2.150,0,-9,623.000,9.398,9.398,"w ","            ",2002-06-15
CO21,NV6042SW,"2001-09-05 15:15","2001-09-11 19:45",200109,5.870,6.300," ",.380," ",.042," ",.025," ",.058," ",.180," ",1.030," ",.070," ",.640,0,-9,995.900,14.478,14.478,"w ","            ",2002-06-15
CO21,NV6349SW,"2001-09-11 19:45","2001-09-18 15:40",200109,5.180,15.400," ",.580," ",.050," ",.040," ",.059," ",.780," ",3.020," ",.140," ",1.760,0,-9,198.600,4.572,4.572,"w ","            ",2002-06-15
CO21,NV6614SW,"2001-09-18 15:40","2001-09-25 15:30",200109,-9.000,-9.000," ",-9.000," ",-9.000," ",-9.000," ",-9.000," ",-9.000," ",-9.000," ",-9.000," ",-9.000,0,-9,.000,.000,.000,"d ","            ",2002-06-15
CO21,NV6894SW,"2001-09-25 15:30","2001-10-02 15:15",200109,-9.000,-9.000," ",-9.000," ",-9.000," ",-9.000," ",-9.000," ",-9.000," ",-9.000," ",-9.000," ",-9.000,0,-9,22.400,.254,.254,"  ","c           ",2002-06-15
CO21,NV7178SW,"2001-10-02 15:16","2001-10-11 14:20",200110,-9.000,-9.000," ",-9.000," ",-9.000," ",-9.000," ",-9.000," ",-9.000," ",-9.000," ",-9.000," ",-9.000,0,-9,.000,-7.000,.127,"t ","            ",2002-06-15
CO21,NV7284SW,"2001-10-11 14:25","2001-10-16 14:30",200110,-9.000,-9.000," ",-9.000," ",-9.000," ",-9.000," ",-9.000," ",-9.000," ",-9.000," ",-9.000," ",-9.000,0,-9,.900,-9.990,.013,"t ","            ",2002-06-15
CO21,NV7585SW,"2001-10-16 14:30","2001-10-23 16:00",200110,-9.000,-9.000," ",-9.000," ",-9.000," ",-9.000," ",-9.000," ",-9.000," ",-9.000," ",-9.000," ",-9.000,0,-9,.000,.000,.000,"d ","            ",2002-06-15
CO21,NV7813SW,"2001-10-23 16:01","2001-10-30 18:40",200110,-9.000,-9.000," ",-9.000," ",-9.000," ",-9.000," ",-9.000," ",-9.000," ",-9.000," ",-9.000," ",-9.000,0,-9,.000,-7.000,.127,"t ","            ",2002-06-15
CO21,NV8089SW,"2001-10-30 18:45","2001-11-06 17:00",200111,-9.000,-9.000," ",-9.000," ",-9.000," ",-9.000," ",-9.000," ",-9.000," ",-9.000," ",-9.000," ",-9.000,0,-9,.000,.000,.000,"d ","            ",2002-06-15
CO21,NV8306SW,"2001-11-06 17:00","2001-11-13 16:45",200111,6.130,11.600," ",.730," ",.065," ",.113," ",.093," ",.490," ",2.090," ",.150," ",1.440,0,-9,49.700,1.270,1.270,"w ","            ",2002-06-15
CO21,NV8594SW,"2001-11-13 16:45","2001-11-20 17:20",200111,5.350,8.200," ",.150," ",.027," ",.014," ",.010," ",.300," ",1.400," ",.070," ",.500,0,-9,52.900,1.016,1.016,"w ","            ",2002-06-15
CO21,NV8794SW,"2001-11-20 17:20","2001-11-27 17:40",200111,5.110,6.100," ",.080," ",.011," ",.018," ",.004," ",.140," ",.660," ",.020," ",.490,0,-9,753.900,11.430,11.430,"w ","            ",2002-06-15
CO21,NV9083SW,"2001-11-27 17:40","2001-12-04 19:00",200112,-9.000,-9.000," ",-9.000," ",-9.000," ",-9.000," ",-9.000," ",-9.000," ",-9.000," ",-9.000," ",-9.000,0,-9,.000,.000,.000,"d ","            ",2002-06-15
CO21,NV9309SW,"2001-12-04 19:00","2001-12-11 18:25",200112,-9.000,-9.000," ",-9.000," ",-9.000," ",-9.000," ",-9.000," ",-9.000," ",-9.000," ",-9.000," ",-9.000,0,-9,4.600,-7.000,.127,"t ","            ",2002-06-15
CO21,NV9505SW,"2001-12-11 18:25","2001-12-18 23:00",200112,-9.000,-9.000," ",-9.000," ",-9.000," ",-9.000," ",-9.000," ",-9.000," ",-9.000," ",-9.000," ",-9.000,0,-9,7.800,-7.000,.127,"t ","            ",2002-06-15
CO21,NV9809SW,"2001-12-18 23:01","2001-12-24 14:25",200112,-9.000,-9.000," ",-9.000," ",-9.000," ",-9.000," ",-9.000," ",-9.000," ",-9.000," ",-9.000," ",-9.000,0,-9,201.100,2.794,2.794,"  ","v           ",2002-06-15
CO21,NW0044SW,"2001-12-24 14:30","2002-01-02 18:25",200112,-9.000,-9.000," ",-9.000," ",-9.000," ",-9.000," ",-9.000," ",-9.000," ",-9.000," ",-9.000," ",-9.000,0,-9,21.500,1.270,1.270,"  ","ve          ",2002-06-15
CO21,NW0214SW,"2002-01-02 18:26","2002-01-08 13:55",200201,-9.000,-9.000," ",-9.000," ",-9.000," ",-9.000," ",-9.000," ",-9.000," ",-9.000," ",-9.000," ",-9.000,0,-9,.000,.000,.000,"d ","            ",2002-06-15
CO21,NW0548SW,"2002-01-08 13:56","2002-01-15 14:00",200201,5.150,10.100," ",.130," ",.015," ",.007," ",.044," ",.490," ",2.310," ",.100," ",.450,0,-9,138.500,2.032,2.032,"w ","            ",2002-06-15
CO21,NW0857SW,"2002-01-15 14:00","2002-01-23 17:40",200201,-9.000,-9.000," ",-9.000," ",-9.000," ",-9.000," ",-9.000," ",-9.000," ",-9.000," ",-9.000," ",-9.000,0,-9,21.700,-7.000,.127,"t ","            ",2002-06-15
CO21,NW0988SW,"2002-01-23 17:41","2002-01-29 15:15",200201,-9.000,-9.000," ",-9.000," ",-9.000," ",-9.000," ",-9.000," ",-9.000," ",-9.000," ",-9.000," ",-9.000,0,-9,.000,-7.000,.127,"t ","            ",2002-06-15
CO21,NW1201SW,"2002-01-29 15:16","2002-02-05 16:05",200202,-9.000,-9.000," ",-9.000," ",-9.000," ",-9.000," ",-9.000," ",-9.000," ",-9.000," ",-9.000," ",-9.000,0,-9,10.600,.254,.254,"  ","v           ",2002-06-15
CO21,NW1469SW,"2002-02-05 16:06","2002-02-12 22:15",200202,6.600,9.700," ",1.190," ",.113," ",.169," ",.325," ",.360," ",1.050," ",.480," ",.880,0,-9,36.900,1.016,1.016,wa,"            ",
CO21,NW1910SW,"2002-02-12 22:16","2002-02-19 15:40",200202,5.520,4.400," ",.100," ",.011,<,.003," ",.023," ",.210," ",.920," ",.030," ",.130,0,-9,227.700,3.302,3.302,"w ","            ",
CO21,NW2059SW,"2002-02-19 15:41","2002-02-27 00:25",200202,5.080,13.300," ",.570," ",.068," ",.032," ",.221," ",.210," ",2.880," ",.180," ",.830,0,-9,35.900,.254,.254,wa,"            ",
CO21,NW2228SW,"2002-02-27 00:26","2002-03-05 15:45",200203,5.730,7.000," ",.470," ",.047," ",.023," ",.082," ",.130," ",1.870," ",.090," ",.330,0,-9,38.500,1.524,1.524,"w ","            ",
CO21,NW2501SW,"2002-03-05 15:46","2002-03-12 14:18",200203,-9.000,-9.000," ",-9.000," ",-9.000," ",-9.000," ",-9.000," ",-9.000," ",-9.000," ",-9.000," ",-9.000,0,-9,.000,-7.000,.127,"t ","            ",
CO21,NW2752SW,"2002-03-12 14:19","2002-03-19 15:00",200203,5.940,6.600," ",.430," ",.030," ",.027," ",.056," ",.290," ",1.450," ",.060," ",.420,0,-9,586.000,8.636,8.636,"w ","            ",
CO21,NW3004SW,"2002-03-19 15:01","2002-03-26 15:12",200203,5.670,7.700," ",.430," ",.040," ",.019," ",.032," ",.300," ",1.840," ",.060," ",.620,0,-9,293.400,4.318,4.318,"w ","            ",
CO21,NW3254SW,"2002-03-26 15:13","2002-04-02 20:25",200203,-9.000,-9.000," ",-9.000," ",-9.000," ",-9.000," ",-9.000," ",-9.000," ",-9.000," ",-9.000," ",-9.000,0,-9,.000,.000,.000,"d ","            ",
CO21,NW3457SW,"2002-04-02 20:26","2002-04-09 15:30",200204,-9.000,-9.000," ",-9.000," ",-9.000," ",-9.000," ",-9.000," ",-9.000," ",-9.000," ",-9.000," ",-9.000,0,-9,.000,.000,.000,"d ","            ",
CO21,NW3797SW,"2002-04-09 15:31","2002-04-17 00:10",200204,6.400,17.300," ",.860," ",.097," ",.050," ",.178," ",.770," ",3.060," ",.260," ",1.190,0,-9,104.700,1.778,1.778,"w ","            ",
CO21,NW4032SW,"2002-04-17 00:11","2002-04-23 13:40",200204,-9.000,-9.000," ",-9.000," ",-9.000," ",-9.000," ",-9.000," ",-9.000," ",-9.000," ",-9.000," ",-9.000,0,-9,.000,.000,.000,"d ","            ",
CO21,NW4210SW,"2002-04-23 13:41","2002-04-30 16:00",200204,-9.000,-9.000," ",-9.000," ",-9.000," ",-9.000," ",-9.000," ",-9.000," ",-9.000," ",-9.000," ",-9.000,0,-9,.000,.000,.000,"d ","            ",
CO21,NW4504SW,"2002-04-30 16:01","2002-05-07 15:10",200205,-9.000,-9.000," ",-9.000," ",-9.000," ",-9.000," ",-9.000," ",-9.000," ",-9.000," ",-9.000," ",-9.000,0,-9,.000,.000,.000,"d ","            ",
CO21,NW4806SW,"2002-05-07 15:11","2002-05-14 14:10",200205,-9.000,-9.000," ",-9.000," ",-9.000," ",-9.000," ",-9.000," ",-9.000," ",-9.000," ",-9.000," ",-9.000,0,-9,139.200,2.032,2.032,"  ","c           ",
CO21,NW5072SW,"2002-05-14 14:11","2002-05-21 22:25",200205,-9.000,-9.000," ",-9.000," ",-9.000," ",-9.000," ",-9.000," ",-9.000," ",-9.000," ",-9.000," ",-9.000,0,-9,988.500,11.938,11.938,"  ","c           ",
CO21,NW5344SW,"2002-05-21 22:26","2002-05-28 20:43",200205,6.030,7.300," ",.390," ",.032," ",.020," ",.047," ",.400," ",1.510," ",.090," ",.560,0,-9,387.900,4.572,4.572,"w ","            ",
CO21,NW5498SW,"2002-05-28 20:44","2002-06-04 18:07",200206,4.460,19.500," ",.190," ",.018,<,.003," ",.015," ",.080," ",1.370," ",.040," ",1.620,0,-9,171.000,1.524,1.524,"w ","            ",
CO21,NW5827SW,"2002-06-04 18:08","2002-06-12 18:39",200206,-9.000,-9.000," ",-9.000," ",-9.000," ",-9.000," ",-9.000," ",-9.000," ",-9.000," ",-9.000," ",-9.000,0,-9,153.100,-9.990,2.255,"  ","c           ",
CO21,NW6367SW,"2002-06-12 18:40","2002-06-25 20:00",200206,-9.000,-9.000," ",-9.000," ",-9.000," ",-9.000," ",-9.000," ",-9.000," ",-9.000," ",-9.000," ",-9.000,0,-9,51.600,11.938,11.938,"  ","ve          ",
CO21,NW6540SW,"2002-06-25 20:05","2002-07-02 16:12",200206,-9.000,-9.000," ",-9.000," ",-9.000," ",-9.000," ",-9.000," ",-9.000," ",-9.000," ",-9.000," ",-9.000,0,-9,257.300,3.810,3.810,"  ","c           ",
CO21,NW6774SW,"2002-07-02 16:13","2002-07-09 17:27",200207,4.920,11.000," ",.130," ",.016," ",.028," ",.010," ",.410," ",1.910," ",.050," ",.640,0,-9,488.700,-9.990,7.198,"w ","            ",
CO21,NW7043SW,"2002-07-09 17:28","2002-07-16 20:05",200207,5.340,35.500," ",1.950," ",.178," ",.080," ",.091," ",1.980," ",7.570," ",.270," ",4.250,0,-9,29.000,.508,.508,wa,"            ",
CO21,NW7265SW,"2002-07-16 20:07","2002-07-23 18:08",200207,5.410,10.600," ",.260," ",.035," ",.056," ",.027," ",.650," ",2.020," ",.060," ",.860,0,-9,457.300,6.858,6.858,"w ","            ",
CO21,NW7581SW,"2002-07-23 18:09","2002-07-30 21:30",200207,-9.000,-9.000," ",-9.000," ",-9.000," ",-9.000," ",-9.000," ",-9.000," ",-9.000," ",-9.000," ",-9.000,0,-9,.000,-7.000,.127,"t ","            ",
CO21,NW7898SW,"2002-07-30 21:31","2002-08-06 18:48",200208,4.880,13.600," ",.280," ",.040," ",.036," ",.017," ",.470," ",2.050," ",.050," ",1.040,0,-9,575.100,7.112,7.112,"w ","            ",
CO21,NW8059SW,"2002-08-06 18:52","2002-08-13 19:36",200208,-9.000,-9.000," ",-9.000," ",-9.000," ",-9.000," ",-9.000," ",-9.000," ",-9.000," ",-9.000," ",-9.000,0,-9,.000,-7.000,.127,"t ","            ",
CO21,NW8369SW,"2002-08-13 19:37","2002-08-20 21:00",200208,-9.000,-9.000," ",-9.000," ",-9.000," ",-9.000," ",-9.000," ",-9.000," ",-9.000," ",-9.000," ",-9.000,0,-9,.000,-7.000,.127,"t ","            ",
CO21,NW8564SW,"2002-08-20 21:01","2002-08-27 14:42",200208,5.420,25.600," ",1.040," ",.115," ",.073," ",.240," ",1.330," ",4.600," ",.360," ",3.150,0,-9,70.800,1.524,1.524,"w ","            ",
CO21,NW8869SW,"2002-08-27 14:44","2002-09-03 18:44",200208,5.690,14.300," ",1.110," ",.190," ",.064," ",.094," ",.440," ",2.860," ",.190," ",1.860,0,-9,-9.000,.762,.762,"w ","            ",
CO21,NW9162SW,"2002-09-03 18:46","2002-09-10 16:35",200209,4.970,8.800," ",.070," ",.005,<,.003,<,.003," ",.260," ",1.220," ",.010," ",.440,0,-9,1712.900,25.400,25.400,"w ","            ",
CO21,NW9350SW,"2002-09-10 16:37","2002-09-17 19:05",200209,5.250,5.800," ",.090," ",.014," ",.036," ",.006," ",.210," ",.790," ",.030," ",.350,0,-9,460.900,5.080,5.080,"w ","            ",
CO21,NW9660SW,"2002-09-17 19:07","2002-09-24 20:46",200209,5.320,11.700," ",.310," ",.029," ",.016," ",.024," ",.690," ",2.490," ",.070," ",.980,0,-9,114.700,1.270,1.270,"w ","            ",
CO21,NW9893SW,"2002-09-24 20:48","2002-10-01 20:17",200209,5.900,10.200," ",.800," ",.063," ",.051," ",.035," ",.390," ",1.930," ",.090," ",1.050,0,-9,52.800,.762,.762,"w ","            ",
CO21,NX0182SW,"2002-10-01 20:17","2002-10-08 22:11",200210,6.140,9.400," ",.380," ",.035," ",.046," ",.053," ",.620," ",1.830," ",.060," ",.960,0,-9,603.700,8.890,8.890,"w ","            ",
CO21,NX0456SW,"2002-10-08 22:12","2002-10-16 15:55",200210,-9.000,-9.000," ",-9.000," ",-9.000," ",-9.000," ",-9.000," ",-9.000," ",-9.000," ",-9.000," ",-9.000,0,-9,.000,.000,.000,"d ","            ",
CO21,NX0608SW,"2002-10-16 15:55","2002-10-22 17:00",200210,-9.000,-9.000," ",-9.000," ",-9.000," ",-9.000," ",-9.000," ",-9.000," ",-9.000," ",-9.000," ",-9.000,0,-9,.000,.000,.000,"d ","            ",
CO21,NX0894SW,"2002-10-22 17:01","2002-10-29 14:47",200210,4.900,9.600," ",.030," ",.004," ",.012," ",.014," ",.280," ",.880," ",.030," ",.790,0,-9,785.000,10.414,10.414,"w ","            ",
CO21,NX1116SW,"2002-10-29 14:48","2002-11-05 15:05",200211,4.680,19.400," ",.140," ",.018," ",.025," ",.050," ",.430," ",2.220," ",.080," ",1.190,0,-9,78.400,1.016,1.016,"w ","            ",
CO21,NX1384SW,"2002-11-05 15:05","2002-11-12 15:25",200211,5.850,3.000," ",.040," ",.009,<,.003," ",.009," ",.160," ",.440," ",.030," ",.070,0,-9,82.200,1.016,1.016,"w ","            ",
CO21,NX1647SW,"2002-11-12 15:30","2002-11-19 16:13",200211,4.690,17.300," ",.260," ",.017," ",.017," ",.056," ",.550," ",4.160," ",.140," ",.690,0,-9,31.300,.254,.254,wa,"            ",
CO21,NX1981SW,"2002-11-19 16:15","2002-11-26 15:17",200211,-9.000,-9.000," ",-9.000," ",-9.000," ",-9.000," ",-9.000," ",-9.000," ",-9.000," ",-9.000," ",-9.000,0,-9,.000,.000,.000,"d ","            ",
CO21,NX2149SW,"2002-11-26 15:18","2002-12-03 15:15",200211,-9.000,-9.000," ",-9.000," ",-9.000," ",-9.000," ",-9.000," ",-9.000," ",-9.000," ",-9.000," ",-9.000,0,-9,.000,.000,.000,"d ","            ",
CO21,NX2435SW,"2002-12-03 15:16","2002-12-10 15:50",200212,-9.000,-9.000," ",-9.000," ",-9.000," ",-9.000," ",-9.000," ",-9.000," ",-9.000," ",-9.000," ",-9.000,0,-9,.000,.000,.000,"d ","            ",
CO21,NX2589SW,"2002-12-10 15:50","2002-12-16 16:15",200212,-9.000,-9.000," ",-9.000," ",-9.000," ",-9.000," ",-9.000," ",-9.000," ",-9.000," ",-9.000," ",-9.000,0,-9,.000,.000,.000,"d ","            ",
CO21,NX3058SW,"2002-12-16 16:16","2002-12-24 16:00",200212,5.190,13.000," ",.370," ",.047," ",.030," ",.049," ",.690," ",2.800," ",.110," ",1.090,0,-9,36.300,.508,.508,wa,"            ",
CO21,NX3330SW,"2002-12-24 16:01","2003-01-02 22:40",200212,-9.000,-9.000," ",-9.000," ",-9.000," ",-9.000," ",-9.000," ",-9.000," ",-9.000," ",-9.000," ",-9.000,0,-9,-9.000,1.270,1.270,"  ","e           ",
CO21,NX3428SW,"2003-01-02 22:41","2003-01-07 22:38",200301,5.490,9.100," ",.090," ",.009," ",.015," ",.025," ",.750," ",1.810," ",.050," ",1.210,0,-9,35.900,.508,.508,wa,"            ",
CO21,NX3738SW,"2003-01-07 22:39","2003-01-14 14:42",200301,-9.000,-9.000," ",-9.000," ",-9.000," ",-9.000," ",-9.000," ",-9.000," ",-9.000," ",-9.000," ",-9.000,0,-9,.000,.000,.000,"d ","            ",
CO21,NX3963SW,"2003-01-14 14:43","2003-01-21 16:18",200301,-9.000,-9.000," ",-9.000," ",-9.000," ",-9.000," ",-9.000," ",-9.000," ",-9.000," ",-9.000," ",-9.000,0,-9,.000,.000,.000,"d ","            ",
CO21,NX4275SW,"2003-01-21 16:19","2003-01-28 15:37",200301,-9.000,-9.000," ",-9.000," ",-9.000," ",-9.000," ",-9.000," ",-9.000," ",-9.000," ",-9.000," ",-9.000,0,-9,.000,.000,.000,"d ","            ",
CO21,NX4486SW,"2003-01-28 15:38","2003-02-04 15:27",200302,6.460,7.500," ",.610," ",.041," ",.031," ",.080," ",.120," ",.540," ",.030," ",.320,0,-9,75.400,1.778,1.778,"w ","            ",
CO21,NX4755SW,"2003-02-04 15:28","2003-02-11 14:30",200302,-9.000,-9.000," ",-9.000," ",-9.000," ",-9.000," ",-9.000," ",-9.000," ",-9.000," ",-9.000," ",-9.000,0,-9,81.800,1.270,1.270,"  ","f           ",
CO21,NX5067SW,"2003-02-11 14:31","2003-02-18 17:00",200302,-9.000,-9.000," ",-9.000," ",-9.000," ",-9.000," ",-9.000," ",-9.000," ",-9.000," ",-9.000," ",-9.000,0,-9,111.900,1.016,1.016,"  ","c           ",
CO21,NX5254SW,"2003-02-18 17:01","2003-02-25 17:55",200302,-9.000,-9.000," ",-9.000," ",-9.000," ",-9.000," ",-9.000," ",-9.000," ",-9.000," ",-9.000," ",-9.000,0,-9,12.900,.254,.254,"  ","v           ",
CO21,NX5549SW,"2003-02-25 17:56","2003-03-04 15:58",200303,4.620,13.500," ",.040," ",.005," ",.003," ",.024," ",.170," ",1.900," ",.050," ",.370,0,-9,669.900,13.716,13.716,"w ","            ",
CO21,NX5779SW,"2003-03-04 15:59","2003-03-11 16:10",200303,-9.000,-9.000," ",-9.000," ",-9.000," ",-9.000," ",-9.000," ",-9.000," ",-9.000," ",-9.000," ",-9.000,0,-9,.000,.000,.000,"d ","            ",
CO21,NX6215SW,"2003-03-11 16:11","2003-03-18 20:45",200303,5.860,3.200," ",.100," ",.009," ",.010," ",.019," ",.240," ",.440," ",.030," ",.180,0,-9,1217.400,15.240,15.240,"w ","            ",
CO21,NX6305SW,"2003-03-18 20:46","2003-03-25 13:55",200303,4.830,8.100," ",.060," ",.004," ",.003," ",.006," ",.110," ",.820," ",.020," ",.390,0,-9,880.700,61.468,61.468,"w ","            ",
CO21,NX6578SW,"2003-03-25 13:56","2003-04-01 21:05",200303,5.900,6.900," ",.210," ",.024," ",.016," ",.064," ",.430," ",1.370," ",.130," ",.530,0,-9,121.600,1.778,1.778,"w ","            ",
CO21,NX6883SW,"2003-04-01 21:06","2003-04-08 15:15",200304,-9.000,-9.000," ",-9.000," ",-9.000," ",-9.000," ",-9.000," ",-9.000," ",-9.000," ",-9.000," ",-9.000,0,-9,8.200,-7.000,.127,"t ","            ",
CO21,NX7124SW,"2003-04-08 15:15","2003-04-15 15:25",200304,-9.000,-9.000," ",-9.000," ",-9.000," ",-9.000," ",-9.000," ",-9.000," ",-9.000," ",-9.000," ",-9.000,0,-9,.000,.000,.000,"d ","            ",
CO21,NX7407SW,"2003-04-15 15:25","2003-04-22 15:19",200304,5.160,7.300," ",.110," ",.013,<,.003," ",.010," ",.320," ",1.060," ",.020," ",.520,0,-9,683.900,11.430,11.430,"w ","            ",
CO21,NX7616SW,"2003-04-22 15:20","2003-04-29 18:32",200304,5.520,5.100," ",.170," ",.020," ",.006," ",.022," ",.090," ",.500," ",.040," ",.280,0,-9,1072.400,13.716,13.716,"w ","            ",
CO21,NX7879SW,"2003-04-29 18:32","2003-05-06 18:35",200305,-9.000,-9.000," ",-9.000," ",-9.000," ",-9.000," ",-9.000," ",-9.000," ",-9.000," ",-9.000," ",-9.000,0,-9,18.900,.254,.254,"  ","vc          ",
CO21,NX8137SW,"2003-05-06 18:36","2003-05-13 15:45",200305,-9.000,-9.000," ",-9.000," ",-9.000," ",-9.000," ",-9.000," ",-9.000," ",-9.000," ",-9.000," ",-9.000,0,-9,140.400,1.778,1.778,"  ","c           ",
CO21,NX8437SW,"2003-05-13 15:45","2003-05-20 14:29",200305,4.840,16.100," ",.410," ",.056," ",.054," ",.198," ",.510," ",1.890," ",.360," ",1.630,0,-9,525.200,-9.990,7.736,"w ","            ",2004-06-29
CO21,NX8740SW,"2003-05-20 14:29","2003-05-27 14:15",200305,4.950,11.900," ",.210," ",.025," ",.016," ",.021," ",.480," ",1.340," ",.040," ",1.250,0,-9,945.300,14.986,14.986,"w ","            ",
CO21,NX8937SW,"2003-05-27 14:15","2003-06-03 14:21",200305,5.300,12.000," ",.600," ",.080," ",.047," ",.064," ",.530," ",2.290," ",.120," ",1.270,0,-9,801.200,-9.990,11.801,"w ","            ",2004-06-29
CO21,NX9241SW,"2003-06-03 14:22","2003-06-10 13:38",200306,5.260,9.300," ",.270," ",.030," ",.051," ",.024," ",.330," ",1.300," ",.040," ",.790,0,-9,1222.800,17.780,17.780,"w ","            ",
CO21,NX9596SW,"2003-06-10 14:30","2003-06-18 14:19",200306,5.020,16.400," ",.600," ",.073," ",.111," ",.066," ",.740," ",2.440," ",.130," ",2.100,0,-9,802.600,11.430,11.430,"w ","            ",
CO21,NX9818SW,"2003-06-18 14:19","2003-06-24 21:43",200306,4.510,17.700," ",.220," ",.024," ",.039," ",.016," ",.210," ",2.070," ",.070," ",.890,0,-9,155.300,2.286,2.286,"w ","            ",
CO21,NY0092SW,"2003-06-24 21:43","2003-07-01 14:47",200306,-9.000,-9.000," ",-9.000," ",-9.000," ",-9.000," ",-9.000," ",-9.000," ",-9.000," ",-9.000," ",-9.000,0,-9,281.100,6.604,6.604,"  ","c           ",
CO21,NY0255SW,"2003-07-01 14:47","2003-07-08 16:07",200307,-9.000,-9.000," ",-9.000," ",-9.000," ",-9.000," ",-9.000," ",-9.000," ",-9.000," ",-9.000," ",-9.000,0,-9,.000,.000,.000,"d ","            ",
CO21,NY0529SW,"2003-07-08 16:07","2003-07-15 14:17",200307,-9.000,-9.000," ",-9.000," ",-9.000," ",-9.000," ",-9.000," ",-9.000," ",-9.000," ",-9.000," ",-9.000,0,-9,.000,.000,.000,"d ","            ",
CO21,NY0810SW,"2003-07-15 14:17","2003-07-22 14:29",200307,5.380,17.700," ",.540," ",.061," ",.096," ",.056," ",1.330," ",3.630," ",.140," ",1.670,0,-9,540.900,9.144,9.144,"w ","            ",
CO21,NY1101SW,"2003-07-22 14:29","2003-07-29 14:20",200307,4.680,23.500," ",.450," ",.060," ",.052," ",.028," ",.840," ",3.570," ",.100," ",1.370,0,-9,718.000,10.160,10.160,"w ","            ",
CO21,NY1308SW,"2003-07-29 14:20","2003-08-05 14:08",200308,4.960,17.000," ",.470," ",.061," ",.053," ",.062," ",.910," ",3.200," ",.160," ",1.610,0,-9,977.100,14.986,14.986,"w ","            ",
CO21,NY1590SW,"2003-08-05 14:08","2003-08-12 14:11",200308,5.060,14.100," ",.450," ",.061," ",.045," ",.024," ",.720," ",2.890," ",.110," ",1.300,0,-9,1542.900,22.352,22.352,"w ","            ",
CO21,NY1843SW,"2003-08-12 14:11","2003-08-19 14:15",200308,4.930,10.800," ",.220," ",.034," ",.049," ",.010," ",.390," ",1.460," ",.060," ",.810,0,-9,537.300,7.620,7.620,"w ","            ",
CO21,NY2124SW,"2003-08-19 14:15","2003-08-26 14:16",200308,-9.000,-9.000," ",-9.000," ",-9.000," ",-9.000," ",-9.000," ",-9.000," ",-9.000," ",-9.000," ",-9.000,0,-9,291.100,3.810,3.810,"  ","c           ",
CO21,NY2417SW,"2003-08-26 14:17","2003-09-02 16:18",200308,5.610,8.300," ",.050," ",.006," ",.014,<,.003," ",.500," ",.800," ",.020," ",.680,0,-9,1151.800,16.764,16.764,"w ","            ",
CO21,NY2685SW,"2003-09-02 16:18","2003-09-09 13:53",200309,4.610,17.700," ",.220," ",.025," ",.022," ",.019," ",.580," ",2.740," ",.070," ",1.040,0,-9,753.700,8.636,8.636,"w ","            ",
CO21,NY2964SW,"2003-09-09 13:53","2003-09-16 14:20",200309,4.920,10.700," ",.260," ",.030," ",.031," ",.025," ",.280," ",1.840," ",.080," ",.650,0,-9,128.100,1.778,1.778,"w ","            ",
CO21,NY3232SW,"2003-09-16 14:20","2003-09-23 14:18",200309,-9.000,-9.000," ",-9.000," ",-9.000," ",-9.000," ",-9.000," ",-9.000," ",-9.000," ",-9.000," ",-9.000,0,-9,.000,.000,.000,"d ","            ",
CO21,NY3456SW,"2003-09-23 14:18","2003-09-30 14:35",200309,-9.000,-9.000," ",-9.000," ",-9.000," ",-9.000," ",-9.000," ",-9.000," ",-9.000," ",-9.000," ",-9.000,0,-9,.000,.000,.000,"d ","            ",
CO21,NY3706SW,"2003-09-30 14:35","2003-10-07 14:36",200310,5.040,27.600," ",1.370," ",.164," ",.112," ",.108," ",1.170," ",6.730," ",.260," ",2.460,0,-9,33.000,.254,.254,wa,"            ",
CO21,NY3981SW,"2003-10-07 14:36","2003-10-14 14:36",200310,-9.000,-9.000," ",-9.000," ",-9.000," ",-9.000," ",-9.000," ",-9.000," ",-9.000," ",-9.000," ",-9.000,0,-9,3.400,.000,.000,"d ","            ",
CO21,NY4269SW,"2003-10-14 14:36","2003-10-21 14:26",200310,-9.000,-9.000," ",-9.000," ",-9.000," ",-9.000," ",-9.000," ",-9.000," ",-9.000," ",-9.000," ",-9.000,0,-9,.000,.000,.000,"d ","            ",
CO21,NY4565SW,"2003-10-21 14:26","2003-10-28 15:10",200310,6.420,12.800," ",1.010," ",.096," ",.163," ",.264," ",.330," ",2.780," ",.100," ",.910,0,-9,41.800,-9.990,.615,"w ","            ",2004-06-29
CO21,NY4836SW,"2003-10-28 15:10","2003-11-04 15:15",200311,5.790,5.200," ",.130," ",.019," ",.054," ",.024," ",.300," ",.680," ",.070," ",.540,0,-9,128.200,-9.990,1.888,"w ","            ",2004-06-29
CO21,NY5008SW,"2003-11-04 15:16","2003-11-11 17:15",200311,-9.000,-9.000," ",-9.000," ",-9.000," ",-9.000," ",-9.000," ",-9.000," ",-9.000," ",-9.000," ",-9.000,0,-9,.000,.000,.000,"d ","            ",
CO21,NY5362SW,"2003-11-11 17:15","2003-11-18 15:25",200311,-9.000,-9.000," ",-9.000," ",-9.000," ",-9.000," ",-9.000," ",-9.000," ",-9.000," ",-9.000," ",-9.000,0,-9,3.100,-9.990,.045,"t ","            ",2004-06-29
CO21,NY5643SW,"2003-11-18 15:26","2003-11-25 14:25",200311,6.330,5.600," ",.550," ",.045," ",.056," ",.056," ",.140," ",.930," ",.040," ",.380,0,-9,161.300,-9.990,2.375,"w ","            ",2004-06-29
CO21,NY5811SW,"2003-11-25 14:26","2003-12-02 16:56",200311,-9.000,-9.000," ",-9.000," ",-9.000," ",-9.000," ",-9.000," ",-9.000," ",-9.000," ",-9.000," ",-9.000,0,-9,4.500,-9.990,.066,"t ","            ",2004-06-29
CO21,NY6064SW,"2003-12-02 16:57","2003-12-09 22:23",200312,5.130,5.200," ",.040," ",.008," ",.012," ",.008," ",.120," ",.650," ",.020," ",.280,0,-9,394.300,-9.990,5.807,"w ","            ",
CO21,NY6444SW,"2003-12-09 22:24","2003-12-16 20:17",200312,5.790,6.800," ",.220," ",.031," ",.078," ",.034," ",.400," ",1.170," ",.080," ",.530,0,-9,76.900,3.810,3.810,"w ","            ",
CO21,NY6712SW,"2003-12-16 20:18","2003-12-23 16:17",200312,-9.000,-9.000," ",-9.000," ",-9.000," ",-9.000," ",-9.000," ",-9.000," ",-9.000," ",-9.000," ",-9.000,0,-9,.000,-7.000,.127,"t ","            ",
CO21,NY6994SW,"2003-12-23 16:18","2003-12-30 16:35",200312,5.740,3.500," ",.160," ",.018," ",.072," ",.032," ",.100," ",.320," ",.050," ",.270,0,-9,55.200,.762,.762,"w ","            ",
CO21,NY7108SW,"2003-12-30 16:36","2004-01-06 16:38",200401,5.780,3.300," ",.110," ",.011," ",.022," ",.017," ",.130," ",.560," ",.030," ",.110,0,-9,162.500,2.286,2.286,"w ","            ",
CO21,NY7403SW,"2004-01-06 16:39","2004-01-13 14:22",200401,-9.000,-9.000," ",-9.000," ",-9.000," ",-9.000," ",-9.000," ",-9.000," ",-9.000," ",-9.000," ",-9.000,0,-9,.000,-7.000,.127,"t ","            ",
CO21,NY7658SW,"2004-01-13 14:23","2004-01-20 14:00",200401,4.640,13.300," ",.080," ",.006," ",.132," ",.014," ",.100," ",2.350,<,.010," ",.080,0,-9,35.600,.254,.254,"w ","            ",
CO21,NY7938SW,"2004-01-20 14:01","2004-01-27 15:19",200401,4.970,8.100," ",.070," ",.012," ",.012," ",.013," ",.260," ",1.470," ",.030," ",.290,0,-9,119.700,2.540,2.540,"w ","            ",
CO21,NY8259SW,"2004-01-27 15:20","2004-02-03 17:52",200401,5.100,6.800," ",.040," ",.006," ",.006," ",.017," ",.200," ",1.260," ",.050," ",.080,0,-9,95.200,2.540,2.540,"w ","            ",
CO21,NY8455SW,"2004-02-03 17:52","2004-02-10 15:50",200402,4.700,10.900," ",.080," ",.009," ",.003," ",.028," ",.090," ",1.690," ",.060," ",.200,0,-9,142.900,2.032,2.032,"w ","            ",
CO21,NY8744SW,"2004-02-10 15:51","2004-02-17 14:25",200402,-9.000,-9.000," ",-9.000," ",-9.000," ",-9.000," ",-9.000," ",-9.000," ",-9.000," ",-9.000," ",-9.000,0,-9,15.700,.508,.508,"  ","v           ",
CO21,NY9053SW,"2004-02-17 14:25","2004-02-24 15:40",200402,5.080,9.300," ",.110," ",.012," ",.008," ",.034," ",.490," ",1.790," ",.070," ",.590,0,-9,337.400,5.080,5.080,"w ","            ",
CO21,NY9286SW,"2004-02-24 15:41","2004-03-02 15:07",200402,6.570,10.100," ",.820," ",.072," ",.050," ",.096," ",.450," ",1.620," ",.140," ",.730,0,-9,87.500,1.270,1.270,"w ","            ",
CO21,NY9576SW,"2004-03-02 15:07","2004-03-09 17:36",200403,4.960,6.200," ",.040," ",.005,<,.003," ",.006," ",.110," ",.920," ",.020," ",.120,0,-9,350.100,4.826,4.826,"w ","            ",
CO21,NY9864SW,"2004-03-09 17:37","2004-03-16 14:51",200403,5.870,13.900," ",.370," ",.042," ",.038," ",.088," ",1.150," ",3.460," ",.140," ",1.000,0,-9,89.700,1.270,1.270,"w ","            ",
CO21,NZ0198SW,"2004-03-16 14:52","2004-03-24 01:20",200403,-9.000,-9.000," ",-9.000," ",-9.000," ",-9.000," ",-9.000," ",-9.000," ",-9.000," ",-9.000," ",-9.000,0,-9,.000,.000,.000,"d ","            ",
CO21,NZ0410SW,"2004-03-24 01:21","2004-03-30 22:30",200403,-9.000,-9.000," ",-9.000," ",-9.000," ",-9.000," ",-9.000," ",-9.000," ",-9.000," ",-9.000," ",-9.000,0,-9,.000,-7.000,.127,"t ","            ",
CO21,NZ0609SW,"2004-03-30 22:31","2004-04-06 13:30",200404,6.730,28.700," ",1.270," ",.067," ",.124," ",.074," ",2.480," ",5.200," ",.100," ",2.560,0,-9,625.000,8.890,8.890,"w ","            ",
CO21,NZ0866SW,"2004-04-06 13:31","2004-04-13 15:00",200404,6.190,6.200," ",.100," ",.010," ",.019," ",.009," ",.620," ",1.080," ",.031," ",.440,0,-9,1246.000,-9.990,18.353,"w ","            ",2005-06-07
CO21,NZ1212SW,"2004-04-13 15:01","2004-04-20 14:55",200404,-9.000,-9.000," ",-9.000," ",-9.000," ",-9.000," ",-9.000," ",-9.000," ",-9.000," ",-9.000," ",-9.000,0,-9,.000,-7.000,.127,"t ","            ",
CO21,NZ1514SW,"2004-04-20 14:56","2004-04-27 13:35",200404,5.310,4.600," ",.040," ",.004," ",.004," ",.009," ",.160," ",.760," ",.017," ",.210,0,-9,1977.000,-9.990,29.120,"w ","            ",2005-06-07
CO21,NZ1671SW,"2004-04-27 13:36","2004-05-04 21:47",200405,5.100,7.100," ",.200," ",.020," ",.015," ",.027," ",.200," ",1.090," ",.047," ",.610,0,-9,212.900,-9.990,3.135,"w ","            ",2005-06-07
CO21,NZ1935SW,"2004-05-04 21:47","2004-05-11 15:08",200405,-9.000,-9.000," ",-9.000," ",-9.000," ",-9.000," ",-9.000," ",-9.000," ",-9.000," ",-9.000," ",-9.000,0,-9,.000,.000,.000,"d ","            ",
CO21,NZ2213SW,"2004-05-11 15:08","2004-05-18 16:11",200405,7.050,28.400," ",3.920," ",.206," ",.220," ",.408," ",.380," ",2.090," ",.317," ",1.850,0,-9,1075.400,15.748,15.748,"w ","            ",
CO21,NZ2451SW,"2004-05-18 16:11","2004-05-25 14:36",200405,-9.000,-9.000," ",-9.000," ",-9.000," ",-9.000," ",-9.000," ",-9.000," ",-9.000," ",-9.000," ",-9.000,0,-9,.000,.000,.000,"d ","            ",
CO21,NZ2727SW,"2004-05-25 14:36","2004-06-01 14:15",200405,6.250,13.700," ",.870," ",.096," ",.084," ",.292," ",.500," ",2.180," ",.329," ",1.390,0,-9,92.300,1.270,1.270,"w ","            ",
CO21,NZ3065SW,"2004-06-01 14:15","2004-06-08 14:31",200406,-9.000,-9.000," ",-9.000," ",-9.000," ",-9.000," ",-9.000," ",-9.000," ",-9.000," ",-9.000," ",-9.000,0,-9,35.000,.508,.508,"  ","c           ",
CO21,NZ3302SW,"2004-06-08 14:31","2004-06-15 13:45",200406,-9.000,-9.000," ",-9.000," ",-9.000," ",-9.000," ",-9.000," ",-9.000," ",-9.000," ",-9.000," ",-9.000,0,-9,41.900,.508,.508,"  ","c           ",
CO21,NZ3606SW,"2004-06-15 13:45","2004-06-22 13:45",200406,5.110,12.500," ",.550," ",.061," ",.078," ",.094," ",.340," ",1.920," ",.147," ",1.190,0,-9,1623.200,23.368,23.368,"w ","            ",
CO21,NZ3875SW,"2004-06-22 13:45","2004-06-29 14:31",200406,4.760,12.400," ",.150," ",.019," ",.035," ",.019," ",.310," ",1.340," ",.060," ",.830,0,-9,1633.000,20.320,20.320,"w ","            ",
CO21,NZ4096SW,"2004-06-29 14:31","2004-07-06 14:12",200407,4.590,14.300," ",.110," ",.016," ",.024," ",.012," ",.230," ",1.570," ",.036," ",.830,0,-9,1342.100,19.050,19.050,"w ","            ",
CO21,NZ4345SW,"2004-07-06 14:12","2004-07-13 15:18",200407,6.210,9.700," ",.640," ",.060," ",.075," ",.063," ",.460," ",1.710," ",.092," ",1.010,0,-9,588.700,-9.990,8.671,"w ","            ",
CO21,NZ4647SW,"2004-07-13 15:42","2004-07-20 14:20",200407,4.640,13.200," ",.100," ",.012," ",.013," ",.012," ",.240," ",1.610," ",.030," ",.680,0,-9,3400.500,47.498,47.498,"w ","            ",
CO21,NZ4885SW,"2004-07-20 14:20","2004-07-27 13:27",200407,4.780,10.500," ",.110," ",.013," ",.024," ",.013," ",.220," ",1.310," ",.048," ",.540,0,-9,1509.900,17.526,17.526,"w ","            ",
CO21,NZ5183SW,"2004-07-27 13:27","2004-08-03 13:56",200407,4.830,15.300," ",.620," ",.097," ",.042," ",.032," ",.440," ",3.100," ",.094," ",1.070,0,-9,552.800,4.572,4.572,"w ","            ",
CO21,NZ5475SW,"2004-08-03 13:56","2004-08-10 14:15",200408,4.760,14.000," ",.320," ",.031," ",.031," ",.026," ",.290," ",1.580," ",.062," ",1.160,0,-9,1598.800,21.082,21.082,"w ","            ",
CO21,NZ5693SW,"2004-08-10 14:17","2004-08-17 13:47",200408,-9.000,-9.000," ",-9.000," ",-9.000," ",-9.000," ",-9.000," ",-9.000," ",-9.000," ",-9.000," ",-9.000,0,-9,6.600,-7.000,.127,"t ","            ",
CO21,NZ5955SW,"2004-08-17 13:47","2004-08-24 14:14",200408,4.950,11.100," ",.210," ",.020," ",.024," ",.013," ",.390," ",1.590," ",.046," ",.790,0,-9,2122.600,25.400,25.400,"w ","            ",
CO21,NZ6211SW,"2004-08-24 14:14","2004-08-31 14:15",200408,4.800,12.300," ",.340," ",.037," ",.025," ",.024," ",.360," ",1.490," ",.054," ",1.380,0,-9,639.900,6.858,6.858,"w ","            ",
CO21,NZ6453SW,"2004-08-31 14:15","2004-09-07 14:15",200409,4.420,31.100," ",.660," ",.071," ",.053," ",.037," ",.880," ",5.130," ",.111," ",2.210,0,-9,65.100,.762,.762,"w ","            ",
CO21,NZ6752SW,"2004-09-07 14:15","2004-09-14 15:00",200409,-9.000,-9.000," ",-9.000," ",-9.000," ",-9.000," ",-9.000," ",-9.000," ",-9.000," ",-9.000," ",-9.000,0,-9,.000,.000,.000,"d ","            ",
CO21,NZ7010SW,"2004-09-14 15:00","2004-09-21 13:00",200409,6.380,6.600," ",.120," ",.020," ",.191," ",.176," ",.400," ",.610," ",.271," ",.430,0,-9,263.600,3.556,3.556,"w ","            ",
CO21,NZ7295SW,"2004-09-21 13:00","2004-09-28 15:57",200409,4.980,9.200," ",.090," ",.011," ",.022," ",.024," ",.230," ",1.120," ",.049," ",.480,0,-9,1062.800,13.970,13.970,"w ","            ",
CO21,NZ7556SW,"2004-09-28 15:57","2004-10-05 14:20",200410,4.830,14.000," ",.140," ",.016," ",.014," ",.011," ",.450," ",1.500," ",.040," ",1.100,0,-9,590.800,8.382,8.382,"w ","            ",
CO21,NZ7838SW,"2004-10-05 14:20","2004-10-12 14:19",200410,4.820,8.100," ",.040," ",.015,<,.003," ",.005," ",.090," ",.800," ",.059," ",.270,0,-9,69.300,1.270,1.270,"w ","            ",
CO21,NZ8120SW,"2004-10-12 14:19","2004-10-19 20:25",200410,5.600,4.200," ",.090," ",.011," ",.013," ",.011," ",.220," ",.510," ",.018," ",.440,0,-9,447.400,-9.990,6.590,"w ","            ",
CO21,NZ8376SW,"2004-10-19 20:25","2004-10-26 14:15",200410,-9.000,-9.000," ",-9.000," ",-9.000," ",-9.000," ",-9.000," ",-9.000," ",-9.000," ",-9.000," ",-9.000,0,-9,20.000,-7.000,.127,"t ","            ",
CO21,NZ8507SW,"2004-10-26 14:15","2004-11-02 15:18",200410,5.370,4.900," ",.080," ",.011," ",.023," ",.018," ",.160," ",.740," ",.031," ",.240,0,-9,314.400,6.096,6.096,"w ","            ",
CO21,NZ8967SW,"2004-11-02 15:18","2004-11-09 15:25",200411,-9.000,-9.000," ",-9.000," ",-9.000," ",-9.000," ",-9.000," ",-9.000," ",-9.000," ",-9.000," ",-9.000,0,-9,1.000,.000,.000,"d ","            ",
CO21,NZ9168SW,"2004-11-09 15:25","2004-11-16 15:15",200411,4.730,15.700," ",.210," ",.019," ",.019," ",.016," ",.610," ",2.680," ",.038," ",1.170,0,-9,811.400,11.684,11.684,"w ","            ",
CO21,NZ9390SW,"2004-11-16 15:15","2004-11-23 16:54",200411,4.520,19.000," ",.120," ",.012," ",.014," ",.016," ",.500," ",2.650," ",.036," ",1.120,0,-9,321.600,5.080,5.080,"w ","            ",
CO21,NZ9736SW,"2004-11-23 16:55","2004-11-30 17:49",200411,5.010,7.100," ",.050," ",.006," ",.015," ",.016," ",.160," ",1.260," ",.061," ",.180,0,-9,85.300,2.032,2.032,"w ","            ",
CO21,NZ9934SW,"2004-11-30 17:50","2004-12-07 20:35",200412,-9.000,-9.000," ",-9.000," ",-9.000," ",-9.000," ",-9.000," ",-9.000," ",-9.000," ",-9.000," ",-9.000,0,-9,1.200,.000,.000,"d ","            ",
CO21,TA0234SW,"2004-12-07 20:36","2004-12-14 15:12",200412,-9.000,-9.000," ",-9.000," ",-9.000," ",-9.000," ",-9.000," ",-9.000," ",-9.000," ",-9.000," ",-9.000,0,-9,2.200,.000,.000,"d ","            ",
CO21,TA0497SW,"2004-12-14 15:13","2004-12-21 16:59",200412,5.440,4.300," ",.043," ",.008," ",.008," ",.023," ",.193," ",.720," ",.040," ",.175,0,-9,125.000,1.524,1.524,"w ","            ",
CO21,TA0794SW,"2004-12-21 16:59","2004-12-28 17:20",200412,4.780,9.400," ",.065," ",.012," ",.040," ",.014," ",.102," ",1.716," ",.034," ",.112,0,-9,151.700,1.778,1.778,"w ","            ",
CO21,TA1026SW,"2004-12-28 17:21","2005-01-04 15:30",200501,5.640,2.300," ",.022," ",.002," ",.005," ",.011," ",.081," ",.271," ",.021," ",.046,0,-9,125.700,2.032,2.032,"w ","            ",2006-08-23
CO21,TA1327SW,"2005-01-04 15:31","2005-01-11 16:18",200501,5.100,4.400," ",.026," ",.003," ",.007," ",.010," ",.043," ",.617,<,.008," ",.088,0,-9,95.600,1.270,1.270,"w ","            ",2006-08-23
CO21,TA1597SW,"2005-01-11 16:18","2005-01-18 16:30",200501,5.230,3.500," ",.034," ",.004," ",.007," ",.006," ",.032," ",.405,<,.008," ",.086,0,-9,215.800,3.048,3.048,"w ","            ",2006-08-23
CO21,TA1869SW,"2005-01-18 16:31","2005-01-25 18:40",200501,-9.000,-9.000," ",-9.000," ",-9.000," ",-9.000," ",-9.000," ",-9.000," ",-9.000," ",-9.000," ",-9.000,0,-9,1.400,.000,.000,"d ","            ",
CO21,TA2139SW,"2005-01-25 18:41","2005-02-01 21:08",200501,4.530,18.600," ",.090," ",.013," ",.008," ",.047," ",.451," ",2.753," ",.087," ",.922,0,-9,126.800,13.208,13.208,"w ","            ",2006-08-23
CO21,TA2408SW,"2005-02-01 21:09","2005-02-08 16:02",200502,-9.000,-9.000," ",-9.000," ",-9.000," ",-9.000," ",-9.000," ",-9.000," ",-9.000," ",-9.000," ",-9.000,0,-9,5.600,-7.000,.127,"t ","            ",
CO21,TA2703SW,"2005-02-08 16:03","2005-02-15 17:18",200502,-9.000,-9.000," ",-9.000," ",-9.000," ",-9.000," ",-9.000," ",-9.000," ",-9.000," ",-9.000," ",-9.000,0,-9,1.100,.000,.000,"d ","            ",
CO21,TA2934SW,"2005-02-15 17:19","2005-02-22 22:36",200502,-9.000,-9.000," ",-9.000," ",-9.000," ",-9.000," ",-9.000," ",-9.000," ",-9.000," ",-9.000," ",-9.000,0,-9,1.000,.762,.762,"  ","v           ",
CO21,TA3164SW,"2005-02-22 22:37","2005-03-01 14:55",200502,4.340,28.200," ",.526," ",.058," ",.036," ",.095," ",.308," ",5.384," ",.199," ",.656,0,-9,91.200,1.016,1.016,"w ","            ",2006-08-23
CO21,TA3507SW,"2005-03-01 14:56","2005-03-08 16:15",200503,5.150,7.700," ",.199," ",.020," ",.007," ",.032," ",.141," ",1.396," ",.049," ",.298,0,-9,170.300,2.540,2.540,"w ","            ",2006-08-23
CO21,TA3745SW,"2005-03-08 16:16","2005-03-15 20:55",200503,6.330,8.300," ",.621," ",.063," ",.070," ",.216," ",.258," ",1.706," ",.128," ",.671,0,-9,335.100,6.858,6.858,"w ","            ",
CO21,TA4009SW,"2005-03-15 20:57","2005-03-21 23:46",200503,5.030,7.000," ",.040," ",.005," ",.002," ",.015," ",.184," ",.736," ",.037," ",.510,0,-9,1267.300,18.034,18.034,"w ","            ",2006-08-23
CO21,TA4295SW,"2005-03-21 23:47","2005-03-29 13:13",200503,5.390,7.000," ",.145," ",.014," ",.007," ",.037," ",.363," ",1.223," ",.023," ",.589,0,-9,248.300,4.318,4.318,"w ","            ",2006-08-23
CO21,TA4572SW,"2005-03-29 13:14","2005-04-05 22:10",200504,5.510,5.600," ",.175," ",.017," ",.008," ",.021," ",.264," ",1.023," ",.036," ",.381,0,-9,973.700,14.986,14.986,"w ","            ",2006-08-23
CO21,TA4817SW,"2005-04-05 22:11","2005-04-12 15:05",200504,5.490,5.600," ",.142," ",.014," ",.012," ",.019," ",.307," ",1.021," ",.031," ",.512,0,-9,502.900,16.510,16.510,"w ","            ",2006-08-23
CO21,TA5120SW,"2005-04-12 15:05","2005-04-19 15:15",200504,-9.000,-9.000," ",-9.000," ",-9.000," ",-9.000," ",-9.000," ",-9.000," ",-9.000," ",-9.000," ",-9.000,0,-9,.100,.000,.000,"d ","            ",
CO21,TA5402SW,"2005-04-19 15:16","2005-04-26 20:30",200504,5.660,5.100," ",.098," ",.009," ",.008," ",.014," ",.368," ",.768," ",.024," ",.526,0,-9,1615.100,23.114,23.114,"w ","            ",2006-08-23
CO21,TA5688SW,"2005-04-26 20:31","2005-05-03 23:15",200504,4.480,20.100," ",.156," ",.022," ",.010," ",.013," ",.410," ",2.559," ",.055," ",1.206,0,-9,180.200,3.302,3.302,"w ","            ",2006-08-23
CO21,TA5873SW,"2005-05-03 23:16","2005-05-10 16:40",200505,4.660,25.000," ",.662," ",.089," ",.071," ",.062," ",1.019," ",3.633," ",.179," ",2.714,0,-9,76.400,-9.990,1.125,"w ","            ",2006-08-23
CO21,TA6140SW,"2005-05-10 16:45","2005-05-17 15:32",200505,4.790,21.200," ",.732," ",.094," ",.044," ",.068," ",.726," ",3.241," ",.149," ",2.149,0,-9,117.800,1.524,1.524,"w ","            ",2006-08-23
CO21,TA6409SW,"2005-05-17 15:32","2005-05-24 14:00",200505,-9.000,-9.000," ",-9.000," ",-9.000," ",-9.000," ",-9.000," ",-9.000," ",-9.000," ",-9.000," ",-9.000,0,-9,.300,.000,.000,"d ","            ",
CO21,TA6679SW,"2005-05-24 14:00","2005-05-31 14:34",200505,5.250,10.000," ",.312," ",.041," ",.054," ",.063," ",.437," ",1.401," ",.110," ",1.094,0,-9,723.800,9.906,9.906,"w ","            ",2006-08-23
CO21,TA6963SW,"2005-05-31 14:34","2005-06-07 14:18",200506,-9.000,-9.000," ",-9.000," ",-9.000," ",-9.000," ",-9.000," ",-9.000," ",-9.000," ",-9.000," ",-9.000,0,-9,189.500,2.794,2.794,"  ","c           ",2006-08-23
CO21,TA7184SW,"2005-06-07 14:18","2005-06-13 15:00",200506,4.970,15.600," ",.701," ",.082," ",.152," ",.162," ",.336," ",2.765," ",.233," ",1.352,0,-9,897.000,12.700,12.700,"w ","            ",2006-08-23
CO21,TA7489SW,"2005-06-13 15:00","2005-06-21 15:40",200506,4.960,14.900," ",.431," ",.054," ",.152," ",.076," ",.537," ",1.821," ",.107," ",1.740,0,-9,1728.200,26.162,26.162,"w ","            ",2006-08-23
CO21,TA7737SW,"2005-06-21 15:40","2005-06-28 14:25",200506,4.510,23.600," ",.490," ",.065," ",.253," ",.061," ",.510," ",3.071," ",.144," ",2.007,0,-9,323.300,5.080,5.080,"w ","            ",2006-08-23
CO21,TA8010SW,"2005-06-28 14:25","2005-07-05 19:50",200507,-9.000,-9.000," ",-9.000," ",-9.000," ",-9.000," ",-9.000," ",-9.000," ",-9.000," ",-9.000," ",-9.000,0,-9,18.900,.762,.762,"  ","v           ",
CO21,TA8263SW,"2005-07-05 19:50","2005-07-12 14:12",200507,-9.000,-9.000," ",-9.000," ",-9.000," ",-9.000," ",-9.000," ",-9.000," ",-9.000," ",-9.000," ",-9.000,0,-9,4.600,-7.000,.127,"t ","            ",
CO21,TA8585SW,"2005-07-12 14:12","2005-07-19 14:14",200507,-9.000,-9.000," ",-9.000," ",-9.000," ",-9.000," ",-9.000," ",-9.000," ",-9.000," ",-9.000," ",-9.000,0,-9,296.700,4.826,4.826,"  ","c           ",2006-08-23
CO21,TA8825SW,"2005-07-19 14:14","2005-07-26 14:22",200507,-9.000,-9.000," ",-9.000," ",-9.000," ",-9.000," ",-9.000," ",-9.000," ",-9.000," ",-9.000," ",-9.000,0,-9,288.400,4.572,4.572,"  ","c           ",2006-08-23
CO21,TA9107SW,"2005-07-26 14:22","2005-08-02 14:12",200507,5.490,10.900," ",.534," ",.073," ",.066," ",.025," ",.508," ",2.097," ",.083," ",1.030,0,-9,372.700,-9.990,5.489,"w ","            ",2006-08-23
CO21,TA9360SW,"2005-08-02 14:12","2005-08-09 14:15",200508,4.800,9.600," ",.106," ",.009," ",.013," ",.007," ",.195," ",1.098," ",.030," ",.609,0,-9,1390.000,20.828,20.828,"w ","            ",2006-08-23
CO21,TA9610SW,"2005-08-09 14:15","2005-08-16 14:20",200508,4.790,15.500," ",.205," ",.026," ",.032," ",.015," ",.564," ",2.359," ",.071," ",.993,0,-9,943.800,13.462,13.462,"w ","            ",2006-08-23
CO21,TA9922SW,"2005-08-16 14:20","2005-08-23 14:40",200508,4.620,15.100," ",.111," ",.015," ",.037," ",.020," ",.372," ",1.872," ",.059," ",.837,0,-9,987.300,13.208,13.208,"w ","            ",2006-08-23
CO21,TB0131SW,"2005-08-23 14:40","2005-08-30 14:18",200508,4.850,13.200," ",.245," ",.094," ",.168," ",.026," ",.340," ",1.468," ",.085," ",1.250,0,-9,351.400,4.572,4.572,"w ","            ",
CO21,TB0431SW,"2005-08-30 14:18","2005-09-06 14:39",200509,-9.000,-9.000," ",-9.000," ",-9.000," ",-9.000," ",-9.000," ",-9.000," ",-9.000," ",-9.000," ",-9.000,0,-9,25.400,.508,.508,"  ","v           ",
CO21,TB0640SW,"2005-09-06 14:39","2005-09-13 14:38",200509,4.450,30.000," ",.551," ",.089," ",.054," ",.042," ",.776," ",4.523," ",.150," ",2.031,0,-9,202.400,2.794,2.794,"w ","            ",2006-08-23
CO21,TB0983SW,"2005-09-13 14:39","2005-09-20 21:59",200509,-9.000,-9.000," ",-9.000," ",-9.000," ",-9.000," ",-9.000," ",-9.000," ",-9.000," ",-9.000," ",-9.000,0,-9,10.100,-7.000,.127,"t ","            ",
CO21,TB1207SW,"2005-09-20 21:59","2005-09-27 14:05",200509,4.940,10.500," ",.218," ",.021," ",.029," ",.055," ",.373," ",1.184," ",.080," ",1.176,0,-9,323.200,4.318,4.318,"w ","            ",2006-08-23
CO21,TB1453SW,"2005-09-27 14:06","2005-10-04 17:30",200510,5.430,4.100," ",.062," ",.013," ",.027," ",.007," ",.150," ",.390," ",.020," ",.363,0,-9,584.700,8.382,8.382,"w ","            ",2006-08-23
CO21,TB1755SW,"2005-10-04 17:30","2005-10-11 15:20",200510,6.100,3.000," ",.324," ",.030," ",.075," ",.027," ",.010," ",.281," ",.044," ",.313,0,-9,1003.500,-9.990,14.781,"w ","            ",2006-08-23
CO21,TB2067SW,"2005-10-11 15:20","2005-10-18 14:22",200510,-9.000,-9.000," ",-9.000," ",-9.000," ",-9.000," ",-9.000," ",-9.000," ",-9.000," ",-9.000," ",-9.000,0,-9,1.100,.000,.000,"d ","            ",
CO21,TB2312SW,"2005-10-18 14:22","2005-10-25 14:24",200510,5.750,11.200," ",.421," ",.033," ",.095," ",.061," ",.760," ",1.777," ",.087," ",1.312,0,-9,84.600,1.270,1.270,"w ","            ",2006-08-23
CO21,TB2570SW,"2005-10-25 14:24","2005-11-01 15:10",200510,4.920,9.300," ",.114," ",.014," ",.018," ",.026," ",.228," ",.817," ",.043," ",.876,0,-9,367.700,-9.990,5.416,"w ","            ",2006-08-23
CO21,TB2826SW,"2005-11-01 15:10","2005-11-08 15:15",200511,5.170,5.600," ",.078," ",.009," ",.026," ",.011," ",.182," ",.612," ",.017," ",.457,0,-9,150.200,-9.990,2.212,"w ","            ",2006-08-23
CO21,TB3042SW,"2005-11-08 15:15","2005-11-15 17:14",200511,5.310,5.200," ",.144," ",.015," ",.033," ",.010," ",.143," ",.441," ",.038," ",.530,0,-9,274.700,-9.990,4.046,"w ","            ",2006-08-23
CO21,TB3414SW,"2005-11-15 17:14","2005-11-22 15:50",200511,-9.000,-9.000," ",-9.000," ",-9.000," ",-9.000," ",-9.000," ",-9.000," ",-9.000," ",-9.000," ",-9.000,0,-9,39.200,-9.990,.577,"  ","v           ",
CO21,TB3624SW,"2005-11-22 15:50","2005-11-29 15:40",200511,-9.000,-9.000," ",-9.000," ",-9.000," ",-9.000," ",-9.000," ",-9.000," ",-9.000," ",-9.000," ",-9.000,0,-9,.700,-7.000,.127,"t ","            ",
CO21,TB3811SW,"2005-11-29 15:41","2005-12-06 21:35",200512,5.190,4.000," ",.038," ",.005," ",.008," ",.006," ",.051," ",.534," ",.018," ",.120,0,-9,278.100,6.604,6.604,"w ","            ",2006-08-23
CO21,TB4083SW,"2005-12-06 21:35","2005-12-13 15:50",200512,4.950,7.000," ",.095," ",.010," ",.010," ",.019," ",.046," ",1.127," ",.034," ",.169,0,-9,136.000,2.032,2.032,"w ","            ",2006-08-23
CO21,TB4406SW,"2005-12-13 15:51","2005-12-20 15:22",200512,-9.000,-9.000," ",-9.000," ",-9.000," ",-9.000," ",-9.000," ",-9.000," ",-9.000," ",-9.000," ",-9.000,0,-9,3.300,.000,.000,"d ","            ",
CO21,TB4667SW,"2005-12-20 15:23","2005-12-27 17:35",200512,-9.000,-9.000," ",-9.000," ",-9.000," ",-9.000," ",-9.000," ",-9.000," ",-9.000," ",-9.000," ",-9.000,0,-9,.900,.000,.000,"d ","            ",
CO21,TB4850SW,"2005-12-27 17:36","2006-01-03 15:16",200512,-9.000,-9.000," ",-9.000," ",-9.000," ",-9.000," ",-9.000," ",-9.000," ",-9.000," ",-9.000," ",-9.000,0,-9,1.900,.000,.000,"d ","            ",
CO21,TB5184SW,"2006-01-03 15:17","2006-01-10 14:06",200601,-9.000,-9.000," ",-9.000," ",-9.000," ",-9.000," ",-9.000," ",-9.000," ",-9.000," ",-9.000," ",-9.000,0,-9,2.200,.000,.000,"d ","            ",
CO21,TB5477SW,"2006-01-10 14:07","2006-01-17 22:18",200601,-9.000,-9.000," ",-9.000," ",-9.000," ",-9.000," ",-9.000," ",-9.000," ",-9.000," ",-9.000," ",-9.000,0,-9,7.800,-7.000,.127,"t ","            ",
CO21,TB5688SW,"2006-01-17 22:18","2006-01-24 21:18",200601,4.950,6.200," ",.069," ",.006," ",.010," ",.017," ",.072," ",1.205," ",.026," ",.082,0,-9,394.900,5.842,5.842,"w ","            ",
CO21,TB5942SW,"2006-01-24 21:19","2006-01-31 15:45",200601,-9.000,-9.000," ",-9.000," ",-9.000," ",-9.000," ",-9.000," ",-9.000," ",-9.000," ",-9.000," ",-9.000,0,-9,2.200,.000,.000,"d ","            ",
CO21,TB6268SW,"2006-01-31 15:46","2006-02-07 17:00",200602,5.320,3.500," ",.097," ",.013," ",.017," ",.031,<,.004," ",.367," ",.040," ",.149,0,-9,55.300,.762,.762,"w ","            ",
CO21,TB6472SW,"2006-02-07 17:01","2006-02-14 16:29",200602,4.960,9.400," ",.269," ",.026," ",.016," ",.035," ",.234," ",1.609," ",.041," ",.615,0,-9,55.200,1.270,1.270,"w ","            ",
CO21,TB6762SW,"2006-02-14 16:30","2006-02-21 22:14",200602,7.420,35.900," ",5.753," ",.212," ",.186," ",.180," ",.181," ",1.217," ",.117," ",.599,0,-9,270.100,3.810,3.810,"w ","            ",
CO21,TB7014SW,"2006-02-21 22:15","2006-02-28 22:05",200602,-9.000,-9.000," ",-9.000," ",-9.000," ",-9.000," ",-9.000," ",-9.000," ",-9.000," ",-9.000," ",-9.000,0,-9,1.400,.000,.000,"d ","            ",
CO21,TB7288SW,"2006-02-28 22:05","2006-03-07 18:25",200603,-9.000,-9.000," ",-9.000," ",-9.000," ",-9.000," ",-9.000," ",-9.000," ",-9.000," ",-9.000," ",-9.000,0,-9,2.000,.000,.000,"d ","            ",
CO21,TB7552SW,"2006-03-07 18:25","2006-03-14 17:16",200603,5.500,7.600," ",.167," ",.019," ",.017," ",.032," ",.236," ",.874," ",.051," ",.435,0,-9,305.300,3.810,3.810,"w ","            ",
CO21,TB7816SW,"2006-03-14 17:30","2006-03-21 22:13",200603,5.600,13.900," ",.523," ",.046," ",.053," ",.133," ",.621," ",2.014," ",.205," ",1.497,0,-9,114.400,5.080,5.080,"w ","            ",
CO21,TB8165SW,"2006-03-21 22:13","2006-03-28 18:10",200603,-9.000,-9.000," ",-9.000," ",-9.000," ",-9.000," ",-9.000," ",-9.000," ",-9.000," ",-9.000," ",-9.000,0,-9,.800,.000,.000,"d ","            ",
CO21,TB8429SW,"2006-03-28 18:11","2006-04-04 15:40",200604,-9.000,-9.000," ",-9.000," ",-9.000," ",-9.000," ",-9.000," ",-9.000," ",-9.000," ",-9.000," ",-9.000,0,-9,11.200,.254,.254,"  ","v           ",
CO21,TB8631SW,"2006-04-04 15:41","2006-04-11 21:22",200604,5.910,4.500," ",.405," ",.044," ",.058," ",.098," ",.006," ",.637," ",.057," ",.348,0,-9,74.200,1.016,1.016,"w ","            ",
CO21,TB8897SW,"2006-04-11 21:22","2006-04-18 16:00",200604,5.240,5.800," ",.243," ",.046," ",.123," ",.044," ",.049," ",.666," ",.113," ",.378,0,-9,308.300,3.810,3.810,"w ","            ",
CO21,TB9246SW,"2006-04-18 16:00","2006-04-25 13:34",200604,5.200,6.500," ",.211," ",.022," ",.047," ",.044," ",.176," ",1.283," ",.091," ",.284,0,-9,147.600,1.270,1.270,"w ","            ",
CO21,TB9425SW,"2006-04-25 13:34","2006-05-02 14:43",200604,5.970,10.200," ",.243," ",.034," ",.029," ",.033," ",.791," ",1.555," ",.059," ",1.201,0,-9,356.900,5.842,5.842,"w ","            ",
CO21,TB9706SW,"2006-05-02 14:43","2006-05-09 14:30",200605,5.920,15.600," ",.911," ",.097," ",.088," ",.131," ",.814," ",3.416," ",.189," ",1.714,0,-9,287.600,3.556,3.556,"w ","            ",
CO21,TB9935SW,"2006-05-09 14:30","2006-05-16 14:24",200605,5.310,12.000," ",.743," ",.091," ",.034," ",.062," ",.306," ",2.385," ",.090," ",1.288,0,-9,92.900,1.270,1.270,"w ","            ",
CO21,TC0232SW,"2006-05-16 14:25","2006-05-23 13:45",200605,5.980,9.800," ",.688," ",.084," ",.183," ",.051," ",.363," ",1.401," ",.139," ",.943,0,-9,593.700,7.874,7.874,"w ","            ",
CO21,TC0474SW,"2006-05-23 13:45","2006-05-30 15:15",200605,-9.000,-9.000," ",-9.000," ",-9.000," ",-9.000," ",-9.000," ",-9.000," ",-9.000," ",-9.000," ",-9.000,0,-9,13.900,.508,.508,"  ","v           ",
CO21,TC0795SW,"2006-05-30 15:15","2006-06-06 15:28",200606,4.710,20.500," ",1.034," ",.132," ",.058," ",.183," ",.007," ",1.699," ",.315," ",2.367,0,-9,55.800,.254,.254,wd,"            ",
CO21,TC1018SW,"2006-06-06 15:28","2006-06-13 14:22",200606,6.360,15.600," ",.878," ",.092," ",.312," ",.066," ",.936," ",2.098," ",.140," ",1.780,0,-9,234.600,3.810,3.810,"w ","            ",
CO21,TC1280SW,"2006-06-13 14:22","2006-06-20 17:17",200606,4.880,13.000," ",.383," ",.043," ",.085," ",.031," ",.428," ",2.125," ",.081," ",1.145,0,-9,520.600,-9.990,7.668,"w ","            ",
CO21,TC1543SW,"2006-06-20 17:17","2006-06-27 14:50",200606,5.620,12.100," ",.482," ",.056," ",.091," ",.038," ",.730," ",2.319," ",.075," ",1.211,0,-9,1254.000,18.542,18.542,"w ","            ",
CO21,TC1871SW,"2006-06-27 14:50","2006-07-04 15:07",200607,-9.000,-9.000," ",-9.000," ",-9.000," ",-9.000," ",-9.000," ",-9.000," ",-9.000," ",-9.000," ",-9.000,0,-9,734.900,11.684,11.684,"  ","c           ",
CO21,TC2093SW,"2006-07-04 15:07","2006-07-11 14:21",200607,4.880,8.300," ",.046," ",.006," ",.008," ",.004," ",.202," ",.868," ",.024," ",.519,0,-9,5507.200,81.788,81.788,"w ","            ",
CO21,TC2349SW,"2006-07-11 14:21","2006-07-18 13:37",200607,-9.000,-9.000," ",-9.000," ",-9.000," ",-9.000," ",-9.000," ",-9.000," ",-9.000," ",-9.000," ",-9.000,0,-9,197.500,4.064,4.064,"  ","c           ",
CO21,TC2615SW,"2006-07-18 13:37","2006-07-25 14:12",200607,4.610,20.400," ",.380," ",.040," ",.049," ",.028," ",.836," ",3.342," ",.094," ",1.478,0,-9,1103.000,16.002,16.002,"w ","            ",
CO21,TC2885SW,"2006-07-25 14:12","2006-08-01 14:19",200607,4.680,18.200," ",.381," ",.045," ",.027," ",.025," ",.706," ",3.376," ",.083," ",1.023,0,-9,1031.100,14.224,14.224,"w ","            ",
CO21,TC3150SW,"2006-08-01 14:19","2006-08-08 14:18",200608,4.850,9.300," ",.095," ",.013," ",.026," ",.010," ",.223," ",1.115," ",.034," ",.552,0,-9,3535.700,51.054,51.054,"w ","            ",
CO21,TC3420SW,"2006-08-08 14:18","2006-08-15 17:25",200608,4.720,15.400," ",.238," ",.029," ",.033," ",.039," ",.460," ",2.344," ",.104," ",.944,0,-9,909.700,12.192,12.192,"w ","            ",
CO21,TC3682SW,"2006-08-15 17:25","2006-08-22 15:24",200608,4.750,15.900," ",.295," ",.037," ",.053," ",.060," ",.604," ",2.565," ",.133," ",1.260,0,-9,545.400,7.112,7.112,"w ","            ",
CO21,TC3939SW,"2006-08-22 15:24","2006-08-29 14:36",200608,4.920,9.400," ",.226," ",.021," ",.022," ",.022," ",.244," ",1.333," ",.053," ",.675,0,-9,1739.300,24.638,24.638,"w ","            ",
CO21,TC4204SW,"2006-08-29 14:36","2006-09-05 14:12",200609,-9.000,-9.000," ",-9.000," ",-9.000," ",-9.000," ",-9.000," ",-9.000," ",-9.000," ",-9.000," ",-9.000,0,-9,373.400,5.080,5.080,"  ","c           ",
CO21,TC4490SW,"2006-09-05 14:12","2006-09-12 14:32",200609,5.440,10.500," ",.168," ",.014," ",.050," ",.011," ",.926," ",1.719," ",.059," ",1.057,0,-9,1480.100,21.082,21.082,"w ","            ",
CO21,TC4751SW,"2006-09-12 14:32","2006-09-19 16:05",200609,4.740,18.000," ",.330," ",.054," ",.021," ",.042," ",.154," ",1.398," ",.179," ",1.286,0,-9,26.900,.254,.254,wd,"            ",
CO21,TC5025SW,"2006-09-19 16:06","2006-09-26 13:30",200609,5.240,4.400," ",.059," ",.005," ",.008," ",.007," ",.156," ",.527," ",.016," ",.303,0,-9,1897.100,-9.990,27.943,"w ","            ",
CO21,TC5278SW,"2006-09-26 13:30","2006-10-03 14:32",200609,-9.000,-9.000," ",-9.000," ",-9.000," ",-9.000," ",-9.000," ",-9.000," ",-9.000," ",-9.000," ",-9.000,0,-9,2.800,.000,.000,"d ","            ",
CO21,TC5542SW,"2006-10-03 14:33","2006-10-10 16:40",200610,5.040,6.000," ",.077," ",.009," ",.015," ",.016," ",.136," ",.567," ",.031," ",.490,0,-9,1031.800,-9.990,15.198,"w ","            ",
CO21,TC5803SW,"2006-10-10 16:40","2006-10-17 18:26",200610,4.930,8.600," ",.136," ",.013," ",.039," ",.024," ",.257," ",.963," ",.068," ",.676,0,-9,70.300,1.270,1.270,"w ","            ",
CO21,TC6076SW,"2006-10-17 18:26","2006-10-24 14:18",200610,5.450,4.000," ",.043," ",.004," ",.011," ",.014," ",.191," ",.483," ",.021," ",.333,0,-9,929.200,-9.990,13.686,"w ","            ",
CO21,TC6432SW,"2006-10-24 14:18","2006-10-31 16:00",200610,5.630,5.200," ",.062," ",.005," ",.010," ",.007," ",.466," ",.786," ",.017," ",.638,0,-9,1048.500,-9.990,15.444,"w ","            ",
CO21,TC6706SW,"2006-10-31 16:00","2006-11-07 15:18",200611,-9.000,-9.000," ",-9.000," ",-9.000," ",-9.000," ",-9.000," ",-9.000," ",-9.000," ",-9.000," ",-9.000,0,-9,2.600,.000,.000,"d ","            ",
CO21,TC6845SW,"2006-11-07 15:18","2006-11-14 17:12",200611,5.140,16.500," ",.687," ",.071," ",.032," ",.688," ",.358," ",2.589," ",.076," ",2.562,0,-9,70.000,.762,.762,"w ","            ",
CO21,TC7211SW,"2006-11-14 17:22","2006-11-21 15:22",200611,5.500,5.000," ",.141," ",.012," ",.070," ",.031,<,.016," ",.188," ",.074," ",.176,0,-9,51.500,.762,.762,wd,"            ",
CO21,TC7419SW,"2006-11-21 15:22","2006-11-28 15:55",200611,-9.000,-9.000," ",-9.000," ",-9.000," ",-9.000," ",-9.000," ",-9.000," ",-9.000," ",-9.000," ",-9.000,0,-9,1.500,.000,.000,"d ","            ",
CO21,TC7634SW,"2006-11-28 15:55","2006-12-05 15:32",200612,5.870,6.800," ",.531," ",.035," ",.034," ",.076," ",.135," ",1.774," ",.047," ",.381,0,-9,258.500,3.810,3.810,"w ","            ",
CO21,TC7920SW,"2006-12-05 15:32","2006-12-12 15:36",200612,4.920,12.600," ",.345," ",.035," ",.270," ",.220," ",.265," ",2.536," ",.305," ",.270,0,-9,30.100,.254,.254,wd,"            ",
CO21,TC8189SW,"2006-12-12 15:36","2006-12-19 18:14",200612,-9.000,-9.000," ",-9.000," ",-9.000," ",-9.000," ",-9.000," ",-9.000," ",-9.000," ",-9.000," ",-9.000,0,-9,1.000,.000,.000,"d ","            ",
CO21,TC8426SW,"2006-12-19 18:14","2006-12-26 16:15",200612,5.150,3.700," ",.038," ",.005," ",.012," ",.010," ",.018," ",.417," ",.022," ",.101,0,-9,235.800,10.414,10.414,"w ","            ",
CO21,TC8771SW,"2006-12-26 16:15","2007-01-02 18:29",200612,4.730,9.800," ",.042," ",.003," ",.005," ",.005," ",.103," ",1.069," ",.037," ",.467,0,-9,1064.900,16.764,16.764,"w ","            ",
CO21,TC8976SW,"2007-01-02 18:29","2007-01-09 15:30",200701,4.730,8.700," ",.062," ",.004," ",.003," ",.007," ",.036," ",1.052," ",.023," ",.072,0,-9,377.300,5.334,5.334,"w ","            ",
CO21,TC9244SW,"2007-01-09 15:30","2007-01-16 16:55",200701,5.160,4.300," ",.062," ",.006," ",.004," ",.019," ",.049," ",.621," ",.027," ",.118,0,-9,274.400,4.064,4.064,"w ","            ",
CO21,TC9507SW,"2007-01-16 16:55","2007-01-23 15:40",200701,5.230,4.000," ",.101," ",.004," ",.001," ",.007," ",.029," ",.642," ",.016," ",.063,0,-9,371.800,5.080,5.080,"w ","            ",
CO21,TC9789SW,"2007-01-23 15:40","2007-01-30 15:40",200701,-9.000,-9.000," ",-9.000," ",-9.000," ",-9.000," ",-9.000," ",-9.000," ",-9.000," ",-9.000," ",-9.000,0,-9,.300,.000,.000,"d ","            ",
CO21,TD0055SW,"2007-01-30 15:40","2007-02-06 15:38",200702,4.660,11.700," ",.113," ",.012," ",.008," ",.032," ",.056," ",1.567," ",.101," ",.165,0,-9,31.900,.508,.508,wd,"            ",
CO21,TD0274SW,"2007-02-06 15:38","2007-02-13 15:20",200702,-9.000,-9.000," ",-9.000," ",-9.000," ",-9.000," ",-9.000," ",-9.000," ",-9.000," ",-9.000," ",-9.000,0,-9,.000,.000,.000,"d ","            ",
CO21,TD0573SW,"2007-02-13 15:20","2007-02-20 15:35",200702,5.290,3.600," ",.044," ",.005," ",.003," ",.018," ",.105," ",.592," ",.033," ",.091,0,-9,307.900,4.064,4.064,"w ","            ",
CO21,TD0841SW,"2007-02-20 15:35","2007-02-27 15:40",200702,-9.000,-9.000," ",-9.000," ",-9.000," ",-9.000," ",-9.000," ",-9.000," ",-9.000," ",-9.000," ",-9.000,0,-9,11.100,-7.000,.127,"t ","            ",
CO21,TD1099SW,"2007-02-27 15:40","2007-03-06 16:44",200703,-9.000,-9.000," ",-9.000," ",-9.000," ",-9.000," ",-9.000," ",-9.000," ",-9.000," ",-9.000," ",-9.000,0,-9,14.100,1.016,1.016,"  ","v           ",
CO21,TD1402SW,"2007-03-06 16:44","2007-03-13 19:15",200703,4.970,7.400," ",.125," ",.015," ",.009," ",.020," ",.220," ",1.202," ",.038," ",.423,0,-9,425.300,6.350,6.350,"w ","            ",
CO21,TD1709SW,"2007-03-13 19:15","2007-03-20 14:44",200703,-9.000,-9.000," ",-9.000," ",-9.000," ",-9.000," ",-9.000," ",-9.000," ",-9.000," ",-9.000," ",-9.000,0,-9,9.300,.000,.000,"d ","            ",
CO21,TD1930SW,"2007-03-20 14:44","2007-03-27 14:44",200703,5.050,5.500," ",.080," ",.007," ",.009," ",.011," ",.109," ",.685," ",.031," ",.321,0,-9,528.200,7.620,7.620,"w ","            ",
CO21,TD2201SW,"2007-03-27 14:44","2007-04-03 15:06",200703,-9.000,-9.000," ",-9.000," ",-9.000," ",-9.000," ",-9.000," ",-9.000," ",-9.000," ",-9.000," ",-9.000,0,-9,16.700,-7.000,.127,"t ","            ",
CO21,TD2448SW,"2007-04-03 15:06","2007-04-10 15:12",200704,5.780,4.300," ",.194," ",.023," ",.012," ",.045," ",.214," ",.699," ",.049," ",.368,0,-9,132.900,1.778,1.778,"w ","            ",
CO21,TD2726SW,"2007-04-10 15:12","2007-04-17 15:44",200704,5.870,3.600," ",.042," ",.005," ",.006," ",.009," ",.340," ",.489," ",.020," ",.357,0,-9,1024.800,14.732,14.732,"w ","            ",
CO21,TD2973SW,"2007-04-17 15:44","2007-04-24 15:15",200704,5.930,6.100," ",.246," ",.025," ",.023," ",.051," ",.434," ",1.018," ",.066," ",.737,0,-9,727.300,10.414,10.414,"w ","            ",
CO21,TD3292SW,"2007-04-24 15:15","2007-05-01 14:31",200704,5.530,6.100," ",.268," ",.031," ",.020," ",.029," ",.282," ",1.020," ",.050," ",.629,0,-9,1013.900,15.240,15.240,"w ","            ",
CO21,TD3553SW,"2007-05-01 14:31","2007-05-08 13:57",200705,5.210,6.500," ",.170," ",.017," ",.022," ",.029," ",.281," ",.861," ",.043," ",.738,0,-9,1566.400,22.860,22.860,"w ","            ",
CO21,TD3803SW,"2007-05-08 13:57","2007-05-15 14:40",200705,4.790,16.600," ",.537," ",.063," ",.045," ",.071," ",.574," ",2.712," ",.152," ",1.677,0,-9,433.700,5.842,5.842,"w ","            ",
CO21,TD4066SW,"2007-05-15 14:40","2007-05-22 14:45",200705,5.020,16.600," ",.704," ",.096," ",.046," ",.138," ",.722," ",2.748," ",.203," ",2.242,0,-9,2052.100,29.210,29.210,"w ","            ",
CO21,TD4342SW,"2007-05-22 14:45","2007-05-29 15:21",200705,5.090,9.000," ",.375," ",.053," ",.049," ",.062," ",.224," ",1.414," ",.094," ",.918,0,-9,780.800,-9.990,11.500,"w ","            ",
CO21,TD4582SW,"2007-05-29 15:21","2007-06-05 14:18",200706,5.730,13.800," ",.542," ",.068," ",.052," ",.067," ",1.049," ",2.996," ",.124," ",1.634,0,-9,538.400,7.620,7.620,"w ","            ",
CO21,TD4860SW,"2007-06-05 14:18","2007-06-12 14:15",200706,-9.000,-9.000," ",-9.000," ",-9.000," ",-9.000," ",-9.000," ",-9.000," ",-9.000," ",-9.000," ",-9.000,0,-9,162.000,2.286,2.286,"  ","c           ",
CO21,TD5133SW,"2007-06-12 14:15","2007-06-19 14:40",200706,4.550,15.600," ",.235," ",.043," ",.181," ",.025," ",.041," ",1.505," ",.073," ",1.081,0,-9,552.400,8.128,8.128,"w ","            ",
CO21,TD5394SW,"2007-06-19 14:40","2007-06-26 14:58",200706,-9.000,-9.000," ",-9.000," ",-9.000," ",-9.000," ",-9.000," ",-9.000," ",-9.000," ",-9.000," ",-9.000,0,-9,133.500,2.540,2.540,"  ","c           ",
CO21,TD5679SW,"2007-06-26 14:58","2007-07-03 13:57",200706,4.840,16.300," ",.634," ",.102," ",.098," ",.086," ",.482," ",2.355," ",.153," ",1.939,0,-9,489.900,7.874,7.874,"w ","            ",
CO21,TD5915SW,"2007-07-03 13:57","2007-07-10 19:25",200707,-9.000,-9.000," ",-9.000," ",-9.000," ",-9.000," ",-9.000," ",-9.000," ",-9.000," ",-9.000," ",-9.000,0,-9,327.900,5.080,5.080,"  ","c           ",
CO21,TD6202SW,"2007-07-10 19:25","2007-07-17 16:21",200707,-9.000,-9.000," ",-9.000," ",-9.000," ",-9.000," ",-9.000," ",-9.000," ",-9.000," ",-9.000," ",-9.000,0,-9,600.800,8.636,8.636,"  ","c           ",
CO21,TD6466SW,"2007-07-17 16:21","2007-07-24 14:25",200707,5.380,11.500," ",.377," ",.045," ",.105," ",.025," ",.779," ",2.141," ",.090," ",1.343,0,-9,1249.400,18.034,18.034,"w ","            ",
CO21,TD6742SW,"2007-07-24 14:25","2007-07-31 15:18",200707,4.740,12.500," ",.143," ",.018," ",.019," ",.008," ",.381," ",1.724," ",.044," ",.822,0,-9,1977.600,28.448,28.448,"w ","            ",
CO21,TD7006SW,"2007-07-31 15:18","2007-08-07 14:35",200708,4.870,7.100," ",.044," ",.008," ",.012," ",.004," ",.137," ",.866," ",.026," ",.276,0,-9,3148.300,46.990,46.990,"w ","            ",
CO21,TD7290SW,"2007-08-07 14:35","2007-08-14 14:21",200708,4.710,10.400," ",.113," ",.016," ",.021," ",.022," ",.129," ",1.113," ",.046," ",.592,0,-9,1045.800,14.986,14.986,"w ","            ",
CO21,TD7557SW,"2007-08-14 14:21","2007-08-21 15:52",200708,4.480,18.200," ",.176," ",.018," ",.020," ",.012," ",.248," ",1.929," ",.059," ",1.176,0,-9,1534.500,22.352,22.352,"w ","            ",
CO21,TD7809SW,"2007-08-21 15:52","2007-08-28 15:00",200708,5.220,7.800," ",.324," ",.038," ",.042," ",.046," ",.252," ",1.192," ",.082," ",.686,0,-9,634.200,8.636,8.636,"w ","            ",
CO21,TD8074SW,"2007-08-28 15:00","2007-09-04 14:05",200709,4.560,17.400," ",.214," ",.031," ",.026," ",.015," ",.474," ",2.189," ",.066," ",1.342,0,-9,1139.100,16.764,16.764,"w ","            ",
CO21,TD8345SW,"2007-09-04 14:05","2007-09-11 16:25",200709,5.030,7.200," ",.164," ",.019," ",.034," ",.014," ",.245," ",.798," ",.037," ",.720,0,-9,1707.800,25.146,25.146,"w ","            ",
CO21,TD8626SW,"2007-09-11 16:25","2007-09-18 14:05",200709,-9.000,-9.000," ",-9.000," ",-9.000," ",-9.000," ",-9.000," ",-9.000," ",-9.000," ",-9.000," ",-9.000,0,-9,96.200,1.524,1.524,"  ","c           ",
CO21,TD8944SW,"2007-09-18 14:05","2007-09-25 14:37",200709,-9.000,-9.000," ",-9.000," ",-9.000," ",-9.000," ",-9.000," ",-9.000," ",-9.000," ",-9.000," ",-9.000,0,-9,.900,-7.000,.127,"t ","            ",
CO21,TD9221SW,"2007-09-25 14:37","2007-10-02 14:01",200709,-9.000,-9.000," ",-9.000," ",-9.000," ",-9.000," ",-9.000," ",-9.000," ",-9.000," ",-9.000," ",-9.000,0,-9,35.300,.508,.508,"  ","c           ",2008-08-15
CO21,TD9432SW,"2007-10-02 14:02","2007-10-09 21:58",200710,-9.000,-9.000," ",-9.000," ",-9.000," ",-9.000," ",-9.000," ",-9.000," ",-9.000," ",-9.000," ",-9.000,0,-9,3.600,.000,.000,"d ","            ",
CO21,TD9706SW,"2007-10-09 21:58","2007-10-16 15:12",200710,5.170,3.300," ",.022," ",.003," ",.011," ",.010," ",.016," ",.333," ",.043," ",.083,0,-9,394.100,-9.990,5.804,"w ","            ",
CO21,TD9972SW,"2007-10-16 15:12","2007-10-23 14:48",200710,6.260,3.300," ",.347," ",.025," ",.018," ",.019," ",.055," ",.320," ",.019," ",.101,0,-9,742.200,-9.990,10.932,"w ","            ",
CO21,TE0298SW,"2007-10-23 14:48","2007-10-30 17:52",200710,-9.000,-9.000," ",-9.000," ",-9.000," ",-9.000," ",-9.000," ",-9.000," ",-9.000," ",-9.000," ",-9.000,0,-9,1.600,.000,.000,"d ","            ",
CO21,TE0553SW,"2007-10-30 17:52","2007-11-06 15:34",200711,-9.000,-9.000," ",-9.000," ",-9.000," ",-9.000," ",-9.000," ",-9.000," ",-9.000," ",-9.000," ",-9.000,0,-9,.900,.000,.000,"d ","            ",
CO21,TE0838SW,"2007-11-06 15:34","2007-11-13 15:52",200711,-9.000,-9.000," ",-9.000," ",-9.000," ",-9.000," ",-9.000," ",-9.000," ",-9.000," ",-9.000," ",-9.000,0,-9,1.300,.000,.000,"d ","            ",
CO21,TE1144SW,"2007-11-13 15:52","2007-11-20 15:38",200711,-9.000,-9.000," ",-9.000," ",-9.000," ",-9.000," ",-9.000," ",-9.000," ",-9.000," ",-9.000," ",-9.000,0,-9,1.000,.000,.000,"d ","            ",
CO21,TE1325SW,"2007-11-20 15:38","2007-11-27 15:32",200711,5.380,9.800," ",.419," ",.052," ",.035," ",.082," ",.471," ",2.277," ",.073," ",.873,0,-9,171.800,2.286,2.286,"w ","            ",
CO21,TE1564SW,"2007-11-27 15:32","2007-12-04 15:48",200712,5.760,4.600," ",.224," ",.025," ",.022," ",.056," ",.221," ",1.178," ",.038," ",.189,0,-9,129.600,1.778,1.778,"w ","            ",
CO21,TE1852SW,"2007-12-04 15:48","2007-12-11 16:50",200712,4.700,9.800," ",.042," ",.006," ",.007," ",.010," ",.058," ",1.214," ",.028," ",.330,0,-9,91.300,1.778,1.778,"w ","            ",
CO21,TE2399SW,"2007-12-11 16:50","2007-12-18 15:22",200712,-9.000,-9.000," ",-9.000," ",-9.000," ",-9.000," ",-9.000," ",-9.000," ",-9.000," ",-9.000," ",-9.000,0,-9,3.100,-7.000,.127,"t ","            ",
CO21,TE2501SW,"2007-12-18 15:22","2007-12-25 17:22",200712,5.560,6.500," ",.084," ",.009," ",.022," ",.033," ",.536," ",1.199," ",.063," ",.378,0,-9,49.800,1.016,1.016,"w ","            ",
CO21,TE2673SW,"2007-12-25 17:22","2008-01-01 17:50",200712,5.190,4.600," ",.084," ",.010," ",.008," ",.030," ",.109," ",.734," ",.042," ",.199,0,-9,96.000,1.270,1.270,"w ","            ",
CO21,TE2917SW,"2008-01-01 17:50","2008-01-08 16:00",200801,5.050,4.700," ",.032," ",.003," ",.003," ",.010," ",.078," ",.703," ",.039," ",.081,0,-9,180.200,2.794,2.794,"w ","            ",
CO21,TE3280SW,"2008-01-08 16:00","2008-01-15 15:40",200801,5.230,4.900," ",.072," ",.008," ",.008," ",.037," ",.169," ",.765," ",.075," ",.148,0,-9,56.600,.762,.762,"w ","            ",
CO21,TE3437SW,"2008-01-15 15:40","2008-01-22 16:20",200801,5.330,6.000," ",.126," ",.012," ",.011," ",.044," ",.218," ",1.116," ",.065," ",.263,0,-9,127.300,2.032,2.032,"w ","            ",
CO21,TE3708SW,"2008-01-22 16:20","2008-01-29 16:05",200801,5.670,2.600," ",.145," ",.011," ",.017," ",.029," ",.024," ",.178," ",.037," ",.105,0,-9,49.800,1.016,1.016,"w ","            ",
CO21,TE3957SW,"2008-01-29 16:05","2008-02-05 17:38",200802,5.220,5.000," ",.037," ",.004," ",.003," ",.018," ",.258," ",.930," ",.034," ",.211,0,-9,498.600,6.858,6.858,"w ","            ",
CO21,TE4155SW,"2008-02-05 17:38","2008-02-11 17:00",200802,-9.000,-9.000," ",-9.000," ",-9.000," ",-9.000," ",-9.000," ",-9.000," ",-9.000," ",-9.000," ",-9.000,0,-9,8.000,-7.000,.127,"t ","            ",
CO21,TE4490SW,"2008-02-11 17:00","2008-02-19 16:45",200802,5.660,4.900," ",.171," ",.017," ",.023," ",.055," ",.281," ",.908," ",.098," ",.243,0,-9,29.700,.508,.508,wd,"            ",
CO21,TE4775SW,"2008-02-19 16:45","2008-02-26 16:48",200802,5.400,3.200," ",.034," ",.004," ",.005," ",.010," ",.095," ",.516," ",.016," ",.072,0,-9,610.700,8.890,8.890,"w ","            ",
CO21,TE5036SW,"2008-02-26 16:48","2008-03-04 16:36",200803,5.610,6.100," ",.257," ",.025," ",.026," ",.066," ",.308," ",1.427," ",.091," ",.271,0,-9,61.200,2.794,2.794,"w ","            ",
CO21,TE5291SW,"2008-03-04 16:36","2008-03-11 21:10",200803,5.340,5.200," ",.091," ",.008," ",.004," ",.013," ",.274," ",1.175," ",.029," ",.186,0,-9,175.100,2.286,2.286,"w ","            ",
CO21,TE5553SW,"2008-03-11 21:10","2008-03-18 14:55",200803,6.550,5.300," ",.471," ",.043," ",.023," ",.140," ",.133," ",.452," ",.107," ",.388,0,-9,470.700,6.858,6.858,"w ","            ",
CO21,TE5864SW,"2008-03-18 14:55","2008-03-25 15:30",200803,5.960,9.600," ",.372," ",.048," ",.028," ",.096," ",.588," ",2.050," ",.204," ",.556,0,-9,24.400,.508,.508,wd,"            ",
CO21,TE6079SW,"2008-03-25 15:30","2008-04-01 14:31",200803,7.040,5.900," ",.443," ",.043," ",.026," ",.090," ",.123," ",.621," ",.068," ",.519,0,-9,92.400,1.270,1.270,"w ","            ",
CO21,TE6340SW,"2008-04-01 14:31","2008-04-08 14:19",200804,6.220,8.600," ",.432," ",.052," ",.038," ",.089," ",.491," ",1.508," ",.117," ",.963,0,-9,53.300,.762,.762,"w ","            ",
CO21,TE6608SW,"2008-04-08 14:19","2008-04-15 15:42",200804,-9.000,-9.000," ",-9.000," ",-9.000," ",-9.000," ",-9.000," ",-9.000," ",-9.000," ",-9.000," ",-9.000,0,-9,126.900,1.778,1.778,"  ","c           ",
CO21,TE6874SW,"2008-04-15 15:42","2008-04-22 19:45",200804,6.770,7.700," ",.822," ",.069," ",.038," ",.142," ",.171," ",.941," ",.137," ",.473,0,-9,567.100,8.128,8.128,"w ","            ",
CO21,TE7247SW,"2008-04-22 19:45","2008-04-29 15:20",200804,-9.000,-9.000," ",-9.000," ",-9.000," ",-9.000," ",-9.000," ",-9.000," ",-9.000," ",-9.000," ",-9.000,0,-9,.000,.000,.000,"d ","            ",
CO21,TE7391SW,"2008-04-29 15:20","2008-05-06 14:10",200805,6.600,8.300," ",1.008," ",.096," ",.041," ",.130," ",.006," ",.799," ",.114," ",.706,0,-9,277.400,4.064,4.064,"w ","            ",
CO21,TE7657SW,"2008-05-06 14:10","2008-05-13 16:22",200805,6.750,11.200," ",1.042," ",.083," ",.060," ",.103," ",.438," ",1.386," ",.121," ",1.000,0,-9,587.600,8.890,8.890,"w ","            ",
CO21,TE7919SW,"2008-05-13 16:22","2008-05-20 13:35",200805,5.270,6.200," ",.097," ",.011," ",.005," ",.010," ",.314," ",1.109," ",.023," ",.464,0,-9,638.900,9.398,9.398,"w ","            ",
CO21,TE8178SW,"2008-05-20 13:35","2008-05-27 14:00",200805,-9.000,-9.000," ",-9.000," ",-9.000," ",-9.000," ",-9.000," ",-9.000," ",-9.000," ",-9.000," ",-9.000,0,-9,141.000,2.032,2.032,"  ","c           ",
CO21,TE8500SW,"2008-05-27 14:00","2008-06-03 14:28",200805,-9.000,-9.000," ",-9.000," ",-9.000," ",-9.000," ",-9.000," ",-9.000," ",-9.000," ",-9.000," ",-9.000,0,-9,4.700,-7.000,.127,"t ","            ",
CO21,TE8712SW,"2008-06-03 14:28","2008-06-10 15:19",200806,4.930,8.300," ",.176," ",.017," ",.017," ",.033," ",.153," ",.954," ",.068," ",.703,0,-9,476.800,-9.990,7.023,"w ","            ",
CO21,TE8963SW,"2008-06-10 15:30","2008-06-17 14:25",200806,6.360,11.600," ",1.248," ",.136," ",.161," ",.167," ",.008," ",1.914," ",.200," ",1.436,0,-9,95.500,1.524,1.524,"w ","            ",
CO21,TE9300SW,"2008-06-17 14:25","2008-06-24 14:12",200806,-9.000,-9.000," ",-9.000," ",-9.000," ",-9.000," ",-9.000," ",-9.000," ",-9.000," ",-9.000," ",-9.000,0,-9,255.200,4.064,4.064,"  ","c           ",
CO21,TE9604SW,"2008-06-24 14:12","2008-07-01 14:30",200806,4.930,14.900," ",.846," ",.120," ",.615," ",.091,<,.025," ",1.420," ",.252," ",1.226,0,-9,26.800,.508,.508,wd,"            ",
CO21,TE9743SW,"2008-07-01 14:30","2008-07-08 14:30",200807,4.860,15.700," ",.482," ",.064," ",.112," ",.051," ",.620," ",2.480," ",.121," ",1.606,0,-9,702.900,10.160,10.160,"w ","            ",
CO21,TF0096SW,"2008-07-08 14:30","2008-07-15 14:30",200807,-9.000,-9.000," ",-9.000," ",-9.000," ",-9.000," ",-9.000," ",-9.000," ",-9.000," ",-9.000," ",-9.000,0,-9,12.800,.254,.254,"  ","v           ",
CO21,TF0311SW,"2008-07-15 14:30","2008-07-22 13:30",200807,-9.000,-9.000," ",-9.000," ",-9.000," ",-9.000," ",-9.000," ",-9.000," ",-9.000," ",-9.000," ",-9.000,0,-9,101.700,2.540,2.540,"  ","c           ",
CO21,TF0575SW,"2008-07-22 13:30","2008-07-29 14:02",200807,4.900,17.000," ",.487," ",.074," ",.048," ",.045," ",.811," ",3.074," ",.107," ",1.606,0,-9,674.000,10.160,10.160,"w ","            ",
CO21,TF0803SW,"2008-07-29 14:02","2008-08-05 13:30",200808,-9.000,-9.000," ",-9.000," ",-9.000," ",-9.000," ",-9.000," ",-9.000," ",-9.000," ",-9.000," ",-9.000,0,-9,119.700,1.778,1.778,"  ","c           ",
CO21,TF1075SW,"2008-08-05 13:30","2008-08-12 13:30",200808,4.820,11.600," ",.182," ",.026," ",.017," ",.013," ",.417," ",1.630," ",.042," ",.944,0,-9,2591.900,35.560,35.560,"w ","            ",
CO21,TF1333SW,"2008-08-12 13:30","2008-08-19 13:30",200808,5.130,7.200," ",.116," ",.016," ",.233," ",.015," ",.239," ",.718," ",.050," ",.730,0,-9,2855.300,40.640,40.640,"w ","            ",
CO21,TF1599SW,"2008-08-19 13:30","2008-08-26 15:00",200808,4.770,13.200," ",.258," ",.061," ",.472," ",.024," ",.075," ",1.736," ",.088," ",.873,0,-9,1565.000,21.590,21.590,"w ","            ",
CO21,TF1845SW,"2008-08-26 15:00","2008-09-02 15:40",200808,-9.000,-9.000," ",-9.000," ",-9.000," ",-9.000," ",-9.000," ",-9.000," ",-9.000," ",-9.000," ",-9.000,0,-9,.100,.000,.000,"d ","            ",
CO21,TF2296SW,"2008-09-02 15:40","2008-09-09 14:55",200809,-9.000,-9.000," ",-9.000," ",-9.000," ",-9.000," ",-9.000," ",-9.000," ",-9.000," ",-9.000," ",-9.000,0,-9,1.400,.000,.000,"d ","            ",
CO21,TF2390SW,"2008-09-09 14:55","2008-09-16 14:50",200809,5.180,4.400," ",.040," ",.006," ",.006," ",.009," ",.055," ",.402," ",.023," ",.196,0,-9,1224.200,16.002,16.002,"w ","            ",
CO21,TF2648SW,"2008-09-16 14:50","2008-09-23 20:35",200809,-9.000,-9.000," ",-9.000," ",-9.000," ",-9.000," ",-9.000," ",-9.000," ",-9.000," ",-9.000," ",-9.000,0,-9,267.400,3.810,3.810,"  ","c           ",
CO21,TF2922SW,"2008-09-23 20:35","2008-09-30 15:13",200809,4.810,15.400," ",.440," ",.047," ",.026," ",.036," ",.543," ",2.805," ",.106," ",1.339,0,-9,529.300,7.620,7.620,"w ","            ",
CO21,TF3170SW,"2008-09-30 15:13","2008-10-07 14:08",200810,-9.000,-9.000," ",-9.000," ",-9.000," ",-9.000," ",-9.000," ",-9.000," ",-9.000," ",-9.000," ",-9.000,0,-9,43.200,-9.990,.636,"  ","v           ",
CO21,TF3437SW,"2008-10-07 14:08","2008-10-14 14:30",200810,5.190,5.200," ",.072," ",.007," ",.013," ",.017," ",.142," ",.400," ",.038," ",.490,0,-9,346.200,4.826,4.826,"w ","            ",
CO21,TF3680SW,"2008-10-14 14:30","2008-10-21 14:43",200810,-9.000,-9.000," ",-9.000," ",-9.000," ",-9.000," ",-9.000," ",-9.000," ",-9.000," ",-9.000," ",-9.000,0,-9,1.600,.000,.000,"d ","            ",
CO21,TF3949SW,"2008-10-21 14:43","2008-10-28 15:24",200810,5.440,4.100," ",.131," ",.017," ",.017," ",.017," ",.133," ",.559," ",.038," ",.322,0,-9,214.200,-9.990,3.155,"w ","            ",
CO21,TF4219SW,"2008-10-28 15:24","2008-11-04 15:05",200811,-9.000,-9.000," ",-9.000," ",-9.000," ",-9.000," ",-9.000," ",-9.000," ",-9.000," ",-9.000," ",-9.000,0,-9,1.700,.000,.000,"d ","            ",
CO21,TF4464SW,"2008-11-04 15:05","2008-11-11 14:35",200811,-9.000,-9.000," ",-9.000," ",-9.000," ",-9.000," ",-9.000," ",-9.000," ",-9.000," ",-9.000," ",-9.000,0,-9,1.000,.000,.000,"d ","            ",
CO21,TF4740SW,"2008-11-11 14:35","2008-11-18 15:08",200811,5.400,5.000," ",.257," ",.034," ",.005," ",.019,<,.029," ",.564," ",.092," ",.301,0,-9,23.400,.254,.254,wd,"            ",
CO21,TF5091SW,"2008-11-18 15:08","2008-11-25 15:25",200811,-9.000,-9.000," ",-9.000," ",-9.000," ",-9.000," ",-9.000," ",-9.000," ",-9.000," ",-9.000," ",-9.000,0,-9,1.000,.000,.000,"d ","            ",
CO21,TF5238SW,"2008-11-25 15:25","2008-12-02 16:43",200811,5.410,4.100," ",.084," ",.010," ",.009," ",.009," ",.203," ",.881," ",.040," ",.150,0,-9,302.800,4.318,4.318,"w ","            ",
CO21,TF5507SW,"2008-12-02 16:43","2008-12-09 16:00",200812,5.750,2.900," ",.045," ",.007," ",.013," ",.005," ",.181," ",.591," ",.017," ",.073,0,-9,114.300,1.524,1.524,"w ","            ",
CO21,TF5748SW,"2008-12-09 16:00","2008-12-16 16:31",200812,6.850,12.500," ",2.100," ",.087," ",.091," ",.083," ",.083," ",1.210," ",.076," ",.360,0,-9,178.500,2.540,2.540,"w ","            ",
CO21,TF6076SW,"2008-12-16 16:31","2008-12-23 15:53",200812,5.600,2.900," ",.067," ",.007," ",.026," ",.014," ",.072," ",.282," ",.056," ",.121,0,-9,40.000,.508,.508,wd,"            ",
CO21,TF6322SW,"2008-12-23 15:53","2008-12-30 15:20",200812,-9.000,-9.000," ",-9.000," ",-9.000," ",-9.000," ",-9.000," ",-9.000," ",-9.000," ",-9.000," ",-9.000,0,-9,1.600,.000,.000,"d ","            ",
CO21,TF6516SW,"2008-12-30 15:20","2009-01-06 15:30",200901,5.080,5.800," ",.086," ",.009," ",.011," ",.014," ",.137," ",.933," ",.029," ",.243,0,-9,205.700,3.048,3.048,"w ","            ",
CO21,TF6774SW,"2009-01-06 15:30","2009-01-13 15:26",200901,5.860,2.500," ",.094," ",.010," ",.011," ",.023," ",.122," ",.247," ",.040," ",.132,0,-9,185.000,2.540,2.540,"w ","            ",
CO21,TF7026SW,"2009-01-13 15:26","2009-01-20 16:10",200901,-9.000,-9.000," ",-9.000," ",-9.000," ",-9.000," ",-9.000," ",-9.000," ",-9.000," ",-9.000," ",-9.000,0,-9,.600,.000,.000,"d ","            ",
CO21,TF7286SW,"2009-01-20 16:10","2009-01-27 15:40",200901,5.070,5.400," ",.120," ",.021," ",.011," ",.025," ",.059," ",.942," ",.064," ",.119,0,-9,135.000,1.778,1.778,"w ","            ",
CO21,TF7545SW,"2009-01-27 15:40","2009-02-03 16:15",200901,-9.000,-9.000," ",-9.000," ",-9.000," ",-9.000," ",-9.000," ",-9.000," ",-9.000," ",-9.000," ",-9.000,0,-9,1.700,.000,.000,"d ","            ",
CO21,TF7793SW,"2009-02-03 16:15","2009-02-10 16:00",200902,5.800,5.400," ",.246," ",.021," ",.026," ",.053," ",.304," ",.910," ",.081," ",.466,0,-9,56.500,.762,.762,"w ","            ",
CO21,TF8046SW,"2009-02-10 16:00","2009-02-17 15:15",200902,5.160,5.400," ",.053," ",.005," ",.003," ",.009," ",.179," ",.980," ",.013," ",.175,0,-9,229.400,3.302,3.302,"w ","            ",
CO21,TF8442SW,"2009-02-17 15:15","2009-02-24 15:10",200902,-9.000,-9.000," ",-9.000," ",-9.000," ",-9.000," ",-9.000," ",-9.000," ",-9.000," ",-9.000," ",-9.000,0,-9,1.700,.000,.000,"d ","            ",
CO21,TF8630SW,"2009-02-24 15:10","2009-03-03 17:10",200902,-9.000,-9.000," ",-9.000," ",-9.000," ",-9.000," ",-9.000," ",-9.000," ",-9.000," ",-9.000," ",-9.000,0,-9,1.100,.000,.000,"d ","            ",
CO21,TF8800SW,"2009-03-03 17:10","2009-03-10 16:40",200903,6.240,7.100," ",.730," ",.044," ",.045," ",.060," ",.218," ",1.197," ",.067," ",.645,0,-9,168.400,2.286,2.286,"w ","            ",
CO21,TF9134SW,"2009-03-10 16:40","2009-03-17 14:55",200903,-9.000,-9.000," ",-9.000," ",-9.000," ",-9.000," ",-9.000," ",-9.000," ",-9.000," ",-9.000," ",-9.000,0,-9,.200,.000,.000,"d ","            ",
CO21,TF9370SW,"2009-03-17 14:55","2009-03-24 15:10",200903,-9.000,-9.000," ",-9.000," ",-9.000," ",-9.000," ",-9.000," ",-9.000," ",-9.000," ",-9.000," ",-9.000,0,-9,1.300,.000,.000,"d ","            ",
CO21,TF9576SW,"2009-03-24 15:10","2009-03-31 15:21",200903,5.740,2.800," ",.187," ",.017," ",.012," ",.013," ",.087," ",.477," ",.018," ",.155,0,-9,436.200,7.366,7.366,"w ","            ",
CO21,TF9831SW,"2009-03-31 15:21","2009-04-07 13:45",200904,5.990,3.200," ",.168," ",.015," ",.008," ",.021," ",.180," ",.404," ",.037," ",.190,0,-9,171.500,2.540,2.540,"w ","            ",
CO21,TG0094SW,"2009-04-07 13:45","2009-04-14 14:30",200904,5.460,7.100," ",.070," ",.009," ",.013," ",.026," ",.631," ",1.249," ",.050," ",.725,0,-9,732.600,10.414,10.414,"w ","            ",
CO21,TG0350SW,"2009-04-14 14:30","2009-04-21 18:20",200904,5.900,5.800," ",.247," ",.025," ",.022," ",.096," ",.418," ",.724," ",.125," ",.630,0,-9,2331.900,-9.990,34.348,"w ","            ",
CO21,TG0599SW,"2009-04-21 18:20","2009-04-28 15:06",200904,6.260,5.400," ",.496," ",.034," ",.021," ",.038," ",.235," ",.582," ",.051," ",.591,0,-9,274.500,3.302,3.302,"w ","            ",
CO21,TG0858SW,"2009-04-28 15:06","2009-05-05 14:36",200905,5.090,5.800," ",.104," ",.014," ",.008," ",.018," ",.190," ",.676," ",.026," ",.483,0,-9,684.100,9.144,9.144,"w ","            ",
CO21,TG1158SW,"2009-05-05 14:36","2009-05-12 14:00",200905,-9.000,-9.000," ",-9.000," ",-9.000," ",-9.000," ",-9.000," ",-9.000," ",-9.000," ",-9.000," ",-9.000,0,-9,12.500,-7.000,.127,"t ","            ",
CO21,TG1442SW,"2009-05-12 14:00","2009-05-19 14:45",200905,-9.000,-9.000," ",-9.000," ",-9.000," ",-9.000," ",-9.000," ",-9.000," ",-9.000," ",-9.000," ",-9.000,0,-9,24.100,.254,.254,"  ","c           ",
CO21,TG1612SW,"2009-05-19 14:45","2009-05-26 14:33",200905,5.190,5.800," ",.075," ",.009," ",.011," ",.012," ",.201," ",.652," ",.029," ",.476,0,-9,2621.700,38.354,38.354,"w ","            ",
CO21,TG1887SW,"2009-05-26 14:33","2009-06-02 14:40",200905,5.110,6.200," ",.074," ",.009," ",.010," ",.007," ",.230," ",.899," ",.023," ",.364,0,-9,2556.300,37.338,37.338,"w ","            ",
CO21,TG2155SW,"2009-06-02 14:40","2009-06-09 14:35",200906,5.390,5.400," ",.406," ",.034," ",.014," ",.024," ",.018," ",.779," ",.049," ",.271,0,-9,64.100,.508,.508,"w ","            ",
CO21,TG2383SW,"2009-06-09 14:35","2009-06-16 14:30",200906,5.840,9.300," ",.520," ",.051," ",.072," ",.089," ",.555," ",1.488," ",.156," ",1.128,0,-9,341.200,5.080,5.080,"w ","            ",
CO21,TG2780SW,"2009-06-16 14:30","2009-06-23 14:30",200906,-9.000,-9.000," ",-9.000," ",-9.000," ",-9.000," ",-9.000," ",-9.000," ",-9.000," ",-9.000," ",-9.000,0,-9,11.500,-7.000,.127,"t ","            ",
CO21,TG2915SW,"2009-06-23 14:30","2009-06-30 14:23",200906,5.040,7.000," ",.124," ",.020," ",.038," ",.013," ",.192," ",.754," ",.045," ",.552,0,-9,2071.500,29.210,29.210,"w ","            ",
CO21,TG3156SW,"2009-06-30 14:23","2009-07-07 14:15",200907,5.770,6.500," ",.113," ",.025," ",.107," ",.048," ",.538," ",.821," ",.093," ",.679,0,-9,2230.100,31.496,31.496,"w ","            ",
CO21,TG3414SW,"2009-07-07 14:15","2009-07-14 14:34",200907,4.670,14.800," ",.328," ",.038," ",.047," ",.051," ",.411," ",2.117," ",.119," ",1.121,0,-9,407.100,5.842,5.842,"w ","            ",
CO21,TG3667SW,"2009-07-14 14:34","2009-07-21 15:10",200907,-9.000,-9.000," ",-9.000," ",-9.000," ",-9.000," ",-9.000," ",-9.000," ",-9.000," ",-9.000," ",-9.000,0,-9,78.400,1.016,1.016,"  ","c           ",
CO21,TG3931SW,"2009-07-21 15:10","2009-07-28 14:40",200907,4.810,12.400," ",.274," ",.034," ",.029," ",.024," ",.441," ",1.864," ",.072," ",.950,0,-9,1585.900,23.114,23.114,"w ","            ",
CO21,TG4176SW,"2009-07-28 14:40","2009-08-04 14:30",200908,5.610,5.700," ",.134," ",.026," ",.214," ",.015," ",.340," ",.808," ",.065," ",.494,0,-9,1345.800,19.812,19.812,"w ","            ",
CO21,TG4432SW,"2009-08-04 14:30","2009-08-11 17:15",200908,4.960,16.200," ",.697," ",.094," ",.050," ",.074," ",.660," ",2.719," ",.167," ",1.677,0,-9,323.500,4.318,4.318,"w ","            ",
CO21,TG4751SW,"2009-08-11 17:15","2009-08-18 13:12",200908,5.410,12.300," ",.875," ",.080," ",.070," ",.069," ",.423," ",2.435," ",.162," ",1.150,0,-9,138.900,2.032,2.032,"w ","            ",
CO21,TG4934SW,"2009-08-18 13:12","2009-08-25 15:00",200908,4.560,18.900," ",.469," ",.058," ",.048," ",.069," ",.125," ",2.029," ",.156," ",1.230,0,-9,105.200,-9.990,1.549,"w ","            ",
CO21,TG5199SW,"2009-08-25 15:00","2009-09-01 14:46",200908,4.920,12.300," ",.311," ",.041," ",.038," ",.036," ",.434," ",1.873," ",.080," ",1.001,0,-9,1730.700,25.146,25.146,"w ","            ",
CO21,TG5439SW,"2009-09-01 14:46","2009-09-08 14:42",200909,4.680,14.900," ",.187," ",.027," ",.028," ",.010," ",.388," ",1.426," ",.044," ",1.371,0,-9,598.900,8.636,8.636,"w ","            ",
CO21,TG5772SW,"2009-09-08 14:42","2009-09-16 16:30",200909,5.080,7.300," ",.155," ",.020," ",.014," ",.020," ",.235," ",.909," ",.045," ",.599,0,-9,2641.700,38.862,38.862,"w ","            ",
CO21,TG5966SW,"2009-09-16 17:17","2009-09-22 15:12",200909,-9.000,-9.000," ",-9.000," ",-9.000," ",-9.000," ",-9.000," ",-9.000," ",-9.000," ",-9.000," ",-9.000,0,-9,998.300,-9.990,14.704,"  ","c           ",
CO21,TG6208SW,"2009-09-22 15:12","2009-09-29 14:12",200909,6.100,5.800," ",.108," ",.029," ",.342," ",.012,<,.006," ",.915," ",.034," ",.546,0,-9,704.500,-9.990,10.377,"w ","            ",
CO21,TG6536SW,"2009-09-29 14:12","2009-10-06 15:18",200910,-9.000,-9.000," ",-9.000," ",-9.000," ",-9.000," ",-9.000," ",-9.000," ",-9.000," ",-9.000," ",-9.000,0,-9,.000,.000,.000,"d ","            ",
CO21,TG6711SW,"2009-10-06 15:18","2009-10-13 15:05",200910,5.100,8.000," ",.243," ",.034," ",.024," ",.059," ",.233," ",.849," ",.124," ",.819,0,-9,37.600,.508,.508,wd,"            ",
CO21,TG7046SW,"2009-10-13 15:05","2009-10-20 14:23",200910,-9.000,-9.000," ",-9.000," ",-9.000," ",-9.000," ",-9.000," ",-9.000," ",-9.000," ",-9.000," ",-9.000,0,-9,2.300,-7.000,.127,"t ","            ",
CO21,TG7223SW,"2009-10-20 14:23","2009-10-27 15:06",200910,5.390,2.600," ",.026," ",.005," ",.005," ",.002," ",.063," ",.301," ",.015," ",.062,0,-9,768.100,-9.990,11.313,"w ","            ",
CO21,TG7475SW,"2009-10-27 15:06","2009-11-03 15:34",200910,5.920,2.700," ",.223," ",.021," ",.015," ",.020,<,.006," ",.356," ",.035," ",.109,0,-9,224.600,3.556,3.556,"w ","            ",
CO21,TG7771SW,"2009-11-03 15:34","2009-11-10 15:36",200911,-9.000,-9.000," ",-9.000," ",-9.000," ",-9.000," ",-9.000," ",-9.000," ",-9.000," ",-9.000," ",-9.000,0,-9,1.000,.000,.000,"d ","            ",
CO21,TG7968SW,"2009-11-10 15:36","2009-11-17 17:45",200911,5.250,4.000," ",.034," ",.004," ",.007," ",.004," ",.091," ",.507," ",.013," ",.181,0,-9,680.000,10.160,10.160,"w ","            ",
CO21,TG8349SW,"2009-11-17 17:45","2009-11-24 15:45",200911,-9.000,-9.000," ",-9.000," ",-9.000," ",-9.000," ",-9.000," ",-9.000," ",-9.000," ",-9.000," ",-9.000,0,-9,19.400,.254,.254,"  ","v           ",
CO21,TG8547SW,"2009-11-24 15:45","2009-12-01 15:38",200911,-9.000,-9.000," ",-9.000," ",-9.000," ",-9.000," ",-9.000," ",-9.000," ",-9.000," ",-9.000," ",-9.000,0,-9,2.500,.000,.000,"d ","            ",
CO21,TG8727SW,"2009-12-01 15:38","2009-12-08 18:10",200912,5.090,5.200," ",.086," ",.008," ",.009," ",.015," ",.093," ",.948," ",.039," ",.109,0,-9,95.800,1.270,1.270,"w ","            ",
CO21,TG9046SW,"2009-12-08 18:10","2009-12-15 15:50",200912,-9.000,-9.000," ",-9.000," ",-9.000," ",-9.000," ",-9.000," ",-9.000," ",-9.000," ",-9.000," ",-9.000,0,-9,1.900,.000,.000,"d ","            ",
CO21,TG9348SW,"2009-12-15 15:50","2009-12-22 16:20",200912,-9.000,-9.000," ",-9.000," ",-9.000," ",-9.000," ",-9.000," ",-9.000," ",-9.000," ",-9.000," ",-9.000,0,-9,1.400,.000,.000,"d ","            ",
CO21,TG9493SW,"2009-12-22 16:20","2009-12-29 15:30",200912,5.110,5.000," ",.034," ",.003," ",.004," ",.006," ",.091," ",.743," ",.015," ",.056,0,-9,169.000,2.794,2.794,"w ","            ",
CO21,TG9704SW,"2009-12-29 15:30","2010-01-05 15:32",201001,4.560,17.400," ",.100," ",.013,<,.002," ",.057," ",.060," ",2.754," ",.095," ",.063,0,-9,37.700,.508,.508,wd,"            ",2011-06-02
CO21,TH0041SW,"2010-01-05 15:32","2010-01-12 15:46",201001,-9.000,-9.000," ",-9.000," ",-9.000," ",-9.000," ",-9.000," ",-9.000," ",-9.000," ",-9.000," ",-9.000,0,-9,10.400,-7.000,.127,"t ","            ",2011-06-02
CO21,TH0299SW,"2010-01-12 15:46","2010-01-19 15:38",201001,-9.000,-9.000," ",-9.000," ",-9.000," ",-9.000," ",-9.000," ",-9.000," ",-9.000," ",-9.000," ",-9.000,0,-9,.500,.000,.000,"d ","            ",2011-06-02
CO21,TH0575SW,"2010-01-19 15:38","2010-01-26 15:35",201001,-9.000,-9.000," ",-9.000," ",-9.000," ",-9.000," ",-9.000," ",-9.000," ",-9.000," ",-9.000," ",-9.000,0,-9,16.800,-7.000,.127,"t ","            ",2011-06-02
CO21,TH0760SW,"2010-01-26 15:35","2010-02-02 15:40",201001,5.080,4.900," ",.057," ",.007," ",.004," ",.005," ",.085," ",.802," ",.022," ",.065,0,-9,163.200,2.286,2.286,"w ","            ",2011-06-02
CO21,TH1000SW,"2010-02-02 15:40","2010-02-09 17:20",201002,4.610,13.800," ",.050," ",.007," ",.004," ",.008," ",.159," ",1.985," ",.033," ",.249,0,-9,61.200,.762,.762,"w ","            ",2011-06-02
CO21,TH1313SW,"2010-02-09 17:20","2010-02-16 15:55",201002,-9.000,-9.000," ",-9.000," ",-9.000," ",-9.000," ",-9.000," ",-9.000," ",-9.000," ",-9.000," ",-9.000,0,-9,1.500,.000,.000,"d ","            ",2011-06-02
CO21,TH1497SW,"2010-02-16 15:55","2010-02-23 15:50",201002,5.000,7.400," ",.170," ",.019," ",.006," ",.034," ",.185," ",1.466," ",.051," ",.203,0,-9,488.500,7.874,7.874,"w ","            ",2011-06-02
CO21,TH1766SW,"2010-02-23 15:50","2010-03-02 15:12",201002,5.540,3.900," ",.027," ",.003," ",.001," ",.008," ",.276," ",.613," ",.019," ",.144,0,-9,380.300,5.588,5.588,"w ","            ",2011-06-02
CO21,TH2006SW,"2010-03-02 15:12","2010-03-09 15:58",201003,5.680,7.300," ",.285," ",.026," ",.014," ",.058," ",.498," ",1.492," ",.106," ",.530,0,-9,59.900,1.016,1.016,wd,"            ",2011-06-02
CO21,TH2265SW,"2010-03-09 15:58","2010-03-16 19:00",201003,5.630,6.000," ",.190," ",.019," ",.013," ",.035," ",.424," ",1.141," ",.066," ",.462,0,-9,424.500,6.096,6.096,"w ","            ",2011-06-02
CO21,TH2576SW,"2010-03-16 19:00","2010-03-23 14:44",201003,5.240,3.300," ",.047," ",.005," ",.004," ",.006," ",.109," ",.345," ",.015," ",.143,0,-9,250.600,3.810,3.810,"w ","            ",2011-06-02
CO21,TH2761SW,"2010-03-23 14:44","2010-03-30 14:42",201003,5.540,4.600," ",.166," ",.018," ",.006," ",.027," ",.207," ",.868," ",.034," ",.306,0,-9,584.500,9.398,9.398,"w ","            ",2011-06-02
CO21,TH3060SW,"2010-03-30 14:42","2010-04-06 14:06",201004,-9.000,-9.000," ",-9.000," ",-9.000," ",-9.000," ",-9.000," ",-9.000," ",-9.000," ",-9.000," ",-9.000,0,-9,1.100,.000,.000,"d ","            ",2011-06-02
CO21,TH3280SW,"2010-04-06 14:06","2010-04-13 15:00",201004,6.100,4.000," ",.270," ",.026," ",.005," ",.023," ",.168," ",.349," ",.027," ",.392,0,-9,268.200,3.810,3.810,"w ","            ",2011-06-02
CO21,TH3541SW,"2010-04-13 15:00","2010-04-20 14:43",201004,-9.000,-9.000," ",-9.000," ",-9.000," ",-9.000," ",-9.000," ",-9.000," ",-9.000," ",-9.000," ",-9.000,0,-9,127.400,1.524,1.524,"  ","c           ",2011-06-02
CO21,TH3851SW,"2010-04-20 14:43","2010-04-27 15:00",201004,5.610,4.200," ",.178," ",.026," ",.010," ",.031," ",.171," ",.610," ",.044," ",.360,0,-9,1942.300,28.448,28.448,"w ","            ",2011-06-02
CO21,TH4041SW,"2010-04-27 15:00","2010-05-04 14:10",201005,-9.000,-9.000," ",-9.000," ",-9.000," ",-9.000," ",-9.000," ",-9.000," ",-9.000," ",-9.000," ",-9.000,0,-9,224.100,3.302,3.302,"  ","c           ",2011-06-02
CO21,TH4353SW,"2010-05-04 14:10","2010-05-11 14:26",201005,-9.000,-9.000," ",-9.000," ",-9.000," ",-9.000," ",-9.000," ",-9.000," ",-9.000," ",-9.000," ",-9.000,0,-9,1.400,-7.000,.127,"t ","            ",2011-06-02
CO21,TH4556SW,"2010-05-11 14:26","2010-05-18 14:20",201005,7.020,19.500," ",2.210," ",.123," ",.108," ",.103," ",.726," ",2.079," ",.113," ",1.194,0,-9,516.400,7.366,7.366,"w ","            ",2011-06-02
CO21,TH4879SW,"2010-05-18 14:20","2010-05-25 14:26",201005,-9.000,-9.000," ",-9.000," ",-9.000," ",-9.000," ",-9.000," ",-9.000," ",-9.000," ",-9.000," ",-9.000,0,-9,1.900,-7.000,.127,"t ","            ",2011-06-02
CO21,TH5197SW,"2010-05-25 14:26","2010-06-01 13:50",201005,-9.000,-9.000," ",-9.000," ",-9.000," ",-9.000," ",-9.000," ",-9.000," ",-9.000," ",-9.000," ",-9.000,0,-9,1.700,-7.000,.127,"t ","            ",2011-06-02
CO21,TH5406SW,"2010-06-01 13:50","2010-06-08 14:35",201006,-9.000,-9.000," ",-9.000," ",-9.000," ",-9.000," ",-9.000," ",-9.000," ",-9.000," ",-9.000," ",-9.000,0,-9,1.800,-7.000,.127,"t ","            ",2011-06-02
CO21,TH5571SW,"2010-06-08 14:35","2010-06-15 14:38",201006,5.820,7.700," ",.653," ",.055," ",.181," ",.087," ",.147," ",1.054," ",.139," ",.708,0,-9,718.600,10.668,10.668,"w ","            ",2011-06-02
CO21,TH5882SW,"2010-06-15 14:38","2010-06-22 14:42",201006,-9.000,-9.000," ",-9.000," ",-9.000," ",-9.000," ",-9.000," ",-9.000," ",-9.000," ",-9.000," ",-9.000,0,-9,1.400,-7.000,.127,"t ","            ",2011-06-02
CO21,TH5989SW,"2010-06-22 14:42","2010-06-29 14:45",201006,4.630,20.800," ",.559," ",.081," ",.153," ",.075," ",.457," ",2.533," ",.226," ",1.726,0,-9,222.300,3.556,3.556,"w ","            ",2011-06-02
CO21,TH6328SW,"2010-06-29 14:45","2010-07-06 14:30",201007,5.310,11.500," ",.588," ",.070," ",.059," ",.056," ",.444," ",1.736," ",.126," ",1.322,0,-9,973.000,14.224,14.224,"w ","            ",2011-06-02
CO21,TH6596SW,"2010-07-06 14:30","2010-07-13 16:14",201007,4.810,12.200," ",.219," ",.031," ",.033," ",.055," ",.346," ",1.493," ",.115," ",.869,0,-9,880.300,12.700,12.700,"w ","            ",2011-06-02
CO21,TH6854SW,"2010-07-13 16:14","2010-07-20 14:45",201007,5.170,14.700," ",.820," ",.111," ",.086," ",.117," ",.487," ",2.453," ",.203," ",1.402,0,-9,323.200,4.826,4.826,"w ","            ",2011-06-02
CO21,TH7124SW,"2010-07-20 14:45","2010-07-27 14:40",201007,5.220,6.800," ",.118," ",.015," ",.024," ",.018," ",.350," ",.912," ",.046," ",.583,0,-9,5438.500,80.010,80.010,"w ","            ",2011-06-02
CO21,TH7402SW,"2010-07-27 14:40","2010-08-03 15:15",201007,4.710,13.000," ",.223," ",.025," ",.019," ",.024," ",.322," ",1.587," ",.050," ",1.007,0,-9,3867.600,55.880,55.880,"w ","            ",2011-06-02
CO21,TH7623SW,"2010-08-03 15:15","2010-08-10 15:58",201008,4.820,8.100," ",.067," ",.009," ",.011," ",.010," ",.166," ",.882," ",.027," ",.443,0,-9,7192.500,-9.990,105.943,"w ","            ",2011-06-02
CO21,TH7931SW,"2010-08-10 15:58","2010-08-17 14:40",201008,4.700,11.600," ",.322," ",.044,<,.001," ",.022,<,.010," ",1.115," ",.095," ",.724,0,-9,168.100,2.794,2.794,"w ","            ",2011-06-02
CO21,TH8115SW,"2010-08-17 14:40","2010-08-24 15:00",201008,4.970,7.500," ",.207," ",.026," ",.031," ",.023," ",.151," ",.935," ",.065," ",.475,0,-9,439.900,6.350,6.350,"w ","            ",2011-06-02
CO21,TH8424SW,"2010-08-24 15:00","2010-08-31 15:00",201008,-9.000,-9.000," ",-9.000," ",-9.000," ",-9.000," ",-9.000," ",-9.000," ",-9.000," ",-9.000," ",-9.000,0,-9,.700,-7.000,.127,"t ","            ",2011-06-02
CO21,TH8610SW,"2010-08-31 15:00","2010-09-07 15:04",201009,5.580,11.500," ",.770," ",.095," ",.057," ",.176," ",.294," ",1.794," ",.241," ",1.259,0,-9,39.800,.762,.762,wd,"            ",2011-06-02
CO21,TH8935SW,"2010-09-07 15:04","2010-09-14 15:29",201009,-9.000,-9.000," ",-9.000," ",-9.000," ",-9.000," ",-9.000," ",-9.000," ",-9.000," ",-9.000," ",-9.000,0,-9,1.100,-7.000,.127,"t ","            ",2011-06-02
CO21,TH9182SW,"2010-09-14 15:29","2010-09-21 15:25",201009,-9.000,-9.000," ",-9.000," ",-9.000," ",-9.000," ",-9.000," ",-9.000," ",-9.000," ",-9.000," ",-9.000,0,-9,.300,-7.000,.127,"t ","            ",2011-06-02
CO21,TH9384SW,"2010-09-21 15:25","2010-09-28 14:45",201009,5.300,4.900," ",.100," ",.012," ",.010," ",.013," ",.169," ",.653," ",.055," ",.318,0,-9,116.800,1.778,1.778,"w ","            ",2011-06-02
CO21,TH9681SW,"2010-09-28 14:45","2010-10-05 15:00",201010,-9.000,-9.000," ",-9.000," ",-9.000," ",-9.000," ",-9.000," ",-9.000," ",-9.000," ",-9.000," ",-9.000,0,-9,3.100,-9.990,.045,"t ","            ",2011-06-02
CO21,TH9862SW,"2010-10-05 15:00","2010-10-12 14:45",201010,6.430,9.700," ",.431," ",.036," ",.047," ",.015," ",.803," ",1.327," ",.043," ",1.140,0,-9,556.500,8.128,8.128,"w ","            ",2011-06-02
CO21,TI0135SW,"2010-10-12 14:45","2010-10-19 14:17",201010,6.180,9.100," ",.488," ",.041," ",.035," ",.027," ",.637," ",1.487," ",.037," ",1.001,0,-9,301.500,4.572,4.572,"w ","            ",2011-06-02
CO21,TI0378SW,"2010-10-19 14:17","2010-10-26 14:55",201010,4.990,6.400," ",.051," ",.004," ",.005," ",.005," ",.083," ",.720," ",.024," ",.264,0,-9,706.000,-9.990,10.399,"w ","            ",2011-06-02
CO21,TI0662SW,"2010-10-26 14:55","2010-11-02 14:40",201010,6.090,18.900," ",1.468," ",.076," ",.116," ",.196," ",.675," ",3.378," ",.246," ",2.202,0,-9,37.600,.508,.508,wd,"            ",2011-06-02
CO21,TI0961SW,"2010-11-02 14:40","2010-11-09 15:46",201011,-9.000,-9.000," ",-9.000," ",-9.000," ",-9.000," ",-9.000," ",-9.000," ",-9.000," ",-9.000," ",-9.000,0,-9,1.100,.000,.000,"d ","            ",2011-06-02
CO21,TI1119SW,"2010-11-09 15:46","2010-11-16 16:34",201011,5.330,5.500," ",.151," ",.024," ",.025," ",.012," ",.242," ",.934," ",.052," ",.401,0,-9,57.600,.762,.762,"w ","            ",2011-06-02
CO21,TI1427SW,"2010-11-16 16:34","2010-11-23 16:08",201011,5.650,1.700," ",.039," ",.005," ",.005,<,.011,<,.037," ",.077," ",.033," ",.052,0,-9,53.000,.762,.762,wd,"            ",2011-06-02
CO21,TI1586SW,"2010-11-23 16:08","2010-11-30 15:48",201011,5.850,3.700," ",.036," ",.004," ",.005," ",.008," ",.337," ",.586," ",.020," ",.273,0,-9,359.200,5.080,5.080,"w ","            ",2011-06-02
CO21,TI1906SW,"2010-11-30 15:48","2010-12-07 15:40",201012,-9.000,-9.000," ",-9.000," ",-9.000," ",-9.000," ",-9.000," ",-9.000," ",-9.000," ",-9.000," ",-9.000,0,-9,1.700,.000,.000,"d ","            ",2011-06-02
CO21,TI2110SW,"2010-12-07 15:40","2010-12-14 15:55",201012,-9.000,-9.000," ",-9.000," ",-9.000," ",-9.000," ",-9.000," ",-9.000," ",-9.000," ",-9.000," ",-9.000,0,-9,1.400,.000,.000,"d ","            ",2011-06-02
CO21,TI2483SW,"2010-12-14 15:55","2010-12-21 15:40",201012,-9.000,-9.000," ",-9.000," ",-9.000," ",-9.000," ",-9.000," ",-9.000," ",-9.000," ",-9.000," ",-9.000,0,-9,2.300,-7.000,.127,"t ","            ",2011-06-02
CO21,TI2662SW,"2010-12-21 15:40","2010-12-28 15:37",201012,-9.000,-9.000," ",-9.000," ",-9.000," ",-9.000," ",-9.000," ",-9.000," ",-9.000," ",-9.000," ",-9.000,0,-9,6.600,-7.000,.127,"t ","            ",2011-06-02
CO21,TI2853SW,"2010-12-28 15:37","2011-01-04 15:35",201101,5.570,2.500," ",.039," ",.010," ",.005," ",.006," ",.070," ",.251," ",.021," ",.079,0,-9,251.900,3.810,3.810,"w ","            ",2012-07-25
CO21,TI3082SW,"2011-01-04 15:35","2011-01-11 16:59",201101,5.050,6.900," ",.046," ",.008," ",.007," ",.007," ",.269," ",1.115," ",.025," ",.329,0,-9,220.700,3.302,3.302,"w ","            ",2012-07-25
CO21,TI3398SW,"2011-01-11 16:59","2011-01-18 15:33",201101,-9.000,-9.000," ",-9.000," ",-9.000," ",-9.000," ",-9.000," ",-9.000," ",-9.000," ",-9.000," ",-9.000,0,-9,.400,.000,.000,"d ","            ",2012-07-25
CO21,TI3618SW,"2011-01-18 15:33","2011-01-25 15:40",201101,5.530,6.000," ",.119," ",.027," ",.281," ",.034," ",.279," ",.829," ",.101," ",.283,0,-9,39.400,.762,.762,wd,"            ",2012-07-25
CO21,TI3861SW,"2011-01-25 15:40","2011-02-01 17:14",201101,4.860,7.300," ",.052," ",.009," ",.006," ",.014," ",.106," ",1.138," ",.035," ",.132,0,-9,82.600,1.016,1.016,"w ","            ",2012-07-25
CO21,TI4233SW,"2011-02-01 17:14","2011-02-08 17:55",201102,5.530,2.900," ",.032," ",.004," ",.003," ",.027," ",.126," ",.408," ",.031," ",.114,0,-9,391.200,6.096,6.096,"w ","            ",2012-07-25
CO21,TI4383SW,"2011-02-08 17:55","2011-02-15 15:44",201102,-9.000,-9.000," ",-9.000," ",-9.000," ",-9.000," ",-9.000," ",-9.000," ",-9.000," ",-9.000," ",-9.000,0,-9,2.000,.000,.000,"d ","            ",2012-07-25
CO21,TI4559SW,"2011-02-15 15:44","2011-02-22 16:05",201102,7.010,14.300," ",1.655," ",.092," ",.147," ",.540," ",.141," ",.644," ",.094," ",1.346,0,-9,131.600,1.778,1.778,"w ","            ",2012-07-25
CO21,TI4898SW,"2011-02-22 16:05","2011-03-01 16:18",201102,-9.000,-9.000," ",-9.000," ",-9.000," ",-9.000," ",-9.000," ",-9.000," ",-9.000," ",-9.000," ",-9.000,0,-9,.800,.000,.000,"d ","            ",2012-07-25
CO21,TI5066SW,"2011-03-01 16:18","2011-03-08 16:00",201103,5.450,7.800," ",.183," ",.026," ",.013," ",.197," ",.456," ",1.384," ",.319," ",.581,0,-9,100.600,1.524,1.524,"w ","            ",2012-07-25
CO21,TI5466SW,"2011-03-08 16:00","2011-03-15 14:55",201103,-9.000,-9.000," ",-9.000," ",-9.000," ",-9.000," ",-9.000," ",-9.000," ",-9.000," ",-9.000," ",-9.000,0,-9,.800,.000,.000,"d ","            ",2012-07-25
CO21,TI5565SW,"2011-03-15 14:55","2011-03-22 15:00",201103,6.790,13.800," ",1.229," ",.086," ",.099," ",.190," ",.601," ",1.950," ",.193," ",.748,0,-9,97.600,1.270,1.270,"w ","            ",2012-07-25
CO21,TI5815SW,"2011-03-22 15:00","2011-03-29 15:22",201103,5.210,7.900," ",.215," ",.027," ",.014," ",.037," ",.373," ",1.807," ",.051," ",.423,0,-9,100.200,1.270,1.270,"w ","            ",2012-07-25
CO21,TI6056SW,"2011-03-29 15:22","2011-04-05 14:42",201104,6.200,4.900," ",.264," ",.036," ",.040," ",.028," ",.307," ",.684," ",.051," ",.277,0,-9,78.900,1.016,1.016,"w ","            ",2012-07-25
CO21,TI6384SW,"2011-04-05 14:42","2011-04-12 14:15",201104,6.170,11.400," ",.658," ",.065," ",.056," ",.072," ",.689," ",2.611," ",.118," ",.746,0,-9,45.600,.508,.508,"w ","            ",2012-07-25
CO21,TI6558SW,"2011-04-12 14:15","2011-04-19 14:55",201104,6.200,6.100," ",.164," ",.019," ",.018," ",.021," ",.560," ",.870," ",.041," ",.527,0,-9,333.400,4.826,4.826,"w ","            ",2012-07-25
CO21,TI6799SW,"2011-04-19 14:55","2011-04-26 15:18",201104,5.000,9.700," ",.206," ",.025," ",.015," ",.018," ",.395," ",1.258," ",.057," ",.986,0,-9,218.000,3.302,3.302,"w ","            ",2012-07-25
CO21,TI7043SW,"2011-04-26 15:18","2011-05-03 15:30",201104,5.390,13.600," ",.414," ",.060," ",.056," ",.061," ",.871," ",2.619," ",.180," ",1.293,0,-9,58.400,.762,.762,wd,"            ",2012-07-25
CO21,TI7355SW,"2011-05-03 15:30","2011-05-10 14:52",201105,-9.000,-9.000," ",-9.000," ",-9.000," ",-9.000," ",-9.000," ",-9.000," ",-9.000," ",-9.000," ",-9.000,0,-9,.700,-7.000,.127,"t ","            ",2012-07-25
CO21,TI7564SW,"2011-05-10 14:52","2011-05-17 15:24",201105,6.490,10.700," ",.893," ",.114," ",.062," ",.140," ",.470," ",.960," ",.182," ",1.088,0,-9,1103.600,16.256,16.256,"w ","            ",2012-07-25
CO21,TI7836SW,"2011-05-17 15:24","2011-05-24 16:25",201105,5.680,9.000," ",.438," ",.044," ",.051," ",.072," ",.505," ",1.757," ",.137," ",.886,0,-9,542.600,7.874,7.874,"w ","            ",2012-07-25
CO21,TI8051SW,"2011-05-24 16:25","2011-05-31 15:00",201105,4.810,11.600," ",.288," ",.036," ",.015," ",.065," ",.154," ",1.336," ",.087," ",.993,0,-9,182.700,2.540,2.540,"w ","            ",2012-07-25
CO21,TI8329SW,"2011-05-31 15:00","2011-06-07 15:00",201106,-9.000,-9.000," ",-9.000," ",-9.000," ",-9.000," ",-9.000," ",-9.000," ",-9.000," ",-9.000," ",-9.000,0,-9,3.800,-7.000,.127,"t ","            ",2012-07-25
CO21,TI8535SW,"2011-06-07 15:00","2011-06-14 15:25",201106,-9.000,-9.000," ",-9.000," ",-9.000," ",-9.000," ",-9.000," ",-9.000," ",-9.000," ",-9.000," ",-9.000,0,-9,160.800,2.286,2.286,"  ","c           ",2012-07-25
CO21,TI8779SW,"2011-06-14 15:25","2011-06-21 15:16",201106,5.940,4.800," ",.263," ",.024," ",.040," ",.027," ",.268," ",.648," ",.043," ",.420,0,-9,1001.900,14.986,14.986,"w ","            ",2012-07-25
CO21,TI9082SW,"2011-06-21 15:16","2011-06-28 15:16",201106,-9.000,-9.000," ",-9.000," ",-9.000," ",-9.000," ",-9.000," ",-9.000," ",-9.000," ",-9.000," ",-9.000,0,-9,.100,.000,.000,"d ","            ",2012-07-25
CO21,TI9281SW,"2011-06-28 15:16","2011-07-05 15:12",201107,-9.000,-9.000," ",-9.000," ",-9.000," ",-9.000," ",-9.000," ",-9.000," ",-9.000," ",-9.000," ",-9.000,0,-9,116.600,1.524,1.524,"  ","c           ",2012-07-25
CO21,TI9529SW,"2011-07-05 15:12","2011-07-12 15:03",201107,5.150,10.100," ",.235," ",.027," ",.059," ",.027," ",.580," ",1.552," ",.065," ",.910,0,-9,2249.600,33.274,33.274,"w ","            ",2012-07-25
CO21,TI9796SW,"2011-07-12 15:03","2011-07-19 14:45",201107,4.950,9.400," ",.174," ",.019," ",.030," ",.031," ",.345," ",1.349," ",.066," ",.739,0,-9,1623.700,23.876,23.876,"w ","            ",2012-07-25
CO21,TJ0050SW,"2011-07-19 14:45","2011-07-26 15:00",201107,5.350,12.400," ",.680," ",.068," ",.045," ",.066," ",.567," ",2.094," ",.103," ",1.584,0,-9,748.800,10.922,10.922,"w ","            ",2012-07-25
CO21,TJ0270SW,"2011-07-26 15:00","2011-08-02 14:07",201107,5.300,9.300," ",.266," ",.028," ",.031," ",.029," ",.604," ",1.926," ",.063," ",.626,0,-9,1283.100,19.050,19.050,"w ","            ",2012-07-25
CO21,TJ0586SW,"2011-08-02 14:07","2011-08-09 14:40",201108,4.850,7.700," ",.062," ",.010," ",.005," ",.006," ",.117," ",.814," ",.024," ",.399,0,-9,4485.900,66.294,66.294,"w ","            ",2012-07-25
CO21,TJ0744SW,"2011-08-09 14:40","2011-08-16 14:38",201108,-9.000,-9.000," ",-9.000," ",-9.000," ",-9.000," ",-9.000," ",-9.000," ",-9.000," ",-9.000," ",-9.000,0,-9,43.400,.508,.508,"  ","c           ",2012-07-25
CO21,TJ1057SW,"2011-08-16 14:38","2011-08-23 15:00",201108,5.120,15.200," ",.435," ",.071," ",.049," ",.050," ",.966," ",2.800," ",.128," ",1.602,0,-9,359.100,5.080,5.080,"w ","            ",2012-07-25
CO21,TJ1308SW,"2011-08-23 15:00","2011-08-30 14:40",201108,4.600,23.200," ",.441," ",.062," ",.052," ",.046," ",.904," ",4.105," ",.149," ",1.590,0,-9,339.900,5.080,5.080,"w ","            ",2012-07-25
CO21,TJ1551SW,"2011-08-30 14:40","2011-09-06 15:42",201109,5.670,9.700," ",.406," ",.041," ",.041," ",.036," ",.696," ",1.536," ",.077," ",1.244,0,-9,521.300,7.620,7.620,"w ","            ",2012-07-25
CO21,TJ1810SW,"2011-09-06 15:42","2011-09-13 14:15",201109,5.820,9.000," ",.262," ",.030," ",.029," ",.020," ",.761," ",1.801," ",.056," ",.717,0,-9,785.900,11.430,11.430,"w ","            ",2012-07-25
CO21,TJ2067SW,"2011-09-13 14:15","2011-09-20 15:00",201109,5.030,5.200," ",.022," ",.004," ",.010," ",.005," ",.083," ",.425," ",.022," ",.250,0,-9,1681.900,24.892,24.892,"w ","            ",2012-07-25
CO21,TJ2371SW,"2011-09-20 15:00","2011-09-27 14:24",201109,-9.000,-9.000," ",-9.000," ",-9.000," ",-9.000," ",-9.000," ",-9.000," ",-9.000," ",-9.000," ",-9.000,0,-9,1.000,-7.000,.127,"t ","            ",2012-07-25
CO21,TJ2603SW,"2011-09-27 14:24","2011-10-04 15:15",201110,-9.000,-9.000," ",-9.000," ",-9.000," ",-9.000," ",-9.000," ",-9.000," ",-9.000," ",-9.000," ",-9.000,0,-9,6.900,-7.000,.127,"t ","            ",2012-07-25
CO21,TJ2828SW,"2011-10-04 15:15","2011-10-11 15:25",201110,6.400,5.800," ",.258," ",.040," ",.254," ",.015," ",.412," ",.468," ",.038," ",.278,0,-9,1113.100,-9.990,16.395,"w ","            ",2012-07-25
CO21,TJ3146SW,"2011-10-11 15:30","2011-10-18 15:15",201110,-9.000,-9.000," ",-9.000," ",-9.000," ",-9.000," ",-9.000," ",-9.000," ",-9.000," ",-9.000," ",-9.000,0,-9,13.700,-7.000,.127,"t ","            ",2012-07-25
CO21,TJ3378SW,"2011-10-18 15:15","2011-10-25 15:03",201110,-9.000,-9.000," ",-9.000," ",-9.000," ",-9.000," ",-9.000," ",-9.000," ",-9.000," ",-9.000," ",-9.000,0,-9,.900,.000,.000,"d ","            ",2012-07-25
CO21,TJ3618SW,"2011-10-25 15:03","2011-11-01 15:10",201110,5.430,5.600," ",.227," ",.027," ",.016," ",.022," ",.298," ",.934," ",.037," ",.621,0,-9,883.700,12.700,12.700,"w ","            ",2012-07-25
CO21,TJ3861SW,"2011-11-01 15:10","2011-11-08 16:15",201111,6.280,5.500," ",.311," ",.023," ",.030," ",.033," ",.387," ",.887," ",.019," ",.385,0,-9,419.500,6.604,6.604,"w ","            ",2012-07-25
CO21,TJ4228SW,"2011-11-08 16:15","2011-11-15 16:36",201111,-9.000,-9.000," ",-9.000," ",-9.000," ",-9.000," ",-9.000," ",-9.000," ",-9.000," ",-9.000," ",-9.000,0,-9,1.400,.000,.000,"d ","            ",2012-07-25
CO21,TJ4424SW,"2011-11-15 16:36","2011-11-22 16:05",201111,-9.000,-9.000," ",-9.000," ",-9.000," ",-9.000," ",-9.000," ",-9.000," ",-9.000," ",-9.000," ",-9.000,0,-9,1.700,.000,.000,"d ","            ",2012-07-25
CO21,TJ4639SW,"2011-11-22 16:05","2011-11-29 16:02",201111,-9.000,-9.000," ",-9.000," ",-9.000," ",-9.000," ",-9.000," ",-9.000," ",-9.000," ",-9.000," ",-9.000,0,-9,.700,.000,.000,"d ","            ",2012-07-25
CO21,TJ4843SW,"2011-11-29 16:02","2011-12-06 16:40",201112,5.290,4.600," ",.065," ",.008," ",.008," ",.008," ",.208," ",.750," ",.024," ",.160,0,-9,115.900,1.524,1.524,"w ","            ",2012-07-25
CO21,TJ5163SW,"2011-12-06 16:40","2011-12-13 18:20",201112,-9.000,-9.000," ",-9.000," ",-9.000," ",-9.000," ",-9.000," ",-9.000," ",-9.000," ",-9.000," ",-9.000,0,-9,1.000,.000,.000,"d ","            ",2012-07-25
CO21,TJ5352SW,"2011-12-13 18:20","2011-12-20 16:45",201112,5.360,3.300," ",.025," ",.004," ",.024," ",.016," ",.117," ",.527," ",.034," ",.081,0,-9,227.000,3.302,3.302,"w ","            ",2012-07-25
CO21,TJ5647SW,"2011-12-20 16:45","2011-12-27 17:03",201112,5.480,3.100," ",.019," ",.003,<,.003," ",.003," ",.114," ",.501,<,.009," ",.066,0,-9,336.000,5.080,5.080,"w ","            ",2012-07-25
CO21,TJ5901SW,"2011-12-27 17:03","2012-01-03 16:22",201112,-9.000,-9.000," ",-9.000," ",-9.000," ",-9.000," ",-9.000," ",-9.000," ",-9.000," ",-9.000," ",-9.000,0,-9,1.000,.000,.000,"d ","            ",2012-07-25
CO21,TJ6131SW,"2012-01-03 16:22","2012-01-10 16:00",201201,-9.000,-9.000," ",-9.000," ",-9.000," ",-9.000," ",-9.000," ",-9.000," ",-9.000," ",-9.000," ",-9.000,0,-9,18.600,.254,.254,"  ","v           ",
CO21,TJ6355SW,"2012-01-10 16:00","2012-01-17 16:00",201201,-9.000,-9.000," ",-9.000," ",-9.000," ",-9.000," ",-9.000," ",-9.000," ",-9.000," ",-9.000," ",-9.000,0,-9,20.500,.254,.254,"  ","v           ",
CO21,TJ6691SW,"2012-01-17 16:00","2012-01-24 16:15",201201,-9.000,-9.000," ",-9.000," ",-9.000," ",-9.000," ",-9.000," ",-9.000," ",-9.000," ",-9.000," ",-9.000,0,-9,1.300,-7.000,.127,"t ","            ",
CO21,TJ6972SW,"2012-01-24 16:15","2012-01-31 16:00",201201,-9.000,-9.000," ",-9.000," ",-9.000," ",-9.000," ",-9.000," ",-9.000," ",-9.000," ",-9.000," ",-9.000,0,-9,.900,.000,.000,"d ","            ",
CO21,TJ7156SW,"2012-01-31 16:00","2012-02-07 16:00",201202,5.810,3.200," ",.042," ",.004," ",.004," ",.004," ",.236," ",.410," ",.009," ",.182,0,-9,625.100,9.398,9.398,"w ","            ",
CO21,TJ7480SW,"2012-02-07 16:00","2012-02-14 16:00",201202,-9.000,-9.000," ",-9.000," ",-9.000," ",-9.000," ",-9.000," ",-9.000," ",-9.000," ",-9.000," ",-9.000,0,-9,1.500,.000,.000,"d ","            ",
CO21,TJ7649SW,"2012-02-14 16:00","2012-02-21 16:00",201202,5.630,16.100," ",.175," ",.021," ",.013," ",.081," ",1.559," ",4.221," ",.125," ",1.152,0,-9,37.100,.508,.508,wd,"            ",
CO21,TJ7916SW,"2012-02-21 16:00","2012-02-28 16:00",201202,6.460,2.900," ",.174," ",.026," ",.022," ",.036," ",.112," ",.275," ",.046," ",.192,0,-9,173.000,2.540,2.540,"w ","            ",
CO21,TJ8237SW,"2012-02-28 16:00","2012-03-06 16:00",201203,-9.000,-9.000," ",-9.000," ",-9.000," ",-9.000," ",-9.000," ",-9.000," ",-9.000," ",-9.000," ",-9.000,0,-9,8.900,-7.000,.127,"t ","            ",
CO21,TJ8437SW,"2012-03-06 16:00","2012-03-13 15:04",201203,-9.000,-9.000," ",-9.000," ",-9.000," ",-9.000," ",-9.000," ",-9.000," ",-9.000," ",-9.000," ",-9.000,0,-9,3.100,-7.000,.127,"t ","            ",
CO21,TJ8737SW,"2012-03-13 15:04","2012-03-20 15:03",201203,7.650,99.700," ",16.043," ",.578," ",1.124," ",1.041," ",.105," ",1.339," ",.298," ",3.059,0,-9,27.800,.254,.254,wd,"            ",
CO21,TJ9022SW,"2012-03-20 15:03","2012-03-27 15:05",201203,-9.000,-9.000," ",-9.000," ",-9.000," ",-9.000," ",-9.000," ",-9.000," ",-9.000," ",-9.000," ",-9.000,0,-9,.900,.000,.000,"d ","            ",
CO21,TJ9198SW,"2012-03-27 15:05","2012-04-03 15:30",201203,6.120,5.100," ",.287," ",.025," ",.022," ",.039," ",.356," ",.521," ",.048," ",.390,0,-9,165.600,3.048,3.048,"w ","            ",2013-07-10
CO21,TJ9461SW,"2012-04-03 15:30","2012-04-10 15:00",201204,5.660,3.300," ",.197," ",.016," ",.005," ",.025," ",.115," ",.568," ",.046," ",.138,0,-9,290.500,4.572,4.572,"w ","            ",2013-07-10
CO21,TJ9745SW,"2012-04-10 15:00","2012-04-17 15:00",201204,6.000,4.300," ",.187," ",.019," ",.024," ",.022," ",.265," ",.514," ",.033," ",.429,0,-9,1292.300,18.796,18.796,"w ","            ",
CO21,TJ9961SW,"2012-04-17 15:00","2012-04-24 15:00",201204,-9.000,-9.000," ",-9.000," ",-9.000," ",-9.000," ",-9.000," ",-9.000," ",-9.000," ",-9.000," ",-9.000,0,-9,1.300,-7.000,.127,"t ","            ",
CO21,TK0228SW,"2012-04-24 15:00","2012-05-01 15:00",201204,5.250,7.900," ",.549," ",.045," ",.079," ",.029," ",.170," ",1.503," ",.100," ",.741,0,-9,226.200,3.302,3.302,"w ","            ",
CO21,TK0495SW,"2012-05-01 15:00","2012-05-08 15:00",201205,6.190,7.600," ",.528," ",.051," ",.059," ",.066," ",.427," ",1.194," ",.092," ",.641,0,-9,665.400,9.906,9.906,"w ","            ",
CO21,TK0750SW,"2012-05-08 15:00","2012-05-15 15:00",201205,5.570,10.000," ",.519," ",.057," ",.035," ",.059," ",.583," ",1.521," ",.101," ",1.506,0,-9,419.600,5.588,5.588,"w ","            ",2013-07-10
CO21,TK1048SW,"2012-05-15 15:00","2012-05-22 15:00",201205,6.700,14.900," ",1.506," ",.125," ",.069," ",.112," ",.602," ",1.684," ",.140," ",1.174,0,-9,189.800,2.794,2.794,"w ","            ",
CO21,TK1279SW,"2012-05-22 15:00","2012-05-29 15:00",201205,-9.000,-9.000," ",-9.000," ",-9.000," ",-9.000," ",-9.000," ",-9.000," ",-9.000," ",-9.000," ",-9.000,0,-9,480.000,7.112,7.112,"  ","c           ",
CO21,TK1524SW,"2012-05-29 15:00","2012-06-05 15:00",201206,5.690,28.600," ",2.841," ",.326," ",.302," ",.186," ",.276," ",5.888," ",.374," ",3.156,0,-9,26.500,.508,.508,wd,"            ",
CO21,TK1842SW,"2012-06-05 15:00","2012-06-12 15:00",201206,-9.000,-9.000," ",-9.000," ",-9.000," ",-9.000," ",-9.000," ",-9.000," ",-9.000," ",-9.000," ",-9.000,0,-9,.600,.000,.000,"d ","            ",
CO21,TK2031SW,"2012-06-12 15:00","2012-06-19 15:00",201206,-9.000,-9.000," ",-9.000," ",-9.000," ",-9.000," ",-9.000," ",-9.000," ",-9.000," ",-9.000," ",-9.000,0,-9,158.800,3.810,3.810,"  ","c           ",
CO21,TK2334SW,"2012-06-19 15:00","2012-06-26 15:00",201206,-9.000,-9.000," ",-9.000," ",-9.000," ",-9.000," ",-9.000," ",-9.000," ",-9.000," ",-9.000," ",-9.000,0,-9,1.100,.000,.000,"d ","            ",
CO21,TK2552SW,"2012-06-26 15:00","2012-07-03 15:00",201206,-9.000,-9.000," ",-9.000," ",-9.000," ",-9.000," ",-9.000," ",-9.000," ",-9.000," ",-9.000," ",-9.000,0,-9,216.900,3.302,3.302,"  ","c           ",2013-07-10
CO21,TK2771SW,"2012-07-03 15:00","2012-07-10 15:00",201207,5.860,9.200," ",.265," ",.029," ",.038," ",.021," ",.866," ",1.746," ",.056," ",.895,0,-9,2203.700,32.766,32.766,"w ","            ",2013-07-10
CO21,TK3116SW,"2012-07-10 15:00","2012-07-17 15:00",201207,-9.000,-9.000," ",-9.000," ",-9.000," ",-9.000," ",-9.000," ",-9.000," ",-9.000," ",-9.000," ",-9.000,0,-9,.400,.000,.000,"d ","            ",
CO21,TK3298SW,"2012-07-17 15:00","2012-07-24 15:00",201207,5.910,9.800," ",.341," ",.057," ",.068," ",.027," ",.768," ",2.118," ",.084," ",.834,0,-9,752.000,10.922,10.922,"w ","            ",2013-07-10
CO21,TK3561SW,"2012-07-24 15:00","2012-07-31 15:15",201207,5.340,7.300," ",.179," ",.020," ",.020," ",.031," ",.434," ",1.346," ",.053," ",.582,0,-9,3711.800,54.610,54.610,"w ","            ",
CO21,TK3837SW,"2012-07-31 15:15","2012-08-07 14:55",201208,4.580,22.300," ",.421," ",.053," ",.037," ",.049," ",.701," ",3.693," ",.184," ",1.380,0,-9,152.400,2.286,2.286,"w ","            ",2013-07-10
CO21,TK4125SW,"2012-08-07 14:55","2012-08-14 15:00",201208,6.240,20.100," ",.842," ",.109," ",.177," ",.083," ",1.467," ",4.160," ",.247," ",1.335,0,-9,42.400,.508,.508,wd,"            ",2013-07-10
CO21,TK4372SW,"2012-08-14 15:00","2012-08-21 15:00",201208,7.130,76.800," ",3.419," ",.382," ",.914," ",.202," ",6.841," ",8.140," ",.553," ",4.496,0,-9,23.900,.254,.254,wd,"            ",
CO21,TK4592SW,"2012-08-21 15:00","2012-08-28 16:25",201208,-9.000,-9.000," ",-9.000," ",-9.000," ",-9.000," ",-9.000," ",-9.000," ",-9.000," ",-9.000," ",-9.000,0,-9,1745.700,11.430,11.430,"  ","c           ",
CO21,TK4817SW,"2012-08-28 16:25","2012-09-04 15:00",201209,4.930,12.000," ",.211," ",.024," ",.028," ",.012," ",.683," ",2.388," ",.080," ",.648,0,-9,606.400,8.890,8.890,"w ","            ",
CO21,TK5205SW,"2012-09-04 15:00","2012-09-11 15:00",201209,-9.000,-9.000," ",-9.000," ",-9.000," ",-9.000," ",-9.000," ",-9.000," ",-9.000," ",-9.000," ",-9.000,0,-9,.400,.000,.000,"d ","            ",
CO21,TK5331SW,"2012-09-11 15:00","2012-09-18 15:00",201209,5.220,2.900," ",.041," ",.005," ",.007," ",.003," ",.059," ",.293," ",.014," ",.111,0,-9,2067.000,30.480,30.480,"w ","            ",
CO21,TK5713SW,"2012-09-18 15:00","2012-09-25 15:15",201209,-9.000,-9.000," ",-9.000," ",-9.000," ",-9.000," ",-9.000," ",-9.000," ",-9.000," ",-9.000," ",-9.000,0,-9,1.900,.000,.000,"d ","            ",
CO21,TK5830SW,"2012-09-25 15:15","2012-10-02 15:00",201209,5.290,6.200," ",.115," ",.014," ",.014," ",.011," ",.402," ",.884," ",.035," ",.636,0,-9,1910.200,27.940,27.940,"w ","            ",
CO21,TK6084SW,"2012-10-02 15:00","2012-10-09 15:00",201210,6.300,9.600," ",.500," ",.057," ",.064," ",.050," ",.674," ",1.608," ",.101," ",.959,0,-9,130.000,1.778,1.778,"w ","            ",
CO21,TK6336SW,"2012-10-09 15:00","2012-10-16 15:00",201210,5.250,2.800," ",.068," ",.009," ",.021," ",.006," ",.062," ",.217," ",.022," ",.168,0,-9,315.700,4.572,4.572,"w ","            ",
CO21,TK6646SW,"2012-10-16 15:00","2012-10-23 15:00",201210,-9.000,-9.000," ",-9.000," ",-9.000," ",-9.000," ",-9.000," ",-9.000," ",-9.000," ",-9.000," ",-9.000,0,-9,3.600,.000,.000,"d ","            ",
CO21,TK6826SW,"2012-10-23 15:00","2012-10-30 15:00",201210,6.760,12.800," ",1.465," ",.098," ",.093," ",.105," ",.287," ",2.026," ",.090," ",1.022,0,-9,342.200,5.080,5.080,"w ","            ",
CO21,TK7132SW,"2012-10-30 15:00","2012-11-06 16:00",201211,-9.000,-9.000," ",-9.000," ",-9.000," ",-9.000," ",-9.000," ",-9.000," ",-9.000," ",-9.000," ",-9.000,0,-9,.700,.000,.000,"d ","            ",
CO21,TK7379SW,"2012-11-06 16:00","2012-11-13 16:00",201211,-9.000,-9.000," ",-9.000," ",-9.000," ",-9.000," ",-9.000," ",-9.000," ",-9.000," ",-9.000," ",-9.000,0,-9,30.400,.508,.508,"  ","v           ",
CO21,TK7638SW,"2012-11-13 16:00","2012-11-20 16:00",201211,-9.000,-9.000," ",-9.000," ",-9.000," ",-9.000," ",-9.000," ",-9.000," ",-9.000," ",-9.000," ",-9.000,0,-9,.000,.000,.000,"d ","            ",
CO21,TK7886SW,"2012-11-20 16:00","2012-11-27 16:00",201211,-9.000,-9.000," ",-9.000," ",-9.000," ",-9.000," ",-9.000," ",-9.000," ",-9.000," ",-9.000," ",-9.000,0,-9,2.100,.000,.000,"d ","            ",
CO21,TK8184SW,"2012-11-27 16:00","2012-12-04 16:00",201212,-9.000,-9.000," ",-9.000," ",-9.000," ",-9.000," ",-9.000," ",-9.000," ",-9.000," ",-9.000," ",-9.000,0,-9,1.300,.000,.000,"d ","            ",
CO21,TK8398SW,"2012-12-04 16:00","2012-12-11 16:15",201212,6.050,3.400," ",.194," ",.019," ",.027," ",.015," ",.188," ",.483," ",.018," ",.158,0,-9,353.500,5.080,5.080,"w ","            ",
CO21,TK8909SW,"2012-12-11 16:15","2012-12-18 16:00",201212,-9.000,-9.000," ",-9.000," ",-9.000," ",-9.000," ",-9.000," ",-9.000," ",-9.000," ",-9.000," ",-9.000,0,-9,1.000,.000,.000,"d ","            ",
CO21,TK8921SW,"2012-12-18 16:00","2012-12-25 16:15",201212,5.560,5.400," ",.156," ",.023," ",.018," ",.076," ",.356," ",1.351," ",.100," ",.159,0,-9,124.000,1.778,1.778,"w ","            ",
CO21,TK9251SW,"2012-12-25 16:15","2013-01-01 17:20",201212,-9.000,-9.000," ",-9.000," ",-9.000," ",-9.000," ",-9.000," ",-9.000," ",-9.000," ",-9.000," ",-9.000,0,-9,7.700,-7.000,.127,"t ","            ",
CO21,TK9530SW,"2013-01-01 17:20","2013-01-08 17:00",201301,-9.000,-9.000," ",-9.000," ",-9.000," ",-9.000," ",-9.000," ",-9.000," ",-9.000," ",-9.000," ",-9.000,0,-9,1.400,.000,.000,"d ","            ",
CO21,TK9765SW,"2013-01-08 17:00","2013-01-15 16:20",201301,-9.000,-9.000," ",-9.000," ",-9.000," ",-9.000," ",-9.000," ",-9.000," ",-9.000," ",-9.000," ",-9.000,0,-9,5.300,-7.000,.127,"t ","            ",
CO21,TL0101SW,"2013-01-15 16:20","2013-01-22 16:28",201301,-9.000,-9.000," ",-9.000," ",-9.000," ",-9.000," ",-9.000," ",-9.000," ",-9.000," ",-9.000," ",-9.000,0,-9,1.900,.000,.000,"d ","            ",
CO21,TL0215SW,"2013-01-22 16:28","2013-01-29 16:30",201301,5.150,5.800," ",.145,<,.020," ",.006," ",.013," ",.237," ",1.002," ",.057," ",.218,0,-9,40.400,.508,.508,wd,"            ",2014-07-25
CO21,TL0566SW,"2013-01-29 16:30","2013-02-05 16:00",201302,-9.000,-9.000," ",-9.000," ",-9.000," ",-9.000," ",-9.000," ",-9.000," ",-9.000," ",-9.000," ",-9.000,0,-9,1.500,-7.000,.127,"t ","            ",
CO21,TL0836SW,"2013-02-05 16:00","2013-02-12 16:19",201302,5.810,5.700," ",.125," ",.016," ",.018," ",.083," ",.461," ",1.134," ",.136," ",.193,0,-9,68.900,1.016,1.016,"w ","            ",2014-07-25
CO21,TL1034SW,"2013-02-12 16:19","2013-02-19 16:00",201302,6.040,3.600," ",.154," ",.017," ",.014," ",.020," ",.255," ",.529," ",.023," ",.096,0,-9,100.400,1.524,1.524,"w ","            ",2014-07-25
CO21,TL1325SW,"2013-02-19 16:00","2013-02-26 16:30",201302,5.200,5.700," ",.062," ",.010," ",.005," ",.015," ",.240," ",1.139," ",.038," ",.187,0,-9,298.900,4.318,4.318,"w ","            ",2014-07-25
CO21,TL1598SW,"2013-02-26 16:30","2013-03-05 16:55",201303,5.790,7.200," ",.243," ",.033," ",.021," ",.085," ",.474," ",1.347," ",.136," ",.714,0,-9,112.700,1.524,1.524,"w ","            ",2014-07-25
CO21,TL1882SW,"2013-03-05 16:55","2013-03-12 16:10",201303,6.220,6.500," ",.086," ",.011," ",.018," ",.012," ",.656," ",1.290," ",.024," ",.510,0,-9,85.300,2.794,2.794,"w ","            ",2014-07-25
CO21,TL2208SW,"2013-03-12 16:10","2013-03-19 15:00",201303,-9.000,-9.000," ",-9.000," ",-9.000," ",-9.000," ",-9.000," ",-9.000," ",-9.000," ",-9.000," ",-9.000,0,-9,24.700,.254,.254,"  ","v           ",
CO21,TL2415SW,"2013-03-19 15:00","2013-03-26 15:00",201303,6.150,4.000," ",.233," ",.030," ",.011," ",.043," ",.192," ",.542," ",.052," ",.265,0,-9,70.400,1.270,1.270,"w ","            ",2014-07-25
CO21,TL2734SW,"2013-03-26 15:00","2013-04-02 15:00",201303,6.970,46.300," ",3.011," ",.235," ",.283," ",.517," ",2.518," ",9.127," ",.883," ",3.295,0,-9,35.100,.508,.508,wd,"            ",2014-07-25
CO21,TL2949SW,"2013-04-02 15:00","2013-04-09 16:15",201304,7.650,68.700," ",9.771," ",.594," ",1.208," ",1.087," ",.261," ",4.035," ",.711," ",4.410,0,-9,27.800,.254,.254,wd,"            ",2014-07-25
CO21,TL3293SW,"2013-04-09 16:15","2013-04-16 16:10",201304,6.090,4.200," ",.122," ",.019," ",.071," ",.049," ",.285," ",.344," ",.088," ",.171,0,-9,156.600,2.286,2.286,"w ","            ",2014-07-25
CO21,TL3560SW,"2013-04-16 16:45","2013-04-23 15:35",201304,6.600,8.400," ",.791," ",.054," ",.043," ",.083," ",.283," ",1.024," ",.135," ",.511,0,-9,264.000,3.810,3.810,"w ","            ",2014-07-25
CO21,TL3764SW,"2013-04-23 15:45","2013-04-30 15:35",201304,-9.000,-9.000," ",-9.000," ",-9.000," ",-9.000," ",-9.000," ",-9.000," ",-9.000," ",-9.000," ",-9.000,0,-9,.000,.000,.000,"d ","            ",
CO21,TL4030SW,"2013-04-30 15:45","2013-05-07 15:00",201305,6.800,13.200," ",1.049," ",.104," ",.056," ",.161," ",.706," ",2.013," ",.159," ",.950,0,-9,232.400,3.302,3.302,"w ","            ",2014-07-25
CO21,TL4310SW,"2013-05-07 15:10","2013-05-14 15:10",201305,6.310,5.700," ",.102," ",.017," ",.010," ",.011," ",.627," ",.863," ",.024," ",.466,0,-9,2132.500,30.226,30.226,"w ","            ",2014-07-25
CO21,TL4589SW,"2013-05-14 15:10","2013-05-21 15:00",201305,6.160,7.700," ",.205," ",.035," ",.048," ",.020," ",.464," ",1.520," ",.092," ",.604,0,-9,133.900,2.032,2.032,"w ","            ",2014-07-25
CO21,TL4807SW,"2013-05-21 15:10","2013-05-28 15:14",201305,-9.000,-9.000," ",-9.000," ",-9.000," ",-9.000," ",-9.000," ",-9.000," ",-9.000," ",-9.000," ",-9.000,0,-9,57.500,.762,.762,"  ","c           ",2014-07-25
CO21,TL5106SW,"2013-05-28 15:20","2013-06-04 13:30",201306,-9.000,-9.000," ",-9.000," ",-9.000," ",-9.000," ",-9.000," ",-9.000," ",-9.000," ",-9.000," ",-9.000,0,-9,.600,.254,.254,"  ","v           ",
CO21,TL5388SW,"2013-06-04 13:40","2013-06-11 15:10",201306,-9.000,-9.000," ",-9.000," ",-9.000," ",-9.000," ",-9.000," ",-9.000," ",-9.000," ",-9.000," ",-9.000,0,-9,86.300,1.270,1.270,"  ","c           ",2014-07-25
CO21,TL5728SW,"2013-06-11 15:15","2013-06-18 14:20",201306,-9.000,-9.000," ",-9.000," ",-9.000," ",-9.000," ",-9.000," ",-9.000," ",-9.000," ",-9.000," ",-9.000,0,-9,43.800,1.016,1.016,"  ","c           ",2014-07-25
CO21,TL5967SW,"2013-06-18 14:30","2013-06-25 15:05",201306,-9.000,-9.000," ",-9.000," ",-9.000," ",-9.000," ",-9.000," ",-9.000," ",-9.000," ",-9.000," ",-9.000,0,-9,.600,.000,.000,"d ","            ",
CO21,TL6220SW,"2013-06-25 15:15","2013-07-02 14:45",201306,-9.000,-9.000," ",-9.000," ",-9.000," ",-9.000," ",-9.000," ",-9.000," ",-9.000," ",-9.000," ",-9.000,0,-9,265.200,3.810,3.810,"  ","c           ",2014-07-25
CO21,TL6481SW,"2013-07-02 15:00","2013-07-09 14:35",201307,6.310,8.700," ",.232," ",.031," ",.052," ",.028," ",.852," ",1.355," ",.073," ",.484,0,-9,1160.500,16.256,16.256,"w ","            ",2014-07-25
CO21,TL6772SW,"2013-07-09 14:45","2013-07-16 15:10",201307,5.410,9.100," ",.233," ",.032," ",.028," ",.018," ",.651," ",1.659," ",.052," ",.881,0,-9,1579.800,22.098,22.098,"w ","            ",2014-07-25
CO21,TL7079SW,"2013-07-16 15:15","2013-07-23 14:05",201307,6.440,34.000," ",1.300," ",.159," ",.097," ",.117," ",3.053," ",6.980," ",.307," ",1.977,0,-9,45.400,1.016,1.016,wd,"            ",2014-07-25
CO21,TL7319SW,"2013-07-23 14:25","2013-07-30 14:00",201307,-9.000,-9.000," ",-9.000," ",-9.000," ",-9.000," ",-9.000," ",-9.000," ",-9.000," ",-9.000," ",-9.000,0,-9,2441.400,34.290,34.290,"  ","u           ",2014-07-25
CO21,TL7557SW,"2013-07-30 14:15","2013-08-06 17:15",201308,4.710,20.800," ",.478," ",.064," ",.043," ",.106," ",.858," ",3.431," ",.188," ",1.756,0,-9,349.200,4.064,4.064,"w ","            ",2014-07-25
CO21,TL7845SW,"2013-08-06 17:20","2013-08-13 14:55",201308,4.740,14.300," ",.170," ",.023," ",.020," ",.024," ",.453," ",1.771," ",.076," ",1.056,0,-9,1018.200,12.700,12.700,"w ","            ",2014-07-25
CO21,TL8068SW,"2013-08-13 15:00","2013-08-20 14:15",201308,-9.000,-9.000," ",-9.000," ",-9.000," ",-9.000," ",-9.000," ",-9.000," ",-9.000," ",-9.000," ",-9.000,0,-9,.900,1.016,1.016,"  ","v           ",
CO21,TL8348SW,"2013-08-20 14:25","2013-08-27 15:15",201308,5.330,7.100," ",.140," ",.015," ",.020," ",.010," ",.418," ",1.004," ",.038," ",.590,0,-9,1502.200,21.336,21.336,"w ","            ",2014-07-25
CO21,TL8625SW,"2013-08-27 15:15","2013-09-03 15:50",201308,5.840,11.000," ",.366," ",.043," ",.038," ",.022," ",.929," ",2.274," ",.081," ",.988,0,-9,693.400,8.128,8.128,"w ","            ",2014-07-25
CO21,TL8894SW,"2013-09-03 16:00","2013-09-10 15:30",201309,-9.000,-9.000," ",-9.000," ",-9.000," ",-9.000," ",-9.000," ",-9.000," ",-9.000," ",-9.000," ",-9.000,0,-9,302.400,1.524,1.524,"  ","u           ",2014-07-25
CO21,TL9149SW,"2013-09-10 15:40","2013-09-17 15:25",201309,5.190,4.100,<,.027,<,.009," ",.003,<,.002," ",.071," ",.351," ",.010," ",.174,0,-9,3527.400,49.022,49.022,"w ","            ",2014-07-25
CO21,TL9436SW,"2013-09-17 15:35","2013-09-24 15:25",201309,5.310,3.600," ",.047,<,.009," ",.008," ",.008," ",.083," ",.367," ",.022," ",.172,0,-9,1323.300,21.844,21.844,"w ","            ",2014-07-25
CO21,TL9683SW,"2013-09-24 15:30","2013-10-01 12:20",201309,5.160,6.100," ",.092," ",.017," ",.020," ",.049," ",.167," ",.530," ",.092," ",.376,0,-9,54.000,.762,.762,"w ","            ",2014-07-25
CO21,TL9947SW,"2013-10-01 12:35","2013-10-08 17:15",201310,-9.000,-9.000," ",-9.000," ",-9.000," ",-9.000," ",-9.000," ",-9.000," ",-9.000," ",-9.000," ",-9.000,0,-9,2.700,-7.000,.127,"t ","            ",
CO21,TM0068SW,"2013-10-08 17:25","2013-10-15 15:45",201310,5.620,3.500," ",.083," ",.016," ",.019," ",.012," ",.114," ",.255," ",.024," ",.175,0,-9,84.100,1.270,1.270,"w ","            ",2014-07-25
CO21,TM0335SW,"2013-10-15 15:55","2013-10-22 15:45",201310,5.470,10.300," ",.239," ",.030," ",.029," ",.013," ",.810," ",1.607," ",.042," ",1.076,0,-9,200.600,3.048,3.048,"w ","            ",2014-07-25
CO21,TM0616SW,"2013-10-22 16:00","2013-10-29 15:35",201310,-9.000,-9.000," ",-9.000," ",-9.000," ",-9.000," ",-9.000," ",-9.000," ",-9.000," ",-9.000," ",-9.000,0,-9,.800,.000,.000,"d ","            ",
CO21,TM0883SW,"2013-10-29 15:45","2013-11-05 17:25",201311,4.930,8.500," ",.126," ",.018," ",.015," ",.012," ",.340," ",.670," ",.034," ",.304,0,-9,80.300,1.270,1.270,"w ","            ",2014-07-25
CO21,TM1139SW,"2013-11-05 17:30","2013-11-12 17:15",201311,-9.000,-9.000," ",-9.000," ",-9.000," ",-9.000," ",-9.000," ",-9.000," ",-9.000," ",-9.000," ",-9.000,0,-9,1.200,.000,.000,"d ","            ",
CO21,TM1410SW,"2013-11-12 17:25","2013-11-19 16:50",201311,-9.000,-9.000," ",-9.000," ",-9.000," ",-9.000," ",-9.000," ",-9.000," ",-9.000," ",-9.000," ",-9.000,0,-9,3.500,-7.000,.127,"t ","            ",
CO21,TM1726SW,"2013-11-19 16:50","2013-11-26 17:45",201311,5.240,6.400," ",.068," ",.012," ",.010," ",.012," ",.387," ",1.427," ",.015," ",.200,0,-9,137.700,3.302,3.302,"w ","            ",2014-07-25
CO21,TM1944SW,"2013-11-26 17:45","2013-12-03 17:05",201311,-9.000,-9.000," ",-9.000," ",-9.000," ",-9.000," ",-9.000," ",-9.000," ",-9.000," ",-9.000," ",-9.000,0,-9,1.500,.000,.000,"d ","            ",
CO21,TM2330SW,"2013-12-03 17:10","2013-12-10 17:20",201312,5.200,3.700," ",.032,<,.009," ",.005," ",.003," ",.057," ",.422," ",.017," ",.071,0,-9,166.100,3.810,3.810,"w ","            ",2014-07-25
CO21,TM2467SW,"2013-12-10 17:20","2013-12-17 16:20",201312,-9.000,-9.000," ",-9.000," ",-9.000," ",-9.000," ",-9.000," ",-9.000," ",-9.000," ",-9.000," ",-9.000,0,-9,2.600,.000,.000,"d ","            ",
CO21,TM2858SW,"2013-12-17 16:20","2013-12-24 17:40",201312,5.170,6.000," ",.051,<,.010," ",.009," ",.035," ",.241," ",1.186," ",.083," ",.057,0,-9,57.200,1.524,1.524,wd,"            ",2014-07-25
CO21,TM2974SW,"2013-12-24 17:40","2013-12-31 16:55",201312,5.610,3.300," ",.080," ",.009," ",.010," ",.016," ",.194," ",.570," ",.024," ",.074,0,-9,230.300,3.810,3.810,"w ","            ",2014-07-25
CO21,TM3218SW,"2013-12-31 16:55","2014-01-07 16:00",201401,5.540,3.600," ",.063," ",.007," ",.006," ",.015," ",.209," ",.482," ",.028," ",.162,0,-9,243.500,3.556,3.556,"w ","            ",2015-06-08
CO21,TM3499SW,"2014-01-07 16:00","2014-01-14 15:45",201401,-9.000,-9.000," ",-9.000," ",-9.000," ",-9.000," ",-9.000," ",-9.000," ",-9.000," ",-9.000," ",-9.000,0,-9,7.700,.254,.254,"  ","v           ",
CO21,TM3756SW,"2014-01-14 15:45","2014-01-21 15:25",201401,-9.000,-9.000," ",-9.000," ",-9.000," ",-9.000," ",-9.000," ",-9.000," ",-9.000," ",-9.000," ",-9.000,0,-9,1.500,.000,.000,"d ","            ",
CO21,TM4067SW,"2014-01-21 15:25","2014-01-28 16:45",201401,5.380,4.700," ",.170," ",.032," ",.027," ",.031," ",.133," ",.906," ",.055," ",.129,0,-9,174.200,3.556,3.556,"w ","            ",2015-06-08
CO21,TM4453SW,"2014-01-28 16:45","2014-02-04 17:40",201402,-9.000,-9.000,<,-9.000,<,-9.000," ",-9.000,<,-9.000," ",-9.000," ",-9.000," ",-9.000," ",-9.000,0,-9,900.800,15.748,15.748,"  ","u           ",2015-06-08
CO21,TM4555SW,"2014-02-04 17:40","2014-02-11 16:10",201402,-9.000,-9.000," ",-9.000," ",-9.000," ",-9.000," ",-9.000," ",-9.000," ",-9.000," ",-9.000," ",-9.000,0,-9,13.100,1.016,1.016,"  ","v           ",
CO21,TM4809SW,"2014-02-11 17:10","2014-02-18 16:00",201402,-9.000,-9.000," ",-9.000," ",-9.000," ",-9.000," ",-9.000," ",-9.000," ",-9.000," ",-9.000," ",-9.000,0,-9,1.200,.000,.000,"d ","            ",
CO21,TM5083SW,"2014-02-18 16:30","2014-02-25 18:45",201402,5.520,5.200," ",.108," ",.026," ",.016," ",.020," ",.318," ",.417," ",.049," ",.177,0,-9,119.700,2.286,2.286,"w ","            ",2015-06-08
CO21,TM5427SW,"2014-02-25 18:45","2014-03-04 17:00",201403,5.270,4.800," ",.157," ",.035," ",.026," ",.023," ",.150," ",.407," ",.074," ",.188,0,-9,42.500,.762,.762,wd,"            ",2015-06-08
CO21,TM5670SW,"2014-03-04 17:00","2014-03-11 17:15",201403,-9.000,-9.000," ",-9.000," ",-9.000," ",-9.000," ",-9.000," ",-9.000," ",-9.000," ",-9.000," ",-9.000,0,-9,406.400,9.652,9.652,"  ","u           ",2015-06-08
CO21,TM5943SW,"2014-03-11 17:15","2014-03-18 17:20",201403,-9.000,-9.000," ",-9.000," ",-9.000," ",-9.000," ",-9.000," ",-9.000," ",-9.000," ",-9.000," ",-9.000,0,-9,70.800,2.032,2.032,"  ","c           ",2015-06-08
CO21,TM6151SW,"2014-03-18 17:20","2014-03-25 15:00",201403,5.610,4.700," ",.133," ",.034," ",.012," ",.023," ",.278," ",.651," ",.088," ",.188,0,-9,183.700,2.540,2.540,"w ","            ",2015-06-08
CO21,TM6440SW,"2014-03-25 15:00","2014-04-01 15:00",201403,-9.000,-9.000," ",-9.000," ",-9.000," ",-9.000," ",-9.000," ",-9.000," ",-9.000," ",-9.000," ",-9.000,0,-9,1.700,-7.000,.127,"t ","            ",
CO21,TM6699SW,"2014-04-01 15:00","2014-04-08 19:55",201404,5.920,5.000," ",.238," ",.022," ",.016," ",.027," ",.343," ",.637," ",.049," ",.269,0,-9,659.800,10.414,10.414,"w ","            ",2015-06-08
CO21,TM7053SW,"2014-04-08 19:55","2014-04-15 17:40",201404,5.860,3.700," ",.145," ",.021," ",.013," ",.015," ",.248," ",.678," ",.035," ",.163,0,-9,191.100,2.794,2.794,"w ","            ",2015-06-08
CO21,TM7256SW,"2014-04-15 17:40","2014-04-22 15:00",201404,6.160,14.600," ",.738," ",.089," ",.071," ",.152," ",.960," ",2.510," ",.187," ",1.778,0,-9,418.000,4.826,4.826,"w ","            ",2015-06-08
CO21,TM7610SW,"2014-04-22 15:00","2014-04-29 17:00",201404,-9.000,-9.000," ",-9.000," ",-9.000," ",-9.000," ",-9.000," ",-9.000," ",-9.000," ",-9.000," ",-9.000,0,-9,41.500,1.270,1.270,"  ","c           ",2015-06-08
CO21,TM7758SW,"2014-04-29 17:00","2014-05-06 12:35",201405,-9.000,-9.000," ",-9.000," ",-9.000," ",-9.000," ",-9.000," ",-9.000," ",-9.000," ",-9.000," ",-9.000,0,-9,2.500,-7.000,.127,"t ","            ",
CO21,TM8144SW,"2014-05-06 12:35","2014-05-13 13:30",201405,6.510,7.100," ",.694," ",.058," ",.048," ",.090," ",.239," ",.872," ",.098," ",.467,0,-9,1170.700,18.542,18.542,"w ","            ",2015-06-08
CO21,TM8424SW,"2014-05-13 13:30","2014-05-20 15:30",201405,6.530,14.000," ",.456," ",.081," ",.042," ",.055," ",1.208," ",2.432," ",.180," ",1.470,0,-9,81.400,1.270,1.270,"w ","            ",2015-06-08
CO21,TM8663SW,"2014-05-20 16:15","2014-05-27 17:15",201405,6.110,5.800," ",.323," ",.027," ",.029," ",.050," ",.378," ",.896," ",.057," ",.495,0,-9,1266.900,20.574,20.574,"w ","            ",2015-06-08
CO21,TM8875SW,"2014-05-27 17:15","2014-06-03 15:10",201405,5.720,11.800," ",.560," ",.078," ",.047," ",.044," ",.734," ",2.532," ",.127," ",1.097,0,-9,356.500,4.318,4.318,"w ","            ",2015-06-08
CO21,TM9093SW,"2014-06-03 15:10","2014-06-10 15:30",201406,-9.000,-9.000," ",-9.000," ",-9.000," ",-9.000," ",-9.000," ",-9.000," ",-9.000," ",-9.000," ",-9.000,0,-9,1565.200,25.654,25.654,"  ","c           ",2015-06-08
CO21,TM9452SW,"2014-06-10 15:30","2014-06-17 15:05",201406,5.610,6.500," ",.330," ",.053," ",.084," ",.078," ",.271," ",.833," ",.122," ",.652,0,-9,686.900,-9.990,10.117,"w ","            ",2015-06-08
CO21,TM9682SW,"2014-06-17 15:05","2014-06-24 15:20",201406,-9.000,-9.000," ",-9.000," ",-9.000," ",-9.000," ",-9.000," ",-9.000," ",-9.000," ",-9.000," ",-9.000,0,-9,213.900,2.286,2.286,"  ","c           ",2015-06-08
CO21,TN0041SW,"2014-06-24 15:20","2014-07-01 12:30",201406,-9.000,-9.000," ",-9.000," ",-9.000," ",-9.000," ",-9.000," ",-9.000," ",-9.000," ",-9.000," ",-9.000,0,-9,6.800,.000,.000,"d ","            ",
CO21,TN0218SW,"2014-07-01 12:30","2014-07-08 17:30",201407,-9.000,-9.000," ",-9.000," ",-9.000," ",-9.000," ",-9.000," ",-9.000," ",-9.000," ",-9.000," ",-9.000,0,-9,171.300,4.064,4.064,"  ","c           ",2015-06-08
CO21,TN0422SW,"2014-07-08 17:30","2014-07-15 16:30",201407,5.580,7.700," ",.145," ",.021," ",.023," ",.012," ",.624," ",1.462," ",.054," ",.501,0,-9,1605.400,23.368,23.368,"w ","            ",2015-06-08
CO21,TN0705SW,"2014-07-15 16:30","2014-07-22 17:20",201407,5.560,7.900," ",.216," ",.030," ",.069," ",.028," ",.622," ",1.301," ",.077," ",.595,0,-9,3281.600,43.942,43.942,"w ","            ",2015-06-08
CO21,TN1071SW,"2014-07-22 17:20","2014-07-29 12:55",201407,5.400,9.700," ",.377," ",.044," ",.039," ",.030," ",.531," ",1.830," ",.080," ",.751,0,-9,1580.300,20.574,20.574,"w ","            ",2015-06-08
CO21,TN1340SW,"2014-07-29 12:55","2014-08-05 13:30",201408,5.050,7.500," ",.083," ",.010," ",.010,<,.005," ",.387," ",1.280," ",.041," ",.386,0,-9,1844.600,24.384,24.384,"w ","            ",2015-06-08
CO21,TN1503SW,"2014-08-05 13:50","2014-08-12 14:05",201408,5.010,8.000," ",.093," ",.014," ",.019," ",.012," ",.325," ",1.050," ",.050," ",.428,0,-9,1537.700,16.256,16.256,"w ","            ",2015-06-08
CO21,TN1876SW,"2014-08-12 14:05","2014-08-19 12:40",201408,5.760,8.000," ",.418," ",.042," ",.039," ",.025," ",.464," ",1.534," ",.078," ",.641,0,-9,1603.800,23.368,23.368,"w ","            ",2015-06-08
CO21,TN2079SW,"2014-08-19 12:40","2014-08-26 14:45",201408,5.610,11.900," ",.497," ",.051," ",.073," ",.051," ",.841," ",2.460," ",.143," ",.973,0,-9,203.600,3.048,3.048,"w ","            ",2015-06-08
CO21,TN2297SW,"2014-08-26 14:45","2014-09-02 14:20",201408,5.010,7.700," ",.098," ",.012," ",.016," ",.010," ",.248," ",1.086," ",.056," ",.307,0,-9,723.900,10.414,10.414,"w ","            ",2015-06-08
CO21,TN2578SW,"2014-09-02 14:20","2014-09-09 16:30",201409,5.800,5.500," ",.217," ",.024," ",.026," ",.036," ",.361," ",.917," ",.060," ",.460,0,-9,1784.400,24.384,24.384,"w ","            ",2015-06-08
CO21,TN2860SW,"2014-09-09 16:30","2014-09-16 17:15",201409,5.340,5.100," ",.125," ",.018," ",.014," ",.012," ",.221," ",.714," ",.034," ",.359,0,-9,448.800,6.350,6.350,"w ","            ",2015-06-08
CO21,TN3109SW,"2014-09-16 17:15","2014-09-23 18:30",201409,6.190,7.900," ",.280," ",.036," ",.039," ",.021," ",.711," ",1.343," ",.045," ",.632,0,-9,344.000,4.826,4.826,"w ","            ",2015-06-08
CO21,TN3472SW,"2014-09-23 19:00","2014-09-30 16:30",201409,5.720,5.200," ",.164," ",.027," ",.031," ",.019," ",.350," ",.633," ",.039," ",.605,0,-9,885.600,11.684,11.684,"w ","            ",2015-06-08
CO21,TN3698SW,"2014-09-30 16:30","2014-10-07 15:22",201410,-9.000,-9.000," ",-9.000," ",-9.000," ",-9.000," ",-9.000," ",-9.000," ",-9.000," ",-9.000," ",-9.000,0,-9,11.300,.508,.508,"  ","v           ",
CO21,TN3893SW,"2014-10-07 15:30","2014-10-14 20:15",201410,5.760,3.400," ",.077," ",.006," ",.006," ",.005," ",.257," ",.377," ",.015," ",.241,0,-9,2129.700,33.782,33.782,"w ","            ",2015-06-08
CO21,TN4445SW,"2014-10-14 20:15","2014-10-21 17:00",201410,-9.000,-9.000," ",-9.000," ",-9.000," ",-9.000," ",-9.000," ",-9.000," ",-9.000," ",-9.000," ",-9.000,0,-9,-9.000,.000,.000,"d ","            ",
CO21,TN4619SW,"2014-10-21 17:00","2014-10-28 18:15",201410,-9.000,-9.000," ",-9.000," ",-9.000," ",-9.000," ",-9.000," ",-9.000," ",-9.000," ",-9.000," ",-9.000,0,-9,.900,.000,.000,"d ","            ",
CO21,TN4758SW,"2014-10-28 18:15","2014-11-04 18:25",201411,-9.000,-9.000," ",-9.000," ",-9.000," ",-9.000," ",-9.000," ",-9.000," ",-9.000," ",-9.000," ",-9.000,0,-9,.400,.000,.000,"d ","            ",
CO21,TN5027SW,"2014-11-04 18:25","2014-11-11 21:30",201411,5.790,5.000," ",.322," ",.053," ",.036," ",.031," ",.194," ",.552," ",.062," ",.225,0,-9,70.100,1.016,1.016,"w ","            ",2015-06-08
CO21,TN5239SW,"2014-11-11 21:30","2014-11-18 16:35",201411,4.910,9.900," ",.117," ",.024," ",.013," ",.029," ",.307," ",1.597," ",.060," ",.287,0,-9,53.100,1.270,1.270,"w ","            ",2015-06-08
CO21,TN5534SW,"2014-11-18 16:35","2014-11-25 16:00",201411,5.730,7.800," ",.133," ",.033," ",.027," ",.366," ",.521," ",.596," ",.570," ",.505,0,-9,147.000,2.032,2.032,"w ","            ",2015-06-08
CO21,TN5830SW,"2014-11-25 16:00","2014-12-02 19:26",201411,-9.000,-9.000," ",-9.000," ",-9.000," ",-9.000," ",-9.000," ",-9.000," ",-9.000," ",-9.000," ",-9.000,0,-9,.600,.000,.000,"d ","            ",
CO21,TN6064SW,"2014-12-02 19:26","2014-12-09 20:00",201412,-9.000,-9.000," ",-9.000," ",-9.000," ",-9.000," ",-9.000," ",-9.000," ",-9.000," ",-9.000," ",-9.000,0,-9,.000,.000,.000,"d ","            ",
CO21,TN6327SW,"2014-12-09 20:00","2014-12-16 19:30",201412,5.000,11.500," ",.177," ",.028," ",.020," ",.036," ",.566," ",2.081," ",.055," ",.645,0,-9,57.100,.762,.762,"w ","            ",2015-06-08
CO21,TN6598SW,"2014-12-16 19:30","2014-12-23 19:10",201412,5.130,6.500," ",.096," ",.017," ",.009," ",.044," ",.231," ",1.029," ",.083," ",.334,0,-9,437.200,6.858,6.858,"w ","            ",2015-06-08
CO21,TN6909SW,"2014-12-23 19:10","2014-12-30 17:55",201412,4.990,7.700," ",.092," ",.012," ",.027," ",.048," ",.172," ",1.322," ",.092," ",.095,0,-9,51.300,1.524,1.524,"w ","            ",2015-06-08
CO21,TN7062SW,"2014-12-30 17:55","2015-01-06 17:05",201501,5.150,5.000," ",.057," ",.007," ",.057," ",.058," ",.112," ",.622," ",.102," ",.097,0,-9,169.900,3.048,3.048,"w ","            ",2015-06-08
CO21,TN7354SW,"2015-01-06 17:05","2015-01-13 18:00",201501,4.790,11.700," ",.022," ",.003," ",.003," ",.017," ",.448," ",1.869," ",.035," ",.418,0,-9,85.300,1.270,1.270,"w ","            ",2015-06-08
CO21,TN7615SW,"2015-01-13 18:00","2015-01-20 17:20",201501,-9.000,-9.000," ",-9.000," ",-9.000," ",-9.000," ",-9.000," ",-9.000," ",-9.000," ",-9.000," ",-9.000,0,-9,.900,.000,.000,"d ","            ",
CO21,TN7890SW,"2015-01-20 17:20","2015-01-27 20:00",201501,5.360,7.000," ",.078," ",.019," ",.007," ",.029," ",.485," ",1.183," ",.094," ",.295,0,-9,47.600,1.778,1.778,"w ","            ",2015-06-08
CO21,TN8169SW,"2015-01-27 20:00","2015-02-03 18:20",201501,4.770,11.300," ",.093," ",.024," ",.008," ",.031," ",.211," ",1.370," ",.108," ",.225,0,-9,63.900,2.794,2.794,"w ","            ",2015-06-08
CO21,TN8423SW,"2015-02-03 18:20","2015-02-10 17:20",201502,-9.000,-9.000," ",-9.000," ",-9.000," ",-9.000," ",-9.000," ",-9.000," ",-9.000," ",-9.000," ",-9.000,0,-9,1.500,.000,.000,"d ","            ",
CO21,TN8687SW,"2015-02-10 17:20","2015-02-17 19:50",201502,5.580,4.600," ",.080," ",.008," ",.007," ",.015," ",.348," ",.759," ",.035," ",.197,0,-9,662.700,10.668,10.668,"w ","            ",
CO21,TN8922SW,"2015-02-17 19:50","2015-02-24 15:45",201502,5.490,5.300," ",.171," ",.020," ",.010," ",.039," ",.320," ",.833," ",.054," ",.388,0,-9,405.500,7.620,7.620,"w ","            ",
CO21,TN9227SW,"2015-02-24 15:45","2015-03-03 18:20",201502,5.130,5.100," ",.038," ",.005," ",.006," ",.014," ",.171," ",.694," ",.028," ",.100,0,-9,187.800,3.048,3.048,"w ","            ",
CO21,TN9507SW,"2015-03-03 18:20","2015-03-10 15:38",201503,5.500,5.500," ",.123," ",.015," ",.005," ",.025," ",.348," ",1.002," ",.058," ",.208,0,-9,63.200,1.270,1.270,"w ","            ",
CO21,TN9794SW,"2015-03-10 15:38","2015-03-17 15:45",201503,-9.000,-9.000," ",-9.000," ",-9.000," ",-9.000," ",-9.000," ",-9.000," ",-9.000," ",-9.000," ",-9.000,0,-9,1.200,.000,.000,"d ","            ",
CO21,TN9969SW,"2015-03-17 15:45","2015-03-24 14:15",201503,5.170,5.400," ",.064," ",.008," ",.008," ",.011," ",.215," ",.564," ",.019," ",.245,0,-9,1518.100,23.622,23.622,"w ","            ",
CO21,TO0284SW,"2015-03-24 14:15","2015-03-31 14:45",201503,5.720,4.900," ",.164," ",.027," ",.011," ",.024," ",.319," ",.592," ",.051," ",.333,0,-9,162.800,3.048,3.048,"w ","            ",
CO21,TO0626SW,"2015-03-31 14:45","2015-04-07 19:45",201504,-9.000,-9.000," ",-9.000," ",-9.000," ",-9.000," ",-9.000," ",-9.000," ",-9.000," ",-9.000," ",-9.000,0,-9,64.800,1.778,1.778,"  ","c           ",
CO21,TO0822SW,"2015-04-07 19:45","2015-04-14 19:00",201504,-9.000,-9.000," ",-9.000," ",-9.000," ",-9.000," ",-9.000," ",-9.000," ",-9.000," ",-9.000," ",-9.000,0,-9,1.800,.000,.000,"d ","            ",
CO21,TO1119SW,"2015-04-14 19:00","2015-04-21 16:50",201504,6.070,6.000," ",.450," ",.047," ",.019," ",.104," ",.303," ",.568," ",.114," ",.724,0,-9,2221.200,34.036,34.036,"w ","            ",
CO21,TO1326SW,"2015-04-21 16:50","2015-04-28 15:10",201504,5.930,4.600," ",.116," ",.015," ",.013," ",.029," ",.408," ",.732," ",.055," ",.305,0,-9,1241.900,19.812,19.812,"w ","            ",
CO21,TO1574SW,"2015-04-28 15:10","2015-05-05 19:05",201505,5.540,11.300," ",.444," ",.068," ",.050," ",.036," ",.778," ",2.408," ",.148," ",.877,0,-9,152.200,10.668,10.668,"w ","            ",
CO21,TO1803SW,"2015-05-05 19:05","2015-05-12 16:10",201505,-9.000,-9.000," ",-9.000," ",-9.000," ",-9.000," ",-9.000," ",-9.000," ",-9.000," ",-9.000," ",-9.000,0,-9,3315.300,-9.990,48.833,"  ","u           ",
CO21,TO2090SW,"2015-05-12 16:10","2015-05-19 14:25",201505,5.380,5.100," ",.153," ",.018," ",.010," ",.021," ",.267," ",.753," ",.050," ",.461,0,-9,1674.200,23.876,23.876,"w ","            ",
CO21,TO2504SW,"2015-05-19 14:25","2015-05-26 18:05",201505,6.120,9.500," ",.230," ",.048," ",.210," ",.089," ",.827," ",.924," ",.141," ",1.018,0,-9,1815.100,23.114,23.114,"w ","            ",
CO21,TO2625SW,"2015-05-26 18:05","2015-06-02 13:35",201505,5.810,10.800," ",.423," ",.059," ",.069," ",.078," ",.796," ",1.918," ",.145," ",1.070,0,-9,509.500,7.366,7.366,"w ","            ",
CO21,TO2994SW,"2015-06-02 13:35","2015-06-09 16:00",201506,5.130,8.200," ",.238," ",.033," ",.089," ",.024," ",.240," ",1.010," ",.082," ",.748,0,-9,299.200,4.318,4.318,"w ","            ",
CO21,TO3147SW,"2015-06-09 16:35","2015-06-16 18:20",201506,5.440,7.400," ",.182," ",.062," ",.219," ",.012," ",.378," ",1.008," ",.063," ",.492,0,-9,1633.100,25.908,25.908,"w ","            ",
CO21,TO3525SW,"2015-06-16 18:25","2015-06-23 14:33",201506,-9.000,-9.000," ",-9.000," ",-9.000," ",-9.000," ",-9.000," ",-9.000," ",-9.000," ",-9.000," ",-9.000,0,-9,.000,.000,.000,"d ","            ",
CO21,TO3807SW,"2015-06-23 14:33","2015-06-30 16:18",201506,-9.000,-9.000," ",-9.000," ",-9.000," ",-9.000," ",-9.000," ",-9.000," ",-9.000," ",-9.000," ",-9.000,0,-9,109.700,2.286,2.286,"  ","c           ",
CO21,TO3927SW,"2015-06-30 16:18","2015-07-07 19:10",201507,5.360,6.800," ",.122," ",.021," ",.049," ",.015," ",.465," ",1.059," ",.065," ",.380,0,-9,1093.400,17.526,17.526,"w ","            ",
CO21,TO4239SW,"2015-07-07 19:10","2015-07-14 18:45",201507,5.170,6.700," ",.094," ",.015," ",.029," ",.026," ",.312," ",.907," ",.068," ",.392,0,-9,1860.300,28.194,28.194,"w ","            ",
CO21,TO4483SW,"2015-07-14 18:45","2015-07-20 20:05",201507,5.070,8.000," ",.100," ",.015," ",.018," ",.023," ",.328," ",1.144," ",.061," ",.460,0,-9,1326.600,19.304,19.304,"w ","            ",
CO21,TO4742SW,"2015-07-20 20:07","2015-07-28 17:05",201507,5.040,10.900," ",.294," ",.048," ",.053," ",.044," ",.483," ",1.746," ",.117," ",.922,0,-9,517.100,9.144,9.144,"w ","            ",
CO21,TO5036SW,"2015-07-28 17:05","2015-08-04 18:55",201508,5.900,12.600," ",.632," ",.096," ",.085," ",.045," ",.901," ",2.365," ",.170," ",1.191,0,-9,228.400,3.556,3.556,"w ","            ",
CO21,TO5264SW,"2015-08-04 18:55","2015-08-11 14:40",201508,5.870,7.900," ",.151," ",.018," ",.034," ",.025," ",.767," ",1.306," ",.067," ",.645,0,-9,1444.500,22.352,22.352,"w ","            ",
CO21,TO5564SW,"2015-08-11 14:45","2015-08-18 18:55",201508,5.340,7.600," ",.130," ",.016," ",.026," ",.022," ",.511," ",1.317," ",.052," ",.638,0,-9,1858.800,30.226,30.226,"w ","            ",
CO21,TO5906SW,"2015-08-18 18:55","2015-08-25 20:00",201508,-9.000,-9.000," ",-9.000," ",-9.000," ",-9.000," ",-9.000," ",-9.000," ",-9.000," ",-9.000," ",-9.000,0,-9,.800,.000,.000,"d ","            ",
CO21,TO6115SW,"2015-08-25 20:00","2015-09-01 16:20",201508,4.890,10.600," ",.279," ",.044," ",.035," ",.045," ",.354," ",1.662," ",.105," ",.520,0,-9,207.000,3.048,3.048,"w ","            ",
CO21,TO6307SW,"2015-09-01 16:20","2015-09-08 15:15",201509,4.660,15.800," ",.276," ",.045," ",.032," ",.079," ",.449," ",2.053," ",.141," ",.960,0,-9,279.900,4.064,4.064,"w ","            ",
CO21,TO6653SW,"2015-09-08 15:15","2015-09-15 16:10",201509,-9.000,-9.000," ",-9.000," ",-9.000," ",-9.000," ",-9.000," ",-9.000," ",-9.000," ",-9.000," ",-9.000,0,-9,.000,.000,.000,"d ","            ",
CO21,TO6970SW,"2015-09-15 16:10","2015-09-22 20:10",201509,-9.000,-9.000," ",-9.000," ",-9.000," ",-9.000," ",-9.000," ",-9.000," ",-9.000," ",-9.000," ",-9.000,0,-9,.000,.000,.000,"d ","            ",
CO21,TO7184SW,"2015-09-22 20:10","2015-09-29 20:20",201509,-9.000,-9.000," ",-9.000," ",-9.000," ",-9.000," ",-9.000," ",-9.000," ",-9.000," ",-9.000," ",-9.000,0,-9,.600,.000,.000,"d ","            ",
CO21,TO7401SW,"2015-09-29 20:20","2015-10-06 17:00",201510,5.740,10.700," ",.359," ",.043," ",.034," ",.027," ",.915," ",1.684," ",.045," ",1.395,0,-9,384.300,7.366,7.366,"w ","            ",
CO21,TO7750SW,"2015-10-06 17:00","2015-10-14 01:40",201510,-9.000,-9.000," ",-9.000," ",-9.000," ",-9.000," ",-9.000," ",-9.000," ",-9.000," ",-9.000," ",-9.000,0,-9,149.200,6.604,6.604,"  ","c           ",
CO21,TO7922SW,"2015-10-14 01:40","2015-10-20 19:50",201510,-9.000,-9.000," ",-9.000," ",-9.000," ",-9.000," ",-9.000," ",-9.000," ",-9.000," ",-9.000," ",-9.000,0,-9,1.200,.000,.000,"d ","            ",
CO21,TO8190SW,"2015-10-20 19:50","2015-10-27 18:30",201510,5.220,3.100," ",.011,<,.002," ",.002,<,.006," ",.041," ",.286," ",.008," ",.040,0,-9,618.400,13.208,13.208,"w ","            ",
CO21,TO8533SW,"2015-10-27 18:30","2015-11-03 19:45",201510,-9.000,-9.000," ",-9.000," ",-9.000," ",-9.000," ",-9.000," ",-9.000," ",-9.000," ",-9.000," ",-9.000,0,-9,2.000,.000,.000,"d ","            ",
CO21,TO8764SW,"2015-11-03 19:45","2015-11-10 17:45",201511,-9.000,-9.000," ",-9.000," ",-9.000," ",-9.000," ",-9.000," ",-9.000," ",-9.000," ",-9.000," ",-9.000,0,-9,2.200,.000,.000,"d ","            ",
CO21,TO9053SW,"2015-11-10 17:45","2015-11-17 18:15",201511,-9.000,-9.000," ",-9.000," ",-9.000," ",-9.000," ",-9.000," ",-9.000," ",-9.000," ",-9.000," ",-9.000,0,-9,1886.200,35.560,35.560,"  ","u           ",
CO21,TO9268SW,"2015-11-17 18:15","2015-11-24 16:30",201511,-9.000,-9.000," ",-9.000," ",-9.000," ",-9.000," ",-9.000," ",-9.000," ",-9.000," ",-9.000," ",-9.000,0,-9,1.000,.000,.000,"d ","            ",
CO21,TO9592SW,"2015-11-24 17:00","2015-12-01 19:30",201511,-9.000,-9.000," ",-9.000," ",-9.000," ",-9.000," ",-9.000," ",-9.000," ",-9.000," ",-9.000," ",-9.000,0,-9,185.800,2.794,2.794,"  ","b           ",
CO21,TO9861SW,"2015-12-01 19:30","2015-12-08 22:45",201512,-9.000,-9.000," ",-9.000," ",-9.000," ",-9.000," ",-9.000," ",-9.000," ",-9.000," ",-9.000," ",-9.000,0,-9,11.100,1.270,1.270,"  ","b           ",
CO21,TP0200SW,"2015-12-08 23:20","2015-12-15 21:45",201512,5.330,3.400," ",.024," ",.003," ",.003," ",.011," ",.114," ",.436," ",.013," ",.046,0,-9,520.100,8.382,8.382,"w ","            ",
CO21,TP0413SW,"2015-12-15 21:45","2015-12-22 18:45",201512,4.980,8.600," ",.102," ",.016," ",.016," ",.142," ",.268," ",1.174," ",.267," ",.311,0,-9,150.200,2.032,2.032,"w ","            ",
CO21,TP0631SW,"2015-12-22 18:45","2015-12-29 18:15",201512,-9.000,-9.000," ",-9.000," ",-9.000," ",-9.000," ",-9.000," ",.230," ",.674," ",.103," ",.302,0,-9,21.500,.254,.254,wi,"            ",
CO21,TP0921SW,"2015-12-29 18:15","2016-01-05 17:45",201601,-9.000,-9.000," ",-9.000," ",-9.000," ",-9.000," ",-9.000," ",-9.000," ",-9.000," ",-9.000," ",-9.000,0,-9,1.500,.000,.000,"d ","            ",
CO21,TP1181SW,"2016-01-05 17:45","2016-01-12 18:15",201601,5.050,5.300," ",.015," ",.003,<,.004," ",.006," ",.168," ",.763," ",.021," ",.112,0,-9,397.700,7.366,7.366,"w ","            ",2017-03-17
CO21,TP1372SW,"2016-01-12 18:15","2016-01-19 17:30",201601,-9.000,-9.000," ",-9.000," ",-9.000," ",-9.000," ",-9.000," ",-9.000," ",-9.000," ",-9.000," ",-9.000,0,-9,3.400,.254,.254,"  ","v           ",
CO21,TP1717SW,"2016-01-19 17:45","2016-01-26 19:15",201601,-9.000,-9.000," ",-9.000," ",-9.000," ",-9.000," ",-9.000," ",-9.000," ",-9.000," ",-9.000," ",-9.000,0,-9,17.200,.000,.000,"d ","            ",
CO21,TP2000SW,"2016-01-26 19:15","2016-02-02 22:30",201601,-9.000,-9.000," ",-9.000," ",-9.000,<,-9.000," ",-9.000," ",-9.000," ",-9.000," ",-9.000," ",-9.000,0,-9,600.300,10.668,10.668,"  ","b           ",2017-03-17
CO21,TP2246SW,"2016-02-02 22:30","2016-02-09 17:50",201602,-9.000,-9.000," ",-9.000," ",-9.000," ",-9.000," ",-9.000," ",-9.000," ",-9.000," ",-9.000," ",-9.000,0,-9,16.300,1.524,1.524,"  ","bc          ",
CO21,TP2516SW,"2016-02-09 17:50","2016-02-16 18:20",201602,-9.000,-9.000," ",-9.000," ",-9.000," ",-9.000," ",-9.000," ",-9.000," ",-9.000," ",-9.000," ",-9.000,0,-9,.800,.000,.000,"d ","            ",
CO21,TP2730SW,"2016-02-16 18:45","2016-02-23 21:00",201602,5.820,5.200," ",.139," ",.014," ",.011," ",.040," ",.441," ",.620," ",.044," ",.314,0,-9,210.300,4.572,4.572,"w ","            ",
CO21,TP2894SW,"2016-02-23 21:00","2016-03-01 17:10",201602,-9.000,-9.000," ",-9.000," ",-9.000," ",-9.000," ",-9.000," ",-9.000," ",-9.000," ",-9.000," ",-9.000,0,-9,1.000,.000,.000,"d ","            ",
CO21,TP3249SW,"2016-03-01 17:10","2016-03-08 22:05",201603,-9.000,-9.000," ",-9.000," ",-9.000," ",-9.000," ",-9.000," ",-9.000," ",-9.000," ",-9.000," ",-9.000,0,-9,.000,.000,.000,"d ","            ",
CO21,TP3575SW,"2016-03-08 22:05","2016-03-15 17:30",201603,7.040,48.600," ",2.219," ",.225," ",.233," ",.218," ",4.513," ",8.364," ",.697," ",2.335,0,-9,17.500,.762,.762,wi,"            ",
CO21,TP3796SW,"2016-03-15 17:30","2016-03-22 15:05",201603,6.140,7.000," ",.387," ",.053," ",.029," ",.049," ",.469," ",1.085," ",.060," ",.469,0,-9,292.300,5.588,5.588,"w ","            ",
CO21,TP4001SW,"2016-03-22 15:05","2016-03-29 13:15",201603,5.750,2.500," ",.086," ",.008," ",.005," ",.010," ",.147," ",.236," ",.016," ",.071,0,-9,969.800,21.844,21.844,"w ","            ",2017-03-17
CO21,TP4315SW,"2016-03-29 13:15","2016-04-05 18:15",201604,5.630,6.800," ",.222," ",.027," ",.019," ",.049," ",.496," ",.914," ",.090," ",.297,0,-9,52.000,1.524,1.524,"w ","            ",
CO21,TP4597SW,"2016-04-05 18:15","2016-04-12 16:00",201604,-9.000,-9.000," ",-9.000," ",-9.000," ",-9.000," ",-9.000," ",-9.000," ",-9.000," ",-9.000," ",-9.000,0,-9,14.600,.254,.254,"  ","c           ",
CO21,TP4857SW,"2016-04-12 16:00","2016-04-19 20:30",201604,5.770,3.900," ",.165," ",.019," ",.016," ",.021," ",.198," ",.736," ",.034," ",.231,0,-9,899.100,33.528,33.528,"w ","            ",
CO21,TP5114SW,"2016-04-19 20:30","2016-04-26 17:45",201604,-9.000,-9.000," ",-9.000," ",-9.000," ",-9.000," ",-9.000," ",-9.000," ",-9.000," ",-9.000," ",-9.000,0,-9,1.100,.000,.000,"d ","            ",
CO21,TP5393SW,"2016-04-26 17:45","2016-05-03 16:00",201604,5.700,4.000," ",.124," ",.012," ",.007," ",.016," ",.237," ",.640," ",.037," ",.240,0,-9,1512.300,25.146,25.146,"w ","            ",
CO21,TP5672SW,"2016-05-03 16:00","2016-05-10 19:30",201605,-9.000,-9.000," ",-9.000," ",-9.000," ",-9.000," ",-9.000," ",-9.000," ",-9.000," ",-9.000," ",-9.000,0,-9,605.100,9.144,9.144,"  ","c           ",
CO21,TP5849SW,"2016-05-10 19:30","2016-05-17 15:00",201605,5.320,4.800," ",.105," ",.015," ",.018," ",.021," ",.185," ",.720," ",.041," ",.250,0,-9,758.900,11.938,11.938,"w ","            ",2017-03-17
CO21,TP6252SW,"2016-05-17 15:00","2016-05-24 23:30",201605,-9.000,-9.000," ",-9.000," ",-9.000," ",-9.000," ",-9.000," ",-9.000," ",-9.000," ",-9.000," ",-9.000,0,-9,1.700,.254,.254,"  ","v           ",
CO21,TP6480SW,"2016-05-24 23:30","2016-05-31 18:15",201605,5.930,6.700,<,.009,<,.002,<,.004,<,.003,<,.019,<,.005,<,.005,<,.004,0,-9,1126.000,17.780,17.780,"w ","            ",2023-01-31
CO21,TP6655SW,"2016-05-31 18:15","2016-06-07 16:25",201606,5.650,7.500," ",.285," ",.043," ",.065," ",.021," ",.467," ",1.304," ",.065," ",.601,0,-9,1114.800,18.796,18.796,"w ","            ",
CO21,TP6909SW,"2016-06-07 16:25","2016-06-14 17:30",201606,5.630,9.700," ",.467," ",.054," ",.109," ",.062," ",.534," ",1.630," ",.131," ",.791,0,-9,1555.300,24.638,24.638,"w ","            ",
CO21,TP7292SW,"2016-06-14 17:30","2016-06-21 18:20",201606,5.890,8.700," ",.305," ",.038," ",.143," ",.032," ",.662," ",1.049," ",.067," ",.638,0,-9,1136.400,17.780,17.780,"w ","            ",
CO21,TP7556SW,"2016-06-21 18:20","2016-06-28 22:50",201606,5.550,9.800," ",.409," ",.061," ",.164," ",.074," ",.578," ",1.521," ",.117," ",.867,0,-9,1563.400,22.606,22.606,"w ","            ",
CO21,TP7725SW,"2016-06-28 22:50","2016-07-05 15:30",201607,5.710,5.700," ",.090," ",.016," ",.040," ",.012," ",.492," ",.929," ",.037," ",.380,0,-9,1961.600,29.464,29.464,"w ","            ",
CO21,TP8075SW,"2016-07-05 16:00","2016-07-12 18:40",201607,-9.000,-9.000," ",-9.000," ",-9.000," ",-9.000," ",-9.000," ",-9.000," ",-9.000," ",-9.000," ",-9.000,0,-9,-9.000,.000,.000,"d ","            ",
CO21,TP8337SW,"2016-07-12 18:40","2016-07-19 16:20",201607,-9.000,-9.000," ",-9.000," ",-9.000," ",-9.000," ",-9.000," ",-9.000," ",-9.000," ",-9.000," ",-9.000,0,-9,101.200,2.032,2.032,"  ","c           ",
CO21,TP8597SW,"2016-07-19 16:40","2016-07-26 14:50",201607,5.190,13.000," ",.721," ",.082," ",.072," ",.073," ",.464," ",2.540," ",.167," ",1.052,0,-9,175.200,2.540,2.540,"w ","            ",
CO21,TP8917SW,"2016-07-26 14:50","2016-08-02 19:35",201607,-9.000,-9.000," ",-9.000," ",-9.000," ",-9.000," ",-9.000," ",-9.000," ",-9.000," ",-9.000," ",-9.000,0,-9,66.300,2.540,2.540,"  ","c           ",
CO21,TP9075SW,"2016-08-02 19:35","2016-08-09 14:55",201608,5.900,6.400," ",.225," ",.030," ",.032," ",.017," ",.468," ",1.143," ",.049," ",.472,0,-9,587.500,8.636,8.636,"w ","            ",
CO21,TP9472SW,"2016-08-09 14:55","2016-08-16 19:35",201608,-9.000,-9.000," ",-9.000," ",-9.000," ",-9.000," ",-9.000," ",-9.000," ",-9.000," ",-9.000," ",-9.000,0,-9,.800,1.016,1.016,"  ","v           ",
CO21,TP9674SW,"2016-08-16 19:35","2016-08-23 19:15",201608,6.010,15.200," ",.596," ",.067," ",.078," ",.046," ",1.285," ",2.639," ",.169," ",1.184,0,-9,183.100,4.826,4.826,"w ","            ",
CO21,TP9882SW,"2016-08-23 19:15","2016-08-30 16:20",201608,5.310,5.700," ",.097," ",.012," ",.019," ",.009," ",.312," ",.893," ",.036," ",.350,0,-9,1518.800,25.654,25.654,"w ","            ",
CO21,TQ0194SW,"2016-08-30 16:20","2016-09-06 18:45",201609,-9.000,-9.000," ",-9.000," ",-9.000," ",-9.000," ",-9.000," ",-9.000," ",-9.000," ",-9.000," ",-9.000,0,-9,10.800,.000,.000,"d ","            ",
CO21,TQ0388SW,"2016-09-06 18:45","2016-09-13 15:12",201609,6.110,5.700," ",.236," ",.025," ",.023," ",.023," ",.465," ",.659," ",.056," ",.378,0,-9,471.200,6.858,6.858,"w ","            ",
CO21,TQ0745SW,"2016-09-13 15:13","2016-09-20 15:50",201609,-9.000,-9.000," ",-9.000," ",-9.000," ",-9.000," ",-9.000," ",-9.000," ",-9.000," ",-9.000," ",-9.000,0,-9,52.000,.762,.762,"  ","c           ",
CO21,TQ1129SW,"2016-09-20 15:50","2016-09-27 16:50",201609,-9.000,-9.000," ",-9.000," ",-9.000," ",-9.000," ",-9.000," ",-9.000," ",-9.000," ",-9.000," ",-9.000,0,-9,-9.000,.000,.000,"d ","            ",
CO21,TQ1291SW,"2016-09-27 16:50","2016-10-04 17:40",201610,6.140,8.100," ",.323," ",.030," ",.035," ",.014," ",.688," ",1.528," ",.053," ",.349,0,-9,189.800,5.080,5.080,"w ","            ",
CO21,TQ1506SW,"2016-10-04 17:40","2016-10-11 19:00",201610,6.490,10.200," ",.559," ",.051," ",.056," ",.107," ",.754," ",2.000," ",.130," ",.378,0,-9,150.500,2.286,2.286,"w ","            ",
CO21,TQ1755SW,"2016-10-11 19:00","2016-10-18 19:00",201610,-9.000,-9.000," ",-9.000," ",-9.000," ",-9.000," ",-9.000," ",-9.000," ",-9.000," ",-9.000," ",-9.000,0,-9,.400,.000,.000,"d ","            ",
CO21,TQ2047SW,"2016-10-18 19:00","2016-10-25 18:15",201610,-9.000,-9.000," ",-9.000," ",-9.000," ",-9.000," ",-9.000," ",-9.000," ",-9.000," ",-9.000," ",-9.000,0,-9,1.000,.000,.000,"d ","            ",
CO21,TQ2339SW,"2016-10-25 18:15","2016-11-01 19:50",201610,-9.000,-9.000," ",-9.000," ",-9.000," ",-9.000," ",-9.000," ",-9.000," ",-9.000," ",-9.000," ",-9.000,0,-9,1.800,.000,.000,"d ","            ",
CO21,TQ2674SW,"2016-11-01 19:50","2016-11-08 17:00",201611,-9.000,-9.000," ",-9.000," ",-9.000," ",-9.000," ",-9.000," ",-9.000," ",-9.000," ",-9.000," ",-9.000,0,-9,1.200,.000,.000,"d ","            ",
CO21,TQ2868SW,"2016-11-08 17:00","2016-11-15 20:00",201611,-9.000,-9.000," ",-9.000," ",-9.000," ",-9.000," ",-9.000," ",-9.000," ",-9.000," ",-9.000," ",-9.000,0,-9,1.100,.000,.000,"d ","            ",
CO21,TQ3056SW,"2016-11-15 20:00","2016-11-22 16:25",201611,6.240,9.000," ",.599," ",.041," ",.056," ",.070," ",.585," ",1.587," ",.054," ",.448,0,-9,576.000,6.604,6.604,"w ","            ",
CO21,TQ3451SW,"2016-11-22 16:25","2016-11-29 16:55",201611,-9.000,-9.000," ",-9.000," ",-9.000," ",-9.000," ",-9.000," ",-9.000," ",-9.000," ",-9.000," ",-9.000,0,-9,2.400,.000,.000,"d ","            ",
CO21,TQ3635SW,"2016-11-29 16:55","2016-12-06 16:30",201612,-9.000,-9.000," ",-9.000," ",-9.000," ",-9.000," ",-9.000," ",-9.000," ",-9.000," ",-9.000," ",-9.000,0,-9,.600,.000,.000,"d ","            ",
CO21,TQ3944SW,"2016-12-06 16:30","2016-12-13 17:50",201612,5.020,6.700," ",.130," ",.017," ",.012," ",.020," ",.123," ",1.150," ",.031," ",.080,0,-9,197.000,2.794,2.794,"w ","            ",2017-03-17
CO21,TQ4155SW,"2016-12-13 17:50","2016-12-20 15:20",201612,5.470,2.700," ",.035," ",.004," ",.007,<,.003," ",.086," ",.255," ",.008," ",.047,0,-9,388.400,5.588,5.588,"w ","            ",2022-12-15
CO21,TQ4430SW,"2016-12-20 15:20","2016-12-27 18:30",201612,5.420,2.800," ",.034," ",.005," ",.007," ",.007," ",.101," ",.226," ",.014," ",.054,0,-9,171.600,2.286,2.286,"w ","            ",2023-02-16
CO21,TQ4738SW,"2016-12-27 18:30","2017-01-03 19:00",201612,-9.000,-9.000," ",-9.000," ",-9.000," ",-9.000," ",-9.000," ",-9.000," ",-9.000," ",-9.000," ",-9.000,0,-9,.000,.000,.000,"d ","            ",
CO21,TQ4916SW,"2017-01-03 19:00","2017-01-10 18:20",201701,5.210,3.400," ",.042," ",.006," ",.011," ",.004," ",.068," ",.279," ",.009," ",.069,0,-9,114.700,2.794,2.794,"w ","            ",2023-02-16
CO21,TQ5221SW,"2017-01-10 18:20","2017-01-17 18:55",201701,4.670,10.900," ",.071," ",.006," ",.009," ",.024," ",.117," ",1.289," ",.123," ",.271,0,-9,213.100,-9.990,3.138,"w ","            ",
CO21,TQ5455SW,"2017-01-17 18:55","2017-01-24 19:05",201701,5.010,4.900," ",.023," ",.002," ",.003," ",.006," ",.067," ",.464," ",.018," ",.063,0,-9,91.300,1.270,1.270,"w ","            ",
CO21,TQ5791SW,"2017-01-24 19:05","2017-01-31 18:10",201701,-9.000,-9.000," ",-9.000," ",-9.000," ",-9.000," ",-9.000," ",-9.000," ",-9.000," ",-9.000," ",-9.000,0,-9,.900,.000,.000,"d ","            ",
CO21,TQ6061SW,"2017-01-31 18:10","2017-02-07 19:05",201702,-9.000,-9.000," ",-9.000," ",-9.000," ",-9.000," ",-9.000," ",-9.000," ",-9.000," ",-9.000," ",-9.000,0,-9,1.000,.000,.000,"d ","            ",
CO21,TQ6244SW,"2017-02-07 19:05","2017-02-14 21:55",201702,5.400,3.800," ",.054," ",.007," ",.008," ",.016," ",.185," ",.387," ",.025," ",.102,0,-9,130.900,2.540,2.540,"w ","            ",
CO21,TQ6537SW,"2017-02-14 21:55","2017-02-21 18:00",201702,-9.000,-9.000," ",-9.000," ",-9.000," ",-9.000," ",-9.000," ",-9.000," ",-9.000," ",-9.000," ",-9.000,0,-9,9.900,.000,.000,"d ","            ",
CO21,TQ6806SW,"2017-02-21 18:00","2017-02-28 17:20",201702,-9.000,-9.000," ",-9.000," ",-9.000," ",-9.000," ",-9.000," ",-9.000," ",-9.000," ",-9.000," ",-9.000,0,-9,4.900,.000,.000,"d ","            ",
CO21,TQ7137SW,"2017-02-28 17:20","2017-03-07 16:50",201703,-9.000,-9.000," ",-9.000," ",-9.000," ",-9.000," ",-9.000," ",-9.000," ",-9.000," ",-9.000," ",-9.000,0,-9,.700,.000,.000,"d ","            ",
CO21,TQ7407SW,"2017-03-07 16:50","2017-03-14 17:00",201703,-9.000,-9.000," ",-9.000," ",-9.000," ",-9.000," ",-9.000," ",-9.000," ",-9.000," ",-9.000," ",-9.000,0,-9,1.900,.000,.000,"d ","            ",
CO21,TQ7575SW,"2017-03-14 17:00","2017-03-21 17:00",201703,-9.000,-9.000," ",-9.000," ",-9.000," ",-9.000," ",-9.000," ",-9.000," ",-9.000," ",-9.000," ",-9.000,0,-9,.700,.000,.000,"d ","            ",
CO21,TQ7920SW,"2017-03-21 17:00","2017-03-28 15:05",201703,6.720,8.600," ",.842," ",.086," ",.053," ",.148," ",.262," ",.261," ",.128," ",.594,0,-9,1019.700,16.764,16.764,"w ","            ",
CO21,TQ8167SW,"2017-03-28 15:05","2017-04-04 17:20",201704,5.740,3.600," ",.141," ",.013," ",.010," ",.043," ",.175," ",.447," ",.034," ",.194,0,-9,785.200,12.446,12.446,"w ","            ",
CO21,TQ8452SW,"2017-04-04 17:20","2017-04-11 15:00",201704,5.610,3.400," ",.035," ",.007," ",.005," ",.007," ",.232," ",.475," ",.023," ",.085,0,-9,107.000,1.270,1.270,"w ","            ",
CO21,TQ8758SW,"2017-04-11 15:00","2017-04-18 16:20",201704,-9.000,-9.000," ",-9.000," ",-9.000," ",-9.000," ",-9.000," ",-9.000," ",-9.000," ",-9.000," ",-9.000,0,-9,1.100,.000,.000,"d ","            ",
CO21,TQ8901SW,"2017-04-18 16:20","2017-04-25 16:25",201704,6.020,9.100," ",.386," ",.044," ",.033," ",.048," ",.733," ",1.305," ",.086," ",.603,0,-9,222.100,4.318,4.318,"w ","            ",
CO21,TQ9178SW,"2017-04-25 16:25","2017-05-02 19:00",201704,5.580,4.100," ",.104," ",.012," ",.011," ",.009," ",.285," ",.640," ",.030," ",.120,0,-9,520.100,9.906,9.906,"w ","            ",
CO21,TQ9516SW,"2017-05-02 19:00","2017-05-09 17:35",201705,6.030,9.700," ",.610," ",.045," ",.043," ",.081," ",.573," ",1.792," ",.174," ",.858,0,-9,244.900,6.350,6.350,"w ","            ",
CO21,TQ9744SW,"2017-05-09 17:35","2017-05-16 15:00",201705,-9.000,-9.000," ",-9.000," ",-9.000," ",-9.000," ",-9.000," ",-9.000," ",-9.000," ",-9.000," ",-9.000,0,-9,2.000,6.858,6.858,"  ","v           ",
CO21,TR0056SW,"2017-05-16 15:00","2017-05-23 16:55",201705,-9.000,-9.000," ",-9.000," ",-9.000," ",-9.000," ",-9.000," ",-9.000," ",-9.000," ",-9.000," ",-9.000,0,-9,3005.400,-9.990,44.268,"  ","u           ",
CO21,TR0188SW,"2017-05-23 16:55","2017-05-30 19:20",201705,5.880,8.700," ",.432," ",.049," ",.039," ",.055," ",.626," ",1.340," ",.122," ",.843,0,-9,612.600,7.620,7.620,"w ","            ",
CO21,TR0524SW,"2017-05-30 19:20","2017-06-06 14:40",201706,6.060,13.200," ",.655," ",.114," ",.038," ",.037," ",.944," ",2.060," ",.124," ",.719,0,-9,58.200,2.794,2.794,"w ","            ",
CO21,TR0867SW,"2017-06-06 14:40","2017-06-13 16:15",201706,-9.000,-9.000," ",-9.000," ",-9.000," ",-9.000," ",-9.000," ",-9.000," ",-9.000," ",-9.000," ",-9.000,0,-9,1.700,.000,.000,"d ","            ",
CO21,TR1055SW,"2017-06-13 16:15","2017-06-20 14:45",201706,-9.000,-9.000," ",-9.000," ",-9.000," ",-9.000," ",-9.000," ",-9.000," ",-9.000," ",-9.000," ",-9.000,0,-9,.000,.000,.000,"d ","            ",
CO21,TR1407SW,"2017-06-20 14:46","2017-06-27 15:10",201706,-9.000,-9.000," ",-9.000," ",-9.000," ",-9.000," ",-9.000," ",-9.000," ",-9.000," ",-9.000," ",-9.000,0,-9,1.400,.762,.762,"  ","v           ",
CO21,TR1620SW,"2017-06-27 15:10","2017-07-04 15:50",201707,-9.000,-9.000," ",-9.000," ",-9.000," ",-9.000," ",-9.000," ",-9.000," ",-9.000," ",-9.000," ",-9.000,0,-9,1.600,.000,.000,"d ","            ",
CO21,TR1782SW,"2017-07-04 15:50","2017-07-11 16:50",201707,-9.000,-9.000," ",-9.000," ",-9.000," ",-9.000," ",-9.000," ",-9.000," ",-9.000," ",-9.000," ",-9.000,0,-9,222.900,3.302,3.302,"  ","c           ",
CO21,TR2054SW,"2017-07-11 16:50","2017-07-18 13:30",201707,6.200,7.500," ",.209," ",.023," ",.041," ",.018," ",.738," ",1.307," ",.064," ",.339,0,-9,1424.300,21.082,21.082,"w ","            ",
CO21,TR2320SW,"2017-07-18 13:30","2017-07-25 16:10",201707,5.670,6.800," ",.197," ",.023," ",.021," ",.012," ",.515," ",1.284," ",.055," ",.390,0,-9,1736.100,26.162,26.162,"w ","            ",
CO21,TR2552SW,"2017-07-25 16:10","2017-08-01 18:20",201707,5.430,3.700," ",.035," ",.004," ",.007," ",.004," ",.263," ",.627," ",.020," ",.136,0,-9,1819.600,27.686,27.686,"w ","            ",
CO21,TR2825SW,"2017-08-01 18:20","2017-08-08 14:50",201708,5.500,6.600," ",.151," ",.020," ",.045," ",.011," ",.464," ",.769," ",.050," ",.334,0,-9,2860.300,40.640,40.640,"w ","            ",
CO21,TR3060SW,"2017-08-08 14:50","2017-08-15 15:15",201708,5.290,5.500," ",.084," ",.012," ",.022," ",.021," ",.283," ",.707," ",.046," ",.301,0,-9,2444.200,36.322,36.322,"w ","            ",
CO21,TR3333SW,"2017-08-15 15:15","2017-08-22 17:10",201708,5.430,8.500," ",.298," ",.041," ",.039," ",.023," ",.587," ",1.526," ",.089," ",.597,0,-9,512.600,4.572,4.572,"w ","            ",
CO21,TR3615SW,"2017-08-22 17:10","2017-08-29 20:50",201708,5.680,8.400," ",.389," ",.045," ",.043," ",.035," ",.586," ",1.258," ",.119," ",.763,0,-9,212.500,2.286,2.286,"w ","            ",
CO21,TR3920SW,"2017-08-29 20:50","2017-09-05 18:40",201709,5.650,12.700," ",.612," ",.086," ",.286," ",.057," ",.843," ",2.378," ",.199," ",.962,0,-9,491.800,5.588,5.588,"w ","            ",
CO21,TR4131SW,"2017-09-05 18:40","2017-09-12 16:30",201709,-9.000,-9.000," ",-9.000," ",-9.000," ",-9.000," ",-9.000," ",-9.000," ",-9.000," ",-9.000," ",-9.000,0,-9,98.000,-9.990,1.443,"  ","c           ",
CO21,TR4418SW,"2017-09-12 16:30","2017-09-19 22:30",201709,5.720,-9.000," ",.195," ",.051," ",.040," ",.028," ",.229," ",.587," ",.116," ",.446,0,-9,33.600,-9.990,.495,"w ","            ",
CO21,TR4597SW,"2017-09-19 22:30","2017-09-26 18:30",201709,5.490,3.000," ",.051," ",.006," ",.007," ",.005," ",.163," ",.288," ",.014," ",.178,0,-9,747.500,12.192,12.192,"w ","            ",
CO21,TR4908SW,"2017-09-26 18:30","2017-10-03 18:30",201709,5.210,6.700," ",.111," ",.020," ",.058," ",.022," ",.325," ",.827," ",.079," ",.383,0,-9,39.000,10.160,10.160,wi,"            ",
CO21,TR5280SW,"2017-10-03 18:30","2017-10-10 17:15",201710,6.010,3.100," ",.169," ",.018," ",.011," ",.012," ",.196," ",.377," ",.032," ",.084,0,-9,191.700,1.524,1.524,"w ","            ",
CO21,TR5527SW,"2017-10-10 17:15","2017-10-17 19:00",201710,-9.000,-9.000," ",-9.000," ",-9.000," ",-9.000," ",-9.000," ",-9.000," ",-9.000," ",-9.000," ",-9.000,0,-9,1.300,.000,.000,"d ","            ",
CO21,TR5783SW,"2017-10-17 19:00","2017-10-24 20:55",201710,-9.000,-9.000," ",-9.000," ",-9.000," ",-9.000," ",-9.000," ",-9.000," ",-9.000," ",-9.000," ",-9.000,0,-9,2.700,.000,.000,"d ","            ",
CO21,TR5951SW,"2017-10-24 20:55","2017-10-31 17:30",201710,-9.000,-9.000," ",-9.000," ",-9.000," ",-9.000," ",-9.000," ",-9.000," ",-9.000," ",-9.000," ",-9.000,0,-9,20.100,.000,.000,"d ","            ",
CO21,TR6231SW,"2017-10-31 17:30","2017-11-07 17:55",201711,-9.000,-9.000," ",-9.000," ",-9.000," ",-9.000," ",-9.000," ",-9.000," ",-9.000," ",-9.000," ",-9.000,0,-9,2.100,.000,.000,"d ","            ",
CO21,TR6528SW,"2017-11-07 17:55","2017-11-14 16:32",201711,5.040,8.100," ",.097," ",.028," ",.008," ",.016," ",.407," ",1.854," ",.099," ",.076,0,-9,23.500,.508,.508,wi,"            ",
CO21,TR6773SW,"2017-11-14 16:32","2017-11-21 18:40",201711,5.490,2.600," ",.051," ",.009," ",.009," ",.004," ",.110," ",.156," ",.011," ",.080,0,-9,404.900,8.128,8.128,"w ","            ",
CO21,TR7062SW,"2017-11-21 18:40","2017-11-28 17:30",201711,-9.000,-9.000," ",-9.000," ",-9.000," ",-9.000," ",-9.000," ",-9.000," ",-9.000," ",-9.000," ",-9.000,0,-9,1.200,.000,.000,"d ","            ",
CO21,TR7357SW,"2017-11-28 17:30","2017-12-05 17:00",201712,-9.000,-9.000," ",-9.000," ",-9.000," ",-9.000," ",-9.000," ",-9.000," ",-9.000," ",-9.000," ",-9.000,0,-9,1.900,.000,.000,"d ","            ",
CO21,TR7480SW,"2017-12-05 17:00","2017-12-12 18:00",201712,4.990,-9.000," ",.064," ",.013," ",.010," ",.016," ",.058," ",.473," ",.061," ",.113,0,-9,45.500,.762,.762,"w ","            ",2019-12-19
CO21,TR7742SW,"2017-12-12 18:00","2017-12-19 17:15",201712,5.990,-9.000," ",.155," ",.019," ",.012," ",.012," ",.395," ",.942," ",.421," ",.078,0,-9,45.100,.762,.762,"w ","            ",2019-12-19
CO21,TR7993SW,"2017-12-19 17:15","2017-12-26 20:25",201712,-9.000,-9.000," ",-9.000," ",-9.000," ",-9.000," ",-9.000," ",-9.000," ",-9.000," ",-9.000," ",-9.000,0,-9,6.200,-9.990,.091,"t ","            ",
CO21,TR8320SW,"2017-12-26 20:25","2018-01-02 20:30",201712,-9.000,-9.000," ",-9.000," ",-9.000," ",-9.000," ",-9.000," ",-9.000," ",-9.000," ",-9.000," ",-9.000,0,-9,1.900,.000,.000,"d ","            ",
CO21,TR8587SW,"2018-01-02 20:30","2018-01-09 20:15",201801,-9.000,-9.000," ",-9.000," ",-9.000," ",-9.000," ",-9.000," ",-9.000," ",-9.000," ",-9.000," ",-9.000,0,-9,.300,.000,.000,"d ","            ",
CO21,TR8701SW,"2018-01-09 20:15","2018-01-16 14:30",201801,5.320,5.100," ",.073," ",.013," ",.016," ",.018," ",.368," ",.656," ",.045," ",.130,0,-9,216.900,2.794,2.794,"w ","            ",
CO21,TR9028SW,"2018-01-16 14:30","2018-01-23 14:30",201801,5.900,5.300," ",.158," ",.016," ",.023," ",.021," ",.561," ",.847," ",.024," ",.158,0,-9,86.900,2.540,2.540,wi,"            ",
CO21,TR9420SW,"2018-01-23 14:30","2018-01-30 18:20",201801,-9.000,-9.000," ",-9.000," ",-9.000," ",-9.000," ",-9.000," ",-9.000," ",-9.000," ",-9.000," ",-9.000,0,-9,1.100,.000,.000,"d ","            ",
CO21,TR9638SW,"2018-01-30 18:20","2018-02-06 17:00",201802,-9.000,-9.000," ",-9.000," ",-9.000," ",-9.000," ",-9.000," ",-9.000," ",-9.000," ",-9.000," ",-9.000,0,-9,1.100,.000,.000,"d ","            ",
CO21,TR9870SW,"2018-02-06 17:00","2018-02-14 01:00",201802,5.360,3.500," ",.063," ",.011," ",.008," ",.014," ",.111," ",.442," ",.025," ",.072,0,-9,176.400,2.794,2.794,"w ","            ",
CO21,TR9984SW,"2018-02-14 01:00","2018-02-20 17:45",201802,5.500,3.200," ",.084," ",.013," ",.013," ",.010," ",.121," ",.468," ",.027," ",.053,0,-9,220.100,2.286,2.286,"w ","            ",
CO21,TS0415SW,"2018-02-20 17:45","2018-02-27 15:30",201802,-9.000,-9.000," ",-9.000," ",-9.000," ",-9.000," ",-9.000," ",-9.000," ",-9.000," ",-9.000," ",-9.000,0,-9,1.700,.000,.000,"d ","            ",
CO21,TS0643SW,"2018-02-27 15:30","2018-03-06 18:00",201803,-9.000,-9.000," ",-9.000," ",-9.000," ",-9.000," ",-9.000," ",-9.000," ",-9.000," ",-9.000," ",-9.000,0,-9,1.000,.000,.000,"d ","            ",
CO21,TS0870SW,"2018-03-06 18:00","2018-03-13 15:25",201803,-9.000,-9.000," ",-9.000," ",-9.000," ",-9.000," ",-9.000," ",-9.000," ",-9.000," ",-9.000," ",-9.000,0,-9,1.300,.000,.000,"d ","            ",
CO21,TS1106SW,"2018-03-13 15:25","2018-03-20 13:20",201803,5.860,6.600," ",.165," ",.019," ",.016," ",.043," ",.635," ",.788," ",.078," ",.259,0,-9,720.100,8.382,8.382,"w ","            ",
CO21,TS1366SW,"2018-03-20 13:20","2018-03-27 15:20",201803,5.950,5.800," ",.269," ",.025," ",.021," ",.032," ",.464," ",.599," ",.041," ",.289,0,-9,376.200,5.842,5.842,"w ","            ",
CO21,TS1583SW,"2018-03-27 15:20","2018-04-03 17:40",201803,5.430,7.600," ",.165," ",.021," ",.017," ",.024," ",.631," ",1.266," ",.051," ",.284,0,-9,96.100,1.016,1.016,"w ","            ",
CO21,TS1845SW,"2018-04-03 17:40","2018-04-10 15:10",201804,-9.000,-9.000," ",-9.000," ",-9.000," ",-9.000," ",-9.000," ",-9.000," ",-9.000," ",-9.000," ",-9.000,0,-9,262.400,-9.990,3.865,"  ","f           ",
CO21,TS2169SW,"2018-04-10 15:10","2018-04-17 22:40",201804,-9.000,-9.000," ",-9.000," ",-9.000," ",-9.000," ",-9.000," ",-9.000," ",-9.000," ",-9.000," ",-9.000,0,-9,30.600,1.016,1.016,"  ","c           ",
CO21,TS2375SW,"2018-04-17 22:40","2018-04-24 18:50",201804,6.360,7.000," ",.460," ",.035," ",.032," ",.033," ",.496," ",.959," ",.068," ",.350,0,-9,403.800,5.588,5.588,"w ","            ",
CO21,TS2607SW,"2018-04-24 18:50","2018-05-01 17:15",201804,6.960,27.800," ",1.793," ",.218," ",.247," ",.179," ",2.249," ",4.557," ",.345," ",2.100,0,-9,39.000,2.032,2.032,wi,"            ",
CO21,TS2811SW,"2018-05-01 17:15","2018-05-08 19:45",201805,5.860,2.700," ",.124," ",.015," ",.011," ",.021," ",.170," ",.275," ",.028," ",.163,0,-9,1542.400,21.082,21.082,"w ","            ",
CO21,TS3171SW,"2018-05-08 19:45","2018-05-15 19:30",201805,6.850,13.600," ",.791," ",.093," ",.087," ",.213," ",1.354," ",1.809," ",.322," ",.908,0,-9,45.900,.762,.762,wi,"            ",
CO21,TS3336SW,"2018-05-15 19:30","2018-05-22 19:20",201805,6.190,8.700," ",.385," ",.045," ",.025," ",.038," ",.723," ",1.704," ",.074," ",.497,0,-9,480.400,6.858,6.858,"w ","            ",
CO21,TS3568SW,"2018-05-22 19:20","2018-05-29 18:05",201805,5.880,7.300," ",.420," ",.047," ",.069," ",.036," ",.447," ",1.373," ",.090," ",.491,0,-9,467.600,6.858,6.858,"w ","            ",
CO21,TT0167SW,"2018-05-29 18:05","2018-06-05 17:50",201806,-9.000,-9.000," ",-9.000," ",-9.000," ",-9.000," ",-9.000," ",-9.000," ",-9.000," ",-9.000," ",-9.000,0,-9,.500,.000,.000,"d ","            ",
CO21,TT0341SW,"2018-06-05 17:50","2018-06-12 20:45",201806,-9.000,-9.000," ",-9.000," ",-9.000," ",-9.000," ",-9.000," ",-9.000," ",-9.000," ",-9.000," ",-9.000,0,-9,1.400,.000,.000,"d ","            ",
CO21,TT0560SW,"2018-06-12 20:45","2018-06-19 16:50",201806,5.720,5.300," ",.147," ",.016," ",.033," ",.012," ",.481," ",.718," ",.040," ",.200,0,-9,1478.000,22.860,22.860,"w ","            ",
CO21,TT0898SW,"2018-06-19 16:50","2018-06-26 15:20",201806,6.160,7.000," ",.523," ",.066," ",.129," ",.066," ",.320," ",1.074," ",.094," ",.487,0,-9,258.400,2.794,2.794,"w ","            ",
CO21,TT1078SW,"2018-06-26 15:20","2018-07-03 17:15",201806,-9.000,-9.000," ",-9.000," ",-9.000," ",-9.000," ",-9.000," ",-9.000," ",-9.000," ",-9.000," ",-9.000,0,-9,1.000,.000,.000,"d ","            ",
CO21,TT1319SW,"2018-07-03 17:15","2018-07-10 20:00",201807,6.530,13.500," ",.512," ",.046," ",.084," ",.048," ",1.490," ",1.349," ",.093," ",.616,0,-9,1037.200,15.240,15.240,"w ","            ",
CO21,TT1584SW,"2018-07-10 20:00","2018-07-17 20:50",201807,6.160,7.400," ",.135," ",.021," ",.015," ",.010," ",.865," ",1.093," ",.057," ",.380,0,-9,402.000,5.588,5.588,"w ","            ",
CO21,TT1846SW,"2018-07-17 20:50","2018-07-24 17:00",201807,5.870,7.400," ",.178," ",.021," ",.034," ",.013," ",.768," ",1.199," ",.052," ",.333,0,-9,2034.800,35.560,35.560,"w ","            ",
CO21,TT2090SW,"2018-07-24 17:00","2018-07-31 19:00",201807,5.690,8.100," ",.196," ",.023," ",.048," ",.021," ",.755," ",1.500," ",.068," ",.477,0,-9,1474.200,21.336,21.336,"w ","            ",2020-04-12
CO21,TT2728SW,"2018-07-31 19:00","2018-08-07 20:40",201808,5.640,7.200," ",.245," ",.033," ",.047," ",.040," ",.573," ",1.266," ",.069," ",.546,0,-9,581.800,1.778,1.778,"w ","            ",2020-04-12
CO21,TT2635SW,"2018-08-07 20:40","2018-08-14 17:00",201808,-9.000,-9.000," ",-9.000," ",-9.000," ",-9.000," ",-9.000," ",-9.000," ",-9.000," ",-9.000," ",-9.000,0,-9,.800,.000,.000,"d ","            ",
CO21,TT2845SW,"2018-08-14 17:00","2018-08-21 17:30",201808,6.000,8.500," ",.259," ",.030," ",.045," ",.012," ",.828," ",1.201," ",.063," ",.475,0,-9,833.500,10.160,10.160,"w ","            ",2020-04-12
CO21,TT3150SW,"2018-08-21 17:30","2018-08-28 14:15",201808,-9.000,-9.000," ",-9.000," ",-9.000," ",-9.000," ",-9.000," ",-9.000," ",-9.000," ",-9.000," ",-9.000,0,-9,117.000,6.350,6.350,"  ","c           ",
CO21,TT3355SW,"2018-08-28 14:15","2018-09-04 17:15",201809,-9.000,-9.000," ",-9.000," ",-9.000," ",-9.000," ",-9.000," ",-9.000," ",-9.000," ",-9.000," ",-9.000,0,-9,22.800,.254,.254,"  ","c           ",
CO21,TT3612SW,"2018-09-04 17:15","2018-09-11 17:45",201809,5.580,5.800," ",.093," ",.015," ",.016," ",.014," ",.516," ",1.105," ",.053," ",.424,0,-9,383.600,6.858,6.858,"w ","            ",2020-04-12
CO21,TT3864SW,"2018-09-11 17:45","2018-09-18 18:20",201809,-9.000,-9.000," ",-9.000," ",-9.000," ",-9.000," ",-9.000," ",-9.000," ",-9.000," ",-9.000," ",-9.000,0,-9,.800,.000,.000,"d ","            ",
CO21,TT4262SW,"2018-09-18 18:20","2018-09-25 16:15",201809,-9.000,-9.000," ",-9.000," ",-9.000," ",-9.000," ",-9.000," ",-9.000," ",-9.000," ",-9.000," ",-9.000,0,-9,5.400,-7.000,.127,"t ","            ",
CO21,TT4467SW,"2018-09-25 16:15","2018-10-02 15:15",201809,-9.000,-9.000," ",-9.000," ",-9.000," ",-9.000," ",-9.000," ",-9.000," ",-9.000," ",-9.000," ",-9.000,0,-9,.300,.000,.000,"d ","            ",
CO21,TT4592SW,"2018-10-02 15:15","2018-10-09 17:15",201810,5.340,3.700," ",.062," ",.006," ",.010," ",.009," ",.129," ",.352," ",.023," ",.116,0,-9,90.000,2.540,2.540,"w ","            ",
CO21,TT4844SW,"2018-10-09 17:15","2018-10-16 12:50",201810,4.930,6.300," ",.038," ",.005," ",.005," ",.007," ",.195," ",.907," ",.026," ",.130,0,-9,145.600,2.286,2.286,"w ","            ",2020-04-12
CO21,TT5186SW,"2018-10-16 12:50","2018-10-24 00:30",201810,6.070,10.300," ",.460," ",.036," ",.028," ",.066," ",.777," ",2.091," ",.123," ",.527,0,-9,40.200,1.270,1.270,"w ","            ",2020-04-12
CO21,TT5428SW,"2018-10-24 00:30","2018-10-30 17:15",201810,-9.000,-9.000," ",-9.000," ",-9.000," ",-9.000," ",-9.000," ",-9.000," ",-9.000," ",-9.000," ",-9.000,0,-9,8.500,-7.000,.127,"t ","            ",
CO21,TT5596SW,"2018-10-30 17:15","2018-11-06 17:45",201811,5.180,4.600," ",.040," ",.006," ",.007," ",.010," ",.173," ",.801,<,.006," ",.070,0,-9,617.900,11.430,11.430,"w ","            ",2020-04-12
CO21,TT5833SW,"2018-11-06 17:45","2018-11-13 17:00",201811,5.770,4.800," ",.229," ",.037," ",.029," ",.032," ",.277," ",.914," ",.091," ",.183,0,-9,61.600,1.524,1.524,"w ","            ",
CO21,TT6193SW,"2018-11-13 17:00","2018-11-20 18:00",201811,-9.000,-9.000," ",-9.000," ",-9.000," ",-9.000," ",-9.000," ",-9.000," ",-9.000," ",-9.000," ",-9.000,0,-9,2.000,.000,.000,"d ","            ",
CO21,TT6327SW,"2018-11-20 18:00","2018-11-27 20:45",201811,5.710,3.600," ",.216," ",.045," ",.042," ",.032," ",.089," ",.250," ",.109," ",.128,0,-9,61.700,.762,.762,"w ","            ",
CO21,TT6578SW,"2018-11-27 20:45","2018-12-04 20:10",201812,5.520,11.800," ",.322," ",.048," ",.035," ",.897," ",.460," ",1.057," ",1.620," ",.287,0,-9,97.500,-9.990,1.436,"w ","            ",2020-04-12
CO21,TT6939SW,"2018-12-04 20:10","2018-12-11 17:45",201812,-9.000,-9.000," ",-9.000," ",-9.000," ",-9.000," ",-9.000," ",-9.000," ",-9.000," ",-9.000," ",-9.000,0,-9,.900,.000,.000,"d ","            ",
CO21,TT7065SW,"2018-12-11 17:45","2018-12-18 17:50",201812,-9.000,-9.000," ",-9.000," ",-9.000," ",-9.000," ",-9.000," ",.389," ",2.012," ",.395," ",.590,0,-9,15.800,-7.770,.127,wi,"            ",
CO21,TT7317SW,"2018-12-18 17:50","2018-12-25 21:10",201812,5.540,3.900," ",.106," ",.036," ",.019," ",.017," ",.129," ",.332," ",.107," ",.136,0,-9,46.200,-9.990,.680,wd,"            ",
CO21,TT7569SW,"2018-12-25 21:10","2019-01-02 17:30",201812,-9.000,-9.000," ",-9.000," ",-9.000," ",-9.000," ",-9.000," ",-9.000," ",-9.000," ",-9.000," ",-9.000,0,-9,1.800,.000,.000,"d ","            ",
CO21,TT7759SW,"2019-01-02 17:30","2019-01-08 20:50",201901,-9.000,-9.000," ",-9.000," ",-9.000," ",-9.000," ",-9.000," ",-9.000," ",-9.000," ",-9.000," ",-9.000,0,-9,1.900,.000,.000,"d ","            ",2020-04-07
CO21,TT7945SW,"2019-01-08 20:50","2019-01-15 18:55",201901,-9.000,-9.000," ",-9.000," ",-9.000," ",-9.000," ",-9.000," ",-9.000," ",-9.000," ",-9.000," ",-9.000,0,-9,555.800,-9.990,8.186,"  ","v           ",2020-04-07
CO21,TT8068SW,"2019-01-15 18:55","2019-01-22 19:20",201901,5.380,3.300," ",.052," ",.007," ",.012," ",.015," ",.165," ",.350," ",.029," ",.064,0,-9,222.900,2.540,2.540,"w ","            ",2020-04-12
CO21,TT8256SW,"2019-01-22 19:20","2019-01-29 17:00",201901,-9.000,-9.000," ",-9.000," ",-9.000," ",-9.000," ",-9.000," ",-9.000," ",-9.000," ",-9.000," ",-9.000,0,-9,1.000,.000,.000,"d ","            ",2020-04-07
CO21,TT8564SW,"2019-01-29 17:00","2019-02-05 17:55",201902,-9.000,-9.000," ",-9.000," ",-9.000," ",-9.000," ",-9.000," ",-9.000," ",-9.000," ",-9.000," ",-9.000,0,-9,2.000,.000,.000,"d ","            ",2020-04-07
CO21,TT8763SW,"2019-02-05 17:55","2019-02-12 19:00",201902,-9.000,-9.000," ",-9.000," ",-9.000," ",-9.000," ",-9.000," ",-9.000," ",-9.000," ",-9.000," ",-9.000,0,-9,8.200,.254,.254,"  ","c           ",2020-04-07
CO21,TT9171SW,"2019-02-12 19:00","2019-02-19 19:20",201902,-9.000,-9.000," ",-9.000," ",-9.000," ",-9.000," ",-9.000," ",-9.000," ",-9.000," ",-9.000," ",-9.000,0,-9,1.400,.000,.000,"d ","            ",2020-04-07
CO21,TT9370SW,"2019-02-19 19:20","2019-02-26 17:50",201902,5.390,3.400," ",.037,<,.006,<,.005," ",.013," ",.176," ",.532," ",.025," ",.088,0,-9,654.100,8.382,8.382,"w ","            ",2020-04-12
CO21,TT9578SW,"2019-02-26 17:50","2019-03-05 19:20",201903,5.490,4.000," ",.043,<,.006,<,.005,<,.010," ",.153," ",.429," ",.019," ",.055,0,-9,314.400,5.080,5.080,"w ","            ",2020-04-12
CO21,TT9745SW,"2019-03-05 19:20","2019-03-12 14:20",201903,5.650,2.200," ",.046,<,.006," ",.005,<,.010," ",.072," ",.194," ",.027," ",.053,0,-9,98.800,.762,.762,"w ","            ",2020-04-12
CO21,TU0102SW,"2019-03-12 14:20","2019-03-19 16:45",201903,5.780,2.300," ",.101,<,.006," ",.008,<,.010," ",.121," ",.279,<,.018," ",.058,0,-9,951.000,17.018,17.018,"w ","            ",2020-04-12
CO21,TU0314SW,"2019-03-19 16:45","2019-03-26 15:10",201903,5.630,5.600," ",.087," ",.010," ",.007," ",.048," ",.460," ",.635," ",.078," ",.143,0,-9,475.200,4.826,4.826,"w ","            ",2020-04-12
CO21,TU0511SW,"2019-03-26 15:10","2019-04-02 21:50",201903,5.600,3.500," ",.070," ",.016," ",.011," ",.020," ",.233," ",.456," ",.065," ",.077,0,-9,47.600,1.016,1.016,"w ","            ",2020-04-12
CO21,TU1128SW,"2019-04-02 21:50","2019-04-09 19:40",201904,-9.000,-9.000," ",-9.000," ",-9.000," ",-9.000," ",-9.000," ",-9.000," ",-9.000," ",-9.000," ",-9.000,0,-9,.800,.000,.000,"d ","            ",2020-04-07
CO21,TU0993SW,"2019-04-09 19:40","2019-04-16 19:15",201904,-9.000,-9.000," ",-9.000," ",-9.000," ",-9.000," ",-9.000," ",-9.000," ",-9.000," ",-9.000," ",-9.000,0,-9,92.400,2.286,2.286,"  ","c           ",2020-04-07
CO21,TU1371SW,"2019-04-16 19:15","2019-04-23 23:00",201904,-9.000,-9.000," ",-9.000," ",-9.000," ",-9.000," ",-9.000," ",-9.000," ",-9.000," ",-9.000," ",-9.000,0,-9,23.400,.508,.508,"  ","c           ",2020-04-12
CO21,TU1519SW,"2019-04-23 23:00","2019-04-30 18:45",201904,6.200,4.500," ",.318," ",.059," ",.038," ",.034," ",.200," ",.408," ",.108," ",.198,0,-9,151.600,4.318,4.318,"w ","            ",2020-07-05
CO21,TU1858SW,"2019-04-30 18:45","2019-05-07 17:50",201905,-9.000,-9.000," ",-9.000," ",-9.000," ",-9.000," ",-9.000," ",2.519," ",-9.000," ",-9.000," ",-9.000,0,-9,3.800,.254,.254,wi,"            ",2020-07-05
CO21,TU2031SW,"2019-05-07 17:50","2019-05-14 17:20",201905,5.900,4.800," ",.079," ",.014," ",.010," ",.020," ",.466," ",.811," ",.060," ",.216,0,-9,202.000,9.652,9.652,"w ","            ",2020-07-05
CO21,TU2345SW,"2019-05-14 17:20","2019-05-21 15:48",201905,5.900,2.700," ",.106," ",.014,<,.005," ",.016," ",.152," ",.508," ",.038," ",.090,0,-9,1012.200,17.780,17.780,"w ","            ",2020-07-05
CO21,TU2526SW,"2019-05-21 15:48","2019-05-28 22:08",201905,-9.000,-9.000," ",-9.000," ",-9.000," ",-9.000," ",-9.000," ",1.221," ",2.612," ",.596," ",.679,0,-9,11.400,2.032,2.032,wi,"            ",2020-07-05
CO21,TU2876SW,"2019-05-28 22:08","2019-06-04 18:35",201906,-9.000,-9.000," ",-9.000," ",-9.000," ",-9.000," ",-9.000," ",-9.000," ",-9.000," ",-9.000," ",-9.000,0,-9,29.000,1.524,1.524,"  ","c           ",2020-07-05
CO21,TU3030SW,"2019-06-04 18:35","2019-06-11 19:24",201906,6.100,9.400," ",.247," ",.036," ",.032," ",.038," ",.867," ",2.125," ",.141," ",.514,0,-9,240.500,6.858,6.858,"w ","            ",2020-07-05
CO21,TU3339SW,"2019-06-11 19:24","2019-06-18 19:40",201906,5.430,7.700," ",.249," ",.028," ",.031," ",.029," ",.524," ",1.409," ",.082," ",.378,0,-9,827.400,13.462,13.462,"w ","            ",2020-07-05
CO21,TU3624SW,"2019-06-18 19:40","2019-06-25 23:40",201906,6.230,9.100," ",.601," ",.061," ",.078," ",.079," ",.568," ",1.305," ",.168," ",.626,0,-9,239.400,8.890,8.890,"w ","            ",2020-07-05
CO21,TU3837SW,"2019-06-25 23:40","2019-07-02 15:17",201906,5.430,11.100," ",.646," ",.091," ",.252," ",.082," ",.366," ",2.042," ",.185," ",.991,0,-9,98.300,2.540,2.540,"w ","            ",2020-07-05
CO21,TU4083SW,"2019-07-02 15:17","2019-07-09 17:53",201907,-9.000,-9.000," ",-9.000," ",-9.000," ",-9.000," ",-9.000," ",-9.000," ",-9.000," ",-9.000," ",-9.000,0,-9,208.000,10.414,10.414,"  ","c           ",2020-07-05
CO21,TU4315SW,"2019-07-09 17:53","2019-07-16 15:11",201907,6.170,13.700," ",.634," ",.078," ",.077," ",.049," ",1.140," ",2.071," ",.184," ",.965,0,-9,243.600,7.112,7.112,"w ","            ",2020-07-05
CO21,TU4659SW,"2019-07-16 15:11","2019-07-23 15:15",201907,6.350,14.800," ",.650," ",.078," ",.098," ",.076," ",1.300," ",1.977," ",.193," ",.836,0,-9,310.100,6.858,6.858,"w ","            ",2020-07-05
CO21,TU4852SW,"2019-07-23 15:15","2019-07-30 15:18",201907,5.450,6.600," ",.151," ",.020," ",.027," ",.017," ",.497," ",1.182," ",.061," ",.413,0,-9,576.700,13.208,13.208,"w ","            ",2020-07-05
CO21,TU5118SW,"2019-07-30 15:18","2019-08-06 21:20",201908,-9.000,-9.000," ",-9.000," ",-9.000," ",-9.000," ",-9.000," ",-9.000," ",-9.000," ",-9.000," ",-9.000,0,-9,90.900,5.080,5.080,"  ","c           ",2020-07-05
CO21,N@2342SW,"2019-08-06 21:20","2019-08-13 15:40",201908,-9.000,-9.000," ",-9.000," ",-9.000," ",-9.000," ",-9.000," ",-9.000," ",-9.000," ",-9.000," ",-9.000,0,-9,-9.000,-9.990,-9.990,"  ","np          ",
CO21,TU5666SW,"2019-08-13 15:40","2019-08-20 17:38",201908,-9.000,-9.000," ",-9.000," ",-9.000," ",-9.000," ",-9.000," ",-9.000," ",-9.000," ",-9.000," ",-9.000,0,-9,693.900,.000,10.221,"  ","c           ",
CO21,TU6204SW,"2019-08-20 17:38","2019-08-27 17:26",201908,-9.000,-9.000," ",-9.000," ",-9.000," ",-9.000," ",-9.000," ",-9.000," ",-9.000," ",-9.000," ",-9.000,0,-9,.000,.000,.000,"d ","            ",
CO21,TU6110SW,"2019-08-27 17:26","2019-09-03 20:50",201908,-9.000,-9.000," ",-9.000," ",-9.000," ",-9.000," ",-9.000," ",-9.000," ",-9.000," ",-9.000," ",-9.000,0,-9,2.700,.508,.508,"  ","v           ",2020-07-05
CO21,TU6405SW,"2019-09-03 20:50","2019-09-10 17:45",201909,5.800,7.800," ",.356," ",.038," ",.031," ",.031," ",.574," ",1.536," ",.084," ",.530,0,-9,1503.000,25.908,25.908,"w ","            ",2020-07-05
CO21,TU6674SW,"2019-09-10 17:45","2019-09-17 17:46",201909,-9.000,-9.000," ",-9.000," ",-9.000," ",-9.000," ",-9.000," ",-9.000," ",-9.000," ",-9.000," ",-9.000,0,-9,.400,.000,.000,"d ","            ",
CO21,TU7024SW,"2019-09-17 17:46","2019-09-24 17:29",201909,-9.000,-9.000," ",-9.000," ",-9.000," ",-9.000," ",-9.000," ",-9.000," ",-9.000," ",-9.000," ",-9.000,0,-9,.000,.000,.000,"d ","            ",
CO21,TU7524SW,"2019-09-24 17:29","2019-10-01 19:30",201909,-9.000,-9.000," ",-9.000," ",-9.000," ",-9.000," ",-9.000," ",-9.000," ",-9.000," ",-9.000," ",-9.000,0,-9,1.300,.000,.000,"d ","            ",
CO21,TU7525SW,"2019-10-01 19:30","2019-10-08 16:33",201910,-9.000,-9.000," ",-9.000," ",-9.000," ",-9.000," ",-9.000," ",-9.000," ",-9.000," ",-9.000," ",-9.000,0,-9,2.000,.000,.000,"d ","            ",
CO21,TU7705SW,"2019-10-08 16:33","2019-10-15 18:34",201910,-9.000,-9.000," ",-9.000," ",-9.000," ",-9.000," ",-9.000," ",-9.000," ",-9.000," ",-9.000," ",-9.000,0,-9,59.800,4.064,4.064,"  ","c           ",2020-07-05
CO21,TU8051SW,"2019-10-15 18:34","2019-10-22 19:58",201910,-9.000,-9.000," ",-9.000," ",-9.000," ",-9.000," ",-9.000," ",-9.000," ",-9.000," ",-9.000," ",-9.000,0,-9,1.100,.000,.000,"d ","            ",
CO21,TU8263SW,"2019-10-22 19:58","2019-10-29 17:30",201910,6.180,4.400," ",.353," ",.025," ",.024," ",.026," ",.226," ",.465," ",.052," ",.136,0,-9,1309.900,28.702,28.702,"w ","            ",
CO21,TU8579SW,"2019-10-29 17:30","2019-11-05 19:32",201911,-9.000,-9.000," ",-9.000," ",-9.000," ",-9.000," ",-9.000," ",-9.000," ",-9.000," ",-9.000," ",-9.000,0,-9,1.300,4.572,4.572,"  ","v           ",
CO21,TU8814SW,"2019-11-05 19:32","2019-11-12 22:08",201911,-9.000,-9.000," ",-9.000," ",-9.000," ",-9.000," ",-9.000," ",-9.000," ",-9.000," ",-9.000," ",-9.000,0,-9,.000,.000,.000,"d ","            ",
CO21,TU9071SW,"2019-11-12 22:08","2019-11-19 17:56",201911,-9.000,-9.000," ",-9.000," ",-9.000," ",-9.000," ",-9.000," ",-9.000," ",-9.000," ",-9.000," ",-9.000,0,-9,1.900,.000,.000,"d ","            ",
CO21,TU9316SW,"2019-11-19 17:56","2019-11-27 19:50",201911,5.760,3.000," ",.160," ",.014," ",.014,<,.010," ",.165," ",.348," ",.022," ",.070,0,-9,234.000,20.066,20.066,"w ","            ",
CO21,TU9515SW,"2019-11-27 19:50","2019-12-03 20:28",201911,-9.000,-9.000," ",-9.000," ",-9.000," ",-9.000," ",-9.000," ",.338," ",.470," ",.104," ",.266,0,-9,11.000,.254,.254,wi,"            ",
CO21,TU9823SW,"2019-12-03 20:28","2019-12-10 20:33",201912,-9.000,-9.000," ",-9.000," ",-9.000," ",-9.000," ",-9.000," ",-9.000," ",-9.000," ",-9.000," ",-9.000,0,-9,1.700,.254,.254,"  ","v           ",
CO21,TU9972SW,"2019-12-10 20:33","2019-12-17 18:39",201912,5.060,4.500," ",.030," ",.006," ",.008,<,.010," ",.083," ",.648," ",.034," ",.028,0,-9,96.900,4.826,4.826,"w ","            ",
CO21,TV0275SW,"2019-12-17 18:39","2019-12-24 18:12",201912,-9.000,-9.000," ",-9.000," ",-9.000," ",-9.000," ",-9.000," ",-9.000," ",-9.000," ",-9.000," ",-9.000,0,-9,1.200,.000,.000,"d ","            ",
CO21,TV0462SW,"2019-12-24 18:12","2019-12-31 03:15",201912,5.280,3.300," ",.030,<,.006," ",.005,<,.010," ",.125," ",.506," ",.018," ",.030,0,-9,86.800,4.318,4.318,"w ","            ",
CO21,TV0824SW,"2019-12-31 03:15","2020-01-07 18:00",202001,-9.000,-9.000," ",-9.000," ",-9.000," ",-9.000," ",-9.000," ",-9.000," ",-9.000," ",-9.000," ",-9.000,0,-9,1.000,.000,.000,"d ","            ",
CO21,TV1016SW,"2020-01-07 18:00","2020-01-14 17:56",202001,-9.000,-9.000," ",-9.000," ",-9.000," ",-9.000," ",-9.000," ",-9.000," ",-9.000," ",-9.000," ",-9.000,0,-9,9.700,.000,.000,"d ","            ",
CO21,TV1619SW,"2020-01-14 17:56","2020-01-21 19:52",202001,-9.000,-9.000," ",-9.000," ",-9.000," ",-9.000," ",-9.000," ",-9.000," ",-9.000," ",-9.000," ",-9.000,0,-9,2.100,.000,.000,"d ","            ",
CO21,TV1508SW,"2020-01-21 19:52","2020-01-28 17:16",202001,5.210,3.300,<,.023,<,.006,<,.005," ",.012," ",.066," ",.352," ",.034," ",.047,0,-9,523.400,9.906,9.906,"w ","            ",
CO21,TV1846SW,"2020-01-28 17:16","2020-02-04 20:13",202002,5.670,3.400," ",.123," ",.011," ",.009," ",.027," ",.192," ",.564," ",.048," ",.078,0,-9,292.000,7.112,7.112,"w ","            ",
CO21,TV2081SW,"2020-02-04 20:17","2020-02-11 18:24",202002,5.530,2.600,<,.023,<,.006,<,.005," ",.010," ",.141," ",.363," ",.020," ",.020,0,-9,478.400,13.716,13.716,"w ","            ",
CO21,TV2340SW,"2020-02-11 18:24","2020-02-18 19:40",202002,5.880,6.400," ",.149," ",.013," ",.015," ",.038," ",.624," ",.576," ",.042," ",.400,0,-9,141.800,3.556,3.556,"w ","            ",
CO21,TV2535SW,"2020-02-18 19:40","2020-02-25 17:11",202002,5.700,7.000," ",.107," ",.010," ",.015," ",.035," ",.598," ",.963," ",.060," ",.295,0,-9,30.500,2.286,2.286,"w ","            ",
CO21,TV2846SW,"2020-02-25 17:11","2020-03-03 15:55",202002,5.760,5.200," ",.142," ",.017," ",.014," ",.027," ",.439," ",.893," ",.058," ",.168,0,-9,244.800,4.826,4.826,"w ","            ",
CO21,TV3050SW,"2020-03-03 15:55","2020-03-10 15:46",202003,5.810,6.900," ",.062," ",.026," ",.011," ",.020," ",.781," ",.542," ",.091," ",.249,0,-9,174.000,2.794,2.794,"w ","            ",
CO21,TV3317SW,"2020-03-10 15:46","2020-03-17 16:28",202003,-9.000,-9.000," ",-9.000," ",-9.000," ",-9.000," ",-9.000," ",-9.000," ",-9.000," ",-9.000," ",-9.000,0,-9,1.900,.508,.508,"  ","v           ",
CO21,TV3542SW,"2020-03-17 16:28","2020-03-24 16:43",202003,-9.000,-9.000," ",-9.000," ",-9.000," ",-9.000,<,-9.000," ",-9.000," ",-9.000," ",-9.000," ",-9.000,0,-9,829.500,36.068,36.068,"  ","b           ",2021-08-03
CO21,TV3772SW,"2020-03-24 16:43","2020-03-31 19:00",202003,-9.000,-9.000," ",-9.000," ",-9.000," ",-9.000," ",-9.000," ",-9.000," ",-9.000," ",-9.000," ",-9.000,0,-9,41.000,2.286,2.286,"  ","c           ",
CO21,TV3967SW,"2020-03-31 19:00","2020-04-07 17:16",202004,5.980,5.800," ",.274," ",.039," ",.025," ",.051," ",.397," ",.939," ",.091," ",.276,0,-9,224.000,8.128,8.128,"w ","            ",
CO21,TV4113SW,"2020-04-07 17:16","2020-04-14 16:02",202004,5.920,4.400," ",.192," ",.036," ",.040," ",.041," ",.229," ",.552," ",.095," ",.184,0,-9,62.200,5.080,5.080,"w ","            ",
CO21,TV4386SW,"2020-04-14 16:02","2020-04-21 18:32",202004,6.160,10.800," ",.576," ",.071," ",.063," ",.165," ",.679," ",1.615," ",.234," ",.940,0,-9,124.400,4.572,4.572,"w ","            ",
CO21,TV4706SW,"2020-04-21 18:32","2020-04-28 17:15",202004,-9.000,-9.000," ",-9.000," ",-9.000," ",-9.000," ",-9.000," ",-9.000," ",-9.000," ",-9.000," ",-9.000,0,-9,2.800,.000,.000,"d ","            ",
CO21,TV4934SW,"2020-04-28 17:15","2020-05-05 17:28",202005,-9.000,-9.000," ",-9.000," ",-9.000," ",-9.000," ",-9.000," ",-9.000," ",-9.000," ",-9.000," ",-9.000,0,-9,1.800,.000,.000,"d ","            ",
CO21,TV5063SW,"2020-05-05 17:28","2020-05-12 15:37",202005,5.930,10.100," ",.492," ",.077," ",.054," ",.057," ",.681," ",1.260," ",.180," ",.537,0,-9,143.900,1.524,1.524,"w ","            ",
CO21,TV5315SW,"2020-05-12 15:37","2020-05-19 15:07",202005,-9.000,-9.000," ",-9.000," ",-9.000," ",-9.000," ",-9.000," ",-9.000," ",-9.000," ",-9.000," ",-9.000,0,-9,71.200,1.270,1.270,"  ","c           ",
CO21,TV5545SW,"2020-05-19 15:07","2020-05-26 16:54",202005,6.080,5.800," ",.310," ",.036," ",.027," ",.065," ",.400," ",.635," ",.090," ",.405,0,-9,1290.400,19.304,19.304,"w ","            ",
CO21,TV5836SW,"2020-05-26 16:54","2020-06-02 15:51",202005,5.750,5.900," ",.197," ",.028," ",.031," ",.031," ",.472," ",.850," ",.080," ",.278,0,-9,1109.300,19.050,19.050,"w ","            ",
CO21,TV6040SW,"2020-06-02 15:51","2020-06-09 17:15",202006,6.620,8.500," ",.771," ",.059," ",.089," ",.083," ",.433," ",.599," ",.112," ",.387,0,-9,329.800,5.588,5.588,"w ","            ",
CO21,TV6378SW,"2020-06-09 17:15","2020-06-16 16:08",202006,-9.000,-9.000," ",-9.000," ",-9.000," ",-9.000," ",-9.000," ",-9.000," ",-9.000," ",-9.000," ",-9.000,0,-9,1.500,2.794,2.794,"  ","v           ",
CO21,TV6505SW,"2020-06-16 16:08","2020-06-23 17:01",202006,-9.000,-9.000," ",-9.000," ",-9.000," ",-9.000," ",-9.000," ",-9.000," ",-9.000," ",-9.000," ",-9.000,0,-9,92.600,1.778,1.778,"  ","c           ",
CO21,TV6747SW,"2020-06-23 17:01","2020-06-30 15:58",202006,6.170,10.400," ",.667," ",.080," ",.128," ",.061," ",.652," ",1.510," ",.161," ",.627,0,-9,705.900,13.462,13.462,"w ","            ",
CO21,TV7137SW,"2020-06-30 15:58","2020-07-07 18:32",202007,5.960,7.900," ",.321," ",.036," ",.036," ",.041," ",.642," ",1.148," ",.092," ",.540,0,-9,1458.900,23.368,23.368,"w ","            ",
CO21,TV7304SW,"2020-07-07 18:32","2020-07-14 14:30",202007,-9.000,-9.000," ",-9.000," ",-9.000," ",-9.000," ",-9.000," ",-9.000," ",-9.000," ",-9.000," ",-9.000,0,-9,130.000,2.286,2.286,"  ","c           ",
CO21,TV7503SW,"2020-07-14 14:30","2020-07-21 14:19",202007,6.020,8.400," ",.306," ",.038," ",.045," ",.052," ",.734," ",1.273," ",.107," ",.493,0,-9,1084.300,15.240,15.240,"w ","            ",
CO21,TV7926SW,"2020-07-21 14:19","2020-07-28 20:38",202007,5.990,6.300," ",.138," ",.019," ",.019," ",.026," ",.591," ",1.128," ",.048," ",.398,0,-9,1516.400,24.638,24.638,"w ","            ",
CO21,TV8096SW,"2020-07-28 20:38","2020-08-04 17:48",202008,5.440,4.800," ",.092," ",.013," ",.014," ",.016," ",.284," ",.591," ",.044," ",.297,0,-9,1008.200,16.510,16.510,"w ","            ",
CO21,TV8353SW,"2020-08-04 17:48","2020-08-11 15:50",202008,-9.000,-9.000," ",-9.000," ",-9.000," ",-9.000," ",-9.000," ",-9.000," ",-9.000," ",-9.000," ",-9.000,0,-9,61.500,2.286,2.286,"  ","c           ",
CO21,TV8603SW,"2020-08-11 15:50","2020-08-18 16:35",202008,-9.000,-9.000," ",-9.000," ",-9.000," ",-9.000," ",-9.000," ",-9.000," ",-9.000," ",-9.000," ",-9.000,0,-9,1.400,.000,.000,"d ","            ",
CO21,TV8868SW,"2020-08-18 16:35","2020-08-25 14:30",202008,-9.000,-9.000," ",-9.000," ",-9.000," ",-9.000," ",-9.000," ",-9.000," ",-9.000," ",-9.000," ",-9.000,0,-9,2.500,.254,.254,"  ","v           ",
CO21,TV9083SW,"2020-08-25 14:30","2020-09-01 18:48",202008,5.400,7.300," ",.160," ",.018," ",.036," ",.018," ",.515," ",.930," ",.055," ",.341,0,-9,1111.300,20.828,20.828,"w ","            ",
CO21,TV9377SW,"2020-09-01 18:48","2020-09-08 15:38",202009,-9.000,-9.000," ",-9.000," ",-9.000," ",-9.000," ",-9.000," ",-9.000," ",-9.000," ",-9.000," ",-9.000,0,-9,4.100,.000,.000,"d ","            ",
CO21,TV9713SW,"2020-09-08 15:38","2020-09-15 17:27",202009,6.060,4.700," ",.277," ",.026," ",.038," ",.035," ",.317," ",.376," ",.048," ",.134,0,-9,447.100,11.938,11.938,"w ","            ",
CO21,TV9877SW,"2020-09-15 17:27","2020-09-22 23:03",202009,6.300,11.900," ",.563," ",.065," ",.096," ",.046," ",.858," ",1.729," ",.148," ",.858,0,-9,57.900,-9.990,.852,"w ","            ",
CO21,TW0400SW,"2020-09-22 23:03","2020-09-29 15:09",202009,-9.000,-9.000," ",-9.000," ",-9.000," ",-9.000," ",-9.000," ",-9.000," ",-9.000," ",-9.000," ",-9.000,0,-9,3.200,.762,.762,"  ","v           ",
CO21,TW0431SW,"2020-09-29 15:09","2020-10-06 20:45",202010,-9.000,-9.000," ",-9.000," ",-9.000," ",-9.000," ",-9.000," ",-9.000," ",-9.000," ",-9.000," ",-9.000,0,-9,.100,.000,.000,"d ","            ",
CO21,TW0645SW,"2020-10-06 20:45","2020-10-13 15:55",202010,-9.000,-9.000," ",-9.000," ",-9.000," ",-9.000," ",-9.000," ",-9.000," ",-9.000," ",-9.000," ",-9.000,0,-9,1.500,.000,.000,"d ","            ",
CO21,TW0845SW,"2020-10-13 15:55","2020-10-20 16:17",202010,-9.000,-9.000," ",-9.000," ",-9.000," ",-9.000," ",-9.000," ",-9.000," ",-9.000," ",-9.000," ",-9.000,0,-9,.200,.000,.000,"d ","            ",
CO21,TW1171SW,"2020-10-20 16:17","2020-10-27 21:55",202010,6.280,5.000," ",.499," ",.034," ",.024," ",.092," ",.151," ",.409," ",.034," ",.338,0,-9,497.700,14.478,14.478,"w ","            ",
CO21,TW1639SW,"2020-10-27 21:55","2020-11-03 22:50",202010,-9.000,-9.000," ",-9.000," ",-9.000," ",-9.000," ",-9.000," ",-9.000," ",-9.000," ",-9.000," ",-9.000,0,-9,1.500,.000,.000,"d ","            ",
CO21,TW1566SW,"2020-11-03 22:50","2020-11-10 18:30",202011,-9.000,-9.000," ",-9.000," ",-9.000," ",-9.000," ",-9.000," ",-9.000," ",-9.000," ",-9.000," ",-9.000,0,-9,.800,2.286,2.286,"  ","v           ",
CO21,TW1825SW,"2020-11-10 18:30","2020-11-17 17:20",202011,-9.000,-9.000," ",-9.000," ",-9.000," ",-9.000," ",-9.000," ",-9.000," ",-9.000," ",-9.000," ",-9.000,0,-9,4.700,.000,.000,"d ","            ",
CO21,TW2064SW,"2020-11-17 17:20","2020-11-24 15:35",202011,5.750,6.200," ",.170," ",.023," ",.018," ",.058," ",.493," ",.732," ",.069," ",.491,0,-9,108.900,-9.990,1.604,"w ","            ",
CO21,TW2347SW,"2020-11-24 15:35","2020-12-02 17:00",202011,-9.000,-9.000," ",.426," ",.038," ",.042," ",.058," ",.430," ",.426," ",.116," ",.216,0,-9,8.000,4.572,4.572,wi,"            ",
CO21,TW2585SW,"2020-12-02 17:00","2020-12-08 18:30",202012,-9.000,-9.000," ",-9.000," ",-9.000," ",-9.000," ",-9.000," ",-9.000," ",-9.000," ",-9.000," ",-9.000,0,-9,.300,.000,.000,"d ","            ",
CO21,TW2822SW,"2020-12-08 18:30","2020-12-15 21:00",202012,5.130,5.300," ",.054," ",.007," ",.006," ",.023," ",.207," ",.949," ",.043," ",.050,0,-9,115.100,5.080,5.080,"w ","            ",
CO21,TW3215SW,"2020-12-15 21:00","2020-12-22 20:30",202012,-9.000,-9.000," ",-9.000," ",-9.000," ",-9.000," ",-9.000," ",-9.000," ",-9.000," ",-9.000," ",-9.000,0,-9,.000,.000,.000,"d ","            ",
CO21,TW3367SW,"2020-12-22 20:30","2020-12-29 23:00",202012,5.790,2.400," ",.070," ",.009," ",.007,<,.010," ",.145," ",.345," ",.025," ",.051,0,-9,196.700,4.064,4.064,"w ","            ",
CO21,TW3559SW,"2020-12-29 23:00","2021-01-06 00:00",202101,-9.000,-9.000," ",-9.000," ",-9.000," ",-9.000," ",-9.000," ",-9.000," ",-9.000," ",-9.000," ",-9.000,0,-9,.000,.000,.000,"d ","            ",
CO21,TW3896SW,"2021-01-06 00:00","2021-01-12 21:00",202101,-9.000,-9.000," ",-9.000," ",-9.000," ",-9.000," ",-9.000," ",-9.000," ",-9.000," ",-9.000," ",-9.000,0,-9,1.600,.508,.508,"  ","v           ",
CO21,TW4080SW,"2021-01-12 21:00","2021-01-19 22:15",202101,-9.000,-9.000," ",-9.000," ",-9.000," ",-9.000," ",-9.000," ",-9.000," ",-9.000," ",-9.000," ",-9.000,0,-9,1.700,.254,.254,"  ","v           ",
CO21,TW4346SW,"2021-01-19 22:15","2021-01-26 22:30",202101,5.590,4.200," ",.049," ",.013," ",.006," ",.024," ",.309," ",.939," ",.055," ",.057,0,-9,137.800,2.794,2.794,"w ","            ",
CO21,TW4559SW,"2021-01-26 22:30","2021-02-02 21:45",202101,-9.000,-9.000," ",-9.000," ",-9.000," ",-9.000," ",-9.000," ",-9.000," ",-9.000," ",-9.000," ",-9.000,0,-9,.000,.000,.000,"d ","            ",
CO21,TW4845SW,"2021-02-02 21:45","2021-02-09 23:15",202102,5.530,2.700," ",.063," ",.011," ",.010," ",.020," ",.104," ",.171," ",.037," ",.040,0,-9,289.400,6.096,6.096,"w ","            ",
CO21,TW4957SW,"2021-02-09 23:15","2021-02-16 22:15",202102,-9.000,-9.000," ",-9.000," ",-9.000," ",-9.000," ",-9.000," ",-9.000," ",-9.000," ",-9.000," ",-9.000,0,-9,.400,.508,.508,"  ","v           ",
CO21,TW5198SW,"2021-02-16 22:15","2021-02-23 17:05",202102,5.320,6.600," ",.050," ",.009," ",.009," ",.032," ",.510," ",1.417," ",.066," ",.190,0,-9,200.800,6.096,6.096,"w ","            ",
CO21,TW5568SW,"2021-02-23 17:05","2021-03-02 23:45",202102,5.780,3.400," ",.074," ",.013," ",.005," ",.013," ",.265," ",.312," ",.036," ",.066,0,-9,320.000,9.652,9.652,"w ","            ",
CO21,TW5691SW,"2021-03-02 23:45","2021-03-09 15:50",202103,5.810,4.700," ",.181," ",.014," ",.014," ",.034," ",.336," ",.567," ",.054," ",.209,0,-9,387.800,19.558,19.558,"w ","            ",
CO21,TW6052SW,"2021-03-09 15:50","2021-03-16 17:15",202103,6.520,7.900," ",.862," ",.067," ",.069," ",.205," ",.179," ",.394," ",.084," ",.616,0,-9,690.400,30.480,30.480,"w ","            ",
CO21,TW6249SW,"2021-03-16 17:15","2021-03-23 16:45",202103,5.950,4.900," ",.190," ",.017," ",.015," ",.027," ",.384," ",.514," ",.049," ",.367,0,-9,680.800,15.748,15.748,"w ","            ",
CO21,TW6551SW,"2021-03-23 16:45","2021-03-30 19:00",202103,6.260,6.000," ",.316," ",.040," ",.029," ",.221," ",.328," ",.598," ",.163," ",.466,0,-9,141.500,-9.990,2.084,"w ","            ",
CO21,TW6751SW,"2021-03-30 19:00","2021-04-06 23:00",202104,-9.000,-9.000," ",1.884," ",.205," ",.193," ",.825," ",.838," ",2.913," ",.813," ",1.885,0,-9,11.800,1.016,1.016,wi,"            ",
CO21,TW6933SW,"2021-04-06 23:00","2021-04-13 18:00",202104,7.220,35.400," ",3.637," ",.287," ",.179," ",1.303," ",.785," ",1.225," ",.944," ",2.726,0,-9,79.000,1.778,1.778,"w ","            ",
CO21,TW7265SW,"2021-04-13 18:00","2021-04-20 18:00",202104,6.620,9.200," ",1.047," ",.074," ",.046," ",.089," ",.312," ",.536," ",.086," ",.633,0,-9,636.200,18.542,18.542,"w ","            ",
CO21,TW7533SW,"2021-04-20 18:00","2021-04-27 17:45",202104,-9.000,-9.000," ",-9.000," ",-9.000," ",-9.000," ",-9.000," ",-9.000," ",-9.000," ",-9.000," ",-9.000,0,-9,1.000,.254,.254,"  ","v           ",
CO21,TW7710SW,"2021-04-27 17:45","2021-05-04 17:00",202105,5.900,4.500," ",.184," ",.020," ",.019," ",.040," ",.310," ",.499," ",.060," ",.216,0,-9,1881.800,33.274,33.274,"w ","            ",
CO21,TW7961SW,"2021-05-04 17:00","2021-05-11 18:00",202105,6.510,10.300," ",.618," ",.067," ",.049," ",.234," ",.573," ",1.323," ",.209," ",.750,0,-9,410.600,7.112,7.112,"w ","            ",
CO21,TW8316SW,"2021-05-11 18:00","2021-05-18 19:30",202105,5.730,2.900," ",.082," ",.010," ",.009," ",.009," ",.178," ",.487," ",.032," ",.138,0,-9,1158.900,12.700,12.700,"w ","            ",
CO21,TW8416SW,"2021-05-18 19:30","2021-05-25 18:45",202105,-9.000,-9.000," ",-9.000," ",-9.000," ",-9.000," ",-9.000," ",-9.000," ",-9.000," ",-9.000," ",-9.000,0,-9,280.800,12.700,12.700,"  ","c           ",
CO21,TW8749SW,"2021-05-25 18:45","2021-06-01 18:10",202105,6.410,9.800," ",.661," ",.062," ",.049," ",.084," ",.641," ",1.365," ",.157," ",.687,0,-9,436.600,9.906,9.906,"w ","            ",
CO21,TW8960SW,"2021-06-01 18:10","2021-06-08 21:15",202106,6.380,9.600," ",.417," ",.054," ",.037," ",.087," ",.802," ",1.528," ",.175," ",.572,0,-9,350.200,7.366,7.366,"w ","            ",
CO21,TW9487SW,"2021-06-08 21:15","2021-06-15 15:30",202106,-9.000,-9.000," ",-9.000," ",-9.000," ",-9.000," ",-9.000," ",-9.000," ",-9.000," ",-9.000," ",-9.000,0,-9,.600,.000,.000,"d ","            ",
CO21,TW9564SW,"2021-06-15 15:30","2021-06-22 20:15",202106,5.630,7.000," ",.249," ",.056," ",.158," ",.026," ",.391," ",.859," ",.093," ",.329,0,-9,694.800,11.176,11.176,"w ","            ",
CO21,TW9753SW,"2021-06-22 20:15","2021-06-29 19:45",202106,5.550,4.600," ",.131," ",.022," ",.042," ",.018," ",.266," ",.726," ",.059," ",.236,0,-9,387.200,11.430,11.430,"w ","            ",
CO21,TW9986SW,"2021-06-29 19:45","2021-07-07 16:45",202107,6.010,5.100," ",.096," ",.016," ",.041," ",.012," ",.529," ",.800," ",.045," ",.203,0,-9,1818.300,31.242,31.242,"w ","            ",
CO21,TX0258SW,"2021-07-07 16:45","2021-07-14 00:00",202107,-9.000,-9.000," ",-9.000," ",-9.000," ",-9.000," ",-9.000," ",-9.000," ",-9.000," ",-9.000," ",-9.000,0,-9,54.100,2.286,2.286,"  ","bc          ",
CO21,TX0603SW,"2021-07-14 00:00","2021-07-21 15:00",202107,-9.000,-9.000," ",-9.000," ",-9.000," ",-9.000," ",-9.000," ",-9.000," ",-9.000," ",-9.000," ",-9.000,0,-9,14.000,2.794,2.794,"  ","c           ",
CO21,TX0695SW,"2021-07-21 15:00","2021-07-27 15:30",202107,6.520,13.300," ",.432," ",.045," ",.077," ",.025," ",1.368," ",2.101," ",.089," ",.639,0,-9,209.400,6.350,6.350,"w ","            ",
CO21,TX1103SW,"2021-07-27 15:30","2021-08-03 22:00",202107,5.470,7.100," ",.150," ",.020," ",.033," ",.010," ",.559," ",1.229," ",.036," ",.313,0,-9,847.700,13.970,13.970,"w ","            ",
CO21,TX1257SW,"2021-08-03 22:00","2021-08-10 19:15",202108,5.970,6.600," ",.077," ",.010," ",.020,<,.008," ",.720," ",1.127," ",.034," ",.266,0,-9,410.800,12.954,12.954,"w ","            ",
CO21,TX1470SW,"2021-08-10 19:15","2021-08-17 15:45",202108,-9.000,-9.000," ",-9.000," ",-9.000," ",-9.000," ",-9.000," ",-9.000," ",-9.000," ",-9.000," ",-9.000,0,-9,151.000,3.810,3.810,"  ","c           ",
CO21,TX1819SW,"2021-08-17 15:45","2021-08-24 19:00",202108,-9.000,-9.000," ",-9.000," ",-9.000," ",-9.000," ",-9.000," ",-9.000," ",-9.000," ",-9.000," ",-9.000,0,-9,.000,.000,.000,"d ","            ",
CO21,TX2044SW,"2021-08-24 19:00","2021-08-31 16:30",202108,-9.000,-9.000," ",-9.000," ",-9.000," ",-9.000," ",-9.000," ",-9.000," ",-9.000," ",-9.000," ",-9.000,0,-9,.000,.000,.000,"d ","            ",
CO21,TX2244SW,"2021-08-31 16:30","2021-09-07 16:00",202109,5.470,4.200," ",.098," ",.011," ",.034," ",.019," ",.257," ",.613," ",.049," ",.142,0,-9,737.800,15.240,15.240,"w ","            ",
CO21,TX2551SW,"2021-09-07 16:00","2021-09-15 00:45",202109,6.190,7.100," ",.403," ",.051," ",.054," ",.042," ",.504," ",1.077," ",.084," ",.465,0,-9,414.000,4.318,4.318,"w ","            ",
CO21,TX2881SW,"2021-09-15 00:45","2021-09-21 18:45",202109,-9.000,-9.000," ",3.745," ",.442," ",.727," ",.548," ",1.950," ",4.009," ",.960," ",2.181,0,-9,24.800,2.540,2.540,wi,"            ",
CO21,TX3625SW,"2021-09-21 18:45","2021-09-28 20:30",202109,-9.000,-9.000," ",-9.000," ",-9.000," ",-9.000," ",-9.000," ",-9.000," ",-9.000," ",-9.000," ",-9.000,0,-9,-9.000,.000,.000,"d ","            ",
CO21,TX3274SW,"2021-09-28 20:30","2021-10-05 16:00",202110,6.290,12.900," ",.266," ",.036," ",.047," ",.044," ",1.433," ",2.019," ",.121," ",.725,0,-9,33.800,1.016,1.016,"w ","            ",
CO21,TX3589SW,"2021-10-05 16:00","2021-10-12 16:45",202110,-9.000,-9.000," ",-9.000," ",-9.000," ",-9.000," ",-9.000," ",-9.000," ",-9.000," ",-9.000," ",-9.000,0,-9,.000,.000,.000,"d ","            ",
CO21,TX3835SW,"2021-10-12 16:45","2021-10-19 16:40",202110,-9.000,-9.000," ",-9.000," ",-9.000," ",-9.000," ",-9.000," ",-9.000," ",-9.000," ",-9.000," ",-9.000,0,-9,.000,.254,.254,"  ","v           ",
CO21,TX4163SW,"2021-10-19 16:45","2021-10-27 15:20",202110,-9.000,-9.000," ",-9.000," ",-9.000," ",-9.000," ",-9.000," ",-9.000," ",-9.000," ",-9.000," ",-9.000,0,-9,6.200,.000,.000,"d ","            ",
CO21,TX4349SW,"2021-10-27 15:20","2021-11-02 19:15",202110,-9.000,-9.000," ",-9.000," ",-9.000," ",-9.000," ",-9.000," ",-9.000," ",-9.000," ",-9.000," ",-9.000,0,-9,.000,.000,.000,"d ","            ",
CO21,TX4606SW,"2021-11-02 19:15","2021-11-09 22:45",202111,-9.000,-9.000," ",-9.000," ",-9.000," ",-9.000," ",-9.000," ",-9.000," ",-9.000," ",-9.000," ",-9.000,0,-9,.000,.762,.762,"  ","v           ",
CO21,TX4868SW,"2021-11-09 22:45","2021-11-16 20:20",202111,-9.000,-9.000," ",-9.000," ",-9.000," ",-9.000," ",-9.000," ",-9.000," ",-9.000," ",-9.000," ",-9.000,0,-9,.000,.000,.000,"d ","            ",
CO21,TX5035SW,"2021-11-16 20:20","2021-11-23 18:25",202111,6.050,11.400," ",.674," ",.087," ",.067," ",.059," ",.749," ",1.962," ",.118," ",.622,0,-9,58.400,.762,.762,"w ","            ",
CO21,TX5428SW,"2021-11-23 18:25","2021-12-01 19:15",202111,-9.000,-9.000," ",-9.000," ",-9.000," ",-9.000," ",-9.000," ",-9.000," ",-9.000," ",-9.000," ",-9.000,0,-9,4.500,3.556,3.556,"  ","v           ",
CO21,TX5841SW,"2021-12-01 19:15","2021-12-07 23:00",202112,-9.000,-9.000," ",-9.000," ",-9.000," ",-9.000," ",-9.000," ",-9.000," ",-9.000," ",-9.000," ",-9.000,0,-9,.000,.000,.000,"d ","            ",
CO21,TX5873SW,"2021-12-07 23:00","2021-12-14 20:45",202112,-9.000,-9.000," ",-9.000," ",-9.000," ",-9.000," ",-9.000," ",-9.000," ",-9.000," ",-9.000," ",-9.000,0,-9,.000,.000,.000,"d ","            ",
CO21,TX6130SW,"2021-12-14 20:45","2021-12-21 19:00",202112,-9.000,-9.000," ",-9.000," ",-9.000," ",-9.000," ",-9.000," ",-9.000," ",-9.000," ",-9.000," ",-9.000,0,-9,14.600,1.270,1.270,"  ","c           ",
CO21,TX6257SW,"2021-12-21 19:00","2021-12-28 17:00",202112,5.680,5.000," ",.187," ",.036," ",.048," ",.025," ",.244," ",.512," ",.073," ",.117,0,-9,156.000,3.048,3.048,"w ","            ",
CO21,TX6434SW,"2021-12-28 17:00","2022-01-04 18:55",202201,6.100,2.900," ",.164," ",.019," ",.030," ",.016," ",.165," ",.341," ",.036," ",.086,0,-9,72.200,5.842,5.842,"w ","            ",
CO21,TX7058SW,"2022-01-04 18:55","2022-01-11 22:25",202201,-9.000,-9.000," ",-9.000," ",-9.000," ",-9.000," ",-9.000," ",-9.000," ",-9.000," ",-9.000," ",-9.000,0,-9,.000,.254,.254,"  ","v           ",
CO21,TX7123SW,"2022-01-11 22:25","2022-01-18 23:15",202201,-9.000,-9.000," ",.241," ",.046," ",.036," ",.097," ",.497," ",1.103," ",.231," ",.204,0,-9,24.600,4.572,4.572,wi,"            ",
CO21,TX7384SW,"2022-01-18 23:15","2022-01-25 16:15",202201,-9.000,-9.000," ",-9.000," ",-9.000," ",-9.000," ",-9.000," ",-9.000," ",-9.000," ",-9.000," ",-9.000,0,-9,54.800,3.302,3.302,"  ","v           ",
CO21,TX7556SW,"2022-01-25 16:15","2022-02-01 18:00",202201,-9.000,-9.000," ",-9.000," ",-9.000," ",-9.000," ",-9.000," ",-9.000," ",-9.000," ",-9.000," ",-9.000,0,-9,.200,1.778,1.778,"  ","v           ",
CO21,TX7753SW,"2022-02-01 18:00","2022-02-08 15:30",202202,5.800,3.500," ",.130," ",.015," ",.008," ",.031," ",.221," ",.538," ",.029," ",.106,0,-9,292.400,10.922,10.922,"w ","            ",
CO21,TX8101SW,"2022-02-08 15:31","2022-02-15 23:08",202202,5.880,3.600," ",.142," ",.017," ",.019," ",.062," ",.189," ",.390," ",.065," ",.168,0,-9,126.800,3.556,3.556,"w ","            ",
CO21,TX8374SW,"2022-02-15 23:08","2022-02-22 17:24",202202,-9.000,-9.000," ",1.242," ",.112," ",.097," ",.214," ",1.268," ",1.970," ",.351," ",.709,0,-9,8.600,1.270,1.270,wi,"            ",
CO21,TX8588SW,"2022-02-22 17:24","2022-03-01 17:30",202202,5.880,4.800," ",.163," ",.017," ",.012," ",.042," ",.277," ",.788," ",.100," ",.095,0,-9,33.400,3.302,3.302,"w ","            ",
CO21,TX8819SW,"2022-03-01 17:30","2022-03-08 14:35",202203,6.730,19.900," ",1.510," ",.141," ",.138," ",.413," ",.956," ",1.773," ",.332," ",1.613,0,-9,22.400,1.524,1.524,wd,"            ",
CO21,TX9059SW,"2022-03-08 14:35","2022-03-15 20:08",202203,5.590,4.200," ",.051," ",.009," ",.007," ",.013," ",.356," ",.393," ",.040," ",.069,0,-9,180.400,5.588,5.588,"w ","            ",
CO21,TX9419SW,"2022-03-15 20:08","2022-03-22 16:30",202203,5.650,3.700," ",.069," ",.008," ",.007," ",.013," ",.294," ",.449," ",.024," ",.110,0,-9,631.000,16.256,16.256,"w ","            ",
CO21,TX9812SW,"2022-03-22 16:30","2022-03-29 16:45",202203,6.740,11.700," ",1.153," ",.090," ",.048," ",.139," ",.433," ",.531," ",.205," ",.468,0,-9,81.200,4.064,4.064,"w ","            ",
CO21,TX9809SW,"2022-03-29 16:45","2022-04-05 17:04",202204,5.690,4.500," ",.139," ",.023," ",.017," ",.049," ",.305," ",.521," ",.060," ",.156,0,-9,84.600,3.556,3.556,"w ","            ",
CO21,TY0289SW,"2022-04-05 17:04","2022-04-12 13:53",202204,-9.000,-9.000," ",-9.000," ",-9.000," ",-9.000," ",-9.000," ",-9.000," ",-9.000," ",-9.000," ",-9.000,0,-9,.000,.000,.000,"d ","            ",
CO21,TY0577SW,"2022-04-12 13:53","2022-04-19 21:00",202204,-9.000,-9.000," ",-9.000," ",-9.000," ",-9.000," ",-9.000," ",-9.000," ",-9.000," ",-9.000," ",-9.000,0,-9,.000,.000,.000,"d ","            ",
CO21,TY0629SW,"2022-04-19 21:00","2022-04-27 00:34",202204,-9.000,-9.000," ",-9.000," ",-9.000," ",-9.000," ",-9.000," ",-9.000," ",-9.000," ",-9.000," ",-9.000,0,-9,585.400,9.398,9.398,"  ","b           ",
CO21,TY0836SW,"2022-04-27 00:34","2022-05-03 19:05",202204,-9.000,-9.000," ",-9.000," ",-9.000," ",-9.000," ",-9.000," ",-9.000," ",-9.000," ",-9.000," ",-9.000,0,-9,64.400,2.032,2.032,"  ","c           ",
CO21,TY1338SW,"2022-05-03 19:05","2022-05-10 22:48",202205,6.650,11.400," ",.984," ",.086," ",.054," ",.114," ",.618," ",1.399," ",.134," ",.374,0,-9,271.000,5.334,5.334,"w ","            ",
CO21,TY1395SW,"2022-05-10 22:48","2022-05-17 17:28",202205,-9.000,-9.000," ",-9.000," ",-9.000," ",-9.000," ",-9.000," ",-9.000," ",-9.000," ",-9.000," ",-9.000,0,-9,.000,.000,.000,"d ","            ",
CO21,TY1696SW,"2022-05-17 17:28","2022-05-24 19:42",202205,-9.000,-9.000," ",-9.000," ",-9.000," ",-9.000," ",-9.000," ",-9.000," ",-9.000," ",-9.000," ",-9.000,0,-9,1149.000,46.736,46.736,"  ","c           ",
CO21,TY1970SW,"2022-05-24 19:42","2022-05-31 20:38",202205,-9.000,-9.000," ",-9.000," ",-9.000," ",-9.000," ",-9.000," ",-9.000," ",-9.000," ",-9.000," ",-9.000,0,-9,.000,1.270,1.270,"  ","v           ",
CO21,TY2214SW,"2022-05-31 20:38","2022-06-07 15:33",202206,-9.000,-9.000," ",-9.000," ",-9.000," ",-9.000," ",-9.000," ",-9.000," ",-9.000," ",-9.000," ",-9.000,0,-9,415.800,8.382,8.382,"  ","c           ",
CO21,TY2385SW,"2022-06-07 15:33","2022-06-14 17:29",202206,-9.000,-9.000," ",-9.000," ",-9.000," ",-9.000," ",-9.000," ",-9.000," ",-9.000," ",-9.000," ",-9.000,0,-9,.000,.000,.000,"d ","            ",
CO21,TY2686SW,"2022-06-14 17:29","2022-06-21 17:30",202206,-9.000,-9.000," ",-9.000," ",-9.000," ",-9.000," ",-9.000," ",-9.000," ",-9.000," ",-9.000," ",-9.000,0,-9,.000,.000,.000,"d ","            ",
CO21,TY2832SW,"2022-06-21 17:30","2022-06-28 19:00",202206,5.890,6.000," ",.180," ",.033," ",.045," ",.022," ",.527," ",.898," ",.073," ",.330,0,-9,242.400,4.318,4.318,"w ","            ",
CO21,TY3081SW,"2022-06-28 19:00","2022-07-05 16:30",202207,5.580,9.700," ",.451," ",.056," ",.051," ",.036," ",.657," ",2.254," ",.140," ",.522,0,-9,181.200,4.826,4.826,"w ","            ",
CO21,TY3319SW,"2022-07-05 16:30","2022-07-12 14:55",202207,5.800,7.700," ",.346," ",.046," ",.041," ",.053," ",.520," ",1.634," ",.107," ",.418,0,-9,289.600,7.874,7.874,"w ","            ",
CO21,TY3552SW,"2022-07-12 14:55","2022-07-19 16:34",202207,5.780,8.800," ",.340," ",.039," ",.045," ",.033," ",.736," ",1.776," ",.105," ",.450,0,-9,378.000,7.112,7.112,"w ","            ",
CO21,TY3788SW,"2022-07-19 16:34","2022-07-26 15:15",202207,5.810,6.000," ",.181," ",.022," ",.038," ",.023," ",.511," ",1.058," ",.055," ",.318,0,-9,4737.200,74.676,74.676,"w ","            ",
CO21,TY4081SW,"2022-07-26 15:15","2022-08-02 22:14",202207,6.050,10.400," ",.265," ",.031," ",.026," ",.021," ",1.060," ",2.301," ",.082," ",.521,0,-9,812.800,21.336,21.336,"w ","            ",
CO21,TY4427SW,"2022-08-02 22:14","2022-08-09 17:25",202208,-9.000,-9.000," ",-9.000," ",-9.000," ",-9.000," ",-9.000," ",-9.000," ",-9.000," ",-9.000," ",-9.000,0,-9,1877.000,32.766,32.766,"  ","b           ",
CO21,TY4586SW,"2022-08-09 17:25","2022-08-17 19:35",202208,-9.000,-9.000," ",-9.000," ",-9.000," ",-9.000," ",-9.000," ",-9.000," ",-9.000," ",-9.000," ",-9.000,0,-9,2052.600,30.988,30.988,"  ","b           ",
CO21,TY4991SW,"2022-08-17 19:35","2022-08-24 01:00",202208,-9.000,-9.000," ",-9.000," ",-9.000," ",-9.000," ",-9.000," ",-9.000," ",-9.000," ",-9.000," ",-9.000,0,-9,1205.200,18.542,18.542,"  ","b           ",
CO21,TY5048SW,"2022-08-24 01:00","2022-08-30 16:36",202208,-9.000,-9.000," ",-9.000," ",-9.000," ",-9.000," ",-9.000," ",-9.000," ",-9.000," ",-9.000," ",-9.000,0,-9,1202.200,20.828,20.828,"  ","b           ",
CO21,TY5568SW,"2022-08-30 17:18","2022-09-07 15:30",202209,-9.000,-9.000," ",-9.000," ",-9.000," ",-9.000," ",-9.000," ",-9.000," ",-9.000," ",-9.000," ",-9.000,0,-9,197.200,5.080,5.080,"  ","c           ",
CO21,TY5839SW,"2022-09-07 15:30","2022-09-13 16:10",202209,-9.000,-9.000," ",-9.000," ",-9.000," ",-9.000," ",-9.000," ",-9.000," ",-9.000," ",-9.000," ",-9.000,0,-9,.000,.508,.508,"  ","v           ",
CO21,TY6289SW,"2022-09-13 16:10","2022-09-20 22:30",202209,-9.000,-9.000," ",-9.000," ",-9.000," ",-9.000," ",-9.000," ",-9.000," ",-9.000," ",-9.000," ",-9.000,0,-9,.000,.254,.254,"  ","v           ",
CO21,TY6211SW,"2022-09-20 22:30","2022-09-27 14:35",202209,5.970,7.600," ",.114," ",.018," ",.012," ",.013," ",.762," ",1.034," ",.050," ",.427,0,-9,111.600,7.366,7.366,"w ","            ",
CO21,TY6251SW,"2022-09-27 14:35","2022-10-04 17:30",202210,-9.000,-9.000," ",-9.000," ",-9.000," ",-9.000," ",-9.000," ",-9.000," ",-9.000," ",-9.000," ",-9.000,0,-9,58.700,2.540,2.540,"  ","c           ",
CO21,TY6567SW,"2022-10-04 17:30","2022-10-11 12:26",202210,-9.000,-9.000," ",-9.000," ",-9.000," ",-9.000," ",-9.000," ",-9.000," ",-9.000," ",-9.000," ",-9.000,0,-9,.000,.000,.000,"d ","            ",
CO21,TY6889SW,"2022-10-11 12:26","2022-10-18 18:40",202210,-9.000,-9.000," ",-9.000," ",-9.000," ",-9.000," ",-9.000," ",-9.000," ",-9.000," ",-9.000," ",-9.000,0,-9,.400,.000,.000,"d ","            ",
CO21,TY7365SW,"2022-10-18 18:40","2022-10-25 16:30",202210,-9.000,-9.000," ",-9.000," ",-9.000," ",-9.000," ",-9.000," ",-9.000," ",-9.000," ",-9.000," ",-9.000,0,-9,11.600,.254,.254,"  ","c           ",
CO21,TY7342SW,"2022-10-25 16:30","2022-11-01 15:45",202210,5.860,3.000," ",.105," ",.017," ",.012,<,.008," ",.197," ",.444," ",.036," ",.123,0,-9,316.400,9.144,9.144,"w ","            ",
CO21,TY8065SW,"2022-11-01 15:45","2022-11-08 19:29",202211,6.280,4.500," ",.271," ",.028," ",.034," ",.020," ",.260," ",.606," ",.046," ",.171,0,-9,78.800,1.778,1.778,"w ","            ",
CO21,TY8051SW,"2022-11-08 19:29","2022-11-16 00:12",202211,-9.000,-9.000," ",-9.000," ",-9.000," ",-9.000," ",-9.000," ",-9.000," ",-9.000," ",-9.000," ",-9.000,0,-9,19.600,1.016,1.016,"  ","c           ",
CO21,TY7948SW,"2022-11-16 00:12","2022-11-22 17:45",202211,-9.000,-9.000," ",-9.000," ",-9.000," ",-9.000," ",-9.000," ",-9.000," ",-9.000," ",-9.000," ",-9.000,0,-9,1.000,.000,.000,"d ","            ",
CO21,TY8306SW,"2022-11-22 17:45","2022-11-28 21:20",202211,-9.000,-9.000," ",-9.000," ",-9.000," ",-9.000," ",-9.000," ",-9.000," ",-9.000," ",-9.000," ",-9.000,0,-9,6.800,.762,.762,"  ","v           ",
CO21,TY8694SW,"2022-11-28 21:20","2022-12-06 17:55",202212,5.750,3.000," ",.144," ",.022," ",.016," ",.015," ",.119," ",.384," ",.030," ",.090,0,-9,152.400,4.318,4.318,"w ","            ",
CO21,TY8929SW,"2022-12-06 17:55","2022-12-13 16:15",202212,-9.000,-9.000," ",.367," ",.043," ",.034," ",.044," ",.558," ",.931," ",.115," ",.204,0,-9,24.600,1.016,1.016,wi,"            ",
CO21,TY9330SW,"2022-12-13 16:15","2022-12-20 18:25",202212,-9.000,-9.000," ",-9.000," ",-9.000," ",-9.000," ",-9.000," ",-9.000," ",-9.000," ",-9.000," ",-9.000,0,-9,.000,.000,.000,"d ","            ",
CO21,TY9391SW,"2022-12-20 18:25","2022-12-27 22:45",202212,5.590,2.600," ",.153," ",.023," ",.017," ",.021," ",.023," ",.259," ",.038," ",.053,0,-9,233.000,5.080,5.080,"w ","            ",
CO21,TY9537SW,"2022-12-27 22:45","2023-01-03 21:45",202212,5.360,2.900," ",.028," ",.004," ",.007,<,.008," ",.116," ",.402," ",.021," ",.035,0,-9,342.200,8.382,8.382,"w ","            ",
CO21,TZ0082SW,"2023-01-03 21:45","2023-01-11 01:49",202301,-9.000,-9.000," ",-9.000," ",-9.000," ",-9.000," ",-9.000," ",-9.000," ",-9.000," ",-9.000," ",-9.000,0,-9,.800,.000,.000,"d ","            ",
CO21,TZ0166SW,"2023-01-11 01:49","2023-01-17 21:09",202301,5.350,3.300," ",.028,<,.004," ",.008,<,.008," ",.104," ",.211,<,.020," ",.050,0,-9,105.600,2.032,2.032,"w ","            ",
CO21,TZ0430SW,"2023-01-17 21:09","2023-01-25 00:22",202301,5.780,5.100," ",.168," ",.021," ",.009," ",.083," ",.297," ",.873," ",.073," ",.155,0,-9,174.400,7.620,7.620,"w ","            ",
CO21,TZ0544SW,"2023-01-25 00:22","2023-01-31 18:42",202301,4.970,7.800," ",.073," ",.008," ",.016," ",.096," ",.061," ",.802," ",.126," ",.093,0,-9,40.200,.762,.762,"w ","            ",
CO21,TZ0848SW,"2023-01-31 18:42","2023-02-07 23:50",202302,-9.000,-9.000," ",-9.000," ",-9.000," ",-9.000," ",-9.000," ",-9.000," ",-9.000," ",-9.000," ",-9.000,0,-9,1.400,.000,.000,"d ","            ",
CO21,TZ1095SW,"2023-02-07 23:50","2023-02-14 17:18",202302,-9.000,-9.000," ",-9.000," ",-9.000," ",-9.000," ",-9.000," ",-9.000," ",-9.000," ",-9.000," ",-9.000,0,-9,200.200,5.080,5.080,"  ","v           ",
CO21,TZ1349SW,"2023-02-14 17:18","2023-02-22 00:02",202302,5.460,4.500," ",.076," ",.010," ",.008," ",.022," ",.164," ",.352," ",.040," ",.072,0,-9,63.000,5.842,5.842,"w ","            ",
CO21,TZ1600SW,"2023-02-22 00:02","2023-03-01 01:04",202302,-9.000,-9.000," ",.452," ",.063,<,.020," ",.092," ",.528," ",1.630," ",.279," ",.226,0,-9,11.000,.508,.508,wi,"            ",
CO21,TZ1860SW,"2023-03-01 01:04","2023-03-07 23:32",202303,-9.000,-9.000," ",-9.000," ",-9.000," ",-9.000," ",-9.000," ",-9.000," ",-9.000," ",-9.000," ",-9.000,0,-9,.000,.000,.000,"d ","            ",
CO21,TZ2065SW,"2023-03-07 23:32","2023-03-14 20:20",202303,-9.000,-9.000," ",-9.000," ",-9.000," ",-9.000," ",-9.000," ",-9.000," ",-9.000," ",-9.000," ",-9.000,0,-9,4.800,.254,.254,"  ","v           ",
CO21,TZ2228SW,"2023-03-14 20:20","2023-03-21 19:35",202303,5.690,4.000," ",.095," ",.010," ",.016," ",.025," ",.182," ",.343," ",.035," ",.060,0,-9,34.200,1.270,1.270,"w ","            ",
CO21,TZ2641SW,"2023-03-21 19:35","2023-03-28 22:00",202303,6.490,6.600," ",.411," ",.042," ",.024," ",.034," ",.396," ",.436," ",.059," ",.230,0,-9,59.600,1.270,1.270,"w ","            ",
CO21,TZ2775SW,"2023-03-28 22:00","2023-04-04 15:00",202304,-9.000,-9.000," ",-9.000," ",-9.000," ",-9.000," ",-9.000," ",-9.000," ",-9.000," ",-9.000," ",-9.000,0,-9,34.600,1.016,1.016,"  ","c           ",
CO21,TZ3094SW,"2023-04-04 15:00","2023-04-12 00:09",202304,6.930,15.100," ",1.663," ",.124," ",.055," ",.084," ",.303," ",.854," ",.113," ",.379,0,-9,38.800,2.540,2.540,"w ","            ",
CO21,TZ3264SW,"2023-04-12 00:09","2023-04-19 01:15",202304,6.440,9.300," ",.587," ",.059," ",.044," ",.103," ",.608," ",1.275," ",.132," ",.633,0,-9,655.800,13.716,13.716,"w ","            ",
CO21,TZ3629SW,"2023-04-19 01:15","2023-04-26 17:16",202304,5.630,2.600," ",.035," ",.005,<,.006,<,.008," ",.123," ",.295,<,.020," ",.084,0,-9,987.800,18.034,18.034,"w ","            ",
CO21,TZ4058SW,"2023-04-26 17:16","2023-05-02 22:00",202304,6.090,3.000," ",.120," ",.018," ",.010," ",.014," ",.207," ",.330," ",.029," ",.176,0,-9,247.000,5.334,5.334,"w ","            ",
CO21,TZ4240SW,"2023-05-02 22:00","2023-05-09 18:52",202305,-9.000,-9.000," ",-9.000," ",-9.000," ",-9.000," ",-9.000," ",-9.000," ",-9.000," ",-9.000," ",-9.000,0,-9,.000,.000,.000,"d ","            ",
CO21,TZ4269SW,"2023-05-09 18:52","2023-05-16 14:25",202305,6.230,4.200," ",.296," ",.046," ",.020," ",.037," ",.209," ",.327," ",.052," ",.330,0,-9,7811.800,119.126,119.126,"w ","            ",
CO21,TZ4376SW,"2023-05-16 14:25","2023-05-22 17:47",202305,5.790,6.900," ",.182," ",.026," ",.030," ",.027," ",.588," ",1.262," ",.045," ",.419,0,-9,231.800,18.288,18.288,"w ","            ",
CO21,TZ4781SW,"2023-05-22 17:47","2023-05-30 12:57",202305,-9.000,-9.000," ",-9.000," ",-9.000," ",-9.000," ",-9.000," ",-9.000," ",-9.000," ",-9.000," ",-9.000,0,-9,20.000,2.032,2.032,"  ","c           ",
CO21,TZ4855SW,"2023-05-30 12:57","2023-06-06 15:09",202306,5.710,4.900," ",.198," ",.027," ",.019," ",.045," ",.243," ",.779," ",.078," ",.305,0,-9,813.600,16.002,16.002,"w ","            ",
CO21,TZ5307SW,"2023-06-06 15:09","2023-06-13 16:15",202306,5.700,5.900," ",.156," ",.016," ",.050," ",.023," ",.428," ",.821," ",.064," ",.324,0,-9,1802.800,27.178,27.178,"w ","            ",
CO21,TZ5605SW,"2023-06-13 16:15","2023-06-20 16:25",202306,5.520,5.900," ",.182," ",.021," ",.049," ",.020," ",.324," ",.898," ",.065," ",.350,0,-9,1244.500,25.654,25.654,"w ","            ",
CO21,TZ5764SW,"2023-06-20 16:25","2023-06-28 16:10",202306,-9.000,-9.000," ",-9.000," ",-9.000," ",-9.000," ",-9.000," ",-9.000," ",-9.000," ",-9.000," ",-9.000,0,-9,70.200,1.778,1.778,"  ","c           ",
CO21,TZ5889SW,"2023-06-28 16:10","2023-07-04 20:12",202307,5.940,7.100," ",.411," ",.081," ",.140," ",.034," ",.321," ",1.023," ",.097," ",.295,0,-9,153.800,2.286,2.286,"w ","            ",
CO21,TZ6264SW,"2023-07-04 20:12","2023-07-11 17:00",202307,6.350,7.900," ",.249," ",.031," ",.064," ",.030," ",.715," ",.898," ",.073," ",.415,0,-9,395.600,8.636,8.636,"w ","            ",
CO21,TZ6512SW,"2023-07-11 17:00","2023-07-18 20:10",202307,6.430,9.600," ",.589," ",.081," ",.098," ",.044," ",.623," ",1.199," ",.117," ",.478,0,-9,208.800,3.048,3.048,"w ","            ",
CO21,TZ6597SW,"2023-07-18 20:10","2023-07-25 14:49",202307,5.600,6.400," ",.281," ",.035," ",.036," ",.037," ",.345," ",1.054," ",.083," ",.435,0,-9,821.200,12.446,12.446,"w ","            ",
CO21,TZ6912SW,"2023-07-25 14:49","2023-08-01 15:49",202307,5.830,5.200," ",.177," ",.019," ",.026," ",.018," ",.355," ",.921," ",.041," ",.275,0,-9,5053.600,81.788,81.788,"w ","            ",
CO21,TZ7390SW,"2023-08-01 15:49","2023-08-07 22:30",202308,5.860,5.900," ",.207," ",.023," ",.034," ",.025," ",.442," ",1.006," ",.054," ",.367,0,-9,808.800,11.938,11.938,"w ","            ",
CO21,TZ7350SW,"2023-08-07 22:30","2023-08-15 13:22",202308,5.990,4.300," ",.154," ",.019," ",.030," ",.013," ",.328," ",.488," ",.033," ",.170,0,-9,435.400,7.366,7.366,"w ","            ",
CO21,TZ7633SW,"2023-08-15 13:22","2023-08-23 00:00",202308,5.740,6.800," ",.298," ",.037," ",.027," ",.019," ",.426," ",1.301," ",.066," ",.361,0,-9,756.800,11.176,11.176,"w ","            ",
CO21,TZ7880SW,"2023-08-23 00:00","2023-08-29 16:00",202308,5.870,4.900," ",.068," ",.008," ",.017," ",.009," ",.420," ",.720," ",.028," ",.212,0,-9,3892.600,58.674,58.674,"w ","            ",
CO21,TZ8156SW,"2023-08-29 16:00","2023-09-05 15:00",202309,5.950,7.600," ",.484," ",.045," ",.036," ",.020," ",.419," ",1.303," ",.064," ",.488,0,-9,266.400,3.556,3.556,"w ","            ",
CO21,TZ9336SW,"2023-09-05 15:00","2023-09-12 22:54",202309,5.480,4.300," ",.060," ",.007," ",.013,<,.008," ",.205," ",.435," ",.028," ",.322,0,-9,1574.200,22.860,22.860,"w ","            ",
CO21,TZ9351SW,"2023-09-12 22:54","2023-09-19 13:59",202309,5.510,5.000," ",.093," ",.011," ",.013," ",.008," ",.284," ",.728," ",.028," ",.319,0,-9,848.800,14.224,14.224,"w ","            ",
CO21,TZ8907SW,"2023-09-19 13:59","2023-09-26 15:45",202309,-9.000,-9.000," ",-9.000," ",-9.000," ",-9.000," ",-9.000," ",-9.000," ",-9.000," ",-9.000," ",-9.000,0,-9,.000,.254,.254,"  ","v           ",
CO21,TZ9348SW,"2023-09-26 15:45","2023-10-03 18:00",202309,6.050,7.300," ",.508," ",.041," ",.063," ",.069," ",.345," ",.803," ",.091," ",.912,0,-9,305.800,4.318,4.318,"w ","            ",
CO21,TZ9454SW,"2023-10-03 18:00","2023-10-10 22:45",202310,-9.000,-9.000," ",-9.000," ",-9.000," ",-9.000," ",-9.000," ",-9.000," ",-9.000," ",-9.000," ",-9.000,0,-9,305.600,.000,.000,"d ","            ",
CO21,UA0209SW,"2023-10-10 22:45","2023-10-17 17:00",202310,-9.000,-9.000," ",-9.000," ",-9.000," ",-9.000," ",-9.000," ",-9.000," ",-9.000," ",-9.000," ",-9.000,0,-9,.000,.000,.000,"d ","            ",
CO21,UA0047SW,"2023-10-17 17:00","2023-10-24 16:43",202310,-9.000,-9.000," ",-9.000," ",-9.000," ",-9.000," ",-9.000," ",-9.000," ",-9.000," ",-9.000," ",-9.000,0,-9,-9.000,.000,.000,"d ","            ",
CO21,UA0251SW,"2023-10-24 16:43","2023-11-01 16:53",202310,-9.000,-9.000," ",-9.000," ",-9.000," ",-9.000," ",-9.000," ",-9.000," ",-9.000," ",-9.000," ",-9.000,0,-9,741.600,12.954,12.954,"  ","u           ",
CO21,UA0674SW,"2023-11-01 16:53","2023-11-07 21:45",202311,-9.000,-9.000," ",-9.000," ",-9.000," ",-9.000," ",-9.000," ",-9.000," ",-9.000," ",-9.000," ",-9.000,0,-9,.000,.000,.000,"d ","            ",
CO21,UA0806SW,"2023-11-07 21:45","2023-11-14 17:29",202311,-9.000,-9.000," ",-9.000," ",-9.000," ",-9.000," ",-9.000," ",-9.000," ",-9.000," ",-9.000," ",-9.000,0,-9,268.400,4.572,4.572,"  ","u           ",
CO21,UA1448SW,"2023-11-14 17:29","2023-11-21 17:14",202311,-9.000,-9.000," ",-9.000," ",-9.000," ",-9.000," ",-9.000," ",-9.000," ",-9.000," ",-9.000," ",-9.000,0,-9,322.800,6.604,6.604,"  ","u           ",
CO21,UA1476SW,"2023-11-21 17:14","2023-11-28 19:22",202311,-9.000,-9.000," ",-9.000," ",-9.000," ",-9.000," ",-9.000," ",-9.000," ",-9.000," ",-9.000," ",-9.000,0,-9,182.000,4.064,4.064,"  ","u           ",
CO21,UA1379SW,"2023-11-28 19:22","2023-12-05 23:32",202312,-9.000,-9.000," ",-9.000," ",-9.000," ",-9.000," ",-9.000," ",-9.000," ",-9.000," ",-9.000," ",-9.000,0,-9,1.200,.508,.508,"  ","uv          ",
CO21,UA1817SW,"2023-12-05 23:32","2023-12-12 16:47",202312,-9.000,-9.000," ",-9.000," ",-9.000," ",-9.000," ",-9.000," ",-9.000," ",-9.000," ",-9.000," ",-9.000,0,-9,521.600,10.922,10.922,"  ","u           ",
CO21,UA2041SW,"2023-12-12 16:47","2023-12-19 23:51",202312,5.390,3.200," ",.034,<,.004,<,.006," ",.008," ",.099," ",.413," ",.022," ",.046,0,-9,105.800,1.778,1.778,"w ","            ",
CO21,UA2253SW,"2023-12-19 23:51","2023-12-26 18:45",202312,-9.000,-9.000," ",-9.000,<,-9.000," ",-9.000," ",-9.000," ",-9.000," ",-9.000," ",-9.000," ",-9.000,0,-9,198.400,4.318,4.318,"  ","u           ",
CO21,UA2591SW,"2023-12-26 18:45","2024-01-02 18:17",202312,5.570,2.400," ",.038,<,.005," ",.008," ",.011," ",.109," ",.136," ",.045," ",.042,0,-9,29.400,1.270,1.270,wd,"            ",
CO21,UA2675SW,"2024-01-02 18:17","2024-01-09 17:56",202401,4.920,10.400," ",.141," ",.019," ",.016," ",.063," ",.413," ",1.399," ",.116," ",.071,0,-9,111.400,5.080,5.080,"w ","            ",
CO21,UA2795SW,"2024-01-09 17:56","2024-01-17 19:56",202401,5.170,6.400," ",.140," ",.031," ",.018," ",.029," ",.092," ",.399," ",.104," ",.097,0,-9,34.600,1.270,1.270,"w ","            ",
CO21,UA3359SW,"2024-01-17 19:56","2024-01-24 00:06",202401,5.770,6.100," ",.157," ",.033," ",.016," ",.179," ",.321," ",1.033," ",.349," ",.070,0,-9,48.400,.762,.762,"w ","            ",
CO21,UA3360SW,"2024-01-24 00:06","2024-01-30 14:59",202401,5.950,3.400," ",.055," ",.008,<,.006," ",.075," ",.266," ",.480," ",.115," ",.051,0,-9,312.400,7.366,7.366,"w ","            ",
CO21,T2400105,"2024-01-30 14:59","2024-02-07 22:26",202402,-9.000,-9.000," ",-9.000,<,-9.000,<,-9.000,<,-9.000," ",-9.000," ",-9.000,<,-9.000," ",-9.000,0,-9,1179.800,24.638,24.638,"  ","e           ",
CO21,T2400093,"2024-02-07 22:26","2024-02-13 16:53",202402,5.170,4.700," ",.024,<,.004,<,.006,<,.008," ",.145," ",.439,<,.020," ",.032,0,-9,148.200,4.064,4.064,"w ","            ",
CO21,T2400107,"2024-02-13 16:53","2024-02-21 02:36",202402,5.230,5.500," ",.035,<,.004,<,.006,<,.008," ",.262," ",.893,<,.020," ",.059,0,-9,40.400,1.270,1.270,"w ","            ",
CO21,T2400382,"2024-02-21 02:36","2024-02-27 16:06",202402,-9.000,-9.000," ",-9.000," ",-9.000," ",-9.000," ",-9.000," ",-9.000," ",-9.000," ",-9.000," ",-9.000,0,-9,.000,.000,.000,"d ","            ",
CO21,T2400644,"2024-02-27 16:06","2024-03-06 16:33",202403,6.420,5.200," ",.707," ",.062," ",.039," ",.028," ",.063," ",.247," ",.033," ",.161,0,-9,181.000,4.064,4.064,"w ","            ",
CO21,T2400601,"2024-03-06 16:33","2024-03-12 15:33",202403,-9.000,-9.000," ",.505," ",.060," ",.034," ",.103," ",.725," ",1.987," ",.188," ",.375,0,-9,10.200,1.270,1.270,wi,"            ",
CO21,T2400824,"2024-03-12 15:33","2024-03-19 19:09",202403,5.640,2.300," ",.023,<,.004,<,.006,<,.008," ",.136," ",.183,<,.020," ",.044,0,-9,1360.400,30.734,30.734,"w ","            ",
CO21,T2401243,"2024-03-19 19:09","2024-03-26 16:32",202403,6.000,4.900," ",.113," ",.015," ",.013," ",.013," ",.438," ",.736," ",.033," ",.206,0,-9,201.000,4.826,4.826,"w ","            ",
CO21,T2401605,"2024-03-26 16:32","2024-04-03 16:44",202403,6.010,6.300," ",.111," ",.019," ",.013," ",.108," ",.557," ",1.146," ",.198," ",.211,0,-9,116.800,4.318,4.318,"w ","            ",
CO21,T2401620,"2024-04-03 16:44","2024-04-09 21:56",202404,-9.000,-9.000," ",-9.000," ",-9.000," ",-9.000," ",-9.000," ",-9.000," ",-9.000," ",-9.000," ",-9.000,0,-9,2.600,.000,.000,"d ","            ",
CO21,T2401854,"2024-04-09 21:56","2024-04-16 17:40",202404,6.140,4.300," ",.204," ",.031," ",.021," ",.029," ",.275," ",.503," ",.063," ",.172,0,-9,84.200,1.016,1.016,"w ","            ",
CO21,T2402301,"2024-04-16 17:40","2024-04-23 21:43",202404,6.400,11.700," ",.623," ",.068," ",.064," ",.050," ",.845," ",2.284," ",.149," ",.531,0,-9,104.000,2.286,2.286,"w ","            ",
CO21,T2402257,"2024-04-23 21:43","2024-04-30 16:29",202404,5.580,3.000," ",.059," ",.007," ",.010," ",.014," ",.140," ",.359," ",.021," ",.107,0,-9,1131.000,19.812,19.812,"w ","            ",
CO21,T2402846,"2024-04-30 16:29","2024-05-07 20:48",202405,-9.000,-9.000," ",-9.000," ",-9.000," ",-9.000," ",-9.000," ",-9.000," ",-9.000," ",-9.000," ",-9.000,0,-9,27.600,.508,.508,"  ","c           ",
CO21,T2402831,"2024-05-07 20:48","2024-05-15 16:24",202405,5.780,2.600," ",.036,<,.004,<,.006,<,.008," ",.159," ",.324,<,.020," ",.098,0,-9,4333.800,69.342,69.342,"w ","            ",
CO21,T2403172,"2024-05-15 16:24","2024-05-21 14:06",202405,-9.000,-9.000," ",-9.000," ",-9.000," ",-9.000," ",-9.000," ",-9.000," ",-9.000," ",-9.000," ",-9.000,0,-9,42.000,.508,.508,"  ","c           ",
CO21,T2403313,"2024-05-21 14:06","2024-05-28 17:28",202405,-9.000,-9.000," ",-9.000," ",-9.000," ",-9.000," ",-9.000," ",-9.000," ",-9.000," ",-9.000," ",-9.000,0,-9,.000,.000,.000,"d ","            ",
CO21,T2403889,"2024-05-28 17:28","2024-06-04 14:53",202406,-9.000,-9.000," ",-9.000," ",-9.000," ",-9.000," ",-9.000," ",-9.000," ",-9.000," ",-9.000," ",-9.000,0,-9,7.000,.254,.254,"  ","v           ",
CO21,T2403775,"2024-06-04 14:53","2024-06-12 02:08",202406,5.620,6.400," ",.351," ",.053," ",.153," ",.036," ",.216," ",.762," ",.078," ",.292,0,-9,807.400,9.652,9.652,"w ","            ",
CO21,T2404308,"2024-06-12 02:08","2024-06-18 15:32",202406,-9.000,-9.000," ",-9.000," ",-9.000," ",-9.000," ",-9.000," ",-9.000," ",-9.000," ",-9.000," ",-9.000,0,-9,3.800,.254,.254,"  ","v           ",
CO21,T2404333,"2024-06-18 15:32","2024-06-25 15:35",202406,-9.000,-9.000," ",-9.000," ",-9.000," ",-9.000," ",-9.000," ",-9.000," ",-9.000," ",-9.000," ",-9.000,0,-9,.000,.000,.000,"d ","            ",
CO21,T2404908,"2024-06-25 15:35","2024-07-02 21:06",202406,5.570,7.900," ",.255," ",.040," ",.145," ",.038," ",.472," ",1.340," ",.091," ",.398,0,-9,1053.400,16.256,16.256,"w ","            ",
CO21,T2404905,"2024-07-02 21:06","2024-07-09 23:49",202407,-9.000,-9.000," ",-9.000," ",-9.000," ",-9.000," ",-9.000," ",-9.000," ",-9.000," ",-9.000," ",-9.000,0,-9,55.000,1.016,1.016,"  ","c           ",
CO21,T2404910,"2024-07-09 23:49","2024-07-16 17:43",202407,6.100,10.000," ",.726," ",.099," ",.077," ",.048," ",.557," ",1.330," ",.138," ",.488,0,-9,242.400,3.048,3.048,"w ","            ",
CO21,T2405842,"2024-07-16 17:43","2024-07-23 23:45",202407,5.900,7.300," ",.185," ",.022," ",.037," ",.019," ",.658," ",1.261," ",.062," ",.339,0,-9,1436.000,18.796,18.796,"w ","            ",
CO21,T2405897,"2024-07-23 23:45","2024-07-30 14:45",202407,5.590,7.700," ",.269," ",.036," ",.060," ",.018," ",.549," ",1.265," ",.072," ",.370,0,-9,1042.200,14.732,14.732,"w ","            ",
CO21,T2405890,"2024-07-30 14:45","2024-08-06 22:15",202408,5.840,6.100," ",.216," ",.025," ",.032," ",.016," ",.505," ",.769," ",.042," ",.299,0,-9,869.300,11.684,11.684,"w ","            ",
CO21,T2405882,"2024-08-06 22:15","2024-08-13 23:15",202408,5.550,4.700," ",.131," ",.015," ",.015," ",.012," ",.238," ",.727," ",.044," ",.243,0,-9,3744.400,53.086,53.086,"w ","            ",
CO21,T2406659,"2024-08-13 23:15","2024-08-20 18:26",202408,5.140,9.500," ",.387," ",.063," ",.039," ",.050," ",.372," ",2.083," ",.141," ",.539,0,-9,145.000,1.016,1.016,"w ","            ",
CO21,T2406625,"2024-08-20 18:26","2024-08-28 13:21",202408,5.370,6.900," ",.209," ",.023," ",.035," ",.018," ",.384," ",1.545," ",.057," ",.324,0,-9,370.000,5.588,5.588,"w ","            ",
CO21,T2406711,"2024-08-28 13:21","2024-09-04 00:07",202408,-9.000,-9.000," ",-9.000," ",-9.000," ",-9.000," ",-9.000," ",-9.000," ",-9.000," ",-9.000," ",-9.000,0,-9,.000,.000,.000,"d ","            ",
CO21,T2407570,"2024-09-04 00:07","2024-09-10 19:30",202409,5.970,6.400," ",.233," ",.026," ",.030," ",.019," ",.498," ",1.024," ",.053," ",.373,0,-9,764.600,11.684,11.684,"w ","            ",
CO21,T2407586,"2024-09-10 19:30","2024-09-17 15:20",202409,-9.000,-9.000," ",-9.000," ",-9.000," ",-9.000," ",-9.000," ",-9.000," ",-9.000," ",-9.000," ",-9.000,0,-9,15.800,.254,.254,"  ","v           ",
CO21,T2407565,"2024-09-17 15:20","2024-09-23 19:22",202409,6.340,11.000," ",.692," ",.068," ",.128," ",.060," ",.743," ",1.457," ",.114," ",.424,0,-9,274.000,3.810,3.810,"w ","            ",
CO21,T2408371,"2024-09-23 19:22","2024-10-01 16:32",202409,-9.000,-9.000," ",-9.000," ",-9.000," ",-9.000," ",-9.000," ",-9.000," ",-9.000," ",-9.000," ",-9.000,0,-9,.000,.000,.000,"d ","            ",
CO21,T2408340,"2024-10-01 16:32","2024-10-08 18:41",202410,-9.000,-9.000," ",-9.000," ",-9.000," ",-9.000," ",-9.000," ",-9.000," ",-9.000," ",-9.000," ",-9.000,0,-9,.000,.000,.000,"d ","            ",
CO21,T2408316,"2024-10-08 18:41","2024-10-16 00:33",202410,-9.000,-9.000," ",-9.000," ",-9.000," ",-9.000," ",-9.000," ",-9.000," ",-9.000," ",-9.000," ",-9.000,0,-9,.000,.000,.000,"d ","            ",
CO21,T2408472,"2024-10-16 00:33","2024-10-22 15:00",202410,6.080,4.800," ",.148," ",.014," ",.012," ",.015," ",.388," ",.746," ",.034," ",.202,0,-9,468.000,7.112,7.112,"w ","            ",
CO21,T2409291,"2024-10-22 15:00","2024-10-29 23:25",202410,-9.000,-9.000," ",-9.000," ",-9.000," ",-9.000," ",-9.000," ",-9.000," ",-9.000," ",-9.000," ",-9.000,0,-9,.000,.000,.000,"d ","            ",
CO21,T2408986,"2024-10-29 23:25","2024-11-05 14:30",202411,5.900,5.300," ",.124," ",.014," ",.012," ",.017," ",.421," ",.921," ",.032," ",.299,0,-9,211.800,4.826,4.826,"w ","            ",
CO21,T2409035,"2024-11-05 14:30","2024-11-12 22:04",202411,5.560,2.000," ",.022,<,.004,<,.006,<,.008," ",.056," ",.214,<,.020," ",.046,0,-9,1399.800,43.942,43.942,"w ","            ",
CO21,T2409299,"2024-11-12 22:04","2024-11-20 16:58",202411,-9.000,-9.000," ",-9.000," ",-9.000," ",-9.000," ",-9.000," ",-9.000," ",-9.000," ",-9.000," ",-9.000,0,-9,.400,.000,.000,"d ","            ",
CO21,T2409726,"2024-11-20 16:58","2024-11-26 17:05",202411,-9.000,-9.000," ",-9.000," ",-9.000," ",-9.000," ",-9.000," ",-9.000," ",-9.000," ",-9.000," ",-9.000,0,-9,.000,.000,.000,"d ","            ",
CO21,T2409850,"2024-11-26 17:05","2024-12-03 17:58",202411,5.670,2.700," ",.018,<,.004,<,.006,<,.008," ",.118," ",.485,<,.020," ",.045,0,-9,532.600,11.430,11.430,"w ","            ",
CO21,T2409840,"2024-12-03 17:58","2024-12-10 14:08",202412,5.900,3.300," ",.086," ",.008," ",.012," ",.025," ",.186," ",.382,<,.020," ",.134,0,-9,388.200,10.414,10.414,"w ","            ",
CO21,T2500300,"2024-12-10 14:08","2024-12-17 18:47",202412,-9.000,-9.000," ",-9.000," ",-9.000," ",-9.000," ",-9.000," ",-9.000," ",-9.000," ",-9.000," ",-9.000,0,-9,.000,.000,.000,"d ","            ",
CO21,T@240182,"2024-12-17 18:47","2024-12-25 20:21",202412,-9.000,-9.000," ",-9.000," ",-9.000," ",-9.000," ",-9.000," ",-9.000," ",-9.000," ",-9.000," ",-9.000,0,-9,-9.000,.000,.000,"d ","            ",
CO21,T2500761,"2024-12-25 20:21","2024-12-31 17:59",202412,-9.000,-9.000," ",-9.000," ",-9.000," ",-9.000," ",-9.000," ",-9.000," ",-9.000," ",-9.000," ",-9.000,0,-9,1.000,.000,.000,"d ","            ",
CO21,T2500434,"2024-12-31 17:59","2025-01-07 18:28",202501,4.790,7.700," ",.054," ",.009," ",.010," ",.013," ",.105," ",1.247," ",.040," ",.035,0,-9,76.200,3.302,3.302,"w ","            ",
CO21,T2501015,"2025-01-07 18:28","2025-01-14 18:45",202501,5.320,4.100," ",.067," ",.008," ",.012," ",.041," ",.135," ",.814," ",.072," ",.049,0,-9,84.000,4.572,4.572,"w ","            ",
CO21,T2500984,"2025-01-14 18:45","2025-01-21 16:35",202501,6.290,6.200," ",.377," ",.042," ",.065," ",.051," ",.373," ",.808," ",.050," ",.218,0,-9,258.800,8.128,8.128,"w ","            ",
CO21,T2501246,"2025-01-21 16:35","2025-01-28 17:15",202501,-9.000,-9.000," ",-9.000," ",-9.000," ",-9.000," ",-9.000," ",-9.000," ",-9.000," ",-9.000," ",-9.000,0,-9,.000,.000,.000,"d ","            ",
CO21,T2501520,"2025-01-28 17:15","2025-02-04 18:15",202502,5.720,6.400," ",.281," ",.021," ",.025," ",.100," ",.369," ",1.065," ",.131," ",.296,0,-9,220.800,5.842,5.842,"w ","            ",
CO21,T2501998,"2025-02-04 18:15","2025-02-11 18:12",202502,-9.000,-9.000," ",-9.000," ",-9.000," ",-9.000," ",-9.000," ",-9.000," ",-9.000," ",-9.000," ",-9.000,0,-9,.000,.000,.000,"d ","            ",
CO21,T2502229,"2025-02-11 18:12","2025-02-18 22:12",202502,5.190,6.400," ",.242," ",.024," ",.018," ",.075," ",.139," ",.844," ",.092," ",.116,0,-9,218.200,5.080,5.080,"w ","            ",
CO21,T2502238,"2025-02-18 22:12","2025-02-25 16:00",202502,5.090,5.300," ",.056," ",.006,<,.006," ",.025," ",.147," ",.953," ",.043," ",.106,0,-9,473.600,11.938,11.938,"w ","            ",
CO21,T2502542,"2025-02-25 16:00","2025-03-05 17:51",202503,5.810,5.200," ",.230," ",.025," ",.018," ",.032," ",.318," ",.372," ",.036," ",.169,0,-9,369.400,11.176,11.176,"w ","            ",
CO21,T2502750,"2025-03-05 17:51","2025-03-11 16:50",202503,6.280,7.200," ",.547," ",.042," ",.022," ",.044," ",.376," ",.626," ",.068," ",.185,0,-9,185.200,3.556,3.556,"w ","            ",
CO21,T2503211,"2025-03-11 16:50","2025-03-18 16:18",202503,6.480,13.100," ",.556," ",.068," ",.078," ",.098," ",1.102," ",1.763," ",.166," ",.637,0,-9,103.400,3.048,3.048,"w ","            ",
CO21,T2503208,"2025-03-18 16:18","2025-03-25 15:45",202503,-9.000,-9.000," ",-9.000," ",-9.000," ",-9.000," ",-9.000," ",-9.000," ",-9.000," ",-9.000," ",-9.000,0,-9,41.200,2.032,2.032,"  ","c           ",
CO21,T2503821,"2025-03-25 15:45","2025-04-01 15:27",202503,6.500,10.400," ",.717," ",.062," ",.056," ",.099," ",.595," ",1.398," ",.122," ",.874,0,-9,301.200,4.572,4.572,"w ","            ",
CO21,T2503823,"2025-04-01 15:27","2025-04-08 18:38",202504,6.300,6.500," ",.408," ",.048," ",.038," ",.064," ",.374," ",.838," ",.103," ",.349,0,-9,167.600,4.572,4.572,"w ","            ",
CO21,T2503854,"2025-04-08 18:38","2025-04-15 23:00",202504,-9.000,-9.000," ",-9.000," ",-9.000," ",-9.000," ",-9.000," ",-9.000," ",-9.000," ",-9.000," ",-9.000,0,-9,.000,.000,.000,"d ","            ",
CO21,T2505360,"2025-04-15 23:00","2025-04-22 14:25",202504,5.600,3.700," ",.164," ",.020," ",.015," ",.026," ",.145," ",.499," ",.054," ",.069,0,-9,192.200,5.842,5.842,"w ","            ",
CO21,T2505119,"2025-04-22 14:25","2025-04-29 15:30",202504,-9.000,-9.000," ",-9.000," ",-9.000," ",-9.000," ",-9.000," ",-9.000," ",-9.000," ",-9.000," ",-9.000,0,-9,1.000,.000,.000,"d ","            ",
CO21,T2504802,"2025-04-29 15:30","2025-05-07 18:28",202505,-9.000,-9.000," ",-9.000," ",-9.000," ",-9.000," ",-9.000," ",-9.000," ",-9.000," ",-9.000," ",-9.000,0,-9,2155.600,34.290,34.290,"  ","e           ",
CO21,T2504845,"2025-05-07 18:28","2025-05-13 19:37",202505,6.110,9.000," ",.188," ",.028," ",.033," ",.018," ",.808," ",1.168," ",.059," ",.510,0,-9,96.200,2.032,2.032,"w ","            ",
CO21,T2505108,"2025-05-13 19:37","2025-05-21 15:55",202505,-9.000,-9.000," ",-9.000," ",-9.000," ",-9.000," ",-9.000," ",-9.000," ",-9.000," ",-9.000," ",-9.000,0,-9,.000,.000,.000,"d ","            ",
CO21,T2505302,"2025-05-21 15:55","2025-05-27 20:35",202505,6.320,8.400," ",.436," ",.051," ",.043," ",.072," ",.584," ",1.212," ",.126," ",.539,0,-9,679.600,8.382,8.382,"w ","            ",
CO21,T2505459,"2025-05-27 20:35","2025-06-03 17:42",202505,5.940,5.800," ",.147," ",.020," ",.030," ",.019," ",.510," ",.823," ",.048," ",.309,0,-9,1481.000,22.098,22.098,"w ","            ",
CO21,T2505775,"2025-06-03 17:42","2025-06-10 14:40",202506,5.700,5.100," ",.165," ",.022," ",.041," ",.018," ",.343," ",.761," ",.040," ",.262,0,-9,1832.400,26.670,26.670,"w ","            ",
CO21,T2505931,"2025-06-10 14:40","2025-06-17 14:10",202506,-9.000,-9.000," ",-9.000," ",-9.000," ",-9.000," ",-9.000," ",-9.000," ",-9.000," ",-9.000," ",-9.000,0,-9,314.200,4.318,4.318,"  ","c           ",
CO21,T2506164,"2025-06-17 14:10","2025-06-24 22:40",202506,6.160,8.100," ",.571," ",.071," ",.144," ",.047," ",.382," ",1.036," ",.094," ",.449,0,-9,900.200,13.208,13.208,"w ","            ",
CO21,T2506392,"2025-06-24 22:40","2025-07-02 02:10",202506,-9.000,-9.000," ",-9.000," ",-9.000," ",-9.000," ",-9.000," ",-9.000," ",-9.000," ",-9.000," ",-9.000,0,-9,124.200,1.270,1.270,"  ","c           ",
CO21,T2506677,"2025-07-02 02:10","2025-07-08 15:20",202507,-9.000,-9.000," ",-9.000," ",-9.000," ",-9.000," ",-9.000," ",-9.000," ",-9.000," ",-9.000," ",-9.000,0,-9,.000,.254,.254,"  ","v           ",
CO21,T2507069,"2025-07-08 15:20","2025-07-15 17:00",202507,-9.000,-9.000," ",-9.000," ",-9.000," ",-9.000," ",-9.000," ",-9.000," ",-9.000," ",-9.000," ",-9.000,0,-9,95.800,2.286,2.286,"  ","c           ",
CO21,T2507101,"2025-07-15 17:00","2025-07-22 19:25",202507,-9.000,-9.000," ",-9.000," ",-9.000," ",-9.000," ",-9.000," ",-9.000," ",-9.000," ",-9.000," ",-9.000,0,-9,508.600,8.636,8.636,"  ","c           ",
CO21,T2507347,"2025-07-22 19:25","2025-07-30 00:00",202507,6.070,5.800," ",.178," ",.019," ",.021," ",.025," ",.510," ",.934," ",.045," ",.238,0,-9,3204.800,46.736,46.736,"w ","            ",
CO21,T2507625,"2025-07-30 00:00","2025-08-05 14:38",202508,6.390,10.900," ",.687," ",.074," ",.087," ",.029," ",.828," ",1.273," ",.089," ",.447,0,-9,537.800,7.620,7.620,"w ","            ",
CO21,T2507887,"2025-08-05 14:38","2025-08-12 23:10",202508,-9.000,-9.000," ",-9.000," ",-9.000," ",-9.000," ",-9.000," ",-9.000," ",-9.000," ",-9.000," ",-9.000,0,-9,120.400,1.524,1.524,"  ","c           ",
CO21,T2508059,"2025-08-12 23:10","2025-08-20 00:10",202508,6.140,9.100," ",.474," ",.051," ",.067," ",.041," ",.541," ",1.441," ",.083," ",.626,0,-9,1031.200,13.462,13.462,"w ","            ",
CO21,T2508301,"2025-08-20 00:10","2025-08-27 00:45",202508,5.390,3.900," ",.048," ",.005," ",.012,<,.008," ",.237," ",.471," ",.024," ",.155,0,-9,5960.000,86.868,86.868,"w ","            ",
CO21,T2508855,"2025-08-27 00:45","2025-09-02 16:55",202508,5.620,4.900," ",.058," ",.007," ",.014,<,.008," ",.377," ",.694," ",.032," ",.266,0,-9,1343.800,20.574,20.574,"w ","            ",
CO21,T2508842,"2025-09-02 16:55","2025-09-10 13:35",202509,5.740,15.300," ",.614," ",.075," ",.153," ",.056," ",1.285," ",1.537," ",.110," ",1.178,0,-9,306.400,4.572,4.572,"w ","            ",
CO21,T2509318,"2025-09-10 13:35","2025-09-16 20:40",202509,5.330,5.300," ",.173," ",.029," ",.062," ",.040," ",.174," ",.824," ",.110," ",.263,0,-9,81.400,1.016,1.016,"w ","            ",
CO21,T2509309,"2025-09-16 20:40","2025-09-23 22:50",202509,5.750,4.400," ",.143," ",.016," ",.016," ",.018," ",.312," ",.800," ",.041," ",.235,0,-9,1501.600,20.574,20.574,"w ","            ",
CO21,T2509740,"2025-09-23 22:50","2025-09-30 16:15",202509,5.300,4.800," ",.072," ",.009," ",.033," ",.012," ",.238," ",.683," ",.036," ",.239,0,-9,211.600,4.318,4.318,"w ","            ",
CO21,T2509884,"2025-09-30 16:15","2025-10-08 17:10",202510,-9.000,-9.000," ",-9.000," ",-9.000," ",-9.000," ",-9.000," ",-9.000," ",-9.000," ",-9.000," ",-9.000,0,-9,1.000,.000,.000,"d ","            ",
CO21,T2509786,"2025-10-08 17:10","2025-10-14 19:05",202510,5.430,3.300," ",.111," ",.014," ",.037," ",.014," ",.072," ",.228," ",.027," ",.148,0,-9,246.600,4.318,4.318,"w ","            ",
CO21,T2509795,"2025-10-14 19:05","2025-10-21 19:15",202510,5.220,7.700," ",.247," ",.029," ",.037," ",.070," ",.329," ",.594," ",.093," ",.613,0,-9,202.400,4.318,4.318,"w ","            ",
CO21,T2509991,"2025-10-21 19:15","2025-10-28 15:55",202510,-9.000,-9.000," ",-9.000," ",-9.000," ",-9.000," ",-9.000," ",-9.000," ",-9.000," ",-9.000," ",-9.000,0,-9,35.800,.254,.254,"  ","c           ",
