Name,Code,Easting,Northing,Elevation,Description,Longitude,Latitude,Ellipsoidal height,Origin,Easting RMS,Northing RMS,Elevation RMS,Lateral RMS,Antenna height,Antenna height units,Solution status,Averaging start,Averaging end,Samples,PDOP,Base easting,Base northing,Base elevation,Base longitude,Base latitude,Base ellipsoidal height,Baseline,CS name
1,,466251.581,4312190.766,2455.541,,-105.38951106,38.95802544,2441.550,Global,0.010,0.010,0.012,0.015,2.134,m,FIX,2024-04-24 15:18:44.0 UTC-06:00,2024-04-24 15:18:47.0 UTC-06:00,16,1.2,466230.562,4312045.499,2471.539,-105.38974647,38.95671560,2457.547,147.552,NAD83(2011) / UTM zone 13N + NAVD88(GEOID18) height
2,,466251.522,4312190.728,2455.494,,-105.38951174,38.95802510,2441.503,Global,0.010,0.010,0.011,0.014,2.134,m,FIX,2024-04-24 15:19:07.0 UTC-06:00,2024-04-24 15:19:10.0 UTC-06:00,16,1.2,466230.562,4312045.499,2471.539,-105.38974647,38.95671560,2457.547,147.507,NAD83(2011) / UTM zone 13N + NAVD88(GEOID18) height
3,,466251.609,4312190.726,2455.503,,-105.38951073,38.95802508,2441.512,Global,0.010,0.010,0.012,0.014,2.134,m,FIX,2024-04-24 15:19:57.6 UTC-06:00,2024-04-24 15:20:00.6 UTC-06:00,16,1.1,466230.562,4312045.499,2471.539,-105.38974647,38.95671560,2457.547,147.515,NAD83(2011) / UTM zone 13N + NAVD88(GEOID18) height
4,,466251.640,4312190.814,2455.498,,-105.38951037,38.95802587,2441.507,Global,0.010,0.010,0.011,0.014,2.134,m,FIX,2024-04-24 15:20:18.8 UTC-06:00,2024-04-24 15:20:21.8 UTC-06:00,16,1.1,466230.562,4312045.499,2471.539,-105.38974647,38.95671560,2457.547,147.605,NAD83(2011) / UTM zone 13N + NAVD88(GEOID18) height
5,,466251.580,4312190.784,2455.557,,-105.38951106,38.95802561,2441.566,Global,0.010,0.011,0.019,0.015,2.134,m,FIX,2024-04-24 15:20:44.6 UTC-06:00,2024-04-24 15:20:47.6 UTC-06:00,16,1.1,466230.562,4312045.499,2471.539,-105.38974647,38.95671560,2457.547,147.569,NAD83(2011) / UTM zone 13N + NAVD88(GEOID18) height
6,,466251.456,4312190.956,2455.479,,-105.38951251,38.95802715,2441.489,Global,0.010,0.010,0.011,0.015,2.134,m,FIX,2024-04-24 15:21:26.6 UTC-06:00,2024-04-24 15:21:29.6 UTC-06:00,16,1.1,466230.562,4312045.499,2471.539,-105.38974647,38.95671560,2457.547,147.719,NAD83(2011) / UTM zone 13N + NAVD88(GEOID18) height
7,,466251.318,4312191.098,2455.397,,-105.38951411,38.95802842,2441.407,Global,0.011,0.010,0.013,0.015,2.134,m,FIX,2024-04-24 15:21:51.4 UTC-06:00,2024-04-24 15:21:54.4 UTC-06:00,16,1.1,466230.562,4312045.499,2471.539,-105.38974647,38.95671560,2457.547,147.854,NAD83(2011) / UTM zone 13N + NAVD88(GEOID18) height
8,,466251.177,4312191.256,2455.390,,-105.38951574,38.95802984,2441.399,Global,0.010,0.010,0.013,0.014,2.134,m,FIX,2024-04-24 15:22:09.4 UTC-06:00,2024-04-24 15:22:12.4 UTC-06:00,16,1.3,466230.562,4312045.499,2471.539,-105.38974647,38.95671560,2457.547,147.990,NAD83(2011) / UTM zone 13N + NAVD88(GEOID18) height
9,,466251.049,4312191.407,2455.392,,-105.38951722,38.95803120,2441.401,Global,0.010,0.012,0.011,0.016,2.134,m,FIX,2024-04-24 15:22:31.8 UTC-06:00,2024-04-24 15:22:34.8 UTC-06:00,16,1.1,466230.562,4312045.499,2471.539,-105.38974647,38.95671560,2457.547,148.108,NAD83(2011) / UTM zone 13N + NAVD88(GEOID18) height
10,,466250.930,4312191.550,2455.362,,-105.38951860,38.95803248,2441.371,Global,0.010,0.011,0.011,0.015,2.134,m,FIX,2024-04-24 15:22:52.8 UTC-06:00,2024-04-24 15:22:55.8 UTC-06:00,16,1.1,466230.562,4312045.499,2471.539,-105.38974647,38.95671560,2457.547,148.247,NAD83(2011) / UTM zone 13N + NAVD88(GEOID18) height
11,,466250.807,4312191.704,2455.313,,-105.38952003,38.95803386,2441.322,Global,0.011,0.011,0.016,0.015,2.134,m,FIX,2024-04-24 15:23:17.8 UTC-06:00,2024-04-24 15:23:20.8 UTC-06:00,16,1.2,466230.562,4312045.499,2471.539,-105.38974647,38.95671560,2457.547,148.391,NAD83(2011) / UTM zone 13N + NAVD88(GEOID18) height
12,,466250.708,4312191.846,2455.258,,-105.38952118,38.95803514,2441.268,Global,0.011,0.010,0.012,0.015,2.134,m,FIX,2024-04-24 15:23:37.4 UTC-06:00,2024-04-24 15:23:40.4 UTC-06:00,16,1.2,466230.562,4312045.499,2471.539,-105.38974647,38.95671560,2457.547,148.513,NAD83(2011) / UTM zone 13N + NAVD88(GEOID18) height
13,,466250.556,4312191.984,2455.192,,-105.38952294,38.95803638,2441.202,Global,0.013,0.014,0.012,0.019,2.134,m,FIX,2024-04-24 15:23:57.2 UTC-06:00,2024-04-24 15:24:00.2 UTC-06:00,16,1.2,466230.562,4312045.499,2471.539,-105.38974647,38.95671560,2457.547,148.646,NAD83(2011) / UTM zone 13N + NAVD88(GEOID18) height
14,,466250.425,4312192.155,2455.149,,-105.38952447,38.95803792,2441.159,Global,0.011,0.010,0.013,0.015,2.134,m,FIX,2024-04-24 15:24:16.2 UTC-06:00,2024-04-24 15:24:19.2 UTC-06:00,16,1.2,466230.562,4312045.499,2471.539,-105.38974647,38.95671560,2457.547,148.797,NAD83(2011) / UTM zone 13N + NAVD88(GEOID18) height
15,,466250.431,4312192.151,2455.131,,-105.38952440,38.95803788,2441.140,Global,0.011,0.010,0.014,0.015,2.134,m,FIX,2024-04-24 15:24:57.0 UTC-06:00,2024-04-24 15:25:00.0 UTC-06:00,16,1.2,466230.562,4312045.499,2471.539,-105.38974647,38.95671560,2457.547,148.791,NAD83(2011) / UTM zone 13N + NAVD88(GEOID18) height
16,,466250.281,4312192.281,2455.092,,-105.38952613,38.95803905,2441.101,Global,0.011,0.011,0.012,0.015,2.134,m,FIX,2024-04-24 15:25:15.0 UTC-06:00,2024-04-24 15:25:18.0 UTC-06:00,16,1.2,466230.562,4312045.499,2471.539,-105.38974647,38.95671560,2457.547,148.909,NAD83(2011) / UTM zone 13N + NAVD88(GEOID18) height
17,,466250.158,4312192.379,2455.028,,-105.38952755,38.95803992,2441.037,Global,0.011,0.014,0.012,0.017,2.134,m,FIX,2024-04-24 15:25:46.2 UTC-06:00,2024-04-24 15:25:49.2 UTC-06:00,16,1.2,466230.562,4312045.499,2471.539,-105.38974647,38.95671560,2457.547,148.987,NAD83(2011) / UTM zone 13N + NAVD88(GEOID18) height
18,,466250.125,4312192.451,2454.856,,-105.38952794,38.95804057,2440.865,Global,0.010,0.010,0.015,0.015,2.134,m,FIX,2024-04-24 15:26:06.4 UTC-06:00,2024-04-24 15:26:09.4 UTC-06:00,16,1.2,466230.562,4312045.499,2471.539,-105.38974647,38.95671560,2457.547,149.074,NAD83(2011) / UTM zone 13N + NAVD88(GEOID18) height
19,,466249.986,4312192.604,2454.785,,-105.38952955,38.95804194,2440.794,Global,0.011,0.011,0.018,0.015,2.134,m,FIX,2024-04-24 15:27:06.6 UTC-06:00,2024-04-24 15:27:09.6 UTC-06:00,16,1.2,466230.562,4312045.499,2471.539,-105.38974647,38.95671560,2457.547,149.216,NAD83(2011) / UTM zone 13N + NAVD88(GEOID18) height
20,,466249.858,4312192.792,2454.749,,-105.38953104,38.95804363,2440.759,Global,0.012,0.011,0.026,0.016,2.134,m,FIX,2024-04-24 15:27:23.2 UTC-06:00,2024-04-24 15:27:26.2 UTC-06:00,16,1.2,466230.562,4312045.499,2471.539,-105.38974647,38.95671560,2457.547,149.384,NAD83(2011) / UTM zone 13N + NAVD88(GEOID18) height
21,,466249.706,4312192.905,2454.729,,-105.38953279,38.95804465,2440.738,Global,0.011,0.010,0.024,0.015,2.134,m,FIX,2024-04-24 15:27:48.8 UTC-06:00,2024-04-24 15:27:51.8 UTC-06:00,16,1.2,466230.562,4312045.499,2471.539,-105.38974647,38.95671560,2457.547,149.484,NAD83(2011) / UTM zone 13N + NAVD88(GEOID18) height
22,,466249.604,4312193.041,2454.738,,-105.38953398,38.95804587,2440.747,Global,0.011,0.010,0.030,0.015,2.134,m,FIX,2024-04-24 15:28:04.6 UTC-06:00,2024-04-24 15:28:07.6 UTC-06:00,16,1.1,466230.562,4312045.499,2471.539,-105.38974647,38.95671560,2457.547,149.609,NAD83(2011) / UTM zone 13N + NAVD88(GEOID18) height
23,,466249.459,4312193.176,2454.685,,-105.38953566,38.95804708,2440.694,Global,0.010,0.010,0.019,0.014,2.134,m,FIX,2024-04-24 15:28:27.6 UTC-06:00,2024-04-24 15:28:30.6 UTC-06:00,16,1.2,466230.562,4312045.499,2471.539,-105.38974647,38.95671560,2457.547,149.722,NAD83(2011) / UTM zone 13N + NAVD88(GEOID18) height
24,,466249.325,4312193.324,2454.747,,-105.38953722,38.95804841,2440.756,Global,0.011,0.010,0.010,0.015,2.134,m,FIX,2024-04-24 15:28:47.0 UTC-06:00,2024-04-24 15:28:50.0 UTC-06:00,16,1.2,466230.562,4312045.499,2471.539,-105.38974647,38.95671560,2457.547,149.842,NAD83(2011) / UTM zone 13N + NAVD88(GEOID18) height
25,,466249.196,4312193.484,2454.714,,-105.38953871,38.95804985,2440.724,Global,0.010,0.010,0.012,0.015,2.134,m,FIX,2024-04-24 15:29:06.0 UTC-06:00,2024-04-24 15:29:09.0 UTC-06:00,16,1.2,466230.562,4312045.499,2471.539,-105.38974647,38.95671560,2457.547,149.989,NAD83(2011) / UTM zone 13N + NAVD88(GEOID18) height
26,,466249.026,4312193.594,2454.699,,-105.38954068,38.95805083,2440.708,Global,0.010,0.010,0.011,0.014,2.134,m,FIX,2024-04-24 15:29:23.8 UTC-06:00,2024-04-24 15:29:26.8 UTC-06:00,16,1.2,466230.562,4312045.499,2471.539,-105.38974647,38.95671560,2457.547,150.078,NAD83(2011) / UTM zone 13N + NAVD88(GEOID18) height
27,,466248.935,4312193.761,2454.688,,-105.38954174,38.95805233,2440.697,Global,0.010,0.010,0.012,0.015,2.134,m,FIX,2024-04-24 15:29:43.4 UTC-06:00,2024-04-24 15:29:46.4 UTC-06:00,16,1.2,466230.562,4312045.499,2471.539,-105.38974647,38.95671560,2457.547,150.236,NAD83(2011) / UTM zone 13N + NAVD88(GEOID18) height
28,,466248.785,4312193.937,2454.708,,-105.38954347,38.95805391,2440.718,Global,0.010,0.010,0.012,0.015,2.134,m,FIX,2024-04-24 15:30:01.2 UTC-06:00,2024-04-24 15:30:04.2 UTC-06:00,16,1.2,466230.562,4312045.499,2471.539,-105.38974647,38.95671560,2457.547,150.390,NAD83(2011) / UTM zone 13N + NAVD88(GEOID18) height
29,,466248.654,4312194.060,2454.686,,-105.38954499,38.95805502,2440.696,Global,0.010,0.011,0.013,0.015,2.134,m,FIX,2024-04-24 15:30:17.6 UTC-06:00,2024-04-24 15:30:20.6 UTC-06:00,16,1.2,466230.562,4312045.499,2471.539,-105.38974647,38.95671560,2457.547,150.495,NAD83(2011) / UTM zone 13N + NAVD88(GEOID18) height
30,,466248.511,4312194.241,2454.685,,-105.38954665,38.95805664,2440.695,Global,0.010,0.010,0.012,0.015,2.134,m,FIX,2024-04-24 15:30:34.6 UTC-06:00,2024-04-24 15:30:37.6 UTC-06:00,16,1.2,466230.562,4312045.499,2471.539,-105.38974647,38.95671560,2457.547,150.651,NAD83(2011) / UTM zone 13N + NAVD88(GEOID18) height
31,,466248.375,4312194.382,2454.675,,-105.38954823,38.95805791,2440.684,Global,0.010,0.010,0.011,0.014,2.134,m,FIX,2024-04-24 15:30:51.4 UTC-06:00,2024-04-24 15:30:54.4 UTC-06:00,16,1.1,466230.562,4312045.499,2471.539,-105.38974647,38.95671560,2457.547,150.783,NAD83(2011) / UTM zone 13N + NAVD88(GEOID18) height
32,,466248.248,4312194.529,2454.661,,-105.38954970,38.95805922,2440.670,Global,0.010,0.010,0.011,0.014,2.134,m,FIX,2024-04-24 15:31:13.6 UTC-06:00,2024-04-24 15:31:16.6 UTC-06:00,16,1.1,466230.562,4312045.499,2471.539,-105.38974647,38.95671560,2457.547,150.913,NAD83(2011) / UTM zone 13N + NAVD88(GEOID18) height
33,,466248.115,4312194.672,2454.645,,-105.38955124,38.95806051,2440.654,Global,0.011,0.010,0.011,0.015,2.134,m,FIX,2024-04-24 15:31:30.2 UTC-06:00,2024-04-24 15:31:33.2 UTC-06:00,16,1.2,466230.562,4312045.499,2471.539,-105.38974647,38.95671560,2457.547,151.041,NAD83(2011) / UTM zone 13N + NAVD88(GEOID18) height
34,,466247.989,4312194.824,2454.627,,-105.38955270,38.95806187,2440.637,Global,0.011,0.010,0.011,0.015,2.134,m,FIX,2024-04-24 15:31:48.0 UTC-06:00,2024-04-24 15:31:51.0 UTC-06:00,16,1.2,466230.562,4312045.499,2471.539,-105.38974647,38.95671560,2457.547,151.182,NAD83(2011) / UTM zone 13N + NAVD88(GEOID18) height
35,,466247.930,4312195.008,2454.641,,-105.38955340,38.95806353,2440.651,Global,0.011,0.010,0.011,0.015,2.134,m,FIX,2024-04-24 15:32:08.8 UTC-06:00,2024-04-24 15:32:11.8 UTC-06:00,16,1.1,466230.562,4312045.499,2471.539,-105.38974647,38.95671560,2457.547,151.354,NAD83(2011) / UTM zone 13N + NAVD88(GEOID18) height
36,,466247.771,4312195.159,2454.600,,-105.38955524,38.95806488,2440.610,Global,0.010,0.010,0.017,0.014,2.134,m,FIX,2024-04-24 15:32:29.2 UTC-06:00,2024-04-24 15:32:32.2 UTC-06:00,16,1.2,466230.562,4312045.499,2471.539,-105.38974647,38.95671560,2457.547,151.486,NAD83(2011) / UTM zone 13N + NAVD88(GEOID18) height
37,,466247.648,4312195.301,2454.593,,-105.38955667,38.95806616,2440.603,Global,0.011,0.010,0.021,0.015,2.134,m,FIX,2024-04-24 15:32:47.4 UTC-06:00,2024-04-24 15:32:50.4 UTC-06:00,16,1.1,466230.562,4312045.499,2471.539,-105.38974647,38.95671560,2457.547,151.612,NAD83(2011) / UTM zone 13N + NAVD88(GEOID18) height
38,,466247.492,4312195.454,2454.563,,-105.38955848,38.95806753,2440.572,Global,0.011,0.010,0.022,0.015,2.134,m,FIX,2024-04-24 15:33:04.6 UTC-06:00,2024-04-24 15:33:07.6 UTC-06:00,16,1.2,466230.562,4312045.499,2471.539,-105.38974647,38.95671560,2457.547,151.751,NAD83(2011) / UTM zone 13N + NAVD88(GEOID18) height
39,,466247.365,4312195.612,2454.569,,-105.38955995,38.95806895,2440.579,Global,0.010,0.011,0.016,0.015,2.134,m,FIX,2024-04-24 15:33:25.2 UTC-06:00,2024-04-24 15:33:28.2 UTC-06:00,16,1.3,466230.562,4312045.499,2471.539,-105.38974647,38.95671560,2457.547,151.891,NAD83(2011) / UTM zone 13N + NAVD88(GEOID18) height
40,,466247.261,4312195.783,2454.542,,-105.38956116,38.95807049,2440.551,Global,0.010,0.010,0.015,0.014,2.134,m,FIX,2024-04-24 15:33:43.2 UTC-06:00,2024-04-24 15:33:46.2 UTC-06:00,16,1.2,466230.562,4312045.499,2471.539,-105.38974647,38.95671560,2457.547,152.052,NAD83(2011) / UTM zone 13N + NAVD88(GEOID18) height
41,,466247.079,4312195.921,2454.516,,-105.38956326,38.95807172,2440.526,Global,0.011,0.010,0.013,0.015,2.134,m,FIX,2024-04-24 15:33:59.0 UTC-06:00,2024-04-24 15:34:02.0 UTC-06:00,16,1.2,466230.562,4312045.499,2471.539,-105.38974647,38.95671560,2457.547,152.172,NAD83(2011) / UTM zone 13N + NAVD88(GEOID18) height
42,,466246.925,4312196.023,2454.507,,-105.38956504,38.95807264,2440.516,Global,0.011,0.010,0.012,0.015,2.134,m,FIX,2024-04-24 15:34:15.8 UTC-06:00,2024-04-24 15:34:18.8 UTC-06:00,16,1.2,466230.562,4312045.499,2471.539,-105.38974647,38.95671560,2457.547,152.260,NAD83(2011) / UTM zone 13N + NAVD88(GEOID18) height
43,,466246.800,4312196.170,2454.535,,-105.38956649,38.95807396,2440.544,Global,0.012,0.010,0.028,0.016,2.134,m,FIX,2024-04-24 15:34:30.8 UTC-06:00,2024-04-24 15:34:33.8 UTC-06:00,16,1.2,466230.562,4312045.499,2471.539,-105.38974647,38.95671560,2457.547,152.391,NAD83(2011) / UTM zone 13N + NAVD88(GEOID18) height
44,,466246.611,4312196.300,2454.485,,-105.38956868,38.95807512,2440.494,Global,0.011,0.010,0.023,0.015,2.134,m,FIX,2024-04-24 15:34:53.8 UTC-06:00,2024-04-24 15:34:56.8 UTC-06:00,16,1.3,466230.562,4312045.499,2471.539,-105.38974647,38.95671560,2457.547,152.505,NAD83(2011) / UTM zone 13N + NAVD88(GEOID18) height
45,,466246.533,4312196.460,2454.461,,-105.38956960,38.95807655,2440.470,Global,0.010,0.011,0.011,0.015,2.134,m,FIX,2024-04-24 15:35:09.8 UTC-06:00,2024-04-24 15:35:12.8 UTC-06:00,16,1.2,466230.562,4312045.499,2471.539,-105.38974647,38.95671560,2457.547,152.653,NAD83(2011) / UTM zone 13N + NAVD88(GEOID18) height
46,,466246.372,4312196.573,2454.481,,-105.38957145,38.95807757,2440.491,Global,0.011,0.010,0.014,0.015,2.134,m,FIX,2024-04-24 15:35:27.0 UTC-06:00,2024-04-24 15:35:30.0 UTC-06:00,16,1.2,466230.562,4312045.499,2471.539,-105.38974647,38.95671560,2457.547,152.749,NAD83(2011) / UTM zone 13N + NAVD88(GEOID18) height
47,,466246.256,4312196.777,2454.477,,-105.38957280,38.95807940,2440.486,Global,0.010,0.010,0.016,0.015,2.134,m,FIX,2024-04-24 15:35:49.8 UTC-06:00,2024-04-24 15:35:52.8 UTC-06:00,16,1.2,466230.562,4312045.499,2471.539,-105.38974647,38.95671560,2457.547,152.938,NAD83(2011) / UTM zone 13N + NAVD88(GEOID18) height
48,,466246.091,4312196.933,2454.454,,-105.38957472,38.95808080,2440.463,Global,0.010,0.010,0.011,0.015,2.134,m,FIX,2024-04-24 15:36:11.2 UTC-06:00,2024-04-24 15:36:14.2 UTC-06:00,16,1.2,466230.562,4312045.499,2471.539,-105.38974647,38.95671560,2457.547,153.074,NAD83(2011) / UTM zone 13N + NAVD88(GEOID18) height
49,,466245.942,4312197.045,2454.494,,-105.38957644,38.95808181,2440.503,Global,0.010,0.010,0.015,0.014,2.134,m,FIX,2024-04-24 15:36:29.0 UTC-06:00,2024-04-24 15:36:32.0 UTC-06:00,16,1.2,466230.562,4312045.499,2471.539,-105.38974647,38.95671560,2457.547,153.169,NAD83(2011) / UTM zone 13N + NAVD88(GEOID18) height
50,,466245.831,4312197.199,2454.471,,-105.38957773,38.95808319,2440.481,Global,0.011,0.010,0.014,0.015,2.134,m,FIX,2024-04-24 15:36:45.6 UTC-06:00,2024-04-24 15:36:48.6 UTC-06:00,16,1.2,466230.562,4312045.499,2471.539,-105.38974647,38.95671560,2457.547,153.309,NAD83(2011) / UTM zone 13N + NAVD88(GEOID18) height
51,,466245.726,4312197.350,2454.455,,-105.38957895,38.95808454,2440.465,Global,0.010,0.010,0.014,0.015,2.134,m,FIX,2024-04-24 15:37:04.4 UTC-06:00,2024-04-24 15:37:07.4 UTC-06:00,16,1.2,466230.562,4312045.499,2471.539,-105.38974647,38.95671560,2457.547,153.451,NAD83(2011) / UTM zone 13N + NAVD88(GEOID18) height
52,,466245.601,4312197.512,2454.433,,-105.38958041,38.95808600,2440.442,Global,0.010,0.010,0.011,0.015,2.134,m,FIX,2024-04-24 15:37:21.6 UTC-06:00,2024-04-24 15:37:24.6 UTC-06:00,16,1.2,466230.562,4312045.499,2471.539,-105.38974647,38.95671560,2457.547,153.605,NAD83(2011) / UTM zone 13N + NAVD88(GEOID18) height
53,,466245.526,4312197.695,2454.398,,-105.38958127,38.95808764,2440.408,Global,0.010,0.010,0.010,0.015,2.134,m,FIX,2024-04-24 15:37:38.6 UTC-06:00,2024-04-24 15:37:41.6 UTC-06:00,16,1.2,466230.562,4312045.499,2471.539,-105.38974647,38.95671560,2457.547,153.781,NAD83(2011) / UTM zone 13N + NAVD88(GEOID18) height
54,,466245.422,4312197.858,2454.407,,-105.38958248,38.95808911,2440.416,Global,0.011,0.011,0.011,0.015,2.134,m,FIX,2024-04-24 15:37:57.6 UTC-06:00,2024-04-24 15:38:00.6 UTC-06:00,16,1.2,466230.562,4312045.499,2471.539,-105.38974647,38.95671560,2457.547,153.934,NAD83(2011) / UTM zone 13N + NAVD88(GEOID18) height
55,,466245.251,4312197.975,2454.365,,-105.38958447,38.95809016,2440.374,Global,0.011,0.010,0.012,0.015,2.134,m,FIX,2024-04-24 15:38:16.0 UTC-06:00,2024-04-24 15:38:19.0 UTC-06:00,16,1.2,466230.562,4312045.499,2471.539,-105.38974647,38.95671560,2457.547,154.040,NAD83(2011) / UTM zone 13N + NAVD88(GEOID18) height
56,,466245.096,4312198.131,2454.355,,-105.38958626,38.95809156,2440.365,Global,0.010,0.011,0.012,0.015,2.134,m,FIX,2024-04-24 15:38:34.0 UTC-06:00,2024-04-24 15:38:37.0 UTC-06:00,16,1.2,466230.562,4312045.499,2471.539,-105.38974647,38.95671560,2457.547,154.172,NAD83(2011) / UTM zone 13N + NAVD88(GEOID18) height
57,,466244.960,4312198.291,2454.367,,-105.38958784,38.95809300,2440.376,Global,0.010,0.010,0.013,0.014,2.134,m,FIX,2024-04-24 15:38:52.0 UTC-06:00,2024-04-24 15:38:55.0 UTC-06:00,16,1.2,466230.562,4312045.499,2471.539,-105.38974647,38.95671560,2457.547,154.322,NAD83(2011) / UTM zone 13N + NAVD88(GEOID18) height
58,,466244.810,4312198.422,2454.333,,-105.38958958,38.95809417,2440.342,Global,0.011,0.010,0.016,0.015,2.134,m,FIX,2024-04-24 15:39:10.8 UTC-06:00,2024-04-24 15:39:13.8 UTC-06:00,16,1.1,466230.562,4312045.499,2471.539,-105.38974647,38.95671560,2457.547,154.444,NAD83(2011) / UTM zone 13N + NAVD88(GEOID18) height
59,,466244.688,4312198.563,2454.350,,-105.38959099,38.95809544,2440.359,Global,0.010,0.010,0.011,0.015,2.134,m,FIX,2024-04-24 15:39:29.6 UTC-06:00,2024-04-24 15:39:32.6 UTC-06:00,16,1.1,466230.562,4312045.499,2471.539,-105.38974647,38.95671560,2457.547,154.565,NAD83(2011) / UTM zone 13N + NAVD88(GEOID18) height
60,,466244.480,4312198.678,2454.365,,-105.38959340,38.95809647,2440.374,Global,0.010,0.011,0.012,0.015,2.134,m,FIX,2024-04-24 15:39:47.8 UTC-06:00,2024-04-24 15:39:50.8 UTC-06:00,16,1.1,466230.562,4312045.499,2471.539,-105.38974647,38.95671560,2457.547,154.661,NAD83(2011) / UTM zone 13N + NAVD88(GEOID18) height
61,,466244.380,4312198.845,2454.352,,-105.38959456,38.95809796,2440.362,Global,0.010,0.010,0.014,0.014,2.134,m,FIX,2024-04-24 15:40:04.2 UTC-06:00,2024-04-24 15:40:07.2 UTC-06:00,16,1.1,466230.562,4312045.499,2471.539,-105.38974647,38.95671560,2457.547,154.819,NAD83(2011) / UTM zone 13N + NAVD88(GEOID18) height
62,,466244.283,4312199.037,2454.391,,-105.38959569,38.95809969,2440.400,Global,0.010,0.011,0.011,0.015,2.134,m,FIX,2024-04-24 15:40:24.0 UTC-06:00,2024-04-24 15:40:27.0 UTC-06:00,16,1.1,466230.562,4312045.499,2471.539,-105.38974647,38.95671560,2457.547,154.997,NAD83(2011) / UTM zone 13N + NAVD88(GEOID18) height
63,,466244.189,4312199.242,2454.365,,-105.38959679,38.95810154,2440.375,Global,0.010,0.010,0.011,0.015,2.134,m,FIX,2024-04-24 15:40:41.2 UTC-06:00,2024-04-24 15:40:44.2 UTC-06:00,16,1.2,466230.562,4312045.499,2471.539,-105.38974647,38.95671560,2457.547,155.196,NAD83(2011) / UTM zone 13N + NAVD88(GEOID18) height
64,,466244.046,4312199.365,2454.355,,-105.38959845,38.95810264,2440.364,Global,0.010,0.011,0.012,0.015,2.134,m,FIX,2024-04-24 15:40:56.4 UTC-06:00,2024-04-24 15:40:59.4 UTC-06:00,16,1.2,466230.562,4312045.499,2471.539,-105.38974647,38.95671560,2457.547,155.313,NAD83(2011) / UTM zone 13N + NAVD88(GEOID18) height
65,,466243.937,4312199.563,2454.324,,-105.38959971,38.95810442,2440.334,Global,0.010,0.011,0.017,0.015,2.134,m,FIX,2024-04-24 15:41:16.2 UTC-06:00,2024-04-24 15:41:19.2 UTC-06:00,16,1.1,466230.562,4312045.499,2471.539,-105.38974647,38.95671560,2457.547,155.494,NAD83(2011) / UTM zone 13N + NAVD88(GEOID18) height
66,,466243.783,4312199.698,2454.351,,-105.38960150,38.95810563,2440.361,Global,0.011,0.010,0.011,0.015,2.134,m,FIX,2024-04-24 15:41:32.2 UTC-06:00,2024-04-24 15:41:35.2 UTC-06:00,16,1.2,466230.562,4312045.499,2471.539,-105.38974647,38.95671560,2457.547,155.618,NAD83(2011) / UTM zone 13N + NAVD88(GEOID18) height
67,,466243.661,4312199.827,2454.341,,-105.38960291,38.95810679,2440.351,Global,0.010,0.010,0.012,0.014,2.134,m,FIX,2024-04-24 15:41:50.8 UTC-06:00,2024-04-24 15:41:53.8 UTC-06:00,16,1.2,466230.562,4312045.499,2471.539,-105.38974647,38.95671560,2457.547,155.735,NAD83(2011) / UTM zone 13N + NAVD88(GEOID18) height
68,,466243.514,4312199.989,2454.363,,-105.38960461,38.95810824,2440.373,Global,0.011,0.010,0.011,0.015,2.134,m,FIX,2024-04-24 15:42:07.6 UTC-06:00,2024-04-24 15:42:10.6 UTC-06:00,16,1.2,466230.562,4312045.499,2471.539,-105.38974647,38.95671560,2457.547,155.881,NAD83(2011) / UTM zone 13N + NAVD88(GEOID18) height
69,,466243.339,4312200.124,2454.363,,-105.38960664,38.95810945,2440.373,Global,0.010,0.010,0.011,0.014,2.134,m,FIX,2024-04-24 15:42:23.4 UTC-06:00,2024-04-24 15:42:26.4 UTC-06:00,16,1.2,466230.562,4312045.499,2471.539,-105.38974647,38.95671560,2457.547,156.003,NAD83(2011) / UTM zone 13N + NAVD88(GEOID18) height
70,,466243.210,4312200.210,2454.377,,-105.38960813,38.95811022,2440.386,Global,0.010,0.012,0.013,0.015,2.134,m,FIX,2024-04-24 15:42:41.4 UTC-06:00,2024-04-24 15:42:44.4 UTC-06:00,16,1.2,466230.562,4312045.499,2471.539,-105.38974647,38.95671560,2457.547,156.080,NAD83(2011) / UTM zone 13N + NAVD88(GEOID18) height
71,,466243.045,4312200.373,2454.407,,-105.38961004,38.95811169,2440.417,Global,0.010,0.010,0.012,0.015,2.134,m,FIX,2024-04-24 15:42:57.0 UTC-06:00,2024-04-24 15:43:00.0 UTC-06:00,16,1.1,466230.562,4312045.499,2471.539,-105.38974647,38.95671560,2457.547,156.221,NAD83(2011) / UTM zone 13N + NAVD88(GEOID18) height
72,,466242.926,4312200.481,2454.408,,-105.38961142,38.95811265,2440.418,Global,0.011,0.011,0.012,0.015,2.134,m,FIX,2024-04-24 15:43:15.8 UTC-06:00,2024-04-24 15:43:18.8 UTC-06:00,16,1.1,466230.562,4312045.499,2471.539,-105.38974647,38.95671560,2457.547,156.313,NAD83(2011) / UTM zone 13N + NAVD88(GEOID18) height
73,,466242.782,4312200.655,2454.444,,-105.38961309,38.95811422,2440.453,Global,0.010,0.011,0.011,0.015,2.134,m,FIX,2024-04-24 15:43:33.4 UTC-06:00,2024-04-24 15:43:36.4 UTC-06:00,16,1.1,466230.562,4312045.499,2471.539,-105.38974647,38.95671560,2457.547,156.466,NAD83(2011) / UTM zone 13N + NAVD88(GEOID18) height
74,,466242.668,4312200.794,2454.411,,-105.38961441,38.95811547,2440.421,Global,0.010,0.012,0.014,0.016,2.134,m,FIX,2024-04-24 15:43:51.2 UTC-06:00,2024-04-24 15:43:54.2 UTC-06:00,16,1.1,466230.562,4312045.499,2471.539,-105.38974647,38.95671560,2457.547,156.601,NAD83(2011) / UTM zone 13N + NAVD88(GEOID18) height
75,,466242.549,4312200.947,2454.373,,-105.38961580,38.95811684,2440.383,Global,0.011,0.011,0.012,0.015,2.134,m,FIX,2024-04-24 15:44:10.2 UTC-06:00,2024-04-24 15:44:13.2 UTC-06:00,16,1.1,466230.562,4312045.499,2471.539,-105.38974647,38.95671560,2457.547,156.754,NAD83(2011) / UTM zone 13N + NAVD88(GEOID18) height
76,,466242.417,4312201.109,2454.360,,-105.38961732,38.95811829,2440.370,Global,0.010,0.010,0.012,0.015,2.134,m,FIX,2024-04-24 15:44:28.8 UTC-06:00,2024-04-24 15:44:31.8 UTC-06:00,16,1.1,466230.562,4312045.499,2471.539,-105.38974647,38.95671560,2457.547,156.906,NAD83(2011) / UTM zone 13N + NAVD88(GEOID18) height
77,,466242.263,4312201.263,2454.343,,-105.38961911,38.95811967,2440.352,Global,0.011,0.011,0.014,0.015,2.134,m,FIX,2024-04-24 15:44:44.2 UTC-06:00,2024-04-24 15:44:47.2 UTC-06:00,16,1.1,466230.562,4312045.499,2471.539,-105.38974647,38.95671560,2457.547,157.042,NAD83(2011) / UTM zone 13N + NAVD88(GEOID18) height
78,,466242.162,4312201.388,2454.332,,-105.38962028,38.95812079,2440.341,Global,0.011,0.010,0.011,0.015,2.134,m,FIX,2024-04-24 15:45:00.0 UTC-06:00,2024-04-24 15:45:03.0 UTC-06:00,16,1.1,466230.562,4312045.499,2471.539,-105.38974647,38.95671560,2457.547,157.164,NAD83(2011) / UTM zone 13N + NAVD88(GEOID18) height
79,,466241.950,4312201.527,2454.341,,-105.38962274,38.95812204,2440.350,Global,0.010,0.011,0.012,0.015,2.134,m,FIX,2024-04-24 15:45:23.2 UTC-06:00,2024-04-24 15:45:26.2 UTC-06:00,16,1.1,466230.562,4312045.499,2471.539,-105.38974647,38.95671560,2457.547,157.292,NAD83(2011) / UTM zone 13N + NAVD88(GEOID18) height
80,,466241.874,4312201.688,2454.323,,-105.38962363,38.95812349,2440.333,Global,0.011,0.011,0.011,0.015,2.134,m,FIX,2024-04-24 15:45:40.6 UTC-06:00,2024-04-24 15:45:43.6 UTC-06:00,16,1.1,466230.562,4312045.499,2471.539,-105.38974647,38.95671560,2457.547,157.446,NAD83(2011) / UTM zone 13N + NAVD88(GEOID18) height
81,,466241.698,4312201.801,2454.329,,-105.38962566,38.95812450,2440.339,Global,0.010,0.013,0.013,0.017,2.134,m,FIX,2024-04-24 15:45:59.2 UTC-06:00,2024-04-24 15:46:02.2 UTC-06:00,16,1.1,466230.562,4312045.499,2471.539,-105.38974647,38.95671560,2457.547,157.554,NAD83(2011) / UTM zone 13N + NAVD88(GEOID18) height
82,,466241.571,4312201.993,2454.351,,-105.38962714,38.95812623,2440.360,Global,0.011,0.011,0.017,0.015,2.134,m,FIX,2024-04-24 15:46:14.2 UTC-06:00,2024-04-24 15:46:17.2 UTC-06:00,16,1.1,466230.562,4312045.499,2471.539,-105.38974647,38.95671560,2457.547,157.720,NAD83(2011) / UTM zone 13N + NAVD88(GEOID18) height
83,,466241.437,4312202.088,2454.357,,-105.38962869,38.95812708,2440.367,Global,0.010,0.010,0.012,0.014,2.134,m,FIX,2024-04-24 15:46:29.2 UTC-06:00,2024-04-24 15:46:32.2 UTC-06:00,16,1.2,466230.562,4312045.499,2471.539,-105.38974647,38.95671560,2457.547,157.806,NAD83(2011) / UTM zone 13N + NAVD88(GEOID18) height
84,,466241.260,4312202.224,2454.367,,-105.38963074,38.95812830,2440.376,Global,0.010,0.011,0.013,0.015,2.134,m,FIX,2024-04-24 15:46:46.2 UTC-06:00,2024-04-24 15:46:49.2 UTC-06:00,16,1.2,466230.562,4312045.499,2471.539,-105.38974647,38.95671560,2457.547,157.927,NAD83(2011) / UTM zone 13N + NAVD88(GEOID18) height
85,,466241.116,4312202.393,2454.381,,-105.38963241,38.95812981,2440.391,Global,0.010,0.010,0.012,0.014,2.134,m,FIX,2024-04-24 15:47:01.8 UTC-06:00,2024-04-24 15:47:04.8 UTC-06:00,16,1.1,466230.562,4312045.499,2471.539,-105.38974647,38.95671560,2457.547,158.085,NAD83(2011) / UTM zone 13N + NAVD88(GEOID18) height
86,,466240.985,4312202.570,2454.378,,-105.38963393,38.95813140,2440.387,Global,0.010,0.011,0.012,0.015,2.134,m,FIX,2024-04-24 15:47:20.4 UTC-06:00,2024-04-24 15:47:23.4 UTC-06:00,16,1.1,466230.562,4312045.499,2471.539,-105.38974647,38.95671560,2457.547,158.254,NAD83(2011) / UTM zone 13N + NAVD88(GEOID18) height
87,,466240.890,4312202.725,2454.387,,-105.38963503,38.95813280,2440.397,Global,0.010,0.010,0.013,0.015,2.134,m,FIX,2024-04-24 15:47:38.2 UTC-06:00,2024-04-24 15:47:41.2 UTC-06:00,16,1.1,466230.562,4312045.499,2471.539,-105.38974647,38.95671560,2457.547,158.400,NAD83(2011) / UTM zone 13N + NAVD88(GEOID18) height
88,,466240.786,4312202.885,2454.365,,-105.38963624,38.95813423,2440.375,Global,0.010,0.011,0.012,0.015,2.134,m,FIX,2024-04-24 15:47:54.0 UTC-06:00,2024-04-24 15:47:57.0 UTC-06:00,16,1.1,466230.562,4312045.499,2471.539,-105.38974647,38.95671560,2457.547,158.548,NAD83(2011) / UTM zone 13N + NAVD88(GEOID18) height
89,,466240.629,4312203.005,2454.332,,-105.38963805,38.95813531,2440.341,Global,0.010,0.010,0.016,0.014,2.134,m,FIX,2024-04-24 15:48:08.2 UTC-06:00,2024-04-24 15:48:11.2 UTC-06:00,16,1.1,466230.562,4312045.499,2471.539,-105.38974647,38.95671560,2457.547,158.665,NAD83(2011) / UTM zone 13N + NAVD88(GEOID18) height
90,,466240.497,4312203.161,2454.329,,-105.38963958,38.95813671,2440.339,Global,0.010,0.011,0.010,0.015,2.134,m,FIX,2024-04-24 15:48:29.2 UTC-06:00,2024-04-24 15:48:32.2 UTC-06:00,16,1.1,466230.562,4312045.499,2471.539,-105.38974647,38.95671560,2457.547,158.804,NAD83(2011) / UTM zone 13N + NAVD88(GEOID18) height
91,,466240.282,4312203.269,2454.304,,-105.38964208,38.95813768,2440.313,Global,0.011,0.011,0.010,0.015,2.134,m,FIX,2024-04-24 15:48:48.2 UTC-06:00,2024-04-24 15:48:51.2 UTC-06:00,16,1.1,466230.562,4312045.499,2471.539,-105.38974647,38.95671560,2457.547,158.911,NAD83(2011) / UTM zone 13N + NAVD88(GEOID18) height
92,,466240.216,4312203.439,2454.316,,-105.38964284,38.95813921,2440.326,Global,0.012,0.011,0.012,0.016,2.134,m,FIX,2024-04-24 15:49:07.8 UTC-06:00,2024-04-24 15:49:10.8 UTC-06:00,16,1.1,466230.562,4312045.499,2471.539,-105.38974647,38.95671560,2457.547,159.085,NAD83(2011) / UTM zone 13N + NAVD88(GEOID18) height
93,,466240.026,4312203.554,2454.297,,-105.38964505,38.95814024,2440.306,Global,0.010,0.010,0.011,0.015,2.134,m,FIX,2024-04-24 15:49:25.2 UTC-06:00,2024-04-24 15:49:28.2 UTC-06:00,16,1.1,466230.562,4312045.499,2471.539,-105.38974647,38.95671560,2457.547,159.174,NAD83(2011) / UTM zone 13N + NAVD88(GEOID18) height
94,,466239.909,4312203.670,2454.306,,-105.38964640,38.95814128,2440.316,Global,0.013,0.011,0.011,0.017,2.134,m,FIX,2024-04-24 15:49:44.4 UTC-06:00,2024-04-24 15:49:47.4 UTC-06:00,16,1.1,466230.562,4312045.499,2471.539,-105.38974647,38.95671560,2457.547,159.286,NAD83(2011) / UTM zone 13N + NAVD88(GEOID18) height
95,,466239.817,4312203.854,2454.272,,-105.38964747,38.95814293,2440.282,Global,0.010,0.011,0.010,0.015,2.134,m,FIX,2024-04-24 15:50:04.6 UTC-06:00,2024-04-24 15:50:07.6 UTC-06:00,16,1.1,466230.562,4312045.499,2471.539,-105.38974647,38.95671560,2457.547,159.466,NAD83(2011) / UTM zone 13N + NAVD88(GEOID18) height
96,,466239.736,4312204.095,2454.302,,-105.38964841,38.95814509,2440.311,Global,0.010,0.011,0.010,0.015,2.134,m,FIX,2024-04-24 15:50:29.6 UTC-06:00,2024-04-24 15:50:32.6 UTC-06:00,16,1.1,466230.562,4312045.499,2471.539,-105.38974647,38.95671560,2457.547,159.704,NAD83(2011) / UTM zone 13N + NAVD88(GEOID18) height
97,,466239.621,4312204.219,2454.304,,-105.38964975,38.95814621,2440.314,Global,0.010,0.011,0.010,0.015,2.134,m,FIX,2024-04-24 15:50:45.6 UTC-06:00,2024-04-24 15:50:48.6 UTC-06:00,16,1.1,466230.562,4312045.499,2471.539,-105.38974647,38.95671560,2457.547,159.823,NAD83(2011) / UTM zone 13N + NAVD88(GEOID18) height
98,,466239.475,4312204.378,2454.297,,-105.38965145,38.95814763,2440.307,Global,0.010,0.010,0.011,0.014,2.134,m,FIX,2024-04-24 15:51:02.6 UTC-06:00,2024-04-24 15:51:05.6 UTC-06:00,16,1.1,466230.562,4312045.499,2471.539,-105.38974647,38.95671560,2457.547,159.969,NAD83(2011) / UTM zone 13N + NAVD88(GEOID18) height
99,,466239.438,4312204.608,2454.315,,-105.38965188,38.95814971,2440.325,Global,0.010,0.010,0.010,0.014,2.134,m,FIX,2024-04-24 15:51:41.4 UTC-06:00,2024-04-24 15:51:44.4 UTC-06:00,16,1.1,466230.562,4312045.499,2471.539,-105.38974647,38.95671560,2457.547,160.193,NAD83(2011) / UTM zone 13N + NAVD88(GEOID18) height
100,,466239.312,4312204.736,2454.274,,-105.38965335,38.95815086,2440.284,Global,0.010,0.010,0.011,0.014,2.134,m,FIX,2024-04-24 15:52:02.4 UTC-06:00,2024-04-24 15:52:05.4 UTC-06:00,16,1.1,466230.562,4312045.499,2471.539,-105.38974647,38.95671560,2457.547,160.315,NAD83(2011) / UTM zone 13N + NAVD88(GEOID18) height
101,,466239.159,4312204.869,2454.241,,-105.38965512,38.95815205,2440.251,Global,0.010,0.010,0.011,0.015,2.134,m,FIX,2024-04-24 15:52:24.6 UTC-06:00,2024-04-24 15:52:27.6 UTC-06:00,16,1.1,466230.562,4312045.499,2471.539,-105.38974647,38.95671560,2457.547,160.449,NAD83(2011) / UTM zone 13N + NAVD88(GEOID18) height
102,,466238.940,4312205.007,2454.208,,-105.38965765,38.95815328,2440.218,Global,0.010,0.010,0.010,0.015,2.134,m,FIX,2024-04-24 15:52:43.4 UTC-06:00,2024-04-24 15:52:46.4 UTC-06:00,16,1.1,466230.562,4312045.499,2471.539,-105.38974647,38.95671560,2457.547,160.569,NAD83(2011) / UTM zone 13N + NAVD88(GEOID18) height
103,,466238.860,4312205.129,2454.235,,-105.38965858,38.95815438,2440.244,Global,0.010,0.010,0.011,0.014,2.134,m,FIX,2024-04-24 15:53:02.0 UTC-06:00,2024-04-24 15:53:05.0 UTC-06:00,16,1.1,466230.562,4312045.499,2471.539,-105.38974647,38.95671560,2457.547,160.683,NAD83(2011) / UTM zone 13N + NAVD88(GEOID18) height
104,,466238.739,4312205.317,2454.195,,-105.38965998,38.95815607,2440.204,Global,0.010,0.011,0.011,0.015,2.134,m,FIX,2024-04-24 15:53:25.2 UTC-06:00,2024-04-24 15:53:28.2 UTC-06:00,16,1.1,466230.562,4312045.499,2471.539,-105.38974647,38.95671560,2457.547,160.865,NAD83(2011) / UTM zone 13N + NAVD88(GEOID18) height
105,,466238.619,4312205.413,2454.199,,-105.38966137,38.95815693,2440.209,Global,0.010,0.011,0.012,0.015,2.134,m,FIX,2024-04-24 15:53:43.0 UTC-06:00,2024-04-24 15:53:46.0 UTC-06:00,16,1.1,466230.562,4312045.499,2471.539,-105.38974647,38.95671560,2457.547,160.961,NAD83(2011) / UTM zone 13N + NAVD88(GEOID18) height
106,,466238.465,4312205.570,2454.208,,-105.38966316,38.95815834,2440.218,Global,0.010,0.011,0.010,0.015,2.134,m,FIX,2024-04-24 15:53:57.4 UTC-06:00,2024-04-24 15:54:00.4 UTC-06:00,16,1.1,466230.562,4312045.499,2471.539,-105.38974647,38.95671560,2457.547,161.104,NAD83(2011) / UTM zone 13N + NAVD88(GEOID18) height
107,,466238.291,4312205.707,2454.203,,-105.38966517,38.95815957,2440.213,Global,0.010,0.011,0.011,0.015,2.134,m,FIX,2024-04-24 15:54:12.6 UTC-06:00,2024-04-24 15:54:15.6 UTC-06:00,16,1.1,466230.562,4312045.499,2471.539,-105.38974647,38.95671560,2457.547,161.234,NAD83(2011) / UTM zone 13N + NAVD88(GEOID18) height
108,,466238.206,4312205.881,2454.213,,-105.38966617,38.95816113,2440.222,Global,0.010,0.010,0.010,0.014,2.134,m,FIX,2024-04-24 15:54:24.6 UTC-06:00,2024-04-24 15:54:27.6 UTC-06:00,16,1.1,466230.562,4312045.499,2471.539,-105.38974647,38.95671560,2457.547,161.400,NAD83(2011) / UTM zone 13N + NAVD88(GEOID18) height
109,,466238.053,4312206.001,2454.235,,-105.38966794,38.95816221,2440.245,Global,0.010,0.010,0.011,0.014,2.134,m,FIX,2024-04-24 15:54:40.4 UTC-06:00,2024-04-24 15:54:43.4 UTC-06:00,16,1.1,466230.562,4312045.499,2471.539,-105.38974647,38.95671560,2457.547,161.520,NAD83(2011) / UTM zone 13N + NAVD88(GEOID18) height
110,,466237.879,4312206.145,2454.276,,-105.38966995,38.95816350,2440.285,Global,0.011,0.013,0.010,0.016,2.134,m,FIX,2024-04-24 15:55:01.4 UTC-06:00,2024-04-24 15:55:04.4 UTC-06:00,16,1.1,466230.562,4312045.499,2471.539,-105.38974647,38.95671560,2457.547,161.640,NAD83(2011) / UTM zone 13N + NAVD88(GEOID18) height
111,,466237.711,4312206.308,2454.373,,-105.38967189,38.95816496,2440.383,Global,0.011,0.011,0.011,0.015,2.134,m,FIX,2024-04-24 15:55:30.0 UTC-06:00,2024-04-24 15:55:33.0 UTC-06:00,16,1.1,466230.562,4312045.499,2471.539,-105.38974647,38.95671560,2457.547,161.796,NAD83(2011) / UTM zone 13N + NAVD88(GEOID18) height
112,,466237.652,4312206.509,2454.358,,-105.38967259,38.95816677,2440.367,Global,0.015,0.020,0.013,0.025,2.134,m,FIX,2024-04-24 15:55:48.0 UTC-06:00,2024-04-24 15:55:51.0 UTC-06:00,16,1.1,466230.562,4312045.499,2471.539,-105.38974647,38.95671560,2457.547,162.020,NAD83(2011) / UTM zone 13N + NAVD88(GEOID18) height
113,,466237.593,4312206.589,2454.434,,-105.38967328,38.95816748,2440.444,Global,0.011,0.011,0.012,0.015,2.134,m,FIX,2024-04-24 15:56:10.4 UTC-06:00,2024-04-24 15:56:13.4 UTC-06:00,16,1.2,466230.562,4312045.499,2471.539,-105.38974647,38.95671560,2457.547,162.054,NAD83(2011) / UTM zone 13N + NAVD88(GEOID18) height
114,,466237.397,4312206.729,2454.516,,-105.38967554,38.95816874,2440.526,Global,0.010,0.010,0.011,0.014,2.134,m,FIX,2024-04-24 15:56:31.8 UTC-06:00,2024-04-24 15:56:34.8 UTC-06:00,16,1.1,466230.562,4312045.499,2471.539,-105.38974647,38.95671560,2457.547,162.185,NAD83(2011) / UTM zone 13N + NAVD88(GEOID18) height
115,,466237.258,4312206.963,2454.580,,-105.38967716,38.95817085,2440.590,Global,0.010,0.010,0.010,0.015,2.134,m,FIX,2024-04-24 15:56:50.4 UTC-06:00,2024-04-24 15:56:53.4 UTC-06:00,16,1.1,466230.562,4312045.499,2471.539,-105.38974647,38.95671560,2457.547,162.408,NAD83(2011) / UTM zone 13N + NAVD88(GEOID18) height
116,,466237.129,4312207.116,2454.624,,-105.38967865,38.95817222,2440.634,Global,0.010,0.010,0.010,0.014,2.134,m,FIX,2024-04-24 15:57:08.6 UTC-06:00,2024-04-24 15:57:11.6 UTC-06:00,16,1.1,466230.562,4312045.499,2471.539,-105.38974647,38.95671560,2457.547,162.549,NAD83(2011) / UTM zone 13N + NAVD88(GEOID18) height
117,,466237.054,4312207.257,2454.651,,-105.38967953,38.95817349,2440.660,Global,0.010,0.010,0.011,0.015,2.134,m,FIX,2024-04-24 15:57:54.8 UTC-06:00,2024-04-24 15:57:57.8 UTC-06:00,16,1.1,466230.562,4312045.499,2471.539,-105.38974647,38.95671560,2457.547,162.679,NAD83(2011) / UTM zone 13N + NAVD88(GEOID18) height
118,,466236.935,4312207.411,2454.742,,-105.38968091,38.95817487,2440.752,Global,0.010,0.010,0.011,0.014,2.134,m,FIX,2024-04-24 15:58:14.0 UTC-06:00,2024-04-24 15:58:17.0 UTC-06:00,16,1.1,466230.562,4312045.499,2471.539,-105.38974647,38.95671560,2457.547,162.822,NAD83(2011) / UTM zone 13N + NAVD88(GEOID18) height
119,,466236.750,4312207.611,2454.790,,-105.38968305,38.95817666,2440.800,Global,0.010,0.010,0.011,0.015,2.134,m,FIX,2024-04-24 15:58:33.4 UTC-06:00,2024-04-24 15:58:36.4 UTC-06:00,16,1.1,466230.562,4312045.499,2471.539,-105.38974647,38.95671560,2457.547,163.009,NAD83(2011) / UTM zone 13N + NAVD88(GEOID18) height
120,,466236.655,4312207.716,2454.911,,-105.38968415,38.95817761,2440.921,Global,0.011,0.010,0.011,0.015,2.134,m,FIX,2024-04-24 15:59:02.0 UTC-06:00,2024-04-24 15:59:05.0 UTC-06:00,16,1.2,466230.562,4312045.499,2471.539,-105.38974647,38.95671560,2457.547,163.104,NAD83(2011) / UTM zone 13N + NAVD88(GEOID18) height
121,,466236.456,4312207.849,2455.044,,-105.38968646,38.95817880,2441.054,Global,0.010,0.011,0.010,0.015,2.134,m,FIX,2024-04-24 15:59:21.2 UTC-06:00,2024-04-24 15:59:24.2 UTC-06:00,16,1.2,466230.562,4312045.499,2471.539,-105.38974647,38.95671560,2457.547,163.213,NAD83(2011) / UTM zone 13N + NAVD88(GEOID18) height
122,,466236.373,4312207.983,2455.115,,-105.38968742,38.95818000,2441.125,Global,0.010,0.012,0.012,0.016,2.134,m,FIX,2024-04-24 15:59:42.0 UTC-06:00,2024-04-24 15:59:45.0 UTC-06:00,16,1.2,466230.562,4312045.499,2471.539,-105.38974647,38.95671560,2457.547,163.346,NAD83(2011) / UTM zone 13N + NAVD88(GEOID18) height
123,,466236.255,4312208.090,2455.222,,-105.38968879,38.95818096,2441.232,Global,0.010,0.010,0.013,0.014,2.134,m,FIX,2024-04-24 15:59:59.4 UTC-06:00,2024-04-24 16:00:02.4 UTC-06:00,16,1.3,466230.562,4312045.499,2471.539,-105.38974647,38.95671560,2457.547,163.431,NAD83(2011) / UTM zone 13N + NAVD88(GEOID18) height
124,,466236.099,4312208.212,2455.426,,-105.38969059,38.95818206,2441.436,Global,0.011,0.012,0.011,0.016,2.134,m,FIX,2024-04-24 16:00:19.6 UTC-06:00,2024-04-24 16:00:22.6 UTC-06:00,16,1.2,466230.562,4312045.499,2471.539,-105.38974647,38.95671560,2457.547,163.528,NAD83(2011) / UTM zone 13N + NAVD88(GEOID18) height
125,,466236.026,4312208.298,2455.462,,-105.38969144,38.95818283,2441.472,Global,0.010,0.011,0.010,0.015,2.134,m,FIX,2024-04-24 16:00:43.6 UTC-06:00,2024-04-24 16:00:46.6 UTC-06:00,16,1.2,466230.562,4312045.499,2471.539,-105.38974647,38.95671560,2457.547,163.613,NAD83(2011) / UTM zone 13N + NAVD88(GEOID18) height
126,,466235.886,4312208.438,2455.548,,-105.38969306,38.95818408,2441.557,Global,0.010,0.010,0.011,0.014,2.134,m,FIX,2024-04-24 16:01:06.8 UTC-06:00,2024-04-24 16:01:09.8 UTC-06:00,16,1.3,466230.562,4312045.499,2471.539,-105.38974647,38.95671560,2457.547,163.739,NAD83(2011) / UTM zone 13N + NAVD88(GEOID18) height
127,,466235.741,4312208.621,2455.613,,-105.38969474,38.95818573,2441.623,Global,0.010,0.011,0.011,0.015,2.134,m,FIX,2024-04-24 16:01:23.8 UTC-06:00,2024-04-24 16:01:26.8 UTC-06:00,16,1.3,466230.562,4312045.499,2471.539,-105.38974647,38.95671560,2457.547,163.915,NAD83(2011) / UTM zone 13N + NAVD88(GEOID18) height
128,,466235.625,4312208.771,2455.670,,-105.38969610,38.95818707,2441.680,Global,0.011,0.012,0.011,0.016,2.134,m,FIX,2024-04-24 16:01:42.4 UTC-06:00,2024-04-24 16:01:45.4 UTC-06:00,16,1.3,466230.562,4312045.499,2471.539,-105.38974647,38.95671560,2457.547,164.056,NAD83(2011) / UTM zone 13N + NAVD88(GEOID18) height
129,,466235.494,4312208.901,2455.697,,-105.38969761,38.95818824,2441.707,Global,0.010,0.010,0.010,0.015,2.134,m,FIX,2024-04-24 16:02:03.0 UTC-06:00,2024-04-24 16:02:06.0 UTC-06:00,16,1.3,466230.562,4312045.499,2471.539,-105.38974647,38.95671560,2457.547,164.173,NAD83(2011) / UTM zone 13N + NAVD88(GEOID18) height
130,,466235.381,4312209.052,2455.736,,-105.38969893,38.95818959,2441.746,Global,0.010,0.011,0.015,0.015,2.134,m,FIX,2024-04-24 16:02:21.8 UTC-06:00,2024-04-24 16:02:24.8 UTC-06:00,16,1.2,466230.562,4312045.499,2471.539,-105.38974647,38.95671560,2457.547,164.323,NAD83(2011) / UTM zone 13N + NAVD88(GEOID18) height
131,,466235.260,4312209.157,2455.821,,-105.38970032,38.95819054,2441.831,Global,0.010,0.013,0.011,0.016,2.134,m,FIX,2024-04-24 16:02:47.4 UTC-06:00,2024-04-24 16:02:50.4 UTC-06:00,16,1.3,466230.562,4312045.499,2471.539,-105.38974647,38.95671560,2457.547,164.426,NAD83(2011) / UTM zone 13N + NAVD88(GEOID18) height
132,,466235.164,4312209.078,2455.794,,-105.38970143,38.95818982,2441.804,Global,0.011,0.011,0.011,0.015,2.134,m,FIX,2024-04-24 16:03:03.8 UTC-06:00,2024-04-24 16:03:06.8 UTC-06:00,16,1.3,466230.562,4312045.499,2471.539,-105.38974647,38.95671560,2457.547,164.334,NAD83(2011) / UTM zone 13N + NAVD88(GEOID18) height
133,,466235.162,4312209.261,2455.789,,-105.38970146,38.95819147,2441.798,Global,0.010,0.011,0.014,0.015,2.134,m,FIX,2024-04-24 16:03:19.6 UTC-06:00,2024-04-24 16:03:22.6 UTC-06:00,16,1.2,466230.562,4312045.499,2471.539,-105.38974647,38.95671560,2457.547,164.509,NAD83(2011) / UTM zone 13N + NAVD88(GEOID18) height
134,,466235.389,4312209.263,2455.762,,-105.38969884,38.95819150,2441.772,Global,0.010,0.010,0.010,0.015,2.134,m,FIX,2024-04-24 16:03:34.0 UTC-06:00,2024-04-24 16:03:37.0 UTC-06:00,16,1.3,466230.562,4312045.499,2471.539,-105.38974647,38.95671560,2457.547,164.523,NAD83(2011) / UTM zone 13N + NAVD88(GEOID18) height
135,,466235.262,4312209.141,2455.817,,-105.38970031,38.95819039,2441.826,Global,0.011,0.011,0.011,0.015,2.134,m,FIX,2024-04-24 16:04:02.4 UTC-06:00,2024-04-24 16:04:05.4 UTC-06:00,16,1.2,466230.562,4312045.499,2471.539,-105.38974647,38.95671560,2457.547,164.395,NAD83(2011) / UTM zone 13N + NAVD88(GEOID18) height
136,,466250.113,4312192.425,2454.952,,-105.38952807,38.95804034,2440.961,Global,0.011,0.011,0.010,0.015,2.134,m,FIX,2024-04-24 16:05:52.0 UTC-06:00,2024-04-24 16:05:55.0 UTC-06:00,16,1.2,466230.562,4312045.499,2471.539,-105.38974647,38.95671560,2457.547,149.036,NAD83(2011) / UTM zone 13N + NAVD88(GEOID18) height
137,,466229.724,4311984.861,2456.352,,-105.38975315,38.95616915,2442.360,Global,0.011,0.013,0.011,0.017,2.134,m,FIX,2024-04-24 17:09:14.6 UTC-06:00,2024-04-24 17:09:17.6 UTC-06:00,16,1.5,466230.562,4312045.499,2471.539,-105.38974647,38.95671560,2457.547,62.082,NAD83(2011) / UTM zone 13N + NAVD88(GEOID18) height
138,,466229.744,4311984.738,2456.280,,-105.38975291,38.95616804,2442.288,Global,0.011,0.010,0.011,0.015,2.134,m,FIX,2024-04-24 17:09:31.2 UTC-06:00,2024-04-24 17:09:34.2 UTC-06:00,16,1.5,466230.562,4312045.499,2471.539,-105.38974647,38.95671560,2457.547,62.210,NAD83(2011) / UTM zone 13N + NAVD88(GEOID18) height
139,,466229.847,4311984.875,2456.360,,-105.38975173,38.95616927,2442.367,Global,0.012,0.011,0.013,0.017,2.134,m,FIX,2024-04-24 17:09:48.4 UTC-06:00,2024-04-24 17:09:51.4 UTC-06:00,16,1.4,466230.562,4312045.499,2471.539,-105.38974647,38.95671560,2457.547,62.064,NAD83(2011) / UTM zone 13N + NAVD88(GEOID18) height
140,,466229.688,4311985.017,2456.312,,-105.38975357,38.95617055,2442.320,Global,0.012,0.010,0.012,0.016,2.134,m,FIX,2024-04-24 17:10:05.8 UTC-06:00,2024-04-24 17:10:08.8 UTC-06:00,16,1.4,466230.562,4312045.499,2471.539,-105.38974647,38.95671560,2457.547,61.933,NAD83(2011) / UTM zone 13N + NAVD88(GEOID18) height
141,,466229.712,4311984.859,2456.359,,-105.38975329,38.95616912,2442.366,Global,0.011,0.011,0.010,0.015,2.134,m,FIX,2024-04-24 17:10:25.8 UTC-06:00,2024-04-24 17:10:28.8 UTC-06:00,16,1.5,466230.562,4312045.499,2471.539,-105.38974647,38.95671560,2457.547,62.085,NAD83(2011) / UTM zone 13N + NAVD88(GEOID18) height
142,,466229.548,4311984.819,2456.143,,-105.38975517,38.95616876,2442.151,Global,0.012,0.017,0.010,0.021,2.134,m,FIX,2024-04-24 17:10:58.4 UTC-06:00,2024-04-24 17:11:01.4 UTC-06:00,16,1.4,466230.562,4312045.499,2471.539,-105.38974647,38.95671560,2457.547,62.186,NAD83(2011) / UTM zone 13N + NAVD88(GEOID18) height
143,,466229.378,4311984.762,2455.963,,-105.38975713,38.95616824,2441.971,Global,0.012,0.011,0.010,0.016,2.134,m,FIX,2024-04-24 17:11:22.8 UTC-06:00,2024-04-24 17:11:25.8 UTC-06:00,16,1.4,466230.562,4312045.499,2471.539,-105.38974647,38.95671560,2457.547,62.256,NAD83(2011) / UTM zone 13N + NAVD88(GEOID18) height
144,,466229.236,4311984.769,2455.905,,-105.38975877,38.95616830,2441.913,Global,0.013,0.010,0.011,0.017,2.134,m,FIX,2024-04-24 17:11:45.8 UTC-06:00,2024-04-24 17:11:48.8 UTC-06:00,16,1.4,466230.562,4312045.499,2471.539,-105.38974647,38.95671560,2457.547,62.265,NAD83(2011) / UTM zone 13N + NAVD88(GEOID18) height
145,,466228.975,4311984.703,2455.777,,-105.38976178,38.95616770,2441.784,Global,0.011,0.010,0.011,0.015,2.134,m,FIX,2024-04-24 17:12:16.4 UTC-06:00,2024-04-24 17:12:19.4 UTC-06:00,16,1.5,466230.562,4312045.499,2471.539,-105.38974647,38.95671560,2457.547,62.375,NAD83(2011) / UTM zone 13N + NAVD88(GEOID18) height
146,,466228.767,4311984.672,2455.708,,-105.38976418,38.95616741,2441.715,Global,0.011,0.010,0.010,0.015,2.134,m,FIX,2024-04-24 17:12:43.6 UTC-06:00,2024-04-24 17:12:46.6 UTC-06:00,16,1.4,466230.562,4312045.499,2471.539,-105.38974647,38.95671560,2457.547,62.417,NAD83(2011) / UTM zone 13N + NAVD88(GEOID18) height
147,,466228.644,4311984.657,2455.679,,-105.38976560,38.95616727,2441.686,Global,0.011,0.013,0.011,0.017,2.134,m,FIX,2024-04-24 17:13:02.6 UTC-06:00,2024-04-24 17:13:05.6 UTC-06:00,16,1.4,466230.562,4312045.499,2471.539,-105.38974647,38.95671560,2457.547,62.452,NAD83(2011) / UTM zone 13N + NAVD88(GEOID18) height
148,,466228.546,4311984.642,2455.682,,-105.38976673,38.95616713,2441.689,Global,0.012,0.010,0.010,0.016,2.134,m,FIX,2024-04-24 17:13:24.2 UTC-06:00,2024-04-24 17:13:27.2 UTC-06:00,16,1.5,466230.562,4312045.499,2471.539,-105.38974647,38.95671560,2457.547,62.468,NAD83(2011) / UTM zone 13N + NAVD88(GEOID18) height
149,,466228.409,4311984.676,2455.600,,-105.38976831,38.95616743,2441.607,Global,0.010,0.010,0.011,0.015,2.134,m,FIX,2024-04-24 17:14:08.6 UTC-06:00,2024-04-24 17:14:11.6 UTC-06:00,16,1.5,466230.562,4312045.499,2471.539,-105.38974647,38.95671560,2457.547,62.451,NAD83(2011) / UTM zone 13N + NAVD88(GEOID18) height
150,,466228.176,4311984.619,2455.551,,-105.38977100,38.95616691,2441.559,Global,0.010,0.012,0.010,0.016,2.134,m,FIX,2024-04-24 17:14:40.4 UTC-06:00,2024-04-24 17:14:43.4 UTC-06:00,16,1.5,466230.562,4312045.499,2471.539,-105.38974647,38.95671560,2457.547,62.519,NAD83(2011) / UTM zone 13N + NAVD88(GEOID18) height
151,,466227.955,4311984.564,2455.805,,-105.38977355,38.95616640,2441.813,Global,0.011,0.011,0.015,0.016,2.134,m,FIX,2024-04-24 17:15:54.8 UTC-06:00,2024-04-24 17:15:57.8 UTC-06:00,16,1.5,466230.562,4312045.499,2471.539,-105.38974647,38.95671560,2457.547,62.535,NAD83(2011) / UTM zone 13N + NAVD88(GEOID18) height
152,,466227.733,4311984.538,2455.525,,-105.38977611,38.95616616,2441.532,Global,0.010,0.010,0.010,0.014,2.134,m,FIX,2024-04-24 17:16:43.4 UTC-06:00,2024-04-24 17:16:46.4 UTC-06:00,16,1.5,466230.562,4312045.499,2471.539,-105.38974647,38.95671560,2457.547,62.629,NAD83(2011) / UTM zone 13N + NAVD88(GEOID18) height
153,,466227.570,4311984.511,2455.546,,-105.38977799,38.95616590,2441.553,Global,0.010,0.010,0.010,0.014,2.134,m,FIX,2024-04-24 17:17:07.8 UTC-06:00,2024-04-24 17:17:10.8 UTC-06:00,16,1.5,466230.562,4312045.499,2471.539,-105.38974647,38.95671560,2457.547,62.657,NAD83(2011) / UTM zone 13N + NAVD88(GEOID18) height
154,,466227.374,4311984.475,2455.508,,-105.38978025,38.95616558,2441.515,Global,0.012,0.010,0.011,0.016,2.134,m,FIX,2024-04-24 17:17:26.0 UTC-06:00,2024-04-24 17:17:29.0 UTC-06:00,16,1.5,466230.562,4312045.499,2471.539,-105.38974647,38.95671560,2457.547,62.710,NAD83(2011) / UTM zone 13N + NAVD88(GEOID18) height
155,,466227.207,4311984.424,2455.629,,-105.38978218,38.95616511,2441.637,Global,0.011,0.011,0.015,0.015,2.134,m,FIX,2024-04-24 17:18:05.2 UTC-06:00,2024-04-24 17:18:08.2 UTC-06:00,16,1.5,466230.562,4312045.499,2471.539,-105.38974647,38.95671560,2457.547,62.744,NAD83(2011) / UTM zone 13N + NAVD88(GEOID18) height
156,,466226.966,4311984.408,2455.562,,-105.38978496,38.95616496,2441.570,Global,0.010,0.011,0.011,0.015,2.134,m,FIX,2024-04-24 17:18:24.4 UTC-06:00,2024-04-24 17:18:27.4 UTC-06:00,16,1.5,466230.562,4312045.499,2471.539,-105.38974647,38.95671560,2457.547,62.787,NAD83(2011) / UTM zone 13N + NAVD88(GEOID18) height
157,,466226.780,4311984.405,2455.530,,-105.38978710,38.95616492,2441.537,Global,0.011,0.010,0.016,0.015,2.134,m,FIX,2024-04-24 17:18:43.0 UTC-06:00,2024-04-24 17:18:46.0 UTC-06:00,16,1.5,466230.562,4312045.499,2471.539,-105.38974647,38.95671560,2457.547,62.812,NAD83(2011) / UTM zone 13N + NAVD88(GEOID18) height
158,,466226.588,4311984.374,2455.407,,-105.38978932,38.95616464,2441.415,Global,0.010,0.012,0.016,0.015,2.134,m,FIX,2024-04-24 17:19:00.6 UTC-06:00,2024-04-24 17:19:03.6 UTC-06:00,16,1.5,466230.562,4312045.499,2471.539,-105.38974647,38.95671560,2457.547,62.865,NAD83(2011) / UTM zone 13N + NAVD88(GEOID18) height
159,,466226.387,4311984.312,2455.411,,-105.38979164,38.95616407,2441.419,Global,0.010,0.012,0.016,0.016,2.134,m,FIX,2024-04-24 17:19:20.4 UTC-06:00,2024-04-24 17:19:23.4 UTC-06:00,16,1.5,466230.562,4312045.499,2471.539,-105.38974647,38.95671560,2457.547,62.949,NAD83(2011) / UTM zone 13N + NAVD88(GEOID18) height
160,,466226.171,4311984.253,2455.431,,-105.38979413,38.95616353,2441.439,Global,0.010,0.011,0.011,0.015,2.134,m,FIX,2024-04-24 17:19:38.0 UTC-06:00,2024-04-24 17:19:41.0 UTC-06:00,16,1.4,466230.562,4312045.499,2471.539,-105.38974647,38.95671560,2457.547,63.014,NAD83(2011) / UTM zone 13N + NAVD88(GEOID18) height
161,,466226.006,4311984.209,2455.394,,-105.38979602,38.95616313,2441.402,Global,0.010,0.011,0.013,0.015,2.134,m,FIX,2024-04-24 17:20:02.0 UTC-06:00,2024-04-24 17:20:05.0 UTC-06:00,16,1.4,466230.562,4312045.499,2471.539,-105.38974647,38.95671560,2457.547,63.076,NAD83(2011) / UTM zone 13N + NAVD88(GEOID18) height
162,,466225.774,4311984.202,2455.424,,-105.38979870,38.95616305,2441.431,Global,0.011,0.011,0.014,0.016,2.134,m,FIX,2024-04-24 17:20:22.4 UTC-06:00,2024-04-24 17:20:25.4 UTC-06:00,16,1.4,466230.562,4312045.499,2471.539,-105.38974647,38.95671560,2457.547,63.097,NAD83(2011) / UTM zone 13N + NAVD88(GEOID18) height
163,,466225.617,4311984.154,2455.414,,-105.38980051,38.95616262,2441.421,Global,0.012,0.010,0.012,0.016,2.134,m,FIX,2024-04-24 17:20:39.0 UTC-06:00,2024-04-24 17:20:42.0 UTC-06:00,16,1.5,466230.562,4312045.499,2471.539,-105.38974647,38.95671560,2457.547,63.163,NAD83(2011) / UTM zone 13N + NAVD88(GEOID18) height
164,,466225.388,4311984.082,2455.408,,-105.38980315,38.95616196,2441.415,Global,0.010,0.011,0.010,0.015,2.134,m,FIX,2024-04-24 17:20:58.2 UTC-06:00,2024-04-24 17:21:01.2 UTC-06:00,16,1.5,466230.562,4312045.499,2471.539,-105.38974647,38.95671560,2457.547,63.245,NAD83(2011) / UTM zone 13N + NAVD88(GEOID18) height
165,,466225.215,4311983.999,2455.442,,-105.38980514,38.95616120,2441.450,Global,0.010,0.011,0.012,0.015,2.134,m,FIX,2024-04-24 17:21:15.2 UTC-06:00,2024-04-24 17:21:18.2 UTC-06:00,16,1.5,466230.562,4312045.499,2471.539,-105.38974647,38.95671560,2457.547,63.337,NAD83(2011) / UTM zone 13N + NAVD88(GEOID18) height
166,,466225.014,4311984.029,2455.371,,-105.38980746,38.95616147,2441.378,Global,0.010,0.010,0.011,0.015,2.134,m,FIX,2024-04-24 17:21:31.0 UTC-06:00,2024-04-24 17:21:34.0 UTC-06:00,16,1.5,466230.562,4312045.499,2471.539,-105.38974647,38.95671560,2457.547,63.345,NAD83(2011) / UTM zone 13N + NAVD88(GEOID18) height
167,,466224.844,4311984.013,2455.347,,-105.38980943,38.95616132,2441.354,Global,0.011,0.011,0.011,0.016,2.134,m,FIX,2024-04-24 17:21:49.0 UTC-06:00,2024-04-24 17:21:52.0 UTC-06:00,16,1.5,466230.562,4312045.499,2471.539,-105.38974647,38.95671560,2457.547,63.380,NAD83(2011) / UTM zone 13N + NAVD88(GEOID18) height
168,,466224.615,4311983.983,2455.314,,-105.38981207,38.95616104,2441.322,Global,0.011,0.011,0.012,0.015,2.134,m,FIX,2024-04-24 17:22:03.4 UTC-06:00,2024-04-24 17:22:06.4 UTC-06:00,16,1.5,466230.562,4312045.499,2471.539,-105.38974647,38.95671560,2457.547,63.435,NAD83(2011) / UTM zone 13N + NAVD88(GEOID18) height
169,,466224.419,4311983.943,2455.319,,-105.38981432,38.95616067,2441.327,Global,0.011,0.011,0.011,0.016,2.134,m,FIX,2024-04-24 17:22:21.8 UTC-06:00,2024-04-24 17:22:24.8 UTC-06:00,16,1.5,466230.562,4312045.499,2471.539,-105.38974647,38.95671560,2457.547,63.488,NAD83(2011) / UTM zone 13N + NAVD88(GEOID18) height
170,,466224.207,4311983.958,2455.304,,-105.38981677,38.95616080,2441.312,Global,0.010,0.012,0.010,0.016,2.134,m,FIX,2024-04-24 17:22:38.4 UTC-06:00,2024-04-24 17:22:41.4 UTC-06:00,16,1.5,466230.562,4312045.499,2471.539,-105.38974647,38.95671560,2457.547,63.499,NAD83(2011) / UTM zone 13N + NAVD88(GEOID18) height
171,,466224.032,4311983.895,2455.319,,-105.38981879,38.95616022,2441.327,Global,0.010,0.010,0.010,0.015,2.134,m,FIX,2024-04-24 17:23:02.0 UTC-06:00,2024-04-24 17:23:05.0 UTC-06:00,16,1.5,466230.562,4312045.499,2471.539,-105.38974647,38.95671560,2457.547,63.579,NAD83(2011) / UTM zone 13N + NAVD88(GEOID18) height
172,,466223.840,4311983.847,2455.299,,-105.38982101,38.95615978,2441.306,Global,0.011,0.011,0.013,0.015,2.134,m,FIX,2024-04-24 17:23:25.0 UTC-06:00,2024-04-24 17:23:28.0 UTC-06:00,16,1.5,466230.562,4312045.499,2471.539,-105.38974647,38.95671560,2457.547,63.642,NAD83(2011) / UTM zone 13N + NAVD88(GEOID18) height
173,,466223.642,4311983.713,2455.275,,-105.38982328,38.95615857,2441.283,Global,0.012,0.012,0.012,0.017,2.134,m,FIX,2024-04-24 17:23:44.0 UTC-06:00,2024-04-24 17:23:47.0 UTC-06:00,16,1.5,466230.562,4312045.499,2471.539,-105.38974647,38.95671560,2457.547,63.800,NAD83(2011) / UTM zone 13N + NAVD88(GEOID18) height
174,,466223.420,4311983.607,2455.246,,-105.38982584,38.95615760,2441.253,Global,0.011,0.011,0.011,0.016,2.134,m,FIX,2024-04-24 17:24:02.4 UTC-06:00,2024-04-24 17:24:05.4 UTC-06:00,16,1.6,466230.562,4312045.499,2471.539,-105.38974647,38.95671560,2457.547,63.937,NAD83(2011) / UTM zone 13N + NAVD88(GEOID18) height
175,,466223.262,4311983.554,2455.247,,-105.38982766,38.95615712,2441.255,Global,0.011,0.012,0.011,0.016,2.134,m,FIX,2024-04-24 17:24:21.8 UTC-06:00,2024-04-24 17:24:24.8 UTC-06:00,16,1.5,466230.562,4312045.499,2471.539,-105.38974647,38.95671560,2457.547,64.011,NAD83(2011) / UTM zone 13N + NAVD88(GEOID18) height
176,,466223.074,4311983.502,2455.177,,-105.38982982,38.95615664,2441.185,Global,0.011,0.011,0.010,0.016,2.134,m,FIX,2024-04-24 17:24:41.4 UTC-06:00,2024-04-24 17:24:44.4 UTC-06:00,16,1.5,466230.562,4312045.499,2471.539,-105.38974647,38.95671560,2457.547,64.102,NAD83(2011) / UTM zone 13N + NAVD88(GEOID18) height
177,,466222.919,4311983.435,2455.175,,-105.38983161,38.95615604,2441.183,Global,0.014,0.012,0.011,0.019,2.134,m,FIX,2024-04-24 17:25:04.4 UTC-06:00,2024-04-24 17:25:07.4 UTC-06:00,16,1.5,466230.562,4312045.499,2471.539,-105.38974647,38.95671560,2457.547,64.192,NAD83(2011) / UTM zone 13N + NAVD88(GEOID18) height
178,,466222.732,4311983.350,2455.142,,-105.38983377,38.95615526,2441.150,Global,0.011,0.012,0.011,0.016,2.134,m,FIX,2024-04-24 17:25:27.2 UTC-06:00,2024-04-24 17:25:30.2 UTC-06:00,16,1.5,466230.562,4312045.499,2471.539,-105.38974647,38.95671560,2457.547,64.309,NAD83(2011) / UTM zone 13N + NAVD88(GEOID18) height
179,,466222.550,4311983.337,2455.147,,-105.38983586,38.95615514,2441.155,Global,0.012,0.014,0.011,0.019,2.134,m,FIX,2024-04-24 17:25:47.6 UTC-06:00,2024-04-24 17:25:50.6 UTC-06:00,16,1.5,466230.562,4312045.499,2471.539,-105.38974647,38.95671560,2457.547,64.313,NAD83(2011) / UTM zone 13N + NAVD88(GEOID18) height
180,,466222.328,4311983.238,2455.098,,-105.38983842,38.95615424,2441.106,Global,0.011,0.013,0.011,0.017,2.134,m,FIX,2024-04-24 17:26:14.0 UTC-06:00,2024-04-24 17:26:17.0 UTC-06:00,16,1.5,466230.562,4312045.499,2471.539,-105.38974647,38.95671560,2457.547,64.450,NAD83(2011) / UTM zone 13N + NAVD88(GEOID18) height
181,,466222.160,4311983.182,2455.049,,-105.38984037,38.95615372,2441.057,Global,0.016,0.012,0.010,0.019,2.134,m,FIX,2024-04-24 17:26:38.4 UTC-06:00,2024-04-24 17:26:41.4 UTC-06:00,16,1.3,466230.562,4312045.499,2471.539,-105.38974647,38.95671560,2457.547,64.548,NAD83(2011) / UTM zone 13N + NAVD88(GEOID18) height
182,,466221.958,4311983.085,2455.006,,-105.38984269,38.95615285,2441.014,Global,0.014,0.013,0.011,0.019,2.134,m,FIX,2024-04-24 17:27:09.4 UTC-06:00,2024-04-24 17:27:12.4 UTC-06:00,16,1.3,466230.562,4312045.499,2471.539,-105.38974647,38.95671560,2457.547,64.685,NAD83(2011) / UTM zone 13N + NAVD88(GEOID18) height
183,,466221.788,4311983.056,2454.979,,-105.38984464,38.95615257,2440.987,Global,0.013,0.013,0.011,0.018,2.134,m,FIX,2024-04-24 17:27:38.8 UTC-06:00,2024-04-24 17:27:41.8 UTC-06:00,16,1.3,466230.562,4312045.499,2471.539,-105.38974647,38.95671560,2457.547,64.740,NAD83(2011) / UTM zone 13N + NAVD88(GEOID18) height
184,,466221.552,4311983.064,2455.041,,-105.38984737,38.95615263,2441.048,Global,0.011,0.012,0.011,0.016,2.134,m,FIX,2024-04-24 17:28:16.2 UTC-06:00,2024-04-24 17:28:19.2 UTC-06:00,16,1.3,466230.562,4312045.499,2471.539,-105.38974647,38.95671560,2457.547,64.741,NAD83(2011) / UTM zone 13N + NAVD88(GEOID18) height
185,,466221.379,4311982.913,2455.318,,-105.38984936,38.95615127,2441.325,Global,0.011,0.014,0.012,0.018,2.134,m,FIX,2024-04-24 17:29:22.2 UTC-06:00,2024-04-24 17:29:25.2 UTC-06:00,16,1.3,466230.562,4312045.499,2471.539,-105.38974647,38.95671560,2457.547,64.841,NAD83(2011) / UTM zone 13N + NAVD88(GEOID18) height
186,,466221.163,4311982.773,2455.500,,-105.38985185,38.95615000,2441.508,Global,0.011,0.011,0.011,0.016,2.134,m,FIX,2024-04-24 17:29:41.0 UTC-06:00,2024-04-24 17:29:44.0 UTC-06:00,16,1.3,466230.562,4312045.499,2471.539,-105.38974647,38.95671560,2457.547,64.971,NAD83(2011) / UTM zone 13N + NAVD88(GEOID18) height
187,,466220.950,4311982.768,2455.559,,-105.38985430,38.95614995,2441.567,Global,0.011,0.010,0.011,0.015,2.134,m,FIX,2024-04-24 17:30:03.0 UTC-06:00,2024-04-24 17:30:06.0 UTC-06:00,16,1.3,466230.562,4312045.499,2471.539,-105.38974647,38.95671560,2457.547,65.007,NAD83(2011) / UTM zone 13N + NAVD88(GEOID18) height
188,,466220.730,4311982.699,2455.546,,-105.38985685,38.95614932,2441.553,Global,0.011,0.011,0.011,0.015,2.134,m,FIX,2024-04-24 17:30:25.0 UTC-06:00,2024-04-24 17:30:28.0 UTC-06:00,16,1.3,466230.562,4312045.499,2471.539,-105.38974647,38.95671560,2457.547,65.101,NAD83(2011) / UTM zone 13N + NAVD88(GEOID18) height
189,,466220.535,4311982.693,2455.494,,-105.38985910,38.95614926,2441.502,Global,0.011,0.012,0.011,0.016,2.134,m,FIX,2024-04-24 17:30:57.2 UTC-06:00,2024-04-24 17:31:00.2 UTC-06:00,16,1.4,466230.562,4312045.499,2471.539,-105.38974647,38.95671560,2457.547,65.160,NAD83(2011) / UTM zone 13N + NAVD88(GEOID18) height
190,,466220.361,4311982.643,2455.446,,-105.38986110,38.95614880,2441.454,Global,0.011,0.011,0.010,0.015,2.134,m,FIX,2024-04-24 17:31:26.8 UTC-06:00,2024-04-24 17:31:29.8 UTC-06:00,16,1.4,466230.562,4312045.499,2471.539,-105.38974647,38.95671560,2457.547,65.243,NAD83(2011) / UTM zone 13N + NAVD88(GEOID18) height
191,,466220.181,4311982.620,2455.323,,-105.38986317,38.95614858,2441.330,Global,0.010,0.010,0.010,0.014,2.134,m,FIX,2024-04-24 17:31:53.0 UTC-06:00,2024-04-24 17:31:56.0 UTC-06:00,16,1.4,466230.562,4312045.499,2471.539,-105.38974647,38.95671560,2457.547,65.313,NAD83(2011) / UTM zone 13N + NAVD88(GEOID18) height
192,,466219.953,4311982.609,2455.578,,-105.38986581,38.95614848,2441.585,Global,0.010,0.010,0.010,0.015,2.134,m,FIX,2024-04-24 17:32:19.4 UTC-06:00,2024-04-24 17:32:22.4 UTC-06:00,16,1.4,466230.562,4312045.499,2471.539,-105.38974647,38.95671560,2457.547,65.311,NAD83(2011) / UTM zone 13N + NAVD88(GEOID18) height
193,,466219.787,4311982.614,2455.655,,-105.38986772,38.95614851,2441.663,Global,0.010,0.011,0.010,0.015,2.134,m,FIX,2024-04-24 17:32:53.4 UTC-06:00,2024-04-24 17:32:56.4 UTC-06:00,16,1.4,466230.562,4312045.499,2471.539,-105.38974647,38.95671560,2457.547,65.316,NAD83(2011) / UTM zone 13N + NAVD88(GEOID18) height
194,,466219.572,4311982.656,2455.563,,-105.38987020,38.95614889,2441.571,Global,0.010,0.011,0.010,0.016,2.134,m,FIX,2024-04-24 17:33:12.6 UTC-06:00,2024-04-24 17:33:15.6 UTC-06:00,16,1.4,466230.562,4312045.499,2471.539,-105.38974647,38.95671560,2457.547,65.334,NAD83(2011) / UTM zone 13N + NAVD88(GEOID18) height
195,,466219.364,4311982.670,2455.324,,-105.38987261,38.95614901,2441.332,Global,0.011,0.012,0.011,0.016,2.134,m,FIX,2024-04-24 17:33:42.2 UTC-06:00,2024-04-24 17:33:45.2 UTC-06:00,16,1.4,466230.562,4312045.499,2471.539,-105.38974647,38.95671560,2457.547,65.392,NAD83(2011) / UTM zone 13N + NAVD88(GEOID18) height
196,,466219.135,4311982.643,2455.331,,-105.38987525,38.95614875,2441.339,Global,0.011,0.013,0.013,0.017,2.134,m,FIX,2024-04-24 17:34:04.2 UTC-06:00,2024-04-24 17:34:07.2 UTC-06:00,16,1.4,466230.562,4312045.499,2471.539,-105.38974647,38.95671560,2457.547,65.465,NAD83(2011) / UTM zone 13N + NAVD88(GEOID18) height
197,,466218.996,4311982.639,2455.320,,-105.38987685,38.95614871,2441.328,Global,0.011,0.013,0.014,0.017,2.134,m,FIX,2024-04-24 17:34:28.8 UTC-06:00,2024-04-24 17:34:31.8 UTC-06:00,16,1.4,466230.562,4312045.499,2471.539,-105.38974647,38.95671560,2457.547,65.490,NAD83(2011) / UTM zone 13N + NAVD88(GEOID18) height
198,,466218.763,4311982.554,2455.576,,-105.38987953,38.95614793,2441.583,Global,0.011,0.010,0.011,0.015,2.134,m,FIX,2024-04-24 17:34:49.6 UTC-06:00,2024-04-24 17:34:52.6 UTC-06:00,16,1.4,466230.562,4312045.499,2471.539,-105.38974647,38.95671560,2457.547,65.567,NAD83(2011) / UTM zone 13N + NAVD88(GEOID18) height
199,,466218.578,4311982.522,2455.600,,-105.38988167,38.95614764,2441.608,Global,0.010,0.012,0.012,0.016,2.134,m,FIX,2024-04-24 17:35:12.8 UTC-06:00,2024-04-24 17:35:15.8 UTC-06:00,16,1.4,466230.562,4312045.499,2471.539,-105.38974647,38.95671560,2457.547,65.630,NAD83(2011) / UTM zone 13N + NAVD88(GEOID18) height
200,,466218.374,4311982.511,2455.568,,-105.38988402,38.95614753,2441.576,Global,0.013,0.011,0.010,0.017,2.134,m,FIX,2024-04-24 17:35:33.6 UTC-06:00,2024-04-24 17:35:36.6 UTC-06:00,16,1.4,466230.562,4312045.499,2471.539,-105.38974647,38.95671560,2457.547,65.680,NAD83(2011) / UTM zone 13N + NAVD88(GEOID18) height
201,,466218.180,4311982.498,2455.506,,-105.38988626,38.95614740,2441.514,Global,0.011,0.010,0.010,0.015,2.134,m,FIX,2024-04-24 17:35:55.2 UTC-06:00,2024-04-24 17:35:58.2 UTC-06:00,16,1.4,466230.562,4312045.499,2471.539,-105.38974647,38.95671560,2457.547,65.744,NAD83(2011) / UTM zone 13N + NAVD88(GEOID18) height
202,,466217.973,4311982.462,2455.248,,-105.38988865,38.95614708,2441.256,Global,0.011,0.011,0.011,0.015,2.134,m,FIX,2024-04-24 17:36:13.2 UTC-06:00,2024-04-24 17:36:16.2 UTC-06:00,16,1.4,466230.562,4312045.499,2471.539,-105.38974647,38.95671560,2457.547,65.876,NAD83(2011) / UTM zone 13N + NAVD88(GEOID18) height
203,,466217.785,4311982.416,2455.274,,-105.38989082,38.95614665,2441.282,Global,0.010,0.013,0.011,0.016,2.134,m,FIX,2024-04-24 17:36:31.0 UTC-06:00,2024-04-24 17:36:34.0 UTC-06:00,16,1.4,466230.562,4312045.499,2471.539,-105.38974647,38.95671560,2457.547,65.931,NAD83(2011) / UTM zone 13N + NAVD88(GEOID18) height
204,,466217.569,4311982.337,2455.236,,-105.38989330,38.95614594,2441.244,Global,0.010,0.011,0.012,0.015,2.134,m,FIX,2024-04-24 17:36:55.0 UTC-06:00,2024-04-24 17:36:58.0 UTC-06:00,16,1.4,466230.562,4312045.499,2471.539,-105.38974647,38.95671560,2457.547,66.077,NAD83(2011) / UTM zone 13N + NAVD88(GEOID18) height
205,,466217.398,4311982.288,2455.249,,-105.38989528,38.95614549,2441.257,Global,0.011,0.011,0.010,0.015,2.134,m,FIX,2024-04-24 17:37:11.4 UTC-06:00,2024-04-24 17:37:14.4 UTC-06:00,16,1.4,466230.562,4312045.499,2471.539,-105.38974647,38.95671560,2457.547,66.141,NAD83(2011) / UTM zone 13N + NAVD88(GEOID18) height
206,,466217.183,4311982.179,2455.291,,-105.38989775,38.95614449,2441.298,Global,0.011,0.011,0.011,0.016,2.134,m,FIX,2024-04-24 17:37:27.8 UTC-06:00,2024-04-24 17:37:30.8 UTC-06:00,16,1.3,466230.562,4312045.499,2471.539,-105.38974647,38.95671560,2457.547,66.292,NAD83(2011) / UTM zone 13N + NAVD88(GEOID18) height
207,,466217.007,4311982.126,2455.330,,-105.38989978,38.95614401,2441.338,Global,0.010,0.011,0.010,0.015,2.134,m,FIX,2024-04-24 17:37:47.2 UTC-06:00,2024-04-24 17:37:50.2 UTC-06:00,16,1.4,466230.562,4312045.499,2471.539,-105.38974647,38.95671560,2457.547,66.359,NAD83(2011) / UTM zone 13N + NAVD88(GEOID18) height
208,,466216.822,4311982.031,2455.393,,-105.38990191,38.95614315,2441.401,Global,0.011,0.010,0.013,0.015,2.134,m,FIX,2024-04-24 17:38:04.2 UTC-06:00,2024-04-24 17:38:07.2 UTC-06:00,16,1.4,466230.562,4312045.499,2471.539,-105.38974647,38.95671560,2457.547,66.484,NAD83(2011) / UTM zone 13N + NAVD88(GEOID18) height
209,,466216.583,4311982.020,2455.428,,-105.38990467,38.95614304,2441.436,Global,0.010,0.011,0.012,0.015,2.134,m,FIX,2024-04-24 17:38:22.2 UTC-06:00,2024-04-24 17:38:25.2 UTC-06:00,16,1.3,466230.562,4312045.499,2471.539,-105.38974647,38.95671560,2457.547,66.532,NAD83(2011) / UTM zone 13N + NAVD88(GEOID18) height
210,,466216.403,4311981.982,2455.355,,-105.38990675,38.95614269,2441.363,Global,0.010,0.012,0.011,0.016,2.134,m,FIX,2024-04-24 17:38:38.2 UTC-06:00,2024-04-24 17:38:41.2 UTC-06:00,16,1.3,466230.562,4312045.499,2471.539,-105.38974647,38.95671560,2457.547,66.625,NAD83(2011) / UTM zone 13N + NAVD88(GEOID18) height
211,,466216.213,4311981.986,2455.388,,-105.38990893,38.95614272,2441.396,Global,0.010,0.012,0.011,0.016,2.134,m,FIX,2024-04-24 17:38:55.0 UTC-06:00,2024-04-24 17:38:58.0 UTC-06:00,16,1.4,466230.562,4312045.499,2471.539,-105.38974647,38.95671560,2457.547,66.645,NAD83(2011) / UTM zone 13N + NAVD88(GEOID18) height
212,,466216.021,4311981.971,2455.356,,-105.38991115,38.95614258,2441.364,Global,0.010,0.011,0.012,0.015,2.134,m,FIX,2024-04-24 17:39:11.4 UTC-06:00,2024-04-24 17:39:14.4 UTC-06:00,16,1.4,466230.562,4312045.499,2471.539,-105.38974647,38.95671560,2457.547,66.710,NAD83(2011) / UTM zone 13N + NAVD88(GEOID18) height
213,,466215.788,4311981.950,2455.345,,-105.38991384,38.95614238,2441.353,Global,0.011,0.011,0.011,0.016,2.134,m,FIX,2024-04-24 17:39:29.8 UTC-06:00,2024-04-24 17:39:32.8 UTC-06:00,16,1.4,466230.562,4312045.499,2471.539,-105.38974647,38.95671560,2457.547,66.786,NAD83(2011) / UTM zone 13N + NAVD88(GEOID18) height
214,,466215.616,4311981.944,2455.362,,-105.38991583,38.95614232,2441.370,Global,0.010,0.011,0.011,0.015,2.134,m,FIX,2024-04-24 17:39:50.0 UTC-06:00,2024-04-24 17:39:53.0 UTC-06:00,16,1.4,466230.562,4312045.499,2471.539,-105.38974647,38.95671560,2457.547,66.830,NAD83(2011) / UTM zone 13N + NAVD88(GEOID18) height
215,,466215.408,4311981.931,2455.238,,-105.38991822,38.95614219,2441.246,Global,0.011,0.010,0.013,0.015,2.134,m,FIX,2024-04-24 17:40:06.8 UTC-06:00,2024-04-24 17:40:09.8 UTC-06:00,16,1.4,466230.562,4312045.499,2471.539,-105.38974647,38.95671560,2457.547,66.914,NAD83(2011) / UTM zone 13N + NAVD88(GEOID18) height
216,,466215.227,4311981.873,2455.670,,-105.38992031,38.95614166,2441.678,Global,0.011,0.011,0.010,0.015,2.134,m,FIX,2024-04-24 17:40:49.2 UTC-06:00,2024-04-24 17:40:52.2 UTC-06:00,16,1.3,466230.562,4312045.499,2471.539,-105.38974647,38.95671560,2457.547,66.923,NAD83(2011) / UTM zone 13N + NAVD88(GEOID18) height
217,,466215.056,4311981.842,2455.891,,-105.38992228,38.95614138,2441.899,Global,0.012,0.011,0.011,0.016,2.134,m,FIX,2024-04-24 17:41:42.4 UTC-06:00,2024-04-24 17:41:45.4 UTC-06:00,16,1.3,466230.562,4312045.499,2471.539,-105.38974647,38.95671560,2457.547,66.955,NAD83(2011) / UTM zone 13N + NAVD88(GEOID18) height
218,,466214.833,4311981.832,2455.869,,-105.38992486,38.95614128,2441.877,Global,0.013,0.015,0.012,0.020,2.134,m,FIX,2024-04-24 17:42:12.2 UTC-06:00,2024-04-24 17:42:15.2 UTC-06:00,16,1.3,466230.562,4312045.499,2471.539,-105.38974647,38.95671560,2457.547,67.016,NAD83(2011) / UTM zone 13N + NAVD88(GEOID18) height
219,,466214.626,4311981.881,2455.280,,-105.38992725,38.95614171,2441.288,Global,0.011,0.011,0.011,0.015,2.134,m,FIX,2024-04-24 17:42:35.0 UTC-06:00,2024-04-24 17:42:38.0 UTC-06:00,16,1.3,466230.562,4312045.499,2471.539,-105.38974647,38.95671560,2457.547,67.138,NAD83(2011) / UTM zone 13N + NAVD88(GEOID18) height
220,,466214.416,4311981.844,2455.330,,-105.38992967,38.95614137,2441.338,Global,0.011,0.011,0.012,0.016,2.134,m,FIX,2024-04-24 17:42:54.2 UTC-06:00,2024-04-24 17:42:57.2 UTC-06:00,16,1.3,466230.562,4312045.499,2471.539,-105.38974647,38.95671560,2457.547,67.213,NAD83(2011) / UTM zone 13N + NAVD88(GEOID18) height
221,,466214.233,4311981.823,2455.352,,-105.38993178,38.95614117,2441.360,Global,0.010,0.011,0.010,0.015,2.134,m,FIX,2024-04-24 17:43:13.8 UTC-06:00,2024-04-24 17:43:16.8 UTC-06:00,16,1.3,466230.562,4312045.499,2471.539,-105.38974647,38.95671560,2457.547,67.277,NAD83(2011) / UTM zone 13N + NAVD88(GEOID18) height
222,,466214.033,4311981.770,2455.363,,-105.38993409,38.95614068,2441.371,Global,0.010,0.011,0.011,0.015,2.134,m,FIX,2024-04-24 17:43:30.2 UTC-06:00,2024-04-24 17:43:33.2 UTC-06:00,16,1.4,466230.562,4312045.499,2471.539,-105.38974647,38.95671560,2457.547,67.369,NAD83(2011) / UTM zone 13N + NAVD88(GEOID18) height
223,,466213.791,4311981.736,2455.348,,-105.38993688,38.95614037,2441.356,Global,0.010,0.010,0.010,0.015,2.134,m,FIX,2024-04-24 17:43:50.2 UTC-06:00,2024-04-24 17:43:53.2 UTC-06:00,16,1.4,466230.562,4312045.499,2471.539,-105.38974647,38.95671560,2457.547,67.460,NAD83(2011) / UTM zone 13N + NAVD88(GEOID18) height
224,,466213.627,4311981.716,2455.371,,-105.38993877,38.95614018,2441.379,Global,0.010,0.011,0.011,0.015,2.134,m,FIX,2024-04-24 17:44:13.2 UTC-06:00,2024-04-24 17:44:16.2 UTC-06:00,16,1.4,466230.562,4312045.499,2471.539,-105.38974647,38.95671560,2457.547,67.508,NAD83(2011) / UTM zone 13N + NAVD88(GEOID18) height
225,,466213.464,4311981.653,2455.372,,-105.38994065,38.95613961,2441.380,Global,0.010,0.011,0.011,0.015,2.134,m,FIX,2024-04-24 17:44:30.8 UTC-06:00,2024-04-24 17:44:33.8 UTC-06:00,16,1.4,466230.562,4312045.499,2471.539,-105.38974647,38.95671560,2457.547,67.616,NAD83(2011) / UTM zone 13N + NAVD88(GEOID18) height
226,,466213.263,4311981.631,2455.354,,-105.38994296,38.95613940,2441.362,Global,0.010,0.011,0.011,0.015,2.134,m,FIX,2024-04-24 17:44:51.8 UTC-06:00,2024-04-24 17:44:54.8 UTC-06:00,16,1.3,466230.562,4312045.499,2471.539,-105.38974647,38.95671560,2457.547,67.701,NAD83(2011) / UTM zone 13N + NAVD88(GEOID18) height
227,,466213.054,4311981.511,2455.299,,-105.38994537,38.95613831,2441.306,Global,0.010,0.011,0.011,0.015,2.134,m,FIX,2024-04-24 17:45:20.8 UTC-06:00,2024-04-24 17:45:23.8 UTC-06:00,16,1.4,466230.562,4312045.499,2471.539,-105.38974647,38.95671560,2457.547,67.877,NAD83(2011) / UTM zone 13N + NAVD88(GEOID18) height
228,,466212.872,4311981.499,2455.267,,-105.38994748,38.95613820,2441.274,Global,0.010,0.010,0.011,0.015,2.134,m,FIX,2024-04-24 17:45:40.8 UTC-06:00,2024-04-24 17:45:43.8 UTC-06:00,16,1.3,466230.562,4312045.499,2471.539,-105.38974647,38.95671560,2457.547,67.941,NAD83(2011) / UTM zone 13N + NAVD88(GEOID18) height
229,,466212.675,4311981.438,2455.250,,-105.38994974,38.95613765,2441.258,Global,0.011,0.011,0.011,0.015,2.134,m,FIX,2024-04-24 17:46:00.0 UTC-06:00,2024-04-24 17:46:03.0 UTC-06:00,16,1.3,466230.562,4312045.499,2471.539,-105.38974647,38.95671560,2457.547,68.043,NAD83(2011) / UTM zone 13N + NAVD88(GEOID18) height
230,,466212.457,4311981.357,2455.259,,-105.38995225,38.95613690,2441.267,Global,0.010,0.011,0.013,0.015,2.134,m,FIX,2024-04-24 17:46:31.8 UTC-06:00,2024-04-24 17:46:34.8 UTC-06:00,16,1.4,466230.562,4312045.499,2471.539,-105.38974647,38.95671560,2457.547,68.182,NAD83(2011) / UTM zone 13N + NAVD88(GEOID18) height
231,,466212.293,4311981.333,2455.277,,-105.38995415,38.95613669,2441.285,Global,0.010,0.011,0.011,0.015,2.134,m,FIX,2024-04-24 17:46:53.6 UTC-06:00,2024-04-24 17:46:56.6 UTC-06:00,16,1.4,466230.562,4312045.499,2471.539,-105.38974647,38.95671560,2457.547,68.252,NAD83(2011) / UTM zone 13N + NAVD88(GEOID18) height
232,,466212.094,4311981.341,2455.234,,-105.38995644,38.95613675,2441.242,Global,0.010,0.010,0.011,0.015,2.134,m,FIX,2024-04-24 17:47:10.4 UTC-06:00,2024-04-24 17:47:13.4 UTC-06:00,16,1.4,466230.562,4312045.499,2471.539,-105.38974647,38.95671560,2457.547,68.304,NAD83(2011) / UTM zone 13N + NAVD88(GEOID18) height
233,,466211.909,4311981.307,2455.243,,-105.38995857,38.95613643,2441.251,Global,0.010,0.011,0.012,0.016,2.134,m,FIX,2024-04-24 17:47:30.8 UTC-06:00,2024-04-24 17:47:33.8 UTC-06:00,16,1.3,466230.562,4312045.499,2471.539,-105.38974647,38.95671560,2457.547,68.390,NAD83(2011) / UTM zone 13N + NAVD88(GEOID18) height
234,,466211.725,4311981.260,2455.219,,-105.38996069,38.95613600,2441.227,Global,0.011,0.010,0.011,0.015,2.134,m,FIX,2024-04-24 17:47:51.4 UTC-06:00,2024-04-24 17:47:54.4 UTC-06:00,16,1.3,466230.562,4312045.499,2471.539,-105.38974647,38.95671560,2457.547,68.480,NAD83(2011) / UTM zone 13N + NAVD88(GEOID18) height
235,,466211.484,4311981.225,2455.218,,-105.38996347,38.95613567,2441.225,Global,0.010,0.010,0.011,0.015,2.134,m,FIX,2024-04-24 17:48:14.0 UTC-06:00,2024-04-24 17:48:17.0 UTC-06:00,16,1.3,466230.562,4312045.499,2471.539,-105.38974647,38.95671560,2457.547,68.581,NAD83(2011) / UTM zone 13N + NAVD88(GEOID18) height
236,,466211.305,4311981.207,2455.254,,-105.38996554,38.95613551,2441.262,Global,0.011,0.014,0.011,0.018,2.134,m,FIX,2024-04-24 17:48:41.0 UTC-06:00,2024-04-24 17:48:44.0 UTC-06:00,16,1.4,466230.562,4312045.499,2471.539,-105.38974647,38.95671560,2457.547,68.646,NAD83(2011) / UTM zone 13N + NAVD88(GEOID18) height
237,,466211.351,4311981.175,2455.274,,-105.38996501,38.95613523,2441.282,Global,0.011,0.010,0.012,0.015,2.134,m,FIX,2024-04-24 17:49:13.4 UTC-06:00,2024-04-24 17:49:16.4 UTC-06:00,16,1.4,466230.562,4312045.499,2471.539,-105.38974647,38.95671560,2457.547,68.657,NAD83(2011) / UTM zone 13N + NAVD88(GEOID18) height
238,,466211.070,4311981.160,2455.312,,-105.38996825,38.95613507,2441.320,Global,0.011,0.011,0.011,0.015,2.134,m,FIX,2024-04-24 17:49:39.0 UTC-06:00,2024-04-24 17:49:42.0 UTC-06:00,16,1.4,466230.562,4312045.499,2471.539,-105.38974647,38.95671560,2457.547,68.749,NAD83(2011) / UTM zone 13N + NAVD88(GEOID18) height
239,,466210.892,4311981.133,2455.315,,-105.38997030,38.95613482,2441.323,Global,0.011,0.011,0.010,0.015,2.134,m,FIX,2024-04-24 17:49:56.6 UTC-06:00,2024-04-24 17:49:59.6 UTC-06:00,16,1.3,466230.562,4312045.499,2471.539,-105.38974647,38.95671560,2457.547,68.810,NAD83(2011) / UTM zone 13N + NAVD88(GEOID18) height
240,,466210.693,4311981.176,2455.390,,-105.38997260,38.95613520,2441.397,Global,0.010,0.010,0.011,0.014,2.134,m,FIX,2024-04-24 17:50:23.8 UTC-06:00,2024-04-24 17:50:26.8 UTC-06:00,16,1.2,466230.562,4312045.499,2471.539,-105.38974647,38.95671560,2457.547,68.815,NAD83(2011) / UTM zone 13N + NAVD88(GEOID18) height
241,,466210.534,4311981.119,2455.419,,-105.38997444,38.95613469,2441.427,Global,0.011,0.011,0.011,0.016,2.134,m,FIX,2024-04-24 17:50:45.4 UTC-06:00,2024-04-24 17:50:48.4 UTC-06:00,16,1.2,466230.562,4312045.499,2471.539,-105.38974647,38.95671560,2457.547,68.907,NAD83(2011) / UTM zone 13N + NAVD88(GEOID18) height
242,,466210.335,4311981.111,2455.440,,-105.38997673,38.95613460,2441.448,Global,0.011,0.010,0.011,0.015,2.134,m,FIX,2024-04-24 17:51:06.0 UTC-06:00,2024-04-24 17:51:09.0 UTC-06:00,16,1.3,466230.562,4312045.499,2471.539,-105.38974647,38.95671560,2457.547,68.968,NAD83(2011) / UTM zone 13N + NAVD88(GEOID18) height
243,,466210.134,4311981.157,2455.452,,-105.38997905,38.95613501,2441.460,Global,0.010,0.010,0.011,0.015,2.134,m,FIX,2024-04-24 17:51:24.8 UTC-06:00,2024-04-24 17:51:27.8 UTC-06:00,16,1.2,466230.562,4312045.499,2471.539,-105.38974647,38.95671560,2457.547,68.986,NAD83(2011) / UTM zone 13N + NAVD88(GEOID18) height
244,,466209.891,4311981.101,2455.510,,-105.38998185,38.95613450,2441.518,Global,0.011,0.010,0.011,0.015,2.134,m,FIX,2024-04-24 17:51:45.4 UTC-06:00,2024-04-24 17:51:48.4 UTC-06:00,16,1.2,466230.562,4312045.499,2471.539,-105.38974647,38.95671560,2457.547,69.093,NAD83(2011) / UTM zone 13N + NAVD88(GEOID18) height
245,,466209.843,4311981.094,2455.677,,-105.38998240,38.95613443,2441.685,Global,0.013,0.012,0.012,0.018,2.134,m,FIX,2024-04-24 17:52:08.8 UTC-06:00,2024-04-24 17:52:11.8 UTC-06:00,16,1.2,466230.562,4312045.499,2471.539,-105.38974647,38.95671560,2457.547,69.097,NAD83(2011) / UTM zone 13N + NAVD88(GEOID18) height
246,,466209.665,4311981.191,2455.940,,-105.38998447,38.95613530,2441.948,Global,0.010,0.011,0.010,0.015,2.134,m,FIX,2024-04-24 17:52:56.6 UTC-06:00,2024-04-24 17:52:59.6 UTC-06:00,16,1.2,466230.562,4312045.499,2471.539,-105.38974647,38.95671560,2457.547,68.993,NAD83(2011) / UTM zone 13N + NAVD88(GEOID18) height
247,,466209.476,4311981.180,2456.103,,-105.38998665,38.95613519,2442.111,Global,0.011,0.010,0.011,0.015,2.134,m,FIX,2024-04-24 17:53:27.0 UTC-06:00,2024-04-24 17:53:30.0 UTC-06:00,16,1.2,466230.562,4312045.499,2471.539,-105.38974647,38.95671560,2457.547,69.037,NAD83(2011) / UTM zone 13N + NAVD88(GEOID18) height
248,,466209.332,4311981.144,2456.153,,-105.38998831,38.95613487,2442.161,Global,0.010,0.010,0.010,0.015,2.134,m,FIX,2024-04-24 17:53:49.4 UTC-06:00,2024-04-24 17:53:52.4 UTC-06:00,16,1.2,466230.562,4312045.499,2471.539,-105.38974647,38.95671560,2457.547,69.101,NAD83(2011) / UTM zone 13N + NAVD88(GEOID18) height
249,,466209.120,4311981.110,2456.156,,-105.38999076,38.95613455,2442.164,Global,0.011,0.011,0.010,0.015,2.134,m,FIX,2024-04-24 17:54:13.2 UTC-06:00,2024-04-24 17:54:16.2 UTC-06:00,16,1.2,466230.562,4312045.499,2471.539,-105.38974647,38.95671560,2457.547,69.199,NAD83(2011) / UTM zone 13N + NAVD88(GEOID18) height
250,,466208.931,4311981.076,2456.137,,-105.38999293,38.95613423,2442.145,Global,0.011,0.011,0.011,0.016,2.134,m,FIX,2024-04-24 17:54:32.8 UTC-06:00,2024-04-24 17:54:35.8 UTC-06:00,16,1.2,466230.562,4312045.499,2471.539,-105.38974647,38.95671560,2457.547,69.301,NAD83(2011) / UTM zone 13N + NAVD88(GEOID18) height
251,,466208.734,4311981.039,2456.107,,-105.38999521,38.95613389,2442.115,Global,0.010,0.011,0.011,0.015,2.134,m,FIX,2024-04-24 17:54:54.2 UTC-06:00,2024-04-24 17:54:57.2 UTC-06:00,16,1.2,466230.562,4312045.499,2471.539,-105.38974647,38.95671560,2457.547,69.386,NAD83(2011) / UTM zone 13N + NAVD88(GEOID18) height
252,,466208.540,4311980.990,2456.118,,-105.38999745,38.95613345,2442.126,Global,0.010,0.011,0.011,0.015,2.134,m,FIX,2024-04-24 17:55:13.0 UTC-06:00,2024-04-24 17:55:16.0 UTC-06:00,16,1.2,466230.562,4312045.499,2471.539,-105.38974647,38.95671560,2457.547,69.503,NAD83(2011) / UTM zone 13N + NAVD88(GEOID18) height
253,,466208.347,4311980.949,2456.133,,-105.38999967,38.95613307,2442.141,Global,0.010,0.011,0.010,0.015,2.134,m,FIX,2024-04-24 17:55:29.4 UTC-06:00,2024-04-24 17:55:32.4 UTC-06:00,16,1.2,466230.562,4312045.499,2471.539,-105.38974647,38.95671560,2457.547,69.599,NAD83(2011) / UTM zone 13N + NAVD88(GEOID18) height
254,,466208.176,4311980.930,2456.059,,-105.39000164,38.95613290,2442.067,Global,0.011,0.011,0.012,0.015,2.134,m,FIX,2024-04-24 17:55:50.6 UTC-06:00,2024-04-24 17:55:53.6 UTC-06:00,16,1.2,466230.562,4312045.499,2471.539,-105.38974647,38.95671560,2457.547,69.675,NAD83(2011) / UTM zone 13N + NAVD88(GEOID18) height
255,,466207.948,4311980.898,2455.978,,-105.39000427,38.95613260,2441.986,Global,0.010,0.011,0.010,0.015,2.134,m,FIX,2024-04-24 17:56:15.8 UTC-06:00,2024-04-24 17:56:18.8 UTC-06:00,16,1.2,466230.562,4312045.499,2471.539,-105.38974647,38.95671560,2457.547,69.796,NAD83(2011) / UTM zone 13N + NAVD88(GEOID18) height
256,,466207.736,4311980.855,2455.868,,-105.39000671,38.95613220,2441.876,Global,0.011,0.010,0.010,0.015,2.134,m,FIX,2024-04-24 17:56:38.2 UTC-06:00,2024-04-24 17:56:41.2 UTC-06:00,16,1.2,466230.562,4312045.499,2471.539,-105.38974647,38.95671560,2457.547,69.927,NAD83(2011) / UTM zone 13N + NAVD88(GEOID18) height
257,,466207.549,4311980.839,2455.754,,-105.39000887,38.95613205,2441.762,Global,0.010,0.011,0.011,0.015,2.134,m,FIX,2024-04-24 17:56:58.2 UTC-06:00,2024-04-24 17:57:01.2 UTC-06:00,16,1.2,466230.562,4312045.499,2471.539,-105.38974647,38.95671560,2457.547,70.030,NAD83(2011) / UTM zone 13N + NAVD88(GEOID18) height
258,,466207.348,4311980.789,2455.709,,-105.39001119,38.95613159,2441.717,Global,0.010,0.010,0.011,0.015,2.134,m,FIX,2024-04-24 17:57:17.6 UTC-06:00,2024-04-24 17:57:20.6 UTC-06:00,16,1.2,466230.562,4312045.499,2471.539,-105.38974647,38.95671560,2457.547,70.153,NAD83(2011) / UTM zone 13N + NAVD88(GEOID18) height
259,,466207.152,4311980.748,2455.662,,-105.39001344,38.95613121,2441.670,Global,0.011,0.010,0.010,0.015,2.134,m,FIX,2024-04-24 17:57:34.4 UTC-06:00,2024-04-24 17:57:37.4 UTC-06:00,16,1.2,466230.562,4312045.499,2471.539,-105.38974647,38.95671560,2457.547,70.267,NAD83(2011) / UTM zone 13N + NAVD88(GEOID18) height
260,,466206.969,4311980.677,2455.668,,-105.39001556,38.95613056,2441.676,Global,0.012,0.010,0.010,0.015,2.134,m,FIX,2024-04-24 17:57:49.4 UTC-06:00,2024-04-24 17:57:52.4 UTC-06:00,16,1.2,466230.562,4312045.499,2471.539,-105.38974647,38.95671560,2457.547,70.387,NAD83(2011) / UTM zone 13N + NAVD88(GEOID18) height
261,,466206.777,4311980.650,2455.688,,-105.39001777,38.95613031,2441.696,Global,0.010,0.012,0.011,0.016,2.134,m,FIX,2024-04-24 17:58:04.6 UTC-06:00,2024-04-24 17:58:07.6 UTC-06:00,16,1.2,466230.562,4312045.499,2471.539,-105.38974647,38.95671560,2457.547,70.483,NAD83(2011) / UTM zone 13N + NAVD88(GEOID18) height
262,,466206.584,4311980.603,2455.747,,-105.39002000,38.95612988,2441.755,Global,0.010,0.010,0.010,0.015,2.134,m,FIX,2024-04-24 17:58:20.0 UTC-06:00,2024-04-24 17:58:23.0 UTC-06:00,16,1.2,466230.562,4312045.499,2471.539,-105.38974647,38.95671560,2457.547,70.576,NAD83(2011) / UTM zone 13N + NAVD88(GEOID18) height
263,,466206.361,4311980.554,2455.752,,-105.39002257,38.95612944,2441.760,Global,0.010,0.010,0.011,0.015,2.134,m,FIX,2024-04-24 17:58:36.0 UTC-06:00,2024-04-24 17:58:39.0 UTC-06:00,16,1.2,466230.562,4312045.499,2471.539,-105.38974647,38.95671560,2457.547,70.688,NAD83(2011) / UTM zone 13N + NAVD88(GEOID18) height
264,,466206.164,4311980.542,2455.726,,-105.39002484,38.95612932,2441.734,Global,0.010,0.010,0.010,0.014,2.134,m,FIX,2024-04-24 17:58:51.8 UTC-06:00,2024-04-24 17:58:54.8 UTC-06:00,16,1.2,466230.562,4312045.499,2471.539,-105.38974647,38.95671560,2457.547,70.769,NAD83(2011) / UTM zone 13N + NAVD88(GEOID18) height
265,,466205.980,4311980.512,2455.720,,-105.39002697,38.95612904,2441.728,Global,0.010,0.011,0.010,0.015,2.134,m,FIX,2024-04-24 17:59:07.8 UTC-06:00,2024-04-24 17:59:10.8 UTC-06:00,16,1.2,466230.562,4312045.499,2471.539,-105.38974647,38.95671560,2457.547,70.865,NAD83(2011) / UTM zone 13N + NAVD88(GEOID18) height
266,,466205.744,4311980.493,2455.789,,-105.39002969,38.95612886,2441.797,Global,0.010,0.011,0.011,0.015,2.134,m,FIX,2024-04-24 17:59:26.0 UTC-06:00,2024-04-24 17:59:29.0 UTC-06:00,16,1.2,466230.562,4312045.499,2471.539,-105.38974647,38.95671560,2457.547,70.949,NAD83(2011) / UTM zone 13N + NAVD88(GEOID18) height
267,,466205.585,4311980.439,2455.838,,-105.39003152,38.95612837,2441.846,Global,0.011,0.010,0.010,0.015,2.134,m,FIX,2024-04-24 17:59:50.6 UTC-06:00,2024-04-24 17:59:53.6 UTC-06:00,16,1.3,466230.562,4312045.499,2471.539,-105.38974647,38.95671560,2457.547,71.057,NAD83(2011) / UTM zone 13N + NAVD88(GEOID18) height
268,,466205.389,4311980.405,2455.874,,-105.39003378,38.95612806,2441.882,Global,0.011,0.010,0.010,0.015,2.134,m,FIX,2024-04-24 18:00:12.8 UTC-06:00,2024-04-24 18:00:15.8 UTC-06:00,16,1.2,466230.562,4312045.499,2471.539,-105.38974647,38.95671560,2457.547,71.145,NAD83(2011) / UTM zone 13N + NAVD88(GEOID18) height
269,,466205.167,4311980.403,2455.890,,-105.39003635,38.95612803,2441.898,Global,0.010,0.010,0.011,0.015,2.134,m,FIX,2024-04-24 18:00:34.2 UTC-06:00,2024-04-24 18:00:37.2 UTC-06:00,16,1.2,466230.562,4312045.499,2471.539,-105.38974647,38.95671560,2457.547,71.222,NAD83(2011) / UTM zone 13N + NAVD88(GEOID18) height
270,,466204.984,4311980.342,2455.899,,-105.39003845,38.95612747,2441.907,Global,0.011,0.011,0.010,0.015,2.134,m,FIX,2024-04-24 18:00:52.2 UTC-06:00,2024-04-24 18:00:55.2 UTC-06:00,16,1.2,466230.562,4312045.499,2471.539,-105.38974647,38.95671560,2457.547,71.338,NAD83(2011) / UTM zone 13N + NAVD88(GEOID18) height
271,,466204.786,4311980.363,2455.961,,-105.39004073,38.95612765,2441.969,Global,0.011,0.010,0.013,0.015,2.134,m,FIX,2024-04-24 18:01:11.8 UTC-06:00,2024-04-24 18:01:14.8 UTC-06:00,16,1.3,466230.562,4312045.499,2471.539,-105.38974647,38.95671560,2457.547,71.381,NAD83(2011) / UTM zone 13N + NAVD88(GEOID18) height
272,,466204.607,4311980.274,2456.206,,-105.39004279,38.95612685,2442.214,Global,0.011,0.011,0.013,0.015,2.134,m,FIX,2024-04-24 18:01:35.2 UTC-06:00,2024-04-24 18:01:38.2 UTC-06:00,16,1.2,466230.562,4312045.499,2471.539,-105.38974647,38.95671560,2457.547,71.482,NAD83(2011) / UTM zone 13N + NAVD88(GEOID18) height
273,,466204.424,4311980.250,2456.233,,-105.39004491,38.95612662,2442.241,Global,0.010,0.010,0.015,0.015,2.134,m,FIX,2024-04-24 18:01:57.8 UTC-06:00,2024-04-24 18:02:00.8 UTC-06:00,16,1.3,466230.562,4312045.499,2471.539,-105.38974647,38.95671560,2457.547,71.563,NAD83(2011) / UTM zone 13N + NAVD88(GEOID18) height
274,,466204.240,4311980.209,2456.314,,-105.39004703,38.95612624,2442.322,Global,0.011,0.011,0.014,0.016,2.134,m,FIX,2024-04-24 18:02:26.8 UTC-06:00,2024-04-24 18:02:29.8 UTC-06:00,16,1.3,466230.562,4312045.499,2471.539,-105.38974647,38.95671560,2457.547,71.665,NAD83(2011) / UTM zone 13N + NAVD88(GEOID18) height
275,,466204.037,4311980.172,2456.316,,-105.39004938,38.95612590,2442.324,Global,0.012,0.010,0.012,0.016,2.134,m,FIX,2024-04-24 18:03:06.4 UTC-06:00,2024-04-24 18:03:09.4 UTC-06:00,16,1.2,466230.562,4312045.499,2471.539,-105.38974647,38.95671560,2457.547,71.764,NAD83(2011) / UTM zone 13N + NAVD88(GEOID18) height
276,,466204.046,4311980.219,2456.697,,-105.39004927,38.95612633,2442.705,Global,0.013,0.011,0.014,0.017,2.134,m,FIX,2024-04-24 18:04:09.2 UTC-06:00,2024-04-24 18:04:12.2 UTC-06:00,16,1.3,466230.562,4312045.499,2471.539,-105.38974647,38.95671560,2457.547,71.646,NAD83(2011) / UTM zone 13N + NAVD88(GEOID18) height
277,,466204.043,4311980.002,2456.317,,-105.39004930,38.95612437,2442.324,Global,0.012,0.011,0.014,0.016,2.134,m,FIX,2024-04-24 18:04:31.0 UTC-06:00,2024-04-24 18:04:34.0 UTC-06:00,16,1.3,466230.562,4312045.499,2471.539,-105.38974647,38.95671560,2457.547,71.910,NAD83(2011) / UTM zone 13N + NAVD88(GEOID18) height
278,,466203.784,4311980.126,2456.360,,-105.39005229,38.95612547,2442.368,Global,0.014,0.013,0.015,0.019,2.134,m,FIX,2024-04-24 18:04:52.0 UTC-06:00,2024-04-24 18:04:55.0 UTC-06:00,16,1.3,466230.562,4312045.499,2471.539,-105.38974647,38.95671560,2457.547,71.893,NAD83(2011) / UTM zone 13N + NAVD88(GEOID18) height
279,,466203.973,4311980.461,2456.336,,-105.39005012,38.95612850,2442.344,Global,0.014,0.011,0.010,0.018,2.134,m,FIX,2024-04-24 18:05:12.2 UTC-06:00,2024-04-24 18:05:15.2 UTC-06:00,16,1.3,466230.562,4312045.499,2471.539,-105.38974647,38.95671560,2457.547,71.521,NAD83(2011) / UTM zone 13N + NAVD88(GEOID18) height
280,,466204.038,4311980.224,2456.694,,-105.39004937,38.95612637,2442.702,Global,0.010,0.012,0.011,0.016,2.134,m,FIX,2024-04-24 18:05:36.4 UTC-06:00,2024-04-24 18:05:39.4 UTC-06:00,16,1.3,466230.562,4312045.499,2471.539,-105.38974647,38.95671560,2457.547,71.646,NAD83(2011) / UTM zone 13N + NAVD88(GEOID18) height
281,,466242.531,4311870.885,2457.953,,-105.38959971,38.95514257,2443.959,Global,0.011,0.010,0.014,0.015,2.134,m,FIX,2024-04-24 18:47:30.4 UTC-06:00,2024-04-24 18:47:33.4 UTC-06:00,16,1.9,466230.562,4312045.499,2471.539,-105.38974647,38.95671560,2457.547,175.532,NAD83(2011) / UTM zone 13N + NAVD88(GEOID18) height
282,,466242.526,4311870.697,2457.876,,-105.38959977,38.95514088,2443.882,Global,0.011,0.011,0.010,0.016,2.134,m,FIX,2024-04-24 18:47:52.4 UTC-06:00,2024-04-24 18:47:55.4 UTC-06:00,16,1.9,466230.562,4312045.499,2471.539,-105.38974647,38.95671560,2457.547,175.723,NAD83(2011) / UTM zone 13N + NAVD88(GEOID18) height
283,,466242.711,4311870.891,2457.948,,-105.38959764,38.95514264,2443.954,Global,0.011,0.010,0.011,0.015,2.134,m,FIX,2024-04-24 18:48:07.4 UTC-06:00,2024-04-24 18:48:10.4 UTC-06:00,16,1.9,466230.562,4312045.499,2471.539,-105.38974647,38.95671560,2457.547,175.538,NAD83(2011) / UTM zone 13N + NAVD88(GEOID18) height
284,,466242.598,4311871.105,2457.903,,-105.38959896,38.95514456,2443.909,Global,0.010,0.010,0.011,0.015,2.134,m,FIX,2024-04-24 18:48:26.4 UTC-06:00,2024-04-24 18:48:29.4 UTC-06:00,16,1.9,466230.562,4312045.499,2471.539,-105.38974647,38.95671560,2457.547,175.325,NAD83(2011) / UTM zone 13N + NAVD88(GEOID18) height
285,,466242.534,4311870.877,2457.960,,-105.38959968,38.95514250,2443.966,Global,0.011,0.011,0.012,0.016,2.134,m,FIX,2024-04-24 18:48:44.8 UTC-06:00,2024-04-24 18:48:47.8 UTC-06:00,16,1.9,466230.562,4312045.499,2471.539,-105.38974647,38.95671560,2457.547,175.531,NAD83(2011) / UTM zone 13N + NAVD88(GEOID18) height
286,,466242.302,4311870.904,2457.831,,-105.38960236,38.95514274,2443.838,Global,0.011,0.013,0.022,0.016,2.134,m,FIX,2024-04-24 18:49:15.8 UTC-06:00,2024-04-24 18:49:18.8 UTC-06:00,16,1.8,466230.562,4312045.499,2471.539,-105.38974647,38.95671560,2457.547,175.515,NAD83(2011) / UTM zone 13N + NAVD88(GEOID18) height
287,,466242.102,4311870.913,2457.755,,-105.38960467,38.95514281,2443.761,Global,0.013,0.010,0.019,0.017,2.134,m,FIX,2024-04-24 18:49:34.2 UTC-06:00,2024-04-24 18:49:37.2 UTC-06:00,16,1.9,466230.562,4312045.499,2471.539,-105.38974647,38.95671560,2457.547,175.488,NAD83(2011) / UTM zone 13N + NAVD88(GEOID18) height
288,,466241.888,4311870.922,2457.729,,-105.38960714,38.95514289,2443.735,Global,0.011,0.011,0.012,0.015,2.134,m,FIX,2024-04-24 18:49:53.2 UTC-06:00,2024-04-24 18:49:56.2 UTC-06:00,16,1.9,466230.562,4312045.499,2471.539,-105.38974647,38.95671560,2457.547,175.463,NAD83(2011) / UTM zone 13N + NAVD88(GEOID18) height
289,,466241.685,4311870.939,2457.676,,-105.38960949,38.95514303,2443.682,Global,0.010,0.010,0.012,0.015,2.134,m,FIX,2024-04-24 18:50:08.0 UTC-06:00,2024-04-24 18:50:11.0 UTC-06:00,16,1.9,466230.562,4312045.499,2471.539,-105.38974647,38.95671560,2457.547,175.442,NAD83(2011) / UTM zone 13N + NAVD88(GEOID18) height
290,,466241.481,4311870.971,2457.614,,-105.38961184,38.95514331,2443.620,Global,0.011,0.010,0.010,0.015,2.134,m,FIX,2024-04-24 18:50:28.4 UTC-06:00,2024-04-24 18:50:31.4 UTC-06:00,16,1.9,466230.562,4312045.499,2471.539,-105.38974647,38.95671560,2457.547,175.397,NAD83(2011) / UTM zone 13N + NAVD88(GEOID18) height
291,,466241.274,4311871.007,2457.599,,-105.38961423,38.95514363,2443.605,Global,0.011,0.010,0.011,0.015,2.134,m,FIX,2024-04-24 18:50:45.0 UTC-06:00,2024-04-24 18:50:48.0 UTC-06:00,16,1.9,466230.562,4312045.499,2471.539,-105.38974647,38.95671560,2457.547,175.353,NAD83(2011) / UTM zone 13N + NAVD88(GEOID18) height
292,,466241.114,4311871.002,2457.592,,-105.38961608,38.95514358,2443.598,Global,0.011,0.010,0.010,0.015,2.134,m,FIX,2024-04-24 18:51:01.6 UTC-06:00,2024-04-24 18:51:04.6 UTC-06:00,16,1.9,466230.562,4312045.499,2471.539,-105.38974647,38.95671560,2457.547,175.350,NAD83(2011) / UTM zone 13N + NAVD88(GEOID18) height
293,,466240.904,4311871.006,2457.544,,-105.38961850,38.95514360,2443.550,Global,0.011,0.011,0.011,0.016,2.134,m,FIX,2024-04-24 18:51:19.8 UTC-06:00,2024-04-24 18:51:22.8 UTC-06:00,16,1.9,466230.562,4312045.499,2471.539,-105.38974647,38.95671560,2457.547,175.337,NAD83(2011) / UTM zone 13N + NAVD88(GEOID18) height
294,,466240.707,4311871.014,2457.460,,-105.38962077,38.95514367,2443.466,Global,0.010,0.010,0.011,0.015,2.134,m,FIX,2024-04-24 18:51:36.0 UTC-06:00,2024-04-24 18:51:39.0 UTC-06:00,16,1.9,466230.562,4312045.499,2471.539,-105.38974647,38.95671560,2457.547,175.325,NAD83(2011) / UTM zone 13N + NAVD88(GEOID18) height
295,,466240.492,4311871.053,2456.975,,-105.38962326,38.95514401,2442.981,Global,0.010,0.010,0.011,0.015,2.134,m,FIX,2024-04-24 18:52:03.6 UTC-06:00,2024-04-24 18:52:06.6 UTC-06:00,16,1.8,466230.562,4312045.499,2471.539,-105.38974647,38.95671560,2457.547,175.305,NAD83(2011) / UTM zone 13N + NAVD88(GEOID18) height
296,,466240.339,4311871.045,2456.987,,-105.38962502,38.95514393,2442.993,Global,0.010,0.010,0.010,0.015,2.134,m,FIX,2024-04-24 18:52:25.4 UTC-06:00,2024-04-24 18:52:28.4 UTC-06:00,16,1.8,466230.562,4312045.499,2471.539,-105.38974647,38.95671560,2457.547,175.307,NAD83(2011) / UTM zone 13N + NAVD88(GEOID18) height
297,,466240.148,4311871.039,2456.822,,-105.38962722,38.95514388,2442.828,Global,0.010,0.011,0.011,0.015,2.134,m,FIX,2024-04-24 18:52:44.0 UTC-06:00,2024-04-24 18:52:47.0 UTC-06:00,16,1.9,466230.562,4312045.499,2471.539,-105.38974647,38.95671560,2457.547,175.317,NAD83(2011) / UTM zone 13N + NAVD88(GEOID18) height
298,,466239.948,4311871.040,2456.741,,-105.38962954,38.95514387,2442.747,Global,0.010,0.010,0.012,0.015,2.134,m,FIX,2024-04-24 18:53:13.0 UTC-06:00,2024-04-24 18:53:16.0 UTC-06:00,16,1.8,466230.562,4312045.499,2471.539,-105.38974647,38.95671560,2457.547,175.305,NAD83(2011) / UTM zone 13N + NAVD88(GEOID18) height
299,,466239.730,4311871.031,2456.722,,-105.38963205,38.95514378,2442.728,Global,0.010,0.010,0.010,0.015,2.134,m,FIX,2024-04-24 18:53:34.0 UTC-06:00,2024-04-24 18:53:37.0 UTC-06:00,16,1.8,466230.562,4312045.499,2471.539,-105.38974647,38.95671560,2457.547,175.302,NAD83(2011) / UTM zone 13N + NAVD88(GEOID18) height
300,,466239.545,4311871.040,2456.690,,-105.38963419,38.95514386,2442.696,Global,0.011,0.010,0.011,0.015,2.134,m,FIX,2024-04-24 18:53:51.0 UTC-06:00,2024-04-24 18:53:54.0 UTC-06:00,16,1.8,466230.562,4312045.499,2471.539,-105.38974647,38.95671560,2457.547,175.281,NAD83(2011) / UTM zone 13N + NAVD88(GEOID18) height
301,,466239.344,4311871.031,2456.673,,-105.38963651,38.95514377,2442.679,Global,0.011,0.010,0.012,0.015,2.134,m,FIX,2024-04-24 18:54:06.2 UTC-06:00,2024-04-24 18:54:09.2 UTC-06:00,16,1.8,466230.562,4312045.499,2471.539,-105.38974647,38.95671560,2457.547,175.285,NAD83(2011) / UTM zone 13N + NAVD88(GEOID18) height
302,,466239.128,4311871.066,2456.678,,-105.38963900,38.95514407,2442.684,Global,0.011,0.010,0.011,0.015,2.134,m,FIX,2024-04-24 18:54:21.0 UTC-06:00,2024-04-24 18:54:24.0 UTC-06:00,16,1.8,466230.562,4312045.499,2471.539,-105.38974647,38.95671560,2457.547,175.237,NAD83(2011) / UTM zone 13N + NAVD88(GEOID18) height
303,,466238.930,4311871.008,2456.669,,-105.38964128,38.95514355,2442.675,Global,0.010,0.010,0.011,0.015,2.134,m,FIX,2024-04-24 18:54:38.2 UTC-06:00,2024-04-24 18:54:41.2 UTC-06:00,16,1.8,466230.562,4312045.499,2471.539,-105.38974647,38.95671560,2457.547,175.293,NAD83(2011) / UTM zone 13N + NAVD88(GEOID18) height
304,,466238.740,4311871.015,2456.696,,-105.38964348,38.95514360,2442.702,Global,0.012,0.012,0.014,0.017,2.134,m,FIX,2024-04-24 18:54:51.6 UTC-06:00,2024-04-24 18:54:54.6 UTC-06:00,16,1.8,466230.562,4312045.499,2471.539,-105.38974647,38.95671560,2457.547,175.264,NAD83(2011) / UTM zone 13N + NAVD88(GEOID18) height
305,,466238.543,4311871.043,2456.704,,-105.38964575,38.95514385,2442.710,Global,0.010,0.010,0.012,0.015,2.134,m,FIX,2024-04-24 18:55:04.6 UTC-06:00,2024-04-24 18:55:07.6 UTC-06:00,16,1.8,466230.562,4312045.499,2471.539,-105.38974647,38.95671560,2457.547,175.236,NAD83(2011) / UTM zone 13N + NAVD88(GEOID18) height
306,,466238.334,4311871.026,2456.672,,-105.38964816,38.95514369,2442.678,Global,0.010,0.010,0.011,0.015,2.134,m,FIX,2024-04-24 18:55:21.2 UTC-06:00,2024-04-24 18:55:24.2 UTC-06:00,16,1.8,466230.562,4312045.499,2471.539,-105.38974647,38.95671560,2457.547,175.242,NAD83(2011) / UTM zone 13N + NAVD88(GEOID18) height
307,,466238.150,4311871.062,2456.648,,-105.38965029,38.95514400,2442.654,Global,0.010,0.010,0.010,0.015,2.134,m,FIX,2024-04-24 18:55:35.8 UTC-06:00,2024-04-24 18:55:38.8 UTC-06:00,16,1.8,466230.562,4312045.499,2471.539,-105.38974647,38.95671560,2457.547,175.203,NAD83(2011) / UTM zone 13N + NAVD88(GEOID18) height
308,,466237.929,4311871.052,2456.637,,-105.38965283,38.95514390,2442.643,Global,0.010,0.010,0.010,0.015,2.134,m,FIX,2024-04-24 18:55:51.4 UTC-06:00,2024-04-24 18:55:54.4 UTC-06:00,16,1.7,466230.562,4312045.499,2471.539,-105.38974647,38.95671560,2457.547,175.207,NAD83(2011) / UTM zone 13N + NAVD88(GEOID18) height
309,,466237.719,4311871.051,2456.641,,-105.38965527,38.95514389,2442.648,Global,0.011,0.013,0.011,0.017,2.134,m,FIX,2024-04-24 18:56:03.0 UTC-06:00,2024-04-24 18:56:06.0 UTC-06:00,16,1.7,466230.562,4312045.499,2471.539,-105.38974647,38.95671560,2457.547,175.189,NAD83(2011) / UTM zone 13N + NAVD88(GEOID18) height
310,,466237.514,4311871.074,2456.649,,-105.38965762,38.95514409,2442.655,Global,0.011,0.010,0.011,0.015,2.134,m,FIX,2024-04-24 18:56:19.0 UTC-06:00,2024-04-24 18:56:22.0 UTC-06:00,16,1.7,466230.562,4312045.499,2471.539,-105.38974647,38.95671560,2457.547,175.158,NAD83(2011) / UTM zone 13N + NAVD88(GEOID18) height
311,,466237.318,4311871.069,2456.652,,-105.38965990,38.95514403,2442.658,Global,0.010,0.010,0.011,0.015,2.134,m,FIX,2024-04-24 18:56:34.0 UTC-06:00,2024-04-24 18:56:37.0 UTC-06:00,16,1.7,466230.562,4312045.499,2471.539,-105.38974647,38.95671560,2457.547,175.165,NAD83(2011) / UTM zone 13N + NAVD88(GEOID18) height
312,,466237.142,4311871.067,2456.636,,-105.38966193,38.95514401,2442.642,Global,0.011,0.011,0.011,0.015,2.134,m,FIX,2024-04-24 18:56:48.4 UTC-06:00,2024-04-24 18:56:51.4 UTC-06:00,16,1.7,466230.562,4312045.499,2471.539,-105.38974647,38.95671560,2457.547,175.162,NAD83(2011) / UTM zone 13N + NAVD88(GEOID18) height
313,,466236.934,4311871.053,2456.619,,-105.38966432,38.95514388,2442.625,Global,0.010,0.010,0.010,0.015,2.134,m,FIX,2024-04-24 18:57:03.4 UTC-06:00,2024-04-24 18:57:06.4 UTC-06:00,16,1.7,466230.562,4312045.499,2471.539,-105.38974647,38.95671560,2457.547,175.163,NAD83(2011) / UTM zone 13N + NAVD88(GEOID18) height
314,,466236.725,4311871.060,2456.593,,-105.38966674,38.95514393,2442.599,Global,0.010,0.014,0.015,0.018,2.134,m,FIX,2024-04-24 18:57:18.0 UTC-06:00,2024-04-24 18:57:21.0 UTC-06:00,16,1.7,466230.562,4312045.499,2471.539,-105.38974647,38.95671560,2457.547,175.143,NAD83(2011) / UTM zone 13N + NAVD88(GEOID18) height
315,,466236.517,4311871.073,2456.603,,-105.38966913,38.95514404,2442.609,Global,0.010,0.010,0.012,0.015,2.134,m,FIX,2024-04-24 18:57:32.6 UTC-06:00,2024-04-24 18:57:35.6 UTC-06:00,16,1.7,466230.562,4312045.499,2471.539,-105.38974647,38.95671560,2457.547,175.133,NAD83(2011) / UTM zone 13N + NAVD88(GEOID18) height
316,,466236.347,4311871.095,2456.578,,-105.38967110,38.95514423,2442.584,Global,0.012,0.011,0.011,0.016,2.134,m,FIX,2024-04-24 18:57:49.8 UTC-06:00,2024-04-24 18:57:52.8 UTC-06:00,16,1.7,466230.562,4312045.499,2471.539,-105.38974647,38.95671560,2457.547,175.108,NAD83(2011) / UTM zone 13N + NAVD88(GEOID18) height
317,,466236.145,4311871.118,2456.564,,-105.38967342,38.95514443,2442.570,Global,0.011,0.010,0.011,0.015,2.134,m,FIX,2024-04-24 18:58:06.0 UTC-06:00,2024-04-24 18:58:09.0 UTC-06:00,16,1.7,466230.562,4312045.499,2471.539,-105.38974647,38.95671560,2457.547,175.077,NAD83(2011) / UTM zone 13N + NAVD88(GEOID18) height
318,,466235.902,4311871.134,2456.578,,-105.38967623,38.95514456,2442.585,Global,0.010,0.012,0.010,0.015,2.134,m,FIX,2024-04-24 18:58:23.2 UTC-06:00,2024-04-24 18:58:26.2 UTC-06:00,16,1.7,466230.562,4312045.499,2471.539,-105.38974647,38.95671560,2457.547,175.046,NAD83(2011) / UTM zone 13N + NAVD88(GEOID18) height
319,,466235.696,4311871.142,2456.659,,-105.38967861,38.95514463,2442.665,Global,0.010,0.010,0.010,0.014,2.134,m,FIX,2024-04-24 18:58:37.0 UTC-06:00,2024-04-24 18:58:40.0 UTC-06:00,16,1.7,466230.562,4312045.499,2471.539,-105.38974647,38.95671560,2457.547,175.030,NAD83(2011) / UTM zone 13N + NAVD88(GEOID18) height
320,,466235.523,4311871.146,2456.572,,-105.38968061,38.95514466,2442.579,Global,0.010,0.010,0.012,0.015,2.134,m,FIX,2024-04-24 18:58:56.8 UTC-06:00,2024-04-24 18:58:59.8 UTC-06:00,16,1.7,466230.562,4312045.499,2471.539,-105.38974647,38.95671560,2457.547,175.032,NAD83(2011) / UTM zone 13N + NAVD88(GEOID18) height
321,,466235.332,4311871.165,2456.580,,-105.38968282,38.95514482,2442.586,Global,0.010,0.011,0.011,0.015,2.134,m,FIX,2024-04-24 18:59:11.0 UTC-06:00,2024-04-24 18:59:14.0 UTC-06:00,16,1.7,466230.562,4312045.499,2471.539,-105.38974647,38.95671560,2457.547,175.002,NAD83(2011) / UTM zone 13N + NAVD88(GEOID18) height
322,,466235.124,4311871.211,2456.536,,-105.38968521,38.95514523,2442.543,Global,0.011,0.010,0.011,0.015,2.134,m,FIX,2024-04-24 18:59:27.4 UTC-06:00,2024-04-24 18:59:30.4 UTC-06:00,16,1.7,466230.562,4312045.499,2471.539,-105.38974647,38.95671560,2457.547,174.961,NAD83(2011) / UTM zone 13N + NAVD88(GEOID18) height
323,,466234.938,4311871.193,2456.500,,-105.38968736,38.95514506,2442.506,Global,0.012,0.010,0.013,0.016,2.134,m,FIX,2024-04-24 18:59:44.8 UTC-06:00,2024-04-24 18:59:47.8 UTC-06:00,16,1.7,466230.562,4312045.499,2471.539,-105.38974647,38.95671560,2457.547,174.970,NAD83(2011) / UTM zone 13N + NAVD88(GEOID18) height
324,,466234.736,4311871.133,2456.494,,-105.38968969,38.95514452,2442.500,Global,0.011,0.010,0.012,0.015,2.134,m,FIX,2024-04-24 18:59:59.0 UTC-06:00,2024-04-24 19:00:02.0 UTC-06:00,16,1.7,466230.562,4312045.499,2471.539,-105.38974647,38.95671560,2457.547,175.026,NAD83(2011) / UTM zone 13N + NAVD88(GEOID18) height
325,,466234.556,4311871.149,2456.503,,-105.38969176,38.95514465,2442.509,Global,0.011,0.010,0.011,0.015,2.134,m,FIX,2024-04-24 19:00:15.8 UTC-06:00,2024-04-24 19:00:18.8 UTC-06:00,16,1.7,466230.562,4312045.499,2471.539,-105.38974647,38.95671560,2457.547,175.004,NAD83(2011) / UTM zone 13N + NAVD88(GEOID18) height
326,,466234.308,4311871.211,2456.442,,-105.38969464,38.95514519,2442.449,Global,0.011,0.010,0.011,0.015,2.134,m,FIX,2024-04-24 19:00:41.4 UTC-06:00,2024-04-24 19:00:44.4 UTC-06:00,16,1.7,466230.562,4312045.499,2471.539,-105.38974647,38.95671560,2457.547,174.944,NAD83(2011) / UTM zone 13N + NAVD88(GEOID18) height
327,,466234.147,4311871.199,2456.445,,-105.38969650,38.95514508,2442.451,Global,0.011,0.010,0.012,0.015,2.134,m,FIX,2024-04-24 19:00:59.2 UTC-06:00,2024-04-24 19:01:02.2 UTC-06:00,16,1.7,466230.562,4312045.499,2471.539,-105.38974647,38.95671560,2457.547,174.954,NAD83(2011) / UTM zone 13N + NAVD88(GEOID18) height
328,,466233.941,4311871.202,2456.389,,-105.38969887,38.95514511,2442.396,Global,0.011,0.011,0.010,0.015,2.134,m,FIX,2024-04-24 19:01:17.8 UTC-06:00,2024-04-24 19:01:20.8 UTC-06:00,16,1.7,466230.562,4312045.499,2471.539,-105.38974647,38.95671560,2457.547,174.953,NAD83(2011) / UTM zone 13N + NAVD88(GEOID18) height
329,,466233.756,4311871.163,2456.358,,-105.38970100,38.95514474,2442.364,Global,0.011,0.011,0.013,0.016,2.134,m,FIX,2024-04-24 19:01:35.4 UTC-06:00,2024-04-24 19:01:38.4 UTC-06:00,16,1.7,466230.562,4312045.499,2471.539,-105.38974647,38.95671560,2457.547,174.980,NAD83(2011) / UTM zone 13N + NAVD88(GEOID18) height
330,,466233.538,4311871.192,2456.332,,-105.38970352,38.95514500,2442.338,Global,0.010,0.010,0.011,0.015,2.134,m,FIX,2024-04-24 19:01:51.0 UTC-06:00,2024-04-24 19:01:54.0 UTC-06:00,16,1.7,466230.562,4312045.499,2471.539,-105.38974647,38.95671560,2457.547,174.955,NAD83(2011) / UTM zone 13N + NAVD88(GEOID18) height
331,,466233.344,4311871.152,2456.311,,-105.38970576,38.95514463,2442.317,Global,0.011,0.010,0.011,0.015,2.134,m,FIX,2024-04-24 19:02:07.0 UTC-06:00,2024-04-24 19:02:10.0 UTC-06:00,16,1.7,466230.562,4312045.499,2471.539,-105.38974647,38.95671560,2457.547,174.993,NAD83(2011) / UTM zone 13N + NAVD88(GEOID18) height
332,,466233.091,4311871.128,2456.262,,-105.38970867,38.95514441,2442.269,Global,0.011,0.011,0.014,0.015,2.134,m,FIX,2024-04-24 19:02:29.0 UTC-06:00,2024-04-24 19:02:32.0 UTC-06:00,16,1.7,466230.562,4312045.499,2471.539,-105.38974647,38.95671560,2457.547,175.016,NAD83(2011) / UTM zone 13N + NAVD88(GEOID18) height
333,,466232.969,4311871.117,2456.256,,-105.38971009,38.95514430,2442.263,Global,0.012,0.011,0.018,0.016,2.134,m,FIX,2024-04-24 19:02:44.8 UTC-06:00,2024-04-24 19:02:47.8 UTC-06:00,16,1.7,466230.562,4312045.499,2471.539,-105.38974647,38.95671560,2457.547,175.027,NAD83(2011) / UTM zone 13N + NAVD88(GEOID18) height
334,,466232.728,4311871.100,2456.219,,-105.38971287,38.95514413,2442.225,Global,0.011,0.012,0.013,0.016,2.134,m,FIX,2024-04-24 19:03:04.4 UTC-06:00,2024-04-24 19:03:07.4 UTC-06:00,16,1.7,466230.562,4312045.499,2471.539,-105.38974647,38.95671560,2457.547,175.058,NAD83(2011) / UTM zone 13N + NAVD88(GEOID18) height
335,,466232.525,4311871.070,2456.156,,-105.38971521,38.95514386,2442.162,Global,0.011,0.011,0.015,0.016,2.134,m,FIX,2024-04-24 19:03:26.2 UTC-06:00,2024-04-24 19:03:29.2 UTC-06:00,16,1.7,466230.562,4312045.499,2471.539,-105.38974647,38.95671560,2457.547,175.077,NAD83(2011) / UTM zone 13N + NAVD88(GEOID18) height
336,,466232.348,4311871.041,2456.102,,-105.38971724,38.95514359,2442.108,Global,0.010,0.011,0.015,0.015,2.134,m,FIX,2024-04-24 19:03:40.4 UTC-06:00,2024-04-24 19:03:43.4 UTC-06:00,16,1.7,466230.562,4312045.499,2471.539,-105.38974647,38.95671560,2457.547,175.109,NAD83(2011) / UTM zone 13N + NAVD88(GEOID18) height
337,,466232.152,4311871.024,2456.065,,-105.38971950,38.95514343,2442.071,Global,0.010,0.011,0.015,0.015,2.134,m,FIX,2024-04-24 19:03:59.0 UTC-06:00,2024-04-24 19:04:02.0 UTC-06:00,16,1.7,466230.562,4312045.499,2471.539,-105.38974647,38.95671560,2457.547,175.125,NAD83(2011) / UTM zone 13N + NAVD88(GEOID18) height
338,,466231.973,4311871.039,2455.993,,-105.38972157,38.95514356,2442.000,Global,0.013,0.013,0.019,0.018,2.134,m,FIX,2024-04-24 19:04:17.2 UTC-06:00,2024-04-24 19:04:20.2 UTC-06:00,16,2.2,466230.562,4312045.499,2471.539,-105.38974647,38.95671560,2457.547,175.106,NAD83(2011) / UTM zone 13N + NAVD88(GEOID18) height
339,,466231.793,4311871.006,2455.981,,-105.38972365,38.95514326,2441.987,Global,0.011,0.010,0.018,0.015,2.134,m,FIX,2024-04-24 19:04:31.0 UTC-06:00,2024-04-24 19:04:34.0 UTC-06:00,16,2.2,466230.562,4312045.499,2471.539,-105.38974647,38.95671560,2457.547,175.149,NAD83(2011) / UTM zone 13N + NAVD88(GEOID18) height
340,,466231.566,4311870.999,2456.005,,-105.38972627,38.95514319,2442.011,Global,0.010,0.010,0.020,0.015,2.134,m,FIX,2024-04-24 19:04:51.4 UTC-06:00,2024-04-24 19:04:54.4 UTC-06:00,16,2.2,466230.562,4312045.499,2471.539,-105.38974647,38.95671560,2457.547,175.154,NAD83(2011) / UTM zone 13N + NAVD88(GEOID18) height
341,,466231.368,4311870.967,2456.014,,-105.38972855,38.95514289,2442.021,Global,0.011,0.011,0.014,0.015,2.134,m,FIX,2024-04-24 19:05:07.8 UTC-06:00,2024-04-24 19:05:10.8 UTC-06:00,16,2.2,466230.562,4312045.499,2471.539,-105.38974647,38.95671560,2457.547,175.183,NAD83(2011) / UTM zone 13N + NAVD88(GEOID18) height
342,,466231.189,4311870.937,2456.008,,-105.38973062,38.95514261,2442.014,Global,0.011,0.011,0.016,0.015,2.134,m,FIX,2024-04-24 19:05:24.6 UTC-06:00,2024-04-24 19:05:27.6 UTC-06:00,16,2.1,466230.562,4312045.499,2471.539,-105.38974647,38.95671560,2457.547,175.207,NAD83(2011) / UTM zone 13N + NAVD88(GEOID18) height
343,,466230.977,4311871.082,2455.966,,-105.38973307,38.95514391,2441.972,Global,0.011,0.012,0.012,0.016,2.134,m,FIX,2024-04-24 19:05:55.8 UTC-06:00,2024-04-24 19:05:58.8 UTC-06:00,16,1.9,466230.562,4312045.499,2471.539,-105.38974647,38.95671560,2457.547,175.069,NAD83(2011) / UTM zone 13N + NAVD88(GEOID18) height
344,,466230.756,4311871.111,2455.993,,-105.38973562,38.95514416,2441.999,Global,0.015,0.012,0.028,0.020,2.134,m,FIX,2024-04-24 19:06:12.4 UTC-06:00,2024-04-24 19:06:15.4 UTC-06:00,16,2.6,466230.562,4312045.499,2471.539,-105.38974647,38.95671560,2457.547,175.039,NAD83(2011) / UTM zone 13N + NAVD88(GEOID18) height
345,,466230.568,4311871.169,2455.996,,-105.38973780,38.95514468,2442.002,Global,0.011,0.011,0.022,0.015,2.134,m,FIX,2024-04-24 19:06:35.6 UTC-06:00,2024-04-24 19:06:38.6 UTC-06:00,16,2.6,466230.562,4312045.499,2471.539,-105.38974647,38.95671560,2457.547,174.980,NAD83(2011) / UTM zone 13N + NAVD88(GEOID18) height
346,,466230.352,4311871.194,2456.009,,-105.38974029,38.95514490,2442.015,Global,0.011,0.010,0.015,0.015,2.134,m,FIX,2024-04-24 19:06:52.0 UTC-06:00,2024-04-24 19:06:55.0 UTC-06:00,16,1.9,466230.562,4312045.499,2471.539,-105.38974647,38.95671560,2457.547,174.958,NAD83(2011) / UTM zone 13N + NAVD88(GEOID18) height
347,,466230.177,4311871.188,2455.980,,-105.38974231,38.95514483,2441.986,Global,0.013,0.012,0.021,0.018,2.134,m,FIX,2024-04-24 19:07:08.0 UTC-06:00,2024-04-24 19:07:11.0 UTC-06:00,16,2.3,466230.562,4312045.499,2471.539,-105.38974647,38.95671560,2457.547,174.958,NAD83(2011) / UTM zone 13N + NAVD88(GEOID18) height
348,,466229.977,4311871.218,2455.973,,-105.38974462,38.95514510,2441.979,Global,0.011,0.013,0.021,0.017,2.134,m,FIX,2024-04-24 19:07:21.8 UTC-06:00,2024-04-24 19:07:24.8 UTC-06:00,16,2.3,466230.562,4312045.499,2471.539,-105.38974647,38.95671560,2457.547,174.915,NAD83(2011) / UTM zone 13N + NAVD88(GEOID18) height
349,,466229.748,4311871.107,2455.981,,-105.38974725,38.95514408,2441.987,Global,0.011,0.011,0.018,0.015,2.134,m,FIX,2024-04-24 19:07:36.2 UTC-06:00,2024-04-24 19:07:39.2 UTC-06:00,16,2.1,466230.562,4312045.499,2471.539,-105.38974647,38.95671560,2457.547,175.048,NAD83(2011) / UTM zone 13N + NAVD88(GEOID18) height
350,,466229.532,4311871.144,2455.947,,-105.38974975,38.95514441,2441.953,Global,0.011,0.011,0.017,0.016,2.134,m,FIX,2024-04-24 19:07:52.2 UTC-06:00,2024-04-24 19:07:55.2 UTC-06:00,16,2.1,466230.562,4312045.499,2471.539,-105.38974647,38.95671560,2457.547,175.007,NAD83(2011) / UTM zone 13N + NAVD88(GEOID18) height
351,,466229.353,4311871.129,2455.949,,-105.38975182,38.95514427,2441.955,Global,0.010,0.012,0.018,0.016,2.134,m,FIX,2024-04-24 19:08:05.2 UTC-06:00,2024-04-24 19:08:08.2 UTC-06:00,16,2.1,466230.562,4312045.499,2471.539,-105.38974647,38.95671560,2457.547,175.039,NAD83(2011) / UTM zone 13N + NAVD88(GEOID18) height
352,,466229.181,4311871.171,2455.949,,-105.38975380,38.95514464,2441.955,Global,0.012,0.010,0.015,0.016,2.134,m,FIX,2024-04-24 19:08:19.0 UTC-06:00,2024-04-24 19:08:22.0 UTC-06:00,16,2.1,466230.562,4312045.499,2471.539,-105.38974647,38.95671560,2457.547,174.986,NAD83(2011) / UTM zone 13N + NAVD88(GEOID18) height
353,,466228.954,4311871.149,2455.998,,-105.38975643,38.95514444,2442.004,Global,0.011,0.011,0.017,0.015,2.134,m,FIX,2024-04-24 19:08:33.8 UTC-06:00,2024-04-24 19:08:36.8 UTC-06:00,16,2.4,466230.562,4312045.499,2471.539,-105.38974647,38.95671560,2457.547,175.001,NAD83(2011) / UTM zone 13N + NAVD88(GEOID18) height
354,,466228.727,4311871.126,2456.019,,-105.38975904,38.95514422,2442.025,Global,0.010,0.010,0.020,0.015,2.134,m,FIX,2024-04-24 19:08:50.2 UTC-06:00,2024-04-24 19:08:53.2 UTC-06:00,16,2.1,466230.562,4312045.499,2471.539,-105.38974647,38.95671560,2457.547,175.030,NAD83(2011) / UTM zone 13N + NAVD88(GEOID18) height
355,,466228.546,4311871.208,2455.988,,-105.38976113,38.95514495,2441.994,Global,0.011,0.011,0.019,0.015,2.134,m,FIX,2024-04-24 19:09:07.8 UTC-06:00,2024-04-24 19:09:10.8 UTC-06:00,16,2.4,466230.562,4312045.499,2471.539,-105.38974647,38.95671560,2457.547,174.957,NAD83(2011) / UTM zone 13N + NAVD88(GEOID18) height
356,,466228.343,4311871.192,2456.006,,-105.38976347,38.95514480,2442.012,Global,0.013,0.012,0.023,0.018,2.134,m,FIX,2024-04-24 19:09:20.8 UTC-06:00,2024-04-24 19:09:23.8 UTC-06:00,16,2.4,466230.562,4312045.499,2471.539,-105.38974647,38.95671560,2457.547,174.971,NAD83(2011) / UTM zone 13N + NAVD88(GEOID18) height
357,,466228.138,4311871.197,2456.033,,-105.38976585,38.95514484,2442.040,Global,0.011,0.012,0.021,0.016,2.134,m,FIX,2024-04-24 19:09:33.4 UTC-06:00,2024-04-24 19:09:36.4 UTC-06:00,16,2.4,466230.562,4312045.499,2471.539,-105.38974647,38.95671560,2457.547,174.963,NAD83(2011) / UTM zone 13N + NAVD88(GEOID18) height
358,,466227.959,4311871.212,2456.049,,-105.38976791,38.95514496,2442.055,Global,0.010,0.011,0.013,0.015,2.134,m,FIX,2024-04-24 19:09:47.4 UTC-06:00,2024-04-24 19:09:50.4 UTC-06:00,16,2.6,466230.562,4312045.499,2471.539,-105.38974647,38.95671560,2457.547,174.952,NAD83(2011) / UTM zone 13N + NAVD88(GEOID18) height
359,,466227.781,4311871.204,2456.047,,-105.38976996,38.95514488,2442.053,Global,0.010,0.012,0.022,0.015,2.134,m,FIX,2024-04-24 19:10:01.4 UTC-06:00,2024-04-24 19:10:04.4 UTC-06:00,16,2.1,466230.562,4312045.499,2471.539,-105.38974647,38.95671560,2457.547,174.956,NAD83(2011) / UTM zone 13N + NAVD88(GEOID18) height
360,,466227.546,4311871.248,2456.072,,-105.38977268,38.95514527,2442.078,Global,0.011,0.011,0.021,0.015,2.134,m,FIX,2024-04-24 19:10:18.4 UTC-06:00,2024-04-24 19:10:21.4 UTC-06:00,16,2.1,466230.562,4312045.499,2471.539,-105.38974647,38.95671560,2457.547,174.920,NAD83(2011) / UTM zone 13N + NAVD88(GEOID18) height
361,,466227.358,4311871.300,2456.002,,-105.38977484,38.95514573,2442.008,Global,0.011,0.011,0.026,0.016,2.134,m,FIX,2024-04-24 19:10:32.8 UTC-06:00,2024-04-24 19:10:35.8 UTC-06:00,16,2.4,466230.562,4312045.499,2471.539,-105.38974647,38.95671560,2457.547,174.881,NAD83(2011) / UTM zone 13N + NAVD88(GEOID18) height
362,,466227.170,4311871.286,2456.025,,-105.38977702,38.95514560,2442.032,Global,0.011,0.019,0.021,0.021,2.134,m,FIX,2024-04-24 19:10:45.8 UTC-06:00,2024-04-24 19:10:48.8 UTC-06:00,16,2.1,466230.562,4312045.499,2471.539,-105.38974647,38.95671560,2457.547,174.918,NAD83(2011) / UTM zone 13N + NAVD88(GEOID18) height
363,,466226.934,4311871.300,2455.942,,-105.38977975,38.95514572,2441.949,Global,0.014,0.019,0.020,0.023,2.134,m,FIX,2024-04-24 19:11:03.8 UTC-06:00,2024-04-24 19:11:06.8 UTC-06:00,16,2.5,466230.562,4312045.499,2471.539,-105.38974647,38.95671560,2457.547,174.890,NAD83(2011) / UTM zone 13N + NAVD88(GEOID18) height
364,,466226.731,4311871.332,2455.939,,-105.38978208,38.95514599,2441.946,Global,0.011,0.012,0.017,0.017,2.134,m,FIX,2024-04-24 19:11:22.2 UTC-06:00,2024-04-24 19:11:25.2 UTC-06:00,16,2.4,466230.562,4312045.499,2471.539,-105.38974647,38.95671560,2457.547,174.851,NAD83(2011) / UTM zone 13N + NAVD88(GEOID18) height
365,,466226.544,4311871.207,2456.106,,-105.38978424,38.95514486,2442.112,Global,0.011,0.014,0.017,0.018,2.134,m,FIX,2024-04-24 19:11:49.2 UTC-06:00,2024-04-24 19:11:52.2 UTC-06:00,16,1.7,466230.562,4312045.499,2471.539,-105.38974647,38.95671560,2457.547,174.986,NAD83(2011) / UTM zone 13N + NAVD88(GEOID18) height
366,,466226.332,4311871.152,2456.020,,-105.38978668,38.95514436,2442.027,Global,0.012,0.011,0.015,0.016,2.134,m,FIX,2024-04-24 19:12:15.4 UTC-06:00,2024-04-24 19:12:18.4 UTC-06:00,16,2.1,466230.562,4312045.499,2471.539,-105.38974647,38.95671560,2457.547,175.043,NAD83(2011) / UTM zone 13N + NAVD88(GEOID18) height
367,,466226.183,4311871.212,2456.073,,-105.38978840,38.95514489,2442.080,Global,0.013,0.011,0.019,0.017,2.134,m,FIX,2024-04-24 19:12:33.8 UTC-06:00,2024-04-24 19:12:36.8 UTC-06:00,16,1.7,466230.562,4312045.499,2471.539,-105.38974647,38.95671560,2457.547,174.984,NAD83(2011) / UTM zone 13N + NAVD88(GEOID18) height
368,,466225.928,4311871.224,2456.185,,-105.38979135,38.95514500,2442.191,Global,0.011,0.011,0.013,0.016,2.134,m,FIX,2024-04-24 19:13:07.2 UTC-06:00,2024-04-24 19:13:10.2 UTC-06:00,16,1.7,466230.562,4312045.499,2471.539,-105.38974647,38.95671560,2457.547,174.977,NAD83(2011) / UTM zone 13N + NAVD88(GEOID18) height
369,,466225.759,4311871.216,2456.225,,-105.38979330,38.95514492,2442.232,Global,0.013,0.014,0.019,0.019,2.134,m,FIX,2024-04-24 19:13:23.0 UTC-06:00,2024-04-24 19:13:26.0 UTC-06:00,16,1.7,466230.562,4312045.499,2471.539,-105.38974647,38.95671560,2457.547,174.976,NAD83(2011) / UTM zone 13N + NAVD88(GEOID18) height
370,,466225.526,4311871.264,2456.302,,-105.38979599,38.95514534,2442.308,Global,0.015,0.011,0.018,0.019,2.134,m,FIX,2024-04-24 19:13:51.2 UTC-06:00,2024-04-24 19:13:54.2 UTC-06:00,16,2.3,466230.562,4312045.499,2471.539,-105.38974647,38.95671560,2457.547,174.940,NAD83(2011) / UTM zone 13N + NAVD88(GEOID18) height
371,,466225.371,4311871.258,2456.241,,-105.38979778,38.95514528,2442.248,Global,0.012,0.012,0.013,0.016,2.134,m,FIX,2024-04-24 19:14:05.0 UTC-06:00,2024-04-24 19:14:08.0 UTC-06:00,16,1.7,466230.562,4312045.499,2471.539,-105.38974647,38.95671560,2457.547,174.953,NAD83(2011) / UTM zone 13N + NAVD88(GEOID18) height
372,,466225.140,4311871.258,2456.371,,-105.38980045,38.95514527,2442.378,Global,0.011,0.011,0.013,0.016,2.134,m,FIX,2024-04-24 19:14:23.0 UTC-06:00,2024-04-24 19:14:26.0 UTC-06:00,16,1.7,466230.562,4312045.499,2471.539,-105.38974647,38.95671560,2457.547,174.943,NAD83(2011) / UTM zone 13N + NAVD88(GEOID18) height
373,,466224.955,4311871.236,2456.402,,-105.38980258,38.95514506,2442.408,Global,0.011,0.011,0.011,0.015,2.134,m,FIX,2024-04-24 19:14:45.0 UTC-06:00,2024-04-24 19:14:48.0 UTC-06:00,16,1.7,466230.562,4312045.499,2471.539,-105.38974647,38.95671560,2457.547,174.977,NAD83(2011) / UTM zone 13N + NAVD88(GEOID18) height
374,,466224.733,4311871.206,2456.408,,-105.38980513,38.95514479,2442.415,Global,0.012,0.012,0.017,0.017,2.134,m,FIX,2024-04-24 19:15:27.0 UTC-06:00,2024-04-24 19:15:30.0 UTC-06:00,16,1.6,466230.562,4312045.499,2471.539,-105.38974647,38.95671560,2457.547,174.997,NAD83(2011) / UTM zone 13N + NAVD88(GEOID18) height
375,,466224.559,4311871.235,2456.433,,-105.38980715,38.95514503,2442.439,Global,0.010,0.011,0.013,0.015,2.134,m,FIX,2024-04-24 19:15:49.8 UTC-06:00,2024-04-24 19:15:52.8 UTC-06:00,16,1.6,466230.562,4312045.499,2471.539,-105.38974647,38.95671560,2457.547,174.980,NAD83(2011) / UTM zone 13N + NAVD88(GEOID18) height
376,,466224.308,4311871.226,2456.494,,-105.38981004,38.95514494,2442.500,Global,0.010,0.012,0.019,0.016,2.134,m,FIX,2024-04-24 19:16:07.4 UTC-06:00,2024-04-24 19:16:10.4 UTC-06:00,16,1.6,466230.562,4312045.499,2471.539,-105.38974647,38.95671560,2457.547,174.986,NAD83(2011) / UTM zone 13N + NAVD88(GEOID18) height
377,,466224.130,4311871.225,2456.438,,-105.38981209,38.95514493,2442.445,Global,0.011,0.010,0.013,0.015,2.134,m,FIX,2024-04-24 19:16:25.0 UTC-06:00,2024-04-24 19:16:28.0 UTC-06:00,16,1.6,466230.562,4312045.499,2471.539,-105.38974647,38.95671560,2457.547,175.003,NAD83(2011) / UTM zone 13N + NAVD88(GEOID18) height
378,,466223.948,4311871.234,2456.469,,-105.38981420,38.95514501,2442.475,Global,0.012,0.011,0.017,0.016,2.134,m,FIX,2024-04-24 19:16:39.8 UTC-06:00,2024-04-24 19:16:42.8 UTC-06:00,16,1.6,466230.562,4312045.499,2471.539,-105.38974647,38.95671560,2457.547,175.002,NAD83(2011) / UTM zone 13N + NAVD88(GEOID18) height
379,,466223.702,4311871.227,2456.427,,-105.38981704,38.95514493,2442.434,Global,0.011,0.011,0.014,0.015,2.134,m,FIX,2024-04-24 19:16:58.2 UTC-06:00,2024-04-24 19:17:01.2 UTC-06:00,16,1.6,466230.562,4312045.499,2471.539,-105.38974647,38.95671560,2457.547,175.023,NAD83(2011) / UTM zone 13N + NAVD88(GEOID18) height
380,,466223.539,4311871.237,2456.604,,-105.38981892,38.95514502,2442.610,Global,0.010,0.012,0.015,0.016,2.134,m,FIX,2024-04-24 19:17:18.6 UTC-06:00,2024-04-24 19:17:21.6 UTC-06:00,16,1.6,466230.562,4312045.499,2471.539,-105.38974647,38.95671560,2457.547,175.001,NAD83(2011) / UTM zone 13N + NAVD88(GEOID18) height
381,,466223.331,4311871.276,2456.643,,-105.38982132,38.95514536,2442.650,Global,0.010,0.011,0.013,0.015,2.134,m,FIX,2024-04-24 19:17:44.6 UTC-06:00,2024-04-24 19:17:47.6 UTC-06:00,16,1.7,466230.562,4312045.499,2471.539,-105.38974647,38.95671560,2457.547,174.971,NAD83(2011) / UTM zone 13N + NAVD88(GEOID18) height
382,,466223.137,4311871.328,2456.484,,-105.38982356,38.95514582,2442.490,Global,0.011,0.010,0.018,0.015,2.134,m,FIX,2024-04-24 19:18:14.2 UTC-06:00,2024-04-24 19:18:17.2 UTC-06:00,16,1.6,466230.562,4312045.499,2471.539,-105.38974647,38.95671560,2457.547,174.936,NAD83(2011) / UTM zone 13N + NAVD88(GEOID18) height
383,,466222.958,4311871.271,2456.453,,-105.38982563,38.95514530,2442.459,Global,0.010,0.011,0.013,0.015,2.134,m,FIX,2024-04-24 19:18:31.0 UTC-06:00,2024-04-24 19:18:34.0 UTC-06:00,16,1.6,466230.562,4312045.499,2471.539,-105.38974647,38.95671560,2457.547,175.013,NAD83(2011) / UTM zone 13N + NAVD88(GEOID18) height
384,,466222.744,4311871.329,2456.453,,-105.38982810,38.95514581,2442.459,Global,0.011,0.010,0.015,0.015,2.134,m,FIX,2024-04-24 19:19:01.4 UTC-06:00,2024-04-24 19:19:04.4 UTC-06:00,16,1.7,466230.562,4312045.499,2471.539,-105.38974647,38.95671560,2457.547,174.965,NAD83(2011) / UTM zone 13N + NAVD88(GEOID18) height
385,,466222.551,4311871.330,2456.439,,-105.38983033,38.95514582,2442.445,Global,0.011,0.011,0.015,0.015,2.134,m,FIX,2024-04-24 19:19:15.8 UTC-06:00,2024-04-24 19:19:18.8 UTC-06:00,16,1.7,466230.562,4312045.499,2471.539,-105.38974647,38.95671560,2457.547,174.970,NAD83(2011) / UTM zone 13N + NAVD88(GEOID18) height
386,,466222.352,4311871.326,2456.445,,-105.38983262,38.95514577,2442.452,Global,0.011,0.010,0.020,0.015,2.134,m,FIX,2024-04-24 19:19:33.0 UTC-06:00,2024-04-24 19:19:36.0 UTC-06:00,16,1.7,466230.562,4312045.499,2471.539,-105.38974647,38.95671560,2457.547,174.985,NAD83(2011) / UTM zone 13N + NAVD88(GEOID18) height
387,,466222.154,4311871.343,2456.511,,-105.38983491,38.95514591,2442.518,Global,0.010,0.011,0.014,0.015,2.134,m,FIX,2024-04-24 19:19:50.8 UTC-06:00,2024-04-24 19:19:53.8 UTC-06:00,16,1.7,466230.562,4312045.499,2471.539,-105.38974647,38.95671560,2457.547,174.973,NAD83(2011) / UTM zone 13N + NAVD88(GEOID18) height
388,,466221.947,4311871.373,2456.460,,-105.38983730,38.95514618,2442.466,Global,0.011,0.011,0.015,0.016,2.134,m,FIX,2024-04-24 19:20:06.8 UTC-06:00,2024-04-24 19:20:09.8 UTC-06:00,16,1.7,466230.562,4312045.499,2471.539,-105.38974647,38.95671560,2457.547,174.941,NAD83(2011) / UTM zone 13N + NAVD88(GEOID18) height
389,,466221.755,4311871.365,2456.558,,-105.38983951,38.95514610,2442.565,Global,0.011,0.012,0.014,0.016,2.134,m,FIX,2024-04-24 19:20:23.2 UTC-06:00,2024-04-24 19:20:26.2 UTC-06:00,16,1.6,466230.562,4312045.499,2471.539,-105.38974647,38.95671560,2457.547,174.957,NAD83(2011) / UTM zone 13N + NAVD88(GEOID18) height
390,,466221.555,4311871.354,2456.546,,-105.38984182,38.95514599,2442.552,Global,0.010,0.011,0.013,0.015,2.134,m,FIX,2024-04-24 19:20:36.6 UTC-06:00,2024-04-24 19:20:39.6 UTC-06:00,16,1.6,466230.562,4312045.499,2471.539,-105.38974647,38.95671560,2457.547,174.981,NAD83(2011) / UTM zone 13N + NAVD88(GEOID18) height
391,,466221.355,4311871.373,2456.528,,-105.38984414,38.95514616,2442.535,Global,0.010,0.010,0.013,0.014,2.134,m,FIX,2024-04-24 19:20:54.0 UTC-06:00,2024-04-24 19:20:57.0 UTC-06:00,16,1.7,466230.562,4312045.499,2471.539,-105.38974647,38.95671560,2457.547,174.977,NAD83(2011) / UTM zone 13N + NAVD88(GEOID18) height
392,,466221.147,4311871.346,2456.597,,-105.38984653,38.95514591,2442.603,Global,0.010,0.013,0.017,0.016,2.134,m,FIX,2024-04-24 19:21:08.0 UTC-06:00,2024-04-24 19:21:11.0 UTC-06:00,16,1.6,466230.562,4312045.499,2471.539,-105.38974647,38.95671560,2457.547,175.006,NAD83(2011) / UTM zone 13N + NAVD88(GEOID18) height
393,,466220.954,4311871.381,2456.554,,-105.38984876,38.95514621,2442.561,Global,0.010,0.010,0.016,0.015,2.134,m,FIX,2024-04-24 19:21:23.8 UTC-06:00,2024-04-24 19:21:26.8 UTC-06:00,16,1.7,466230.562,4312045.499,2471.539,-105.38974647,38.95671560,2457.547,174.988,NAD83(2011) / UTM zone 13N + NAVD88(GEOID18) height
394,,466220.726,4311871.417,2456.594,,-105.38985139,38.95514653,2442.600,Global,0.010,0.010,0.015,0.015,2.134,m,FIX,2024-04-24 19:21:43.0 UTC-06:00,2024-04-24 19:21:46.0 UTC-06:00,16,1.6,466230.562,4312045.499,2471.539,-105.38974647,38.95671560,2457.547,174.964,NAD83(2011) / UTM zone 13N + NAVD88(GEOID18) height
395,,466220.510,4311871.377,2456.610,,-105.38985389,38.95514617,2442.617,Global,0.010,0.011,0.015,0.015,2.134,m,FIX,2024-04-24 19:22:01.4 UTC-06:00,2024-04-24 19:22:04.4 UTC-06:00,16,1.7,466230.562,4312045.499,2471.539,-105.38974647,38.95671560,2457.547,175.007,NAD83(2011) / UTM zone 13N + NAVD88(GEOID18) height
396,,466220.316,4311871.380,2456.600,,-105.38985612,38.95514618,2442.606,Global,0.010,0.011,0.017,0.015,2.134,m,FIX,2024-04-24 19:22:21.0 UTC-06:00,2024-04-24 19:22:24.0 UTC-06:00,16,1.6,466230.562,4312045.499,2471.539,-105.38974647,38.95671560,2457.547,175.025,NAD83(2011) / UTM zone 13N + NAVD88(GEOID18) height
397,,466220.128,4311871.391,2456.580,,-105.38985829,38.95514628,2442.587,Global,0.010,0.011,0.016,0.015,2.134,m,FIX,2024-04-24 19:22:38.0 UTC-06:00,2024-04-24 19:22:41.0 UTC-06:00,16,1.9,466230.562,4312045.499,2471.539,-105.38974647,38.95671560,2457.547,175.025,NAD83(2011) / UTM zone 13N + NAVD88(GEOID18) height
398,,466219.948,4311871.380,2456.566,,-105.38986037,38.95514617,2442.572,Global,0.010,0.011,0.020,0.015,2.134,m,FIX,2024-04-24 19:22:52.2 UTC-06:00,2024-04-24 19:22:55.2 UTC-06:00,16,2.2,466230.562,4312045.499,2471.539,-105.38974647,38.95671560,2457.547,175.038,NAD83(2011) / UTM zone 13N + NAVD88(GEOID18) height
399,,466219.756,4311871.402,2456.580,,-105.38986259,38.95514636,2442.586,Global,0.010,0.010,0.016,0.015,2.134,m,FIX,2024-04-24 19:23:11.0 UTC-06:00,2024-04-24 19:23:14.0 UTC-06:00,16,2.1,466230.562,4312045.499,2471.539,-105.38974647,38.95671560,2457.547,175.039,NAD83(2011) / UTM zone 13N + NAVD88(GEOID18) height
400,,466219.556,4311871.430,2456.561,,-105.38986490,38.95514660,2442.568,Global,0.011,0.010,0.021,0.015,2.134,m,FIX,2024-04-24 19:23:25.6 UTC-06:00,2024-04-24 19:23:28.6 UTC-06:00,16,1.9,466230.562,4312045.499,2471.539,-105.38974647,38.95671560,2457.547,175.023,NAD83(2011) / UTM zone 13N + NAVD88(GEOID18) height
401,,466219.331,4311871.441,2456.969,,-105.38986750,38.95514669,2442.976,Global,0.011,0.012,0.015,0.016,2.134,m,FIX,2024-04-24 19:23:45.2 UTC-06:00,2024-04-24 19:23:48.2 UTC-06:00,16,1.9,466230.562,4312045.499,2471.539,-105.38974647,38.95671560,2457.547,175.001,NAD83(2011) / UTM zone 13N + NAVD88(GEOID18) height
402,,466219.145,4311871.411,2457.008,,-105.38986964,38.95514641,2443.015,Global,0.011,0.018,0.019,0.022,2.134,m,FIX,2024-04-24 19:24:10.6 UTC-06:00,2024-04-24 19:24:13.6 UTC-06:00,16,1.9,466230.562,4312045.499,2471.539,-105.38974647,38.95671560,2457.547,175.046,NAD83(2011) / UTM zone 13N + NAVD88(GEOID18) height
403,,466218.946,4311871.471,2456.847,,-105.38987194,38.95514695,2442.853,Global,0.012,0.011,0.015,0.016,2.134,m,FIX,2024-04-24 19:24:36.8 UTC-06:00,2024-04-24 19:24:39.8 UTC-06:00,16,1.9,466230.562,4312045.499,2471.539,-105.38974647,38.95671560,2457.547,175.002,NAD83(2011) / UTM zone 13N + NAVD88(GEOID18) height
404,,466218.829,4311871.441,2456.591,,-105.38987329,38.95514667,2442.598,Global,0.010,0.010,0.013,0.015,2.134,m,FIX,2024-04-24 19:25:01.4 UTC-06:00,2024-04-24 19:25:04.4 UTC-06:00,16,1.9,466230.562,4312045.499,2471.539,-105.38974647,38.95671560,2457.547,175.062,NAD83(2011) / UTM zone 13N + NAVD88(GEOID18) height
405,,466218.749,4311871.459,2456.837,,-105.38987421,38.95514683,2442.844,Global,0.013,0.012,0.011,0.018,2.134,m,FIX,2024-04-24 19:25:20.4 UTC-06:00,2024-04-24 19:25:23.4 UTC-06:00,16,1.9,466230.562,4312045.499,2471.539,-105.38974647,38.95671560,2457.547,175.019,NAD83(2011) / UTM zone 13N + NAVD88(GEOID18) height
406,,466218.538,4311871.434,2456.982,,-105.38987665,38.95514660,2442.988,Global,0.011,0.017,0.013,0.020,2.134,m,FIX,2024-04-24 19:25:42.2 UTC-06:00,2024-04-24 19:25:45.2 UTC-06:00,16,1.9,466230.562,4312045.499,2471.539,-105.38974647,38.95671560,2457.547,175.032,NAD83(2011) / UTM zone 13N + NAVD88(GEOID18) height
407,,466218.371,4311871.423,2456.987,,-105.38987857,38.95514650,2442.993,Global,0.011,0.010,0.010,0.015,2.134,m,FIX,2024-04-24 19:26:00.2 UTC-06:00,2024-04-24 19:26:03.2 UTC-06:00,16,1.9,466230.562,4312045.499,2471.539,-105.38974647,38.95671560,2457.547,175.075,NAD83(2011) / UTM zone 13N + NAVD88(GEOID18) height
408,,466218.160,4311871.423,2456.986,,-105.38988100,38.95514649,2442.993,Global,0.012,0.012,0.012,0.017,2.134,m,FIX,2024-04-24 19:26:22.4 UTC-06:00,2024-04-24 19:26:25.4 UTC-06:00,16,1.9,466230.562,4312045.499,2471.539,-105.38974647,38.95671560,2457.547,175.094,NAD83(2011) / UTM zone 13N + NAVD88(GEOID18) height
409,,466217.936,4311871.422,2456.939,,-105.38988360,38.95514647,2442.945,Global,0.012,0.011,0.011,0.016,2.134,m,FIX,2024-04-24 19:26:47.2 UTC-06:00,2024-04-24 19:26:50.2 UTC-06:00,16,1.9,466230.562,4312045.499,2471.539,-105.38974647,38.95671560,2457.547,175.119,NAD83(2011) / UTM zone 13N + NAVD88(GEOID18) height
410,,466217.766,4311871.396,2456.848,,-105.38988555,38.95514623,2442.855,Global,0.011,0.011,0.015,0.015,2.134,m,FIX,2024-04-24 19:27:08.0 UTC-06:00,2024-04-24 19:27:11.0 UTC-06:00,16,1.6,466230.562,4312045.499,2471.539,-105.38974647,38.95671560,2457.547,175.161,NAD83(2011) / UTM zone 13N + NAVD88(GEOID18) height
411,,466217.561,4311871.425,2456.789,,-105.38988792,38.95514648,2442.795,Global,0.011,0.011,0.011,0.016,2.134,m,FIX,2024-04-24 19:27:29.2 UTC-06:00,2024-04-24 19:27:32.2 UTC-06:00,16,1.6,466230.562,4312045.499,2471.539,-105.38974647,38.95671560,2457.547,175.146,NAD83(2011) / UTM zone 13N + NAVD88(GEOID18) height
412,,466217.357,4311871.421,2456.628,,-105.38989028,38.95514644,2442.634,Global,0.011,0.010,0.012,0.015,2.134,m,FIX,2024-04-24 19:27:45.8 UTC-06:00,2024-04-24 19:27:48.8 UTC-06:00,16,1.8,466230.562,4312045.499,2471.539,-105.38974647,38.95671560,2457.547,175.180,NAD83(2011) / UTM zone 13N + NAVD88(GEOID18) height
413,,466217.160,4311871.422,2456.638,,-105.38989255,38.95514644,2442.645,Global,0.011,0.010,0.010,0.015,2.134,m,FIX,2024-04-24 19:28:02.6 UTC-06:00,2024-04-24 19:28:05.6 UTC-06:00,16,1.8,466230.562,4312045.499,2471.539,-105.38974647,38.95671560,2457.547,175.193,NAD83(2011) / UTM zone 13N + NAVD88(GEOID18) height
414,,466216.959,4311871.474,2456.672,,-105.38989487,38.95514690,2442.679,Global,0.011,0.011,0.011,0.015,2.134,m,FIX,2024-04-24 19:28:19.8 UTC-06:00,2024-04-24 19:28:22.8 UTC-06:00,16,1.8,466230.562,4312045.499,2471.539,-105.38974647,38.95671560,2457.547,175.149,NAD83(2011) / UTM zone 13N + NAVD88(GEOID18) height
415,,466216.720,4311871.464,2456.761,,-105.38989763,38.95514680,2442.768,Global,0.010,0.010,0.014,0.015,2.134,m,FIX,2024-04-24 19:28:45.6 UTC-06:00,2024-04-24 19:28:48.6 UTC-06:00,16,1.7,466230.562,4312045.499,2471.539,-105.38974647,38.95671560,2457.547,175.175,NAD83(2011) / UTM zone 13N + NAVD88(GEOID18) height
416,,466216.585,4311871.450,2456.788,,-105.38989919,38.95514667,2442.794,Global,0.011,0.011,0.012,0.016,2.134,m,FIX,2024-04-24 19:29:22.6 UTC-06:00,2024-04-24 19:29:25.6 UTC-06:00,16,1.8,466230.562,4312045.499,2471.539,-105.38974647,38.95671560,2457.547,175.194,NAD83(2011) / UTM zone 13N + NAVD88(GEOID18) height
417,,466216.346,4311871.466,2456.807,,-105.38990195,38.95514680,2442.813,Global,0.010,0.010,0.010,0.014,2.134,m,FIX,2024-04-24 19:29:52.6 UTC-06:00,2024-04-24 19:29:55.6 UTC-06:00,16,1.8,466230.562,4312045.499,2471.539,-105.38974647,38.95671560,2457.547,175.198,NAD83(2011) / UTM zone 13N + NAVD88(GEOID18) height
418,,466216.132,4311871.466,2456.938,,-105.38990442,38.95514679,2442.945,Global,0.011,0.011,0.016,0.015,2.134,m,FIX,2024-04-24 19:30:14.6 UTC-06:00,2024-04-24 19:30:17.6 UTC-06:00,16,1.8,466230.562,4312045.499,2471.539,-105.38974647,38.95671560,2457.547,175.216,NAD83(2011) / UTM zone 13N + NAVD88(GEOID18) height
419,,466215.975,4311871.451,2457.015,,-105.38990623,38.95514666,2443.022,Global,0.011,0.011,0.012,0.015,2.134,m,FIX,2024-04-24 19:30:33.4 UTC-06:00,2024-04-24 19:30:36.4 UTC-06:00,16,1.5,466230.562,4312045.499,2471.539,-105.38974647,38.95671560,2457.547,175.234,NAD83(2011) / UTM zone 13N + NAVD88(GEOID18) height
420,,466215.770,4311871.446,2457.093,,-105.38990860,38.95514660,2443.100,Global,0.010,0.010,0.012,0.015,2.134,m,FIX,2024-04-24 19:30:50.8 UTC-06:00,2024-04-24 19:30:53.8 UTC-06:00,16,1.8,466230.562,4312045.499,2471.539,-105.38974647,38.95671560,2457.547,175.246,NAD83(2011) / UTM zone 13N + NAVD88(GEOID18) height
421,,466215.562,4311871.449,2457.146,,-105.38991099,38.95514662,2443.153,Global,0.010,0.010,0.011,0.014,2.134,m,FIX,2024-04-24 19:31:06.8 UTC-06:00,2024-04-24 19:31:09.8 UTC-06:00,16,1.8,466230.562,4312045.499,2471.539,-105.38974647,38.95671560,2457.547,175.257,NAD83(2011) / UTM zone 13N + NAVD88(GEOID18) height
422,,466215.359,4311871.458,2457.140,,-105.38991334,38.95514669,2443.146,Global,0.010,0.010,0.011,0.015,2.134,m,FIX,2024-04-24 19:31:24.2 UTC-06:00,2024-04-24 19:31:27.2 UTC-06:00,16,1.8,466230.562,4312045.499,2471.539,-105.38974647,38.95671560,2457.547,175.272,NAD83(2011) / UTM zone 13N + NAVD88(GEOID18) height
423,,466215.058,4311871.483,2457.183,,-105.38991681,38.95514690,2443.190,Global,0.010,0.011,0.012,0.015,2.134,m,FIX,2024-04-24 19:31:56.2 UTC-06:00,2024-04-24 19:31:59.2 UTC-06:00,16,1.8,466230.562,4312045.499,2471.539,-105.38974647,38.95671560,2457.547,175.266,NAD83(2011) / UTM zone 13N + NAVD88(GEOID18) height
424,,466215.097,4311871.500,2457.360,,-105.38991636,38.95514706,2443.367,Global,0.010,0.010,0.010,0.014,2.134,m,FIX,2024-04-24 19:32:18.0 UTC-06:00,2024-04-24 19:32:21.0 UTC-06:00,16,1.8,466230.562,4312045.499,2471.539,-105.38974647,38.95671560,2457.547,175.238,NAD83(2011) / UTM zone 13N + NAVD88(GEOID18) height
425,,466215.191,4311871.262,2457.186,,-105.38991527,38.95514492,2443.193,Global,0.011,0.010,0.011,0.015,2.134,m,FIX,2024-04-24 19:32:52.2 UTC-06:00,2024-04-24 19:32:55.2 UTC-06:00,16,1.5,466230.562,4312045.499,2471.539,-105.38974647,38.95671560,2457.547,175.474,NAD83(2011) / UTM zone 13N + NAVD88(GEOID18) height
426,,466214.886,4311871.502,2457.196,,-105.38991879,38.95514707,2443.203,Global,0.010,0.010,0.013,0.015,2.134,m,FIX,2024-04-24 19:33:18.2 UTC-06:00,2024-04-24 19:33:21.2 UTC-06:00,16,1.8,466230.562,4312045.499,2471.539,-105.38974647,38.95671560,2457.547,175.266,NAD83(2011) / UTM zone 13N + NAVD88(GEOID18) height
427,,466215.101,4311871.712,2457.141,,-105.38991633,38.95514898,2443.148,Global,0.010,0.010,0.014,0.015,2.134,m,FIX,2024-04-24 19:33:37.2 UTC-06:00,2024-04-24 19:33:40.2 UTC-06:00,16,2.0,466230.562,4312045.499,2471.539,-105.38974647,38.95671560,2457.547,175.036,NAD83(2011) / UTM zone 13N + NAVD88(GEOID18) height
428,,466215.104,4311871.488,2457.381,,-105.38991628,38.95514695,2443.387,Global,0.010,0.010,0.011,0.014,2.134,m,FIX,2024-04-24 19:34:24.0 UTC-06:00,2024-04-24 19:34:27.0 UTC-06:00,16,1.7,466230.562,4312045.499,2471.539,-105.38974647,38.95671560,2457.547,175.247,NAD83(2011) / UTM zone 13N + NAVD88(GEOID18) height
