Name,Code,Easting,Northing,Elevation,Description,Longitude,Latitude,Ellipsoidal height,Origin,Easting RMS,Northing RMS,Elevation RMS,Lateral RMS,Antenna height,Antenna height units,Solution status,Averaging start,Averaging end,Samples,PDOP,GDOP,Base easting,Base northing,Base elevation,Base longitude,Base latitude,Base ellipsoidal height,Baseline,Mount point,CS name,GPS Satellites,GLONASS Satellites,Galileo Satellites,BeiDou Satellites,QZSS Satellites
1,,468034.62,4313287.611,2426.125,,-105.3689836,38.96797622,2412.105,Global,0.012,0.011,0.012,0.016,2.134,m,FIX,2024-04-25 10:36:13.0 UTC-06:00,2024-04-25 10:36:16.0 UTC-06:00,16,1.6,1.9,468221.158,4313237.027,2433.525,-105.366828,38.96752719,2419.5,193.501,,NAD83(2011) / UTM zone 13N + NAVD88(GEOID18) height,7,6,5,3,0
2,,468034.427,4313287.709,2426.081,,-105.3689858,38.9679771,2412.062,Global,0.011,0.011,0.011,0.015,2.134,m,FIX,2024-04-25 10:36:38.4 UTC-06:00,2024-04-25 10:36:41.4 UTC-06:00,16,1.6,1.9,468221.158,4313237.027,2433.525,-105.366828,38.96752719,2419.5,193.712,,NAD83(2011) / UTM zone 13N + NAVD88(GEOID18) height,8,6,5,3,0
3,,468034.465,4313287.285,2426.054,,-105.3689854,38.96797328,2412.034,Global,0.011,0.01,0.015,0.015,2.134,m,FIX,2024-04-25 10:38:57.2 UTC-06:00,2024-04-25 10:39:00.2 UTC-06:00,16,1.7,1.9,468221.158,4313237.027,2433.525,-105.366828,38.96752719,2419.5,193.568,,NAD83(2011) / UTM zone 13N + NAVD88(GEOID18) height,7,6,5,4,0
4,,468034.775,4313287.408,2426.078,,-105.3689818,38.96797441,2412.058,Global,0.01,0.013,0.011,0.016,2.134,m,FIX,2024-04-25 10:39:17.4 UTC-06:00,2024-04-25 10:39:20.4 UTC-06:00,16,1.7,1.9,468221.158,4313237.027,2433.525,-105.366828,38.96752719,2419.5,193.293,,NAD83(2011) / UTM zone 13N + NAVD88(GEOID18) height,8,6,4,5,0
5,,468034.61,4313287.514,2426.146,,-105.3689837,38.96797535,2412.127,Global,0.01,0.01,0.011,0.015,2.134,m,FIX,2024-04-25 10:39:34.6 UTC-06:00,2024-04-25 10:39:37.6 UTC-06:00,16,1.7,1.9,468221.158,4313237.027,2433.525,-105.366828,38.96752719,2419.5,193.48,,NAD83(2011) / UTM zone 13N + NAVD88(GEOID18) height,7,5,4,5,0
6,,468034.734,4313287.729,2426.042,,-105.3689823,38.96797729,2412.023,Global,0.01,0.011,0.011,0.015,2.134,m,FIX,2024-04-25 10:39:53.0 UTC-06:00,2024-04-25 10:39:56.0 UTC-06:00,16,1.7,1.9,468221.158,4313237.027,2433.525,-105.366828,38.96752719,2419.5,193.42,,NAD83(2011) / UTM zone 13N + NAVD88(GEOID18) height,7,5,4,5,0
7,,468034.792,4313287.917,2425.973,,-105.3689816,38.96797899,2411.953,Global,0.011,0.011,0.012,0.015,2.134,m,FIX,2024-04-25 10:40:15.0 UTC-06:00,2024-04-25 10:40:18.0 UTC-06:00,16,1.7,1.9,468221.158,4313237.027,2433.525,-105.366828,38.96752719,2419.5,193.416,,NAD83(2011) / UTM zone 13N + NAVD88(GEOID18) height,7,6,4,5,0
8,,468034.86,4313288.111,2425.811,,-105.3689808,38.96798074,2411.791,Global,0.011,0.011,0.011,0.016,2.134,m,FIX,2024-04-25 10:40:30.8 UTC-06:00,2024-04-25 10:40:33.8 UTC-06:00,16,1.7,1.9,468221.158,4313237.027,2433.525,-105.366828,38.96752719,2419.5,193.398,,NAD83(2011) / UTM zone 13N + NAVD88(GEOID18) height,8,6,4,5,0
9,,468034.9,4313288.262,2425.76,,-105.3689804,38.96798211,2411.74,Global,0.011,0.011,0.011,0.016,2.134,m,FIX,2024-04-25 10:40:41.0 UTC-06:00,2024-04-25 10:40:44.0 UTC-06:00,16,1.7,1.9,468221.158,4313237.027,2433.525,-105.366828,38.96752719,2419.5,193.4,,NAD83(2011) / UTM zone 13N + NAVD88(GEOID18) height,8,6,3,4,0
10,,468034.98,4313288.479,2425.67,,-105.3689795,38.96798406,2411.651,Global,0.011,0.011,0.01,0.016,2.134,m,FIX,2024-04-25 10:40:54.2 UTC-06:00,2024-04-25 10:40:57.2 UTC-06:00,16,1.7,1.9,468221.158,4313237.027,2433.525,-105.366828,38.96752719,2419.5,193.39,,NAD83(2011) / UTM zone 13N + NAVD88(GEOID18) height,7,6,4,5,0
11,,468035.045,4313288.676,2425.374,,-105.3689787,38.96798584,2411.355,Global,0.01,0.011,0.011,0.015,2.134,m,FIX,2024-04-25 10:41:09.0 UTC-06:00,2024-04-25 10:41:12.0 UTC-06:00,16,1.7,1.9,468221.158,4313237.027,2433.525,-105.366828,38.96752719,2419.5,193.388,,NAD83(2011) / UTM zone 13N + NAVD88(GEOID18) height,6,5,4,5,0
12,,468035.085,4313288.884,2425.195,,-105.3689783,38.96798771,2411.175,Global,0.011,0.012,0.011,0.016,2.134,m,FIX,2024-04-25 10:41:23.0 UTC-06:00,2024-04-25 10:41:26.0 UTC-06:00,16,1.7,1.9,468221.158,4313237.027,2433.525,-105.366828,38.96752719,2419.5,193.411,,NAD83(2011) / UTM zone 13N + NAVD88(GEOID18) height,7,5,3,5,0
13,,468035.25,4313289.08,2425.688,,-105.3689764,38.96798949,2411.669,Global,0.011,0.01,0.016,0.015,2.134,m,FIX,2024-04-25 10:41:44.8 UTC-06:00,2024-04-25 10:41:47.8 UTC-06:00,16,1.7,1.9,468221.158,4313237.027,2433.525,-105.366828,38.96752719,2419.5,193.296,,NAD83(2011) / UTM zone 13N + NAVD88(GEOID18) height,8,5,4,4,0
14,,468035.361,4313289.281,2425.731,,-105.3689751,38.9679913,2411.712,Global,0.013,0.01,0.013,0.017,2.134,m,FIX,2024-04-25 10:41:59.8 UTC-06:00,2024-04-25 10:42:02.8 UTC-06:00,16,1.7,1.9,468221.158,4313237.027,2433.525,-105.366828,38.96752719,2419.5,193.235,,NAD83(2011) / UTM zone 13N + NAVD88(GEOID18) height,7,5,4,5,0
15,,468035.391,4313289.459,2425.807,,-105.3689748,38.96799291,2411.788,Global,0.01,0.011,0.012,0.015,2.134,m,FIX,2024-04-25 10:42:17.2 UTC-06:00,2024-04-25 10:42:20.2 UTC-06:00,16,1.7,1.9,468221.158,4313237.027,2433.525,-105.366828,38.96752719,2419.5,193.254,,NAD83(2011) / UTM zone 13N + NAVD88(GEOID18) height,7,6,4,5,0
16,,468035.482,4313289.639,2425.99,,-105.3689737,38.96799453,2411.97,Global,0.012,0.015,0.017,0.02,2.134,m,FIX,2024-04-25 10:42:29.8 UTC-06:00,2024-04-25 10:42:32.8 UTC-06:00,16,1.7,1.9,468221.158,4313237.027,2433.525,-105.366828,38.96752719,2419.5,193.215,,NAD83(2011) / UTM zone 13N + NAVD88(GEOID18) height,8,5,4,5,0
17,,468035.565,4313289.878,2425.514,,-105.3689728,38.96799669,2411.494,Global,0.011,0.011,0.017,0.016,2.134,m,FIX,2024-04-25 10:42:43.2 UTC-06:00,2024-04-25 10:42:46.2 UTC-06:00,16,1.7,1.9,468221.158,4313237.027,2433.525,-105.366828,38.96752719,2419.5,193.214,,NAD83(2011) / UTM zone 13N + NAVD88(GEOID18) height,7,5,4,5,0
18,,468035.688,4313290.033,2425.693,,-105.3689714,38.96799809,2411.674,Global,0.015,0.012,0.02,0.019,2.134,m,FIX,2024-04-25 10:42:54.4 UTC-06:00,2024-04-25 10:42:57.4 UTC-06:00,16,1.7,1.9,468221.158,4313237.027,2433.525,-105.366828,38.96752719,2419.5,193.137,,NAD83(2011) / UTM zone 13N + NAVD88(GEOID18) height,7,6,4,4,0
19,,468035.703,4313290.17,2425.645,,-105.3689712,38.96799932,2411.626,Global,0.011,0.01,0.018,0.015,2.134,m,FIX,2024-04-25 10:43:13.4 UTC-06:00,2024-04-25 10:43:16.4 UTC-06:00,16,1.7,2,468221.158,4313237.027,2433.525,-105.366828,38.96752719,2419.5,193.152,,NAD83(2011) / UTM zone 13N + NAVD88(GEOID18) height,7,6,4,5,0
20,,468035.736,4313290.384,2425.422,,-105.3689708,38.96800125,2411.402,Global,0.011,0.011,0.019,0.015,2.134,m,FIX,2024-04-25 10:43:22.8 UTC-06:00,2024-04-25 10:43:25.8 UTC-06:00,16,1.7,2,468221.158,4313237.027,2433.525,-105.366828,38.96752719,2419.5,193.19,,NAD83(2011) / UTM zone 13N + NAVD88(GEOID18) height,7,6,4,4,0
21,,468035.784,4313290.58,2425.351,,-105.3689703,38.96800302,2411.332,Global,0.011,0.012,0.014,0.017,2.134,m,FIX,2024-04-25 10:43:52.6 UTC-06:00,2024-04-25 10:43:55.6 UTC-06:00,16,1.7,2,468221.158,4313237.027,2433.525,-105.366828,38.96752719,2419.5,193.198,,NAD83(2011) / UTM zone 13N + NAVD88(GEOID18) height,7,5,4,4,0
22,,468035.892,4313290.785,2425.24,,-105.3689691,38.96800488,2411.221,Global,0.011,0.012,0.013,0.017,2.134,m,FIX,2024-04-25 10:44:09.2 UTC-06:00,2024-04-25 10:44:12.2 UTC-06:00,16,1.7,2,468221.158,4313237.027,2433.525,-105.366828,38.96752719,2419.5,193.159,,NAD83(2011) / UTM zone 13N + NAVD88(GEOID18) height,7,5,4,5,0
23,,468035.891,4313290.728,2425.287,,-105.3689691,38.96800437,2411.267,Global,0.01,0.012,0.014,0.015,2.134,m,FIX,2024-04-25 10:44:47.4 UTC-06:00,2024-04-25 10:44:50.4 UTC-06:00,16,1.7,2,468221.158,4313237.027,2433.525,-105.366828,38.96752719,2419.5,193.136,,NAD83(2011) / UTM zone 13N + NAVD88(GEOID18) height,7,5,4,5,0
24,,468035.887,4313290.897,2424.931,,-105.3689691,38.96800589,2410.912,Global,0.012,0.014,0.014,0.018,2.134,m,FIX,2024-04-25 10:45:03.8 UTC-06:00,2024-04-25 10:45:06.8 UTC-06:00,16,1.7,2,468221.158,4313237.027,2433.525,-105.366828,38.96752719,2419.5,193.204,,NAD83(2011) / UTM zone 13N + NAVD88(GEOID18) height,7,5,4,5,0
25,,468036.054,4313291.149,2424.832,,-105.3689672,38.96800816,2410.812,Global,0.011,0.01,0.013,0.015,2.134,m,FIX,2024-04-25 10:45:40.0 UTC-06:00,2024-04-25 10:45:43.0 UTC-06:00,16,1.7,2,468221.158,4313237.027,2433.525,-105.366828,38.96752719,2419.5,193.106,,NAD83(2011) / UTM zone 13N + NAVD88(GEOID18) height,8,6,4,5,0
26,,468036.122,4313291.316,2424.776,,-105.3689664,38.96800967,2410.756,Global,0.013,0.012,0.012,0.017,2.134,m,FIX,2024-04-25 10:45:54.4 UTC-06:00,2024-04-25 10:45:57.4 UTC-06:00,16,1.7,2,468221.158,4313237.027,2433.525,-105.366828,38.96752719,2419.5,193.08,,NAD83(2011) / UTM zone 13N + NAVD88(GEOID18) height,6,6,3,5,0
27,,468036.173,4313291.481,2424.758,,-105.3689658,38.96801115,2410.738,Global,0.01,0.011,0.013,0.015,2.134,m,FIX,2024-04-25 10:46:03.8 UTC-06:00,2024-04-25 10:46:06.8 UTC-06:00,16,1.7,2,468221.158,4313237.027,2433.525,-105.366828,38.96752719,2419.5,193.091,,NAD83(2011) / UTM zone 13N + NAVD88(GEOID18) height,6,5,4,5,0
28,,468036.196,4313291.677,2424.685,,-105.3689656,38.96801293,2410.666,Global,0.015,0.01,0.017,0.018,2.134,m,FIX,2024-04-25 10:46:23.8 UTC-06:00,2024-04-25 10:46:26.8 UTC-06:00,16,1.7,2,468221.158,4313237.027,2433.525,-105.366828,38.96752719,2419.5,193.113,,NAD83(2011) / UTM zone 13N + NAVD88(GEOID18) height,6,5,4,5,0
29,,468036.249,4313291.738,2424.769,,-105.368965,38.96801347,2410.749,Global,0.013,0.012,0.019,0.018,2.134,m,FIX,2024-04-25 10:46:38.4 UTC-06:00,2024-04-25 10:46:41.4 UTC-06:00,16,1.7,2,468221.158,4313237.027,2433.525,-105.366828,38.96752719,2419.5,193.099,,NAD83(2011) / UTM zone 13N + NAVD88(GEOID18) height,6,5,3,5,0
30,,468036.258,4313291.89,2424.958,,-105.3689649,38.96801484,2410.938,Global,0.017,0.017,0.02,0.023,2.134,m,FIX,2024-04-25 10:46:54.0 UTC-06:00,2024-04-25 10:46:57.0 UTC-06:00,16,1.7,2,468221.158,4313237.027,2433.525,-105.366828,38.96752719,2419.5,193.109,,NAD83(2011) / UTM zone 13N + NAVD88(GEOID18) height,7,5,4,4,0
31,,468036.349,4313292.123,2425.031,,-105.3689638,38.96801695,2411.012,Global,0.014,0.017,0.019,0.021,2.134,m,FIX,2024-04-25 10:47:16.2 UTC-06:00,2024-04-25 10:47:19.2 UTC-06:00,16,1.7,2,468221.158,4313237.027,2433.525,-105.366828,38.96752719,2419.5,193.111,,NAD83(2011) / UTM zone 13N + NAVD88(GEOID18) height,7,5,4,4,0
32,,468036.422,4313292.358,2424.827,,-105.368963,38.96801907,2410.807,Global,0.013,0.013,0.022,0.018,2.134,m,FIX,2024-04-25 10:47:34.8 UTC-06:00,2024-04-25 10:47:37.8 UTC-06:00,16,1.7,2,468221.158,4313237.027,2433.525,-105.366828,38.96752719,2419.5,193.114,,NAD83(2011) / UTM zone 13N + NAVD88(GEOID18) height,6,6,4,4,0
33,,468036.481,4313292.437,2424.764,,-105.3689623,38.96801978,2410.744,Global,0.011,0.011,0.013,0.015,2.134,m,FIX,2024-04-25 10:47:50.0 UTC-06:00,2024-04-25 10:47:53.0 UTC-06:00,16,1.7,2,468221.158,4313237.027,2433.525,-105.366828,38.96752719,2419.5,193.071,,NAD83(2011) / UTM zone 13N + NAVD88(GEOID18) height,6,4,4,4,0
34,,468036.533,4313292.624,2424.785,,-105.3689617,38.96802147,2410.765,Global,0.01,0.01,0.014,0.015,2.134,m,FIX,2024-04-25 10:48:01.6 UTC-06:00,2024-04-25 10:48:04.6 UTC-06:00,16,1.7,2,468221.158,4313237.027,2433.525,-105.366828,38.96752719,2419.5,193.077,,NAD83(2011) / UTM zone 13N + NAVD88(GEOID18) height,6,5,4,4,0
35,,468036.607,4313292.816,2424.791,,-105.3689609,38.9680232,2410.772,Global,0.011,0.01,0.015,0.015,2.134,m,FIX,2024-04-25 10:48:15.0 UTC-06:00,2024-04-25 10:48:18.0 UTC-06:00,16,1.7,2,468221.158,4313237.027,2433.525,-105.366828,38.96752719,2419.5,193.063,,NAD83(2011) / UTM zone 13N + NAVD88(GEOID18) height,6,6,4,4,0
36,,468036.717,4313293.009,2424.813,,-105.3689596,38.96802494,2410.793,Global,0.01,0.01,0.016,0.015,2.134,m,FIX,2024-04-25 10:48:29.8 UTC-06:00,2024-04-25 10:48:32.8 UTC-06:00,16,1.7,2,468221.158,4313237.027,2433.525,-105.366828,38.96752719,2419.5,193.007,,NAD83(2011) / UTM zone 13N + NAVD88(GEOID18) height,6,6,5,4,0
37,,468036.77,4313293.202,2424.631,,-105.368959,38.96802669,2410.611,Global,0.011,0.011,0.016,0.015,2.134,m,FIX,2024-04-25 10:48:45.6 UTC-06:00,2024-04-25 10:48:48.6 UTC-06:00,16,1.7,2,468221.158,4313237.027,2433.525,-105.366828,38.96752719,2419.5,193.013,,NAD83(2011) / UTM zone 13N + NAVD88(GEOID18) height,6,6,4,5,0
38,,468036.891,4313293.414,2424.646,,-105.3689576,38.9680286,2410.627,Global,0.011,0.011,0.014,0.015,2.134,m,FIX,2024-04-25 10:49:07.0 UTC-06:00,2024-04-25 10:49:10.0 UTC-06:00,16,1.8,2.2,468221.158,4313237.027,2433.525,-105.366828,38.96752719,2419.5,192.962,,NAD83(2011) / UTM zone 13N + NAVD88(GEOID18) height,6,5,5,5,0
39,,468036.917,4313293.57,2424.632,,-105.3689574,38.96803001,2410.613,Global,0.01,0.01,0.014,0.015,2.134,m,FIX,2024-04-25 10:49:20.0 UTC-06:00,2024-04-25 10:49:23.0 UTC-06:00,16,1.7,2,468221.158,4313237.027,2433.525,-105.366828,38.96752719,2419.5,192.99,,NAD83(2011) / UTM zone 13N + NAVD88(GEOID18) height,6,5,5,5,0
40,,468036.937,4313293.779,2424.604,,-105.3689571,38.96803189,2410.584,Global,0.012,0.01,0.017,0.016,2.134,m,FIX,2024-04-25 10:49:53.2 UTC-06:00,2024-04-25 10:49:56.2 UTC-06:00,16,1.7,2,468221.158,4313237.027,2433.525,-105.366828,38.96752719,2419.5,193.042,,NAD83(2011) / UTM zone 13N + NAVD88(GEOID18) height,6,5,4,5,0
41,,468037.022,4313293.96,2424.622,,-105.3689562,38.96803353,2410.602,Global,0.011,0.01,0.019,0.015,2.134,m,FIX,2024-04-25 10:50:04.6 UTC-06:00,2024-04-25 10:50:07.6 UTC-06:00,16,1.7,2,468221.158,4313237.027,2433.525,-105.366828,38.96752719,2419.5,193.006,,NAD83(2011) / UTM zone 13N + NAVD88(GEOID18) height,6,5,5,4,0
42,,468037.098,4313294.152,2424.6,,-105.3689553,38.96803526,2410.58,Global,0.014,0.011,0.022,0.018,2.134,m,FIX,2024-04-25 10:50:14.4 UTC-06:00,2024-04-25 10:50:17.4 UTC-06:00,16,1.7,2,468221.158,4313237.027,2433.525,-105.366828,38.96752719,2419.5,192.995,,NAD83(2011) / UTM zone 13N + NAVD88(GEOID18) height,6,6,5,4,0
43,,468037.174,4313294.316,2424.587,,-105.3689544,38.96803674,2410.567,Global,0.012,0.011,0.02,0.016,2.134,m,FIX,2024-04-25 10:50:23.6 UTC-06:00,2024-04-25 10:50:26.6 UTC-06:00,16,1.7,2,468221.158,4313237.027,2433.525,-105.366828,38.96752719,2419.5,192.969,,NAD83(2011) / UTM zone 13N + NAVD88(GEOID18) height,6,5,4,4,0
44,,468037.222,4313294.534,2424.606,,-105.3689539,38.96803871,2410.586,Global,0.011,0.01,0.018,0.015,2.134,m,FIX,2024-04-25 10:50:33.4 UTC-06:00,2024-04-25 10:50:36.4 UTC-06:00,16,1.7,2,468221.158,4313237.027,2433.525,-105.366828,38.96752719,2419.5,192.974,,NAD83(2011) / UTM zone 13N + NAVD88(GEOID18) height,6,6,4,4,0
45,,468037.286,4313294.737,2424.642,,-105.3689531,38.96804054,2410.622,Global,0.012,0.011,0.022,0.017,2.134,m,FIX,2024-04-25 10:50:43.8 UTC-06:00,2024-04-25 10:50:46.8 UTC-06:00,16,1.7,2,468221.158,4313237.027,2433.525,-105.366828,38.96752719,2419.5,192.983,,NAD83(2011) / UTM zone 13N + NAVD88(GEOID18) height,6,5,4,5,0
46,,468037.369,4313294.895,2424.604,,-105.3689522,38.96804197,2410.585,Global,0.011,0.01,0.019,0.015,2.134,m,FIX,2024-04-25 10:50:50.6 UTC-06:00,2024-04-25 10:50:53.6 UTC-06:00,16,1.7,2,468221.158,4313237.027,2433.525,-105.366828,38.96752719,2419.5,192.943,,NAD83(2011) / UTM zone 13N + NAVD88(GEOID18) height,6,5,4,4,0
47,,468037.438,4313295.075,2424.591,,-105.3689514,38.96804359,2410.571,Global,0.014,0.013,0.026,0.02,2.134,m,FIX,2024-04-25 10:51:04.0 UTC-06:00,2024-04-25 10:51:07.0 UTC-06:00,16,1.7,2,468221.158,4313237.027,2433.525,-105.366828,38.96752719,2419.5,192.937,,NAD83(2011) / UTM zone 13N + NAVD88(GEOID18) height,6,5,5,4,0
48,,468037.489,4313295.284,2424.542,,-105.3689508,38.96804547,2410.522,Global,0.015,0.013,0.028,0.02,2.134,m,FIX,2024-04-25 10:51:14.0 UTC-06:00,2024-04-25 10:51:17.0 UTC-06:00,16,1.7,2,468221.158,4313237.027,2433.525,-105.366828,38.96752719,2419.5,192.954,,NAD83(2011) / UTM zone 13N + NAVD88(GEOID18) height,6,4,5,4,0
49,,468037.597,4313295.447,2424.526,,-105.3689496,38.96804695,2410.506,Global,0.013,0.011,0.022,0.018,2.134,m,FIX,2024-04-25 10:51:29.0 UTC-06:00,2024-04-25 10:51:32.0 UTC-06:00,16,1.7,2,468221.158,4313237.027,2433.525,-105.366828,38.96752719,2419.5,192.907,,NAD83(2011) / UTM zone 13N + NAVD88(GEOID18) height,6,5,5,4,0
50,,468037.702,4313295.663,2424.505,,-105.3689484,38.96804889,2410.485,Global,0.013,0.012,0.024,0.017,2.134,m,FIX,2024-04-25 10:51:39.8 UTC-06:00,2024-04-25 10:51:42.8 UTC-06:00,16,1.7,2,468221.158,4313237.027,2433.525,-105.366828,38.96752719,2419.5,192.867,,NAD83(2011) / UTM zone 13N + NAVD88(GEOID18) height,6,6,5,4,0
51,,468037.706,4313295.837,2424.503,,-105.3689484,38.96805046,2410.484,Global,0.015,0.013,0.025,0.02,2.134,m,FIX,2024-04-25 10:51:54.6 UTC-06:00,2024-04-25 10:51:57.6 UTC-06:00,16,1.7,2,468221.158,4313237.027,2433.525,-105.366828,38.96752719,2419.5,192.92,,NAD83(2011) / UTM zone 13N + NAVD88(GEOID18) height,6,5,4,4,0
52,,468037.861,4313296.003,2424.535,,-105.3689466,38.96805197,2410.515,Global,0.011,0.011,0.015,0.016,2.134,m,FIX,2024-04-25 10:53:42.8 UTC-06:00,2024-04-25 10:53:45.8 UTC-06:00,16,1.9,2.2,468221.158,4313237.027,2433.525,-105.366828,38.96752719,2419.5,192.824,,NAD83(2011) / UTM zone 13N + NAVD88(GEOID18) height,6,5,4,4,0
53,,468037.848,4313296.128,2424.497,,-105.3689467,38.9680531,2410.477,Global,0.018,0.013,0.024,0.022,2.134,m,FIX,2024-04-25 10:55:26.8 UTC-06:00,2024-04-25 10:55:29.8 UTC-06:00,16,1.9,2.2,468221.158,4313237.027,2433.525,-105.366828,38.96752719,2419.5,192.86,,NAD83(2011) / UTM zone 13N + NAVD88(GEOID18) height,6,6,4,4,0
54,,468037.93,4313296.306,2424.448,,-105.3689458,38.9680547,2410.428,Global,0.042,0.017,0.025,0.045,2.134,m,FIX,2024-04-25 10:55:43.2 UTC-06:00,2024-04-25 10:55:46.2 UTC-06:00,16,1.9,2.2,468221.158,4313237.027,2433.525,-105.366828,38.96752719,2419.5,192.896,,NAD83(2011) / UTM zone 13N + NAVD88(GEOID18) height,5,5,3,4,0
55,,468038.114,4313296.508,2424.44,,-105.3689437,38.96805652,2410.421,Global,0.013,0.011,0.022,0.017,2.134,m,FIX,2024-04-25 10:56:18.0 UTC-06:00,2024-04-25 10:56:21.0 UTC-06:00,16,1.9,2.2,468221.158,4313237.027,2433.525,-105.366828,38.96752719,2419.5,192.749,,NAD83(2011) / UTM zone 13N + NAVD88(GEOID18) height,6,5,4,4,0
56,,468038.096,4313296.677,2424.468,,-105.3689439,38.96805805,2410.449,Global,0.052,0.019,0.022,0.056,2.134,m,FIX,2024-04-25 10:56:35.0 UTC-06:00,2024-04-25 10:56:38.0 UTC-06:00,16,1.9,2.2,468221.158,4313237.027,2433.525,-105.366828,38.96752719,2419.5,192.92,,NAD83(2011) / UTM zone 13N + NAVD88(GEOID18) height,6,5,5,4,0
57,,468038.19,4313296.922,2424.491,,-105.3689428,38.96806026,2410.471,Global,0.032,0.011,0.021,0.034,2.134,m,FIX,2024-04-25 10:56:59.2 UTC-06:00,2024-04-25 10:57:02.2 UTC-06:00,16,1.9,2.2,468221.158,4313237.027,2433.525,-105.366828,38.96752719,2419.5,192.854,,NAD83(2011) / UTM zone 13N + NAVD88(GEOID18) height,6,6,4,4,0
58,,468038.232,4313297.171,2424.446,,-105.3689423,38.96806251,2410.426,Global,0.014,0.011,0.018,0.018,2.134,m,FIX,2024-04-25 10:57:14.6 UTC-06:00,2024-04-25 10:57:17.6 UTC-06:00,16,1.9,2.2,468221.158,4313237.027,2433.525,-105.366828,38.96752719,2419.5,192.839,,NAD83(2011) / UTM zone 13N + NAVD88(GEOID18) height,6,5,5,4,0
59,,468038.379,4313297.328,2424.42,,-105.3689407,38.96806392,2410.4,Global,0.012,0.011,0.021,0.016,2.134,m,FIX,2024-04-25 10:57:30.2 UTC-06:00,2024-04-25 10:57:33.2 UTC-06:00,16,1.9,2.2,468221.158,4313237.027,2433.525,-105.366828,38.96752719,2419.5,192.752,,NAD83(2011) / UTM zone 13N + NAVD88(GEOID18) height,6,4,5,4,0
60,,468038.474,4313297.495,2424.411,,-105.3689396,38.96806543,2410.392,Global,0.018,0.027,0.023,0.032,2.134,m,FIX,2024-04-25 10:58:03.4 UTC-06:00,2024-04-25 10:58:06.4 UTC-06:00,16,1.9,2.2,468221.158,4313237.027,2433.525,-105.366828,38.96752719,2419.5,192.694,,NAD83(2011) / UTM zone 13N + NAVD88(GEOID18) height,6,4,5,4,0
61,,468038.546,4313297.779,2424.387,,-105.3689388,38.968068,2410.367,Global,0.011,0.021,0.019,0.024,2.134,m,FIX,2024-04-25 10:58:18.6 UTC-06:00,2024-04-25 10:58:21.6 UTC-06:00,16,1.8,2.2,468221.158,4313237.027,2433.525,-105.366828,38.96752719,2419.5,192.731,,NAD83(2011) / UTM zone 13N + NAVD88(GEOID18) height,6,6,5,4,0
62,,468038.678,4313298.052,2424.34,,-105.3689372,38.96807046,2410.321,Global,0.016,0.014,0.028,0.022,2.134,m,FIX,2024-04-25 10:58:41.4 UTC-06:00,2024-04-25 10:58:44.4 UTC-06:00,16,1.8,2.2,468221.158,4313237.027,2433.525,-105.366828,38.96752719,2419.5,192.711,,NAD83(2011) / UTM zone 13N + NAVD88(GEOID18) height,6,4,5,4,0
63,,468038.718,4313298.258,2424.304,,-105.3689368,38.96807232,2410.285,Global,0.062,0.014,0.021,0.064,2.134,m,FIX,2024-04-25 10:58:59.4 UTC-06:00,2024-04-25 10:59:02.4 UTC-06:00,16,1.8,2.2,468221.158,4313237.027,2433.525,-105.366828,38.96752719,2419.5,192.792,,NAD83(2011) / UTM zone 13N + NAVD88(GEOID18) height,6,4,4,4,0
64,,468038.883,4313298.527,2424.296,,-105.3689349,38.96807475,2410.276,Global,0.044,0.07,0.024,0.083,2.134,m,FIX,2024-04-25 10:59:53.0 UTC-06:00,2024-04-25 10:59:56.0 UTC-06:00,16,1.8,2.2,468221.158,4313237.027,2433.525,-105.366828,38.96752719,2419.5,192.593,,NAD83(2011) / UTM zone 13N + NAVD88(GEOID18) height,6,6,4,4,0
65,,468038.994,4313298.671,2424.246,,-105.3689336,38.96807605,2410.227,Global,0.026,0.027,0.022,0.038,2.134,m,FIX,2024-04-25 11:00:07.2 UTC-06:00,2024-04-25 11:00:10.2 UTC-06:00,16,1.8,2.2,468221.158,4313237.027,2433.525,-105.366828,38.96752719,2419.5,192.569,,NAD83(2011) / UTM zone 13N + NAVD88(GEOID18) height,6,5,5,4,0
66,,468039.093,4313298.885,2424.249,,-105.3689325,38.96807799,2410.229,Global,0.045,0.016,0.016,0.048,2.134,m,FIX,2024-04-25 11:00:22.6 UTC-06:00,2024-04-25 11:00:25.6 UTC-06:00,16,1.8,2.2,468221.158,4313237.027,2433.525,-105.366828,38.96752719,2419.5,192.593,,NAD83(2011) / UTM zone 13N + NAVD88(GEOID18) height,6,5,5,4,0
67,,468039.28,4313299.048,2424.229,,-105.3689303,38.96807946,2410.21,Global,0.019,0.016,0.014,0.025,2.134,m,FIX,2024-04-25 11:00:41.4 UTC-06:00,2024-04-25 11:00:44.4 UTC-06:00,16,1.8,2.2,468221.158,4313237.027,2433.525,-105.366828,38.96752719,2419.5,192.435,,NAD83(2011) / UTM zone 13N + NAVD88(GEOID18) height,6,5,5,4,0
68,,468039.17,4313299.284,2424.334,,-105.3689316,38.96808159,2410.314,Global,0.026,0.049,0.027,0.055,2.134,m,FIX,2024-04-25 11:01:14.2 UTC-06:00,2024-04-25 11:01:17.2 UTC-06:00,16,1.8,2.2,468221.158,4313237.027,2433.525,-105.366828,38.96752719,2419.5,192.64,,NAD83(2011) / UTM zone 13N + NAVD88(GEOID18) height,6,6,5,4,0
69,,468039.201,4313299.403,2424.277,,-105.3689313,38.96808266,2410.257,Global,0.053,0.011,0.02,0.054,2.134,m,FIX,2024-04-25 11:01:37.8 UTC-06:00,2024-04-25 11:01:40.8 UTC-06:00,16,1.8,2.2,468221.158,4313237.027,2433.525,-105.366828,38.96752719,2419.5,192.72,,NAD83(2011) / UTM zone 13N + NAVD88(GEOID18) height,6,5,4,4,0
70,,468039.219,4313299.552,2424.264,,-105.3689311,38.968084,2410.245,Global,0.04,0.021,0.02,0.045,2.134,m,FIX,2024-04-25 11:01:54.6 UTC-06:00,2024-04-25 11:01:57.6 UTC-06:00,16,1.8,2.2,468221.158,4313237.027,2433.525,-105.366828,38.96752719,2419.5,192.706,,NAD83(2011) / UTM zone 13N + NAVD88(GEOID18) height,6,6,4,4,0
71,,468039.362,4313299.704,2424.298,,-105.3689294,38.96808538,2410.279,Global,0.06,0.029,0.019,0.066,2.134,m,FIX,2024-04-25 11:02:22.4 UTC-06:00,2024-04-25 11:02:25.4 UTC-06:00,16,1.8,2.2,468221.158,4313237.027,2433.525,-105.366828,38.96752719,2419.5,192.647,,NAD83(2011) / UTM zone 13N + NAVD88(GEOID18) height,6,6,5,4,0
72,,468039.414,4313299.907,2424.334,,-105.3689288,38.96808721,2410.314,Global,0.02,0.026,0.019,0.032,2.134,m,FIX,2024-04-25 11:02:46.2 UTC-06:00,2024-04-25 11:02:49.2 UTC-06:00,16,1.8,2.2,468221.158,4313237.027,2433.525,-105.366828,38.96752719,2419.5,192.612,,NAD83(2011) / UTM zone 13N + NAVD88(GEOID18) height,6,5,5,4,0
73,,468039.501,4313300.127,2424.337,,-105.3689278,38.96808919,2410.317,Global,0.061,0.031,0.019,0.069,2.134,m,FIX,2024-04-25 11:03:42.8 UTC-06:00,2024-04-25 11:03:45.8 UTC-06:00,16,1.8,2.2,468221.158,4313237.027,2433.525,-105.366828,38.96752719,2419.5,192.616,,NAD83(2011) / UTM zone 13N + NAVD88(GEOID18) height,6,5,4,4,0
74,,468039.496,4313300.369,2424.343,,-105.3689279,38.96809137,2410.323,Global,0.048,0.04,0.028,0.062,2.134,m,FIX,2024-04-25 11:03:58.0 UTC-06:00,2024-04-25 11:04:01.0 UTC-06:00,16,1.8,2.2,468221.158,4313237.027,2433.525,-105.366828,38.96752719,2419.5,192.669,,NAD83(2011) / UTM zone 13N + NAVD88(GEOID18) height,6,5,4,4,0
75,,468039.571,4313300.518,2424.379,,-105.368927,38.96809271,2410.359,Global,0.044,0.014,0.018,0.046,2.134,m,FIX,2024-04-25 11:04:11.4 UTC-06:00,2024-04-25 11:04:14.4 UTC-06:00,16,1.8,2.2,468221.158,4313237.027,2433.525,-105.366828,38.96752719,2419.5,192.698,,NAD83(2011) / UTM zone 13N + NAVD88(GEOID18) height,6,6,3,4,0
76,,468039.656,4313300.729,2424.362,,-105.3689261,38.96809462,2410.343,Global,0.03,0.047,0.03,0.056,2.134,m,FIX,2024-04-25 11:04:21.8 UTC-06:00,2024-04-25 11:04:24.8 UTC-06:00,16,1.8,2.2,468221.158,4313237.027,2433.525,-105.366828,38.96752719,2419.5,192.617,,NAD83(2011) / UTM zone 13N + NAVD88(GEOID18) height,6,5,4,4,0
77,,468039.818,4313300.89,2424.374,,-105.3689242,38.96809608,2410.355,Global,0.038,0.031,0.024,0.049,2.134,m,FIX,2024-04-25 11:04:32.8 UTC-06:00,2024-04-25 11:04:35.8 UTC-06:00,16,1.8,2.2,468221.158,4313237.027,2433.525,-105.366828,38.96752719,2419.5,192.562,,NAD83(2011) / UTM zone 13N + NAVD88(GEOID18) height,6,5,5,4,0
78,,468039.788,4313301.129,2424.301,,-105.3689246,38.96809823,2410.282,Global,0.022,0.014,0.021,0.026,2.134,m,FIX,2024-04-25 11:05:15.6 UTC-06:00,2024-04-25 11:05:18.6 UTC-06:00,16,1.8,2.2,468221.158,4313237.027,2433.525,-105.366828,38.96752719,2419.5,192.641,,NAD83(2011) / UTM zone 13N + NAVD88(GEOID18) height,6,4,5,5,0
79,,468039.836,4313301.292,2424.31,,-105.368924,38.9680997,2410.291,Global,0.031,0.013,0.021,0.034,2.134,m,FIX,2024-04-25 11:05:29.4 UTC-06:00,2024-04-25 11:05:32.4 UTC-06:00,16,1.8,2.2,468221.158,4313237.027,2433.525,-105.366828,38.96752719,2419.5,192.704,,NAD83(2011) / UTM zone 13N + NAVD88(GEOID18) height,6,4,5,5,0
80,,468039.892,4313301.555,2424.294,,-105.3689234,38.96810207,2410.275,Global,0.019,0.016,0.022,0.025,2.134,m,FIX,2024-04-25 11:05:43.2 UTC-06:00,2024-04-25 11:05:46.2 UTC-06:00,16,1.8,2.2,468221.158,4313237.027,2433.525,-105.366828,38.96752719,2419.5,192.689,,NAD83(2011) / UTM zone 13N + NAVD88(GEOID18) height,6,4,5,4,0
81,,468039.947,4313301.768,2424.285,,-105.3689228,38.96810399,2410.265,Global,0.015,0.012,0.019,0.02,2.134,m,FIX,2024-04-25 11:05:55.4 UTC-06:00,2024-04-25 11:05:58.4 UTC-06:00,16,1.8,2.2,468221.158,4313237.027,2433.525,-105.366828,38.96752719,2419.5,192.719,,NAD83(2011) / UTM zone 13N + NAVD88(GEOID18) height,6,4,5,4,0
82,,468040.018,4313301.919,2424.26,,-105.368922,38.96810536,2410.24,Global,0.022,0.013,0.017,0.026,2.134,m,FIX,2024-04-25 11:06:13.2 UTC-06:00,2024-04-25 11:06:16.2 UTC-06:00,16,1.8,2.2,468221.158,4313237.027,2433.525,-105.366828,38.96752719,2419.5,192.719,,NAD83(2011) / UTM zone 13N + NAVD88(GEOID18) height,6,4,5,4,0
83,,468040.046,4313302.118,2424.22,,-105.3689216,38.96810715,2410.2,Global,0.034,0.015,0.021,0.037,2.134,m,FIX,2024-04-25 11:06:27.6 UTC-06:00,2024-04-25 11:06:30.6 UTC-06:00,16,1.8,2.2,468221.158,4313237.027,2433.525,-105.366828,38.96752719,2419.5,192.786,,NAD83(2011) / UTM zone 13N + NAVD88(GEOID18) height,6,5,5,4,0
84,,468040.104,4313302.33,2424.253,,-105.368921,38.96810906,2410.233,Global,0.025,0.014,0.022,0.029,2.134,m,FIX,2024-04-25 11:06:50.0 UTC-06:00,2024-04-25 11:06:53.0 UTC-06:00,16,1.8,2.2,468221.158,4313237.027,2433.525,-105.366828,38.96752719,2419.5,192.804,,NAD83(2011) / UTM zone 13N + NAVD88(GEOID18) height,6,4,6,4,0
85,,468040.111,4313302.662,2424.326,,-105.3689209,38.96811206,2410.306,Global,0.015,0.012,0.018,0.019,2.134,m,FIX,2024-04-25 11:07:48.8 UTC-06:00,2024-04-25 11:07:51.8 UTC-06:00,16,1.8,2.2,468221.158,4313237.027,2433.525,-105.366828,38.96752719,2419.5,192.871,,NAD83(2011) / UTM zone 13N + NAVD88(GEOID18) height,6,5,6,4,0
86,,468040.203,4313302.893,2424.279,,-105.3689199,38.96811414,2410.259,Global,0.013,0.011,0.019,0.017,2.134,m,FIX,2024-04-25 11:08:20.8 UTC-06:00,2024-04-25 11:08:23.8 UTC-06:00,16,1.8,2.2,468221.158,4313237.027,2433.525,-105.366828,38.96752719,2419.5,192.854,,NAD83(2011) / UTM zone 13N + NAVD88(GEOID18) height,6,4,6,4,0
87,,468040.239,4313303.064,2424.348,,-105.3689195,38.96811568,2410.328,Global,0.016,0.013,0.022,0.021,2.134,m,FIX,2024-04-25 11:08:59.8 UTC-06:00,2024-04-25 11:09:02.8 UTC-06:00,16,1.8,2.2,468221.158,4313237.027,2433.525,-105.366828,38.96752719,2419.5,192.856,,NAD83(2011) / UTM zone 13N + NAVD88(GEOID18) height,6,4,6,4,0
88,,468040.273,4313303.308,2424.356,,-105.3689191,38.96811788,2410.336,Global,0.018,0.011,0.021,0.021,2.134,m,FIX,2024-04-25 11:09:22.4 UTC-06:00,2024-04-25 11:09:25.4 UTC-06:00,16,1.8,2.2,468221.158,4313237.027,2433.525,-105.366828,38.96752719,2419.5,192.952,,NAD83(2011) / UTM zone 13N + NAVD88(GEOID18) height,6,5,6,4,0
89,,468040.296,4313303.503,2424.399,,-105.3689188,38.96811964,2410.38,Global,0.011,0.01,0.021,0.015,2.134,m,FIX,2024-04-25 11:12:01.4 UTC-06:00,2024-04-25 11:12:04.4 UTC-06:00,16,2,2.4,468221.158,4313237.027,2433.525,-105.366828,38.96752719,2419.5,192.957,,NAD83(2011) / UTM zone 13N + NAVD88(GEOID18) height,6,4,5,4,0
90,,468040.38,4313303.617,2424.703,,-105.3689179,38.96812067,2410.683,Global,0.036,0.023,0.019,0.042,2.134,m,FIX,2024-04-25 11:12:18.8 UTC-06:00,2024-04-25 11:12:21.8 UTC-06:00,16,2,2.4,468221.158,4313237.027,2433.525,-105.366828,38.96752719,2419.5,192.887,,NAD83(2011) / UTM zone 13N + NAVD88(GEOID18) height,6,4,5,4,0
91,,468040.542,4313303.783,2424.661,,-105.368916,38.96812218,2410.641,Global,0.013,0.015,0.022,0.02,2.134,m,FIX,2024-04-25 11:12:41.8 UTC-06:00,2024-04-25 11:12:44.8 UTC-06:00,16,2,2.4,468221.158,4313237.027,2433.525,-105.366828,38.96752719,2419.5,192.827,,NAD83(2011) / UTM zone 13N + NAVD88(GEOID18) height,6,4,6,3,0
92,,468040.644,4313303.954,2424.642,,-105.3689148,38.96812371,2410.622,Global,0.027,0.02,0.021,0.034,2.134,m,FIX,2024-04-25 11:12:55.4 UTC-06:00,2024-04-25 11:12:58.4 UTC-06:00,16,2,2.4,468221.158,4313237.027,2433.525,-105.366828,38.96752719,2419.5,192.825,,NAD83(2011) / UTM zone 13N + NAVD88(GEOID18) height,6,4,5,4,0
93,,468040.735,4313304.064,2424.579,,-105.3689138,38.96812471,2410.559,Global,0.025,0.013,0.021,0.028,2.134,m,FIX,2024-04-25 11:13:11.2 UTC-06:00,2024-04-25 11:13:14.2 UTC-06:00,16,2,2.4,468221.158,4313237.027,2433.525,-105.366828,38.96752719,2419.5,192.684,,NAD83(2011) / UTM zone 13N + NAVD88(GEOID18) height,6,4,4,4,0
94,,468040.793,4313304.265,2424.563,,-105.3689131,38.96812652,2410.543,Global,0.032,0.038,0.021,0.049,2.134,m,FIX,2024-04-25 11:13:23.2 UTC-06:00,2024-04-25 11:13:26.2 UTC-06:00,16,2,2.4,468221.158,4313237.027,2433.525,-105.366828,38.96752719,2419.5,192.779,,NAD83(2011) / UTM zone 13N + NAVD88(GEOID18) height,6,4,5,4,0
95,,468040.853,4313304.315,2424.208,,-105.3689124,38.96812698,2410.188,Global,0.012,0.014,0.021,0.018,2.134,m,FIX,2024-04-25 11:13:39.0 UTC-06:00,2024-04-25 11:13:42.0 UTC-06:00,16,2,2.4,468221.158,4313237.027,2433.525,-105.366828,38.96752719,2419.5,192.724,,NAD83(2011) / UTM zone 13N + NAVD88(GEOID18) height,7,4,5,4,0
96,,468040.906,4313304.537,2424.201,,-105.3689118,38.96812898,2410.181,Global,0.011,0.019,0.02,0.022,2.134,m,FIX,2024-04-25 11:14:13.6 UTC-06:00,2024-04-25 11:14:16.6 UTC-06:00,16,2,2.4,468221.158,4313237.027,2433.525,-105.366828,38.96752719,2419.5,192.768,,NAD83(2011) / UTM zone 13N + NAVD88(GEOID18) height,7,4,6,3,0
97,,468041.018,4313304.811,2424.217,,-105.3689105,38.96813146,2410.198,Global,0.043,0.078,0.058,0.089,2.134,m,FIX,2024-04-25 11:14:32.4 UTC-06:00,2024-04-25 11:14:35.4 UTC-06:00,16,2,2.5,468221.158,4313237.027,2433.525,-105.366828,38.96752719,2419.5,192.752,,NAD83(2011) / UTM zone 13N + NAVD88(GEOID18) height,7,4,6,3,0
98,,468041.069,4313304.944,2424.201,,-105.36891,38.96813266,2410.182,Global,0.047,0.019,0.018,0.051,2.134,m,FIX,2024-04-25 11:14:40.8 UTC-06:00,2024-04-25 11:14:43.8 UTC-06:00,16,2,2.5,468221.158,4313237.027,2433.525,-105.366828,38.96752719,2419.5,192.836,,NAD83(2011) / UTM zone 13N + NAVD88(GEOID18) height,6,4,6,4,0
99,,468041.185,4313305.131,2424.316,,-105.3689086,38.96813434,2410.297,Global,0.02,0.043,0.095,0.047,2.134,m,FIX,2024-04-25 11:15:00.8 UTC-06:00,2024-04-25 11:15:03.8 UTC-06:00,16,2,2.4,468221.158,4313237.027,2433.525,-105.366828,38.96752719,2419.5,192.654,,NAD83(2011) / UTM zone 13N + NAVD88(GEOID18) height,7,4,6,4,0
100,,468041.15,4313305.329,2424.503,,-105.368909,38.96813613,2410.484,Global,0.016,0.011,0.022,0.02,2.134,m,FIX,2024-04-25 11:15:13.2 UTC-06:00,2024-04-25 11:15:16.2 UTC-06:00,16,2,2.4,468221.158,4313237.027,2433.525,-105.366828,38.96752719,2419.5,192.811,,NAD83(2011) / UTM zone 13N + NAVD88(GEOID18) height,7,4,6,3,0
101,,468041.249,4313305.488,2424.588,,-105.3689079,38.96813756,2410.568,Global,0.019,0.035,0.029,0.04,2.134,m,FIX,2024-04-25 11:15:24.2 UTC-06:00,2024-04-25 11:15:27.2 UTC-06:00,16,2,2.4,468221.158,4313237.027,2433.525,-105.366828,38.96752719,2419.5,192.752,,NAD83(2011) / UTM zone 13N + NAVD88(GEOID18) height,7,4,6,4,0
102,,468041.321,4313305.787,2424.615,,-105.3689071,38.96814026,2410.595,Global,0.033,0.018,0.029,0.038,2.134,m,FIX,2024-04-25 11:15:41.0 UTC-06:00,2024-04-25 11:15:44.0 UTC-06:00,16,2,2.4,468221.158,4313237.027,2433.525,-105.366828,38.96752719,2419.5,192.747,,NAD83(2011) / UTM zone 13N + NAVD88(GEOID18) height,7,4,5,3,0
103,,468041.419,4313305.903,2424.621,,-105.368906,38.96814131,2410.601,Global,0.024,0.029,0.031,0.038,2.134,m,FIX,2024-04-25 11:15:51.6 UTC-06:00,2024-04-25 11:15:54.6 UTC-06:00,16,2,2.4,468221.158,4313237.027,2433.525,-105.366828,38.96752719,2419.5,192.728,,NAD83(2011) / UTM zone 13N + NAVD88(GEOID18) height,7,4,5,3,0
104,,468041.548,4313306.15,2424.515,,-105.3689045,38.96814354,2410.495,Global,0.014,0.037,0.027,0.039,2.134,m,FIX,2024-04-25 11:16:01.4 UTC-06:00,2024-04-25 11:16:04.4 UTC-06:00,16,2,2.5,468221.158,4313237.027,2433.525,-105.366828,38.96752719,2419.5,192.754,,NAD83(2011) / UTM zone 13N + NAVD88(GEOID18) height,7,4,6,3,0
105,,468041.651,4313306.342,2424.478,,-105.3689033,38.96814527,2410.459,Global,0.052,0.027,0.027,0.059,2.134,m,FIX,2024-04-25 11:16:17.8 UTC-06:00,2024-04-25 11:16:20.8 UTC-06:00,16,2,2.5,468221.158,4313237.027,2433.525,-105.366828,38.96752719,2419.5,192.766,,NAD83(2011) / UTM zone 13N + NAVD88(GEOID18) height,7,4,6,3,0
106,,468041.685,4313306.64,2424.649,,-105.3689029,38.96814796,2410.629,Global,0.043,0.036,0.029,0.056,2.134,m,FIX,2024-04-25 11:16:33.6 UTC-06:00,2024-04-25 11:16:36.6 UTC-06:00,16,2,2.5,468221.158,4313237.027,2433.525,-105.366828,38.96752719,2419.5,192.806,,NAD83(2011) / UTM zone 13N + NAVD88(GEOID18) height,8,4,6,3,0
107,,468041.897,4313306.997,2424.797,,-105.3689005,38.96815119,2410.777,Global,0.019,0.03,0.029,0.035,2.134,m,FIX,2024-04-25 11:17:03.6 UTC-06:00,2024-04-25 11:17:06.6 UTC-06:00,16,2,2.5,468221.158,4313237.027,2433.525,-105.366828,38.96752719,2419.5,192.678,,NAD83(2011) / UTM zone 13N + NAVD88(GEOID18) height,7,4,6,4,0
108,,468042.024,4313307.46,2424.822,,-105.3688991,38.96815536,2410.803,Global,0.035,0.013,0.028,0.037,2.134,m,FIX,2024-04-25 11:17:22.2 UTC-06:00,2024-04-25 11:17:25.2 UTC-06:00,16,2,2.5,468221.158,4313237.027,2433.525,-105.366828,38.96752719,2419.5,192.802,,NAD83(2011) / UTM zone 13N + NAVD88(GEOID18) height,7,4,6,4,0
109,,468042.027,4313307.673,2425.041,,-105.368899,38.96815728,2411.021,Global,0.012,0.016,0.02,0.02,2.134,m,FIX,2024-04-25 11:18:01.2 UTC-06:00,2024-04-25 11:18:04.2 UTC-06:00,16,2.1,2.6,468221.158,4313237.027,2433.525,-105.366828,38.96752719,2419.5,192.798,,NAD83(2011) / UTM zone 13N + NAVD88(GEOID18) height,7,4,6,3,0
110,,468042.084,4313307.755,2425.007,,-105.3688984,38.96815802,2410.988,Global,0.011,0.01,0.025,0.015,2.134,m,FIX,2024-04-25 11:18:20.0 UTC-06:00,2024-04-25 11:18:23.0 UTC-06:00,16,2,2.5,468221.158,4313237.027,2433.525,-105.366828,38.96752719,2419.5,192.791,,NAD83(2011) / UTM zone 13N + NAVD88(GEOID18) height,7,4,6,3,0
111,,468042.086,4313307.886,2425.536,,-105.3688984,38.9681592,2411.516,Global,0.022,0.014,0.022,0.026,2.134,m,FIX,2024-04-25 11:19:34.4 UTC-06:00,2024-04-25 11:19:37.4 UTC-06:00,16,2,2.5,468221.158,4313237.027,2433.525,-105.366828,38.96752719,2419.5,192.823,,NAD83(2011) / UTM zone 13N + NAVD88(GEOID18) height,7,4,6,4,0
112,,468042.134,4313308.105,2425.647,,-105.3688978,38.96816117,2411.628,Global,0.015,0.021,0.025,0.026,2.134,m,FIX,2024-04-25 11:19:55.2 UTC-06:00,2024-04-25 11:19:58.2 UTC-06:00,16,2,2.5,468221.158,4313237.027,2433.525,-105.366828,38.96752719,2419.5,192.864,,NAD83(2011) / UTM zone 13N + NAVD88(GEOID18) height,8,4,6,3,0
113,,468042.194,4313308.311,2425.747,,-105.3688971,38.96816304,2411.727,Global,0.017,0.014,0.026,0.022,2.134,m,FIX,2024-04-25 11:20:07.4 UTC-06:00,2024-04-25 11:20:10.4 UTC-06:00,16,2,2.5,468221.158,4313237.027,2433.525,-105.366828,38.96752719,2419.5,192.868,,NAD83(2011) / UTM zone 13N + NAVD88(GEOID18) height,8,4,6,3,0
114,,468042.25,4313308.558,2425.614,,-105.3688965,38.96816526,2411.595,Global,0.028,0.014,0.031,0.031,2.134,m,FIX,2024-04-25 11:20:21.6 UTC-06:00,2024-04-25 11:20:24.6 UTC-06:00,16,2,2.5,468221.158,4313237.027,2433.525,-105.366828,38.96752719,2419.5,192.869,,NAD83(2011) / UTM zone 13N + NAVD88(GEOID18) height,8,4,6,3,0
115,,468042.333,4313308.689,2424.909,,-105.3688955,38.96816644,2410.89,Global,0.031,0.013,0.023,0.033,2.134,m,FIX,2024-04-25 11:21:00.2 UTC-06:00,2024-04-25 11:21:03.2 UTC-06:00,16,2,2.5,468221.158,4313237.027,2433.525,-105.366828,38.96752719,2419.5,192.834,,NAD83(2011) / UTM zone 13N + NAVD88(GEOID18) height,7,4,4,3,0
116,,468042.43,4313308.903,2425.183,,-105.3688944,38.96816838,2411.164,Global,0.02,0.039,0.029,0.044,2.134,m,FIX,2024-04-25 11:21:30.4 UTC-06:00,2024-04-25 11:21:33.4 UTC-06:00,16,2,2.5,468221.158,4313237.027,2433.525,-105.366828,38.96752719,2419.5,192.936,,NAD83(2011) / UTM zone 13N + NAVD88(GEOID18) height,6,4,4,3,0
117,,468042.513,4313309.114,2425.295,,-105.3688935,38.96817028,2411.275,Global,0.027,0.022,0.032,0.035,2.134,m,FIX,2024-04-25 11:21:38.8 UTC-06:00,2024-04-25 11:21:41.8 UTC-06:00,16,2,2.5,468221.158,4313237.027,2433.525,-105.366828,38.96752719,2419.5,192.939,,NAD83(2011) / UTM zone 13N + NAVD88(GEOID18) height,7,4,4,5,0
118,,468042.57,4313309.359,2425.455,,-105.3688928,38.96817249,2411.435,Global,0.011,0.027,0.015,0.029,2.134,m,FIX,2024-04-25 11:21:50.2 UTC-06:00,2024-04-25 11:21:53.2 UTC-06:00,16,2.1,2.6,468221.158,4313237.027,2433.525,-105.366828,38.96752719,2419.5,192.945,,NAD83(2011) / UTM zone 13N + NAVD88(GEOID18) height,7,4,4,4,0
119,,468042.61,4313309.544,2425.651,,-105.3688924,38.96817416,2411.632,Global,0.022,0.025,0.02,0.033,2.134,m,FIX,2024-04-25 11:22:17.4 UTC-06:00,2024-04-25 11:22:20.4 UTC-06:00,16,2,2.5,468221.158,4313237.027,2433.525,-105.366828,38.96752719,2419.5,192.902,,NAD83(2011) / UTM zone 13N + NAVD88(GEOID18) height,7,4,3,5,0
120,,468042.661,4313309.806,2425.723,,-105.3688918,38.96817653,2411.704,Global,0.017,0.014,0.024,0.022,2.134,m,FIX,2024-04-25 11:22:29.0 UTC-06:00,2024-04-25 11:22:32.0 UTC-06:00,16,2.1,2.5,468221.158,4313237.027,2433.525,-105.366828,38.96752719,2419.5,193.009,,NAD83(2011) / UTM zone 13N + NAVD88(GEOID18) height,7,4,4,4,0
121,,468042.725,4313309.945,2425.796,,-105.3688911,38.96817778,2411.776,Global,0.016,0.034,0.03,0.037,2.134,m,FIX,2024-04-25 11:22:37.8 UTC-06:00,2024-04-25 11:22:40.8 UTC-06:00,16,2,2.5,468221.158,4313237.027,2433.525,-105.366828,38.96752719,2419.5,192.965,,NAD83(2011) / UTM zone 13N + NAVD88(GEOID18) height,6,4,4,5,0
122,,468042.733,4313310.059,2425.82,,-105.368891,38.96817881,2411.801,Global,0.037,0.013,0.042,0.039,2.134,m,FIX,2024-04-25 11:22:48.0 UTC-06:00,2024-04-25 11:22:51.0 UTC-06:00,16,2,2.5,468221.158,4313237.027,2433.525,-105.366828,38.96752719,2419.5,192.952,,NAD83(2011) / UTM zone 13N + NAVD88(GEOID18) height,6,4,4,5,0
123,,468042.749,4313310.112,2425.933,,-105.3688908,38.96817928,2411.914,Global,0.017,0.018,0.036,0.025,2.134,m,FIX,2024-04-25 11:22:58.6 UTC-06:00,2024-04-25 11:23:01.6 UTC-06:00,16,2.1,2.6,468221.158,4313237.027,2433.525,-105.366828,38.96752719,2419.5,192.992,,NAD83(2011) / UTM zone 13N + NAVD88(GEOID18) height,7,4,4,4,0
124,,468042.875,4313310.244,2426.014,,-105.3688894,38.96818048,2411.994,Global,0.046,0.028,0.034,0.054,2.134,m,FIX,2024-04-25 11:23:13.6 UTC-06:00,2024-04-25 11:23:16.6 UTC-06:00,16,2.1,2.6,468221.158,4313237.027,2433.525,-105.366828,38.96752719,2419.5,192.891,,NAD83(2011) / UTM zone 13N + NAVD88(GEOID18) height,7,4,4,3,0
125,,468042.813,4313310.398,2426.623,,-105.3688901,38.96818186,2412.603,Global,0.017,0.014,0.03,0.022,2.134,m,FIX,2024-04-25 11:23:49.0 UTC-06:00,2024-04-25 11:23:52.0 UTC-06:00,16,2,2.5,468221.158,4313237.027,2433.525,-105.366828,38.96752719,2419.5,193.048,,NAD83(2011) / UTM zone 13N + NAVD88(GEOID18) height,7,4,4,4,0
126,,468042.89,4313310.622,2426.557,,-105.3688892,38.96818389,2412.538,Global,0.037,0.026,0.026,0.045,2.134,m,FIX,2024-04-25 11:24:05.6 UTC-06:00,2024-04-25 11:24:08.6 UTC-06:00,16,2.1,2.6,468221.158,4313237.027,2433.525,-105.366828,38.96752719,2419.5,192.977,,NAD83(2011) / UTM zone 13N + NAVD88(GEOID18) height,7,4,4,4,0
127,,468042.93,4313310.839,2426.476,,-105.3688888,38.96818584,2412.456,Global,0.02,0.012,0.036,0.023,2.134,m,FIX,2024-04-25 11:24:27.4 UTC-06:00,2024-04-25 11:24:30.4 UTC-06:00,16,2.1,2.6,468221.158,4313237.027,2433.525,-105.366828,38.96752719,2419.5,193.113,,NAD83(2011) / UTM zone 13N + NAVD88(GEOID18) height,7,4,4,4,0
128,,468042.932,4313311.045,2426.405,,-105.3688887,38.9681877,2412.385,Global,0.015,0.011,0.025,0.019,2.134,m,FIX,2024-04-25 11:24:56.0 UTC-06:00,2024-04-25 11:24:59.0 UTC-06:00,16,2,2.5,468221.158,4313237.027,2433.525,-105.366828,38.96752719,2419.5,193.213,,NAD83(2011) / UTM zone 13N + NAVD88(GEOID18) height,8,4,3,5,0
129,,468042.999,4313311.201,2426.298,,-105.368888,38.96818911,2412.278,Global,0.031,0.028,0.032,0.042,2.134,m,FIX,2024-04-25 11:25:14.2 UTC-06:00,2024-04-25 11:25:17.2 UTC-06:00,16,2,2.5,468221.158,4313237.027,2433.525,-105.366828,38.96752719,2419.5,193.268,,NAD83(2011) / UTM zone 13N + NAVD88(GEOID18) height,6,4,4,4,0
130,,468043.039,4313311.603,2425.928,,-105.3688875,38.96819273,2411.909,Global,0.022,0.013,0.021,0.026,2.134,m,FIX,2024-04-25 11:25:40.8 UTC-06:00,2024-04-25 11:25:43.8 UTC-06:00,16,2.1,2.6,468221.158,4313237.027,2433.525,-105.366828,38.96752719,2419.5,193.352,,NAD83(2011) / UTM zone 13N + NAVD88(GEOID18) height,6,4,4,4,0
131,,468043.11,4313311.798,2425.908,,-105.3688867,38.96819449,2411.888,Global,0.026,0.023,0.022,0.035,2.134,m,FIX,2024-04-25 11:25:49.4 UTC-06:00,2024-04-25 11:25:52.4 UTC-06:00,16,2.1,2.6,468221.158,4313237.027,2433.525,-105.366828,38.96752719,2419.5,193.365,,NAD83(2011) / UTM zone 13N + NAVD88(GEOID18) height,6,4,4,4,0
132,,468043.147,4313311.964,2425.912,,-105.3688863,38.96819599,2411.892,Global,0.016,0.025,0.032,0.03,2.134,m,FIX,2024-04-25 11:26:03.8 UTC-06:00,2024-04-25 11:26:06.8 UTC-06:00,16,2,2.5,468221.158,4313237.027,2433.525,-105.366828,38.96752719,2419.5,193.372,,NAD83(2011) / UTM zone 13N + NAVD88(GEOID18) height,7,5,4,4,0
133,,468043.172,4313312.047,2425.944,,-105.368886,38.96819674,2411.924,Global,0.023,0.015,0.061,0.027,2.134,m,FIX,2024-04-25 11:26:11.8 UTC-06:00,2024-04-25 11:26:14.8 UTC-06:00,16,2,2.5,468221.158,4313237.027,2433.525,-105.366828,38.96752719,2419.5,193.362,,NAD83(2011) / UTM zone 13N + NAVD88(GEOID18) height,7,5,4,4,0
134,,468043.2,4313312.1,2426.257,,-105.3688857,38.96819722,2412.237,Global,0.017,0.02,0.025,0.026,2.134,m,FIX,2024-04-25 11:26:21.2 UTC-06:00,2024-04-25 11:26:24.2 UTC-06:00,16,2,2.5,468221.158,4313237.027,2433.525,-105.366828,38.96752719,2419.5,193.364,,NAD83(2011) / UTM zone 13N + NAVD88(GEOID18) height,7,4,3,4,0
135,,468043.208,4313312.259,2426.288,,-105.3688856,38.96819865,2412.268,Global,0.025,0.012,0.058,0.028,2.134,m,FIX,2024-04-25 11:26:29.6 UTC-06:00,2024-04-25 11:26:32.6 UTC-06:00,16,2,2.5,468221.158,4313237.027,2433.525,-105.366828,38.96752719,2419.5,193.374,,NAD83(2011) / UTM zone 13N + NAVD88(GEOID18) height,7,4,3,4,0
136,,468043.193,4313312.381,2426.464,,-105.3688858,38.96819975,2412.444,Global,0.012,0.015,0.018,0.02,2.134,m,FIX,2024-04-25 11:26:44.2 UTC-06:00,2024-04-25 11:26:47.2 UTC-06:00,16,2.7,3.3,468221.158,4313237.027,2433.525,-105.366828,38.96752719,2419.5,193.472,,NAD83(2011) / UTM zone 13N + NAVD88(GEOID18) height,6,4,3,5,0
137,,468043.243,4313312.587,2426.296,,-105.3688852,38.96820161,2412.276,Global,0.018,0.016,0.016,0.024,2.134,m,FIX,2024-04-25 11:26:56.8 UTC-06:00,2024-04-25 11:26:59.8 UTC-06:00,16,2.2,2.6,468221.158,4313237.027,2433.525,-105.366828,38.96752719,2419.5,193.507,,NAD83(2011) / UTM zone 13N + NAVD88(GEOID18) height,6,4,4,4,0
138,,468043.324,4313312.667,2426.331,,-105.3688843,38.96820233,2412.311,Global,0.011,0.026,0.016,0.028,2.134,m,FIX,2024-04-25 11:27:23.2 UTC-06:00,2024-04-25 11:27:26.2 UTC-06:00,16,2.6,3.3,468221.158,4313237.027,2433.525,-105.366828,38.96752719,2419.5,193.462,,NAD83(2011) / UTM zone 13N + NAVD88(GEOID18) height,6,4,3,3,0
139,,468043.309,4313312.724,2426.412,,-105.3688845,38.96820285,2412.392,Global,0.014,0.015,0.025,0.02,2.134,m,FIX,2024-04-25 11:27:42.6 UTC-06:00,2024-04-25 11:27:45.6 UTC-06:00,16,2.1,2.5,468221.158,4313237.027,2433.525,-105.366828,38.96752719,2419.5,193.503,,NAD83(2011) / UTM zone 13N + NAVD88(GEOID18) height,6,4,4,3,0
140,,468043.056,4313312.886,2426.393,,-105.3688874,38.9682043,2412.373,Global,0.034,0.016,0.022,0.037,2.134,m,FIX,2024-04-25 11:28:10.0 UTC-06:00,2024-04-25 11:28:13.0 UTC-06:00,16,2.1,2.6,468221.158,4313237.027,2433.525,-105.366828,38.96752719,2419.5,193.751,,NAD83(2011) / UTM zone 13N + NAVD88(GEOID18) height,6,4,4,3,0
141,,468043.36,4313312.981,2426.472,,-105.3688839,38.96820516,2412.453,Global,0.023,0.027,0.04,0.035,2.134,m,FIX,2024-04-25 11:28:36.6 UTC-06:00,2024-04-25 11:28:39.6 UTC-06:00,16,2.2,2.6,468221.158,4313237.027,2433.525,-105.366828,38.96752719,2419.5,193.565,,NAD83(2011) / UTM zone 13N + NAVD88(GEOID18) height,5,4,4,3,0
142,,468043.466,4313312.655,2426.369,,-105.3688827,38.96820223,2412.349,Global,0.014,0.017,0.029,0.022,2.134,m,FIX,2024-04-25 11:28:59.8 UTC-06:00,2024-04-25 11:29:02.8 UTC-06:00,16,2.2,2.6,468221.158,4313237.027,2433.525,-105.366828,38.96752719,2419.5,193.356,,NAD83(2011) / UTM zone 13N + NAVD88(GEOID18) height,6,5,5,3,0
143,,468043.328,4313312.723,2426.406,,-105.3688842,38.96820284,2412.387,Global,0.017,0.041,0.053,0.045,2.134,m,FIX,2024-04-25 11:29:14.2 UTC-06:00,2024-04-25 11:29:17.2 UTC-06:00,16,2.2,2.8,468221.158,4313237.027,2433.525,-105.366828,38.96752719,2419.5,193.505,,NAD83(2011) / UTM zone 13N + NAVD88(GEOID18) height,6,4,5,3,0
144,,468036.045,4313290.972,2424.998,,-105.3689673,38.96800657,2410.979,Global,0.049,0.05,0.019,0.07,2.134,m,FIX,2024-04-25 11:34:21.2 UTC-06:00,2024-04-25 11:34:24.2 UTC-06:00,16,2,2.4,468221.158,4313237.027,2433.525,-105.366828,38.96752719,2419.5,193.02,,NAD83(2011) / UTM zone 13N + NAVD88(GEOID18) height,7,5,4,3,0
145,,468068.75,4313268.365,2430.658,,-105.3685887,38.96780405,2416.637,Global,0.011,0.01,0.022,0.015,2.134,m,FIX,2024-04-25 12:14:21.6 UTC-06:00,2024-04-25 12:14:24.6 UTC-06:00,16,1.5,1.8,468221.158,4313237.027,2433.525,-105.366828,38.96752719,2419.5,155.717,,NAD83(2011) / UTM zone 13N + NAVD88(GEOID18) height,7,6,3,5,0
146,,468068.508,4313268.404,2430.605,,-105.3685915,38.96780439,2416.585,Global,0.01,0.01,0.017,0.015,2.134,m,FIX,2024-04-25 12:15:01.6 UTC-06:00,2024-04-25 12:15:04.6 UTC-06:00,16,1.8,2.1,468221.158,4313237.027,2433.525,-105.366828,38.96752719,2419.5,155.961,,NAD83(2011) / UTM zone 13N + NAVD88(GEOID18) height,7,6,3,5,0
147,,468068.672,4313268.103,2430.762,,-105.3685896,38.96780168,2416.742,Global,0.01,0.011,0.02,0.015,2.134,m,FIX,2024-04-25 12:15:19.6 UTC-06:00,2024-04-25 12:15:22.6 UTC-06:00,16,1.8,2.1,468221.158,4313237.027,2433.525,-105.366828,38.96752719,2419.5,155.741,,NAD83(2011) / UTM zone 13N + NAVD88(GEOID18) height,7,6,3,5,0
148,,468068.954,4313268.246,2430.538,,-105.3685864,38.96780298,2416.518,Global,0.011,0.011,0.012,0.016,2.134,m,FIX,2024-04-25 12:15:46.0 UTC-06:00,2024-04-25 12:15:49.0 UTC-06:00,16,1.8,2.1,468221.158,4313237.027,2433.525,-105.366828,38.96752719,2419.5,155.491,,NAD83(2011) / UTM zone 13N + NAVD88(GEOID18) height,8,6,3,5,0
149,,468068.746,4313268.324,2430.598,,-105.3685888,38.96780368,2416.578,Global,0.01,0.01,0.011,0.015,2.134,m,FIX,2024-04-25 12:16:03.8 UTC-06:00,2024-04-25 12:16:06.8 UTC-06:00,16,1.8,2.1,468221.158,4313237.027,2433.525,-105.366828,38.96752719,2419.5,155.714,,NAD83(2011) / UTM zone 13N + NAVD88(GEOID18) height,8,6,3,5,0
150,,468068.939,4313269.099,2430.046,,-105.3685866,38.96781066,2416.025,Global,0.01,0.011,0.012,0.015,2.134,m,FIX,2024-04-25 12:16:39.0 UTC-06:00,2024-04-25 12:16:42.0 UTC-06:00,16,1.8,2.1,468221.158,4313237.027,2433.525,-105.366828,38.96752719,2419.5,155.688,,NAD83(2011) / UTM zone 13N + NAVD88(GEOID18) height,7,6,3,5,0
151,,468069.072,4313269.757,2429.507,,-105.3685851,38.9678166,2415.487,Global,0.01,0.01,0.011,0.014,2.134,m,FIX,2024-04-25 12:17:24.8 UTC-06:00,2024-04-25 12:17:27.8 UTC-06:00,16,1.8,2.1,468221.158,4313237.027,2433.525,-105.366828,38.96752719,2419.5,155.701,,NAD83(2011) / UTM zone 13N + NAVD88(GEOID18) height,7,6,3,5,0
152,,468069.284,4313270.731,2428.791,,-105.3685827,38.96782539,2414.77,Global,0.01,0.012,0.015,0.016,2.134,m,FIX,2024-04-25 12:17:57.8 UTC-06:00,2024-04-25 12:18:00.8 UTC-06:00,16,1.8,2.1,468221.158,4313237.027,2433.525,-105.366828,38.96752719,2419.5,155.708,,NAD83(2011) / UTM zone 13N + NAVD88(GEOID18) height,7,6,3,5,0
153,,468069.668,4313272.499,2428.126,,-105.3685783,38.96784133,2414.105,Global,0.011,0.011,0.019,0.016,2.134,m,FIX,2024-04-25 12:18:21.2 UTC-06:00,2024-04-25 12:18:24.2 UTC-06:00,16,1.8,2.1,468221.158,4313237.027,2433.525,-105.366828,38.96752719,2419.5,155.739,,NAD83(2011) / UTM zone 13N + NAVD88(GEOID18) height,7,6,3,5,0
154,,468069.958,4313273.721,2426.95,,-105.368575,38.96785235,2412.93,Global,0.01,0.01,0.018,0.014,2.134,m,FIX,2024-04-25 12:18:52.8 UTC-06:00,2024-04-25 12:18:55.8 UTC-06:00,16,1.7,2.1,468221.158,4313237.027,2433.525,-105.366828,38.96752719,2419.5,155.773,,NAD83(2011) / UTM zone 13N + NAVD88(GEOID18) height,7,6,3,5,0
155,,468070.396,4313275.681,2426.28,,-105.3685701,38.96787003,2412.26,Global,0.01,0.01,0.014,0.014,2.134,m,FIX,2024-04-25 12:19:10.4 UTC-06:00,2024-04-25 12:19:13.4 UTC-06:00,16,1.7,2.1,468221.158,4313237.027,2433.525,-105.366828,38.96752719,2419.5,155.843,,NAD83(2011) / UTM zone 13N + NAVD88(GEOID18) height,7,6,3,5,0
156,,468070.738,4313277.29,2425.366,,-105.3685662,38.96788454,2411.346,Global,0.011,0.011,0.02,0.016,2.134,m,FIX,2024-04-25 12:19:27.6 UTC-06:00,2024-04-25 12:19:30.6 UTC-06:00,16,1.7,2.1,468221.158,4313237.027,2433.525,-105.366828,38.96752719,2419.5,155.946,,NAD83(2011) / UTM zone 13N + NAVD88(GEOID18) height,7,6,3,5,0
157,,468071.077,4313278.788,2424.375,,-105.3685624,38.96789805,2410.354,Global,0.012,0.01,0.015,0.015,2.134,m,FIX,2024-04-25 12:19:48.6 UTC-06:00,2024-04-25 12:19:51.6 UTC-06:00,16,1.7,2.1,468221.158,4313237.027,2433.525,-105.366828,38.96752719,2419.5,156.068,,NAD83(2011) / UTM zone 13N + NAVD88(GEOID18) height,7,6,3,5,0
158,,468071.334,4313280.021,2424.035,,-105.3685594,38.96790918,2410.015,Global,0.01,0.01,0.016,0.015,2.134,m,FIX,2024-04-25 12:20:09.6 UTC-06:00,2024-04-25 12:20:12.6 UTC-06:00,16,1.7,2.1,468221.158,4313237.027,2433.525,-105.366828,38.96752719,2419.5,156.16,,NAD83(2011) / UTM zone 13N + NAVD88(GEOID18) height,7,6,3,5,0
159,,468071.102,4313280.067,2423.941,,-105.3685621,38.96790958,2409.921,Global,0.011,0.01,0.017,0.015,2.134,m,FIX,2024-04-25 12:20:35.6 UTC-06:00,2024-04-25 12:20:38.6 UTC-06:00,16,1.7,2.1,468221.158,4313237.027,2433.525,-105.366828,38.96752719,2419.5,156.401,,NAD83(2011) / UTM zone 13N + NAVD88(GEOID18) height,7,6,3,5,0
160,,468071.274,4313279.766,2423.946,,-105.3685601,38.96790688,2409.925,Global,0.011,0.01,0.021,0.015,2.134,m,FIX,2024-04-25 12:20:50.4 UTC-06:00,2024-04-25 12:20:53.4 UTC-06:00,16,1.7,2.1,468221.158,4313237.027,2433.525,-105.366828,38.96752719,2419.5,156.148,,NAD83(2011) / UTM zone 13N + NAVD88(GEOID18) height,7,7,3,5,0
161,,468071.616,4313279.955,2424.115,,-105.3685562,38.96790859,2410.095,Global,0.01,0.012,0.02,0.016,2.134,m,FIX,2024-04-25 12:21:03.0 UTC-06:00,2024-04-25 12:21:06.0 UTC-06:00,16,1.7,2.1,468221.158,4313237.027,2433.525,-105.366828,38.96752719,2419.5,155.875,,NAD83(2011) / UTM zone 13N + NAVD88(GEOID18) height,7,6,3,5,0
162,,468071.339,4313280.015,2424.06,,-105.3685594,38.96790912,2410.04,Global,0.011,0.011,0.024,0.016,2.134,m,FIX,2024-04-25 12:21:18.4 UTC-06:00,2024-04-25 12:21:21.4 UTC-06:00,16,1.7,2.1,468221.158,4313237.027,2433.525,-105.366828,38.96752719,2419.5,156.16,,NAD83(2011) / UTM zone 13N + NAVD88(GEOID18) height,8,6,3,5,0
163,,468071.421,4313280.252,2424.007,,-105.3685585,38.96791126,2409.986,Global,0.01,0.01,0.018,0.015,2.134,m,FIX,2024-04-25 12:21:39.0 UTC-06:00,2024-04-25 12:21:42.0 UTC-06:00,16,1.7,2.1,468221.158,4313237.027,2433.525,-105.366828,38.96752719,2419.5,156.148,,NAD83(2011) / UTM zone 13N + NAVD88(GEOID18) height,7,6,3,5,0
164,,468071.468,4313280.444,2423.985,,-105.3685579,38.96791299,2409.964,Global,0.012,0.011,0.017,0.016,2.134,m,FIX,2024-04-25 12:21:52.6 UTC-06:00,2024-04-25 12:21:55.6 UTC-06:00,16,1.7,2.1,468221.158,4313237.027,2433.525,-105.366828,38.96752719,2419.5,156.163,,NAD83(2011) / UTM zone 13N + NAVD88(GEOID18) height,7,6,3,5,0
165,,468071.514,4313280.637,2423.848,,-105.3685574,38.96791473,2409.828,Global,0.01,0.011,0.021,0.015,2.134,m,FIX,2024-04-25 12:22:08.6 UTC-06:00,2024-04-25 12:22:11.6 UTC-06:00,16,1.7,2.1,468221.158,4313237.027,2433.525,-105.366828,38.96752719,2419.5,156.171,,NAD83(2011) / UTM zone 13N + NAVD88(GEOID18) height,7,6,3,5,0
166,,468071.563,4313280.826,2423.787,,-105.3685568,38.96791644,2409.766,Global,0.012,0.011,0.025,0.017,2.134,m,FIX,2024-04-25 12:22:28.4 UTC-06:00,2024-04-25 12:22:31.4 UTC-06:00,16,1.7,2.1,468221.158,4313237.027,2433.525,-105.366828,38.96752719,2419.5,156.181,,NAD83(2011) / UTM zone 13N + NAVD88(GEOID18) height,7,7,3,5,0
167,,468071.618,4313281.011,2423.662,,-105.3685562,38.9679181,2409.641,Global,0.011,0.011,0.019,0.016,2.134,m,FIX,2024-04-25 12:22:44.2 UTC-06:00,2024-04-25 12:22:47.2 UTC-06:00,16,1.7,2.1,468221.158,4313237.027,2433.525,-105.366828,38.96752719,2419.5,156.182,,NAD83(2011) / UTM zone 13N + NAVD88(GEOID18) height,7,7,3,5,0
168,,468071.673,4313281.214,2423.504,,-105.3685556,38.96791993,2409.484,Global,0.01,0.01,0.02,0.015,2.134,m,FIX,2024-04-25 12:23:05.6 UTC-06:00,2024-04-25 12:23:08.6 UTC-06:00,16,1.7,2.1,468221.158,4313237.027,2433.525,-105.366828,38.96752719,2419.5,156.198,,NAD83(2011) / UTM zone 13N + NAVD88(GEOID18) height,7,7,3,5,0
169,,468071.737,4313281.435,2423.421,,-105.3685549,38.96792192,2409.4,Global,0.012,0.011,0.021,0.016,2.134,m,FIX,2024-04-25 12:23:18.8 UTC-06:00,2024-04-25 12:23:21.8 UTC-06:00,16,1.7,2.1,468221.158,4313237.027,2433.525,-105.366828,38.96752719,2419.5,156.209,,NAD83(2011) / UTM zone 13N + NAVD88(GEOID18) height,7,7,3,5,0
170,,468071.763,4313281.618,2423.379,,-105.3685546,38.96792358,2409.358,Global,0.011,0.013,0.018,0.017,2.134,m,FIX,2024-04-25 12:23:31.8 UTC-06:00,2024-04-25 12:23:34.8 UTC-06:00,16,1.7,2.1,468221.158,4313237.027,2433.525,-105.366828,38.96752719,2419.5,156.243,,NAD83(2011) / UTM zone 13N + NAVD88(GEOID18) height,7,7,3,5,0
171,,468071.822,4313281.783,2423.354,,-105.3685539,38.96792507,2409.333,Global,0.011,0.01,0.022,0.015,2.134,m,FIX,2024-04-25 12:23:57.6 UTC-06:00,2024-04-25 12:24:00.6 UTC-06:00,16,1.7,2.1,468221.158,4313237.027,2433.525,-105.366828,38.96752719,2419.5,156.227,,NAD83(2011) / UTM zone 13N + NAVD88(GEOID18) height,7,7,3,5,0
172,,468071.876,4313281.989,2423.103,,-105.3685533,38.96792693,2409.082,Global,0.01,0.01,0.02,0.014,2.134,m,FIX,2024-04-25 12:24:11.0 UTC-06:00,2024-04-25 12:24:14.0 UTC-06:00,16,1.7,2.1,468221.158,4313237.027,2433.525,-105.366828,38.96752719,2419.5,156.246,,NAD83(2011) / UTM zone 13N + NAVD88(GEOID18) height,7,7,3,5,0
173,,468071.938,4313282.169,2423.015,,-105.3685526,38.96792855,2408.995,Global,0.01,0.011,0.021,0.015,2.134,m,FIX,2024-04-25 12:24:24.6 UTC-06:00,2024-04-25 12:24:27.6 UTC-06:00,16,1.7,2.1,468221.158,4313237.027,2433.525,-105.366828,38.96752719,2419.5,156.244,,NAD83(2011) / UTM zone 13N + NAVD88(GEOID18) height,7,7,3,5,0
174,,468071.981,4313282.35,2422.893,,-105.3685521,38.96793018,2408.872,Global,0.011,0.01,0.02,0.015,2.134,m,FIX,2024-04-25 12:24:39.2 UTC-06:00,2024-04-25 12:24:42.2 UTC-06:00,16,1.7,2.1,468221.158,4313237.027,2433.525,-105.366828,38.96752719,2419.5,156.267,,NAD83(2011) / UTM zone 13N + NAVD88(GEOID18) height,7,7,3,5,0
175,,468072.019,4313282.569,2422.74,,-105.3685517,38.96793216,2408.72,Global,0.012,0.011,0.024,0.016,2.134,m,FIX,2024-04-25 12:24:53.8 UTC-06:00,2024-04-25 12:24:56.8 UTC-06:00,16,1.7,2.1,468221.158,4313237.027,2433.525,-105.366828,38.96752719,2419.5,156.309,,NAD83(2011) / UTM zone 13N + NAVD88(GEOID18) height,7,7,3,5,0
176,,468072.088,4313282.749,2422.701,,-105.3685509,38.96793378,2408.68,Global,0.012,0.01,0.024,0.015,2.134,m,FIX,2024-04-25 12:25:06.2 UTC-06:00,2024-04-25 12:25:09.2 UTC-06:00,16,1.7,2.1,468221.158,4313237.027,2433.525,-105.366828,38.96752719,2419.5,156.287,,NAD83(2011) / UTM zone 13N + NAVD88(GEOID18) height,7,7,3,5,0
177,,468072.199,4313282.981,2422.687,,-105.3685496,38.96793587,2408.667,Global,0.011,0.01,0.024,0.015,2.134,m,FIX,2024-04-25 12:25:24.8 UTC-06:00,2024-04-25 12:25:27.8 UTC-06:00,16,1.7,2.1,468221.158,4313237.027,2433.525,-105.366828,38.96752719,2419.5,156.244,,NAD83(2011) / UTM zone 13N + NAVD88(GEOID18) height,7,7,3,5,0
178,,468072.257,4313283.19,2422.661,,-105.3685489,38.96793776,2408.64,Global,0.013,0.011,0.027,0.017,2.134,m,FIX,2024-04-25 12:25:39.6 UTC-06:00,2024-04-25 12:25:42.6 UTC-06:00,16,1.7,2.1,468221.158,4313237.027,2433.525,-105.366828,38.96752719,2419.5,156.265,,NAD83(2011) / UTM zone 13N + NAVD88(GEOID18) height,7,7,3,5,0
179,,468072.3,4313283.349,2422.662,,-105.3685485,38.96793919,2408.641,Global,0.01,0.011,0.021,0.015,2.134,m,FIX,2024-04-25 12:25:51.8 UTC-06:00,2024-04-25 12:25:54.8 UTC-06:00,16,1.7,2.1,468221.158,4313237.027,2433.525,-105.366828,38.96752719,2419.5,156.262,,NAD83(2011) / UTM zone 13N + NAVD88(GEOID18) height,7,7,3,5,0
180,,468072.353,4313283.473,2422.714,,-105.3685479,38.96794031,2408.693,Global,0.011,0.011,0.02,0.015,2.134,m,FIX,2024-04-25 12:26:06.2 UTC-06:00,2024-04-25 12:26:09.2 UTC-06:00,16,1.7,2,468221.158,4313237.027,2433.525,-105.366828,38.96752719,2419.5,156.245,,NAD83(2011) / UTM zone 13N + NAVD88(GEOID18) height,7,7,3,5,0
181,,468072.448,4313283.678,2422.759,,-105.3685468,38.96794216,2408.739,Global,0.013,0.01,0.027,0.016,2.134,m,FIX,2024-04-25 12:26:26.2 UTC-06:00,2024-04-25 12:26:29.2 UTC-06:00,16,1.7,2,468221.158,4313237.027,2433.525,-105.366828,38.96752719,2419.5,156.211,,NAD83(2011) / UTM zone 13N + NAVD88(GEOID18) height,7,7,3,5,0
182,,468072.509,4313283.882,2422.706,,-105.3685461,38.96794401,2408.686,Global,0.012,0.011,0.029,0.017,2.134,m,FIX,2024-04-25 12:26:44.8 UTC-06:00,2024-04-25 12:26:47.8 UTC-06:00,16,1.7,2,468221.158,4313237.027,2433.525,-105.366828,38.96752719,2419.5,156.216,,NAD83(2011) / UTM zone 13N + NAVD88(GEOID18) height,7,6,3,5,0
183,,468072.406,4313284.002,2422.385,,-105.3685473,38.96794508,2408.364,Global,0.011,0.01,0.024,0.015,2.134,m,FIX,2024-04-25 12:28:12.8 UTC-06:00,2024-04-25 12:28:15.8 UTC-06:00,16,1.7,2,468221.158,4313237.027,2433.525,-105.366828,38.96752719,2419.5,156.369,,NAD83(2011) / UTM zone 13N + NAVD88(GEOID18) height,7,7,3,5,0
184,,468072.49,4313284.013,2422.236,,-105.3685463,38.96794519,2408.216,Global,0.01,0.01,0.023,0.015,2.134,m,FIX,2024-04-25 12:28:34.2 UTC-06:00,2024-04-25 12:28:37.2 UTC-06:00,16,1.7,2,468221.158,4313237.027,2433.525,-105.366828,38.96752719,2419.5,156.307,,NAD83(2011) / UTM zone 13N + NAVD88(GEOID18) height,7,7,4,5,0
185,,468072.6,4313284.323,2422.218,,-105.368545,38.96794798,2408.197,Global,0.012,0.01,0.027,0.016,2.134,m,FIX,2024-04-25 12:29:20.8 UTC-06:00,2024-04-25 12:29:23.8 UTC-06:00,16,1.7,2,468221.158,4313237.027,2433.525,-105.366828,38.96752719,2419.5,156.297,,NAD83(2011) / UTM zone 13N + NAVD88(GEOID18) height,7,7,4,5,0
186,,468072.628,4313284.559,2422.136,,-105.3685447,38.96795011,2408.115,Global,0.011,0.011,0.024,0.016,2.134,m,FIX,2024-04-25 12:29:49.8 UTC-06:00,2024-04-25 12:29:52.8 UTC-06:00,16,1.7,2,468221.158,4313237.027,2433.525,-105.366828,38.96752719,2419.5,156.34,,NAD83(2011) / UTM zone 13N + NAVD88(GEOID18) height,7,7,4,5,0
187,,468072.73,4313284.675,2422.103,,-105.3685436,38.96795116,2408.083,Global,0.011,0.011,0.023,0.016,2.134,m,FIX,2024-04-25 12:30:07.6 UTC-06:00,2024-04-25 12:30:10.6 UTC-06:00,16,1.7,2,468221.158,4313237.027,2433.525,-105.366828,38.96752719,2419.5,156.291,,NAD83(2011) / UTM zone 13N + NAVD88(GEOID18) height,7,7,4,5,0
188,,468072.799,4313284.84,2422.063,,-105.3685428,38.96795265,2408.043,Global,0.011,0.012,0.023,0.016,2.134,m,FIX,2024-04-25 12:30:25.0 UTC-06:00,2024-04-25 12:30:28.0 UTC-06:00,16,1.7,2,468221.158,4313237.027,2433.525,-105.366828,38.96752719,2419.5,156.27,,NAD83(2011) / UTM zone 13N + NAVD88(GEOID18) height,7,7,4,5,0
189,,468072.887,4313284.973,2421.997,,-105.3685418,38.96795385,2407.976,Global,0.012,0.011,0.027,0.017,2.134,m,FIX,2024-04-25 12:30:39.4 UTC-06:00,2024-04-25 12:30:42.4 UTC-06:00,16,1.7,2,468221.158,4313237.027,2433.525,-105.366828,38.96752719,2419.5,156.231,,NAD83(2011) / UTM zone 13N + NAVD88(GEOID18) height,7,7,4,5,0
190,,468072.933,4313285.243,2421.869,,-105.3685412,38.96795629,2407.849,Global,0.011,0.01,0.021,0.015,2.134,m,FIX,2024-04-25 12:31:03.0 UTC-06:00,2024-04-25 12:31:06.0 UTC-06:00,16,1.7,2,468221.158,4313237.027,2433.525,-105.366828,38.96752719,2419.5,156.277,,NAD83(2011) / UTM zone 13N + NAVD88(GEOID18) height,7,7,4,5,0
191,,468072.713,4313285.455,2421.836,,-105.3685438,38.96795819,2407.816,Global,0.011,0.011,0.018,0.015,2.134,m,FIX,2024-04-25 12:31:44.6 UTC-06:00,2024-04-25 12:31:47.6 UTC-06:00,16,1.7,2,468221.158,4313237.027,2433.525,-105.366828,38.96752719,2419.5,156.557,,NAD83(2011) / UTM zone 13N + NAVD88(GEOID18) height,7,7,3,5,0
192,,468072.855,4313285.702,2421.822,,-105.3685422,38.96796042,2407.802,Global,0.011,0.01,0.021,0.015,2.134,m,FIX,2024-04-25 12:32:06.2 UTC-06:00,2024-04-25 12:32:09.2 UTC-06:00,16,1.7,2,468221.158,4313237.027,2433.525,-105.366828,38.96752719,2419.5,156.499,,NAD83(2011) / UTM zone 13N + NAVD88(GEOID18) height,7,7,3,5,0
193,,468072.82,4313285.871,2421.857,,-105.3685426,38.96796194,2407.836,Global,0.011,0.012,0.018,0.017,2.134,m,FIX,2024-04-25 12:32:33.4 UTC-06:00,2024-04-25 12:32:36.4 UTC-06:00,16,1.7,2,468221.158,4313237.027,2433.525,-105.366828,38.96752719,2419.5,156.575,,NAD83(2011) / UTM zone 13N + NAVD88(GEOID18) height,7,7,3,5,0
194,,468072.951,4313286.032,2421.857,,-105.3685411,38.9679634,2407.837,Global,0.01,0.01,0.014,0.015,2.134,m,FIX,2024-04-25 12:32:51.2 UTC-06:00,2024-04-25 12:32:54.2 UTC-06:00,16,1.7,2,468221.158,4313237.027,2433.525,-105.366828,38.96752719,2419.5,156.504,,NAD83(2011) / UTM zone 13N + NAVD88(GEOID18) height,7,7,3,5,0
195,,468073.026,4313286.227,2421.903,,-105.3685402,38.96796516,2407.883,Global,0.01,0.013,0.016,0.016,2.134,m,FIX,2024-04-25 12:33:31.0 UTC-06:00,2024-04-25 12:33:34.0 UTC-06:00,16,1.7,2,468221.158,4313237.027,2433.525,-105.366828,38.96752719,2419.5,156.495,,NAD83(2011) / UTM zone 13N + NAVD88(GEOID18) height,7,7,3,5,0
196,,468073.124,4313286.496,2421.954,,-105.3685391,38.96796759,2407.934,Global,0.01,0.012,0.02,0.016,2.134,m,FIX,2024-04-25 12:33:47.4 UTC-06:00,2024-04-25 12:33:50.4 UTC-06:00,16,1.6,2,468221.158,4313237.027,2433.525,-105.366828,38.96752719,2419.5,156.489,,NAD83(2011) / UTM zone 13N + NAVD88(GEOID18) height,7,7,3,5,0
197,,468073.215,4313286.61,2421.943,,-105.368538,38.96796862,2407.922,Global,0.011,0.012,0.023,0.016,2.134,m,FIX,2024-04-25 12:34:02.6 UTC-06:00,2024-04-25 12:34:05.6 UTC-06:00,16,1.6,2,468221.158,4313237.027,2433.525,-105.366828,38.96752719,2419.5,156.445,,NAD83(2011) / UTM zone 13N + NAVD88(GEOID18) height,7,7,3,5,0
198,,468073.28,4313286.808,2421.974,,-105.3685373,38.9679704,2407.953,Global,0.013,0.011,0.023,0.017,2.134,m,FIX,2024-04-25 12:34:17.4 UTC-06:00,2024-04-25 12:34:20.4 UTC-06:00,16,1.6,2,468221.158,4313237.027,2433.525,-105.366828,38.96752719,2419.5,156.439,,NAD83(2011) / UTM zone 13N + NAVD88(GEOID18) height,7,7,3,5,0
199,,468073.337,4313286.999,2421.971,,-105.3685367,38.96797213,2407.951,Global,0.01,0.01,0.023,0.015,2.134,m,FIX,2024-04-25 12:34:33.4 UTC-06:00,2024-04-25 12:34:36.4 UTC-06:00,16,1.6,2,468221.158,4313237.027,2433.525,-105.366828,38.96752719,2419.5,156.447,,NAD83(2011) / UTM zone 13N + NAVD88(GEOID18) height,7,7,3,5,0
200,,468073.374,4313287.21,2422.009,,-105.3685362,38.96797403,2407.988,Global,0.011,0.01,0.017,0.015,2.134,m,FIX,2024-04-25 12:34:49.0 UTC-06:00,2024-04-25 12:34:52.0 UTC-06:00,16,1.6,2,468221.158,4313237.027,2433.525,-105.366828,38.96752719,2419.5,156.479,,NAD83(2011) / UTM zone 13N + NAVD88(GEOID18) height,8,7,3,5,0
201,,468073.47,4313287.378,2422.039,,-105.3685351,38.96797555,2408.019,Global,0.011,0.011,0.016,0.015,2.134,m,FIX,2024-04-25 12:35:05.4 UTC-06:00,2024-04-25 12:35:08.4 UTC-06:00,16,1.6,2,468221.158,4313237.027,2433.525,-105.366828,38.96752719,2419.5,156.437,,NAD83(2011) / UTM zone 13N + NAVD88(GEOID18) height,8,7,3,5,0
202,,468073.531,4313287.535,2422.021,,-105.3685344,38.96797696,2408,Global,0.011,0.01,0.018,0.015,2.134,m,FIX,2024-04-25 12:35:19.8 UTC-06:00,2024-04-25 12:35:22.8 UTC-06:00,16,1.6,2,468221.158,4313237.027,2433.525,-105.366828,38.96752719,2419.5,156.433,,NAD83(2011) / UTM zone 13N + NAVD88(GEOID18) height,9,7,3,5,0
203,,468073.467,4313287.776,2422.047,,-105.3685352,38.96797913,2408.026,Global,0.01,0.011,0.018,0.015,2.134,m,FIX,2024-04-25 12:35:36.8 UTC-06:00,2024-04-25 12:35:39.8 UTC-06:00,16,1.6,2,468221.158,4313237.027,2433.525,-105.366828,38.96752719,2419.5,156.563,,NAD83(2011) / UTM zone 13N + NAVD88(GEOID18) height,7,7,3,5,0
204,,468073.495,4313287.977,2421.999,,-105.3685349,38.96798095,2407.978,Global,0.012,0.011,0.028,0.017,2.134,m,FIX,2024-04-25 12:35:52.0 UTC-06:00,2024-04-25 12:35:55.0 UTC-06:00,16,1.6,2,468221.158,4313237.027,2433.525,-105.366828,38.96752719,2419.5,156.608,,NAD83(2011) / UTM zone 13N + NAVD88(GEOID18) height,7,7,3,5,0
205,,468073.477,4313288.196,2421.976,,-105.3685351,38.96798292,2407.956,Global,0.011,0.011,0.013,0.016,2.134,m,FIX,2024-04-25 12:38:08.2 UTC-06:00,2024-04-25 12:38:11.2 UTC-06:00,16,1.6,1.9,468221.158,4313237.027,2433.525,-105.366828,38.96752719,2419.5,156.697,,NAD83(2011) / UTM zone 13N + NAVD88(GEOID18) height,7,7,3,5,0
206,,468073.438,4313288.396,2421.971,,-105.3685355,38.96798472,2407.95,Global,0.011,0.011,0.012,0.015,2.134,m,FIX,2024-04-25 12:38:47.0 UTC-06:00,2024-04-25 12:38:50.0 UTC-06:00,16,1.6,1.9,468221.158,4313237.027,2433.525,-105.366828,38.96752719,2419.5,156.791,,NAD83(2011) / UTM zone 13N + NAVD88(GEOID18) height,7,7,3,5,0
207,,468073.481,4313288.786,2421.993,,-105.3685351,38.96798823,2407.972,Global,0.011,0.012,0.011,0.016,2.134,m,FIX,2024-04-25 12:39:13.2 UTC-06:00,2024-04-25 12:39:16.2 UTC-06:00,16,1.6,1.9,468221.158,4313237.027,2433.525,-105.366828,38.96752719,2419.5,156.882,,NAD83(2011) / UTM zone 13N + NAVD88(GEOID18) height,7,7,3,5,0
208,,468073.488,4313289.031,2421.847,,-105.368535,38.96799044,2407.826,Global,0.011,0.012,0.017,0.016,2.134,m,FIX,2024-04-25 12:39:37.0 UTC-06:00,2024-04-25 12:39:40.0 UTC-06:00,16,1.6,1.9,468221.158,4313237.027,2433.525,-105.366828,38.96752719,2419.5,156.969,,NAD83(2011) / UTM zone 13N + NAVD88(GEOID18) height,7,7,3,5,0
209,,468073.601,4313289.355,2422.069,,-105.3685337,38.96799336,2408.049,Global,0.012,0.02,0.017,0.023,2.134,m,FIX,2024-04-25 12:40:07.0 UTC-06:00,2024-04-25 12:40:10.0 UTC-06:00,16,1.6,1.9,468221.158,4313237.027,2433.525,-105.366828,38.96752719,2419.5,156.959,,NAD83(2011) / UTM zone 13N + NAVD88(GEOID18) height,7,6,3,5,0
210,,468073.697,4313289.618,2421.74,,-105.3685326,38.96799574,2407.719,Global,0.011,0.019,0.017,0.022,2.134,m,FIX,2024-04-25 12:40:35.0 UTC-06:00,2024-04-25 12:40:38.0 UTC-06:00,16,1.6,1.9,468221.158,4313237.027,2433.525,-105.366828,38.96752719,2419.5,156.961,,NAD83(2011) / UTM zone 13N + NAVD88(GEOID18) height,7,7,3,5,0
211,,468073.709,4313290.023,2421.687,,-105.3685325,38.96799939,2407.666,Global,0.011,0.024,0.014,0.026,2.134,m,FIX,2024-04-25 12:41:00.0 UTC-06:00,2024-04-25 12:41:03.0 UTC-06:00,16,1.6,1.9,468221.158,4313237.027,2433.525,-105.366828,38.96752719,2419.5,157.096,,NAD83(2011) / UTM zone 13N + NAVD88(GEOID18) height,7,7,3,5,0
212,,468073.686,4313290.232,2421.717,,-105.3685328,38.96800127,2407.697,Global,0.011,0.013,0.016,0.017,2.134,m,FIX,2024-04-25 12:41:34.2 UTC-06:00,2024-04-25 12:41:37.2 UTC-06:00,16,1.6,1.9,468221.158,4313237.027,2433.525,-105.366828,38.96752719,2419.5,157.179,,NAD83(2011) / UTM zone 13N + NAVD88(GEOID18) height,7,6,3,5,0
213,,468073.676,4313290.438,2421.792,,-105.3685329,38.96800313,2407.772,Global,0.011,0.019,0.014,0.022,2.134,m,FIX,2024-04-25 12:42:07.4 UTC-06:00,2024-04-25 12:42:10.4 UTC-06:00,16,1.6,1.9,468221.158,4313237.027,2433.525,-105.366828,38.96752719,2419.5,157.275,,NAD83(2011) / UTM zone 13N + NAVD88(GEOID18) height,7,6,3,5,0
214,,468073.672,4313290.432,2421.784,,-105.3685329,38.96800307,2407.763,Global,0.01,0.013,0.011,0.016,2.134,m,FIX,2024-04-25 12:44:35.0 UTC-06:00,2024-04-25 12:44:38.0 UTC-06:00,16,1.6,1.9,468221.158,4313237.027,2433.525,-105.366828,38.96752719,2419.5,157.275,,NAD83(2011) / UTM zone 13N + NAVD88(GEOID18) height,7,6,3,4,0
215,,468073.723,4313290.627,2421.729,,-105.3685324,38.96800483,2407.709,Global,0.013,0.012,0.024,0.018,2.134,m,FIX,2024-04-25 12:45:07.0 UTC-06:00,2024-04-25 12:45:10.0 UTC-06:00,16,1.9,2.2,468221.158,4313237.027,2433.525,-105.366828,38.96752719,2419.5,157.284,,NAD83(2011) / UTM zone 13N + NAVD88(GEOID18) height,7,6,3,5,0
216,,468073.817,4313290.916,2421.824,,-105.3685313,38.96800744,2407.803,Global,0.015,0.013,0.027,0.02,2.134,m,FIX,2024-04-25 12:45:29.2 UTC-06:00,2024-04-25 12:45:32.2 UTC-06:00,16,1.9,2.2,468221.158,4313237.027,2433.525,-105.366828,38.96752719,2419.5,157.3,,NAD83(2011) / UTM zone 13N + NAVD88(GEOID18) height,7,5,3,5,0
217,,468073.933,4313291.159,2421.838,,-105.36853,38.96800964,2407.818,Global,0.014,0.017,0.029,0.022,2.134,m,FIX,2024-04-25 12:45:51.0 UTC-06:00,2024-04-25 12:45:54.0 UTC-06:00,16,1.6,1.9,468221.158,4313237.027,2433.525,-105.366828,38.96752719,2419.5,157.257,,NAD83(2011) / UTM zone 13N + NAVD88(GEOID18) height,7,7,3,5,0
218,,468074.067,4313291.414,2421.805,,-105.3685284,38.96801194,2407.785,Global,0.013,0.012,0.022,0.018,2.134,m,FIX,2024-04-25 12:46:16.6 UTC-06:00,2024-04-25 12:46:19.6 UTC-06:00,16,1.9,2.2,468221.158,4313237.027,2433.525,-105.366828,38.96752719,2419.5,157.224,,NAD83(2011) / UTM zone 13N + NAVD88(GEOID18) height,7,7,3,5,0
219,,468074.119,4313291.688,2421.837,,-105.3685278,38.9680144,2407.817,Global,0.013,0.015,0.027,0.02,2.134,m,FIX,2024-04-25 12:46:44.0 UTC-06:00,2024-04-25 12:46:47.0 UTC-06:00,16,1.9,2.2,468221.158,4313237.027,2433.525,-105.366828,38.96752719,2419.5,157.281,,NAD83(2011) / UTM zone 13N + NAVD88(GEOID18) height,6,5,3,4,0
220,,468074.098,4313291.971,2421.871,,-105.3685281,38.96801696,2407.851,Global,0.023,0.011,0.021,0.025,2.134,m,FIX,2024-04-25 12:47:15.6 UTC-06:00,2024-04-25 12:47:18.6 UTC-06:00,16,1.9,2.3,468221.158,4313237.027,2433.525,-105.366828,38.96752719,2419.5,157.404,,NAD83(2011) / UTM zone 13N + NAVD88(GEOID18) height,6,5,3,4,0
221,,468074.482,4313292.23,2421.821,,-105.3685237,38.9680193,2407.8,Global,0.013,0.016,0.026,0.02,2.134,m,FIX,2024-04-25 12:47:48.4 UTC-06:00,2024-04-25 12:47:51.4 UTC-06:00,16,1.9,2.3,468221.158,4313237.027,2433.525,-105.366828,38.96752719,2419.5,157.125,,NAD83(2011) / UTM zone 13N + NAVD88(GEOID18) height,6,6,4,5,0
222,,468074.338,4313292.63,2421.909,,-105.3685254,38.9680229,2407.888,Global,0.014,0.013,0.026,0.019,2.134,m,FIX,2024-04-25 12:48:27.2 UTC-06:00,2024-04-25 12:48:30.2 UTC-06:00,16,1.9,2.3,468221.158,4313237.027,2433.525,-105.366828,38.96752719,2419.5,157.403,,NAD83(2011) / UTM zone 13N + NAVD88(GEOID18) height,6,6,4,4,0
223,,468074.522,4313292.846,2422.442,,-105.3685232,38.96802486,2408.422,Global,0.01,0.011,0.016,0.015,2.134,m,FIX,2024-04-25 12:53:19.6 UTC-06:00,2024-04-25 12:53:22.6 UTC-06:00,16,1.7,2,468221.158,4313237.027,2433.525,-105.366828,38.96752719,2419.5,157.277,,NAD83(2011) / UTM zone 13N + NAVD88(GEOID18) height,6,6,5,4,0
224,,468074.552,4313293.197,2422.538,,-105.3685229,38.96802802,2408.518,Global,0.013,0.011,0.014,0.018,2.134,m,FIX,2024-04-25 12:53:39.2 UTC-06:00,2024-04-25 12:53:42.2 UTC-06:00,16,1.5,1.8,468221.158,4313237.027,2433.525,-105.366828,38.96752719,2419.5,157.358,,NAD83(2011) / UTM zone 13N + NAVD88(GEOID18) height,6,5,4,3,0
225,,468074.614,4313293.455,2422.592,,-105.3685222,38.96803035,2408.571,Global,0.014,0.011,0.02,0.018,2.134,m,FIX,2024-04-25 12:53:56.0 UTC-06:00,2024-04-25 12:53:59.0 UTC-06:00,16,1.7,2,468221.158,4313237.027,2433.525,-105.366828,38.96752719,2419.5,157.412,,NAD83(2011) / UTM zone 13N + NAVD88(GEOID18) height,6,6,4,3,0
226,,468074.653,4313293.69,2422.518,,-105.3685218,38.96803247,2408.498,Global,0.012,0.01,0.018,0.016,2.134,m,FIX,2024-04-25 12:54:14.2 UTC-06:00,2024-04-25 12:54:17.2 UTC-06:00,16,1.9,2.2,468221.158,4313237.027,2433.525,-105.366828,38.96752719,2419.5,157.457,,NAD83(2011) / UTM zone 13N + NAVD88(GEOID18) height,6,5,4,3,0
227,,468074.701,4313293.922,2422.262,,-105.3685212,38.96803456,2408.242,Global,0.012,0.012,0.024,0.017,2.134,m,FIX,2024-04-25 12:54:30.0 UTC-06:00,2024-04-25 12:54:33.0 UTC-06:00,16,1.5,1.8,468221.158,4313237.027,2433.525,-105.366828,38.96752719,2419.5,157.51,,NAD83(2011) / UTM zone 13N + NAVD88(GEOID18) height,6,6,4,3,0
228,,468074.758,4313294.038,2421.823,,-105.3685206,38.96803561,2407.802,Global,0.013,0.011,0.02,0.017,2.134,m,FIX,2024-04-25 12:54:44.4 UTC-06:00,2024-04-25 12:54:47.4 UTC-06:00,16,1.7,2,468221.158,4313237.027,2433.525,-105.366828,38.96752719,2419.5,157.527,,NAD83(2011) / UTM zone 13N + NAVD88(GEOID18) height,6,6,5,3,0
229,,468074.911,4313294.26,2421.808,,-105.3685188,38.96803761,2407.788,Global,0.011,0.01,0.018,0.015,2.134,m,FIX,2024-04-25 12:55:20.2 UTC-06:00,2024-04-25 12:55:23.2 UTC-06:00,16,1.5,1.8,468221.158,4313237.027,2433.525,-105.366828,38.96752719,2419.5,157.457,,NAD83(2011) / UTM zone 13N + NAVD88(GEOID18) height,6,6,5,4,0
230,,468075.15,4313294.537,2421.821,,-105.3685161,38.96804012,2407.801,Global,0.012,0.014,0.025,0.018,2.134,m,FIX,2024-04-25 12:55:49.6 UTC-06:00,2024-04-25 12:55:52.6 UTC-06:00,16,1.7,2,468221.158,4313237.027,2433.525,-105.366828,38.96752719,2419.5,157.339,,NAD83(2011) / UTM zone 13N + NAVD88(GEOID18) height,6,6,4,4,0
231,,468075.29,4313294.777,2421.851,,-105.3685145,38.96804228,2407.83,Global,0.012,0.012,0.024,0.017,2.134,m,FIX,2024-04-25 12:56:14.0 UTC-06:00,2024-04-25 12:56:17.0 UTC-06:00,16,1.7,2,468221.158,4313237.027,2433.525,-105.366828,38.96752719,2419.5,157.286,,NAD83(2011) / UTM zone 13N + NAVD88(GEOID18) height,7,5,4,3,0
232,,468075.415,4313294.978,2421.981,,-105.368513,38.9680441,2407.96,Global,0.01,0.011,0.017,0.015,2.134,m,FIX,2024-04-25 12:56:36.2 UTC-06:00,2024-04-25 12:56:39.2 UTC-06:00,16,1.5,1.8,468221.158,4313237.027,2433.525,-105.366828,38.96752719,2419.5,157.248,,NAD83(2011) / UTM zone 13N + NAVD88(GEOID18) height,8,5,4,3,0
233,,468075.545,4313295.207,2421.808,,-105.3685116,38.96804617,2407.788,Global,0.012,0.012,0.023,0.017,2.134,m,FIX,2024-04-25 12:56:52.6 UTC-06:00,2024-04-25 12:56:55.6 UTC-06:00,16,1.7,2,468221.158,4313237.027,2433.525,-105.366828,38.96752719,2419.5,157.217,,NAD83(2011) / UTM zone 13N + NAVD88(GEOID18) height,8,6,5,3,0
234,,468075.683,4313295.507,2422.052,,-105.36851,38.96804888,2408.032,Global,0.011,0.011,0.011,0.016,2.134,m,FIX,2024-04-25 12:57:54.6 UTC-06:00,2024-04-25 12:57:57.6 UTC-06:00,16,1.5,1.8,468221.158,4313237.027,2433.525,-105.366828,38.96752719,2419.5,157.196,,NAD83(2011) / UTM zone 13N + NAVD88(GEOID18) height,8,6,4,4,0
235,,468075.77,4313295.818,2421.932,,-105.368509,38.96805168,2407.911,Global,0.013,0.013,0.013,0.018,2.134,m,FIX,2024-04-25 12:58:15.6 UTC-06:00,2024-04-25 12:58:18.6 UTC-06:00,16,1.5,1.8,468221.158,4313237.027,2433.525,-105.366828,38.96752719,2419.5,157.213,,NAD83(2011) / UTM zone 13N + NAVD88(GEOID18) height,8,6,4,3,0
236,,468075.849,4313296.105,2422.058,,-105.3685081,38.96805427,2408.038,Global,0.01,0.013,0.011,0.017,2.134,m,FIX,2024-04-25 12:58:33.6 UTC-06:00,2024-04-25 12:58:36.6 UTC-06:00,16,1.7,2,468221.158,4313237.027,2433.525,-105.366828,38.96752719,2419.5,157.259,,NAD83(2011) / UTM zone 13N + NAVD88(GEOID18) height,8,6,4,4,0
237,,468075.935,4313296.328,2422.01,,-105.3685071,38.96805629,2407.99,Global,0.013,0.01,0.013,0.016,2.134,m,FIX,2024-04-25 12:58:51.6 UTC-06:00,2024-04-25 12:58:54.6 UTC-06:00,16,1.5,1.8,468221.158,4313237.027,2433.525,-105.366828,38.96752719,2419.5,157.275,,NAD83(2011) / UTM zone 13N + NAVD88(GEOID18) height,8,6,5,4,0
238,,468076.022,4313296.522,2422.132,,-105.3685061,38.96805804,2408.112,Global,0.01,0.01,0.012,0.015,2.134,m,FIX,2024-04-25 12:59:08.4 UTC-06:00,2024-04-25 12:59:11.4 UTC-06:00,16,1.7,2,468221.158,4313237.027,2433.525,-105.366828,38.96752719,2419.5,157.25,,NAD83(2011) / UTM zone 13N + NAVD88(GEOID18) height,8,5,4,3,0
239,,468076.008,4313296.805,2422.265,,-105.3685063,38.96806058,2408.245,Global,0.01,0.01,0.01,0.015,2.134,m,FIX,2024-04-25 12:59:31.4 UTC-06:00,2024-04-25 12:59:34.4 UTC-06:00,16,1.5,1.7,468221.158,4313237.027,2433.525,-105.366828,38.96752719,2419.5,157.368,,NAD83(2011) / UTM zone 13N + NAVD88(GEOID18) height,8,5,5,3,0
240,,468076.101,4313297.027,2422.376,,-105.3685052,38.96806259,2408.355,Global,0.01,0.011,0.011,0.015,2.134,m,FIX,2024-04-25 12:59:51.4 UTC-06:00,2024-04-25 12:59:54.4 UTC-06:00,16,1.5,1.7,468221.158,4313237.027,2433.525,-105.366828,38.96752719,2419.5,157.354,,NAD83(2011) / UTM zone 13N + NAVD88(GEOID18) height,8,6,5,3,0
241,,468076.05,4313297.297,2422.24,,-105.3685058,38.96806502,2408.22,Global,0.011,0.011,0.014,0.016,2.134,m,FIX,2024-04-25 13:00:11.2 UTC-06:00,2024-04-25 13:00:14.2 UTC-06:00,16,1.8,2.2,468221.158,4313237.027,2433.525,-105.366828,38.96752719,2419.5,157.51,,NAD83(2011) / UTM zone 13N + NAVD88(GEOID18) height,8,6,4,3,0
242,,468076.074,4313297.539,2422.787,,-105.3685056,38.96806721,2408.766,Global,0.015,0.012,0.015,0.019,2.134,m,FIX,2024-04-25 13:00:42.0 UTC-06:00,2024-04-25 13:00:45.0 UTC-06:00,16,1.9,2.2,468221.158,4313237.027,2433.525,-105.366828,38.96752719,2419.5,157.552,,NAD83(2011) / UTM zone 13N + NAVD88(GEOID18) height,8,6,5,5,0
243,,468076.093,4313297.736,2422.978,,-105.3685053,38.96806898,2408.957,Global,0.01,0.01,0.012,0.015,2.134,m,FIX,2024-04-25 13:01:02.4 UTC-06:00,2024-04-25 13:01:05.4 UTC-06:00,16,1.6,1.9,468221.158,4313237.027,2433.525,-105.366828,38.96752719,2419.5,157.6,,NAD83(2011) / UTM zone 13N + NAVD88(GEOID18) height,8,6,5,4,0
244,,468076.158,4313297.936,2422.98,,-105.3685046,38.96807079,2408.96,Global,0.01,0.012,0.013,0.015,2.134,m,FIX,2024-04-25 13:01:22.8 UTC-06:00,2024-04-25 13:01:25.8 UTC-06:00,16,1.7,2,468221.158,4313237.027,2433.525,-105.366828,38.96752719,2419.5,157.621,,NAD83(2011) / UTM zone 13N + NAVD88(GEOID18) height,8,6,5,3,0
245,,468076.195,4313298.178,2422.937,,-105.3685042,38.96807297,2408.917,Global,0.01,0.011,0.016,0.015,2.134,m,FIX,2024-04-25 13:01:43.8 UTC-06:00,2024-04-25 13:01:46.8 UTC-06:00,16,1.9,2.2,468221.158,4313237.027,2433.525,-105.366828,38.96752719,2419.5,157.677,,NAD83(2011) / UTM zone 13N + NAVD88(GEOID18) height,8,6,5,4,0
246,,468076.235,4313298.385,2422.89,,-105.3685037,38.96807483,2408.87,Global,0.012,0.012,0.015,0.017,2.134,m,FIX,2024-04-25 13:02:01.0 UTC-06:00,2024-04-25 13:02:04.0 UTC-06:00,16,1.9,2.2,468221.158,4313237.027,2433.525,-105.366828,38.96752719,2419.5,157.727,,NAD83(2011) / UTM zone 13N + NAVD88(GEOID18) height,8,6,5,3,0
247,,468076.307,4313298.644,2422.871,,-105.3685029,38.96807717,2408.85,Global,0.013,0.015,0.021,0.019,2.134,m,FIX,2024-04-25 13:02:17.0 UTC-06:00,2024-04-25 13:02:20.0 UTC-06:00,16,1.9,2.2,468221.158,4313237.027,2433.525,-105.366828,38.96752719,2419.5,157.756,,NAD83(2011) / UTM zone 13N + NAVD88(GEOID18) height,8,6,5,4,0
248,,468076.433,4313298.927,2422.768,,-105.3685015,38.96807973,2408.747,Global,0.011,0.01,0.013,0.015,2.134,m,FIX,2024-04-25 13:02:33.4 UTC-06:00,2024-04-25 13:02:36.4 UTC-06:00,16,2.1,2.6,468221.158,4313237.027,2433.525,-105.366828,38.96752719,2419.5,157.763,,NAD83(2011) / UTM zone 13N + NAVD88(GEOID18) height,8,6,5,4,0
249,,468076.514,4313299.198,2422.7,,-105.3685006,38.96808217,2408.679,Global,0.014,0.011,0.015,0.018,2.134,m,FIX,2024-04-25 13:03:24.0 UTC-06:00,2024-04-25 13:03:27.0 UTC-06:00,16,1.9,2.3,468221.158,4313237.027,2433.525,-105.366828,38.96752719,2419.5,157.787,,NAD83(2011) / UTM zone 13N + NAVD88(GEOID18) height,8,6,5,3,0
250,,468076.512,4313299.427,2422.692,,-105.3685006,38.96808423,2408.671,Global,0.011,0.012,0.022,0.016,2.134,m,FIX,2024-04-25 13:03:48.6 UTC-06:00,2024-04-25 13:03:51.6 UTC-06:00,16,1.9,2.3,468221.158,4313237.027,2433.525,-105.366828,38.96752719,2419.5,157.894,,NAD83(2011) / UTM zone 13N + NAVD88(GEOID18) height,8,6,5,3,0
251,,468076.579,4313299.648,2422.654,,-105.3684998,38.96808623,2408.633,Global,0.01,0.013,0.023,0.017,2.134,m,FIX,2024-04-25 13:04:06.6 UTC-06:00,2024-04-25 13:04:09.6 UTC-06:00,16,1.9,2.3,468221.158,4313237.027,2433.525,-105.366828,38.96752719,2419.5,157.918,,NAD83(2011) / UTM zone 13N + NAVD88(GEOID18) height,8,6,5,4,0
252,,468076.447,4313299.943,2422.625,,-105.3685014,38.96808888,2408.604,Global,0.013,0.012,0.024,0.018,2.134,m,FIX,2024-04-25 13:04:30.0 UTC-06:00,2024-04-25 13:04:33.0 UTC-06:00,16,1.7,2,468221.158,4313237.027,2433.525,-105.366828,38.96752719,2419.5,158.149,,NAD83(2011) / UTM zone 13N + NAVD88(GEOID18) height,7,6,5,4,0
253,,468076.506,4313300.207,2422.484,,-105.3685007,38.96809126,2408.464,Global,0.011,0.011,0.018,0.015,2.134,m,FIX,2024-04-25 13:04:52.2 UTC-06:00,2024-04-25 13:04:55.2 UTC-06:00,16,1.6,1.8,468221.158,4313237.027,2433.525,-105.366828,38.96752719,2419.5,158.224,,NAD83(2011) / UTM zone 13N + NAVD88(GEOID18) height,7,6,5,4,0
254,,468076.554,4313300.422,2422.248,,-105.3685001,38.9680932,2408.227,Global,0.011,0.015,0.029,0.019,2.134,m,FIX,2024-04-25 13:05:34.6 UTC-06:00,2024-04-25 13:05:37.6 UTC-06:00,16,1.9,2.2,468221.158,4313237.027,2433.525,-105.366828,38.96752719,2419.5,158.267,,NAD83(2011) / UTM zone 13N + NAVD88(GEOID18) height,7,6,5,4,0
255,,468076.891,4313300.64,2422.233,,-105.3684963,38.96809518,2408.212,Global,0.011,0.011,0.016,0.015,2.134,m,FIX,2024-04-25 13:06:08.2 UTC-06:00,2024-04-25 13:06:11.2 UTC-06:00,16,1.9,2.2,468221.158,4313237.027,2433.525,-105.366828,38.96752719,2419.5,158.055,,NAD83(2011) / UTM zone 13N + NAVD88(GEOID18) height,7,6,4,4,0
256,,468076.977,4313300.87,2422.303,,-105.3684953,38.96809725,2408.282,Global,0.011,0.011,0.022,0.016,2.134,m,FIX,2024-04-25 13:06:27.8 UTC-06:00,2024-04-25 13:06:30.8 UTC-06:00,16,1.9,2.3,468221.158,4313237.027,2433.525,-105.366828,38.96752719,2419.5,158.056,,NAD83(2011) / UTM zone 13N + NAVD88(GEOID18) height,7,6,4,3,0
257,,468077.085,4313301.086,2422.245,,-105.368494,38.9680992,2408.224,Global,0.011,0.011,0.019,0.015,2.134,m,FIX,2024-04-25 13:06:45.2 UTC-06:00,2024-04-25 13:06:48.2 UTC-06:00,16,1.9,2.3,468221.158,4313237.027,2433.525,-105.366828,38.96752719,2419.5,158.057,,NAD83(2011) / UTM zone 13N + NAVD88(GEOID18) height,7,6,4,3,0
258,,468077.185,4313301.322,2422.362,,-105.3684929,38.96810134,2408.341,Global,0.012,0.011,0.025,0.017,2.134,m,FIX,2024-04-25 13:07:01.8 UTC-06:00,2024-04-25 13:07:04.8 UTC-06:00,16,1.9,2.3,468221.158,4313237.027,2433.525,-105.366828,38.96752719,2419.5,158.063,,NAD83(2011) / UTM zone 13N + NAVD88(GEOID18) height,8,6,4,4,0
259,,468077.248,4313301.596,2422.465,,-105.3684922,38.96810381,2408.444,Global,0.01,0.01,0.016,0.014,2.134,m,FIX,2024-04-25 13:07:37.8 UTC-06:00,2024-04-25 13:07:40.8 UTC-06:00,16,1.6,1.9,468221.158,4313237.027,2433.525,-105.366828,38.96752719,2419.5,158.106,,NAD83(2011) / UTM zone 13N + NAVD88(GEOID18) height,8,6,4,5,0
260,,468077.299,4313301.781,2422.601,,-105.3684916,38.96810547,2408.581,Global,0.012,0.011,0.015,0.016,2.134,m,FIX,2024-04-25 13:07:57.0 UTC-06:00,2024-04-25 13:08:00.0 UTC-06:00,16,2,2.3,468221.158,4313237.027,2433.525,-105.366828,38.96752719,2419.5,158.136,,NAD83(2011) / UTM zone 13N + NAVD88(GEOID18) height,8,6,4,5,0
261,,468077.354,4313301.986,2422.68,,-105.368491,38.96810733,2408.66,Global,0.01,0.01,0.01,0.015,2.134,m,FIX,2024-04-25 13:08:14.8 UTC-06:00,2024-04-25 13:08:17.8 UTC-06:00,16,1.6,1.9,468221.158,4313237.027,2433.525,-105.366828,38.96752719,2419.5,158.154,,NAD83(2011) / UTM zone 13N + NAVD88(GEOID18) height,8,7,4,5,0
262,,468077.441,4313302.202,2422.789,,-105.36849,38.96810927,2408.769,Global,0.011,0.01,0.01,0.015,2.134,m,FIX,2024-04-25 13:08:28.8 UTC-06:00,2024-04-25 13:08:31.8 UTC-06:00,16,1.7,2,468221.158,4313237.027,2433.525,-105.366828,38.96752719,2419.5,158.162,,NAD83(2011) / UTM zone 13N + NAVD88(GEOID18) height,8,6,4,5,0
263,,468077.516,4313302.391,2422.898,,-105.3684891,38.96811097,2408.877,Global,0.011,0.012,0.01,0.016,2.134,m,FIX,2024-04-25 13:08:43.0 UTC-06:00,2024-04-25 13:08:46.0 UTC-06:00,16,1.6,1.8,468221.158,4313237.027,2433.525,-105.366828,38.96752719,2419.5,158.157,,NAD83(2011) / UTM zone 13N + NAVD88(GEOID18) height,8,7,4,5,0
264,,468077.604,4313302.569,2423.257,,-105.3684881,38.96811259,2409.236,Global,0.013,0.011,0.013,0.017,2.134,m,FIX,2024-04-25 13:09:06.4 UTC-06:00,2024-04-25 13:09:09.4 UTC-06:00,16,1.8,2.1,468221.158,4313237.027,2433.525,-105.366828,38.96752719,2419.5,158.133,,NAD83(2011) / UTM zone 13N + NAVD88(GEOID18) height,8,8,4,5,0
265,,468077.758,4313302.853,2423.184,,-105.3684864,38.96811515,2409.163,Global,0.011,0.011,0.011,0.015,2.134,m,FIX,2024-04-25 13:09:24.0 UTC-06:00,2024-04-25 13:09:27.0 UTC-06:00,16,1.9,2.3,468221.158,4313237.027,2433.525,-105.366828,38.96752719,2419.5,158.116,,NAD83(2011) / UTM zone 13N + NAVD88(GEOID18) height,8,6,4,4,0
266,,468077.866,4313303.072,2423.381,,-105.3684851,38.96811713,2409.36,Global,0.011,0.01,0.013,0.015,2.134,m,FIX,2024-04-25 13:09:40.0 UTC-06:00,2024-04-25 13:09:43.0 UTC-06:00,16,1.7,2.1,468221.158,4313237.027,2433.525,-105.366828,38.96752719,2419.5,158.106,,NAD83(2011) / UTM zone 13N + NAVD88(GEOID18) height,7,6,4,4,0
267,,468077.984,4313303.31,2423.509,,-105.3684838,38.96811927,2409.488,Global,0.01,0.013,0.013,0.017,2.134,m,FIX,2024-04-25 13:09:54.4 UTC-06:00,2024-04-25 13:09:57.4 UTC-06:00,16,1.6,1.9,468221.158,4313237.027,2433.525,-105.366828,38.96752719,2419.5,158.085,,NAD83(2011) / UTM zone 13N + NAVD88(GEOID18) height,8,6,4,5,0
268,,468078.125,4313303.527,2423.687,,-105.3684822,38.96812124,2409.667,Global,0.011,0.012,0.014,0.016,2.134,m,FIX,2024-04-25 13:10:12.2 UTC-06:00,2024-04-25 13:10:15.2 UTC-06:00,16,1.7,2,468221.158,4313237.027,2433.525,-105.366828,38.96752719,2419.5,158.05,,NAD83(2011) / UTM zone 13N + NAVD88(GEOID18) height,8,7,4,5,0
269,,468078.048,4313303.786,2423.735,,-105.3684831,38.96812357,2409.714,Global,0.012,0.011,0.016,0.016,2.134,m,FIX,2024-04-25 13:10:45.2 UTC-06:00,2024-04-25 13:10:48.2 UTC-06:00,16,1.6,1.9,468221.158,4313237.027,2433.525,-105.366828,38.96752719,2419.5,158.212,,NAD83(2011) / UTM zone 13N + NAVD88(GEOID18) height,8,7,4,4,0
270,,468078.062,4313304.027,2423.778,,-105.3684829,38.96812574,2409.758,Global,0.011,0.01,0.015,0.015,2.134,m,FIX,2024-04-25 13:11:39.8 UTC-06:00,2024-04-25 13:11:42.8 UTC-06:00,16,1.8,2.1,468221.158,4313237.027,2433.525,-105.366828,38.96752719,2419.5,158.302,,NAD83(2011) / UTM zone 13N + NAVD88(GEOID18) height,7,6,4,3,0
271,,468078.105,4313304.277,2423.775,,-105.3684824,38.96812799,2409.755,Global,0.011,0.01,0.02,0.015,2.134,m,FIX,2024-04-25 13:12:10.6 UTC-06:00,2024-04-25 13:12:13.6 UTC-06:00,16,1.9,2.3,468221.158,4313237.027,2433.525,-105.366828,38.96752719,2419.5,158.382,,NAD83(2011) / UTM zone 13N + NAVD88(GEOID18) height,8,7,5,3,0
272,,468078.139,4313304.563,2423.87,,-105.368482,38.96813057,2409.849,Global,0.01,0.012,0.019,0.015,2.134,m,FIX,2024-04-25 13:12:31.0 UTC-06:00,2024-04-25 13:12:34.0 UTC-06:00,16,1.8,2.2,468221.158,4313237.027,2433.525,-105.366828,38.96752719,2419.5,158.463,,NAD83(2011) / UTM zone 13N + NAVD88(GEOID18) height,7,8,5,4,0
273,,468078.177,4313304.92,2423.854,,-105.3684816,38.96813379,2409.833,Global,0.012,0.012,0.022,0.017,2.134,m,FIX,2024-04-25 13:12:48.2 UTC-06:00,2024-04-25 13:12:51.2 UTC-06:00,16,1.7,2,468221.158,4313237.027,2433.525,-105.366828,38.96752719,2419.5,158.59,,NAD83(2011) / UTM zone 13N + NAVD88(GEOID18) height,7,7,5,4,0
274,,468078.233,4313305.261,2423.96,,-105.368481,38.96813686,2409.939,Global,0.01,0.01,0.018,0.015,2.134,m,FIX,2024-04-25 13:13:10.0 UTC-06:00,2024-04-25 13:13:13.0 UTC-06:00,16,1.7,2,468221.158,4313237.027,2433.525,-105.366828,38.96752719,2419.5,158.67,,NAD83(2011) / UTM zone 13N + NAVD88(GEOID18) height,7,7,4,4,0
275,,468078.381,4313305.548,2423.998,,-105.3684793,38.96813946,2409.977,Global,0.011,0.011,0.017,0.016,2.134,m,FIX,2024-04-25 13:13:29.0 UTC-06:00,2024-04-25 13:13:32.0 UTC-06:00,16,2,2.4,468221.158,4313237.027,2433.525,-105.366828,38.96752719,2419.5,158.652,,NAD83(2011) / UTM zone 13N + NAVD88(GEOID18) height,6,6,4,4,0
276,,468078.515,4313305.929,2424.069,,-105.3684778,38.9681429,2410.049,Global,0.01,0.01,0.016,0.015,2.134,m,FIX,2024-04-25 13:13:49.6 UTC-06:00,2024-04-25 13:13:52.6 UTC-06:00,16,1.7,2,468221.158,4313237.027,2433.525,-105.366828,38.96752719,2419.5,158.697,,NAD83(2011) / UTM zone 13N + NAVD88(GEOID18) height,6,7,4,4,0
277,,468078.588,4313306.277,2424.129,,-105.3684769,38.96814604,2410.108,Global,0.012,0.011,0.018,0.016,2.134,m,FIX,2024-04-25 13:14:09.0 UTC-06:00,2024-04-25 13:14:12.0 UTC-06:00,16,1.7,2,468221.158,4313237.027,2433.525,-105.366828,38.96752719,2419.5,158.785,,NAD83(2011) / UTM zone 13N + NAVD88(GEOID18) height,7,7,4,4,0
278,,468078.683,4313306.612,2424.284,,-105.3684759,38.96814905,2410.263,Global,0.012,0.011,0.015,0.016,2.134,m,FIX,2024-04-25 13:14:26.0 UTC-06:00,2024-04-25 13:14:29.0 UTC-06:00,16,1.7,2.1,468221.158,4313237.027,2433.525,-105.366828,38.96752719,2419.5,158.834,,NAD83(2011) / UTM zone 13N + NAVD88(GEOID18) height,7,6,4,4,0
279,,468078.776,4313306.959,2424.342,,-105.3684748,38.96815219,2410.322,Global,0.011,0.01,0.019,0.015,2.134,m,FIX,2024-04-25 13:14:47.6 UTC-06:00,2024-04-25 13:14:50.6 UTC-06:00,16,2.1,2.5,468221.158,4313237.027,2433.525,-105.366828,38.96752719,2419.5,158.901,,NAD83(2011) / UTM zone 13N + NAVD88(GEOID18) height,7,7,5,4,0
280,,468078.882,4313307.244,2424.344,,-105.3684736,38.96815476,2410.324,Global,0.012,0.015,0.013,0.02,2.134,m,FIX,2024-04-25 13:15:05.8 UTC-06:00,2024-04-25 13:15:08.8 UTC-06:00,16,2.6,3.3,468221.158,4313237.027,2433.525,-105.366828,38.96752719,2419.5,158.919,,NAD83(2011) / UTM zone 13N + NAVD88(GEOID18) height,6,7,5,3,0
281,,468078.918,4313307.659,2424.383,,-105.3684732,38.9681585,2410.363,Global,0.012,0.01,0.024,0.016,2.134,m,FIX,2024-04-25 13:15:26.4 UTC-06:00,2024-04-25 13:15:29.4 UTC-06:00,16,2.6,3.3,468221.158,4313237.027,2433.525,-105.366828,38.96752719,2419.5,159.076,,NAD83(2011) / UTM zone 13N + NAVD88(GEOID18) height,7,8,4,3,0
282,,468079.05,4313307.948,2424.385,,-105.3684717,38.96816111,2410.365,Global,0.01,0.011,0.017,0.015,2.134,m,FIX,2024-04-25 13:15:45.0 UTC-06:00,2024-04-25 13:15:48.0 UTC-06:00,16,2.8,3.5,468221.158,4313237.027,2433.525,-105.366828,38.96752719,2419.5,159.095,,NAD83(2011) / UTM zone 13N + NAVD88(GEOID18) height,6,7,5,4,0
283,,468079.147,4313308.29,2424.441,,-105.3684706,38.9681642,2410.421,Global,0.011,0.011,0.014,0.015,2.134,m,FIX,2024-04-25 13:16:04.8 UTC-06:00,2024-04-25 13:16:07.8 UTC-06:00,16,2.1,2.5,468221.158,4313237.027,2433.525,-105.366828,38.96752719,2419.5,159.159,,NAD83(2011) / UTM zone 13N + NAVD88(GEOID18) height,6,6,4,4,0
284,,468079.197,4313308.641,2424.519,,-105.36847,38.96816736,2410.499,Global,0.011,0.01,0.011,0.015,2.134,m,FIX,2024-04-25 13:16:23.0 UTC-06:00,2024-04-25 13:16:26.0 UTC-06:00,16,2.3,2.8,468221.158,4313237.027,2433.525,-105.366828,38.96752719,2419.5,159.262,,NAD83(2011) / UTM zone 13N + NAVD88(GEOID18) height,5,7,5,4,0
285,,468079.285,4313308.934,2424.643,,-105.368469,38.96817,2410.622,Global,0.01,0.011,0.012,0.015,2.134,m,FIX,2024-04-25 13:16:40.4 UTC-06:00,2024-04-25 13:16:43.4 UTC-06:00,16,2.1,2.5,468221.158,4313237.027,2433.525,-105.366828,38.96752719,2419.5,159.33,,NAD83(2011) / UTM zone 13N + NAVD88(GEOID18) height,7,7,5,4,0
286,,468079.305,4313309.298,2424.753,,-105.3684688,38.96817328,2410.733,Global,0.012,0.011,0.013,0.016,2.134,m,FIX,2024-04-25 13:17:02.4 UTC-06:00,2024-04-25 13:17:05.4 UTC-06:00,16,2.2,2.6,468221.158,4313237.027,2433.525,-105.366828,38.96752719,2419.5,159.465,,NAD83(2011) / UTM zone 13N + NAVD88(GEOID18) height,7,5,5,4,0
287,,468079.333,4313309.623,2424.753,,-105.3684685,38.96817621,2410.732,Global,0.011,0.011,0.019,0.016,2.134,m,FIX,2024-04-25 13:17:25.2 UTC-06:00,2024-04-25 13:17:28.2 UTC-06:00,16,3,3.8,468221.158,4313237.027,2433.525,-105.366828,38.96752719,2419.5,159.587,,NAD83(2011) / UTM zone 13N + NAVD88(GEOID18) height,7,6,5,4,0
288,,468079.443,4313310.054,2424.739,,-105.3684672,38.96818011,2410.719,Global,0.013,0.016,0.028,0.02,2.134,m,FIX,2024-04-25 13:17:46.0 UTC-06:00,2024-04-25 13:17:49.0 UTC-06:00,16,4,5.1,468221.158,4313237.027,2433.525,-105.366828,38.96752719,2419.5,159.679,,NAD83(2011) / UTM zone 13N + NAVD88(GEOID18) height,6,7,4,3,0
289,,468079.576,4313310.271,2424.931,,-105.3684657,38.96818206,2410.911,Global,0.011,0.015,0.019,0.018,2.134,m,FIX,2024-04-25 13:18:26.6 UTC-06:00,2024-04-25 13:18:29.6 UTC-06:00,16,3.1,3.8,468221.158,4313237.027,2433.525,-105.366828,38.96752719,2419.5,159.654,,NAD83(2011) / UTM zone 13N + NAVD88(GEOID18) height,5,7,4,4,0
290,,468079.604,4313310.565,2424.966,,-105.3684654,38.96818471,2410.946,Global,0.011,0.01,0.022,0.015,2.134,m,FIX,2024-04-25 13:19:08.6 UTC-06:00,2024-04-25 13:19:11.6 UTC-06:00,16,3,3.8,468221.158,4313237.027,2433.525,-105.366828,38.96752719,2419.5,159.773,,NAD83(2011) / UTM zone 13N + NAVD88(GEOID18) height,6,6,4,3,0
291,,468079.769,4313310.943,2425.001,,-105.3684635,38.96818812,2410.98,Global,0.012,0.011,0.02,0.017,2.134,m,FIX,2024-04-25 13:19:31.2 UTC-06:00,2024-04-25 13:19:34.2 UTC-06:00,16,3.1,3.8,468221.158,4313237.027,2433.525,-105.366828,38.96752719,2419.5,159.781,,NAD83(2011) / UTM zone 13N + NAVD88(GEOID18) height,6,7,4,4,0
292,,468079.901,4313311.353,2425.108,,-105.368462,38.96819182,2411.087,Global,0.01,0.011,0.027,0.015,2.134,m,FIX,2024-04-25 13:19:57.2 UTC-06:00,2024-04-25 13:20:00.2 UTC-06:00,16,3.6,4.4,468221.158,4313237.027,2433.525,-105.366828,38.96752719,2419.5,159.866,,NAD83(2011) / UTM zone 13N + NAVD88(GEOID18) height,6,7,4,4,0
293,,468080.027,4313311.811,2425.368,,-105.3684606,38.96819596,2411.348,Global,0.012,0.011,0.014,0.016,2.134,m,FIX,2024-04-25 13:20:24.0 UTC-06:00,2024-04-25 13:20:27.0 UTC-06:00,16,2,2.4,468221.158,4313237.027,2433.525,-105.366828,38.96752719,2419.5,159.946,,NAD83(2011) / UTM zone 13N + NAVD88(GEOID18) height,7,7,4,4,0
294,,468080.149,4313312.17,2425.553,,-105.3684592,38.9681992,2411.533,Global,0.018,0.015,0.017,0.023,2.134,m,FIX,2024-04-25 13:20:47.6 UTC-06:00,2024-04-25 13:20:50.6 UTC-06:00,16,2,2.4,468221.158,4313237.027,2433.525,-105.366828,38.96752719,2419.5,160.025,,NAD83(2011) / UTM zone 13N + NAVD88(GEOID18) height,7,7,4,5,0
295,,468080.166,4313312.426,2425.799,,-105.368459,38.9682015,2411.779,Global,0.01,0.01,0.018,0.015,2.134,m,FIX,2024-04-25 13:21:14.2 UTC-06:00,2024-04-25 13:21:17.2 UTC-06:00,16,1.9,2.3,468221.158,4313237.027,2433.525,-105.366828,38.96752719,2419.5,160.106,,NAD83(2011) / UTM zone 13N + NAVD88(GEOID18) height,7,7,4,5,0
296,,468079.985,4313312.463,2425.746,,-105.3684611,38.96820183,2411.726,Global,0.011,0.013,0.013,0.017,2.134,m,FIX,2024-04-25 13:21:42.0 UTC-06:00,2024-04-25 13:21:45.0 UTC-06:00,16,1.8,2.2,468221.158,4313237.027,2433.525,-105.366828,38.96752719,2419.5,160.284,,NAD83(2011) / UTM zone 13N + NAVD88(GEOID18) height,7,6,4,5,0
297,,468080.219,4313312.645,2425.819,,-105.3684584,38.96820348,2411.799,Global,0.011,0.011,0.014,0.015,2.134,m,FIX,2024-04-25 13:22:00.4 UTC-06:00,2024-04-25 13:22:03.4 UTC-06:00,16,1.9,2.2,468221.158,4313237.027,2433.525,-105.366828,38.96752719,2419.5,160.167,,NAD83(2011) / UTM zone 13N + NAVD88(GEOID18) height,7,7,4,5,0
298,,468080.436,4313312.356,2425.78,,-105.3684559,38.96820088,2411.76,Global,0.011,0.011,0.023,0.015,2.134,m,FIX,2024-04-25 13:22:17.0 UTC-06:00,2024-04-25 13:22:20.0 UTC-06:00,16,2.2,2.6,468221.158,4313237.027,2433.525,-105.366828,38.96752719,2419.5,159.833,,NAD83(2011) / UTM zone 13N + NAVD88(GEOID18) height,6,7,5,5,0
299,,468080.155,4313312.394,2425.868,,-105.3684591,38.96820121,2411.847,Global,0.011,0.011,0.024,0.015,2.134,m,FIX,2024-04-25 13:22:43.0 UTC-06:00,2024-04-25 13:22:46.0 UTC-06:00,16,3.2,3.9,468221.158,4313237.027,2433.525,-105.366828,38.96752719,2419.5,160.095,,NAD83(2011) / UTM zone 13N + NAVD88(GEOID18) height,5,7,5,4,0
300,,468128.662,4313254.135,2427.189,,-105.3678965,38.967678,2413.167,Global,0.011,0.01,0.024,0.015,2.134,m,FIX,2024-04-25 14:25:59.6 UTC-06:00,2024-04-25 14:26:02.6 UTC-06:00,16,1.7,1.9,468221.158,4313237.027,2433.525,-105.366828,38.96752719,2419.5,94.236,,NAD83(2011) / UTM zone 13N + NAVD88(GEOID18) height,8,6,4,6,0
301,,468128.518,4313254.129,2427.28,,-105.3678982,38.96767794,2413.258,Global,0.01,0.011,0.014,0.015,2.134,m,FIX,2024-04-25 14:26:21.6 UTC-06:00,2024-04-25 14:26:24.6 UTC-06:00,16,1.6,1.9,468221.158,4313237.027,2433.525,-105.366828,38.96752719,2419.5,94.363,,NAD83(2011) / UTM zone 13N + NAVD88(GEOID18) height,8,6,4,6,0
302,,468128.652,4313253.884,2427.207,,-105.3678966,38.96767573,2413.185,Global,0.01,0.01,0.022,0.014,2.134,m,FIX,2024-04-25 14:26:35.4 UTC-06:00,2024-04-25 14:26:38.4 UTC-06:00,16,1.6,1.9,468221.158,4313237.027,2433.525,-105.366828,38.96752719,2419.5,94.193,,NAD83(2011) / UTM zone 13N + NAVD88(GEOID18) height,8,6,4,6,0
303,,468128.938,4313254.031,2427.101,,-105.3678933,38.96767706,2413.079,Global,0.014,0.01,0.031,0.018,2.134,m,FIX,2024-04-25 14:29:06.6 UTC-06:00,2024-04-25 14:29:09.6 UTC-06:00,16,1.7,2,468221.158,4313237.027,2433.525,-105.366828,38.96752719,2419.5,93.946,,NAD83(2011) / UTM zone 13N + NAVD88(GEOID18) height,8,6,4,6,0
304,,468128.665,4313254.138,2427.221,,-105.3678965,38.96767802,2413.199,Global,0.012,0.012,0.028,0.017,2.134,m,FIX,2024-04-25 14:29:28.6 UTC-06:00,2024-04-25 14:29:31.6 UTC-06:00,16,1.6,1.8,468221.158,4313237.027,2433.525,-105.366828,38.96752719,2419.5,94.23,,NAD83(2011) / UTM zone 13N + NAVD88(GEOID18) height,8,6,4,6,0
305,,468128.78,4313256.048,2426.669,,-105.3678952,38.96769523,2412.647,Global,0.012,0.013,0.023,0.018,2.134,m,FIX,2024-04-25 14:30:07.2 UTC-06:00,2024-04-25 14:30:10.2 UTC-06:00,16,1.9,2.3,468221.158,4313237.027,2433.525,-105.366828,38.96752719,2419.5,94.51,,NAD83(2011) / UTM zone 13N + NAVD88(GEOID18) height,8,6,4,5,0
306,,468128.835,4313257.719,2426.265,,-105.3678947,38.9677103,2412.243,Global,0.011,0.012,0.016,0.016,2.134,m,FIX,2024-04-25 14:30:31.8 UTC-06:00,2024-04-25 14:30:34.8 UTC-06:00,16,1.6,1.9,468221.158,4313237.027,2433.525,-105.366828,38.96752719,2419.5,94.815,,NAD83(2011) / UTM zone 13N + NAVD88(GEOID18) height,8,6,4,5,0
307,,468128.95,4313259.775,2425.785,,-105.3678934,38.96772883,2411.763,Global,0.011,0.011,0.018,0.015,2.134,m,FIX,2024-04-25 14:30:57.0 UTC-06:00,2024-04-25 14:31:00.0 UTC-06:00,16,1.7,2,468221.158,4313237.027,2433.525,-105.366828,38.96752719,2419.5,95.212,,NAD83(2011) / UTM zone 13N + NAVD88(GEOID18) height,8,6,4,6,0
308,,468129.033,4313260.839,2425.573,,-105.3678925,38.96773842,2411.551,Global,0.01,0.011,0.02,0.015,2.134,m,FIX,2024-04-25 14:31:21.4 UTC-06:00,2024-04-25 14:31:24.4 UTC-06:00,16,1.7,2,468221.158,4313237.027,2433.525,-105.366828,38.96752719,2419.5,95.402,,NAD83(2011) / UTM zone 13N + NAVD88(GEOID18) height,8,5,4,6,0
309,,468129.147,4313262.507,2425.289,,-105.3678913,38.96775345,2411.267,Global,0.011,0.011,0.023,0.015,2.134,m,FIX,2024-04-25 14:31:49.4 UTC-06:00,2024-04-25 14:31:52.4 UTC-06:00,16,1.7,2,468221.158,4313237.027,2433.525,-105.366828,38.96752719,2419.5,95.738,,NAD83(2011) / UTM zone 13N + NAVD88(GEOID18) height,8,6,4,6,0
310,,468129.217,4313263.853,2424.904,,-105.3678906,38.96776559,2410.882,Global,0.011,0.01,0.017,0.015,2.134,m,FIX,2024-04-25 14:32:23.4 UTC-06:00,2024-04-25 14:32:26.4 UTC-06:00,16,1.5,1.8,468221.158,4313237.027,2433.525,-105.366828,38.96752719,2419.5,96.068,,NAD83(2011) / UTM zone 13N + NAVD88(GEOID18) height,8,6,3,6,0
311,,468129.329,4313265.349,2424.505,,-105.3678893,38.96777907,2410.483,Global,0.012,0.011,0.021,0.016,2.134,m,FIX,2024-04-25 14:32:50.0 UTC-06:00,2024-04-25 14:32:53.0 UTC-06:00,16,1.7,2,468221.158,4313237.027,2433.525,-105.366828,38.96752719,2419.5,96.419,,NAD83(2011) / UTM zone 13N + NAVD88(GEOID18) height,7,6,3,5,0
312,,468129.407,4313266.282,2424.228,,-105.3678885,38.96778748,2410.206,Global,0.012,0.011,0.014,0.016,2.134,m,FIX,2024-04-25 14:33:30.0 UTC-06:00,2024-04-25 14:33:33.0 UTC-06:00,16,1.6,1.8,468221.158,4313237.027,2433.525,-105.366828,38.96752719,2419.5,96.651,,NAD83(2011) / UTM zone 13N + NAVD88(GEOID18) height,8,6,3,5,0
313,,468129.527,4313267.476,2423.966,,-105.3678871,38.96779824,2409.944,Global,0.011,0.012,0.017,0.017,2.134,m,FIX,2024-04-25 14:33:41.2 UTC-06:00,2024-04-25 14:33:44.2 UTC-06:00,16,1.6,1.8,468221.158,4313237.027,2433.525,-105.366828,38.96752719,2419.5,96.916,,NAD83(2011) / UTM zone 13N + NAVD88(GEOID18) height,8,6,3,7,0
314,,468129.592,4313268.581,2423.784,,-105.3678864,38.9678082,2409.762,Global,0.01,0.012,0.017,0.016,2.134,m,FIX,2024-04-25 14:33:57.4 UTC-06:00,2024-04-25 14:34:00.4 UTC-06:00,16,1.6,1.8,468221.158,4313237.027,2433.525,-105.366828,38.96752719,2419.5,97.221,,NAD83(2011) / UTM zone 13N + NAVD88(GEOID18) height,7,6,3,7,0
315,,468129.723,4313269.639,2423.677,,-105.367885,38.96781775,2409.655,Global,0.012,0.01,0.019,0.016,2.134,m,FIX,2024-04-25 14:34:12.2 UTC-06:00,2024-04-25 14:34:15.2 UTC-06:00,16,1.6,1.8,468221.158,4313237.027,2433.525,-105.366828,38.96752719,2419.5,97.47,,NAD83(2011) / UTM zone 13N + NAVD88(GEOID18) height,7,6,3,7,0
316,,468129.731,4313269.849,2423.631,,-105.3678849,38.96781964,2409.609,Global,0.01,0.011,0.026,0.015,2.134,m,FIX,2024-04-25 14:37:05.4 UTC-06:00,2024-04-25 14:37:08.4 UTC-06:00,16,1.6,1.9,468221.158,4313237.027,2433.525,-105.366828,38.96752719,2419.5,97.529,,NAD83(2011) / UTM zone 13N + NAVD88(GEOID18) height,7,6,4,7,0
317,,468129.765,4313270.049,2423.627,,-105.3678845,38.96782144,2409.605,Global,0.01,0.011,0.023,0.015,2.134,m,FIX,2024-04-25 14:37:17.0 UTC-06:00,2024-04-25 14:37:20.0 UTC-06:00,16,1.6,1.9,468221.158,4313237.027,2433.525,-105.366828,38.96752719,2419.5,97.561,,NAD83(2011) / UTM zone 13N + NAVD88(GEOID18) height,7,6,3,7,0
318,,468129.785,4313270.23,2423.615,,-105.3678843,38.96782307,2409.593,Global,0.01,0.011,0.023,0.015,2.134,m,FIX,2024-04-25 14:37:29.6 UTC-06:00,2024-04-25 14:37:32.6 UTC-06:00,16,1.6,1.9,468221.158,4313237.027,2433.525,-105.366828,38.96752719,2419.5,97.604,,NAD83(2011) / UTM zone 13N + NAVD88(GEOID18) height,7,6,3,6,0
319,,468129.797,4313270.438,2423.607,,-105.3678842,38.96782495,2409.585,Global,0.011,0.011,0.029,0.016,2.134,m,FIX,2024-04-25 14:37:48.4 UTC-06:00,2024-04-25 14:37:51.4 UTC-06:00,16,1.6,1.9,468221.158,4313237.027,2433.525,-105.366828,38.96752719,2419.5,97.661,,NAD83(2011) / UTM zone 13N + NAVD88(GEOID18) height,7,6,3,7,0
320,,468129.81,4313270.634,2423.587,,-105.367884,38.96782671,2409.565,Global,0.01,0.01,0.016,0.015,2.134,m,FIX,2024-04-25 14:38:15.4 UTC-06:00,2024-04-25 14:38:18.4 UTC-06:00,16,1.6,1.9,468221.158,4313237.027,2433.525,-105.366828,38.96752719,2419.5,97.724,,NAD83(2011) / UTM zone 13N + NAVD88(GEOID18) height,7,6,3,7,0
321,,468129.845,4313270.816,2423.592,,-105.3678836,38.96782836,2409.57,Global,0.012,0.01,0.022,0.016,2.134,m,FIX,2024-04-25 14:38:35.2 UTC-06:00,2024-04-25 14:38:38.2 UTC-06:00,16,1.6,1.9,468221.158,4313237.027,2433.525,-105.366828,38.96752719,2419.5,97.759,,NAD83(2011) / UTM zone 13N + NAVD88(GEOID18) height,7,6,3,7,0
322,,468129.853,4313271.004,2423.549,,-105.3678835,38.96783005,2409.527,Global,0.01,0.011,0.018,0.015,2.134,m,FIX,2024-04-25 14:38:51.2 UTC-06:00,2024-04-25 14:38:54.2 UTC-06:00,16,1.6,1.9,468221.158,4313237.027,2433.525,-105.366828,38.96752719,2419.5,97.813,,NAD83(2011) / UTM zone 13N + NAVD88(GEOID18) height,7,6,3,6,0
323,,468129.88,4313271.209,2423.542,,-105.3678832,38.9678319,2409.52,Global,0.01,0.011,0.017,0.015,2.134,m,FIX,2024-04-25 14:39:04.2 UTC-06:00,2024-04-25 14:39:07.2 UTC-06:00,16,1.6,1.9,468221.158,4313237.027,2433.525,-105.366828,38.96752719,2419.5,97.856,,NAD83(2011) / UTM zone 13N + NAVD88(GEOID18) height,7,6,3,6,0
324,,468129.939,4313271.404,2423.559,,-105.3678826,38.96783365,2409.537,Global,0.01,0.01,0.017,0.014,2.134,m,FIX,2024-04-25 14:39:21.8 UTC-06:00,2024-04-25 14:39:24.8 UTC-06:00,16,1.6,1.9,468221.158,4313237.027,2433.525,-105.366828,38.96752719,2419.5,97.868,,NAD83(2011) / UTM zone 13N + NAVD88(GEOID18) height,7,6,4,5,0
325,,468129.945,4313271.598,2423.511,,-105.3678825,38.9678354,2409.489,Global,0.011,0.012,0.015,0.017,2.134,m,FIX,2024-04-25 14:39:46.6 UTC-06:00,2024-04-25 14:39:49.6 UTC-06:00,16,1.6,1.9,468221.158,4313237.027,2433.525,-105.366828,38.96752719,2419.5,97.936,,NAD83(2011) / UTM zone 13N + NAVD88(GEOID18) height,7,6,4,5,0
326,,468129.95,4313271.807,2423.524,,-105.3678825,38.96783729,2409.502,Global,0.011,0.01,0.011,0.015,2.134,m,FIX,2024-04-25 14:40:07.0 UTC-06:00,2024-04-25 14:40:10.0 UTC-06:00,16,1.6,1.9,468221.158,4313237.027,2433.525,-105.366828,38.96752719,2419.5,98.008,,NAD83(2011) / UTM zone 13N + NAVD88(GEOID18) height,7,6,4,5,0
327,,468129.975,4313272.004,2423.541,,-105.3678822,38.96783906,2409.519,Global,0.011,0.011,0.013,0.015,2.134,m,FIX,2024-04-25 14:40:22.6 UTC-06:00,2024-04-25 14:40:25.6 UTC-06:00,16,1.6,1.9,468221.158,4313237.027,2433.525,-105.366828,38.96752719,2419.5,98.056,,NAD83(2011) / UTM zone 13N + NAVD88(GEOID18) height,7,6,4,5,0
328,,468129.976,4313272.217,2423.523,,-105.3678822,38.96784099,2409.501,Global,0.01,0.01,0.014,0.015,2.134,m,FIX,2024-04-25 14:40:42.0 UTC-06:00,2024-04-25 14:40:45.0 UTC-06:00,16,1.6,1.9,468221.158,4313237.027,2433.525,-105.366828,38.96752719,2419.5,98.132,,NAD83(2011) / UTM zone 13N + NAVD88(GEOID18) height,7,6,4,5,0
329,,468130.023,4313272.404,2423.456,,-105.3678816,38.96784267,2409.434,Global,0.01,0.01,0.017,0.014,2.134,m,FIX,2024-04-25 14:40:55.8 UTC-06:00,2024-04-25 14:40:58.8 UTC-06:00,16,1.6,1.9,468221.158,4313237.027,2433.525,-105.366828,38.96752719,2419.5,98.161,,NAD83(2011) / UTM zone 13N + NAVD88(GEOID18) height,7,6,4,6,0
330,,468130.041,4313272.597,2423.42,,-105.3678814,38.96784441,2409.399,Global,0.01,0.01,0.015,0.014,2.134,m,FIX,2024-04-25 14:41:12.2 UTC-06:00,2024-04-25 14:41:15.2 UTC-06:00,16,1.6,1.9,468221.158,4313237.027,2433.525,-105.366828,38.96752719,2419.5,98.21,,NAD83(2011) / UTM zone 13N + NAVD88(GEOID18) height,7,6,4,6,0
331,,468130.062,4313272.797,2423.437,,-105.3678812,38.96784622,2409.415,Global,0.011,0.01,0.019,0.015,2.134,m,FIX,2024-04-25 14:41:36.4 UTC-06:00,2024-04-25 14:41:39.4 UTC-06:00,16,1.6,1.9,468221.158,4313237.027,2433.525,-105.366828,38.96752719,2419.5,98.263,,NAD83(2011) / UTM zone 13N + NAVD88(GEOID18) height,7,6,4,6,0
332,,468130.075,4313272.997,2423.378,,-105.3678811,38.96784801,2409.356,Global,0.011,0.01,0.022,0.015,2.134,m,FIX,2024-04-25 14:41:58.0 UTC-06:00,2024-04-25 14:42:01.0 UTC-06:00,16,1.6,1.9,468221.158,4313237.027,2433.525,-105.366828,38.96752719,2419.5,98.331,,NAD83(2011) / UTM zone 13N + NAVD88(GEOID18) height,7,6,4,5,0
333,,468130.082,4313273.192,2423.344,,-105.367881,38.96784977,2409.322,Global,0.012,0.01,0.025,0.016,2.134,m,FIX,2024-04-25 14:42:18.8 UTC-06:00,2024-04-25 14:42:21.8 UTC-06:00,16,1.6,1.9,468221.158,4313237.027,2433.525,-105.366828,38.96752719,2419.5,98.401,,NAD83(2011) / UTM zone 13N + NAVD88(GEOID18) height,7,6,4,7,0
334,,468130.119,4313273.386,2423.354,,-105.3678806,38.96785153,2409.332,Global,0.012,0.011,0.025,0.016,2.134,m,FIX,2024-04-25 14:42:37.6 UTC-06:00,2024-04-25 14:42:40.6 UTC-06:00,16,1.6,1.9,468221.158,4313237.027,2433.525,-105.366828,38.96752719,2419.5,98.437,,NAD83(2011) / UTM zone 13N + NAVD88(GEOID18) height,7,6,4,6,0
335,,468130.13,4313273.575,2423.324,,-105.3678805,38.96785323,2409.302,Global,0.011,0.011,0.017,0.015,2.134,m,FIX,2024-04-25 14:43:01.0 UTC-06:00,2024-04-25 14:43:04.0 UTC-06:00,16,1.6,1.9,468221.158,4313237.027,2433.525,-105.366828,38.96752719,2419.5,98.495,,NAD83(2011) / UTM zone 13N + NAVD88(GEOID18) height,7,6,4,5,0
336,,468130.166,4313273.796,2423.333,,-105.3678801,38.96785522,2409.311,Global,0.012,0.013,0.015,0.018,2.134,m,FIX,2024-04-25 14:43:23.8 UTC-06:00,2024-04-25 14:43:26.8 UTC-06:00,16,1.8,2.1,468221.158,4313237.027,2433.525,-105.366828,38.96752719,2419.5,98.546,,NAD83(2011) / UTM zone 13N + NAVD88(GEOID18) height,7,6,4,7,0
337,,468130.184,4313273.977,2423.327,,-105.3678799,38.96785685,2409.305,Global,0.011,0.013,0.02,0.017,2.134,m,FIX,2024-04-25 14:43:43.8 UTC-06:00,2024-04-25 14:43:46.8 UTC-06:00,16,1.8,2.1,468221.158,4313237.027,2433.525,-105.366828,38.96752719,2419.5,98.605,,NAD83(2011) / UTM zone 13N + NAVD88(GEOID18) height,7,6,4,6,0
338,,468130.261,4313274.167,2423.265,,-105.367879,38.96785857,2409.243,Global,0.011,0.01,0.019,0.015,2.134,m,FIX,2024-04-25 14:44:10.4 UTC-06:00,2024-04-25 14:44:13.4 UTC-06:00,16,1.8,2.1,468221.158,4313237.027,2433.525,-105.366828,38.96752719,2419.5,98.604,,NAD83(2011) / UTM zone 13N + NAVD88(GEOID18) height,7,6,4,6,0
339,,468130.275,4313274.379,2423.25,,-105.3678788,38.96786048,2409.228,Global,0.011,0.011,0.02,0.015,2.134,m,FIX,2024-04-25 14:44:26.0 UTC-06:00,2024-04-25 14:44:29.0 UTC-06:00,16,1.9,2.3,468221.158,4313237.027,2433.525,-105.366828,38.96752719,2419.5,98.671,,NAD83(2011) / UTM zone 13N + NAVD88(GEOID18) height,6,6,4,6,0
340,,468130.288,4313274.552,2423.198,,-105.3678787,38.96786204,2409.176,Global,0.01,0.011,0.017,0.015,2.134,m,FIX,2024-04-25 14:44:39.0 UTC-06:00,2024-04-25 14:44:42.0 UTC-06:00,16,1.6,1.9,468221.158,4313237.027,2433.525,-105.366828,38.96752719,2419.5,98.73,,NAD83(2011) / UTM zone 13N + NAVD88(GEOID18) height,7,6,4,6,0
341,,468130.315,4313274.751,2423.168,,-105.3678784,38.96786383,2409.146,Global,0.011,0.011,0.016,0.015,2.134,m,FIX,2024-04-25 14:45:01.2 UTC-06:00,2024-04-25 14:45:04.2 UTC-06:00,16,1.6,1.9,468221.158,4313237.027,2433.525,-105.366828,38.96752719,2419.5,98.781,,NAD83(2011) / UTM zone 13N + NAVD88(GEOID18) height,7,6,4,6,0
342,,468130.343,4313274.957,2423.132,,-105.3678781,38.96786568,2409.11,Global,0.01,0.01,0.016,0.014,2.134,m,FIX,2024-04-25 14:45:16.6 UTC-06:00,2024-04-25 14:45:19.6 UTC-06:00,16,1.7,2,468221.158,4313237.027,2433.525,-105.366828,38.96752719,2419.5,98.837,,NAD83(2011) / UTM zone 13N + NAVD88(GEOID18) height,7,6,4,6,0
343,,468130.361,4313275.15,2423.115,,-105.3678779,38.96786743,2409.093,Global,0.01,0.01,0.019,0.015,2.134,m,FIX,2024-04-25 14:45:35.4 UTC-06:00,2024-04-25 14:45:38.4 UTC-06:00,16,1.7,2.1,468221.158,4313237.027,2433.525,-105.366828,38.96752719,2419.5,98.893,,NAD83(2011) / UTM zone 13N + NAVD88(GEOID18) height,7,6,4,5,0
344,,468130.353,4313275.369,2423.131,,-105.367878,38.9678694,2409.109,Global,0.011,0.011,0.022,0.015,2.134,m,FIX,2024-04-25 14:46:00.4 UTC-06:00,2024-04-25 14:46:03.4 UTC-06:00,16,1.7,2.1,468221.158,4313237.027,2433.525,-105.366828,38.96752719,2419.5,98.987,,NAD83(2011) / UTM zone 13N + NAVD88(GEOID18) height,7,6,4,5,0
345,,468130.395,4313275.56,2423.076,,-105.3678775,38.96787112,2409.054,Global,0.01,0.011,0.018,0.015,2.134,m,FIX,2024-04-25 14:46:20.6 UTC-06:00,2024-04-25 14:46:23.6 UTC-06:00,16,1.6,2,468221.158,4313237.027,2433.525,-105.366828,38.96752719,2419.5,99.026,,NAD83(2011) / UTM zone 13N + NAVD88(GEOID18) height,7,6,4,5,0
346,,468130.426,4313275.76,2423.084,,-105.3678771,38.96787293,2409.062,Global,0.01,0.01,0.016,0.015,2.134,m,FIX,2024-04-25 14:46:35.4 UTC-06:00,2024-04-25 14:46:38.4 UTC-06:00,16,1.7,2.1,468221.158,4313237.027,2433.525,-105.366828,38.96752719,2419.5,99.077,,NAD83(2011) / UTM zone 13N + NAVD88(GEOID18) height,7,6,4,6,0
347,,468130.455,4313275.958,2423.043,,-105.3678768,38.96787471,2409.021,Global,0.011,0.01,0.018,0.015,2.134,m,FIX,2024-04-25 14:46:52.8 UTC-06:00,2024-04-25 14:46:55.8 UTC-06:00,16,1.7,2.1,468221.158,4313237.027,2433.525,-105.366828,38.96752719,2419.5,99.139,,NAD83(2011) / UTM zone 13N + NAVD88(GEOID18) height,7,6,4,6,0
348,,468130.488,4313276.156,2423.051,,-105.3678764,38.9678765,2409.029,Global,0.012,0.01,0.019,0.016,2.134,m,FIX,2024-04-25 14:47:18.0 UTC-06:00,2024-04-25 14:47:21.0 UTC-06:00,16,1.7,2.1,468221.158,4313237.027,2433.525,-105.366828,38.96752719,2419.5,99.185,,NAD83(2011) / UTM zone 13N + NAVD88(GEOID18) height,7,5,4,6,0
349,,468130.498,4313276.358,2423.06,,-105.3678763,38.96787832,2409.038,Global,0.01,0.013,0.021,0.017,2.134,m,FIX,2024-04-25 14:47:38.6 UTC-06:00,2024-04-25 14:47:41.6 UTC-06:00,16,1.7,2.1,468221.158,4313237.027,2433.525,-105.366828,38.96752719,2419.5,99.249,,NAD83(2011) / UTM zone 13N + NAVD88(GEOID18) height,7,6,4,6,0
350,,468130.556,4313276.547,2423.04,,-105.3678757,38.96788003,2409.018,Global,0.01,0.01,0.019,0.015,2.134,m,FIX,2024-04-25 14:48:01.2 UTC-06:00,2024-04-25 14:48:04.2 UTC-06:00,16,1.7,2.1,468221.158,4313237.027,2433.525,-105.366828,38.96752719,2419.5,99.271,,NAD83(2011) / UTM zone 13N + NAVD88(GEOID18) height,7,5,4,6,0
351,,468130.584,4313276.803,2422.965,,-105.3678754,38.96788233,2408.944,Global,0.01,0.01,0.019,0.015,2.134,m,FIX,2024-04-25 14:48:16.8 UTC-06:00,2024-04-25 14:48:19.8 UTC-06:00,16,1.7,2.1,468221.158,4313237.027,2433.525,-105.366828,38.96752719,2419.5,99.357,,NAD83(2011) / UTM zone 13N + NAVD88(GEOID18) height,7,6,4,6,0
352,,468130.637,4313277.018,2422.973,,-105.3678748,38.96788427,2408.951,Global,0.01,0.013,0.019,0.016,2.134,m,FIX,2024-04-25 14:48:41.4 UTC-06:00,2024-04-25 14:48:44.4 UTC-06:00,16,1.9,2.3,468221.158,4313237.027,2433.525,-105.366828,38.96752719,2419.5,99.392,,NAD83(2011) / UTM zone 13N + NAVD88(GEOID18) height,7,6,4,6,0
353,,468130.451,4313277.001,2422.918,,-105.3678769,38.96788411,2408.897,Global,0.01,0.011,0.022,0.015,2.134,m,FIX,2024-04-25 14:49:04.0 UTC-06:00,2024-04-25 14:49:07.0 UTC-06:00,16,1.9,2.3,468221.158,4313237.027,2433.525,-105.366828,38.96752719,2419.5,99.564,,NAD83(2011) / UTM zone 13N + NAVD88(GEOID18) height,7,6,4,5,0
354,,468130.849,4313277.023,2422.893,,-105.3678723,38.96788432,2408.871,Global,0.01,0.011,0.034,0.015,2.134,m,FIX,2024-04-25 14:49:19.0 UTC-06:00,2024-04-25 14:49:22.0 UTC-06:00,16,2,2.4,468221.158,4313237.027,2433.525,-105.366828,38.96752719,2419.5,99.21,,NAD83(2011) / UTM zone 13N + NAVD88(GEOID18) height,6,5,4,6,0
355,,468130.634,4313277.032,2423.022,,-105.3678748,38.96788439,2409,Global,0.01,0.011,0.031,0.015,2.134,m,FIX,2024-04-25 14:49:46.8 UTC-06:00,2024-04-25 14:49:49.8 UTC-06:00,16,2,2.5,468221.158,4313237.027,2433.525,-105.366828,38.96752719,2419.5,99.393,,NAD83(2011) / UTM zone 13N + NAVD88(GEOID18) height,8,6,4,6,0
356,,468130.647,4313277.271,2422.766,,-105.3678747,38.96788655,2408.744,Global,0.011,0.012,0.034,0.016,2.134,m,FIX,2024-04-25 14:50:07.0 UTC-06:00,2024-04-25 14:50:10.0 UTC-06:00,16,2,2.5,468221.158,4313237.027,2433.525,-105.366828,38.96752719,2419.5,99.505,,NAD83(2011) / UTM zone 13N + NAVD88(GEOID18) height,7,6,4,6,0
357,,468130.659,4313277.471,2422.78,,-105.3678745,38.96788835,2408.758,Global,0.011,0.011,0.027,0.015,2.134,m,FIX,2024-04-25 14:50:29.2 UTC-06:00,2024-04-25 14:50:32.2 UTC-06:00,16,2,2.5,468221.158,4313237.027,2433.525,-105.366828,38.96752719,2419.5,99.581,,NAD83(2011) / UTM zone 13N + NAVD88(GEOID18) height,7,5,4,6,0
358,,468130.717,4313277.652,2422.693,,-105.3678739,38.96788999,2408.671,Global,0.011,0.01,0.028,0.015,2.134,m,FIX,2024-04-25 14:50:46.8 UTC-06:00,2024-04-25 14:50:49.8 UTC-06:00,16,2.3,2.8,468221.158,4313237.027,2433.525,-105.366828,38.96752719,2419.5,99.609,,NAD83(2011) / UTM zone 13N + NAVD88(GEOID18) height,7,6,4,6,0
359,,468130.704,4313277.867,2422.654,,-105.367874,38.96789192,2408.632,Global,0.01,0.01,0.029,0.014,2.134,m,FIX,2024-04-25 14:50:59.6 UTC-06:00,2024-04-25 14:51:02.6 UTC-06:00,16,2.3,2.8,468221.158,4313237.027,2433.525,-105.366828,38.96752719,2419.5,99.707,,NAD83(2011) / UTM zone 13N + NAVD88(GEOID18) height,7,6,4,6,0
360,,468130.715,4313278.067,2422.589,,-105.3678739,38.96789373,2408.567,Global,0.011,0.012,0.025,0.016,2.134,m,FIX,2024-04-25 14:51:12.2 UTC-06:00,2024-04-25 14:51:15.2 UTC-06:00,16,2,2.5,468221.158,4313237.027,2433.525,-105.366828,38.96752719,2419.5,99.78,,NAD83(2011) / UTM zone 13N + NAVD88(GEOID18) height,7,5,4,6,0
361,,468130.708,4313278.266,2422.538,,-105.367874,38.96789552,2408.516,Global,0.01,0.011,0.033,0.015,2.134,m,FIX,2024-04-25 14:51:24.0 UTC-06:00,2024-04-25 14:51:27.0 UTC-06:00,16,2.1,2.5,468221.158,4313237.027,2433.525,-105.366828,38.96752719,2419.5,99.877,,NAD83(2011) / UTM zone 13N + NAVD88(GEOID18) height,7,6,4,6,0
362,,468130.682,4313278.454,2422.476,,-105.3678743,38.96789721,2408.454,Global,0.01,0.012,0.033,0.015,2.134,m,FIX,2024-04-25 14:51:34.4 UTC-06:00,2024-04-25 14:51:37.4 UTC-06:00,16,2.1,2.5,468221.158,4313237.027,2433.525,-105.366828,38.96752719,2419.5,99.981,,NAD83(2011) / UTM zone 13N + NAVD88(GEOID18) height,7,5,4,6,0
363,,468130.721,4313278.659,2422.453,,-105.3678739,38.96789906,2408.431,Global,0.01,0.01,0.029,0.015,2.134,m,FIX,2024-04-25 14:51:51.2 UTC-06:00,2024-04-25 14:51:54.2 UTC-06:00,16,2.3,2.8,468221.158,4313237.027,2433.525,-105.366828,38.96752719,2419.5,100.035,,NAD83(2011) / UTM zone 13N + NAVD88(GEOID18) height,7,6,4,6,0
364,,468130.731,4313278.839,2422.412,,-105.3678738,38.96790068,2408.39,Global,0.01,0.012,0.035,0.016,2.134,m,FIX,2024-04-25 14:52:18.0 UTC-06:00,2024-04-25 14:52:21.0 UTC-06:00,16,2.3,2.9,468221.158,4313237.027,2433.525,-105.366828,38.96752719,2419.5,100.106,,NAD83(2011) / UTM zone 13N + NAVD88(GEOID18) height,7,6,4,5,0
365,,468130.734,4313279.044,2422.31,,-105.3678738,38.96790253,2408.288,Global,0.011,0.012,0.032,0.016,2.134,m,FIX,2024-04-25 14:52:37.4 UTC-06:00,2024-04-25 14:52:40.4 UTC-06:00,16,2.4,2.9,468221.158,4313237.027,2433.525,-105.366828,38.96752719,2419.5,100.2,,NAD83(2011) / UTM zone 13N + NAVD88(GEOID18) height,7,6,4,6,0
366,,468130.759,4313279.226,2422.222,,-105.3678735,38.96790417,2408.2,Global,0.01,0.011,0.033,0.015,2.134,m,FIX,2024-04-25 14:52:55.4 UTC-06:00,2024-04-25 14:52:58.4 UTC-06:00,16,2.4,2.9,468221.158,4313237.027,2433.525,-105.366828,38.96752719,2419.5,100.259,,NAD83(2011) / UTM zone 13N + NAVD88(GEOID18) height,7,5,4,6,0
367,,468130.812,4313279.431,2422.184,,-105.3678729,38.96790602,2408.162,Global,0.01,0.01,0.031,0.014,2.134,m,FIX,2024-04-25 14:53:15.0 UTC-06:00,2024-04-25 14:53:18.0 UTC-06:00,16,2.4,2.9,468221.158,4313237.027,2433.525,-105.366828,38.96752719,2419.5,100.305,,NAD83(2011) / UTM zone 13N + NAVD88(GEOID18) height,7,5,4,6,0
368,,468130.897,4313279.753,2422.141,,-105.3678719,38.96790892,2408.119,Global,0.011,0.01,0.03,0.015,2.134,m,FIX,2024-04-25 14:53:38.6 UTC-06:00,2024-04-25 14:53:41.6 UTC-06:00,16,2.1,2.5,468221.158,4313237.027,2433.525,-105.366828,38.96752719,2419.5,100.367,,NAD83(2011) / UTM zone 13N + NAVD88(GEOID18) height,7,6,4,6,0
369,,468130.851,4313279.845,2421.937,,-105.3678724,38.96790976,2407.915,Global,0.01,0.011,0.037,0.015,2.134,m,FIX,2024-04-25 14:54:04.8 UTC-06:00,2024-04-25 14:54:07.8 UTC-06:00,16,2.1,2.5,468221.158,4313237.027,2433.525,-105.366828,38.96752719,2419.5,100.466,,NAD83(2011) / UTM zone 13N + NAVD88(GEOID18) height,7,5,4,6,0
370,,468130.835,4313279.776,2422.123,,-105.3678726,38.96790913,2408.101,Global,0.01,0.011,0.026,0.015,2.134,m,FIX,2024-04-25 14:55:07.8 UTC-06:00,2024-04-25 14:55:10.8 UTC-06:00,16,2.1,2.5,468221.158,4313237.027,2433.525,-105.366828,38.96752719,2419.5,100.434,,NAD83(2011) / UTM zone 13N + NAVD88(GEOID18) height,8,6,4,6,0
371,,468130.909,4313280.023,2421.827,,-105.3678718,38.96791136,2407.805,Global,0.012,0.013,0.029,0.017,2.134,m,FIX,2024-04-25 14:55:24.0 UTC-06:00,2024-04-25 14:55:27.0 UTC-06:00,16,2.1,2.5,468221.158,4313237.027,2433.525,-105.366828,38.96752719,2419.5,100.502,,NAD83(2011) / UTM zone 13N + NAVD88(GEOID18) height,7,5,4,6,0
372,,468130.946,4313280.23,2421.557,,-105.3678714,38.96791322,2407.535,Global,0.01,0.011,0.016,0.015,2.134,m,FIX,2024-04-25 14:55:48.8 UTC-06:00,2024-04-25 14:55:51.8 UTC-06:00,16,2.1,2.5,468221.158,4313237.027,2433.525,-105.366828,38.96752719,2419.5,100.581,,NAD83(2011) / UTM zone 13N + NAVD88(GEOID18) height,7,6,4,6,0
373,,468130.937,4313280.537,2421.069,,-105.3678715,38.96791599,2407.047,Global,0.012,0.01,0.032,0.016,2.134,m,FIX,2024-04-25 14:56:40.6 UTC-06:00,2024-04-25 14:56:43.6 UTC-06:00,16,2.1,2.6,468221.158,4313237.027,2433.525,-105.366828,38.96752719,2419.5,100.776,,NAD83(2011) / UTM zone 13N + NAVD88(GEOID18) height,7,5,4,6,0
374,,468130.966,4313280.703,2420.969,,-105.3678711,38.96791749,2406.948,Global,0.011,0.01,0.035,0.015,2.134,m,FIX,2024-04-25 14:56:59.4 UTC-06:00,2024-04-25 14:57:02.4 UTC-06:00,16,2.1,2.6,468221.158,4313237.027,2433.525,-105.366828,38.96752719,2419.5,100.828,,NAD83(2011) / UTM zone 13N + NAVD88(GEOID18) height,7,5,4,6,0
375,,468131.117,4313280.886,2421.031,,-105.3678694,38.96791914,2407.01,Global,0.012,0.011,0.038,0.016,2.134,m,FIX,2024-04-25 14:57:11.4 UTC-06:00,2024-04-25 14:57:14.4 UTC-06:00,16,2.3,2.8,468221.158,4313237.027,2433.525,-105.366828,38.96752719,2419.5,100.76,,NAD83(2011) / UTM zone 13N + NAVD88(GEOID18) height,7,5,4,6,0
376,,468131.032,4313281.133,2420.966,,-105.3678704,38.96792137,2406.944,Global,0.013,0.01,0.032,0.017,2.134,m,FIX,2024-04-25 14:57:48.0 UTC-06:00,2024-04-25 14:57:51.0 UTC-06:00,16,2.1,2.6,468221.158,4313237.027,2433.525,-105.366828,38.96752719,2419.5,100.956,,NAD83(2011) / UTM zone 13N + NAVD88(GEOID18) height,7,6,4,6,0
377,,468130.987,4313281.334,2420.874,,-105.3678709,38.96792317,2406.852,Global,0.019,0.011,0.04,0.021,2.134,m,FIX,2024-04-25 14:58:03.8 UTC-06:00,2024-04-25 14:58:06.8 UTC-06:00,16,2.1,2.6,468221.158,4313237.027,2433.525,-105.366828,38.96752719,2419.5,101.096,,NAD83(2011) / UTM zone 13N + NAVD88(GEOID18) height,7,5,4,6,0
378,,468131.045,4313281.529,2420.934,,-105.3678703,38.96792494,2406.912,Global,0.013,0.011,0.038,0.017,2.134,m,FIX,2024-04-25 14:58:19.0 UTC-06:00,2024-04-25 14:58:22.0 UTC-06:00,16,2.3,2.8,468221.158,4313237.027,2433.525,-105.366828,38.96752719,2419.5,101.119,,NAD83(2011) / UTM zone 13N + NAVD88(GEOID18) height,7,5,4,6,0
379,,468131.006,4313281.706,2421.003,,-105.3678707,38.96792653,2406.981,Global,0.013,0.01,0.03,0.017,2.134,m,FIX,2024-04-25 14:58:33.6 UTC-06:00,2024-04-25 14:58:36.6 UTC-06:00,16,2.1,2.6,468221.158,4313237.027,2433.525,-105.366828,38.96752719,2419.5,101.222,,NAD83(2011) / UTM zone 13N + NAVD88(GEOID18) height,7,5,4,6,0
380,,468130.95,4313281.932,2421.024,,-105.3678714,38.96792856,2407.002,Global,0.012,0.011,0.026,0.016,2.134,m,FIX,2024-04-25 14:58:45.0 UTC-06:00,2024-04-25 14:58:48.0 UTC-06:00,16,2.1,2.6,468221.158,4313237.027,2433.525,-105.366828,38.96752719,2419.5,101.377,,NAD83(2011) / UTM zone 13N + NAVD88(GEOID18) height,7,5,4,6,0
381,,468131.005,4313282.105,2421.042,,-105.3678708,38.96793013,2407.02,Global,0.012,0.01,0.026,0.015,2.134,m,FIX,2024-04-25 14:58:59.8 UTC-06:00,2024-04-25 14:59:02.8 UTC-06:00,16,2.1,2.6,468221.158,4313237.027,2433.525,-105.366828,38.96752719,2419.5,101.402,,NAD83(2011) / UTM zone 13N + NAVD88(GEOID18) height,7,5,4,6,0
382,,468130.989,4313282.324,2421.034,,-105.367871,38.9679321,2407.012,Global,0.012,0.01,0.026,0.016,2.134,m,FIX,2024-04-25 14:59:14.0 UTC-06:00,2024-04-25 14:59:17.0 UTC-06:00,16,2.3,2.8,468221.158,4313237.027,2433.525,-105.366828,38.96752719,2419.5,101.516,,NAD83(2011) / UTM zone 13N + NAVD88(GEOID18) height,7,4,4,6,0
383,,468131.054,4313282.532,2421.012,,-105.3678702,38.96793398,2406.99,Global,0.021,0.012,0.037,0.025,2.134,m,FIX,2024-04-25 14:59:31.2 UTC-06:00,2024-04-25 14:59:34.2 UTC-06:00,16,2.1,2.6,468221.158,4313237.027,2433.525,-105.366828,38.96752719,2419.5,101.537,,NAD83(2011) / UTM zone 13N + NAVD88(GEOID18) height,6,4,4,6,0
384,,468131.057,4313282.768,2421.023,,-105.3678702,38.9679361,2407.001,Global,0.016,0.011,0.027,0.019,2.134,m,FIX,2024-04-25 14:59:51.0 UTC-06:00,2024-04-25 14:59:54.0 UTC-06:00,16,2.1,2.6,468221.158,4313237.027,2433.525,-105.366828,38.96752719,2419.5,101.65,,NAD83(2011) / UTM zone 13N + NAVD88(GEOID18) height,6,5,4,6,0
385,,468130.959,4313282.984,2421.167,,-105.3678713,38.96793804,2407.145,Global,0.01,0.01,0.03,0.014,2.134,m,FIX,2024-04-25 15:00:06.8 UTC-06:00,2024-04-25 15:00:09.8 UTC-06:00,16,2.1,2.6,468221.158,4313237.027,2433.525,-105.366828,38.96752719,2419.5,101.83,,NAD83(2011) / UTM zone 13N + NAVD88(GEOID18) height,6,5,4,6,0
386,,468130.901,4313283.115,2421.117,,-105.367872,38.96793922,2407.096,Global,0.011,0.01,0.034,0.015,2.134,m,FIX,2024-04-25 15:00:50.2 UTC-06:00,2024-04-25 15:00:53.2 UTC-06:00,16,2.1,2.6,468221.158,4313237.027,2433.525,-105.366828,38.96752719,2419.5,101.938,,NAD83(2011) / UTM zone 13N + NAVD88(GEOID18) height,7,5,4,6,0
387,,468130.972,4313283.314,2421.187,,-105.3678712,38.96794102,2407.165,Global,0.011,0.01,0.035,0.015,2.134,m,FIX,2024-04-25 15:01:04.8 UTC-06:00,2024-04-25 15:01:07.8 UTC-06:00,16,2.1,2.6,468221.158,4313237.027,2433.525,-105.366828,38.96752719,2419.5,101.959,,NAD83(2011) / UTM zone 13N + NAVD88(GEOID18) height,7,5,4,6,0
388,,468131.006,4313283.525,2421.258,,-105.3678708,38.96794292,2407.236,Global,0.011,0.01,0.031,0.015,2.134,m,FIX,2024-04-25 15:01:19.2 UTC-06:00,2024-04-25 15:01:22.2 UTC-06:00,16,2.1,2.6,468221.158,4313237.027,2433.525,-105.366828,38.96752719,2419.5,102.022,,NAD83(2011) / UTM zone 13N + NAVD88(GEOID18) height,6,5,4,6,0
389,,468131.028,4313283.693,2421.218,,-105.3678706,38.96794444,2407.196,Global,0.012,0.013,0.038,0.018,2.134,m,FIX,2024-04-25 15:02:27.4 UTC-06:00,2024-04-25 15:02:30.4 UTC-06:00,16,2.1,2.6,468221.158,4313237.027,2433.525,-105.366828,38.96752719,2419.5,102.077,,NAD83(2011) / UTM zone 13N + NAVD88(GEOID18) height,6,5,4,6,0
390,,468131.042,4313283.912,2421.218,,-105.3678704,38.96794641,2407.197,Global,0.012,0.011,0.035,0.016,2.134,m,FIX,2024-04-25 15:02:38.4 UTC-06:00,2024-04-25 15:02:41.4 UTC-06:00,16,2.1,2.6,468221.158,4313237.027,2433.525,-105.366828,38.96752719,2419.5,102.16,,NAD83(2011) / UTM zone 13N + NAVD88(GEOID18) height,6,6,4,6,0
391,,468131.017,4313284.116,2421.247,,-105.3678707,38.96794825,2407.225,Global,0.013,0.01,0.041,0.016,2.134,m,FIX,2024-04-25 15:02:49.0 UTC-06:00,2024-04-25 15:02:52.0 UTC-06:00,16,2.1,2.6,468221.158,4313237.027,2433.525,-105.366828,38.96752719,2419.5,102.286,,NAD83(2011) / UTM zone 13N + NAVD88(GEOID18) height,6,6,4,6,0
392,,468130.987,4313284.318,2421.273,,-105.3678711,38.96795007,2407.252,Global,0.011,0.01,0.033,0.015,2.134,m,FIX,2024-04-25 15:03:01.0 UTC-06:00,2024-04-25 15:03:04.0 UTC-06:00,16,2.1,2.6,468221.158,4313237.027,2433.525,-105.366828,38.96752719,2419.5,102.396,,NAD83(2011) / UTM zone 13N + NAVD88(GEOID18) height,6,6,4,6,0
393,,468131.075,4313284.527,2421.222,,-105.3678701,38.96795195,2407.201,Global,0.012,0.013,0.032,0.017,2.134,m,FIX,2024-04-25 15:03:17.0 UTC-06:00,2024-04-25 15:03:20.0 UTC-06:00,16,2.1,2.6,468221.158,4313237.027,2433.525,-105.366828,38.96752719,2419.5,102.425,,NAD83(2011) / UTM zone 13N + NAVD88(GEOID18) height,6,6,4,6,0
394,,468131.042,4313284.906,2421.594,,-105.3678705,38.96795536,2407.572,Global,0.013,0.011,0.038,0.016,2.134,m,FIX,2024-04-25 15:03:38.8 UTC-06:00,2024-04-25 15:03:41.8 UTC-06:00,16,2.1,2.6,468221.158,4313237.027,2433.525,-105.366828,38.96752719,2419.5,102.594,,NAD83(2011) / UTM zone 13N + NAVD88(GEOID18) height,7,6,4,6,0
395,,468131.035,4313285.124,2421.547,,-105.3678706,38.96795733,2407.525,Global,0.012,0.01,0.031,0.015,2.134,m,FIX,2024-04-25 15:03:55.8 UTC-06:00,2024-04-25 15:03:58.8 UTC-06:00,16,2.1,2.6,468221.158,4313237.027,2433.525,-105.366828,38.96752719,2419.5,102.712,,NAD83(2011) / UTM zone 13N + NAVD88(GEOID18) height,7,6,4,6,0
396,,468131.157,4313285.348,2421.108,,-105.3678692,38.96795935,2407.086,Global,0.012,0.01,0.032,0.016,2.134,m,FIX,2024-04-25 15:04:12.4 UTC-06:00,2024-04-25 15:04:15.4 UTC-06:00,16,2.1,2.6,468221.158,4313237.027,2433.525,-105.366828,38.96752719,2419.5,102.746,,NAD83(2011) / UTM zone 13N + NAVD88(GEOID18) height,6,6,4,6,0
397,,468131.135,4313285.541,2421.107,,-105.3678694,38.96796109,2407.085,Global,0.013,0.01,0.023,0.016,2.134,m,FIX,2024-04-25 15:04:38.8 UTC-06:00,2024-04-25 15:04:41.8 UTC-06:00,16,2.1,2.6,468221.158,4313237.027,2433.525,-105.366828,38.96752719,2419.5,102.852,,NAD83(2011) / UTM zone 13N + NAVD88(GEOID18) height,6,6,4,6,0
398,,468131.11,4313285.687,2421.066,,-105.3678697,38.9679624,2407.044,Global,0.012,0.019,0.067,0.022,2.134,m,FIX,2024-04-25 15:04:50.0 UTC-06:00,2024-04-25 15:04:53.0 UTC-06:00,16,2.1,2.6,468221.158,4313237.027,2433.525,-105.366828,38.96752719,2419.5,102.947,,NAD83(2011) / UTM zone 13N + NAVD88(GEOID18) height,6,6,4,6,0
399,,468131.127,4313285.907,2421.029,,-105.3678695,38.96796439,2407.007,Global,0.012,0.01,0.025,0.015,2.134,m,FIX,2024-04-25 15:05:00.6 UTC-06:00,2024-04-25 15:05:03.6 UTC-06:00,16,2.1,2.6,468221.158,4313237.027,2433.525,-105.366828,38.96752719,2419.5,103.046,,NAD83(2011) / UTM zone 13N + NAVD88(GEOID18) height,7,6,4,6,0
400,,468131.184,4313286.116,2421.004,,-105.3678689,38.96796627,2406.982,Global,0.013,0.01,0.023,0.016,2.134,m,FIX,2024-04-25 15:05:10.4 UTC-06:00,2024-04-25 15:05:13.4 UTC-06:00,16,2.1,2.6,468221.158,4313237.027,2433.525,-105.366828,38.96752719,2419.5,103.085,,NAD83(2011) / UTM zone 13N + NAVD88(GEOID18) height,6,7,4,6,0
401,,468131.302,4313286.291,2420.98,,-105.3678675,38.96796786,2406.958,Global,0.011,0.01,0.024,0.015,2.134,m,FIX,2024-04-25 15:05:23.4 UTC-06:00,2024-04-25 15:05:26.4 UTC-06:00,16,2.1,2.6,468221.158,4313237.027,2433.525,-105.366828,38.96752719,2419.5,103.086,,NAD83(2011) / UTM zone 13N + NAVD88(GEOID18) height,6,6,4,6,0
402,,468131.301,4313286.494,2420.978,,-105.3678675,38.96796968,2406.957,Global,0.011,0.01,0.024,0.016,2.134,m,FIX,2024-04-25 15:05:33.8 UTC-06:00,2024-04-25 15:05:36.8 UTC-06:00,16,2.1,2.6,468221.158,4313237.027,2433.525,-105.366828,38.96752719,2419.5,103.18,,NAD83(2011) / UTM zone 13N + NAVD88(GEOID18) height,6,5,4,6,0
403,,468131.306,4313286.706,2420.928,,-105.3678675,38.9679716,2406.906,Global,0.012,0.011,0.027,0.016,2.134,m,FIX,2024-04-25 15:05:43.6 UTC-06:00,2024-04-25 15:05:46.6 UTC-06:00,16,2.1,2.6,468221.158,4313237.027,2433.525,-105.366828,38.96752719,2419.5,103.28,,NAD83(2011) / UTM zone 13N + NAVD88(GEOID18) height,6,6,4,5,0
404,,468131.305,4313286.893,2420.927,,-105.3678675,38.96797329,2406.905,Global,0.012,0.011,0.032,0.016,2.134,m,FIX,2024-04-25 15:05:59.0 UTC-06:00,2024-04-25 15:06:02.0 UTC-06:00,16,2.1,2.6,468221.158,4313237.027,2433.525,-105.366828,38.96752719,2419.5,103.377,,NAD83(2011) / UTM zone 13N + NAVD88(GEOID18) height,6,6,4,6,0
405,,468131.229,4313287.076,2420.883,,-105.3678684,38.96797492,2406.861,Global,0.019,0.014,0.026,0.024,2.134,m,FIX,2024-04-25 15:06:29.0 UTC-06:00,2024-04-25 15:06:32.0 UTC-06:00,16,2.1,2.5,468221.158,4313237.027,2433.525,-105.366828,38.96752719,2419.5,103.546,,NAD83(2011) / UTM zone 13N + NAVD88(GEOID18) height,6,5,4,5,0
406,,468131.312,4313287.398,2420.86,,-105.3678675,38.96797783,2406.838,Global,0.012,0.01,0.035,0.016,2.134,m,FIX,2024-04-25 15:06:48.2 UTC-06:00,2024-04-25 15:06:51.2 UTC-06:00,16,2.1,2.5,468221.158,4313237.027,2433.525,-105.366828,38.96752719,2419.5,103.624,,NAD83(2011) / UTM zone 13N + NAVD88(GEOID18) height,6,5,4,5,0
407,,468131.588,4313287.624,2421.641,,-105.3678643,38.96797988,2407.619,Global,0.01,0.013,0.029,0.016,2.134,m,FIX,2024-04-25 15:07:45.0 UTC-06:00,2024-04-25 15:07:48.0 UTC-06:00,16,2.1,2.5,468221.158,4313237.027,2433.525,-105.366828,38.96752719,2419.5,103.405,,NAD83(2011) / UTM zone 13N + NAVD88(GEOID18) height,6,6,4,5,0
408,,468131.58,4313287.883,2421.772,,-105.3678644,38.96798221,2407.75,Global,0.011,0.01,0.029,0.015,2.134,m,FIX,2024-04-25 15:07:59.2 UTC-06:00,2024-04-25 15:08:02.2 UTC-06:00,16,2.1,2.5,468221.158,4313237.027,2433.525,-105.366828,38.96752719,2419.5,103.536,,NAD83(2011) / UTM zone 13N + NAVD88(GEOID18) height,6,6,4,5,0
409,,468131.634,4313288.017,2421.853,,-105.3678638,38.96798342,2407.831,Global,0.014,0.012,0.046,0.018,2.134,m,FIX,2024-04-25 15:08:19.0 UTC-06:00,2024-04-25 15:08:22.0 UTC-06:00,16,1.8,2.1,468221.158,4313237.027,2433.525,-105.366828,38.96752719,2419.5,103.546,,NAD83(2011) / UTM zone 13N + NAVD88(GEOID18) height,7,6,5,5,0
410,,468131.675,4313288.486,2421.83,,-105.3678633,38.96798765,2407.808,Global,0.02,0.012,0.058,0.023,2.134,m,FIX,2024-04-25 15:08:43.0 UTC-06:00,2024-04-25 15:08:46.0 UTC-06:00,16,1.8,2.1,468221.158,4313237.027,2433.525,-105.366828,38.96752719,2419.5,103.733,,NAD83(2011) / UTM zone 13N + NAVD88(GEOID18) height,7,7,5,5,0
411,,468131.657,4313288.692,2420.874,,-105.3678635,38.96798951,2406.852,Global,0.014,0.01,0.045,0.017,2.134,m,FIX,2024-04-25 15:09:35.8 UTC-06:00,2024-04-25 15:09:38.8 UTC-06:00,16,1.8,2.1,468221.158,4313237.027,2433.525,-105.366828,38.96752719,2419.5,103.95,,NAD83(2011) / UTM zone 13N + NAVD88(GEOID18) height,6,8,5,5,0
412,,468131.661,4313288.871,2420.889,,-105.3678635,38.96799112,2406.867,Global,0.015,0.01,0.048,0.018,2.134,m,FIX,2024-04-25 15:10:06.4 UTC-06:00,2024-04-25 15:10:09.4 UTC-06:00,16,2.1,2.5,468221.158,4313237.027,2433.525,-105.366828,38.96752719,2419.5,104.045,,NAD83(2011) / UTM zone 13N + NAVD88(GEOID18) height,6,8,4,5,0
413,,468131.718,4313289.059,2420.911,,-105.3678629,38.96799282,2406.889,Global,0.015,0.013,0.061,0.02,2.134,m,FIX,2024-04-25 15:10:18.8 UTC-06:00,2024-04-25 15:10:21.8 UTC-06:00,16,2.1,2.5,468221.158,4313237.027,2433.525,-105.366828,38.96752719,2419.5,104.078,,NAD83(2011) / UTM zone 13N + NAVD88(GEOID18) height,6,7,4,5,0
414,,468131.905,4313289.253,2421.039,,-105.3678607,38.96799457,2407.017,Global,0.015,0.013,0.051,0.02,2.134,m,FIX,2024-04-25 15:10:54.0 UTC-06:00,2024-04-25 15:10:57.0 UTC-06:00,16,2,2.5,468221.158,4313237.027,2433.525,-105.366828,38.96752719,2419.5,103.999,,NAD83(2011) / UTM zone 13N + NAVD88(GEOID18) height,6,7,4,5,0
415,,468131.914,4313289.439,2421.089,,-105.3678606,38.96799625,2407.067,Global,0.016,0.011,0.051,0.019,2.134,m,FIX,2024-04-25 15:11:12.4 UTC-06:00,2024-04-25 15:11:15.4 UTC-06:00,16,2,2.5,468221.158,4313237.027,2433.525,-105.366828,38.96752719,2419.5,104.083,,NAD83(2011) / UTM zone 13N + NAVD88(GEOID18) height,7,7,4,5,0
416,,468131.908,4313289.713,2421.192,,-105.3678607,38.96799871,2407.17,Global,0.014,0.01,0.047,0.017,2.134,m,FIX,2024-04-25 15:11:26.8 UTC-06:00,2024-04-25 15:11:29.8 UTC-06:00,16,2,2.5,468221.158,4313237.027,2433.525,-105.366828,38.96752719,2419.5,104.225,,NAD83(2011) / UTM zone 13N + NAVD88(GEOID18) height,7,7,4,5,0
417,,468131.887,4313289.886,2421.192,,-105.3678609,38.96800027,2407.17,Global,0.015,0.013,0.058,0.02,2.134,m,FIX,2024-04-25 15:11:42.2 UTC-06:00,2024-04-25 15:11:45.2 UTC-06:00,16,2,2.5,468221.158,4313237.027,2433.525,-105.366828,38.96752719,2419.5,104.325,,NAD83(2011) / UTM zone 13N + NAVD88(GEOID18) height,6,8,4,5,0
418,,468131.929,4313290.068,2421.248,,-105.3678605,38.96800191,2407.226,Global,0.014,0.01,0.048,0.018,2.134,m,FIX,2024-04-25 15:11:51.4 UTC-06:00,2024-04-25 15:11:54.4 UTC-06:00,16,2,2.5,468221.158,4313237.027,2433.525,-105.366828,38.96752719,2419.5,104.377,,NAD83(2011) / UTM zone 13N + NAVD88(GEOID18) height,6,8,4,5,0
419,,468131.967,4313290.246,2421.284,,-105.36786,38.96800352,2407.262,Global,0.016,0.011,0.054,0.02,2.134,m,FIX,2024-04-25 15:12:01.4 UTC-06:00,2024-04-25 15:12:04.4 UTC-06:00,16,1.8,2.1,468221.158,4313237.027,2433.525,-105.366828,38.96752719,2419.5,104.43,,NAD83(2011) / UTM zone 13N + NAVD88(GEOID18) height,6,8,5,5,0
420,,468131.951,4313290.342,2421.314,,-105.3678602,38.96800438,2407.292,Global,0.014,0.011,0.045,0.018,2.134,m,FIX,2024-04-25 15:12:13.8 UTC-06:00,2024-04-25 15:12:16.8 UTC-06:00,16,2,2.5,468221.158,4313237.027,2433.525,-105.366828,38.96752719,2419.5,104.496,,NAD83(2011) / UTM zone 13N + NAVD88(GEOID18) height,7,7,5,5,0
421,,468131.911,4313290.493,2421.564,,-105.3678607,38.96800574,2407.543,Global,0.019,0.013,0.057,0.023,2.134,m,FIX,2024-04-25 15:12:27.0 UTC-06:00,2024-04-25 15:12:30.0 UTC-06:00,16,2,2.4,468221.158,4313237.027,2433.525,-105.366828,38.96752719,2419.5,104.594,,NAD83(2011) / UTM zone 13N + NAVD88(GEOID18) height,7,8,5,4,0
422,,468131.99,4313290.816,2421.627,,-105.3678598,38.96800866,2407.605,Global,0.014,0.01,0.05,0.017,2.134,m,FIX,2024-04-25 15:12:41.6 UTC-06:00,2024-04-25 15:12:44.6 UTC-06:00,16,2.6,3.2,468221.158,4313237.027,2433.525,-105.366828,38.96752719,2419.5,104.675,,NAD83(2011) / UTM zone 13N + NAVD88(GEOID18) height,6,8,4,4,0
423,,468132.078,4313291.063,2421.639,,-105.3678588,38.96801089,2407.617,Global,0.013,0.01,0.042,0.017,2.134,m,FIX,2024-04-25 15:12:56.0 UTC-06:00,2024-04-25 15:12:59.0 UTC-06:00,16,2.6,3.2,468221.158,4313237.027,2433.525,-105.366828,38.96752719,2419.5,104.717,,NAD83(2011) / UTM zone 13N + NAVD88(GEOID18) height,6,8,4,4,0
424,,468132.164,4313291.223,2421.644,,-105.3678578,38.96801233,2407.622,Global,0.014,0.01,0.045,0.018,2.134,m,FIX,2024-04-25 15:13:08.8 UTC-06:00,2024-04-25 15:13:11.8 UTC-06:00,16,2.6,3.2,468221.158,4313237.027,2433.525,-105.366828,38.96752719,2419.5,104.722,,NAD83(2011) / UTM zone 13N + NAVD88(GEOID18) height,6,8,5,4,0
425,,468132.206,4313291.412,2421.69,,-105.3678573,38.96801403,2407.668,Global,0.011,0.011,0.038,0.015,2.134,m,FIX,2024-04-25 15:13:19.4 UTC-06:00,2024-04-25 15:13:22.4 UTC-06:00,16,2.6,3.2,468221.158,4313237.027,2433.525,-105.366828,38.96752719,2419.5,104.791,,NAD83(2011) / UTM zone 13N + NAVD88(GEOID18) height,6,7,4,5,0
426,,468132.233,4313291.581,2421.664,,-105.367857,38.96801556,2407.642,Global,0.013,0.011,0.044,0.017,2.134,m,FIX,2024-04-25 15:13:30.6 UTC-06:00,2024-04-25 15:13:33.6 UTC-06:00,16,2,2.4,468221.158,4313237.027,2433.525,-105.366828,38.96752719,2419.5,104.856,,NAD83(2011) / UTM zone 13N + NAVD88(GEOID18) height,6,7,5,5,0
427,,468132.259,4313291.854,2421.669,,-105.3678567,38.96801802,2407.647,Global,0.012,0.01,0.037,0.016,2.134,m,FIX,2024-04-25 15:13:44.8 UTC-06:00,2024-04-25 15:13:47.8 UTC-06:00,16,2,2.4,468221.158,4313237.027,2433.525,-105.366828,38.96752719,2419.5,104.984,,NAD83(2011) / UTM zone 13N + NAVD88(GEOID18) height,7,7,5,4,0
428,,468132.279,4313292.035,2421.685,,-105.3678565,38.96801965,2407.664,Global,0.014,0.011,0.045,0.018,2.134,m,FIX,2024-04-25 15:13:54.6 UTC-06:00,2024-04-25 15:13:57.6 UTC-06:00,16,2,2.4,468221.158,4313237.027,2433.525,-105.366828,38.96752719,2419.5,105.052,,NAD83(2011) / UTM zone 13N + NAVD88(GEOID18) height,6,8,5,4,0
429,,468132.252,4313292.261,2421.714,,-105.3678568,38.96802169,2407.692,Global,0.014,0.01,0.038,0.017,2.134,m,FIX,2024-04-25 15:14:09.0 UTC-06:00,2024-04-25 15:14:12.0 UTC-06:00,16,2,2.4,468221.158,4313237.027,2433.525,-105.366828,38.96752719,2419.5,105.191,,NAD83(2011) / UTM zone 13N + NAVD88(GEOID18) height,6,8,5,5,0
430,,468132.232,4313292.614,2421.8,,-105.3678571,38.96802487,2407.779,Global,0.016,0.012,0.052,0.02,2.134,m,FIX,2024-04-25 15:14:29.2 UTC-06:00,2024-04-25 15:14:32.2 UTC-06:00,16,2,2.4,468221.158,4313237.027,2433.525,-105.366828,38.96752719,2419.5,105.388,,NAD83(2011) / UTM zone 13N + NAVD88(GEOID18) height,6,8,5,4,0
431,,468132.33,4313292.926,2421.816,,-105.367856,38.96802768,2407.794,Global,0.01,0.01,0.035,0.015,2.134,m,FIX,2024-04-25 15:14:48.8 UTC-06:00,2024-04-25 15:14:51.8 UTC-06:00,16,1.8,2.1,468221.158,4313237.027,2433.525,-105.366828,38.96752719,2419.5,105.47,,NAD83(2011) / UTM zone 13N + NAVD88(GEOID18) height,6,8,5,5,0
432,,468132.395,4313293.192,2421.878,,-105.3678552,38.96803008,2407.856,Global,0.011,0.011,0.038,0.016,2.134,m,FIX,2024-04-25 15:15:03.2 UTC-06:00,2024-04-25 15:15:06.2 UTC-06:00,16,2,2.4,468221.158,4313237.027,2433.525,-105.366828,38.96752719,2419.5,105.555,,NAD83(2011) / UTM zone 13N + NAVD88(GEOID18) height,6,6,5,5,0
433,,468132.422,4313293.453,2422.046,,-105.3678549,38.96803243,2408.025,Global,0.012,0.01,0.032,0.015,2.134,m,FIX,2024-04-25 15:15:20.8 UTC-06:00,2024-04-25 15:15:23.8 UTC-06:00,16,1.7,2,468221.158,4313237.027,2433.525,-105.366828,38.96752719,2419.5,105.656,,NAD83(2011) / UTM zone 13N + NAVD88(GEOID18) height,6,7,5,5,0
434,,468132.508,4313293.682,2422.08,,-105.367854,38.9680345,2408.058,Global,0.011,0.01,0.034,0.015,2.134,m,FIX,2024-04-25 15:15:34.4 UTC-06:00,2024-04-25 15:15:37.4 UTC-06:00,16,2,2.4,468221.158,4313237.027,2433.525,-105.366828,38.96752719,2419.5,105.703,,NAD83(2011) / UTM zone 13N + NAVD88(GEOID18) height,6,8,5,5,0
435,,468132.573,4313293.936,2422.189,,-105.3678532,38.96803679,2408.167,Global,0.011,0.01,0.033,0.015,2.134,m,FIX,2024-04-25 15:15:47.8 UTC-06:00,2024-04-25 15:15:50.8 UTC-06:00,16,2,2.4,468221.158,4313237.027,2433.525,-105.366828,38.96752719,2419.5,105.776,,NAD83(2011) / UTM zone 13N + NAVD88(GEOID18) height,6,7,5,5,0
436,,468132.614,4313294.162,2422.178,,-105.3678528,38.96803883,2408.156,Global,0.015,0.01,0.036,0.018,2.134,m,FIX,2024-04-25 15:16:00.0 UTC-06:00,2024-04-25 15:16:03.0 UTC-06:00,16,2,2.4,468221.158,4313237.027,2433.525,-105.366828,38.96752719,2419.5,105.85,,NAD83(2011) / UTM zone 13N + NAVD88(GEOID18) height,6,7,5,5,0
437,,468132.638,4313294.363,2422.196,,-105.3678525,38.96804064,2408.175,Global,0.011,0.01,0.035,0.015,2.134,m,FIX,2024-04-25 15:16:11.6 UTC-06:00,2024-04-25 15:16:14.6 UTC-06:00,16,1.8,2.1,468221.158,4313237.027,2433.525,-105.366828,38.96752719,2419.5,105.947,,NAD83(2011) / UTM zone 13N + NAVD88(GEOID18) height,6,8,5,5,0
438,,468132.735,4313294.609,2422.395,,-105.3678514,38.96804286,2408.373,Global,0.011,0.01,0.03,0.015,2.134,m,FIX,2024-04-25 15:16:30.4 UTC-06:00,2024-04-25 15:16:33.4 UTC-06:00,16,2,2.4,468221.158,4313237.027,2433.525,-105.366828,38.96752719,2419.5,105.991,,NAD83(2011) / UTM zone 13N + NAVD88(GEOID18) height,6,8,5,5,0
439,,468132.764,4313294.864,2422.541,,-105.367851,38.96804516,2408.519,Global,0.011,0.01,0.03,0.016,2.134,m,FIX,2024-04-25 15:16:47.8 UTC-06:00,2024-04-25 15:16:50.8 UTC-06:00,16,1.7,2,468221.158,4313237.027,2433.525,-105.366828,38.96752719,2419.5,106.082,,NAD83(2011) / UTM zone 13N + NAVD88(GEOID18) height,6,8,5,5,0
440,,468132.796,4313295.118,2422.601,,-105.3678507,38.96804745,2408.579,Global,0.013,0.011,0.033,0.017,2.134,m,FIX,2024-04-25 15:17:03.0 UTC-06:00,2024-04-25 15:17:06.0 UTC-06:00,16,1.7,2,468221.158,4313237.027,2433.525,-105.366828,38.96752719,2419.5,106.195,,NAD83(2011) / UTM zone 13N + NAVD88(GEOID18) height,6,8,5,5,0
441,,468132.843,4313295.415,2422.68,,-105.3678502,38.96805013,2408.658,Global,0.012,0.011,0.034,0.016,2.134,m,FIX,2024-04-25 15:17:16.6 UTC-06:00,2024-04-25 15:17:19.6 UTC-06:00,16,1.7,2,468221.158,4313237.027,2433.525,-105.366828,38.96752719,2419.5,106.308,,NAD83(2011) / UTM zone 13N + NAVD88(GEOID18) height,7,8,5,5,0
442,,468132.87,4313295.708,2422.764,,-105.3678499,38.96805277,2408.742,Global,0.014,0.01,0.031,0.017,2.134,m,FIX,2024-04-25 15:17:29.0 UTC-06:00,2024-04-25 15:17:32.0 UTC-06:00,16,1.5,1.8,468221.158,4313237.027,2433.525,-105.366828,38.96752719,2419.5,106.447,,NAD83(2011) / UTM zone 13N + NAVD88(GEOID18) height,6,8,5,5,0
443,,468132.846,4313296.079,2422.88,,-105.3678502,38.96805611,2408.858,Global,0.014,0.011,0.046,0.018,2.134,m,FIX,2024-04-25 15:17:51.8 UTC-06:00,2024-04-25 15:17:54.8 UTC-06:00,16,2,2.4,468221.158,4313237.027,2433.525,-105.366828,38.96752719,2419.5,106.654,,NAD83(2011) / UTM zone 13N + NAVD88(GEOID18) height,6,7,5,5,0
444,,468132.866,4313296.324,2422.979,,-105.3678499,38.96805833,2408.957,Global,0.014,0.011,0.037,0.018,2.134,m,FIX,2024-04-25 15:18:05.2 UTC-06:00,2024-04-25 15:18:08.2 UTC-06:00,16,1.7,2,468221.158,4313237.027,2433.525,-105.366828,38.96752719,2419.5,106.776,,NAD83(2011) / UTM zone 13N + NAVD88(GEOID18) height,6,8,5,5,0
445,,468132.832,4313296.597,2423.053,,-105.3678504,38.96806078,2409.031,Global,0.011,0.011,0.027,0.015,2.134,m,FIX,2024-04-25 15:18:54.8 UTC-06:00,2024-04-25 15:18:57.8 UTC-06:00,16,1.6,1.9,468221.158,4313237.027,2433.525,-105.366828,38.96752719,2419.5,106.946,,NAD83(2011) / UTM zone 13N + NAVD88(GEOID18) height,6,8,5,5,0
446,,468132.867,4313296.913,2423.203,,-105.36785,38.96806363,2409.181,Global,0.011,0.011,0.026,0.016,2.134,m,FIX,2024-04-25 15:19:08.0 UTC-06:00,2024-04-25 15:19:11.0 UTC-06:00,16,1.9,2.3,468221.158,4313237.027,2433.525,-105.366828,38.96752719,2419.5,107.081,,NAD83(2011) / UTM zone 13N + NAVD88(GEOID18) height,6,8,5,5,0
447,,468132.878,4313297.194,2423.25,,-105.3678498,38.96806617,2409.228,Global,0.01,0.01,0.025,0.015,2.134,m,FIX,2024-04-25 15:19:19.6 UTC-06:00,2024-04-25 15:19:22.6 UTC-06:00,16,1.7,2.1,468221.158,4313237.027,2433.525,-105.366828,38.96752719,2419.5,107.226,,NAD83(2011) / UTM zone 13N + NAVD88(GEOID18) height,6,8,5,5,0
448,,468132.812,4313297.44,2423.288,,-105.3678506,38.96806837,2409.266,Global,0.011,0.011,0.024,0.016,2.134,m,FIX,2024-04-25 15:19:34.2 UTC-06:00,2024-04-25 15:19:37.2 UTC-06:00,16,2.2,2.6,468221.158,4313237.027,2433.525,-105.366828,38.96752719,2419.5,107.416,,NAD83(2011) / UTM zone 13N + NAVD88(GEOID18) height,6,7,5,5,0
449,,468132.786,4313297.74,2423.383,,-105.3678509,38.96807108,2409.361,Global,0.011,0.011,0.028,0.015,2.134,m,FIX,2024-04-25 15:19:54.8 UTC-06:00,2024-04-25 15:19:57.8 UTC-06:00,16,2.2,2.6,468221.158,4313237.027,2433.525,-105.366828,38.96752719,2419.5,107.599,,NAD83(2011) / UTM zone 13N + NAVD88(GEOID18) height,6,8,5,5,0
450,,468132.782,4313298.007,2423.386,,-105.367851,38.96807349,2409.365,Global,0.01,0.011,0.024,0.015,2.134,m,FIX,2024-04-25 15:20:07.0 UTC-06:00,2024-04-25 15:20:10.0 UTC-06:00,16,1.9,2.3,468221.158,4313237.027,2433.525,-105.366828,38.96752719,2419.5,107.752,,NAD83(2011) / UTM zone 13N + NAVD88(GEOID18) height,6,8,5,5,0
451,,468132.836,4313298.346,2423.471,,-105.3678504,38.96807654,2409.45,Global,0.011,0.011,0.019,0.016,2.134,m,FIX,2024-04-25 15:20:21.0 UTC-06:00,2024-04-25 15:20:24.0 UTC-06:00,16,2.2,2.6,468221.158,4313237.027,2433.525,-105.366828,38.96752719,2419.5,107.89,,NAD83(2011) / UTM zone 13N + NAVD88(GEOID18) height,6,7,5,4,0
452,,468132.83,4313298.632,2423.496,,-105.3678505,38.96807912,2409.474,Global,0.01,0.012,0.021,0.016,2.134,m,FIX,2024-04-25 15:20:34.8 UTC-06:00,2024-04-25 15:20:37.8 UTC-06:00,16,2.2,2.7,468221.158,4313237.027,2433.525,-105.366828,38.96752719,2419.5,108.065,,NAD83(2011) / UTM zone 13N + NAVD88(GEOID18) height,6,8,5,4,0
453,,468132.858,4313298.913,2423.48,,-105.3678502,38.96808166,2409.459,Global,0.011,0.01,0.035,0.015,2.134,m,FIX,2024-04-25 15:20:45.4 UTC-06:00,2024-04-25 15:20:48.4 UTC-06:00,16,2,2.4,468221.158,4313237.027,2433.525,-105.366828,38.96752719,2419.5,108.203,,NAD83(2011) / UTM zone 13N + NAVD88(GEOID18) height,6,8,5,4,0
454,,468132.889,4313299.178,2423.607,,-105.3678498,38.96808404,2409.585,Global,0.01,0.01,0.021,0.014,2.134,m,FIX,2024-04-25 15:20:57.4 UTC-06:00,2024-04-25 15:21:00.4 UTC-06:00,16,2.2,2.7,468221.158,4313237.027,2433.525,-105.366828,38.96752719,2419.5,108.317,,NAD83(2011) / UTM zone 13N + NAVD88(GEOID18) height,6,8,4,4,0
455,,468132.898,4313299.392,2423.654,,-105.3678497,38.96808597,2409.632,Global,0.01,0.01,0.029,0.015,2.134,m,FIX,2024-04-25 15:21:08.8 UTC-06:00,2024-04-25 15:21:11.8 UTC-06:00,16,2.1,2.5,468221.158,4313237.027,2433.525,-105.366828,38.96752719,2419.5,108.427,,NAD83(2011) / UTM zone 13N + NAVD88(GEOID18) height,6,8,5,4,0
456,,468132.981,4313299.685,2423.652,,-105.3678488,38.96808861,2409.63,Global,0.011,0.01,0.021,0.015,2.134,m,FIX,2024-04-25 15:21:20.8 UTC-06:00,2024-04-25 15:21:23.8 UTC-06:00,16,2.3,2.9,468221.158,4313237.027,2433.525,-105.366828,38.96752719,2419.5,108.532,,NAD83(2011) / UTM zone 13N + NAVD88(GEOID18) height,6,8,5,4,0
457,,468132.968,4313299.98,2423.712,,-105.3678489,38.96809127,2409.691,Global,0.011,0.011,0.022,0.016,2.134,m,FIX,2024-04-25 15:21:34.2 UTC-06:00,2024-04-25 15:21:37.2 UTC-06:00,16,2.1,2.5,468221.158,4313237.027,2433.525,-105.366828,38.96752719,2419.5,108.706,,NAD83(2011) / UTM zone 13N + NAVD88(GEOID18) height,6,8,5,4,0
458,,468132.999,4313300.308,2423.757,,-105.3678486,38.96809423,2409.735,Global,0.013,0.01,0.031,0.016,2.134,m,FIX,2024-04-25 15:21:45.6 UTC-06:00,2024-04-25 15:21:48.6 UTC-06:00,16,2.3,2.9,468221.158,4313237.027,2433.525,-105.366828,38.96752719,2419.5,108.879,,NAD83(2011) / UTM zone 13N + NAVD88(GEOID18) height,6,8,4,4,0
459,,468132.978,4313300.589,2423.808,,-105.3678488,38.96809676,2409.787,Global,0.01,0.01,0.025,0.015,2.134,m,FIX,2024-04-25 15:21:57.4 UTC-06:00,2024-04-25 15:22:00.4 UTC-06:00,16,2.3,2.9,468221.158,4313237.027,2433.525,-105.366828,38.96752719,2419.5,109.05,,NAD83(2011) / UTM zone 13N + NAVD88(GEOID18) height,7,8,4,4,0
460,,468132.982,4313300.919,2423.756,,-105.3678488,38.96809974,2409.734,Global,0.011,0.011,0.031,0.015,2.134,m,FIX,2024-04-25 15:22:14.0 UTC-06:00,2024-04-25 15:22:17.0 UTC-06:00,16,2.3,2.9,468221.158,4313237.027,2433.525,-105.366828,38.96752719,2419.5,109.246,,NAD83(2011) / UTM zone 13N + NAVD88(GEOID18) height,6,7,5,4,0
461,,468133.062,4313301.174,2423.818,,-105.3678479,38.96810203,2409.796,Global,0.01,0.01,0.018,0.015,2.134,m,FIX,2024-04-25 15:22:28.0 UTC-06:00,2024-04-25 15:22:31.0 UTC-06:00,16,2.2,2.7,468221.158,4313237.027,2433.525,-105.366828,38.96752719,2419.5,109.319,,NAD83(2011) / UTM zone 13N + NAVD88(GEOID18) height,6,7,4,4,0
462,,468133.148,4313301.449,2423.871,,-105.3678469,38.96810451,2409.849,Global,0.011,0.01,0.021,0.015,2.134,m,FIX,2024-04-25 15:22:45.6 UTC-06:00,2024-04-25 15:22:48.6 UTC-06:00,16,2,2.4,468221.158,4313237.027,2433.525,-105.366828,38.96752719,2419.5,109.406,,NAD83(2011) / UTM zone 13N + NAVD88(GEOID18) height,6,5,4,4,0
463,,468133.178,4313301.718,2423.946,,-105.3678466,38.96810694,2409.925,Global,0.011,0.011,0.026,0.016,2.134,m,FIX,2024-04-25 15:22:58.0 UTC-06:00,2024-04-25 15:23:01.0 UTC-06:00,16,2,2.4,468221.158,4313237.027,2433.525,-105.366828,38.96752719,2419.5,109.539,,NAD83(2011) / UTM zone 13N + NAVD88(GEOID18) height,6,8,4,4,0
464,,468133.221,4313302.041,2424.052,,-105.3678461,38.96810986,2410.03,Global,0.012,0.011,0.024,0.016,2.134,m,FIX,2024-04-25 15:23:08.8 UTC-06:00,2024-04-25 15:23:11.8 UTC-06:00,16,2.1,2.6,468221.158,4313237.027,2433.525,-105.366828,38.96752719,2419.5,109.691,,NAD83(2011) / UTM zone 13N + NAVD88(GEOID18) height,6,8,4,4,0
465,,468133.264,4313302.331,2424.202,,-105.3678456,38.96811247,2410.18,Global,0.011,0.012,0.029,0.016,2.134,m,FIX,2024-04-25 15:23:22.8 UTC-06:00,2024-04-25 15:23:25.8 UTC-06:00,16,2.1,2.6,468221.158,4313237.027,2433.525,-105.366828,38.96752719,2419.5,109.827,,NAD83(2011) / UTM zone 13N + NAVD88(GEOID18) height,6,8,4,4,0
466,,468133.292,4313302.713,2424.279,,-105.3678453,38.96811591,2410.257,Global,0.012,0.013,0.029,0.017,2.134,m,FIX,2024-04-25 15:23:36.0 UTC-06:00,2024-04-25 15:23:39.0 UTC-06:00,16,2.4,2.9,468221.158,4313237.027,2433.525,-105.366828,38.96752719,2419.5,110.022,,NAD83(2011) / UTM zone 13N + NAVD88(GEOID18) height,6,7,4,4,0
467,,468133.439,4313303.936,2424.688,,-105.3678437,38.96812693,2410.667,Global,0.011,0.011,0.032,0.015,2.134,m,FIX,2024-04-25 15:24:06.4 UTC-06:00,2024-04-25 15:24:09.4 UTC-06:00,16,2.5,3,468221.158,4313237.027,2433.525,-105.366828,38.96752719,2419.5,110.612,,NAD83(2011) / UTM zone 13N + NAVD88(GEOID18) height,6,8,4,4,0
468,,468133.589,4313304.566,2424.892,,-105.367842,38.96813262,2410.87,Global,0.01,0.01,0.023,0.015,2.134,m,FIX,2024-04-25 15:24:20.0 UTC-06:00,2024-04-25 15:24:23.0 UTC-06:00,16,2.1,2.6,468221.158,4313237.027,2433.525,-105.366828,38.96752719,2419.5,110.868,,NAD83(2011) / UTM zone 13N + NAVD88(GEOID18) height,6,8,4,4,0
469,,468133.655,4313305.102,2425.214,,-105.3678412,38.96813745,2411.193,Global,0.012,0.012,0.034,0.017,2.134,m,FIX,2024-04-25 15:24:43.2 UTC-06:00,2024-04-25 15:24:46.2 UTC-06:00,16,2.1,2.6,468221.158,4313237.027,2433.525,-105.366828,38.96752719,2419.5,111.12,,NAD83(2011) / UTM zone 13N + NAVD88(GEOID18) height,7,8,4,4,0
470,,468133.764,4313305.083,2425.465,,-105.36784,38.96813729,2411.444,Global,0.01,0.012,0.027,0.016,2.134,m,FIX,2024-04-25 15:25:08.6 UTC-06:00,2024-04-25 15:25:11.6 UTC-06:00,16,3,3.8,468221.158,4313237.027,2433.525,-105.366828,38.96752719,2419.5,111.013,,NAD83(2011) / UTM zone 13N + NAVD88(GEOID18) height,7,7,3,4,0
471,,468133.384,4313305.204,2425.25,,-105.3678444,38.96813836,2411.228,Global,0.011,0.01,0.033,0.015,2.134,m,FIX,2024-04-25 15:25:23.4 UTC-06:00,2024-04-25 15:25:26.4 UTC-06:00,16,3,3.8,468221.158,4313237.027,2433.525,-105.366828,38.96752719,2419.5,111.396,,NAD83(2011) / UTM zone 13N + NAVD88(GEOID18) height,7,8,3,4,0
472,,468133.727,4313305.384,2425.411,,-105.3678404,38.96813999,2411.389,Global,0.011,0.013,0.027,0.017,2.134,m,FIX,2024-04-25 15:25:37.0 UTC-06:00,2024-04-25 15:25:40.0 UTC-06:00,16,2,2.4,468221.158,4313237.027,2433.525,-105.366828,38.96752719,2419.5,111.23,,NAD83(2011) / UTM zone 13N + NAVD88(GEOID18) height,7,7,3,4,0
473,,468134.007,4313305.09,2425.211,,-105.3678372,38.96813735,2411.189,Global,0.01,0.01,0.031,0.015,2.134,m,FIX,2024-04-25 15:25:49.4 UTC-06:00,2024-04-25 15:25:52.4 UTC-06:00,16,2.4,2.9,468221.158,4313237.027,2433.525,-105.366828,38.96752719,2419.5,110.836,,NAD83(2011) / UTM zone 13N + NAVD88(GEOID18) height,6,8,4,3,0
474,,468133.784,4313305.093,2425.425,,-105.3678398,38.96813738,2411.404,Global,0.013,0.015,0.033,0.02,2.134,m,FIX,2024-04-25 15:26:11.2 UTC-06:00,2024-04-25 15:26:14.2 UTC-06:00,16,2.5,3.1,468221.158,4313237.027,2433.525,-105.366828,38.96752719,2419.5,111.004,,NAD83(2011) / UTM zone 13N + NAVD88(GEOID18) height,6,8,3,4,0
475,,468266.436,4313254.843,2424.615,,-105.3663062,38.96768938,2410.59,Global,0.015,0.011,0.01,0.019,2.134,m,FIX,2024-04-25 15:41:30.8 UTC-06:00,2024-04-25 15:41:33.8 UTC-06:00,16,1.2,1.4,468221.158,4313237.027,2433.525,-105.366828,38.96752719,2419.5,49.151,,NAD83(2011) / UTM zone 13N + NAVD88(GEOID18) height,7,7,6,6,0
476,,468266.737,4313254.814,2424.609,,-105.3663027,38.96768913,2410.584,Global,0.013,0.012,0.012,0.018,2.134,m,FIX,2024-04-25 15:41:59.0 UTC-06:00,2024-04-25 15:42:02.0 UTC-06:00,16,1.2,1.4,468221.158,4313237.027,2433.525,-105.366828,38.96752719,2419.5,49.431,,NAD83(2011) / UTM zone 13N + NAVD88(GEOID18) height,7,7,6,6,0
477,,468266.198,4313254.818,2424.513,,-105.366309,38.96768914,2410.488,Global,0.01,0.012,0.014,0.016,2.134,m,FIX,2024-04-25 15:42:20.0 UTC-06:00,2024-04-25 15:42:23.0 UTC-06:00,16,1.2,1.4,468221.158,4313237.027,2433.525,-105.366828,38.96752719,2419.5,48.954,,NAD83(2011) / UTM zone 13N + NAVD88(GEOID18) height,7,7,6,6,0
478,,468266.437,4313254.638,2424.673,,-105.3663062,38.96768753,2410.648,Global,0.014,0.013,0.013,0.019,2.134,m,FIX,2024-04-25 15:42:41.8 UTC-06:00,2024-04-25 15:42:44.8 UTC-06:00,16,1.2,1.4,468221.158,4313237.027,2433.525,-105.366828,38.96752719,2419.5,49.1,,NAD83(2011) / UTM zone 13N + NAVD88(GEOID18) height,6,7,6,6,0
479,,468266.444,4313254.838,2424.61,,-105.3663061,38.96768934,2410.585,Global,0.016,0.011,0.011,0.019,2.134,m,FIX,2024-04-25 15:42:58.2 UTC-06:00,2024-04-25 15:43:01.2 UTC-06:00,16,1.3,1.4,468221.158,4313237.027,2433.525,-105.366828,38.96752719,2419.5,49.147,,NAD83(2011) / UTM zone 13N + NAVD88(GEOID18) height,6,7,6,6,0
480,,468266.373,4313255.546,2424.113,,-105.366307,38.96769571,2410.088,Global,0.013,0.023,0.012,0.027,2.134,m,FIX,2024-04-25 15:43:33.2 UTC-06:00,2024-04-25 15:43:36.2 UTC-06:00,16,1.2,1.4,468221.158,4313237.027,2433.525,-105.366828,38.96752719,2419.5,49.417,,NAD83(2011) / UTM zone 13N + NAVD88(GEOID18) height,7,7,6,5,0
481,,468266.489,4313257.038,2423.615,,-105.3663057,38.96770916,2409.59,Global,0.017,0.011,0.013,0.02,2.134,m,FIX,2024-04-25 15:44:00.8 UTC-06:00,2024-04-25 15:44:03.8 UTC-06:00,16,1.2,1.4,468221.158,4313237.027,2433.525,-105.366828,38.96752719,2419.5,50.154,,NAD83(2011) / UTM zone 13N + NAVD88(GEOID18) height,6,7,5,6,0
482,,468266.43,4313257.499,2423.631,,-105.3663064,38.96771331,2409.606,Global,0.013,0.03,0.015,0.033,2.134,m,FIX,2024-04-25 15:44:14.8 UTC-06:00,2024-04-25 15:44:17.8 UTC-06:00,16,1.2,1.4,468221.158,4313237.027,2433.525,-105.366828,38.96752719,2419.5,50.309,,NAD83(2011) / UTM zone 13N + NAVD88(GEOID18) height,7,7,5,6,0
483,,468266.357,4313260.428,2423.615,,-105.3663074,38.9677397,2409.59,Global,0.016,0.012,0.014,0.02,2.134,m,FIX,2024-04-25 15:44:32.8 UTC-06:00,2024-04-25 15:44:35.8 UTC-06:00,16,1.2,1.4,468221.158,4313237.027,2433.525,-105.366828,38.96752719,2419.5,51.504,,NAD83(2011) / UTM zone 13N + NAVD88(GEOID18) height,6,7,5,6,0
484,,468266.347,4313261.565,2423.29,,-105.3663076,38.96774995,2409.265,Global,0.023,0.012,0.013,0.026,2.134,m,FIX,2024-04-25 15:44:55.6 UTC-06:00,2024-04-25 15:44:58.6 UTC-06:00,16,1.2,1.4,468221.158,4313237.027,2433.525,-105.366828,38.96752719,2419.5,52.096,,NAD83(2011) / UTM zone 13N + NAVD88(GEOID18) height,6,7,6,6,0
485,,468266.307,4313262.137,2423.203,,-105.366308,38.9677551,2409.178,Global,0.014,0.017,0.013,0.022,2.134,m,FIX,2024-04-25 15:45:49.2 UTC-06:00,2024-04-25 15:45:52.2 UTC-06:00,16,1.2,1.4,468221.158,4313237.027,2433.525,-105.366828,38.96752719,2419.5,52.335,,NAD83(2011) / UTM zone 13N + NAVD88(GEOID18) height,6,7,6,6,0
486,,468266.267,4313262.914,2423.124,,-105.3663085,38.9677621,2409.099,Global,0.021,0.038,0.017,0.044,2.134,m,FIX,2024-04-25 15:46:13.4 UTC-06:00,2024-04-25 15:46:16.4 UTC-06:00,16,1.2,1.4,468221.158,4313237.027,2433.525,-105.366828,38.96752719,2419.5,52.764,,NAD83(2011) / UTM zone 13N + NAVD88(GEOID18) height,6,7,6,6,0
487,,468266.1,4313263.467,2422.895,,-105.3663105,38.96776707,2408.87,Global,0.016,0.018,0.015,0.024,2.134,m,FIX,2024-04-25 15:46:47.8 UTC-06:00,2024-04-25 15:46:50.8 UTC-06:00,16,1.2,1.4,468221.158,4313237.027,2433.525,-105.366828,38.96752719,2419.5,52.907,,NAD83(2011) / UTM zone 13N + NAVD88(GEOID18) height,6,7,6,6,0
488,,468266.157,4313263.695,2422.855,,-105.3663098,38.96776913,2408.83,Global,0.016,0.066,0.016,0.068,2.134,m,FIX,2024-04-25 15:47:06.2 UTC-06:00,2024-04-25 15:47:09.2 UTC-06:00,16,1.2,1.4,468221.158,4313237.027,2433.525,-105.366828,38.96752719,2419.5,53.07,,NAD83(2011) / UTM zone 13N + NAVD88(GEOID18) height,6,7,6,6,0
489,,468266.153,4313263.967,2422.812,,-105.3663099,38.96777158,2408.787,Global,0.09,0.038,0.014,0.097,2.134,m,FIX,2024-04-25 15:47:23.2 UTC-06:00,2024-04-25 15:47:26.2 UTC-06:00,16,1.2,1.4,468221.158,4313237.027,2433.525,-105.366828,38.96752719,2419.5,53.386,,NAD83(2011) / UTM zone 13N + NAVD88(GEOID18) height,6,7,6,6,0
490,,468266.21,4313264.219,2422.77,,-105.3663093,38.96777386,2408.745,Global,0.026,0.025,0.015,0.037,2.134,m,FIX,2024-04-25 15:47:39.6 UTC-06:00,2024-04-25 15:47:42.6 UTC-06:00,16,1.2,1.4,468221.158,4313237.027,2433.525,-105.366828,38.96752719,2419.5,53.413,,NAD83(2011) / UTM zone 13N + NAVD88(GEOID18) height,6,7,6,6,0
491,,468266.154,4313264.414,2422.69,,-105.3663099,38.96777562,2408.665,Global,0.012,0.019,0.014,0.023,2.134,m,FIX,2024-04-25 15:47:53.6 UTC-06:00,2024-04-25 15:47:56.6 UTC-06:00,16,1.2,1.4,468221.158,4313237.027,2433.525,-105.366828,38.96752719,2419.5,53.445,,NAD83(2011) / UTM zone 13N + NAVD88(GEOID18) height,7,7,6,6,0
492,,468266.186,4313264.705,2422.649,,-105.3663096,38.96777824,2408.624,Global,0.019,0.014,0.013,0.024,2.134,m,FIX,2024-04-25 15:48:19.4 UTC-06:00,2024-04-25 15:48:22.4 UTC-06:00,16,1.2,1.4,468221.158,4313237.027,2433.525,-105.366828,38.96752719,2419.5,53.596,,NAD83(2011) / UTM zone 13N + NAVD88(GEOID18) height,7,7,6,6,0
493,,468266.117,4313264.745,2422.699,,-105.3663104,38.96777859,2408.674,Global,0.017,0.025,0.014,0.031,2.134,m,FIX,2024-04-25 15:48:34.8 UTC-06:00,2024-04-25 15:48:37.8 UTC-06:00,16,1.2,1.3,468221.158,4313237.027,2433.525,-105.366828,38.96752719,2419.5,53.578,,NAD83(2011) / UTM zone 13N + NAVD88(GEOID18) height,6,7,6,6,0
494,,468266.074,4313264.867,2422.808,,-105.3663109,38.96777969,2408.783,Global,0.024,0.018,0.012,0.03,2.134,m,FIX,2024-04-25 15:48:50.6 UTC-06:00,2024-04-25 15:48:53.6 UTC-06:00,16,1.2,1.4,468221.158,4313237.027,2433.525,-105.366828,38.96752719,2419.5,53.59,,NAD83(2011) / UTM zone 13N + NAVD88(GEOID18) height,7,7,6,6,0
495,,468266.074,4313264.88,2422.896,,-105.3663109,38.96777981,2408.871,Global,0.019,0.047,0.013,0.051,2.134,m,FIX,2024-04-25 15:49:23.8 UTC-06:00,2024-04-25 15:49:26.8 UTC-06:00,16,1.2,1.3,468221.158,4313237.027,2433.525,-105.366828,38.96752719,2419.5,53.563,,NAD83(2011) / UTM zone 13N + NAVD88(GEOID18) height,7,7,5,6,0
496,,468266.069,4313265.004,2422.942,,-105.3663109,38.96778092,2408.917,Global,0.019,0.017,0.013,0.026,2.134,m,FIX,2024-04-25 15:49:33.8 UTC-06:00,2024-04-25 15:49:36.8 UTC-06:00,16,1.2,1.4,468221.158,4313237.027,2433.525,-105.366828,38.96752719,2419.5,53.636,,NAD83(2011) / UTM zone 13N + NAVD88(GEOID18) height,7,7,5,6,0
497,,468266.049,4313265.161,2422.88,,-105.3663112,38.96778234,2408.855,Global,0.02,0.014,0.014,0.024,2.134,m,FIX,2024-04-25 15:49:48.0 UTC-06:00,2024-04-25 15:49:51.0 UTC-06:00,16,1.2,1.4,468221.158,4313237.027,2433.525,-105.366828,38.96752719,2419.5,53.708,,NAD83(2011) / UTM zone 13N + NAVD88(GEOID18) height,6,7,5,6,0
498,,468266.049,4313265.262,2422.743,,-105.3663112,38.96778325,2408.718,Global,0.013,0.025,0.012,0.028,2.134,m,FIX,2024-04-25 15:51:09.4 UTC-06:00,2024-04-25 15:51:12.4 UTC-06:00,16,1.1,1.3,468221.158,4313237.027,2433.525,-105.366828,38.96752719,2419.5,53.747,,NAD83(2011) / UTM zone 13N + NAVD88(GEOID18) height,7,7,6,6,0
499,,468265.993,4313265.358,2422.658,,-105.3663118,38.96778411,2408.633,Global,0.015,0.011,0.011,0.018,2.134,m,FIX,2024-04-25 15:51:44.4 UTC-06:00,2024-04-25 15:51:47.4 UTC-06:00,16,1.1,1.3,468221.158,4313237.027,2433.525,-105.366828,38.96752719,2419.5,53.765,,NAD83(2011) / UTM zone 13N + NAVD88(GEOID18) height,6,7,6,6,0
500,,468261.06,4313293.169,2422.265,,-105.36637,38.96803455,2408.24,Global,0.041,0.012,0.011,0.042,2.134,m,FIX,2024-04-25 15:54:46.4 UTC-06:00,2024-04-25 15:54:49.4 UTC-06:00,16,1.2,1.4,468221.158,4313237.027,2433.525,-105.366828,38.96752719,2419.5,69.586,,NAD83(2011) / UTM zone 13N + NAVD88(GEOID18) height,7,7,6,6,0
501,,468260.955,4313293.104,2422.281,,-105.3663713,38.96803396,2408.257,Global,0.151,0.017,0.023,0.152,2.134,m,FIX,2024-04-25 15:54:58.6 UTC-06:00,2024-04-25 15:55:01.6 UTC-06:00,16,1.2,1.4,468221.158,4313237.027,2433.525,-105.366828,38.96752719,2419.5,69.619,,NAD83(2011) / UTM zone 13N + NAVD88(GEOID18) height,7,6,6,6,0
502,,468261.115,4313292.956,2422.28,,-105.3663694,38.96803263,2408.255,Global,0.016,0.012,0.011,0.02,2.134,m,FIX,2024-04-25 15:55:16.2 UTC-06:00,2024-04-25 15:55:19.2 UTC-06:00,16,1.2,1.4,468221.158,4313237.027,2433.525,-105.366828,38.96752719,2419.5,69.405,,NAD83(2011) / UTM zone 13N + NAVD88(GEOID18) height,7,7,6,6,0
503,,468261.247,4313293.154,2422.162,,-105.3663679,38.96803442,2408.137,Global,0.019,0.011,0.011,0.022,2.134,m,FIX,2024-04-25 15:55:28.8 UTC-06:00,2024-04-25 15:55:31.8 UTC-06:00,16,1.2,1.4,468221.158,4313237.027,2433.525,-105.366828,38.96752719,2419.5,69.651,,NAD83(2011) / UTM zone 13N + NAVD88(GEOID18) height,7,6,6,5,0
504,,468261.054,4313293.13,2422.271,,-105.3663701,38.9680342,2408.247,Global,0.018,0.012,0.01,0.021,2.134,m,FIX,2024-04-25 15:55:41.6 UTC-06:00,2024-04-25 15:55:44.6 UTC-06:00,16,1.2,1.4,468221.158,4313237.027,2433.525,-105.366828,38.96752719,2419.5,69.507,,NAD83(2011) / UTM zone 13N + NAVD88(GEOID18) height,7,6,6,6,0
505,,468261.045,4313293.354,2422.13,,-105.3663702,38.96803621,2408.105,Global,0.017,0.013,0.014,0.021,2.134,m,FIX,2024-04-25 15:56:03.2 UTC-06:00,2024-04-25 15:56:06.2 UTC-06:00,16,1.2,1.4,468221.158,4313237.027,2433.525,-105.366828,38.96752719,2419.5,69.703,,NAD83(2011) / UTM zone 13N + NAVD88(GEOID18) height,7,7,6,6,0
506,,468261.043,4313293.499,2422.053,,-105.3663703,38.96803752,2408.028,Global,0.01,0.011,0.01,0.015,2.134,m,FIX,2024-04-25 15:58:46.4 UTC-06:00,2024-04-25 15:58:49.4 UTC-06:00,16,1.2,1.4,468221.158,4313237.027,2433.525,-105.366828,38.96752719,2419.5,69.819,,NAD83(2011) / UTM zone 13N + NAVD88(GEOID18) height,7,6,6,5,0
507,,468261.054,4313293.794,2422.057,,-105.3663702,38.96804018,2408.032,Global,0.042,0.045,0.013,0.061,2.134,m,FIX,2024-04-25 15:59:03.8 UTC-06:00,2024-04-25 15:59:06.8 UTC-06:00,16,1.2,1.3,468221.158,4313237.027,2433.525,-105.366828,38.96752719,2419.5,70.118,,NAD83(2011) / UTM zone 13N + NAVD88(GEOID18) height,7,6,6,5,0
508,,468261.035,4313293.99,2422.095,,-105.3663704,38.96804194,2408.07,Global,0.043,0.058,0.02,0.072,2.134,m,FIX,2024-04-25 15:59:11.6 UTC-06:00,2024-04-25 15:59:14.6 UTC-06:00,16,1.2,1.3,468221.158,4313237.027,2433.525,-105.366828,38.96752719,2419.5,70.335,,NAD83(2011) / UTM zone 13N + NAVD88(GEOID18) height,7,7,6,5,0
509,,468260.976,4313294.163,2422.057,,-105.3663711,38.9680435,2408.032,Global,0.038,0.047,0.02,0.06,2.134,m,FIX,2024-04-25 15:59:19.4 UTC-06:00,2024-04-25 15:59:22.4 UTC-06:00,16,1.2,1.3,468221.158,4313237.027,2433.525,-105.366828,38.96752719,2419.5,70.447,,NAD83(2011) / UTM zone 13N + NAVD88(GEOID18) height,7,6,6,5,0
510,,468260.962,4313294.396,2422.066,,-105.3663712,38.9680456,2408.042,Global,0.048,0.061,0.028,0.078,2.134,m,FIX,2024-04-25 15:59:27.6 UTC-06:00,2024-04-25 15:59:30.6 UTC-06:00,16,1.2,1.3,468221.158,4313237.027,2433.525,-105.366828,38.96752719,2419.5,70.65,,NAD83(2011) / UTM zone 13N + NAVD88(GEOID18) height,7,6,6,5,0
511,,468260.907,4313294.547,2422.062,,-105.3663719,38.96804696,2408.037,Global,0.014,0.019,0.013,0.024,2.134,m,FIX,2024-04-25 15:59:36.4 UTC-06:00,2024-04-25 15:59:39.4 UTC-06:00,16,1.2,1.3,468221.158,4313237.027,2433.525,-105.366828,38.96752719,2419.5,70.579,,NAD83(2011) / UTM zone 13N + NAVD88(GEOID18) height,7,7,6,5,0
512,,468260.871,4313294.738,2422.057,,-105.3663723,38.96804868,2408.032,Global,0.014,0.019,0.011,0.024,2.134,m,FIX,2024-04-25 15:59:49.8 UTC-06:00,2024-04-25 15:59:52.8 UTC-06:00,16,1.2,1.3,468221.158,4313237.027,2433.525,-105.366828,38.96752719,2419.5,70.746,,NAD83(2011) / UTM zone 13N + NAVD88(GEOID18) height,6,7,6,5,0
513,,468260.837,4313294.961,2422.044,,-105.3663727,38.96805069,2408.019,Global,0.02,0.047,0.023,0.051,2.134,m,FIX,2024-04-25 15:59:58.8 UTC-06:00,2024-04-25 16:00:01.8 UTC-06:00,16,1.2,1.4,468221.158,4313237.027,2433.525,-105.366828,38.96752719,2419.5,71.003,,NAD83(2011) / UTM zone 13N + NAVD88(GEOID18) height,6,6,6,5,0
514,,468260.862,4313295.201,2422.065,,-105.3663724,38.96805285,2408.041,Global,0.026,0.095,0.017,0.099,2.134,m,FIX,2024-04-25 16:00:06.8 UTC-06:00,2024-04-25 16:00:09.8 UTC-06:00,16,1.2,1.3,468221.158,4313237.027,2433.525,-105.366828,38.96752719,2419.5,71.269,,NAD83(2011) / UTM zone 13N + NAVD88(GEOID18) height,6,6,6,5,0
515,,468260.833,4313295.364,2422.022,,-105.3663728,38.96805431,2407.997,Global,0.013,0.057,0.013,0.059,2.134,m,FIX,2024-04-25 16:00:16.0 UTC-06:00,2024-04-25 16:00:19.0 UTC-06:00,16,1.2,1.3,468221.158,4313237.027,2433.525,-105.366828,38.96752719,2419.5,71.352,,NAD83(2011) / UTM zone 13N + NAVD88(GEOID18) height,7,6,6,5,0
516,,468260.825,4313295.536,2422.022,,-105.3663729,38.96805586,2407.998,Global,0.017,0.014,0.012,0.022,2.134,m,FIX,2024-04-25 16:00:29.4 UTC-06:00,2024-04-25 16:00:32.4 UTC-06:00,16,1.2,1.3,468221.158,4313237.027,2433.525,-105.366828,38.96752719,2419.5,71.355,,NAD83(2011) / UTM zone 13N + NAVD88(GEOID18) height,7,7,6,5,0
517,,468260.827,4313295.742,2422.019,,-105.3663729,38.96805772,2407.994,Global,0.013,0.023,0.01,0.027,2.134,m,FIX,2024-04-25 16:00:43.2 UTC-06:00,2024-04-25 16:00:46.2 UTC-06:00,16,1.2,1.3,468221.158,4313237.027,2433.525,-105.366828,38.96752719,2419.5,71.538,,NAD83(2011) / UTM zone 13N + NAVD88(GEOID18) height,7,7,6,5,0
518,,468260.832,4313295.739,2422.016,,-105.3663728,38.9680577,2407.991,Global,0.012,0.013,0.011,0.018,2.134,m,FIX,2024-04-25 16:01:15.8 UTC-06:00,2024-04-25 16:01:18.8 UTC-06:00,16,1.2,1.3,468221.158,4313237.027,2433.525,-105.366828,38.96752719,2419.5,71.521,,NAD83(2011) / UTM zone 13N + NAVD88(GEOID18) height,7,7,6,6,0
519,,468260.853,4313295.954,2422.031,,-105.3663726,38.96805964,2408.007,Global,0.015,0.013,0.011,0.02,2.134,m,FIX,2024-04-25 16:01:38.4 UTC-06:00,2024-04-25 16:01:41.4 UTC-06:00,16,1.2,1.3,468221.158,4313237.027,2433.525,-105.366828,38.96752719,2419.5,71.722,,NAD83(2011) / UTM zone 13N + NAVD88(GEOID18) height,8,6,6,6,0
520,,468260.765,4313296.163,2421.992,,-105.3663736,38.96806152,2407.967,Global,0.013,0.021,0.01,0.025,2.134,m,FIX,2024-04-25 16:01:49.8 UTC-06:00,2024-04-25 16:01:52.8 UTC-06:00,16,1.1,1.2,468221.158,4313237.027,2433.525,-105.366828,38.96752719,2419.5,71.893,,NAD83(2011) / UTM zone 13N + NAVD88(GEOID18) height,8,7,6,6,0
521,,468260.722,4313296.316,2421.988,,-105.3663741,38.96806289,2407.964,Global,0.014,0.01,0.012,0.017,2.134,m,FIX,2024-04-25 16:02:02.2 UTC-06:00,2024-04-25 16:02:05.2 UTC-06:00,16,1.1,1.3,468221.158,4313237.027,2433.525,-105.366828,38.96752719,2419.5,71.961,,NAD83(2011) / UTM zone 13N + NAVD88(GEOID18) height,8,6,6,5,0
522,,468260.72,4313296.37,2421.796,,-105.3663741,38.96806338,2407.772,Global,0.013,0.011,0.01,0.017,2.134,m,FIX,2024-04-25 16:02:14.2 UTC-06:00,2024-04-25 16:02:17.2 UTC-06:00,16,1.1,1.3,468221.158,4313237.027,2433.525,-105.366828,38.96752719,2419.5,72.017,,NAD83(2011) / UTM zone 13N + NAVD88(GEOID18) height,8,7,6,6,0
523,,468260.662,4313296.518,2421.776,,-105.3663748,38.96806471,2407.751,Global,0.01,0.013,0.012,0.017,2.134,m,FIX,2024-04-25 16:02:26.6 UTC-06:00,2024-04-25 16:02:29.6 UTC-06:00,16,1.1,1.3,468221.158,4313237.027,2433.525,-105.366828,38.96752719,2419.5,72.112,,NAD83(2011) / UTM zone 13N + NAVD88(GEOID18) height,7,6,6,6,0
524,,468260.643,4313296.736,2421.682,,-105.366375,38.96806667,2407.658,Global,0.022,0.028,0.016,0.035,2.134,m,FIX,2024-04-25 16:02:36.4 UTC-06:00,2024-04-25 16:02:39.4 UTC-06:00,16,1.1,1.3,468221.158,4313237.027,2433.525,-105.366828,38.96752719,2419.5,72.326,,NAD83(2011) / UTM zone 13N + NAVD88(GEOID18) height,6,6,6,6,0
525,,468260.68,4313296.974,2421.661,,-105.3663746,38.96806882,2407.636,Global,0.02,0.011,0.012,0.023,2.134,m,FIX,2024-04-25 16:02:48.2 UTC-06:00,2024-04-25 16:02:51.2 UTC-06:00,16,1.2,1.4,468221.158,4313237.027,2433.525,-105.366828,38.96752719,2419.5,72.537,,NAD83(2011) / UTM zone 13N + NAVD88(GEOID18) height,7,6,6,6,0
526,,468260.662,4313297.102,2421.56,,-105.3663748,38.96806997,2407.536,Global,0.011,0.014,0.013,0.018,2.134,m,FIX,2024-04-25 16:03:02.8 UTC-06:00,2024-04-25 16:03:05.8 UTC-06:00,16,1.2,1.4,468221.158,4313237.027,2433.525,-105.366828,38.96752719,2419.5,72.631,,NAD83(2011) / UTM zone 13N + NAVD88(GEOID18) height,8,6,6,6,0
527,,468260.644,4313297.332,2421.516,,-105.366375,38.96807204,2407.491,Global,0.015,0.016,0.01,0.022,2.134,m,FIX,2024-04-25 16:03:19.4 UTC-06:00,2024-04-25 16:03:22.4 UTC-06:00,16,1.2,1.4,468221.158,4313237.027,2433.525,-105.366828,38.96752719,2419.5,72.786,,NAD83(2011) / UTM zone 13N + NAVD88(GEOID18) height,7,7,6,6,0
528,,468260.583,4313297.518,2421.527,,-105.3663758,38.96807372,2407.503,Global,0.013,0.011,0.011,0.017,2.134,m,FIX,2024-04-25 16:03:30.8 UTC-06:00,2024-04-25 16:03:33.8 UTC-06:00,16,1.1,1.3,468221.158,4313237.027,2433.525,-105.366828,38.96752719,2419.5,72.928,,NAD83(2011) / UTM zone 13N + NAVD88(GEOID18) height,7,6,6,6,0
529,,468260.534,4313297.711,2421.499,,-105.3663763,38.96807545,2407.474,Global,0.022,0.029,0.012,0.037,2.134,m,FIX,2024-04-25 16:03:46.0 UTC-06:00,2024-04-25 16:03:49.0 UTC-06:00,16,1.1,1.3,468221.158,4313237.027,2433.525,-105.366828,38.96752719,2419.5,72.995,,NAD83(2011) / UTM zone 13N + NAVD88(GEOID18) height,8,7,6,6,0
530,,468260.528,4313297.918,2421.507,,-105.3663764,38.96807733,2407.483,Global,0.012,0.024,0.011,0.027,2.134,m,FIX,2024-04-25 16:03:54.8 UTC-06:00,2024-04-25 16:03:57.8 UTC-06:00,16,1.1,1.2,468221.158,4313237.027,2433.525,-105.366828,38.96752719,2419.5,73.254,,NAD83(2011) / UTM zone 13N + NAVD88(GEOID18) height,8,7,6,6,0
531,,468260.503,4313298.132,2421.496,,-105.3663767,38.96807925,2407.471,Global,0.014,0.011,0.011,0.018,2.134,m,FIX,2024-04-25 16:04:05.6 UTC-06:00,2024-04-25 16:04:08.6 UTC-06:00,16,1.1,1.2,468221.158,4313237.027,2433.525,-105.366828,38.96752719,2419.5,73.411,,NAD83(2011) / UTM zone 13N + NAVD88(GEOID18) height,8,6,6,6,0
532,,468260.462,4313298.325,2421.462,,-105.3663772,38.96808099,2407.437,Global,0.018,0.011,0.011,0.021,2.134,m,FIX,2024-04-25 16:04:21.0 UTC-06:00,2024-04-25 16:04:24.0 UTC-06:00,16,1.1,1.3,468221.158,4313237.027,2433.525,-105.366828,38.96752719,2419.5,73.559,,NAD83(2011) / UTM zone 13N + NAVD88(GEOID18) height,8,7,6,6,0
533,,468260.439,4313298.549,2421.447,,-105.3663775,38.96808301,2407.422,Global,0.068,0.086,0.024,0.11,2.134,m,FIX,2024-04-25 16:04:52.4 UTC-06:00,2024-04-25 16:04:55.4 UTC-06:00,16,1.2,1.3,468221.158,4313237.027,2433.525,-105.366828,38.96752719,2419.5,73.901,,NAD83(2011) / UTM zone 13N + NAVD88(GEOID18) height,8,6,6,6,0
534,,468260.328,4313298.769,2421.434,,-105.3663788,38.96808499,2407.409,Global,0.019,0.096,0.025,0.098,2.134,m,FIX,2024-04-25 16:05:01.0 UTC-06:00,2024-04-25 16:05:04.0 UTC-06:00,16,1.1,1.3,468221.158,4313237.027,2433.525,-105.366828,38.96752719,2419.5,73.984,,NAD83(2011) / UTM zone 13N + NAVD88(GEOID18) height,8,6,6,6,0
535,,468260.358,4313298.89,2421.397,,-105.3663784,38.96808608,2407.372,Global,0.015,0.028,0.011,0.032,2.134,m,FIX,2024-04-25 16:05:08.6 UTC-06:00,2024-04-25 16:05:11.6 UTC-06:00,16,1.1,1.3,468221.158,4313237.027,2433.525,-105.366828,38.96752719,2419.5,73.996,,NAD83(2011) / UTM zone 13N + NAVD88(GEOID18) height,8,6,6,5,0
536,,468260.334,4313299.083,2421.358,,-105.3663787,38.96808781,2407.334,Global,0.012,0.017,0.011,0.021,2.134,m,FIX,2024-04-25 16:05:18.8 UTC-06:00,2024-04-25 16:05:21.8 UTC-06:00,16,1.1,1.2,468221.158,4313237.027,2433.525,-105.366828,38.96752719,2419.5,74.112,,NAD83(2011) / UTM zone 13N + NAVD88(GEOID18) height,8,6,6,5,0
537,,468260.35,4313299.383,2421.373,,-105.3663785,38.96809051,2407.348,Global,0.014,0.077,0.017,0.078,2.134,m,FIX,2024-04-25 16:05:27.8 UTC-06:00,2024-04-25 16:05:30.8 UTC-06:00,16,1.1,1.2,468221.158,4313237.027,2433.525,-105.366828,38.96752719,2419.5,74.509,,NAD83(2011) / UTM zone 13N + NAVD88(GEOID18) height,8,6,6,6,0
538,,468260.375,4313299.557,2421.345,,-105.3663783,38.96809208,2407.321,Global,0.026,0.066,0.02,0.071,2.134,m,FIX,2024-04-25 16:05:37.0 UTC-06:00,2024-04-25 16:05:40.0 UTC-06:00,16,1.1,1.2,468221.158,4313237.027,2433.525,-105.366828,38.96752719,2419.5,74.705,,NAD83(2011) / UTM zone 13N + NAVD88(GEOID18) height,8,7,6,6,0
539,,468260.276,4313299.74,2421.308,,-105.3663794,38.96809373,2407.283,Global,0.013,0.025,0.011,0.028,2.134,m,FIX,2024-04-25 16:05:46.8 UTC-06:00,2024-04-25 16:05:49.8 UTC-06:00,16,1.1,1.2,468221.158,4313237.027,2433.525,-105.366828,38.96752719,2419.5,74.651,,NAD83(2011) / UTM zone 13N + NAVD88(GEOID18) height,8,7,6,6,0
540,,468260.253,4313299.937,2421.246,,-105.3663797,38.96809551,2407.222,Global,0.02,0.013,0.014,0.024,2.134,m,FIX,2024-04-25 16:06:01.0 UTC-06:00,2024-04-25 16:06:04.0 UTC-06:00,16,1.1,1.3,468221.158,4313237.027,2433.525,-105.366828,38.96752719,2419.5,74.834,,NAD83(2011) / UTM zone 13N + NAVD88(GEOID18) height,8,6,6,6,0
541,,468260.222,4313300.152,2421.271,,-105.36638,38.96809744,2407.246,Global,0.021,0.066,0.017,0.069,2.134,m,FIX,2024-04-25 16:06:17.6 UTC-06:00,2024-04-25 16:06:20.6 UTC-06:00,16,1.2,1.3,468221.158,4313237.027,2433.525,-105.366828,38.96752719,2419.5,75.079,,NAD83(2011) / UTM zone 13N + NAVD88(GEOID18) height,8,6,6,6,0
542,,468260.28,4313300.336,2421.273,,-105.3663794,38.9680991,2407.248,Global,0.03,0.016,0.012,0.034,2.134,m,FIX,2024-04-25 16:06:28.4 UTC-06:00,2024-04-25 16:06:31.4 UTC-06:00,16,1.1,1.3,468221.158,4313237.027,2433.525,-105.366828,38.96752719,2419.5,75.177,,NAD83(2011) / UTM zone 13N + NAVD88(GEOID18) height,7,6,6,5,0
543,,468260.274,4313300.518,2421.274,,-105.3663795,38.96810074,2407.249,Global,0.017,0.031,0.02,0.035,2.134,m,FIX,2024-04-25 16:06:43.2 UTC-06:00,2024-04-25 16:06:46.2 UTC-06:00,16,1.2,1.3,468221.158,4313237.027,2433.525,-105.366828,38.96752719,2419.5,75.288,,NAD83(2011) / UTM zone 13N + NAVD88(GEOID18) height,8,7,6,6,0
544,,468260.166,4313300.71,2421.274,,-105.3663807,38.96810247,2407.25,Global,0.013,0.013,0.011,0.018,2.134,m,FIX,2024-04-25 16:06:54.2 UTC-06:00,2024-04-25 16:06:57.2 UTC-06:00,16,1.2,1.3,468221.158,4313237.027,2433.525,-105.366828,38.96752719,2419.5,75.427,,NAD83(2011) / UTM zone 13N + NAVD88(GEOID18) height,8,6,6,6,0
545,,468260.233,4313300.941,2421.251,,-105.36638,38.96810455,2407.226,Global,0.011,0.013,0.01,0.017,2.134,m,FIX,2024-04-25 16:07:04.8 UTC-06:00,2024-04-25 16:07:07.8 UTC-06:00,16,1.2,1.4,468221.158,4313237.027,2433.525,-105.366828,38.96752719,2419.5,75.646,,NAD83(2011) / UTM zone 13N + NAVD88(GEOID18) height,8,8,6,5,0
546,,468260.159,4313301.134,2421.245,,-105.3663808,38.96810629,2407.22,Global,0.013,0.022,0.011,0.026,2.134,m,FIX,2024-04-25 16:07:18.6 UTC-06:00,2024-04-25 16:07:21.6 UTC-06:00,16,1.2,1.4,468221.158,4313237.027,2433.525,-105.366828,38.96752719,2419.5,75.765,,NAD83(2011) / UTM zone 13N + NAVD88(GEOID18) height,9,6,6,6,0
547,,468260.057,4313301.33,2421.234,,-105.366382,38.96810805,2407.209,Global,0.015,0.012,0.013,0.02,2.134,m,FIX,2024-04-25 16:07:29.4 UTC-06:00,2024-04-25 16:07:32.4 UTC-06:00,16,1.1,1.3,468221.158,4313237.027,2433.525,-105.366828,38.96752719,2419.5,75.887,,NAD83(2011) / UTM zone 13N + NAVD88(GEOID18) height,8,6,6,5,0
548,,468260.049,4313301.501,2421.263,,-105.3663821,38.96810959,2407.238,Global,0.02,0.017,0.011,0.027,2.134,m,FIX,2024-04-25 16:07:38.2 UTC-06:00,2024-04-25 16:07:41.2 UTC-06:00,16,1.2,1.4,468221.158,4313237.027,2433.525,-105.366828,38.96752719,2419.5,76.062,,NAD83(2011) / UTM zone 13N + NAVD88(GEOID18) height,7,6,6,5,0
549,,468259.996,4313301.668,2421.231,,-105.3663827,38.96811109,2407.206,Global,0.012,0.015,0.01,0.019,2.134,m,FIX,2024-04-25 16:07:48.2 UTC-06:00,2024-04-25 16:07:51.2 UTC-06:00,16,1.2,1.4,468221.158,4313237.027,2433.525,-105.366828,38.96752719,2419.5,76.141,,NAD83(2011) / UTM zone 13N + NAVD88(GEOID18) height,8,6,6,5,0
550,,468259.962,4313301.86,2421.221,,-105.3663831,38.96811283,2407.196,Global,0.016,0.011,0.011,0.019,2.134,m,FIX,2024-04-25 16:07:58.2 UTC-06:00,2024-04-25 16:08:01.2 UTC-06:00,16,1.2,1.3,468221.158,4313237.027,2433.525,-105.366828,38.96752719,2419.5,76.301,,NAD83(2011) / UTM zone 13N + NAVD88(GEOID18) height,8,6,6,5,0
551,,468259.91,4313302.101,2421.267,,-105.3663837,38.96811499,2407.242,Global,0.011,0.014,0.012,0.018,2.134,m,FIX,2024-04-25 16:08:09.6 UTC-06:00,2024-04-25 16:08:12.6 UTC-06:00,16,1.2,1.4,468221.158,4313237.027,2433.525,-105.366828,38.96752719,2419.5,76.48,,NAD83(2011) / UTM zone 13N + NAVD88(GEOID18) height,8,6,6,5,0
552,,468259.869,4313302.296,2421.272,,-105.3663842,38.96811675,2407.248,Global,0.012,0.011,0.01,0.016,2.134,m,FIX,2024-04-25 16:08:20.6 UTC-06:00,2024-04-25 16:08:23.6 UTC-06:00,16,1.2,1.4,468221.158,4313237.027,2433.525,-105.366828,38.96752719,2419.5,76.613,,NAD83(2011) / UTM zone 13N + NAVD88(GEOID18) height,8,6,6,6,0
553,,468259.904,4313302.488,2421.261,,-105.3663838,38.96811848,2407.236,Global,0.011,0.011,0.011,0.016,2.134,m,FIX,2024-04-25 16:08:33.0 UTC-06:00,2024-04-25 16:08:36.0 UTC-06:00,16,1.2,1.4,468221.158,4313237.027,2433.525,-105.366828,38.96752719,2419.5,76.805,,NAD83(2011) / UTM zone 13N + NAVD88(GEOID18) height,8,6,6,6,0
554,,468259.993,4313302.691,2421.29,,-105.3663828,38.96812031,2407.266,Global,0.015,0.011,0.01,0.018,2.134,m,FIX,2024-04-25 16:08:45.6 UTC-06:00,2024-04-25 16:08:48.6 UTC-06:00,16,1.2,1.4,468221.158,4313237.027,2433.525,-105.366828,38.96752719,2419.5,77.005,,NAD83(2011) / UTM zone 13N + NAVD88(GEOID18) height,8,7,6,5,0
555,,468259.906,4313302.897,2421.253,,-105.3663838,38.96812217,2407.229,Global,0.01,0.01,0.011,0.015,2.134,m,FIX,2024-04-25 16:09:19.0 UTC-06:00,2024-04-25 16:09:22.0 UTC-06:00,16,1.2,1.3,468221.158,4313237.027,2433.525,-105.366828,38.96752719,2419.5,77.146,,NAD83(2011) / UTM zone 13N + NAVD88(GEOID18) height,9,6,6,5,0
556,,468259.813,4313303.117,2421.3,,-105.3663849,38.96812415,2407.275,Global,0.027,0.013,0.01,0.03,2.134,m,FIX,2024-04-25 16:09:31.8 UTC-06:00,2024-04-25 16:09:34.8 UTC-06:00,16,1.1,1.3,468221.158,4313237.027,2433.525,-105.366828,38.96752719,2419.5,77.274,,NAD83(2011) / UTM zone 13N + NAVD88(GEOID18) height,9,6,6,5,0
557,,468259.87,4313303.3,2421.308,,-105.3663843,38.9681258,2407.283,Global,0.021,0.013,0.012,0.025,2.134,m,FIX,2024-04-25 16:09:39.8 UTC-06:00,2024-04-25 16:09:42.8 UTC-06:00,16,1.1,1.3,468221.158,4313237.027,2433.525,-105.366828,38.96752719,2419.5,77.466,,NAD83(2011) / UTM zone 13N + NAVD88(GEOID18) height,9,6,6,6,0
558,,468259.859,4313303.505,2421.302,,-105.3663844,38.96812764,2407.278,Global,0.011,0.01,0.013,0.015,2.134,m,FIX,2024-04-25 16:09:49.2 UTC-06:00,2024-04-25 16:09:52.2 UTC-06:00,16,1.1,1.3,468221.158,4313237.027,2433.525,-105.366828,38.96752719,2419.5,77.641,,NAD83(2011) / UTM zone 13N + NAVD88(GEOID18) height,8,6,6,6,0
559,,468259.754,4313303.674,2421.272,,-105.3663856,38.96812916,2407.247,Global,0.02,0.014,0.017,0.024,2.134,m,FIX,2024-04-25 16:10:02.2 UTC-06:00,2024-04-25 16:10:05.2 UTC-06:00,16,1.1,1.3,468221.158,4313237.027,2433.525,-105.366828,38.96752719,2419.5,77.739,,NAD83(2011) / UTM zone 13N + NAVD88(GEOID18) height,8,6,6,6,0
560,,468259.812,4313303.893,2421.267,,-105.366385,38.96813114,2407.242,Global,0.011,0.016,0.013,0.019,2.134,m,FIX,2024-04-25 16:10:17.0 UTC-06:00,2024-04-25 16:10:20.0 UTC-06:00,16,1.1,1.2,468221.158,4313237.027,2433.525,-105.366828,38.96752719,2419.5,77.945,,NAD83(2011) / UTM zone 13N + NAVD88(GEOID18) height,8,6,7,4,0
561,,468259.796,4313304.127,2421.313,,-105.3663852,38.96813324,2407.289,Global,0.013,0.011,0.013,0.017,2.134,m,FIX,2024-04-25 16:10:28.8 UTC-06:00,2024-04-25 16:10:31.8 UTC-06:00,16,1.1,1.3,468221.158,4313237.027,2433.525,-105.366828,38.96752719,2419.5,78.149,,NAD83(2011) / UTM zone 13N + NAVD88(GEOID18) height,8,6,7,5,0
562,,468259.72,4313304.349,2421.293,,-105.366386,38.96813525,2407.269,Global,0.01,0.011,0.011,0.015,2.134,m,FIX,2024-04-25 16:10:42.4 UTC-06:00,2024-04-25 16:10:45.4 UTC-06:00,16,1.1,1.3,468221.158,4313237.027,2433.525,-105.366828,38.96752719,2419.5,78.307,,NAD83(2011) / UTM zone 13N + NAVD88(GEOID18) height,6,6,7,6,0
563,,468259.704,4313304.568,2421.246,,-105.3663862,38.96813722,2407.222,Global,0.015,0.013,0.013,0.02,2.134,m,FIX,2024-04-25 16:10:56.2 UTC-06:00,2024-04-25 16:10:59.2 UTC-06:00,16,1.1,1.3,468221.158,4313237.027,2433.525,-105.366828,38.96752719,2419.5,78.472,,NAD83(2011) / UTM zone 13N + NAVD88(GEOID18) height,7,6,7,5,0
564,,468259.644,4313304.889,2421.189,,-105.3663869,38.96814011,2407.164,Global,0.013,0.013,0.01,0.018,2.134,m,FIX,2024-04-25 16:11:16.8 UTC-06:00,2024-04-25 16:11:19.8 UTC-06:00,16,1.1,1.2,468221.158,4313237.027,2433.525,-105.366828,38.96752719,2419.5,78.72,,NAD83(2011) / UTM zone 13N + NAVD88(GEOID18) height,8,6,7,6,0
565,,468259.635,4313305.051,2421.194,,-105.366387,38.96814157,2407.169,Global,0.012,0.013,0.011,0.018,2.134,m,FIX,2024-04-25 16:11:27.4 UTC-06:00,2024-04-25 16:11:30.4 UTC-06:00,16,1.1,1.2,468221.158,4313237.027,2433.525,-105.366828,38.96752719,2419.5,78.876,,NAD83(2011) / UTM zone 13N + NAVD88(GEOID18) height,8,6,7,5,0
566,,468259.529,4313305.286,2421.15,,-105.3663883,38.96814368,2407.126,Global,0.011,0.011,0.01,0.016,2.134,m,FIX,2024-04-25 16:11:42.6 UTC-06:00,2024-04-25 16:11:45.6 UTC-06:00,16,1.1,1.2,468221.158,4313237.027,2433.525,-105.366828,38.96752719,2419.5,79.035,,NAD83(2011) / UTM zone 13N + NAVD88(GEOID18) height,8,7,7,5,0
567,,468259.5,4313305.511,2421.132,,-105.3663886,38.96814571,2407.108,Global,0.011,0.016,0.012,0.019,2.134,m,FIX,2024-04-25 16:11:57.4 UTC-06:00,2024-04-25 16:12:00.4 UTC-06:00,16,1,1.2,468221.158,4313237.027,2433.525,-105.366828,38.96752719,2419.5,79.181,,NAD83(2011) / UTM zone 13N + NAVD88(GEOID18) height,8,7,7,6,0
568,,468259.459,4313305.689,2421.117,,-105.3663891,38.96814731,2407.092,Global,0.011,0.012,0.012,0.016,2.134,m,FIX,2024-04-25 16:12:07.4 UTC-06:00,2024-04-25 16:12:10.4 UTC-06:00,16,1.1,1.2,468221.158,4313237.027,2433.525,-105.366828,38.96752719,2419.5,79.349,,NAD83(2011) / UTM zone 13N + NAVD88(GEOID18) height,9,7,7,4,0
569,,468259.481,4313305.892,2421.093,,-105.3663889,38.96814914,2407.068,Global,0.011,0.011,0.012,0.015,2.134,m,FIX,2024-04-25 16:12:17.8 UTC-06:00,2024-04-25 16:12:20.8 UTC-06:00,16,1,1.2,468221.158,4313237.027,2433.525,-105.366828,38.96752719,2419.5,79.543,,NAD83(2011) / UTM zone 13N + NAVD88(GEOID18) height,8,7,7,4,0
570,,468259.483,4313306.112,2421.076,,-105.3663889,38.96815112,2407.051,Global,0.011,0.01,0.011,0.015,2.134,m,FIX,2024-04-25 16:12:29.2 UTC-06:00,2024-04-25 16:12:32.2 UTC-06:00,16,1,1.2,468221.158,4313237.027,2433.525,-105.366828,38.96752719,2419.5,79.731,,NAD83(2011) / UTM zone 13N + NAVD88(GEOID18) height,8,7,7,5,0
571,,468259.503,4313306.282,2421.082,,-105.3663886,38.96815265,2407.057,Global,0.011,0.011,0.012,0.015,2.134,m,FIX,2024-04-25 16:12:39.2 UTC-06:00,2024-04-25 16:12:42.2 UTC-06:00,16,1,1.2,468221.158,4313237.027,2433.525,-105.366828,38.96752719,2419.5,79.887,,NAD83(2011) / UTM zone 13N + NAVD88(GEOID18) height,8,7,7,6,0
572,,468259.431,4313306.523,2421.082,,-105.3663895,38.96815483,2407.057,Global,0.011,0.011,0.012,0.015,2.134,m,FIX,2024-04-25 16:12:52.6 UTC-06:00,2024-04-25 16:12:55.6 UTC-06:00,16,1,1.2,468221.158,4313237.027,2433.525,-105.366828,38.96752719,2419.5,80.064,,NAD83(2011) / UTM zone 13N + NAVD88(GEOID18) height,7,7,7,5,0
573,,468259.425,4313306.719,2421.085,,-105.3663896,38.96815659,2407.06,Global,0.01,0.01,0.011,0.015,2.134,m,FIX,2024-04-25 16:13:06.6 UTC-06:00,2024-04-25 16:13:09.6 UTC-06:00,16,1.1,1.2,468221.158,4313237.027,2433.525,-105.366828,38.96752719,2419.5,80.234,,NAD83(2011) / UTM zone 13N + NAVD88(GEOID18) height,8,7,7,6,0
574,,468259.45,4313307.01,2421.103,,-105.3663893,38.96815921,2407.079,Global,0.011,0.01,0.016,0.015,2.134,m,FIX,2024-04-25 16:13:31.8 UTC-06:00,2024-04-25 16:13:34.8 UTC-06:00,16,1.1,1.2,468221.158,4313237.027,2433.525,-105.366828,38.96752719,2419.5,80.494,,NAD83(2011) / UTM zone 13N + NAVD88(GEOID18) height,8,6,7,6,0
575,,468259.362,4313307.291,2421.148,,-105.3663903,38.96816175,2407.124,Global,0.01,0.01,0.012,0.015,2.134,m,FIX,2024-04-25 16:13:48.4 UTC-06:00,2024-04-25 16:13:51.4 UTC-06:00,16,1.1,1.2,468221.158,4313237.027,2433.525,-105.366828,38.96752719,2419.5,80.698,,NAD83(2011) / UTM zone 13N + NAVD88(GEOID18) height,8,7,7,6,0
576,,468259.356,4313307.483,2421.104,,-105.3663904,38.96816347,2407.08,Global,0.011,0.011,0.014,0.015,2.134,m,FIX,2024-04-25 16:14:00.6 UTC-06:00,2024-04-25 16:14:03.6 UTC-06:00,16,1.1,1.3,468221.158,4313237.027,2433.525,-105.366828,38.96752719,2419.5,80.858,,NAD83(2011) / UTM zone 13N + NAVD88(GEOID18) height,8,6,7,6,0
577,,468259.399,4313307.708,2421.077,,-105.3663899,38.9681655,2407.053,Global,0.012,0.01,0.011,0.016,2.134,m,FIX,2024-04-25 16:14:12.6 UTC-06:00,2024-04-25 16:14:15.6 UTC-06:00,16,1.2,1.3,468221.158,4313237.027,2433.525,-105.366828,38.96752719,2419.5,81.085,,NAD83(2011) / UTM zone 13N + NAVD88(GEOID18) height,8,6,7,6,0
578,,468259.332,4313307.906,2421.109,,-105.3663907,38.96816728,2407.084,Global,0.013,0.011,0.011,0.017,2.134,m,FIX,2024-04-25 16:14:33.4 UTC-06:00,2024-04-25 16:14:36.4 UTC-06:00,16,1.2,1.3,468221.158,4313237.027,2433.525,-105.366828,38.96752719,2419.5,81.221,,NAD83(2011) / UTM zone 13N + NAVD88(GEOID18) height,7,6,7,6,0
579,,468259.356,4313308.182,2421.087,,-105.3663904,38.96816977,2407.063,Global,0.014,0.011,0.011,0.018,2.134,m,FIX,2024-04-25 16:14:45.2 UTC-06:00,2024-04-25 16:14:48.2 UTC-06:00,16,1.2,1.3,468221.158,4313237.027,2433.525,-105.366828,38.96752719,2419.5,81.484,,NAD83(2011) / UTM zone 13N + NAVD88(GEOID18) height,8,6,7,6,0
580,,468259.305,4313308.375,2421.081,,-105.366391,38.96817151,2407.056,Global,0.011,0.011,0.014,0.015,2.134,m,FIX,2024-04-25 16:14:57.4 UTC-06:00,2024-04-25 16:15:00.4 UTC-06:00,16,1.2,1.3,468221.158,4313237.027,2433.525,-105.366828,38.96752719,2419.5,81.621,,NAD83(2011) / UTM zone 13N + NAVD88(GEOID18) height,7,7,6,6,0
581,,468259.283,4313308.588,2421.084,,-105.3663913,38.96817342,2407.059,Global,0.019,0.014,0.012,0.023,2.134,m,FIX,2024-04-25 16:15:16.0 UTC-06:00,2024-04-25 16:15:19.0 UTC-06:00,16,1.1,1.3,468221.158,4313237.027,2433.525,-105.366828,38.96752719,2419.5,81.787,,NAD83(2011) / UTM zone 13N + NAVD88(GEOID18) height,8,7,6,6,0
582,,468259.234,4313308.768,2421.092,,-105.3663919,38.96817505,2407.068,Global,0.015,0.014,0.015,0.02,2.134,m,FIX,2024-04-25 16:15:26.2 UTC-06:00,2024-04-25 16:15:29.2 UTC-06:00,16,1.1,1.3,468221.158,4313237.027,2433.525,-105.366828,38.96752719,2419.5,81.942,,NAD83(2011) / UTM zone 13N + NAVD88(GEOID18) height,8,6,6,6,0
583,,468259.143,4313308.988,2421.084,,-105.3663929,38.96817703,2407.06,Global,0.011,0.011,0.012,0.015,2.134,m,FIX,2024-04-25 16:15:42.2 UTC-06:00,2024-04-25 16:15:45.2 UTC-06:00,16,1.2,1.3,468221.158,4313237.027,2433.525,-105.366828,38.96752719,2419.5,82.076,,NAD83(2011) / UTM zone 13N + NAVD88(GEOID18) height,8,7,7,6,0
584,,468259.163,4313309.22,2421.108,,-105.3663927,38.96817912,2407.084,Global,0.01,0.011,0.015,0.015,2.134,m,FIX,2024-04-25 16:16:00.6 UTC-06:00,2024-04-25 16:16:03.6 UTC-06:00,16,1.2,1.4,468221.158,4313237.027,2433.525,-105.366828,38.96752719,2419.5,82.293,,NAD83(2011) / UTM zone 13N + NAVD88(GEOID18) height,8,6,6,6,0
585,,468259.094,4313309.469,2421.169,,-105.3663935,38.96818136,2407.144,Global,0.01,0.01,0.018,0.015,2.134,m,FIX,2024-04-25 16:16:15.4 UTC-06:00,2024-04-25 16:16:18.4 UTC-06:00,16,1.2,1.4,468221.158,4313237.027,2433.525,-105.366828,38.96752719,2419.5,82.478,,NAD83(2011) / UTM zone 13N + NAVD88(GEOID18) height,8,6,6,5,0
586,,468259.083,4313309.697,2421.201,,-105.3663936,38.96818341,2407.176,Global,0.014,0.011,0.014,0.018,2.134,m,FIX,2024-04-25 16:16:27.6 UTC-06:00,2024-04-25 16:16:30.6 UTC-06:00,16,1.1,1.3,468221.158,4313237.027,2433.525,-105.366828,38.96752719,2419.5,82.67,,NAD83(2011) / UTM zone 13N + NAVD88(GEOID18) height,8,7,7,5,0
587,,468259.019,4313309.855,2421.221,,-105.3663944,38.96818484,2407.197,Global,0.011,0.011,0.013,0.015,2.134,m,FIX,2024-04-25 16:16:40.6 UTC-06:00,2024-04-25 16:16:43.6 UTC-06:00,16,1.1,1.2,468221.158,4313237.027,2433.525,-105.366828,38.96752719,2419.5,82.784,,NAD83(2011) / UTM zone 13N + NAVD88(GEOID18) height,8,7,7,5,0
588,,468259.022,4313310.039,2421.215,,-105.3663944,38.96818649,2407.191,Global,0.011,0.01,0.015,0.015,2.134,m,FIX,2024-04-25 16:16:51.4 UTC-06:00,2024-04-25 16:16:54.4 UTC-06:00,16,1.1,1.2,468221.158,4313237.027,2433.525,-105.366828,38.96752719,2419.5,82.933,,NAD83(2011) / UTM zone 13N + NAVD88(GEOID18) height,9,7,7,4,0
589,,468258.954,4313310.282,2421.195,,-105.3663952,38.96818868,2407.17,Global,0.01,0.011,0.013,0.015,2.134,m,FIX,2024-04-25 16:17:14.0 UTC-06:00,2024-04-25 16:17:17.0 UTC-06:00,16,1.1,1.2,468221.158,4313237.027,2433.525,-105.366828,38.96752719,2419.5,83.124,,NAD83(2011) / UTM zone 13N + NAVD88(GEOID18) height,8,7,7,4,0
590,,468258.951,4313310.457,2421.202,,-105.3663952,38.96819026,2407.178,Global,0.011,0.01,0.014,0.015,2.134,m,FIX,2024-04-25 16:17:32.0 UTC-06:00,2024-04-25 16:17:35.0 UTC-06:00,16,1.1,1.3,468221.158,4313237.027,2433.525,-105.366828,38.96752719,2419.5,83.272,,NAD83(2011) / UTM zone 13N + NAVD88(GEOID18) height,8,7,7,5,0
591,,468258.933,4313310.627,2421.176,,-105.3663954,38.96819178,2407.152,Global,0.011,0.014,0.02,0.017,2.134,m,FIX,2024-04-25 16:17:43.6 UTC-06:00,2024-04-25 16:17:46.6 UTC-06:00,16,1.1,1.3,468221.158,4313237.027,2433.525,-105.366828,38.96752719,2419.5,83.41,,NAD83(2011) / UTM zone 13N + NAVD88(GEOID18) height,8,7,6,5,0
592,,468258.901,4313310.837,2421.141,,-105.3663958,38.96819368,2407.117,Global,0.014,0.01,0.016,0.017,2.134,m,FIX,2024-04-25 16:17:57.6 UTC-06:00,2024-04-25 16:18:00.6 UTC-06:00,16,1.1,1.3,468221.158,4313237.027,2433.525,-105.366828,38.96752719,2419.5,83.596,,NAD83(2011) / UTM zone 13N + NAVD88(GEOID18) height,8,7,7,5,0
593,,468258.851,4313311.05,2421.124,,-105.3663964,38.9681956,2407.1,Global,0.013,0.011,0.016,0.017,2.134,m,FIX,2024-04-25 16:18:15.6 UTC-06:00,2024-04-25 16:18:18.6 UTC-06:00,16,1.1,1.3,468221.158,4313237.027,2433.525,-105.366828,38.96752719,2419.5,83.771,,NAD83(2011) / UTM zone 13N + NAVD88(GEOID18) height,8,7,6,5,0
594,,468258.802,4313311.236,2421.119,,-105.366397,38.96819727,2407.094,Global,0.01,0.01,0.015,0.014,2.134,m,FIX,2024-04-25 16:18:37.6 UTC-06:00,2024-04-25 16:18:40.6 UTC-06:00,16,1.2,1.3,468221.158,4313237.027,2433.525,-105.366828,38.96752719,2419.5,83.908,,NAD83(2011) / UTM zone 13N + NAVD88(GEOID18) height,8,7,6,5,0
595,,468258.823,4313311.441,2421.115,,-105.3663967,38.96819912,2407.091,Global,0.011,0.014,0.013,0.017,2.134,m,FIX,2024-04-25 16:19:00.0 UTC-06:00,2024-04-25 16:19:03.0 UTC-06:00,16,1.2,1.4,468221.158,4313237.027,2433.525,-105.366828,38.96752719,2419.5,84.088,,NAD83(2011) / UTM zone 13N + NAVD88(GEOID18) height,8,7,6,4,0
596,,468258.854,4313311.643,2421.122,,-105.3663964,38.96820094,2407.097,Global,0.015,0.012,0.014,0.019,2.134,m,FIX,2024-04-25 16:19:17.4 UTC-06:00,2024-04-25 16:19:20.4 UTC-06:00,16,1.1,1.3,468221.158,4313237.027,2433.525,-105.366828,38.96752719,2419.5,84.283,,NAD83(2011) / UTM zone 13N + NAVD88(GEOID18) height,8,7,7,4,0
597,,468258.876,4313311.869,2421.116,,-105.3663961,38.96820298,2407.091,Global,0.014,0.011,0.014,0.018,2.134,m,FIX,2024-04-25 16:19:32.0 UTC-06:00,2024-04-25 16:19:35.0 UTC-06:00,16,1.2,1.4,468221.158,4313237.027,2433.525,-105.366828,38.96752719,2419.5,84.489,,NAD83(2011) / UTM zone 13N + NAVD88(GEOID18) height,8,7,7,3,0
598,,468258.839,4313312.079,2421.155,,-105.3663966,38.96820486,2407.13,Global,0.011,0.011,0.018,0.015,2.134,m,FIX,2024-04-25 16:19:48.2 UTC-06:00,2024-04-25 16:19:51.2 UTC-06:00,16,1.2,1.4,468221.158,4313237.027,2433.525,-105.366828,38.96752719,2419.5,84.663,,NAD83(2011) / UTM zone 13N + NAVD88(GEOID18) height,8,7,7,5,0
599,,468258.792,4313312.262,2421.15,,-105.3663971,38.96820652,2407.126,Global,0.011,0.01,0.014,0.015,2.134,m,FIX,2024-04-25 16:20:04.2 UTC-06:00,2024-04-25 16:20:07.2 UTC-06:00,16,1.2,1.4,468221.158,4313237.027,2433.525,-105.366828,38.96752719,2419.5,84.812,,NAD83(2011) / UTM zone 13N + NAVD88(GEOID18) height,8,7,7,5,0
600,,468258.797,4313312.464,2421.127,,-105.3663971,38.96820833,2407.102,Global,0.012,0.01,0.016,0.016,2.134,m,FIX,2024-04-25 16:20:16.6 UTC-06:00,2024-04-25 16:20:19.6 UTC-06:00,16,1.2,1.4,468221.158,4313237.027,2433.525,-105.366828,38.96752719,2419.5,84.987,,NAD83(2011) / UTM zone 13N + NAVD88(GEOID18) height,8,7,7,5,0
601,,468258.779,4313312.613,2421.159,,-105.3663973,38.96820968,2407.134,Global,0.01,0.011,0.014,0.015,2.134,m,FIX,2024-04-25 16:20:33.2 UTC-06:00,2024-04-25 16:20:36.2 UTC-06:00,16,1.2,1.3,468221.158,4313237.027,2433.525,-105.366828,38.96752719,2419.5,85.107,,NAD83(2011) / UTM zone 13N + NAVD88(GEOID18) height,8,7,7,5,0
602,,468258.774,4313312.849,2421.158,,-105.3663974,38.96821181,2407.134,Global,0.012,0.013,0.014,0.017,2.134,m,FIX,2024-04-25 16:20:48.4 UTC-06:00,2024-04-25 16:20:51.4 UTC-06:00,16,1.1,1.3,468221.158,4313237.027,2433.525,-105.366828,38.96752719,2419.5,85.341,,NAD83(2011) / UTM zone 13N + NAVD88(GEOID18) height,8,7,7,5,0
603,,468258.698,4313313.08,2421.156,,-105.3663982,38.96821389,2407.131,Global,0.015,0.012,0.013,0.019,2.134,m,FIX,2024-04-25 16:21:04.0 UTC-06:00,2024-04-25 16:21:07.0 UTC-06:00,16,1.2,1.3,468221.158,4313237.027,2433.525,-105.366828,38.96752719,2419.5,85.489,,NAD83(2011) / UTM zone 13N + NAVD88(GEOID18) height,8,7,7,4,0
604,,468258.653,4313313.233,2421.139,,-105.3663988,38.96821526,2407.114,Global,0.015,0.01,0.015,0.018,2.134,m,FIX,2024-04-25 16:21:21.4 UTC-06:00,2024-04-25 16:21:24.4 UTC-06:00,16,1.2,1.4,468221.158,4313237.027,2433.525,-105.366828,38.96752719,2419.5,85.603,,NAD83(2011) / UTM zone 13N + NAVD88(GEOID18) height,8,7,7,5,0
605,,468258.675,4313313.42,2421.164,,-105.3663985,38.96821695,2407.14,Global,0.011,0.01,0.013,0.015,2.134,m,FIX,2024-04-25 16:21:34.2 UTC-06:00,2024-04-25 16:21:37.2 UTC-06:00,16,1.2,1.3,468221.158,4313237.027,2433.525,-105.366828,38.96752719,2419.5,85.788,,NAD83(2011) / UTM zone 13N + NAVD88(GEOID18) height,8,7,7,5,0
606,,468258.566,4313313.645,2421.157,,-105.3663998,38.96821897,2407.132,Global,0.013,0.012,0.014,0.018,2.134,m,FIX,2024-04-25 16:21:51.4 UTC-06:00,2024-04-25 16:21:54.4 UTC-06:00,16,1.2,1.3,468221.158,4313237.027,2433.525,-105.366828,38.96752719,2419.5,85.955,,NAD83(2011) / UTM zone 13N + NAVD88(GEOID18) height,8,7,7,5,0
607,,468258.575,4313313.834,2421.136,,-105.3663997,38.96822067,2407.111,Global,0.01,0.01,0.013,0.014,2.134,m,FIX,2024-04-25 16:22:04.4 UTC-06:00,2024-04-25 16:22:07.4 UTC-06:00,16,1.2,1.4,468221.158,4313237.027,2433.525,-105.366828,38.96752719,2419.5,86.118,,NAD83(2011) / UTM zone 13N + NAVD88(GEOID18) height,8,7,7,5,0
608,,468258.508,4313314.014,2421.132,,-105.3664005,38.9682223,2407.107,Global,0.011,0.011,0.013,0.015,2.134,m,FIX,2024-04-25 16:22:17.6 UTC-06:00,2024-04-25 16:22:20.6 UTC-06:00,16,1.2,1.4,468221.158,4313237.027,2433.525,-105.366828,38.96752719,2419.5,86.246,,NAD83(2011) / UTM zone 13N + NAVD88(GEOID18) height,8,7,7,5,0
609,,468258.499,4313314.212,2421.132,,-105.3664006,38.96822407,2407.107,Global,0.01,0.01,0.011,0.015,2.134,m,FIX,2024-04-25 16:22:34.6 UTC-06:00,2024-04-25 16:22:37.6 UTC-06:00,16,1.1,1.3,468221.158,4313237.027,2433.525,-105.366828,38.96752719,2419.5,86.421,,NAD83(2011) / UTM zone 13N + NAVD88(GEOID18) height,8,7,7,5,0
610,,468258.545,4313314.423,2421.125,,-105.3664001,38.96822598,2407.1,Global,0.011,0.01,0.014,0.015,2.134,m,FIX,2024-04-25 16:22:47.6 UTC-06:00,2024-04-25 16:22:50.6 UTC-06:00,16,1.2,1.3,468221.158,4313237.027,2433.525,-105.366828,38.96752719,2419.5,86.63,,NAD83(2011) / UTM zone 13N + NAVD88(GEOID18) height,8,7,7,5,0
611,,468258.495,4313314.614,2421.1,,-105.3664007,38.9682277,2407.076,Global,0.014,0.011,0.015,0.017,2.134,m,FIX,2024-04-25 16:23:01.8 UTC-06:00,2024-04-25 16:23:04.8 UTC-06:00,16,1.2,1.4,468221.158,4313237.027,2433.525,-105.366828,38.96752719,2419.5,86.769,,NAD83(2011) / UTM zone 13N + NAVD88(GEOID18) height,8,7,6,5,0
612,,468258.504,4313314.813,2421.065,,-105.3664006,38.96822949,2407.04,Global,0.01,0.011,0.014,0.015,2.134,m,FIX,2024-04-25 16:23:19.8 UTC-06:00,2024-04-25 16:23:22.8 UTC-06:00,16,1.2,1.4,468221.158,4313237.027,2433.525,-105.366828,38.96752719,2419.5,86.973,,NAD83(2011) / UTM zone 13N + NAVD88(GEOID18) height,8,7,6,4,0
613,,468258.456,4313315.005,2421.026,,-105.3664011,38.96823122,2407.002,Global,0.013,0.01,0.018,0.017,2.134,m,FIX,2024-04-25 16:23:34.6 UTC-06:00,2024-04-25 16:23:37.6 UTC-06:00,16,1.2,1.4,468221.158,4313237.027,2433.525,-105.366828,38.96752719,2419.5,87.129,,NAD83(2011) / UTM zone 13N + NAVD88(GEOID18) height,8,7,6,4,0
614,,468258.373,4313315.186,2421.047,,-105.3664021,38.96823285,2407.022,Global,0.011,0.011,0.018,0.015,2.134,m,FIX,2024-04-25 16:23:52.2 UTC-06:00,2024-04-25 16:23:55.2 UTC-06:00,16,1.1,1.3,468221.158,4313237.027,2433.525,-105.366828,38.96752719,2419.5,87.249,,NAD83(2011) / UTM zone 13N + NAVD88(GEOID18) height,8,7,7,4,0
615,,468258.422,4313315.439,2421.024,,-105.3664015,38.96823513,2406.999,Global,0.011,0.012,0.018,0.016,2.134,m,FIX,2024-04-25 16:24:08.2 UTC-06:00,2024-04-25 16:24:11.2 UTC-06:00,16,1.1,1.3,468221.158,4313237.027,2433.525,-105.366828,38.96752719,2419.5,87.499,,NAD83(2011) / UTM zone 13N + NAVD88(GEOID18) height,8,7,7,4,0
616,,468258.438,4313315.608,2421.009,,-105.3664014,38.96823666,2406.984,Global,0.011,0.011,0.017,0.015,2.134,m,FIX,2024-04-25 16:24:24.8 UTC-06:00,2024-04-25 16:24:27.8 UTC-06:00,16,1.1,1.3,468221.158,4313237.027,2433.525,-105.366828,38.96752719,2419.5,87.654,,NAD83(2011) / UTM zone 13N + NAVD88(GEOID18) height,8,6,7,4,0
617,,468258.317,4313315.836,2421.016,,-105.3664028,38.9682387,2406.991,Global,0.011,0.013,0.014,0.017,2.134,m,FIX,2024-04-25 16:24:37.6 UTC-06:00,2024-04-25 16:24:40.6 UTC-06:00,16,1.2,1.4,468221.158,4313237.027,2433.525,-105.366828,38.96752719,2419.5,87.821,,NAD83(2011) / UTM zone 13N + NAVD88(GEOID18) height,8,6,7,4,0
618,,468258.322,4313316.023,2420.973,,-105.3664027,38.96824039,2406.949,Global,0.011,0.011,0.012,0.015,2.134,m,FIX,2024-04-25 16:24:53.2 UTC-06:00,2024-04-25 16:24:56.2 UTC-06:00,16,1.2,1.4,468221.158,4313237.027,2433.525,-105.366828,38.96752719,2419.5,87.99,,NAD83(2011) / UTM zone 13N + NAVD88(GEOID18) height,8,6,7,4,0
619,,468258.292,4313316.188,2420.97,,-105.3664031,38.96824188,2406.946,Global,0.011,0.01,0.012,0.015,2.134,m,FIX,2024-04-25 16:25:14.0 UTC-06:00,2024-04-25 16:25:17.0 UTC-06:00,16,1.1,1.3,468221.158,4313237.027,2433.525,-105.366828,38.96752719,2419.5,88.128,,NAD83(2011) / UTM zone 13N + NAVD88(GEOID18) height,8,7,7,4,0
620,,468258.287,4313316.36,2420.956,,-105.3664031,38.96824342,2406.931,Global,0.011,0.01,0.016,0.015,2.134,m,FIX,2024-04-25 16:25:41.2 UTC-06:00,2024-04-25 16:25:44.2 UTC-06:00,16,1.1,1.3,468221.158,4313237.027,2433.525,-105.366828,38.96752719,2419.5,88.276,,NAD83(2011) / UTM zone 13N + NAVD88(GEOID18) height,8,7,7,4,0
621,,468258.412,4313316.443,2420.929,,-105.3664017,38.96824418,2406.904,Global,0.011,0.011,0.015,0.016,2.134,m,FIX,2024-04-25 16:26:09.8 UTC-06:00,2024-04-25 16:26:12.8 UTC-06:00,16,1.2,1.4,468221.158,4313237.027,2433.525,-105.366828,38.96752719,2419.5,88.407,,NAD83(2011) / UTM zone 13N + NAVD88(GEOID18) height,8,7,7,4,0
622,,468258.402,4313316.53,2420.945,,-105.3664018,38.96824496,2406.92,Global,0.011,0.012,0.013,0.016,2.134,m,FIX,2024-04-25 16:26:19.2 UTC-06:00,2024-04-25 16:26:22.2 UTC-06:00,16,1.1,1.3,468221.158,4313237.027,2433.525,-105.366828,38.96752719,2419.5,88.484,,NAD83(2011) / UTM zone 13N + NAVD88(GEOID18) height,7,7,7,3,0
623,,468258.339,4313316.699,2420.945,,-105.3664026,38.96824648,2406.92,Global,0.015,0.01,0.012,0.018,2.134,m,FIX,2024-04-25 16:26:39.6 UTC-06:00,2024-04-25 16:26:42.6 UTC-06:00,16,1.1,1.3,468221.158,4313237.027,2433.525,-105.366828,38.96752719,2419.5,88.613,,NAD83(2011) / UTM zone 13N + NAVD88(GEOID18) height,7,7,7,3,0
624,,468258.326,4313316.852,2420.892,,-105.3664027,38.96824786,2406.867,Global,0.01,0.012,0.011,0.016,2.134,m,FIX,2024-04-25 16:26:52.0 UTC-06:00,2024-04-25 16:26:55.0 UTC-06:00,16,1.1,1.3,468221.158,4313237.027,2433.525,-105.366828,38.96752719,2419.5,88.755,,NAD83(2011) / UTM zone 13N + NAVD88(GEOID18) height,7,7,7,3,0
625,,468258.253,4313317.033,2420.864,,-105.3664036,38.96824949,2406.839,Global,0.012,0.012,0.011,0.017,2.134,m,FIX,2024-04-25 16:27:08.6 UTC-06:00,2024-04-25 16:27:11.6 UTC-06:00,16,1.1,1.3,468221.158,4313237.027,2433.525,-105.366828,38.96752719,2419.5,88.873,,NAD83(2011) / UTM zone 13N + NAVD88(GEOID18) height,7,7,7,3,0
626,,468258.191,4313317.24,2420.843,,-105.3664043,38.96825136,2406.818,Global,0.011,0.01,0.011,0.015,2.134,m,FIX,2024-04-25 16:27:26.6 UTC-06:00,2024-04-25 16:27:29.6 UTC-06:00,16,1.2,1.4,468221.158,4313237.027,2433.525,-105.366828,38.96752719,2419.5,89.04,,NAD83(2011) / UTM zone 13N + NAVD88(GEOID18) height,7,7,7,3,0
627,,468258.135,4313317.527,2420.847,,-105.3664049,38.96825393,2406.823,Global,0.011,0.01,0.013,0.015,2.134,m,FIX,2024-04-25 16:27:44.8 UTC-06:00,2024-04-25 16:27:47.8 UTC-06:00,16,1.2,1.4,468221.158,4313237.027,2433.525,-105.366828,38.96752719,2419.5,89.282,,NAD83(2011) / UTM zone 13N + NAVD88(GEOID18) height,7,7,8,3,0
628,,468258.093,4313317.627,2421.068,,-105.3664054,38.96825484,2407.043,Global,0.012,0.011,0.017,0.016,2.134,m,FIX,2024-04-25 16:28:22.4 UTC-06:00,2024-04-25 16:28:25.4 UTC-06:00,16,1.2,1.4,468221.158,4313237.027,2433.525,-105.366828,38.96752719,2419.5,89.328,,NAD83(2011) / UTM zone 13N + NAVD88(GEOID18) height,8,7,8,3,0
629,,468258.065,4313317.86,2421.209,,-105.3664058,38.96825693,2407.184,Global,0.011,0.013,0.02,0.017,2.134,m,FIX,2024-04-25 16:28:34.4 UTC-06:00,2024-04-25 16:28:37.4 UTC-06:00,16,1.2,1.4,468221.158,4313237.027,2433.525,-105.366828,38.96752719,2419.5,89.494,,NAD83(2011) / UTM zone 13N + NAVD88(GEOID18) height,8,7,8,3,0
630,,468258.007,4313318.182,2421.281,,-105.3664065,38.96825983,2407.257,Global,0.012,0.011,0.018,0.016,2.134,m,FIX,2024-04-25 16:28:50.0 UTC-06:00,2024-04-25 16:28:53.0 UTC-06:00,16,1.2,1.4,468221.158,4313237.027,2433.525,-105.366828,38.96752719,2419.5,89.774,,NAD83(2011) / UTM zone 13N + NAVD88(GEOID18) height,8,7,8,3,0
631,,468257.893,4313318.325,2421.287,,-105.3664078,38.96826112,2407.262,Global,0.011,0.012,0.013,0.016,2.134,m,FIX,2024-04-25 16:29:15.0 UTC-06:00,2024-04-25 16:29:18.0 UTC-06:00,16,1.2,1.4,468221.158,4313237.027,2433.525,-105.366828,38.96752719,2419.5,89.842,,NAD83(2011) / UTM zone 13N + NAVD88(GEOID18) height,7,7,8,3,0
632,,468257.806,4313318.854,2421.406,,-105.3664088,38.96826588,2407.382,Global,0.01,0.01,0.017,0.015,2.134,m,FIX,2024-04-25 16:29:35.6 UTC-06:00,2024-04-25 16:29:38.6 UTC-06:00,16,1.2,1.4,468221.158,4313237.027,2433.525,-105.366828,38.96752719,2419.5,90.281,,NAD83(2011) / UTM zone 13N + NAVD88(GEOID18) height,7,7,8,3,0
633,,468257.825,4313318.977,2421.501,,-105.3664086,38.96826699,2407.477,Global,0.01,0.014,0.018,0.017,2.134,m,FIX,2024-04-25 16:29:48.4 UTC-06:00,2024-04-25 16:29:51.4 UTC-06:00,16,1.2,1.4,468221.158,4313237.027,2433.525,-105.366828,38.96752719,2419.5,90.391,,NAD83(2011) / UTM zone 13N + NAVD88(GEOID18) height,7,7,8,3,0
634,,468257.82,4313319.09,2421.313,,-105.3664087,38.96826801,2407.288,Global,0.012,0.01,0.017,0.015,2.134,m,FIX,2024-04-25 16:30:09.0 UTC-06:00,2024-04-25 16:30:12.0 UTC-06:00,16,1.2,1.4,468221.158,4313237.027,2433.525,-105.366828,38.96752719,2419.5,90.508,,NAD83(2011) / UTM zone 13N + NAVD88(GEOID18) height,7,7,8,3,0
635,,468257.802,4313319.165,2421.433,,-105.3664089,38.96826869,2407.409,Global,0.012,0.01,0.015,0.016,2.134,m,FIX,2024-04-25 16:30:23.2 UTC-06:00,2024-04-25 16:30:26.2 UTC-06:00,16,1.2,1.4,468221.158,4313237.027,2433.525,-105.366828,38.96752719,2419.5,90.56,,NAD83(2011) / UTM zone 13N + NAVD88(GEOID18) height,7,7,9,3,0
636,,468257.814,4313319.49,2421.54,,-105.3664087,38.96827161,2407.516,Global,0.01,0.011,0.017,0.015,2.134,m,FIX,2024-04-25 16:30:38.8 UTC-06:00,2024-04-25 16:30:41.8 UTC-06:00,16,1.2,1.4,468221.158,4313237.027,2433.525,-105.366828,38.96752719,2419.5,90.851,,NAD83(2011) / UTM zone 13N + NAVD88(GEOID18) height,7,7,7,3,0
637,,468257.751,4313319.637,2421.628,,-105.3664095,38.96827294,2407.603,Global,0.011,0.01,0.013,0.015,2.134,m,FIX,2024-04-25 16:31:07.0 UTC-06:00,2024-04-25 16:31:10.0 UTC-06:00,16,1.2,1.4,468221.158,4313237.027,2433.525,-105.366828,38.96752719,2419.5,90.941,,NAD83(2011) / UTM zone 13N + NAVD88(GEOID18) height,7,7,8,3,0
638,,468257.696,4313319.939,2421.696,,-105.3664101,38.96827565,2407.672,Global,0.011,0.011,0.018,0.015,2.134,m,FIX,2024-04-25 16:31:19.2 UTC-06:00,2024-04-25 16:31:22.2 UTC-06:00,16,1.2,1.4,468221.158,4313237.027,2433.525,-105.366828,38.96752719,2419.5,91.186,,NAD83(2011) / UTM zone 13N + NAVD88(GEOID18) height,8,7,8,3,0
639,,468257.65,4313320.1,2421.868,,-105.3664107,38.9682771,2407.843,Global,0.011,0.01,0.018,0.015,2.134,m,FIX,2024-04-25 16:31:33.0 UTC-06:00,2024-04-25 16:31:36.0 UTC-06:00,16,1.2,1.4,468221.158,4313237.027,2433.525,-105.366828,38.96752719,2419.5,91.304,,NAD83(2011) / UTM zone 13N + NAVD88(GEOID18) height,8,7,8,3,0
640,,468257.642,4313320.313,2421.873,,-105.3664108,38.96827903,2407.848,Global,0.01,0.01,0.016,0.015,2.134,m,FIX,2024-04-25 16:31:53.0 UTC-06:00,2024-04-25 16:31:56.0 UTC-06:00,16,1.2,1.4,468221.158,4313237.027,2433.525,-105.366828,38.96752719,2419.5,91.495,,NAD83(2011) / UTM zone 13N + NAVD88(GEOID18) height,8,7,8,3,0
641,,468257.649,4313320.374,2422.094,,-105.3664107,38.96827958,2408.07,Global,0.011,0.01,0.013,0.015,2.134,m,FIX,2024-04-25 16:32:04.4 UTC-06:00,2024-04-25 16:32:07.4 UTC-06:00,16,1.2,1.4,468221.158,4313237.027,2433.525,-105.366828,38.96752719,2419.5,91.534,,NAD83(2011) / UTM zone 13N + NAVD88(GEOID18) height,8,7,7,3,0
642,,468257.668,4313320.651,2422.092,,-105.3664105,38.96828207,2408.067,Global,0.01,0.011,0.012,0.015,2.134,m,FIX,2024-04-25 16:32:19.6 UTC-06:00,2024-04-25 16:32:22.6 UTC-06:00,16,1.2,1.4,468221.158,4313237.027,2433.525,-105.366828,38.96752719,2419.5,91.795,,NAD83(2011) / UTM zone 13N + NAVD88(GEOID18) height,7,7,7,3,0
643,,468257.656,4313320.86,2421.995,,-105.3664106,38.96828395,2407.97,Global,0.011,0.011,0.011,0.015,2.134,m,FIX,2024-04-25 16:33:00.2 UTC-06:00,2024-04-25 16:33:03.2 UTC-06:00,16,1.2,1.4,468221.158,4313237.027,2433.525,-105.366828,38.96752719,2419.5,91.992,,NAD83(2011) / UTM zone 13N + NAVD88(GEOID18) height,7,7,8,3,0
644,,468257.643,4313321.046,2422.071,,-105.3664108,38.96828563,2408.046,Global,0.011,0.01,0.012,0.015,2.134,m,FIX,2024-04-25 16:33:24.4 UTC-06:00,2024-04-25 16:33:27.4 UTC-06:00,16,1.3,1.5,468221.158,4313237.027,2433.525,-105.366828,38.96752719,2419.5,92.141,,NAD83(2011) / UTM zone 13N + NAVD88(GEOID18) height,8,7,8,3,0
645,,468257.634,4313321.25,2422.122,,-105.3664109,38.96828747,2408.098,Global,0.01,0.01,0.014,0.015,2.134,m,FIX,2024-04-25 16:33:46.0 UTC-06:00,2024-04-25 16:33:49.0 UTC-06:00,16,1.3,1.5,468221.158,4313237.027,2433.525,-105.366828,38.96752719,2419.5,92.326,,NAD83(2011) / UTM zone 13N + NAVD88(GEOID18) height,7,7,8,3,0
646,,468257.577,4313321.466,2422.099,,-105.3664116,38.96828941,2408.075,Global,0.011,0.01,0.013,0.015,2.134,m,FIX,2024-04-25 16:34:02.0 UTC-06:00,2024-04-25 16:34:05.0 UTC-06:00,16,1.3,1.5,468221.158,4313237.027,2433.525,-105.366828,38.96752719,2419.5,92.495,,NAD83(2011) / UTM zone 13N + NAVD88(GEOID18) height,7,6,8,3,0
647,,468257.576,4313321.639,2421.958,,-105.3664116,38.96829097,2407.933,Global,0.012,0.011,0.016,0.016,2.134,m,FIX,2024-04-25 16:34:15.6 UTC-06:00,2024-04-25 16:34:18.6 UTC-06:00,16,1.3,1.5,468221.158,4313237.027,2433.525,-105.366828,38.96752719,2419.5,92.67,,NAD83(2011) / UTM zone 13N + NAVD88(GEOID18) height,7,6,8,3,0
648,,468257.538,4313321.835,2422.156,,-105.366412,38.96829274,2408.131,Global,0.01,0.011,0.015,0.015,2.134,m,FIX,2024-04-25 16:34:27.0 UTC-06:00,2024-04-25 16:34:30.0 UTC-06:00,16,1.3,1.5,468221.158,4313237.027,2433.525,-105.366828,38.96752719,2419.5,92.806,,NAD83(2011) / UTM zone 13N + NAVD88(GEOID18) height,7,6,8,3,0
649,,468257.495,4313322.022,2422.196,,-105.3664125,38.96829442,2408.171,Global,0.01,0.011,0.016,0.015,2.134,m,FIX,2024-04-25 16:34:37.8 UTC-06:00,2024-04-25 16:34:40.8 UTC-06:00,16,1.3,1.5,468221.158,4313237.027,2433.525,-105.366828,38.96752719,2419.5,92.967,,NAD83(2011) / UTM zone 13N + NAVD88(GEOID18) height,7,7,8,3,0
650,,468257.471,4313322.216,2422.249,,-105.3664128,38.96829617,2408.224,Global,0.011,0.011,0.012,0.015,2.134,m,FIX,2024-04-25 16:34:49.2 UTC-06:00,2024-04-25 16:34:52.2 UTC-06:00,16,1.2,1.4,468221.158,4313237.027,2433.525,-105.366828,38.96752719,2419.5,93.12,,NAD83(2011) / UTM zone 13N + NAVD88(GEOID18) height,7,7,8,3,0
651,,468257.449,4313322.411,2422.261,,-105.3664131,38.96829792,2408.237,Global,0.01,0.01,0.014,0.015,2.134,m,FIX,2024-04-25 16:35:00.8 UTC-06:00,2024-04-25 16:35:03.8 UTC-06:00,16,1.2,1.4,468221.158,4313237.027,2433.525,-105.366828,38.96752719,2419.5,93.297,,NAD83(2011) / UTM zone 13N + NAVD88(GEOID18) height,7,6,8,3,0
652,,468257.411,4313322.625,2422.292,,-105.3664135,38.96829984,2408.267,Global,0.011,0.011,0.013,0.015,2.134,m,FIX,2024-04-25 16:35:30.8 UTC-06:00,2024-04-25 16:35:33.8 UTC-06:00,16,1.2,1.4,468221.158,4313237.027,2433.525,-105.366828,38.96752719,2419.5,93.475,,NAD83(2011) / UTM zone 13N + NAVD88(GEOID18) height,7,7,8,3,0
653,,468257.381,4313322.668,2422.338,,-105.3664139,38.96830023,2408.313,Global,0.01,0.011,0.014,0.015,2.134,m,FIX,2024-04-25 16:35:50.0 UTC-06:00,2024-04-25 16:35:53.0 UTC-06:00,16,1.2,1.4,468221.158,4313237.027,2433.525,-105.366828,38.96752719,2419.5,93.502,,NAD83(2011) / UTM zone 13N + NAVD88(GEOID18) height,7,7,8,3,0
654,,468257.2,4313322.637,2422.296,,-105.366416,38.96829995,2408.271,Global,0.01,0.011,0.013,0.015,2.134,m,FIX,2024-04-25 16:36:04.2 UTC-06:00,2024-04-25 16:36:07.2 UTC-06:00,16,1.2,1.4,468221.158,4313237.027,2433.525,-105.366828,38.96752719,2419.5,93.405,,NAD83(2011) / UTM zone 13N + NAVD88(GEOID18) height,7,7,8,3,0
655,,468257.358,4313322.848,2422.322,,-105.3664142,38.96830186,2408.297,Global,0.011,0.012,0.013,0.017,2.134,m,FIX,2024-04-25 16:36:19.6 UTC-06:00,2024-04-25 16:36:22.6 UTC-06:00,16,1.2,1.4,468221.158,4313237.027,2433.525,-105.366828,38.96752719,2419.5,93.648,,NAD83(2011) / UTM zone 13N + NAVD88(GEOID18) height,7,6,8,3,0
656,,468257.586,4313322.691,2422.301,,-105.3664115,38.96830045,2408.276,Global,0.011,0.01,0.012,0.015,2.134,m,FIX,2024-04-25 16:36:31.8 UTC-06:00,2024-04-25 16:36:34.8 UTC-06:00,16,1.3,1.5,468221.158,4313237.027,2433.525,-105.366828,38.96752719,2419.5,93.604,,NAD83(2011) / UTM zone 13N + NAVD88(GEOID18) height,7,6,8,3,0
657,,468257.38,4313322.661,2422.34,,-105.3664139,38.96830017,2408.316,Global,0.01,0.011,0.011,0.015,2.134,m,FIX,2024-04-25 16:36:44.8 UTC-06:00,2024-04-25 16:36:47.8 UTC-06:00,16,1.3,1.5,468221.158,4313237.027,2433.525,-105.366828,38.96752719,2419.5,93.493,,NAD83(2011) / UTM zone 13N + NAVD88(GEOID18) height,7,6,9,3,0
658,,468265.994,4313265.344,2422.671,,-105.3663118,38.96778398,2408.646,Global,0.011,0.01,0.013,0.015,2.134,m,FIX,2024-04-25 16:45:04.0 UTC-06:00,2024-04-25 16:45:07.0 UTC-06:00,16,1.2,1.4,468221.158,4313237.027,2433.525,-105.366828,38.96752719,2419.5,53.783,,NAD83(2011) / UTM zone 13N + NAVD88(GEOID18) height,8,6,9,5,0
659,,468265.871,4313265.786,2422.618,,-105.3663132,38.96778797,2408.593,Global,0.01,0.01,0.012,0.014,2.134,m,FIX,2024-04-25 16:45:22.6 UTC-06:00,2024-04-25 16:45:25.6 UTC-06:00,16,1.2,1.4,468221.158,4313237.027,2433.525,-105.366828,38.96752719,2419.5,53.921,,NAD83(2011) / UTM zone 13N + NAVD88(GEOID18) height,7,6,9,5,0
660,,468265.78,4313266.308,2422.524,,-105.3663143,38.96779266,2408.499,Global,0.011,0.01,0.015,0.015,2.134,m,FIX,2024-04-25 16:45:43.8 UTC-06:00,2024-04-25 16:45:46.8 UTC-06:00,16,1.2,1.4,468221.158,4313237.027,2433.525,-105.366828,38.96752719,2419.5,54.143,,NAD83(2011) / UTM zone 13N + NAVD88(GEOID18) height,8,6,9,5,0
661,,468265.696,4313266.829,2422.404,,-105.3663153,38.96779736,2408.379,Global,0.011,0.011,0.016,0.015,2.134,m,FIX,2024-04-25 16:45:56.6 UTC-06:00,2024-04-25 16:45:59.6 UTC-06:00,16,1.3,1.5,468221.158,4313237.027,2433.525,-105.366828,38.96752719,2419.5,54.374,,NAD83(2011) / UTM zone 13N + NAVD88(GEOID18) height,7,6,9,5,0
662,,468265.6,4313267.294,2422.356,,-105.3663164,38.96780154,2408.331,Global,0.01,0.01,0.016,0.014,2.134,m,FIX,2024-04-25 16:46:11.8 UTC-06:00,2024-04-25 16:46:14.8 UTC-06:00,16,1.2,1.4,468221.158,4313237.027,2433.525,-105.366828,38.96752719,2419.5,54.563,,NAD83(2011) / UTM zone 13N + NAVD88(GEOID18) height,8,6,9,5,0
663,,468265.516,4313267.778,2422.318,,-105.3663174,38.9678059,2408.293,Global,0.011,0.01,0.018,0.015,2.134,m,FIX,2024-04-25 16:46:27.8 UTC-06:00,2024-04-25 16:46:30.8 UTC-06:00,16,1.2,1.4,468221.158,4313237.027,2433.525,-105.366828,38.96752719,2419.5,54.771,,NAD83(2011) / UTM zone 13N + NAVD88(GEOID18) height,7,6,9,5,0
664,,468265.401,4313268.325,2422.264,,-105.3663188,38.96781083,2408.239,Global,0.011,0.012,0.013,0.016,2.134,m,FIX,2024-04-25 16:46:55.0 UTC-06:00,2024-04-25 16:46:58.0 UTC-06:00,16,1.2,1.4,468221.158,4313237.027,2433.525,-105.366828,38.96752719,2419.5,54.998,,NAD83(2011) / UTM zone 13N + NAVD88(GEOID18) height,7,6,9,6,0
665,,468265.288,4313268.789,2422.312,,-105.3663201,38.96781501,2408.287,Global,0.011,0.011,0.015,0.016,2.134,m,FIX,2024-04-25 16:47:10.8 UTC-06:00,2024-04-25 16:47:13.8 UTC-06:00,16,1.2,1.4,468221.158,4313237.027,2433.525,-105.366828,38.96752719,2419.5,55.161,,NAD83(2011) / UTM zone 13N + NAVD88(GEOID18) height,8,6,9,5,0
666,,468265.171,4313269.235,2422.276,,-105.3663215,38.96781902,2408.251,Global,0.011,0.011,0.011,0.016,2.134,m,FIX,2024-04-25 16:47:23.4 UTC-06:00,2024-04-25 16:47:26.4 UTC-06:00,16,1.2,1.4,468221.158,4313237.027,2433.525,-105.366828,38.96752719,2419.5,55.335,,NAD83(2011) / UTM zone 13N + NAVD88(GEOID18) height,8,6,9,5,0
667,,468265.031,4313269.759,2422.26,,-105.3663231,38.96782374,2408.235,Global,0.012,0.011,0.013,0.016,2.134,m,FIX,2024-04-25 16:47:37.8 UTC-06:00,2024-04-25 16:47:40.8 UTC-06:00,16,1.2,1.4,468221.158,4313237.027,2433.525,-105.366828,38.96752719,2419.5,55.534,,NAD83(2011) / UTM zone 13N + NAVD88(GEOID18) height,7,6,9,6,0
668,,468264.865,4313270.21,2422.283,,-105.3663251,38.9678278,2408.258,Global,0.01,0.011,0.015,0.015,2.134,m,FIX,2024-04-25 16:47:49.0 UTC-06:00,2024-04-25 16:47:52.0 UTC-06:00,16,1.2,1.4,468221.158,4313237.027,2433.525,-105.366828,38.96752719,2419.5,55.667,,NAD83(2011) / UTM zone 13N + NAVD88(GEOID18) height,8,6,9,6,0
669,,468264.725,4313270.705,2422.292,,-105.3663267,38.96783225,2408.267,Global,0.01,0.011,0.012,0.015,2.134,m,FIX,2024-04-25 16:48:00.0 UTC-06:00,2024-04-25 16:48:03.0 UTC-06:00,16,1.2,1.4,468221.158,4313237.027,2433.525,-105.366828,38.96752719,2419.5,55.855,,NAD83(2011) / UTM zone 13N + NAVD88(GEOID18) height,7,6,9,6,0
670,,468264.603,4313271.24,2422.275,,-105.3663281,38.96783707,2408.25,Global,0.012,0.012,0.011,0.017,2.134,m,FIX,2024-04-25 16:48:12.0 UTC-06:00,2024-04-25 16:48:15.0 UTC-06:00,16,1.2,1.4,468221.158,4313237.027,2433.525,-105.366828,38.96752719,2419.5,56.095,,NAD83(2011) / UTM zone 13N + NAVD88(GEOID18) height,8,6,9,5,0
671,,468264.501,4313271.711,2422.302,,-105.3663293,38.96784131,2408.278,Global,0.011,0.011,0.012,0.015,2.134,m,FIX,2024-04-25 16:48:22.4 UTC-06:00,2024-04-25 16:48:25.4 UTC-06:00,16,1.2,1.4,468221.158,4313237.027,2433.525,-105.366828,38.96752719,2419.5,56.286,,NAD83(2011) / UTM zone 13N + NAVD88(GEOID18) height,8,6,8,5,0
672,,468264.416,4313272.217,2422.308,,-105.3663303,38.96784586,2408.283,Global,0.011,0.01,0.013,0.015,2.134,m,FIX,2024-04-25 16:48:34.6 UTC-06:00,2024-04-25 16:48:37.6 UTC-06:00,16,1.2,1.4,468221.158,4313237.027,2433.525,-105.366828,38.96752719,2419.5,56.539,,NAD83(2011) / UTM zone 13N + NAVD88(GEOID18) height,8,6,8,5,0
673,,468264.32,4313272.673,2422.323,,-105.3663315,38.96784997,2408.298,Global,0.01,0.011,0.011,0.015,2.134,m,FIX,2024-04-25 16:48:52.2 UTC-06:00,2024-04-25 16:48:55.2 UTC-06:00,16,1.3,1.5,468221.158,4313237.027,2433.525,-105.366828,38.96752719,2419.5,56.752,,NAD83(2011) / UTM zone 13N + NAVD88(GEOID18) height,8,6,8,5,0
674,,468264.195,4313273.21,2422.355,,-105.3663329,38.96785481,2408.33,Global,0.011,0.011,0.012,0.015,2.134,m,FIX,2024-04-25 16:49:07.0 UTC-06:00,2024-04-25 16:49:10.0 UTC-06:00,16,1.3,1.5,468221.158,4313237.027,2433.525,-105.366828,38.96752719,2419.5,56.988,,NAD83(2011) / UTM zone 13N + NAVD88(GEOID18) height,8,6,8,5,0
675,,468264.128,4313273.641,2422.371,,-105.3663337,38.96785869,2408.346,Global,0.011,0.011,0.011,0.015,2.134,m,FIX,2024-04-25 16:49:18.2 UTC-06:00,2024-04-25 16:49:21.2 UTC-06:00,16,1.3,1.5,468221.158,4313237.027,2433.525,-105.366828,38.96752719,2419.5,57.209,,NAD83(2011) / UTM zone 13N + NAVD88(GEOID18) height,8,6,9,5,0
676,,468264.032,4313274.108,2422.425,,-105.3663349,38.96786289,2408.4,Global,0.012,0.011,0.011,0.016,2.134,m,FIX,2024-04-25 16:49:31.0 UTC-06:00,2024-04-25 16:49:34.0 UTC-06:00,16,1.3,1.5,468221.158,4313237.027,2433.525,-105.366828,38.96752719,2419.5,57.433,,NAD83(2011) / UTM zone 13N + NAVD88(GEOID18) height,8,6,8,5,0
677,,468263.928,4313274.681,2422.5,,-105.3663361,38.96786805,2408.475,Global,0.011,0.012,0.01,0.016,2.134,m,FIX,2024-04-25 16:49:43.6 UTC-06:00,2024-04-25 16:49:46.6 UTC-06:00,16,1.3,1.5,468221.158,4313237.027,2433.525,-105.366828,38.96752719,2419.5,57.708,,NAD83(2011) / UTM zone 13N + NAVD88(GEOID18) height,8,6,7,5,0
678,,468263.848,4313275.081,2422.527,,-105.366337,38.96787165,2408.502,Global,0.011,0.011,0.01,0.015,2.134,m,FIX,2024-04-25 16:49:56.8 UTC-06:00,2024-04-25 16:49:59.8 UTC-06:00,16,1.3,1.5,468221.158,4313237.027,2433.525,-105.366828,38.96752719,2419.5,57.914,,NAD83(2011) / UTM zone 13N + NAVD88(GEOID18) height,7,6,7,5,0
679,,468263.756,4313275.581,2422.567,,-105.3663381,38.96787616,2408.542,Global,0.011,0.01,0.011,0.015,2.134,m,FIX,2024-04-25 16:50:07.0 UTC-06:00,2024-04-25 16:50:10.0 UTC-06:00,16,1.3,1.5,468221.158,4313237.027,2433.525,-105.366828,38.96752719,2419.5,58.165,,NAD83(2011) / UTM zone 13N + NAVD88(GEOID18) height,7,6,7,5,0
680,,468263.622,4313276.155,2422.568,,-105.3663397,38.96788132,2408.543,Global,0.011,0.011,0.013,0.016,2.134,m,FIX,2024-04-25 16:50:22.0 UTC-06:00,2024-04-25 16:50:25.0 UTC-06:00,16,1.4,1.6,468221.158,4313237.027,2433.525,-105.366828,38.96752719,2419.5,58.448,,NAD83(2011) / UTM zone 13N + NAVD88(GEOID18) height,7,5,8,5,0
681,,468263.592,4313276.591,2422.626,,-105.3663401,38.96788525,2408.601,Global,0.011,0.011,0.013,0.016,2.134,m,FIX,2024-04-25 16:50:35.6 UTC-06:00,2024-04-25 16:50:38.6 UTC-06:00,16,1.3,1.6,468221.158,4313237.027,2433.525,-105.366828,38.96752719,2419.5,58.717,,NAD83(2011) / UTM zone 13N + NAVD88(GEOID18) height,7,5,8,5,0
682,,468263.559,4313277.088,2422.647,,-105.3663405,38.96788973,2408.622,Global,0.013,0.011,0.015,0.017,2.134,m,FIX,2024-04-25 16:50:48.6 UTC-06:00,2024-04-25 16:50:51.6 UTC-06:00,16,1.3,1.6,468221.158,4313237.027,2433.525,-105.366828,38.96752719,2419.5,59.015,,NAD83(2011) / UTM zone 13N + NAVD88(GEOID18) height,7,5,7,5,0
683,,468263.429,4313277.586,2422.66,,-105.366342,38.96789421,2408.635,Global,0.013,0.012,0.013,0.018,2.134,m,FIX,2024-04-25 16:51:00.2 UTC-06:00,2024-04-25 16:51:03.2 UTC-06:00,16,1.3,1.6,468221.158,4313237.027,2433.525,-105.366828,38.96752719,2419.5,59.268,,NAD83(2011) / UTM zone 13N + NAVD88(GEOID18) height,7,5,8,5,0
684,,468263.328,4313278.028,2422.742,,-105.3663432,38.96789819,2408.717,Global,0.01,0.011,0.011,0.015,2.134,m,FIX,2024-04-25 16:51:18.2 UTC-06:00,2024-04-25 16:51:21.2 UTC-06:00,16,1.3,1.5,468221.158,4313237.027,2433.525,-105.366828,38.96752719,2419.5,59.494,,NAD83(2011) / UTM zone 13N + NAVD88(GEOID18) height,6,5,9,5,0
685,,468263.2,4313278.517,2422.693,,-105.3663447,38.96790259,2408.668,Global,0.01,0.01,0.012,0.015,2.134,m,FIX,2024-04-25 16:51:31.6 UTC-06:00,2024-04-25 16:51:34.6 UTC-06:00,16,1.3,1.6,468221.158,4313237.027,2433.525,-105.366828,38.96752719,2419.5,59.744,,NAD83(2011) / UTM zone 13N + NAVD88(GEOID18) height,7,5,7,5,0
686,,468263.084,4313278.983,2422.688,,-105.366346,38.96790679,2408.663,Global,0.011,0.01,0.01,0.015,2.134,m,FIX,2024-04-25 16:51:46.6 UTC-06:00,2024-04-25 16:51:49.6 UTC-06:00,16,1.3,1.5,468221.158,4313237.027,2433.525,-105.366828,38.96752719,2419.5,59.998,,NAD83(2011) / UTM zone 13N + NAVD88(GEOID18) height,7,5,8,5,0
687,,468262.971,4313279.545,2422.662,,-105.3663474,38.96791185,2408.637,Global,0.013,0.01,0.011,0.016,2.134,m,FIX,2024-04-25 16:52:09.0 UTC-06:00,2024-04-25 16:52:12.0 UTC-06:00,16,1.3,1.6,468221.158,4313237.027,2433.525,-105.366828,38.96752719,2419.5,60.309,,NAD83(2011) / UTM zone 13N + NAVD88(GEOID18) height,7,5,7,5,0
688,,468262.87,4313280.016,2422.676,,-105.3663485,38.96791609,2408.652,Global,0.011,0.012,0.012,0.017,2.134,m,FIX,2024-04-25 16:52:22.2 UTC-06:00,2024-04-25 16:52:25.2 UTC-06:00,16,1.3,1.6,468221.158,4313237.027,2433.525,-105.366828,38.96752719,2419.5,60.58,,NAD83(2011) / UTM zone 13N + NAVD88(GEOID18) height,7,5,8,5,0
689,,468262.751,4313280.511,2422.748,,-105.3663499,38.96792054,2408.723,Global,0.01,0.01,0.011,0.015,2.134,m,FIX,2024-04-25 16:52:34.8 UTC-06:00,2024-04-25 16:52:37.8 UTC-06:00,16,1.3,1.5,468221.158,4313237.027,2433.525,-105.366828,38.96752719,2419.5,60.832,,NAD83(2011) / UTM zone 13N + NAVD88(GEOID18) height,7,5,8,5,0
690,,468262.614,4313281.043,2422.709,,-105.3663516,38.96792534,2408.684,Global,0.01,0.011,0.014,0.015,2.134,m,FIX,2024-04-25 16:52:48.2 UTC-06:00,2024-04-25 16:52:51.2 UTC-06:00,16,1.3,1.5,468221.158,4313237.027,2433.525,-105.366828,38.96752719,2419.5,61.13,,NAD83(2011) / UTM zone 13N + NAVD88(GEOID18) height,7,6,8,5,0
691,,468262.476,4313281.5,2422.672,,-105.3663532,38.96792945,2408.647,Global,0.013,0.012,0.015,0.018,2.134,m,FIX,2024-04-25 16:52:59.4 UTC-06:00,2024-04-25 16:53:02.4 UTC-06:00,16,1.3,1.5,468221.158,4313237.027,2433.525,-105.366828,38.96752719,2419.5,61.38,,NAD83(2011) / UTM zone 13N + NAVD88(GEOID18) height,8,6,8,5,0
692,,468262.364,4313281.95,2422.63,,-105.3663545,38.9679335,2408.606,Global,0.011,0.01,0.018,0.015,2.134,m,FIX,2024-04-25 16:53:13.4 UTC-06:00,2024-04-25 16:53:16.4 UTC-06:00,16,1.3,1.5,468221.158,4313237.027,2433.525,-105.366828,38.96752719,2419.5,61.627,,NAD83(2011) / UTM zone 13N + NAVD88(GEOID18) height,7,6,8,5,0
693,,468262.258,4313282.484,2422.577,,-105.3663557,38.96793831,2408.552,Global,0.011,0.012,0.019,0.016,2.134,m,FIX,2024-04-25 16:53:27.0 UTC-06:00,2024-04-25 16:53:30.0 UTC-06:00,16,1.3,1.5,468221.158,4313237.027,2433.525,-105.366828,38.96752719,2419.5,61.958,,NAD83(2011) / UTM zone 13N + NAVD88(GEOID18) height,8,6,8,5,0
694,,468262.142,4313282.91,2422.586,,-105.3663571,38.96794214,2408.561,Global,0.011,0.01,0.019,0.015,2.134,m,FIX,2024-04-25 16:53:39.4 UTC-06:00,2024-04-25 16:53:42.4 UTC-06:00,16,1.3,1.5,468221.158,4313237.027,2433.525,-105.366828,38.96752719,2419.5,62.199,,NAD83(2011) / UTM zone 13N + NAVD88(GEOID18) height,8,6,8,5,0
695,,468262.071,4313283.447,2422.65,,-105.3663579,38.96794698,2408.625,Global,0.01,0.011,0.016,0.015,2.134,m,FIX,2024-04-25 16:53:49.2 UTC-06:00,2024-04-25 16:53:52.2 UTC-06:00,16,1.3,1.5,468221.158,4313237.027,2433.525,-105.366828,38.96752719,2419.5,62.535,,NAD83(2011) / UTM zone 13N + NAVD88(GEOID18) height,7,6,8,5,0
696,,468261.979,4313284.021,2422.584,,-105.366359,38.96795214,2408.559,Global,0.011,0.01,0.018,0.015,2.134,m,FIX,2024-04-25 16:54:01.6 UTC-06:00,2024-04-25 16:54:04.6 UTC-06:00,16,1.3,1.5,468221.158,4313237.027,2433.525,-105.366828,38.96752719,2419.5,62.915,,NAD83(2011) / UTM zone 13N + NAVD88(GEOID18) height,8,6,8,5,0
697,,468261.892,4313284.441,2422.495,,-105.36636,38.96795593,2408.471,Global,0.011,0.01,0.017,0.015,2.134,m,FIX,2024-04-25 16:54:13.8 UTC-06:00,2024-04-25 16:54:16.8 UTC-06:00,16,1.3,1.5,468221.158,4313237.027,2433.525,-105.366828,38.96752719,2419.5,63.183,,NAD83(2011) / UTM zone 13N + NAVD88(GEOID18) height,8,6,8,5,0
698,,468261.798,4313284.898,2422.453,,-105.3663612,38.96796004,2408.428,Global,0.011,0.011,0.017,0.015,2.134,m,FIX,2024-04-25 16:54:24.6 UTC-06:00,2024-04-25 16:54:27.6 UTC-06:00,16,1.3,1.5,468221.158,4313237.027,2433.525,-105.366828,38.96752719,2419.5,63.478,,NAD83(2011) / UTM zone 13N + NAVD88(GEOID18) height,8,6,8,5,0
699,,468261.748,4313285.405,2422.53,,-105.3663617,38.96796461,2408.505,Global,0.012,0.01,0.014,0.016,2.134,m,FIX,2024-04-25 16:54:36.6 UTC-06:00,2024-04-25 16:54:39.6 UTC-06:00,16,1.2,1.4,468221.158,4313237.027,2433.525,-105.366828,38.96752719,2419.5,63.809,,NAD83(2011) / UTM zone 13N + NAVD88(GEOID18) height,7,6,8,5,0
700,,468261.623,4313285.898,2422.444,,-105.3663632,38.96796905,2408.419,Global,0.01,0.01,0.013,0.014,2.134,m,FIX,2024-04-25 16:54:52.8 UTC-06:00,2024-04-25 16:54:55.8 UTC-06:00,16,1.3,1.5,468221.158,4313237.027,2433.525,-105.366828,38.96752719,2419.5,64.124,,NAD83(2011) / UTM zone 13N + NAVD88(GEOID18) height,8,6,7,5,0
701,,468261.491,4313286.394,2422.477,,-105.3663648,38.96797351,2408.453,Global,0.011,0.01,0.013,0.015,2.134,m,FIX,2024-04-25 16:55:05.6 UTC-06:00,2024-04-25 16:55:08.6 UTC-06:00,16,1.3,1.5,468221.158,4313237.027,2433.525,-105.366828,38.96752719,2419.5,64.42,,NAD83(2011) / UTM zone 13N + NAVD88(GEOID18) height,8,6,8,5,0
702,,468261.399,4313286.862,2422.436,,-105.3663658,38.96797772,2408.411,Global,0.01,0.01,0.013,0.015,2.134,m,FIX,2024-04-25 16:55:23.0 UTC-06:00,2024-04-25 16:55:26.0 UTC-06:00,16,1.3,1.5,468221.158,4313237.027,2433.525,-105.366828,38.96752719,2419.5,64.73,,NAD83(2011) / UTM zone 13N + NAVD88(GEOID18) height,7,6,7,5,0
703,,468261.336,4313287.31,2422.392,,-105.3663666,38.96798176,2408.367,Global,0.012,0.011,0.012,0.016,2.134,m,FIX,2024-04-25 16:55:40.0 UTC-06:00,2024-04-25 16:55:43.0 UTC-06:00,16,1.3,1.5,468221.158,4313237.027,2433.525,-105.366828,38.96752719,2419.5,65.048,,NAD83(2011) / UTM zone 13N + NAVD88(GEOID18) height,8,6,7,5,0
704,,468261.251,4313287.893,2422.352,,-105.3663676,38.96798701,2408.327,Global,0.014,0.011,0.013,0.018,2.134,m,FIX,2024-04-25 16:55:54.6 UTC-06:00,2024-04-25 16:55:57.6 UTC-06:00,16,1.3,1.5,468221.158,4313237.027,2433.525,-105.366828,38.96752719,2419.5,65.452,,NAD83(2011) / UTM zone 13N + NAVD88(GEOID18) height,7,6,8,5,0
705,,468261.192,4313288.403,2422.371,,-105.3663683,38.9679916,2408.347,Global,0.013,0.013,0.013,0.018,2.134,m,FIX,2024-04-25 16:56:06.8 UTC-06:00,2024-04-25 16:56:09.8 UTC-06:00,16,1.3,1.5,468221.158,4313237.027,2433.525,-105.366828,38.96752719,2419.5,65.81,,NAD83(2011) / UTM zone 13N + NAVD88(GEOID18) height,7,6,9,5,0
706,,468261.158,4313288.863,2422.374,,-105.3663687,38.96799574,2408.35,Global,0.011,0.011,0.011,0.015,2.134,m,FIX,2024-04-25 16:56:20.0 UTC-06:00,2024-04-25 16:56:23.0 UTC-06:00,16,1.3,1.5,468221.158,4313237.027,2433.525,-105.366828,38.96752719,2419.5,66.142,,NAD83(2011) / UTM zone 13N + NAVD88(GEOID18) height,8,6,8,5,0
707,,468261.111,4313289.412,2422.306,,-105.3663693,38.96800069,2408.281,Global,0.01,0.01,0.012,0.014,2.134,m,FIX,2024-04-25 16:56:31.6 UTC-06:00,2024-04-25 16:56:34.6 UTC-06:00,16,1.3,1.5,468221.158,4313237.027,2433.525,-105.366828,38.96752719,2419.5,66.557,,NAD83(2011) / UTM zone 13N + NAVD88(GEOID18) height,8,6,8,5,0
708,,468261.088,4313289.874,2422.284,,-105.3663696,38.96800485,2408.259,Global,0.01,0.011,0.014,0.015,2.134,m,FIX,2024-04-25 16:56:47.4 UTC-06:00,2024-04-25 16:56:50.4 UTC-06:00,16,1.3,1.5,468221.158,4313237.027,2433.525,-105.366828,38.96752719,2419.5,66.914,,NAD83(2011) / UTM zone 13N + NAVD88(GEOID18) height,8,6,8,5,0
709,,468261.09,4313290.372,2422.288,,-105.3663696,38.96800934,2408.263,Global,0.01,0.012,0.013,0.016,2.134,m,FIX,2024-04-25 16:57:02.4 UTC-06:00,2024-04-25 16:57:05.4 UTC-06:00,16,1.3,1.5,468221.158,4313237.027,2433.525,-105.366828,38.96752719,2419.5,67.3,,NAD83(2011) / UTM zone 13N + NAVD88(GEOID18) height,8,6,8,5,0
710,,468261.128,4313290.859,2422.341,,-105.3663692,38.96801374,2408.317,Global,0.011,0.01,0.013,0.015,2.134,m,FIX,2024-04-25 16:57:20.4 UTC-06:00,2024-04-25 16:57:23.4 UTC-06:00,16,1.3,1.5,468221.158,4313237.027,2433.525,-105.366828,38.96752719,2419.5,67.708,,NAD83(2011) / UTM zone 13N + NAVD88(GEOID18) height,9,6,8,5,0
711,,468261.128,4313291.268,2422.267,,-105.3663692,38.96801742,2408.243,Global,0.01,0.011,0.011,0.015,2.134,m,FIX,2024-04-25 16:57:40.0 UTC-06:00,2024-04-25 16:57:43.0 UTC-06:00,16,1.3,1.5,468221.158,4313237.027,2433.525,-105.366828,38.96752719,2419.5,68.044,,NAD83(2011) / UTM zone 13N + NAVD88(GEOID18) height,8,6,8,5,0
712,,468261.1,4313291.778,2422.218,,-105.3663695,38.96802202,2408.193,Global,0.012,0.01,0.013,0.016,2.134,m,FIX,2024-04-25 16:58:01.4 UTC-06:00,2024-04-25 16:58:04.4 UTC-06:00,16,1.3,1.5,468221.158,4313237.027,2433.525,-105.366828,38.96752719,2419.5,68.435,,NAD83(2011) / UTM zone 13N + NAVD88(GEOID18) height,9,5,8,5,0
713,,468261.014,4313292.328,2422.297,,-105.3663705,38.96802696,2408.273,Global,0.011,0.01,0.013,0.015,2.134,m,FIX,2024-04-25 16:58:24.4 UTC-06:00,2024-04-25 16:58:27.4 UTC-06:00,16,1.3,1.5,468221.158,4313237.027,2433.525,-105.366828,38.96752719,2419.5,68.825,,NAD83(2011) / UTM zone 13N + NAVD88(GEOID18) height,9,5,8,5,0
714,,468261.007,4313292.811,2422.319,,-105.3663707,38.96803132,2408.294,Global,0.01,0.01,0.011,0.015,2.134,m,FIX,2024-04-25 16:58:49.2 UTC-06:00,2024-04-25 16:58:52.2 UTC-06:00,16,1.2,1.5,468221.158,4313237.027,2433.525,-105.366828,38.96752719,2419.5,69.211,,NAD83(2011) / UTM zone 13N + NAVD88(GEOID18) height,8,6,8,5,0
715,,468261.033,4313293.148,2422.246,,-105.3663704,38.96803435,2408.222,Global,0.011,0.01,0.013,0.015,2.134,m,FIX,2024-04-25 16:59:08.2 UTC-06:00,2024-04-25 16:59:11.2 UTC-06:00,16,1.2,1.4,468221.158,4313237.027,2433.525,-105.366828,38.96752719,2419.5,69.498,,NAD83(2011) / UTM zone 13N + NAVD88(GEOID18) height,9,6,8,5,0
