Name,Code,Easting,Northing,Elevation,Description,Longitude,Latitude,Ellipsoidal height,Origin,Easting RMS,Northing RMS,Elevation RMS,Lateral RMS,Antenna height,Antenna height units,Solution status,Averaging start,Averaging end,Samples,PDOP,GDOP,Base easting,Base northing,Base elevation,Base longitude,Base latitude,Base ellipsoidal height,Baseline,Mount point,CS name,GPS Satellites,GLONASS Satellites,Galileo Satellites,BeiDou Satellites,QZSS Satellites
1,,468296.136,4313308.643,2423.802,,-105.3659659,38.96817526,2409.777,Global,0.01,0.011,0.011,0.015,2.134,m,FIX,2024-04-28 11:52:13.0 UTC-06:00,2024-04-28 11:52:16.0 UTC-06:00,16,1.3,1.5,468219.361,4313236.646,2434.969,-105.3668488,38.9675237,2420.945,105.72,,NAD83(2011) / UTM zone 13N + NAVD88(GEOID18) height,8,6,5,4,0
2,,468295.935,4313308.541,2423.739,,-105.3659682,38.96817433,2409.714,Global,0.01,0.01,0.012,0.014,2.134,m,FIX,2024-04-28 11:52:25.6 UTC-06:00,2024-04-28 11:52:28.6 UTC-06:00,16,1.3,1.5,468219.361,4313236.646,2434.969,-105.3668488,38.9675237,2420.945,105.514,,NAD83(2011) / UTM zone 13N + NAVD88(GEOID18) height,8,6,5,4,0
3,,468296.262,4313308.327,2423.842,,-105.3659644,38.96817242,2409.816,Global,0.011,0.01,0.011,0.015,2.134,m,FIX,2024-04-28 11:52:39.0 UTC-06:00,2024-04-28 11:52:42.0 UTC-06:00,16,1.3,1.5,468219.361,4313236.646,2434.969,-105.3668488,38.9675237,2420.945,105.586,,NAD83(2011) / UTM zone 13N + NAVD88(GEOID18) height,9,6,5,4,0
4,,468296.388,4313308.7,2423.747,,-105.365963,38.96817578,2409.721,Global,0.01,0.01,0.013,0.014,2.134,m,FIX,2024-04-28 11:52:55.4 UTC-06:00,2024-04-28 11:52:58.4 UTC-06:00,16,1.2,1.4,468219.361,4313236.646,2434.969,-105.3668488,38.9675237,2420.945,105.947,,NAD83(2011) / UTM zone 13N + NAVD88(GEOID18) height,9,6,4,4,0
5,,468296.129,4313308.647,2423.799,,-105.365966,38.9681753,2409.774,Global,0.011,0.01,0.011,0.015,2.134,m,FIX,2024-04-28 11:53:08.6 UTC-06:00,2024-04-28 11:53:11.6 UTC-06:00,16,1.3,1.5,468219.361,4313236.646,2434.969,-105.3668488,38.9675237,2420.945,105.712,,NAD83(2011) / UTM zone 13N + NAVD88(GEOID18) height,9,6,5,4,0
6,,468296.042,4313308.825,2423.75,,-105.365967,38.96817689,2409.725,Global,0.012,0.011,0.011,0.016,2.134,m,FIX,2024-04-28 11:53:27.4 UTC-06:00,2024-04-28 11:53:30.4 UTC-06:00,16,1.3,1.5,468219.361,4313236.646,2434.969,-105.3668488,38.9675237,2420.945,105.787,,NAD83(2011) / UTM zone 13N + NAVD88(GEOID18) height,9,6,5,4,0
7,,468295.984,4313309.012,2423.748,,-105.3659677,38.96817857,2409.723,Global,0.011,0.01,0.015,0.015,2.134,m,FIX,2024-04-28 11:53:41.6 UTC-06:00,2024-04-28 11:53:44.6 UTC-06:00,16,1.3,1.5,468219.361,4313236.646,2434.969,-105.3668488,38.9675237,2420.945,105.865,,NAD83(2011) / UTM zone 13N + NAVD88(GEOID18) height,9,6,5,4,0
8,,468295.916,4313309.204,2423.697,,-105.3659685,38.9681803,2409.672,Global,0.013,0.01,0.015,0.016,2.134,m,FIX,2024-04-28 11:53:54.8 UTC-06:00,2024-04-28 11:53:57.8 UTC-06:00,16,1.3,1.5,468219.361,4313236.646,2434.969,-105.3668488,38.9675237,2420.945,105.945,,NAD83(2011) / UTM zone 13N + NAVD88(GEOID18) height,9,6,5,4,0
9,,468295.837,4313309.404,2423.657,,-105.3659694,38.96818211,2409.632,Global,0.012,0.01,0.011,0.016,2.134,m,FIX,2024-04-28 11:54:07.2 UTC-06:00,2024-04-28 11:54:10.2 UTC-06:00,16,1.3,1.5,468219.361,4313236.646,2434.969,-105.3668488,38.9675237,2420.945,106.04,,NAD83(2011) / UTM zone 13N + NAVD88(GEOID18) height,9,6,5,4,0
10,,468295.75,4313309.581,2423.673,,-105.3659704,38.96818369,2409.648,Global,0.011,0.011,0.012,0.015,2.134,m,FIX,2024-04-28 11:54:20.2 UTC-06:00,2024-04-28 11:54:23.2 UTC-06:00,16,1.4,1.7,468219.361,4313236.646,2434.969,-105.3668488,38.9675237,2420.945,106.091,,NAD83(2011) / UTM zone 13N + NAVD88(GEOID18) height,9,6,5,4,0
11,,468295.694,4313309.76,2423.647,,-105.365971,38.96818531,2409.622,Global,0.011,0.01,0.016,0.015,2.134,m,FIX,2024-04-28 11:54:33.0 UTC-06:00,2024-04-28 11:54:36.0 UTC-06:00,16,1.4,1.6,468219.361,4313236.646,2434.969,-105.3668488,38.9675237,2420.945,106.179,,NAD83(2011) / UTM zone 13N + NAVD88(GEOID18) height,7,6,5,4,0
12,,468295.608,4313309.938,2423.616,,-105.365972,38.96818691,2409.591,Global,0.011,0.011,0.013,0.015,2.134,m,FIX,2024-04-28 11:54:53.2 UTC-06:00,2024-04-28 11:54:56.2 UTC-06:00,16,1.3,1.5,468219.361,4313236.646,2434.969,-105.3668488,38.9675237,2420.945,106.242,,NAD83(2011) / UTM zone 13N + NAVD88(GEOID18) height,9,6,5,4,0
13,,468295.509,4313310.14,2423.559,,-105.3659732,38.96818872,2409.534,Global,0.011,0.011,0.01,0.016,2.134,m,FIX,2024-04-28 11:55:15.4 UTC-06:00,2024-04-28 11:55:18.4 UTC-06:00,16,1.3,1.5,468219.361,4313236.646,2434.969,-105.3668488,38.9675237,2420.945,106.317,,NAD83(2011) / UTM zone 13N + NAVD88(GEOID18) height,8,6,5,4,0
14,,468295.442,4313310.314,2423.539,,-105.365974,38.96819029,2409.514,Global,0.01,0.01,0.012,0.015,2.134,m,FIX,2024-04-28 11:55:28.4 UTC-06:00,2024-04-28 11:55:31.4 UTC-06:00,16,1.3,1.5,468219.361,4313236.646,2434.969,-105.3668488,38.9675237,2420.945,106.389,,NAD83(2011) / UTM zone 13N + NAVD88(GEOID18) height,6,6,5,4,0
15,,468295.383,4313310.488,2423.517,,-105.3659747,38.96819186,2409.491,Global,0.011,0.011,0.013,0.015,2.134,m,FIX,2024-04-28 11:55:45.2 UTC-06:00,2024-04-28 11:55:48.2 UTC-06:00,16,1.3,1.5,468219.361,4313236.646,2434.969,-105.3668488,38.9675237,2420.945,106.468,,NAD83(2011) / UTM zone 13N + NAVD88(GEOID18) height,8,6,5,4,0
16,,468295.334,4313310.576,2423.312,,-105.3659752,38.96819264,2409.287,Global,0.011,0.01,0.013,0.015,2.134,m,FIX,2024-04-28 11:56:01.2 UTC-06:00,2024-04-28 11:56:04.2 UTC-06:00,16,1.3,1.5,468219.361,4313236.646,2434.969,-105.3668488,38.9675237,2420.945,106.518,,NAD83(2011) / UTM zone 13N + NAVD88(GEOID18) height,8,6,5,4,0
17,,468295.279,4313310.775,2423.269,,-105.3659759,38.96819444,2409.243,Global,0.011,0.01,0.011,0.015,2.134,m,FIX,2024-04-28 11:56:15.6 UTC-06:00,2024-04-28 11:56:18.6 UTC-06:00,16,1.3,1.5,468219.361,4313236.646,2434.969,-105.3668488,38.9675237,2420.945,106.621,,NAD83(2011) / UTM zone 13N + NAVD88(GEOID18) height,8,6,5,4,0
18,,468295.209,4313310.973,2423.139,,-105.3659767,38.96819622,2409.114,Global,0.01,0.011,0.011,0.015,2.134,m,FIX,2024-04-28 11:56:32.4 UTC-06:00,2024-04-28 11:56:35.4 UTC-06:00,16,1.4,1.6,468219.361,4313236.646,2434.969,-105.3668488,38.9675237,2420.945,106.717,,NAD83(2011) / UTM zone 13N + NAVD88(GEOID18) height,8,6,5,4,0
19,,468295.107,4313311.156,2423.209,,-105.3659779,38.96819786,2409.184,Global,0.01,0.011,0.017,0.015,2.134,m,FIX,2024-04-28 11:56:48.0 UTC-06:00,2024-04-28 11:56:51.0 UTC-06:00,16,1.4,1.6,468219.361,4313236.646,2434.969,-105.3668488,38.9675237,2420.945,106.769,,NAD83(2011) / UTM zone 13N + NAVD88(GEOID18) height,8,6,5,3,0
20,,468295.034,4313311.35,2423.209,,-105.3659787,38.96819961,2409.183,Global,0.01,0.01,0.01,0.015,2.134,m,FIX,2024-04-28 11:57:01.6 UTC-06:00,2024-04-28 11:57:04.6 UTC-06:00,16,1.4,1.6,468219.361,4313236.646,2434.969,-105.3668488,38.9675237,2420.945,106.854,,NAD83(2011) / UTM zone 13N + NAVD88(GEOID18) height,9,6,5,3,0
21,,468294.995,4313311.554,2423.177,,-105.3659792,38.96820145,2409.152,Global,0.012,0.011,0.012,0.016,2.134,m,FIX,2024-04-28 11:57:17.0 UTC-06:00,2024-04-28 11:57:20.0 UTC-06:00,16,1.4,1.6,468219.361,4313236.646,2434.969,-105.3668488,38.9675237,2420.945,106.968,,NAD83(2011) / UTM zone 13N + NAVD88(GEOID18) height,8,6,5,4,0
22,,468294.884,4313311.713,2423.139,,-105.3659805,38.96820288,2409.114,Global,0.011,0.011,0.013,0.015,2.134,m,FIX,2024-04-28 11:57:28.0 UTC-06:00,2024-04-28 11:57:31.0 UTC-06:00,16,1.4,1.6,468219.361,4313236.646,2434.969,-105.3668488,38.9675237,2420.945,107.01,,NAD83(2011) / UTM zone 13N + NAVD88(GEOID18) height,8,6,5,4,0
23,,468294.805,4313311.907,2423.082,,-105.3659814,38.96820462,2409.057,Global,0.01,0.01,0.013,0.014,2.134,m,FIX,2024-04-28 11:57:41.0 UTC-06:00,2024-04-28 11:57:44.0 UTC-06:00,16,1.4,1.6,468219.361,4313236.646,2434.969,-105.3668488,38.9675237,2420.945,107.092,,NAD83(2011) / UTM zone 13N + NAVD88(GEOID18) height,8,6,5,4,0
24,,468294.737,4313312.102,2423.059,,-105.3659822,38.96820637,2409.034,Global,0.011,0.01,0.012,0.015,2.134,m,FIX,2024-04-28 11:57:52.0 UTC-06:00,2024-04-28 11:57:55.0 UTC-06:00,16,1.4,1.6,468219.361,4313236.646,2434.969,-105.3668488,38.9675237,2420.945,107.181,,NAD83(2011) / UTM zone 13N + NAVD88(GEOID18) height,8,6,5,3,0
25,,468294.664,4313312.296,2423.008,,-105.365983,38.96820812,2408.983,Global,0.011,0.011,0.014,0.016,2.134,m,FIX,2024-04-28 11:58:06.8 UTC-06:00,2024-04-28 11:58:09.8 UTC-06:00,16,1.4,1.6,468219.361,4313236.646,2434.969,-105.3668488,38.9675237,2420.945,107.274,,NAD83(2011) / UTM zone 13N + NAVD88(GEOID18) height,7,6,5,3,0
26,,468294.604,4313312.459,2422.999,,-105.3659837,38.96820959,2408.974,Global,0.011,0.012,0.013,0.016,2.134,m,FIX,2024-04-28 11:58:20.4 UTC-06:00,2024-04-28 11:58:23.4 UTC-06:00,16,1.4,1.6,468219.361,4313236.646,2434.969,-105.3668488,38.9675237,2420.945,107.342,,NAD83(2011) / UTM zone 13N + NAVD88(GEOID18) height,8,6,5,4,0
27,,468294.525,4313312.662,2422.963,,-105.3659847,38.96821141,2408.937,Global,0.011,0.012,0.011,0.016,2.134,m,FIX,2024-04-28 11:59:00.4 UTC-06:00,2024-04-28 11:59:03.4 UTC-06:00,16,1.4,1.6,468219.361,4313236.646,2434.969,-105.3668488,38.9675237,2420.945,107.431,,NAD83(2011) / UTM zone 13N + NAVD88(GEOID18) height,8,6,5,4,0
28,,468294.46,4313312.854,2422.935,,-105.3659854,38.96821314,2408.91,Global,0.01,0.011,0.011,0.015,2.134,m,FIX,2024-04-28 11:59:17.2 UTC-06:00,2024-04-28 11:59:20.2 UTC-06:00,16,1.4,1.6,468219.361,4313236.646,2434.969,-105.3668488,38.9675237,2420.945,107.536,,NAD83(2011) / UTM zone 13N + NAVD88(GEOID18) height,8,6,5,4,0
29,,468294.369,4313313.053,2422.92,,-105.3659865,38.96821493,2408.894,Global,0.01,0.011,0.012,0.015,2.134,m,FIX,2024-04-28 11:59:30.2 UTC-06:00,2024-04-28 11:59:33.2 UTC-06:00,16,1.4,1.6,468219.361,4313236.646,2434.969,-105.3668488,38.9675237,2420.945,107.608,,NAD83(2011) / UTM zone 13N + NAVD88(GEOID18) height,8,6,5,4,0
30,,468294.266,4313313.232,2422.923,,-105.3659877,38.96821654,2408.898,Global,0.011,0.01,0.012,0.015,2.134,m,FIX,2024-04-28 11:59:41.2 UTC-06:00,2024-04-28 11:59:44.2 UTC-06:00,16,1.4,1.6,468219.361,4313236.646,2434.969,-105.3668488,38.9675237,2420.945,107.668,,NAD83(2011) / UTM zone 13N + NAVD88(GEOID18) height,8,6,4,4,0
31,,468294.196,4313313.423,2422.923,,-105.3659885,38.96821826,2408.897,Global,0.01,0.01,0.012,0.015,2.134,m,FIX,2024-04-28 11:59:52.8 UTC-06:00,2024-04-28 11:59:55.8 UTC-06:00,16,1.4,1.6,468219.361,4313236.646,2434.969,-105.3668488,38.9675237,2420.945,107.753,,NAD83(2011) / UTM zone 13N + NAVD88(GEOID18) height,8,6,5,4,0
32,,468294.152,4313313.584,2422.924,,-105.365989,38.96821971,2408.899,Global,0.011,0.01,0.012,0.015,2.134,m,FIX,2024-04-28 12:00:07.0 UTC-06:00,2024-04-28 12:00:10.0 UTC-06:00,16,1.4,1.6,468219.361,4313236.646,2434.969,-105.3668488,38.9675237,2420.945,107.838,,NAD83(2011) / UTM zone 13N + NAVD88(GEOID18) height,8,6,5,4,0
33,,468294.058,4313313.771,2422.906,,-105.3659901,38.96822139,2408.88,Global,0.01,0.01,0.014,0.014,2.134,m,FIX,2024-04-28 12:00:19.4 UTC-06:00,2024-04-28 12:00:22.4 UTC-06:00,16,1.4,1.6,468219.361,4313236.646,2434.969,-105.3668488,38.9675237,2420.945,107.909,,NAD83(2011) / UTM zone 13N + NAVD88(GEOID18) height,8,6,4,3,0
34,,468293.995,4313313.983,2422.881,,-105.3659908,38.9682233,2408.856,Global,0.011,0.011,0.017,0.015,2.134,m,FIX,2024-04-28 12:00:31.4 UTC-06:00,2024-04-28 12:00:34.4 UTC-06:00,16,1.4,1.6,468219.361,4313236.646,2434.969,-105.3668488,38.9675237,2420.945,108.022,,NAD83(2011) / UTM zone 13N + NAVD88(GEOID18) height,8,6,5,4,0
35,,468293.944,4313314.173,2422.815,,-105.3659914,38.96822501,2408.79,Global,0.012,0.011,0.015,0.016,2.134,m,FIX,2024-04-28 12:00:43.0 UTC-06:00,2024-04-28 12:00:46.0 UTC-06:00,16,1.4,1.6,468219.361,4313236.646,2434.969,-105.3668488,38.9675237,2420.945,108.125,,NAD83(2011) / UTM zone 13N + NAVD88(GEOID18) height,8,6,5,3,0
36,,468293.872,4313314.365,2422.81,,-105.3659923,38.96822674,2408.785,Global,0.011,0.01,0.014,0.015,2.134,m,FIX,2024-04-28 12:00:57.4 UTC-06:00,2024-04-28 12:01:00.4 UTC-06:00,16,1.4,1.6,468219.361,4313236.646,2434.969,-105.3668488,38.9675237,2420.945,108.221,,NAD83(2011) / UTM zone 13N + NAVD88(GEOID18) height,8,6,5,3,0
37,,468293.831,4313314.562,2422.817,,-105.3659928,38.96822851,2408.791,Global,0.012,0.012,0.011,0.017,2.134,m,FIX,2024-04-28 12:01:10.0 UTC-06:00,2024-04-28 12:01:13.0 UTC-06:00,16,1.4,1.6,468219.361,4313236.646,2434.969,-105.3668488,38.9675237,2420.945,108.336,,NAD83(2011) / UTM zone 13N + NAVD88(GEOID18) height,8,6,5,3,0
38,,468293.746,4313314.735,2422.846,,-105.3659938,38.96823007,2408.82,Global,0.011,0.012,0.012,0.016,2.134,m,FIX,2024-04-28 12:01:27.4 UTC-06:00,2024-04-28 12:01:30.4 UTC-06:00,16,1.3,1.6,468219.361,4313236.646,2434.969,-105.3668488,38.9675237,2420.945,108.402,,NAD83(2011) / UTM zone 13N + NAVD88(GEOID18) height,7,6,5,3,0
39,,468293.64,4313314.939,2422.781,,-105.365995,38.9682319,2408.756,Global,0.011,0.011,0.013,0.015,2.134,m,FIX,2024-04-28 12:01:40.2 UTC-06:00,2024-04-28 12:01:43.2 UTC-06:00,16,1.3,1.6,468219.361,4313236.646,2434.969,-105.3668488,38.9675237,2420.945,108.468,,NAD83(2011) / UTM zone 13N + NAVD88(GEOID18) height,7,6,5,3,0
40,,468293.597,4313315.104,2422.777,,-105.3659955,38.96823339,2408.752,Global,0.011,0.011,0.014,0.016,2.134,m,FIX,2024-04-28 12:01:53.2 UTC-06:00,2024-04-28 12:01:56.2 UTC-06:00,16,1.3,1.6,468219.361,4313236.646,2434.969,-105.3668488,38.9675237,2420.945,108.561,,NAD83(2011) / UTM zone 13N + NAVD88(GEOID18) height,8,6,5,4,0
41,,468293.526,4313315.309,2422.745,,-105.3659963,38.96823523,2408.72,Global,0.01,0.011,0.011,0.015,2.134,m,FIX,2024-04-28 12:02:08.0 UTC-06:00,2024-04-28 12:02:11.0 UTC-06:00,16,1.3,1.6,468219.361,4313236.646,2434.969,-105.3668488,38.9675237,2420.945,108.669,,NAD83(2011) / UTM zone 13N + NAVD88(GEOID18) height,8,6,5,3,0
42,,468293.429,4313315.487,2422.671,,-105.3659974,38.96823684,2408.646,Global,0.014,0.011,0.012,0.018,2.134,m,FIX,2024-04-28 12:02:19.2 UTC-06:00,2024-04-28 12:02:22.2 UTC-06:00,16,1.3,1.6,468219.361,4313236.646,2434.969,-105.3668488,38.9675237,2420.945,108.723,,NAD83(2011) / UTM zone 13N + NAVD88(GEOID18) height,8,6,5,3,0
43,,468293.375,4313315.659,2422.642,,-105.3659981,38.96823838,2408.617,Global,0.012,0.01,0.012,0.016,2.134,m,FIX,2024-04-28 12:02:31.6 UTC-06:00,2024-04-28 12:02:34.6 UTC-06:00,16,1.3,1.6,468219.361,4313236.646,2434.969,-105.3668488,38.9675237,2420.945,108.831,,NAD83(2011) / UTM zone 13N + NAVD88(GEOID18) height,8,6,5,3,0
44,,468293.313,4313315.837,2422.604,,-105.3659988,38.96823998,2408.579,Global,0.011,0.011,0.013,0.016,2.134,m,FIX,2024-04-28 12:02:45.0 UTC-06:00,2024-04-28 12:02:48.0 UTC-06:00,16,1.3,1.6,468219.361,4313236.646,2434.969,-105.3668488,38.9675237,2420.945,108.913,,NAD83(2011) / UTM zone 13N + NAVD88(GEOID18) height,8,6,5,3,0
45,,468293.253,4313316.019,2422.59,,-105.3659995,38.96824162,2408.565,Global,0.013,0.01,0.013,0.016,2.134,m,FIX,2024-04-28 12:03:00.2 UTC-06:00,2024-04-28 12:03:03.2 UTC-06:00,16,1.3,1.6,468219.361,4313236.646,2434.969,-105.3668488,38.9675237,2420.945,109.009,,NAD83(2011) / UTM zone 13N + NAVD88(GEOID18) height,8,6,5,3,0
46,,468293.176,4313316.22,2422.588,,-105.3660004,38.96824343,2408.562,Global,0.011,0.011,0.012,0.015,2.134,m,FIX,2024-04-28 12:03:14.8 UTC-06:00,2024-04-28 12:03:17.8 UTC-06:00,16,1.3,1.6,468219.361,4313236.646,2434.969,-105.3668488,38.9675237,2420.945,109.11,,NAD83(2011) / UTM zone 13N + NAVD88(GEOID18) height,9,6,5,3,0
47,,468293.108,4313316.396,2422.594,,-105.3660012,38.96824501,2408.569,Global,0.012,0.014,0.015,0.018,2.134,m,FIX,2024-04-28 12:03:26.8 UTC-06:00,2024-04-28 12:03:29.8 UTC-06:00,16,1.3,1.6,468219.361,4313236.646,2434.969,-105.3668488,38.9675237,2420.945,109.198,,NAD83(2011) / UTM zone 13N + NAVD88(GEOID18) height,9,6,5,3,0
48,,468293.008,4313316.587,2422.59,,-105.3660024,38.96824673,2408.565,Global,0.011,0.012,0.013,0.016,2.134,m,FIX,2024-04-28 12:03:42.2 UTC-06:00,2024-04-28 12:03:45.2 UTC-06:00,16,1.4,1.7,468219.361,4313236.646,2434.969,-105.3668488,38.9675237,2420.945,109.254,,NAD83(2011) / UTM zone 13N + NAVD88(GEOID18) height,9,6,5,3,0
49,,468292.91,4313316.778,2422.591,,-105.3660035,38.96824845,2408.566,Global,0.012,0.011,0.016,0.016,2.134,m,FIX,2024-04-28 12:03:52.4 UTC-06:00,2024-04-28 12:03:55.4 UTC-06:00,16,1.4,1.7,468219.361,4313236.646,2434.969,-105.3668488,38.9675237,2420.945,109.331,,NAD83(2011) / UTM zone 13N + NAVD88(GEOID18) height,9,6,5,3,0
50,,468292.897,4313316.975,2422.593,,-105.3660037,38.96825022,2408.567,Global,0.011,0.011,0.011,0.016,2.134,m,FIX,2024-04-28 12:04:14.8 UTC-06:00,2024-04-28 12:04:17.8 UTC-06:00,16,1.3,1.6,468219.361,4313236.646,2434.969,-105.3668488,38.9675237,2420.945,109.473,,NAD83(2011) / UTM zone 13N + NAVD88(GEOID18) height,8,6,5,3,0
51,,468292.732,4313317.156,2422.662,,-105.3660056,38.96825184,2408.637,Global,0.011,0.01,0.014,0.015,2.134,m,FIX,2024-04-28 12:04:27.6 UTC-06:00,2024-04-28 12:04:30.6 UTC-06:00,16,1.3,1.6,468219.361,4313236.646,2434.969,-105.3668488,38.9675237,2420.945,109.482,,NAD83(2011) / UTM zone 13N + NAVD88(GEOID18) height,8,6,5,3,0
52,,468292.693,4313317.341,2422.646,,-105.366006,38.96825351,2408.621,Global,0.011,0.011,0.011,0.016,2.134,m,FIX,2024-04-28 12:04:39.0 UTC-06:00,2024-04-28 12:04:42.0 UTC-06:00,16,1.4,1.7,468219.361,4313236.646,2434.969,-105.3668488,38.9675237,2420.945,109.595,,NAD83(2011) / UTM zone 13N + NAVD88(GEOID18) height,8,6,5,3,0
53,,468292.619,4313317.504,2422.715,,-105.3660069,38.96825498,2408.69,Global,0.012,0.011,0.013,0.017,2.134,m,FIX,2024-04-28 12:04:47.0 UTC-06:00,2024-04-28 12:04:50.0 UTC-06:00,16,1.3,1.6,468219.361,4313236.646,2434.969,-105.3668488,38.9675237,2420.945,109.66,,NAD83(2011) / UTM zone 13N + NAVD88(GEOID18) height,8,6,5,3,0
54,,468292.527,4313317.726,2422.655,,-105.366008,38.96825698,2408.63,Global,0.011,0.01,0.013,0.015,2.134,m,FIX,2024-04-28 12:05:09.2 UTC-06:00,2024-04-28 12:05:12.2 UTC-06:00,16,1.3,1.6,468219.361,4313236.646,2434.969,-105.3668488,38.9675237,2420.945,109.765,,NAD83(2011) / UTM zone 13N + NAVD88(GEOID18) height,7,6,5,3,0
55,,468292.48,4313317.89,2422.635,,-105.3660085,38.96825845,2408.61,Global,0.011,0.01,0.012,0.015,2.134,m,FIX,2024-04-28 12:05:18.4 UTC-06:00,2024-04-28 12:05:21.4 UTC-06:00,16,1.3,1.6,468219.361,4313236.646,2434.969,-105.3668488,38.9675237,2420.945,109.862,,NAD83(2011) / UTM zone 13N + NAVD88(GEOID18) height,7,6,4,4,0
56,,468292.397,4313318.081,2422.581,,-105.3660095,38.96826017,2408.556,Global,0.01,0.012,0.01,0.016,2.134,m,FIX,2024-04-28 12:05:32.0 UTC-06:00,2024-04-28 12:05:35.0 UTC-06:00,16,1.3,1.6,468219.361,4313236.646,2434.969,-105.3668488,38.9675237,2420.945,109.954,,NAD83(2011) / UTM zone 13N + NAVD88(GEOID18) height,7,6,5,4,0
57,,468292.324,4313318.278,2422.52,,-105.3660103,38.96826194,2408.495,Global,0.012,0.01,0.015,0.016,2.134,m,FIX,2024-04-28 12:05:44.8 UTC-06:00,2024-04-28 12:05:47.8 UTC-06:00,16,1.3,1.6,468219.361,4313236.646,2434.969,-105.3668488,38.9675237,2420.945,110.049,,NAD83(2011) / UTM zone 13N + NAVD88(GEOID18) height,8,6,5,4,0
58,,468292.31,4313318.5,2422.474,,-105.3660105,38.96826394,2408.449,Global,0.014,0.012,0.013,0.018,2.134,m,FIX,2024-04-28 12:05:55.6 UTC-06:00,2024-04-28 12:05:58.6 UTC-06:00,16,1.3,1.6,468219.361,4313236.646,2434.969,-105.3668488,38.9675237,2420.945,110.228,,NAD83(2011) / UTM zone 13N + NAVD88(GEOID18) height,8,6,5,4,0
59,,468292.169,4313318.668,2422.446,,-105.3660121,38.96826545,2408.421,Global,0.01,0.013,0.011,0.016,2.134,m,FIX,2024-04-28 12:06:09.0 UTC-06:00,2024-04-28 12:06:12.0 UTC-06:00,16,1.3,1.6,468219.361,4313236.646,2434.969,-105.3668488,38.9675237,2420.945,110.259,,NAD83(2011) / UTM zone 13N + NAVD88(GEOID18) height,7,6,5,4,0
60,,468292.058,4313318.815,2422.527,,-105.3660134,38.96826678,2408.502,Global,0.011,0.012,0.016,0.016,2.134,m,FIX,2024-04-28 12:06:22.2 UTC-06:00,2024-04-28 12:06:25.2 UTC-06:00,16,1.3,1.6,468219.361,4313236.646,2434.969,-105.3668488,38.9675237,2420.945,110.272,,NAD83(2011) / UTM zone 13N + NAVD88(GEOID18) height,8,6,5,4,0
61,,468291.984,4313318.993,2422.541,,-105.3660143,38.96826837,2408.516,Global,0.01,0.011,0.012,0.015,2.134,m,FIX,2024-04-28 12:06:35.6 UTC-06:00,2024-04-28 12:06:38.6 UTC-06:00,16,1.3,1.6,468219.361,4313236.646,2434.969,-105.3668488,38.9675237,2420.945,110.366,,NAD83(2011) / UTM zone 13N + NAVD88(GEOID18) height,8,6,5,4,0
62,,468291.907,4313319.188,2422.561,,-105.3660152,38.96827013,2408.536,Global,0.01,0.011,0.012,0.015,2.134,m,FIX,2024-04-28 12:06:50.0 UTC-06:00,2024-04-28 12:06:53.0 UTC-06:00,16,1.3,1.6,468219.361,4313236.646,2434.969,-105.3668488,38.9675237,2420.945,110.453,,NAD83(2011) / UTM zone 13N + NAVD88(GEOID18) height,8,7,5,4,0
63,,468291.773,4313319.361,2422.609,,-105.3660167,38.96827168,2408.584,Global,0.012,0.013,0.012,0.017,2.134,m,FIX,2024-04-28 12:07:01.0 UTC-06:00,2024-04-28 12:07:04.0 UTC-06:00,16,1.3,1.6,468219.361,4313236.646,2434.969,-105.3668488,38.9675237,2420.945,110.496,,NAD83(2011) / UTM zone 13N + NAVD88(GEOID18) height,7,6,5,4,0
64,,468291.686,4313319.526,2422.657,,-105.3660178,38.96827316,2408.632,Global,0.012,0.011,0.011,0.016,2.134,m,FIX,2024-04-28 12:07:13.2 UTC-06:00,2024-04-28 12:07:16.2 UTC-06:00,16,1.3,1.6,468219.361,4313236.646,2434.969,-105.3668488,38.9675237,2420.945,110.554,,NAD83(2011) / UTM zone 13N + NAVD88(GEOID18) height,8,6,5,4,0
65,,468291.581,4313319.703,2422.671,,-105.366019,38.96827476,2408.646,Global,0.011,0.011,0.012,0.015,2.134,m,FIX,2024-04-28 12:07:27.8 UTC-06:00,2024-04-28 12:07:30.8 UTC-06:00,16,1.3,1.6,468219.361,4313236.646,2434.969,-105.3668488,38.9675237,2420.945,110.623,,NAD83(2011) / UTM zone 13N + NAVD88(GEOID18) height,7,6,5,4,0
66,,468291.494,4313319.861,2422.675,,-105.36602,38.96827618,2408.65,Global,0.011,0.01,0.012,0.015,2.134,m,FIX,2024-04-28 12:07:38.0 UTC-06:00,2024-04-28 12:07:41.0 UTC-06:00,16,1.3,1.6,468219.361,4313236.646,2434.969,-105.3668488,38.9675237,2420.945,110.684,,NAD83(2011) / UTM zone 13N + NAVD88(GEOID18) height,7,7,5,4,0
67,,468291.445,4313320.066,2422.641,,-105.3660206,38.96827802,2408.616,Global,0.011,0.011,0.012,0.015,2.134,m,FIX,2024-04-28 12:07:48.0 UTC-06:00,2024-04-28 12:07:51.0 UTC-06:00,16,1.3,1.6,468219.361,4313236.646,2434.969,-105.3668488,38.9675237,2420.945,110.802,,NAD83(2011) / UTM zone 13N + NAVD88(GEOID18) height,7,6,5,4,0
68,,468291.416,4313320.26,2422.625,,-105.3660209,38.96827977,2408.6,Global,0.01,0.01,0.015,0.015,2.134,m,FIX,2024-04-28 12:07:58.4 UTC-06:00,2024-04-28 12:08:01.4 UTC-06:00,16,1.3,1.6,468219.361,4313236.646,2434.969,-105.3668488,38.9675237,2420.945,110.933,,NAD83(2011) / UTM zone 13N + NAVD88(GEOID18) height,7,6,5,4,0
69,,468291.357,4313320.467,2422.626,,-105.3660216,38.96828163,2408.601,Global,0.012,0.011,0.011,0.017,2.134,m,FIX,2024-04-28 12:08:08.6 UTC-06:00,2024-04-28 12:08:11.6 UTC-06:00,16,1.3,1.6,468219.361,4313236.646,2434.969,-105.3668488,38.9675237,2420.945,111.041,,NAD83(2011) / UTM zone 13N + NAVD88(GEOID18) height,8,6,5,4,0
70,,468291.252,4313320.614,2422.613,,-105.3660228,38.96828296,2408.588,Global,0.028,0.016,0.032,0.033,2.134,m,FIX,2024-04-28 12:08:18.4 UTC-06:00,2024-04-28 12:08:21.4 UTC-06:00,16,1.3,1.6,468219.361,4313236.646,2434.969,-105.3668488,38.9675237,2420.945,111.066,,NAD83(2011) / UTM zone 13N + NAVD88(GEOID18) height,8,6,5,4,0
71,,468291.148,4313320.792,2422.596,,-105.366024,38.96828455,2408.571,Global,0.011,0.012,0.017,0.016,2.134,m,FIX,2024-04-28 12:08:28.8 UTC-06:00,2024-04-28 12:08:31.8 UTC-06:00,16,1.3,1.6,468219.361,4313236.646,2434.969,-105.3668488,38.9675237,2420.945,111.166,,NAD83(2011) / UTM zone 13N + NAVD88(GEOID18) height,7,6,5,4,0
72,,468291.08,4313320.994,2422.608,,-105.3660248,38.96828637,2408.583,Global,0.011,0.01,0.018,0.015,2.134,m,FIX,2024-04-28 12:08:40.8 UTC-06:00,2024-04-28 12:08:43.8 UTC-06:00,16,1.4,1.6,468219.361,4313236.646,2434.969,-105.3668488,38.9675237,2420.945,111.265,,NAD83(2011) / UTM zone 13N + NAVD88(GEOID18) height,8,6,5,4,0
73,,468290.993,4313321.178,2422.617,,-105.3660258,38.96828803,2408.592,Global,0.01,0.012,0.02,0.016,2.134,m,FIX,2024-04-28 12:08:53.2 UTC-06:00,2024-04-28 12:08:56.2 UTC-06:00,16,1.4,1.6,468219.361,4313236.646,2434.969,-105.3668488,38.9675237,2420.945,111.362,,NAD83(2011) / UTM zone 13N + NAVD88(GEOID18) height,8,6,5,4,0
74,,468290.942,4313321.361,2422.614,,-105.3660264,38.96828967,2408.589,Global,0.013,0.01,0.019,0.017,2.134,m,FIX,2024-04-28 12:09:03.0 UTC-06:00,2024-04-28 12:09:06.0 UTC-06:00,16,1.4,1.6,468219.361,4313236.646,2434.969,-105.3668488,38.9675237,2420.945,111.454,,NAD83(2011) / UTM zone 13N + NAVD88(GEOID18) height,8,5,5,4,0
75,,468290.868,4313321.555,2422.648,,-105.3660273,38.96829142,2408.623,Global,0.011,0.012,0.019,0.016,2.134,m,FIX,2024-04-28 12:09:13.8 UTC-06:00,2024-04-28 12:09:16.8 UTC-06:00,16,1.4,1.6,468219.361,4313236.646,2434.969,-105.3668488,38.9675237,2420.945,111.56,,NAD83(2011) / UTM zone 13N + NAVD88(GEOID18) height,8,6,5,4,0
76,,468290.782,4313321.736,2422.65,,-105.3660283,38.96829305,2408.625,Global,0.011,0.01,0.015,0.015,2.134,m,FIX,2024-04-28 12:09:25.8 UTC-06:00,2024-04-28 12:09:28.8 UTC-06:00,16,1.3,1.6,468219.361,4313236.646,2434.969,-105.3668488,38.9675237,2420.945,111.644,,NAD83(2011) / UTM zone 13N + NAVD88(GEOID18) height,8,6,5,4,0
77,,468290.753,4313321.95,2422.646,,-105.3660286,38.96829498,2408.621,Global,0.011,0.011,0.018,0.015,2.134,m,FIX,2024-04-28 12:09:35.2 UTC-06:00,2024-04-28 12:09:38.2 UTC-06:00,16,1.3,1.6,468219.361,4313236.646,2434.969,-105.3668488,38.9675237,2420.945,111.789,,NAD83(2011) / UTM zone 13N + NAVD88(GEOID18) height,8,6,5,4,0
78,,468290.687,4313322.126,2422.64,,-105.3660294,38.96829655,2408.615,Global,0.012,0.012,0.019,0.016,2.134,m,FIX,2024-04-28 12:09:47.0 UTC-06:00,2024-04-28 12:09:50.0 UTC-06:00,16,1.3,1.6,468219.361,4313236.646,2434.969,-105.3668488,38.9675237,2420.945,111.891,,NAD83(2011) / UTM zone 13N + NAVD88(GEOID18) height,8,6,5,4,0
79,,468290.604,4313322.334,2422.639,,-105.3660304,38.96829843,2408.614,Global,0.011,0.012,0.021,0.016,2.134,m,FIX,2024-04-28 12:09:57.8 UTC-06:00,2024-04-28 12:10:00.8 UTC-06:00,16,1.3,1.6,468219.361,4313236.646,2434.969,-105.3668488,38.9675237,2420.945,111.984,,NAD83(2011) / UTM zone 13N + NAVD88(GEOID18) height,8,6,5,4,0
80,,468290.538,4313322.503,2422.635,,-105.3660311,38.96829995,2408.61,Global,0.011,0.011,0.023,0.015,2.134,m,FIX,2024-04-28 12:10:08.6 UTC-06:00,2024-04-28 12:10:11.6 UTC-06:00,16,1.3,1.6,468219.361,4313236.646,2434.969,-105.3668488,38.9675237,2420.945,112.066,,NAD83(2011) / UTM zone 13N + NAVD88(GEOID18) height,7,6,5,4,0
81,,468290.475,4313322.674,2422.637,,-105.3660319,38.96830149,2408.612,Global,0.011,0.01,0.023,0.015,2.134,m,FIX,2024-04-28 12:10:23.6 UTC-06:00,2024-04-28 12:10:26.6 UTC-06:00,16,1.3,1.6,468219.361,4313236.646,2434.969,-105.3668488,38.9675237,2420.945,112.169,,NAD83(2011) / UTM zone 13N + NAVD88(GEOID18) height,7,6,5,4,0
82,,468290.392,4313322.887,2422.667,,-105.3660328,38.96830341,2408.642,Global,0.01,0.011,0.025,0.015,2.134,m,FIX,2024-04-28 12:10:35.2 UTC-06:00,2024-04-28 12:10:38.2 UTC-06:00,16,1.3,1.6,468219.361,4313236.646,2434.969,-105.3668488,38.9675237,2420.945,112.275,,NAD83(2011) / UTM zone 13N + NAVD88(GEOID18) height,8,6,5,4,0
83,,468290.307,4313323.073,2422.656,,-105.3660338,38.96830508,2408.631,Global,0.011,0.01,0.026,0.015,2.134,m,FIX,2024-04-28 12:10:46.6 UTC-06:00,2024-04-28 12:10:49.6 UTC-06:00,16,1.3,1.6,468219.361,4313236.646,2434.969,-105.3668488,38.9675237,2420.945,112.365,,NAD83(2011) / UTM zone 13N + NAVD88(GEOID18) height,8,6,5,4,0
84,,468290.239,4313323.258,2422.688,,-105.3660346,38.96830674,2408.663,Global,0.011,0.011,0.021,0.016,2.134,m,FIX,2024-04-28 12:11:00.0 UTC-06:00,2024-04-28 12:11:03.0 UTC-06:00,16,1.3,1.6,468219.361,4313236.646,2434.969,-105.3668488,38.9675237,2420.945,112.466,,NAD83(2011) / UTM zone 13N + NAVD88(GEOID18) height,7,6,5,4,0
85,,468290.197,4313323.443,2422.686,,-105.3660351,38.96830841,2408.661,Global,0.012,0.013,0.022,0.018,2.134,m,FIX,2024-04-28 12:11:11.2 UTC-06:00,2024-04-28 12:11:14.2 UTC-06:00,16,1.3,1.6,468219.361,4313236.646,2434.969,-105.3668488,38.9675237,2420.945,112.585,,NAD83(2011) / UTM zone 13N + NAVD88(GEOID18) height,7,6,5,4,0
86,,468290.111,4313323.626,2422.689,,-105.3660361,38.96831005,2408.664,Global,0.01,0.01,0.019,0.014,2.134,m,FIX,2024-04-28 12:11:24.8 UTC-06:00,2024-04-28 12:11:27.8 UTC-06:00,16,1.3,1.6,468219.361,4313236.646,2434.969,-105.3668488,38.9675237,2420.945,112.663,,NAD83(2011) / UTM zone 13N + NAVD88(GEOID18) height,7,6,5,4,0
87,,468290.06,4313323.833,2422.652,,-105.3660367,38.96831191,2408.627,Global,0.011,0.011,0.021,0.015,2.134,m,FIX,2024-04-28 12:11:36.4 UTC-06:00,2024-04-28 12:11:39.4 UTC-06:00,16,1.4,1.7,468219.361,4313236.646,2434.969,-105.3668488,38.9675237,2420.945,112.794,,NAD83(2011) / UTM zone 13N + NAVD88(GEOID18) height,7,6,5,4,0
88,,468289.998,4313324.018,2422.596,,-105.3660375,38.96831358,2408.571,Global,0.011,0.01,0.021,0.015,2.134,m,FIX,2024-04-28 12:11:45.6 UTC-06:00,2024-04-28 12:11:48.6 UTC-06:00,16,1.4,1.7,468219.361,4313236.646,2434.969,-105.3668488,38.9675237,2420.945,112.903,,NAD83(2011) / UTM zone 13N + NAVD88(GEOID18) height,7,6,5,4,0
89,,468289.958,4313324.186,2422.577,,-105.3660379,38.9683151,2408.552,Global,0.012,0.011,0.022,0.016,2.134,m,FIX,2024-04-28 12:11:57.2 UTC-06:00,2024-04-28 12:12:00.2 UTC-06:00,16,1.4,1.7,468219.361,4313236.646,2434.969,-105.3668488,38.9675237,2420.945,113.012,,NAD83(2011) / UTM zone 13N + NAVD88(GEOID18) height,7,7,5,4,0
90,,468289.887,4313324.386,2422.545,,-105.3660387,38.96831689,2408.52,Global,0.011,0.011,0.026,0.015,2.134,m,FIX,2024-04-28 12:12:10.8 UTC-06:00,2024-04-28 12:12:13.8 UTC-06:00,16,1.4,1.7,468219.361,4313236.646,2434.969,-105.3668488,38.9675237,2420.945,113.125,,NAD83(2011) / UTM zone 13N + NAVD88(GEOID18) height,8,7,4,4,0
91,,468289.804,4313324.561,2422.532,,-105.3660397,38.96831846,2408.507,Global,0.012,0.012,0.029,0.017,2.134,m,FIX,2024-04-28 12:12:26.0 UTC-06:00,2024-04-28 12:12:29.0 UTC-06:00,16,1.4,1.7,468219.361,4313236.646,2434.969,-105.3668488,38.9675237,2420.945,113.214,,NAD83(2011) / UTM zone 13N + NAVD88(GEOID18) height,8,7,4,4,0
92,,468289.761,4313324.769,2422.528,,-105.3660402,38.96832034,2408.503,Global,0.012,0.015,0.03,0.019,2.134,m,FIX,2024-04-28 12:12:44.2 UTC-06:00,2024-04-28 12:12:47.2 UTC-06:00,16,1.4,1.7,468219.361,4313236.646,2434.969,-105.3668488,38.9675237,2420.945,113.35,,NAD83(2011) / UTM zone 13N + NAVD88(GEOID18) height,7,7,5,4,0
93,,468289.718,4313324.987,2422.494,,-105.3660407,38.96832231,2408.469,Global,0.012,0.016,0.031,0.02,2.134,m,FIX,2024-04-28 12:12:57.8 UTC-06:00,2024-04-28 12:13:00.8 UTC-06:00,16,1.4,1.7,468219.361,4313236.646,2434.969,-105.3668488,38.9675237,2420.945,113.499,,NAD83(2011) / UTM zone 13N + NAVD88(GEOID18) height,8,7,5,4,0
94,,468289.638,4313325.168,2422.561,,-105.3660417,38.96832393,2408.536,Global,0.01,0.012,0.024,0.016,2.134,m,FIX,2024-04-28 12:13:12.0 UTC-06:00,2024-04-28 12:13:15.0 UTC-06:00,16,1.6,1.9,468219.361,4313236.646,2434.969,-105.3668488,38.9675237,2420.945,113.582,,NAD83(2011) / UTM zone 13N + NAVD88(GEOID18) height,7,7,4,4,0
95,,468289.56,4313325.369,2422.55,,-105.3660426,38.96832574,2408.525,Global,0.012,0.011,0.026,0.017,2.134,m,FIX,2024-04-28 12:13:24.6 UTC-06:00,2024-04-28 12:13:27.6 UTC-06:00,16,1.6,1.9,468219.361,4313236.646,2434.969,-105.3668488,38.9675237,2420.945,113.676,,NAD83(2011) / UTM zone 13N + NAVD88(GEOID18) height,7,7,5,4,0
96,,468289.479,4313325.519,2422.551,,-105.3660435,38.96832709,2408.526,Global,0.011,0.012,0.027,0.016,2.134,m,FIX,2024-04-28 12:13:38.4 UTC-06:00,2024-04-28 12:13:41.4 UTC-06:00,16,1.6,1.9,468219.361,4313236.646,2434.969,-105.3668488,38.9675237,2420.945,113.761,,NAD83(2011) / UTM zone 13N + NAVD88(GEOID18) height,8,6,5,4,0
97,,468289.371,4313325.719,2422.555,,-105.3660448,38.96832888,2408.53,Global,0.011,0.011,0.031,0.016,2.134,m,FIX,2024-04-28 12:13:51.2 UTC-06:00,2024-04-28 12:13:54.2 UTC-06:00,16,1.6,1.9,468219.361,4313236.646,2434.969,-105.3668488,38.9675237,2420.945,113.851,,NAD83(2011) / UTM zone 13N + NAVD88(GEOID18) height,8,6,5,4,0
98,,468289.289,4313325.918,2422.557,,-105.3660457,38.96833068,2408.532,Global,0.012,0.012,0.033,0.017,2.134,m,FIX,2024-04-28 12:14:02.4 UTC-06:00,2024-04-28 12:14:05.4 UTC-06:00,16,1.8,2.2,468219.361,4313236.646,2434.969,-105.3668488,38.9675237,2420.945,113.956,,NAD83(2011) / UTM zone 13N + NAVD88(GEOID18) height,8,6,5,4,0
99,,468289.23,4313326.055,2422.566,,-105.3660464,38.96833191,2408.541,Global,0.012,0.012,0.034,0.017,2.134,m,FIX,2024-04-28 12:14:14.8 UTC-06:00,2024-04-28 12:14:17.8 UTC-06:00,16,1.8,2.2,468219.361,4313236.646,2434.969,-105.3668488,38.9675237,2420.945,114.02,,NAD83(2011) / UTM zone 13N + NAVD88(GEOID18) height,8,7,5,4,0
100,,468289.146,4313326.267,2422.557,,-105.3660474,38.96833382,2408.532,Global,0.012,0.012,0.033,0.017,2.134,m,FIX,2024-04-28 12:14:28.8 UTC-06:00,2024-04-28 12:14:31.8 UTC-06:00,16,1.6,1.9,468219.361,4313236.646,2434.969,-105.3668488,38.9675237,2420.945,114.137,,NAD83(2011) / UTM zone 13N + NAVD88(GEOID18) height,8,7,5,4,0
101,,468289.072,4313326.453,2422.537,,-105.3660483,38.96833549,2408.512,Global,0.012,0.012,0.032,0.017,2.134,m,FIX,2024-04-28 12:14:41.2 UTC-06:00,2024-04-28 12:14:44.2 UTC-06:00,16,1.6,1.9,468219.361,4313236.646,2434.969,-105.3668488,38.9675237,2420.945,114.246,,NAD83(2011) / UTM zone 13N + NAVD88(GEOID18) height,8,7,5,4,0
102,,468289.007,4313326.634,2422.538,,-105.366049,38.96833712,2408.513,Global,0.012,0.011,0.032,0.016,2.134,m,FIX,2024-04-28 12:14:54.0 UTC-06:00,2024-04-28 12:14:57.0 UTC-06:00,16,1.8,2.2,468219.361,4313236.646,2434.969,-105.3668488,38.9675237,2420.945,114.337,,NAD83(2011) / UTM zone 13N + NAVD88(GEOID18) height,8,7,5,4,0
103,,468288.94,4313326.832,2422.516,,-105.3660498,38.9683389,2408.491,Global,0.011,0.011,0.032,0.016,2.134,m,FIX,2024-04-28 12:15:07.4 UTC-06:00,2024-04-28 12:15:10.4 UTC-06:00,16,1.6,1.9,468219.361,4313236.646,2434.969,-105.3668488,38.9675237,2420.945,114.463,,NAD83(2011) / UTM zone 13N + NAVD88(GEOID18) height,8,6,5,4,0
104,,468288.854,4313326.984,2422.53,,-105.3660508,38.96834027,2408.505,Global,0.012,0.011,0.029,0.016,2.134,m,FIX,2024-04-28 12:15:17.6 UTC-06:00,2024-04-28 12:15:20.6 UTC-06:00,16,1.6,1.9,468219.361,4313236.646,2434.969,-105.3668488,38.9675237,2420.945,114.53,,NAD83(2011) / UTM zone 13N + NAVD88(GEOID18) height,8,6,4,4,0
105,,468288.781,4313327.21,2422.542,,-105.3660517,38.96834231,2408.517,Global,0.013,0.013,0.038,0.018,2.134,m,FIX,2024-04-28 12:15:28.2 UTC-06:00,2024-04-28 12:15:31.2 UTC-06:00,16,1.6,1.9,468219.361,4313236.646,2434.969,-105.3668488,38.9675237,2420.945,114.659,,NAD83(2011) / UTM zone 13N + NAVD88(GEOID18) height,8,6,4,4,0
106,,468288.718,4313327.384,2422.559,,-105.3660524,38.96834387,2408.534,Global,0.014,0.013,0.039,0.019,2.134,m,FIX,2024-04-28 12:15:42.8 UTC-06:00,2024-04-28 12:15:45.8 UTC-06:00,16,1.8,2.2,468219.361,4313236.646,2434.969,-105.3668488,38.9675237,2420.945,114.757,,NAD83(2011) / UTM zone 13N + NAVD88(GEOID18) height,8,6,3,4,0
107,,468288.659,4313327.575,2422.569,,-105.3660531,38.96834558,2408.544,Global,0.012,0.012,0.036,0.017,2.134,m,FIX,2024-04-28 12:15:54.6 UTC-06:00,2024-04-28 12:15:57.6 UTC-06:00,16,1.8,2.2,468219.361,4313236.646,2434.969,-105.3668488,38.9675237,2420.945,114.871,,NAD83(2011) / UTM zone 13N + NAVD88(GEOID18) height,8,5,3,4,0
108,,468288.609,4313327.748,2422.597,,-105.3660537,38.96834714,2408.572,Global,0.011,0.011,0.031,0.016,2.134,m,FIX,2024-04-28 12:16:09.6 UTC-06:00,2024-04-28 12:16:12.6 UTC-06:00,16,1.8,2.2,468219.361,4313236.646,2434.969,-105.3668488,38.9675237,2420.945,114.978,,NAD83(2011) / UTM zone 13N + NAVD88(GEOID18) height,8,5,3,4,0
109,,468288.511,4313327.929,2422.596,,-105.3660548,38.96834878,2408.571,Global,0.013,0.013,0.036,0.018,2.134,m,FIX,2024-04-28 12:16:20.8 UTC-06:00,2024-04-28 12:16:23.8 UTC-06:00,16,1.8,2.2,468219.361,4313236.646,2434.969,-105.3668488,38.9675237,2420.945,115.059,,NAD83(2011) / UTM zone 13N + NAVD88(GEOID18) height,8,6,3,4,0
110,,468288.43,4313328.123,2422.601,,-105.3660557,38.96835052,2408.576,Global,0.014,0.013,0.038,0.019,2.134,m,FIX,2024-04-28 12:16:31.2 UTC-06:00,2024-04-28 12:16:34.2 UTC-06:00,16,1.6,1.9,468219.361,4313236.646,2434.969,-105.3668488,38.9675237,2420.945,115.168,,NAD83(2011) / UTM zone 13N + NAVD88(GEOID18) height,7,6,3,4,0
111,,468288.347,4313328.314,2422.589,,-105.3660567,38.96835223,2408.565,Global,0.011,0.012,0.033,0.016,2.134,m,FIX,2024-04-28 12:16:46.0 UTC-06:00,2024-04-28 12:16:49.0 UTC-06:00,16,1.8,2.2,468219.361,4313236.646,2434.969,-105.3668488,38.9675237,2420.945,115.275,,NAD83(2011) / UTM zone 13N + NAVD88(GEOID18) height,8,6,3,4,0
112,,468288.276,4313328.478,2422.571,,-105.3660575,38.96835371,2408.546,Global,0.011,0.011,0.032,0.016,2.134,m,FIX,2024-04-28 12:17:00.4 UTC-06:00,2024-04-28 12:17:03.4 UTC-06:00,16,1.8,2.2,468219.361,4313236.646,2434.969,-105.3668488,38.9675237,2420.945,115.365,,NAD83(2011) / UTM zone 13N + NAVD88(GEOID18) height,8,5,3,4,0
113,,468288.226,4313328.694,2422.58,,-105.3660581,38.96835565,2408.556,Global,0.011,0.011,0.033,0.016,2.134,m,FIX,2024-04-28 12:17:12.6 UTC-06:00,2024-04-28 12:17:15.6 UTC-06:00,16,1.8,2.2,468219.361,4313236.646,2434.969,-105.3668488,38.9675237,2420.945,115.502,,NAD83(2011) / UTM zone 13N + NAVD88(GEOID18) height,8,5,3,4,0
114,,468288.134,4313328.857,2422.596,,-105.3660592,38.96835712,2408.571,Global,0.016,0.013,0.04,0.02,2.134,m,FIX,2024-04-28 12:17:23.2 UTC-06:00,2024-04-28 12:17:26.2 UTC-06:00,16,1.8,2.2,468219.361,4313236.646,2434.969,-105.3668488,38.9675237,2420.945,115.58,,NAD83(2011) / UTM zone 13N + NAVD88(GEOID18) height,8,7,4,4,0
115,,468288.089,4313329.046,2422.611,,-105.3660597,38.96835882,2408.586,Global,0.011,0.01,0.031,0.015,2.134,m,FIX,2024-04-28 12:17:33.4 UTC-06:00,2024-04-28 12:17:36.4 UTC-06:00,16,1.8,2.2,468219.361,4313236.646,2434.969,-105.3668488,38.9675237,2420.945,115.699,,NAD83(2011) / UTM zone 13N + NAVD88(GEOID18) height,8,7,3,4,0
116,,468287.982,4313329.222,2422.518,,-105.366061,38.96836041,2408.493,Global,0.01,0.01,0.024,0.015,2.134,m,FIX,2024-04-28 12:17:43.8 UTC-06:00,2024-04-28 12:17:46.8 UTC-06:00,16,1.8,2.2,468219.361,4313236.646,2434.969,-105.3668488,38.9675237,2420.945,115.786,,NAD83(2011) / UTM zone 13N + NAVD88(GEOID18) height,7,6,3,4,0
117,,468287.931,4313329.409,2422.532,,-105.3660616,38.96836209,2408.507,Global,0.011,0.011,0.031,0.015,2.134,m,FIX,2024-04-28 12:17:56.4 UTC-06:00,2024-04-28 12:17:59.4 UTC-06:00,16,1.8,2.2,468219.361,4313236.646,2434.969,-105.3668488,38.9675237,2420.945,115.902,,NAD83(2011) / UTM zone 13N + NAVD88(GEOID18) height,8,5,3,4,0
118,,468287.89,4313329.617,2422.533,,-105.366062,38.96836396,2408.508,Global,0.01,0.011,0.031,0.015,2.134,m,FIX,2024-04-28 12:18:08.8 UTC-06:00,2024-04-28 12:18:11.8 UTC-06:00,16,1.8,2.2,468219.361,4313236.646,2434.969,-105.3668488,38.9675237,2420.945,116.051,,NAD83(2011) / UTM zone 13N + NAVD88(GEOID18) height,8,6,3,4,0
119,,468287.793,4313329.809,2422.482,,-105.3660632,38.96836569,2408.457,Global,0.014,0.01,0.02,0.017,2.134,m,FIX,2024-04-28 12:18:23.8 UTC-06:00,2024-04-28 12:18:26.8 UTC-06:00,16,1.8,2.2,468219.361,4313236.646,2434.969,-105.3668488,38.9675237,2420.945,116.154,,NAD83(2011) / UTM zone 13N + NAVD88(GEOID18) height,7,6,3,4,0
120,,468287.72,4313329.975,2422.473,,-105.366064,38.96836718,2408.448,Global,0.01,0.01,0.02,0.015,2.134,m,FIX,2024-04-28 12:18:35.6 UTC-06:00,2024-04-28 12:18:38.6 UTC-06:00,16,1.8,2.2,468219.361,4313236.646,2434.969,-105.3668488,38.9675237,2420.945,116.241,,NAD83(2011) / UTM zone 13N + NAVD88(GEOID18) height,7,7,3,4,0
121,,468287.665,4313330.203,2422.493,,-105.3660647,38.96836923,2408.468,Global,0.011,0.01,0.019,0.015,2.134,m,FIX,2024-04-28 12:18:50.8 UTC-06:00,2024-04-28 12:18:53.8 UTC-06:00,16,1.8,2.2,468219.361,4313236.646,2434.969,-105.3668488,38.9675237,2420.945,116.385,,NAD83(2011) / UTM zone 13N + NAVD88(GEOID18) height,7,6,3,4,0
122,,468287.615,4313330.374,2422.466,,-105.3660653,38.96837077,2408.441,Global,0.01,0.011,0.02,0.015,2.134,m,FIX,2024-04-28 12:19:02.2 UTC-06:00,2024-04-28 12:19:05.2 UTC-06:00,16,1.8,2.2,468219.361,4313236.646,2434.969,-105.3668488,38.9675237,2420.945,116.497,,NAD83(2011) / UTM zone 13N + NAVD88(GEOID18) height,8,6,3,4,0
123,,468287.53,4313330.569,2422.473,,-105.3660662,38.96837253,2408.448,Global,0.01,0.01,0.022,0.015,2.134,m,FIX,2024-04-28 12:19:15.2 UTC-06:00,2024-04-28 12:19:18.2 UTC-06:00,16,1.6,1.9,468219.361,4313236.646,2434.969,-105.3668488,38.9675237,2420.945,116.601,,NAD83(2011) / UTM zone 13N + NAVD88(GEOID18) height,8,7,3,4,0
124,,468287.453,4313330.724,2422.506,,-105.3660671,38.96837392,2408.481,Global,0.012,0.011,0.024,0.016,2.134,m,FIX,2024-04-28 12:19:25.2 UTC-06:00,2024-04-28 12:19:28.2 UTC-06:00,16,1.6,1.9,468219.361,4313236.646,2434.969,-105.3668488,38.9675237,2420.945,116.685,,NAD83(2011) / UTM zone 13N + NAVD88(GEOID18) height,8,6,3,4,0
125,,468287.422,4313330.943,2422.451,,-105.3660675,38.9683759,2408.426,Global,0.01,0.01,0.025,0.015,2.134,m,FIX,2024-04-28 12:19:40.8 UTC-06:00,2024-04-28 12:19:43.8 UTC-06:00,16,1.8,2.2,468219.361,4313236.646,2434.969,-105.3668488,38.9675237,2420.945,116.846,,NAD83(2011) / UTM zone 13N + NAVD88(GEOID18) height,7,5,3,4,0
126,,468287.334,4313331.121,2422.546,,-105.3660685,38.96837749,2408.521,Global,0.011,0.011,0.024,0.016,2.134,m,FIX,2024-04-28 12:19:53.0 UTC-06:00,2024-04-28 12:19:56.0 UTC-06:00,16,1.8,2.2,468219.361,4313236.646,2434.969,-105.3668488,38.9675237,2420.945,116.93,,NAD83(2011) / UTM zone 13N + NAVD88(GEOID18) height,8,4,3,4,0
127,,468287.284,4313331.288,2422.56,,-105.3660691,38.968379,2408.535,Global,0.011,0.011,0.023,0.016,2.134,m,FIX,2024-04-28 12:20:06.0 UTC-06:00,2024-04-28 12:20:09.0 UTC-06:00,16,1.8,2.2,468219.361,4313236.646,2434.969,-105.3668488,38.9675237,2420.945,117.039,,NAD83(2011) / UTM zone 13N + NAVD88(GEOID18) height,7,5,3,4,0
128,,468287.226,4313331.471,2422.596,,-105.3660698,38.96838065,2408.571,Global,0.011,0.011,0.028,0.015,2.134,m,FIX,2024-04-28 12:20:17.0 UTC-06:00,2024-04-28 12:20:20.0 UTC-06:00,16,1.8,2.2,468219.361,4313236.646,2434.969,-105.3668488,38.9675237,2420.945,117.147,,NAD83(2011) / UTM zone 13N + NAVD88(GEOID18) height,8,6,3,4,0
129,,468287.135,4313331.657,2422.608,,-105.3660709,38.96838231,2408.583,Global,0.01,0.011,0.022,0.015,2.134,m,FIX,2024-04-28 12:20:29.2 UTC-06:00,2024-04-28 12:20:32.2 UTC-06:00,16,1.8,2.2,468219.361,4313236.646,2434.969,-105.3668488,38.9675237,2420.945,117.238,,NAD83(2011) / UTM zone 13N + NAVD88(GEOID18) height,8,5,3,4,0
130,,468287.055,4313331.844,2422.669,,-105.3660718,38.968384,2408.644,Global,0.011,0.01,0.022,0.015,2.134,m,FIX,2024-04-28 12:20:40.4 UTC-06:00,2024-04-28 12:20:43.4 UTC-06:00,16,1.8,2.2,468219.361,4313236.646,2434.969,-105.3668488,38.9675237,2420.945,117.343,,NAD83(2011) / UTM zone 13N + NAVD88(GEOID18) height,8,5,3,4,0
131,,468286.942,4313332.02,2422.699,,-105.3660731,38.96838558,2408.675,Global,0.01,0.01,0.02,0.015,2.134,m,FIX,2024-04-28 12:20:54.6 UTC-06:00,2024-04-28 12:20:57.6 UTC-06:00,16,1.8,2.2,468219.361,4313236.646,2434.969,-105.3668488,38.9675237,2420.945,117.416,,NAD83(2011) / UTM zone 13N + NAVD88(GEOID18) height,8,5,3,4,0
132,,468286.871,4313332.181,2422.768,,-105.3660739,38.96838703,2408.743,Global,0.01,0.011,0.024,0.015,2.134,m,FIX,2024-04-28 12:21:07.0 UTC-06:00,2024-04-28 12:21:10.0 UTC-06:00,16,1.8,2.2,468219.361,4313236.646,2434.969,-105.3668488,38.9675237,2420.945,117.496,,NAD83(2011) / UTM zone 13N + NAVD88(GEOID18) height,8,5,3,4,0
133,,468286.838,4313332.347,2422.767,,-105.3660743,38.96838852,2408.742,Global,0.01,0.011,0.022,0.015,2.134,m,FIX,2024-04-28 12:22:11.2 UTC-06:00,2024-04-28 12:22:14.2 UTC-06:00,16,1.8,2.2,468219.361,4313236.646,2434.969,-105.3668488,38.9675237,2420.945,117.621,,NAD83(2011) / UTM zone 13N + NAVD88(GEOID18) height,9,6,3,4,0
134,,468286.833,4313332.398,2422.918,,-105.3660744,38.96838898,2408.894,Global,0.011,0.011,0.028,0.016,2.134,m,FIX,2024-04-28 12:22:30.8 UTC-06:00,2024-04-28 12:22:33.8 UTC-06:00,16,1.8,2.2,468219.361,4313236.646,2434.969,-105.3668488,38.9675237,2420.945,117.645,,NAD83(2011) / UTM zone 13N + NAVD88(GEOID18) height,9,6,3,4,0
135,,468286.813,4313332.479,2423.274,,-105.3660746,38.96838971,2409.249,Global,0.011,0.011,0.018,0.015,2.134,m,FIX,2024-04-28 12:22:55.6 UTC-06:00,2024-04-28 12:22:58.6 UTC-06:00,16,1.6,2,468219.361,4313236.646,2434.969,-105.3668488,38.9675237,2420.945,117.665,,NAD83(2011) / UTM zone 13N + NAVD88(GEOID18) height,9,5,3,4,0
136,,468286.721,4313332.672,2423.311,,-105.3660757,38.96839145,2409.286,Global,0.011,0.011,0.019,0.015,2.134,m,FIX,2024-04-28 12:23:14.2 UTC-06:00,2024-04-28 12:23:17.2 UTC-06:00,16,1.6,2,468219.361,4313236.646,2434.969,-105.3668488,38.9675237,2420.945,117.773,,NAD83(2011) / UTM zone 13N + NAVD88(GEOID18) height,9,6,3,4,0
137,,468286.668,4313332.854,2423.358,,-105.3660763,38.96839309,2409.333,Global,0.011,0.011,0.019,0.016,2.134,m,FIX,2024-04-28 12:23:30.2 UTC-06:00,2024-04-28 12:23:33.2 UTC-06:00,16,1.6,2,468219.361,4313236.646,2434.969,-105.3668488,38.9675237,2420.945,117.89,,NAD83(2011) / UTM zone 13N + NAVD88(GEOID18) height,9,5,3,4,0
138,,468286.568,4313333.103,2423.456,,-105.3660775,38.96839533,2409.431,Global,0.011,0.01,0.021,0.015,2.134,m,FIX,2024-04-28 12:23:45.2 UTC-06:00,2024-04-28 12:23:48.2 UTC-06:00,16,1.6,2,468219.361,4313236.646,2434.969,-105.3668488,38.9675237,2420.945,118.024,,NAD83(2011) / UTM zone 13N + NAVD88(GEOID18) height,9,6,4,4,0
139,,468286.558,4313333.134,2423.545,,-105.3660776,38.96839561,2409.52,Global,0.011,0.01,0.019,0.015,2.134,m,FIX,2024-04-28 12:24:01.0 UTC-06:00,2024-04-28 12:24:04.0 UTC-06:00,16,1.6,2,468219.361,4313236.646,2434.969,-105.3668488,38.9675237,2420.945,118.032,,NAD83(2011) / UTM zone 13N + NAVD88(GEOID18) height,9,6,4,5,0
140,,468286.314,4313333.041,2423.485,,-105.3660804,38.96839476,2409.46,Global,0.01,0.012,0.022,0.016,2.134,m,FIX,2024-04-28 12:24:17.0 UTC-06:00,2024-04-28 12:24:20.0 UTC-06:00,16,1.6,2,468219.361,4313236.646,2434.969,-105.3668488,38.9675237,2420.945,117.83,,NAD83(2011) / UTM zone 13N + NAVD88(GEOID18) height,9,5,4,4,0
141,,468286.446,4313333.373,2423.427,,-105.3660789,38.96839775,2409.402,Global,0.011,0.011,0.018,0.016,2.134,m,FIX,2024-04-28 12:24:30.0 UTC-06:00,2024-04-28 12:24:33.0 UTC-06:00,16,1.6,2,468219.361,4313236.646,2434.969,-105.3668488,38.9675237,2420.945,118.171,,NAD83(2011) / UTM zone 13N + NAVD88(GEOID18) height,9,5,4,4,0
142,,468286.754,4313333.222,2423.36,,-105.3660753,38.9683964,2409.336,Global,0.01,0.013,0.014,0.016,2.134,m,FIX,2024-04-28 12:24:45.0 UTC-06:00,2024-04-28 12:24:48.0 UTC-06:00,16,1.6,2,468219.361,4313236.646,2434.969,-105.3668488,38.9675237,2420.945,118.234,,NAD83(2011) / UTM zone 13N + NAVD88(GEOID18) height,8,5,4,4,0
143,,468286.541,4313333.114,2423.48,,-105.3660778,38.96839542,2409.455,Global,0.01,0.012,0.016,0.016,2.134,m,FIX,2024-04-28 12:24:59.8 UTC-06:00,2024-04-28 12:25:02.8 UTC-06:00,16,1.6,2,468219.361,4313236.646,2434.969,-105.3668488,38.9675237,2420.945,118.019,,NAD83(2011) / UTM zone 13N + NAVD88(GEOID18) height,8,5,4,4,0
144,,468286.347,4313333.663,2423.492,,-105.36608,38.96840036,2409.467,Global,0.011,0.011,0.018,0.015,2.134,m,FIX,2024-04-28 12:25:44.4 UTC-06:00,2024-04-28 12:25:47.4 UTC-06:00,16,1.7,2,468219.361,4313236.646,2434.969,-105.3668488,38.9675237,2420.945,118.355,,NAD83(2011) / UTM zone 13N + NAVD88(GEOID18) height,8,6,3,4,0
145,,468286.254,4313334.141,2423.509,,-105.3660811,38.96840466,2409.484,Global,0.012,0.01,0.019,0.015,2.134,m,FIX,2024-04-28 12:26:06.0 UTC-06:00,2024-04-28 12:26:09.0 UTC-06:00,16,1.7,2,468219.361,4313236.646,2434.969,-105.3668488,38.9675237,2420.945,118.693,,NAD83(2011) / UTM zone 13N + NAVD88(GEOID18) height,8,6,3,4,0
146,,468286.07,4313334.619,2423.436,,-105.3660833,38.96840896,2409.411,Global,0.011,0.011,0.022,0.015,2.134,m,FIX,2024-04-28 12:26:18.2 UTC-06:00,2024-04-28 12:26:21.2 UTC-06:00,16,1.7,2,468219.361,4313236.646,2434.969,-105.3668488,38.9675237,2420.945,118.991,,NAD83(2011) / UTM zone 13N + NAVD88(GEOID18) height,8,6,3,4,0
147,,468285.883,4313335.079,2423.448,,-105.3660855,38.9684131,2409.423,Global,0.011,0.01,0.013,0.015,2.134,m,FIX,2024-04-28 12:26:28.6 UTC-06:00,2024-04-28 12:26:31.6 UTC-06:00,16,1.7,2,468219.361,4313236.646,2434.969,-105.3668488,38.9675237,2420.945,119.264,,NAD83(2011) / UTM zone 13N + NAVD88(GEOID18) height,8,5,3,4,0
148,,468285.712,4313335.544,2423.461,,-105.3660875,38.96841729,2409.436,Global,0.011,0.01,0.016,0.015,2.134,m,FIX,2024-04-28 12:26:41.6 UTC-06:00,2024-04-28 12:26:44.6 UTC-06:00,16,1.7,2,468219.361,4313236.646,2434.969,-105.3668488,38.9675237,2420.945,119.557,,NAD83(2011) / UTM zone 13N + NAVD88(GEOID18) height,8,5,3,4,0
149,,468285.531,4313336.034,2423.467,,-105.3660896,38.9684217,2409.442,Global,0.011,0.01,0.017,0.015,2.134,m,FIX,2024-04-28 12:26:52.2 UTC-06:00,2024-04-28 12:26:55.2 UTC-06:00,16,1.7,2,468219.361,4313236.646,2434.969,-105.3668488,38.9675237,2420.945,119.855,,NAD83(2011) / UTM zone 13N + NAVD88(GEOID18) height,8,5,3,4,0
150,,468285.369,4313336.489,2423.387,,-105.3660915,38.9684258,2409.362,Global,0.011,0.01,0.02,0.015,2.134,m,FIX,2024-04-28 12:27:09.2 UTC-06:00,2024-04-28 12:27:12.2 UTC-06:00,16,1.7,2,468219.361,4313236.646,2434.969,-105.3668488,38.9675237,2420.945,120.154,,NAD83(2011) / UTM zone 13N + NAVD88(GEOID18) height,8,5,3,4,0
151,,468285.186,4313336.947,2423.308,,-105.3660936,38.96842991,2409.283,Global,0.011,0.011,0.021,0.015,2.134,m,FIX,2024-04-28 12:27:31.6 UTC-06:00,2024-04-28 12:27:34.6 UTC-06:00,16,1.7,2,468219.361,4313236.646,2434.969,-105.3668488,38.9675237,2420.945,120.446,,NAD83(2011) / UTM zone 13N + NAVD88(GEOID18) height,8,5,3,4,0
152,,468285.016,4313337.397,2423.271,,-105.3660956,38.96843396,2409.246,Global,0.011,0.011,0.023,0.015,2.134,m,FIX,2024-04-28 12:27:46.4 UTC-06:00,2024-04-28 12:27:49.4 UTC-06:00,16,1.7,2,468219.361,4313236.646,2434.969,-105.3668488,38.9675237,2420.945,120.727,,NAD83(2011) / UTM zone 13N + NAVD88(GEOID18) height,8,5,3,4,0
153,,468284.817,4313337.899,2423.334,,-105.3660979,38.96843848,2409.309,Global,0.011,0.012,0.023,0.016,2.134,m,FIX,2024-04-28 12:28:03.2 UTC-06:00,2024-04-28 12:28:06.2 UTC-06:00,16,1.7,2,468219.361,4313236.646,2434.969,-105.3668488,38.9675237,2420.945,121.042,,NAD83(2011) / UTM zone 13N + NAVD88(GEOID18) height,8,5,3,4,0
154,,468284.625,4313338.346,2423.269,,-105.3661001,38.9684425,2409.244,Global,0.012,0.011,0.031,0.016,2.134,m,FIX,2024-04-28 12:28:17.8 UTC-06:00,2024-04-28 12:28:20.8 UTC-06:00,16,1.8,2.2,468219.361,4313236.646,2434.969,-105.3668488,38.9675237,2420.945,121.318,,NAD83(2011) / UTM zone 13N + NAVD88(GEOID18) height,7,6,3,4,0
155,,468284.46,4313338.815,2423.202,,-105.3661021,38.96844672,2409.177,Global,0.011,0.012,0.026,0.016,2.134,m,FIX,2024-04-28 12:28:28.6 UTC-06:00,2024-04-28 12:28:31.6 UTC-06:00,16,1.8,2.2,468219.361,4313236.646,2434.969,-105.3668488,38.9675237,2420.945,121.621,,NAD83(2011) / UTM zone 13N + NAVD88(GEOID18) height,7,6,3,4,0
156,,468284.28,4313339.294,2423.188,,-105.3661042,38.96845103,2409.163,Global,0.011,0.01,0.03,0.015,2.134,m,FIX,2024-04-28 12:28:44.2 UTC-06:00,2024-04-28 12:28:47.2 UTC-06:00,16,1.8,2.2,468219.361,4313236.646,2434.969,-105.3668488,38.9675237,2420.945,121.928,,NAD83(2011) / UTM zone 13N + NAVD88(GEOID18) height,7,6,3,4,0
157,,468284.117,4313339.747,2423.117,,-105.3661061,38.9684551,2409.092,Global,0.011,0.01,0.031,0.015,2.134,m,FIX,2024-04-28 12:28:56.6 UTC-06:00,2024-04-28 12:28:59.6 UTC-06:00,16,1.8,2.2,468219.361,4313236.646,2434.969,-105.3668488,38.9675237,2420.945,122.229,,NAD83(2011) / UTM zone 13N + NAVD88(GEOID18) height,7,6,3,4,0
158,,468283.904,4313340.252,2423.047,,-105.3661085,38.96845965,2409.022,Global,0.012,0.013,0.032,0.017,2.134,m,FIX,2024-04-28 12:29:09.2 UTC-06:00,2024-04-28 12:29:12.2 UTC-06:00,16,1.8,2.2,468219.361,4313236.646,2434.969,-105.3668488,38.9675237,2420.945,122.552,,NAD83(2011) / UTM zone 13N + NAVD88(GEOID18) height,7,6,3,4,0
159,,468283.759,4313340.685,2423.091,,-105.3661102,38.96846355,2409.066,Global,0.011,0.011,0.029,0.015,2.134,m,FIX,2024-04-28 12:29:21.6 UTC-06:00,2024-04-28 12:29:24.6 UTC-06:00,16,1.8,2.2,468219.361,4313236.646,2434.969,-105.3668488,38.9675237,2420.945,122.846,,NAD83(2011) / UTM zone 13N + NAVD88(GEOID18) height,7,6,3,4,0
160,,468283.565,4313341.154,2423.079,,-105.3661125,38.96846777,2409.054,Global,0.01,0.011,0.033,0.015,2.134,m,FIX,2024-04-28 12:29:35.6 UTC-06:00,2024-04-28 12:29:38.6 UTC-06:00,16,1.7,2,468219.361,4313236.646,2434.969,-105.3668488,38.9675237,2420.945,123.14,,NAD83(2011) / UTM zone 13N + NAVD88(GEOID18) height,8,5,3,4,0
161,,468283.408,4313341.632,2423.123,,-105.3661143,38.96847207,2409.098,Global,0.013,0.014,0.031,0.019,2.134,m,FIX,2024-04-28 12:29:47.6 UTC-06:00,2024-04-28 12:29:50.6 UTC-06:00,16,1.8,2.1,468219.361,4313236.646,2434.969,-105.3668488,38.9675237,2420.945,123.464,,NAD83(2011) / UTM zone 13N + NAVD88(GEOID18) height,7,5,3,4,0
162,,468283.228,4313342.065,2423.184,,-105.3661164,38.96847596,2409.159,Global,0.012,0.011,0.03,0.016,2.134,m,FIX,2024-04-28 12:30:00.0 UTC-06:00,2024-04-28 12:30:03.0 UTC-06:00,16,2,2.5,468219.361,4313236.646,2434.969,-105.3668488,38.9675237,2420.945,123.735,,NAD83(2011) / UTM zone 13N + NAVD88(GEOID18) height,6,6,3,4,0
163,,468283.088,4313342.575,2423.244,,-105.3661181,38.96848055,2409.219,Global,0.011,0.012,0.031,0.016,2.134,m,FIX,2024-04-28 12:30:23.0 UTC-06:00,2024-04-28 12:30:26.0 UTC-06:00,16,1.8,2.1,468219.361,4313236.646,2434.969,-105.3668488,38.9675237,2420.945,124.092,,NAD83(2011) / UTM zone 13N + NAVD88(GEOID18) height,7,6,3,5,0
164,,468282.936,4313342.924,2423.227,,-105.3661198,38.96848369,2409.202,Global,0.011,0.011,0.028,0.015,2.134,m,FIX,2024-04-28 12:30:35.2 UTC-06:00,2024-04-28 12:30:38.2 UTC-06:00,16,1.8,2.1,468219.361,4313236.646,2434.969,-105.3668488,38.9675237,2420.945,124.304,,NAD83(2011) / UTM zone 13N + NAVD88(GEOID18) height,7,6,3,5,0
165,,468282.702,4313343.416,2423.298,,-105.3661226,38.96848812,2409.273,Global,0.012,0.011,0.021,0.016,2.134,m,FIX,2024-04-28 12:30:49.8 UTC-06:00,2024-04-28 12:30:52.8 UTC-06:00,16,1.8,2.1,468219.361,4313236.646,2434.969,-105.3668488,38.9675237,2420.945,124.609,,NAD83(2011) / UTM zone 13N + NAVD88(GEOID18) height,7,6,3,5,0
166,,468282.575,4313343.972,2423.277,,-105.3661241,38.96849313,2409.252,Global,0.011,0.011,0.018,0.015,2.134,m,FIX,2024-04-28 12:31:07.8 UTC-06:00,2024-04-28 12:31:10.8 UTC-06:00,16,1.7,2,468219.361,4313236.646,2434.969,-105.3668488,38.9675237,2420.945,125.026,,NAD83(2011) / UTM zone 13N + NAVD88(GEOID18) height,8,6,3,5,0
167,,468282.392,4313344.441,2423.19,,-105.3661262,38.96849734,2409.165,Global,0.011,0.011,0.02,0.015,2.134,m,FIX,2024-04-28 12:31:21.2 UTC-06:00,2024-04-28 12:31:24.2 UTC-06:00,16,1.7,2,468219.361,4313236.646,2434.969,-105.3668488,38.9675237,2420.945,125.338,,NAD83(2011) / UTM zone 13N + NAVD88(GEOID18) height,8,6,3,5,0
168,,468282.221,4313344.893,2423.217,,-105.3661282,38.96850141,2409.192,Global,0.011,0.011,0.02,0.016,2.134,m,FIX,2024-04-28 12:31:34.8 UTC-06:00,2024-04-28 12:31:37.8 UTC-06:00,16,1.7,2,468219.361,4313236.646,2434.969,-105.3668488,38.9675237,2420.945,125.639,,NAD83(2011) / UTM zone 13N + NAVD88(GEOID18) height,8,6,3,5,0
169,,468282.008,4313345.338,2423.225,,-105.3661307,38.96850541,2409.2,Global,0.011,0.014,0.022,0.018,2.134,m,FIX,2024-04-28 12:31:50.4 UTC-06:00,2024-04-28 12:31:53.4 UTC-06:00,16,1.7,2,468219.361,4313236.646,2434.969,-105.3668488,38.9675237,2420.945,125.922,,NAD83(2011) / UTM zone 13N + NAVD88(GEOID18) height,8,6,3,5,0
170,,468281.811,4313345.782,2423.209,,-105.366133,38.96850941,2409.185,Global,0.011,0.011,0.018,0.015,2.134,m,FIX,2024-04-28 12:32:04.0 UTC-06:00,2024-04-28 12:32:07.0 UTC-06:00,16,1.7,2,468219.361,4313236.646,2434.969,-105.3668488,38.9675237,2420.945,126.21,,NAD83(2011) / UTM zone 13N + NAVD88(GEOID18) height,8,6,3,5,0
171,,468281.596,4313346.254,2423.166,,-105.3661355,38.96851365,2409.142,Global,0.011,0.011,0.03,0.015,2.134,m,FIX,2024-04-28 12:32:15.4 UTC-06:00,2024-04-28 12:32:18.4 UTC-06:00,16,1.7,2,468219.361,4313236.646,2434.969,-105.3668488,38.9675237,2420.945,126.515,,NAD83(2011) / UTM zone 13N + NAVD88(GEOID18) height,8,6,3,5,0
172,,468281.399,4313346.732,2423.124,,-105.3661378,38.96851795,2409.099,Global,0.011,0.012,0.02,0.016,2.134,m,FIX,2024-04-28 12:32:31.0 UTC-06:00,2024-04-28 12:32:34.0 UTC-06:00,16,1.7,2,468219.361,4313236.646,2434.969,-105.3668488,38.9675237,2420.945,126.836,,NAD83(2011) / UTM zone 13N + NAVD88(GEOID18) height,8,6,3,5,0
173,,468281.208,4313347.179,2423.08,,-105.36614,38.96852197,2409.055,Global,0.012,0.01,0.022,0.016,2.134,m,FIX,2024-04-28 12:32:44.0 UTC-06:00,2024-04-28 12:32:47.0 UTC-06:00,16,1.7,2,468219.361,4313236.646,2434.969,-105.3668488,38.9675237,2420.945,127.131,,NAD83(2011) / UTM zone 13N + NAVD88(GEOID18) height,8,6,3,5,0
174,,468280.981,4313347.617,2423.043,,-105.3661426,38.96852591,2409.019,Global,0.01,0.01,0.019,0.014,2.134,m,FIX,2024-04-28 12:32:57.8 UTC-06:00,2024-04-28 12:33:00.8 UTC-06:00,16,1.7,2,468219.361,4313236.646,2434.969,-105.3668488,38.9675237,2420.945,127.404,,NAD83(2011) / UTM zone 13N + NAVD88(GEOID18) height,8,6,3,5,0
175,,468280.756,4313348.079,2423.079,,-105.3661453,38.96853007,2409.055,Global,0.012,0.01,0.017,0.016,2.134,m,FIX,2024-04-28 12:33:12.2 UTC-06:00,2024-04-28 12:33:15.2 UTC-06:00,16,2,2.4,468219.361,4313236.646,2434.969,-105.3668488,38.9675237,2420.945,127.688,,NAD83(2011) / UTM zone 13N + NAVD88(GEOID18) height,7,6,3,5,0
176,,468280.588,4313348.526,2423.099,,-105.3661472,38.96853409,2409.074,Global,0.011,0.011,0.018,0.015,2.134,m,FIX,2024-04-28 12:33:25.0 UTC-06:00,2024-04-28 12:33:28.0 UTC-06:00,16,2,2.4,468219.361,4313236.646,2434.969,-105.3668488,38.9675237,2420.945,128.011,,NAD83(2011) / UTM zone 13N + NAVD88(GEOID18) height,7,6,3,5,0
177,,468280.371,4313349.033,2423.133,,-105.3661497,38.96853865,2409.108,Global,0.011,0.011,0.019,0.016,2.134,m,FIX,2024-04-28 12:33:37.2 UTC-06:00,2024-04-28 12:33:40.2 UTC-06:00,16,2,2.4,468219.361,4313236.646,2434.969,-105.3668488,38.9675237,2420.945,128.34,,NAD83(2011) / UTM zone 13N + NAVD88(GEOID18) height,7,6,3,5,0
178,,468280.174,4313349.473,2423.229,,-105.366152,38.96854261,2409.205,Global,0.01,0.01,0.021,0.015,2.134,m,FIX,2024-04-28 12:33:50.0 UTC-06:00,2024-04-28 12:33:53.0 UTC-06:00,16,2,2.5,468219.361,4313236.646,2434.969,-105.3668488,38.9675237,2420.945,128.628,,NAD83(2011) / UTM zone 13N + NAVD88(GEOID18) height,7,6,3,5,0
179,,468279.963,4313349.953,2423.338,,-105.3661545,38.96854692,2409.313,Global,0.01,0.01,0.02,0.015,2.134,m,FIX,2024-04-28 12:34:04.4 UTC-06:00,2024-04-28 12:34:07.4 UTC-06:00,16,2,2.4,468219.361,4313236.646,2434.969,-105.3668488,38.9675237,2420.945,128.945,,NAD83(2011) / UTM zone 13N + NAVD88(GEOID18) height,8,6,3,5,0
180,,468279.8,4313350.379,2423.329,,-105.3661564,38.96855076,2409.304,Global,0.011,0.012,0.023,0.016,2.134,m,FIX,2024-04-28 12:34:25.8 UTC-06:00,2024-04-28 12:34:28.8 UTC-06:00,16,1.7,2.1,468219.361,4313236.646,2434.969,-105.3668488,38.9675237,2420.945,129.25,,NAD83(2011) / UTM zone 13N + NAVD88(GEOID18) height,8,6,3,5,0
181,,468279.582,4313350.828,2423.424,,-105.3661589,38.96855479,2409.4,Global,0.011,0.011,0.026,0.015,2.134,m,FIX,2024-04-28 12:34:58.6 UTC-06:00,2024-04-28 12:35:01.6 UTC-06:00,16,2,2.5,468219.361,4313236.646,2434.969,-105.3668488,38.9675237,2420.945,129.53,,NAD83(2011) / UTM zone 13N + NAVD88(GEOID18) height,7,6,3,5,0
182,,468279.426,4313351.285,2423.498,,-105.3661607,38.96855891,2409.474,Global,0.011,0.011,0.023,0.015,2.134,m,FIX,2024-04-28 12:35:17.0 UTC-06:00,2024-04-28 12:35:20.0 UTC-06:00,16,2,2.5,468219.361,4313236.646,2434.969,-105.3668488,38.9675237,2420.945,129.864,,NAD83(2011) / UTM zone 13N + NAVD88(GEOID18) height,7,6,3,5,0
183,,468279.127,4313351.711,2423.518,,-105.3661642,38.96856274,2409.494,Global,0.01,0.011,0.023,0.015,2.134,m,FIX,2024-04-28 12:35:35.4 UTC-06:00,2024-04-28 12:35:38.4 UTC-06:00,16,2,2.5,468219.361,4313236.646,2434.969,-105.3668488,38.9675237,2420.945,130.099,,NAD83(2011) / UTM zone 13N + NAVD88(GEOID18) height,7,6,3,5,0
184,,468278.893,4313352.182,2423.629,,-105.3661669,38.96856697,2409.604,Global,0.011,0.01,0.025,0.015,2.134,m,FIX,2024-04-28 12:36:03.4 UTC-06:00,2024-04-28 12:36:06.4 UTC-06:00,16,2,2.5,468219.361,4313236.646,2434.969,-105.3668488,38.9675237,2420.945,130.396,,NAD83(2011) / UTM zone 13N + NAVD88(GEOID18) height,7,6,3,5,0
185,,468278.72,4313352.642,2423.716,,-105.366169,38.96857111,2409.692,Global,0.01,0.011,0.026,0.015,2.134,m,FIX,2024-04-28 12:36:19.8 UTC-06:00,2024-04-28 12:36:22.8 UTC-06:00,16,2,2.5,468219.361,4313236.646,2434.969,-105.3668488,38.9675237,2420.945,130.721,,NAD83(2011) / UTM zone 13N + NAVD88(GEOID18) height,7,6,3,5,0
186,,468278.546,4313353.055,2423.803,,-105.366171,38.96857482,2409.778,Global,0.011,0.011,0.024,0.015,2.134,m,FIX,2024-04-28 12:36:32.6 UTC-06:00,2024-04-28 12:36:35.6 UTC-06:00,16,2.1,2.5,468219.361,4313236.646,2434.969,-105.3668488,38.9675237,2420.945,131.005,,NAD83(2011) / UTM zone 13N + NAVD88(GEOID18) height,8,6,3,5,0
187,,468278.304,4313353.492,2423.917,,-105.3661738,38.96857876,2409.893,Global,0.011,0.013,0.03,0.017,2.134,m,FIX,2024-04-28 12:36:48.0 UTC-06:00,2024-04-28 12:36:51.0 UTC-06:00,16,2.1,2.5,468219.361,4313236.646,2434.969,-105.3668488,38.9675237,2420.945,131.276,,NAD83(2011) / UTM zone 13N + NAVD88(GEOID18) height,7,6,3,5,0
188,,468278.099,4313353.933,2423.974,,-105.3661762,38.96858272,2409.949,Global,0.01,0.013,0.031,0.017,2.134,m,FIX,2024-04-28 12:37:00.0 UTC-06:00,2024-04-28 12:37:03.0 UTC-06:00,16,2.1,2.5,468219.361,4313236.646,2434.969,-105.3668488,38.9675237,2420.945,131.573,,NAD83(2011) / UTM zone 13N + NAVD88(GEOID18) height,7,6,3,5,0
189,,468277.83,4313354.404,2424.005,,-105.3661793,38.96858695,2409.98,Global,0.013,0.011,0.027,0.017,2.134,m,FIX,2024-04-28 12:37:19.2 UTC-06:00,2024-04-28 12:37:22.2 UTC-06:00,16,2.4,2.9,468219.361,4313236.646,2434.969,-105.3668488,38.9675237,2420.945,131.868,,NAD83(2011) / UTM zone 13N + NAVD88(GEOID18) height,7,6,3,5,0
190,,468277.675,4313354.627,2424.029,,-105.3661811,38.96858896,2410.004,Global,0.01,0.014,0.028,0.017,2.134,m,FIX,2024-04-28 12:37:40.4 UTC-06:00,2024-04-28 12:37:43.4 UTC-06:00,16,2.4,2.9,468219.361,4313236.646,2434.969,-105.3668488,38.9675237,2420.945,132.002,,NAD83(2011) / UTM zone 13N + NAVD88(GEOID18) height,7,6,3,5,0
191,,468277.66,4313354.662,2424.052,,-105.3661813,38.96858928,2410.027,Global,0.01,0.013,0.023,0.016,2.134,m,FIX,2024-04-28 12:37:58.4 UTC-06:00,2024-04-28 12:38:01.4 UTC-06:00,16,2.4,2.9,468219.361,4313236.646,2434.969,-105.3668488,38.9675237,2420.945,132.026,,NAD83(2011) / UTM zone 13N + NAVD88(GEOID18) height,6,6,3,5,0
192,,468277.444,4313354.556,2424.014,,-105.3661838,38.96858832,2409.99,Global,0.011,0.013,0.025,0.017,2.134,m,FIX,2024-04-28 12:38:13.2 UTC-06:00,2024-04-28 12:38:16.2 UTC-06:00,16,2.1,2.6,468219.361,4313236.646,2434.969,-105.3668488,38.9675237,2420.945,131.833,,NAD83(2011) / UTM zone 13N + NAVD88(GEOID18) height,7,6,3,5,0
193,,468277.55,4313354.897,2424.08,,-105.3661826,38.96859139,2410.055,Global,0.012,0.01,0.021,0.016,2.134,m,FIX,2024-04-28 12:38:27.6 UTC-06:00,2024-04-28 12:38:30.6 UTC-06:00,16,2.1,2.6,468219.361,4313236.646,2434.969,-105.3668488,38.9675237,2420.945,132.182,,NAD83(2011) / UTM zone 13N + NAVD88(GEOID18) height,7,6,3,5,0
194,,468277.928,4313354.765,2424.035,,-105.3661782,38.96859022,2410.01,Global,0.014,0.014,0.031,0.02,2.134,m,FIX,2024-04-28 12:38:42.6 UTC-06:00,2024-04-28 12:38:45.6 UTC-06:00,16,2.4,3,468219.361,4313236.646,2434.969,-105.3668488,38.9675237,2420.945,132.229,,NAD83(2011) / UTM zone 13N + NAVD88(GEOID18) height,7,6,3,5,0
195,,468277.682,4313354.662,2424.063,,-105.366181,38.96858927,2410.039,Global,0.011,0.011,0.017,0.015,2.134,m,FIX,2024-04-28 12:38:59.4 UTC-06:00,2024-04-28 12:39:02.4 UTC-06:00,16,2.4,3,468219.361,4313236.646,2434.969,-105.3668488,38.9675237,2420.945,132.029,,NAD83(2011) / UTM zone 13N + NAVD88(GEOID18) height,7,6,3,5,0
196,,468312.737,4313265.591,2426.269,,-105.3657723,38.96778791,2412.243,Global,0.011,0.016,0.036,0.019,2.134,m,FIX,2024-04-28 12:51:55.6 UTC-06:00,2024-04-28 12:51:58.6 UTC-06:00,16,3.1,3.9,468219.361,4313236.646,2434.969,-105.3668488,38.9675237,2420.945,98.05,,NAD83(2011) / UTM zone 13N + NAVD88(GEOID18) height,8,6,3,5,0
197,,468312.522,4313265.444,2426.29,,-105.3657747,38.96778658,2412.265,Global,0.012,0.02,0.04,0.024,2.134,m,FIX,2024-04-28 12:52:10.4 UTC-06:00,2024-04-28 12:52:13.4 UTC-06:00,16,2,2.3,468219.361,4313236.646,2434.969,-105.3668488,38.9675237,2420.945,97.796,,NAD83(2011) / UTM zone 13N + NAVD88(GEOID18) height,7,6,3,6,0
198,,468312.884,4313265.256,2426.422,,-105.3657706,38.96778489,2412.396,Global,0.01,0.012,0.022,0.015,2.134,m,FIX,2024-04-28 12:52:21.8 UTC-06:00,2024-04-28 12:52:24.8 UTC-06:00,16,1.5,1.7,468219.361,4313236.646,2434.969,-105.3668488,38.9675237,2420.945,98.081,,NAD83(2011) / UTM zone 13N + NAVD88(GEOID18) height,7,6,3,6,0
199,,468312.968,4313265.69,2426.13,,-105.3657696,38.9677888,2412.104,Global,0.012,0.014,0.028,0.019,2.134,m,FIX,2024-04-28 12:52:33.6 UTC-06:00,2024-04-28 12:52:36.6 UTC-06:00,16,1.7,2.1,468219.361,4313236.646,2434.969,-105.3668488,38.9675237,2420.945,98.319,,NAD83(2011) / UTM zone 13N + NAVD88(GEOID18) height,7,7,3,6,0
200,,468312.75,4313265.578,2426.217,,-105.3657721,38.96778779,2412.191,Global,0.011,0.011,0.019,0.015,2.134,m,FIX,2024-04-28 12:52:47.6 UTC-06:00,2024-04-28 12:52:50.6 UTC-06:00,16,1.9,2.2,468219.361,4313236.646,2434.969,-105.3668488,38.9675237,2420.945,98.068,,NAD83(2011) / UTM zone 13N + NAVD88(GEOID18) height,7,6,3,6,0
201,,468312.028,4313267.4,2425.206,,-105.3657805,38.96780418,2411.18,Global,0.01,0.012,0.023,0.016,2.134,m,FIX,2024-04-28 12:53:15.4 UTC-06:00,2024-04-28 12:53:18.4 UTC-06:00,16,1.4,1.7,468219.361,4313236.646,2434.969,-105.3668488,38.9675237,2420.945,98.011,,NAD83(2011) / UTM zone 13N + NAVD88(GEOID18) height,8,6,3,6,0
202,,468311.404,4313268.908,2424.363,,-105.3657878,38.96781775,2410.337,Global,0.01,0.012,0.014,0.016,2.134,m,FIX,2024-04-28 12:53:33.6 UTC-06:00,2024-04-28 12:53:36.6 UTC-06:00,16,1.6,2,468219.361,4313236.646,2434.969,-105.3668488,38.9675237,2420.945,97.974,,NAD83(2011) / UTM zone 13N + NAVD88(GEOID18) height,7,7,3,6,0
203,,468310.387,4313271.408,2424.274,,-105.3657997,38.96784024,2410.248,Global,0.011,0.01,0.011,0.015,2.134,m,FIX,2024-04-28 12:53:46.8 UTC-06:00,2024-04-28 12:53:49.8 UTC-06:00,16,1.6,2,468219.361,4313236.646,2434.969,-105.3668488,38.9675237,2420.945,97.893,,NAD83(2011) / UTM zone 13N + NAVD88(GEOID18) height,6,6,3,6,0
204,,468309.488,4313273.751,2424.307,,-105.3658101,38.96786132,2410.282,Global,0.012,0.011,0.018,0.016,2.134,m,FIX,2024-04-28 12:54:05.8 UTC-06:00,2024-04-28 12:54:08.8 UTC-06:00,16,2.1,2.5,468219.361,4313236.646,2434.969,-105.3668488,38.9675237,2420.945,97.917,,NAD83(2011) / UTM zone 13N + NAVD88(GEOID18) height,7,7,3,6,0
205,,468309.264,4313274.224,2424.094,,-105.3658128,38.96786558,2410.068,Global,0.012,0.011,0.015,0.016,2.134,m,FIX,2024-04-28 12:54:38.4 UTC-06:00,2024-04-28 12:54:41.4 UTC-06:00,16,1.7,2,468219.361,4313236.646,2434.969,-105.3668488,38.9675237,2420.945,97.904,,NAD83(2011) / UTM zone 13N + NAVD88(GEOID18) height,6,6,3,6,0
206,,468309.12,4313274.655,2423.97,,-105.3658144,38.96786945,2409.944,Global,0.016,0.011,0.012,0.019,2.134,m,FIX,2024-04-28 12:54:48.0 UTC-06:00,2024-04-28 12:54:51.0 UTC-06:00,16,1.4,1.7,468219.361,4313236.646,2434.969,-105.3668488,38.9675237,2420.945,97.942,,NAD83(2011) / UTM zone 13N + NAVD88(GEOID18) height,7,6,3,6,0
207,,468308.939,4313275.105,2423.863,,-105.3658165,38.9678735,2409.837,Global,0.011,0.01,0.016,0.015,2.134,m,FIX,2024-04-28 12:54:59.2 UTC-06:00,2024-04-28 12:55:02.2 UTC-06:00,16,1.4,1.6,468219.361,4313236.646,2434.969,-105.3668488,38.9675237,2420.945,97.978,,NAD83(2011) / UTM zone 13N + NAVD88(GEOID18) height,7,6,3,6,0
208,,468308.753,4313275.556,2423.852,,-105.3658187,38.96787756,2409.827,Global,0.01,0.011,0.012,0.015,2.134,m,FIX,2024-04-28 12:55:10.8 UTC-06:00,2024-04-28 12:55:13.8 UTC-06:00,16,1.4,1.7,468219.361,4313236.646,2434.969,-105.3668488,38.9675237,2420.945,97.983,,NAD83(2011) / UTM zone 13N + NAVD88(GEOID18) height,6,6,3,6,0
209,,468308.568,4313276.02,2423.792,,-105.3658209,38.96788173,2409.767,Global,0.011,0.01,0.012,0.015,2.134,m,FIX,2024-04-28 12:55:24.8 UTC-06:00,2024-04-28 12:55:27.8 UTC-06:00,16,1.4,1.7,468219.361,4313236.646,2434.969,-105.3668488,38.9675237,2420.945,98.005,,NAD83(2011) / UTM zone 13N + NAVD88(GEOID18) height,7,6,3,6,0
210,,468308.373,4313276.513,2423.751,,-105.3658231,38.96788617,2409.725,Global,0.011,0.011,0.019,0.015,2.134,m,FIX,2024-04-28 12:55:46.8 UTC-06:00,2024-04-28 12:55:49.8 UTC-06:00,16,1.4,1.7,468219.361,4313236.646,2434.969,-105.3668488,38.9675237,2420.945,98.026,,NAD83(2011) / UTM zone 13N + NAVD88(GEOID18) height,8,5,3,6,0
211,,468308.195,4313276.956,2423.633,,-105.3658252,38.96789015,2409.608,Global,0.011,0.011,0.022,0.016,2.134,m,FIX,2024-04-28 12:55:58.4 UTC-06:00,2024-04-28 12:56:01.4 UTC-06:00,16,1.4,1.7,468219.361,4313236.646,2434.969,-105.3668488,38.9675237,2420.945,98.062,,NAD83(2011) / UTM zone 13N + NAVD88(GEOID18) height,7,6,3,6,0
212,,468308.012,4313277.422,2423.58,,-105.3658274,38.96789435,2409.554,Global,0.01,0.01,0.021,0.014,2.134,m,FIX,2024-04-28 12:56:09.2 UTC-06:00,2024-04-28 12:56:12.2 UTC-06:00,16,1.4,1.7,468219.361,4313236.646,2434.969,-105.3668488,38.9675237,2420.945,98.089,,NAD83(2011) / UTM zone 13N + NAVD88(GEOID18) height,8,6,3,6,0
213,,468307.828,4313277.875,2423.507,,-105.3658295,38.96789842,2409.481,Global,0.01,0.012,0.016,0.016,2.134,m,FIX,2024-04-28 12:56:20.0 UTC-06:00,2024-04-28 12:56:23.0 UTC-06:00,16,1.7,2.1,468219.361,4313236.646,2434.969,-105.3668488,38.9675237,2420.945,98.126,,NAD83(2011) / UTM zone 13N + NAVD88(GEOID18) height,7,6,3,6,0
214,,468307.636,4313278.342,2423.496,,-105.3658317,38.96790262,2409.47,Global,0.01,0.01,0.018,0.014,2.134,m,FIX,2024-04-28 12:56:31.2 UTC-06:00,2024-04-28 12:56:34.2 UTC-06:00,16,1.4,1.7,468219.361,4313236.646,2434.969,-105.3668488,38.9675237,2420.945,98.149,,NAD83(2011) / UTM zone 13N + NAVD88(GEOID18) height,6,6,3,6,0
215,,468307.452,4313278.795,2423.428,,-105.3658339,38.9679067,2409.402,Global,0.012,0.01,0.02,0.016,2.134,m,FIX,2024-04-28 12:56:41.4 UTC-06:00,2024-04-28 12:56:44.4 UTC-06:00,16,1.4,1.7,468219.361,4313236.646,2434.969,-105.3668488,38.9675237,2420.945,98.19,,NAD83(2011) / UTM zone 13N + NAVD88(GEOID18) height,7,6,3,6,0
216,,468307.269,4313279.248,2423.323,,-105.365836,38.96791077,2409.297,Global,0.01,0.01,0.021,0.015,2.134,m,FIX,2024-04-28 12:56:51.8 UTC-06:00,2024-04-28 12:56:54.8 UTC-06:00,16,1.4,1.7,468219.361,4313236.646,2434.969,-105.3668488,38.9675237,2420.945,98.227,,NAD83(2011) / UTM zone 13N + NAVD88(GEOID18) height,6,7,3,6,0
217,,468307.081,4313279.725,2423.33,,-105.3658382,38.96791507,2409.305,Global,0.011,0.012,0.02,0.016,2.134,m,FIX,2024-04-28 12:57:02.0 UTC-06:00,2024-04-28 12:57:05.0 UTC-06:00,16,1.7,2.1,468219.361,4313236.646,2434.969,-105.3668488,38.9675237,2420.945,98.258,,NAD83(2011) / UTM zone 13N + NAVD88(GEOID18) height,7,6,3,5,0
218,,468306.9,4313280.18,2423.325,,-105.3658403,38.96791916,2409.3,Global,0.012,0.011,0.022,0.016,2.134,m,FIX,2024-04-28 12:57:12.4 UTC-06:00,2024-04-28 12:57:15.4 UTC-06:00,16,2,2.4,468219.361,4313236.646,2434.969,-105.3668488,38.9675237,2420.945,98.299,,NAD83(2011) / UTM zone 13N + NAVD88(GEOID18) height,8,6,3,5,0
219,,468306.715,4313280.636,2423.329,,-105.3658425,38.96792326,2409.304,Global,0.011,0.01,0.019,0.015,2.134,m,FIX,2024-04-28 12:57:23.6 UTC-06:00,2024-04-28 12:57:26.6 UTC-06:00,16,1.4,1.7,468219.361,4313236.646,2434.969,-105.3668488,38.9675237,2420.945,98.347,,NAD83(2011) / UTM zone 13N + NAVD88(GEOID18) height,6,5,3,6,0
220,,468306.509,4313281.095,2423.356,,-105.3658449,38.96792739,2409.331,Global,0.011,0.01,0.016,0.015,2.134,m,FIX,2024-04-28 12:57:35.4 UTC-06:00,2024-04-28 12:57:38.4 UTC-06:00,16,1.4,1.6,468219.361,4313236.646,2434.969,-105.3668488,38.9675237,2420.945,98.365,,NAD83(2011) / UTM zone 13N + NAVD88(GEOID18) height,7,6,3,6,0
221,,468306.331,4313281.572,2423.392,,-105.3658469,38.96793168,2409.366,Global,0.011,0.01,0.019,0.015,2.134,m,FIX,2024-04-28 12:57:45.8 UTC-06:00,2024-04-28 12:57:48.8 UTC-06:00,16,1.4,1.7,468219.361,4313236.646,2434.969,-105.3668488,38.9675237,2420.945,98.411,,NAD83(2011) / UTM zone 13N + NAVD88(GEOID18) height,7,6,3,6,0
222,,468306.147,4313282.035,2423.394,,-105.3658491,38.96793585,2409.369,Global,0.014,0.011,0.016,0.018,2.134,m,FIX,2024-04-28 12:57:56.2 UTC-06:00,2024-04-28 12:57:59.2 UTC-06:00,16,1.4,1.7,468219.361,4313236.646,2434.969,-105.3668488,38.9675237,2420.945,98.455,,NAD83(2011) / UTM zone 13N + NAVD88(GEOID18) height,7,6,3,6,0
223,,468305.965,4313282.482,2423.289,,-105.3658512,38.96793987,2409.264,Global,0.011,0.01,0.017,0.015,2.134,m,FIX,2024-04-28 12:58:08.4 UTC-06:00,2024-04-28 12:58:11.4 UTC-06:00,16,1.4,1.7,468219.361,4313236.646,2434.969,-105.3668488,38.9675237,2420.945,98.522,,NAD83(2011) / UTM zone 13N + NAVD88(GEOID18) height,7,6,3,6,0
224,,468305.785,4313282.964,2423.286,,-105.3658533,38.96794421,2409.26,Global,0.013,0.01,0.022,0.017,2.134,m,FIX,2024-04-28 12:58:21.8 UTC-06:00,2024-04-28 12:58:24.8 UTC-06:00,16,1.4,1.7,468219.361,4313236.646,2434.969,-105.3668488,38.9675237,2420.945,98.589,,NAD83(2011) / UTM zone 13N + NAVD88(GEOID18) height,7,6,3,6,0
225,,468305.597,4313283.428,2423.266,,-105.3658555,38.96794838,2409.24,Global,0.011,0.01,0.015,0.015,2.134,m,FIX,2024-04-28 12:58:38.0 UTC-06:00,2024-04-28 12:58:41.0 UTC-06:00,16,1.4,1.7,468219.361,4313236.646,2434.969,-105.3668488,38.9675237,2420.945,98.652,,NAD83(2011) / UTM zone 13N + NAVD88(GEOID18) height,7,6,3,6,0
226,,468305.416,4313283.898,2423.246,,-105.3658576,38.96795261,2409.22,Global,0.012,0.012,0.015,0.017,2.134,m,FIX,2024-04-28 12:58:50.0 UTC-06:00,2024-04-28 12:58:53.0 UTC-06:00,16,1.4,1.7,468219.361,4313236.646,2434.969,-105.3668488,38.9675237,2420.945,98.713,,NAD83(2011) / UTM zone 13N + NAVD88(GEOID18) height,6,6,3,6,0
227,,468305.234,4313284.356,2423.275,,-105.3658597,38.96795673,2409.249,Global,0.011,0.01,0.017,0.015,2.134,m,FIX,2024-04-28 12:59:02.8 UTC-06:00,2024-04-28 12:59:05.8 UTC-06:00,16,1.4,1.7,468219.361,4313236.646,2434.969,-105.3668488,38.9675237,2420.945,98.781,,NAD83(2011) / UTM zone 13N + NAVD88(GEOID18) height,6,6,3,6,0
228,,468305.055,4313284.824,2423.303,,-105.3658618,38.96796094,2409.277,Global,0.01,0.012,0.018,0.016,2.134,m,FIX,2024-04-28 12:59:14.6 UTC-06:00,2024-04-28 12:59:17.6 UTC-06:00,16,1.4,1.7,468219.361,4313236.646,2434.969,-105.3668488,38.9675237,2420.945,98.848,,NAD83(2011) / UTM zone 13N + NAVD88(GEOID18) height,6,6,3,6,0
229,,468304.875,4313285.285,2423.296,,-105.3658639,38.96796509,2409.271,Global,0.011,0.01,0.02,0.015,2.134,m,FIX,2024-04-28 12:59:27.4 UTC-06:00,2024-04-28 12:59:30.4 UTC-06:00,16,1.4,1.7,468219.361,4313236.646,2434.969,-105.3668488,38.9675237,2420.945,98.922,,NAD83(2011) / UTM zone 13N + NAVD88(GEOID18) height,8,6,3,6,0
230,,468304.71,4313285.753,2423.271,,-105.3658659,38.9679693,2409.245,Global,0.01,0.012,0.021,0.016,2.134,m,FIX,2024-04-28 12:59:37.8 UTC-06:00,2024-04-28 12:59:40.8 UTC-06:00,16,1.4,1.7,468219.361,4313236.646,2434.969,-105.3668488,38.9675237,2420.945,99.014,,NAD83(2011) / UTM zone 13N + NAVD88(GEOID18) height,7,6,3,6,0
231,,468304.508,4313286.184,2423.367,,-105.3658682,38.96797318,2409.342,Global,0.011,0.011,0.018,0.015,2.134,m,FIX,2024-04-28 12:59:53.0 UTC-06:00,2024-04-28 12:59:56.0 UTC-06:00,16,1.4,1.7,468219.361,4313236.646,2434.969,-105.3668488,38.9675237,2420.945,99.039,,NAD83(2011) / UTM zone 13N + NAVD88(GEOID18) height,7,7,3,6,0
232,,468304.456,4313286.352,2423.561,,-105.3658688,38.96797469,2409.536,Global,0.011,0.011,0.016,0.015,2.134,m,FIX,2024-04-28 13:00:06.6 UTC-06:00,2024-04-28 13:00:09.6 UTC-06:00,16,1.4,1.7,468219.361,4313236.646,2434.969,-105.3668488,38.9675237,2420.945,99.059,,NAD83(2011) / UTM zone 13N + NAVD88(GEOID18) height,7,6,3,6,0
233,,468304.346,4313286.645,2423.344,,-105.3658701,38.96797733,2409.319,Global,0.011,0.01,0.016,0.015,2.134,m,FIX,2024-04-28 13:00:26.8 UTC-06:00,2024-04-28 13:00:29.8 UTC-06:00,16,1.4,1.7,468219.361,4313236.646,2434.969,-105.3668488,38.9675237,2420.945,99.136,,NAD83(2011) / UTM zone 13N + NAVD88(GEOID18) height,7,6,3,6,0
234,,468304.163,4313287.122,2423.279,,-105.3658722,38.96798161,2409.253,Global,0.011,0.01,0.016,0.015,2.134,m,FIX,2024-04-28 13:00:41.6 UTC-06:00,2024-04-28 13:00:44.6 UTC-06:00,16,1.4,1.7,468219.361,4313236.646,2434.969,-105.3668488,38.9675237,2420.945,99.223,,NAD83(2011) / UTM zone 13N + NAVD88(GEOID18) height,7,6,3,6,0
235,,468303.94,4313287.588,2423.296,,-105.3658748,38.96798581,2409.27,Global,0.01,0.01,0.02,0.014,2.134,m,FIX,2024-04-28 13:00:57.4 UTC-06:00,2024-04-28 13:01:00.4 UTC-06:00,16,1.4,1.7,468219.361,4313236.646,2434.969,-105.3668488,38.9675237,2420.945,99.273,,NAD83(2011) / UTM zone 13N + NAVD88(GEOID18) height,7,5,3,6,0
236,,468303.767,4313288.047,2423.357,,-105.3658768,38.96798994,2409.331,Global,0.011,0.01,0.021,0.015,2.134,m,FIX,2024-04-28 13:01:16.2 UTC-06:00,2024-04-28 13:01:19.2 UTC-06:00,16,1.4,1.7,468219.361,4313236.646,2434.969,-105.3668488,38.9675237,2420.945,99.357,,NAD83(2011) / UTM zone 13N + NAVD88(GEOID18) height,7,5,3,6,0
237,,468303.579,4313288.527,2423.359,,-105.365879,38.96799426,2409.334,Global,0.01,0.01,0.018,0.014,2.134,m,FIX,2024-04-28 13:01:57.8 UTC-06:00,2024-04-28 13:02:00.8 UTC-06:00,16,1.4,1.7,468219.361,4313236.646,2434.969,-105.3668488,38.9675237,2420.945,99.444,,NAD83(2011) / UTM zone 13N + NAVD88(GEOID18) height,7,5,3,6,0
238,,468303.393,4313288.988,2423.347,,-105.3658812,38.9679984,2409.322,Global,0.01,0.01,0.017,0.014,2.134,m,FIX,2024-04-28 13:02:14.0 UTC-06:00,2024-04-28 13:02:17.0 UTC-06:00,16,1.4,1.7,468219.361,4313236.646,2434.969,-105.3668488,38.9675237,2420.945,99.532,,NAD83(2011) / UTM zone 13N + NAVD88(GEOID18) height,7,6,3,6,0
239,,468303.197,4313289.464,2423.394,,-105.3658835,38.96800269,2409.368,Global,0.011,0.01,0.016,0.015,2.134,m,FIX,2024-04-28 13:02:28.2 UTC-06:00,2024-04-28 13:02:31.2 UTC-06:00,16,1.4,1.7,468219.361,4313236.646,2434.969,-105.3668488,38.9675237,2420.945,99.614,,NAD83(2011) / UTM zone 13N + NAVD88(GEOID18) height,7,6,3,6,0
240,,468303.022,4313289.924,2423.35,,-105.3658855,38.96800683,2409.324,Global,0.01,0.01,0.017,0.014,2.134,m,FIX,2024-04-28 13:02:48.2 UTC-06:00,2024-04-28 13:02:51.2 UTC-06:00,16,1.4,1.7,468219.361,4313236.646,2434.969,-105.3668488,38.9675237,2420.945,99.713,,NAD83(2011) / UTM zone 13N + NAVD88(GEOID18) height,7,6,3,6,0
241,,468302.826,4313290.378,2423.388,,-105.3658878,38.96801091,2409.363,Global,0.01,0.01,0.02,0.015,2.134,m,FIX,2024-04-28 13:03:00.8 UTC-06:00,2024-04-28 13:03:03.8 UTC-06:00,16,1.4,1.7,468219.361,4313236.646,2434.969,-105.3668488,38.9675237,2420.945,99.791,,NAD83(2011) / UTM zone 13N + NAVD88(GEOID18) height,7,6,3,6,0
242,,468302.623,4313290.84,2423.468,,-105.3658902,38.96801506,2409.442,Global,0.01,0.01,0.017,0.015,2.134,m,FIX,2024-04-28 13:03:12.2 UTC-06:00,2024-04-28 13:03:15.2 UTC-06:00,16,1.4,1.7,468219.361,4313236.646,2434.969,-105.3668488,38.9675237,2420.945,99.86,,NAD83(2011) / UTM zone 13N + NAVD88(GEOID18) height,7,5,3,6,0
243,,468302.459,4313291.304,2423.548,,-105.3658921,38.96801924,2409.522,Global,0.01,0.01,0.017,0.014,2.134,m,FIX,2024-04-28 13:03:25.0 UTC-06:00,2024-04-28 13:03:28.0 UTC-06:00,16,1.4,1.7,468219.361,4313236.646,2434.969,-105.3668488,38.9675237,2420.945,99.971,,NAD83(2011) / UTM zone 13N + NAVD88(GEOID18) height,7,5,3,6,0
244,,468302.286,4313291.749,2423.664,,-105.3658941,38.96802325,2409.639,Global,0.011,0.01,0.015,0.015,2.134,m,FIX,2024-04-28 13:03:41.4 UTC-06:00,2024-04-28 13:03:44.4 UTC-06:00,16,1.4,1.7,468219.361,4313236.646,2434.969,-105.3668488,38.9675237,2420.945,100.063,,NAD83(2011) / UTM zone 13N + NAVD88(GEOID18) height,7,5,3,6,0
245,,468302.084,4313292.214,2423.713,,-105.3658965,38.96802743,2409.688,Global,0.01,0.01,0.014,0.015,2.134,m,FIX,2024-04-28 13:03:59.6 UTC-06:00,2024-04-28 13:04:02.6 UTC-06:00,16,1.4,1.7,468219.361,4313236.646,2434.969,-105.3668488,38.9675237,2420.945,100.152,,NAD83(2011) / UTM zone 13N + NAVD88(GEOID18) height,7,5,3,6,0
246,,468301.885,4313292.659,2423.744,,-105.3658988,38.96803143,2409.718,Global,0.011,0.01,0.014,0.015,2.134,m,FIX,2024-04-28 13:04:17.8 UTC-06:00,2024-04-28 13:04:20.8 UTC-06:00,16,1.4,1.7,468219.361,4313236.646,2434.969,-105.3668488,38.9675237,2420.945,100.232,,NAD83(2011) / UTM zone 13N + NAVD88(GEOID18) height,7,5,3,6,0
247,,468301.703,4313293.123,2423.82,,-105.3659009,38.9680356,2409.795,Global,0.01,0.01,0.011,0.014,2.134,m,FIX,2024-04-28 13:04:34.6 UTC-06:00,2024-04-28 13:04:37.6 UTC-06:00,16,1.4,1.6,468219.361,4313236.646,2434.969,-105.3668488,38.9675237,2420.945,100.331,,NAD83(2011) / UTM zone 13N + NAVD88(GEOID18) height,7,6,4,6,0
248,,468301.513,4313293.584,2423.869,,-105.3659031,38.96803975,2409.844,Global,0.011,0.01,0.014,0.015,2.134,m,FIX,2024-04-28 13:04:48.6 UTC-06:00,2024-04-28 13:04:51.6 UTC-06:00,16,1.4,1.6,468219.361,4313236.646,2434.969,-105.3668488,38.9675237,2420.945,100.428,,NAD83(2011) / UTM zone 13N + NAVD88(GEOID18) height,7,6,4,6,0
249,,468301.335,4313294.047,2423.886,,-105.3659052,38.96804392,2409.861,Global,0.011,0.011,0.014,0.015,2.134,m,FIX,2024-04-28 13:05:00.8 UTC-06:00,2024-04-28 13:05:03.8 UTC-06:00,16,1.4,1.7,468219.361,4313236.646,2434.969,-105.3668488,38.9675237,2420.945,100.547,,NAD83(2011) / UTM zone 13N + NAVD88(GEOID18) height,7,6,4,6,0
250,,468301.15,4313294.518,2423.895,,-105.3659074,38.96804816,2409.869,Global,0.011,0.011,0.015,0.016,2.134,m,FIX,2024-04-28 13:05:13.8 UTC-06:00,2024-04-28 13:05:16.8 UTC-06:00,16,1.4,1.7,468219.361,4313236.646,2434.969,-105.3668488,38.9675237,2420.945,100.667,,NAD83(2011) / UTM zone 13N + NAVD88(GEOID18) height,7,6,4,6,0
251,,468300.958,4313294.971,2423.97,,-105.3659096,38.96805223,2409.945,Global,0.011,0.011,0.013,0.015,2.134,m,FIX,2024-04-28 13:05:26.0 UTC-06:00,2024-04-28 13:05:29.0 UTC-06:00,16,1.4,1.6,468219.361,4313236.646,2434.969,-105.3668488,38.9675237,2420.945,100.77,,NAD83(2011) / UTM zone 13N + NAVD88(GEOID18) height,7,6,4,6,0
252,,468300.776,4313295.452,2424.008,,-105.3659117,38.96805656,2409.982,Global,0.011,0.014,0.011,0.017,2.134,m,FIX,2024-04-28 13:05:40.2 UTC-06:00,2024-04-28 13:05:43.2 UTC-06:00,16,1.4,1.6,468219.361,4313236.646,2434.969,-105.3668488,38.9675237,2420.945,100.895,,NAD83(2011) / UTM zone 13N + NAVD88(GEOID18) height,7,6,4,6,0
253,,468300.592,4313295.906,2423.9,,-105.3659139,38.96806064,2409.875,Global,0.01,0.011,0.014,0.015,2.134,m,FIX,2024-04-28 13:05:51.8 UTC-06:00,2024-04-28 13:05:54.8 UTC-06:00,16,1.4,1.6,468219.361,4313236.646,2434.969,-105.3668488,38.9675237,2420.945,101.026,,NAD83(2011) / UTM zone 13N + NAVD88(GEOID18) height,7,5,4,6,0
254,,468300.4,4313296.37,2423.916,,-105.3659161,38.96806481,2409.89,Global,0.01,0.01,0.013,0.015,2.134,m,FIX,2024-04-28 13:06:03.2 UTC-06:00,2024-04-28 13:06:06.2 UTC-06:00,16,1.4,1.6,468219.361,4313236.646,2434.969,-105.3668488,38.9675237,2420.945,101.142,,NAD83(2011) / UTM zone 13N + NAVD88(GEOID18) height,7,6,4,6,0
255,,468300.213,4313296.821,2423.95,,-105.3659183,38.96806887,2409.924,Global,0.01,0.01,0.014,0.015,2.134,m,FIX,2024-04-28 13:06:20.4 UTC-06:00,2024-04-28 13:06:23.4 UTC-06:00,16,1.4,1.6,468219.361,4313236.646,2434.969,-105.3668488,38.9675237,2420.945,101.256,,NAD83(2011) / UTM zone 13N + NAVD88(GEOID18) height,7,6,4,6,0
256,,468300.038,4313297.294,2424.009,,-105.3659203,38.96807313,2409.983,Global,0.011,0.01,0.016,0.015,2.134,m,FIX,2024-04-28 13:06:35.0 UTC-06:00,2024-04-28 13:06:38.0 UTC-06:00,16,1.4,1.6,468219.361,4313236.646,2434.969,-105.3668488,38.9675237,2420.945,101.397,,NAD83(2011) / UTM zone 13N + NAVD88(GEOID18) height,7,6,4,6,0
257,,468299.861,4313297.77,2424.043,,-105.3659224,38.96807741,2410.017,Global,0.011,0.011,0.015,0.016,2.134,m,FIX,2024-04-28 13:06:52.4 UTC-06:00,2024-04-28 13:06:55.4 UTC-06:00,16,1.4,1.6,468219.361,4313236.646,2434.969,-105.3668488,38.9675237,2420.945,101.54,,NAD83(2011) / UTM zone 13N + NAVD88(GEOID18) height,7,6,4,6,0
258,,468299.665,4313298.241,2424.042,,-105.3659247,38.96808165,2410.017,Global,0.011,0.01,0.013,0.015,2.134,m,FIX,2024-04-28 13:07:08.4 UTC-06:00,2024-04-28 13:07:11.4 UTC-06:00,16,1.4,1.6,468219.361,4313236.646,2434.969,-105.3668488,38.9675237,2420.945,101.665,,NAD83(2011) / UTM zone 13N + NAVD88(GEOID18) height,7,6,4,6,0
259,,468299.479,4313298.687,2424.089,,-105.3659268,38.96808566,2410.064,Global,0.01,0.01,0.015,0.014,2.134,m,FIX,2024-04-28 13:07:23.6 UTC-06:00,2024-04-28 13:07:26.6 UTC-06:00,16,1.4,1.6,468219.361,4313236.646,2434.969,-105.3668488,38.9675237,2420.945,101.789,,NAD83(2011) / UTM zone 13N + NAVD88(GEOID18) height,7,6,4,6,0
260,,468299.289,4313299.157,2424.085,,-105.365929,38.96808989,2410.059,Global,0.012,0.01,0.015,0.016,2.134,m,FIX,2024-04-28 13:07:36.0 UTC-06:00,2024-04-28 13:07:39.0 UTC-06:00,16,1.4,1.6,468219.361,4313236.646,2434.969,-105.3668488,38.9675237,2420.945,101.931,,NAD83(2011) / UTM zone 13N + NAVD88(GEOID18) height,7,7,4,6,0
261,,468299.129,4313299.634,2424.088,,-105.3659309,38.96809418,2410.063,Global,0.011,0.011,0.016,0.015,2.134,m,FIX,2024-04-28 13:07:50.8 UTC-06:00,2024-04-28 13:07:53.8 UTC-06:00,16,1.4,1.6,468219.361,4313236.646,2434.969,-105.3668488,38.9675237,2420.945,102.091,,NAD83(2011) / UTM zone 13N + NAVD88(GEOID18) height,7,7,4,6,0
262,,468298.931,4313300.072,2424.207,,-105.3659332,38.96809812,2410.182,Global,0.01,0.01,0.013,0.015,2.134,m,FIX,2024-04-28 13:08:05.0 UTC-06:00,2024-04-28 13:08:08.0 UTC-06:00,16,1.4,1.6,468219.361,4313236.646,2434.969,-105.3668488,38.9675237,2420.945,102.199,,NAD83(2011) / UTM zone 13N + NAVD88(GEOID18) height,7,6,4,6,0
263,,468298.745,4313300.551,2424.199,,-105.3659354,38.96810243,2410.174,Global,0.01,0.01,0.016,0.015,2.134,m,FIX,2024-04-28 13:08:22.4 UTC-06:00,2024-04-28 13:08:25.4 UTC-06:00,16,1.4,1.6,468219.361,4313236.646,2434.969,-105.3668488,38.9675237,2420.945,102.358,,NAD83(2011) / UTM zone 13N + NAVD88(GEOID18) height,7,6,4,6,0
264,,468298.572,4313301.007,2424.131,,-105.3659374,38.96810653,2410.106,Global,0.011,0.01,0.018,0.015,2.134,m,FIX,2024-04-28 13:08:35.0 UTC-06:00,2024-04-28 13:08:38.0 UTC-06:00,16,1.6,1.9,468219.361,4313236.646,2434.969,-105.3668488,38.9675237,2420.945,102.505,,NAD83(2011) / UTM zone 13N + NAVD88(GEOID18) height,7,6,4,5,0
265,,468298.375,4313301.466,2424.185,,-105.3659397,38.96811066,2410.159,Global,0.011,0.011,0.015,0.015,2.134,m,FIX,2024-04-28 13:08:50.6 UTC-06:00,2024-04-28 13:08:53.6 UTC-06:00,16,1.4,1.7,468219.361,4313236.646,2434.969,-105.3668488,38.9675237,2420.945,102.633,,NAD83(2011) / UTM zone 13N + NAVD88(GEOID18) height,7,6,4,6,0
266,,468298.182,4313301.932,2424.2,,-105.365942,38.96811486,2410.174,Global,0.01,0.01,0.015,0.015,2.134,m,FIX,2024-04-28 13:09:02.8 UTC-06:00,2024-04-28 13:09:05.8 UTC-06:00,16,1.4,1.7,468219.361,4313236.646,2434.969,-105.3668488,38.9675237,2420.945,102.794,,NAD83(2011) / UTM zone 13N + NAVD88(GEOID18) height,7,7,4,6,0
267,,468297.982,4313302.388,2424.175,,-105.3659443,38.96811896,2410.149,Global,0.01,0.01,0.016,0.015,2.134,m,FIX,2024-04-28 13:09:20.2 UTC-06:00,2024-04-28 13:09:23.2 UTC-06:00,16,1.4,1.7,468219.361,4313236.646,2434.969,-105.3668488,38.9675237,2420.945,102.933,,NAD83(2011) / UTM zone 13N + NAVD88(GEOID18) height,7,7,4,6,0
268,,468297.803,4313302.875,2424.23,,-105.3659464,38.96812334,2410.205,Global,0.011,0.011,0.017,0.015,2.134,m,FIX,2024-04-28 13:09:36.4 UTC-06:00,2024-04-28 13:09:39.4 UTC-06:00,16,1.4,1.7,468219.361,4313236.646,2434.969,-105.3668488,38.9675237,2420.945,103.096,,NAD83(2011) / UTM zone 13N + NAVD88(GEOID18) height,7,6,4,6,0
269,,468297.629,4313303.32,2424.124,,-105.3659484,38.96812734,2410.099,Global,0.013,0.01,0.019,0.016,2.134,m,FIX,2024-04-28 13:09:51.0 UTC-06:00,2024-04-28 13:09:54.0 UTC-06:00,16,1.4,1.7,468219.361,4313236.646,2434.969,-105.3668488,38.9675237,2420.945,103.259,,NAD83(2011) / UTM zone 13N + NAVD88(GEOID18) height,7,5,4,6,0
270,,468297.446,4313303.786,2424.123,,-105.3659505,38.96813153,2410.098,Global,0.012,0.01,0.015,0.016,2.134,m,FIX,2024-04-28 13:10:03.4 UTC-06:00,2024-04-28 13:10:06.4 UTC-06:00,16,1.4,1.7,468219.361,4313236.646,2434.969,-105.3668488,38.9675237,2420.945,103.424,,NAD83(2011) / UTM zone 13N + NAVD88(GEOID18) height,7,7,4,6,0
271,,468297.265,4313304.256,2424.184,,-105.3659527,38.96813576,2410.158,Global,0.011,0.011,0.014,0.016,2.134,m,FIX,2024-04-28 13:10:19.2 UTC-06:00,2024-04-28 13:10:22.2 UTC-06:00,16,1.4,1.7,468219.361,4313236.646,2434.969,-105.3668488,38.9675237,2420.945,103.59,,NAD83(2011) / UTM zone 13N + NAVD88(GEOID18) height,6,5,4,6,0
272,,468297.098,4313304.727,2424.127,,-105.3659546,38.96814001,2410.102,Global,0.011,0.01,0.016,0.015,2.134,m,FIX,2024-04-28 13:10:34.6 UTC-06:00,2024-04-28 13:10:37.6 UTC-06:00,16,1.4,1.7,468219.361,4313236.646,2434.969,-105.3668488,38.9675237,2420.945,103.787,,NAD83(2011) / UTM zone 13N + NAVD88(GEOID18) height,7,7,4,6,0
273,,468296.915,4313305.2,2424.053,,-105.3659567,38.96814426,2410.028,Global,0.011,0.011,0.015,0.015,2.134,m,FIX,2024-04-28 13:10:48.4 UTC-06:00,2024-04-28 13:10:51.4 UTC-06:00,16,1.4,1.7,468219.361,4313236.646,2434.969,-105.3668488,38.9675237,2420.945,103.96,,NAD83(2011) / UTM zone 13N + NAVD88(GEOID18) height,7,7,4,6,0
274,,468296.731,4313305.658,2424.027,,-105.3659589,38.96814838,2410.002,Global,0.011,0.01,0.016,0.015,2.134,m,FIX,2024-04-28 13:11:01.4 UTC-06:00,2024-04-28 13:11:04.4 UTC-06:00,16,1.4,1.7,468219.361,4313236.646,2434.969,-105.3668488,38.9675237,2420.945,104.138,,NAD83(2011) / UTM zone 13N + NAVD88(GEOID18) height,7,6,5,6,0
275,,468296.574,4313306.137,2424.08,,-105.3659607,38.96815269,2410.055,Global,0.01,0.012,0.017,0.015,2.134,m,FIX,2024-04-28 13:11:16.2 UTC-06:00,2024-04-28 13:11:19.2 UTC-06:00,16,1.4,1.7,468219.361,4313236.646,2434.969,-105.3668488,38.9675237,2420.945,104.318,,NAD83(2011) / UTM zone 13N + NAVD88(GEOID18) height,7,6,5,6,0
276,,468296.456,4313306.539,2424.029,,-105.3659621,38.96815631,2410.003,Global,0.01,0.016,0.012,0.019,2.134,m,FIX,2024-04-28 13:12:07.4 UTC-06:00,2024-04-28 13:12:10.4 UTC-06:00,16,1.7,2,468219.361,4313236.646,2434.969,-105.3668488,38.9675237,2420.945,104.509,,NAD83(2011) / UTM zone 13N + NAVD88(GEOID18) height,6,5,5,6,0
277,,468296.39,4313306.968,2424.054,,-105.3659629,38.96816018,2410.029,Global,0.01,0.01,0.017,0.015,2.134,m,FIX,2024-04-28 13:12:21.0 UTC-06:00,2024-04-28 13:12:24.0 UTC-06:00,16,1.4,1.7,468219.361,4313236.646,2434.969,-105.3668488,38.9675237,2420.945,104.747,,NAD83(2011) / UTM zone 13N + NAVD88(GEOID18) height,7,6,5,6,0
278,,468296.223,4313307.446,2424.005,,-105.3659648,38.96816447,2409.979,Global,0.011,0.012,0.019,0.016,2.134,m,FIX,2024-04-28 13:12:34.6 UTC-06:00,2024-04-28 13:12:37.6 UTC-06:00,16,1.4,1.7,468219.361,4313236.646,2434.969,-105.3668488,38.9675237,2420.945,104.962,,NAD83(2011) / UTM zone 13N + NAVD88(GEOID18) height,7,6,5,6,0
279,,468296.083,4313307.933,2423.88,,-105.3659665,38.96816886,2409.855,Global,0.012,0.01,0.015,0.016,2.134,m,FIX,2024-04-28 13:12:47.8 UTC-06:00,2024-04-28 13:12:50.8 UTC-06:00,16,1.4,1.7,468219.361,4313236.646,2434.969,-105.3668488,38.9675237,2420.945,105.197,,NAD83(2011) / UTM zone 13N + NAVD88(GEOID18) height,7,6,5,6,0
280,,468295.966,4313308.397,2423.802,,-105.3659678,38.96817304,2409.777,Global,0.011,0.011,0.016,0.016,2.134,m,FIX,2024-04-28 13:12:59.8 UTC-06:00,2024-04-28 13:13:02.8 UTC-06:00,16,1.4,1.7,468219.361,4313236.646,2434.969,-105.3668488,38.9675237,2420.945,105.43,,NAD83(2011) / UTM zone 13N + NAVD88(GEOID18) height,7,7,5,6,0
281,,468295.928,4313308.597,2423.74,,-105.3659683,38.96817484,2409.715,Global,0.011,0.011,0.015,0.015,2.134,m,FIX,2024-04-28 13:13:17.6 UTC-06:00,2024-04-28 13:13:20.6 UTC-06:00,16,1.4,1.7,468219.361,4313236.646,2434.969,-105.3668488,38.9675237,2420.945,105.538,,NAD83(2011) / UTM zone 13N + NAVD88(GEOID18) height,7,5,5,6,0
282,,468366.333,4313376.827,2423.043,,-105.3651588,38.96879222,2409.017,Global,0.011,0.011,0.035,0.016,2.134,m,FIX,2024-04-28 14:53:15.0 UTC-06:00,2024-04-28 14:53:18.0 UTC-06:00,16,1.4,1.6,468219.361,4313236.646,2434.969,-105.3668488,38.9675237,2420.945,203.496,,NAD83(2011) / UTM zone 13N + NAVD88(GEOID18) height,8,6,8,6,0
283,,468365.871,4313377.073,2423.053,,-105.3651641,38.96879442,2409.027,Global,0.011,0.011,0.031,0.015,2.134,m,FIX,2024-04-28 14:53:28.4 UTC-06:00,2024-04-28 14:53:31.4 UTC-06:00,16,1.4,1.6,468219.361,4313236.646,2434.969,-105.3668488,38.9675237,2420.945,203.326,,NAD83(2011) / UTM zone 13N + NAVD88(GEOID18) height,8,5,8,6,0
284,,468365.403,4313377.28,2423.033,,-105.3651695,38.96879626,2409.007,Global,0.011,0.01,0.031,0.015,2.134,m,FIX,2024-04-28 14:53:48.8 UTC-06:00,2024-04-28 14:53:51.8 UTC-06:00,16,1.5,1.8,468219.361,4313236.646,2434.969,-105.3668488,38.9675237,2420.945,203.138,,NAD83(2011) / UTM zone 13N + NAVD88(GEOID18) height,8,5,8,6,0
285,,468365.009,4313377.337,2423.036,,-105.3651741,38.96879677,2409.01,Global,0.011,0.011,0.032,0.015,2.134,m,FIX,2024-04-28 14:54:14.2 UTC-06:00,2024-04-28 14:54:17.2 UTC-06:00,16,1.4,1.6,468219.361,4313236.646,2434.969,-105.3668488,38.9675237,2420.945,202.895,,NAD83(2011) / UTM zone 13N + NAVD88(GEOID18) height,8,6,8,6,0
286,,468364.538,4313377.471,2423.03,,-105.3651795,38.96879796,2409.004,Global,0.011,0.011,0.028,0.015,2.134,m,FIX,2024-04-28 14:54:30.2 UTC-06:00,2024-04-28 14:54:33.2 UTC-06:00,16,1.4,1.6,468219.361,4313236.646,2434.969,-105.3668488,38.9675237,2420.945,202.657,,NAD83(2011) / UTM zone 13N + NAVD88(GEOID18) height,8,6,8,6,0
287,,468364.042,4313377.578,2423.079,,-105.3651852,38.9687989,2409.053,Global,0.011,0.012,0.029,0.016,2.134,m,FIX,2024-04-28 14:54:44.4 UTC-06:00,2024-04-28 14:54:47.4 UTC-06:00,16,1.4,1.6,468219.361,4313236.646,2434.969,-105.3668488,38.9675237,2420.945,202.357,,NAD83(2011) / UTM zone 13N + NAVD88(GEOID18) height,8,6,8,6,0
288,,468363.575,4313377.686,2423.095,,-105.3651906,38.96879986,2409.069,Global,0.011,0.011,0.025,0.016,2.134,m,FIX,2024-04-28 14:54:58.0 UTC-06:00,2024-04-28 14:55:01.0 UTC-06:00,16,1.4,1.6,468219.361,4313236.646,2434.969,-105.3668488,38.9675237,2420.945,202.103,,NAD83(2011) / UTM zone 13N + NAVD88(GEOID18) height,8,6,8,6,0
289,,468363.067,4313377.856,2423.105,,-105.3651965,38.96880137,2409.08,Global,0.01,0.01,0.026,0.015,2.134,m,FIX,2024-04-28 14:55:12.4 UTC-06:00,2024-04-28 14:55:15.4 UTC-06:00,16,1.4,1.6,468219.361,4313236.646,2434.969,-105.3668488,38.9675237,2420.945,201.861,,NAD83(2011) / UTM zone 13N + NAVD88(GEOID18) height,8,6,7,6,0
290,,468362.636,4313378.056,2423.111,,-105.3652015,38.96880316,2409.085,Global,0.01,0.01,0.032,0.015,2.134,m,FIX,2024-04-28 14:55:26.6 UTC-06:00,2024-04-28 14:55:29.6 UTC-06:00,16,1.4,1.6,468219.361,4313236.646,2434.969,-105.3668488,38.9675237,2420.945,201.693,,NAD83(2011) / UTM zone 13N + NAVD88(GEOID18) height,8,6,8,6,0
291,,468362.254,4313378.244,2423.141,,-105.3652059,38.96880484,2409.115,Global,0.01,0.012,0.023,0.016,2.134,m,FIX,2024-04-28 14:56:16.8 UTC-06:00,2024-04-28 14:56:19.8 UTC-06:00,16,1.4,1.7,468219.361,4313236.646,2434.969,-105.3668488,38.9675237,2420.945,201.548,,NAD83(2011) / UTM zone 13N + NAVD88(GEOID18) height,8,6,8,6,0
292,,468361.761,4313378.43,2423.11,,-105.3652116,38.9688065,2409.085,Global,0.011,0.012,0.032,0.016,2.134,m,FIX,2024-04-28 14:56:29.0 UTC-06:00,2024-04-28 14:56:32.0 UTC-06:00,16,1.4,1.6,468219.361,4313236.646,2434.969,-105.3668488,38.9675237,2420.945,201.333,,NAD83(2011) / UTM zone 13N + NAVD88(GEOID18) height,8,6,8,6,0
293,,468361.352,4313378.686,2423.114,,-105.3652163,38.96880879,2409.089,Global,0.01,0.01,0.027,0.014,2.134,m,FIX,2024-04-28 14:56:48.0 UTC-06:00,2024-04-28 14:56:51.0 UTC-06:00,16,1.4,1.6,468219.361,4313236.646,2434.969,-105.3668488,38.9675237,2420.945,201.228,,NAD83(2011) / UTM zone 13N + NAVD88(GEOID18) height,8,7,8,6,0
294,,468360.929,4313378.916,2423.125,,-105.3652212,38.96881085,2409.099,Global,0.01,0.01,0.028,0.014,2.134,m,FIX,2024-04-28 14:57:02.0 UTC-06:00,2024-04-28 14:57:05.0 UTC-06:00,16,1.4,1.6,468219.361,4313236.646,2434.969,-105.3668488,38.9675237,2420.945,201.094,,NAD83(2011) / UTM zone 13N + NAVD88(GEOID18) height,8,7,8,6,0
295,,468360.513,4313379.161,2423.187,,-105.365226,38.96881304,2409.161,Global,0.01,0.011,0.026,0.015,2.134,m,FIX,2024-04-28 14:57:17.4 UTC-06:00,2024-04-28 14:57:20.4 UTC-06:00,16,1.4,1.6,468219.361,4313236.646,2434.969,-105.3668488,38.9675237,2420.945,200.969,,NAD83(2011) / UTM zone 13N + NAVD88(GEOID18) height,8,6,7,6,0
296,,468385.807,4313369.141,2423.462,,-105.3649336,38.96872366,2409.436,Global,0.011,0.01,0.023,0.015,2.134,m,FIX,2024-04-28 15:01:16.4 UTC-06:00,2024-04-28 15:01:19.4 UTC-06:00,16,1.9,2.3,468219.361,4313236.646,2434.969,-105.3668488,38.9675237,2420.945,213.111,,NAD83(2011) / UTM zone 13N + NAVD88(GEOID18) height,7,7,7,6,0
297,,468386.235,4313369.062,2423.454,,-105.3649287,38.96872296,2409.428,Global,0.01,0.01,0.026,0.015,2.134,m,FIX,2024-04-28 15:01:31.6 UTC-06:00,2024-04-28 15:01:34.6 UTC-06:00,16,1.9,2.3,468219.361,4313236.646,2434.969,-105.3668488,38.9675237,2420.945,213.404,,NAD83(2011) / UTM zone 13N + NAVD88(GEOID18) height,7,6,7,6,0
298,,468386.667,4313368.976,2423.475,,-105.3649237,38.96872221,2409.449,Global,0.011,0.01,0.024,0.015,2.134,m,FIX,2024-04-28 15:01:46.2 UTC-06:00,2024-04-28 15:01:49.2 UTC-06:00,14,1.9,2.3,468219.361,4313236.646,2434.969,-105.3668488,38.9675237,2420.945,213.684,,NAD83(2011) / UTM zone 13N + NAVD88(GEOID18) height,7,6,7,6,0
299,,468387.163,4313368.973,2423.475,,-105.364918,38.96872219,2409.448,Global,0.01,0.011,0.031,0.015,2.134,m,FIX,2024-04-28 15:01:58.6 UTC-06:00,2024-04-28 15:02:01.6 UTC-06:00,16,1.9,2.3,468219.361,4313236.646,2434.969,-105.3668488,38.9675237,2420.945,214.064,,NAD83(2011) / UTM zone 13N + NAVD88(GEOID18) height,7,7,7,6,0
300,,468387.56,4313368.941,2423.475,,-105.3649134,38.96872192,2409.448,Global,0.011,0.011,0.038,0.016,2.134,m,FIX,2024-04-28 15:02:10.8 UTC-06:00,2024-04-28 15:02:13.8 UTC-06:00,16,1.9,2.3,468219.361,4313236.646,2434.969,-105.3668488,38.9675237,2420.945,214.35,,NAD83(2011) / UTM zone 13N + NAVD88(GEOID18) height,7,6,7,6,0
301,,468388.074,4313368.918,2423.478,,-105.3649074,38.96872173,2409.452,Global,0.011,0.01,0.027,0.015,2.134,m,FIX,2024-04-28 15:02:23.4 UTC-06:00,2024-04-28 15:02:26.6 UTC-06:00,15,1.9,2.3,468219.361,4313236.646,2434.969,-105.3668488,38.9675237,2420.945,214.752,,NAD83(2011) / UTM zone 13N + NAVD88(GEOID18) height,7,7,7,6,0
302,,468388.579,4313368.85,2423.475,,-105.3649016,38.96872114,2409.448,Global,0.01,0.01,0.028,0.014,2.134,m,FIX,2024-04-28 15:02:39.4 UTC-06:00,2024-04-28 15:02:42.4 UTC-06:00,16,1.9,2.3,468219.361,4313236.646,2434.969,-105.3668488,38.9675237,2420.945,215.105,,NAD83(2011) / UTM zone 13N + NAVD88(GEOID18) height,7,7,7,6,0
303,,468389.019,4313368.926,2423.473,,-105.3648965,38.96872183,2409.446,Global,0.01,0.011,0.032,0.015,2.134,m,FIX,2024-04-28 15:03:01.2 UTC-06:00,2024-04-28 15:03:04.2 UTC-06:00,15,1.9,2.3,468219.361,4313236.646,2434.969,-105.3668488,38.9675237,2420.945,215.503,,NAD83(2011) / UTM zone 13N + NAVD88(GEOID18) height,7,7,7,6,0
304,,468389.491,4313369.025,2423.497,,-105.3648911,38.96872275,2409.471,Global,0.01,0.01,0.03,0.015,2.134,m,FIX,2024-04-28 15:03:14.4 UTC-06:00,2024-04-28 15:03:17.4 UTC-06:00,16,1.9,2.3,468219.361,4313236.646,2434.969,-105.3668488,38.9675237,2420.945,215.927,,NAD83(2011) / UTM zone 13N + NAVD88(GEOID18) height,7,7,7,6,0
305,,468389.984,4313369.074,2423.514,,-105.3648854,38.9687232,2409.487,Global,0.011,0.01,0.026,0.015,2.134,m,FIX,2024-04-28 15:03:28.0 UTC-06:00,2024-04-28 15:03:31.0 UTC-06:00,16,1.9,2.3,468219.361,4313236.646,2434.969,-105.3668488,38.9675237,2420.945,216.354,,NAD83(2011) / UTM zone 13N + NAVD88(GEOID18) height,7,7,7,6,0
306,,468390.497,4313369.142,2423.47,,-105.3648795,38.96872384,2409.443,Global,0.01,0.01,0.032,0.015,2.134,m,FIX,2024-04-28 15:03:42.2 UTC-06:00,2024-04-28 15:03:45.2 UTC-06:00,16,1.9,2.3,468219.361,4313236.646,2434.969,-105.3668488,38.9675237,2420.945,216.799,,NAD83(2011) / UTM zone 13N + NAVD88(GEOID18) height,7,7,7,6,0
307,,468390.992,4313369.186,2423.485,,-105.3648738,38.96872425,2409.459,Global,0.01,0.01,0.028,0.014,2.134,m,FIX,2024-04-28 15:03:58.0 UTC-06:00,2024-04-28 15:04:01.0 UTC-06:00,16,1.9,2.3,468219.361,4313236.646,2434.969,-105.3668488,38.9675237,2420.945,217.219,,NAD83(2011) / UTM zone 13N + NAVD88(GEOID18) height,7,7,7,6,0
308,,468391.508,4313369.229,2423.504,,-105.3648678,38.96872466,2409.478,Global,0.01,0.01,0.026,0.015,2.134,m,FIX,2024-04-28 15:04:10.2 UTC-06:00,2024-04-28 15:04:13.2 UTC-06:00,16,1.9,2.3,468219.361,4313236.646,2434.969,-105.3668488,38.9675237,2420.945,217.653,,NAD83(2011) / UTM zone 13N + NAVD88(GEOID18) height,7,7,7,6,0
309,,468391.852,4313369.14,2423.551,,-105.3648638,38.96872387,2409.525,Global,0.012,0.01,0.031,0.016,2.134,m,FIX,2024-04-28 15:04:30.0 UTC-06:00,2024-04-28 15:04:33.0 UTC-06:00,14,1.9,2.3,468219.361,4313236.646,2434.969,-105.3668488,38.9675237,2420.945,217.866,,NAD83(2011) / UTM zone 13N + NAVD88(GEOID18) height,7,7,7,6,0
310,,468392.346,4313369.177,2423.506,,-105.3648581,38.96872422,2409.48,Global,0.01,0.011,0.034,0.015,2.134,m,FIX,2024-04-28 15:04:44.4 UTC-06:00,2024-04-28 15:04:47.4 UTC-06:00,15,1.9,2.3,468219.361,4313236.646,2434.969,-105.3668488,38.9675237,2420.945,218.284,,NAD83(2011) / UTM zone 13N + NAVD88(GEOID18) height,7,7,7,6,0
311,,468392.823,4313369.193,2423.556,,-105.3648526,38.96872438,2409.53,Global,0.011,0.01,0.028,0.015,2.134,m,FIX,2024-04-28 15:05:01.0 UTC-06:00,2024-04-28 15:05:04.0 UTC-06:00,15,1.9,2.3,468219.361,4313236.646,2434.969,-105.3668488,38.9675237,2420.945,218.674,,NAD83(2011) / UTM zone 13N + NAVD88(GEOID18) height,7,7,6,6,0
312,,468393.241,4313369.227,2423.545,,-105.3648478,38.96872471,2409.518,Global,0.01,0.012,0.034,0.016,2.134,m,FIX,2024-04-28 15:05:15.2 UTC-06:00,2024-04-28 15:05:18.2 UTC-06:00,15,1.9,2.3,468219.361,4313236.646,2434.969,-105.3668488,38.9675237,2420.945,219.023,,NAD83(2011) / UTM zone 13N + NAVD88(GEOID18) height,7,7,6,6,0
1,,468524.145,4313315.52,2429.641,,-105.3633343,38.96824545,2415.612,Global,0.011,0.01,0.011,0.015,2.134,m,FIX,2024-04-28 13:44:40.0 UTC-06:00,2024-04-28 13:44:43.0 UTC-06:00,16,1.2,1.4,468219.361,4313236.646,2434.969,-105.3668488,38.9675237,2420.945,315.078,,NAD83(2011) / UTM zone 13N + NAVD88(GEOID18) height,8,9,5,6,0
2,,468523.969,4313315.343,2429.616,,-105.3633363,38.96824385,2415.586,Global,0.01,0.01,0.013,0.015,2.134,m,FIX,2024-04-28 13:44:52.8 UTC-06:00,2024-04-28 13:44:55.8 UTC-06:00,16,1.3,1.5,468219.361,4313236.646,2434.969,-105.3668488,38.9675237,2420.945,314.862,,NAD83(2011) / UTM zone 13N + NAVD88(GEOID18) height,7,9,5,6,0
3,,468524.347,4313315.238,2429.71,,-105.3633319,38.96824292,2415.68,Global,0.012,0.01,0.011,0.015,2.134,m,FIX,2024-04-28 13:45:08.4 UTC-06:00,2024-04-28 13:45:11.4 UTC-06:00,16,1.2,1.3,468219.361,4313236.646,2434.969,-105.3668488,38.9675237,2420.945,315.215,,NAD83(2011) / UTM zone 13N + NAVD88(GEOID18) height,8,9,5,6,0
4,,468524.336,4313315.754,2429.557,,-105.3633321,38.96824757,2415.528,Global,0.011,0.011,0.011,0.015,2.134,m,FIX,2024-04-28 13:45:24.4 UTC-06:00,2024-04-28 13:45:27.4 UTC-06:00,16,1.2,1.4,468219.361,4313236.646,2434.969,-105.3668488,38.9675237,2420.945,315.33,,NAD83(2011) / UTM zone 13N + NAVD88(GEOID18) height,8,9,5,6,0
5,,468524.028,4313315.69,2429.511,,-105.3633356,38.96824698,2415.482,Global,0.01,0.01,0.011,0.015,2.134,m,FIX,2024-04-28 13:45:47.4 UTC-06:00,2024-04-28 13:45:50.4 UTC-06:00,16,1.1,1.3,468219.361,4313236.646,2434.969,-105.3668488,38.9675237,2420.945,315.016,,NAD83(2011) / UTM zone 13N + NAVD88(GEOID18) height,8,9,5,6,0
6,,468524.147,4313315.534,2429.632,,-105.3633343,38.96824558,2415.602,Global,0.01,0.011,0.01,0.015,2.134,m,FIX,2024-04-28 13:46:23.8 UTC-06:00,2024-04-28 13:46:26.8 UTC-06:00,16,1.2,1.4,468219.361,4313236.646,2434.969,-105.3668488,38.9675237,2420.945,315.086,,NAD83(2011) / UTM zone 13N + NAVD88(GEOID18) height,8,8,5,6,0
7,,468385.807,4313369.142,2423.452,,-105.3649336,38.96872367,2409.426,Global,0.011,0.011,0.014,0.016,2.134,m,FIX,2024-04-28 14:06:51.4 UTC-06:00,2024-04-28 14:06:54.4 UTC-06:00,16,1.4,1.6,468219.361,4313236.646,2434.969,-105.3668488,38.9675237,2420.945,213.12,,NAD83(2011) / UTM zone 13N + NAVD88(GEOID18) height,8,7,5,6,0
8,,468385.686,4313368.883,2423.453,,-105.364935,38.96872133,2409.427,Global,0.01,0.01,0.014,0.015,2.134,m,FIX,2024-04-28 14:07:02.4 UTC-06:00,2024-04-28 14:07:05.4 UTC-06:00,16,1.4,1.6,468219.361,4313236.646,2434.969,-105.3668488,38.9675237,2420.945,212.855,,NAD83(2011) / UTM zone 13N + NAVD88(GEOID18) height,8,7,5,6,0
9,,468386.056,4313369.031,2423.478,,-105.3649307,38.96872268,2409.452,Global,0.01,0.01,0.014,0.015,2.134,m,FIX,2024-04-28 14:07:16.2 UTC-06:00,2024-04-28 14:07:19.2 UTC-06:00,16,1.4,1.6,468219.361,4313236.646,2434.969,-105.3668488,38.9675237,2420.945,213.235,,NAD83(2011) / UTM zone 13N + NAVD88(GEOID18) height,8,7,5,6,0
10,,468385.894,4313369.399,2423.402,,-105.3649326,38.96872599,2409.375,Global,0.011,0.01,0.015,0.015,2.134,m,FIX,2024-04-28 14:07:35.8 UTC-06:00,2024-04-28 14:07:38.8 UTC-06:00,16,1.4,1.6,468219.361,4313236.646,2434.969,-105.3668488,38.9675237,2420.945,213.351,,NAD83(2011) / UTM zone 13N + NAVD88(GEOID18) height,8,6,5,6,0
11,,468385.812,4313369.136,2423.442,,-105.3649336,38.96872361,2409.416,Global,0.011,0.01,0.014,0.015,2.134,m,FIX,2024-04-28 14:07:54.6 UTC-06:00,2024-04-28 14:07:57.6 UTC-06:00,16,1.4,1.6,468219.361,4313236.646,2434.969,-105.3668488,38.9675237,2420.945,213.111,,NAD83(2011) / UTM zone 13N + NAVD88(GEOID18) height,8,7,5,6,0
12,,468385.641,4313369.214,2423.465,,-105.3649355,38.96872431,2409.439,Global,0.01,0.011,0.016,0.015,2.134,m,FIX,2024-04-28 14:08:26.8 UTC-06:00,2024-04-28 14:08:29.8 UTC-06:00,16,1.4,1.6,468219.361,4313236.646,2434.969,-105.3668488,38.9675237,2420.945,213.023,,NAD83(2011) / UTM zone 13N + NAVD88(GEOID18) height,8,7,5,6,0
13,,468385.46,4313369.293,2423.457,,-105.3649376,38.96872502,2409.431,Global,0.01,0.01,0.015,0.015,2.134,m,FIX,2024-04-28 14:08:38.0 UTC-06:00,2024-04-28 14:08:41.0 UTC-06:00,16,1.4,1.6,468219.361,4313236.646,2434.969,-105.3668488,38.9675237,2420.945,212.937,,NAD83(2011) / UTM zone 13N + NAVD88(GEOID18) height,8,7,5,6,0
14,,468385.255,4313369.367,2423.328,,-105.36494,38.96872568,2409.302,Global,0.012,0.011,0.015,0.017,2.134,m,FIX,2024-04-28 14:08:55.4 UTC-06:00,2024-04-28 14:08:58.4 UTC-06:00,16,1.4,1.6,468219.361,4313236.646,2434.969,-105.3668488,38.9675237,2420.945,212.832,,NAD83(2011) / UTM zone 13N + NAVD88(GEOID18) height,7,7,5,6,0
15,,468385.094,4313369.444,2423.246,,-105.3649418,38.96872636,2409.22,Global,0.01,0.01,0.014,0.015,2.134,m,FIX,2024-04-28 14:09:09.4 UTC-06:00,2024-04-28 14:09:12.4 UTC-06:00,16,1.4,1.6,468219.361,4313236.646,2434.969,-105.3668488,38.9675237,2420.945,212.754,,NAD83(2011) / UTM zone 13N + NAVD88(GEOID18) height,8,7,5,6,0
16,,468384.961,4313369.495,2423.064,,-105.3649434,38.96872682,2409.037,Global,0.016,0.014,0.014,0.021,2.134,m,FIX,2024-04-28 14:09:37.6 UTC-06:00,2024-04-28 14:09:40.6 UTC-06:00,16,1.4,1.6,468219.361,4313236.646,2434.969,-105.3668488,38.9675237,2420.945,212.667,,NAD83(2011) / UTM zone 13N + NAVD88(GEOID18) height,7,7,5,6,0
17,,468384.914,4313369.546,2422.865,,-105.3649439,38.96872728,2408.839,Global,0.011,0.01,0.018,0.015,2.134,m,FIX,2024-04-28 14:10:08.8 UTC-06:00,2024-04-28 14:10:11.8 UTC-06:00,16,1.4,1.6,468219.361,4313236.646,2434.969,-105.3668488,38.9675237,2420.945,212.684,,NAD83(2011) / UTM zone 13N + NAVD88(GEOID18) height,8,7,5,6,0
18,,468384.708,4313369.604,2422.746,,-105.3649463,38.96872779,2408.719,Global,0.01,0.01,0.014,0.014,2.134,m,FIX,2024-04-28 14:10:55.4 UTC-06:00,2024-04-28 14:10:58.4 UTC-06:00,16,1.3,1.5,468219.361,4313236.646,2434.969,-105.3668488,38.9675237,2420.945,212.576,,NAD83(2011) / UTM zone 13N + NAVD88(GEOID18) height,7,7,6,6,0
19,,468384.51,4313369.651,2422.756,,-105.3649486,38.9687282,2408.73,Global,0.011,0.011,0.012,0.015,2.134,m,FIX,2024-04-28 14:11:27.6 UTC-06:00,2024-04-28 14:11:30.6 UTC-06:00,16,1.3,1.5,468219.361,4313236.646,2434.969,-105.3668488,38.9675237,2420.945,212.448,,NAD83(2011) / UTM zone 13N + NAVD88(GEOID18) height,7,7,6,5,0
20,,468384.324,4313369.728,2422.76,,-105.3649507,38.9687289,2408.734,Global,0.01,0.01,0.012,0.015,2.134,m,FIX,2024-04-28 14:11:38.4 UTC-06:00,2024-04-28 14:11:41.4 UTC-06:00,16,1.3,1.5,468219.361,4313236.646,2434.969,-105.3668488,38.9675237,2420.945,212.351,,NAD83(2011) / UTM zone 13N + NAVD88(GEOID18) height,8,7,6,6,0
21,,468384.123,4313369.799,2422.744,,-105.3649531,38.96872953,2408.718,Global,0.01,0.01,0.016,0.014,2.134,m,FIX,2024-04-28 14:11:50.6 UTC-06:00,2024-04-28 14:11:53.6 UTC-06:00,16,1.3,1.5,468219.361,4313236.646,2434.969,-105.3668488,38.9675237,2420.945,212.243,,NAD83(2011) / UTM zone 13N + NAVD88(GEOID18) height,7,7,6,6,0
22,,468383.964,4313369.823,2422.739,,-105.3649549,38.96872974,2408.713,Global,0.01,0.011,0.015,0.015,2.134,m,FIX,2024-04-28 14:12:01.6 UTC-06:00,2024-04-28 14:12:04.6 UTC-06:00,16,1.3,1.5,468219.361,4313236.646,2434.969,-105.3668488,38.9675237,2420.945,212.138,,NAD83(2011) / UTM zone 13N + NAVD88(GEOID18) height,8,7,6,6,0
23,,468383.775,4313369.914,2422.743,,-105.3649571,38.96873056,2408.717,Global,0.01,0.012,0.019,0.016,2.134,m,FIX,2024-04-28 14:12:14.4 UTC-06:00,2024-04-28 14:12:17.4 UTC-06:00,16,1.3,1.5,468219.361,4313236.646,2434.969,-105.3668488,38.9675237,2420.945,212.038,,NAD83(2011) / UTM zone 13N + NAVD88(GEOID18) height,7,7,6,6,0
24,,468383.561,4313369.998,2422.699,,-105.3649596,38.9687313,2408.673,Global,0.01,0.01,0.019,0.015,2.134,m,FIX,2024-04-28 14:12:30.0 UTC-06:00,2024-04-28 14:12:33.0 UTC-06:00,16,1.3,1.5,468219.361,4313236.646,2434.969,-105.3668488,38.9675237,2420.945,211.927,,NAD83(2011) / UTM zone 13N + NAVD88(GEOID18) height,7,7,6,6,0
25,,468383.42,4313370.046,2422.696,,-105.3649612,38.96873173,2408.67,Global,0.01,0.011,0.018,0.015,2.134,m,FIX,2024-04-28 14:12:43.0 UTC-06:00,2024-04-28 14:12:46.0 UTC-06:00,16,1.3,1.5,468219.361,4313236.646,2434.969,-105.3668488,38.9675237,2420.945,211.858,,NAD83(2011) / UTM zone 13N + NAVD88(GEOID18) height,7,7,6,5,0
26,,468383.225,4313370.107,2422.678,,-105.3649635,38.96873227,2408.652,Global,0.01,0.011,0.014,0.015,2.134,m,FIX,2024-04-28 14:12:54.4 UTC-06:00,2024-04-28 14:12:57.4 UTC-06:00,16,1.3,1.5,468219.361,4313236.646,2434.969,-105.3668488,38.9675237,2420.945,211.74,,NAD83(2011) / UTM zone 13N + NAVD88(GEOID18) height,7,7,6,5,0
27,,468383.038,4313370.199,2422.608,,-105.3649656,38.96873309,2408.582,Global,0.01,0.011,0.016,0.015,2.134,m,FIX,2024-04-28 14:13:08.8 UTC-06:00,2024-04-28 14:13:11.8 UTC-06:00,16,1.3,1.5,468219.361,4313236.646,2434.969,-105.3668488,38.9675237,2420.945,211.662,,NAD83(2011) / UTM zone 13N + NAVD88(GEOID18) height,7,7,6,5,0
28,,468382.823,4313370.323,2422.539,,-105.3649681,38.96873421,2408.512,Global,0.01,0.01,0.017,0.015,2.134,m,FIX,2024-04-28 14:13:39.0 UTC-06:00,2024-04-28 14:13:42.0 UTC-06:00,16,1.4,1.6,468219.361,4313236.646,2434.969,-105.3668488,38.9675237,2420.945,211.575,,NAD83(2011) / UTM zone 13N + NAVD88(GEOID18) height,6,7,6,5,0
29,,468382.656,4313370.324,2422.481,,-105.36497,38.96873421,2408.455,Global,0.011,0.01,0.019,0.015,2.134,m,FIX,2024-04-28 14:13:53.2 UTC-06:00,2024-04-28 14:13:56.2 UTC-06:00,16,1.3,1.5,468219.361,4313236.646,2434.969,-105.3668488,38.9675237,2420.945,211.454,,NAD83(2011) / UTM zone 13N + NAVD88(GEOID18) height,7,7,6,5,0
30,,468382.49,4313370.424,2422.464,,-105.364972,38.9687351,2408.438,Global,0.01,0.01,0.016,0.015,2.134,m,FIX,2024-04-28 14:14:06.8 UTC-06:00,2024-04-28 14:14:09.8 UTC-06:00,16,1.3,1.5,468219.361,4313236.646,2434.969,-105.3668488,38.9675237,2420.945,211.386,,NAD83(2011) / UTM zone 13N + NAVD88(GEOID18) height,6,7,6,5,0
31,,468382.273,4313370.549,2422.379,,-105.3649745,38.96873622,2408.353,Global,0.011,0.01,0.011,0.015,2.134,m,FIX,2024-04-28 14:14:26.6 UTC-06:00,2024-04-28 14:14:29.6 UTC-06:00,16,1.3,1.5,468219.361,4313236.646,2434.969,-105.3668488,38.9675237,2420.945,211.3,,NAD83(2011) / UTM zone 13N + NAVD88(GEOID18) height,7,7,6,5,0
32,,468382.129,4313370.666,2422.348,,-105.3649761,38.96873727,2408.321,Global,0.011,0.011,0.012,0.015,2.134,m,FIX,2024-04-28 14:14:42.0 UTC-06:00,2024-04-28 14:14:45.0 UTC-06:00,16,1.3,1.5,468219.361,4313236.646,2434.969,-105.3668488,38.9675237,2420.945,211.266,,NAD83(2011) / UTM zone 13N + NAVD88(GEOID18) height,7,7,6,5,0
33,,468381.922,4313370.713,2422.304,,-105.3649785,38.96873769,2408.278,Global,0.012,0.011,0.015,0.016,2.134,m,FIX,2024-04-28 14:14:55.2 UTC-06:00,2024-04-28 14:14:58.2 UTC-06:00,16,1.3,1.5,468219.361,4313236.646,2434.969,-105.3668488,38.9675237,2420.945,211.144,,NAD83(2011) / UTM zone 13N + NAVD88(GEOID18) height,7,7,6,5,0
34,,468381.683,4313370.713,2422.269,,-105.3649813,38.96873767,2408.243,Global,0.01,0.01,0.014,0.015,2.134,m,FIX,2024-04-28 14:15:17.0 UTC-06:00,2024-04-28 14:15:20.0 UTC-06:00,16,1.3,1.5,468219.361,4313236.646,2434.969,-105.3668488,38.9675237,2420.945,210.958,,NAD83(2011) / UTM zone 13N + NAVD88(GEOID18) height,8,7,6,5,0
35,,468381.491,4313370.778,2422.26,,-105.3649835,38.96873825,2408.234,Global,0.01,0.01,0.014,0.015,2.134,m,FIX,2024-04-28 14:15:44.0 UTC-06:00,2024-04-28 14:15:47.0 UTC-06:00,16,1.3,1.5,468219.361,4313236.646,2434.969,-105.3668488,38.9675237,2420.945,210.844,,NAD83(2011) / UTM zone 13N + NAVD88(GEOID18) height,7,7,6,5,0
36,,468381.288,4313370.793,2422.271,,-105.3649858,38.96873839,2408.244,Global,0.011,0.011,0.014,0.015,2.134,m,FIX,2024-04-28 14:16:02.2 UTC-06:00,2024-04-28 14:16:05.2 UTC-06:00,16,1.3,1.5,468219.361,4313236.646,2434.969,-105.3668488,38.9675237,2420.945,210.71,,NAD83(2011) / UTM zone 13N + NAVD88(GEOID18) height,7,7,6,5,0
37,,468381.043,4313370.757,2422.222,,-105.3649887,38.96873805,2408.196,Global,0.01,0.012,0.014,0.016,2.134,m,FIX,2024-04-28 14:16:23.4 UTC-06:00,2024-04-28 14:16:26.4 UTC-06:00,16,1.3,1.5,468219.361,4313236.646,2434.969,-105.3668488,38.9675237,2420.945,210.497,,NAD83(2011) / UTM zone 13N + NAVD88(GEOID18) height,7,7,6,5,0
38,,468380.852,4313370.844,2422.187,,-105.3649909,38.96873883,2408.16,Global,0.011,0.011,0.011,0.016,2.134,m,FIX,2024-04-28 14:16:41.4 UTC-06:00,2024-04-28 14:16:44.4 UTC-06:00,16,1.3,1.5,468219.361,4313236.646,2434.969,-105.3668488,38.9675237,2420.945,210.401,,NAD83(2011) / UTM zone 13N + NAVD88(GEOID18) height,7,7,6,5,0
39,,468380.678,4313370.826,2422.196,,-105.3649929,38.96873866,2408.169,Global,0.011,0.01,0.013,0.015,2.134,m,FIX,2024-04-28 14:16:56.6 UTC-06:00,2024-04-28 14:16:59.6 UTC-06:00,16,1.3,1.5,468219.361,4313236.646,2434.969,-105.3668488,38.9675237,2420.945,210.254,,NAD83(2011) / UTM zone 13N + NAVD88(GEOID18) height,7,7,5,5,0
40,,468380.47,4313370.915,2422.188,,-105.3649953,38.96873946,2408.162,Global,0.01,0.011,0.013,0.015,2.134,m,FIX,2024-04-28 14:17:10.2 UTC-06:00,2024-04-28 14:17:13.2 UTC-06:00,16,1.3,1.5,468219.361,4313236.646,2434.969,-105.3668488,38.9675237,2420.945,210.16,,NAD83(2011) / UTM zone 13N + NAVD88(GEOID18) height,7,7,6,5,0
41,,468380.297,4313370.971,2422.147,,-105.3649973,38.96873995,2408.12,Global,0.01,0.01,0.015,0.014,2.134,m,FIX,2024-04-28 14:17:24.2 UTC-06:00,2024-04-28 14:17:27.2 UTC-06:00,16,1.3,1.5,468219.361,4313236.646,2434.969,-105.3668488,38.9675237,2420.945,210.059,,NAD83(2011) / UTM zone 13N + NAVD88(GEOID18) height,7,7,6,5,0
42,,468380.136,4313371.031,2422.178,,-105.3649992,38.96874048,2408.152,Global,0.01,0.012,0.012,0.015,2.134,m,FIX,2024-04-28 14:17:37.6 UTC-06:00,2024-04-28 14:17:40.6 UTC-06:00,16,1.3,1.5,468219.361,4313236.646,2434.969,-105.3668488,38.9675237,2420.945,209.972,,NAD83(2011) / UTM zone 13N + NAVD88(GEOID18) height,7,6,6,5,0
43,,468379.936,4313371.137,2422.188,,-105.3650015,38.96874144,2408.162,Global,0.011,0.011,0.012,0.015,2.134,m,FIX,2024-04-28 14:18:07.0 UTC-06:00,2024-04-28 14:18:10.0 UTC-06:00,16,1.3,1.5,468219.361,4313236.646,2434.969,-105.3668488,38.9675237,2420.945,209.887,,NAD83(2011) / UTM zone 13N + NAVD88(GEOID18) height,7,7,6,5,0
44,,468379.734,4313371.249,2422.187,,-105.3650038,38.96874243,2408.161,Global,0.01,0.011,0.01,0.015,2.134,m,FIX,2024-04-28 14:18:22.4 UTC-06:00,2024-04-28 14:18:25.4 UTC-06:00,16,1.3,1.6,468219.361,4313236.646,2434.969,-105.3668488,38.9675237,2420.945,209.805,,NAD83(2011) / UTM zone 13N + NAVD88(GEOID18) height,7,7,6,5,0
45,,468379.595,4313371.32,2422.161,,-105.3650054,38.96874307,2408.135,Global,0.01,0.011,0.013,0.015,2.134,m,FIX,2024-04-28 14:18:35.0 UTC-06:00,2024-04-28 14:18:38.0 UTC-06:00,16,1.3,1.6,468219.361,4313236.646,2434.969,-105.3668488,38.9675237,2420.945,209.746,,NAD83(2011) / UTM zone 13N + NAVD88(GEOID18) height,7,7,6,5,0
46,,468379.45,4313371.469,2422.15,,-105.3650071,38.96874441,2408.124,Global,0.01,0.01,0.012,0.015,2.134,m,FIX,2024-04-28 14:18:51.6 UTC-06:00,2024-04-28 14:18:54.6 UTC-06:00,16,1.3,1.6,468219.361,4313236.646,2434.969,-105.3668488,38.9675237,2420.945,209.733,,NAD83(2011) / UTM zone 13N + NAVD88(GEOID18) height,7,7,5,5,0
47,,468379.255,4313371.574,2422.14,,-105.3650093,38.96874534,2408.114,Global,0.01,0.01,0.015,0.014,2.134,m,FIX,2024-04-28 14:19:05.2 UTC-06:00,2024-04-28 14:19:08.2 UTC-06:00,16,1.3,1.6,468219.361,4313236.646,2434.969,-105.3668488,38.9675237,2420.945,209.654,,NAD83(2011) / UTM zone 13N + NAVD88(GEOID18) height,7,7,5,5,0
48,,468379.085,4313371.735,2422.045,,-105.3650113,38.96874679,2408.019,Global,0.011,0.011,0.013,0.016,2.134,m,FIX,2024-04-28 14:19:24.2 UTC-06:00,2024-04-28 14:19:27.2 UTC-06:00,16,1.3,1.6,468219.361,4313236.646,2434.969,-105.3668488,38.9675237,2420.945,209.624,,NAD83(2011) / UTM zone 13N + NAVD88(GEOID18) height,7,7,6,5,0
49,,468378.898,4313371.799,2422.03,,-105.3650135,38.96874736,2408.004,Global,0.01,0.011,0.014,0.015,2.134,m,FIX,2024-04-28 14:19:39.6 UTC-06:00,2024-04-28 14:19:42.6 UTC-06:00,16,1.3,1.6,468219.361,4313236.646,2434.969,-105.3668488,38.9675237,2420.945,209.531,,NAD83(2011) / UTM zone 13N + NAVD88(GEOID18) height,7,7,6,5,0
50,,468378.729,4313371.852,2422.091,,-105.3650154,38.96874783,2408.065,Global,0.011,0.013,0.013,0.017,2.134,m,FIX,2024-04-28 14:19:58.0 UTC-06:00,2024-04-28 14:20:01.0 UTC-06:00,16,1.3,1.6,468219.361,4313236.646,2434.969,-105.3668488,38.9675237,2420.945,209.435,,NAD83(2011) / UTM zone 13N + NAVD88(GEOID18) height,7,7,6,5,0
51,,468378.531,4313371.914,2422.137,,-105.3650177,38.96874838,2408.111,Global,0.011,0.01,0.019,0.015,2.134,m,FIX,2024-04-28 14:20:16.4 UTC-06:00,2024-04-28 14:20:19.4 UTC-06:00,16,1.3,1.6,468219.361,4313236.646,2434.969,-105.3668488,38.9675237,2420.945,209.313,,NAD83(2011) / UTM zone 13N + NAVD88(GEOID18) height,7,7,6,5,0
52,,468378.305,4313371.977,2422.109,,-105.3650203,38.96874895,2408.083,Global,0.01,0.011,0.02,0.015,2.134,m,FIX,2024-04-28 14:20:51.2 UTC-06:00,2024-04-28 14:20:54.2 UTC-06:00,16,1.3,1.6,468219.361,4313236.646,2434.969,-105.3668488,38.9675237,2420.945,209.192,,NAD83(2011) / UTM zone 13N + NAVD88(GEOID18) height,7,7,6,5,0
53,,468378.099,4313372.04,2422.131,,-105.3650227,38.9687495,2408.105,Global,0.012,0.011,0.021,0.017,2.134,m,FIX,2024-04-28 14:21:03.8 UTC-06:00,2024-04-28 14:21:06.8 UTC-06:00,16,1.3,1.6,468219.361,4313236.646,2434.969,-105.3668488,38.9675237,2420.945,209.071,,NAD83(2011) / UTM zone 13N + NAVD88(GEOID18) height,7,7,6,5,0
54,,468377.95,4313372.163,2422.131,,-105.3650244,38.96875061,2408.105,Global,0.011,0.01,0.016,0.015,2.134,m,FIX,2024-04-28 14:21:20.6 UTC-06:00,2024-04-28 14:21:23.6 UTC-06:00,16,1.3,1.6,468219.361,4313236.646,2434.969,-105.3668488,38.9675237,2420.945,209.041,,NAD83(2011) / UTM zone 13N + NAVD88(GEOID18) height,7,7,6,5,0
55,,468377.787,4313372.238,2422.117,,-105.3650263,38.96875127,2408.091,Global,0.01,0.01,0.016,0.014,2.134,m,FIX,2024-04-28 14:21:37.2 UTC-06:00,2024-04-28 14:21:40.2 UTC-06:00,16,1.3,1.6,468219.361,4313236.646,2434.969,-105.3668488,38.9675237,2420.945,208.961,,NAD83(2011) / UTM zone 13N + NAVD88(GEOID18) height,7,7,6,5,0
56,,468377.613,4313372.321,2422.141,,-105.3650283,38.96875202,2408.115,Global,0.01,0.011,0.015,0.015,2.134,m,FIX,2024-04-28 14:21:53.0 UTC-06:00,2024-04-28 14:21:56.0 UTC-06:00,16,1.3,1.6,468219.361,4313236.646,2434.969,-105.3668488,38.9675237,2420.945,208.885,,NAD83(2011) / UTM zone 13N + NAVD88(GEOID18) height,7,7,6,5,0
57,,468377.404,4313372.372,2422.128,,-105.3650308,38.96875247,2408.102,Global,0.01,0.011,0.015,0.015,2.134,m,FIX,2024-04-28 14:22:07.6 UTC-06:00,2024-04-28 14:22:10.6 UTC-06:00,16,1.3,1.6,468219.361,4313236.646,2434.969,-105.3668488,38.9675237,2420.945,208.761,,NAD83(2011) / UTM zone 13N + NAVD88(GEOID18) height,7,7,6,5,0
58,,468377.219,4313372.463,2422.131,,-105.3650329,38.96875328,2408.105,Global,0.01,0.01,0.013,0.015,2.134,m,FIX,2024-04-28 14:22:23.2 UTC-06:00,2024-04-28 14:22:26.2 UTC-06:00,16,1.3,1.6,468219.361,4313236.646,2434.969,-105.3668488,38.9675237,2420.945,208.675,,NAD83(2011) / UTM zone 13N + NAVD88(GEOID18) height,7,7,6,5,0
59,,468377.016,4313372.523,2422.168,,-105.3650352,38.96875382,2408.142,Global,0.01,0.011,0.017,0.015,2.134,m,FIX,2024-04-28 14:22:37.6 UTC-06:00,2024-04-28 14:22:40.6 UTC-06:00,16,1.3,1.6,468219.361,4313236.646,2434.969,-105.3668488,38.9675237,2420.945,208.56,,NAD83(2011) / UTM zone 13N + NAVD88(GEOID18) height,7,7,6,5,0
60,,468376.847,4313372.548,2422.195,,-105.3650372,38.96875404,2408.169,Global,0.01,0.011,0.013,0.015,2.134,m,FIX,2024-04-28 14:22:50.4 UTC-06:00,2024-04-28 14:22:53.4 UTC-06:00,16,1.3,1.6,468219.361,4313236.646,2434.969,-105.3668488,38.9675237,2420.945,208.445,,NAD83(2011) / UTM zone 13N + NAVD88(GEOID18) height,7,7,6,5,0
61,,468376.638,4313372.616,2422.201,,-105.3650396,38.96875464,2408.174,Global,0.01,0.01,0.015,0.014,2.134,m,FIX,2024-04-28 14:23:06.0 UTC-06:00,2024-04-28 14:23:09.0 UTC-06:00,16,1.3,1.6,468219.361,4313236.646,2434.969,-105.3668488,38.9675237,2420.945,208.335,,NAD83(2011) / UTM zone 13N + NAVD88(GEOID18) height,7,7,5,5,0
62,,468376.434,4313372.669,2422.262,,-105.365042,38.96875511,2408.236,Global,0.011,0.012,0.017,0.016,2.134,m,FIX,2024-04-28 14:23:22.8 UTC-06:00,2024-04-28 14:23:25.8 UTC-06:00,16,1.3,1.6,468219.361,4313236.646,2434.969,-105.3668488,38.9675237,2420.945,208.212,,NAD83(2011) / UTM zone 13N + NAVD88(GEOID18) height,7,7,6,5,0
63,,468376.22,4313372.71,2422.314,,-105.3650444,38.96875548,2408.288,Global,0.011,0.011,0.016,0.016,2.134,m,FIX,2024-04-28 14:23:43.6 UTC-06:00,2024-04-28 14:23:46.6 UTC-06:00,16,1.3,1.6,468219.361,4313236.646,2434.969,-105.3668488,38.9675237,2420.945,208.082,,NAD83(2011) / UTM zone 13N + NAVD88(GEOID18) height,7,7,6,5,0
64,,468376.069,4313372.779,2422.339,,-105.3650462,38.96875609,2408.313,Global,0.011,0.011,0.013,0.016,2.134,m,FIX,2024-04-28 14:23:56.0 UTC-06:00,2024-04-28 14:23:59.0 UTC-06:00,16,1.3,1.6,468219.361,4313236.646,2434.969,-105.3668488,38.9675237,2420.945,208.01,,NAD83(2011) / UTM zone 13N + NAVD88(GEOID18) height,7,7,6,5,0
65,,468375.836,4313372.793,2422.334,,-105.3650489,38.96875621,2408.308,Global,0.01,0.01,0.017,0.015,2.134,m,FIX,2024-04-28 14:24:12.6 UTC-06:00,2024-04-28 14:24:15.6 UTC-06:00,16,1.3,1.6,468219.361,4313236.646,2434.969,-105.3668488,38.9675237,2420.945,207.842,,NAD83(2011) / UTM zone 13N + NAVD88(GEOID18) height,7,7,6,5,0
66,,468375.671,4313372.788,2422.367,,-105.3650508,38.96875616,2408.341,Global,0.01,0.011,0.016,0.015,2.134,m,FIX,2024-04-28 14:24:26.4 UTC-06:00,2024-04-28 14:24:29.4 UTC-06:00,16,1.3,1.6,468219.361,4313236.646,2434.969,-105.3668488,38.9675237,2420.945,207.712,,NAD83(2011) / UTM zone 13N + NAVD88(GEOID18) height,7,7,6,5,0
67,,468375.452,4313372.816,2422.405,,-105.3650533,38.9687564,2408.378,Global,0.011,0.01,0.017,0.015,2.134,m,FIX,2024-04-28 14:24:40.6 UTC-06:00,2024-04-28 14:24:43.6 UTC-06:00,16,1.3,1.6,468219.361,4313236.646,2434.969,-105.3668488,38.9675237,2420.945,207.565,,NAD83(2011) / UTM zone 13N + NAVD88(GEOID18) height,7,7,6,5,0
68,,468375.246,4313372.878,2422.429,,-105.3650557,38.96875696,2408.403,Global,0.011,0.011,0.015,0.015,2.134,m,FIX,2024-04-28 14:24:54.0 UTC-06:00,2024-04-28 14:24:57.0 UTC-06:00,16,1.3,1.6,468219.361,4313236.646,2434.969,-105.3668488,38.9675237,2420.945,207.442,,NAD83(2011) / UTM zone 13N + NAVD88(GEOID18) height,7,7,6,5,0
69,,468375.041,4313372.88,2422.437,,-105.365058,38.96875697,2408.411,Global,0.01,0.012,0.013,0.016,2.134,m,FIX,2024-04-28 14:25:09.4 UTC-06:00,2024-04-28 14:25:12.4 UTC-06:00,16,1.3,1.6,468219.361,4313236.646,2434.969,-105.3668488,38.9675237,2420.945,207.294,,NAD83(2011) / UTM zone 13N + NAVD88(GEOID18) height,7,7,6,5,0
70,,468374.854,4313372.946,2422.493,,-105.3650602,38.96875755,2408.467,Global,0.01,0.01,0.015,0.014,2.134,m,FIX,2024-04-28 14:25:23.6 UTC-06:00,2024-04-28 14:25:26.6 UTC-06:00,16,1.3,1.6,468219.361,4313236.646,2434.969,-105.3668488,38.9675237,2420.945,207.193,,NAD83(2011) / UTM zone 13N + NAVD88(GEOID18) height,7,7,6,5,0
71,,468374.676,4313373.026,2422.497,,-105.3650623,38.96875826,2408.471,Global,0.01,0.01,0.018,0.015,2.134,m,FIX,2024-04-28 14:25:38.8 UTC-06:00,2024-04-28 14:25:41.8 UTC-06:00,16,1.3,1.6,468219.361,4313236.646,2434.969,-105.3668488,38.9675237,2420.945,207.111,,NAD83(2011) / UTM zone 13N + NAVD88(GEOID18) height,7,7,6,5,0
72,,468374.503,4313373.105,2422.544,,-105.3650643,38.96875897,2408.518,Global,0.011,0.01,0.012,0.015,2.134,m,FIX,2024-04-28 14:25:50.2 UTC-06:00,2024-04-28 14:25:53.2 UTC-06:00,16,1.4,1.6,468219.361,4313236.646,2434.969,-105.3668488,38.9675237,2420.945,207.029,,NAD83(2011) / UTM zone 13N + NAVD88(GEOID18) height,7,7,6,5,0
73,,468374.287,4313373.187,2422.57,,-105.3650668,38.9687597,2408.544,Global,0.01,0.011,0.014,0.015,2.134,m,FIX,2024-04-28 14:26:03.0 UTC-06:00,2024-04-28 14:26:06.0 UTC-06:00,16,1.3,1.6,468219.361,4313236.646,2434.969,-105.3668488,38.9675237,2420.945,206.916,,NAD83(2011) / UTM zone 13N + NAVD88(GEOID18) height,7,7,6,5,0
74,,468374.106,4313373.283,2422.558,,-105.3650689,38.96876056,2408.532,Global,0.01,0.011,0.012,0.015,2.134,m,FIX,2024-04-28 14:26:25.2 UTC-06:00,2024-04-28 14:26:28.2 UTC-06:00,16,1.3,1.6,468219.361,4313236.646,2434.969,-105.3668488,38.9675237,2420.945,206.849,,NAD83(2011) / UTM zone 13N + NAVD88(GEOID18) height,7,7,6,5,0
75,,468373.957,4313373.377,2422.576,,-105.3650706,38.9687614,2408.55,Global,0.01,0.011,0.014,0.016,2.134,m,FIX,2024-04-28 14:26:37.4 UTC-06:00,2024-04-28 14:26:40.4 UTC-06:00,16,1.3,1.6,468219.361,4313236.646,2434.969,-105.3668488,38.9675237,2420.945,206.802,,NAD83(2011) / UTM zone 13N + NAVD88(GEOID18) height,7,7,6,5,0
76,,468373.772,4313373.508,2422.592,,-105.3650727,38.96876258,2408.565,Global,0.01,0.011,0.014,0.015,2.134,m,FIX,2024-04-28 14:26:49.6 UTC-06:00,2024-04-28 14:26:52.6 UTC-06:00,16,1.3,1.6,468219.361,4313236.646,2434.969,-105.3668488,38.9675237,2420.945,206.748,,NAD83(2011) / UTM zone 13N + NAVD88(GEOID18) height,7,7,6,5,0
77,,468373.6,4313373.593,2422.614,,-105.3650747,38.96876333,2408.588,Global,0.01,0.011,0.011,0.015,2.134,m,FIX,2024-04-28 14:27:00.4 UTC-06:00,2024-04-28 14:27:03.4 UTC-06:00,16,1.3,1.6,468219.361,4313236.646,2434.969,-105.3668488,38.9675237,2420.945,206.674,,NAD83(2011) / UTM zone 13N + NAVD88(GEOID18) height,7,7,6,5,0
78,,468373.45,4313373.664,2422.615,,-105.3650765,38.96876397,2408.589,Global,0.011,0.012,0.012,0.016,2.134,m,FIX,2024-04-28 14:27:13.4 UTC-06:00,2024-04-28 14:27:16.4 UTC-06:00,16,1.3,1.6,468219.361,4313236.646,2434.969,-105.3668488,38.9675237,2420.945,206.607,,NAD83(2011) / UTM zone 13N + NAVD88(GEOID18) height,7,7,6,5,0
79,,468373.245,4313373.759,2422.614,,-105.3650788,38.96876482,2408.588,Global,0.01,0.011,0.014,0.015,2.134,m,FIX,2024-04-28 14:27:28.2 UTC-06:00,2024-04-28 14:27:31.2 UTC-06:00,16,1.3,1.6,468219.361,4313236.646,2434.969,-105.3668488,38.9675237,2420.945,206.515,,NAD83(2011) / UTM zone 13N + NAVD88(GEOID18) height,7,7,6,5,0
80,,468373.066,4313373.839,2422.622,,-105.3650809,38.96876553,2408.596,Global,0.01,0.011,0.013,0.015,2.134,m,FIX,2024-04-28 14:27:40.6 UTC-06:00,2024-04-28 14:27:43.6 UTC-06:00,16,1.3,1.6,468219.361,4313236.646,2434.969,-105.3668488,38.9675237,2420.945,206.44,,NAD83(2011) / UTM zone 13N + NAVD88(GEOID18) height,7,7,6,5,0
81,,468372.879,4313373.932,2422.646,,-105.3650831,38.96876636,2408.62,Global,0.01,0.011,0.016,0.015,2.134,m,FIX,2024-04-28 14:27:52.6 UTC-06:00,2024-04-28 14:27:55.6 UTC-06:00,16,1.3,1.6,468219.361,4313236.646,2434.969,-105.3668488,38.9675237,2420.945,206.358,,NAD83(2011) / UTM zone 13N + NAVD88(GEOID18) height,7,7,6,5,0
82,,468372.713,4313374.018,2422.621,,-105.365085,38.96876713,2408.595,Global,0.01,0.012,0.013,0.016,2.134,m,FIX,2024-04-28 14:28:06.0 UTC-06:00,2024-04-28 14:28:09.0 UTC-06:00,16,1.3,1.6,468219.361,4313236.646,2434.969,-105.3668488,38.9675237,2420.945,206.287,,NAD83(2011) / UTM zone 13N + NAVD88(GEOID18) height,6,7,6,5,0
83,,468372.523,4313374.104,2422.635,,-105.3650872,38.96876791,2408.609,Global,0.011,0.012,0.015,0.016,2.134,m,FIX,2024-04-28 14:28:17.6 UTC-06:00,2024-04-28 14:28:20.6 UTC-06:00,16,1.3,1.6,468219.361,4313236.646,2434.969,-105.3668488,38.9675237,2420.945,206.212,,NAD83(2011) / UTM zone 13N + NAVD88(GEOID18) height,7,7,6,5,0
84,,468372.332,4313374.166,2422.637,,-105.3650894,38.96876845,2408.611,Global,0.011,0.01,0.015,0.015,2.134,m,FIX,2024-04-28 14:28:29.8 UTC-06:00,2024-04-28 14:28:32.8 UTC-06:00,16,1.4,1.6,468219.361,4313236.646,2434.969,-105.3668488,38.9675237,2420.945,206.107,,NAD83(2011) / UTM zone 13N + NAVD88(GEOID18) height,7,7,6,4,0
85,,468372.13,4313374.226,2422.619,,-105.3650917,38.96876899,2408.593,Global,0.01,0.01,0.019,0.015,2.134,m,FIX,2024-04-28 14:28:42.8 UTC-06:00,2024-04-28 14:28:45.8 UTC-06:00,16,1.4,1.6,468219.361,4313236.646,2434.969,-105.3668488,38.9675237,2420.945,205.996,,NAD83(2011) / UTM zone 13N + NAVD88(GEOID18) height,7,7,6,5,0
86,,468371.948,4313374.317,2422.602,,-105.3650938,38.9687698,2408.576,Global,0.01,0.011,0.018,0.015,2.134,m,FIX,2024-04-28 14:28:55.2 UTC-06:00,2024-04-28 14:28:58.2 UTC-06:00,16,1.4,1.6,468219.361,4313236.646,2434.969,-105.3668488,38.9675237,2420.945,205.935,,NAD83(2011) / UTM zone 13N + NAVD88(GEOID18) height,7,7,6,5,0
87,,468371.778,4313374.364,2422.624,,-105.3650958,38.96877022,2408.598,Global,0.01,0.01,0.017,0.014,2.134,m,FIX,2024-04-28 14:29:06.8 UTC-06:00,2024-04-28 14:29:09.8 UTC-06:00,16,1.3,1.6,468219.361,4313236.646,2434.969,-105.3668488,38.9675237,2420.945,205.828,,NAD83(2011) / UTM zone 13N + NAVD88(GEOID18) height,7,7,6,5,0
88,,468371.57,4313374.379,2422.636,,-105.3650982,38.96877035,2408.61,Global,0.01,0.01,0.019,0.015,2.134,m,FIX,2024-04-28 14:29:18.8 UTC-06:00,2024-04-28 14:29:21.8 UTC-06:00,16,1.3,1.6,468219.361,4313236.646,2434.969,-105.3668488,38.9675237,2420.945,205.68,,NAD83(2011) / UTM zone 13N + NAVD88(GEOID18) height,7,7,6,5,0
89,,468371.386,4313374.499,2422.62,,-105.3651003,38.96877142,2408.594,Global,0.011,0.011,0.019,0.015,2.134,m,FIX,2024-04-28 14:29:31.0 UTC-06:00,2024-04-28 14:29:34.0 UTC-06:00,16,1.3,1.6,468219.361,4313236.646,2434.969,-105.3668488,38.9675237,2420.945,205.635,,NAD83(2011) / UTM zone 13N + NAVD88(GEOID18) height,7,7,6,5,0
90,,468371.201,4313374.594,2422.662,,-105.3651025,38.96877227,2408.636,Global,0.01,0.01,0.019,0.014,2.134,m,FIX,2024-04-28 14:29:42.8 UTC-06:00,2024-04-28 14:29:45.8 UTC-06:00,16,1.3,1.6,468219.361,4313236.646,2434.969,-105.3668488,38.9675237,2420.945,205.553,,NAD83(2011) / UTM zone 13N + NAVD88(GEOID18) height,7,7,6,5,0
91,,468371.033,4313374.654,2422.668,,-105.3651044,38.9687728,2408.642,Global,0.01,0.01,0.015,0.015,2.134,m,FIX,2024-04-28 14:29:56.8 UTC-06:00,2024-04-28 14:29:59.8 UTC-06:00,16,1.3,1.6,468219.361,4313236.646,2434.969,-105.3668488,38.9675237,2420.945,205.471,,NAD83(2011) / UTM zone 13N + NAVD88(GEOID18) height,7,7,5,5,0
92,,468370.86,4313374.802,2422.678,,-105.3651064,38.96877413,2408.652,Global,0.01,0.011,0.017,0.015,2.134,m,FIX,2024-04-28 14:30:09.8 UTC-06:00,2024-04-28 14:30:12.8 UTC-06:00,16,1.3,1.6,468219.361,4313236.646,2434.969,-105.3668488,38.9675237,2420.945,205.435,,NAD83(2011) / UTM zone 13N + NAVD88(GEOID18) height,7,6,6,5,0
93,,468370.683,4313374.877,2422.67,,-105.3651085,38.9687748,2408.644,Global,0.01,0.011,0.018,0.015,2.134,m,FIX,2024-04-28 14:30:23.0 UTC-06:00,2024-04-28 14:30:26.0 UTC-06:00,16,1.3,1.6,468219.361,4313236.646,2434.969,-105.3668488,38.9675237,2420.945,205.355,,NAD83(2011) / UTM zone 13N + NAVD88(GEOID18) height,7,7,6,5,0
94,,468370.507,4313374.934,2422.69,,-105.3651105,38.96877531,2408.664,Global,0.011,0.01,0.02,0.015,2.134,m,FIX,2024-04-28 14:30:34.4 UTC-06:00,2024-04-28 14:30:37.4 UTC-06:00,16,1.3,1.6,468219.361,4313236.646,2434.969,-105.3668488,38.9675237,2420.945,205.266,,NAD83(2011) / UTM zone 13N + NAVD88(GEOID18) height,7,7,7,5,0
95,,468370.317,4313375.034,2422.695,,-105.3651127,38.9687762,2408.669,Global,0.01,0.011,0.021,0.015,2.134,m,FIX,2024-04-28 14:30:46.4 UTC-06:00,2024-04-28 14:30:49.4 UTC-06:00,16,1.3,1.6,468219.361,4313236.646,2434.969,-105.3668488,38.9675237,2420.945,205.194,,NAD83(2011) / UTM zone 13N + NAVD88(GEOID18) height,7,7,7,5,0
96,,468370.109,4313375.08,2422.685,,-105.3651151,38.96877661,2408.659,Global,0.01,0.011,0.02,0.015,2.134,m,FIX,2024-04-28 14:31:00.4 UTC-06:00,2024-04-28 14:31:03.4 UTC-06:00,16,1.3,1.6,468219.361,4313236.646,2434.969,-105.3668488,38.9675237,2420.945,205.079,,NAD83(2011) / UTM zone 13N + NAVD88(GEOID18) height,8,7,7,5,0
97,,468369.918,4313375.141,2422.665,,-105.3651173,38.96877715,2408.639,Global,0.011,0.01,0.019,0.015,2.134,m,FIX,2024-04-28 14:31:12.8 UTC-06:00,2024-04-28 14:31:15.8 UTC-06:00,16,1.3,1.6,468219.361,4313236.646,2434.969,-105.3668488,38.9675237,2420.945,204.973,,NAD83(2011) / UTM zone 13N + NAVD88(GEOID18) height,7,7,7,5,0
98,,468369.746,4313375.229,2422.649,,-105.3651193,38.96877794,2408.623,Global,0.01,0.011,0.021,0.015,2.134,m,FIX,2024-04-28 14:31:24.2 UTC-06:00,2024-04-28 14:31:27.2 UTC-06:00,16,1.3,1.6,468219.361,4313236.646,2434.969,-105.3668488,38.9675237,2420.945,204.913,,NAD83(2011) / UTM zone 13N + NAVD88(GEOID18) height,7,7,7,5,0
99,,468369.553,4313375.292,2422.65,,-105.3651215,38.9687785,2408.624,Global,0.011,0.011,0.017,0.016,2.134,m,FIX,2024-04-28 14:31:37.0 UTC-06:00,2024-04-28 14:31:40.0 UTC-06:00,16,1.3,1.6,468219.361,4313236.646,2434.969,-105.3668488,38.9675237,2420.945,204.814,,NAD83(2011) / UTM zone 13N + NAVD88(GEOID18) height,7,7,7,5,0
100,,468369.367,4313375.389,2422.663,,-105.3651237,38.96877937,2408.637,Global,0.012,0.011,0.015,0.016,2.134,m,FIX,2024-04-28 14:31:46.4 UTC-06:00,2024-04-28 14:31:49.4 UTC-06:00,16,1.4,1.7,468219.361,4313236.646,2434.969,-105.3668488,38.9675237,2420.945,204.741,,NAD83(2011) / UTM zone 13N + NAVD88(GEOID18) height,7,7,7,5,0
101,,468369.158,4313375.432,2422.695,,-105.3651261,38.96877975,2408.669,Global,0.01,0.01,0.014,0.014,2.134,m,FIX,2024-04-28 14:31:59.8 UTC-06:00,2024-04-28 14:32:02.8 UTC-06:00,16,1.3,1.6,468219.361,4313236.646,2434.969,-105.3668488,38.9675237,2420.945,204.618,,NAD83(2011) / UTM zone 13N + NAVD88(GEOID18) height,7,6,7,5,0
102,,468368.988,4313375.521,2422.733,,-105.365128,38.96878054,2408.707,Global,0.01,0.01,0.014,0.015,2.134,m,FIX,2024-04-28 14:32:13.8 UTC-06:00,2024-04-28 14:32:16.8 UTC-06:00,16,1.3,1.6,468219.361,4313236.646,2434.969,-105.3668488,38.9675237,2420.945,204.546,,NAD83(2011) / UTM zone 13N + NAVD88(GEOID18) height,7,8,7,5,0
103,,468368.814,4313375.597,2422.751,,-105.3651301,38.96878122,2408.725,Global,0.011,0.011,0.019,0.016,2.134,m,FIX,2024-04-28 14:32:27.6 UTC-06:00,2024-04-28 14:32:30.6 UTC-06:00,16,1.3,1.6,468219.361,4313236.646,2434.969,-105.3668488,38.9675237,2420.945,204.47,,NAD83(2011) / UTM zone 13N + NAVD88(GEOID18) height,8,7,7,5,0
104,,468368.64,4313375.663,2422.796,,-105.3651321,38.96878181,2408.77,Global,0.01,0.012,0.019,0.016,2.134,m,FIX,2024-04-28 14:32:47.8 UTC-06:00,2024-04-28 14:32:50.8 UTC-06:00,16,1.3,1.6,468219.361,4313236.646,2434.969,-105.3668488,38.9675237,2420.945,204.395,,NAD83(2011) / UTM zone 13N + NAVD88(GEOID18) height,8,7,7,5,0
105,,468368.524,4313375.738,2422.866,,-105.3651334,38.96878249,2408.84,Global,0.01,0.012,0.02,0.016,2.134,m,FIX,2024-04-28 14:32:58.4 UTC-06:00,2024-04-28 14:33:01.4 UTC-06:00,16,1.3,1.6,468219.361,4313236.646,2434.969,-105.3668488,38.9675237,2420.945,204.353,,NAD83(2011) / UTM zone 13N + NAVD88(GEOID18) height,8,7,7,5,0
106,,468368.352,4313375.791,2423.122,,-105.3651354,38.96878295,2409.096,Global,0.01,0.011,0.017,0.016,2.134,m,FIX,2024-04-28 14:33:22.0 UTC-06:00,2024-04-28 14:33:25.0 UTC-06:00,16,1.3,1.6,468219.361,4313236.646,2434.969,-105.3668488,38.9675237,2420.945,204.243,,NAD83(2011) / UTM zone 13N + NAVD88(GEOID18) height,8,7,7,5,0
107,,468368.202,4313375.832,2423.176,,-105.3651371,38.96878331,2409.15,Global,0.011,0.01,0.022,0.015,2.134,m,FIX,2024-04-28 14:33:40.8 UTC-06:00,2024-04-28 14:33:43.8 UTC-06:00,16,1.4,1.6,468219.361,4313236.646,2434.969,-105.3668488,38.9675237,2420.945,204.172,,NAD83(2011) / UTM zone 13N + NAVD88(GEOID18) height,8,7,7,5,0
108,,468368.129,4313375.881,2423.228,,-105.365138,38.96878376,2409.202,Global,0.01,0.011,0.018,0.015,2.134,m,FIX,2024-04-28 14:33:52.2 UTC-06:00,2024-04-28 14:33:55.2 UTC-06:00,16,1.4,1.6,468219.361,4313236.646,2434.969,-105.3668488,38.9675237,2420.945,204.148,,NAD83(2011) / UTM zone 13N + NAVD88(GEOID18) height,8,7,7,5,0
109,,468367.972,4313375.643,2423.212,,-105.3651398,38.9687816,2409.186,Global,0.011,0.011,0.016,0.016,2.134,m,FIX,2024-04-28 14:34:07.6 UTC-06:00,2024-04-28 14:34:10.6 UTC-06:00,16,1.4,1.6,468219.361,4313236.646,2434.969,-105.3668488,38.9675237,2420.945,203.865,,NAD83(2011) / UTM zone 13N + NAVD88(GEOID18) height,8,7,6,5,0
110,,468367.826,4313375.971,2423.226,,-105.3651415,38.96878456,2409.2,Global,0.01,0.01,0.014,0.015,2.134,m,FIX,2024-04-28 14:34:20.4 UTC-06:00,2024-04-28 14:34:23.4 UTC-06:00,16,1.3,1.5,468219.361,4313236.646,2434.969,-105.3668488,38.9675237,2420.945,203.985,,NAD83(2011) / UTM zone 13N + NAVD88(GEOID18) height,8,7,7,6,0
111,,468368.208,4313376.152,2423.216,,-105.3651371,38.9687862,2409.19,Global,0.01,0.011,0.015,0.015,2.134,m,FIX,2024-04-28 14:34:36.2 UTC-06:00,2024-04-28 14:34:39.2 UTC-06:00,16,1.3,1.5,468219.361,4313236.646,2434.969,-105.3668488,38.9675237,2420.945,204.38,,NAD83(2011) / UTM zone 13N + NAVD88(GEOID18) height,8,7,7,6,0
112,,468368.099,4313375.88,2423.439,,-105.3651383,38.96878375,2409.413,Global,0.011,0.01,0.015,0.015,2.134,m,FIX,2024-04-28 14:34:54.6 UTC-06:00,2024-04-28 14:34:57.6 UTC-06:00,16,1.2,1.4,468219.361,4313236.646,2434.969,-105.3668488,38.9675237,2420.945,204.105,,NAD83(2011) / UTM zone 13N + NAVD88(GEOID18) height,8,7,7,6,0
113,,468385.754,4313369.129,2423.774,,-105.3649342,38.96872355,2409.748,Global,0.011,0.01,0.012,0.015,2.134,m,FIX,2024-04-28 14:36:48.4 UTC-06:00,2024-04-28 14:36:51.4 UTC-06:00,16,1.2,1.4,468219.361,4313236.646,2434.969,-105.3668488,38.9675237,2420.945,213.046,,NAD83(2011) / UTM zone 13N + NAVD88(GEOID18) height,8,7,8,6,0
114,,468320.965,4313394.216,2424.848,,-105.3656832,38.96894728,2410.823,Global,0.011,0.011,0.031,0.016,2.134,m,FIX,2024-04-28 14:46:58.0 UTC-06:00,2024-04-28 14:47:01.0 UTC-06:00,16,1.4,1.6,468219.361,4313236.646,2434.969,-105.3668488,38.9675237,2420.945,187.809,,NAD83(2011) / UTM zone 13N + NAVD88(GEOID18) height,7,7,7,6,0
115,,468320.787,4313393.982,2424.841,,-105.3656853,38.96894516,2410.817,Global,0.01,0.011,0.018,0.015,2.134,m,FIX,2024-04-28 14:47:09.0 UTC-06:00,2024-04-28 14:47:12.0 UTC-06:00,16,1.4,1.6,468219.361,4313236.646,2434.969,-105.3668488,38.9675237,2420.945,187.512,,NAD83(2011) / UTM zone 13N + NAVD88(GEOID18) height,8,7,7,6,0
116,,468320.719,4313394.35,2424.954,,-105.3656861,38.96894847,2410.929,Global,0.01,0.011,0.027,0.015,2.134,m,FIX,2024-04-28 14:47:18.6 UTC-06:00,2024-04-28 14:47:21.6 UTC-06:00,16,1.4,1.6,468219.361,4313236.646,2434.969,-105.3668488,38.9675237,2420.945,187.767,,NAD83(2011) / UTM zone 13N + NAVD88(GEOID18) height,8,7,6,6,0
117,,468321.126,4313394.461,2424.847,,-105.3656814,38.96894948,2410.822,Global,0.011,0.01,0.026,0.015,2.134,m,FIX,2024-04-28 14:47:30.0 UTC-06:00,2024-04-28 14:47:33.0 UTC-06:00,16,1.4,1.6,468219.361,4313236.646,2434.969,-105.3668488,38.9675237,2420.945,188.091,,NAD83(2011) / UTM zone 13N + NAVD88(GEOID18) height,8,7,5,6,0
118,,468321.267,4313394.06,2424.761,,-105.3656798,38.96894588,2410.736,Global,0.011,0.011,0.025,0.015,2.134,m,FIX,2024-04-28 14:47:41.4 UTC-06:00,2024-04-28 14:47:44.4 UTC-06:00,16,1.5,1.7,468219.361,4313236.646,2434.969,-105.3668488,38.9675237,2420.945,187.833,,NAD83(2011) / UTM zone 13N + NAVD88(GEOID18) height,8,7,5,6,0
119,,468320.994,4313394.224,2424.848,,-105.3656829,38.96894734,2410.823,Global,0.01,0.011,0.02,0.015,2.134,m,FIX,2024-04-28 14:47:53.0 UTC-06:00,2024-04-28 14:47:56.0 UTC-06:00,16,1.5,1.7,468219.361,4313236.646,2434.969,-105.3668488,38.9675237,2420.945,187.825,,NAD83(2011) / UTM zone 13N + NAVD88(GEOID18) height,8,6,6,6,0
120,,468367.734,4313376.127,2423.432,,-105.3651425,38.96878596,2409.406,Global,0.01,0.011,0.021,0.015,2.134,m,FIX,2024-04-28 14:50:21.6 UTC-06:00,2024-04-28 14:50:24.6 UTC-06:00,16,1.4,1.6,468219.361,4313236.646,2434.969,-105.3668488,38.9675237,2420.945,204.009,,NAD83(2011) / UTM zone 13N + NAVD88(GEOID18) height,8,6,6,6,0
121,,468367.266,4313376.321,2423.41,,-105.365148,38.96878769,2409.384,Global,0.011,0.01,0.014,0.015,2.134,m,FIX,2024-04-28 14:50:32.8 UTC-06:00,2024-04-28 14:50:35.8 UTC-06:00,16,1.4,1.6,468219.361,4313236.646,2434.969,-105.3668488,38.9675237,2420.945,203.812,,NAD83(2011) / UTM zone 13N + NAVD88(GEOID18) height,8,6,7,6,0
122,,468366.841,4313376.541,2423.366,,-105.3651529,38.96878966,2409.34,Global,0.011,0.011,0.013,0.015,2.134,m,FIX,2024-04-28 14:50:44.0 UTC-06:00,2024-04-28 14:50:47.0 UTC-06:00,16,1.4,1.6,468219.361,4313236.646,2434.969,-105.3668488,38.9675237,2420.945,203.644,,NAD83(2011) / UTM zone 13N + NAVD88(GEOID18) height,8,6,7,6,0
