,index,Name,Code,Easting,Northing,Elevation,Description,Longitude,Latitude,Ellipsoidal height,Origin,Easting RMS,Northing RMS,Elevation RMS,Lateral RMS,Antenna height,Antenna height units,Solution status,Correction type,Averaging start,Averaging end,Samples,PDOP,GDOP,Base easting,Base northing,Base elevation,Base longitude,Base latitude,Base ellipsoidal height,Baseline,Mount point,CS name,GPS Satellites,GLONASS Satellites,Galileo Satellites,BeiDou Satellites,QZSS Satellites,northing_adj,easting_adj,elevation_adj,geometry
0,0,1,,468388.039,4313370.122,2422.698,,-105.36490788,38.96873258,2408.672,Global,0.01,0.011,0.011,0.015,1.734,m,FIX,RTK,2025-07-11 10:51:48.2 UTC-06:00,2025-07-11 10:52:18.2 UTC-06:00,151,1.0,1.2,468407.689,4313300.453,2428.563,-105.36467784,38.96810549,2414.536,72.565,,NAD83(2011) / UTM zone 13N + NAVD88(GEOID18) height,8,6,8,6,0,4313369.039000001,468389.127,2419.348,POINT Z (468389.127 4313369.039000001 2419.348)
1,1,2,,468388.041,4313370.117,2422.7,,-105.36490786,38.96873254,2408.674,Global,0.011,0.01,0.01,0.015,1.734,m,FIX,RTK,2025-07-11 10:52:44.6 UTC-06:00,2025-07-11 10:52:47.6 UTC-06:00,16,1.1,1.2,468407.689,4313300.453,2428.563,-105.36467784,38.96810549,2414.536,72.556,,NAD83(2011) / UTM zone 13N + NAVD88(GEOID18) height,8,6,8,6,0,4313369.034,468389.129,2419.35,POINT Z (468389.129 4313369.034 2419.35)
2,2,3,,468388.041,4313370.022,2422.517,,-105.36490786,38.96873168,2408.491,Global,0.01,0.01,0.01,0.015,1.734,m,FIX,RTK,2025-07-11 10:52:57.4 UTC-06:00,2025-07-11 10:53:00.4 UTC-06:00,16,1.1,1.2,468407.689,4313300.453,2428.563,-105.36467784,38.96810549,2414.536,72.475,,NAD83(2011) / UTM zone 13N + NAVD88(GEOID18) height,8,6,8,6,0,4313368.939,468389.129,2419.167,POINT Z (468389.129 4313368.939 2419.167)
3,3,4,,468387.903,4313370.186,2422.531,,-105.36490946,38.96873315,2408.505,Global,0.01,0.01,0.01,0.015,1.734,m,FIX,RTK,2025-07-11 10:53:13.2 UTC-06:00,2025-07-11 10:53:16.2 UTC-06:00,16,1.1,1.2,468407.689,4313300.453,2428.563,-105.36467784,38.96810549,2414.536,72.668,,NAD83(2011) / UTM zone 13N + NAVD88(GEOID18) height,8,6,8,6,0,4313369.103,468388.991,2419.181,POINT Z (468388.991 4313369.103 2419.181)
4,4,5,,468388.123,4313370.268,2422.542,,-105.36490692,38.96873389,2408.515,Global,0.01,0.01,0.01,0.014,1.734,m,FIX,RTK,2025-07-11 10:53:23.4 UTC-06:00,2025-07-11 10:53:26.4 UTC-06:00,16,1.1,1.2,468407.689,4313300.453,2428.563,-105.36467784,38.96810549,2414.536,72.688,,NAD83(2011) / UTM zone 13N + NAVD88(GEOID18) height,8,6,8,6,0,4313369.1850000005,468389.211,2419.192,POINT Z (468389.211 4313369.1850000005 2419.192)
5,5,6,,468388.219,4313370.077,2422.548,,-105.3649058,38.96873218,2408.522,Global,0.011,0.011,0.01,0.015,1.734,m,FIX,RTK,2025-07-11 10:53:33.2 UTC-06:00,2025-07-11 10:53:36.2 UTC-06:00,16,1.1,1.2,468407.689,4313300.453,2428.563,-105.36467784,38.96810549,2414.536,72.485,,NAD83(2011) / UTM zone 13N + NAVD88(GEOID18) height,8,6,8,6,0,4313368.994,468389.307,2419.198,POINT Z (468389.307 4313368.994 2419.198)
6,6,7,,468388.041,4313370.117,2422.699,,-105.36490786,38.96873254,2408.673,Global,0.01,0.01,0.01,0.014,1.734,m,FIX,RTK,2025-07-11 10:53:45.8 UTC-06:00,2025-07-11 10:53:48.8 UTC-06:00,16,1.1,1.2,468407.689,4313300.453,2428.563,-105.36467784,38.96810549,2414.536,72.555,,NAD83(2011) / UTM zone 13N + NAVD88(GEOID18) height,8,6,8,6,0,4313369.034,468389.129,2419.349,POINT Z (468389.129 4313369.034 2419.349)
7,7,8,,468387.885,4313370.251,2422.535,,-105.36490967,38.96873373,2408.509,Global,0.01,0.01,0.01,0.015,1.734,m,FIX,RTK,2025-07-11 10:54:04.8 UTC-06:00,2025-07-11 10:54:07.8 UTC-06:00,16,1.1,1.2,468407.689,4313300.453,2428.563,-105.36467784,38.96810549,2414.536,72.731,,NAD83(2011) / UTM zone 13N + NAVD88(GEOID18) height,8,6,8,6,0,4313369.1680000005,468388.973,2419.185,POINT Z (468388.973 4313369.1680000005 2419.185)
8,8,9,,468387.69,4313370.303,2422.503,,-105.36491192,38.96873419,2408.476,Global,0.01,0.01,0.01,0.015,1.734,m,FIX,RTK,2025-07-11 10:54:17.0 UTC-06:00,2025-07-11 10:54:20.0 UTC-06:00,16,1.1,1.2,468407.689,4313300.453,2428.563,-105.36467784,38.96810549,2414.536,72.838,,NAD83(2011) / UTM zone 13N + NAVD88(GEOID18) height,8,6,8,6,0,4313369.220000001,468388.778,2419.1530000000002,POINT Z (468388.778 4313369.220000001 2419.1530000000002)
9,9,10,,468387.52,4313370.365,2422.395,,-105.36491389,38.96873475,2408.369,Global,0.012,0.011,0.01,0.016,1.734,m,FIX,RTK,2025-07-11 10:54:32.0 UTC-06:00,2025-07-11 10:54:35.0 UTC-06:00,16,1.2,1.3,468407.689,4313300.453,2428.563,-105.36467784,38.96810549,2414.536,72.948,,NAD83(2011) / UTM zone 13N + NAVD88(GEOID18) height,8,6,8,6,0,4313369.282000001,468388.608,2419.045,POINT Z (468388.608 4313369.282000001 2419.045)
10,10,11,,468387.338,4313370.427,2422.28,,-105.36491599,38.9687353,2408.253,Global,0.01,0.012,0.01,0.016,1.734,m,FIX,RTK,2025-07-11 10:54:42.4 UTC-06:00,2025-07-11 10:54:45.4 UTC-06:00,16,1.2,1.3,468407.689,4313300.453,2428.563,-105.36467784,38.96810549,2414.536,73.075,,NAD83(2011) / UTM zone 13N + NAVD88(GEOID18) height,8,5,8,6,0,4313369.3440000005,468388.426,2418.9300000000003,POINT Z (468388.426 4313369.3440000005 2418.9300000000003)
11,11,12,,468387.257,4313370.5,2422.167,,-105.36491693,38.96873595,2408.141,Global,0.01,0.011,0.01,0.015,1.734,m,FIX,RTK,2025-07-11 10:55:11.0 UTC-06:00,2025-07-11 10:55:14.0 UTC-06:00,16,1.2,1.3,468407.689,4313300.453,2428.563,-105.36467784,38.96810549,2414.536,73.165,,NAD83(2011) / UTM zone 13N + NAVD88(GEOID18) height,8,5,8,6,0,4313369.417,468388.345,2418.817,POINT Z (468388.345 4313369.417 2418.817)
12,12,13,,468387.179,4313370.556,2422.064,,-105.36491784,38.96873646,2408.038,Global,0.011,0.01,0.01,0.015,1.734,m,FIX,RTK,2025-07-11 10:55:24.2 UTC-06:00,2025-07-11 10:55:27.2 UTC-06:00,16,1.1,1.3,468407.689,4313300.453,2428.563,-105.36467784,38.96810549,2414.536,73.251,,NAD83(2011) / UTM zone 13N + NAVD88(GEOID18) height,8,5,8,6,0,4313369.473,468388.267,2418.714,POINT Z (468388.267 4313369.473 2418.714)
13,13,14,,468387.038,4313370.532,2421.829,,-105.36491946,38.96873624,2407.803,Global,0.01,0.011,0.011,0.015,1.734,m,FIX,RTK,2025-07-11 10:55:44.0 UTC-06:00,2025-07-11 10:55:47.0 UTC-06:00,16,1.1,1.3,468407.689,4313300.453,2428.563,-105.36467784,38.96810549,2414.536,73.281,,NAD83(2011) / UTM zone 13N + NAVD88(GEOID18) height,8,5,8,6,0,4313369.449,468388.126,2418.4790000000003,POINT Z (468388.126 4313369.449 2418.4790000000003)
14,14,15,,468386.814,4313370.604,2421.809,,-105.36492205,38.96873688,2407.783,Global,0.01,0.01,0.01,0.014,1.734,m,FIX,RTK,2025-07-11 10:56:33.2 UTC-06:00,2025-07-11 10:56:36.2 UTC-06:00,16,1.1,1.3,468407.689,4313300.453,2428.563,-105.36467784,38.96810549,2414.536,73.419,,NAD83(2011) / UTM zone 13N + NAVD88(GEOID18) height,8,5,8,6,0,4313369.521000001,468387.902,2418.4590000000003,POINT Z (468387.902 4313369.521000001 2418.4590000000003)
15,15,16,,468386.653,4313370.659,2421.826,,-105.36492391,38.96873737,2407.8,Global,0.012,0.015,0.01,0.019,1.734,m,FIX,RTK,2025-07-11 10:56:41.6 UTC-06:00,2025-07-11 10:56:44.6 UTC-06:00,16,1.1,1.3,468407.689,4313300.453,2428.563,-105.36467784,38.96810549,2414.536,73.505,,NAD83(2011) / UTM zone 13N + NAVD88(GEOID18) height,8,5,8,6,0,4313369.576,468387.741,2418.476,POINT Z (468387.741 4313369.576 2418.476)
16,16,17,,468386.474,4313370.736,2421.826,,-105.36492598,38.96873806,2407.8,Global,0.01,0.01,0.01,0.014,1.734,m,FIX,RTK,2025-07-11 10:56:54.0 UTC-06:00,2025-07-11 10:56:57.0 UTC-06:00,16,1.1,1.3,468407.689,4313300.453,2428.563,-105.36467784,38.96810549,2414.536,73.643,,NAD83(2011) / UTM zone 13N + NAVD88(GEOID18) height,8,5,8,6,0,4313369.653,468387.562,2418.476,POINT Z (468387.562 4313369.653 2418.476)
17,17,18,,468386.308,4313370.787,2421.837,,-105.3649279,38.96873851,2407.811,Global,0.01,0.012,0.01,0.016,1.734,m,FIX,RTK,2025-07-11 10:57:06.4 UTC-06:00,2025-07-11 10:57:09.4 UTC-06:00,16,1.1,1.3,468407.689,4313300.453,2428.563,-105.36467784,38.96810549,2414.536,73.731,,NAD83(2011) / UTM zone 13N + NAVD88(GEOID18) height,9,5,8,6,0,4313369.704,468387.396,2418.487,POINT Z (468387.396 4313369.704 2418.487)
18,18,19,,468386.122,4313370.884,2421.793,,-105.36493005,38.96873937,2407.767,Global,0.011,0.011,0.01,0.015,1.734,m,FIX,RTK,2025-07-11 10:57:16.6 UTC-06:00,2025-07-11 10:57:19.6 UTC-06:00,16,1.1,1.3,468407.689,4313300.453,2428.563,-105.36467784,38.96810549,2414.536,73.884,,NAD83(2011) / UTM zone 13N + NAVD88(GEOID18) height,9,5,8,6,0,4313369.801,468387.20999999996,2418.443,POINT Z (468387.20999999996 4313369.801 2418.443)
19,19,20,,468385.945,4313370.934,2421.752,,-105.36493209,38.96873982,2407.726,Global,0.011,0.01,0.01,0.015,1.734,m,FIX,RTK,2025-07-11 10:57:27.8 UTC-06:00,2025-07-11 10:57:30.8 UTC-06:00,16,1.1,1.3,468407.689,4313300.453,2428.563,-105.36467784,38.96810549,2414.536,73.984,,NAD83(2011) / UTM zone 13N + NAVD88(GEOID18) height,9,5,8,6,0,4313369.851000001,468387.033,2418.402,POINT Z (468387.033 4313369.851000001 2418.402)
20,20,21,,468385.7,4313371.04,2421.731,,-105.36493493,38.96874077,2407.705,Global,0.01,0.012,0.01,0.016,1.734,m,FIX,RTK,2025-07-11 10:57:47.8 UTC-06:00,2025-07-11 10:57:50.8 UTC-06:00,16,1.1,1.3,468407.689,4313300.453,2428.563,-105.36467784,38.96810549,2414.536,74.158,,NAD83(2011) / UTM zone 13N + NAVD88(GEOID18) height,9,5,8,6,0,4313369.957,468386.788,2418.3810000000003,POINT Z (468386.788 4313369.957 2418.3810000000003)
21,21,22,,468385.525,4313371.163,2421.697,,-105.36493696,38.96874187,2407.671,Global,0.01,0.01,0.01,0.015,1.734,m,FIX,RTK,2025-07-11 10:57:59.6 UTC-06:00,2025-07-11 10:58:02.6 UTC-06:00,16,1.1,1.3,468407.689,4313300.453,2428.563,-105.36467784,38.96810549,2414.536,74.337,,NAD83(2011) / UTM zone 13N + NAVD88(GEOID18) height,8,5,8,6,0,4313370.08,468386.613,2418.347,POINT Z (468386.613 4313370.08 2418.347)
22,22,23,,468385.345,4313371.208,2421.644,,-105.36493903,38.96874227,2407.618,Global,0.01,0.011,0.01,0.015,1.734,m,FIX,RTK,2025-07-11 10:58:11.0 UTC-06:00,2025-07-11 10:58:14.0 UTC-06:00,16,1.1,1.3,468407.689,4313300.453,2428.563,-105.36467784,38.96810549,2414.536,74.431,,NAD83(2011) / UTM zone 13N + NAVD88(GEOID18) height,8,5,8,6,0,4313370.125,468386.43299999996,2418.294,POINT Z (468386.43299999996 4313370.125 2418.294)
23,23,24,,468385.167,4313371.268,2421.609,,-105.36494109,38.96874281,2407.583,Global,0.012,0.012,0.01,0.017,1.734,m,FIX,RTK,2025-07-11 10:58:20.8 UTC-06:00,2025-07-11 10:58:23.8 UTC-06:00,16,1.1,1.3,468407.689,4313300.453,2428.563,-105.36467784,38.96810549,2414.536,74.559,,NAD83(2011) / UTM zone 13N + NAVD88(GEOID18) height,8,5,8,6,0,4313370.1850000005,468386.255,2418.259,POINT Z (468386.255 4313370.1850000005 2418.259)
24,24,25,,468384.953,4313371.356,2421.564,,-105.36494356,38.96874359,2407.538,Global,0.01,0.013,0.01,0.016,1.734,m,FIX,RTK,2025-07-11 10:58:31.6 UTC-06:00,2025-07-11 10:58:34.6 UTC-06:00,16,1.1,1.3,468407.689,4313300.453,2428.563,-105.36467784,38.96810549,2414.536,74.684,,NAD83(2011) / UTM zone 13N + NAVD88(GEOID18) height,8,5,8,6,0,4313370.273,468386.04099999997,2418.214,POINT Z (468386.04099999997 4313370.273 2418.214)
25,25,26,,468384.802,4313371.456,2421.544,,-105.36494531,38.96874448,2407.518,Global,0.013,0.011,0.011,0.017,1.734,m,FIX,RTK,2025-07-11 10:58:42.6 UTC-06:00,2025-07-11 10:58:45.6 UTC-06:00,16,1.1,1.3,468407.689,4313300.453,2428.563,-105.36467784,38.96810549,2414.536,74.846,,NAD83(2011) / UTM zone 13N + NAVD88(GEOID18) height,8,5,8,6,0,4313370.373000001,468385.89,2418.194,POINT Z (468385.89 4313370.373000001 2418.194)
26,26,27,,468384.608,4313371.517,2421.504,,-105.36494756,38.96874503,2407.478,Global,0.01,0.01,0.01,0.014,1.734,m,FIX,RTK,2025-07-11 10:58:55.0 UTC-06:00,2025-07-11 10:58:58.0 UTC-06:00,16,1.1,1.3,468407.689,4313300.453,2428.563,-105.36467784,38.96810549,2414.536,74.968,,NAD83(2011) / UTM zone 13N + NAVD88(GEOID18) height,8,5,8,6,0,4313370.434,468385.696,2418.154,POINT Z (468385.696 4313370.434 2418.154)
27,27,28,,468384.408,4313371.581,2421.455,,-105.36494987,38.9687456,2407.429,Global,0.011,0.011,0.01,0.015,1.734,m,FIX,RTK,2025-07-11 10:59:05.6 UTC-06:00,2025-07-11 10:59:08.6 UTC-06:00,16,1.1,1.3,468407.689,4313300.453,2428.563,-105.36467784,38.96810549,2414.536,75.092,,NAD83(2011) / UTM zone 13N + NAVD88(GEOID18) height,8,5,8,6,0,4313370.498000001,468385.496,2418.105,POINT Z (468385.496 4313370.498000001 2418.105)
28,28,29,,468384.291,4313371.703,2421.427,,-105.36495122,38.9687467,2407.401,Global,0.015,0.011,0.01,0.018,1.734,m,FIX,RTK,2025-07-11 11:00:49.2 UTC-06:00,2025-07-11 11:00:52.2 UTC-06:00,16,1.2,1.4,468407.689,4313300.453,2428.563,-105.36467784,38.96810549,2414.536,75.25,,NAD83(2011) / UTM zone 13N + NAVD88(GEOID18) height,8,5,8,6,0,4313370.62,468385.379,2418.077,POINT Z (468385.379 4313370.62 2418.077)
29,29,30,,468384.034,4313371.732,2421.397,,-105.36495419,38.96874694,2407.371,Global,0.011,0.011,0.01,0.016,1.734,m,FIX,RTK,2025-07-11 11:00:58.2 UTC-06:00,2025-07-11 11:01:01.2 UTC-06:00,16,1.2,1.4,468407.689,4313300.453,2428.563,-105.36467784,38.96810549,2414.536,75.351,,NAD83(2011) / UTM zone 13N + NAVD88(GEOID18) height,8,5,8,6,0,4313370.649,468385.122,2418.047,POINT Z (468385.122 4313370.649 2418.047)
30,30,31,,468383.86,4313371.865,2421.364,,-105.3649562,38.96874814,2407.337,Global,0.01,0.01,0.011,0.015,1.734,m,FIX,RTK,2025-07-11 11:01:06.6 UTC-06:00,2025-07-11 11:01:09.6 UTC-06:00,16,1.2,1.3,468407.689,4313300.453,2428.563,-105.36467784,38.96810549,2414.536,75.537,,NAD83(2011) / UTM zone 13N + NAVD88(GEOID18) height,8,5,8,6,0,4313370.782000001,468384.948,2418.014,POINT Z (468384.948 4313370.782000001 2418.014)
31,31,32,,468383.69,4313371.873,2421.317,,-105.36495816,38.9687482,2407.291,Global,0.012,0.011,0.011,0.017,1.734,m,FIX,RTK,2025-07-11 11:01:14.8 UTC-06:00,2025-07-11 11:01:17.8 UTC-06:00,16,1.2,1.3,468407.689,4313300.453,2428.563,-105.36467784,38.96810549,2414.536,75.599,,NAD83(2011) / UTM zone 13N + NAVD88(GEOID18) height,8,5,8,6,0,4313370.79,468384.778,2417.967,POINT Z (468384.778 4313370.79 2417.967)
32,32,33,,468383.46,4313371.988,2421.319,,-105.36496082,38.96874923,2407.293,Global,0.013,0.01,0.011,0.016,1.734,m,FIX,RTK,2025-07-11 11:01:23.8 UTC-06:00,2025-07-11 11:01:26.8 UTC-06:00,16,1.2,1.3,468407.689,4313300.453,2428.563,-105.36467784,38.96810549,2414.536,75.782,,NAD83(2011) / UTM zone 13N + NAVD88(GEOID18) height,8,5,8,6,0,4313370.905,468384.548,2417.969,POINT Z (468384.548 4313370.905 2417.969)
33,33,34,,468383.289,4313372.055,2421.29,,-105.3649628,38.96874983,2407.264,Global,0.011,0.011,0.01,0.016,1.734,m,FIX,RTK,2025-07-11 11:01:32.4 UTC-06:00,2025-07-11 11:01:35.4 UTC-06:00,16,1.2,1.3,468407.689,4313300.453,2428.563,-105.36467784,38.96810549,2414.536,75.896,,NAD83(2011) / UTM zone 13N + NAVD88(GEOID18) height,8,5,8,6,0,4313370.972,468384.377,2417.94,POINT Z (468384.377 4313370.972 2417.94)
34,34,35,,468383.105,4313372.139,2421.269,,-105.36496493,38.96875058,2407.243,Global,0.011,0.011,0.01,0.016,1.734,m,FIX,RTK,2025-07-11 11:01:41.4 UTC-06:00,2025-07-11 11:01:44.4 UTC-06:00,16,1.2,1.3,468407.689,4313300.453,2428.563,-105.36467784,38.96810549,2414.536,76.05,,NAD83(2011) / UTM zone 13N + NAVD88(GEOID18) height,8,5,8,6,0,4313371.056000001,468384.19299999997,2417.919,POINT Z (468384.19299999997 4313371.056000001 2417.919)
35,35,36,,468382.902,4313372.207,2421.247,,-105.36496728,38.96875118,2407.221,Global,0.01,0.01,0.01,0.015,1.734,m,FIX,RTK,2025-07-11 11:01:52.6 UTC-06:00,2025-07-11 11:01:55.6 UTC-06:00,16,1.2,1.3,468407.689,4313300.453,2428.563,-105.36467784,38.96810549,2414.536,76.175,,NAD83(2011) / UTM zone 13N + NAVD88(GEOID18) height,8,5,8,6,0,4313371.124000001,468383.99,2417.897,POINT Z (468383.99 4313371.124000001 2417.897)
36,36,37,,468382.781,4313372.241,2421.225,,-105.36496867,38.96875148,2407.199,Global,0.011,0.01,0.01,0.015,1.734,m,FIX,RTK,2025-07-11 11:02:02.4 UTC-06:00,2025-07-11 11:02:05.4 UTC-06:00,16,1.2,1.3,468407.689,4313300.453,2428.563,-105.36467784,38.96810549,2414.536,76.248,,NAD83(2011) / UTM zone 13N + NAVD88(GEOID18) height,8,5,8,6,0,4313371.158000001,468383.869,2417.875,POINT Z (468383.869 4313371.158000001 2417.875)
37,37,38,,468382.569,4313372.265,2421.211,,-105.36497113,38.96875169,2407.184,Global,0.012,0.014,0.01,0.019,1.734,m,FIX,RTK,2025-07-11 11:02:12.2 UTC-06:00,2025-07-11 11:02:15.2 UTC-06:00,16,1.2,1.3,468407.689,4313300.453,2428.563,-105.36467784,38.96810549,2414.536,76.342,,NAD83(2011) / UTM zone 13N + NAVD88(GEOID18) height,8,5,8,6,0,4313371.182,468383.657,2417.861,POINT Z (468383.657 4313371.182 2417.861)
38,38,39,,468382.371,4313372.399,2421.183,,-105.36497342,38.96875289,2407.157,Global,0.012,0.011,0.01,0.016,1.734,m,FIX,RTK,2025-07-11 11:02:23.0 UTC-06:00,2025-07-11 11:02:26.0 UTC-06:00,16,1.2,1.3,468407.689,4313300.453,2428.563,-105.36467784,38.96810549,2414.536,76.538,,NAD83(2011) / UTM zone 13N + NAVD88(GEOID18) height,8,5,8,6,0,4313371.316000001,468383.459,2417.833,POINT Z (468383.459 4313371.316000001 2417.833)
39,39,40,,468382.166,4313372.46,2421.166,,-105.36497579,38.96875344,2407.14,Global,0.011,0.01,0.01,0.015,1.734,m,FIX,RTK,2025-07-11 11:02:32.4 UTC-06:00,2025-07-11 11:02:35.4 UTC-06:00,16,1.2,1.3,468407.689,4313300.453,2428.563,-105.36467784,38.96810549,2414.536,76.67,,NAD83(2011) / UTM zone 13N + NAVD88(GEOID18) height,8,5,8,6,0,4313371.377,468383.254,2417.8160000000003,POINT Z (468383.254 4313371.377 2417.8160000000003)
40,40,41,,468381.936,4313372.509,2421.139,,-105.36497844,38.96875387,2407.113,Global,0.012,0.011,0.01,0.016,1.734,m,FIX,RTK,2025-07-11 11:02:47.8 UTC-06:00,2025-07-11 11:02:50.8 UTC-06:00,16,1.2,1.3,468407.689,4313300.453,2428.563,-105.36467784,38.96810549,2414.536,76.787,,NAD83(2011) / UTM zone 13N + NAVD88(GEOID18) height,8,5,8,6,0,4313371.426,468383.024,2417.789,POINT Z (468383.024 4313371.426 2417.789)
41,41,42,,468381.766,4313372.571,2421.097,,-105.36498041,38.96875442,2407.071,Global,0.01,0.011,0.01,0.015,1.734,m,FIX,RTK,2025-07-11 11:03:04.0 UTC-06:00,2025-07-11 11:03:07.0 UTC-06:00,16,1.2,1.3,468407.689,4313300.453,2428.563,-105.36467784,38.96810549,2414.536,76.913,,NAD83(2011) / UTM zone 13N + NAVD88(GEOID18) height,8,5,8,6,0,4313371.488000001,468382.854,2417.7470000000003,POINT Z (468382.854 4313371.488000001 2417.7470000000003)
42,42,43,,468381.583,4313372.698,2421.073,,-105.36498252,38.96875556,2407.047,Global,0.015,0.011,0.01,0.018,1.734,m,FIX,RTK,2025-07-11 11:03:18.2 UTC-06:00,2025-07-11 11:03:21.2 UTC-06:00,16,1.2,1.3,468407.689,4313300.453,2428.563,-105.36467784,38.96810549,2414.536,77.099,,NAD83(2011) / UTM zone 13N + NAVD88(GEOID18) height,8,5,8,6,0,4313371.615,468382.671,2417.723,POINT Z (468382.671 4313371.615 2417.723)
43,43,44,,468381.394,4313372.764,2421.089,,-105.36498471,38.96875615,2407.063,Global,0.017,0.011,0.01,0.02,1.734,m,FIX,RTK,2025-07-11 11:03:34.0 UTC-06:00,2025-07-11 11:03:37.0 UTC-06:00,16,1.2,1.3,468407.689,4313300.453,2428.563,-105.36467784,38.96810549,2414.536,77.225,,NAD83(2011) / UTM zone 13N + NAVD88(GEOID18) height,8,5,8,6,0,4313371.681000001,468382.48199999996,2417.739,POINT Z (468382.48199999996 4313371.681000001 2417.739)
44,44,45,,468381.305,4313372.9,2420.995,,-105.36498574,38.96875737,2406.969,Global,0.01,0.011,0.014,0.015,1.734,m,FIX,RTK,2025-07-11 11:10:19.4 UTC-06:00,2025-07-11 11:10:22.4 UTC-06:00,16,1.1,1.3,468407.689,4313300.453,2428.563,-105.36467784,38.96810549,2414.536,77.383,,NAD83(2011) / UTM zone 13N + NAVD88(GEOID18) height,7,5,9,6,0,4313371.817000001,468382.393,2417.645,POINT Z (468382.393 4313371.817000001 2417.645)
45,45,46,,468381.153,4313372.968,2420.976,,-105.36498751,38.96875798,2406.949,Global,0.011,0.01,0.011,0.015,1.734,m,FIX,RTK,2025-07-11 11:10:41.2 UTC-06:00,2025-07-11 11:10:44.2 UTC-06:00,16,1.1,1.3,468407.689,4313300.453,2428.563,-105.36467784,38.96810549,2414.536,77.493,,NAD83(2011) / UTM zone 13N + NAVD88(GEOID18) height,7,5,9,6,0,4313371.885000001,468382.241,2417.626,POINT Z (468382.241 4313371.885000001 2417.626)
46,46,47,,468381.032,4313373.098,2420.97,,-105.36498891,38.96875914,2406.944,Global,0.011,0.011,0.01,0.016,1.734,m,FIX,RTK,2025-07-11 11:11:02.4 UTC-06:00,2025-07-11 11:11:05.4 UTC-06:00,16,1.1,1.3,468407.689,4313300.453,2428.563,-105.36467784,38.96810549,2414.536,77.671,,NAD83(2011) / UTM zone 13N + NAVD88(GEOID18) height,7,5,9,6,0,4313372.015000001,468382.12,2417.62,POINT Z (468382.12 4313372.015000001 2417.62)
47,47,48,,468380.791,4313373.139,2420.951,,-105.36499169,38.96875951,2406.924,Global,0.01,0.011,0.01,0.015,1.734,m,FIX,RTK,2025-07-11 11:11:18.8 UTC-06:00,2025-07-11 11:11:21.8 UTC-06:00,16,1.2,1.4,468407.689,4313300.453,2428.563,-105.36467784,38.96810549,2414.536,77.79,,NAD83(2011) / UTM zone 13N + NAVD88(GEOID18) height,7,5,9,5,0,4313372.056000001,468381.879,2417.601,POINT Z (468381.879 4313372.056000001 2417.601)
48,48,49,,468380.575,4313373.229,2420.905,,-105.36499418,38.96876031,2406.879,Global,0.015,0.012,0.01,0.019,1.734,m,FIX,RTK,2025-07-11 11:11:36.6 UTC-06:00,2025-07-11 11:11:39.6 UTC-06:00,16,1.2,1.4,468407.689,4313300.453,2428.563,-105.36467784,38.96810549,2414.536,77.938,,NAD83(2011) / UTM zone 13N + NAVD88(GEOID18) height,7,5,9,5,0,4313372.146000001,468381.663,2417.5550000000003,POINT Z (468381.663 4313372.146000001 2417.5550000000003)
49,49,50,,468380.463,4313373.192,2420.908,,-105.36499547,38.96875997,2406.882,Global,0.011,0.015,0.01,0.019,1.734,m,FIX,RTK,2025-07-11 11:12:50.2 UTC-06:00,2025-07-11 11:12:53.2 UTC-06:00,16,1.2,1.4,468407.689,4313300.453,2428.563,-105.36467784,38.96810549,2414.536,77.953,,NAD83(2011) / UTM zone 13N + NAVD88(GEOID18) height,7,5,9,5,0,4313372.109,468381.551,2417.558,POINT Z (468381.551 4313372.109 2417.558)
50,50,51,,468380.264,4313373.273,2420.891,,-105.36499777,38.9687607,2406.865,Global,0.011,0.011,0.011,0.016,1.734,m,FIX,RTK,2025-07-11 11:13:02.4 UTC-06:00,2025-07-11 11:13:05.4 UTC-06:00,16,1.2,1.4,468407.689,4313300.453,2428.563,-105.36467784,38.96810549,2414.536,78.101,,NAD83(2011) / UTM zone 13N + NAVD88(GEOID18) height,7,5,9,5,0,4313372.19,468381.352,2417.541,POINT Z (468381.352 4313372.19 2417.541)
51,51,52,,468380.102,4313373.353,2420.86,,-105.36499966,38.96876141,2406.833,Global,0.011,0.01,0.01,0.015,1.734,m,FIX,RTK,2025-07-11 11:13:25.8 UTC-06:00,2025-07-11 11:13:28.8 UTC-06:00,16,1.2,1.4,468407.689,4313300.453,2428.563,-105.36467784,38.96810549,2414.536,78.229,,NAD83(2011) / UTM zone 13N + NAVD88(GEOID18) height,7,5,9,5,0,4313372.2700000005,468381.19,2417.51,POINT Z (468381.19 4313372.2700000005 2417.51)
52,52,53,,468380.003,4313373.52,2420.845,,-105.36500081,38.96876291,2406.819,Global,0.01,0.013,0.01,0.017,1.734,m,FIX,RTK,2025-07-11 11:13:41.0 UTC-06:00,2025-07-11 11:13:44.0 UTC-06:00,16,1.2,1.4,468407.689,4313300.453,2428.563,-105.36467784,38.96810549,2414.536,78.419,,NAD83(2011) / UTM zone 13N + NAVD88(GEOID18) height,7,5,9,5,0,4313372.437,468381.091,2417.495,POINT Z (468381.091 4313372.437 2417.495)
53,53,54,,468379.837,4313373.548,2420.844,,-105.36500272,38.96876315,2406.818,Global,0.011,0.011,0.01,0.016,1.734,m,FIX,RTK,2025-07-11 11:13:51.4 UTC-06:00,2025-07-11 11:13:54.4 UTC-06:00,16,1.2,1.4,468407.689,4313300.453,2428.563,-105.36467784,38.96810549,2414.536,78.508,,NAD83(2011) / UTM zone 13N + NAVD88(GEOID18) height,7,5,9,5,0,4313372.465000001,468380.925,2417.494,POINT Z (468380.925 4313372.465000001 2417.494)
54,54,55,,468379.561,4313373.698,2420.885,,-105.36500591,38.96876449,2406.859,Global,0.011,0.014,0.01,0.018,1.734,m,FIX,RTK,2025-07-11 11:14:10.0 UTC-06:00,2025-07-11 11:14:13.0 UTC-06:00,16,1.2,1.4,468407.689,4313300.453,2428.563,-105.36467784,38.96810549,2414.536,78.745,,NAD83(2011) / UTM zone 13N + NAVD88(GEOID18) height,7,5,9,5,0,4313372.615,468380.649,2417.5350000000003,POINT Z (468380.649 4313372.615 2417.5350000000003)
55,55,56,,468379.429,4313373.608,2420.871,,-105.36500744,38.96876368,2406.845,Global,0.01,0.011,0.01,0.015,1.734,m,FIX,RTK,2025-07-11 11:14:33.8 UTC-06:00,2025-07-11 11:14:36.8 UTC-06:00,16,1.2,1.4,468407.689,4313300.453,2428.563,-105.36467784,38.96810549,2414.536,78.709,,NAD83(2011) / UTM zone 13N + NAVD88(GEOID18) height,7,5,9,5,0,4313372.525,468380.517,2417.521,POINT Z (468380.517 4313372.525 2417.521)
56,56,57,,468379.238,4313373.826,2420.933,,-105.36500964,38.96876564,2406.907,Global,0.01,0.017,0.01,0.02,1.734,m,FIX,RTK,2025-07-11 11:14:49.6 UTC-06:00,2025-07-11 11:14:52.6 UTC-06:00,16,1.2,1.4,468407.689,4313300.453,2428.563,-105.36467784,38.96810549,2414.536,78.987,,NAD83(2011) / UTM zone 13N + NAVD88(GEOID18) height,7,5,9,6,0,4313372.743000001,468380.326,2417.583,POINT Z (468380.326 4313372.743000001 2417.583)
57,57,58,,468379.097,4313373.828,2420.946,,-105.36501128,38.96876566,2406.92,Global,0.011,0.012,0.013,0.016,1.734,m,FIX,RTK,2025-07-11 11:15:00.6 UTC-06:00,2025-07-11 11:15:03.6 UTC-06:00,16,1.2,1.4,468407.689,4313300.453,2428.563,-105.36467784,38.96810549,2414.536,79.032,,NAD83(2011) / UTM zone 13N + NAVD88(GEOID18) height,7,5,9,6,0,4313372.745,468380.185,2417.596,POINT Z (468380.185 4313372.745 2417.596)
58,58,59,,468378.79,4313373.838,2421.033,,-105.36501482,38.96876573,2407.007,Global,0.011,0.011,0.011,0.016,1.734,m,FIX,RTK,2025-07-11 11:15:18.0 UTC-06:00,2025-07-11 11:15:21.0 UTC-06:00,16,1.2,1.5,468407.689,4313300.453,2428.563,-105.36467784,38.96810549,2414.536,79.149,,NAD83(2011) / UTM zone 13N + NAVD88(GEOID18) height,7,5,9,6,0,4313372.755000001,468379.87799999997,2417.683,POINT Z (468379.87799999997 4313372.755000001 2417.683)
59,59,60,,468378.558,4313373.891,2421.06,,-105.36501749,38.9687662,2407.033,Global,0.011,0.016,0.011,0.019,1.734,m,FIX,RTK,2025-07-11 11:15:29.4 UTC-06:00,2025-07-11 11:15:32.4 UTC-06:00,16,1.2,1.5,468407.689,4313300.453,2428.563,-105.36467784,38.96810549,2414.536,79.259,,NAD83(2011) / UTM zone 13N + NAVD88(GEOID18) height,7,5,9,6,0,4313372.808,468379.646,2417.71,POINT Z (468379.646 4313372.808 2417.71)
60,60,61,,468378.422,4313373.942,2421.074,,-105.36501907,38.96876665,2407.048,Global,0.012,0.011,0.01,0.017,1.734,m,FIX,RTK,2025-07-11 11:15:39.4 UTC-06:00,2025-07-11 11:15:42.4 UTC-06:00,16,1.2,1.5,468407.689,4313300.453,2428.563,-105.36467784,38.96810549,2414.536,79.38,,NAD83(2011) / UTM zone 13N + NAVD88(GEOID18) height,7,5,9,6,0,4313372.859,468379.51,2417.724,POINT Z (468379.51 4313372.859 2417.724)
61,61,62,,468378.339,4313374.092,2421.146,,-105.36502004,38.96876801,2407.12,Global,0.014,0.014,0.012,0.02,1.734,m,FIX,RTK,2025-07-11 11:16:31.0 UTC-06:00,2025-07-11 11:16:34.0 UTC-06:00,16,1.2,1.5,468407.689,4313300.453,2428.563,-105.36467784,38.96810549,2414.536,79.527,,NAD83(2011) / UTM zone 13N + NAVD88(GEOID18) height,7,5,9,6,0,4313373.009000001,468379.42699999997,2417.7960000000003,POINT Z (468379.42699999997 4313373.009000001 2417.7960000000003)
62,62,63,,468378.04,4313374.076,2421.239,,-105.36502348,38.96876785,2407.213,Global,0.01,0.01,0.011,0.015,1.734,m,FIX,RTK,2025-07-11 11:16:42.6 UTC-06:00,2025-07-11 11:16:45.6 UTC-06:00,16,1.2,1.5,468407.689,4313300.453,2428.563,-105.36467784,38.96810549,2414.536,79.626,,NAD83(2011) / UTM zone 13N + NAVD88(GEOID18) height,7,5,9,6,0,4313372.993000001,468379.12799999997,2417.889,POINT Z (468379.12799999997 4313372.993000001 2417.889)
63,63,64,,468377.952,4313374.122,2421.205,,-105.3650245,38.96876826,2407.179,Global,0.011,0.011,0.011,0.016,1.734,m,FIX,RTK,2025-07-11 11:16:56.0 UTC-06:00,2025-07-11 11:16:59.0 UTC-06:00,16,1.2,1.5,468407.689,4313300.453,2428.563,-105.36467784,38.96810549,2414.536,79.713,,NAD83(2011) / UTM zone 13N + NAVD88(GEOID18) height,7,5,9,6,0,4313373.039000001,468379.04,2417.855,POINT Z (468379.04 4313373.039000001 2417.855)
64,64,65,,468377.721,4313374.25,2421.202,,-105.36502718,38.9687694,2407.176,Global,0.014,0.011,0.011,0.018,1.734,m,FIX,RTK,2025-07-11 11:17:06.0 UTC-06:00,2025-07-11 11:17:09.0 UTC-06:00,16,1.2,1.5,468407.689,4313300.453,2428.563,-105.36467784,38.96810549,2414.536,79.911,,NAD83(2011) / UTM zone 13N + NAVD88(GEOID18) height,7,5,9,6,0,4313373.167,468378.809,2417.8520000000003,POINT Z (468378.809 4313373.167 2417.8520000000003)
65,65,66,,468377.555,4313374.265,2421.217,,-105.3650291,38.96876953,2407.19,Global,0.01,0.013,0.013,0.016,1.734,m,FIX,RTK,2025-07-11 11:17:16.0 UTC-06:00,2025-07-11 11:17:19.0 UTC-06:00,16,1.2,1.5,468407.689,4313300.453,2428.563,-105.36467784,38.96810549,2414.536,79.994,,NAD83(2011) / UTM zone 13N + NAVD88(GEOID18) height,7,5,9,6,0,4313373.182,468378.643,2417.867,POINT Z (468378.643 4313373.182 2417.867)
66,66,67,,468377.262,4313374.395,2421.232,,-105.36503248,38.9687707,2407.206,Global,0.011,0.011,0.012,0.015,1.734,m,FIX,RTK,2025-07-11 11:17:26.6 UTC-06:00,2025-07-11 11:17:29.6 UTC-06:00,16,1.2,1.5,468407.689,4313300.453,2428.563,-105.36467784,38.96810549,2414.536,80.208,,NAD83(2011) / UTM zone 13N + NAVD88(GEOID18) height,7,5,9,6,0,4313373.312,468378.35,2417.882,POINT Z (468378.35 4313373.312 2417.882)
67,67,68,,468377.132,4313374.4,2421.286,,-105.36503398,38.96877074,2407.26,Global,0.01,0.011,0.013,0.015,1.734,m,FIX,RTK,2025-07-11 11:17:40.0 UTC-06:00,2025-07-11 11:17:43.0 UTC-06:00,16,1.2,1.5,468407.689,4313300.453,2428.563,-105.36467784,38.96810549,2414.536,80.266,,NAD83(2011) / UTM zone 13N + NAVD88(GEOID18) height,7,5,9,6,0,4313373.317000001,468378.22,2417.936,POINT Z (468378.22 4313373.317000001 2417.936)
68,68,69,,468376.917,4313374.556,2421.342,,-105.36503648,38.96877213,2407.316,Global,0.012,0.012,0.017,0.017,1.734,m,FIX,RTK,2025-07-11 11:17:49.8 UTC-06:00,2025-07-11 11:17:52.8 UTC-06:00,16,1.2,1.5,468407.689,4313300.453,2428.563,-105.36467784,38.96810549,2414.536,80.489,,NAD83(2011) / UTM zone 13N + NAVD88(GEOID18) height,7,5,9,6,0,4313373.473,468378.005,2417.992,POINT Z (468378.005 4313373.473 2417.992)
69,69,70,,468376.725,4313374.574,2421.322,,-105.36503869,38.96877229,2407.296,Global,0.015,0.011,0.012,0.019,1.734,m,FIX,RTK,2025-07-11 11:18:00.6 UTC-06:00,2025-07-11 11:18:03.6 UTC-06:00,16,1.2,1.5,468407.689,4313300.453,2428.563,-105.36467784,38.96810549,2414.536,80.584,,NAD83(2011) / UTM zone 13N + NAVD88(GEOID18) height,7,5,9,6,0,4313373.491,468377.81299999997,2417.972,POINT Z (468377.81299999997 4313373.491 2417.972)
70,70,71,,468376.558,4313374.605,2421.368,,-105.36504061,38.96877256,2407.342,Global,0.012,0.011,0.012,0.016,1.734,m,FIX,RTK,2025-07-11 11:18:11.0 UTC-06:00,2025-07-11 11:18:14.0 UTC-06:00,16,1.2,1.5,468407.689,4313300.453,2428.563,-105.36467784,38.96810549,2414.536,80.66,,NAD83(2011) / UTM zone 13N + NAVD88(GEOID18) height,7,5,9,6,0,4313373.522000001,468377.646,2418.018,POINT Z (468377.646 4313373.522000001 2418.018)
71,71,72,,468376.386,4313374.622,2421.39,,-105.3650426,38.96877271,2407.364,Global,0.01,0.012,0.011,0.016,1.734,m,FIX,RTK,2025-07-11 11:18:20.4 UTC-06:00,2025-07-11 11:18:23.4 UTC-06:00,16,1.2,1.5,468407.689,4313300.453,2428.563,-105.36467784,38.96810549,2414.536,80.747,,NAD83(2011) / UTM zone 13N + NAVD88(GEOID18) height,7,5,9,6,0,4313373.539000001,468377.474,2418.04,POINT Z (468377.474 4313373.539000001 2418.04)
72,72,73,,468376.182,4313374.668,2421.44,,-105.36504496,38.96877312,2407.414,Global,0.011,0.011,0.01,0.016,1.734,m,FIX,RTK,2025-07-11 11:18:31.2 UTC-06:00,2025-07-11 11:18:34.2 UTC-06:00,16,1.2,1.5,468407.689,4313300.453,2428.563,-105.36467784,38.96810549,2414.536,80.864,,NAD83(2011) / UTM zone 13N + NAVD88(GEOID18) height,7,5,9,6,0,4313373.585,468377.26999999996,2418.09,POINT Z (468377.26999999996 4313373.585 2418.09)
73,73,74,,468375.954,4313374.813,2421.446,,-105.3650476,38.96877441,2407.42,Global,0.011,0.01,0.01,0.015,1.734,m,FIX,RTK,2025-07-11 11:18:41.0 UTC-06:00,2025-07-11 11:18:44.0 UTC-06:00,16,1.2,1.5,468407.689,4313300.453,2428.563,-105.36467784,38.96810549,2414.536,81.089,,NAD83(2011) / UTM zone 13N + NAVD88(GEOID18) height,7,5,9,6,0,4313373.73,468377.042,2418.096,POINT Z (468377.042 4313373.73 2418.096)
74,74,75,,468375.728,4313374.826,2421.444,,-105.36505021,38.96877453,2407.418,Global,0.011,0.012,0.01,0.016,1.734,m,FIX,RTK,2025-07-11 11:18:51.0 UTC-06:00,2025-07-11 11:18:54.0 UTC-06:00,16,1.2,1.5,468407.689,4313300.453,2428.563,-105.36467784,38.96810549,2414.536,81.189,,NAD83(2011) / UTM zone 13N + NAVD88(GEOID18) height,7,5,9,6,0,4313373.743000001,468376.816,2418.094,POINT Z (468376.816 4313373.743000001 2418.094)
75,75,76,,468375.58,4313374.884,2421.44,,-105.36505192,38.96877504,2407.414,Global,0.01,0.01,0.011,0.015,1.734,m,FIX,RTK,2025-07-11 11:19:01.6 UTC-06:00,2025-07-11 11:19:04.6 UTC-06:00,16,1.2,1.4,468407.689,4313300.453,2428.563,-105.36467784,38.96810549,2414.536,81.301,,NAD83(2011) / UTM zone 13N + NAVD88(GEOID18) height,7,5,9,6,0,4313373.801,468376.668,2418.09,POINT Z (468376.668 4313373.801 2418.09)
76,76,77,,468375.399,4313374.988,2421.584,,-105.36505401,38.96877597,2407.558,Global,0.01,0.011,0.01,0.015,1.734,m,FIX,RTK,2025-07-11 11:19:11.8 UTC-06:00,2025-07-11 11:19:14.8 UTC-06:00,16,1.2,1.4,468407.689,4313300.453,2428.563,-105.36467784,38.96810549,2414.536,81.458,,NAD83(2011) / UTM zone 13N + NAVD88(GEOID18) height,7,5,9,6,0,4313373.905,468376.48699999996,2418.234,POINT Z (468376.48699999996 4313373.905 2418.234)
77,77,78,,468375.293,4313375.031,2421.602,,-105.36505524,38.96877635,2407.576,Global,0.012,0.017,0.011,0.021,1.734,m,FIX,RTK,2025-07-11 11:19:24.2 UTC-06:00,2025-07-11 11:19:27.2 UTC-06:00,16,1.2,1.4,468407.689,4313300.453,2428.563,-105.36467784,38.96810549,2414.536,81.541,,NAD83(2011) / UTM zone 13N + NAVD88(GEOID18) height,7,5,9,6,0,4313373.948000001,468376.381,2418.252,POINT Z (468376.381 4313373.948000001 2418.252)
78,78,79,,468375.098,4313375.094,2421.629,,-105.36505749,38.96877692,2407.603,Global,0.011,0.015,0.011,0.018,1.734,m,FIX,RTK,2025-07-11 11:19:32.8 UTC-06:00,2025-07-11 11:19:35.8 UTC-06:00,16,1.2,1.4,468407.689,4313300.453,2428.563,-105.36467784,38.96810549,2414.536,81.661,,NAD83(2011) / UTM zone 13N + NAVD88(GEOID18) height,7,5,9,6,0,4313374.011,468376.186,2418.279,POINT Z (468376.186 4313374.011 2418.279)
79,79,80,,468374.938,4313375.245,2421.598,,-105.36505935,38.96877827,2407.572,Global,0.018,0.026,0.012,0.032,1.734,m,FIX,RTK,2025-07-11 11:19:40.6 UTC-06:00,2025-07-11 11:19:43.6 UTC-06:00,16,1.2,1.4,468407.689,4313300.453,2428.563,-105.36467784,38.96810549,2414.536,81.859,,NAD83(2011) / UTM zone 13N + NAVD88(GEOID18) height,7,5,9,6,0,4313374.1620000005,468376.026,2418.248,POINT Z (468376.026 4313374.1620000005 2418.248)
80,80,81,,468374.744,4313375.355,2421.598,,-105.36506159,38.96877926,2407.572,Global,0.011,0.015,0.01,0.019,1.734,m,FIX,RTK,2025-07-11 11:19:54.8 UTC-06:00,2025-07-11 11:19:57.8 UTC-06:00,16,1.2,1.4,468407.689,4313300.453,2428.563,-105.36467784,38.96810549,2414.536,82.065,,NAD83(2011) / UTM zone 13N + NAVD88(GEOID18) height,7,5,9,6,0,4313374.272000001,468375.832,2418.248,POINT Z (468375.832 4313374.272000001 2418.248)
81,81,82,,468374.595,4313375.442,2421.597,,-105.36506332,38.96878003,2407.571,Global,0.012,0.01,0.011,0.016,1.734,m,FIX,RTK,2025-07-11 11:20:11.6 UTC-06:00,2025-07-11 11:20:14.6 UTC-06:00,16,1.2,1.4,468407.689,4313300.453,2428.563,-105.36467784,38.96810549,2414.536,82.197,,NAD83(2011) / UTM zone 13N + NAVD88(GEOID18) height,7,5,9,6,0,4313374.359,468375.68299999996,2418.2470000000003,POINT Z (468375.68299999996 4313374.359 2418.2470000000003)
82,82,83,,468374.397,4313375.518,2421.662,,-105.36506561,38.96878071,2407.636,Global,0.011,0.012,0.013,0.017,1.734,m,FIX,RTK,2025-07-11 11:20:20.0 UTC-06:00,2025-07-11 11:20:23.0 UTC-06:00,16,1.2,1.4,468407.689,4313300.453,2428.563,-105.36467784,38.96810549,2414.536,82.34,,NAD83(2011) / UTM zone 13N + NAVD88(GEOID18) height,7,5,9,6,0,4313374.4350000005,468375.485,2418.312,POINT Z (468375.485 4313374.4350000005 2418.312)
83,83,84,,468374.226,4313375.564,2421.7,,-105.36506758,38.96878112,2407.674,Global,0.011,0.012,0.01,0.016,1.734,m,FIX,RTK,2025-07-11 11:20:29.8 UTC-06:00,2025-07-11 11:20:32.8 UTC-06:00,16,1.2,1.4,468407.689,4313300.453,2428.563,-105.36467784,38.96810549,2414.536,82.446,,NAD83(2011) / UTM zone 13N + NAVD88(GEOID18) height,7,5,9,6,0,4313374.481000001,468375.314,2418.35,POINT Z (468375.314 4313374.481000001 2418.35)
84,84,85,,468374.002,4313375.662,2421.712,,-105.36507017,38.968782,2407.686,Global,0.01,0.01,0.01,0.014,1.734,m,FIX,RTK,2025-07-11 11:20:38.8 UTC-06:00,2025-07-11 11:20:41.8 UTC-06:00,16,1.2,1.4,468407.689,4313300.453,2428.563,-105.36467784,38.96810549,2414.536,82.631,,NAD83(2011) / UTM zone 13N + NAVD88(GEOID18) height,7,5,9,6,0,4313374.579,468375.08999999997,2418.362,POINT Z (468375.08999999997 4313374.579 2418.362)
85,85,86,,468373.818,4313375.721,2421.792,,-105.3650723,38.96878252,2407.766,Global,0.011,0.011,0.01,0.016,1.734,m,FIX,RTK,2025-07-11 11:21:05.2 UTC-06:00,2025-07-11 11:21:08.2 UTC-06:00,16,1.2,1.4,468407.689,4313300.453,2428.563,-105.36467784,38.96810549,2414.536,82.752,,NAD83(2011) / UTM zone 13N + NAVD88(GEOID18) height,7,5,9,6,0,4313374.638,468374.906,2418.442,POINT Z (468374.906 4313374.638 2418.442)
86,86,87,,468373.572,4313375.828,2421.814,,-105.36507514,38.96878347,2407.788,Global,0.023,0.011,0.01,0.025,1.734,m,FIX,RTK,2025-07-11 11:21:11.4 UTC-06:00,2025-07-11 11:21:14.4 UTC-06:00,16,1.2,1.4,468407.689,4313300.453,2428.563,-105.36467784,38.96810549,2414.536,82.955,,NAD83(2011) / UTM zone 13N + NAVD88(GEOID18) height,7,5,9,6,0,4313374.745,468374.66,2418.464,POINT Z (468374.66 4313374.745 2418.464)
87,87,88,,468373.282,4313375.9,2421.844,,-105.36507849,38.96878411,2407.818,Global,0.013,0.011,0.011,0.017,1.734,m,FIX,RTK,2025-07-11 11:21:18.4 UTC-06:00,2025-07-11 11:21:21.4 UTC-06:00,16,1.2,1.4,468407.689,4313300.453,2428.563,-105.36467784,38.96810549,2414.536,83.139,,NAD83(2011) / UTM zone 13N + NAVD88(GEOID18) height,7,5,9,6,0,4313374.817000001,468374.37,2418.494,POINT Z (468374.37 4313374.817000001 2418.494)
88,88,89,,468372.994,4313376.003,2421.879,,-105.36508182,38.96878504,2407.853,Global,0.017,0.012,0.01,0.021,1.734,m,FIX,RTK,2025-07-11 11:21:25.8 UTC-06:00,2025-07-11 11:21:28.8 UTC-06:00,16,1.2,1.4,468407.689,4313300.453,2428.563,-105.36467784,38.96810549,2414.536,83.355,,NAD83(2011) / UTM zone 13N + NAVD88(GEOID18) height,7,5,9,6,0,4313374.92,468374.082,2418.529,POINT Z (468374.082 4313374.92 2418.529)
89,89,90,,468372.704,4313376.149,2421.895,,-105.36508518,38.96878634,2407.869,Global,0.014,0.011,0.01,0.018,1.734,m,FIX,RTK,2025-07-11 11:21:34.2 UTC-06:00,2025-07-11 11:21:34.6 UTC-06:00,3,1.2,1.4,468407.689,4313300.453,2428.563,-105.36467784,38.96810549,2414.536,83.609,,NAD83(2011) / UTM zone 13N + NAVD88(GEOID18) height,7,5,9,6,0,4313375.066000001,468373.792,2418.545,POINT Z (468373.792 4313375.066000001 2418.545)
90,90,91,,468372.695,4313376.14,2421.851,,-105.36508528,38.96878626,2407.825,Global,0.01,0.011,0.01,0.015,1.734,m,FIX,RTK,2025-07-11 11:21:46.8 UTC-06:00,2025-07-11 11:21:49.8 UTC-06:00,16,1.2,1.4,468407.689,4313300.453,2428.563,-105.36467784,38.96810549,2414.536,83.6,,NAD83(2011) / UTM zone 13N + NAVD88(GEOID18) height,7,5,9,6,0,4313375.057,468373.783,2418.501,POINT Z (468373.783 4313375.057 2418.501)
91,91,92,,468372.45,4313376.224,2421.913,,-105.36508812,38.968787,2407.887,Global,0.013,0.012,0.013,0.017,1.734,m,FIX,RTK,2025-07-11 11:21:58.6 UTC-06:00,2025-07-11 11:22:01.6 UTC-06:00,16,1.2,1.4,468407.689,4313300.453,2428.563,-105.36467784,38.96810549,2414.536,83.775,,NAD83(2011) / UTM zone 13N + NAVD88(GEOID18) height,7,5,9,6,0,4313375.141000001,468373.538,2418.563,POINT Z (468373.538 4313375.141000001 2418.563)
92,92,93,,468372.299,4313376.283,2421.911,,-105.36508986,38.96878753,2407.885,Global,0.011,0.014,0.011,0.017,1.734,m,FIX,RTK,2025-07-11 11:22:09.6 UTC-06:00,2025-07-11 11:22:12.6 UTC-06:00,16,1.2,1.4,468407.689,4313300.453,2428.563,-105.36467784,38.96810549,2414.536,83.882,,NAD83(2011) / UTM zone 13N + NAVD88(GEOID18) height,7,5,9,6,0,4313375.2,468373.387,2418.561,POINT Z (468373.387 4313375.2 2418.561)
93,93,94,,468372.056,4313376.397,2421.933,,-105.36509267,38.96878855,2407.907,Global,0.01,0.011,0.011,0.015,1.734,m,FIX,RTK,2025-07-11 11:22:18.0 UTC-06:00,2025-07-11 11:22:21.0 UTC-06:00,16,1.2,1.4,468407.689,4313300.453,2428.563,-105.36467784,38.96810549,2414.536,84.101,,NAD83(2011) / UTM zone 13N + NAVD88(GEOID18) height,7,5,9,6,0,4313375.314,468373.144,2418.583,POINT Z (468373.144 4313375.314 2418.583)
94,94,95,,468371.736,4313376.564,2421.969,,-105.36509637,38.96879004,2407.943,Global,0.01,0.011,0.012,0.015,1.734,m,FIX,RTK,2025-07-11 11:22:28.8 UTC-06:00,2025-07-11 11:22:31.8 UTC-06:00,16,1.2,1.4,468407.689,4313300.453,2428.563,-105.36467784,38.96810549,2414.536,84.374,,NAD83(2011) / UTM zone 13N + NAVD88(GEOID18) height,7,5,9,6,0,4313375.481000001,468372.82399999996,2418.619,POINT Z (468372.82399999996 4313375.481000001 2418.619)
95,95,96,,468371.438,4313376.684,2421.991,,-105.36509981,38.96879111,2407.965,Global,0.014,0.01,0.011,0.017,1.734,m,FIX,RTK,2025-07-11 11:22:39.2 UTC-06:00,2025-07-11 11:22:42.2 UTC-06:00,16,1.2,1.4,468407.689,4313300.453,2428.563,-105.36467784,38.96810549,2414.536,84.611,,NAD83(2011) / UTM zone 13N + NAVD88(GEOID18) height,7,5,9,6,0,4313375.601000001,468372.526,2418.641,POINT Z (468372.526 4313375.601000001 2418.641)
96,96,97,,468371.176,4313376.818,2422.042,,-105.36510285,38.96879231,2408.016,Global,0.011,0.012,0.011,0.016,1.734,m,FIX,RTK,2025-07-11 11:22:50.2 UTC-06:00,2025-07-11 11:22:53.2 UTC-06:00,16,1.2,1.4,468407.689,4313300.453,2428.563,-105.36467784,38.96810549,2414.536,84.835,,NAD83(2011) / UTM zone 13N + NAVD88(GEOID18) height,7,5,9,6,0,4313375.735,468372.26399999997,2418.692,POINT Z (468372.26399999997 4313375.735 2418.692)
97,97,98,,468370.934,4313376.955,2422.125,,-105.36510565,38.96879354,2408.099,Global,0.01,0.011,0.01,0.015,1.734,m,FIX,RTK,2025-07-11 11:23:05.2 UTC-06:00,2025-07-11 11:23:08.2 UTC-06:00,16,1.2,1.4,468407.689,4313300.453,2428.563,-105.36467784,38.96810549,2414.536,85.074,,NAD83(2011) / UTM zone 13N + NAVD88(GEOID18) height,7,5,9,6,0,4313375.872,468372.022,2418.775,POINT Z (468372.022 4313375.872 2418.775)
98,98,99,,468370.733,4313377.048,2422.3,,-105.36510797,38.96879437,2408.274,Global,0.011,0.018,0.011,0.021,1.734,m,FIX,RTK,2025-07-11 11:23:20.6 UTC-06:00,2025-07-11 11:23:23.6 UTC-06:00,16,1.2,1.4,468407.689,4313300.453,2428.563,-105.36467784,38.96810549,2414.536,85.237,,NAD83(2011) / UTM zone 13N + NAVD88(GEOID18) height,7,5,9,6,0,4313375.965000001,468371.821,2418.9500000000003,POINT Z (468371.821 4313375.965000001 2418.9500000000003)
99,99,100,,468370.54,4313377.121,2422.344,,-105.36511021,38.96879502,2408.318,Global,0.01,0.01,0.013,0.014,1.734,m,FIX,RTK,2025-07-11 11:23:32.0 UTC-06:00,2025-07-11 11:23:35.0 UTC-06:00,16,1.2,1.4,468407.689,4313300.453,2428.563,-105.36467784,38.96810549,2414.536,85.378,,NAD83(2011) / UTM zone 13N + NAVD88(GEOID18) height,7,5,9,6,0,4313376.038000001,468371.62799999997,2418.994,POINT Z (468371.62799999997 4313376.038000001 2418.994)
100,100,101,,468370.361,4313377.201,2422.348,,-105.36511227,38.96879574,2408.322,Global,0.011,0.011,0.012,0.016,1.734,m,FIX,RTK,2025-07-11 11:23:39.8 UTC-06:00,2025-07-11 11:23:42.8 UTC-06:00,16,1.2,1.4,468407.689,4313300.453,2428.563,-105.36467784,38.96810549,2414.536,85.525,,NAD83(2011) / UTM zone 13N + NAVD88(GEOID18) height,7,5,9,6,0,4313376.118000001,468371.44899999996,2418.998,POINT Z (468371.44899999996 4313376.118000001 2418.998)
101,101,102,,468370.14,4313377.317,2422.326,,-105.36511482,38.96879677,2408.3,Global,0.011,0.011,0.013,0.015,1.734,m,FIX,RTK,2025-07-11 11:23:48.4 UTC-06:00,2025-07-11 11:23:51.4 UTC-06:00,16,1.2,1.4,468407.689,4313300.453,2428.563,-105.36467784,38.96810549,2414.536,85.728,,NAD83(2011) / UTM zone 13N + NAVD88(GEOID18) height,7,5,9,6,0,4313376.234,468371.228,2418.976,POINT Z (468371.228 4313376.234 2418.976)
102,102,103,,468369.965,4313377.356,2422.304,,-105.36511685,38.96879712,2408.278,Global,0.011,0.011,0.011,0.016,1.734,m,FIX,RTK,2025-07-11 11:23:57.0 UTC-06:00,2025-07-11 11:24:00.0 UTC-06:00,16,1.2,1.4,468407.689,4313300.453,2428.563,-105.36467784,38.96810549,2414.536,85.838,,NAD83(2011) / UTM zone 13N + NAVD88(GEOID18) height,7,5,9,6,0,4313376.273,468371.053,2418.954,POINT Z (468371.053 4313376.273 2418.954)
103,103,104,,468369.786,4313377.419,2422.312,,-105.36511892,38.96879767,2408.286,Global,0.011,0.012,0.01,0.016,1.734,m,FIX,RTK,2025-07-11 11:24:05.8 UTC-06:00,2025-07-11 11:24:08.8 UTC-06:00,16,1.2,1.4,468407.689,4313300.453,2428.563,-105.36467784,38.96810549,2414.536,85.972,,NAD83(2011) / UTM zone 13N + NAVD88(GEOID18) height,7,5,9,6,0,4313376.336,468370.874,2418.962,POINT Z (468370.874 4313376.336 2418.962)
104,104,105,,468369.818,4313377.347,2422.523,,-105.36511854,38.96879703,2408.497,Global,0.011,0.011,0.012,0.016,1.734,m,FIX,RTK,2025-07-11 11:24:47.0 UTC-06:00,2025-07-11 11:25:17.0 UTC-06:00,151,1.2,1.4,468407.689,4313300.453,2428.563,-105.36467784,38.96810549,2414.536,85.886,,NAD83(2011) / UTM zone 13N + NAVD88(GEOID18) height,7,5,9,6,0,4313376.264,468370.906,2419.1730000000002,POINT Z (468370.906 4313376.264 2419.1730000000002)
105,105,106,,468369.827,4313377.348,2422.518,,-105.36511844,38.96879704,2408.493,Global,0.011,0.011,0.01,0.015,1.734,m,FIX,RTK,2025-07-11 11:25:30.6 UTC-06:00,2025-07-11 11:25:33.6 UTC-06:00,16,1.2,1.4,468407.689,4313300.453,2428.563,-105.36467784,38.96810549,2414.536,85.887,,NAD83(2011) / UTM zone 13N + NAVD88(GEOID18) height,7,5,9,6,0,4313376.265000001,468370.915,2419.168,POINT Z (468370.915 4313376.265000001 2419.168)
106,106,107,,468369.704,4313377.169,2422.297,,-105.36511986,38.96879542,2408.271,Global,0.011,0.01,0.011,0.015,1.734,m,FIX,RTK,2025-07-11 11:25:39.4 UTC-06:00,2025-07-11 11:25:42.4 UTC-06:00,16,1.2,1.4,468407.689,4313300.453,2428.563,-105.36467784,38.96810549,2414.536,85.789,,NAD83(2011) / UTM zone 13N + NAVD88(GEOID18) height,7,5,9,6,0,4313376.086,468370.792,2418.947,POINT Z (468370.792 4313376.086 2418.947)
107,107,108,,468370.014,4313377.287,2422.322,,-105.36511628,38.9687965,2408.296,Global,0.01,0.011,0.01,0.015,1.734,m,FIX,RTK,2025-07-11 11:25:49.8 UTC-06:00,2025-07-11 11:25:52.8 UTC-06:00,16,1.2,1.4,468407.689,4313300.453,2428.563,-105.36467784,38.96810549,2414.536,85.759,,NAD83(2011) / UTM zone 13N + NAVD88(GEOID18) height,7,5,9,6,0,4313376.204,468371.102,2418.972,POINT Z (468371.102 4313376.204 2418.972)
108,108,109,,468369.874,4313377.48,2422.297,,-105.3651179,38.96879823,2408.271,Global,0.01,0.011,0.012,0.015,1.734,m,FIX,RTK,2025-07-11 11:25:57.8 UTC-06:00,2025-07-11 11:26:00.8 UTC-06:00,16,1.2,1.4,468407.689,4313300.453,2428.563,-105.36467784,38.96810549,2414.536,85.991,,NAD83(2011) / UTM zone 13N + NAVD88(GEOID18) height,7,5,9,6,0,4313376.397000001,468370.962,2418.947,POINT Z (468370.962 4313376.397000001 2418.947)
109,109,110,,468369.699,4313377.46,2422.283,,-105.36511993,38.96879804,2408.257,Global,0.01,0.013,0.011,0.017,1.734,m,FIX,RTK,2025-07-11 11:26:05.6 UTC-06:00,2025-07-11 11:26:08.6 UTC-06:00,16,1.2,1.4,468407.689,4313300.453,2428.563,-105.36467784,38.96810549,2414.536,86.044,,NAD83(2011) / UTM zone 13N + NAVD88(GEOID18) height,7,5,9,6,0,4313376.377,468370.787,2418.933,POINT Z (468370.787 4313376.377 2418.933)
110,110,111,,468369.824,4313377.363,2422.5,,-105.36511848,38.96879717,2408.474,Global,0.013,0.023,0.01,0.026,1.734,m,FIX,RTK,2025-07-11 11:26:17.2 UTC-06:00,2025-07-11 11:26:20.2 UTC-06:00,16,1.2,1.4,468407.689,4313300.453,2428.563,-105.36467784,38.96810549,2414.536,85.886,,NAD83(2011) / UTM zone 13N + NAVD88(GEOID18) height,8,4,9,6,0,4313376.28,468370.912,2419.15,POINT Z (468370.912 4313376.28 2419.15)
111,111,112,,468370.382,4313376.83,2422.375,,-105.36511202,38.96879239,2408.349,Global,0.011,0.011,0.011,0.015,1.734,m,FIX,RTK,2025-07-11 11:26:44.2 UTC-06:00,2025-07-11 11:26:47.2 UTC-06:00,16,1.2,1.4,468407.689,4313300.453,2428.563,-105.36467784,38.96810549,2414.536,85.182,,NAD83(2011) / UTM zone 13N + NAVD88(GEOID18) height,8,4,9,6,0,4313375.747,468371.47,2419.025,POINT Z (468371.47 4313375.747 2419.025)
112,112,113,,468370.387,4313376.826,2422.376,,-105.36511196,38.96879235,2408.35,Global,0.012,0.011,0.011,0.016,1.734,m,FIX,RTK,2025-07-11 11:27:01.8 UTC-06:00,2025-07-11 11:27:31.8 UTC-06:00,151,1.2,1.4,468407.689,4313300.453,2428.563,-105.36467784,38.96810549,2414.536,85.176,,NAD83(2011) / UTM zone 13N + NAVD88(GEOID18) height,8,4,9,6,0,4313375.743000001,468371.475,2419.0260000000003,POINT Z (468371.475 4313375.743000001 2419.0260000000003)
113,113,114,,468370.359,4313376.706,2422.303,,-105.36511227,38.96879127,2408.277,Global,0.011,0.01,0.01,0.015,1.734,m,FIX,RTK,2025-07-11 11:27:46.8 UTC-06:00,2025-07-11 11:27:49.8 UTC-06:00,16,1.2,1.4,468407.689,4313300.453,2428.563,-105.36467784,38.96810549,2414.536,85.089,,NAD83(2011) / UTM zone 13N + NAVD88(GEOID18) height,7,5,9,6,0,4313375.623000001,468371.447,2418.953,POINT Z (468371.447 4313375.623000001 2418.953)
114,114,115,,468370.528,4313376.792,2422.343,,-105.36511032,38.96879205,2408.317,Global,0.011,0.01,0.01,0.015,1.734,m,FIX,RTK,2025-07-11 11:27:56.0 UTC-06:00,2025-07-11 11:27:59.0 UTC-06:00,16,1.2,1.4,468407.689,4313300.453,2428.563,-105.36467784,38.96810549,2414.536,85.087,,NAD83(2011) / UTM zone 13N + NAVD88(GEOID18) height,7,5,9,6,0,4313375.709000001,468371.616,2418.993,POINT Z (468371.616 4313375.709000001 2418.993)
115,115,116,,468370.466,4313376.995,2422.383,,-105.36511105,38.96879388,2408.357,Global,0.011,0.012,0.01,0.017,1.734,m,FIX,RTK,2025-07-11 11:28:04.0 UTC-06:00,2025-07-11 11:28:07.0 UTC-06:00,16,1.2,1.4,468407.689,4313300.453,2428.563,-105.36467784,38.96810549,2414.536,85.3,,NAD83(2011) / UTM zone 13N + NAVD88(GEOID18) height,7,5,9,6,0,4313375.9120000005,468371.554,2419.033,POINT Z (468371.554 4313375.9120000005 2419.033)
116,116,117,,468370.328,4313376.892,2422.354,,-105.36511263,38.96879294,2408.329,Global,0.013,0.01,0.01,0.017,1.734,m,FIX,RTK,2025-07-11 11:28:10.8 UTC-06:00,2025-07-11 11:28:13.8 UTC-06:00,16,1.2,1.4,468407.689,4313300.453,2428.563,-105.36467784,38.96810549,2414.536,85.266,,NAD83(2011) / UTM zone 13N + NAVD88(GEOID18) height,7,5,9,6,0,4313375.809,468371.41599999997,2419.004,POINT Z (468371.41599999997 4313375.809 2419.004)
117,117,118,,468370.374,4313376.828,2422.373,,-105.3651121,38.96879237,2408.347,Global,0.011,0.01,0.01,0.015,1.734,m,FIX,RTK,2025-07-11 11:28:24.4 UTC-06:00,2025-07-11 11:28:27.4 UTC-06:00,16,1.2,1.4,468407.689,4313300.453,2428.563,-105.36467784,38.96810549,2414.536,85.184,,NAD83(2011) / UTM zone 13N + NAVD88(GEOID18) height,7,5,9,6,0,4313375.745,468371.462,2419.023,POINT Z (468371.462 4313375.745 2419.023)
118,118,119,,468368.946,4313377.757,2422.207,,-105.36512863,38.96880069,2408.181,Global,0.011,0.01,0.01,0.015,1.734,m,FIX,RTK,2025-07-11 11:29:07.0 UTC-06:00,2025-07-11 11:29:10.0 UTC-06:00,16,1.2,1.4,468407.689,4313300.453,2428.563,-105.36467784,38.96810549,2414.536,86.658,,NAD83(2011) / UTM zone 13N + NAVD88(GEOID18) height,7,5,9,6,0,4313376.674000001,468370.034,2418.857,POINT Z (468370.034 4313376.674000001 2418.857)
119,119,120,,468368.024,4313378.122,2422.164,,-105.36513929,38.96880394,2408.138,Global,0.01,0.011,0.01,0.015,1.734,m,FIX,RTK,2025-07-11 11:29:21.0 UTC-06:00,2025-07-11 11:29:24.0 UTC-06:00,16,1.2,1.4,468407.689,4313300.453,2428.563,-105.36467784,38.96810549,2414.536,87.396,,NAD83(2011) / UTM zone 13N + NAVD88(GEOID18) height,7,5,9,6,0,4313377.039000001,468369.11199999996,2418.8140000000003,POINT Z (468369.11199999996 4313377.039000001 2418.8140000000003)
120,120,121,,468367.126,4313378.496,2422.139,,-105.36514968,38.96880728,2408.113,Global,0.011,0.01,0.011,0.015,1.734,m,FIX,RTK,2025-07-11 11:29:32.0 UTC-06:00,2025-07-11 11:29:35.0 UTC-06:00,16,1.3,1.5,468407.689,4313300.453,2428.563,-105.36467784,38.96810549,2414.536,88.147,,NAD83(2011) / UTM zone 13N + NAVD88(GEOID18) height,7,5,9,6,0,4313377.413000001,468368.214,2418.789,POINT Z (468368.214 4313377.413000001 2418.789)
121,121,122,,468366.167,4313378.868,2422.123,,-105.36516076,38.9688106,2408.097,Global,0.02,0.015,0.011,0.025,1.734,m,FIX,RTK,2025-07-11 11:29:43.6 UTC-06:00,2025-07-11 11:29:46.6 UTC-06:00,16,1.3,1.5,468407.689,4313300.453,2428.563,-105.36467784,38.96810549,2414.536,88.932,,NAD83(2011) / UTM zone 13N + NAVD88(GEOID18) height,7,5,9,6,0,4313377.785,468367.255,2418.773,POINT Z (468367.255 4313377.785 2418.773)
122,122,123,,468365.229,4313379.195,2422.164,,-105.3651716,38.96881351,2408.138,Global,0.018,0.012,0.011,0.022,1.734,m,FIX,RTK,2025-07-11 11:29:52.2 UTC-06:00,2025-07-11 11:29:55.2 UTC-06:00,16,1.3,1.5,468407.689,4313300.453,2428.563,-105.36467784,38.96810549,2414.536,89.662,,NAD83(2011) / UTM zone 13N + NAVD88(GEOID18) height,7,5,9,6,0,4313378.112000001,468366.317,2418.8140000000003,POINT Z (468366.317 4313378.112000001 2418.8140000000003)
123,123,124,,468364.306,4313379.611,2422.119,,-105.36518228,38.96881723,2408.093,Global,0.011,0.011,0.011,0.015,1.734,m,FIX,RTK,2025-07-11 11:30:01.6 UTC-06:00,2025-07-11 11:30:04.6 UTC-06:00,16,1.3,1.5,468407.689,4313300.453,2428.563,-105.36467784,38.96810549,2414.536,90.465,,NAD83(2011) / UTM zone 13N + NAVD88(GEOID18) height,7,5,9,6,0,4313378.528,468365.394,2418.7690000000002,POINT Z (468365.394 4313378.528 2418.7690000000002)
124,124,125,,468363.441,4313379.995,2422.192,,-105.36519227,38.96882066,2408.167,Global,0.013,0.012,0.011,0.017,1.734,m,FIX,RTK,2025-07-11 11:30:12.6 UTC-06:00,2025-07-11 11:30:15.6 UTC-06:00,16,1.2,1.4,468407.689,4313300.453,2428.563,-105.36467784,38.96810549,2414.536,91.203,,NAD83(2011) / UTM zone 13N + NAVD88(GEOID18) height,7,5,9,6,0,4313378.9120000005,468364.529,2418.842,POINT Z (468364.529 4313378.9120000005 2418.842)
125,125,126,,468362.502,4313380.376,2422.237,,-105.36520314,38.96882406,2408.211,Global,0.015,0.011,0.014,0.018,1.734,m,FIX,RTK,2025-07-11 11:30:28.0 UTC-06:00,2025-07-11 11:30:31.0 UTC-06:00,16,1.2,1.4,468407.689,4313300.453,2428.563,-105.36467784,38.96810549,2414.536,92.001,,NAD83(2011) / UTM zone 13N + NAVD88(GEOID18) height,7,5,9,6,0,4313379.2930000005,468363.58999999997,2418.887,POINT Z (468363.58999999997 4313379.2930000005 2418.887)
126,126,127,,468361.577,4313380.756,2422.29,,-105.36521383,38.96882745,2408.264,Global,0.01,0.01,0.01,0.015,1.734,m,FIX,RTK,2025-07-11 11:30:43.0 UTC-06:00,2025-07-11 11:30:46.0 UTC-06:00,16,1.2,1.4,468407.689,4313300.453,2428.563,-105.36467784,38.96810549,2414.536,92.784,,NAD83(2011) / UTM zone 13N + NAVD88(GEOID18) height,7,5,9,5,0,4313379.673,468362.665,2418.94,POINT Z (468362.665 4313379.673 2418.94)
127,127,128,,468360.647,4313381.117,2422.199,,-105.36522458,38.96883067,2408.173,Global,0.011,0.014,0.011,0.018,1.734,m,FIX,RTK,2025-07-11 11:30:53.6 UTC-06:00,2025-07-11 11:30:56.6 UTC-06:00,16,1.2,1.4,468407.689,4313300.453,2428.563,-105.36467784,38.96810549,2414.536,93.58,,NAD83(2011) / UTM zone 13N + NAVD88(GEOID18) height,7,5,9,6,0,4313380.034,468361.735,2418.849,POINT Z (468361.735 4313380.034 2418.849)
128,128,129,,468359.725,4313381.497,2422.179,,-105.36523524,38.96883406,2408.153,Global,0.01,0.01,0.01,0.014,1.734,m,FIX,RTK,2025-07-11 11:31:07.4 UTC-06:00,2025-07-11 11:31:10.4 UTC-06:00,16,1.2,1.4,468407.689,4313300.453,2428.563,-105.36467784,38.96810549,2414.536,94.366,,NAD83(2011) / UTM zone 13N + NAVD88(GEOID18) height,7,5,9,6,0,4313380.414000001,468360.81299999997,2418.829,POINT Z (468360.81299999997 4313380.414000001 2418.829)
129,129,130,,468358.823,4313381.847,2422.198,,-105.36524567,38.96883718,2408.172,Global,0.012,0.013,0.011,0.018,1.734,m,FIX,RTK,2025-07-11 11:31:17.8 UTC-06:00,2025-07-11 11:31:20.8 UTC-06:00,16,1.2,1.4,468407.689,4313300.453,2428.563,-105.36467784,38.96810549,2414.536,95.127,,NAD83(2011) / UTM zone 13N + NAVD88(GEOID18) height,7,6,9,5,0,4313380.764,468359.91099999996,2418.848,POINT Z (468359.91099999996 4313380.764 2418.848)
130,130,131,,468357.846,4313382.186,2422.269,,-105.36525696,38.9688402,2408.243,Global,0.011,0.012,0.011,0.016,1.734,m,FIX,RTK,2025-07-11 11:31:29.8 UTC-06:00,2025-07-11 11:31:32.8 UTC-06:00,16,1.2,1.4,468407.689,4313300.453,2428.563,-105.36467784,38.96810549,2414.536,95.908,,NAD83(2011) / UTM zone 13N + NAVD88(GEOID18) height,7,6,9,5,0,4313381.103,468358.934,2418.919,POINT Z (468358.934 4313381.103 2418.919)
131,131,132,,468356.931,4313382.521,2422.265,,-105.36526755,38.96884318,2408.24,Global,0.01,0.012,0.01,0.016,1.734,m,FIX,RTK,2025-07-11 11:31:44.0 UTC-06:00,2025-07-11 11:31:47.0 UTC-06:00,16,1.2,1.4,468407.689,4313300.453,2428.563,-105.36467784,38.96810549,2414.536,96.681,,NAD83(2011) / UTM zone 13N + NAVD88(GEOID18) height,7,6,9,5,0,4313381.438,468358.019,2418.915,POINT Z (468358.019 4313381.438 2418.915)
132,132,133,,468356.015,4313382.919,2422.267,,-105.36527814,38.96884674,2408.242,Global,0.014,0.013,0.011,0.019,1.734,m,FIX,RTK,2025-07-11 11:31:53.8 UTC-06:00,2025-07-11 11:31:56.8 UTC-06:00,16,1.2,1.4,468407.689,4313300.453,2428.563,-105.36467784,38.96810549,2414.536,97.495,,NAD83(2011) / UTM zone 13N + NAVD88(GEOID18) height,7,6,9,5,0,4313381.836,468357.103,2418.917,POINT Z (468357.103 4313381.836 2418.917)
133,133,134,,468355.056,4313383.273,2422.237,,-105.36528923,38.96884989,2408.211,Global,0.011,0.011,0.012,0.016,1.734,m,FIX,RTK,2025-07-11 11:32:05.2 UTC-06:00,2025-07-11 11:32:08.2 UTC-06:00,16,1.2,1.4,468407.689,4313300.453,2428.563,-105.36467784,38.96810549,2414.536,98.313,,NAD83(2011) / UTM zone 13N + NAVD88(GEOID18) height,7,6,9,5,0,4313382.19,468356.144,2418.887,POINT Z (468356.144 4313382.19 2418.887)
134,134,135,,468354.115,4313383.627,2422.268,,-105.3653001,38.96885305,2408.242,Global,0.013,0.011,0.01,0.017,1.734,m,FIX,RTK,2025-07-11 11:32:18.0 UTC-06:00,2025-07-11 11:32:21.0 UTC-06:00,16,1.2,1.4,468407.689,4313300.453,2428.563,-105.36467784,38.96810549,2414.536,99.121,,NAD83(2011) / UTM zone 13N + NAVD88(GEOID18) height,7,6,9,4,0,4313382.544000001,468355.203,2418.918,POINT Z (468355.203 4313382.544000001 2418.918)
135,135,136,,468353.208,4313383.945,2422.275,,-105.36531058,38.96885588,2408.249,Global,0.011,0.011,0.01,0.016,1.734,m,FIX,RTK,2025-07-11 11:32:27.8 UTC-06:00,2025-07-11 11:32:30.8 UTC-06:00,16,1.2,1.4,468407.689,4313300.453,2428.563,-105.36467784,38.96810549,2414.536,99.876,,NAD83(2011) / UTM zone 13N + NAVD88(GEOID18) height,7,6,9,4,0,4313382.862000001,468354.296,2418.925,POINT Z (468354.296 4313382.862000001 2418.925)
136,136,137,,468352.23,4313384.249,2422.275,,-105.36532189,38.96885859,2408.249,Global,0.012,0.016,0.011,0.02,1.734,m,FIX,RTK,2025-07-11 11:32:44.2 UTC-06:00,2025-07-11 11:32:47.2 UTC-06:00,16,1.2,1.4,468407.689,4313300.453,2428.563,-105.36467784,38.96810549,2414.536,100.657,,NAD83(2011) / UTM zone 13N + NAVD88(GEOID18) height,7,6,9,5,0,4313383.166,468353.31799999997,2418.925,POINT Z (468353.31799999997 4313383.166 2418.925)
137,137,138,,468351.277,4313384.596,2422.285,,-105.36533291,38.96886168,2408.26,Global,0.01,0.01,0.011,0.015,1.734,m,FIX,RTK,2025-07-11 11:32:56.2 UTC-06:00,2025-07-11 11:32:59.2 UTC-06:00,16,1.2,1.4,468407.689,4313300.453,2428.563,-105.36467784,38.96810549,2414.536,101.482,,NAD83(2011) / UTM zone 13N + NAVD88(GEOID18) height,7,6,9,5,0,4313383.513,468352.365,2418.935,POINT Z (468352.365 4313383.513 2418.935)
138,138,139,,468350.352,4313384.951,2422.322,,-105.3653436,38.96886485,2408.296,Global,0.013,0.012,0.011,0.017,1.734,m,FIX,RTK,2025-07-11 11:33:05.6 UTC-06:00,2025-07-11 11:33:08.6 UTC-06:00,16,1.2,1.4,468407.689,4313300.453,2428.563,-105.36467784,38.96810549,2414.536,102.283,,NAD83(2011) / UTM zone 13N + NAVD88(GEOID18) height,7,6,9,5,0,4313383.868000001,468351.44,2418.972,POINT Z (468351.44 4313383.868000001 2418.972)
139,139,140,,468349.451,4313385.288,2422.275,,-105.36535401,38.96886785,2408.249,Global,0.011,0.012,0.014,0.016,1.734,m,FIX,RTK,2025-07-11 11:33:18.6 UTC-06:00,2025-07-11 11:33:21.6 UTC-06:00,16,1.2,1.4,468407.689,4313300.453,2428.563,-105.36467784,38.96810549,2414.536,103.071,,NAD83(2011) / UTM zone 13N + NAVD88(GEOID18) height,7,6,9,5,0,4313384.205,468350.539,2418.925,POINT Z (468350.539 4313384.205 2418.925)
140,140,141,,468348.496,4313385.654,2422.261,,-105.36536505,38.96887111,2408.235,Global,0.01,0.013,0.011,0.016,1.734,m,FIX,RTK,2025-07-11 11:33:27.8 UTC-06:00,2025-07-11 11:33:30.8 UTC-06:00,16,1.2,1.4,468407.689,4313300.453,2428.563,-105.36467784,38.96810549,2414.536,103.92,,NAD83(2011) / UTM zone 13N + NAVD88(GEOID18) height,7,6,8,5,0,4313384.571,468349.584,2418.911,POINT Z (468349.584 4313384.571 2418.911)
141,141,142,,468347.556,4313386.018,2422.24,,-105.36537592,38.96887436,2408.215,Global,0.015,0.011,0.012,0.018,1.734,m,FIX,RTK,2025-07-11 11:33:37.0 UTC-06:00,2025-07-11 11:33:40.0 UTC-06:00,16,1.2,1.4,468407.689,4313300.453,2428.563,-105.36467784,38.96810549,2414.536,104.756,,NAD83(2011) / UTM zone 13N + NAVD88(GEOID18) height,7,6,8,5,0,4313384.9350000005,468348.644,2418.89,POINT Z (468348.644 4313384.9350000005 2418.89)
142,142,143,,468346.602,4313386.357,2422.225,,-105.36538695,38.96887738,2408.199,Global,0.011,0.011,0.011,0.016,1.734,m,FIX,RTK,2025-07-11 11:33:50.6 UTC-06:00,2025-07-11 11:33:53.6 UTC-06:00,16,1.2,1.4,468407.689,4313300.453,2428.563,-105.36467784,38.96810549,2414.536,105.583,,NAD83(2011) / UTM zone 13N + NAVD88(GEOID18) height,7,6,8,5,0,4313385.274,468347.69,2418.875,POINT Z (468347.69 4313385.274 2418.875)
143,143,144,,468345.684,4313386.704,2422.254,,-105.36539756,38.96888047,2408.228,Global,0.011,0.01,0.01,0.015,1.734,m,FIX,RTK,2025-07-11 11:34:00.6 UTC-06:00,2025-07-11 11:34:03.6 UTC-06:00,16,1.2,1.4,468407.689,4313300.453,2428.563,-105.36467784,38.96810549,2414.536,106.41,,NAD83(2011) / UTM zone 13N + NAVD88(GEOID18) height,7,6,9,5,0,4313385.621,468346.772,2418.904,POINT Z (468346.772 4313385.621 2418.904)
144,144,145,,468344.735,4313387.018,2422.302,,-105.36540853,38.96888327,2408.276,Global,0.01,0.011,0.01,0.015,1.734,m,FIX,RTK,2025-07-11 11:34:09.2 UTC-06:00,2025-07-11 11:34:12.2 UTC-06:00,16,1.2,1.4,468407.689,4313300.453,2428.563,-105.36467784,38.96810549,2414.536,107.206,,NAD83(2011) / UTM zone 13N + NAVD88(GEOID18) height,7,6,9,4,0,4313385.9350000005,468345.823,2418.952,POINT Z (468345.823 4313385.9350000005 2418.952)
145,145,146,,468343.813,4313387.429,2422.249,,-105.36541919,38.96888694,2408.224,Global,0.011,0.011,0.011,0.016,1.734,m,FIX,RTK,2025-07-11 11:34:18.6 UTC-06:00,2025-07-11 11:34:21.6 UTC-06:00,16,1.2,1.4,468407.689,4313300.453,2428.563,-105.36467784,38.96810549,2414.536,108.096,,NAD83(2011) / UTM zone 13N + NAVD88(GEOID18) height,7,6,9,4,0,4313386.346,468344.901,2418.899,POINT Z (468344.901 4313386.346 2418.899)
146,146,147,,468342.864,4313387.745,2422.252,,-105.36543016,38.96888975,2408.227,Global,0.01,0.01,0.012,0.015,1.734,m,FIX,RTK,2025-07-11 11:34:28.0 UTC-06:00,2025-07-11 11:34:31.0 UTC-06:00,16,1.2,1.4,468407.689,4313300.453,2428.563,-105.36467784,38.96810549,2414.536,108.909,,NAD83(2011) / UTM zone 13N + NAVD88(GEOID18) height,7,6,9,5,0,4313386.6620000005,468343.952,2418.902,POINT Z (468343.952 4313386.6620000005 2418.902)
147,147,148,,468341.981,4313388.084,2422.185,,-105.36544037,38.96889278,2408.16,Global,0.01,0.01,0.012,0.014,1.734,m,FIX,RTK,2025-07-11 11:34:39.0 UTC-06:00,2025-07-11 11:34:42.0 UTC-06:00,16,1.2,1.4,468407.689,4313300.453,2428.563,-105.36467784,38.96810549,2414.536,109.713,,NAD83(2011) / UTM zone 13N + NAVD88(GEOID18) height,7,6,9,5,0,4313387.001,468343.069,2418.835,POINT Z (468343.069 4313387.001 2418.835)
148,148,149,,468341.015,4313388.497,2422.124,,-105.36545154,38.96889646,2408.099,Global,0.01,0.01,0.015,0.014,1.734,m,FIX,RTK,2025-07-11 11:34:52.8 UTC-06:00,2025-07-11 11:34:55.8 UTC-06:00,16,1.2,1.4,468407.689,4313300.453,2428.563,-105.36467784,38.96810549,2414.536,110.63,,NAD83(2011) / UTM zone 13N + NAVD88(GEOID18) height,7,6,9,5,0,4313387.414000001,468342.103,2418.774,POINT Z (468342.103 4313387.414000001 2418.774)
149,149,150,,468340.118,4313388.868,2422.134,,-105.36546191,38.96889977,2408.109,Global,0.01,0.01,0.011,0.015,1.734,m,FIX,RTK,2025-07-11 11:35:05.0 UTC-06:00,2025-07-11 11:35:08.0 UTC-06:00,16,1.2,1.4,468407.689,4313300.453,2428.563,-105.36467784,38.96810549,2414.536,111.464,,NAD83(2011) / UTM zone 13N + NAVD88(GEOID18) height,7,6,9,5,0,4313387.785,468341.206,2418.784,POINT Z (468341.206 4313387.785 2418.784)
150,150,151,,468339.122,4313389.18,2422.132,,-105.36547342,38.96890254,2408.107,Global,0.01,0.01,0.01,0.014,1.734,m,FIX,RTK,2025-07-11 11:35:18.4 UTC-06:00,2025-07-11 11:35:21.4 UTC-06:00,16,1.2,1.4,468407.689,4313300.453,2428.563,-105.36467784,38.96810549,2414.536,112.316,,NAD83(2011) / UTM zone 13N + NAVD88(GEOID18) height,7,6,9,5,0,4313388.097,468340.20999999996,2418.782,POINT Z (468340.20999999996 4313388.097 2418.782)
151,151,152,,468338.22,4313389.488,2422.007,,-105.36548385,38.96890529,2407.981,Global,0.011,0.012,0.011,0.017,1.734,m,FIX,RTK,2025-07-11 11:35:36.2 UTC-06:00,2025-07-11 11:35:39.2 UTC-06:00,16,1.2,1.4,468407.689,4313300.453,2428.563,-105.36467784,38.96810549,2414.536,113.115,,NAD83(2011) / UTM zone 13N + NAVD88(GEOID18) height,8,6,9,5,0,4313388.405,468339.30799999996,2418.657,POINT Z (468339.30799999996 4313388.405 2418.657)
152,152,153,,468337.304,4313389.883,2421.973,,-105.36549444,38.96890882,2407.948,Global,0.01,0.011,0.011,0.015,1.734,m,FIX,RTK,2025-07-11 11:35:48.6 UTC-06:00,2025-07-11 11:35:51.6 UTC-06:00,16,1.2,1.4,468407.689,4313300.453,2428.563,-105.36467784,38.96810549,2414.536,113.989,,NAD83(2011) / UTM zone 13N + NAVD88(GEOID18) height,7,6,9,5,0,4313388.800000001,468338.392,2418.623,POINT Z (468338.392 4313388.800000001 2418.623)
153,153,154,,468336.331,4313390.266,2422.004,,-105.36550569,38.96891223,2407.979,Global,0.01,0.011,0.01,0.015,1.734,m,FIX,RTK,2025-07-11 11:35:58.6 UTC-06:00,2025-07-11 11:36:01.6 UTC-06:00,16,1.2,1.4,468407.689,4313300.453,2428.563,-105.36467784,38.96810549,2414.536,114.893,,NAD83(2011) / UTM zone 13N + NAVD88(GEOID18) height,7,6,9,5,0,4313389.183,468337.419,2418.654,POINT Z (468337.419 4313389.183 2418.654)
154,154,155,,468335.377,4313390.608,2422.072,,-105.36551671,38.96891528,2408.047,Global,0.012,0.01,0.013,0.015,1.734,m,FIX,RTK,2025-07-11 11:36:09.2 UTC-06:00,2025-07-11 11:36:12.2 UTC-06:00,16,1.2,1.4,468407.689,4313300.453,2428.563,-105.36467784,38.96810549,2414.536,115.759,,NAD83(2011) / UTM zone 13N + NAVD88(GEOID18) height,7,6,9,5,0,4313389.525,468336.46499999997,2418.722,POINT Z (468336.46499999997 4313389.525 2418.722)
155,155,156,,468334.481,4313390.945,2422.125,,-105.36552708,38.96891829,2408.1,Global,0.011,0.012,0.011,0.016,1.734,m,FIX,RTK,2025-07-11 11:36:20.6 UTC-06:00,2025-07-11 11:36:23.6 UTC-06:00,16,1.2,1.4,468407.689,4313300.453,2428.563,-105.36467784,38.96810549,2414.536,116.577,,NAD83(2011) / UTM zone 13N + NAVD88(GEOID18) height,7,6,9,5,0,4313389.862000001,468335.569,2418.775,POINT Z (468335.569 4313389.862000001 2418.775)
156,156,157,,468333.51,4313391.217,2422.069,,-105.3655383,38.9689207,2408.043,Global,0.011,0.011,0.015,0.015,1.734,m,FIX,RTK,2025-07-11 11:36:31.2 UTC-06:00,2025-07-11 11:36:34.2 UTC-06:00,16,1.2,1.4,468407.689,4313300.453,2428.563,-105.36467784,38.96810549,2414.536,117.402,,NAD83(2011) / UTM zone 13N + NAVD88(GEOID18) height,7,6,9,5,0,4313390.134000001,468334.598,2418.719,POINT Z (468334.598 4313390.134000001 2418.719)
157,157,158,,468332.627,4313391.667,2422.194,,-105.36554851,38.96892473,2408.169,Global,0.01,0.011,0.015,0.015,1.734,m,FIX,RTK,2025-07-11 11:36:42.4 UTC-06:00,2025-07-11 11:36:45.4 UTC-06:00,16,1.2,1.4,468407.689,4313300.453,2428.563,-105.36467784,38.96810549,2414.536,118.312,,NAD83(2011) / UTM zone 13N + NAVD88(GEOID18) height,7,6,9,5,0,4313390.584000001,468333.71499999997,2418.844,POINT Z (468333.71499999997 4313390.584000001 2418.844)
158,158,159,,468331.749,4313392.04,2422.203,,-105.36555866,38.96892806,2408.178,Global,0.011,0.015,0.015,0.019,1.734,m,FIX,RTK,2025-07-11 11:36:52.0 UTC-06:00,2025-07-11 11:36:55.0 UTC-06:00,16,1.2,1.4,468407.689,4313300.453,2428.563,-105.36467784,38.96810549,2414.536,119.165,,NAD83(2011) / UTM zone 13N + NAVD88(GEOID18) height,7,6,8,5,0,4313390.957,468332.837,2418.853,POINT Z (468332.837 4313390.957 2418.853)
159,159,160,,468330.82,4313392.38,2422.17,,-105.3655694,38.96893108,2408.145,Global,0.01,0.011,0.013,0.015,1.734,m,FIX,RTK,2025-07-11 11:37:03.2 UTC-06:00,2025-07-11 11:37:06.2 UTC-06:00,16,1.2,1.4,468407.689,4313300.453,2428.563,-105.36467784,38.96810549,2414.536,120.016,,NAD83(2011) / UTM zone 13N + NAVD88(GEOID18) height,7,6,8,5,0,4313391.297,468331.908,2418.82,POINT Z (468331.908 4313391.297 2418.82)
160,160,161,,468329.862,4313392.714,2422.285,,-105.36558048,38.96893406,2408.26,Global,0.01,0.011,0.018,0.015,1.734,m,FIX,RTK,2025-07-11 11:37:16.0 UTC-06:00,2025-07-11 11:37:19.0 UTC-06:00,16,1.2,1.4,468407.689,4313300.453,2428.563,-105.36467784,38.96810549,2414.536,120.883,,NAD83(2011) / UTM zone 13N + NAVD88(GEOID18) height,7,6,8,5,0,4313391.631,468330.95,2418.935,POINT Z (468330.95 4313391.631 2418.935)
161,161,162,,468328.948,4313393.083,2422.376,,-105.36559104,38.96893735,2408.351,Global,0.011,0.011,0.011,0.016,1.734,m,FIX,RTK,2025-07-11 11:37:49.0 UTC-06:00,2025-07-11 11:37:52.0 UTC-06:00,16,1.2,1.4,468407.689,4313300.453,2428.563,-105.36467784,38.96810549,2414.536,121.742,,NAD83(2011) / UTM zone 13N + NAVD88(GEOID18) height,7,6,7,5,0,4313392.0,468330.03599999996,2419.0260000000003,POINT Z (468330.03599999996 4313392 2419.0260000000003)
162,162,163,,468327.932,4313393.393,2422.627,,-105.36560279,38.96894011,2408.602,Global,0.012,0.011,0.014,0.016,1.734,m,FIX,RTK,2025-07-11 11:37:59.8 UTC-06:00,2025-07-11 11:38:02.8 UTC-06:00,16,1.3,1.5,468407.689,4313300.453,2428.563,-105.36467784,38.96810549,2414.536,122.642,,NAD83(2011) / UTM zone 13N + NAVD88(GEOID18) height,7,6,8,5,0,4313392.3100000005,468329.01999999996,2419.277,POINT Z (468329.01999999996 4313392.3100000005 2419.277)
163,163,164,,468326.974,4313393.769,2422.906,,-105.36561386,38.96894347,2408.881,Global,0.011,0.01,0.015,0.016,1.734,m,FIX,RTK,2025-07-11 11:38:11.2 UTC-06:00,2025-07-11 11:38:14.2 UTC-06:00,16,1.4,1.7,468407.689,4313300.453,2428.563,-105.36467784,38.96810549,2414.536,123.533,,NAD83(2011) / UTM zone 13N + NAVD88(GEOID18) height,7,6,7,5,0,4313392.686000001,468328.062,2419.556,POINT Z (468328.062 4313392.686000001 2419.556)
164,164,165,,468326.03,4313394.066,2423.121,,-105.36562477,38.9689461,2409.096,Global,0.01,0.011,0.027,0.015,1.734,m,FIX,RTK,2025-07-11 11:38:38.4 UTC-06:00,2025-07-11 11:38:41.4 UTC-06:00,16,1.6,1.8,468407.689,4313300.453,2428.563,-105.36467784,38.96810549,2414.536,124.377,,NAD83(2011) / UTM zone 13N + NAVD88(GEOID18) height,7,6,9,5,0,4313392.983,468327.118,2419.771,POINT Z (468327.118 4313392.983 2419.771)
165,165,166,,468325.239,4313394.298,2423.327,,-105.36563392,38.96894817,2409.302,Global,0.011,0.011,0.03,0.016,1.734,m,FIX,RTK,2025-07-11 11:39:22.0 UTC-06:00,2025-07-11 11:39:25.0 UTC-06:00,16,1.5,1.7,468407.689,4313300.453,2428.563,-105.36467784,38.96810549,2414.536,125.068,,NAD83(2011) / UTM zone 13N + NAVD88(GEOID18) height,7,6,9,5,0,4313393.215000001,468326.327,2419.9770000000003,POINT Z (468326.327 4313393.215000001 2419.9770000000003)
166,166,167,,468324.181,4313394.836,2423.66,,-105.36564615,38.96895297,2409.635,Global,0.01,0.01,0.019,0.015,1.734,m,FIX,RTK,2025-07-11 11:39:45.4 UTC-06:00,2025-07-11 11:39:48.4 UTC-06:00,16,1.4,1.7,468407.689,4313300.453,2428.563,-105.36467784,38.96810549,2414.536,126.163,,NAD83(2011) / UTM zone 13N + NAVD88(GEOID18) height,7,6,9,5,0,4313393.7530000005,468325.269,2420.31,POINT Z (468325.269 4313393.7530000005 2420.31)
167,167,168,,468323.281,4313395.18,2423.923,,-105.36565655,38.96895605,2409.898,Global,0.011,0.011,0.019,0.016,1.734,m,FIX,RTK,2025-07-11 11:40:12.8 UTC-06:00,2025-07-11 11:40:42.8 UTC-06:00,151,1.5,1.7,468407.689,4313300.453,2428.563,-105.36467784,38.96810549,2414.536,127.004,,NAD83(2011) / UTM zone 13N + NAVD88(GEOID18) height,7,6,8,5,0,4313394.097,468324.369,2420.573,POINT Z (468324.369 4313394.097 2420.573)
168,168,169,,468323.284,4313395.176,2423.93,,-105.36565652,38.96895601,2409.905,Global,0.011,0.011,0.022,0.016,1.734,m,FIX,RTK,2025-07-11 11:40:53.0 UTC-06:00,2025-07-11 11:40:56.0 UTC-06:00,16,1.4,1.6,468407.689,4313300.453,2428.563,-105.36467784,38.96810549,2414.536,126.996,,NAD83(2011) / UTM zone 13N + NAVD88(GEOID18) height,6,5,10,5,0,4313394.093,468324.372,2420.58,POINT Z (468324.372 4313394.093 2420.58)
169,169,170,,468323.248,4313395.044,2423.925,,-105.36565693,38.96895482,2409.9,Global,0.01,0.01,0.016,0.015,1.734,m,FIX,RTK,2025-07-11 11:41:03.8 UTC-06:00,2025-07-11 11:41:06.8 UTC-06:00,16,1.4,1.6,468407.689,4313300.453,2428.563,-105.36467784,38.96810549,2414.536,126.926,,NAD83(2011) / UTM zone 13N + NAVD88(GEOID18) height,6,6,10,5,0,4313393.961,468324.336,2420.5750000000003,POINT Z (468324.336 4313393.961 2420.5750000000003)
170,170,171,,468323.394,4313395.133,2423.921,,-105.36565525,38.96895562,2409.896,Global,0.011,0.013,0.021,0.018,1.734,m,FIX,RTK,2025-07-11 11:41:20.2 UTC-06:00,2025-07-11 11:41:23.2 UTC-06:00,16,1.7,2.0,468407.689,4313300.453,2428.563,-105.36467784,38.96810549,2414.536,126.916,,NAD83(2011) / UTM zone 13N + NAVD88(GEOID18) height,6,6,9,5,0,4313394.050000001,468324.48199999996,2420.571,POINT Z (468324.48199999996 4313394.050000001 2420.571)
171,171,172,,468323.315,4313395.285,2423.91,,-105.36565617,38.96895699,2409.885,Global,0.01,0.011,0.016,0.015,1.734,m,FIX,RTK,2025-07-11 11:41:29.0 UTC-06:00,2025-07-11 11:41:32.0 UTC-06:00,16,1.5,1.8,468407.689,4313300.453,2428.563,-105.36467784,38.96810549,2414.536,127.066,,NAD83(2011) / UTM zone 13N + NAVD88(GEOID18) height,6,6,9,5,0,4313394.2020000005,468324.403,2420.56,POINT Z (468324.403 4313394.2020000005 2420.56)
172,172,173,,468323.102,4313395.188,2423.989,,-105.36565863,38.96895611,2409.964,Global,0.011,0.012,0.022,0.016,1.734,m,FIX,RTK,2025-07-11 11:41:51.6 UTC-06:00,2025-07-11 11:41:54.6 UTC-06:00,16,1.6,1.8,468407.689,4313300.453,2428.563,-105.36467784,38.96810549,2414.536,127.137,,NAD83(2011) / UTM zone 13N + NAVD88(GEOID18) height,6,5,10,5,0,4313394.105,468324.19,2420.639,POINT Z (468324.19 4313394.105 2420.639)
173,173,174,,468323.281,4313395.178,2423.912,,-105.36565656,38.96895603,2409.887,Global,0.01,0.011,0.03,0.015,1.734,m,FIX,RTK,2025-07-11 11:42:04.4 UTC-06:00,2025-07-11 11:42:07.4 UTC-06:00,16,1.5,1.8,468407.689,4313300.453,2428.563,-105.36467784,38.96810549,2414.536,127.007,,NAD83(2011) / UTM zone 13N + NAVD88(GEOID18) height,6,6,10,5,0,4313394.095000001,468324.369,2420.562,POINT Z (468324.369 4313394.095000001 2420.562)
174,174,175,,468526.503,4313316.461,2428.742,,-105.3633071,38.96825401,2414.713,Global,0.01,0.011,0.021,0.015,1.734,m,FIX,RTK,2025-07-11 11:53:02.4 UTC-06:00,2025-07-11 11:53:32.4 UTC-06:00,149,1.4,1.6,468407.689,4313300.453,2428.563,-105.36467784,38.96810549,2414.536,119.99,,NAD83(2011) / UTM zone 13N + NAVD88(GEOID18) height,7,6,10,5,0,4313315.3780000005,468527.591,2425.3920000000003,POINT Z (468527.591 4313315.3780000005 2425.3920000000003)
175,175,176,,468526.495,4313316.469,2428.741,,-105.3633072,38.96825409,2414.712,Global,0.012,0.013,0.024,0.018,1.734,m,FIX,RTK,2025-07-11 11:53:48.6 UTC-06:00,2025-07-11 11:53:51.6 UTC-06:00,16,1.5,1.7,468407.689,4313300.453,2428.563,-105.36467784,38.96810549,2414.536,119.996,,NAD83(2011) / UTM zone 13N + NAVD88(GEOID18) height,7,6,10,5,0,4313315.386,468527.583,2425.391,POINT Z (468527.583 4313315.386 2425.391)
176,176,177,,468526.397,4313316.427,2428.714,,-105.36330833,38.9682537,2414.685,Global,0.01,0.01,0.011,0.014,1.734,m,FIX,RTK,2025-07-11 11:54:03.8 UTC-06:00,2025-07-11 11:54:06.8 UTC-06:00,16,1.2,1.5,468407.689,4313300.453,2428.563,-105.36467784,38.96810549,2414.536,119.883,,NAD83(2011) / UTM zone 13N + NAVD88(GEOID18) height,7,6,9,5,0,4313315.3440000005,468527.485,2425.364,POINT Z (468527.485 4313315.3440000005 2425.364)
177,177,178,,468526.427,4313316.639,2428.632,,-105.36330799,38.96825562,2414.603,Global,0.01,0.01,0.012,0.015,1.734,m,FIX,RTK,2025-07-11 11:54:18.8 UTC-06:00,2025-07-11 11:54:21.8 UTC-06:00,16,1.2,1.4,468407.689,4313300.453,2428.563,-105.36467784,38.96810549,2414.536,119.94,,NAD83(2011) / UTM zone 13N + NAVD88(GEOID18) height,7,6,9,5,0,4313315.556000001,468527.515,2425.282,POINT Z (468527.515 4313315.556000001 2425.282)
178,178,179,,468526.652,4313316.547,2428.748,,-105.36330539,38.9682548,2414.719,Global,0.01,0.01,0.018,0.015,1.734,m,FIX,RTK,2025-07-11 11:54:28.0 UTC-06:00,2025-07-11 11:54:31.0 UTC-06:00,16,1.2,1.4,468407.689,4313300.453,2428.563,-105.36467784,38.96810549,2414.536,120.157,,NAD83(2011) / UTM zone 13N + NAVD88(GEOID18) height,7,6,9,5,0,4313315.464000001,468527.74,2425.398,POINT Z (468527.74 4313315.464000001 2425.398)
179,179,180,,468526.543,4313316.31,2428.789,,-105.36330664,38.96825265,2414.76,Global,0.01,0.012,0.014,0.016,1.734,m,FIX,RTK,2025-07-11 11:54:39.2 UTC-06:00,2025-07-11 11:54:42.2 UTC-06:00,16,1.3,1.5,468407.689,4313300.453,2428.563,-105.36467784,38.96810549,2414.536,120.016,,NAD83(2011) / UTM zone 13N + NAVD88(GEOID18) height,7,6,10,5,0,4313315.227,468527.631,2425.4390000000003,POINT Z (468527.631 4313315.227 2425.4390000000003)
180,180,181,,468526.511,4313316.464,2428.75,,-105.36330701,38.96825404,2414.721,Global,0.011,0.01,0.015,0.015,1.734,m,FIX,RTK,2025-07-11 11:54:51.4 UTC-06:00,2025-07-11 11:54:54.4 UTC-06:00,16,1.3,1.5,468407.689,4313300.453,2428.563,-105.36467784,38.96810549,2414.536,119.996,,NAD83(2011) / UTM zone 13N + NAVD88(GEOID18) height,7,6,10,5,0,4313315.381,468527.599,2425.4,POINT Z (468527.599 4313315.381 2425.4)
181,181,182,,468298.256,4313309.61,2422.882,,-105.36594146,38.96818405,2408.857,Global,0.011,0.011,0.012,0.015,1.734,m,FIX,RTK,2025-07-11 12:14:43.0 UTC-06:00,2025-07-11 12:15:13.0 UTC-06:00,151,1.2,1.4,468407.689,4313300.453,2428.563,-105.36467784,38.96810549,2414.536,109.972,,NAD83(2011) / UTM zone 13N + NAVD88(GEOID18) height,7,6,7,5,0,4313308.527000001,468299.344,2419.532,POINT Z (468299.344 4313308.527000001 2419.532)
182,182,183,,468298.258,4313309.612,2422.883,,-105.36594143,38.96818407,2408.858,Global,0.01,0.01,0.011,0.014,1.734,m,FIX,RTK,2025-07-11 12:15:25.8 UTC-06:00,2025-07-11 12:15:28.8 UTC-06:00,16,1.2,1.3,468407.689,4313300.453,2428.563,-105.36467784,38.96810549,2414.536,109.97,,NAD83(2011) / UTM zone 13N + NAVD88(GEOID18) height,7,6,7,5,0,4313308.529,468299.34599999996,2419.533,POINT Z (468299.34599999996 4313308.529 2419.533)
183,183,184,,468298.107,4313309.541,2422.817,,-105.36594317,38.96818342,2408.791,Global,0.01,0.011,0.01,0.015,1.734,m,FIX,RTK,2025-07-11 12:15:38.0 UTC-06:00,2025-07-11 12:15:41.0 UTC-06:00,16,1.2,1.3,468407.689,4313300.453,2428.563,-105.36467784,38.96810549,2414.536,110.114,,NAD83(2011) / UTM zone 13N + NAVD88(GEOID18) height,7,6,7,5,0,4313308.458000001,468299.195,2419.467,POINT Z (468299.195 4313308.458000001 2419.467)
184,184,185,,468298.206,4313309.754,2422.792,,-105.36594204,38.96818534,2408.767,Global,0.01,0.01,0.011,0.014,1.734,m,FIX,RTK,2025-07-11 12:15:48.2 UTC-06:00,2025-07-11 12:15:51.4 UTC-06:00,16,1.2,1.3,468407.689,4313300.453,2428.563,-105.36467784,38.96810549,2414.536,110.036,,NAD83(2011) / UTM zone 13N + NAVD88(GEOID18) height,7,6,7,5,0,4313308.671,468299.294,2419.442,POINT Z (468299.294 4313308.671 2419.442)
185,185,186,,468298.428,4313309.68,2422.805,,-105.36593948,38.96818468,2408.78,Global,0.011,0.01,0.011,0.015,1.734,m,FIX,RTK,2025-07-11 12:16:03.2 UTC-06:00,2025-07-11 12:16:06.2 UTC-06:00,16,1.2,1.3,468407.689,4313300.453,2428.563,-105.36467784,38.96810549,2414.536,109.801,,NAD83(2011) / UTM zone 13N + NAVD88(GEOID18) height,7,6,7,5,0,4313308.597,468299.516,2419.455,POINT Z (468299.516 4313308.597 2419.455)
186,186,187,,468298.298,4313309.475,2422.835,,-105.36594097,38.96818283,2408.81,Global,0.01,0.01,0.01,0.015,1.734,m,FIX,RTK,2025-07-11 12:16:17.4 UTC-06:00,2025-07-11 12:16:20.4 UTC-06:00,16,1.2,1.3,468407.689,4313300.453,2428.563,-105.36467784,38.96810549,2414.536,109.919,,NAD83(2011) / UTM zone 13N + NAVD88(GEOID18) height,7,6,7,5,0,4313308.392,468299.386,2419.485,POINT Z (468299.386 4313308.392 2419.485)
187,187,188,,468298.252,4313309.603,2422.891,,-105.3659415,38.96818398,2408.866,Global,0.01,0.01,0.01,0.014,1.734,m,FIX,RTK,2025-07-11 12:16:28.0 UTC-06:00,2025-07-11 12:16:31.0 UTC-06:00,16,1.2,1.3,468407.689,4313300.453,2428.563,-105.36467784,38.96810549,2414.536,109.973,,NAD83(2011) / UTM zone 13N + NAVD88(GEOID18) height,7,6,7,5,0,4313308.5200000005,468299.33999999997,2419.541,POINT Z (468299.33999999997 4313308.5200000005 2419.541)
188,188,189,,468298.129,4313309.839,2422.793,,-105.36594293,38.96818611,2408.768,Global,0.01,0.01,0.01,0.014,1.734,m,FIX,RTK,2025-07-11 12:17:02.0 UTC-06:00,2025-07-11 12:17:05.0 UTC-06:00,16,1.1,1.3,468407.689,4313300.453,2428.563,-105.36467784,38.96810549,2414.536,110.119,,NAD83(2011) / UTM zone 13N + NAVD88(GEOID18) height,7,6,7,5,0,4313308.756,468299.217,2419.443,POINT Z (468299.217 4313308.756 2419.443)
189,189,190,,468298.07,4313310.028,2422.762,,-105.36594362,38.96818781,2408.737,Global,0.01,0.011,0.01,0.015,1.734,m,FIX,RTK,2025-07-11 12:17:11.0 UTC-06:00,2025-07-11 12:17:14.0 UTC-06:00,16,1.1,1.3,468407.689,4313300.453,2428.563,-105.36467784,38.96810549,2414.536,110.193,,NAD83(2011) / UTM zone 13N + NAVD88(GEOID18) height,7,6,7,5,0,4313308.945,468299.158,2419.4120000000003,POINT Z (468299.158 4313308.945 2419.4120000000003)
190,190,191,,468298.009,4313310.209,2422.725,,-105.36594434,38.96818944,2408.699,Global,0.01,0.01,0.012,0.014,1.734,m,FIX,RTK,2025-07-11 12:17:21.0 UTC-06:00,2025-07-11 12:17:24.0 UTC-06:00,16,1.1,1.3,468407.689,4313300.453,2428.563,-105.36467784,38.96810549,2414.536,110.277,,NAD83(2011) / UTM zone 13N + NAVD88(GEOID18) height,7,6,7,5,0,4313309.126,468299.097,2419.375,POINT Z (468299.097 4313309.126 2419.375)
191,191,192,,468297.93,4313310.392,2422.699,,-105.36594526,38.96819108,2408.674,Global,0.01,0.01,0.01,0.014,1.734,m,FIX,RTK,2025-07-11 12:17:32.6 UTC-06:00,2025-07-11 12:17:35.6 UTC-06:00,16,1.1,1.3,468407.689,4313300.453,2428.563,-105.36467784,38.96810549,2414.536,110.371,,NAD83(2011) / UTM zone 13N + NAVD88(GEOID18) height,7,6,7,5,0,4313309.309,468299.018,2419.349,POINT Z (468299.018 4313309.309 2419.349)
192,192,193,,468297.877,4313310.606,2422.679,,-105.36594587,38.96819301,2408.654,Global,0.01,0.01,0.01,0.015,1.734,m,FIX,RTK,2025-07-11 12:17:42.4 UTC-06:00,2025-07-11 12:17:45.4 UTC-06:00,16,1.1,1.3,468407.689,4313300.453,2428.563,-105.36467784,38.96810549,2414.536,110.445,,NAD83(2011) / UTM zone 13N + NAVD88(GEOID18) height,7,6,7,5,0,4313309.523,468298.96499999997,2419.329,POINT Z (468298.96499999997 4313309.523 2419.329)
193,193,194,,468297.782,4313310.781,2422.647,,-105.36594699,38.96819458,2408.621,Global,0.01,0.011,0.011,0.015,1.734,m,FIX,RTK,2025-07-11 12:17:54.8 UTC-06:00,2025-07-11 12:17:57.8 UTC-06:00,16,1.1,1.3,468407.689,4313300.453,2428.563,-105.36467784,38.96810549,2414.536,110.555,,NAD83(2011) / UTM zone 13N + NAVD88(GEOID18) height,7,6,7,5,0,4313309.698000001,468298.87,2419.297,POINT Z (468298.87 4313309.698000001 2419.297)
194,194,195,,468297.721,4313310.964,2422.61,,-105.36594769,38.96819623,2408.585,Global,0.01,0.01,0.011,0.014,1.734,m,FIX,RTK,2025-07-11 12:18:04.8 UTC-06:00,2025-07-11 12:18:07.8 UTC-06:00,16,1.1,1.3,468407.689,4313300.453,2428.563,-105.36467784,38.96810549,2414.536,110.636,,NAD83(2011) / UTM zone 13N + NAVD88(GEOID18) height,7,6,7,5,0,4313309.881,468298.809,2419.26,POINT Z (468298.809 4313309.881 2419.26)
195,195,196,,468297.63,4313311.174,2422.6,,-105.36594875,38.96819812,2408.575,Global,0.011,0.01,0.01,0.015,1.734,m,FIX,RTK,2025-07-11 12:18:13.8 UTC-06:00,2025-07-11 12:18:16.8 UTC-06:00,16,1.1,1.3,468407.689,4313300.453,2428.563,-105.36467784,38.96810549,2414.536,110.739,,NAD83(2011) / UTM zone 13N + NAVD88(GEOID18) height,7,6,7,5,0,4313310.091,468298.718,2419.25,POINT Z (468298.718 4313310.091 2419.25)
196,196,197,,468297.573,4313311.341,2422.557,,-105.36594942,38.96819962,2408.531,Global,0.01,0.011,0.01,0.015,1.734,m,FIX,RTK,2025-07-11 12:18:27.2 UTC-06:00,2025-07-11 12:18:30.2 UTC-06:00,16,1.1,1.3,468407.689,4313300.453,2428.563,-105.36467784,38.96810549,2414.536,110.821,,NAD83(2011) / UTM zone 13N + NAVD88(GEOID18) height,7,6,7,5,0,4313310.258,468298.66099999996,2419.207,POINT Z (468298.66099999996 4313310.258 2419.207)
197,197,198,,468297.462,4313311.524,2422.323,,-105.36595071,38.96820127,2408.298,Global,0.01,0.01,0.011,0.015,1.734,m,FIX,RTK,2025-07-11 12:18:47.8 UTC-06:00,2025-07-11 12:18:50.8 UTC-06:00,16,1.1,1.3,468407.689,4313300.453,2428.563,-105.36467784,38.96810549,2414.536,110.958,,NAD83(2011) / UTM zone 13N + NAVD88(GEOID18) height,7,6,7,5,0,4313310.441000001,468298.55,2418.973,POINT Z (468298.55 4313310.441000001 2418.973)
198,198,199,,468297.349,4313311.7,2422.289,,-105.36595202,38.96820285,2408.264,Global,0.01,0.011,0.011,0.015,1.734,m,FIX,RTK,2025-07-11 12:19:00.2 UTC-06:00,2025-07-11 12:19:03.2 UTC-06:00,16,1.1,1.3,468407.689,4313300.453,2428.563,-105.36467784,38.96810549,2414.536,111.089,,NAD83(2011) / UTM zone 13N + NAVD88(GEOID18) height,7,6,7,5,0,4313310.617000001,468298.437,2418.9390000000003,POINT Z (468298.437 4313310.617000001 2418.9390000000003)
199,199,200,,468297.306,4313311.973,2422.205,,-105.36595253,38.96820531,2408.18,Global,0.01,0.01,0.011,0.014,1.734,m,FIX,RTK,2025-07-11 12:19:12.8 UTC-06:00,2025-07-11 12:19:15.8 UTC-06:00,16,1.1,1.3,468407.689,4313300.453,2428.563,-105.36467784,38.96810549,2414.536,111.165,,NAD83(2011) / UTM zone 13N + NAVD88(GEOID18) height,7,6,7,5,0,4313310.890000001,468298.394,2418.855,POINT Z (468298.394 4313310.890000001 2418.855)
200,200,201,,468297.254,4313312.206,2422.225,,-105.36595314,38.96820741,2408.2,Global,0.01,0.01,0.01,0.014,1.734,m,FIX,RTK,2025-07-11 12:19:41.2 UTC-06:00,2025-07-11 12:19:44.2 UTC-06:00,16,1.1,1.3,468407.689,4313300.453,2428.563,-105.36467784,38.96810549,2414.536,111.239,,NAD83(2011) / UTM zone 13N + NAVD88(GEOID18) height,7,6,7,5,0,4313311.123000001,468298.342,2418.875,POINT Z (468298.342 4313311.123000001 2418.875)
201,201,202,,468297.187,4313312.394,2422.213,,-105.36595392,38.96820909,2408.187,Global,0.01,0.01,0.01,0.014,1.734,m,FIX,RTK,2025-07-11 12:19:52.6 UTC-06:00,2025-07-11 12:19:55.6 UTC-06:00,16,1.1,1.3,468407.689,4313300.453,2428.563,-105.36467784,38.96810549,2414.536,111.326,,NAD83(2011) / UTM zone 13N + NAVD88(GEOID18) height,7,6,7,5,0,4313311.311000001,468298.27499999997,2418.8630000000003,POINT Z (468298.27499999997 4313311.311000001 2418.8630000000003)
202,202,203,,468297.155,4313312.59,2422.195,,-105.3659543,38.96821086,2408.169,Global,0.01,0.01,0.01,0.015,1.734,m,FIX,RTK,2025-07-11 12:20:03.6 UTC-06:00,2025-07-11 12:20:06.6 UTC-06:00,16,1.1,1.3,468407.689,4313300.453,2428.563,-105.36467784,38.96810549,2414.536,111.384,,NAD83(2011) / UTM zone 13N + NAVD88(GEOID18) height,7,6,7,5,0,4313311.507,468298.243,2418.8450000000003,POINT Z (468298.243 4313311.507 2418.8450000000003)
203,203,204,,468297.061,4313312.81,2422.154,,-105.3659554,38.96821284,2408.129,Global,0.01,0.01,0.011,0.014,1.734,m,FIX,RTK,2025-07-11 12:20:15.0 UTC-06:00,2025-07-11 12:20:18.0 UTC-06:00,16,1.1,1.3,468407.689,4313300.453,2428.563,-105.36467784,38.96810549,2414.536,111.498,,NAD83(2011) / UTM zone 13N + NAVD88(GEOID18) height,7,6,7,0,0,4313311.727,468298.149,2418.804,POINT Z (468298.149 4313311.727 2418.804)
204,204,205,,468297.015,4313312.956,2422.127,,-105.36595593,38.96821415,2408.102,Global,0.012,0.01,0.011,0.016,1.734,m,FIX,RTK,2025-07-11 12:20:26.6 UTC-06:00,2025-07-11 12:20:29.6 UTC-06:00,16,1.1,1.3,468407.689,4313300.453,2428.563,-105.36467784,38.96810549,2414.536,111.558,,NAD83(2011) / UTM zone 13N + NAVD88(GEOID18) height,7,6,7,5,0,4313311.873000001,468298.103,2418.777,POINT Z (468298.103 4313311.873000001 2418.777)
205,205,206,,468296.916,4313313.177,2422.093,,-105.36595709,38.96821614,2408.068,Global,0.011,0.01,0.01,0.015,1.734,m,FIX,RTK,2025-07-11 12:20:42.0 UTC-06:00,2025-07-11 12:20:45.0 UTC-06:00,16,1.1,1.3,468407.689,4313300.453,2428.563,-105.36467784,38.96810549,2414.536,111.681,,NAD83(2011) / UTM zone 13N + NAVD88(GEOID18) height,8,6,7,5,0,4313312.0940000005,468298.004,2418.743,POINT Z (468298.004 4313312.0940000005 2418.743)
206,206,207,,468296.842,4313313.384,2422.058,,-105.36595795,38.96821801,2408.033,Global,0.011,0.012,0.01,0.016,1.734,m,FIX,RTK,2025-07-11 12:20:49.6 UTC-06:00,2025-07-11 12:20:52.6 UTC-06:00,16,1.1,1.3,468407.689,4313300.453,2428.563,-105.36467784,38.96810549,2414.536,111.788,,NAD83(2011) / UTM zone 13N + NAVD88(GEOID18) height,7,6,7,5,0,4313312.301,468297.93,2418.708,POINT Z (468297.93 4313312.301 2418.708)
207,207,208,,468296.776,4313313.553,2422.041,,-105.36595872,38.96821953,2408.016,Global,0.01,0.011,0.011,0.015,1.734,m,FIX,RTK,2025-07-11 12:21:05.2 UTC-06:00,2025-07-11 12:21:08.2 UTC-06:00,16,1.1,1.3,468407.689,4313300.453,2428.563,-105.36467784,38.96810549,2414.536,111.873,,NAD83(2011) / UTM zone 13N + NAVD88(GEOID18) height,7,6,7,5,0,4313312.470000001,468297.864,2418.6910000000003,POINT Z (468297.864 4313312.470000001 2418.6910000000003)
208,208,209,,468296.711,4313313.746,2422.037,,-105.36595948,38.96822127,2408.012,Global,0.012,0.01,0.011,0.016,1.734,m,FIX,RTK,2025-07-11 12:21:13.4 UTC-06:00,2025-07-11 12:21:16.4 UTC-06:00,16,1.1,1.3,468407.689,4313300.453,2428.563,-105.36467784,38.96810549,2414.536,111.958,,NAD83(2011) / UTM zone 13N + NAVD88(GEOID18) height,7,6,7,5,0,4313312.663000001,468297.799,2418.687,POINT Z (468297.799 4313312.663000001 2418.687)
209,209,210,,468296.613,4313313.942,2422.036,,-105.36596062,38.96822302,2408.01,Global,0.01,0.011,0.01,0.015,1.734,m,FIX,RTK,2025-07-11 12:21:21.6 UTC-06:00,2025-07-11 12:21:24.6 UTC-06:00,16,1.1,1.3,468407.689,4313300.453,2428.563,-105.36467784,38.96810549,2414.536,112.077,,NAD83(2011) / UTM zone 13N + NAVD88(GEOID18) height,7,6,7,5,0,4313312.859,468297.701,2418.686,POINT Z (468297.701 4313312.859 2418.686)
210,210,211,,468296.55,4313314.114,2422.01,,-105.36596136,38.96822458,2407.985,Global,0.012,0.01,0.011,0.016,1.734,m,FIX,RTK,2025-07-11 12:21:30.4 UTC-06:00,2025-07-11 12:21:33.4 UTC-06:00,16,1.1,1.3,468407.689,4313300.453,2428.563,-105.36467784,38.96810549,2414.536,112.176,,NAD83(2011) / UTM zone 13N + NAVD88(GEOID18) height,7,6,7,5,0,4313313.031,468297.638,2418.6600000000003,POINT Z (468297.638 4313313.031 2418.6600000000003)
211,211,212,,468296.473,4313314.29,2421.995,,-105.36596225,38.96822616,2407.97,Global,0.01,0.01,0.011,0.014,1.734,m,FIX,RTK,2025-07-11 12:21:40.0 UTC-06:00,2025-07-11 12:21:43.0 UTC-06:00,16,1.1,1.3,468407.689,4313300.453,2428.563,-105.36467784,38.96810549,2414.536,112.264,,NAD83(2011) / UTM zone 13N + NAVD88(GEOID18) height,7,6,8,5,0,4313313.207,468297.561,2418.645,POINT Z (468297.561 4313313.207 2418.645)
212,212,213,,468296.417,4313314.472,2422.011,,-105.36596291,38.96822779,2407.986,Global,0.01,0.01,0.01,0.015,1.734,m,FIX,RTK,2025-07-11 12:21:48.4 UTC-06:00,2025-07-11 12:21:51.4 UTC-06:00,16,1.1,1.3,468407.689,4313300.453,2428.563,-105.36467784,38.96810549,2414.536,112.343,,NAD83(2011) / UTM zone 13N + NAVD88(GEOID18) height,7,6,8,5,0,4313313.389,468297.505,2418.661,POINT Z (468297.505 4313313.389 2418.661)
213,213,214,,468296.319,4313314.683,2421.979,,-105.36596405,38.96822969,2407.954,Global,0.01,0.011,0.011,0.015,1.734,m,FIX,RTK,2025-07-11 12:21:58.2 UTC-06:00,2025-07-11 12:22:01.2 UTC-06:00,16,1.1,1.3,468407.689,4313300.453,2428.563,-105.36467784,38.96810549,2414.536,112.472,,NAD83(2011) / UTM zone 13N + NAVD88(GEOID18) height,7,6,7,5,0,4313313.600000001,468297.407,2418.629,POINT Z (468297.407 4313313.600000001 2418.629)
214,214,215,,468296.21,4313314.805,2421.957,,-105.36596531,38.96823078,2407.932,Global,0.011,0.01,0.012,0.015,1.734,m,FIX,RTK,2025-07-11 12:22:07.0 UTC-06:00,2025-07-11 12:22:10.0 UTC-06:00,16,1.1,1.3,468407.689,4313300.453,2428.563,-105.36467784,38.96810549,2414.536,112.597,,NAD83(2011) / UTM zone 13N + NAVD88(GEOID18) height,7,6,6,5,0,4313313.722,468297.298,2418.607,POINT Z (468297.298 4313313.722 2418.607)
215,215,216,,468296.109,4313315.01,2421.918,,-105.36596648,38.96823263,2407.893,Global,0.01,0.011,0.011,0.015,1.734,m,FIX,RTK,2025-07-11 12:22:19.8 UTC-06:00,2025-07-11 12:22:22.8 UTC-06:00,16,1.1,1.3,468407.689,4313300.453,2428.563,-105.36467784,38.96810549,2414.536,112.721,,NAD83(2011) / UTM zone 13N + NAVD88(GEOID18) height,7,6,7,5,0,4313313.927,468297.197,2418.568,POINT Z (468297.197 4313313.927 2418.568)
216,216,217,,468296.006,4313315.189,2421.866,,-105.36596768,38.96823424,2407.841,Global,0.01,0.01,0.012,0.015,1.734,m,FIX,RTK,2025-07-11 12:22:46.6 UTC-06:00,2025-07-11 12:22:49.6 UTC-06:00,16,1.1,1.3,468407.689,4313300.453,2428.563,-105.36467784,38.96810549,2414.536,112.848,,NAD83(2011) / UTM zone 13N + NAVD88(GEOID18) height,7,6,7,5,0,4313314.106000001,468297.094,2418.516,POINT Z (468297.094 4313314.106000001 2418.516)
217,217,218,,468295.909,4313315.368,2421.876,,-105.36596881,38.96823585,2407.85,Global,0.01,0.011,0.011,0.015,1.734,m,FIX,RTK,2025-07-11 12:23:00.0 UTC-06:00,2025-07-11 12:23:03.0 UTC-06:00,16,1.1,1.3,468407.689,4313300.453,2428.563,-105.36467784,38.96810549,2414.536,112.964,,NAD83(2011) / UTM zone 13N + NAVD88(GEOID18) height,7,6,7,5,0,4313314.285,468296.997,2418.5260000000003,POINT Z (468296.997 4313314.285 2418.5260000000003)
218,218,219,,468295.834,4313315.557,2421.871,,-105.36596969,38.96823755,2407.846,Global,0.011,0.01,0.011,0.015,1.734,m,FIX,RTK,2025-07-11 12:23:06.6 UTC-06:00,2025-07-11 12:23:09.6 UTC-06:00,16,1.1,1.3,468407.689,4313300.453,2428.563,-105.36467784,38.96810549,2414.536,113.068,,NAD83(2011) / UTM zone 13N + NAVD88(GEOID18) height,7,6,7,5,0,4313314.474,468296.92199999996,2418.521,POINT Z (468296.92199999996 4313314.474 2418.521)
219,219,220,,468295.806,4313315.79,2421.817,,-105.36597003,38.96823965,2407.792,Global,0.011,0.01,0.011,0.015,1.734,m,FIX,RTK,2025-07-11 12:23:16.6 UTC-06:00,2025-07-11 12:23:19.6 UTC-06:00,15,1.1,1.3,468407.689,4313300.453,2428.563,-105.36467784,38.96810549,2414.536,113.121,,NAD83(2011) / UTM zone 13N + NAVD88(GEOID18) height,8,6,7,5,0,4313314.707,468296.894,2418.467,POINT Z (468296.894 4313314.707 2418.467)
220,220,221,,468295.682,4313315.928,2421.783,,-105.36597146,38.96824089,2407.758,Global,0.011,0.01,0.011,0.015,1.734,m,FIX,RTK,2025-07-11 12:23:24.8 UTC-06:00,2025-07-11 12:23:27.8 UTC-06:00,16,1.1,1.3,468407.689,4313300.453,2428.563,-105.36467784,38.96810549,2414.536,113.274,,NAD83(2011) / UTM zone 13N + NAVD88(GEOID18) height,7,6,7,5,0,4313314.845000001,468296.76999999996,2418.433,POINT Z (468296.76999999996 4313314.845000001 2418.433)
221,221,222,,468295.598,4313316.134,2421.729,,-105.36597244,38.96824274,2407.704,Global,0.011,0.011,0.01,0.015,1.734,m,FIX,RTK,2025-07-11 12:23:34.8 UTC-06:00,2025-07-11 12:23:37.8 UTC-06:00,16,1.1,1.3,468407.689,4313300.453,2428.563,-105.36467784,38.96810549,2414.536,113.377,,NAD83(2011) / UTM zone 13N + NAVD88(GEOID18) height,7,6,7,5,0,4313315.051,468296.686,2418.379,POINT Z (468296.686 4313315.051 2418.379)
222,222,223,,468295.507,4313316.267,2421.744,,-105.3659735,38.96824394,2407.719,Global,0.01,0.011,0.011,0.015,1.734,m,FIX,RTK,2025-07-11 12:23:50.8 UTC-06:00,2025-07-11 12:23:53.8 UTC-06:00,16,1.1,1.3,468407.689,4313300.453,2428.563,-105.36467784,38.96810549,2414.536,113.494,,NAD83(2011) / UTM zone 13N + NAVD88(GEOID18) height,7,6,7,5,0,4313315.184,468296.595,2418.3940000000002,POINT Z (468296.595 4313315.184 2418.3940000000002)
223,223,224,,468295.431,4313316.458,2421.714,,-105.36597438,38.96824565,2407.689,Global,0.01,0.011,0.011,0.015,1.734,m,FIX,RTK,2025-07-11 12:24:09.2 UTC-06:00,2025-07-11 12:24:12.2 UTC-06:00,16,1.1,1.3,468407.689,4313300.453,2428.563,-105.36467784,38.96810549,2414.536,113.599,,NAD83(2011) / UTM zone 13N + NAVD88(GEOID18) height,7,6,7,5,0,4313315.375,468296.519,2418.364,POINT Z (468296.519 4313315.375 2418.364)
224,224,225,,468295.38,4313316.66,2421.744,,-105.36597498,38.96824747,2407.719,Global,0.01,0.01,0.01,0.014,1.734,m,FIX,RTK,2025-07-11 12:24:20.0 UTC-06:00,2025-07-11 12:24:23.0 UTC-06:00,16,1.1,1.3,468407.689,4313300.453,2428.563,-105.36467784,38.96810549,2414.536,113.672,,NAD83(2011) / UTM zone 13N + NAVD88(GEOID18) height,7,6,7,5,0,4313315.5770000005,468296.468,2418.3940000000002,POINT Z (468296.468 4313315.5770000005 2418.3940000000002)
225,225,226,,468295.372,4313316.906,2421.752,,-105.36597508,38.96824969,2407.727,Global,0.012,0.011,0.011,0.017,1.734,m,FIX,RTK,2025-07-11 12:24:29.0 UTC-06:00,2025-07-11 12:24:32.0 UTC-06:00,16,1.1,1.3,468407.689,4313300.453,2428.563,-105.36467784,38.96810549,2414.536,113.726,,NAD83(2011) / UTM zone 13N + NAVD88(GEOID18) height,7,6,7,5,0,4313315.823000001,468296.45999999996,2418.402,POINT Z (468296.45999999996 4313315.823000001 2418.402)
226,226,227,,468295.249,4313317.032,2421.753,,-105.36597651,38.96825082,2407.727,Global,0.01,0.01,0.011,0.014,1.734,m,FIX,RTK,2025-07-11 12:24:40.0 UTC-06:00,2025-07-11 12:24:43.0 UTC-06:00,16,1.1,1.3,468407.689,4313300.453,2428.563,-105.36467784,38.96810549,2414.536,113.862,,NAD83(2011) / UTM zone 13N + NAVD88(GEOID18) height,7,6,7,5,0,4313315.949,468296.337,2418.4030000000002,POINT Z (468296.337 4313315.949 2418.4030000000002)
227,227,228,,468295.162,4313317.274,2421.773,,-105.36597753,38.968253,2407.748,Global,0.013,0.01,0.01,0.017,1.734,m,FIX,RTK,2025-07-11 12:24:52.8 UTC-06:00,2025-07-11 12:24:55.8 UTC-06:00,16,1.1,1.3,468407.689,4313300.453,2428.563,-105.36467784,38.96810549,2414.536,113.969,,NAD83(2011) / UTM zone 13N + NAVD88(GEOID18) height,7,6,7,5,0,4313316.191000001,468296.25,2418.4230000000002,POINT Z (468296.25 4313316.191000001 2418.4230000000002)
228,228,229,,468295.098,4313317.481,2421.774,,-105.36597827,38.96825486,2407.749,Global,0.01,0.011,0.01,0.015,1.734,m,FIX,RTK,2025-07-11 12:25:02.6 UTC-06:00,2025-07-11 12:25:05.6 UTC-06:00,16,1.1,1.3,468407.689,4313300.453,2428.563,-105.36467784,38.96810549,2414.536,114.07,,NAD83(2011) / UTM zone 13N + NAVD88(GEOID18) height,7,6,7,5,0,4313316.398,468296.186,2418.424,POINT Z (468296.186 4313316.398 2418.424)
229,229,230,,468294.988,4313317.635,2421.777,,-105.36597955,38.96825624,2407.752,Global,0.01,0.012,0.011,0.015,1.734,m,FIX,RTK,2025-07-11 12:25:13.0 UTC-06:00,2025-07-11 12:25:16.0 UTC-06:00,16,1.1,1.3,468407.689,4313300.453,2428.563,-105.36467784,38.96810549,2414.536,114.206,,NAD83(2011) / UTM zone 13N + NAVD88(GEOID18) height,7,6,7,5,0,4313316.552,468296.076,2418.427,POINT Z (468296.076 4313316.552 2418.427)
230,230,231,,468294.931,4313317.789,2421.774,,-105.36598022,38.96825763,2407.749,Global,0.014,0.01,0.01,0.017,1.734,m,FIX,RTK,2025-07-11 12:25:22.0 UTC-06:00,2025-07-11 12:25:25.0 UTC-06:00,16,1.1,1.3,468407.689,4313300.453,2428.563,-105.36467784,38.96810549,2414.536,114.292,,NAD83(2011) / UTM zone 13N + NAVD88(GEOID18) height,7,6,7,5,0,4313316.706,468296.019,2418.424,POINT Z (468296.019 4313316.706 2418.424)
231,231,232,,468294.84,4313317.91,2421.767,,-105.36598127,38.96825871,2407.742,Global,0.011,0.01,0.011,0.015,1.734,m,FIX,RTK,2025-07-11 12:25:38.6 UTC-06:00,2025-07-11 12:25:41.6 UTC-06:00,16,1.1,1.3,468407.689,4313300.453,2428.563,-105.36467784,38.96810549,2414.536,114.388,,NAD83(2011) / UTM zone 13N + NAVD88(GEOID18) height,7,6,7,5,0,4313316.8270000005,468295.928,2418.417,POINT Z (468295.928 4313316.8270000005 2418.417)
232,232,233,,468294.718,4313318.095,2421.732,,-105.36598269,38.96826037,2407.707,Global,0.011,0.011,0.011,0.015,1.734,m,FIX,RTK,2025-07-11 12:25:49.2 UTC-06:00,2025-07-11 12:25:52.2 UTC-06:00,16,1.1,1.3,468407.689,4313300.453,2428.563,-105.36467784,38.96810549,2414.536,114.54,,NAD83(2011) / UTM zone 13N + NAVD88(GEOID18) height,7,6,7,5,0,4313317.012,468295.806,2418.382,POINT Z (468295.806 4313317.012 2418.382)
233,233,234,,468294.664,4313318.283,2421.713,,-105.36598333,38.96826207,2407.688,Global,0.01,0.01,0.01,0.015,1.734,m,FIX,RTK,2025-07-11 12:25:59.4 UTC-06:00,2025-07-11 12:26:02.4 UTC-06:00,16,1.1,1.3,468407.689,4313300.453,2428.563,-105.36467784,38.96810549,2414.536,114.623,,NAD83(2011) / UTM zone 13N + NAVD88(GEOID18) height,7,6,7,5,0,4313317.2,468295.752,2418.3630000000003,POINT Z (468295.752 4313317.2 2418.3630000000003)
234,234,235,,468294.637,4313318.544,2421.678,,-105.36598364,38.96826442,2407.653,Global,0.01,0.01,0.01,0.015,1.734,m,FIX,RTK,2025-07-11 12:26:11.0 UTC-06:00,2025-07-11 12:26:14.0 UTC-06:00,16,1.2,1.4,468407.689,4313300.453,2428.563,-105.36467784,38.96810549,2414.536,114.692,,NAD83(2011) / UTM zone 13N + NAVD88(GEOID18) height,7,6,6,5,0,4313317.461,468295.725,2418.328,POINT Z (468295.725 4313317.461 2418.328)
235,235,236,,468294.542,4313318.664,2421.657,,-105.36598474,38.9682655,2407.631,Global,0.011,0.012,0.011,0.016,1.734,m,FIX,RTK,2025-07-11 12:26:22.8 UTC-06:00,2025-07-11 12:26:25.8 UTC-06:00,16,1.2,1.4,468407.689,4313300.453,2428.563,-105.36467784,38.96810549,2414.536,114.813,,NAD83(2011) / UTM zone 13N + NAVD88(GEOID18) height,7,6,6,5,0,4313317.581,468295.63,2418.3070000000002,POINT Z (468295.63 4313317.581 2418.3070000000002)
236,236,237,,468294.4,4313318.819,2421.616,,-105.3659864,38.96826689,2407.591,Global,0.01,0.012,0.01,0.016,1.734,m,FIX,RTK,2025-07-11 12:26:42.0 UTC-06:00,2025-07-11 12:26:45.0 UTC-06:00,16,1.2,1.4,468407.689,4313300.453,2428.563,-105.36467784,38.96810549,2414.536,114.976,,NAD83(2011) / UTM zone 13N + NAVD88(GEOID18) height,7,6,6,5,0,4313317.7360000005,468295.488,2418.266,POINT Z (468295.488 4313317.7360000005 2418.266)
237,237,238,,468294.293,4313318.988,2421.643,,-105.36598763,38.96826841,2407.618,Global,0.01,0.011,0.01,0.015,1.734,m,FIX,RTK,2025-07-11 12:26:51.2 UTC-06:00,2025-07-11 12:26:54.2 UTC-06:00,16,1.2,1.4,468407.689,4313300.453,2428.563,-105.36467784,38.96810549,2414.536,115.105,,NAD83(2011) / UTM zone 13N + NAVD88(GEOID18) height,7,6,6,5,0,4313317.905,468295.381,2418.293,POINT Z (468295.381 4313317.905 2418.293)
238,238,239,,468294.188,4313319.226,2421.605,,-105.36598886,38.96827056,2407.58,Global,0.01,0.011,0.011,0.015,1.734,m,FIX,RTK,2025-07-11 12:26:59.6 UTC-06:00,2025-07-11 12:27:02.6 UTC-06:00,16,1.2,1.4,468407.689,4313300.453,2428.563,-105.36467784,38.96810549,2414.536,115.249,,NAD83(2011) / UTM zone 13N + NAVD88(GEOID18) height,7,6,6,5,0,4313318.143,468295.276,2418.255,POINT Z (468295.276 4313318.143 2418.255)
239,239,240,,468294.119,4313319.42,2421.61,,-105.36598966,38.9682723,2407.585,Global,0.012,0.012,0.01,0.017,1.734,m,FIX,RTK,2025-07-11 12:27:07.4 UTC-06:00,2025-07-11 12:27:10.4 UTC-06:00,16,1.2,1.4,468407.689,4313300.453,2428.563,-105.36467784,38.96810549,2414.536,115.354,,NAD83(2011) / UTM zone 13N + NAVD88(GEOID18) height,7,6,6,5,0,4313318.337,468295.207,2418.26,POINT Z (468295.207 4313318.337 2418.26)
240,240,241,,468294.03,4313319.584,2421.612,,-105.36599069,38.96827377,2407.587,Global,0.011,0.011,0.011,0.015,1.734,m,FIX,RTK,2025-07-11 12:27:18.4 UTC-06:00,2025-07-11 12:27:21.4 UTC-06:00,16,1.2,1.4,468407.689,4313300.453,2428.563,-105.36467784,38.96810549,2414.536,115.468,,NAD83(2011) / UTM zone 13N + NAVD88(GEOID18) height,7,6,6,5,0,4313318.501,468295.118,2418.262,POINT Z (468295.118 4313318.501 2418.262)
241,241,242,,468293.974,4313319.724,2421.591,,-105.36599135,38.96827503,2407.566,Global,0.013,0.015,0.011,0.019,1.734,m,FIX,RTK,2025-07-11 12:27:27.4 UTC-06:00,2025-07-11 12:27:30.4 UTC-06:00,16,1.2,1.4,468407.689,4313300.453,2428.563,-105.36467784,38.96810549,2414.536,115.541,,NAD83(2011) / UTM zone 13N + NAVD88(GEOID18) height,7,6,6,5,0,4313318.641000001,468295.062,2418.241,POINT Z (468295.062 4313318.641000001 2418.241)
242,242,243,,468293.878,4313319.89,2421.62,,-105.36599247,38.96827652,2407.595,Global,0.012,0.016,0.013,0.02,1.734,m,FIX,RTK,2025-07-11 12:27:37.4 UTC-06:00,2025-07-11 12:27:40.4 UTC-06:00,16,1.2,1.4,468407.689,4313300.453,2428.563,-105.36467784,38.96810549,2414.536,115.659,,NAD83(2011) / UTM zone 13N + NAVD88(GEOID18) height,7,6,6,5,0,4313318.807,468294.966,2418.27,POINT Z (468294.966 4313318.807 2418.27)
243,243,244,,468293.819,4313320.149,2421.573,,-105.36599316,38.96827885,2407.548,Global,0.012,0.012,0.011,0.017,1.734,m,FIX,RTK,2025-07-11 12:27:45.2 UTC-06:00,2025-07-11 12:27:48.2 UTC-06:00,16,1.2,1.4,468407.689,4313300.453,2428.563,-105.36467784,38.96810549,2414.536,115.762,,NAD83(2011) / UTM zone 13N + NAVD88(GEOID18) height,7,6,6,5,0,4313319.066000001,468294.907,2418.223,POINT Z (468294.907 4313319.066000001 2418.223)
244,244,245,,468293.729,4313320.332,2421.488,,-105.36599421,38.9682805,2407.463,Global,0.012,0.011,0.01,0.016,1.734,m,FIX,RTK,2025-07-11 12:27:56.6 UTC-06:00,2025-07-11 12:27:59.6 UTC-06:00,16,1.2,1.4,468407.689,4313300.453,2428.563,-105.36467784,38.96810549,2414.536,115.891,,NAD83(2011) / UTM zone 13N + NAVD88(GEOID18) height,7,6,6,5,0,4313319.249000001,468294.817,2418.138,POINT Z (468294.817 4313319.249000001 2418.138)
245,245,246,,468293.648,4313320.498,2421.426,,-105.36599515,38.96828199,2407.401,Global,0.011,0.01,0.012,0.015,1.734,m,FIX,RTK,2025-07-11 12:28:04.0 UTC-06:00,2025-07-11 12:28:07.0 UTC-06:00,16,1.2,1.4,468407.689,4313300.453,2428.563,-105.36467784,38.96810549,2414.536,116.006,,NAD83(2011) / UTM zone 13N + NAVD88(GEOID18) height,7,6,6,5,0,4313319.415,468294.736,2418.076,POINT Z (468294.736 4313319.415 2418.076)
246,246,247,,468293.638,4313320.763,2421.299,,-105.36599528,38.96828438,2407.274,Global,0.01,0.01,0.011,0.015,1.734,m,FIX,RTK,2025-07-11 12:28:36.6 UTC-06:00,2025-07-11 12:28:39.6 UTC-06:00,16,1.2,1.4,468407.689,4313300.453,2428.563,-105.36467784,38.96810549,2414.536,116.067,,NAD83(2011) / UTM zone 13N + NAVD88(GEOID18) height,7,6,6,5,0,4313319.680000001,468294.72599999997,2417.949,POINT Z (468294.72599999997 4313319.680000001 2417.949)
247,247,248,,468293.586,4313320.87,2421.277,,-105.36599588,38.96828535,2407.251,Global,0.01,0.01,0.011,0.014,1.734,m,FIX,RTK,2025-07-11 12:28:47.4 UTC-06:00,2025-07-11 12:28:50.4 UTC-06:00,16,1.2,1.4,468407.689,4313300.453,2428.563,-105.36467784,38.96810549,2414.536,116.134,,NAD83(2011) / UTM zone 13N + NAVD88(GEOID18) height,7,6,6,5,0,4313319.7870000005,468294.674,2417.927,POINT Z (468294.674 4313319.7870000005 2417.927)
248,248,249,,468293.522,4313321.04,2421.214,,-105.36599663,38.96828687,2407.189,Global,0.011,0.01,0.011,0.015,1.734,m,FIX,RTK,2025-07-11 12:28:58.2 UTC-06:00,2025-07-11 12:29:01.2 UTC-06:00,16,1.2,1.4,468407.689,4313300.453,2428.563,-105.36467784,38.96810549,2414.536,116.227,,NAD83(2011) / UTM zone 13N + NAVD88(GEOID18) height,7,6,6,5,0,4313319.957,468294.61,2417.864,POINT Z (468294.61 4313319.957 2417.864)
249,249,250,,468293.422,4313321.297,2421.174,,-105.36599779,38.96828919,2407.149,Global,0.011,0.01,0.011,0.015,1.734,m,FIX,RTK,2025-07-11 12:29:08.6 UTC-06:00,2025-07-11 12:29:11.6 UTC-06:00,16,1.2,1.4,468407.689,4313300.453,2428.563,-105.36467784,38.96810549,2414.536,116.383,,NAD83(2011) / UTM zone 13N + NAVD88(GEOID18) height,7,6,6,5,0,4313320.214000001,468294.51,2417.824,POINT Z (468294.51 4313320.214000001 2417.824)
250,250,251,,468293.419,4313321.486,2421.146,,-105.36599784,38.96829089,2407.12,Global,0.01,0.01,0.011,0.014,1.734,m,FIX,RTK,2025-07-11 12:29:20.6 UTC-06:00,2025-07-11 12:29:23.6 UTC-06:00,16,1.2,1.4,468407.689,4313300.453,2428.563,-105.36467784,38.96810549,2414.536,116.415,,NAD83(2011) / UTM zone 13N + NAVD88(GEOID18) height,7,6,6,5,0,4313320.403,468294.507,2417.7960000000003,POINT Z (468294.507 4313320.403 2417.7960000000003)
251,251,252,,468293.439,4313321.698,2421.192,,-105.36599762,38.9682928,2407.167,Global,0.01,0.012,0.01,0.016,1.734,m,FIX,RTK,2025-07-11 12:29:31.6 UTC-06:00,2025-07-11 12:29:34.6 UTC-06:00,16,1.2,1.4,468407.689,4313300.453,2428.563,-105.36467784,38.96810549,2414.536,116.433,,NAD83(2011) / UTM zone 13N + NAVD88(GEOID18) height,7,6,6,5,0,4313320.615,468294.527,2417.842,POINT Z (468294.527 4313320.615 2417.842)
252,252,253,,468293.433,4313321.904,2421.205,,-105.3659977,38.96829466,2407.179,Global,0.01,0.011,0.011,0.015,1.734,m,FIX,RTK,2025-07-11 12:29:51.6 UTC-06:00,2025-07-11 12:29:54.6 UTC-06:00,16,1.2,1.4,468407.689,4313300.453,2428.563,-105.36467784,38.96810549,2414.536,116.477,,NAD83(2011) / UTM zone 13N + NAVD88(GEOID18) height,7,6,6,5,0,4313320.821,468294.521,2417.855,POINT Z (468294.521 4313320.821 2417.855)
253,253,254,,468293.439,4313322.112,2421.243,,-105.36599764,38.96829653,2407.218,Global,0.011,0.011,0.012,0.015,1.734,m,FIX,RTK,2025-07-11 12:30:09.4 UTC-06:00,2025-07-11 12:30:12.4 UTC-06:00,16,1.2,1.4,468407.689,4313300.453,2428.563,-105.36467784,38.96810549,2414.536,116.504,,NAD83(2011) / UTM zone 13N + NAVD88(GEOID18) height,7,6,6,5,0,4313321.029,468294.527,2417.893,POINT Z (468294.527 4313321.029 2417.893)
254,254,255,,468293.437,4313322.342,2421.315,,-105.36599767,38.9682986,2407.29,Global,0.012,0.012,0.01,0.017,1.734,m,FIX,RTK,2025-07-11 12:30:18.2 UTC-06:00,2025-07-11 12:30:21.2 UTC-06:00,16,1.2,1.4,468407.689,4313300.453,2428.563,-105.36467784,38.96810549,2414.536,116.558,,NAD83(2011) / UTM zone 13N + NAVD88(GEOID18) height,7,6,6,5,0,4313321.259000001,468294.52499999997,2417.965,POINT Z (468294.52499999997 4313321.259000001 2417.965)
255,255,256,,468293.398,4313322.534,2421.339,,-105.36599813,38.96830034,2407.314,Global,0.01,0.01,0.01,0.014,1.734,m,FIX,RTK,2025-07-11 12:30:30.0 UTC-06:00,2025-07-11 12:30:33.0 UTC-06:00,16,1.2,1.4,468407.689,4313300.453,2428.563,-105.36467784,38.96810549,2414.536,116.621,,NAD83(2011) / UTM zone 13N + NAVD88(GEOID18) height,7,6,6,5,0,4313321.451,468294.486,2417.989,POINT Z (468294.486 4313321.451 2417.989)
256,256,257,,468293.252,4313322.708,2421.352,,-105.36599983,38.96830189,2407.327,Global,0.011,0.01,0.01,0.015,1.734,m,FIX,RTK,2025-07-11 12:30:38.4 UTC-06:00,2025-07-11 12:30:41.4 UTC-06:00,16,1.2,1.4,468407.689,4313300.453,2428.563,-105.36467784,38.96810549,2414.536,116.804,,NAD83(2011) / UTM zone 13N + NAVD88(GEOID18) height,7,6,6,5,0,4313321.625,468294.33999999997,2418.002,POINT Z (468294.33999999997 4313321.625 2418.002)
257,257,258,,468293.205,4313322.903,2421.319,,-105.36600037,38.96830365,2407.294,Global,0.011,0.01,0.011,0.015,1.734,m,FIX,RTK,2025-07-11 12:30:48.0 UTC-06:00,2025-07-11 12:30:51.0 UTC-06:00,16,1.2,1.4,468407.689,4313300.453,2428.563,-105.36467784,38.96810549,2414.536,116.886,,NAD83(2011) / UTM zone 13N + NAVD88(GEOID18) height,7,6,6,5,0,4313321.82,468294.293,2417.969,POINT Z (468294.293 4313321.82 2417.969)
258,258,259,,468293.193,4313323.084,2421.294,,-105.36600052,38.96830528,2407.269,Global,0.011,0.011,0.011,0.015,1.734,m,FIX,RTK,2025-07-11 12:31:06.0 UTC-06:00,2025-07-11 12:31:09.0 UTC-06:00,16,1.2,1.4,468407.689,4313300.453,2428.563,-105.36467784,38.96810549,2414.536,116.929,,NAD83(2011) / UTM zone 13N + NAVD88(GEOID18) height,7,6,6,5,0,4313322.001,468294.281,2417.944,POINT Z (468294.281 4313322.001 2417.944)
259,259,260,,468293.076,4313323.247,2421.255,,-105.36600188,38.96830675,2407.229,Global,0.011,0.01,0.011,0.015,1.734,m,FIX,RTK,2025-07-11 12:31:18.4 UTC-06:00,2025-07-11 12:31:21.4 UTC-06:00,16,1.2,1.4,468407.689,4313300.453,2428.563,-105.36467784,38.96810549,2414.536,117.075,,NAD83(2011) / UTM zone 13N + NAVD88(GEOID18) height,7,6,6,5,0,4313322.164000001,468294.164,2417.905,POINT Z (468294.164 4313322.164000001 2417.905)
260,260,261,,468293.025,4313323.42,2421.238,,-105.36600247,38.96830831,2407.213,Global,0.034,0.017,0.011,0.038,1.734,m,FIX,RTK,2025-07-11 12:31:24.8 UTC-06:00,2025-07-11 12:31:27.8 UTC-06:00,16,1.2,1.4,468407.689,4313300.453,2428.563,-105.36467784,38.96810549,2414.536,117.121,,NAD83(2011) / UTM zone 13N + NAVD88(GEOID18) height,7,6,6,5,0,4313322.337,468294.113,2417.888,POINT Z (468294.113 4313322.337 2417.888)
261,261,262,,468293.037,4313323.702,2421.235,,-105.36600235,38.96831085,2407.21,Global,0.011,0.012,0.01,0.017,1.734,m,FIX,RTK,2025-07-11 12:31:37.4 UTC-06:00,2025-07-11 12:31:40.4 UTC-06:00,16,1.2,1.4,468407.689,4313300.453,2428.563,-105.36467784,38.96810549,2414.536,117.212,,NAD83(2011) / UTM zone 13N + NAVD88(GEOID18) height,7,6,6,5,0,4313322.619,468294.125,2417.885,POINT Z (468294.125 4313322.619 2417.885)
262,262,263,,468292.872,4313323.85,2421.198,,-105.36600426,38.96831217,2407.173,Global,0.01,0.011,0.011,0.015,1.734,m,FIX,RTK,2025-07-11 12:31:49.2 UTC-06:00,2025-07-11 12:31:52.2 UTC-06:00,16,1.2,1.4,468407.689,4313300.453,2428.563,-105.36467784,38.96810549,2414.536,117.404,,NAD83(2011) / UTM zone 13N + NAVD88(GEOID18) height,7,6,6,5,0,4313322.767,468293.95999999996,2417.848,POINT Z (468293.95999999996 4313322.767 2417.848)
263,263,264,,468292.824,4313324.086,2421.194,,-105.36600482,38.9683143,2407.169,Global,0.011,0.011,0.01,0.015,1.734,m,FIX,RTK,2025-07-11 12:31:59.0 UTC-06:00,2025-07-11 12:32:02.0 UTC-06:00,16,1.2,1.4,468407.689,4313300.453,2428.563,-105.36467784,38.96810549,2414.536,117.495,,NAD83(2011) / UTM zone 13N + NAVD88(GEOID18) height,7,5,6,5,0,4313323.0030000005,468293.912,2417.844,POINT Z (468293.912 4313323.0030000005 2417.844)
264,264,265,,468292.757,4313324.2,2421.198,,-105.36600561,38.96831532,2407.173,Global,0.011,0.011,0.011,0.015,1.734,m,FIX,RTK,2025-07-11 12:32:09.6 UTC-06:00,2025-07-11 12:32:12.6 UTC-06:00,16,1.2,1.4,468407.689,4313300.453,2428.563,-105.36467784,38.96810549,2414.536,117.59,,NAD83(2011) / UTM zone 13N + NAVD88(GEOID18) height,7,6,6,5,0,4313323.117000001,468293.845,2417.848,POINT Z (468293.845 4313323.117000001 2417.848)
265,265,266,,468292.665,4313324.407,2421.162,,-105.36600668,38.96831718,2407.137,Global,0.012,0.015,0.01,0.019,1.734,m,FIX,RTK,2025-07-11 12:32:19.8 UTC-06:00,2025-07-11 12:32:22.8 UTC-06:00,16,1.2,1.4,468407.689,4313300.453,2428.563,-105.36467784,38.96810549,2414.536,117.722,,NAD83(2011) / UTM zone 13N + NAVD88(GEOID18) height,7,6,6,5,0,4313323.324,468293.75299999997,2417.812,POINT Z (468293.75299999997 4313323.324 2417.812)
266,266,267,,468292.602,4313324.578,2421.156,,-105.36600741,38.96831872,2407.131,Global,0.011,0.011,0.011,0.016,1.734,m,FIX,RTK,2025-07-11 12:32:29.4 UTC-06:00,2025-07-11 12:32:32.4 UTC-06:00,16,1.2,1.4,468407.689,4313300.453,2428.563,-105.36467784,38.96810549,2414.536,117.822,,NAD83(2011) / UTM zone 13N + NAVD88(GEOID18) height,7,6,6,5,0,4313323.495,468293.69,2417.806,POINT Z (468293.69 4313323.495 2417.806)
267,267,268,,468292.576,4313324.821,2421.135,,-105.36600773,38.96832091,2407.11,Global,0.01,0.011,0.011,0.015,1.734,m,FIX,RTK,2025-07-11 12:32:41.6 UTC-06:00,2025-07-11 12:32:44.6 UTC-06:00,16,1.2,1.4,468407.689,4313300.453,2428.563,-105.36467784,38.96810549,2414.536,117.889,,NAD83(2011) / UTM zone 13N + NAVD88(GEOID18) height,7,6,6,5,0,4313323.738000001,468293.664,2417.7850000000003,POINT Z (468293.664 4313323.738000001 2417.7850000000003)
268,268,269,,468292.514,4313324.975,2421.125,,-105.36600845,38.96832229,2407.1,Global,0.015,0.011,0.011,0.018,1.734,m,FIX,RTK,2025-07-11 12:32:52.6 UTC-06:00,2025-07-11 12:32:55.6 UTC-06:00,16,1.2,1.4,468407.689,4313300.453,2428.563,-105.36467784,38.96810549,2414.536,118.002,,NAD83(2011) / UTM zone 13N + NAVD88(GEOID18) height,7,6,6,5,0,4313323.892,468293.602,2417.775,POINT Z (468293.602 4313323.892 2417.775)
269,269,270,,468292.418,4313325.148,2421.087,,-105.36600956,38.96832385,2407.062,Global,0.013,0.013,0.01,0.018,1.734,m,FIX,RTK,2025-07-11 12:33:05.6 UTC-06:00,2025-07-11 12:33:08.6 UTC-06:00,16,1.2,1.4,468407.689,4313300.453,2428.563,-105.36467784,38.96810549,2414.536,118.117,,NAD83(2011) / UTM zone 13N + NAVD88(GEOID18) height,7,6,6,5,0,4313324.065,468293.506,2417.737,POINT Z (468293.506 4313324.065 2417.737)
270,270,271,,468292.247,4313325.342,2421.073,,-105.36601154,38.9683256,2407.048,Global,0.011,0.012,0.012,0.016,1.734,m,FIX,RTK,2025-07-11 12:33:17.6 UTC-06:00,2025-07-11 12:33:20.6 UTC-06:00,15,1.2,1.4,468407.689,4313300.453,2428.563,-105.36467784,38.96810549,2414.536,118.325,,NAD83(2011) / UTM zone 13N + NAVD88(GEOID18) height,7,6,6,5,0,4313324.259000001,468293.33499999996,2417.723,POINT Z (468293.33499999996 4313324.259000001 2417.723)
271,271,272,,468292.297,4313325.497,2421.075,,-105.36601098,38.96832699,2407.05,Global,0.012,0.011,0.01,0.016,1.734,m,FIX,RTK,2025-07-11 12:33:43.2 UTC-06:00,2025-07-11 12:33:46.2 UTC-06:00,16,1.2,1.4,468407.689,4313300.453,2428.563,-105.36467784,38.96810549,2414.536,118.297,,NAD83(2011) / UTM zone 13N + NAVD88(GEOID18) height,7,6,6,5,0,4313324.414000001,468293.385,2417.725,POINT Z (468293.385 4313324.414000001 2417.725)
272,272,273,,468292.131,4313325.687,2421.036,,-105.3660129,38.9683287,2407.011,Global,0.011,0.012,0.011,0.016,1.734,m,FIX,RTK,2025-07-11 12:34:00.4 UTC-06:00,2025-07-11 12:34:03.4 UTC-06:00,16,1.2,1.4,468407.689,4313300.453,2428.563,-105.36467784,38.96810549,2414.536,118.502,,NAD83(2011) / UTM zone 13N + NAVD88(GEOID18) height,7,6,6,5,0,4313324.604,468293.219,2417.686,POINT Z (468293.219 4313324.604 2417.686)
273,273,274,,468292.093,4313325.825,2421.029,,-105.36601335,38.96832994,2407.004,Global,0.011,0.012,0.014,0.016,1.734,m,FIX,RTK,2025-07-11 12:34:16.2 UTC-06:00,2025-07-11 12:34:19.2 UTC-06:00,16,1.2,1.4,468407.689,4313300.453,2428.563,-105.36467784,38.96810549,2414.536,118.581,,NAD83(2011) / UTM zone 13N + NAVD88(GEOID18) height,7,6,6,5,0,4313324.742000001,468293.181,2417.679,POINT Z (468293.181 4313324.742000001 2417.679)
274,274,275,,468291.949,4313326.069,2421.016,,-105.36601502,38.96833214,2406.991,Global,0.012,0.016,0.01,0.02,1.734,m,FIX,RTK,2025-07-11 12:34:31.2 UTC-06:00,2025-07-11 12:34:34.2 UTC-06:00,16,1.2,1.4,468407.689,4313300.453,2428.563,-105.36467784,38.96810549,2414.536,118.782,,NAD83(2011) / UTM zone 13N + NAVD88(GEOID18) height,7,6,6,5,0,4313324.9860000005,468293.037,2417.666,POINT Z (468293.037 4313324.9860000005 2417.666)
275,275,276,,468291.86,4313326.25,2421.037,,-105.36601606,38.96833376,2407.012,Global,0.022,0.014,0.011,0.025,1.734,m,FIX,RTK,2025-07-11 12:34:37.6 UTC-06:00,2025-07-11 12:34:40.6 UTC-06:00,16,1.2,1.4,468407.689,4313300.453,2428.563,-105.36467784,38.96810549,2414.536,118.917,,NAD83(2011) / UTM zone 13N + NAVD88(GEOID18) height,7,6,6,5,0,4313325.167,468292.948,2417.687,POINT Z (468292.948 4313325.167 2417.687)
276,276,277,,468291.836,4313326.427,2421.079,,-105.36601635,38.96833536,2407.054,Global,0.012,0.011,0.01,0.016,1.734,m,FIX,RTK,2025-07-11 12:34:44.6 UTC-06:00,2025-07-11 12:34:47.6 UTC-06:00,16,1.2,1.4,468407.689,4313300.453,2428.563,-105.36467784,38.96810549,2414.536,118.956,,NAD83(2011) / UTM zone 13N + NAVD88(GEOID18) height,7,6,6,5,0,4313325.3440000005,468292.924,2417.7290000000003,POINT Z (468292.924 4313325.3440000005 2417.7290000000003)
277,277,278,,468291.743,4313326.613,2421.121,,-105.36601742,38.96833703,2407.096,Global,0.013,0.011,0.01,0.017,1.734,m,FIX,RTK,2025-07-11 12:34:52.0 UTC-06:00,2025-07-11 12:34:55.0 UTC-06:00,16,1.2,1.4,468407.689,4313300.453,2428.563,-105.36467784,38.96810549,2414.536,119.1,,NAD83(2011) / UTM zone 13N + NAVD88(GEOID18) height,7,6,6,5,0,4313325.53,468292.831,2417.771,POINT Z (468292.831 4313325.53 2417.771)
278,278,279,,468291.693,4313326.79,2421.187,,-105.36601801,38.96833862,2407.162,Global,0.012,0.011,0.01,0.017,1.734,m,FIX,RTK,2025-07-11 12:34:59.2 UTC-06:00,2025-07-11 12:35:02.2 UTC-06:00,16,1.2,1.4,468407.689,4313300.453,2428.563,-105.36467784,38.96810549,2414.536,119.172,,NAD83(2011) / UTM zone 13N + NAVD88(GEOID18) height,7,6,6,5,0,4313325.707,468292.781,2417.837,POINT Z (468292.781 4313325.707 2417.837)
279,279,280,,468291.554,4313326.937,2421.254,,-105.36601962,38.96833995,2407.229,Global,0.01,0.011,0.01,0.015,1.734,m,FIX,RTK,2025-07-11 12:35:08.2 UTC-06:00,2025-07-11 12:35:11.2 UTC-06:00,16,1.2,1.4,468407.689,4313300.453,2428.563,-105.36467784,38.96810549,2414.536,119.34,,NAD83(2011) / UTM zone 13N + NAVD88(GEOID18) height,7,6,6,5,0,4313325.854,468292.642,2417.904,POINT Z (468292.642 4313325.854 2417.904)
280,280,281,,468291.521,4313327.135,2421.308,,-105.36602001,38.96834173,2407.283,Global,0.012,0.01,0.011,0.016,1.734,m,FIX,RTK,2025-07-11 12:35:22.0 UTC-06:00,2025-07-11 12:35:25.0 UTC-06:00,16,1.2,1.4,468407.689,4313300.453,2428.563,-105.36467784,38.96810549,2414.536,119.406,,NAD83(2011) / UTM zone 13N + NAVD88(GEOID18) height,7,6,6,5,0,4313326.052,468292.609,2417.958,POINT Z (468292.609 4313326.052 2417.958)
281,281,282,,468291.414,4313327.354,2421.32,,-105.36602126,38.9683437,2407.295,Global,0.011,0.01,0.01,0.015,1.734,m,FIX,RTK,2025-07-11 12:35:30.8 UTC-06:00,2025-07-11 12:35:33.8 UTC-06:00,16,1.2,1.4,468407.689,4313300.453,2428.563,-105.36467784,38.96810549,2414.536,119.573,,NAD83(2011) / UTM zone 13N + NAVD88(GEOID18) height,7,6,6,5,0,4313326.271000001,468292.502,2417.9700000000003,POINT Z (468292.502 4313326.271000001 2417.9700000000003)
282,282,283,,468291.354,4313327.509,2421.368,,-105.36602195,38.96834509,2407.343,Global,0.011,0.011,0.011,0.016,1.734,m,FIX,RTK,2025-07-11 12:35:38.8 UTC-06:00,2025-07-11 12:35:41.8 UTC-06:00,16,1.1,1.3,468407.689,4313300.453,2428.563,-105.36467784,38.96810549,2414.536,119.653,,NAD83(2011) / UTM zone 13N + NAVD88(GEOID18) height,7,6,6,5,0,4313326.426,468292.442,2418.018,POINT Z (468292.442 4313326.426 2418.018)
283,283,284,,468291.177,4313327.707,2421.444,,-105.36602401,38.96834686,2407.419,Global,0.012,0.011,0.011,0.016,1.734,m,FIX,RTK,2025-07-11 12:35:49.0 UTC-06:00,2025-07-11 12:35:52.0 UTC-06:00,16,1.1,1.3,468407.689,4313300.453,2428.563,-105.36467784,38.96810549,2414.536,119.879,,NAD83(2011) / UTM zone 13N + NAVD88(GEOID18) height,7,6,6,5,0,4313326.624000001,468292.265,2418.094,POINT Z (468292.265 4313326.624000001 2418.094)
284,284,285,,468291.186,4313327.934,2421.489,,-105.36602391,38.96834892,2407.464,Global,0.011,0.01,0.011,0.015,1.734,m,FIX,RTK,2025-07-11 12:36:01.0 UTC-06:00,2025-07-11 12:36:04.0 UTC-06:00,16,1.2,1.4,468407.689,4313300.453,2428.563,-105.36467784,38.96810549,2414.536,119.918,,NAD83(2011) / UTM zone 13N + NAVD88(GEOID18) height,7,6,6,5,0,4313326.851000001,468292.274,2418.139,POINT Z (468292.274 4313326.851000001 2418.139)
285,285,286,,468291.081,4313328.107,2421.502,,-105.36602513,38.96835047,2407.477,Global,0.01,0.011,0.011,0.015,1.734,m,FIX,RTK,2025-07-11 12:36:14.4 UTC-06:00,2025-07-11 12:36:17.4 UTC-06:00,16,1.2,1.4,468407.689,4313300.453,2428.563,-105.36467784,38.96810549,2414.536,120.053,,NAD83(2011) / UTM zone 13N + NAVD88(GEOID18) height,7,6,6,5,0,4313327.024,468292.169,2418.152,POINT Z (468292.169 4313327.024 2418.152)
286,286,287,,468291.009,4313328.266,2421.508,,-105.36602598,38.9683519,2407.483,Global,0.011,0.011,0.01,0.015,1.734,m,FIX,RTK,2025-07-11 12:36:22.4 UTC-06:00,2025-07-11 12:36:25.4 UTC-06:00,16,1.2,1.4,468407.689,4313300.453,2428.563,-105.36467784,38.96810549,2414.536,120.16,,NAD83(2011) / UTM zone 13N + NAVD88(GEOID18) height,7,6,6,5,0,4313327.183,468292.097,2418.158,POINT Z (468292.097 4313327.183 2418.158)
287,287,288,,468290.939,4313328.498,2421.524,,-105.3660268,38.96835399,2407.499,Global,0.01,0.011,0.01,0.015,1.734,m,FIX,RTK,2025-07-11 12:36:31.6 UTC-06:00,2025-07-11 12:36:34.6 UTC-06:00,16,1.2,1.4,468407.689,4313300.453,2428.563,-105.36467784,38.96810549,2414.536,120.283,,NAD83(2011) / UTM zone 13N + NAVD88(GEOID18) height,7,6,6,5,0,4313327.415,468292.027,2418.174,POINT Z (468292.027 4313327.415 2418.174)
288,288,289,,468290.848,4313328.606,2421.476,,-105.36602785,38.96835495,2407.451,Global,0.01,0.011,0.011,0.015,1.734,m,FIX,RTK,2025-07-11 12:36:44.6 UTC-06:00,2025-07-11 12:36:47.6 UTC-06:00,16,1.2,1.4,468407.689,4313300.453,2428.563,-105.36467784,38.96810549,2414.536,120.392,,NAD83(2011) / UTM zone 13N + NAVD88(GEOID18) height,7,6,6,5,0,4313327.523,468291.936,2418.126,POINT Z (468291.936 4313327.523 2418.126)
289,289,290,,468290.722,4313328.781,2421.474,,-105.36602931,38.96835653,2407.449,Global,0.012,0.011,0.01,0.016,1.734,m,FIX,RTK,2025-07-11 12:36:55.6 UTC-06:00,2025-07-11 12:36:58.6 UTC-06:00,16,1.1,1.3,468407.689,4313300.453,2428.563,-105.36467784,38.96810549,2414.536,120.57,,NAD83(2011) / UTM zone 13N + NAVD88(GEOID18) height,7,6,6,5,0,4313327.698000001,468291.81,2418.1240000000003,POINT Z (468291.81 4313327.698000001 2418.1240000000003)
290,290,291,,468290.65,4313328.976,2421.476,,-105.36603015,38.96835829,2407.451,Global,0.01,0.01,0.01,0.014,1.734,m,FIX,RTK,2025-07-11 12:37:06.2 UTC-06:00,2025-07-11 12:37:09.2 UTC-06:00,16,1.1,1.3,468407.689,4313300.453,2428.563,-105.36467784,38.96810549,2414.536,120.677,,NAD83(2011) / UTM zone 13N + NAVD88(GEOID18) height,7,6,6,5,0,4313327.893,468291.738,2418.126,POINT Z (468291.738 4313327.893 2418.126)
291,291,292,,468290.547,4313329.162,2421.475,,-105.36603135,38.96835996,2407.45,Global,0.01,0.011,0.012,0.015,1.734,m,FIX,RTK,2025-07-11 12:37:15.4 UTC-06:00,2025-07-11 12:37:18.4 UTC-06:00,16,1.1,1.3,468407.689,4313300.453,2428.563,-105.36467784,38.96810549,2414.536,120.818,,NAD83(2011) / UTM zone 13N + NAVD88(GEOID18) height,7,6,6,5,0,4313328.079,468291.635,2418.125,POINT Z (468291.635 4313328.079 2418.125)
292,292,293,,468290.502,4313329.301,2421.479,,-105.36603188,38.9683612,2407.454,Global,0.01,0.01,0.01,0.015,1.734,m,FIX,RTK,2025-07-11 12:37:28.0 UTC-06:00,2025-07-11 12:37:31.0 UTC-06:00,16,1.2,1.3,468407.689,4313300.453,2428.563,-105.36467784,38.96810549,2414.536,120.897,,NAD83(2011) / UTM zone 13N + NAVD88(GEOID18) height,7,6,6,5,0,4313328.218,468291.58999999997,2418.129,POINT Z (468291.58999999997 4313328.218 2418.129)
293,293,294,,468290.404,4313329.523,2421.489,,-105.36603301,38.96836321,2407.464,Global,0.01,0.011,0.01,0.015,1.734,m,FIX,RTK,2025-07-11 12:37:35.4 UTC-06:00,2025-07-11 12:37:38.4 UTC-06:00,16,1.2,1.3,468407.689,4313300.453,2428.563,-105.36467784,38.96810549,2414.536,121.044,,NAD83(2011) / UTM zone 13N + NAVD88(GEOID18) height,7,6,6,5,0,4313328.44,468291.49199999997,2418.139,POINT Z (468291.49199999997 4313328.44 2418.139)
294,294,295,,468290.34,4313329.691,2421.523,,-105.36603376,38.96836472,2407.498,Global,0.011,0.01,0.011,0.015,1.734,m,FIX,RTK,2025-07-11 12:37:42.8 UTC-06:00,2025-07-11 12:37:45.8 UTC-06:00,16,1.2,1.3,468407.689,4313300.453,2428.563,-105.36467784,38.96810549,2414.536,121.145,,NAD83(2011) / UTM zone 13N + NAVD88(GEOID18) height,7,6,6,5,0,4313328.608,468291.428,2418.1730000000002,POINT Z (468291.428 4313328.608 2418.1730000000002)
295,295,296,,468290.263,4313329.932,2421.555,,-105.36603467,38.96836689,2407.53,Global,0.01,0.01,0.01,0.015,1.734,m,FIX,RTK,2025-07-11 12:37:50.8 UTC-06:00,2025-07-11 12:37:53.8 UTC-06:00,16,1.1,1.3,468407.689,4313300.453,2428.563,-105.36467784,38.96810549,2414.536,121.276,,NAD83(2011) / UTM zone 13N + NAVD88(GEOID18) height,7,6,6,5,0,4313328.849,468291.35099999997,2418.205,POINT Z (468291.35099999997 4313328.849 2418.205)
296,296,297,,468290.168,4313330.081,2421.549,,-105.36603576,38.96836822,2407.524,Global,0.01,0.01,0.01,0.014,1.734,m,FIX,RTK,2025-07-11 12:38:05.4 UTC-06:00,2025-07-11 12:38:08.4 UTC-06:00,16,1.1,1.3,468407.689,4313300.453,2428.563,-105.36467784,38.96810549,2414.536,121.406,,NAD83(2011) / UTM zone 13N + NAVD88(GEOID18) height,7,6,6,5,0,4313328.998000001,468291.256,2418.199,POINT Z (468291.256 4313328.998000001 2418.199)
297,297,298,,468290.123,4313330.224,2421.6,,-105.36603629,38.96836951,2407.575,Global,0.01,0.011,0.012,0.015,1.734,m,FIX,RTK,2025-07-11 12:38:14.2 UTC-06:00,2025-07-11 12:38:17.2 UTC-06:00,16,1.1,1.3,468407.689,4313300.453,2428.563,-105.36467784,38.96810549,2414.536,121.484,,NAD83(2011) / UTM zone 13N + NAVD88(GEOID18) height,7,6,6,5,0,4313329.141000001,468291.211,2418.25,POINT Z (468291.211 4313329.141000001 2418.25)
298,298,299,,468290.027,4313330.454,2421.601,,-105.36603741,38.96837158,2407.576,Global,0.011,0.01,0.011,0.015,1.734,m,FIX,RTK,2025-07-11 12:38:22.6 UTC-06:00,2025-07-11 12:38:25.6 UTC-06:00,16,1.1,1.3,468407.689,4313300.453,2428.563,-105.36467784,38.96810549,2414.536,121.641,,NAD83(2011) / UTM zone 13N + NAVD88(GEOID18) height,7,6,6,5,0,4313329.371,468291.115,2418.251,POINT Z (468291.115 4313329.371 2418.251)
299,299,300,,468289.933,4313330.595,2421.619,,-105.3660385,38.96837285,2407.594,Global,0.01,0.011,0.011,0.015,1.734,m,FIX,RTK,2025-07-11 12:38:31.6 UTC-06:00,2025-07-11 12:38:34.6 UTC-06:00,16,1.1,1.3,468407.689,4313300.453,2428.563,-105.36467784,38.96810549,2414.536,121.758,,NAD83(2011) / UTM zone 13N + NAVD88(GEOID18) height,7,6,6,5,0,4313329.512,468291.021,2418.2690000000002,POINT Z (468291.021 4313329.512 2418.2690000000002)
300,300,301,,468289.881,4313330.782,2421.623,,-105.36603911,38.96837453,2407.598,Global,0.01,0.01,0.011,0.014,1.734,m,FIX,RTK,2025-07-11 12:38:42.8 UTC-06:00,2025-07-11 12:38:45.8 UTC-06:00,16,1.1,1.3,468407.689,4313300.453,2428.563,-105.36467784,38.96810549,2414.536,121.851,,NAD83(2011) / UTM zone 13N + NAVD88(GEOID18) height,7,6,6,5,0,4313329.699,468290.969,2418.273,POINT Z (468290.969 4313329.699 2418.273)
301,301,302,,468289.768,4313331.026,2421.617,,-105.36604043,38.96837672,2407.592,Global,0.01,0.01,0.011,0.014,1.734,m,FIX,RTK,2025-07-11 12:38:54.4 UTC-06:00,2025-07-11 12:38:57.4 UTC-06:00,16,1.1,1.3,468407.689,4313300.453,2428.563,-105.36467784,38.96810549,2414.536,122.024,,NAD83(2011) / UTM zone 13N + NAVD88(GEOID18) height,7,6,6,5,0,4313329.943,468290.85599999997,2418.2670000000003,POINT Z (468290.85599999997 4313329.943 2418.2670000000003)
302,302,303,,468289.663,4313331.197,2421.643,,-105.36604165,38.96837826,2407.618,Global,0.01,0.01,0.011,0.015,1.734,m,FIX,RTK,2025-07-11 12:39:01.6 UTC-06:00,2025-07-11 12:39:04.6 UTC-06:00,16,1.1,1.3,468407.689,4313300.453,2428.563,-105.36467784,38.96810549,2414.536,122.17,,NAD83(2011) / UTM zone 13N + NAVD88(GEOID18) height,7,6,6,5,0,4313330.114,468290.751,2418.293,POINT Z (468290.751 4313330.114 2418.293)
303,303,304,,468289.568,4313331.376,2421.645,,-105.36604275,38.96837987,2407.62,Global,0.01,0.01,0.01,0.014,1.734,m,FIX,RTK,2025-07-11 12:39:11.8 UTC-06:00,2025-07-11 12:39:14.8 UTC-06:00,16,1.1,1.3,468407.689,4313300.453,2428.563,-105.36467784,38.96810549,2414.536,122.309,,NAD83(2011) / UTM zone 13N + NAVD88(GEOID18) height,7,6,6,5,0,4313330.2930000005,468290.656,2418.295,POINT Z (468290.656 4313330.2930000005 2418.295)
304,304,305,,468289.466,4313331.543,2421.656,,-105.36604394,38.96838137,2407.631,Global,0.011,0.01,0.01,0.015,1.734,m,FIX,RTK,2025-07-11 12:39:36.8 UTC-06:00,2025-07-11 12:39:39.8 UTC-06:00,16,1.1,1.3,468407.689,4313300.453,2428.563,-105.36467784,38.96810549,2414.536,122.451,,NAD83(2011) / UTM zone 13N + NAVD88(GEOID18) height,7,6,7,5,0,4313330.46,468290.554,2418.306,POINT Z (468290.554 4313330.46 2418.306)
305,305,306,,468289.392,4313331.732,2421.665,,-105.3660448,38.96838307,2407.64,Global,0.01,0.011,0.011,0.015,1.734,m,FIX,RTK,2025-07-11 12:39:44.8 UTC-06:00,2025-07-11 12:39:47.8 UTC-06:00,16,1.1,1.3,468407.689,4313300.453,2428.563,-105.36467784,38.96810549,2414.536,122.567,,NAD83(2011) / UTM zone 13N + NAVD88(GEOID18) height,7,6,7,5,0,4313330.649,468290.48,2418.315,POINT Z (468290.48 4313330.649 2418.315)
306,306,307,,468289.331,4313331.919,2421.67,,-105.36604551,38.96838476,2407.645,Global,0.011,0.01,0.013,0.015,1.734,m,FIX,RTK,2025-07-11 12:39:53.8 UTC-06:00,2025-07-11 12:39:56.8 UTC-06:00,16,1.1,1.3,468407.689,4313300.453,2428.563,-105.36467784,38.96810549,2414.536,122.674,,NAD83(2011) / UTM zone 13N + NAVD88(GEOID18) height,7,6,7,5,0,4313330.836,468290.419,2418.32,POINT Z (468290.419 4313330.836 2418.32)
307,307,308,,468289.242,4313332.097,2421.725,,-105.36604654,38.96838635,2407.701,Global,0.011,0.013,0.011,0.017,1.734,m,FIX,RTK,2025-07-11 12:40:01.4 UTC-06:00,2025-07-11 12:40:04.4 UTC-06:00,16,1.1,1.3,468407.689,4313300.453,2428.563,-105.36467784,38.96810549,2414.536,122.795,,NAD83(2011) / UTM zone 13N + NAVD88(GEOID18) height,7,6,7,5,0,4313331.014,468290.33,2418.375,POINT Z (468290.33 4313331.014 2418.375)
308,308,309,,468289.212,4313332.239,2421.708,,-105.3660469,38.96838763,2407.684,Global,0.01,0.01,0.011,0.014,1.734,m,FIX,RTK,2025-07-11 12:40:12.0 UTC-06:00,2025-07-11 12:40:15.0 UTC-06:00,16,1.1,1.3,468407.689,4313300.453,2428.563,-105.36467784,38.96810549,2414.536,122.871,,NAD83(2011) / UTM zone 13N + NAVD88(GEOID18) height,7,6,6,5,0,4313331.156,468290.3,2418.358,POINT Z (468290.3 4313331.156 2418.358)
309,309,310,,468289.123,4313332.461,2421.729,,-105.36604794,38.96838964,2407.705,Global,0.012,0.01,0.011,0.016,1.734,m,FIX,RTK,2025-07-11 12:40:20.6 UTC-06:00,2025-07-11 12:40:23.6 UTC-06:00,16,1.1,1.3,468407.689,4313300.453,2428.563,-105.36467784,38.96810549,2414.536,123.013,,NAD83(2011) / UTM zone 13N + NAVD88(GEOID18) height,7,6,6,5,0,4313331.3780000005,468290.211,2418.379,POINT Z (468290.211 4313331.3780000005 2418.379)
310,310,311,,468289.062,4313332.642,2421.783,,-105.36604865,38.96839126,2407.758,Global,0.011,0.01,0.01,0.015,1.734,m,FIX,RTK,2025-07-11 12:40:39.6 UTC-06:00,2025-07-11 12:40:42.6 UTC-06:00,16,1.1,1.3,468407.689,4313300.453,2428.563,-105.36467784,38.96810549,2414.536,123.115,,NAD83(2011) / UTM zone 13N + NAVD88(GEOID18) height,7,6,6,5,0,4313331.559,468290.14999999997,2418.433,POINT Z (468290.14999999997 4313331.559 2418.433)
311,311,312,,468289.047,4313332.827,2421.801,,-105.36604884,38.96839292,2407.776,Global,0.01,0.01,0.01,0.014,1.734,m,FIX,RTK,2025-07-11 12:40:49.2 UTC-06:00,2025-07-11 12:40:52.2 UTC-06:00,16,1.1,1.3,468407.689,4313300.453,2428.563,-105.36467784,38.96810549,2414.536,123.176,,NAD83(2011) / UTM zone 13N + NAVD88(GEOID18) height,7,6,6,5,0,4313331.744,468290.135,2418.451,POINT Z (468290.135 4313331.744 2418.451)
312,312,313,,468288.935,4313333.027,2421.819,,-105.36605014,38.96839472,2407.794,Global,0.011,0.01,0.011,0.015,1.734,m,FIX,RTK,2025-07-11 12:41:00.2 UTC-06:00,2025-07-11 12:41:03.2 UTC-06:00,16,1.1,1.3,468407.689,4313300.453,2428.563,-105.36467784,38.96810549,2414.536,123.339,,NAD83(2011) / UTM zone 13N + NAVD88(GEOID18) height,7,6,6,5,0,4313331.944,468290.023,2418.469,POINT Z (468290.023 4313331.944 2418.469)
313,313,314,,468288.891,4313333.211,2421.873,,-105.36605065,38.96839638,2407.848,Global,0.011,0.01,0.01,0.015,1.734,m,FIX,RTK,2025-07-11 12:41:21.6 UTC-06:00,2025-07-11 12:41:24.6 UTC-06:00,16,1.2,1.4,468407.689,4313300.453,2428.563,-105.36467784,38.96810549,2414.536,123.429,,NAD83(2011) / UTM zone 13N + NAVD88(GEOID18) height,7,6,6,5,0,4313332.1280000005,468289.979,2418.523,POINT Z (468289.979 4313332.1280000005 2418.523)
314,314,315,,468288.935,4313333.425,2422.3,,-105.36605016,38.96839831,2408.275,Global,0.013,0.012,0.012,0.018,1.734,m,FIX,RTK,2025-07-11 12:41:52.0 UTC-06:00,2025-07-11 12:41:55.0 UTC-06:00,16,1.4,1.6,468407.689,4313300.453,2428.563,-105.36467784,38.96810549,2414.536,123.424,,NAD83(2011) / UTM zone 13N + NAVD88(GEOID18) height,7,6,6,5,0,4313332.342,468290.023,2418.9500000000003,POINT Z (468290.023 4313332.342 2418.9500000000003)
315,315,316,,468288.888,4313333.651,2422.368,,-105.36605071,38.96840034,2408.343,Global,0.01,0.011,0.01,0.015,1.734,m,FIX,RTK,2025-07-11 12:42:06.2 UTC-06:00,2025-07-11 12:42:09.2 UTC-06:00,16,1.2,1.4,468407.689,4313300.453,2428.563,-105.36467784,38.96810549,2414.536,123.53,,NAD83(2011) / UTM zone 13N + NAVD88(GEOID18) height,7,6,7,5,0,4313332.568,468289.97599999997,2419.018,POINT Z (468289.97599999997 4313332.568 2419.018)
316,316,317,,468288.858,4313333.868,2422.363,,-105.36605106,38.9684023,2408.338,Global,0.011,0.011,0.011,0.015,1.734,m,FIX,RTK,2025-07-11 12:42:20.0 UTC-06:00,2025-07-11 12:42:23.0 UTC-06:00,16,1.2,1.4,468407.689,4313300.453,2428.563,-105.36467784,38.96810549,2414.536,123.617,,NAD83(2011) / UTM zone 13N + NAVD88(GEOID18) height,7,6,7,5,0,4313332.785,468289.946,2419.013,POINT Z (468289.946 4313332.785 2419.013)
317,317,318,,468288.84,4313334.07,2422.482,,-105.36605127,38.96840412,2408.457,Global,0.011,0.012,0.012,0.016,1.734,m,FIX,RTK,2025-07-11 12:43:20.0 UTC-06:00,2025-07-11 12:43:50.0 UTC-06:00,151,1.3,1.6,468407.689,4313300.453,2428.563,-105.36467784,38.96810549,2414.536,123.677,,NAD83(2011) / UTM zone 13N + NAVD88(GEOID18) height,7,6,7,5,0,4313332.987000001,468289.928,2419.132,POINT Z (468289.928 4313332.987000001 2419.132)
318,318,319,,468288.844,4313334.063,2422.477,,-105.36605123,38.96840406,2408.452,Global,0.01,0.011,0.01,0.015,1.734,m,FIX,RTK,2025-07-11 12:44:03.6 UTC-06:00,2025-07-11 12:44:06.6 UTC-06:00,16,1.2,1.4,468407.689,4313300.453,2428.563,-105.36467784,38.96810549,2414.536,123.675,,NAD83(2011) / UTM zone 13N + NAVD88(GEOID18) height,7,6,7,5,0,4313332.98,468289.932,2419.127,POINT Z (468289.932 4313332.98 2419.127)
319,319,320,,468288.672,4313333.995,2422.468,,-105.36605321,38.96840344,2408.444,Global,0.011,0.01,0.011,0.015,1.734,m,FIX,RTK,2025-07-11 12:44:17.6 UTC-06:00,2025-07-11 12:44:20.6 UTC-06:00,16,1.2,1.4,468407.689,4313300.453,2428.563,-105.36467784,38.96810549,2414.536,123.821,,NAD83(2011) / UTM zone 13N + NAVD88(GEOID18) height,7,6,7,5,0,4313332.9120000005,468289.76,2419.118,POINT Z (468289.76 4313332.9120000005 2419.118)
320,320,321,,468288.921,4313333.891,2422.366,,-105.36605033,38.96840251,2408.341,Global,0.01,0.011,0.011,0.015,1.734,m,FIX,RTK,2025-07-11 12:44:32.8 UTC-06:00,2025-07-11 12:44:35.8 UTC-06:00,16,1.2,1.4,468407.689,4313300.453,2428.563,-105.36467784,38.96810549,2414.536,123.564,,NAD83(2011) / UTM zone 13N + NAVD88(GEOID18) height,7,6,7,5,0,4313332.808,468290.00899999996,2419.016,POINT Z (468290.00899999996 4313332.808 2419.016)
321,321,322,,468288.997,4313334.145,2422.441,,-105.36604947,38.9684048,2408.416,Global,0.01,0.011,0.011,0.015,1.734,m,FIX,RTK,2025-07-11 12:44:43.0 UTC-06:00,2025-07-11 12:44:46.0 UTC-06:00,16,1.2,1.4,468407.689,4313300.453,2428.563,-105.36467784,38.96810549,2414.536,123.551,,NAD83(2011) / UTM zone 13N + NAVD88(GEOID18) height,7,6,7,5,0,4313333.062,468290.08499999996,2419.091,POINT Z (468290.08499999996 4313333.062 2419.091)
322,322,323,,468288.791,4313334.219,2422.48,,-105.36605185,38.96840546,2408.455,Global,0.01,0.011,0.011,0.015,1.734,m,FIX,RTK,2025-07-11 12:44:53.2 UTC-06:00,2025-07-11 12:44:56.2 UTC-06:00,16,1.2,1.4,468407.689,4313300.453,2428.563,-105.36467784,38.96810549,2414.536,123.766,,NAD83(2011) / UTM zone 13N + NAVD88(GEOID18) height,8,6,6,5,0,4313333.136,468289.879,2419.13,POINT Z (468289.879 4313333.136 2419.13)
323,323,324,,468288.838,4313334.069,2422.476,,-105.36605131,38.96840411,2408.451,Global,0.01,0.011,0.011,0.015,1.734,m,FIX,RTK,2025-07-11 12:45:04.2 UTC-06:00,2025-07-11 12:45:07.2 UTC-06:00,16,1.2,1.4,468407.689,4313300.453,2428.563,-105.36467784,38.96810549,2414.536,123.684,,NAD83(2011) / UTM zone 13N + NAVD88(GEOID18) height,7,6,6,5,0,4313332.9860000005,468289.926,2419.126,POINT Z (468289.926 4313332.9860000005 2419.126)
324,324,325,,468288.67,4313334.857,2422.558,,-105.36605328,38.96841121,2408.533,Global,0.01,0.01,0.012,0.015,1.734,m,FIX,RTK,2025-07-11 12:46:14.8 UTC-06:00,2025-07-11 12:46:17.8 UTC-06:00,16,1.2,1.4,468407.689,4313300.453,2428.563,-105.36467784,38.96810549,2414.536,124.058,,NAD83(2011) / UTM zone 13N + NAVD88(GEOID18) height,7,6,6,5,0,4313333.774,468289.758,2419.208,POINT Z (468289.758 4313333.774 2419.208)
325,325,326,,468288.411,4313335.765,2422.519,,-105.3660563,38.96841938,2408.495,Global,0.01,0.01,0.01,0.014,1.734,m,FIX,RTK,2025-07-11 12:46:40.8 UTC-06:00,2025-07-11 12:46:43.8 UTC-06:00,16,1.2,1.4,468407.689,4313300.453,2428.563,-105.36467784,38.96810549,2414.536,124.564,,NAD83(2011) / UTM zone 13N + NAVD88(GEOID18) height,7,6,6,5,0,4313334.682,468289.499,2419.169,POINT Z (468289.499 4313334.682 2419.169)
326,326,327,,468288.04,4313336.705,2422.524,,-105.36606063,38.96842784,2408.499,Global,0.01,0.011,0.01,0.015,1.734,m,FIX,RTK,2025-07-11 12:46:58.6 UTC-06:00,2025-07-11 12:47:01.6 UTC-06:00,16,1.2,1.4,468407.689,4313300.453,2428.563,-105.36467784,38.96810549,2414.536,125.187,,NAD83(2011) / UTM zone 13N + NAVD88(GEOID18) height,7,6,6,5,0,4313335.622,468289.12799999997,2419.174,POINT Z (468289.12799999997 4313335.622 2419.174)
327,327,328,,468287.73,4313337.635,2422.469,,-105.36606425,38.9684362,2408.444,Global,0.01,0.01,0.011,0.014,1.734,m,FIX,RTK,2025-07-11 12:47:14.4 UTC-06:00,2025-07-11 12:47:17.4 UTC-06:00,16,1.2,1.4,468407.689,4313300.453,2428.563,-105.36467784,38.96810549,2414.536,125.759,,NAD83(2011) / UTM zone 13N + NAVD88(GEOID18) height,7,6,6,5,0,4313336.552,468288.81799999997,2419.119,POINT Z (468288.81799999997 4313336.552 2419.119)
328,328,329,,468287.389,4313338.61,2422.386,,-105.36606824,38.96844498,2408.361,Global,0.01,0.011,0.011,0.015,1.734,m,FIX,RTK,2025-07-11 12:47:30.2 UTC-06:00,2025-07-11 12:47:33.2 UTC-06:00,16,1.2,1.4,468407.689,4313300.453,2428.563,-105.36467784,38.96810549,2414.536,126.383,,NAD83(2011) / UTM zone 13N + NAVD88(GEOID18) height,7,6,6,5,0,4313337.527000001,468288.477,2419.036,POINT Z (468288.477 4313337.527000001 2419.036)
329,329,330,,468287.078,4313339.562,2422.315,,-105.36607187,38.96845355,2408.291,Global,0.01,0.01,0.01,0.015,1.734,m,FIX,RTK,2025-07-11 12:47:40.6 UTC-06:00,2025-07-11 12:47:43.6 UTC-06:00,16,1.2,1.4,468407.689,4313300.453,2428.563,-105.36467784,38.96810549,2414.536,126.97,,NAD83(2011) / UTM zone 13N + NAVD88(GEOID18) height,7,6,6,5,0,4313338.479,468288.16599999997,2418.965,POINT Z (468288.16599999997 4313338.479 2418.965)
330,330,331,,468286.676,4313340.439,2422.178,,-105.36607655,38.96846144,2408.153,Global,0.011,0.01,0.01,0.015,1.734,m,FIX,RTK,2025-07-11 12:47:54.4 UTC-06:00,2025-07-11 12:47:57.4 UTC-06:00,16,1.2,1.4,468407.689,4313300.453,2428.563,-105.36467784,38.96810549,2414.536,127.635,,NAD83(2011) / UTM zone 13N + NAVD88(GEOID18) height,8,6,6,5,0,4313339.356000001,468287.76399999997,2418.828,POINT Z (468287.76399999997 4313339.356000001 2418.828)
331,331,332,,468286.338,4313341.417,2422.176,,-105.3660805,38.96847024,2408.152,Global,0.011,0.011,0.01,0.015,1.734,m,FIX,RTK,2025-07-11 12:48:07.2 UTC-06:00,2025-07-11 12:48:10.2 UTC-06:00,16,1.2,1.4,468407.689,4313300.453,2428.563,-105.36467784,38.96810549,2414.536,128.262,,NAD83(2011) / UTM zone 13N + NAVD88(GEOID18) height,7,6,6,5,0,4313340.334000001,468287.426,2418.826,POINT Z (468287.426 4313340.334000001 2418.826)
332,332,333,,468285.919,4313342.308,2422.17,,-105.36608538,38.96847825,2408.145,Global,0.01,0.01,0.013,0.015,1.734,m,FIX,RTK,2025-07-11 12:48:25.6 UTC-06:00,2025-07-11 12:48:28.6 UTC-06:00,16,1.4,1.7,468407.689,4313300.453,2428.563,-105.36467784,38.96810549,2414.536,128.945,,NAD83(2011) / UTM zone 13N + NAVD88(GEOID18) height,7,6,6,5,0,4313341.225000001,468287.007,2418.82,POINT Z (468287.007 4313341.225000001 2418.82)
333,333,334,,468285.584,4313343.233,2422.209,,-105.36608929,38.96848657,2408.184,Global,0.011,0.01,0.011,0.015,1.734,m,FIX,RTK,2025-07-11 12:48:39.0 UTC-06:00,2025-07-11 12:48:42.0 UTC-06:00,16,1.4,1.7,468407.689,4313300.453,2428.563,-105.36467784,38.96810549,2414.536,129.567,,NAD83(2011) / UTM zone 13N + NAVD88(GEOID18) height,7,6,6,5,0,4313342.15,468286.67199999996,2418.859,POINT Z (468286.67199999996 4313342.15 2418.859)
334,334,335,,468285.21,4313344.159,2422.224,,-105.36609365,38.9684949,2408.199,Global,0.01,0.013,0.011,0.017,1.734,m,FIX,RTK,2025-07-11 12:48:50.4 UTC-06:00,2025-07-11 12:48:53.4 UTC-06:00,16,1.4,1.7,468407.689,4313300.453,2428.563,-105.36467784,38.96810549,2414.536,130.223,,NAD83(2011) / UTM zone 13N + NAVD88(GEOID18) height,7,6,6,5,0,4313343.076,468286.298,2418.8740000000003,POINT Z (468286.298 4313343.076 2418.8740000000003)
335,335,336,,468284.755,4313345.051,2422.208,,-105.36609895,38.96850293,2408.183,Global,0.015,0.01,0.011,0.018,1.734,m,FIX,RTK,2025-07-11 12:49:03.0 UTC-06:00,2025-07-11 12:49:06.0 UTC-06:00,16,1.4,1.7,468407.689,4313300.453,2428.563,-105.36467784,38.96810549,2414.536,130.96,,NAD83(2011) / UTM zone 13N + NAVD88(GEOID18) height,7,6,7,5,0,4313343.968,468285.843,2418.858,POINT Z (468285.843 4313343.968 2418.858)
336,336,337,,468284.456,4313345.976,2422.205,,-105.36610243,38.96851125,2408.18,Global,0.011,0.011,0.01,0.015,1.734,m,FIX,RTK,2025-07-11 12:49:14.8 UTC-06:00,2025-07-11 12:49:17.8 UTC-06:00,16,1.4,1.7,468407.689,4313300.453,2428.563,-105.36467784,38.96810549,2414.536,131.552,,NAD83(2011) / UTM zone 13N + NAVD88(GEOID18) height,7,6,7,5,0,4313344.893,468285.544,2418.855,POINT Z (468285.544 4313344.893 2418.855)
337,337,338,,468284.056,4313346.898,2422.181,,-105.3661071,38.96851955,2408.156,Global,0.011,0.011,0.011,0.015,1.734,m,FIX,RTK,2025-07-11 12:49:25.2 UTC-06:00,2025-07-11 12:49:28.2 UTC-06:00,16,1.4,1.7,468407.689,4313300.453,2428.563,-105.36467784,38.96810549,2414.536,132.254,,NAD83(2011) / UTM zone 13N + NAVD88(GEOID18) height,7,6,7,5,0,4313345.815,468285.144,2418.831,POINT Z (468285.144 4313345.815 2418.831)
338,338,339,,468283.639,4313347.858,2422.153,,-105.36611196,38.96852818,2408.128,Global,0.013,0.01,0.01,0.017,1.734,m,FIX,RTK,2025-07-11 12:49:36.4 UTC-06:00,2025-07-11 12:49:39.4 UTC-06:00,16,1.3,1.6,468407.689,4313300.453,2428.563,-105.36467784,38.96810549,2414.536,132.987,,NAD83(2011) / UTM zone 13N + NAVD88(GEOID18) height,7,6,7,5,0,4313346.775,468284.727,2418.803,POINT Z (468284.727 4313346.775 2418.803)
339,339,340,,468283.249,4313348.755,2422.142,,-105.3661165,38.96853625,2408.117,Global,0.01,0.01,0.011,0.015,1.734,m,FIX,RTK,2025-07-11 12:49:48.6 UTC-06:00,2025-07-11 12:49:51.6 UTC-06:00,16,1.3,1.6,468407.689,4313300.453,2428.563,-105.36467784,38.96810549,2414.536,133.672,,NAD83(2011) / UTM zone 13N + NAVD88(GEOID18) height,7,6,6,5,0,4313347.672,468284.337,2418.792,POINT Z (468284.337 4313347.672 2418.792)
340,340,341,,468282.728,4313349.667,2422.167,,-105.36612255,38.96854445,2408.143,Global,0.01,0.012,0.01,0.016,1.734,m,FIX,RTK,2025-07-11 12:50:03.6 UTC-06:00,2025-07-11 12:50:06.6 UTC-06:00,16,1.3,1.5,468407.689,4313300.453,2428.563,-105.36467784,38.96810549,2414.536,134.488,,NAD83(2011) / UTM zone 13N + NAVD88(GEOID18) height,7,6,6,5,0,4313348.584000001,468283.816,2418.817,POINT Z (468283.816 4313348.584000001 2418.817)
341,341,342,,468282.285,4313350.455,2422.261,,-105.36612771,38.96855154,2408.237,Global,0.011,0.011,0.013,0.016,1.734,m,FIX,RTK,2025-07-11 12:50:15.4 UTC-06:00,2025-07-11 12:50:18.4 UTC-06:00,16,1.3,1.5,468407.689,4313300.453,2428.563,-105.36467784,38.96810549,2414.536,135.187,,NAD83(2011) / UTM zone 13N + NAVD88(GEOID18) height,7,6,6,5,0,4313349.372,468283.37299999996,2418.911,POINT Z (468283.37299999996 4313349.372 2418.911)
342,342,343,,468281.836,4313351.395,2422.467,,-105.36613293,38.96855998,2408.443,Global,0.012,0.011,0.011,0.016,1.734,m,FIX,RTK,2025-07-11 12:50:34.8 UTC-06:00,2025-07-11 12:50:37.8 UTC-06:00,16,1.3,1.5,468407.689,4313300.453,2428.563,-105.36467784,38.96810549,2414.536,135.957,,NAD83(2011) / UTM zone 13N + NAVD88(GEOID18) height,7,6,6,5,0,4313350.312,468282.924,2419.117,POINT Z (468282.924 4313350.312 2419.117)
343,343,344,,468281.457,4313352.391,2422.598,,-105.36613736,38.96856895,2408.573,Global,0.013,0.012,0.012,0.018,1.734,m,FIX,RTK,2025-07-11 12:50:58.2 UTC-06:00,2025-07-11 12:51:01.2 UTC-06:00,16,1.3,1.5,468407.689,4313300.453,2428.563,-105.36467784,38.96810549,2414.536,136.666,,NAD83(2011) / UTM zone 13N + NAVD88(GEOID18) height,7,6,7,5,0,4313351.308,468282.545,2419.248,POINT Z (468282.545 4313351.308 2419.248)
344,344,345,,468280.956,4313353.097,2422.673,,-105.36614317,38.96857529,2408.649,Global,0.01,0.011,0.013,0.015,1.734,m,FIX,RTK,2025-07-11 12:51:13.2 UTC-06:00,2025-07-11 12:51:16.2 UTC-06:00,16,1.3,1.6,468407.689,4313300.453,2428.563,-105.36467784,38.96810549,2414.536,137.406,,NAD83(2011) / UTM zone 13N + NAVD88(GEOID18) height,7,6,6,5,0,4313352.014,468282.044,2419.323,POINT Z (468282.044 4313352.014 2419.323)
345,345,346,,468280.439,4313354.002,2422.921,,-105.36614918,38.96858343,2408.897,Global,0.011,0.011,0.014,0.016,1.734,m,FIX,RTK,2025-07-11 12:51:25.2 UTC-06:00,2025-07-11 12:51:28.2 UTC-06:00,16,1.5,1.8,468407.689,4313300.453,2428.563,-105.36467784,38.96810549,2414.536,138.229,,NAD83(2011) / UTM zone 13N + NAVD88(GEOID18) height,7,6,7,5,0,4313352.919000001,468281.527,2419.571,POINT Z (468281.527 4313352.919000001 2419.571)
346,346,347,,468279.902,4313354.86,2423.093,,-105.36615542,38.96859115,2409.068,Global,0.011,0.011,0.011,0.016,1.734,m,FIX,RTK,2025-07-11 12:51:37.2 UTC-06:00,2025-07-11 12:51:40.2 UTC-06:00,16,1.3,1.5,468407.689,4313300.453,2428.563,-105.36467784,38.96810549,2414.536,139.036,,NAD83(2011) / UTM zone 13N + NAVD88(GEOID18) height,7,6,7,5,0,4313353.777000001,468280.99,2419.743,POINT Z (468280.99 4313353.777000001 2419.743)
347,347,348,,468279.444,4313355.687,2423.221,,-105.36616074,38.96859858,2409.197,Global,0.01,0.012,0.012,0.016,1.734,m,FIX,RTK,2025-07-11 12:51:49.0 UTC-06:00,2025-07-11 12:51:52.0 UTC-06:00,16,1.3,1.5,468407.689,4313300.453,2428.563,-105.36467784,38.96810549,2414.536,139.783,,NAD83(2011) / UTM zone 13N + NAVD88(GEOID18) height,7,6,7,5,0,4313354.604,468280.532,2419.871,POINT Z (468280.532 4313354.604 2419.871)
348,348,349,,468279.131,4313356.647,2423.459,,-105.3661644,38.96860722,2409.434,Global,0.011,0.012,0.012,0.016,1.734,m,FIX,RTK,2025-07-11 12:53:14.6 UTC-06:00,2025-07-11 12:53:17.6 UTC-06:00,16,1.3,1.6,468407.689,4313300.453,2428.563,-105.36467784,38.96810549,2414.536,140.457,,NAD83(2011) / UTM zone 13N + NAVD88(GEOID18) height,7,6,6,5,0,4313355.564,468280.219,2420.109,POINT Z (468280.219 4313355.564 2420.109)
349,349,350,,468278.624,4313357.428,2423.729,,-105.36617029,38.96861424,2409.704,Global,0.012,0.011,0.01,0.016,1.734,m,FIX,RTK,2025-07-11 12:53:25.0 UTC-06:00,2025-07-11 12:53:28.0 UTC-06:00,16,1.3,1.6,468407.689,4313300.453,2428.563,-105.36467784,38.96810549,2414.536,141.227,,NAD83(2011) / UTM zone 13N + NAVD88(GEOID18) height,7,6,7,5,0,4313356.345000001,468279.712,2420.379,POINT Z (468279.712 4313356.345000001 2420.379)
350,350,351,,468278.098,4313358.256,2423.947,,-105.3661764,38.96862168,2409.923,Global,0.011,0.01,0.012,0.015,1.734,m,FIX,RTK,2025-07-11 12:53:36.0 UTC-06:00,2025-07-11 12:53:39.0 UTC-06:00,16,1.3,1.6,468407.689,4313300.453,2428.563,-105.36467784,38.96810549,2414.536,142.034,,NAD83(2011) / UTM zone 13N + NAVD88(GEOID18) height,7,6,7,5,0,4313357.173,468279.186,2420.597,POINT Z (468279.186 4313357.173 2420.597)
351,351,352,,468277.673,4313359.2,2424.217,,-105.36618135,38.96863016,2410.192,Global,0.011,0.011,0.01,0.015,1.734,m,FIX,RTK,2025-07-11 12:53:47.6 UTC-06:00,2025-07-11 12:53:50.6 UTC-06:00,16,1.3,1.5,468407.689,4313300.453,2428.563,-105.36467784,38.96810549,2414.536,142.801,,NAD83(2011) / UTM zone 13N + NAVD88(GEOID18) height,7,6,6,5,0,4313358.117000001,468278.761,2420.867,POINT Z (468278.761 4313358.117000001 2420.867)
352,352,353,,468279.984,4313355.616,2423.19,,-105.36615451,38.96859796,2409.166,Global,0.011,0.011,0.011,0.015,1.734,m,FIX,RTK,2025-07-11 12:57:20.0 UTC-06:00,2025-07-11 12:57:50.0 UTC-06:00,151,1.3,1.5,468407.689,4313300.453,2428.563,-105.36467784,38.96810549,2414.536,139.269,,NAD83(2011) / UTM zone 13N + NAVD88(GEOID18) height,8,6,6,5,0,4313354.533000001,468281.072,2419.84,POINT Z (468281.072 4313354.533000001 2419.84)
353,353,354,,468279.986,4313355.617,2423.203,,-105.36615449,38.96859797,2409.178,Global,0.01,0.01,0.01,0.014,1.734,m,FIX,RTK,2025-07-11 12:58:01.6 UTC-06:00,2025-07-11 12:58:04.6 UTC-06:00,16,1.3,1.5,468407.689,4313300.453,2428.563,-105.36467784,38.96810549,2414.536,139.264,,NAD83(2011) / UTM zone 13N + NAVD88(GEOID18) height,8,6,6,5,0,4313354.534,468281.07399999996,2419.853,POINT Z (468281.07399999996 4313354.534 2419.853)
354,354,355,,468279.817,4313355.555,2423.16,,-105.36615643,38.9685974,2409.136,Global,0.011,0.011,0.011,0.015,1.734,m,FIX,RTK,2025-07-11 12:58:12.4 UTC-06:00,2025-07-11 12:58:15.4 UTC-06:00,16,1.3,1.5,468407.689,4313300.453,2428.563,-105.36467784,38.96810549,2414.536,139.404,,NAD83(2011) / UTM zone 13N + NAVD88(GEOID18) height,8,6,6,5,0,4313354.472,468280.90499999997,2419.81,POINT Z (468280.90499999997 4313354.472 2419.81)
355,355,356,,468280.059,4313355.489,2423.133,,-105.36615364,38.96859681,2409.108,Global,0.01,0.01,0.01,0.015,1.734,m,FIX,RTK,2025-07-11 12:58:21.2 UTC-06:00,2025-07-11 12:58:24.2 UTC-06:00,16,1.3,1.6,468407.689,4313300.453,2428.563,-105.36467784,38.96810549,2414.536,139.144,,NAD83(2011) / UTM zone 13N + NAVD88(GEOID18) height,8,6,6,5,0,4313354.406,468281.147,2419.783,POINT Z (468281.147 4313354.406 2419.783)
356,356,357,,468280.172,4313355.734,2423.182,,-105.36615234,38.96859903,2409.157,Global,0.01,0.01,0.01,0.015,1.734,m,FIX,RTK,2025-07-11 12:58:29.4 UTC-06:00,2025-07-11 12:58:32.4 UTC-06:00,16,1.3,1.6,468407.689,4313300.453,2428.563,-105.36467784,38.96810549,2414.536,139.137,,NAD83(2011) / UTM zone 13N + NAVD88(GEOID18) height,8,6,6,5,0,4313354.651000001,468281.26,2419.832,POINT Z (468281.26 4313354.651000001 2419.832)
357,357,358,,468279.867,4313355.771,2423.175,,-105.36615586,38.96859935,2409.151,Global,0.011,0.01,0.01,0.015,1.734,m,FIX,RTK,2025-07-11 12:58:40.4 UTC-06:00,2025-07-11 12:58:43.4 UTC-06:00,16,1.3,1.6,468407.689,4313300.453,2428.563,-105.36467784,38.96810549,2414.536,139.436,,NAD83(2011) / UTM zone 13N + NAVD88(GEOID18) height,8,6,6,5,0,4313354.688,468280.955,2419.8250000000003,POINT Z (468280.955 4313354.688 2419.8250000000003)
358,358,359,,468279.975,4313355.633,2423.175,,-105.36615461,38.96859811,2409.151,Global,0.012,0.01,0.011,0.016,1.734,m,FIX,RTK,2025-07-11 12:58:55.6 UTC-06:00,2025-07-11 12:58:58.6 UTC-06:00,16,1.3,1.6,468407.689,4313300.453,2428.563,-105.36467784,38.96810549,2414.536,139.287,,NAD83(2011) / UTM zone 13N + NAVD88(GEOID18) height,7,6,6,5,0,4313354.550000001,468281.06299999997,2419.8250000000003,POINT Z (468281.06299999997 4313354.550000001 2419.8250000000003)
359,359,360,,468298.341,4313309.009,2422.944,,-105.36594045,38.96817864,2408.919,Global,0.011,0.01,0.012,0.015,1.734,m,FIX,RTK,2025-07-11 13:07:29.8 UTC-06:00,2025-07-11 13:07:32.8 UTC-06:00,16,1.3,1.6,468407.689,4313300.453,2428.563,-105.36467784,38.96810549,2414.536,109.836,,NAD83(2011) / UTM zone 13N + NAVD88(GEOID18) height,6,6,6,5,0,4313307.926,468299.429,2419.594,POINT Z (468299.429 4313307.926 2419.594)
360,360,361,,468298.455,4313308.583,2423.041,,-105.36593911,38.9681748,2409.016,Global,0.01,0.01,0.011,0.015,1.734,m,FIX,RTK,2025-07-11 13:08:11.8 UTC-06:00,2025-07-11 13:08:14.8 UTC-06:00,16,1.3,1.6,468407.689,4313300.453,2428.563,-105.36467784,38.96810549,2414.536,109.681,,NAD83(2011) / UTM zone 13N + NAVD88(GEOID18) height,8,7,6,5,0,4313307.5,468299.543,2419.6910000000003,POINT Z (468299.543 4313307.5 2419.6910000000003)
361,361,362,,468298.601,4313308.129,2423.113,,-105.36593741,38.96817072,2409.087,Global,0.011,0.01,0.011,0.015,1.734,m,FIX,RTK,2025-07-11 13:08:36.6 UTC-06:00,2025-07-11 13:08:39.6 UTC-06:00,16,1.5,1.8,468407.689,4313300.453,2428.563,-105.36467784,38.96810549,2414.536,109.513,,NAD83(2011) / UTM zone 13N + NAVD88(GEOID18) height,7,7,6,5,0,4313307.046,468299.689,2419.763,POINT Z (468299.689 4313307.046 2419.763)
362,362,363,,468298.811,4313307.657,2423.106,,-105.36593496,38.96816647,2409.08,Global,0.012,0.011,0.011,0.016,1.734,m,FIX,RTK,2025-07-11 13:08:58.4 UTC-06:00,2025-07-11 13:09:01.4 UTC-06:00,16,1.6,1.9,468407.689,4313300.453,2428.563,-105.36467784,38.96810549,2414.536,109.262,,NAD83(2011) / UTM zone 13N + NAVD88(GEOID18) height,6,7,6,5,0,4313306.574,468299.899,2419.7560000000003,POINT Z (468299.899 4313306.574 2419.7560000000003)
363,363,364,,468298.89,4313307.167,2423.16,,-105.36593403,38.96816206,2409.134,Global,0.011,0.011,0.01,0.015,1.734,m,FIX,RTK,2025-07-11 13:09:14.8 UTC-06:00,2025-07-11 13:09:17.8 UTC-06:00,16,1.6,1.9,468407.689,4313300.453,2428.563,-105.36467784,38.96810549,2414.536,109.149,,NAD83(2011) / UTM zone 13N + NAVD88(GEOID18) height,6,6,6,5,0,4313306.084000001,468299.978,2419.81,POINT Z (468299.978 4313306.084000001 2419.81)
364,364,365,,468299.093,4313306.722,2423.149,,-105.36593166,38.96815805,2409.124,Global,0.01,0.01,0.01,0.014,1.734,m,FIX,RTK,2025-07-11 13:09:35.0 UTC-06:00,2025-07-11 13:09:38.0 UTC-06:00,16,1.5,1.8,468407.689,4313300.453,2428.563,-105.36467784,38.96810549,2414.536,108.923,,NAD83(2011) / UTM zone 13N + NAVD88(GEOID18) height,6,6,6,5,0,4313305.639,468300.181,2419.799,POINT Z (468300.181 4313305.639 2419.799)
365,365,366,,468299.302,4313306.297,2423.194,,-105.36592923,38.96815423,2409.169,Global,0.011,0.012,0.01,0.016,1.734,m,FIX,RTK,2025-07-11 13:09:51.0 UTC-06:00,2025-07-11 13:09:54.0 UTC-06:00,16,1.5,1.8,468407.689,4313300.453,2428.563,-105.36467784,38.96810549,2414.536,108.69,,NAD83(2011) / UTM zone 13N + NAVD88(GEOID18) height,7,7,6,5,0,4313305.214000001,468300.39,2419.844,POINT Z (468300.39 4313305.214000001 2419.844)
366,366,367,,468299.431,4313305.837,2423.257,,-105.36592771,38.96815009,2409.232,Global,0.01,0.01,0.01,0.014,1.734,m,FIX,RTK,2025-07-11 13:10:10.4 UTC-06:00,2025-07-11 13:10:13.4 UTC-06:00,16,1.5,1.8,468407.689,4313300.453,2428.563,-105.36467784,38.96810549,2414.536,108.537,,NAD83(2011) / UTM zone 13N + NAVD88(GEOID18) height,6,5,6,5,0,4313304.754000001,468300.519,2419.907,POINT Z (468300.519 4313304.754000001 2419.907)
367,367,368,,468299.629,4313305.369,2423.295,,-105.36592541,38.96814588,2409.27,Global,0.011,0.011,0.011,0.016,1.734,m,FIX,RTK,2025-07-11 13:10:32.4 UTC-06:00,2025-07-11 13:10:35.4 UTC-06:00,16,1.5,1.9,468407.689,4313300.453,2428.563,-105.36467784,38.96810549,2414.536,108.307,,NAD83(2011) / UTM zone 13N + NAVD88(GEOID18) height,7,7,6,5,0,4313304.286,468300.717,2419.945,POINT Z (468300.717 4313304.286 2419.945)
368,368,369,,468299.776,4313304.885,2423.281,,-105.36592369,38.96814153,2409.255,Global,0.01,0.01,0.011,0.014,1.734,m,FIX,RTK,2025-07-11 13:10:59.2 UTC-06:00,2025-07-11 13:11:02.2 UTC-06:00,16,1.5,1.8,468407.689,4313300.453,2428.563,-105.36467784,38.96810549,2414.536,108.147,,NAD83(2011) / UTM zone 13N + NAVD88(GEOID18) height,8,6,6,5,0,4313303.802,468300.864,2419.931,POINT Z (468300.864 4313303.802 2419.931)
369,369,370,,468299.945,4313304.445,2423.243,,-105.36592172,38.96813757,2409.218,Global,0.011,0.01,0.01,0.015,1.734,m,FIX,RTK,2025-07-11 13:11:21.2 UTC-06:00,2025-07-11 13:11:24.2 UTC-06:00,16,1.5,1.8,468407.689,4313300.453,2428.563,-105.36467784,38.96810549,2414.536,107.96,,NAD83(2011) / UTM zone 13N + NAVD88(GEOID18) height,7,7,6,5,0,4313303.362000001,468301.033,2419.893,POINT Z (468301.033 4313303.362000001 2419.893)
370,370,371,,468300.128,4313303.936,2423.341,,-105.36591959,38.96813299,2409.316,Global,0.011,0.01,0.01,0.015,1.734,m,FIX,RTK,2025-07-11 13:11:43.4 UTC-06:00,2025-07-11 13:11:46.4 UTC-06:00,16,1.5,1.8,468407.689,4313300.453,2428.563,-105.36467784,38.96810549,2414.536,107.748,,NAD83(2011) / UTM zone 13N + NAVD88(GEOID18) height,8,7,6,5,0,4313302.853,468301.216,2419.991,POINT Z (468301.216 4313302.853 2419.991)
371,371,372,,468300.356,4313303.54,2423.317,,-105.36591694,38.96812942,2409.291,Global,0.017,0.011,0.01,0.02,1.734,m,FIX,RTK,2025-07-11 13:11:59.6 UTC-06:00,2025-07-11 13:12:02.6 UTC-06:00,16,1.5,1.8,468407.689,4313300.453,2428.563,-105.36467784,38.96810549,2414.536,107.505,,NAD83(2011) / UTM zone 13N + NAVD88(GEOID18) height,7,7,6,5,0,4313302.457,468301.444,2419.967,POINT Z (468301.444 4313302.457 2419.967)
372,372,373,,468300.555,4313303.043,2423.27,,-105.36591461,38.96812495,2409.244,Global,0.013,0.012,0.011,0.017,1.734,m,FIX,RTK,2025-07-11 13:12:18.0 UTC-06:00,2025-07-11 13:12:21.0 UTC-06:00,16,1.5,1.8,468407.689,4313300.453,2428.563,-105.36467784,38.96810549,2414.536,107.314,,NAD83(2011) / UTM zone 13N + NAVD88(GEOID18) height,7,6,6,5,0,4313301.96,468301.643,2419.92,POINT Z (468301.643 4313301.96 2419.92)
373,373,374,,468300.712,4313302.558,2423.291,,-105.36591278,38.96812059,2409.266,Global,0.011,0.011,0.01,0.016,1.734,m,FIX,RTK,2025-07-11 13:12:37.6 UTC-06:00,2025-07-11 13:12:40.6 UTC-06:00,16,1.5,1.8,468407.689,4313300.453,2428.563,-105.36467784,38.96810549,2414.536,107.129,,NAD83(2011) / UTM zone 13N + NAVD88(GEOID18) height,8,7,6,5,0,4313301.475000001,468301.8,2419.9410000000003,POINT Z (468301.8 4313301.475000001 2419.9410000000003)
374,374,375,,468300.892,4313302.107,2423.262,,-105.36591067,38.96811653,2409.236,Global,0.011,0.011,0.01,0.015,1.734,m,FIX,RTK,2025-07-11 13:12:57.2 UTC-06:00,2025-07-11 13:13:00.2 UTC-06:00,16,1.5,1.8,468407.689,4313300.453,2428.563,-105.36467784,38.96810549,2414.536,106.952,,NAD83(2011) / UTM zone 13N + NAVD88(GEOID18) height,8,7,6,5,0,4313301.024,468301.98,2419.9120000000003,POINT Z (468301.98 4313301.024 2419.9120000000003)
375,375,376,,468301.007,4313301.627,2423.195,,-105.36590933,38.96811221,2409.169,Global,0.01,0.01,0.01,0.015,1.734,m,FIX,RTK,2025-07-11 13:13:21.4 UTC-06:00,2025-07-11 13:13:24.4 UTC-06:00,16,1.5,1.8,468407.689,4313300.453,2428.563,-105.36467784,38.96810549,2414.536,106.834,,NAD83(2011) / UTM zone 13N + NAVD88(GEOID18) height,8,7,7,5,0,4313300.544000001,468302.095,2419.8450000000003,POINT Z (468302.095 4313300.544000001 2419.8450000000003)
376,376,377,,468301.231,4313301.202,2423.304,,-105.36590672,38.96810839,2409.279,Global,0.011,0.01,0.01,0.015,1.734,m,FIX,RTK,2025-07-11 13:13:51.0 UTC-06:00,2025-07-11 13:13:54.0 UTC-06:00,16,1.5,1.8,468407.689,4313300.453,2428.563,-105.36467784,38.96810549,2414.536,106.612,,NAD83(2011) / UTM zone 13N + NAVD88(GEOID18) height,7,5,7,5,0,4313300.119,468302.319,2419.954,POINT Z (468302.319 4313300.119 2419.954)
377,377,378,,468301.385,4313300.738,2423.199,,-105.36590493,38.96810421,2409.174,Global,0.012,0.011,0.011,0.016,1.734,m,FIX,RTK,2025-07-11 13:14:14.6 UTC-06:00,2025-07-11 13:14:17.6 UTC-06:00,16,1.5,1.8,468407.689,4313300.453,2428.563,-105.36467784,38.96810549,2414.536,106.453,,NAD83(2011) / UTM zone 13N + NAVD88(GEOID18) height,7,7,6,5,0,4313299.655,468302.473,2419.849,POINT Z (468302.473 4313299.655 2419.849)
378,378,379,,468301.534,4313300.235,2423.188,,-105.36590319,38.96809969,2409.162,Global,0.01,0.01,0.01,0.015,1.734,m,FIX,RTK,2025-07-11 13:14:28.4 UTC-06:00,2025-07-11 13:14:31.4 UTC-06:00,16,1.5,1.8,468407.689,4313300.453,2428.563,-105.36467784,38.96810549,2414.536,106.299,,NAD83(2011) / UTM zone 13N + NAVD88(GEOID18) height,7,7,7,5,0,4313299.152000001,468302.622,2419.838,POINT Z (468302.622 4313299.152000001 2419.838)
379,379,380,,468301.738,4313299.751,2423.171,,-105.36590081,38.96809533,2409.146,Global,0.011,0.011,0.01,0.015,1.734,m,FIX,RTK,2025-07-11 13:14:49.0 UTC-06:00,2025-07-11 13:14:52.0 UTC-06:00,16,1.5,1.8,468407.689,4313300.453,2428.563,-105.36467784,38.96810549,2414.536,106.1,,NAD83(2011) / UTM zone 13N + NAVD88(GEOID18) height,8,7,7,5,0,4313298.6680000005,468302.826,2419.821,POINT Z (468302.826 4313298.6680000005 2419.821)
380,380,381,,468301.898,4313299.315,2423.146,,-105.36589894,38.96809141,2409.121,Global,0.01,0.011,0.01,0.015,1.734,m,FIX,RTK,2025-07-11 13:15:04.4 UTC-06:00,2025-07-11 13:15:07.4 UTC-06:00,16,1.5,1.8,468407.689,4313300.453,2428.563,-105.36467784,38.96810549,2414.536,105.938,,NAD83(2011) / UTM zone 13N + NAVD88(GEOID18) height,8,7,7,5,0,4313298.232000001,468302.986,2419.7960000000003,POINT Z (468302.986 4313298.232000001 2419.7960000000003)
381,381,382,,468302.101,4313298.851,2423.153,,-105.36589658,38.96808723,2409.127,Global,0.011,0.01,0.01,0.015,1.734,m,FIX,RTK,2025-07-11 13:15:21.0 UTC-06:00,2025-07-11 13:15:24.0 UTC-06:00,16,1.3,1.5,468407.689,4313300.453,2428.563,-105.36467784,38.96810549,2414.536,105.737,,NAD83(2011) / UTM zone 13N + NAVD88(GEOID18) height,8,6,6,5,0,4313297.768,468303.189,2419.803,POINT Z (468303.189 4313297.768 2419.803)
382,382,383,,468302.298,4313298.386,2423.142,,-105.36589428,38.96808306,2409.117,Global,0.01,0.01,0.01,0.015,1.734,m,FIX,RTK,2025-07-11 13:15:35.0 UTC-06:00,2025-07-11 13:15:38.0 UTC-06:00,16,1.3,1.5,468407.689,4313300.453,2428.563,-105.36467784,38.96810549,2414.536,105.558,,NAD83(2011) / UTM zone 13N + NAVD88(GEOID18) height,8,6,7,5,0,4313297.303,468303.386,2419.792,POINT Z (468303.386 4313297.303 2419.792)
383,383,384,,468302.42,4313297.926,2423.097,,-105.36589285,38.96807891,2409.072,Global,0.012,0.011,0.011,0.016,1.734,m,FIX,RTK,2025-07-11 13:15:51.6 UTC-06:00,2025-07-11 13:15:54.6 UTC-06:00,16,1.3,1.5,468407.689,4313300.453,2428.563,-105.36467784,38.96810549,2414.536,105.451,,NAD83(2011) / UTM zone 13N + NAVD88(GEOID18) height,8,6,7,5,0,4313296.843,468303.508,2419.7470000000003,POINT Z (468303.508 4313296.843 2419.7470000000003)
384,384,385,,468302.653,4313297.459,2423.054,,-105.36589013,38.96807472,2409.028,Global,0.01,0.011,0.01,0.015,1.734,m,FIX,RTK,2025-07-11 13:16:08.2 UTC-06:00,2025-07-11 13:16:11.2 UTC-06:00,16,1.3,1.5,468407.689,4313300.453,2428.563,-105.36467784,38.96810549,2414.536,105.228,,NAD83(2011) / UTM zone 13N + NAVD88(GEOID18) height,8,6,7,5,0,4313296.376,468303.741,2419.704,POINT Z (468303.741 4313296.376 2419.704)
385,385,386,,468302.795,4313296.974,2423.02,,-105.36588848,38.96807035,2408.994,Global,0.011,0.01,0.01,0.015,1.734,m,FIX,RTK,2025-07-11 13:16:27.4 UTC-06:00,2025-07-11 13:16:30.4 UTC-06:00,16,1.3,1.5,468407.689,4313300.453,2428.563,-105.36467784,38.96810549,2414.536,105.107,,NAD83(2011) / UTM zone 13N + NAVD88(GEOID18) height,8,6,7,5,0,4313295.891000001,468303.883,2419.67,POINT Z (468303.883 4313295.891000001 2419.67)
386,386,387,,468302.99,4313296.485,2423.061,,-105.3658862,38.96806594,2409.035,Global,0.011,0.012,0.011,0.016,1.734,m,FIX,RTK,2025-07-11 13:16:43.2 UTC-06:00,2025-07-11 13:16:46.2 UTC-06:00,16,1.3,1.5,468407.689,4313300.453,2428.563,-105.36467784,38.96810549,2414.536,104.922,,NAD83(2011) / UTM zone 13N + NAVD88(GEOID18) height,8,6,7,5,0,4313295.402000001,468304.078,2419.7110000000002,POINT Z (468304.078 4313295.402000001 2419.7110000000002)
387,387,388,,468303.107,4313296.048,2423.074,,-105.36588483,38.96806201,2409.048,Global,0.011,0.011,0.011,0.016,1.734,m,FIX,RTK,2025-07-11 13:17:11.8 UTC-06:00,2025-07-11 13:17:14.8 UTC-06:00,16,1.3,1.5,468407.689,4313300.453,2428.563,-105.36467784,38.96810549,2414.536,104.833,,NAD83(2011) / UTM zone 13N + NAVD88(GEOID18) height,8,6,7,5,0,4313294.965000001,468304.195,2419.724,POINT Z (468304.195 4313294.965000001 2419.724)
388,388,389,,468303.33,4313295.636,2423.016,,-105.36588224,38.96805831,2408.991,Global,0.011,0.01,0.01,0.015,1.734,m,FIX,RTK,2025-07-11 13:17:34.6 UTC-06:00,2025-07-11 13:17:37.6 UTC-06:00,16,1.3,1.5,468407.689,4313300.453,2428.563,-105.36467784,38.96810549,2414.536,104.621,,NAD83(2011) / UTM zone 13N + NAVD88(GEOID18) height,8,6,7,5,0,4313294.553,468304.418,2419.666,POINT Z (468304.418 4313294.553 2419.666)
389,389,390,,468303.545,4313295.139,2422.995,,-105.36587974,38.96805384,2408.969,Global,0.01,0.01,0.01,0.015,1.734,m,FIX,RTK,2025-07-11 13:17:52.8 UTC-06:00,2025-07-11 13:17:55.8 UTC-06:00,16,1.3,1.5,468407.689,4313300.453,2428.563,-105.36467784,38.96810549,2414.536,104.432,,NAD83(2011) / UTM zone 13N + NAVD88(GEOID18) height,8,6,7,5,0,4313294.056000001,468304.633,2419.645,POINT Z (468304.633 4313294.056000001 2419.645)
390,390,391,,468303.691,4313294.647,2423.001,,-105.36587802,38.96804941,2408.975,Global,0.01,0.01,0.01,0.015,1.734,m,FIX,RTK,2025-07-11 13:18:09.6 UTC-06:00,2025-07-11 13:18:12.6 UTC-06:00,16,1.3,1.5,468407.689,4313300.453,2428.563,-105.36467784,38.96810549,2414.536,104.315,,NAD83(2011) / UTM zone 13N + NAVD88(GEOID18) height,8,6,7,5,0,4313293.564,468304.779,2419.6510000000003,POINT Z (468304.779 4313293.564 2419.6510000000003)
391,391,392,,468303.951,4313294.194,2422.943,,-105.365875,38.96804533,2408.917,Global,0.01,0.011,0.01,0.016,1.734,m,FIX,RTK,2025-07-11 13:18:23.0 UTC-06:00,2025-07-11 13:18:26.0 UTC-06:00,16,1.3,1.5,468407.689,4313300.453,2428.563,-105.36467784,38.96810549,2414.536,104.08,,NAD83(2011) / UTM zone 13N + NAVD88(GEOID18) height,8,6,7,5,0,4313293.1110000005,468305.039,2419.5930000000003,POINT Z (468305.039 4313293.1110000005 2419.5930000000003)
392,392,393,,468304.076,4313293.759,2422.904,,-105.36587354,38.96804142,2408.879,Global,0.01,0.01,0.01,0.014,1.734,m,FIX,RTK,2025-07-11 13:18:49.2 UTC-06:00,2025-07-11 13:18:52.2 UTC-06:00,16,1.3,1.5,468407.689,4313300.453,2428.563,-105.36467784,38.96810549,2414.536,103.981,,NAD83(2011) / UTM zone 13N + NAVD88(GEOID18) height,8,6,7,5,0,4313292.676,468305.164,2419.554,POINT Z (468305.164 4313292.676 2419.554)
393,393,394,,468304.346,4313293.319,2422.825,,-105.36587041,38.96803746,2408.8,Global,0.01,0.012,0.011,0.016,1.734,m,FIX,RTK,2025-07-11 13:19:03.6 UTC-06:00,2025-07-11 13:19:06.6 UTC-06:00,16,1.3,1.5,468407.689,4313300.453,2428.563,-105.36467784,38.96810549,2414.536,103.744,,NAD83(2011) / UTM zone 13N + NAVD88(GEOID18) height,8,6,7,5,0,4313292.2360000005,468305.434,2419.475,POINT Z (468305.434 4313292.2360000005 2419.475)
394,394,395,,468304.547,4313292.855,2422.774,,-105.36586806,38.96803329,2408.749,Global,0.012,0.01,0.01,0.016,1.734,m,FIX,RTK,2025-07-11 13:19:21.4 UTC-06:00,2025-07-11 13:19:24.4 UTC-06:00,16,1.4,1.7,468407.689,4313300.453,2428.563,-105.36467784,38.96810549,2414.536,103.571,,NAD83(2011) / UTM zone 13N + NAVD88(GEOID18) height,7,6,7,5,0,4313291.772000001,468305.635,2419.424,POINT Z (468305.635 4313291.772000001 2419.424)
395,395,396,,468304.692,4313292.379,2422.698,,-105.36586637,38.96802901,2408.673,Global,0.011,0.011,0.01,0.015,1.734,m,FIX,RTK,2025-07-11 13:19:39.0 UTC-06:00,2025-07-11 13:19:42.0 UTC-06:00,16,1.2,1.4,468407.689,4313300.453,2428.563,-105.36467784,38.96810549,2414.536,103.467,,NAD83(2011) / UTM zone 13N + NAVD88(GEOID18) height,9,6,7,5,0,4313291.296,468305.77999999997,2419.348,POINT Z (468305.77999999997 4313291.296 2419.348)
396,396,397,,468304.959,4313291.952,2422.591,,-105.36586327,38.96802517,2408.565,Global,0.01,0.011,0.01,0.015,1.734,m,FIX,RTK,2025-07-11 13:19:58.2 UTC-06:00,2025-07-11 13:20:01.2 UTC-06:00,16,1.3,1.5,468407.689,4313300.453,2428.563,-105.36467784,38.96810549,2414.536,103.255,,NAD83(2011) / UTM zone 13N + NAVD88(GEOID18) height,9,6,7,5,0,4313290.869,468306.04699999996,2419.241,POINT Z (468306.04699999996 4313290.869 2419.241)
397,397,398,,468305.141,4313291.553,2422.517,,-105.36586115,38.96802158,2408.491,Global,0.011,0.01,0.01,0.015,1.734,m,FIX,RTK,2025-07-11 13:20:15.0 UTC-06:00,2025-07-11 13:20:18.0 UTC-06:00,16,1.3,1.5,468407.689,4313300.453,2428.563,-105.36467784,38.96810549,2414.536,103.101,,NAD83(2011) / UTM zone 13N + NAVD88(GEOID18) height,8,5,7,5,0,4313290.470000001,468306.229,2419.167,POINT Z (468306.229 4313290.470000001 2419.167)
398,398,399,,468305.294,4313291.093,2422.507,,-105.36585936,38.96801745,2408.481,Global,0.011,0.014,0.01,0.018,1.734,m,FIX,RTK,2025-07-11 13:20:28.8 UTC-06:00,2025-07-11 13:20:31.8 UTC-06:00,16,1.2,1.4,468407.689,4313300.453,2428.563,-105.36467784,38.96810549,2414.536,103.0,,NAD83(2011) / UTM zone 13N + NAVD88(GEOID18) height,8,6,7,6,0,4313290.010000001,468306.382,2419.157,POINT Z (468306.382 4313290.010000001 2419.157)
399,399,400,,468305.472,4313290.624,2422.473,,-105.36585728,38.96801322,2408.447,Global,0.01,0.011,0.01,0.015,1.734,m,FIX,RTK,2025-07-11 13:20:51.4 UTC-06:00,2025-07-11 13:20:54.4 UTC-06:00,16,1.2,1.4,468407.689,4313300.453,2428.563,-105.36467784,38.96810549,2414.536,102.862,,NAD83(2011) / UTM zone 13N + NAVD88(GEOID18) height,7,6,7,5,0,4313289.541,468306.56,2419.123,POINT Z (468306.56 4313289.541 2419.123)
400,400,401,,468305.643,4313290.146,2422.434,,-105.36585528,38.96800892,2408.409,Global,0.01,0.011,0.01,0.015,1.734,m,FIX,RTK,2025-07-11 13:21:05.6 UTC-06:00,2025-07-11 13:21:08.6 UTC-06:00,16,1.2,1.4,468407.689,4313300.453,2428.563,-105.36467784,38.96810549,2414.536,102.736,,NAD83(2011) / UTM zone 13N + NAVD88(GEOID18) height,7,6,7,5,0,4313289.063,468306.73099999997,2419.0840000000003,POINT Z (468306.73099999997 4313289.063 2419.0840000000003)
401,401,402,,468305.822,4313289.718,2422.446,,-105.3658532,38.96800507,2408.421,Global,0.011,0.012,0.01,0.016,1.734,m,FIX,RTK,2025-07-11 13:21:21.6 UTC-06:00,2025-07-11 13:21:24.6 UTC-06:00,16,1.2,1.4,468407.689,4313300.453,2428.563,-105.36467784,38.96810549,2414.536,102.608,,NAD83(2011) / UTM zone 13N + NAVD88(GEOID18) height,7,6,7,5,0,4313288.635000001,468306.91,2419.096,POINT Z (468306.91 4313288.635000001 2419.096)
402,402,403,,468305.928,4313289.224,2422.459,,-105.36585195,38.96800062,2408.433,Global,0.01,0.011,0.01,0.015,1.734,m,FIX,RTK,2025-07-11 13:21:34.4 UTC-06:00,2025-07-11 13:21:37.4 UTC-06:00,16,1.2,1.4,468407.689,4313300.453,2428.563,-105.36467784,38.96810549,2414.536,102.548,,NAD83(2011) / UTM zone 13N + NAVD88(GEOID18) height,9,5,7,5,0,4313288.141000001,468307.016,2419.109,POINT Z (468307.016 4313288.141000001 2419.109)
403,403,404,,468306.158,4313288.761,2422.466,,-105.36584927,38.96799646,2408.44,Global,0.01,0.011,0.011,0.015,1.734,m,FIX,RTK,2025-07-11 13:21:58.6 UTC-06:00,2025-07-11 13:22:01.6 UTC-06:00,16,1.2,1.4,468407.689,4313300.453,2428.563,-105.36467784,38.96810549,2414.536,102.374,,NAD83(2011) / UTM zone 13N + NAVD88(GEOID18) height,8,6,7,5,0,4313287.678,468307.246,2419.116,POINT Z (468307.246 4313287.678 2419.116)
404,404,405,,468306.33,4313288.317,2422.422,,-105.36584727,38.96799247,2408.397,Global,0.01,0.011,0.01,0.015,1.734,m,FIX,RTK,2025-07-11 13:22:21.4 UTC-06:00,2025-07-11 13:22:24.4 UTC-06:00,16,1.2,1.4,468407.689,4313300.453,2428.563,-105.36467784,38.96810549,2414.536,102.26,,NAD83(2011) / UTM zone 13N + NAVD88(GEOID18) height,8,6,7,5,0,4313287.234,468307.418,2419.072,POINT Z (468307.418 4313287.234 2419.072)
405,405,406,,468306.519,4313287.84,2422.414,,-105.36584506,38.96798817,2408.388,Global,0.011,0.01,0.01,0.015,1.734,m,FIX,RTK,2025-07-11 13:22:37.4 UTC-06:00,2025-07-11 13:22:40.4 UTC-06:00,16,1.3,1.6,468407.689,4313300.453,2428.563,-105.36467784,38.96810549,2414.536,102.128,,NAD83(2011) / UTM zone 13N + NAVD88(GEOID18) height,7,6,7,5,0,4313286.757,468307.60699999996,2419.0640000000003,POINT Z (468307.60699999996 4313286.757 2419.0640000000003)
406,406,407,,468306.707,4313287.38,2422.661,,-105.36584288,38.96798403,2408.635,Global,0.011,0.011,0.01,0.015,1.734,m,FIX,RTK,2025-07-11 13:22:58.4 UTC-06:00,2025-07-11 13:23:01.4 UTC-06:00,16,1.2,1.4,468407.689,4313300.453,2428.563,-105.36467784,38.96810549,2414.536,101.991,,NAD83(2011) / UTM zone 13N + NAVD88(GEOID18) height,9,6,7,5,0,4313286.297,468307.795,2419.311,POINT Z (468307.795 4313286.297 2419.311)
407,407,408,,468306.874,4313286.891,2422.397,,-105.36584093,38.96797963,2408.371,Global,0.011,0.01,0.011,0.015,1.734,m,FIX,RTK,2025-07-11 13:23:13.0 UTC-06:00,2025-07-11 13:23:16.0 UTC-06:00,16,1.3,1.6,468407.689,4313300.453,2428.563,-105.36467784,38.96810549,2414.536,101.905,,NAD83(2011) / UTM zone 13N + NAVD88(GEOID18) height,8,6,7,5,0,4313285.808,468307.962,2419.047,POINT Z (468307.962 4313285.808 2419.047)
408,408,409,,468307.109,4313286.431,2422.383,,-105.36583819,38.9679755,2408.358,Global,0.01,0.01,0.01,0.014,1.734,m,FIX,RTK,2025-07-11 13:23:29.6 UTC-06:00,2025-07-11 13:23:32.6 UTC-06:00,16,1.3,1.6,468407.689,4313300.453,2428.563,-105.36467784,38.96810549,2414.536,101.725,,NAD83(2011) / UTM zone 13N + NAVD88(GEOID18) height,9,6,7,5,0,4313285.348,468308.197,2419.033,POINT Z (468308.197 4313285.348 2419.033)
409,409,410,,468307.271,4313285.995,2422.414,,-105.36583631,38.96797157,2408.388,Global,0.011,0.011,0.01,0.016,1.734,m,FIX,RTK,2025-07-11 13:23:49.8 UTC-06:00,2025-07-11 13:23:52.8 UTC-06:00,16,1.2,1.5,468407.689,4313300.453,2428.563,-105.36467784,38.96810549,2414.536,101.623,,NAD83(2011) / UTM zone 13N + NAVD88(GEOID18) height,9,6,7,5,0,4313284.9120000005,468308.359,2419.0640000000003,POINT Z (468308.359 4313284.9120000005 2419.0640000000003)
410,410,411,,468307.462,4313285.531,2422.418,,-105.36583407,38.9679674,2408.392,Global,0.01,0.01,0.01,0.015,1.734,m,FIX,RTK,2025-07-11 13:24:02.2 UTC-06:00,2025-07-11 13:24:05.2 UTC-06:00,16,1.3,1.6,468407.689,4313300.453,2428.563,-105.36467784,38.96810549,2414.536,101.503,,NAD83(2011) / UTM zone 13N + NAVD88(GEOID18) height,8,6,7,5,0,4313284.448000001,468308.55,2419.068,POINT Z (468308.55 4313284.448000001 2419.068)
411,411,412,,468307.658,4313285.065,2422.381,,-105.3658318,38.9679632,2408.356,Global,0.011,0.01,0.01,0.015,1.734,m,FIX,RTK,2025-07-11 13:24:14.0 UTC-06:00,2025-07-11 13:24:17.0 UTC-06:00,16,1.3,1.6,468407.689,4313300.453,2428.563,-105.36467784,38.96810549,2414.536,101.386,,NAD83(2011) / UTM zone 13N + NAVD88(GEOID18) height,7,6,7,5,0,4313283.982000001,468308.746,2419.031,POINT Z (468308.746 4313283.982000001 2419.031)
412,412,413,,468307.829,4313284.577,2422.405,,-105.36582979,38.96795881,2408.38,Global,0.01,0.01,0.01,0.015,1.734,m,FIX,RTK,2025-07-11 13:24:33.6 UTC-06:00,2025-07-11 13:24:36.6 UTC-06:00,16,1.3,1.6,468407.689,4313300.453,2428.563,-105.36467784,38.96810549,2414.536,101.292,,NAD83(2011) / UTM zone 13N + NAVD88(GEOID18) height,8,6,7,5,0,4313283.494,468308.917,2419.0550000000003,POINT Z (468308.917 4313283.494 2419.0550000000003)
413,413,414,,468308.03,4313284.116,2422.419,,-105.36582745,38.96795467,2408.393,Global,0.011,0.011,0.011,0.015,1.734,m,FIX,RTK,2025-07-11 13:24:52.4 UTC-06:00,2025-07-11 13:24:55.4 UTC-06:00,16,1.3,1.6,468407.689,4313300.453,2428.563,-105.36467784,38.96810549,2414.536,101.157,,NAD83(2011) / UTM zone 13N + NAVD88(GEOID18) height,8,6,7,5,0,4313283.033000001,468309.118,2419.069,POINT Z (468309.118 4313283.033000001 2419.069)
414,414,415,,468308.216,4313283.67,2422.436,,-105.36582528,38.96795066,2408.411,Global,0.011,0.01,0.01,0.015,1.734,m,FIX,RTK,2025-07-11 13:25:05.0 UTC-06:00,2025-07-11 13:25:08.0 UTC-06:00,16,1.3,1.6,468407.689,4313300.453,2428.563,-105.36467784,38.96810549,2414.536,101.052,,NAD83(2011) / UTM zone 13N + NAVD88(GEOID18) height,8,6,7,5,0,4313282.587,468309.304,2419.0860000000002,POINT Z (468309.304 4313282.587 2419.0860000000002)
415,415,416,,468308.382,4313283.206,2422.486,,-105.36582334,38.96794648,2408.46,Global,0.01,0.01,0.01,0.015,1.734,m,FIX,RTK,2025-07-11 13:25:18.6 UTC-06:00,2025-07-11 13:25:21.6 UTC-06:00,16,1.3,1.6,468407.689,4313300.453,2428.563,-105.36467784,38.96810549,2414.536,100.965,,NAD83(2011) / UTM zone 13N + NAVD88(GEOID18) height,8,6,7,5,0,4313282.123000001,468309.47,2419.136,POINT Z (468309.47 4313282.123000001 2419.136)
416,416,417,,468308.582,4313282.741,2422.511,,-105.36582102,38.9679423,2408.485,Global,0.011,0.01,0.011,0.015,1.734,m,FIX,RTK,2025-07-11 13:25:37.6 UTC-06:00,2025-07-11 13:25:40.6 UTC-06:00,16,1.2,1.4,468407.689,4313300.453,2428.563,-105.36467784,38.96810549,2414.536,100.84,,NAD83(2011) / UTM zone 13N + NAVD88(GEOID18) height,8,5,7,4,0,4313281.658000001,468309.67,2419.161,POINT Z (468309.67 4313281.658000001 2419.161)
417,417,418,,468308.767,4313282.289,2422.525,,-105.36581886,38.96793823,2408.499,Global,0.01,0.011,0.01,0.015,1.734,m,FIX,RTK,2025-07-11 13:25:56.0 UTC-06:00,2025-07-11 13:25:59.0 UTC-06:00,16,1.3,1.6,468407.689,4313300.453,2428.563,-105.36467784,38.96810549,2414.536,100.753,,NAD83(2011) / UTM zone 13N + NAVD88(GEOID18) height,8,6,7,5,0,4313281.206,468309.855,2419.175,POINT Z (468309.855 4313281.206 2419.175)
418,418,419,,468308.952,4313281.772,2422.486,,-105.3658167,38.96793358,2408.46,Global,0.01,0.011,0.012,0.015,1.734,m,FIX,RTK,2025-07-11 13:26:14.2 UTC-06:00,2025-07-11 13:26:17.2 UTC-06:00,16,1.2,1.4,468407.689,4313300.453,2428.563,-105.36467784,38.96810549,2414.536,100.653,,NAD83(2011) / UTM zone 13N + NAVD88(GEOID18) height,8,6,7,5,0,4313280.689,468310.04,2419.136,POINT Z (468310.04 4313280.689 2419.136)
419,419,420,,468309.152,4313281.355,2422.457,,-105.36581437,38.96792983,2408.431,Global,0.01,0.01,0.011,0.014,1.734,m,FIX,RTK,2025-07-11 13:26:29.8 UTC-06:00,2025-07-11 13:26:32.8 UTC-06:00,16,1.3,1.6,468407.689,4313300.453,2428.563,-105.36467784,38.96810549,2414.536,100.546,,NAD83(2011) / UTM zone 13N + NAVD88(GEOID18) height,8,6,7,5,0,4313280.272000001,468310.24,2419.107,POINT Z (468310.24 4313280.272000001 2419.107)
420,420,421,,468309.334,4313280.923,2422.46,,-105.36581225,38.96792594,2408.434,Global,0.011,0.01,0.011,0.015,1.734,m,FIX,RTK,2025-07-11 13:26:45.4 UTC-06:00,2025-07-11 13:26:48.4 UTC-06:00,16,1.2,1.4,468407.689,4313300.453,2428.563,-105.36467784,38.96810549,2414.536,100.448,,NAD83(2011) / UTM zone 13N + NAVD88(GEOID18) height,8,6,7,5,0,4313279.840000001,468310.42199999996,2419.11,POINT Z (468310.42199999996 4313279.840000001 2419.11)
421,421,422,,468309.53,4313280.425,2422.413,,-105.36580997,38.96792147,2408.387,Global,0.01,0.011,0.01,0.015,1.734,m,FIX,RTK,2025-07-11 13:26:58.2 UTC-06:00,2025-07-11 13:27:01.2 UTC-06:00,16,1.3,1.6,468407.689,4313300.453,2428.563,-105.36467784,38.96810549,2414.536,100.356,,NAD83(2011) / UTM zone 13N + NAVD88(GEOID18) height,8,6,7,5,0,4313279.342,468310.618,2419.063,POINT Z (468310.618 4313279.342 2419.063)
422,422,423,,468309.72,4313279.93,2422.546,,-105.36580775,38.96791701,2408.52,Global,0.011,0.01,0.011,0.015,1.734,m,FIX,RTK,2025-07-11 13:27:15.4 UTC-06:00,2025-07-11 13:27:18.4 UTC-06:00,16,1.4,1.7,468407.689,4313300.453,2428.563,-105.36467784,38.96810549,2414.536,100.269,,NAD83(2011) / UTM zone 13N + NAVD88(GEOID18) height,8,6,7,5,0,4313278.847,468310.80799999996,2419.196,POINT Z (468310.80799999996 4313278.847 2419.196)
423,423,424,,468309.914,4313279.49,2422.601,,-105.36580549,38.96791305,2408.575,Global,0.012,0.012,0.013,0.017,1.734,m,FIX,RTK,2025-07-11 13:27:34.0 UTC-06:00,2025-07-11 13:27:37.0 UTC-06:00,16,1.5,1.8,468407.689,4313300.453,2428.563,-105.36467784,38.96810549,2414.536,100.161,,NAD83(2011) / UTM zone 13N + NAVD88(GEOID18) height,8,6,7,4,0,4313278.407000001,468311.002,2419.251,POINT Z (468311.002 4313278.407000001 2419.251)
424,424,425,,468310.113,4313279.085,2422.589,,-105.36580318,38.96790941,2408.564,Global,0.011,0.011,0.019,0.015,1.734,m,FIX,RTK,2025-07-11 13:27:53.2 UTC-06:00,2025-07-11 13:27:56.2 UTC-06:00,16,1.5,1.8,468407.689,4313300.453,2428.563,-105.36467784,38.96810549,2414.536,100.057,,NAD83(2011) / UTM zone 13N + NAVD88(GEOID18) height,8,6,7,5,0,4313278.002,468311.201,2419.239,POINT Z (468311.201 4313278.002 2419.239)
425,425,426,,468310.298,4313278.575,2422.663,,-105.36580101,38.96790482,2408.637,Global,0.011,0.011,0.014,0.015,1.734,m,FIX,RTK,2025-07-11 13:28:09.4 UTC-06:00,2025-07-11 13:28:12.4 UTC-06:00,16,1.3,1.6,468407.689,4313300.453,2428.563,-105.36467784,38.96810549,2414.536,99.985,,NAD83(2011) / UTM zone 13N + NAVD88(GEOID18) height,8,6,7,5,0,4313277.492000001,468311.386,2419.313,POINT Z (468311.386 4313277.492000001 2419.313)
426,426,427,,468310.495,4313278.075,2422.749,,-105.36579871,38.96790032,2408.723,Global,0.01,0.01,0.02,0.015,1.734,m,FIX,RTK,2025-07-11 13:28:28.4 UTC-06:00,2025-07-11 13:28:31.4 UTC-06:00,16,1.5,1.8,468407.689,4313300.453,2428.563,-105.36467784,38.96810549,2414.536,99.895,,NAD83(2011) / UTM zone 13N + NAVD88(GEOID18) height,8,6,7,4,0,4313276.992000001,468311.583,2419.399,POINT Z (468311.583 4313276.992000001 2419.399)
427,427,428,,468310.654,4313277.661,2422.823,,-105.36579686,38.9678966,2408.798,Global,0.01,0.01,0.015,0.015,1.734,m,FIX,RTK,2025-07-11 13:28:48.6 UTC-06:00,2025-07-11 13:28:51.6 UTC-06:00,16,1.2,1.5,468407.689,4313300.453,2428.563,-105.36467784,38.96810549,2414.536,99.837,,NAD83(2011) / UTM zone 13N + NAVD88(GEOID18) height,7,6,7,4,0,4313276.578000001,468311.74199999997,2419.473,POINT Z (468311.74199999997 4313276.578000001 2419.473)
428,428,429,,468310.847,4313277.255,2422.954,,-105.36579462,38.96789294,2408.928,Global,0.01,0.01,0.014,0.014,1.734,m,FIX,RTK,2025-07-11 13:29:07.2 UTC-06:00,2025-07-11 13:29:10.2 UTC-06:00,16,1.2,1.5,468407.689,4313300.453,2428.563,-105.36467784,38.96810549,2414.536,99.732,,NAD83(2011) / UTM zone 13N + NAVD88(GEOID18) height,8,6,7,5,0,4313276.172,468311.935,2419.6040000000003,POINT Z (468311.935 4313276.172 2419.6040000000003)
429,429,430,,468310.991,4313276.78,2422.995,,-105.36579293,38.96788867,2408.97,Global,0.01,0.011,0.016,0.015,1.734,m,FIX,RTK,2025-07-11 13:29:29.8 UTC-06:00,2025-07-11 13:29:32.8 UTC-06:00,16,1.2,1.5,468407.689,4313300.453,2428.563,-105.36467784,38.96810549,2414.536,99.705,,NAD83(2011) / UTM zone 13N + NAVD88(GEOID18) height,8,6,7,5,0,4313275.697000001,468312.07899999997,2419.645,POINT Z (468312.07899999997 4313275.697000001 2419.645)
430,430,431,,468311.193,4313276.279,2423.071,,-105.36579057,38.96788416,2409.045,Global,0.011,0.01,0.01,0.015,1.734,m,FIX,RTK,2025-07-11 13:29:51.8 UTC-06:00,2025-07-11 13:29:54.8 UTC-06:00,16,1.2,1.4,468407.689,4313300.453,2428.563,-105.36467784,38.96810549,2414.536,99.627,,NAD83(2011) / UTM zone 13N + NAVD88(GEOID18) height,8,6,7,5,0,4313275.196,468312.281,2419.721,POINT Z (468312.281 4313275.196 2419.721)
431,431,432,,468311.374,4313275.856,2423.168,,-105.36578847,38.96788036,2409.143,Global,0.01,0.01,0.012,0.014,1.734,m,FIX,RTK,2025-07-11 13:30:07.8 UTC-06:00,2025-07-11 13:30:10.8 UTC-06:00,16,1.2,1.4,468407.689,4313300.453,2428.563,-105.36467784,38.96810549,2414.536,99.549,,NAD83(2011) / UTM zone 13N + NAVD88(GEOID18) height,8,6,7,5,0,4313274.773,468312.462,2419.818,POINT Z (468312.462 4313274.773 2419.818)
432,432,433,,468311.554,4313275.388,2423.309,,-105.36578636,38.96787614,2409.284,Global,0.01,0.011,0.01,0.015,1.734,m,FIX,RTK,2025-07-11 13:30:25.0 UTC-06:00,2025-07-11 13:30:28.0 UTC-06:00,16,1.2,1.4,468407.689,4313300.453,2428.563,-105.36467784,38.96810549,2414.536,99.484,,NAD83(2011) / UTM zone 13N + NAVD88(GEOID18) height,8,6,7,5,0,4313274.305000001,468312.642,2419.9590000000003,POINT Z (468312.642 4313274.305000001 2419.9590000000003)
433,433,434,,468311.723,4313274.951,2423.327,,-105.3657844,38.96787221,2409.301,Global,0.011,0.01,0.011,0.015,1.734,m,FIX,RTK,2025-07-11 13:30:44.6 UTC-06:00,2025-07-11 13:30:47.6 UTC-06:00,16,1.2,1.5,468407.689,4313300.453,2428.563,-105.36467784,38.96810549,2414.536,99.433,,NAD83(2011) / UTM zone 13N + NAVD88(GEOID18) height,8,6,7,5,0,4313273.868000001,468312.811,2419.9770000000003,POINT Z (468312.811 4313273.868000001 2419.9770000000003)
434,434,435,,468311.87,4313274.524,2423.336,,-105.36578268,38.96786838,2409.311,Global,0.011,0.011,0.012,0.015,1.734,m,FIX,RTK,2025-07-11 13:31:25.2 UTC-06:00,2025-07-11 13:31:28.2 UTC-06:00,16,1.2,1.4,468407.689,4313300.453,2428.563,-105.36467784,38.96810549,2414.536,99.398,,NAD83(2011) / UTM zone 13N + NAVD88(GEOID18) height,8,6,7,5,0,4313273.441000001,468312.958,2419.986,POINT Z (468312.958 4313273.441000001 2419.986)
435,435,436,,468312.763,4313272.17,2423.427,,-105.36577227,38.96784719,2409.402,Global,0.011,0.011,0.012,0.015,1.734,m,FIX,RTK,2025-07-11 13:31:49.0 UTC-06:00,2025-07-11 13:31:52.0 UTC-06:00,16,1.5,1.8,468407.689,4313300.453,2428.563,-105.36467784,38.96810549,2414.536,99.177,,NAD83(2011) / UTM zone 13N + NAVD88(GEOID18) height,8,6,7,5,0,4313271.087,468313.85099999997,2420.077,POINT Z (468313.85099999997 4313271.087 2420.077)
436,436,437,,468312.978,4313271.706,2423.607,,-105.36576976,38.96784302,2409.581,Global,0.01,0.01,0.014,0.015,1.734,m,FIX,RTK,2025-07-11 13:32:09.4 UTC-06:00,2025-07-11 13:32:12.4 UTC-06:00,16,1.4,1.7,468407.689,4313300.453,2428.563,-105.36467784,38.96810549,2414.536,99.107,,NAD83(2011) / UTM zone 13N + NAVD88(GEOID18) height,8,6,7,5,0,4313270.623000001,468314.066,2420.257,POINT Z (468314.066 4313270.623000001 2420.257)
437,437,438,,468313.137,4313271.238,2423.715,,-105.3657679,38.96783881,2409.689,Global,0.01,0.01,0.012,0.015,1.734,m,FIX,RTK,2025-07-11 13:32:25.6 UTC-06:00,2025-07-11 13:32:28.6 UTC-06:00,16,1.3,1.6,468407.689,4313300.453,2428.563,-105.36467784,38.96810549,2414.536,99.088,,NAD83(2011) / UTM zone 13N + NAVD88(GEOID18) height,8,6,7,5,0,4313270.155,468314.225,2420.3650000000002,POINT Z (468314.225 4313270.155 2420.3650000000002)
438,438,439,,468313.322,4313270.788,2423.832,,-105.36576574,38.96783475,2409.806,Global,0.01,0.01,0.017,0.014,1.734,m,FIX,RTK,2025-07-11 13:32:38.8 UTC-06:00,2025-07-11 13:32:41.8 UTC-06:00,16,1.3,1.6,468407.689,4313300.453,2428.563,-105.36467784,38.96810549,2414.536,99.039,,NAD83(2011) / UTM zone 13N + NAVD88(GEOID18) height,8,6,7,5,0,4313269.705,468314.41,2420.482,POINT Z (468314.41 4313269.705 2420.482)
439,439,440,,468313.516,4313270.355,2423.923,,-105.36576349,38.96783087,2409.897,Global,0.01,0.012,0.016,0.016,1.734,m,FIX,RTK,2025-07-11 13:32:56.0 UTC-06:00,2025-07-11 13:32:59.0 UTC-06:00,16,1.3,1.6,468407.689,4313300.453,2428.563,-105.36467784,38.96810549,2414.536,98.984,,NAD83(2011) / UTM zone 13N + NAVD88(GEOID18) height,8,6,7,5,0,4313269.272000001,468314.604,2420.573,POINT Z (468314.604 4313269.272000001 2420.573)
440,440,441,,468313.666,4313269.898,2424.008,,-105.36576174,38.96782675,2409.982,Global,0.012,0.013,0.016,0.018,1.734,m,FIX,RTK,2025-07-11 13:33:13.2 UTC-06:00,2025-07-11 13:33:16.2 UTC-06:00,16,1.4,1.7,468407.689,4313300.453,2428.563,-105.36467784,38.96810549,2414.536,98.973,,NAD83(2011) / UTM zone 13N + NAVD88(GEOID18) height,8,6,7,5,0,4313268.815,468314.754,2420.658,POINT Z (468314.754 4313268.815 2420.658)
441,441,442,,468313.83,4313269.427,2424.097,,-105.36575982,38.96782251,2410.071,Global,0.011,0.011,0.014,0.016,1.734,m,FIX,RTK,2025-07-11 13:33:30.0 UTC-06:00,2025-07-11 13:33:33.0 UTC-06:00,16,1.4,1.7,468407.689,4313300.453,2428.563,-105.36467784,38.96810549,2414.536,98.966,,NAD83(2011) / UTM zone 13N + NAVD88(GEOID18) height,8,6,7,4,0,4313268.3440000005,468314.918,2420.7470000000003,POINT Z (468314.918 4313268.3440000005 2420.7470000000003)
442,442,443,,468314.026,4313268.969,2424.206,,-105.36575754,38.96781839,2410.18,Global,0.011,0.011,0.015,0.016,1.734,m,FIX,RTK,2025-07-11 13:33:49.6 UTC-06:00,2025-07-11 13:33:52.6 UTC-06:00,16,1.3,1.5,468407.689,4313300.453,2428.563,-105.36467784,38.96810549,2414.536,98.927,,NAD83(2011) / UTM zone 13N + NAVD88(GEOID18) height,8,6,7,5,0,4313267.886,468315.114,2420.856,POINT Z (468315.114 4313267.886 2420.856)
443,443,444,,468314.201,4313268.552,2424.293,,-105.3657555,38.96781464,2410.267,Global,0.012,0.011,0.02,0.017,1.734,m,FIX,RTK,2025-07-11 13:34:10.6 UTC-06:00,2025-07-11 13:34:13.6 UTC-06:00,16,1.3,1.6,468407.689,4313300.453,2428.563,-105.36467784,38.96810549,2414.536,98.892,,NAD83(2011) / UTM zone 13N + NAVD88(GEOID18) height,8,6,7,6,0,4313267.4690000005,468315.289,2420.943,POINT Z (468315.289 4313267.4690000005 2420.943)
444,444,445,,468314.373,4313268.111,2424.403,,-105.36575349,38.96781067,2410.377,Global,0.01,0.012,0.015,0.016,1.734,m,FIX,RTK,2025-07-11 13:34:34.6 UTC-06:00,2025-07-11 13:34:37.6 UTC-06:00,16,1.4,1.7,468407.689,4313300.453,2428.563,-105.36467784,38.96810549,2414.536,98.866,,NAD83(2011) / UTM zone 13N + NAVD88(GEOID18) height,8,6,7,6,0,4313267.028,468315.461,2421.053,POINT Z (468315.461 4313267.028 2421.053)
445,445,446,,468314.527,4313267.6,2424.679,,-105.36575169,38.96780607,2410.653,Global,0.015,0.011,0.021,0.018,1.734,m,FIX,RTK,2025-07-11 13:35:03.4 UTC-06:00,2025-07-11 13:35:06.4 UTC-06:00,16,1.3,1.5,468407.689,4313300.453,2428.563,-105.36467784,38.96810549,2414.536,98.888,,NAD83(2011) / UTM zone 13N + NAVD88(GEOID18) height,8,6,7,5,0,4313266.517,468315.615,2421.329,POINT Z (468315.615 4313266.517 2421.329)
446,446,447,,468314.711,4313267.194,2424.935,,-105.36574955,38.96780242,2410.909,Global,0.01,0.012,0.014,0.015,1.734,m,FIX,RTK,2025-07-11 13:35:31.0 UTC-06:00,2025-07-11 13:35:34.0 UTC-06:00,16,1.3,1.5,468407.689,4313300.453,2428.563,-105.36467784,38.96810549,2414.536,98.842,,NAD83(2011) / UTM zone 13N + NAVD88(GEOID18) height,8,6,7,6,0,4313266.1110000005,468315.799,2421.585,POINT Z (468315.799 4313266.1110000005 2421.585)
447,447,448,,468314.858,4313266.759,2425.168,,-105.36574783,38.96779851,2411.142,Global,0.01,0.01,0.014,0.015,1.734,m,FIX,RTK,2025-07-11 13:36:00.0 UTC-06:00,2025-07-11 13:36:03.0 UTC-06:00,16,1.3,1.5,468407.689,4313300.453,2428.563,-105.36467784,38.96810549,2414.536,98.848,,NAD83(2011) / UTM zone 13N + NAVD88(GEOID18) height,8,6,7,5,0,4313265.676,468315.946,2421.818,POINT Z (468315.946 4313265.676 2421.818)
448,448,449,,468315.024,4313266.56,2425.355,,-105.36574591,38.96779672,2411.329,Global,0.012,0.014,0.013,0.019,1.734,m,FIX,RTK,2025-07-11 13:36:40.2 UTC-06:00,2025-07-11 13:37:10.2 UTC-06:00,151,1.3,1.6,468407.689,4313300.453,2428.563,-105.36467784,38.96810549,2414.536,98.752,,NAD83(2011) / UTM zone 13N + NAVD88(GEOID18) height,8,6,7,6,0,4313265.477,468316.11199999996,2422.005,POINT Z (468316.11199999996 4313265.477 2422.005)
449,449,450,,468315.02,4313266.558,2425.357,,-105.36574595,38.9677967,2411.331,Global,0.01,0.011,0.012,0.015,1.734,m,FIX,RTK,2025-07-11 13:37:38.8 UTC-06:00,2025-07-11 13:37:41.8 UTC-06:00,16,1.4,1.6,468407.689,4313300.453,2428.563,-105.36467784,38.96810549,2414.536,98.755,,NAD83(2011) / UTM zone 13N + NAVD88(GEOID18) height,8,6,7,6,0,4313265.475000001,468316.108,2422.007,POINT Z (468316.108 4313265.475000001 2422.007)
450,450,451,,468314.865,4313266.486,2425.332,,-105.36574774,38.96779605,2411.306,Global,0.011,0.015,0.013,0.019,1.734,m,FIX,RTK,2025-07-11 13:37:59.0 UTC-06:00,2025-07-11 13:38:02.0 UTC-06:00,16,1.2,1.5,468407.689,4313300.453,2428.563,-105.36467784,38.96810549,2414.536,98.931,,NAD83(2011) / UTM zone 13N + NAVD88(GEOID18) height,8,6,7,6,0,4313265.403,468315.953,2421.982,POINT Z (468315.953 4313265.403 2421.982)
451,451,452,,468314.911,4313266.708,2425.172,,-105.36574721,38.96779805,2411.146,Global,0.01,0.011,0.011,0.015,1.734,m,FIX,RTK,2025-07-11 13:38:16.6 UTC-06:00,2025-07-11 13:38:19.6 UTC-06:00,15,1.3,1.6,468407.689,4313300.453,2428.563,-105.36467784,38.96810549,2414.536,98.817,,NAD83(2011) / UTM zone 13N + NAVD88(GEOID18) height,8,6,7,6,0,4313265.625,468315.999,2421.822,POINT Z (468315.999 4313265.625 2421.822)
452,452,453,,468315.186,4313266.586,2425.277,,-105.36574404,38.96779696,2411.251,Global,0.011,0.01,0.012,0.015,1.734,m,FIX,RTK,2025-07-11 13:38:33.8 UTC-06:00,2025-07-11 13:38:36.8 UTC-06:00,16,1.3,1.5,468407.689,4313300.453,2428.563,-105.36467784,38.96810549,2414.536,98.599,,NAD83(2011) / UTM zone 13N + NAVD88(GEOID18) height,8,6,7,5,0,4313265.5030000005,468316.274,2421.927,POINT Z (468316.274 4313265.5030000005 2421.927)
453,453,454,,468315.063,4313266.393,2425.363,,-105.36574544,38.96779522,2411.337,Global,0.011,0.01,0.011,0.015,1.734,m,FIX,RTK,2025-07-11 13:38:48.6 UTC-06:00,2025-07-11 13:38:51.6 UTC-06:00,16,1.4,1.7,468407.689,4313300.453,2428.563,-105.36467784,38.96810549,2414.536,98.775,,NAD83(2011) / UTM zone 13N + NAVD88(GEOID18) height,8,6,7,6,0,4313265.3100000005,468316.151,2422.013,POINT Z (468316.151 4313265.3100000005 2422.013)
454,454,455,,468315.03,4313266.563,2425.364,,-105.36574583,38.96779675,2411.339,Global,0.01,0.011,0.012,0.015,1.734,m,FIX,RTK,2025-07-11 13:39:03.4 UTC-06:00,2025-07-11 13:39:06.4 UTC-06:00,16,1.3,1.6,468407.689,4313300.453,2428.563,-105.36467784,38.96810549,2414.536,98.75,,NAD83(2011) / UTM zone 13N + NAVD88(GEOID18) height,8,6,7,6,0,4313265.48,468316.118,2422.014,POINT Z (468316.118 4313265.48 2422.014)
455,455,456,,468261.535,4313293.738,2422.81,,-105.36636459,38.96803969,2408.785,Global,0.013,0.012,0.011,0.018,1.734,m,FIX,RTK,2025-07-11 14:51:34.4 UTC-06:00,2025-07-11 14:52:04.4 UTC-06:00,151,2.0,2.4,468407.689,4313300.453,2428.563,-105.36467784,38.96810549,2414.536,146.481,,NAD83(2011) / UTM zone 13N + NAVD88(GEOID18) height,6,6,6,5,0,4313292.655,468262.62299999996,2419.46,POINT Z (468262.62299999996 4313292.655 2419.46)
456,456,457,,468261.529,4313293.736,2422.814,,-105.36636466,38.96803967,2408.789,Global,0.01,0.01,0.01,0.014,1.734,m,FIX,RTK,2025-07-11 14:52:14.2 UTC-06:00,2025-07-11 14:52:17.2 UTC-06:00,16,1.6,1.9,468407.689,4313300.453,2428.563,-105.36467784,38.96810549,2414.536,146.482,,NAD83(2011) / UTM zone 13N + NAVD88(GEOID18) height,6,6,6,5,0,4313292.653,468262.61699999997,2419.464,POINT Z (468262.61699999997 4313292.653 2419.464)
457,457,458,,468261.422,4313293.699,2422.786,,-105.36636589,38.96803933,2408.761,Global,0.01,0.011,0.01,0.015,1.734,m,FIX,RTK,2025-07-11 14:52:22.8 UTC-06:00,2025-07-11 14:52:25.8 UTC-06:00,16,1.6,1.9,468407.689,4313300.453,2428.563,-105.36467784,38.96810549,2414.536,146.593,,NAD83(2011) / UTM zone 13N + NAVD88(GEOID18) height,6,6,6,5,0,4313292.616,468262.51,2419.436,POINT Z (468262.51 4313292.616 2419.436)
458,458,459,,468261.528,4313293.821,2422.717,,-105.36636467,38.96804044,2408.693,Global,0.011,0.011,0.011,0.016,1.734,m,FIX,RTK,2025-07-11 14:52:31.8 UTC-06:00,2025-07-11 14:52:34.8 UTC-06:00,16,1.6,1.9,468407.689,4313300.453,2428.563,-105.36467784,38.96810549,2414.536,146.481,,NAD83(2011) / UTM zone 13N + NAVD88(GEOID18) height,6,6,6,5,0,4313292.738000001,468262.616,2419.367,POINT Z (468262.616 4313292.738000001 2419.367)
459,459,460,,468261.643,4313293.785,2422.713,,-105.36636335,38.96804012,2408.689,Global,0.012,0.017,0.011,0.021,1.734,m,FIX,RTK,2025-07-11 14:52:39.8 UTC-06:00,2025-07-11 14:52:42.8 UTC-06:00,16,1.6,1.9,468407.689,4313300.453,2428.563,-105.36467784,38.96810549,2414.536,146.361,,NAD83(2011) / UTM zone 13N + NAVD88(GEOID18) height,6,6,6,5,0,4313292.7020000005,468262.73099999997,2419.3630000000003,POINT Z (468262.73099999997 4313292.7020000005 2419.3630000000003)
460,460,461,,468261.567,4313293.643,2422.776,,-105.36636421,38.96803884,2408.751,Global,0.015,0.011,0.01,0.019,1.734,m,FIX,RTK,2025-07-11 14:52:48.4 UTC-06:00,2025-07-11 14:52:51.4 UTC-06:00,16,1.6,1.9,468407.689,4313300.453,2428.563,-105.36467784,38.96810549,2414.536,146.461,,NAD83(2011) / UTM zone 13N + NAVD88(GEOID18) height,6,6,6,5,0,4313292.5600000005,468262.65499999997,2419.426,POINT Z (468262.65499999997 4313292.5600000005 2419.426)
461,461,462,,468261.55,4313293.733,2422.811,,-105.36636442,38.96803965,2408.787,Global,0.02,0.011,0.01,0.023,1.734,m,FIX,RTK,2025-07-11 14:52:56.0 UTC-06:00,2025-07-11 14:52:59.0 UTC-06:00,16,1.6,1.9,468407.689,4313300.453,2428.563,-105.36467784,38.96810549,2414.536,146.474,,NAD83(2011) / UTM zone 13N + NAVD88(GEOID18) height,6,5,6,5,0,4313292.65,468262.638,2419.4610000000002,POINT Z (468262.638 4313292.65 2419.4610000000002)
462,462,463,,468261.546,4313293.969,2422.683,,-105.36636448,38.96804178,2408.658,Global,0.016,0.013,0.01,0.021,1.734,m,FIX,RTK,2025-07-11 14:53:10.4 UTC-06:00,2025-07-11 14:53:13.4 UTC-06:00,16,1.6,1.9,468407.689,4313300.453,2428.563,-105.36467784,38.96810549,2414.536,146.46,,NAD83(2011) / UTM zone 13N + NAVD88(GEOID18) height,6,6,6,5,0,4313292.886,468262.63399999996,2419.333,POINT Z (468262.63399999996 4313292.886 2419.333)
463,463,464,,468261.549,4313294.195,2422.643,,-105.36636445,38.96804381,2408.618,Global,0.011,0.012,0.01,0.016,1.734,m,FIX,RTK,2025-07-11 14:53:19.8 UTC-06:00,2025-07-11 14:53:22.8 UTC-06:00,16,1.6,1.9,468407.689,4313300.453,2428.563,-105.36467784,38.96810549,2414.536,146.446,,NAD83(2011) / UTM zone 13N + NAVD88(GEOID18) height,6,6,6,5,0,4313293.112000001,468262.637,2419.293,POINT Z (468262.637 4313293.112000001 2419.293)
464,464,465,,468261.431,4313294.407,2422.639,,-105.36636582,38.96804571,2408.615,Global,0.011,0.011,0.013,0.016,1.734,m,FIX,RTK,2025-07-11 14:53:29.2 UTC-06:00,2025-07-11 14:53:32.2 UTC-06:00,16,1.6,1.9,468407.689,4313300.453,2428.563,-105.36467784,38.96810549,2414.536,146.554,,NAD83(2011) / UTM zone 13N + NAVD88(GEOID18) height,6,6,6,5,0,4313293.324,468262.519,2419.289,POINT Z (468262.519 4313293.324 2419.289)
465,465,466,,468261.363,4313294.639,2422.641,,-105.36636662,38.9680478,2408.616,Global,0.012,0.011,0.01,0.016,1.734,m,FIX,RTK,2025-07-11 14:53:36.8 UTC-06:00,2025-07-11 14:53:39.8 UTC-06:00,16,1.6,1.9,468407.689,4313300.453,2428.563,-105.36467784,38.96810549,2414.536,146.618,,NAD83(2011) / UTM zone 13N + NAVD88(GEOID18) height,6,6,6,5,0,4313293.556000001,468262.451,2419.291,POINT Z (468262.451 4313293.556000001 2419.291)
466,466,467,,468261.309,4313294.843,2422.61,,-105.36636725,38.96804964,2408.585,Global,0.014,0.015,0.011,0.021,1.734,m,FIX,RTK,2025-07-11 14:53:44.0 UTC-06:00,2025-07-11 14:53:47.0 UTC-06:00,16,1.6,1.9,468407.689,4313300.453,2428.563,-105.36467784,38.96810549,2414.536,146.666,,NAD83(2011) / UTM zone 13N + NAVD88(GEOID18) height,7,6,6,5,0,4313293.760000001,468262.397,2419.26,POINT Z (468262.397 4313293.760000001 2419.26)
467,467,468,,468261.21,4313295.067,2422.598,,-105.3663684,38.96805165,2408.573,Global,0.022,0.011,0.012,0.025,1.734,m,FIX,RTK,2025-07-11 14:53:51.6 UTC-06:00,2025-07-11 14:53:54.6 UTC-06:00,16,1.6,1.9,468407.689,4313300.453,2428.563,-105.36467784,38.96810549,2414.536,146.767,,NAD83(2011) / UTM zone 13N + NAVD88(GEOID18) height,7,6,6,5,0,4313293.984,468262.298,2419.248,POINT Z (468262.298 4313293.984 2419.248)
468,468,469,,468261.176,4313295.268,2422.613,,-105.36636881,38.96805346,2408.588,Global,0.016,0.014,0.011,0.022,1.734,m,FIX,RTK,2025-07-11 14:53:58.2 UTC-06:00,2025-07-11 14:54:01.2 UTC-06:00,16,1.6,1.9,468407.689,4313300.453,2428.563,-105.36467784,38.96810549,2414.536,146.794,,NAD83(2011) / UTM zone 13N + NAVD88(GEOID18) height,7,6,6,5,0,4313294.1850000005,468262.26399999997,2419.263,POINT Z (468262.26399999997 4313294.1850000005 2419.263)
469,469,470,,468261.134,4313295.428,2422.608,,-105.3663693,38.9680549,2408.583,Global,0.012,0.012,0.011,0.017,1.734,m,FIX,RTK,2025-07-11 14:54:06.6 UTC-06:00,2025-07-11 14:54:09.6 UTC-06:00,16,1.6,1.9,468407.689,4313300.453,2428.563,-105.36467784,38.96810549,2414.536,146.815,,NAD83(2011) / UTM zone 13N + NAVD88(GEOID18) height,7,6,6,5,0,4313294.345000001,468262.222,2419.2580000000003,POINT Z (468262.222 4313294.345000001 2419.2580000000003)
470,470,471,,468261.049,4313295.648,2422.587,,-105.36637029,38.96805689,2408.563,Global,0.014,0.028,0.01,0.031,1.734,m,FIX,RTK,2025-07-11 14:54:13.4 UTC-06:00,2025-07-11 14:54:16.4 UTC-06:00,16,1.6,1.9,468407.689,4313300.453,2428.563,-105.36467784,38.96810549,2414.536,146.904,,NAD83(2011) / UTM zone 13N + NAVD88(GEOID18) height,6,7,6,5,0,4313294.565,468262.137,2419.237,POINT Z (468262.137 4313294.565 2419.237)
471,471,472,,468261.025,4313295.956,2422.584,,-105.36637058,38.96805966,2408.559,Global,0.013,0.011,0.011,0.017,1.734,m,FIX,RTK,2025-07-11 14:54:20.8 UTC-06:00,2025-07-11 14:54:23.8 UTC-06:00,16,1.6,1.9,468407.689,4313300.453,2428.563,-105.36467784,38.96810549,2414.536,146.912,,NAD83(2011) / UTM zone 13N + NAVD88(GEOID18) height,6,7,6,5,0,4313294.873000001,468262.113,2419.234,POINT Z (468262.113 4313294.873000001 2419.234)
472,472,473,,468260.914,4313296.212,2422.57,,-105.36637187,38.96806196,2408.545,Global,0.012,0.016,0.01,0.02,1.734,m,FIX,RTK,2025-07-11 14:54:27.6 UTC-06:00,2025-07-11 14:54:30.6 UTC-06:00,16,1.6,1.9,468407.689,4313300.453,2428.563,-105.36467784,38.96810549,2414.536,147.011,,NAD83(2011) / UTM zone 13N + NAVD88(GEOID18) height,7,6,6,5,0,4313295.129000001,468262.002,2419.2200000000003,POINT Z (468262.002 4313295.129000001 2419.2200000000003)
473,473,474,,468260.837,4313296.414,2422.549,,-105.36637278,38.96806378,2408.524,Global,0.018,0.015,0.011,0.023,1.734,m,FIX,RTK,2025-07-11 14:54:35.0 UTC-06:00,2025-07-11 14:54:38.0 UTC-06:00,16,1.6,1.9,468407.689,4313300.453,2428.563,-105.36467784,38.96810549,2414.536,147.089,,NAD83(2011) / UTM zone 13N + NAVD88(GEOID18) height,6,6,6,5,0,4313295.331,468261.925,2419.199,POINT Z (468261.925 4313295.331 2419.199)
474,474,475,,468260.811,4313296.643,2422.507,,-105.36637308,38.96806584,2408.483,Global,0.013,0.018,0.01,0.022,1.734,m,FIX,RTK,2025-07-11 14:54:42.0 UTC-06:00,2025-07-11 14:54:45.0 UTC-06:00,16,1.6,1.9,468407.689,4313300.453,2428.563,-105.36467784,38.96810549,2414.536,147.097,,NAD83(2011) / UTM zone 13N + NAVD88(GEOID18) height,6,6,6,5,0,4313295.5600000005,468261.899,2419.157,POINT Z (468261.899 4313295.5600000005 2419.157)
475,475,476,,468260.762,4313296.768,2422.446,,-105.36637366,38.96806696,2408.421,Global,0.011,0.015,0.01,0.019,1.734,m,FIX,RTK,2025-07-11 14:54:52.6 UTC-06:00,2025-07-11 14:54:55.6 UTC-06:00,16,1.6,1.9,468407.689,4313300.453,2428.563,-105.36467784,38.96810549,2414.536,147.154,,NAD83(2011) / UTM zone 13N + NAVD88(GEOID18) height,7,7,6,5,0,4313295.6850000005,468261.85,2419.096,POINT Z (468261.85 4313295.6850000005 2419.096)
476,476,477,,468260.728,4313296.955,2422.274,,-105.36637405,38.96806865,2408.25,Global,0.011,0.012,0.01,0.016,1.734,m,FIX,RTK,2025-07-11 14:55:03.4 UTC-06:00,2025-07-11 14:55:06.4 UTC-06:00,16,1.6,1.9,468407.689,4313300.453,2428.563,-105.36467784,38.96810549,2414.536,147.188,,NAD83(2011) / UTM zone 13N + NAVD88(GEOID18) height,6,6,6,6,0,4313295.872,468261.816,2418.924,POINT Z (468261.816 4313295.872 2418.924)
477,477,478,,468260.69,4313297.146,2422.223,,-105.3663745,38.96807037,2408.198,Global,0.012,0.015,0.01,0.019,1.734,m,FIX,RTK,2025-07-11 14:55:11.4 UTC-06:00,2025-07-11 14:55:14.4 UTC-06:00,16,1.6,1.9,468407.689,4313300.453,2428.563,-105.36467784,38.96810549,2414.536,147.213,,NAD83(2011) / UTM zone 13N + NAVD88(GEOID18) height,6,6,6,6,0,4313296.063,468261.778,2418.873,POINT Z (468261.778 4313296.063 2418.873)
478,478,479,,468260.681,4313297.256,2422.153,,-105.36637461,38.96807136,2408.128,Global,0.033,0.017,0.011,0.037,1.734,m,FIX,RTK,2025-07-11 14:55:20.2 UTC-06:00,2025-07-11 14:55:23.2 UTC-06:00,16,1.6,1.9,468407.689,4313300.453,2428.563,-105.36467784,38.96810549,2414.536,147.26,,NAD83(2011) / UTM zone 13N + NAVD88(GEOID18) height,6,6,6,5,0,4313296.173,468261.769,2418.803,POINT Z (468261.769 4313296.173 2418.803)
479,479,480,,468260.569,4313297.505,2422.078,,-105.36637592,38.9680736,2408.054,Global,0.016,0.011,0.011,0.019,1.734,m,FIX,RTK,2025-07-11 14:55:30.0 UTC-06:00,2025-07-11 14:55:33.0 UTC-06:00,16,1.6,1.9,468407.689,4313300.453,2428.563,-105.36467784,38.96810549,2414.536,147.338,,NAD83(2011) / UTM zone 13N + NAVD88(GEOID18) height,6,6,6,6,0,4313296.422,468261.657,2418.728,POINT Z (468261.657 4313296.422 2418.728)
480,480,481,,468260.568,4313297.759,2422.086,,-105.36637594,38.96807589,2408.061,Global,0.017,0.012,0.011,0.02,1.734,m,FIX,RTK,2025-07-11 14:55:50.0 UTC-06:00,2025-07-11 14:55:53.0 UTC-06:00,16,1.6,1.9,468407.689,4313300.453,2428.563,-105.36467784,38.96810549,2414.536,147.346,,NAD83(2011) / UTM zone 13N + NAVD88(GEOID18) height,7,6,6,6,0,4313296.676,468261.656,2418.736,POINT Z (468261.656 4313296.676 2418.736)
481,481,482,,468260.499,4313297.929,2422.06,,-105.36637674,38.96807742,2408.035,Global,0.011,0.015,0.01,0.018,1.734,m,FIX,RTK,2025-07-11 14:55:57.4 UTC-06:00,2025-07-11 14:56:00.4 UTC-06:00,16,1.6,1.9,468407.689,4313300.453,2428.563,-105.36467784,38.96810549,2414.536,147.403,,NAD83(2011) / UTM zone 13N + NAVD88(GEOID18) height,6,6,6,7,0,4313296.846,468261.587,2418.71,POINT Z (468261.587 4313296.846 2418.71)
482,482,483,,468260.399,4313298.055,2422.051,,-105.36637791,38.96807855,2408.027,Global,0.011,0.011,0.011,0.015,1.734,m,FIX,RTK,2025-07-11 14:56:05.0 UTC-06:00,2025-07-11 14:56:08.0 UTC-06:00,16,1.6,1.9,468407.689,4313300.453,2428.563,-105.36467784,38.96810549,2414.536,147.499,,NAD83(2011) / UTM zone 13N + NAVD88(GEOID18) height,6,6,6,7,0,4313296.972,468261.48699999996,2418.701,POINT Z (468261.48699999996 4313296.972 2418.701)
483,483,484,,468260.36,4313298.264,2422.044,,-105.36637836,38.96808043,2408.019,Global,0.01,0.011,0.01,0.015,1.734,m,FIX,RTK,2025-07-11 14:56:14.6 UTC-06:00,2025-07-11 14:56:17.6 UTC-06:00,16,1.6,1.9,468407.689,4313300.453,2428.563,-105.36467784,38.96810549,2414.536,147.534,,NAD83(2011) / UTM zone 13N + NAVD88(GEOID18) height,6,6,6,7,0,4313297.181000001,468261.448,2418.694,POINT Z (468261.448 4313297.181000001 2418.694)
484,484,485,,468260.339,4313298.505,2422.012,,-105.36637861,38.96808261,2407.988,Global,0.017,0.011,0.011,0.02,1.734,m,FIX,RTK,2025-07-11 14:56:21.0 UTC-06:00,2025-07-11 14:56:24.0 UTC-06:00,16,1.6,1.9,468407.689,4313300.453,2428.563,-105.36467784,38.96810549,2414.536,147.563,,NAD83(2011) / UTM zone 13N + NAVD88(GEOID18) height,6,5,6,7,0,4313297.422,468261.42699999997,2418.6620000000003,POINT Z (468261.42699999997 4313297.422 2418.6620000000003)
485,485,486,,468260.307,4313298.687,2421.987,,-105.366379,38.96808425,2407.963,Global,0.012,0.01,0.012,0.016,1.734,m,FIX,RTK,2025-07-11 14:56:27.2 UTC-06:00,2025-07-11 14:56:30.2 UTC-06:00,16,1.6,1.9,468407.689,4313300.453,2428.563,-105.36467784,38.96810549,2414.536,147.586,,NAD83(2011) / UTM zone 13N + NAVD88(GEOID18) height,6,5,6,7,0,4313297.604,468261.39499999996,2418.637,POINT Z (468261.39499999996 4313297.604 2418.637)
486,486,487,,468260.28,4313298.871,2421.975,,-105.36637932,38.9680859,2407.95,Global,0.011,0.012,0.01,0.016,1.734,m,FIX,RTK,2025-07-11 14:56:34.4 UTC-06:00,2025-07-11 14:56:37.4 UTC-06:00,16,1.6,1.9,468407.689,4313300.453,2428.563,-105.36467784,38.96810549,2414.536,147.6,,NAD83(2011) / UTM zone 13N + NAVD88(GEOID18) height,6,6,6,7,0,4313297.788000001,468261.368,2418.625,POINT Z (468261.368 4313297.788000001 2418.625)
487,487,488,,468260.229,4313299.108,2421.968,,-105.36637991,38.96808804,2407.944,Global,0.019,0.015,0.011,0.024,1.734,m,FIX,RTK,2025-07-11 14:56:40.4 UTC-06:00,2025-07-11 14:56:43.4 UTC-06:00,16,1.6,1.9,468407.689,4313300.453,2428.563,-105.36467784,38.96810549,2414.536,147.639,,NAD83(2011) / UTM zone 13N + NAVD88(GEOID18) height,6,5,6,7,0,4313298.025,468261.317,2418.618,POINT Z (468261.317 4313298.025 2418.618)
488,488,489,,468260.145,4313299.378,2421.952,,-105.3663809,38.96809047,2407.927,Global,0.017,0.011,0.014,0.021,1.734,m,FIX,RTK,2025-07-11 14:56:46.6 UTC-06:00,2025-07-11 14:56:49.6 UTC-06:00,16,1.6,1.9,468407.689,4313300.453,2428.563,-105.36467784,38.96810549,2414.536,147.764,,NAD83(2011) / UTM zone 13N + NAVD88(GEOID18) height,6,6,6,7,0,4313298.295,468261.233,2418.6020000000003,POINT Z (468261.233 4313298.295 2418.6020000000003)
489,489,490,,468260.198,4313299.582,2421.903,,-105.36638029,38.9680923,2407.879,Global,0.011,0.011,0.01,0.015,1.734,m,FIX,RTK,2025-07-11 14:56:55.2 UTC-06:00,2025-07-11 14:56:58.2 UTC-06:00,16,1.6,1.9,468407.689,4313300.453,2428.563,-105.36467784,38.96810549,2414.536,147.689,,NAD83(2011) / UTM zone 13N + NAVD88(GEOID18) height,6,6,6,7,0,4313298.499000001,468261.28599999996,2418.553,POINT Z (468261.28599999996 4313298.499000001 2418.553)
490,490,491,,468260.189,4313299.835,2421.88,,-105.36638041,38.96809459,2407.856,Global,0.011,0.011,0.01,0.015,1.734,m,FIX,RTK,2025-07-11 14:57:02.2 UTC-06:00,2025-07-11 14:57:05.2 UTC-06:00,16,1.6,1.9,468407.689,4313300.453,2428.563,-105.36467784,38.96810549,2414.536,147.692,,NAD83(2011) / UTM zone 13N + NAVD88(GEOID18) height,6,6,6,7,0,4313298.752,468261.277,2418.53,POINT Z (468261.277 4313298.752 2418.53)
491,491,492,,468260.186,4313300.11,2421.856,,-105.36638045,38.96809706,2407.831,Global,0.011,0.01,0.01,0.015,1.734,m,FIX,RTK,2025-07-11 14:57:14.0 UTC-06:00,2025-07-11 14:57:17.0 UTC-06:00,16,1.6,1.9,468407.689,4313300.453,2428.563,-105.36467784,38.96810549,2414.536,147.706,,NAD83(2011) / UTM zone 13N + NAVD88(GEOID18) height,7,5,6,7,0,4313299.027000001,468261.274,2418.5060000000003,POINT Z (468261.274 4313299.027000001 2418.5060000000003)
492,492,493,,468260.182,4313300.367,2421.873,,-105.36638051,38.96809938,2407.848,Global,0.018,0.021,0.012,0.027,1.734,m,FIX,RTK,2025-07-11 14:57:22.4 UTC-06:00,2025-07-11 14:57:25.4 UTC-06:00,16,1.6,1.9,468407.689,4313300.453,2428.563,-105.36467784,38.96810549,2414.536,147.715,,NAD83(2011) / UTM zone 13N + NAVD88(GEOID18) height,7,6,6,7,0,4313299.284,468261.26999999996,2418.523,POINT Z (468261.26999999996 4313299.284 2418.523)
493,493,494,,468260.187,4313300.608,2421.866,,-105.36638047,38.96810155,2407.842,Global,0.012,0.011,0.011,0.016,1.734,m,FIX,RTK,2025-07-11 14:57:29.6 UTC-06:00,2025-07-11 14:57:32.6 UTC-06:00,16,1.6,1.9,468407.689,4313300.453,2428.563,-105.36467784,38.96810549,2414.536,147.693,,NAD83(2011) / UTM zone 13N + NAVD88(GEOID18) height,7,6,6,6,0,4313299.525,468261.27499999997,2418.516,POINT Z (468261.27499999997 4313299.525 2418.516)
494,494,495,,468260.202,4313300.977,2421.877,,-105.36638031,38.96810487,2407.852,Global,0.012,0.012,0.01,0.017,1.734,m,FIX,RTK,2025-07-11 14:57:43.0 UTC-06:00,2025-07-11 14:57:46.0 UTC-06:00,16,1.6,1.9,468407.689,4313300.453,2428.563,-105.36467784,38.96810549,2414.536,147.678,,NAD83(2011) / UTM zone 13N + NAVD88(GEOID18) height,7,7,6,7,0,4313299.894,468261.29,2418.527,POINT Z (468261.29 4313299.894 2418.527)
495,495,496,,468260.164,4313301.212,2421.884,,-105.36638076,38.96810699,2407.859,Global,0.012,0.01,0.011,0.016,1.734,m,FIX,RTK,2025-07-11 14:57:50.6 UTC-06:00,2025-07-11 14:57:53.6 UTC-06:00,16,1.6,1.9,468407.689,4313300.453,2428.563,-105.36467784,38.96810549,2414.536,147.733,,NAD83(2011) / UTM zone 13N + NAVD88(GEOID18) height,7,7,6,7,0,4313300.129000001,468261.252,2418.534,POINT Z (468261.252 4313300.129000001 2418.534)
496,496,497,,468260.115,4313301.52,2421.913,,-105.36638134,38.96810976,2407.888,Global,0.011,0.011,0.011,0.016,1.734,m,FIX,RTK,2025-07-11 14:57:57.6 UTC-06:00,2025-07-11 14:58:00.6 UTC-06:00,16,1.6,1.9,468407.689,4313300.453,2428.563,-105.36467784,38.96810549,2414.536,147.772,,NAD83(2011) / UTM zone 13N + NAVD88(GEOID18) height,7,7,6,7,0,4313300.437,468261.203,2418.563,POINT Z (468261.203 4313300.437 2418.563)
497,497,498,,468260.098,4313301.809,2421.901,,-105.36638156,38.96811237,2407.876,Global,0.013,0.013,0.011,0.018,1.734,m,FIX,RTK,2025-07-11 14:58:04.4 UTC-06:00,2025-07-11 14:58:07.4 UTC-06:00,16,1.6,1.9,468407.689,4313300.453,2428.563,-105.36467784,38.96810549,2414.536,147.799,,NAD83(2011) / UTM zone 13N + NAVD88(GEOID18) height,7,6,6,7,0,4313300.726000001,468261.186,2418.551,POINT Z (468261.186 4313300.726000001 2418.551)
498,498,499,,468260.142,4313302.066,2421.866,,-105.36638106,38.96811469,2407.841,Global,0.012,0.01,0.01,0.015,1.734,m,FIX,RTK,2025-07-11 14:58:11.4 UTC-06:00,2025-07-11 14:58:14.4 UTC-06:00,16,1.6,1.9,468407.689,4313300.453,2428.563,-105.36467784,38.96810549,2414.536,147.75,,NAD83(2011) / UTM zone 13N + NAVD88(GEOID18) height,7,6,6,7,0,4313300.983,468261.23,2418.516,POINT Z (468261.23 4313300.983 2418.516)
499,499,500,,468260.138,4313302.322,2421.861,,-105.36638112,38.968117,2407.837,Global,0.011,0.011,0.01,0.016,1.734,m,FIX,RTK,2025-07-11 14:58:18.8 UTC-06:00,2025-07-11 14:58:21.8 UTC-06:00,16,1.6,1.9,468407.689,4313300.453,2428.563,-105.36467784,38.96810549,2414.536,147.754,,NAD83(2011) / UTM zone 13N + NAVD88(GEOID18) height,7,6,6,7,0,4313301.239,468261.22599999997,2418.511,POINT Z (468261.22599999997 4313301.239 2418.511)
500,500,501,,468260.113,4313302.564,2421.841,,-105.36638142,38.96811917,2407.816,Global,0.019,0.011,0.011,0.022,1.734,m,FIX,RTK,2025-07-11 14:58:40.2 UTC-06:00,2025-07-11 14:58:43.2 UTC-06:00,16,1.5,1.9,468407.689,4313300.453,2428.563,-105.36467784,38.96810549,2414.536,147.806,,NAD83(2011) / UTM zone 13N + NAVD88(GEOID18) height,7,6,6,6,0,4313301.481000001,468261.201,2418.491,POINT Z (468261.201 4313301.481000001 2418.491)
501,501,502,,468260.087,4313302.947,2421.809,,-105.36638174,38.96812263,2407.784,Global,0.013,0.028,0.01,0.031,1.734,m,FIX,RTK,2025-07-11 14:58:47.0 UTC-06:00,2025-07-11 14:58:50.0 UTC-06:00,16,1.5,1.9,468407.689,4313300.453,2428.563,-105.36467784,38.96810549,2414.536,147.812,,NAD83(2011) / UTM zone 13N + NAVD88(GEOID18) height,6,6,6,7,0,4313301.864,468261.175,2418.4590000000003,POINT Z (468261.175 4313301.864 2418.4590000000003)
502,502,503,,468260.104,4313303.203,2421.807,,-105.36638155,38.96812493,2407.782,Global,0.018,0.027,0.011,0.032,1.734,m,FIX,RTK,2025-07-11 14:58:53.2 UTC-06:00,2025-07-11 14:58:56.2 UTC-06:00,16,1.5,1.9,468407.689,4313300.453,2428.563,-105.36467784,38.96810549,2414.536,147.794,,NAD83(2011) / UTM zone 13N + NAVD88(GEOID18) height,6,6,6,6,0,4313302.12,468261.192,2418.457,POINT Z (468261.192 4313302.12 2418.457)
503,503,504,,468260.085,4313303.696,2421.77,,-105.36638179,38.96812937,2407.746,Global,0.012,0.024,0.011,0.027,1.734,m,FIX,RTK,2025-07-11 14:59:00.2 UTC-06:00,2025-07-11 14:59:03.2 UTC-06:00,16,1.5,1.9,468407.689,4313300.453,2428.563,-105.36467784,38.96810549,2414.536,147.852,,NAD83(2011) / UTM zone 13N + NAVD88(GEOID18) height,6,6,6,6,0,4313302.613000001,468261.173,2418.42,POINT Z (468261.173 4313302.613000001 2418.42)
504,504,505,,468260.017,4313304.028,2421.748,,-105.36638259,38.96813236,2407.723,Global,0.021,0.015,0.01,0.025,1.734,m,FIX,RTK,2025-07-11 14:59:07.4 UTC-06:00,2025-07-11 14:59:10.4 UTC-06:00,16,1.5,1.9,468407.689,4313300.453,2428.563,-105.36467784,38.96810549,2414.536,147.903,,NAD83(2011) / UTM zone 13N + NAVD88(GEOID18) height,6,6,6,7,0,4313302.945,468261.105,2418.398,POINT Z (468261.105 4313302.945 2418.398)
505,505,506,,468259.905,4313304.395,2421.759,,-105.3663839,38.96813566,2407.735,Global,0.018,0.011,0.01,0.021,1.734,m,FIX,RTK,2025-07-11 14:59:16.0 UTC-06:00,2025-07-11 14:59:19.0 UTC-06:00,16,1.5,1.9,468407.689,4313300.453,2428.563,-105.36467784,38.96810549,2414.536,148.053,,NAD83(2011) / UTM zone 13N + NAVD88(GEOID18) height,7,6,6,6,0,4313303.312,468260.993,2418.409,POINT Z (468260.993 4313303.312 2418.409)
506,506,507,,468259.803,4313304.724,2421.767,,-105.3663851,38.96813862,2407.743,Global,0.011,0.015,0.011,0.019,1.734,m,FIX,RTK,2025-07-11 14:59:23.8 UTC-06:00,2025-07-11 14:59:26.8 UTC-06:00,16,1.5,1.9,468407.689,4313300.453,2428.563,-105.36467784,38.96810549,2414.536,148.15,,NAD83(2011) / UTM zone 13N + NAVD88(GEOID18) height,7,6,6,7,0,4313303.641000001,468260.891,2418.417,POINT Z (468260.891 4313303.641000001 2418.417)
507,507,508,,468259.794,4313305.04,2421.772,,-105.36638521,38.96814147,2407.747,Global,0.017,0.013,0.011,0.021,1.734,m,FIX,RTK,2025-07-11 14:59:32.0 UTC-06:00,2025-07-11 14:59:35.0 UTC-06:00,16,1.5,1.9,468407.689,4313300.453,2428.563,-105.36467784,38.96810549,2414.536,148.182,,NAD83(2011) / UTM zone 13N + NAVD88(GEOID18) height,7,6,6,7,0,4313303.957,468260.882,2418.422,POINT Z (468260.882 4313303.957 2418.422)
508,508,509,,468259.716,4313305.264,2421.788,,-105.36638612,38.96814349,2407.763,Global,0.01,0.013,0.01,0.017,1.734,m,FIX,RTK,2025-07-11 14:59:39.0 UTC-06:00,2025-07-11 14:59:42.0 UTC-06:00,16,1.5,1.9,468407.689,4313300.453,2428.563,-105.36467784,38.96810549,2414.536,148.254,,NAD83(2011) / UTM zone 13N + NAVD88(GEOID18) height,7,7,6,7,0,4313304.181000001,468260.804,2418.438,POINT Z (468260.804 4313304.181000001 2418.438)
509,509,510,,468259.683,4313305.534,2421.826,,-105.36638651,38.96814592,2407.801,Global,0.01,0.01,0.011,0.014,1.734,m,FIX,RTK,2025-07-11 14:59:47.6 UTC-06:00,2025-07-11 14:59:50.6 UTC-06:00,16,1.5,1.9,468407.689,4313300.453,2428.563,-105.36467784,38.96810549,2414.536,148.287,,NAD83(2011) / UTM zone 13N + NAVD88(GEOID18) height,7,6,6,6,0,4313304.451,468260.771,2418.476,POINT Z (468260.771 4313304.451 2418.476)
510,510,511,,468259.617,4313305.894,2421.832,,-105.36638729,38.96814916,2407.807,Global,0.012,0.011,0.01,0.016,1.734,m,FIX,RTK,2025-07-11 15:00:02.8 UTC-06:00,2025-07-11 15:00:05.8 UTC-06:00,16,1.5,1.8,468407.689,4313300.453,2428.563,-105.36467784,38.96810549,2414.536,148.369,,NAD83(2011) / UTM zone 13N + NAVD88(GEOID18) height,6,6,6,6,0,4313304.811000001,468260.705,2418.482,POINT Z (468260.705 4313304.811000001 2418.482)
511,511,512,,468259.602,4313306.254,2421.856,,-105.36638749,38.9681524,2407.831,Global,0.015,0.01,0.01,0.018,1.734,m,FIX,RTK,2025-07-11 15:00:10.2 UTC-06:00,2025-07-11 15:00:13.2 UTC-06:00,16,1.5,1.8,468407.689,4313300.453,2428.563,-105.36467784,38.96810549,2414.536,148.406,,NAD83(2011) / UTM zone 13N + NAVD88(GEOID18) height,7,6,6,5,0,4313305.171,468260.69,2418.5060000000003,POINT Z (468260.69 4313305.171 2418.5060000000003)
512,512,513,,468259.638,4313306.525,2421.83,,-105.36638708,38.96815485,2407.806,Global,0.012,0.013,0.01,0.018,1.734,m,FIX,RTK,2025-07-11 15:00:17.2 UTC-06:00,2025-07-11 15:00:20.2 UTC-06:00,16,1.5,1.8,468407.689,4313300.453,2428.563,-105.36467784,38.96810549,2414.536,148.371,,NAD83(2011) / UTM zone 13N + NAVD88(GEOID18) height,7,7,6,5,0,4313305.442000001,468260.72599999997,2418.48,POINT Z (468260.72599999997 4313305.442000001 2418.48)
513,513,514,,468259.636,4313306.813,2421.821,,-105.36638712,38.96815745,2407.796,Global,0.012,0.016,0.012,0.02,1.734,m,FIX,RTK,2025-07-11 15:00:24.0 UTC-06:00,2025-07-11 15:00:27.0 UTC-06:00,16,1.5,1.8,468407.689,4313300.453,2428.563,-105.36467784,38.96810549,2414.536,148.387,,NAD83(2011) / UTM zone 13N + NAVD88(GEOID18) height,6,6,6,5,0,4313305.73,468260.724,2418.471,POINT Z (468260.724 4313305.73 2418.471)
514,514,515,,468259.613,4313307.205,2421.789,,-105.3663874,38.96816098,2407.765,Global,0.01,0.012,0.012,0.016,1.734,m,FIX,RTK,2025-07-11 15:00:31.6 UTC-06:00,2025-07-11 15:00:34.6 UTC-06:00,16,1.5,1.8,468407.689,4313300.453,2428.563,-105.36467784,38.96810549,2414.536,148.426,,NAD83(2011) / UTM zone 13N + NAVD88(GEOID18) height,6,7,6,5,0,4313306.122,468260.701,2418.4390000000003,POINT Z (468260.701 4313306.122 2418.4390000000003)
515,515,516,,468259.706,4313307.578,2421.762,,-105.36638635,38.96816434,2407.738,Global,0.011,0.012,0.012,0.017,1.734,m,FIX,RTK,2025-07-11 15:00:39.4 UTC-06:00,2025-07-11 15:00:42.4 UTC-06:00,16,1.5,1.8,468407.689,4313300.453,2428.563,-105.36467784,38.96810549,2414.536,148.362,,NAD83(2011) / UTM zone 13N + NAVD88(GEOID18) height,6,7,6,5,0,4313306.495,468260.794,2418.4120000000003,POINT Z (468260.794 4313306.495 2418.4120000000003)
516,516,517,,468259.517,4313307.879,2421.72,,-105.36638854,38.96816704,2407.695,Global,0.011,0.013,0.01,0.017,1.734,m,FIX,RTK,2025-07-11 15:00:47.4 UTC-06:00,2025-07-11 15:00:50.4 UTC-06:00,16,1.5,1.8,468407.689,4313300.453,2428.563,-105.36467784,38.96810549,2414.536,148.565,,NAD83(2011) / UTM zone 13N + NAVD88(GEOID18) height,6,6,6,6,0,4313306.796,468260.605,2418.37,POINT Z (468260.605 4313306.796 2418.37)
517,517,518,,468259.584,4313308.25,2421.694,,-105.36638778,38.96817039,2407.669,Global,0.011,0.019,0.01,0.022,1.734,m,FIX,RTK,2025-07-11 15:00:55.0 UTC-06:00,2025-07-11 15:00:58.0 UTC-06:00,16,1.5,1.8,468407.689,4313300.453,2428.563,-105.36467784,38.96810549,2414.536,148.51,,NAD83(2011) / UTM zone 13N + NAVD88(GEOID18) height,6,6,6,7,0,4313307.167,468260.67199999996,2418.344,POINT Z (468260.67199999996 4313307.167 2418.344)
518,518,519,,468259.478,4313308.602,2421.682,,-105.36638902,38.96817356,2407.658,Global,0.016,0.011,0.01,0.019,1.734,m,FIX,RTK,2025-07-11 15:01:02.8 UTC-06:00,2025-07-11 15:01:05.8 UTC-06:00,16,1.5,1.8,468407.689,4313300.453,2428.563,-105.36467784,38.96810549,2414.536,148.646,,NAD83(2011) / UTM zone 13N + NAVD88(GEOID18) height,6,6,6,7,0,4313307.519,468260.566,2418.332,POINT Z (468260.566 4313307.519 2418.332)
519,519,520,,468259.398,4313309.107,2421.687,,-105.36638998,38.96817811,2407.662,Global,0.016,0.015,0.011,0.021,1.734,m,FIX,RTK,2025-07-11 15:01:11.6 UTC-06:00,2025-07-11 15:01:14.6 UTC-06:00,16,1.5,1.8,468407.689,4313300.453,2428.563,-105.36467784,38.96810549,2414.536,148.758,,NAD83(2011) / UTM zone 13N + NAVD88(GEOID18) height,7,6,6,7,0,4313308.024,468260.486,2418.337,POINT Z (468260.486 4313308.024 2418.337)
520,520,521,,468259.465,4313309.417,2421.691,,-105.36638921,38.96818091,2407.667,Global,0.01,0.01,0.011,0.015,1.734,m,FIX,RTK,2025-07-11 15:01:24.0 UTC-06:00,2025-07-11 15:01:27.0 UTC-06:00,16,1.5,1.8,468407.689,4313300.453,2428.563,-105.36467784,38.96810549,2414.536,148.698,,NAD83(2011) / UTM zone 13N + NAVD88(GEOID18) height,6,6,6,6,0,4313308.334000001,468260.553,2418.341,POINT Z (468260.553 4313308.334000001 2418.341)
521,521,522,,468259.323,4313309.776,2421.681,,-105.36639087,38.96818413,2407.656,Global,0.011,0.012,0.01,0.016,1.734,m,FIX,RTK,2025-07-11 15:01:36.2 UTC-06:00,2025-07-11 15:01:39.2 UTC-06:00,16,1.5,1.8,468407.689,4313300.453,2428.563,-105.36467784,38.96810549,2414.536,148.864,,NAD83(2011) / UTM zone 13N + NAVD88(GEOID18) height,7,6,6,6,0,4313308.693,468260.41099999996,2418.331,POINT Z (468260.41099999996 4313308.693 2418.331)
522,522,523,,468259.266,4313309.997,2421.684,,-105.36639153,38.96818613,2407.659,Global,0.011,0.01,0.01,0.015,1.734,m,FIX,RTK,2025-07-11 15:01:45.8 UTC-06:00,2025-07-11 15:01:48.8 UTC-06:00,16,1.5,1.8,468407.689,4313300.453,2428.563,-105.36467784,38.96810549,2414.536,148.928,,NAD83(2011) / UTM zone 13N + NAVD88(GEOID18) height,6,6,6,6,0,4313308.914000001,468260.354,2418.3340000000003,POINT Z (468260.354 4313308.914000001 2418.3340000000003)
523,523,524,,468259.192,4313310.404,2421.697,,-105.36639241,38.96818979,2407.672,Global,0.011,0.011,0.012,0.016,1.734,m,FIX,RTK,2025-07-11 15:01:55.8 UTC-06:00,2025-07-11 15:01:58.8 UTC-06:00,16,1.5,1.8,468407.689,4313300.453,2428.563,-105.36467784,38.96810549,2414.536,149.031,,NAD83(2011) / UTM zone 13N + NAVD88(GEOID18) height,6,6,6,6,0,4313309.321,468260.27999999997,2418.347,POINT Z (468260.27999999997 4313309.321 2418.347)
524,524,525,,468259.145,4313310.724,2421.709,,-105.36639296,38.96819267,2407.684,Global,0.015,0.012,0.011,0.019,1.734,m,FIX,RTK,2025-07-11 15:02:04.0 UTC-06:00,2025-07-11 15:02:07.0 UTC-06:00,16,1.4,1.6,468407.689,4313300.453,2428.563,-105.36467784,38.96810549,2414.536,149.116,,NAD83(2011) / UTM zone 13N + NAVD88(GEOID18) height,7,6,6,6,0,4313309.641000001,468260.233,2418.359,POINT Z (468260.233 4313309.641000001 2418.359)
525,525,526,,468259.151,4313311.099,2421.682,,-105.36639291,38.96819605,2407.658,Global,0.017,0.013,0.012,0.021,1.734,m,FIX,RTK,2025-07-11 15:02:11.6 UTC-06:00,2025-07-11 15:02:14.6 UTC-06:00,16,1.4,1.6,468407.689,4313300.453,2428.563,-105.36467784,38.96810549,2414.536,149.106,,NAD83(2011) / UTM zone 13N + NAVD88(GEOID18) height,6,6,6,6,0,4313310.016000001,468260.239,2418.332,POINT Z (468260.239 4313310.016000001 2418.332)
526,526,527,,468259.186,4313311.569,2421.675,,-105.36639253,38.96820029,2407.65,Global,0.012,0.012,0.01,0.017,1.734,m,FIX,RTK,2025-07-11 15:02:21.0 UTC-06:00,2025-07-11 15:02:24.0 UTC-06:00,16,1.4,1.6,468407.689,4313300.453,2428.563,-105.36467784,38.96810549,2414.536,149.112,,NAD83(2011) / UTM zone 13N + NAVD88(GEOID18) height,6,6,6,6,0,4313310.4860000005,468260.274,2418.3250000000003,POINT Z (468260.274 4313310.4860000005 2418.3250000000003)
527,527,528,,468259.078,4313312.059,2421.612,,-105.3663938,38.96820469,2407.588,Global,0.013,0.016,0.01,0.021,1.734,m,FIX,RTK,2025-07-11 15:02:31.8 UTC-06:00,2025-07-11 15:02:34.8 UTC-06:00,16,1.4,1.6,468407.689,4313300.453,2428.563,-105.36467784,38.96810549,2414.536,149.256,,NAD83(2011) / UTM zone 13N + NAVD88(GEOID18) height,6,6,6,6,0,4313310.976000001,468260.16599999997,2418.262,POINT Z (468260.16599999997 4313310.976000001 2418.262)
528,528,529,,468259.025,4313312.51,2421.573,,-105.36639443,38.96820876,2407.548,Global,0.011,0.022,0.01,0.025,1.734,m,FIX,RTK,2025-07-11 15:02:40.6 UTC-06:00,2025-07-11 15:02:43.6 UTC-06:00,16,1.4,1.6,468407.689,4313300.453,2428.563,-105.36467784,38.96810549,2414.536,149.355,,NAD83(2011) / UTM zone 13N + NAVD88(GEOID18) height,6,6,6,6,0,4313311.427,468260.113,2418.223,POINT Z (468260.113 4313311.427 2418.223)
529,529,530,,468258.883,4313312.873,2421.545,,-105.36639609,38.96821203,2407.52,Global,0.011,0.011,0.011,0.015,1.734,m,FIX,RTK,2025-07-11 15:02:50.6 UTC-06:00,2025-07-11 15:02:53.6 UTC-06:00,16,1.4,1.6,468407.689,4313300.453,2428.563,-105.36467784,38.96810549,2414.536,149.534,,NAD83(2011) / UTM zone 13N + NAVD88(GEOID18) height,6,7,6,6,0,4313311.79,468259.97099999996,2418.195,POINT Z (468259.97099999996 4313311.79 2418.195)
530,530,531,,468258.839,4313313.218,2421.51,,-105.36639661,38.96821513,2407.485,Global,0.01,0.012,0.011,0.015,1.734,m,FIX,RTK,2025-07-11 15:03:01.6 UTC-06:00,2025-07-11 15:03:04.6 UTC-06:00,16,1.3,1.6,468407.689,4313300.453,2428.563,-105.36467784,38.96810549,2414.536,149.607,,NAD83(2011) / UTM zone 13N + NAVD88(GEOID18) height,7,7,6,6,0,4313312.135000001,468259.92699999997,2418.1600000000003,POINT Z (468259.92699999997 4313312.135000001 2418.1600000000003)
531,531,532,,468258.763,4313313.545,2421.521,,-105.36639751,38.96821808,2407.497,Global,0.014,0.013,0.012,0.019,1.734,m,FIX,RTK,2025-07-11 15:03:11.8 UTC-06:00,2025-07-11 15:03:14.8 UTC-06:00,16,1.3,1.6,468407.689,4313300.453,2428.563,-105.36467784,38.96810549,2414.536,149.724,,NAD83(2011) / UTM zone 13N + NAVD88(GEOID18) height,6,6,6,5,0,4313312.462,468259.85099999997,2418.1710000000003,POINT Z (468259.85099999997 4313312.462 2418.1710000000003)
532,532,533,,468258.777,4313313.754,2421.505,,-105.36639736,38.96821996,2407.48,Global,0.011,0.012,0.011,0.016,1.734,m,FIX,RTK,2025-07-11 15:03:22.8 UTC-06:00,2025-07-11 15:03:25.8 UTC-06:00,16,1.3,1.6,468407.689,4313300.453,2428.563,-105.36467784,38.96810549,2414.536,149.716,,NAD83(2011) / UTM zone 13N + NAVD88(GEOID18) height,7,6,6,6,0,4313312.671,468259.865,2418.155,POINT Z (468259.865 4313312.671 2418.155)
533,533,534,,468258.708,4313314.113,2421.584,,-105.36639817,38.96822319,2407.56,Global,0.013,0.011,0.011,0.018,1.734,m,FIX,RTK,2025-07-11 15:03:44.2 UTC-06:00,2025-07-11 15:03:47.2 UTC-06:00,16,1.3,1.6,468407.689,4313300.453,2428.563,-105.36467784,38.96810549,2414.536,149.822,,NAD83(2011) / UTM zone 13N + NAVD88(GEOID18) height,6,6,6,6,0,4313313.03,468259.796,2418.234,POINT Z (468259.796 4313313.03 2418.234)
534,534,535,,468258.765,4313314.325,2421.538,,-105.36639752,38.9682251,2407.514,Global,0.013,0.013,0.01,0.019,1.734,m,FIX,RTK,2025-07-11 15:04:04.0 UTC-06:00,2025-07-11 15:04:07.0 UTC-06:00,16,1.3,1.6,468407.689,4313300.453,2428.563,-105.36467784,38.96810549,2414.536,149.77,,NAD83(2011) / UTM zone 13N + NAVD88(GEOID18) height,6,6,6,6,0,4313313.242000001,468259.853,2418.188,POINT Z (468259.853 4313313.242000001 2418.188)
535,535,536,,468258.654,4313314.666,2421.522,,-105.36639882,38.96822817,2407.497,Global,0.013,0.015,0.01,0.02,1.734,m,FIX,RTK,2025-07-11 15:04:11.8 UTC-06:00,2025-07-11 15:04:14.8 UTC-06:00,16,1.3,1.6,468407.689,4313300.453,2428.563,-105.36467784,38.96810549,2414.536,149.916,,NAD83(2011) / UTM zone 13N + NAVD88(GEOID18) height,6,6,6,6,0,4313313.583000001,468259.74199999997,2418.172,POINT Z (468259.74199999997 4313313.583000001 2418.172)
536,536,537,,468258.682,4313315.02,2421.504,,-105.36639851,38.96823136,2407.479,Global,0.011,0.016,0.011,0.019,1.734,m,FIX,RTK,2025-07-11 15:04:20.2 UTC-06:00,2025-07-11 15:04:23.2 UTC-06:00,16,1.3,1.6,468407.689,4313300.453,2428.563,-105.36467784,38.96810549,2414.536,149.93,,NAD83(2011) / UTM zone 13N + NAVD88(GEOID18) height,6,6,6,6,0,4313313.937,468259.76999999996,2418.154,POINT Z (468259.76999999996 4313313.937 2418.154)
537,537,538,,468258.584,4313315.287,2421.545,,-105.36639965,38.96823377,2407.52,Global,0.013,0.015,0.011,0.02,1.734,m,FIX,RTK,2025-07-11 15:04:28.4 UTC-06:00,2025-07-11 15:04:31.4 UTC-06:00,16,1.3,1.6,468407.689,4313300.453,2428.563,-105.36467784,38.96810549,2414.536,150.064,,NAD83(2011) / UTM zone 13N + NAVD88(GEOID18) height,6,6,6,6,0,4313314.204,468259.67199999996,2418.195,POINT Z (468259.67199999996 4313314.204 2418.195)
538,538,539,,468258.644,4313315.588,2421.471,,-105.36639897,38.96823648,2407.446,Global,0.012,0.011,0.01,0.016,1.734,m,FIX,RTK,2025-07-11 15:04:46.0 UTC-06:00,2025-07-11 15:04:49.0 UTC-06:00,16,1.3,1.5,468407.689,4313300.453,2428.563,-105.36467784,38.96810549,2414.536,150.024,,NAD83(2011) / UTM zone 13N + NAVD88(GEOID18) height,6,6,6,6,0,4313314.505000001,468259.73199999996,2418.121,POINT Z (468259.73199999996 4313314.505000001 2418.121)
539,539,540,,468258.559,4313315.932,2421.371,,-105.36639997,38.96823958,2407.347,Global,0.012,0.011,0.011,0.016,1.734,m,FIX,RTK,2025-07-11 15:04:58.0 UTC-06:00,2025-07-11 15:05:01.0 UTC-06:00,16,1.3,1.5,468407.689,4313300.453,2428.563,-105.36467784,38.96810549,2414.536,150.153,,NAD83(2011) / UTM zone 13N + NAVD88(GEOID18) height,6,6,6,6,0,4313314.849,468259.647,2418.021,POINT Z (468259.647 4313314.849 2418.021)
540,540,541,,468258.512,4313316.302,2421.36,,-105.36640053,38.96824291,2407.336,Global,0.012,0.012,0.011,0.017,1.734,m,FIX,RTK,2025-07-11 15:05:07.8 UTC-06:00,2025-07-11 15:05:10.8 UTC-06:00,16,1.3,1.5,468407.689,4313300.453,2428.563,-105.36467784,38.96810549,2414.536,150.228,,NAD83(2011) / UTM zone 13N + NAVD88(GEOID18) height,6,6,6,6,0,4313315.2190000005,468259.6,2418.01,POINT Z (468259.6 4313315.2190000005 2418.01)
541,541,542,,468258.382,4313316.654,2421.383,,-105.36640205,38.96824607,2407.359,Global,0.013,0.013,0.01,0.018,1.734,m,FIX,RTK,2025-07-11 15:05:20.6 UTC-06:00,2025-07-11 15:05:23.6 UTC-06:00,16,1.3,1.5,468407.689,4313300.453,2428.563,-105.36467784,38.96810549,2414.536,150.393,,NAD83(2011) / UTM zone 13N + NAVD88(GEOID18) height,6,6,6,6,0,4313315.571,468259.47,2418.033,POINT Z (468259.47 4313315.571 2418.033)
542,542,543,,468258.3,4313316.955,2421.365,,-105.36640302,38.96824879,2407.34,Global,0.013,0.011,0.01,0.017,1.734,m,FIX,RTK,2025-07-11 15:05:29.8 UTC-06:00,2025-07-11 15:05:32.8 UTC-06:00,16,1.3,1.5,468407.689,4313300.453,2428.563,-105.36467784,38.96810549,2414.536,150.519,,NAD83(2011) / UTM zone 13N + NAVD88(GEOID18) height,7,6,6,6,0,4313315.872,468259.388,2418.015,POINT Z (468259.388 4313315.872 2418.015)
543,543,544,,468258.244,4313317.309,2421.426,,-105.36640367,38.96825197,2407.401,Global,0.011,0.012,0.01,0.017,1.734,m,FIX,RTK,2025-07-11 15:05:40.6 UTC-06:00,2025-07-11 15:05:43.6 UTC-06:00,16,1.3,1.5,468407.689,4313300.453,2428.563,-105.36467784,38.96810549,2414.536,150.606,,NAD83(2011) / UTM zone 13N + NAVD88(GEOID18) height,6,6,6,6,0,4313316.226000001,468259.332,2418.076,POINT Z (468259.332 4313316.226000001 2418.076)
544,544,545,,468258.209,4313317.682,2421.54,,-105.3664041,38.96825534,2407.515,Global,0.012,0.013,0.011,0.018,1.734,m,FIX,RTK,2025-07-11 15:05:55.8 UTC-06:00,2025-07-11 15:05:58.8 UTC-06:00,16,1.3,1.5,468407.689,4313300.453,2428.563,-105.36467784,38.96810549,2414.536,150.669,,NAD83(2011) / UTM zone 13N + NAVD88(GEOID18) height,6,6,6,6,0,4313316.599,468259.29699999996,2418.19,POINT Z (468259.29699999996 4313316.599 2418.19)
545,545,546,,468258.196,4313318.042,2421.355,,-105.36640426,38.96825858,2407.331,Global,0.013,0.013,0.01,0.019,1.734,m,FIX,RTK,2025-07-11 15:06:13.6 UTC-06:00,2025-07-11 15:06:16.6 UTC-06:00,16,1.3,1.5,468407.689,4313300.453,2428.563,-105.36467784,38.96810549,2414.536,150.739,,NAD83(2011) / UTM zone 13N + NAVD88(GEOID18) height,6,6,6,6,0,4313316.959000001,468259.284,2418.005,POINT Z (468259.284 4313316.959000001 2418.005)
546,546,547,,468258.141,4313318.303,2421.555,,-105.36640491,38.96826092,2407.531,Global,0.013,0.011,0.01,0.017,1.734,m,FIX,RTK,2025-07-11 15:06:24.6 UTC-06:00,2025-07-11 15:06:27.6 UTC-06:00,16,1.3,1.5,468407.689,4313300.453,2428.563,-105.36467784,38.96810549,2414.536,150.816,,NAD83(2011) / UTM zone 13N + NAVD88(GEOID18) height,6,5,6,6,0,4313317.220000001,468259.229,2418.205,POINT Z (468259.229 4313317.220000001 2418.205)
547,547,548,,468258.243,4313318.434,2421.612,,-105.36640374,38.96826211,2407.588,Global,0.012,0.011,0.01,0.016,1.734,m,FIX,RTK,2025-07-11 15:06:52.6 UTC-06:00,2025-07-11 15:06:55.6 UTC-06:00,16,1.3,1.5,468407.689,4313300.453,2428.563,-105.36467784,38.96810549,2414.536,150.727,,NAD83(2011) / UTM zone 13N + NAVD88(GEOID18) height,7,5,6,6,0,4313317.351000001,468259.331,2418.262,POINT Z (468259.331 4313317.351000001 2418.262)
548,548,549,,468258.346,4313318.715,2421.754,,-105.36640256,38.96826465,2407.73,Global,0.011,0.011,0.01,0.016,1.734,m,FIX,RTK,2025-07-11 15:07:07.8 UTC-06:00,2025-07-11 15:07:10.8 UTC-06:00,16,1.3,1.5,468407.689,4313300.453,2428.563,-105.36467784,38.96810549,2414.536,150.661,,NAD83(2011) / UTM zone 13N + NAVD88(GEOID18) height,6,5,6,6,0,4313317.632,468259.434,2418.404,POINT Z (468259.434 4313317.632 2418.404)
549,549,550,,468258.247,4313318.982,2421.885,,-105.36640371,38.96826705,2407.861,Global,0.012,0.022,0.011,0.025,1.734,m,FIX,RTK,2025-07-11 15:07:19.8 UTC-06:00,2025-07-11 15:07:22.8 UTC-06:00,16,1.3,1.5,468407.689,4313300.453,2428.563,-105.36467784,38.96810549,2414.536,150.783,,NAD83(2011) / UTM zone 13N + NAVD88(GEOID18) height,6,5,6,6,0,4313317.899,468259.33499999996,2418.5350000000003,POINT Z (468259.33499999996 4313317.899 2418.5350000000003)
550,550,551,,468258.134,4313319.277,2421.975,,-105.36640504,38.96826971,2407.95,Global,0.012,0.016,0.011,0.02,1.734,m,FIX,RTK,2025-07-11 15:07:33.0 UTC-06:00,2025-07-11 15:07:36.0 UTC-06:00,16,1.3,1.5,468407.689,4313300.453,2428.563,-105.36467784,38.96810549,2414.536,150.923,,NAD83(2011) / UTM zone 13N + NAVD88(GEOID18) height,7,5,6,6,0,4313318.194,468259.222,2418.625,POINT Z (468259.222 4313318.194 2418.625)
551,551,552,,468258.105,4313319.487,2421.906,,-105.36640538,38.9682716,2407.881,Global,0.012,0.011,0.01,0.017,1.734,m,FIX,RTK,2025-07-11 15:07:49.0 UTC-06:00,2025-07-11 15:07:52.0 UTC-06:00,16,1.3,1.5,468407.689,4313300.453,2428.563,-105.36467784,38.96810549,2414.536,150.983,,NAD83(2011) / UTM zone 13N + NAVD88(GEOID18) height,6,5,6,6,0,4313318.404,468259.19299999997,2418.556,POINT Z (468259.19299999997 4313318.404 2418.556)
552,552,553,,468258.098,4313319.772,2421.838,,-105.36640547,38.96827416,2407.814,Global,0.011,0.01,0.01,0.015,1.734,m,FIX,RTK,2025-07-11 15:08:00.0 UTC-06:00,2025-07-11 15:08:03.0 UTC-06:00,16,1.3,1.5,468407.689,4313300.453,2428.563,-105.36467784,38.96810549,2414.536,151.033,,NAD83(2011) / UTM zone 13N + NAVD88(GEOID18) height,6,5,6,6,0,4313318.689,468259.186,2418.4880000000003,POINT Z (468259.186 4313318.689 2418.4880000000003)
553,553,554,,468258.124,4313320.153,2421.96,,-105.36640518,38.9682776,2407.936,Global,0.015,0.011,0.01,0.019,1.734,m,FIX,RTK,2025-07-11 15:08:11.8 UTC-06:00,2025-07-11 15:08:14.8 UTC-06:00,16,1.3,1.5,468407.689,4313300.453,2428.563,-105.36467784,38.96810549,2414.536,151.052,,NAD83(2011) / UTM zone 13N + NAVD88(GEOID18) height,6,5,6,6,0,4313319.07,468259.212,2418.61,POINT Z (468259.212 4313319.07 2418.61)
554,554,555,,468258.098,4313320.389,2422.187,,-105.3664055,38.96827973,2408.163,Global,0.011,0.013,0.011,0.017,1.734,m,FIX,RTK,2025-07-11 15:08:26.6 UTC-06:00,2025-07-11 15:08:29.6 UTC-06:00,16,1.3,1.5,468407.689,4313300.453,2428.563,-105.36467784,38.96810549,2414.536,151.094,,NAD83(2011) / UTM zone 13N + NAVD88(GEOID18) height,6,5,6,6,0,4313319.306000001,468259.186,2418.837,POINT Z (468259.186 4313319.306000001 2418.837)
555,555,556,,468258.108,4313320.562,2422.252,,-105.36640539,38.96828129,2408.228,Global,0.012,0.022,0.01,0.025,1.734,m,FIX,RTK,2025-07-11 15:08:34.4 UTC-06:00,2025-07-11 15:08:37.4 UTC-06:00,16,1.3,1.5,468407.689,4313300.453,2428.563,-105.36467784,38.96810549,2414.536,151.118,,NAD83(2011) / UTM zone 13N + NAVD88(GEOID18) height,6,5,6,6,0,4313319.479,468259.196,2418.902,POINT Z (468259.196 4313319.479 2418.902)
556,556,557,,468258.168,4313320.752,2422.405,,-105.36640471,38.968283,2408.381,Global,0.017,0.01,0.011,0.02,1.734,m,FIX,RTK,2025-07-11 15:08:48.2 UTC-06:00,2025-07-11 15:08:51.2 UTC-06:00,16,1.3,1.5,468407.689,4313300.453,2428.563,-105.36467784,38.96810549,2414.536,151.058,,NAD83(2011) / UTM zone 13N + NAVD88(GEOID18) height,6,5,6,6,0,4313319.669000001,468259.256,2419.0550000000003,POINT Z (468259.256 4313319.669000001 2419.0550000000003)
557,557,558,,468258.113,4313321.004,2422.621,,-105.36640536,38.96828527,2408.597,Global,0.019,0.01,0.011,0.021,1.734,m,FIX,RTK,2025-07-11 15:08:58.8 UTC-06:00,2025-07-11 15:09:01.8 UTC-06:00,16,1.3,1.5,468407.689,4313300.453,2428.563,-105.36467784,38.96810549,2414.536,151.142,,NAD83(2011) / UTM zone 13N + NAVD88(GEOID18) height,6,5,6,6,0,4313319.921,468259.201,2419.271,POINT Z (468259.201 4313319.921 2419.271)
558,558,559,,468258.065,4313321.301,2422.523,,-105.36640592,38.96828794,2408.498,Global,0.01,0.01,0.01,0.015,1.734,m,FIX,RTK,2025-07-11 15:09:08.4 UTC-06:00,2025-07-11 15:09:11.4 UTC-06:00,16,1.3,1.5,468407.689,4313300.453,2428.563,-105.36467784,38.96810549,2414.536,151.244,,NAD83(2011) / UTM zone 13N + NAVD88(GEOID18) height,6,5,6,6,0,4313320.218,468259.153,2419.1730000000002,POINT Z (468259.153 4313320.218 2419.1730000000002)
559,559,560,,468257.816,4313321.109,2422.121,,-105.36640879,38.96828621,2408.097,Global,0.01,0.011,0.013,0.015,1.734,m,FIX,RTK,2025-07-11 15:09:30.6 UTC-06:00,2025-07-11 15:09:33.6 UTC-06:00,16,1.4,1.7,468407.689,4313300.453,2428.563,-105.36467784,38.96810549,2414.536,151.482,,NAD83(2011) / UTM zone 13N + NAVD88(GEOID18) height,7,5,6,6,0,4313320.026000001,468258.904,2418.771,POINT Z (468258.904 4313320.026000001 2418.771)
560,560,561,,468258.1,4313321.549,2422.581,,-105.36640553,38.96829018,2408.557,Global,0.01,0.01,0.011,0.015,1.734,m,FIX,RTK,2025-07-11 15:10:11.4 UTC-06:00,2025-07-11 15:10:14.4 UTC-06:00,16,1.3,1.5,468407.689,4313300.453,2428.563,-105.36467784,38.96810549,2414.536,151.25,,NAD83(2011) / UTM zone 13N + NAVD88(GEOID18) height,6,5,6,6,0,4313320.466,468259.18799999997,2419.231,POINT Z (468259.18799999997 4313320.466 2419.231)
561,561,562,,468258.027,4313321.792,2422.647,,-105.36640638,38.96829237,2408.623,Global,0.012,0.017,0.01,0.021,1.734,m,FIX,RTK,2025-07-11 15:10:19.4 UTC-06:00,2025-07-11 15:10:22.4 UTC-06:00,16,1.3,1.5,468407.689,4313300.453,2428.563,-105.36467784,38.96810549,2414.536,151.352,,NAD83(2011) / UTM zone 13N + NAVD88(GEOID18) height,6,6,6,6,0,4313320.709000001,468259.115,2419.297,POINT Z (468259.115 4313320.709000001 2419.297)
562,562,563,,468258.009,4313322.131,2422.615,,-105.36640661,38.96829542,2408.591,Global,0.012,0.015,0.01,0.019,1.734,m,FIX,RTK,2025-07-11 15:10:27.8 UTC-06:00,2025-07-11 15:10:30.8 UTC-06:00,16,1.3,1.5,468407.689,4313300.453,2428.563,-105.36467784,38.96810549,2414.536,151.421,,NAD83(2011) / UTM zone 13N + NAVD88(GEOID18) height,6,5,6,6,0,4313321.048,468259.097,2419.265,POINT Z (468259.097 4313321.048 2419.265)
563,563,564,,468257.95,4313322.345,2422.669,,-105.3664073,38.96829735,2408.644,Global,0.021,0.015,0.01,0.026,1.734,m,FIX,RTK,2025-07-11 15:10:35.2 UTC-06:00,2025-07-11 15:10:38.2 UTC-06:00,15,1.3,1.5,468407.689,4313300.453,2428.563,-105.36467784,38.96810549,2414.536,151.522,,NAD83(2011) / UTM zone 13N + NAVD88(GEOID18) height,6,5,6,6,0,4313321.262,468259.038,2419.319,POINT Z (468259.038 4313321.262 2419.319)
564,564,565,,468257.902,4313322.568,2422.758,,-105.36640787,38.96829935,2408.734,Global,0.014,0.011,0.01,0.018,1.734,m,FIX,RTK,2025-07-11 15:10:45.2 UTC-06:00,2025-07-11 15:10:48.2 UTC-06:00,16,1.3,1.5,468407.689,4313300.453,2428.563,-105.36467784,38.96810549,2414.536,151.586,,NAD83(2011) / UTM zone 13N + NAVD88(GEOID18) height,6,5,6,6,0,4313321.485,468258.99,2419.408,POINT Z (468258.99 4313321.485 2419.408)
565,565,566,,468257.87,4313322.809,2422.766,,-105.36640824,38.96830153,2408.741,Global,0.012,0.01,0.011,0.016,1.734,m,FIX,RTK,2025-07-11 15:10:55.0 UTC-06:00,2025-07-11 15:10:58.0 UTC-06:00,16,1.3,1.5,468407.689,4313300.453,2428.563,-105.36467784,38.96810549,2414.536,151.656,,NAD83(2011) / UTM zone 13N + NAVD88(GEOID18) height,6,5,6,6,0,4313321.726000001,468258.958,2419.416,POINT Z (468258.958 4313321.726000001 2419.416)
566,566,567,,468257.863,4313323.014,2422.806,,-105.36640834,38.96830337,2408.781,Global,0.011,0.011,0.01,0.016,1.734,m,FIX,RTK,2025-07-11 15:11:02.8 UTC-06:00,2025-07-11 15:11:05.8 UTC-06:00,15,1.3,1.5,468407.689,4313300.453,2428.563,-105.36467784,38.96810549,2414.536,151.684,,NAD83(2011) / UTM zone 13N + NAVD88(GEOID18) height,6,5,6,6,0,4313321.931000001,468258.951,2419.456,POINT Z (468258.951 4313321.931000001 2419.456)
567,567,568,,468257.797,4313323.133,2423.095,,-105.36640911,38.96830444,2409.071,Global,0.011,0.01,0.011,0.015,1.734,m,FIX,RTK,2025-07-11 15:12:02.0 UTC-06:00,2025-07-11 15:12:32.0 UTC-06:00,151,1.3,1.6,468407.689,4313300.453,2428.563,-105.36467784,38.96810549,2414.536,151.763,,NAD83(2011) / UTM zone 13N + NAVD88(GEOID18) height,7,5,6,5,0,4313322.050000001,468258.885,2419.745,POINT Z (468258.885 4313322.050000001 2419.745)
568,568,569,,468257.8,4313323.124,2423.094,,-105.36640906,38.96830436,2409.07,Global,0.011,0.011,0.01,0.015,1.734,m,FIX,RTK,2025-07-11 15:12:45.0 UTC-06:00,2025-07-11 15:12:48.0 UTC-06:00,16,1.3,1.6,468407.689,4313300.453,2428.563,-105.36467784,38.96810549,2414.536,151.757,,NAD83(2011) / UTM zone 13N + NAVD88(GEOID18) height,7,5,6,5,0,4313322.041,468258.888,2419.744,POINT Z (468258.888 4313322.041 2419.744)
569,569,570,,468257.665,4313323.126,2422.782,,-105.36641063,38.96830437,2408.757,Global,0.01,0.01,0.01,0.014,1.734,m,FIX,RTK,2025-07-11 15:12:56.4 UTC-06:00,2025-07-11 15:12:59.4 UTC-06:00,16,1.3,1.6,468407.689,4313300.453,2428.563,-105.36467784,38.96810549,2414.536,151.898,,NAD83(2011) / UTM zone 13N + NAVD88(GEOID18) height,7,5,6,5,0,4313322.0430000005,468258.75299999997,2419.4320000000002,POINT Z (468258.75299999997 4313322.0430000005 2419.4320000000002)
570,570,571,,468257.811,4313322.97,2422.791,,-105.36640894,38.96830297,2408.767,Global,0.012,0.013,0.01,0.017,1.734,m,FIX,RTK,2025-07-11 15:13:05.2 UTC-06:00,2025-07-11 15:13:08.2 UTC-06:00,16,1.3,1.5,468407.689,4313300.453,2428.563,-105.36467784,38.96810549,2414.536,151.74,,NAD83(2011) / UTM zone 13N + NAVD88(GEOID18) height,7,5,6,5,0,4313321.887,468258.899,2419.4410000000003,POINT Z (468258.899 4313321.887 2419.4410000000003)
571,571,572,,468257.974,4313323.163,2422.833,,-105.36640707,38.96830472,2408.808,Global,0.011,0.011,0.01,0.016,1.734,m,FIX,RTK,2025-07-11 15:13:13.2 UTC-06:00,2025-07-11 15:13:16.2 UTC-06:00,16,1.3,1.5,468407.689,4313300.453,2428.563,-105.36467784,38.96810549,2414.536,151.589,,NAD83(2011) / UTM zone 13N + NAVD88(GEOID18) height,7,5,6,5,0,4313322.08,468259.062,2419.483,POINT Z (468259.062 4313322.08 2419.483)
572,572,573,,468257.847,4313323.343,2422.837,,-105.36640854,38.96830634,2408.812,Global,0.01,0.01,0.01,0.015,1.734,m,FIX,RTK,2025-07-11 15:13:21.6 UTC-06:00,2025-07-11 15:13:24.6 UTC-06:00,16,1.3,1.5,468407.689,4313300.453,2428.563,-105.36467784,38.96810549,2414.536,151.75,,NAD83(2011) / UTM zone 13N + NAVD88(GEOID18) height,7,5,6,5,0,4313322.260000001,468258.935,2419.487,POINT Z (468258.935 4313322.260000001 2419.487)
573,573,574,,468257.791,4313323.14,2423.102,,-105.36640917,38.9683045,2409.077,Global,0.011,0.01,0.01,0.015,1.734,m,FIX,RTK,2025-07-11 15:13:35.2 UTC-06:00,2025-07-11 15:13:38.2 UTC-06:00,16,1.3,1.5,468407.689,4313300.453,2428.563,-105.36467784,38.96810549,2414.536,151.763,,NAD83(2011) / UTM zone 13N + NAVD88(GEOID18) height,7,5,6,5,0,4313322.057,468258.879,2419.752,POINT Z (468258.879 4313322.057 2419.752)
574,574,575,,468257.847,4313323.218,2422.831,,-105.36640852,38.96830521,2408.806,Global,0.012,0.012,0.01,0.017,1.734,m,FIX,RTK,2025-07-11 15:13:47.4 UTC-06:00,2025-07-11 15:13:50.4 UTC-06:00,16,1.3,1.5,468407.689,4313300.453,2428.563,-105.36467784,38.96810549,2414.536,151.729,,NAD83(2011) / UTM zone 13N + NAVD88(GEOID18) height,7,5,6,5,0,4313322.135000001,468258.935,2419.481,POINT Z (468258.935 4313322.135000001 2419.481)
575,575,576,,468257.933,4313323.701,2422.845,,-105.36640756,38.96830956,2408.82,Global,0.011,0.012,0.011,0.016,1.734,m,FIX,RTK,2025-07-11 15:14:00.6 UTC-06:00,2025-07-11 15:14:03.6 UTC-06:00,16,1.3,1.5,468407.689,4313300.453,2428.563,-105.36467784,38.96810549,2414.536,151.713,,NAD83(2011) / UTM zone 13N + NAVD88(GEOID18) height,7,5,6,5,0,4313322.618000001,468259.021,2419.495,POINT Z (468259.021 4313322.618000001 2419.495)
576,576,577,,468257.929,4313324.188,2422.837,,-105.36640762,38.96831395,2408.812,Global,0.016,0.011,0.01,0.02,1.734,m,FIX,RTK,2025-07-11 15:14:25.0 UTC-06:00,2025-07-11 15:14:28.0 UTC-06:00,16,1.3,1.5,468407.689,4313300.453,2428.563,-105.36467784,38.96810549,2414.536,151.806,,NAD83(2011) / UTM zone 13N + NAVD88(GEOID18) height,7,5,6,5,0,4313323.105,468259.017,2419.487,POINT Z (468259.017 4313323.105 2419.487)
577,577,578,,468257.87,4313324.695,2422.895,,-105.36640833,38.96831852,2408.871,Global,0.013,0.012,0.011,0.017,1.734,m,FIX,RTK,2025-07-11 15:14:37.6 UTC-06:00,2025-07-11 15:14:40.6 UTC-06:00,16,1.3,1.5,468407.689,4313300.453,2428.563,-105.36467784,38.96810549,2414.536,151.934,,NAD83(2011) / UTM zone 13N + NAVD88(GEOID18) height,7,5,6,5,0,4313323.612000001,468258.958,2419.545,POINT Z (468258.958 4313323.612000001 2419.545)
578,578,579,,468257.842,4313325.168,2422.882,,-105.36640867,38.96832278,2408.858,Global,0.011,0.013,0.01,0.017,1.734,m,FIX,RTK,2025-07-11 15:14:50.0 UTC-06:00,2025-07-11 15:14:53.0 UTC-06:00,16,1.3,1.5,468407.689,4313300.453,2428.563,-105.36467784,38.96810549,2414.536,152.04,,NAD83(2011) / UTM zone 13N + NAVD88(GEOID18) height,7,5,6,6,0,4313324.085,468258.93,2419.532,POINT Z (468258.93 4313324.085 2419.532)
579,579,580,,468257.859,4313325.701,2422.863,,-105.36640851,38.96832758,2408.838,Global,0.015,0.015,0.01,0.021,1.734,m,FIX,RTK,2025-07-11 15:15:02.8 UTC-06:00,2025-07-11 15:15:05.8 UTC-06:00,16,1.3,1.5,468407.689,4313300.453,2428.563,-105.36467784,38.96810549,2414.536,152.102,,NAD83(2011) / UTM zone 13N + NAVD88(GEOID18) height,7,5,6,5,0,4313324.618000001,468258.947,2419.513,POINT Z (468258.947 4313324.618000001 2419.513)
580,580,581,,468257.851,4313326.196,2422.937,,-105.36640862,38.96833204,2408.912,Global,0.011,0.013,0.01,0.017,1.734,m,FIX,RTK,2025-07-11 15:15:13.6 UTC-06:00,2025-07-11 15:15:16.6 UTC-06:00,16,1.3,1.5,468407.689,4313300.453,2428.563,-105.36467784,38.96810549,2414.536,152.196,,NAD83(2011) / UTM zone 13N + NAVD88(GEOID18) height,7,5,6,6,0,4313325.113000001,468258.939,2419.587,POINT Z (468258.939 4313325.113000001 2419.587)
581,581,582,,468257.816,4313326.683,2422.92,,-105.36640905,38.96833643,2408.896,Global,0.013,0.011,0.011,0.017,1.734,m,FIX,RTK,2025-07-11 15:15:37.6 UTC-06:00,2025-07-11 15:15:40.6 UTC-06:00,15,1.3,1.5,468407.689,4313300.453,2428.563,-105.36467784,38.96810549,2414.536,152.31,,NAD83(2011) / UTM zone 13N + NAVD88(GEOID18) height,7,5,6,5,0,4313325.600000001,468258.904,2419.57,POINT Z (468258.904 4313325.600000001 2419.57)
582,582,583,,468257.827,4313327.29,2422.94,,-105.36640895,38.9683419,2408.916,Global,0.011,0.013,0.01,0.017,1.734,m,FIX,RTK,2025-07-11 15:15:49.2 UTC-06:00,2025-07-11 15:15:52.2 UTC-06:00,16,1.3,1.5,468407.689,4313300.453,2428.563,-105.36467784,38.96810549,2414.536,152.412,,NAD83(2011) / UTM zone 13N + NAVD88(GEOID18) height,7,5,6,5,0,4313326.207,468258.915,2419.59,POINT Z (468258.915 4313326.207 2419.59)
583,583,584,,468257.786,4313327.736,2422.902,,-105.36640944,38.96834592,2408.878,Global,0.01,0.011,0.01,0.015,1.734,m,FIX,RTK,2025-07-11 15:15:58.2 UTC-06:00,2025-07-11 15:16:01.2 UTC-06:00,16,1.3,1.5,468407.689,4313300.453,2428.563,-105.36467784,38.96810549,2414.536,152.531,,NAD83(2011) / UTM zone 13N + NAVD88(GEOID18) height,7,5,6,5,0,4313326.653,468258.874,2419.552,POINT Z (468258.874 4313326.653 2419.552)
584,584,585,,468257.721,4313328.204,2422.908,,-105.36641022,38.96835013,2408.883,Global,0.011,0.01,0.011,0.015,1.734,m,FIX,RTK,2025-07-11 15:16:10.4 UTC-06:00,2025-07-11 15:16:13.4 UTC-06:00,16,1.3,1.5,468407.689,4313300.453,2428.563,-105.36467784,38.96810549,2414.536,152.684,,NAD83(2011) / UTM zone 13N + NAVD88(GEOID18) height,7,5,6,5,0,4313327.121,468258.809,2419.558,POINT Z (468258.809 4313327.121 2419.558)
585,585,586,,468257.693,4313328.664,2422.893,,-105.36641056,38.96835428,2408.868,Global,0.01,0.01,0.011,0.015,1.734,m,FIX,RTK,2025-07-11 15:16:19.8 UTC-06:00,2025-07-11 15:16:22.8 UTC-06:00,16,1.3,1.5,468407.689,4313300.453,2428.563,-105.36467784,38.96810549,2414.536,152.792,,NAD83(2011) / UTM zone 13N + NAVD88(GEOID18) height,7,5,6,5,0,4313327.581,468258.781,2419.543,POINT Z (468258.781 4313327.581 2419.543)
586,586,587,,468257.729,4313329.132,2422.899,,-105.36641017,38.9683585,2408.875,Global,0.012,0.011,0.01,0.016,1.734,m,FIX,RTK,2025-07-11 15:16:33.0 UTC-06:00,2025-07-11 15:16:36.0 UTC-06:00,16,1.3,1.5,468407.689,4313300.453,2428.563,-105.36467784,38.96810549,2414.536,152.847,,NAD83(2011) / UTM zone 13N + NAVD88(GEOID18) height,7,5,6,5,0,4313328.049000001,468258.817,2419.549,POINT Z (468258.817 4313328.049000001 2419.549)
587,587,588,,468257.729,4313329.721,2422.853,,-105.36641019,38.9683638,2408.829,Global,0.011,0.01,0.01,0.015,1.734,m,FIX,RTK,2025-07-11 15:16:58.0 UTC-06:00,2025-07-11 15:17:01.0 UTC-06:00,16,1.3,1.5,468407.689,4313300.453,2428.563,-105.36467784,38.96810549,2414.536,152.954,,NAD83(2011) / UTM zone 13N + NAVD88(GEOID18) height,7,6,7,5,0,4313328.638,468258.817,2419.503,POINT Z (468258.817 4313328.638 2419.503)
588,588,589,,468257.594,4313330.136,2422.852,,-105.36641177,38.96836754,2408.828,Global,0.01,0.01,0.01,0.015,1.734,m,FIX,RTK,2025-07-11 15:17:13.8 UTC-06:00,2025-07-11 15:17:16.8 UTC-06:00,16,1.3,1.5,468407.689,4313300.453,2428.563,-105.36467784,38.96810549,2414.536,153.168,,NAD83(2011) / UTM zone 13N + NAVD88(GEOID18) height,7,6,7,5,0,4313329.053,468258.682,2419.502,POINT Z (468258.682 4313329.053 2419.502)
589,589,590,,468257.493,4313330.646,2422.838,,-105.36641297,38.96837213,2408.814,Global,0.01,0.016,0.01,0.019,1.734,m,FIX,RTK,2025-07-11 15:17:22.4 UTC-06:00,2025-07-11 15:17:25.4 UTC-06:00,16,1.3,1.5,468407.689,4313300.453,2428.563,-105.36467784,38.96810549,2414.536,153.374,,NAD83(2011) / UTM zone 13N + NAVD88(GEOID18) height,7,6,7,5,0,4313329.563,468258.581,2419.4880000000003,POINT Z (468258.581 4313329.563 2419.4880000000003)
590,590,591,,468257.419,4313331.098,2422.862,,-105.36641384,38.9683762,2408.838,Global,0.014,0.011,0.01,0.017,1.734,m,FIX,RTK,2025-07-11 15:17:35.8 UTC-06:00,2025-07-11 15:17:38.8 UTC-06:00,16,1.3,1.5,468407.689,4313300.453,2428.563,-105.36467784,38.96810549,2414.536,153.533,,NAD83(2011) / UTM zone 13N + NAVD88(GEOID18) height,7,6,7,5,0,4313330.015000001,468258.507,2419.512,POINT Z (468258.507 4313330.015000001 2419.512)
591,591,592,,468257.454,4313331.613,2422.883,,-105.36641345,38.96838084,2408.859,Global,0.014,0.011,0.01,0.018,1.734,m,FIX,RTK,2025-07-11 15:17:49.8 UTC-06:00,2025-07-11 15:17:52.8 UTC-06:00,16,1.3,1.5,468407.689,4313300.453,2428.563,-105.36467784,38.96810549,2414.536,153.596,,NAD83(2011) / UTM zone 13N + NAVD88(GEOID18) height,7,6,6,5,0,4313330.53,468258.542,2419.533,POINT Z (468258.542 4313330.53 2419.533)
592,592,593,,468257.468,4313332.183,2422.881,,-105.36641332,38.96838598,2408.857,Global,0.01,0.01,0.01,0.015,1.734,m,FIX,RTK,2025-07-11 15:18:00.0 UTC-06:00,2025-07-11 15:18:03.0 UTC-06:00,16,1.3,1.5,468407.689,4313300.453,2428.563,-105.36467784,38.96810549,2414.536,153.702,,NAD83(2011) / UTM zone 13N + NAVD88(GEOID18) height,7,6,7,6,0,4313331.100000001,468258.556,2419.531,POINT Z (468258.556 4313331.100000001 2419.531)
593,593,594,,468257.232,4313332.634,2422.935,,-105.36641606,38.96839004,2408.91,Global,0.011,0.01,0.011,0.015,1.734,m,FIX,RTK,2025-07-11 15:18:11.0 UTC-06:00,2025-07-11 15:18:14.0 UTC-06:00,16,1.3,1.5,468407.689,4313300.453,2428.563,-105.36467784,38.96810549,2414.536,154.035,,NAD83(2011) / UTM zone 13N + NAVD88(GEOID18) height,7,5,7,5,0,4313331.551,468258.32,2419.585,POINT Z (468258.32 4313331.551 2419.585)
594,594,595,,468257.121,4313333.057,2422.994,,-105.36641736,38.96839385,2408.969,Global,0.01,0.011,0.01,0.015,1.734,m,FIX,RTK,2025-07-11 15:18:26.6 UTC-06:00,2025-07-11 15:18:29.6 UTC-06:00,16,1.2,1.4,468407.689,4313300.453,2428.563,-105.36467784,38.96810549,2414.536,154.227,,NAD83(2011) / UTM zone 13N + NAVD88(GEOID18) height,7,5,7,5,0,4313331.974,468258.209,2419.6440000000002,POINT Z (468258.209 4313331.974 2419.6440000000002)
595,595,596,,468257.052,4313333.624,2422.958,,-105.36641818,38.96839895,2408.934,Global,0.012,0.011,0.01,0.016,1.734,m,FIX,RTK,2025-07-11 15:18:37.8 UTC-06:00,2025-07-11 15:18:40.8 UTC-06:00,16,1.3,1.5,468407.689,4313300.453,2428.563,-105.36467784,38.96810549,2414.536,154.416,,NAD83(2011) / UTM zone 13N + NAVD88(GEOID18) height,7,5,7,5,0,4313332.541,468258.14,2419.608,POINT Z (468258.14 4313332.541 2419.608)
596,596,597,,468256.931,4313334.125,2423.015,,-105.36641961,38.96840346,2408.991,Global,0.011,0.01,0.011,0.015,1.734,m,FIX,RTK,2025-07-11 15:18:48.2 UTC-06:00,2025-07-11 15:18:51.2 UTC-06:00,16,1.3,1.5,468407.689,4313300.453,2428.563,-105.36467784,38.96810549,2414.536,154.642,,NAD83(2011) / UTM zone 13N + NAVD88(GEOID18) height,7,5,7,5,0,4313333.042,468258.019,2419.665,POINT Z (468258.019 4313333.042 2419.665)
597,597,598,,468256.842,4313334.634,2423.068,,-105.36642066,38.96840804,2409.044,Global,0.015,0.012,0.01,0.019,1.734,m,FIX,RTK,2025-07-11 15:18:57.8 UTC-06:00,2025-07-11 15:19:00.8 UTC-06:00,16,1.2,1.4,468407.689,4313300.453,2428.563,-105.36467784,38.96810549,2414.536,154.849,,NAD83(2011) / UTM zone 13N + NAVD88(GEOID18) height,7,5,7,5,0,4313333.551,468257.93,2419.7180000000003,POINT Z (468257.93 4313333.551 2419.7180000000003)
598,598,599,,468256.706,4313335.089,2423.082,,-105.36642226,38.96841214,2409.058,Global,0.011,0.01,0.016,0.015,1.734,m,FIX,RTK,2025-07-11 15:19:09.2 UTC-06:00,2025-07-11 15:19:12.2 UTC-06:00,16,1.3,1.5,468407.689,4313300.453,2428.563,-105.36467784,38.96810549,2414.536,155.067,,NAD83(2011) / UTM zone 13N + NAVD88(GEOID18) height,7,5,7,5,0,4313334.006,468257.794,2419.732,POINT Z (468257.794 4313334.006 2419.732)
599,599,600,,468256.693,4313335.542,2423.116,,-105.36642242,38.96841622,2409.091,Global,0.013,0.012,0.025,0.018,1.734,m,FIX,RTK,2025-07-11 15:19:18.0 UTC-06:00,2025-07-11 15:19:21.0 UTC-06:00,16,1.3,1.5,468407.689,4313300.453,2428.563,-105.36467784,38.96810549,2414.536,155.182,,NAD83(2011) / UTM zone 13N + NAVD88(GEOID18) height,7,5,7,5,0,4313334.459000001,468257.781,2419.766,POINT Z (468257.781 4313334.459000001 2419.766)
600,600,601,,468256.632,4313336.028,2423.264,,-105.36642315,38.9684206,2409.24,Global,0.011,0.011,0.016,0.015,1.734,m,FIX,RTK,2025-07-11 15:19:47.2 UTC-06:00,2025-07-11 15:20:17.2 UTC-06:00,151,1.3,1.6,468407.689,4313300.453,2428.563,-105.36467784,38.96810549,2414.536,155.352,,NAD83(2011) / UTM zone 13N + NAVD88(GEOID18) height,7,5,7,5,0,4313334.945,468257.72,2419.914,POINT Z (468257.72 4313334.945 2419.914)
601,601,602,,468256.636,4313336.018,2423.264,,-105.3664231,38.96842051,2409.239,Global,0.01,0.011,0.019,0.015,1.734,m,FIX,RTK,2025-07-11 15:20:34.6 UTC-06:00,2025-07-11 15:20:37.6 UTC-06:00,16,1.3,1.5,468407.689,4313300.453,2428.563,-105.36467784,38.96810549,2414.536,155.346,,NAD83(2011) / UTM zone 13N + NAVD88(GEOID18) height,7,6,7,6,0,4313334.9350000005,468257.724,2419.914,POINT Z (468257.724 4313334.9350000005 2419.914)
602,602,603,,468256.522,4313335.979,2423.261,,-105.36642442,38.96842016,2409.236,Global,0.013,0.012,0.015,0.017,1.734,m,FIX,RTK,2025-07-11 15:20:43.4 UTC-06:00,2025-07-11 15:20:46.4 UTC-06:00,16,1.2,1.5,468407.689,4313300.453,2428.563,-105.36467784,38.96810549,2414.536,155.454,,NAD83(2011) / UTM zone 13N + NAVD88(GEOID18) height,7,6,7,5,0,4313334.896000001,468257.61,2419.911,POINT Z (468257.61 4313334.896000001 2419.911)
603,603,604,,468256.68,4313335.816,2423.25,,-105.36642259,38.96841869,2409.225,Global,0.01,0.01,0.016,0.014,1.734,m,FIX,RTK,2025-07-11 15:20:51.2 UTC-06:00,2025-07-11 15:20:54.2 UTC-06:00,16,1.3,1.5,468407.689,4313300.453,2428.563,-105.36467784,38.96810549,2414.536,155.256,,NAD83(2011) / UTM zone 13N + NAVD88(GEOID18) height,7,6,7,5,0,4313334.733,468257.768,2419.9,POINT Z (468257.768 4313334.733 2419.9)
604,604,605,,468256.808,4313336.032,2423.24,,-105.36642111,38.96842064,2409.215,Global,0.011,0.01,0.012,0.015,1.734,m,FIX,RTK,2025-07-11 15:20:59.8 UTC-06:00,2025-07-11 15:21:02.8 UTC-06:00,16,1.2,1.5,468407.689,4313300.453,2428.563,-105.36467784,38.96810549,2414.536,155.185,,NAD83(2011) / UTM zone 13N + NAVD88(GEOID18) height,7,6,7,5,0,4313334.949,468257.896,2419.89,POINT Z (468257.896 4313334.949 2419.89)
605,605,606,,468256.651,4313336.226,2423.239,,-105.36642294,38.96842238,2409.215,Global,0.031,0.028,0.018,0.042,1.734,m,FIX,RTK,2025-07-11 15:21:06.0 UTC-06:00,2025-07-11 15:21:09.0 UTC-06:00,16,1.3,1.5,468407.689,4313300.453,2428.563,-105.36467784,38.96810549,2414.536,155.415,,NAD83(2011) / UTM zone 13N + NAVD88(GEOID18) height,7,5,7,5,0,4313335.143,468257.739,2419.889,POINT Z (468257.739 4313335.143 2419.889)
606,606,607,,468256.621,4313336.024,2423.254,,-105.36642327,38.96842056,2409.23,Global,0.011,0.01,0.014,0.015,1.734,m,FIX,RTK,2025-07-11 15:21:14.8 UTC-06:00,2025-07-11 15:21:17.8 UTC-06:00,16,1.3,1.5,468407.689,4313300.453,2428.563,-105.36467784,38.96810549,2414.536,155.357,,NAD83(2011) / UTM zone 13N + NAVD88(GEOID18) height,7,5,7,5,0,4313334.941000001,468257.709,2419.904,POINT Z (468257.709 4313334.941000001 2419.904)
607,607,608,,468261.575,4313293.422,2422.848,,-105.36636411,38.96803685,2408.823,Global,0.01,0.011,0.01,0.015,1.734,m,FIX,RTK,2025-07-11 15:27:54.6 UTC-06:00,2025-07-11 15:27:57.6 UTC-06:00,16,1.1,1.3,468407.689,4313300.453,2428.563,-105.36467784,38.96810549,2414.536,146.453,,NAD83(2011) / UTM zone 13N + NAVD88(GEOID18) height,8,6,7,6,0,4313292.339000001,468262.663,2419.498,POINT Z (468262.663 4313292.339000001 2419.498)
608,608,609,,468261.714,4313292.967,2422.834,,-105.36636249,38.96803275,2408.81,Global,0.022,0.013,0.01,0.026,1.734,m,FIX,RTK,2025-07-11 15:28:04.0 UTC-06:00,2025-07-11 15:28:07.0 UTC-06:00,16,1.1,1.3,468407.689,4313300.453,2428.563,-105.36467784,38.96810549,2414.536,146.312,,NAD83(2011) / UTM zone 13N + NAVD88(GEOID18) height,8,6,7,6,0,4313291.884000001,468262.80199999997,2419.484,POINT Z (468262.80199999997 4313291.884000001 2419.484)
609,609,610,,468261.872,4313292.486,2422.795,,-105.36636064,38.96802842,2408.771,Global,0.01,0.011,0.01,0.015,1.734,m,FIX,RTK,2025-07-11 15:28:30.0 UTC-06:00,2025-07-11 15:28:33.0 UTC-06:00,16,1.1,1.3,468407.689,4313300.453,2428.563,-105.36467784,38.96810549,2414.536,146.205,,NAD83(2011) / UTM zone 13N + NAVD88(GEOID18) height,8,6,7,6,0,4313291.403,468262.95999999996,2419.445,POINT Z (468262.95999999996 4313291.403 2419.445)
610,610,611,,468262.009,4313291.991,2422.846,,-105.36635904,38.96802396,2408.821,Global,0.01,0.01,0.011,0.015,1.734,m,FIX,RTK,2025-07-11 15:28:46.6 UTC-06:00,2025-07-11 15:28:49.6 UTC-06:00,16,1.1,1.3,468407.689,4313300.453,2428.563,-105.36467784,38.96810549,2414.536,146.098,,NAD83(2011) / UTM zone 13N + NAVD88(GEOID18) height,9,6,7,6,0,4313290.908000001,468263.097,2419.496,POINT Z (468263.097 4313290.908000001 2419.496)
611,611,612,,468262.138,4313291.523,2422.858,,-105.36635753,38.96801976,2408.833,Global,0.01,0.011,0.011,0.015,1.734,m,FIX,RTK,2025-07-11 15:29:03.8 UTC-06:00,2025-07-11 15:29:06.8 UTC-06:00,16,1.1,1.3,468407.689,4313300.453,2428.563,-105.36467784,38.96810549,2414.536,145.989,,NAD83(2011) / UTM zone 13N + NAVD88(GEOID18) height,9,6,7,6,0,4313290.44,468263.22599999997,2419.5080000000003,POINT Z (468263.22599999997 4313290.44 2419.5080000000003)
612,612,613,,468262.286,4313291.04,2422.941,,-105.3663558,38.9680154,2408.917,Global,0.012,0.011,0.01,0.016,1.734,m,FIX,RTK,2025-07-11 15:29:21.4 UTC-06:00,2025-07-11 15:29:24.4 UTC-06:00,16,1.1,1.3,468407.689,4313300.453,2428.563,-105.36467784,38.96810549,2414.536,145.862,,NAD83(2011) / UTM zone 13N + NAVD88(GEOID18) height,9,5,7,6,0,4313289.957,468263.374,2419.591,POINT Z (468263.374 4313289.957 2419.591)
613,613,614,,468262.38,4313290.543,2422.94,,-105.36635469,38.96801093,2408.915,Global,0.011,0.01,0.01,0.015,1.734,m,FIX,RTK,2025-07-11 15:29:34.4 UTC-06:00,2025-07-11 15:29:37.4 UTC-06:00,16,1.1,1.3,468407.689,4313300.453,2428.563,-105.36467784,38.96810549,2414.536,145.808,,NAD83(2011) / UTM zone 13N + NAVD88(GEOID18) height,8,6,7,6,0,4313289.46,468263.468,2419.59,POINT Z (468263.468 4313289.46 2419.59)
614,614,615,,468262.401,4313290.556,2422.938,,-105.36635444,38.96801105,2408.913,Global,0.015,0.012,0.01,0.019,1.734,m,FIX,RTK,2025-07-11 15:29:38.2 UTC-06:00,2025-07-11 15:29:41.2 UTC-06:00,16,1.1,1.3,468407.689,4313300.453,2428.563,-105.36467784,38.96810549,2414.536,145.779,,NAD83(2011) / UTM zone 13N + NAVD88(GEOID18) height,8,5,7,6,0,4313289.473,468263.489,2419.588,POINT Z (468263.489 4313289.473 2419.588)
615,615,616,,468262.562,4313290.093,2422.985,,-105.36635257,38.96800688,2408.961,Global,0.011,0.011,0.01,0.015,1.734,m,FIX,RTK,2025-07-11 15:30:12.0 UTC-06:00,2025-07-11 15:30:15.0 UTC-06:00,16,1.1,1.3,468407.689,4313300.453,2428.563,-105.36467784,38.96810549,2414.536,145.659,,NAD83(2011) / UTM zone 13N + NAVD88(GEOID18) height,9,6,7,6,0,4313289.010000001,468263.64999999997,2419.635,POINT Z (468263.64999999997 4313289.010000001 2419.635)
616,616,617,,468262.654,4313289.58,2422.921,,-105.36635148,38.96800226,2408.896,Global,0.012,0.012,0.011,0.017,1.734,m,FIX,RTK,2025-07-11 15:30:28.2 UTC-06:00,2025-07-11 15:30:31.2 UTC-06:00,16,1.1,1.3,468407.689,4313300.453,2428.563,-105.36467784,38.96810549,2414.536,145.595,,NAD83(2011) / UTM zone 13N + NAVD88(GEOID18) height,9,6,7,6,0,4313288.497,468263.74199999997,2419.571,POINT Z (468263.74199999997 4313288.497 2419.571)
617,617,618,,468262.685,4313289.124,2422.971,,-105.3663511,38.96799816,2408.946,Global,0.01,0.012,0.01,0.016,1.734,m,FIX,RTK,2025-07-11 15:30:44.2 UTC-06:00,2025-07-11 15:30:47.2 UTC-06:00,16,1.1,1.3,468407.689,4313300.453,2428.563,-105.36467784,38.96810549,2414.536,145.608,,NAD83(2011) / UTM zone 13N + NAVD88(GEOID18) height,9,6,7,6,0,4313288.041,468263.773,2419.621,POINT Z (468263.773 4313288.041 2419.621)
618,618,619,,468262.843,4313288.591,2422.953,,-105.36634925,38.96799336,2408.929,Global,0.012,0.011,0.011,0.016,1.734,m,FIX,RTK,2025-07-11 15:31:00.6 UTC-06:00,2025-07-11 15:31:03.6 UTC-06:00,16,1.1,1.3,468407.689,4313300.453,2428.563,-105.36467784,38.96810549,2414.536,145.494,,NAD83(2011) / UTM zone 13N + NAVD88(GEOID18) height,9,6,7,6,0,4313287.508,468263.931,2419.603,POINT Z (468263.931 4313287.508 2419.603)
619,619,620,,468262.881,4313288.184,2422.981,,-105.3663488,38.96798969,2408.956,Global,0.01,0.01,0.011,0.015,1.734,m,FIX,RTK,2025-07-11 15:31:19.2 UTC-06:00,2025-07-11 15:31:22.2 UTC-06:00,16,1.1,1.3,468407.689,4313300.453,2428.563,-105.36467784,38.96810549,2414.536,145.487,,NAD83(2011) / UTM zone 13N + NAVD88(GEOID18) height,8,6,7,6,0,4313287.101000001,468263.969,2419.6310000000003,POINT Z (468263.969 4313287.101000001 2419.6310000000003)
620,620,621,,468263.158,4313287.718,2423.047,,-105.36634557,38.9679855,2409.022,Global,0.011,0.01,0.01,0.015,1.734,m,FIX,RTK,2025-07-11 15:31:39.4 UTC-06:00,2025-07-11 15:31:42.4 UTC-06:00,16,1.1,1.3,468407.689,4313300.453,2428.563,-105.36467784,38.96810549,2414.536,145.252,,NAD83(2011) / UTM zone 13N + NAVD88(GEOID18) height,8,6,7,6,0,4313286.635000001,468264.246,2419.697,POINT Z (468264.246 4313286.635000001 2419.697)
621,621,622,,468263.328,4313287.212,2423.034,,-105.36634359,38.96798095,2409.009,Global,0.01,0.012,0.01,0.016,1.734,m,FIX,RTK,2025-07-11 15:31:59.4 UTC-06:00,2025-07-11 15:32:02.4 UTC-06:00,16,1.1,1.3,468407.689,4313300.453,2428.563,-105.36467784,38.96810549,2414.536,145.124,,NAD83(2011) / UTM zone 13N + NAVD88(GEOID18) height,7,6,7,6,0,4313286.129000001,468264.41599999997,2419.684,POINT Z (468264.41599999997 4313286.129000001 2419.684)
622,622,623,,468263.372,4313286.62,2423.124,,-105.36634306,38.96797562,2409.1,Global,0.01,0.011,0.01,0.015,1.734,m,FIX,RTK,2025-07-11 15:32:13.4 UTC-06:00,2025-07-11 15:32:16.4 UTC-06:00,16,1.1,1.3,468407.689,4313300.453,2428.563,-105.36467784,38.96810549,2414.536,145.138,,NAD83(2011) / UTM zone 13N + NAVD88(GEOID18) height,8,6,7,6,0,4313285.5370000005,468264.45999999996,2419.774,POINT Z (468264.45999999996 4313285.5370000005 2419.774)
623,623,624,,468263.416,4313286.285,2423.146,,-105.36634253,38.9679726,2409.121,Global,0.011,0.011,0.01,0.015,1.734,m,FIX,RTK,2025-07-11 15:32:25.0 UTC-06:00,2025-07-11 15:32:27.4 UTC-06:00,13,1.1,1.3,468407.689,4313300.453,2428.563,-105.36467784,38.96810549,2414.536,145.126,,NAD83(2011) / UTM zone 13N + NAVD88(GEOID18) height,9,6,7,6,0,4313285.2020000005,468264.504,2419.7960000000003,POINT Z (468264.504 4313285.2020000005 2419.7960000000003)
624,624,625,,468263.503,4313285.673,2423.182,,-105.3663415,38.96796709,2409.158,Global,0.012,0.011,0.01,0.016,1.734,m,FIX,RTK,2025-07-11 15:32:46.0 UTC-06:00,2025-07-11 15:32:49.0 UTC-06:00,16,1.1,1.3,468407.689,4313300.453,2428.563,-105.36467784,38.96810549,2414.536,145.101,,NAD83(2011) / UTM zone 13N + NAVD88(GEOID18) height,8,6,7,6,0,4313284.590000001,468264.591,2419.832,POINT Z (468264.591 4313284.590000001 2419.832)
625,625,626,,468263.584,4313285.259,2423.2,,-105.36634054,38.96796336,2409.175,Global,0.011,0.01,0.01,0.015,1.734,m,FIX,RTK,2025-07-11 15:32:59.2 UTC-06:00,2025-07-11 15:33:02.2 UTC-06:00,16,1.1,1.3,468407.689,4313300.453,2428.563,-105.36467784,38.96810549,2414.536,145.057,,NAD83(2011) / UTM zone 13N + NAVD88(GEOID18) height,8,6,7,6,0,4313284.176,468264.67199999996,2419.85,POINT Z (468264.67199999996 4313284.176 2419.85)
626,626,627,,468263.618,4313284.828,2423.194,,-105.36634013,38.96795948,2409.169,Global,0.01,0.011,0.01,0.015,1.734,m,FIX,RTK,2025-07-11 15:33:12.2 UTC-06:00,2025-07-11 15:33:15.2 UTC-06:00,16,1.1,1.3,468407.689,4313300.453,2428.563,-105.36467784,38.96810549,2414.536,145.072,,NAD83(2011) / UTM zone 13N + NAVD88(GEOID18) height,8,6,7,6,0,4313283.745,468264.706,2419.844,POINT Z (468264.706 4313283.745 2419.844)
627,627,628,,468263.724,4313284.321,2423.191,,-105.36633889,38.96795492,2409.167,Global,0.01,0.01,0.01,0.015,1.734,m,FIX,RTK,2025-07-11 15:33:26.8 UTC-06:00,2025-07-11 15:33:29.8 UTC-06:00,16,1.1,1.3,468407.689,4313300.453,2428.563,-105.36467784,38.96810549,2414.536,145.019,,NAD83(2011) / UTM zone 13N + NAVD88(GEOID18) height,9,6,7,6,0,4313283.238000001,468264.812,2419.841,POINT Z (468264.812 4313283.238000001 2419.841)
628,628,0,,468263.758,4313283.781,2423.263,,-105.36633847,38.96795005,2409.238,Global,0.011,0.011,0.011,0.015,1.734,m,FIX,RTK,2025-07-11 15:33:46.6 UTC-06:00,2025-07-11 15:33:49.6 UTC-06:00,16,1.1,1.3,468407.689,4313300.453,2428.563,-105.36467784,38.96810549,2414.536,145.049,,NAD83(2011) / UTM zone 13N + NAVD88(GEOID18) height,8,6,7,6,0,4313282.698000001,468264.84599999996,2419.913,POINT Z (468264.84599999996 4313282.698000001 2419.913)
629,629,1,,468263.853,4313283.383,2423.251,,-105.36633735,38.96794647,2409.226,Global,0.011,0.011,0.01,0.015,1.734,m,FIX,RTK,2025-07-11 15:33:58.8 UTC-06:00,2025-07-11 15:34:01.8 UTC-06:00,16,1.2,1.4,468407.689,4313300.453,2428.563,-105.36467784,38.96810549,2414.536,144.998,,NAD83(2011) / UTM zone 13N + NAVD88(GEOID18) height,8,6,7,6,0,4313282.300000001,468264.941,2419.9010000000003,POINT Z (468264.941 4313282.300000001 2419.9010000000003)
630,630,2,,468263.915,4313282.826,2423.237,,-105.36633662,38.96794144,2409.213,Global,0.01,0.01,0.01,0.014,1.734,m,FIX,RTK,2025-07-11 15:34:18.6 UTC-06:00,2025-07-11 15:34:21.6 UTC-06:00,16,1.2,1.4,468407.689,4313300.453,2428.563,-105.36467784,38.96810549,2414.536,145.01,,NAD83(2011) / UTM zone 13N + NAVD88(GEOID18) height,8,6,7,5,0,4313281.743000001,468265.00299999997,2419.887,POINT Z (468265.00299999997 4313281.743000001 2419.887)
631,631,“,,468263.988,4313282.281,2423.256,,-105.36633574,38.96793654,2409.231,Global,0.015,0.013,0.01,0.019,1.734,m,FIX,RTK,2025-07-11 15:34:31.2 UTC-06:00,2025-07-11 15:34:34.2 UTC-06:00,16,1.2,1.4,468407.689,4313300.453,2428.563,-105.36467784,38.96810549,2414.536,144.991,,NAD83(2011) / UTM zone 13N + NAVD88(GEOID18) height,7,6,7,5,0,4313281.198000001,468265.076,2419.906,POINT Z (468265.076 4313281.198000001 2419.906)
632,632,“1,,468264.011,4313281.795,2423.25,,-105.36633545,38.96793216,2409.225,Global,0.011,0.01,0.01,0.015,1.734,m,FIX,RTK,2025-07-11 15:34:44.0 UTC-06:00,2025-07-11 15:34:47.0 UTC-06:00,16,1.2,1.4,468407.689,4313300.453,2428.563,-105.36467784,38.96810549,2414.536,145.034,,NAD83(2011) / UTM zone 13N + NAVD88(GEOID18) height,6,6,7,5,0,4313280.712,468265.099,2419.9,POINT Z (468265.099 4313280.712 2419.9)
633,633,“2,,468264.038,4313281.336,2423.278,,-105.36633512,38.96792803,2409.253,Global,0.01,0.011,0.01,0.015,1.734,m,FIX,RTK,2025-07-11 15:34:54.8 UTC-06:00,2025-07-11 15:34:57.8 UTC-06:00,16,1.2,1.4,468407.689,4313300.453,2428.563,-105.36467784,38.96810549,2414.536,145.071,,NAD83(2011) / UTM zone 13N + NAVD88(GEOID18) height,7,6,7,5,0,4313280.2530000005,468265.126,2419.928,POINT Z (468265.126 4313280.2530000005 2419.928)
634,634,“3,,468264.138,4313280.812,2423.292,,-105.36633395,38.9679233,2409.267,Global,0.01,0.011,0.01,0.015,1.734,m,FIX,RTK,2025-07-11 15:35:07.6 UTC-06:00,2025-07-11 15:35:10.6 UTC-06:00,16,1.2,1.4,468407.689,4313300.453,2428.563,-105.36467784,38.96810549,2414.536,145.045,,NAD83(2011) / UTM zone 13N + NAVD88(GEOID18) height,8,6,7,5,0,4313279.729,468265.22599999997,2419.942,POINT Z (468265.22599999997 4313279.729 2419.942)
635,635,“4,,468264.24,4313280.317,2423.275,,-105.36633274,38.96791885,2409.25,Global,0.01,0.011,0.01,0.015,1.734,m,FIX,RTK,2025-07-11 15:35:21.0 UTC-06:00,2025-07-11 15:35:24.0 UTC-06:00,16,1.1,1.3,468407.689,4313300.453,2428.563,-105.36467784,38.96810549,2414.536,145.015,,NAD83(2011) / UTM zone 13N + NAVD88(GEOID18) height,7,6,7,5,0,4313279.234,468265.328,2419.925,POINT Z (468265.328 4313279.234 2419.925)
636,636,“5,,468264.245,4313279.782,2423.216,,-105.36633266,38.96791403,2409.191,Global,0.011,0.01,0.01,0.015,1.734,m,FIX,RTK,2025-07-11 15:35:33.8 UTC-06:00,2025-07-11 15:35:36.8 UTC-06:00,16,1.2,1.4,468407.689,4313300.453,2428.563,-105.36467784,38.96810549,2414.536,145.083,,NAD83(2011) / UTM zone 13N + NAVD88(GEOID18) height,7,6,7,5,0,4313278.699,468265.333,2419.866,POINT Z (468265.333 4313278.699 2419.866)
637,637,“6,,468264.305,4313279.35,2423.211,,-105.36633195,38.96791014,2409.186,Global,0.016,0.014,0.01,0.021,1.734,m,FIX,RTK,2025-07-11 15:35:43.0 UTC-06:00,2025-07-11 15:35:46.0 UTC-06:00,16,1.2,1.4,468407.689,4313300.453,2428.563,-105.36467784,38.96810549,2414.536,145.092,,NAD83(2011) / UTM zone 13N + NAVD88(GEOID18) height,7,6,7,5,0,4313278.267,468265.393,2419.861,POINT Z (468265.393 4313278.267 2419.861)
638,638,“7,,468264.452,4313278.867,2423.239,,-105.36633023,38.96790579,2409.214,Global,0.014,0.012,0.01,0.018,1.734,m,FIX,RTK,2025-07-11 15:36:02.8 UTC-06:00,2025-07-11 15:36:05.8 UTC-06:00,16,1.2,1.4,468407.689,4313300.453,2428.563,-105.36467784,38.96810549,2414.536,145.027,,NAD83(2011) / UTM zone 13N + NAVD88(GEOID18) height,7,6,7,5,0,4313277.784,468265.54,2419.889,POINT Z (468265.54 4313277.784 2419.889)
639,639,“8,,468264.51,4313278.308,2423.222,,-105.36632953,38.96790075,2409.197,Global,0.01,0.011,0.012,0.015,1.734,m,FIX,RTK,2025-07-11 15:36:19.2 UTC-06:00,2025-07-11 15:36:22.2 UTC-06:00,16,1.2,1.4,468407.689,4313300.453,2428.563,-105.36467784,38.96810549,2414.536,145.043,,NAD83(2011) / UTM zone 13N + NAVD88(GEOID18) height,7,6,7,6,0,4313277.225000001,468265.598,2419.8720000000003,POINT Z (468265.598 4313277.225000001 2419.8720000000003)
640,640,“9,,468264.595,4313277.878,2423.224,,-105.36632853,38.96789688,2409.199,Global,0.013,0.011,0.011,0.017,1.734,m,FIX,RTK,2025-07-11 15:36:35.4 UTC-06:00,2025-07-11 15:36:38.4 UTC-06:00,16,1.1,1.3,468407.689,4313300.453,2428.563,-105.36467784,38.96810549,2414.536,145.023,,NAD83(2011) / UTM zone 13N + NAVD88(GEOID18) height,7,6,7,6,0,4313276.795,468265.68299999996,2419.8740000000003,POINT Z (468265.68299999996 4313276.795 2419.8740000000003)
641,641,“10,,468264.706,4313277.315,2423.192,,-105.36632722,38.96789182,2409.168,Global,0.01,0.01,0.01,0.015,1.734,m,FIX,RTK,2025-07-11 15:36:47.2 UTC-06:00,2025-07-11 15:36:50.2 UTC-06:00,16,1.2,1.3,468407.689,4313300.453,2428.563,-105.36467784,38.96810549,2414.536,145.0,,NAD83(2011) / UTM zone 13N + NAVD88(GEOID18) height,7,6,7,6,0,4313276.232000001,468265.794,2419.842,POINT Z (468265.794 4313276.232000001 2419.842)
642,642,“11,,468264.734,4313276.827,2423.146,,-105.36632688,38.96788742,2409.121,Global,0.012,0.01,0.01,0.016,1.734,m,FIX,RTK,2025-07-11 15:36:58.4 UTC-06:00,2025-07-11 15:37:01.4 UTC-06:00,16,1.1,1.3,468407.689,4313300.453,2428.563,-105.36467784,38.96810549,2414.536,145.05,,NAD83(2011) / UTM zone 13N + NAVD88(GEOID18) height,6,6,7,6,0,4313275.744,468265.822,2419.7960000000003,POINT Z (468265.822 4313275.744 2419.7960000000003)
643,643,“12,,468264.865,4313276.414,2423.098,,-105.36632535,38.9678837,2409.073,Global,0.011,0.012,0.01,0.016,1.734,m,FIX,RTK,2025-07-11 15:37:12.0 UTC-06:00,2025-07-11 15:37:15.0 UTC-06:00,16,1.1,1.3,468407.689,4313300.453,2428.563,-105.36467784,38.96810549,2414.536,144.996,,NAD83(2011) / UTM zone 13N + NAVD88(GEOID18) height,7,6,7,6,0,4313275.331,468265.953,2419.748,POINT Z (468265.953 4313275.331 2419.748)
644,644,“13,,468264.918,4313275.88,2422.994,,-105.36632472,38.96787889,2408.969,Global,0.01,0.011,0.01,0.015,1.734,m,FIX,RTK,2025-07-11 15:37:25.0 UTC-06:00,2025-07-11 15:37:28.0 UTC-06:00,16,1.1,1.3,468407.689,4313300.453,2428.563,-105.36467784,38.96810549,2414.536,145.034,,NAD83(2011) / UTM zone 13N + NAVD88(GEOID18) height,7,6,7,7,0,4313274.797,468266.006,2419.6440000000002,POINT Z (468266.006 4313274.797 2419.6440000000002)
645,645,“14,,468265.001,4313275.351,2422.963,,-105.36632373,38.96787413,2408.938,Global,0.01,0.011,0.01,0.015,1.734,m,FIX,RTK,2025-07-11 15:37:37.6 UTC-06:00,2025-07-11 15:37:40.6 UTC-06:00,16,1.1,1.3,468407.689,4313300.453,2428.563,-105.36467784,38.96810549,2414.536,145.038,,NAD83(2011) / UTM zone 13N + NAVD88(GEOID18) height,7,6,7,6,0,4313274.268,468266.089,2419.6130000000003,POINT Z (468266.089 4313274.268 2419.6130000000003)
646,646,“15,,468265.022,4313274.909,2422.953,,-105.36632347,38.96787014,2408.928,Global,0.011,0.01,0.011,0.015,1.734,m,FIX,RTK,2025-07-11 15:37:50.0 UTC-06:00,2025-07-11 15:37:53.0 UTC-06:00,16,1.1,1.3,468407.689,4313300.453,2428.563,-105.36467784,38.96810549,2414.536,145.103,,NAD83(2011) / UTM zone 13N + NAVD88(GEOID18) height,7,6,7,6,0,4313273.826,468266.11,2419.603,POINT Z (468266.11 4313273.826 2419.603)
647,647,“16,,468265.061,4313274.466,2422.947,,-105.366323,38.96786615,2408.922,Global,0.011,0.012,0.01,0.016,1.734,m,FIX,RTK,2025-07-11 15:38:05.8 UTC-06:00,2025-07-11 15:38:08.8 UTC-06:00,16,1.1,1.3,468407.689,4313300.453,2428.563,-105.36467784,38.96810549,2414.536,145.144,,NAD83(2011) / UTM zone 13N + NAVD88(GEOID18) height,7,6,7,6,0,4313273.383,468266.149,2419.597,POINT Z (468266.149 4313273.383 2419.597)
648,648,“17,,468265.08,4313273.909,2422.861,,-105.36632275,38.96786113,2408.836,Global,0.011,0.011,0.01,0.015,1.734,m,FIX,RTK,2025-07-11 15:38:25.2 UTC-06:00,2025-07-11 15:38:28.2 UTC-06:00,16,1.1,1.3,468407.689,4313300.453,2428.563,-105.36467784,38.96810549,2414.536,145.219,,NAD83(2011) / UTM zone 13N + NAVD88(GEOID18) height,7,6,7,6,0,4313272.826,468266.168,2419.511,POINT Z (468266.168 4313272.826 2419.511)
649,649,626,,468263.567,4313285.253,2423.187,,-105.36634074,38.9679633,2409.162,Global,0.01,0.011,0.01,0.015,1.734,m,FIX,RTK,2025-07-11 15:48:41.6 UTC-06:00,2025-07-11 15:48:44.6 UTC-06:00,16,1.1,1.2,468407.689,4313300.453,2428.563,-105.36467784,38.96810549,2414.536,145.075,,NAD83(2011) / UTM zone 13N + NAVD88(GEOID18) height,7,6,6,6,0,4313284.17,468264.65499999997,2419.837,POINT Z (468264.65499999997 4313284.17 2419.837)
650,650,627,,468263.569,4313285.251,2423.186,,-105.36634072,38.96796328,2409.161,Global,0.01,0.011,0.01,0.015,1.734,m,FIX,RTK,2025-07-11 15:49:23.4 UTC-06:00,2025-07-11 15:49:26.4 UTC-06:00,16,1.1,1.2,468407.689,4313300.453,2428.563,-105.36467784,38.96810549,2414.536,145.075,,NAD83(2011) / UTM zone 13N + NAVD88(GEOID18) height,7,6,7,7,0,4313284.1680000005,468264.657,2419.8360000000002,POINT Z (468264.657 4313284.1680000005 2419.8360000000002)
651,651,628,,468263.651,4313284.803,2423.193,,-105.36633975,38.96795925,2409.168,Global,0.014,0.01,0.01,0.017,1.734,m,FIX,RTK,2025-07-11 15:49:34.2 UTC-06:00,2025-07-11 15:49:37.2 UTC-06:00,16,1.1,1.2,468407.689,4313300.453,2428.563,-105.36467784,38.96810549,2414.536,145.036,,NAD83(2011) / UTM zone 13N + NAVD88(GEOID18) height,7,6,7,6,0,4313283.720000001,468264.739,2419.8430000000003,POINT Z (468264.739 4313283.720000001 2419.8430000000003)
652,652,629,,468263.666,4313284.27,2423.203,,-105.36633955,38.96795445,2409.179,Global,0.01,0.011,0.01,0.015,1.734,m,FIX,RTK,2025-07-11 15:49:42.6 UTC-06:00,2025-07-11 15:49:45.6 UTC-06:00,16,1.1,1.2,468407.689,4313300.453,2428.563,-105.36467784,38.96810549,2414.536,145.091,,NAD83(2011) / UTM zone 13N + NAVD88(GEOID18) height,7,6,7,7,0,4313283.187,468264.754,2419.853,POINT Z (468264.754 4313283.187 2419.853)
653,653,630,,468263.748,4313283.777,2423.239,,-105.36633859,38.96795001,2409.214,Global,0.011,0.02,0.012,0.023,1.734,m,FIX,RTK,2025-07-11 15:49:57.4 UTC-06:00,2025-07-11 15:50:00.4 UTC-06:00,16,1.1,1.2,468407.689,4313300.453,2428.563,-105.36467784,38.96810549,2414.536,145.055,,NAD83(2011) / UTM zone 13N + NAVD88(GEOID18) height,7,6,7,6,0,4313282.694,468264.836,2419.889,POINT Z (468264.836 4313282.694 2419.889)
654,654,631,,468263.879,4313283.303,2423.27,,-105.36633704,38.96794574,2409.245,Global,0.018,0.013,0.01,0.022,1.734,m,FIX,RTK,2025-07-11 15:50:05.8 UTC-06:00,2025-07-11 15:50:08.8 UTC-06:00,16,1.1,1.2,468407.689,4313300.453,2428.563,-105.36467784,38.96810549,2414.536,144.97,,NAD83(2011) / UTM zone 13N + NAVD88(GEOID18) height,7,6,7,6,0,4313282.220000001,468264.967,2419.92,POINT Z (468264.967 4313282.220000001 2419.92)
655,655,632,,468263.913,4313282.767,2423.256,,-105.36633663,38.96794091,2409.231,Global,0.011,0.015,0.01,0.018,1.734,m,FIX,RTK,2025-07-11 15:50:13.2 UTC-06:00,2025-07-11 15:50:16.2 UTC-06:00,16,1.1,1.2,468407.689,4313300.453,2428.563,-105.36467784,38.96810549,2414.536,145.017,,NAD83(2011) / UTM zone 13N + NAVD88(GEOID18) height,7,6,7,7,0,4313281.684,468265.001,2419.906,POINT Z (468265.001 4313281.684 2419.906)
656,656,633,,468264.05,4313282.36,2423.252,,-105.36633504,38.96793725,2409.227,Global,0.011,0.011,0.01,0.015,1.734,m,FIX,RTK,2025-07-11 15:50:21.4 UTC-06:00,2025-07-11 15:50:24.4 UTC-06:00,16,1.1,1.2,468407.689,4313300.453,2428.563,-105.36467784,38.96810549,2414.536,144.926,,NAD83(2011) / UTM zone 13N + NAVD88(GEOID18) height,7,6,7,7,0,4313281.277000001,468265.138,2419.902,POINT Z (468265.138 4313281.277000001 2419.902)
657,657,634,,468264.079,4313281.811,2423.244,,-105.36633467,38.96793231,2409.219,Global,0.011,0.012,0.011,0.016,1.734,m,FIX,RTK,2025-07-11 15:50:30.2 UTC-06:00,2025-07-11 15:50:33.2 UTC-06:00,16,1.1,1.2,468407.689,4313300.453,2428.563,-105.36467784,38.96810549,2414.536,144.977,,NAD83(2011) / UTM zone 13N + NAVD88(GEOID18) height,7,6,6,7,0,4313280.728,468265.167,2419.8940000000002,POINT Z (468265.167 4313280.728 2419.8940000000002)
658,658,635,,468264.144,4313281.331,2423.277,,-105.3663339,38.96792799,2409.252,Global,0.016,0.041,0.01,0.044,1.734,m,FIX,RTK,2025-07-11 15:50:37.0 UTC-06:00,2025-07-11 15:50:40.0 UTC-06:00,15,1.1,1.2,468407.689,4313300.453,2428.563,-105.36467784,38.96810549,2414.536,144.967,,NAD83(2011) / UTM zone 13N + NAVD88(GEOID18) height,7,6,6,7,0,4313280.248000001,468265.23199999996,2419.927,POINT Z (468265.23199999996 4313280.248000001 2419.927)
659,659,636,,468264.197,4313280.443,2423.238,,-105.36633324,38.96791998,2409.214,Global,0.011,0.011,0.01,0.016,1.734,m,FIX,RTK,2025-07-11 15:50:46.4 UTC-06:00,2025-07-11 15:50:49.4 UTC-06:00,16,1.1,1.2,468407.689,4313300.453,2428.563,-105.36467784,38.96810549,2414.536,145.038,,NAD83(2011) / UTM zone 13N + NAVD88(GEOID18) height,7,6,6,6,0,4313279.36,468265.285,2419.888,POINT Z (468265.285 4313279.36 2419.888)
660,660,637,,468264.315,4313279.828,2423.234,,-105.36633186,38.96791444,2409.21,Global,0.011,0.011,0.01,0.016,1.734,m,FIX,RTK,2025-07-11 15:50:54.0 UTC-06:00,2025-07-11 15:50:57.0 UTC-06:00,16,1.1,1.2,468407.689,4313300.453,2428.563,-105.36467784,38.96810549,2414.536,145.011,,NAD83(2011) / UTM zone 13N + NAVD88(GEOID18) height,7,6,6,7,0,4313278.745,468265.403,2419.884,POINT Z (468265.403 4313278.745 2419.884)
661,661,638,,468264.313,4313279.338,2423.192,,-105.36633185,38.96791003,2409.167,Global,0.015,0.011,0.01,0.019,1.734,m,FIX,RTK,2025-07-11 15:51:01.6 UTC-06:00,2025-07-11 15:51:04.6 UTC-06:00,16,1.1,1.2,468407.689,4313300.453,2428.563,-105.36467784,38.96810549,2414.536,145.086,,NAD83(2011) / UTM zone 13N + NAVD88(GEOID18) height,7,6,6,6,0,4313278.255000001,468265.401,2419.842,POINT Z (468265.401 4313278.255000001 2419.842)
662,662,639,,468264.463,4313278.837,2423.251,,-105.3663301,38.96790553,2409.226,Global,0.01,0.011,0.01,0.015,1.734,m,FIX,RTK,2025-07-11 15:51:40.0 UTC-06:00,2025-07-11 15:51:43.0 UTC-06:00,16,1.1,1.2,468407.689,4313300.453,2428.563,-105.36467784,38.96810549,2414.536,145.003,,NAD83(2011) / UTM zone 13N + NAVD88(GEOID18) height,7,6,6,6,0,4313277.754000001,468265.551,2419.9010000000003,POINT Z (468265.551 4313277.754000001 2419.9010000000003)
663,663,640,,468264.565,4313278.36,2423.214,,-105.3663289,38.96790123,2409.189,Global,0.013,0.011,0.01,0.017,1.734,m,FIX,RTK,2025-07-11 15:51:53.8 UTC-06:00,2025-07-11 15:51:56.8 UTC-06:00,16,1.1,1.2,468407.689,4313300.453,2428.563,-105.36467784,38.96810549,2414.536,144.979,,NAD83(2011) / UTM zone 13N + NAVD88(GEOID18) height,7,6,6,6,0,4313277.277000001,468265.653,2419.864,POINT Z (468265.653 4313277.277000001 2419.864)
664,664,641,,468264.653,4313277.844,2423.207,,-105.36632786,38.96789658,2409.182,Global,0.011,0.012,0.01,0.017,1.734,m,FIX,RTK,2025-07-11 15:52:14.0 UTC-06:00,2025-07-11 15:52:17.0 UTC-06:00,16,1.1,1.2,468407.689,4313300.453,2428.563,-105.36467784,38.96810549,2414.536,144.965,,NAD83(2011) / UTM zone 13N + NAVD88(GEOID18) height,7,6,6,7,0,4313276.761,468265.741,2419.857,POINT Z (468265.741 4313276.761 2419.857)
665,665,642,,468264.764,4313277.38,2423.202,,-105.36632656,38.96789241,2409.177,Global,0.011,0.011,0.01,0.016,1.734,m,FIX,RTK,2025-07-11 15:52:26.2 UTC-06:00,2025-07-11 15:52:29.2 UTC-06:00,16,1.1,1.2,468407.689,4313300.453,2428.563,-105.36467784,38.96810549,2414.536,144.938,,NAD83(2011) / UTM zone 13N + NAVD88(GEOID18) height,7,6,6,6,0,4313276.297,468265.852,2419.8520000000003,POINT Z (468265.852 4313276.297 2419.8520000000003)
666,666,643,,468264.895,4313276.823,2423.132,,-105.36632502,38.96788739,2409.107,Global,0.011,0.018,0.01,0.021,1.734,m,FIX,RTK,2025-07-11 15:52:34.2 UTC-06:00,2025-07-11 15:52:37.2 UTC-06:00,16,1.1,1.3,468407.689,4313300.453,2428.563,-105.36467784,38.96810549,2414.536,144.901,,NAD83(2011) / UTM zone 13N + NAVD88(GEOID18) height,7,6,6,6,0,4313275.74,468265.983,2419.782,POINT Z (468265.983 4313275.74 2419.782)
667,667,644,,468264.911,4313276.304,2423.06,,-105.36632481,38.96788271,2409.035,Global,0.01,0.018,0.01,0.021,1.734,m,FIX,RTK,2025-07-11 15:52:41.8 UTC-06:00,2025-07-11 15:52:44.8 UTC-06:00,16,1.1,1.3,468407.689,4313300.453,2428.563,-105.36467784,38.96810549,2414.536,144.968,,NAD83(2011) / UTM zone 13N + NAVD88(GEOID18) height,7,6,6,6,0,4313275.221,468265.999,2419.71,POINT Z (468265.999 4313275.221 2419.71)
668,668,645,,468264.979,4313275.806,2422.986,,-105.36632401,38.96787822,2408.961,Global,0.01,0.023,0.01,0.025,1.734,m,FIX,RTK,2025-07-11 15:52:48.6 UTC-06:00,2025-07-11 15:52:51.6 UTC-06:00,16,1.1,1.3,468407.689,4313300.453,2428.563,-105.36467784,38.96810549,2414.536,144.988,,NAD83(2011) / UTM zone 13N + NAVD88(GEOID18) height,7,6,6,6,0,4313274.723,468266.067,2419.636,POINT Z (468266.067 4313274.723 2419.636)
669,669,646,,468265.057,4313275.3,2422.992,,-105.36632308,38.96787367,2408.967,Global,0.011,0.011,0.01,0.015,1.734,m,FIX,RTK,2025-07-11 15:52:57.6 UTC-06:00,2025-07-11 15:53:00.6 UTC-06:00,16,1.1,1.3,468407.689,4313300.453,2428.563,-105.36467784,38.96810549,2414.536,144.991,,NAD83(2011) / UTM zone 13N + NAVD88(GEOID18) height,7,6,6,6,0,4313274.217,468266.14499999996,2419.6420000000003,POINT Z (468266.14499999996 4313274.217 2419.6420000000003)
670,670,647,,468265.089,4313274.859,2422.943,,-105.36632269,38.96786969,2408.918,Global,0.011,0.012,0.01,0.016,1.734,m,FIX,RTK,2025-07-11 15:53:10.8 UTC-06:00,2025-07-11 15:53:13.8 UTC-06:00,16,1.1,1.3,468407.689,4313300.453,2428.563,-105.36467784,38.96810549,2414.536,145.036,,NAD83(2011) / UTM zone 13N + NAVD88(GEOID18) height,7,6,7,6,0,4313273.776000001,468266.17699999997,2419.5930000000003,POINT Z (468266.17699999997 4313273.776000001 2419.5930000000003)
671,671,648,,468265.134,4313274.391,2422.934,,-105.36632215,38.96786548,2408.909,Global,0.01,0.01,0.01,0.014,1.734,m,FIX,RTK,2025-07-11 15:53:23.2 UTC-06:00,2025-07-11 15:53:26.2 UTC-06:00,16,1.1,1.3,468407.689,4313300.453,2428.563,-105.36467784,38.96810549,2414.536,145.082,,NAD83(2011) / UTM zone 13N + NAVD88(GEOID18) height,7,6,7,6,0,4313273.308,468266.222,2419.5840000000003,POINT Z (468266.222 4313273.308 2419.5840000000003)
672,672,649,,468265.218,4313273.903,2422.904,,-105.36632115,38.96786109,2408.879,Global,0.011,0.01,0.01,0.015,1.734,m,FIX,RTK,2025-07-11 15:53:33.8 UTC-06:00,2025-07-11 15:53:36.8 UTC-06:00,16,1.1,1.3,468407.689,4313300.453,2428.563,-105.36467784,38.96810549,2414.536,145.09,,NAD83(2011) / UTM zone 13N + NAVD88(GEOID18) height,7,6,7,7,0,4313272.82,468266.306,2419.554,POINT Z (468266.306 4313272.82 2419.554)
673,673,650,,468265.267,4313273.447,2422.884,,-105.36632057,38.96785698,2408.859,Global,0.011,0.01,0.011,0.015,1.734,m,FIX,RTK,2025-07-11 15:53:42.6 UTC-06:00,2025-07-11 15:53:45.6 UTC-06:00,16,1.1,1.3,468407.689,4313300.453,2428.563,-105.36467784,38.96810549,2414.536,145.121,,NAD83(2011) / UTM zone 13N + NAVD88(GEOID18) height,7,6,7,6,0,4313272.364,468266.355,2419.534,POINT Z (468266.355 4313272.364 2419.534)
674,674,651,,468265.313,4313272.905,2422.886,,-105.36632001,38.9678521,2408.861,Global,0.011,0.013,0.01,0.017,1.734,m,FIX,RTK,2025-07-11 15:53:50.4 UTC-06:00,2025-07-11 15:53:53.4 UTC-06:00,16,1.1,1.3,468407.689,4313300.453,2428.563,-105.36467784,38.96810549,2414.536,145.184,,NAD83(2011) / UTM zone 13N + NAVD88(GEOID18) height,7,6,7,6,0,4313271.822000001,468266.401,2419.536,POINT Z (468266.401 4313271.822000001 2419.536)
675,675,652,,468265.36,4313272.415,2422.857,,-105.36631944,38.96784768,2408.832,Global,0.011,0.018,0.01,0.021,1.734,m,FIX,RTK,2025-07-11 15:53:57.8 UTC-06:00,2025-07-11 15:54:00.8 UTC-06:00,16,1.1,1.3,468407.689,4313300.453,2428.563,-105.36467784,38.96810549,2414.536,145.239,,NAD83(2011) / UTM zone 13N + NAVD88(GEOID18) height,7,6,7,6,0,4313271.332,468266.448,2419.507,POINT Z (468266.448 4313271.332 2419.507)
676,676,653,,468265.444,4313271.91,2422.864,,-105.36631846,38.96784314,2408.839,Global,0.011,0.015,0.011,0.019,1.734,m,FIX,RTK,2025-07-11 15:54:05.4 UTC-06:00,2025-07-11 15:54:08.4 UTC-06:00,16,1.1,1.3,468407.689,4313300.453,2428.563,-105.36467784,38.96810549,2414.536,145.252,,NAD83(2011) / UTM zone 13N + NAVD88(GEOID18) height,7,6,7,6,0,4313270.8270000005,468266.532,2419.514,POINT Z (468266.532 4313270.8270000005 2419.514)
677,677,654,,468265.532,4313271.449,2422.868,,-105.36631742,38.96783898,2408.843,Global,0.012,0.019,0.01,0.022,1.734,m,FIX,RTK,2025-07-11 15:54:13.0 UTC-06:00,2025-07-11 15:54:16.0 UTC-06:00,16,1.2,1.4,468407.689,4313300.453,2428.563,-105.36467784,38.96810549,2414.536,145.252,,NAD83(2011) / UTM zone 13N + NAVD88(GEOID18) height,7,6,7,6,0,4313270.366,468266.62,2419.518,POINT Z (468266.62 4313270.366 2419.518)
678,678,655,,468265.616,4313270.932,2422.857,,-105.36631642,38.96783433,2408.832,Global,0.013,0.013,0.01,0.018,1.734,m,FIX,RTK,2025-07-11 15:54:20.8 UTC-06:00,2025-07-11 15:54:23.8 UTC-06:00,16,1.2,1.4,468407.689,4313300.453,2428.563,-105.36467784,38.96810549,2414.536,145.262,,NAD83(2011) / UTM zone 13N + NAVD88(GEOID18) height,7,6,7,7,0,4313269.849,468266.70399999997,2419.507,POINT Z (468266.70399999997 4313269.849 2419.507)
679,679,656,,468265.719,4313270.468,2422.82,,-105.36631521,38.96783015,2408.795,Global,0.011,0.024,0.01,0.026,1.734,m,FIX,RTK,2025-07-11 15:54:27.8 UTC-06:00,2025-07-11 15:54:30.8 UTC-06:00,16,1.2,1.4,468407.689,4313300.453,2428.563,-105.36467784,38.96810549,2414.536,145.27,,NAD83(2011) / UTM zone 13N + NAVD88(GEOID18) height,7,6,7,7,0,4313269.385000001,468266.807,2419.4700000000003,POINT Z (468266.807 4313269.385000001 2419.4700000000003)
680,680,657,,468265.834,4313269.954,2422.854,,-105.36631386,38.96782553,2408.829,Global,0.01,0.012,0.01,0.015,1.734,m,FIX,RTK,2025-07-11 15:54:37.8 UTC-06:00,2025-07-11 15:54:40.8 UTC-06:00,16,1.2,1.4,468407.689,4313300.453,2428.563,-105.36467784,38.96810549,2414.536,145.263,,NAD83(2011) / UTM zone 13N + NAVD88(GEOID18) height,7,6,6,6,0,4313268.871,468266.92199999996,2419.504,POINT Z (468266.92199999996 4313268.871 2419.504)
681,681,658,,468265.891,4313269.464,2422.85,,-105.36631319,38.96782111,2408.825,Global,0.01,0.01,0.01,0.015,1.734,m,FIX,RTK,2025-07-11 15:54:46.6 UTC-06:00,2025-07-11 15:54:49.6 UTC-06:00,16,1.1,1.3,468407.689,4313300.453,2428.563,-105.36467784,38.96810549,2414.536,145.311,,NAD83(2011) / UTM zone 13N + NAVD88(GEOID18) height,7,6,6,7,0,4313268.381,468266.979,2419.5,POINT Z (468266.979 4313268.381 2419.5)
682,682,659,,468265.929,4313268.983,2422.83,,-105.36631272,38.96781677,2408.805,Global,0.012,0.018,0.011,0.021,1.734,m,FIX,RTK,2025-07-11 15:54:54.8 UTC-06:00,2025-07-11 15:54:57.8 UTC-06:00,16,1.1,1.3,468407.689,4313300.453,2428.563,-105.36467784,38.96810549,2414.536,145.385,,NAD83(2011) / UTM zone 13N + NAVD88(GEOID18) height,7,6,6,7,0,4313267.9,468267.017,2419.48,POINT Z (468267.017 4313267.9 2419.48)
683,683,660,,468265.915,4313268.525,2422.858,,-105.36631286,38.96781265,2408.833,Global,0.011,0.013,0.01,0.017,1.734,m,FIX,RTK,2025-07-11 15:55:10.4 UTC-06:00,2025-07-11 15:55:13.4 UTC-06:00,16,1.2,1.4,468407.689,4313300.453,2428.563,-105.36467784,38.96810549,2414.536,145.488,,NAD83(2011) / UTM zone 13N + NAVD88(GEOID18) height,7,6,7,7,0,4313267.442000001,468267.00299999997,2419.5080000000003,POINT Z (468267.00299999997 4313267.442000001 2419.5080000000003)
684,684,661,,468266.075,4313268.019,2422.874,,-105.36631099,38.96780809,2408.849,Global,0.018,0.014,0.01,0.023,1.734,m,FIX,RTK,2025-07-11 15:55:18.6 UTC-06:00,2025-07-11 15:55:21.6 UTC-06:00,16,1.2,1.4,468407.689,4313300.453,2428.563,-105.36467784,38.96810549,2414.536,145.427,,NAD83(2011) / UTM zone 13N + NAVD88(GEOID18) height,7,6,7,7,0,4313266.936000001,468267.163,2419.524,POINT Z (468267.163 4313266.936000001 2419.524)
685,685,662,,468266.212,4313267.503,2422.897,,-105.36630939,38.96780345,2408.872,Global,0.013,0.016,0.01,0.021,1.734,m,FIX,RTK,2025-07-11 15:55:27.0 UTC-06:00,2025-07-11 15:55:30.0 UTC-06:00,16,1.2,1.4,468407.689,4313300.453,2428.563,-105.36467784,38.96810549,2414.536,145.417,,NAD83(2011) / UTM zone 13N + NAVD88(GEOID18) height,6,7,7,7,0,4313266.42,468267.3,2419.547,POINT Z (468267.3 4313266.42 2419.547)
686,686,663,,468266.334,4313266.964,2423.024,,-105.36630795,38.9677986,2408.999,Global,0.017,0.018,0.01,0.025,1.734,m,FIX,RTK,2025-07-11 15:55:35.2 UTC-06:00,2025-07-11 15:55:38.2 UTC-06:00,15,1.2,1.4,468407.689,4313300.453,2428.563,-105.36467784,38.96810549,2414.536,145.419,,NAD83(2011) / UTM zone 13N + NAVD88(GEOID18) height,6,7,7,6,0,4313265.881,468267.42199999996,2419.674,POINT Z (468267.42199999996 4313265.881 2419.674)
687,687,664,,468266.38,4313266.616,2423.088,,-105.3663074,38.96779546,2409.063,Global,0.012,0.016,0.01,0.02,1.734,m,FIX,RTK,2025-07-11 15:55:44.4 UTC-06:00,2025-07-11 15:55:47.4 UTC-06:00,16,1.2,1.4,468407.689,4313300.453,2428.563,-105.36467784,38.96810549,2414.536,145.47,,NAD83(2011) / UTM zone 13N + NAVD88(GEOID18) height,6,7,7,7,0,4313265.533000001,468267.468,2419.7380000000003,POINT Z (468267.468 4313265.533000001 2419.7380000000003)
688,688,665,,468266.478,4313266.101,2423.215,,-105.36630625,38.96779083,2409.19,Global,0.011,0.011,0.012,0.016,1.734,m,FIX,RTK,2025-07-11 15:55:55.0 UTC-06:00,2025-07-11 15:55:58.0 UTC-06:00,16,1.2,1.4,468407.689,4313300.453,2428.563,-105.36467784,38.96810549,2414.536,145.486,,NAD83(2011) / UTM zone 13N + NAVD88(GEOID18) height,6,7,7,7,0,4313265.018,468267.566,2419.8650000000002,POINT Z (468267.566 4313265.018 2419.8650000000002)
689,689,666,,468266.519,4313265.612,2423.501,,-105.36630575,38.96778642,2409.476,Global,0.012,0.011,0.01,0.016,1.734,m,FIX,RTK,2025-07-11 15:56:03.8 UTC-06:00,2025-07-11 15:56:06.8 UTC-06:00,16,1.2,1.4,468407.689,4313300.453,2428.563,-105.36467784,38.96810549,2414.536,145.544,,NAD83(2011) / UTM zone 13N + NAVD88(GEOID18) height,6,7,7,7,0,4313264.529,468267.60699999996,2420.1510000000003,POINT Z (468267.60699999996 4313264.529 2420.1510000000003)
690,690,667,,468266.594,4313265.111,2423.261,,-105.36630486,38.96778191,2409.236,Global,0.013,0.011,0.01,0.017,1.734,m,FIX,RTK,2025-07-11 15:56:13.0 UTC-06:00,2025-07-11 15:56:16.0 UTC-06:00,16,1.2,1.4,468407.689,4313300.453,2428.563,-105.36467784,38.96810549,2414.536,145.61,,NAD83(2011) / UTM zone 13N + NAVD88(GEOID18) height,6,7,7,7,0,4313264.028,468267.682,2419.911,POINT Z (468267.682 4313264.028 2419.911)
691,691,668,,468266.722,4313264.656,2423.355,,-105.36630337,38.96777782,2409.33,Global,0.01,0.011,0.01,0.015,1.734,m,FIX,RTK,2025-07-11 15:56:23.0 UTC-06:00,2025-07-11 15:56:26.0 UTC-06:00,16,1.2,1.4,468407.689,4313300.453,2428.563,-105.36467784,38.96810549,2414.536,145.598,,NAD83(2011) / UTM zone 13N + NAVD88(GEOID18) height,6,7,7,6,0,4313263.573000001,468267.81,2420.005,POINT Z (468267.81 4313263.573000001 2420.005)
692,692,669,,468266.817,4313264.175,2423.457,,-105.36630225,38.96777349,2409.432,Global,0.01,0.013,0.01,0.017,1.734,m,FIX,RTK,2025-07-11 15:56:33.4 UTC-06:00,2025-07-11 15:56:36.4 UTC-06:00,16,1.2,1.4,468407.689,4313300.453,2428.563,-105.36467784,38.96810549,2414.536,145.62,,NAD83(2011) / UTM zone 13N + NAVD88(GEOID18) height,6,7,7,7,0,4313263.092,468267.90499999997,2420.107,POINT Z (468267.90499999997 4313263.092 2420.107)
693,693,670,,468266.886,4313263.68,2423.635,,-105.36630143,38.96776902,2409.61,Global,0.01,0.01,0.01,0.015,1.734,m,FIX,RTK,2025-07-11 15:56:41.2 UTC-06:00,2025-07-11 15:56:44.2 UTC-06:00,16,1.2,1.4,468407.689,4313300.453,2428.563,-105.36467784,38.96810549,2414.536,145.677,,NAD83(2011) / UTM zone 13N + NAVD88(GEOID18) height,6,7,8,6,0,4313262.597,468267.974,2420.2850000000003,POINT Z (468267.974 4313262.597 2420.2850000000003)
694,694,671,,468267.115,4313262.736,2423.798,,-105.36629874,38.96776053,2409.773,Global,0.012,0.011,0.01,0.016,1.734,m,FIX,RTK,2025-07-11 15:56:57.0 UTC-06:00,2025-07-11 15:57:00.0 UTC-06:00,16,1.2,1.4,468407.689,4313300.453,2428.563,-105.36467784,38.96810549,2414.536,145.688,,NAD83(2011) / UTM zone 13N + NAVD88(GEOID18) height,6,7,8,7,0,4313261.653,468268.203,2420.448,POINT Z (468268.203 4313261.653 2420.448)
695,695,672,,468267.149,4313262.263,2423.88,,-105.36629833,38.96775627,2409.855,Global,0.011,0.011,0.01,0.015,1.734,m,FIX,RTK,2025-07-11 15:57:10.8 UTC-06:00,2025-07-11 15:57:13.8 UTC-06:00,16,1.2,1.4,468407.689,4313300.453,2428.563,-105.36467784,38.96810549,2414.536,145.78,,NAD83(2011) / UTM zone 13N + NAVD88(GEOID18) height,6,7,8,6,0,4313261.180000001,468268.23699999996,2420.53,POINT Z (468268.23699999996 4313261.180000001 2420.53)
696,696,673,,468267.216,4313261.763,2424.003,,-105.36629754,38.96775177,2409.978,Global,0.011,0.012,0.011,0.016,1.734,m,FIX,RTK,2025-07-11 15:57:19.8 UTC-06:00,2025-07-11 15:57:22.8 UTC-06:00,16,1.3,1.5,468407.689,4313300.453,2428.563,-105.36467784,38.96810549,2414.536,145.839,,NAD83(2011) / UTM zone 13N + NAVD88(GEOID18) height,6,7,7,6,0,4313260.680000001,468268.304,2420.6530000000002,POINT Z (468268.304 4313260.680000001 2420.6530000000002)
697,697,674,,468267.186,4313261.258,2424.096,,-105.36629785,38.96774721,2410.071,Global,0.013,0.012,0.01,0.018,1.734,m,FIX,RTK,2025-07-11 15:57:32.6 UTC-06:00,2025-07-11 15:57:35.6 UTC-06:00,16,1.2,1.4,468407.689,4313300.453,2428.563,-105.36467784,38.96810549,2414.536,146.0,,NAD83(2011) / UTM zone 13N + NAVD88(GEOID18) height,6,7,7,6,0,4313260.175000001,468268.274,2420.746,POINT Z (468268.274 4313260.175000001 2420.746)
698,698,675,,468267.125,4313260.769,2424.183,,-105.36629853,38.9677428,2410.158,Global,0.01,0.01,0.01,0.015,1.734,m,FIX,RTK,2025-07-11 15:57:43.8 UTC-06:00,2025-07-11 15:57:46.8 UTC-06:00,16,1.2,1.4,468407.689,4313300.453,2428.563,-105.36467784,38.96810549,2414.536,146.198,,NAD83(2011) / UTM zone 13N + NAVD88(GEOID18) height,6,7,7,6,0,4313259.686000001,468268.213,2420.833,POINT Z (468268.213 4313259.686000001 2420.833)
699,699,676,,468267.116,4313260.519,2424.198,,-105.36629863,38.96774055,2410.172,Global,0.01,0.01,0.01,0.015,1.734,m,FIX,RTK,2025-07-11 15:58:00.0 UTC-06:00,2025-07-11 15:58:03.0 UTC-06:00,16,1.2,1.4,468407.689,4313300.453,2428.563,-105.36467784,38.96810549,2414.536,146.275,,NAD83(2011) / UTM zone 13N + NAVD88(GEOID18) height,6,6,7,7,0,4313259.436000001,468268.20399999997,2420.848,POINT Z (468268.20399999997 4313259.436000001 2420.848)
700,700,677,,468267.01,4313258.247,2424.273,,-105.36629974,38.96772007,2410.248,Global,0.01,0.01,0.01,0.014,1.734,m,FIX,RTK,2025-07-11 15:58:22.8 UTC-06:00,2025-07-11 15:58:25.8 UTC-06:00,16,1.2,1.3,468407.689,4313300.453,2428.563,-105.36467784,38.96810549,2414.536,147.011,,NAD83(2011) / UTM zone 13N + NAVD88(GEOID18) height,6,7,8,7,0,4313257.164000001,468268.098,2420.9230000000002,POINT Z (468268.098 4313257.164000001 2420.9230000000002)
701,701,678,,468266.984,4313257.863,2424.309,,-105.36630003,38.96771661,2410.284,Global,0.01,0.011,0.01,0.015,1.734,m,FIX,RTK,2025-07-11 15:58:38.8 UTC-06:00,2025-07-11 15:58:41.8 UTC-06:00,16,1.2,1.3,468407.689,4313300.453,2428.563,-105.36467784,38.96810549,2414.536,147.146,,NAD83(2011) / UTM zone 13N + NAVD88(GEOID18) height,6,7,7,7,0,4313256.78,468268.072,2420.9590000000003,POINT Z (468268.072 4313256.78 2420.9590000000003)
702,702,679,,468266.998,4313257.344,2424.426,,-105.36629984,38.96771194,2410.401,Global,0.014,0.016,0.013,0.021,1.734,m,FIX,RTK,2025-07-11 15:58:47.0 UTC-06:00,2025-07-11 15:58:50.0 UTC-06:00,16,1.2,1.3,468407.689,4313300.453,2428.563,-105.36467784,38.96810549,2414.536,147.284,,NAD83(2011) / UTM zone 13N + NAVD88(GEOID18) height,6,7,7,7,0,4313256.261,468268.086,2421.076,POINT Z (468268.086 4313256.261 2421.076)
703,703,680,,468266.996,4313256.863,2424.504,,-105.36629984,38.9677076,2410.478,Global,0.011,0.011,0.01,0.016,1.734,m,FIX,RTK,2025-07-11 15:58:54.8 UTC-06:00,2025-07-11 15:58:57.8 UTC-06:00,16,1.2,1.4,468407.689,4313300.453,2428.563,-105.36467784,38.96810549,2414.536,147.423,,NAD83(2011) / UTM zone 13N + NAVD88(GEOID18) height,6,7,7,7,0,4313255.78,468268.084,2421.154,POINT Z (468268.084 4313255.78 2421.154)
704,704,681,,468267.004,4313256.331,2424.625,,-105.36629973,38.96770281,2410.6,Global,0.012,0.011,0.01,0.016,1.734,m,FIX,RTK,2025-07-11 15:59:02.0 UTC-06:00,2025-07-11 15:59:05.0 UTC-06:00,16,1.2,1.4,468407.689,4313300.453,2428.563,-105.36467784,38.96810549,2414.536,147.571,,NAD83(2011) / UTM zone 13N + NAVD88(GEOID18) height,5,7,7,6,0,4313255.248000001,468268.092,2421.275,POINT Z (468268.092 4313255.248000001 2421.275)
705,705,682,,468267.053,4313255.9,2424.903,,-105.36629914,38.96769892,2410.878,Global,0.011,0.01,0.01,0.015,1.734,m,FIX,RTK,2025-07-11 15:59:15.8 UTC-06:00,2025-07-11 15:59:18.8 UTC-06:00,16,1.2,1.4,468407.689,4313300.453,2428.563,-105.36467784,38.96810549,2414.536,147.647,,NAD83(2011) / UTM zone 13N + NAVD88(GEOID18) height,6,7,7,7,0,4313254.817000001,468268.141,2421.553,POINT Z (468268.141 4313254.817000001 2421.553)
706,706,683,,468266.911,4313255.455,2425.213,,-105.36630076,38.96769491,2411.188,Global,0.011,0.011,0.012,0.015,1.734,m,FIX,RTK,2025-07-11 15:59:52.8 UTC-06:00,2025-07-11 16:00:22.8 UTC-06:00,151,1.3,1.5,468407.689,4313300.453,2428.563,-105.36467784,38.96810549,2414.536,147.921,,NAD83(2011) / UTM zone 13N + NAVD88(GEOID18) height,6,6,7,7,0,4313254.372,468267.999,2421.8630000000003,POINT Z (468267.999 4313254.372 2421.8630000000003)
707,707,684,,468266.909,4313255.451,2425.204,,-105.36630079,38.96769487,2411.179,Global,0.01,0.01,0.011,0.014,1.734,m,FIX,RTK,2025-07-11 16:00:40.2 UTC-06:00,2025-07-11 16:00:43.2 UTC-06:00,16,1.3,1.5,468407.689,4313300.453,2428.563,-105.36467784,38.96810549,2414.536,147.925,,NAD83(2011) / UTM zone 13N + NAVD88(GEOID18) height,6,7,7,7,0,4313254.368000001,468267.997,2421.8540000000003,POINT Z (468267.997 4313254.368000001 2421.8540000000003)
708,708,685,,468266.754,4313255.462,2425.101,,-105.36630257,38.96769497,2411.076,Global,0.01,0.011,0.01,0.015,1.734,m,FIX,RTK,2025-07-11 16:00:49.6 UTC-06:00,2025-07-11 16:00:52.6 UTC-06:00,16,1.2,1.3,468407.689,4313300.453,2428.563,-105.36467784,38.96810549,2414.536,148.068,,NAD83(2011) / UTM zone 13N + NAVD88(GEOID18) height,6,7,7,7,0,4313254.379000001,468267.842,2421.751,POINT Z (468267.842 4313254.379000001 2421.751)
709,709,686,,468266.866,4313255.616,2425.085,,-105.36630128,38.96769636,2411.06,Global,0.01,0.01,0.01,0.014,1.734,m,FIX,RTK,2025-07-11 16:01:00.2 UTC-06:00,2025-07-11 16:01:03.2 UTC-06:00,16,1.4,1.7,468407.689,4313300.453,2428.563,-105.36467784,38.96810549,2414.536,147.909,,NAD83(2011) / UTM zone 13N + NAVD88(GEOID18) height,6,7,7,7,0,4313254.533000001,468267.95399999997,2421.735,POINT Z (468267.95399999997 4313254.533000001 2421.735)
710,710,687,,468267.1,4313255.471,2425.176,,-105.36629857,38.96769506,2411.151,Global,0.014,0.01,0.01,0.017,1.734,m,FIX,RTK,2025-07-11 16:01:10.0 UTC-06:00,2025-07-11 16:01:13.0 UTC-06:00,16,1.2,1.3,468407.689,4313300.453,2428.563,-105.36467784,38.96810549,2414.536,147.73,,NAD83(2011) / UTM zone 13N + NAVD88(GEOID18) height,6,7,7,7,0,4313254.388,468268.18799999997,2421.826,POINT Z (468268.18799999997 4313254.388 2421.826)
711,711,688,,468266.939,4313255.354,2425.24,,-105.36630043,38.967694,2411.215,Global,0.01,0.011,0.012,0.015,1.734,m,FIX,RTK,2025-07-11 16:01:19.0 UTC-06:00,2025-07-11 16:01:22.0 UTC-06:00,16,1.4,1.7,468407.689,4313300.453,2428.563,-105.36467784,38.96810549,2414.536,147.924,,NAD83(2011) / UTM zone 13N + NAVD88(GEOID18) height,6,7,7,7,0,4313254.271000001,468268.027,2421.89,POINT Z (468268.027 4313254.271000001 2421.89)
712,712,689,,468266.912,4313255.459,2425.21,,-105.36630075,38.96769495,2411.185,Global,0.01,0.01,0.011,0.014,1.734,m,FIX,RTK,2025-07-11 16:01:27.2 UTC-06:00,2025-07-11 16:01:30.2 UTC-06:00,16,1.4,1.7,468407.689,4313300.453,2428.563,-105.36467784,38.96810549,2414.536,147.915,,NAD83(2011) / UTM zone 13N + NAVD88(GEOID18) height,6,7,7,7,0,4313254.376,468268.0,2421.86,POINT Z (468268 4313254.376 2421.86)
