,index,Name,Code,Easting,Northing,Elevation,Description,Longitude,Latitude,Ellipsoidal height,Origin,Easting RMS,Northing RMS,Elevation RMS,Lateral RMS,Antenna height,Antenna height units,Solution status,Correction type,Averaging start,Averaging end,Samples,PDOP,GDOP,Base easting,Base northing,Base elevation,Base longitude,Base latitude,Base ellipsoidal height,Baseline,Mount point,CS name,GPS Satellites,GLONASS Satellites,Galileo Satellites,BeiDou Satellites,QZSS Satellites,northing_adj,easting_adj,elevation_adj,geometry
0,0,1,,468072.248,4313279.321,2421.024,,-105.3685489,38.9679029,2407.003,Global,0.01,0.011,0.01,0.015,1.734,m,FIX,RTK,2025-07-15 14:41:32.8 UTC-06:00,2025-07-15 14:41:35.8 UTC-06:00,16,1.3,1.5,468408.098,4313299.048,2424.969,-105.3646731,38.96809284,2410.942,336.692,,NAD83(2011) / UTM zone 13N + NAVD88(GEOID18) height,7,6,6,5,0,4313279.541,468072.922,2421.286,POINT Z (468072.922 4313279.541 2421.286)
1,1,2,,468072.123,4313279.35,2420.967,,-105.3685503,38.96790315,2406.946,Global,0.01,0.01,0.01,0.015,1.734,m,FIX,RTK,2025-07-15 14:42:17.2 UTC-06:00,2025-07-15 14:42:20.2 UTC-06:00,15,1.3,1.5,468408.098,4313299.048,2424.969,-105.3646731,38.96809284,2410.942,336.823,,NAD83(2011) / UTM zone 13N + NAVD88(GEOID18) height,7,6,7,5,0,4313279.569999999,468072.797,2421.2290000000003,POINT Z (468072.797 4313279.569999999 2421.2290000000003)
2,2,3,,468072.288,4313279.433,2420.959,,-105.3685484,38.96790391,2406.938,Global,0.011,0.011,0.01,0.015,1.734,m,FIX,RTK,2025-07-15 14:42:33.6 UTC-06:00,2025-07-15 14:42:36.6 UTC-06:00,16,1.3,1.5,468408.098,4313299.048,2424.969,-105.3646731,38.96809284,2410.942,336.649,,NAD83(2011) / UTM zone 13N + NAVD88(GEOID18) height,7,7,7,5,0,4313279.653,468072.962,2421.221,POINT Z (468072.962 4313279.653 2421.221)
3,3,4,,468072.354,4313279.333,2420.952,,-105.3685476,38.96790301,2406.931,Global,0.013,0.018,0.01,0.022,1.734,m,FIX,RTK,2025-07-15 14:42:42.8 UTC-06:00,2025-07-15 14:42:45.8 UTC-06:00,16,1.3,1.5,468408.098,4313299.048,2424.969,-105.3646731,38.96809284,2410.942,336.589,,NAD83(2011) / UTM zone 13N + NAVD88(GEOID18) height,7,6,7,5,0,4313279.552999999,468073.028,2421.2140000000004,POINT Z (468073.028 4313279.552999999 2421.2140000000004)
4,4,5,,468072.216,4313279.206,2420.966,,-105.3685492,38.96790186,2406.946,Global,0.01,0.011,0.01,0.015,1.734,m,FIX,RTK,2025-07-15 14:42:53.2 UTC-06:00,2025-07-15 14:42:56.2 UTC-06:00,16,1.3,1.5,468408.098,4313299.048,2424.969,-105.3646731,38.96809284,2410.942,336.732,,NAD83(2011) / UTM zone 13N + NAVD88(GEOID18) height,7,5,7,5,0,4313279.426,468072.89,2421.228,POINT Z (468072.89 4313279.426 2421.228)
5,5,6,,468072.253,4313279.325,2421.031,,-105.3685488,38.96790293,2407.011,Global,0.01,0.011,0.011,0.015,1.734,m,FIX,RTK,2025-07-15 14:43:04.4 UTC-06:00,2025-07-15 14:43:07.4 UTC-06:00,16,1.3,1.5,468408.098,4313299.048,2424.969,-105.3646731,38.96809284,2410.942,336.685,,NAD83(2011) / UTM zone 13N + NAVD88(GEOID18) height,7,6,7,5,0,4313279.545,468072.927,2421.293,POINT Z (468072.927 4313279.545 2421.293)
6,6,7,,468072.253,4313279.326,2421.032,,-105.3685488,38.96790294,2407.011,Global,0.011,0.011,0.011,0.015,1.734,m,FIX,RTK,2025-07-15 14:43:22.0 UTC-06:00,2025-07-15 14:43:52.0 UTC-06:00,151,1.3,1.5,468408.098,4313299.048,2424.969,-105.3646731,38.96809284,2410.942,336.686,,NAD83(2011) / UTM zone 13N + NAVD88(GEOID18) height,7,6,7,5,0,4313279.546,468072.927,2421.2940000000003,POINT Z (468072.927 4313279.546 2421.2940000000003)
7,7,8,,468072.333,4313279.549,2420.934,,-105.3685479,38.96790496,2406.913,Global,0.011,0.01,0.01,0.015,1.734,m,FIX,RTK,2025-07-15 14:44:22.4 UTC-06:00,2025-07-15 14:44:25.4 UTC-06:00,16,1.3,1.5,468408.098,4313299.048,2424.969,-105.3646731,38.96809284,2410.942,336.597,,NAD83(2011) / UTM zone 13N + NAVD88(GEOID18) height,7,6,7,5,0,4313279.768999999,468073.007,2421.1960000000004,POINT Z (468073.007 4313279.768999999 2421.1960000000004)
8,8,9,,468072.381,4313279.747,2420.871,,-105.3685474,38.96790674,2406.85,Global,0.011,0.015,0.01,0.018,1.734,m,FIX,RTK,2025-07-15 14:44:32.8 UTC-06:00,2025-07-15 14:44:35.8 UTC-06:00,16,1.3,1.5,468408.098,4313299.048,2424.969,-105.3646731,38.96809284,2410.942,336.533,,NAD83(2011) / UTM zone 13N + NAVD88(GEOID18) height,7,6,7,5,0,4313279.967,468073.055,2421.1330000000003,POINT Z (468073.055 4313279.967 2421.1330000000003)
9,9,10,,468072.429,4313279.945,2420.784,,-105.3685468,38.96790852,2406.764,Global,0.011,0.011,0.01,0.016,1.734,m,FIX,RTK,2025-07-15 14:44:43.0 UTC-06:00,2025-07-15 14:44:46.0 UTC-06:00,16,1.3,1.5,468408.098,4313299.048,2424.969,-105.3646731,38.96809284,2410.942,336.479,,NAD83(2011) / UTM zone 13N + NAVD88(GEOID18) height,7,6,7,5,0,4313280.165,468073.103,2421.0460000000003,POINT Z (468073.103 4313280.165 2421.0460000000003)
10,10,11,,468072.502,4313280.203,2420.73,,-105.368546,38.96791085,2406.709,Global,0.01,0.013,0.01,0.016,1.734,m,FIX,RTK,2025-07-15 14:44:56.6 UTC-06:00,2025-07-15 14:44:59.6 UTC-06:00,16,1.3,1.5,468408.098,4313299.048,2424.969,-105.3646731,38.96809284,2410.942,336.393,,NAD83(2011) / UTM zone 13N + NAVD88(GEOID18) height,7,6,7,5,0,4313280.4229999995,468073.176,2420.992,POINT Z (468073.176 4313280.4229999995 2420.992)
11,11,12,,468072.551,4313280.368,2420.542,,-105.3685454,38.96791234,2406.521,Global,0.012,0.016,0.01,0.019,1.734,m,FIX,RTK,2025-07-15 14:45:07.6 UTC-06:00,2025-07-15 14:45:10.6 UTC-06:00,16,1.3,1.5,468408.098,4313299.048,2424.969,-105.3646731,38.96809284,2410.942,336.342,,NAD83(2011) / UTM zone 13N + NAVD88(GEOID18) height,7,7,7,5,0,4313280.5879999995,468073.225,2420.804,POINT Z (468073.225 4313280.5879999995 2420.804)
12,12,13,,468072.606,4313280.54,2420.464,,-105.3685448,38.9679139,2406.443,Global,0.011,0.011,0.01,0.015,1.734,m,FIX,RTK,2025-07-15 14:45:18.0 UTC-06:00,2025-07-15 14:45:21.0 UTC-06:00,16,1.3,1.5,468408.098,4313299.048,2424.969,-105.3646731,38.96809284,2410.942,336.277,,NAD83(2011) / UTM zone 13N + NAVD88(GEOID18) height,7,7,7,5,0,4313280.76,468073.28,2420.726,POINT Z (468073.28 4313280.76 2420.726)
13,13,14,,468072.677,4313280.771,2420.376,,-105.368544,38.96791598,2406.356,Global,0.011,0.012,0.01,0.016,1.734,m,FIX,RTK,2025-07-15 14:45:26.2 UTC-06:00,2025-07-15 14:45:29.2 UTC-06:00,16,1.3,1.5,468408.098,4313299.048,2424.969,-105.3646731,38.96809284,2410.942,336.185,,NAD83(2011) / UTM zone 13N + NAVD88(GEOID18) height,7,7,7,5,0,4313280.990999999,468073.351,2420.6380000000004,POINT Z (468073.351 4313280.990999999 2420.6380000000004)
14,14,15,,468072.7,4313280.936,2420.299,,-105.3685437,38.96791747,2406.279,Global,0.011,0.013,0.011,0.017,1.734,m,FIX,RTK,2025-07-15 14:45:38.6 UTC-06:00,2025-07-15 14:45:41.6 UTC-06:00,16,1.3,1.5,468408.098,4313299.048,2424.969,-105.3646731,38.96809284,2410.942,336.155,,NAD83(2011) / UTM zone 13N + NAVD88(GEOID18) height,7,5,7,5,0,4313281.1559999995,468073.374,2420.561,POINT Z (468073.374 4313281.1559999995 2420.561)
15,15,16,,468072.748,4313281.16,2420.261,,-105.3685432,38.96791949,2406.241,Global,0.015,0.025,0.011,0.029,1.734,m,FIX,RTK,2025-07-15 14:45:54.0 UTC-06:00,2025-07-15 14:45:57.0 UTC-06:00,16,1.3,1.5,468408.098,4313299.048,2424.969,-105.3646731,38.96809284,2410.942,336.113,,NAD83(2011) / UTM zone 13N + NAVD88(GEOID18) height,7,6,7,5,0,4313281.38,468073.422,2420.523,POINT Z (468073.422 4313281.38 2420.523)
16,16,17,,468072.775,4313281.32,2420.061,,-105.3685429,38.96792093,2406.04,Global,0.014,0.016,0.01,0.021,1.734,m,FIX,RTK,2025-07-15 14:46:04.2 UTC-06:00,2025-07-15 14:46:07.2 UTC-06:00,16,1.3,1.5,468408.098,4313299.048,2424.969,-105.3646731,38.96809284,2410.942,336.07,,NAD83(2011) / UTM zone 13N + NAVD88(GEOID18) height,7,7,7,5,0,4313281.54,468073.449,2420.3230000000003,POINT Z (468073.449 4313281.54 2420.3230000000003)
17,17,18,,468072.83,4313281.472,2419.972,,-105.3685423,38.96792231,2405.951,Global,0.011,0.023,0.01,0.026,1.734,m,FIX,RTK,2025-07-15 14:46:17.8 UTC-06:00,2025-07-15 14:46:20.8 UTC-06:00,16,1.3,1.5,468408.098,4313299.048,2424.969,-105.3646731,38.96809284,2410.942,336.004,,NAD83(2011) / UTM zone 13N + NAVD88(GEOID18) height,7,7,7,5,0,4313281.692,468073.504,2420.2340000000004,POINT Z (468073.504 4313281.692 2420.2340000000004)
18,18,19,,468072.899,4313281.623,2419.815,,-105.3685415,38.96792366,2405.795,Global,0.011,0.011,0.01,0.016,1.734,m,FIX,RTK,2025-07-15 14:46:30.6 UTC-06:00,2025-07-15 14:46:33.6 UTC-06:00,16,1.4,1.6,468408.098,4313299.048,2424.969,-105.3646731,38.96809284,2410.942,335.92,,NAD83(2011) / UTM zone 13N + NAVD88(GEOID18) height,7,7,7,5,0,4313281.842999999,468073.573,2420.077,POINT Z (468073.573 4313281.842999999 2420.077)
19,19,20,,468073.016,4313281.94,2419.65,,-105.3685401,38.96792653,2405.63,Global,0.01,0.011,0.01,0.015,1.734,m,FIX,RTK,2025-07-15 14:46:46.2 UTC-06:00,2025-07-15 14:46:49.2 UTC-06:00,16,1.3,1.5,468408.098,4313299.048,2424.969,-105.3646731,38.96809284,2410.942,335.799,,NAD83(2011) / UTM zone 13N + NAVD88(GEOID18) height,7,6,7,5,0,4313282.16,468073.69,2419.9120000000003,POINT Z (468073.69 4313282.16 2419.9120000000003)
20,20,21,,468073.057,4313282.215,2419.554,,-105.3685397,38.967929,2405.534,Global,0.011,0.01,0.015,0.015,1.734,m,FIX,RTK,2025-07-15 14:46:59.0 UTC-06:00,2025-07-15 14:47:02.0 UTC-06:00,16,1.3,1.5,468408.098,4313299.048,2424.969,-105.3646731,38.96809284,2410.942,335.743,,NAD83(2011) / UTM zone 13N + NAVD88(GEOID18) height,7,6,7,5,0,4313282.435,468073.73099999997,2419.8160000000003,POINT Z (468073.73099999997 4313282.435 2419.8160000000003)
21,21,22,,468073.11,4313282.499,2419.552,,-105.3685391,38.96793157,2405.531,Global,0.011,0.011,0.01,0.015,1.734,m,FIX,RTK,2025-07-15 14:47:15.0 UTC-06:00,2025-07-15 14:47:18.0 UTC-06:00,16,1.3,1.5,468408.098,4313299.048,2424.969,-105.3646731,38.96809284,2410.942,335.674,,NAD83(2011) / UTM zone 13N + NAVD88(GEOID18) height,7,6,7,5,0,4313282.719,468073.784,2419.8140000000003,POINT Z (468073.784 4313282.719 2419.8140000000003)
22,22,23,,468073.171,4313282.7,2419.643,,-105.3685384,38.96793338,2405.622,Global,0.012,0.014,0.011,0.018,1.734,m,FIX,RTK,2025-07-15 14:47:29.4 UTC-06:00,2025-07-15 14:47:32.4 UTC-06:00,16,1.3,1.5,468408.098,4313299.048,2424.969,-105.3646731,38.96809284,2410.942,335.606,,NAD83(2011) / UTM zone 13N + NAVD88(GEOID18) height,7,6,7,5,0,4313282.92,468073.845,2419.905,POINT Z (468073.845 4313282.92 2419.905)
23,23,24,,468073.215,4313282.928,2419.689,,-105.3685379,38.96793544,2405.669,Global,0.011,0.01,0.01,0.015,1.734,m,FIX,RTK,2025-07-15 14:47:38.6 UTC-06:00,2025-07-15 14:47:41.6 UTC-06:00,16,1.3,1.5,468408.098,4313299.048,2424.969,-105.3646731,38.96809284,2410.942,335.546,,NAD83(2011) / UTM zone 13N + NAVD88(GEOID18) height,7,6,7,5,0,4313283.148,468073.889,2419.951,POINT Z (468073.889 4313283.148 2419.951)
24,24,25,,468073.317,4313283.174,2419.679,,-105.3685367,38.96793766,2405.658,Global,0.011,0.01,0.01,0.015,1.734,m,FIX,RTK,2025-07-15 14:47:49.8 UTC-06:00,2025-07-15 14:47:52.8 UTC-06:00,16,1.3,1.5,468408.098,4313299.048,2424.969,-105.3646731,38.96809284,2410.942,335.434,,NAD83(2011) / UTM zone 13N + NAVD88(GEOID18) height,7,7,7,5,0,4313283.393999999,468073.991,2419.9410000000003,POINT Z (468073.991 4313283.393999999 2419.9410000000003)
25,25,26,,468073.295,4313283.299,2419.419,,-105.368537,38.96793878,2405.399,Global,0.011,0.01,0.011,0.015,1.734,m,FIX,RTK,2025-07-15 14:48:03.4 UTC-06:00,2025-07-15 14:48:06.4 UTC-06:00,16,1.3,1.5,468408.098,4313299.048,2424.969,-105.3646731,38.96809284,2410.942,335.448,,NAD83(2011) / UTM zone 13N + NAVD88(GEOID18) height,7,7,7,5,0,4313283.518999999,468073.969,2419.681,POINT Z (468073.969 4313283.518999999 2419.681)
26,26,27,,468073.378,4313283.424,2418.778,,-105.368536,38.96793991,2404.757,Global,0.01,0.01,0.01,0.015,1.734,m,FIX,RTK,2025-07-15 14:49:07.4 UTC-06:00,2025-07-15 14:49:10.4 UTC-06:00,16,1.3,1.5,468408.098,4313299.048,2424.969,-105.3646731,38.96809284,2410.942,335.369,,NAD83(2011) / UTM zone 13N + NAVD88(GEOID18) height,7,7,7,5,0,4313283.643999999,468074.052,2419.04,POINT Z (468074.052 4313283.643999999 2419.04)
27,27,28,,468073.37,4313283.58,2418.781,,-105.3685361,38.96794131,2404.76,Global,0.011,0.01,0.011,0.015,1.734,m,FIX,RTK,2025-07-15 14:49:24.6 UTC-06:00,2025-07-15 14:49:27.6 UTC-06:00,16,1.3,1.5,468408.098,4313299.048,2424.969,-105.3646731,38.96809284,2410.942,335.373,,NAD83(2011) / UTM zone 13N + NAVD88(GEOID18) height,7,6,6,5,0,4313283.8,468074.044,2419.043,POINT Z (468074.044 4313283.8 2419.043)
28,28,29,,468073.441,4313283.824,2418.813,,-105.3685353,38.96794351,2404.793,Global,0.011,0.011,0.011,0.016,1.734,m,FIX,RTK,2025-07-15 14:49:37.0 UTC-06:00,2025-07-15 14:49:40.0 UTC-06:00,16,1.3,1.5,468408.098,4313299.048,2424.969,-105.3646731,38.96809284,2410.942,335.296,,NAD83(2011) / UTM zone 13N + NAVD88(GEOID18) height,7,7,6,5,0,4313284.044,468074.115,2419.0750000000003,POINT Z (468074.115 4313284.044 2419.0750000000003)
29,29,30,,468073.38,4313284.128,2418.936,,-105.368536,38.96794625,2404.916,Global,0.012,0.013,0.011,0.018,1.734,m,FIX,RTK,2025-07-15 14:50:15.2 UTC-06:00,2025-07-15 14:50:18.2 UTC-06:00,16,1.3,1.5,468408.098,4313299.048,2424.969,-105.3646731,38.96809284,2410.942,335.324,,NAD83(2011) / UTM zone 13N + NAVD88(GEOID18) height,8,6,6,5,0,4313284.347999999,468074.054,2419.1980000000003,POINT Z (468074.054 4313284.347999999 2419.1980000000003)
30,30,31,,468073.521,4313284.238,2418.888,,-105.3685344,38.96794725,2404.867,Global,0.011,0.011,0.011,0.015,1.734,m,FIX,RTK,2025-07-15 14:50:37.0 UTC-06:00,2025-07-15 14:50:40.0 UTC-06:00,16,1.3,1.5,468408.098,4313299.048,2424.969,-105.3646731,38.96809284,2410.942,335.187,,NAD83(2011) / UTM zone 13N + NAVD88(GEOID18) height,7,7,7,5,0,4313284.458,468074.195,2419.15,POINT Z (468074.195 4313284.458 2419.15)
31,31,32,,468073.516,4313284.35,2419.195,,-105.3685345,38.96794826,2405.174,Global,0.012,0.012,0.011,0.017,1.734,m,FIX,RTK,2025-07-15 14:51:07.2 UTC-06:00,2025-07-15 14:51:10.2 UTC-06:00,16,1.3,1.5,468408.098,4313299.048,2424.969,-105.3646731,38.96809284,2410.942,335.188,,NAD83(2011) / UTM zone 13N + NAVD88(GEOID18) height,8,7,6,5,0,4313284.569999999,468074.19,2419.4570000000003,POINT Z (468074.19 4313284.569999999 2419.4570000000003)
32,32,33,,468073.659,4313284.532,2418.77,,-105.3685328,38.96794991,2404.749,Global,0.015,0.012,0.012,0.02,1.734,m,FIX,RTK,2025-07-15 14:51:27.2 UTC-06:00,2025-07-15 14:51:30.2 UTC-06:00,16,1.3,1.5,468408.098,4313299.048,2424.969,-105.3646731,38.96809284,2410.942,335.043,,NAD83(2011) / UTM zone 13N + NAVD88(GEOID18) height,7,7,6,5,0,4313284.751999999,468074.333,2419.032,POINT Z (468074.333 4313284.751999999 2419.032)
33,33,34,,468073.596,4313284.744,2418.755,,-105.3685336,38.96795181,2404.734,Global,0.015,0.011,0.01,0.019,1.734,m,FIX,RTK,2025-07-15 14:51:43.2 UTC-06:00,2025-07-15 14:51:46.2 UTC-06:00,16,1.3,1.5,468408.098,4313299.048,2424.969,-105.3646731,38.96809284,2410.942,335.086,,NAD83(2011) / UTM zone 13N + NAVD88(GEOID18) height,7,7,6,5,0,4313284.964,468074.27,2419.0170000000003,POINT Z (468074.27 4313284.964 2419.0170000000003)
34,34,35,,468073.641,4313284.891,2418.772,,-105.368533,38.96795314,2404.752,Global,0.013,0.017,0.01,0.022,1.734,m,FIX,RTK,2025-07-15 14:52:02.4 UTC-06:00,2025-07-15 14:52:05.4 UTC-06:00,16,1.3,1.5,468408.098,4313299.048,2424.969,-105.3646731,38.96809284,2410.942,335.044,,NAD83(2011) / UTM zone 13N + NAVD88(GEOID18) height,7,7,6,5,0,4313285.111,468074.315,2419.034,POINT Z (468074.315 4313285.111 2419.034)
35,35,36,,468073.629,4313285.204,2419.028,,-105.3685332,38.96795596,2405.008,Global,0.011,0.014,0.011,0.018,1.734,m,FIX,RTK,2025-07-15 14:52:16.0 UTC-06:00,2025-07-15 14:52:19.0 UTC-06:00,16,1.3,1.5,468408.098,4313299.048,2424.969,-105.3646731,38.96809284,2410.942,335.037,,NAD83(2011) / UTM zone 13N + NAVD88(GEOID18) height,7,7,7,5,0,4313285.424,468074.303,2419.29,POINT Z (468074.303 4313285.424 2419.29)
36,36,37,,468073.751,4313285.313,2418.97,,-105.3685318,38.96795694,2404.95,Global,0.016,0.011,0.01,0.019,1.734,m,FIX,RTK,2025-07-15 14:52:44.0 UTC-06:00,2025-07-15 14:52:47.0 UTC-06:00,16,1.3,1.5,468408.098,4313299.048,2424.969,-105.3646731,38.96809284,2410.942,334.892,,NAD83(2011) / UTM zone 13N + NAVD88(GEOID18) height,7,7,7,5,0,4313285.533,468074.425,2419.232,POINT Z (468074.425 4313285.533 2419.232)
37,37,38,,468073.648,4313285.481,2418.722,,-105.368533,38.96795846,2404.701,Global,0.016,0.011,0.011,0.019,1.734,m,FIX,RTK,2025-07-15 14:53:00.8 UTC-06:00,2025-07-15 14:53:03.8 UTC-06:00,16,1.3,1.5,468408.098,4313299.048,2424.969,-105.3646731,38.96809284,2410.942,334.999,,NAD83(2011) / UTM zone 13N + NAVD88(GEOID18) height,7,7,6,5,0,4313285.700999999,468074.322,2418.9840000000004,POINT Z (468074.322 4313285.700999999 2418.9840000000004)
38,38,39,,468073.858,4313285.773,2418.714,,-105.3685306,38.96796109,2404.694,Global,0.014,0.011,0.011,0.018,1.734,m,FIX,RTK,2025-07-15 14:53:22.4 UTC-06:00,2025-07-15 14:53:25.4 UTC-06:00,16,1.4,1.7,468408.098,4313299.048,2424.969,-105.3646731,38.96809284,2410.942,334.781,,NAD83(2011) / UTM zone 13N + NAVD88(GEOID18) height,7,7,6,5,0,4313285.993,468074.532,2418.976,POINT Z (468074.532 4313285.993 2418.976)
39,39,40,,468074.009,4313285.953,2418.785,,-105.3685289,38.96796272,2404.764,Global,0.01,0.01,0.011,0.015,1.734,m,FIX,RTK,2025-07-15 14:53:52.0 UTC-06:00,2025-07-15 14:53:55.0 UTC-06:00,16,1.3,1.5,468408.098,4313299.048,2424.969,-105.3646731,38.96809284,2410.942,334.629,,NAD83(2011) / UTM zone 13N + NAVD88(GEOID18) height,7,7,6,5,0,4313286.1729999995,468074.683,2419.047,POINT Z (468074.683 4313286.1729999995 2419.047)
40,40,41,,468074.069,4313286.172,2418.824,,-105.3685282,38.9679647,2404.803,Global,0.011,0.012,0.011,0.016,1.734,m,FIX,RTK,2025-07-15 14:54:10.6 UTC-06:00,2025-07-15 14:54:13.6 UTC-06:00,16,1.3,1.5,468408.098,4313299.048,2424.969,-105.3646731,38.96809284,2410.942,334.564,,NAD83(2011) / UTM zone 13N + NAVD88(GEOID18) height,7,6,7,5,0,4313286.392,468074.743,2419.0860000000002,POINT Z (468074.743 4313286.392 2419.0860000000002)
41,41,42,,468074.098,4313286.38,2418.766,,-105.3685278,38.96796658,2404.745,Global,0.011,0.01,0.011,0.015,1.734,m,FIX,RTK,2025-07-15 14:54:20.0 UTC-06:00,2025-07-15 14:54:23.0 UTC-06:00,16,1.3,1.5,468408.098,4313299.048,2424.969,-105.3646731,38.96809284,2410.942,334.526,,NAD83(2011) / UTM zone 13N + NAVD88(GEOID18) height,7,7,6,5,0,4313286.6,468074.772,2419.0280000000002,POINT Z (468074.772 4313286.6 2419.0280000000002)
42,42,43,,468074.178,4313286.564,2418.722,,-105.3685269,38.96796823,2404.702,Global,0.011,0.012,0.011,0.016,1.734,m,FIX,RTK,2025-07-15 14:54:29.2 UTC-06:00,2025-07-15 14:54:32.2 UTC-06:00,16,1.4,1.6,468408.098,4313299.048,2424.969,-105.3646731,38.96809284,2410.942,334.439,,NAD83(2011) / UTM zone 13N + NAVD88(GEOID18) height,6,7,6,5,0,4313286.784,468074.852,2418.9840000000004,POINT Z (468074.852 4313286.784 2418.9840000000004)
43,43,44,,468074.229,4313286.809,2418.921,,-105.3685263,38.96797045,2404.9,Global,0.01,0.012,0.011,0.016,1.734,m,FIX,RTK,2025-07-15 14:54:41.6 UTC-06:00,2025-07-15 14:54:44.6 UTC-06:00,16,1.4,1.6,468408.098,4313299.048,2424.969,-105.3646731,38.96809284,2410.942,334.379,,NAD83(2011) / UTM zone 13N + NAVD88(GEOID18) height,7,6,6,5,0,4313287.029,468074.903,2419.183,POINT Z (468074.903 4313287.029 2419.183)
44,44,45,,468074.288,4313287.107,2418.865,,-105.3685257,38.96797313,2404.845,Global,0.011,0.011,0.013,0.016,1.734,m,FIX,RTK,2025-07-15 14:54:57.4 UTC-06:00,2025-07-15 14:55:00.4 UTC-06:00,16,1.4,1.6,468408.098,4313299.048,2424.969,-105.3646731,38.96809284,2410.942,334.314,,NAD83(2011) / UTM zone 13N + NAVD88(GEOID18) height,6,7,7,5,0,4313287.327,468074.962,2419.127,POINT Z (468074.962 4313287.327 2419.127)
45,45,46,,468074.384,4313287.301,2418.854,,-105.3685246,38.96797489,2404.834,Global,0.01,0.011,0.011,0.015,1.734,m,FIX,RTK,2025-07-15 14:55:09.6 UTC-06:00,2025-07-15 14:55:12.6 UTC-06:00,16,1.3,1.5,468408.098,4313299.048,2424.969,-105.3646731,38.96809284,2410.942,334.208,,NAD83(2011) / UTM zone 13N + NAVD88(GEOID18) height,6,7,7,5,0,4313287.521,468075.058,2419.116,POINT Z (468075.058 4313287.521 2419.116)
46,46,47,,468074.426,4313287.622,2418.882,,-105.3685241,38.96797778,2404.861,Global,0.018,0.01,0.01,0.021,1.734,m,FIX,RTK,2025-07-15 14:55:22.4 UTC-06:00,2025-07-15 14:55:25.4 UTC-06:00,16,1.3,1.5,468408.098,4313299.048,2424.969,-105.3646731,38.96809284,2410.942,334.162,,NAD83(2011) / UTM zone 13N + NAVD88(GEOID18) height,6,7,7,5,0,4313287.842,468075.1,2419.1440000000002,POINT Z (468075.1 4313287.842 2419.1440000000002)
47,47,48,,468074.509,4313287.842,2418.89,,-105.3685232,38.96797977,2404.869,Global,0.012,0.011,0.011,0.017,1.734,m,FIX,RTK,2025-07-15 14:55:34.2 UTC-06:00,2025-07-15 14:55:37.2 UTC-06:00,16,1.3,1.5,468408.098,4313299.048,2424.969,-105.3646731,38.96809284,2410.942,334.062,,NAD83(2011) / UTM zone 13N + NAVD88(GEOID18) height,7,6,7,5,0,4313288.062,468075.183,2419.152,POINT Z (468075.183 4313288.062 2419.152)
48,48,49,,468074.573,4313288.11,2418.906,,-105.3685224,38.96798218,2404.885,Global,0.012,0.014,0.011,0.018,1.734,m,FIX,RTK,2025-07-15 14:55:51.6 UTC-06:00,2025-07-15 14:55:54.6 UTC-06:00,16,1.3,1.5,468408.098,4313299.048,2424.969,-105.3646731,38.96809284,2410.942,333.972,,NAD83(2011) / UTM zone 13N + NAVD88(GEOID18) height,6,7,7,5,0,4313288.33,468075.247,2419.168,POINT Z (468075.247 4313288.33 2419.168)
49,49,50,,468074.92,4313288.375,2418.947,,-105.3685184,38.96798458,2404.927,Global,0.015,0.016,0.013,0.022,1.734,m,FIX,RTK,2025-07-15 14:56:03.8 UTC-06:00,2025-07-15 14:56:06.8 UTC-06:00,16,1.3,1.6,468408.098,4313299.048,2424.969,-105.3646731,38.96809284,2410.942,333.654,,NAD83(2011) / UTM zone 13N + NAVD88(GEOID18) height,6,6,6,5,0,4313288.595,468075.594,2419.2090000000003,POINT Z (468075.594 4313288.595 2419.2090000000003)
50,50,51,,468074.969,4313288.66,2418.888,,-105.3685179,38.96798715,2404.867,Global,0.012,0.011,0.011,0.016,1.734,m,FIX,RTK,2025-07-15 14:56:13.8 UTC-06:00,2025-07-15 14:56:16.8 UTC-06:00,16,1.3,1.6,468408.098,4313299.048,2424.969,-105.3646731,38.96809284,2410.942,333.568,,NAD83(2011) / UTM zone 13N + NAVD88(GEOID18) height,6,6,6,5,0,4313288.88,468075.643,2419.15,POINT Z (468075.643 4313288.88 2419.15)
51,51,52,,468075.031,4313288.747,2418.886,,-105.3685172,38.96798794,2404.866,Global,0.012,0.011,0.012,0.016,1.734,m,FIX,RTK,2025-07-15 14:56:25.2 UTC-06:00,2025-07-15 14:56:28.2 UTC-06:00,16,1.3,1.6,468408.098,4313299.048,2424.969,-105.3646731,38.96809284,2410.942,333.518,,NAD83(2011) / UTM zone 13N + NAVD88(GEOID18) height,6,6,7,5,0,4313288.967,468075.705,2419.148,POINT Z (468075.705 4313288.967 2419.148)
52,52,53,,468075.024,4313288.955,2418.848,,-105.3685173,38.96798981,2404.827,Global,0.011,0.01,0.011,0.015,1.734,m,FIX,RTK,2025-07-15 14:56:38.2 UTC-06:00,2025-07-15 14:56:41.2 UTC-06:00,16,1.4,1.7,468408.098,4313299.048,2424.969,-105.3646731,38.96809284,2410.942,333.508,,NAD83(2011) / UTM zone 13N + NAVD88(GEOID18) height,6,6,7,5,0,4313289.175,468075.698,2419.11,POINT Z (468075.698 4313289.175 2419.11)
53,53,54,,468075.086,4313289.123,2418.823,,-105.3685166,38.96799133,2404.803,Global,0.011,0.011,0.014,0.016,1.734,m,FIX,RTK,2025-07-15 14:56:48.8 UTC-06:00,2025-07-15 14:56:51.8 UTC-06:00,16,1.4,1.7,468408.098,4313299.048,2424.969,-105.3646731,38.96809284,2410.942,333.444,,NAD83(2011) / UTM zone 13N + NAVD88(GEOID18) height,7,6,7,5,0,4313289.342999999,468075.76,2419.085,POINT Z (468075.76 4313289.342999999 2419.085)
54,54,55,,468075.09,4313289.464,2418.96,,-105.3685165,38.9679944,2404.939,Global,0.011,0.011,0.011,0.015,1.734,m,FIX,RTK,2025-07-15 14:57:06.0 UTC-06:00,2025-07-15 14:57:09.0 UTC-06:00,16,1.4,1.7,468408.098,4313299.048,2424.969,-105.3646731,38.96809284,2410.942,333.422,,NAD83(2011) / UTM zone 13N + NAVD88(GEOID18) height,6,5,7,5,0,4313289.683999999,468075.764,2419.222,POINT Z (468075.764 4313289.683999999 2419.222)
55,55,56,,468075.076,4313289.689,2418.972,,-105.3685167,38.96799643,2404.951,Global,0.011,0.01,0.011,0.015,1.734,m,FIX,RTK,2025-07-15 14:57:27.6 UTC-06:00,2025-07-15 14:57:30.6 UTC-06:00,16,1.4,1.7,468408.098,4313299.048,2424.969,-105.3646731,38.96809284,2410.942,333.433,,NAD83(2011) / UTM zone 13N + NAVD88(GEOID18) height,6,5,6,5,0,4313289.909,468075.75,2419.2340000000004,POINT Z (468075.75 4313289.909 2419.2340000000004)
56,56,57,,468075.349,4313289.93,2418.732,,-105.3685136,38.96799861,2404.711,Global,0.012,0.012,0.011,0.017,1.734,m,FIX,RTK,2025-07-15 14:57:48.6 UTC-06:00,2025-07-15 14:57:51.6 UTC-06:00,16,1.4,1.7,468408.098,4313299.048,2424.969,-105.3646731,38.96809284,2410.942,333.158,,NAD83(2011) / UTM zone 13N + NAVD88(GEOID18) height,6,5,7,5,0,4313290.149999999,468076.023,2418.994,POINT Z (468076.023 4313290.149999999 2418.994)
57,57,58,,468075.35,4313290.092,2418.716,,-105.3685136,38.96800007,2404.695,Global,0.015,0.013,0.01,0.02,1.734,m,FIX,RTK,2025-07-15 14:58:03.0 UTC-06:00,2025-07-15 14:58:06.0 UTC-06:00,16,1.4,1.7,468408.098,4313299.048,2424.969,-105.3646731,38.96809284,2410.942,333.145,,NAD83(2011) / UTM zone 13N + NAVD88(GEOID18) height,7,6,7,5,0,4313290.312,468076.024,2418.978,POINT Z (468076.024 4313290.312 2418.978)
58,58,59,,468075.451,4313290.239,2418.986,,-105.3685124,38.9680014,2404.965,Global,0.012,0.019,0.013,0.023,1.734,m,FIX,RTK,2025-07-15 14:58:18.6 UTC-06:00,2025-07-15 14:58:21.6 UTC-06:00,16,1.4,1.7,468408.098,4313299.048,2424.969,-105.3646731,38.96809284,2410.942,333.031,,NAD83(2011) / UTM zone 13N + NAVD88(GEOID18) height,6,6,7,5,0,4313290.459,468076.125,2419.248,POINT Z (468076.125 4313290.459 2419.248)
59,59,60,,468075.363,4313290.449,2418.901,,-105.3685134,38.96800328,2404.88,Global,0.016,0.013,0.012,0.021,1.734,m,FIX,RTK,2025-07-15 14:58:38.0 UTC-06:00,2025-07-15 14:58:41.0 UTC-06:00,16,1.4,1.7,468408.098,4313299.048,2424.969,-105.3646731,38.96809284,2410.942,333.142,,NAD83(2011) / UTM zone 13N + NAVD88(GEOID18) height,6,4,7,5,0,4313290.669,468076.037,2419.163,POINT Z (468076.037 4313290.669 2419.163)
60,60,61,,468075.469,4313290.592,2418.648,,-105.3685122,38.96800458,2404.628,Global,0.011,0.011,0.011,0.016,1.734,m,FIX,RTK,2025-07-15 14:58:55.0 UTC-06:00,2025-07-15 14:58:58.0 UTC-06:00,16,1.4,1.7,468408.098,4313299.048,2424.969,-105.3646731,38.96809284,2410.942,333.024,,NAD83(2011) / UTM zone 13N + NAVD88(GEOID18) height,6,5,7,5,0,4313290.812,468076.143,2418.9100000000003,POINT Z (468076.143 4313290.812 2418.9100000000003)
61,61,62,,468075.537,4313290.749,2418.634,,-105.3685114,38.96800599,2404.614,Global,0.013,0.011,0.011,0.017,1.734,m,FIX,RTK,2025-07-15 14:59:18.6 UTC-06:00,2025-07-15 14:59:21.6 UTC-06:00,16,1.3,1.6,468408.098,4313299.048,2424.969,-105.3646731,38.96809284,2410.942,332.94,,NAD83(2011) / UTM zone 13N + NAVD88(GEOID18) height,6,5,6,5,0,4313290.969,468076.211,2418.896,POINT Z (468076.211 4313290.969 2418.896)
62,62,63,,468075.726,4313291.043,2419.28,,-105.3685093,38.96800866,2405.26,Global,0.025,0.022,0.023,0.033,1.734,m,FIX,RTK,2025-07-15 15:00:46.0 UTC-06:00,2025-07-15 15:00:49.0 UTC-06:00,16,1.1,1.3,468408.098,4313299.048,2424.969,-105.3646731,38.96809284,2410.942,332.779,,NAD83(2011) / UTM zone 13N + NAVD88(GEOID18) height,6,7,7,5,0,4313291.262999999,468076.4,2419.5420000000004,POINT Z (468076.4 4313291.262999999 2419.5420000000004)
63,63,64,,468075.695,4313291.085,2419.284,,-105.3685096,38.96800903,2405.264,Global,0.011,0.015,0.011,0.018,1.734,m,FIX,RTK,2025-07-15 15:01:16.8 UTC-06:00,2025-07-15 15:01:19.8 UTC-06:00,16,1.1,1.3,468408.098,4313299.048,2424.969,-105.3646731,38.96809284,2410.942,332.775,,NAD83(2011) / UTM zone 13N + NAVD88(GEOID18) height,7,7,7,5,0,4313291.305,468076.369,2419.5460000000003,POINT Z (468076.369 4313291.305 2419.5460000000003)
64,64,65,,468075.728,4313291.227,2419.381,,-105.3685093,38.96801031,2405.361,Global,0.011,0.013,0.01,0.017,1.734,m,FIX,RTK,2025-07-15 15:01:28.2 UTC-06:00,2025-07-15 15:01:31.2 UTC-06:00,16,1.1,1.3,468408.098,4313299.048,2424.969,-105.3646731,38.96809284,2410.942,332.737,,NAD83(2011) / UTM zone 13N + NAVD88(GEOID18) height,6,6,7,5,0,4313291.447,468076.402,2419.643,POINT Z (468076.402 4313291.447 2419.643)
65,65,66,,468075.802,4313291.369,2419.34,,-105.3685084,38.96801159,2405.32,Global,0.014,0.013,0.01,0.019,1.734,m,FIX,RTK,2025-07-15 15:01:39.4 UTC-06:00,2025-07-15 15:01:42.4 UTC-06:00,16,1.1,1.3,468408.098,4313299.048,2424.969,-105.3646731,38.96809284,2410.942,332.675,,NAD83(2011) / UTM zone 13N + NAVD88(GEOID18) height,6,7,7,5,0,4313291.589,468076.476,2419.6020000000003,POINT Z (468076.476 4313291.589 2419.6020000000003)
66,66,67,,468075.791,4313291.531,2419.196,,-105.3685085,38.96801305,2405.176,Global,0.012,0.01,0.011,0.016,1.734,m,FIX,RTK,2025-07-15 15:01:58.6 UTC-06:00,2025-07-15 15:02:01.6 UTC-06:00,16,1.3,1.6,468408.098,4313299.048,2424.969,-105.3646731,38.96809284,2410.942,332.656,,NAD83(2011) / UTM zone 13N + NAVD88(GEOID18) height,6,7,6,5,0,4313291.751,468076.465,2419.458,POINT Z (468076.465 4313291.751 2419.458)
67,67,68,,468075.854,4313291.649,2419.137,,-105.3685078,38.96801412,2405.116,Global,0.012,0.01,0.011,0.016,1.734,m,FIX,RTK,2025-07-15 15:02:15.4 UTC-06:00,2025-07-15 15:02:18.4 UTC-06:00,16,1.4,1.7,468408.098,4313299.048,2424.969,-105.3646731,38.96809284,2410.942,332.601,,NAD83(2011) / UTM zone 13N + NAVD88(GEOID18) height,6,7,7,5,0,4313291.869,468076.528,2419.3990000000003,POINT Z (468076.528 4313291.869 2419.3990000000003)
68,68,69,,468075.945,4313291.906,2418.722,,-105.3685068,38.96801644,2404.701,Global,0.012,0.012,0.01,0.017,1.734,m,FIX,RTK,2025-07-15 15:02:35.6 UTC-06:00,2025-07-15 15:02:38.6 UTC-06:00,16,1.2,1.4,468408.098,4313299.048,2424.969,-105.3646731,38.96809284,2410.942,332.503,,NAD83(2011) / UTM zone 13N + NAVD88(GEOID18) height,6,6,6,5,0,4313292.126,468076.619,2418.9840000000004,POINT Z (468076.619 4313292.126 2418.9840000000004)
69,69,70,,468075.856,4313292.194,2419.215,,-105.3685078,38.96801903,2405.195,Global,0.011,0.011,0.01,0.015,1.734,m,FIX,RTK,2025-07-15 15:03:13.6 UTC-06:00,2025-07-15 15:03:16.6 UTC-06:00,16,1.2,1.4,468408.098,4313299.048,2424.969,-105.3646731,38.96809284,2410.942,332.594,,NAD83(2011) / UTM zone 13N + NAVD88(GEOID18) height,6,7,6,5,0,4313292.414,468076.53,2419.4770000000003,POINT Z (468076.53 4313292.414 2419.4770000000003)
70,70,71,,468075.922,4313292.383,2419.378,,-105.3685071,38.96802073,2405.357,Global,0.011,0.013,0.01,0.017,1.734,m,FIX,RTK,2025-07-15 15:03:26.6 UTC-06:00,2025-07-15 15:03:29.6 UTC-06:00,16,1.1,1.3,468408.098,4313299.048,2424.969,-105.3646731,38.96809284,2410.942,332.524,,NAD83(2011) / UTM zone 13N + NAVD88(GEOID18) height,6,7,6,5,0,4313292.603,468076.596,2419.6400000000003,POINT Z (468076.596 4313292.603 2419.6400000000003)
71,71,72,,468075.992,4313292.535,2419.469,,-105.3685063,38.96802211,2405.448,Global,0.013,0.011,0.01,0.017,1.734,m,FIX,RTK,2025-07-15 15:03:35.4 UTC-06:00,2025-07-15 15:03:38.4 UTC-06:00,16,1.1,1.3,468408.098,4313299.048,2424.969,-105.3646731,38.96809284,2410.942,332.44,,NAD83(2011) / UTM zone 13N + NAVD88(GEOID18) height,6,7,6,5,0,4313292.755,468076.666,2419.731,POINT Z (468076.666 4313292.755 2419.731)
72,72,73,,468076.003,4313292.538,2419.456,,-105.3685061,38.96802213,2405.435,Global,0.011,0.011,0.01,0.015,1.734,m,FIX,RTK,2025-07-15 15:03:49.4 UTC-06:00,2025-07-15 15:03:52.4 UTC-06:00,16,1.1,1.3,468408.098,4313299.048,2424.969,-105.3646731,38.96809284,2410.942,332.427,,NAD83(2011) / UTM zone 13N + NAVD88(GEOID18) height,6,7,6,5,0,4313292.757999999,468076.677,2419.7180000000003,POINT Z (468076.677 4313292.757999999 2419.7180000000003)
73,73,74,,468076.065,4313292.717,2419.289,,-105.3685054,38.96802375,2405.268,Global,0.01,0.011,0.01,0.015,1.734,m,FIX,RTK,2025-07-15 15:04:01.2 UTC-06:00,2025-07-15 15:04:04.2 UTC-06:00,16,1.1,1.3,468408.098,4313299.048,2424.969,-105.3646731,38.96809284,2410.942,332.367,,NAD83(2011) / UTM zone 13N + NAVD88(GEOID18) height,6,6,6,5,0,4313292.937,468076.739,2419.5510000000004,POINT Z (468076.739 4313292.937 2419.5510000000004)
74,74,75,,468076.141,4313292.911,2419.098,,-105.3685046,38.9680255,2405.078,Global,0.011,0.011,0.011,0.015,1.734,m,FIX,RTK,2025-07-15 15:04:12.6 UTC-06:00,2025-07-15 15:04:15.6 UTC-06:00,16,1.2,1.4,468408.098,4313299.048,2424.969,-105.3646731,38.96809284,2410.942,332.295,,NAD83(2011) / UTM zone 13N + NAVD88(GEOID18) height,6,7,7,5,0,4313293.131,468076.815,2419.36,POINT Z (468076.815 4313293.131 2419.36)
75,75,76,,468076.152,4313293.108,2418.713,,-105.3685044,38.96802727,2404.692,Global,0.01,0.011,0.011,0.015,1.734,m,FIX,RTK,2025-07-15 15:04:37.6 UTC-06:00,2025-07-15 15:04:40.6 UTC-06:00,16,1.3,1.5,468408.098,4313299.048,2424.969,-105.3646731,38.96809284,2410.942,332.285,,NAD83(2011) / UTM zone 13N + NAVD88(GEOID18) height,6,6,6,5,0,4313293.328,468076.826,2418.9750000000004,POINT Z (468076.826 4313293.328 2418.9750000000004)
76,76,77,,468076.147,4313293.357,2418.745,,-105.3685045,38.96802952,2404.724,Global,0.011,0.01,0.011,0.015,1.734,m,FIX,RTK,2025-07-15 15:05:04.8 UTC-06:00,2025-07-15 15:05:07.8 UTC-06:00,16,1.2,1.4,468408.098,4313299.048,2424.969,-105.3646731,38.96809284,2410.942,332.279,,NAD83(2011) / UTM zone 13N + NAVD88(GEOID18) height,7,7,7,5,0,4313293.577,468076.821,2419.007,POINT Z (468076.821 4313293.577 2419.007)
77,77,78,,468076.309,4313293.475,2418.738,,-105.3685027,38.96803059,2404.717,Global,0.011,0.011,0.01,0.016,1.734,m,FIX,RTK,2025-07-15 15:05:26.0 UTC-06:00,2025-07-15 15:05:29.0 UTC-06:00,16,1.3,1.5,468408.098,4313299.048,2424.969,-105.3646731,38.96809284,2410.942,332.121,,NAD83(2011) / UTM zone 13N + NAVD88(GEOID18) height,7,7,6,5,0,4313293.694999999,468076.983,2419.0,POINT Z (468076.983 4313293.694999999 2419)
78,78,79,,468076.406,4313293.738,2418.706,,-105.3685015,38.96803296,2404.686,Global,0.02,0.012,0.011,0.023,1.734,m,FIX,RTK,2025-07-15 15:05:44.8 UTC-06:00,2025-07-15 15:05:47.8 UTC-06:00,16,1.3,1.5,468408.098,4313299.048,2424.969,-105.3646731,38.96809284,2410.942,331.995,,NAD83(2011) / UTM zone 13N + NAVD88(GEOID18) height,7,7,6,5,0,4313293.958,468077.08,2418.9680000000003,POINT Z (468077.08 4313293.958 2418.9680000000003)
79,79,80,,468076.182,4313293.926,2418.707,,-105.3685041,38.96803465,2404.687,Global,0.014,0.014,0.011,0.019,1.734,m,FIX,RTK,2025-07-15 15:06:14.0 UTC-06:00,2025-07-15 15:06:17.0 UTC-06:00,16,1.3,1.5,468408.098,4313299.048,2424.969,-105.3646731,38.96809284,2410.942,332.259,,NAD83(2011) / UTM zone 13N + NAVD88(GEOID18) height,9,6,6,5,0,4313294.146,468076.85599999997,2418.969,POINT Z (468076.85599999997 4313294.146 2418.969)
80,80,81,,468076.241,4313294.196,2418.869,,-105.3685035,38.96803708,2404.849,Global,0.016,0.014,0.011,0.021,1.734,m,FIX,RTK,2025-07-15 15:06:26.2 UTC-06:00,2025-07-15 15:06:29.2 UTC-06:00,16,1.3,1.5,468408.098,4313299.048,2424.969,-105.3646731,38.96809284,2410.942,332.157,,NAD83(2011) / UTM zone 13N + NAVD88(GEOID18) height,9,7,6,4,0,4313294.416,468076.915,2419.1310000000003,POINT Z (468076.915 4313294.416 2419.1310000000003)
81,81,82,,468076.188,4313294.383,2418.864,,-105.3685041,38.96803877,2404.843,Global,0.013,0.011,0.011,0.017,1.734,m,FIX,RTK,2025-07-15 15:06:47.2 UTC-06:00,2025-07-15 15:06:50.2 UTC-06:00,16,1.3,1.5,468408.098,4313299.048,2424.969,-105.3646731,38.96809284,2410.942,332.23,,NAD83(2011) / UTM zone 13N + NAVD88(GEOID18) height,7,7,6,5,0,4313294.603,468076.862,2419.126,POINT Z (468076.862 4313294.603 2419.126)
82,82,83,,468076.194,4313294.62,2418.827,,-105.368504,38.96804091,2404.806,Global,0.011,0.012,0.01,0.016,1.734,m,FIX,RTK,2025-07-15 15:06:57.6 UTC-06:00,2025-07-15 15:07:00.6 UTC-06:00,16,1.3,1.5,468408.098,4313299.048,2424.969,-105.3646731,38.96809284,2410.942,332.218,,NAD83(2011) / UTM zone 13N + NAVD88(GEOID18) height,9,7,6,4,0,4313294.84,468076.868,2419.0890000000004,POINT Z (468076.868 4313294.84 2419.0890000000004)
83,83,84,,468076.179,4313294.825,2418.846,,-105.3685042,38.96804275,2404.825,Global,0.011,0.012,0.012,0.016,1.734,m,FIX,RTK,2025-07-15 15:07:14.2 UTC-06:00,2025-07-15 15:07:17.2 UTC-06:00,16,1.3,1.5,468408.098,4313299.048,2424.969,-105.3646731,38.96809284,2410.942,332.231,,NAD83(2011) / UTM zone 13N + NAVD88(GEOID18) height,7,7,6,5,0,4313295.045,468076.853,2419.108,POINT Z (468076.853 4313295.045 2419.108)
84,84,85,,468076.225,4313295.039,2418.902,,-105.3685037,38.96804468,2404.881,Global,0.011,0.012,0.012,0.017,1.734,m,FIX,RTK,2025-07-15 15:07:23.2 UTC-06:00,2025-07-15 15:07:26.2 UTC-06:00,16,1.3,1.5,468408.098,4313299.048,2424.969,-105.3646731,38.96809284,2410.942,332.169,,NAD83(2011) / UTM zone 13N + NAVD88(GEOID18) height,7,7,6,4,0,4313295.259,468076.899,2419.164,POINT Z (468076.899 4313295.259 2419.164)
85,85,86,,468076.346,4313295.145,2418.961,,-105.3685023,38.96804564,2404.941,Global,0.011,0.011,0.017,0.016,1.734,m,FIX,RTK,2025-07-15 15:07:34.0 UTC-06:00,2025-07-15 15:07:37.0 UTC-06:00,16,1.3,1.5,468408.098,4313299.048,2424.969,-105.3646731,38.96809284,2410.942,332.064,,NAD83(2011) / UTM zone 13N + NAVD88(GEOID18) height,7,7,6,4,0,4313295.364999999,468077.02,2419.223,POINT Z (468077.02 4313295.364999999 2419.223)
86,86,87,,468076.412,4313295.329,2418.959,,-105.3685015,38.9680473,2404.939,Global,0.011,0.015,0.013,0.018,1.734,m,FIX,RTK,2025-07-15 15:07:49.6 UTC-06:00,2025-07-15 15:07:52.6 UTC-06:00,16,1.3,1.5,468408.098,4313299.048,2424.969,-105.3646731,38.96809284,2410.942,331.986,,NAD83(2011) / UTM zone 13N + NAVD88(GEOID18) height,7,7,6,4,0,4313295.549,468077.086,2419.221,POINT Z (468077.086 4313295.549 2419.221)
87,87,88,,468076.426,4313295.542,2419.054,,-105.3685014,38.96804922,2405.033,Global,0.01,0.011,0.017,0.015,1.734,m,FIX,RTK,2025-07-15 15:08:08.8 UTC-06:00,2025-07-15 15:08:11.8 UTC-06:00,16,1.4,1.6,468408.098,4313299.048,2424.969,-105.3646731,38.96809284,2410.942,331.974,,NAD83(2011) / UTM zone 13N + NAVD88(GEOID18) height,8,7,6,4,0,4313295.762,468077.1,2419.3160000000003,POINT Z (468077.1 4313295.762 2419.3160000000003)
88,88,89,,468076.441,4313295.738,2419.096,,-105.3685012,38.96805099,2405.076,Global,0.01,0.013,0.01,0.016,1.734,m,FIX,RTK,2025-07-15 15:08:17.2 UTC-06:00,2025-07-15 15:08:20.2 UTC-06:00,16,1.3,1.5,468408.098,4313299.048,2424.969,-105.3646731,38.96809284,2410.942,331.956,,NAD83(2011) / UTM zone 13N + NAVD88(GEOID18) height,8,7,6,4,0,4313295.958,468077.115,2419.358,POINT Z (468077.115 4313295.958 2419.358)
89,89,90,,468076.513,4313295.931,2419.012,,-105.3685004,38.96805273,2404.991,Global,0.012,0.012,0.011,0.017,1.734,m,FIX,RTK,2025-07-15 15:08:27.0 UTC-06:00,2025-07-15 15:08:30.0 UTC-06:00,16,1.3,1.5,468408.098,4313299.048,2424.969,-105.3646731,38.96809284,2410.942,331.872,,NAD83(2011) / UTM zone 13N + NAVD88(GEOID18) height,8,7,6,4,0,4313296.151,468077.187,2419.2740000000003,POINT Z (468077.187 4313296.151 2419.2740000000003)
90,90,91,,468076.61,4313296.296,2419.035,,-105.3684993,38.96805602,2405.014,Global,0.01,0.014,0.011,0.017,1.734,m,FIX,RTK,2025-07-15 15:08:42.6 UTC-06:00,2025-07-15 15:08:45.6 UTC-06:00,16,1.3,1.5,468408.098,4313299.048,2424.969,-105.3646731,38.96809284,2410.942,331.783,,NAD83(2011) / UTM zone 13N + NAVD88(GEOID18) height,8,7,6,4,0,4313296.516,468077.284,2419.297,POINT Z (468077.284 4313296.516 2419.297)
91,91,92,,468076.71,4313296.548,2419.182,,-105.3684982,38.96805829,2405.161,Global,0.01,0.012,0.01,0.016,1.734,m,FIX,RTK,2025-07-15 15:08:54.4 UTC-06:00,2025-07-15 15:08:57.4 UTC-06:00,16,1.3,1.5,468408.098,4313299.048,2424.969,-105.3646731,38.96809284,2410.942,331.673,,NAD83(2011) / UTM zone 13N + NAVD88(GEOID18) height,8,7,6,4,0,4313296.768,468077.384,2419.444,POINT Z (468077.384 4313296.768 2419.444)
92,92,93,,468076.65,4313296.788,2419.728,,-105.3684989,38.96806045,2405.707,Global,0.015,0.012,0.01,0.019,1.734,m,FIX,RTK,2025-07-15 15:09:20.8 UTC-06:00,2025-07-15 15:09:23.8 UTC-06:00,16,1.3,1.5,468408.098,4313299.048,2424.969,-105.3646731,38.96809284,2410.942,331.745,,NAD83(2011) / UTM zone 13N + NAVD88(GEOID18) height,8,7,6,4,0,4313297.007999999,468077.324,2419.9900000000002,POINT Z (468077.324 4313297.007999999 2419.9900000000002)
93,93,94,,468076.663,4313296.968,2419.858,,-105.3684987,38.96806208,2405.837,Global,0.012,0.011,0.01,0.016,1.734,m,FIX,RTK,2025-07-15 15:09:33.0 UTC-06:00,2025-07-15 15:09:36.0 UTC-06:00,16,1.2,1.4,468408.098,4313299.048,2424.969,-105.3646731,38.96809284,2410.942,331.719,,NAD83(2011) / UTM zone 13N + NAVD88(GEOID18) height,8,7,6,4,0,4313297.188,468077.337,2420.1200000000003,POINT Z (468077.337 4313297.188 2420.1200000000003)
94,94,95,,468076.723,4313297.149,2420.041,,-105.368498,38.96806371,2406.02,Global,0.011,0.012,0.01,0.017,1.734,m,FIX,RTK,2025-07-15 15:09:48.0 UTC-06:00,2025-07-15 15:09:51.0 UTC-06:00,16,1.3,1.5,468408.098,4313299.048,2424.969,-105.3646731,38.96809284,2410.942,331.651,,NAD83(2011) / UTM zone 13N + NAVD88(GEOID18) height,6,7,6,4,0,4313297.369,468077.397,2420.3030000000003,POINT Z (468077.397 4313297.369 2420.3030000000003)
95,95,96,,468076.787,4313297.317,2419.989,,-105.3684973,38.96806523,2405.968,Global,0.01,0.01,0.012,0.015,1.734,m,FIX,RTK,2025-07-15 15:09:57.0 UTC-06:00,2025-07-15 15:10:00.0 UTC-06:00,16,1.3,1.5,468408.098,4313299.048,2424.969,-105.3646731,38.96809284,2410.942,331.587,,NAD83(2011) / UTM zone 13N + NAVD88(GEOID18) height,6,7,6,4,0,4313297.537,468077.461,2420.251,POINT Z (468077.461 4313297.537 2420.251)
96,96,97,,468076.844,4313297.501,2419.932,,-105.3684967,38.96806689,2405.911,Global,0.01,0.014,0.011,0.017,1.734,m,FIX,RTK,2025-07-15 15:10:06.6 UTC-06:00,2025-07-15 15:10:09.6 UTC-06:00,16,1.4,1.6,468408.098,4313299.048,2424.969,-105.3646731,38.96809284,2410.942,331.53,,NAD83(2011) / UTM zone 13N + NAVD88(GEOID18) height,7,7,6,4,0,4313297.721,468077.518,2420.194,POINT Z (468077.518 4313297.721 2420.194)
97,97,98,,468076.95,4313297.679,2419.898,,-105.3684954,38.96806849,2405.878,Global,0.01,0.01,0.01,0.015,1.734,m,FIX,RTK,2025-07-15 15:10:17.6 UTC-06:00,2025-07-15 15:10:20.6 UTC-06:00,16,1.3,1.5,468408.098,4313299.048,2424.969,-105.3646731,38.96809284,2410.942,331.424,,NAD83(2011) / UTM zone 13N + NAVD88(GEOID18) height,7,7,6,4,0,4313297.898999999,468077.624,2420.1600000000003,POINT Z (468077.624 4313297.898999999 2420.1600000000003)
98,98,99,,468077.003,4313297.876,2419.844,,-105.3684948,38.96807027,2405.823,Global,0.015,0.012,0.011,0.019,1.734,m,FIX,RTK,2025-07-15 15:10:26.6 UTC-06:00,2025-07-15 15:10:29.6 UTC-06:00,16,1.4,1.6,468408.098,4313299.048,2424.969,-105.3646731,38.96809284,2410.942,331.376,,NAD83(2011) / UTM zone 13N + NAVD88(GEOID18) height,8,7,6,4,0,4313298.096,468077.677,2420.106,POINT Z (468077.677 4313298.096 2420.106)
99,99,100,,468077.069,4313298.07,2419.797,,-105.3684941,38.96807203,2405.777,Global,0.011,0.011,0.011,0.016,1.734,m,FIX,RTK,2025-07-15 15:10:35.4 UTC-06:00,2025-07-15 15:10:38.4 UTC-06:00,16,1.4,1.6,468408.098,4313299.048,2424.969,-105.3646731,38.96809284,2410.942,331.302,,NAD83(2011) / UTM zone 13N + NAVD88(GEOID18) height,8,6,6,4,0,4313298.29,468077.743,2420.059,POINT Z (468077.743 4313298.29 2420.059)
100,100,101,,468077.121,4313298.263,2419.76,,-105.3684935,38.96807376,2405.739,Global,0.014,0.013,0.014,0.019,1.734,m,FIX,RTK,2025-07-15 15:10:45.0 UTC-06:00,2025-07-15 15:10:48.0 UTC-06:00,16,1.4,1.6,468408.098,4313299.048,2424.969,-105.3646731,38.96809284,2410.942,331.258,,NAD83(2011) / UTM zone 13N + NAVD88(GEOID18) height,7,7,6,4,0,4313298.483,468077.795,2420.0220000000004,POINT Z (468077.795 4313298.483 2420.0220000000004)
101,101,102,,468077.192,4313298.438,2419.723,,-105.3684927,38.96807534,2405.702,Global,0.019,0.015,0.011,0.024,1.734,m,FIX,RTK,2025-07-15 15:10:53.0 UTC-06:00,2025-07-15 15:10:56.0 UTC-06:00,16,1.4,1.6,468408.098,4313299.048,2424.969,-105.3646731,38.96809284,2410.942,331.194,,NAD83(2011) / UTM zone 13N + NAVD88(GEOID18) height,8,7,6,4,0,4313298.658,468077.866,2419.985,POINT Z (468077.866 4313298.658 2419.985)
102,102,103,,468077.242,4313298.636,2419.689,,-105.3684921,38.96807713,2405.668,Global,0.011,0.026,0.011,0.028,1.734,m,FIX,RTK,2025-07-15 15:11:01.4 UTC-06:00,2025-07-15 15:11:04.4 UTC-06:00,16,1.4,1.6,468408.098,4313299.048,2424.969,-105.3646731,38.96809284,2410.942,331.127,,NAD83(2011) / UTM zone 13N + NAVD88(GEOID18) height,8,7,6,4,0,4313298.856,468077.916,2419.951,POINT Z (468077.916 4313298.856 2419.951)
103,103,104,,468077.294,4313298.834,2419.656,,-105.3684915,38.96807891,2405.635,Global,0.015,0.011,0.015,0.018,1.734,m,FIX,RTK,2025-07-15 15:11:11.0 UTC-06:00,2025-07-15 15:11:14.0 UTC-06:00,16,1.5,1.8,468408.098,4313299.048,2424.969,-105.3646731,38.96809284,2410.942,331.092,,NAD83(2011) / UTM zone 13N + NAVD88(GEOID18) height,9,7,6,4,0,4313299.054,468077.968,2419.918,POINT Z (468077.968 4313299.054 2419.918)
104,104,105,,468077.353,4313299.023,2419.6,,-105.3684909,38.96808062,2405.58,Global,0.015,0.01,0.01,0.019,1.734,m,FIX,RTK,2025-07-15 15:11:19.2 UTC-06:00,2025-07-15 15:11:22.2 UTC-06:00,16,1.3,1.5,468408.098,4313299.048,2424.969,-105.3646731,38.96809284,2410.942,331.01,,NAD83(2011) / UTM zone 13N + NAVD88(GEOID18) height,8,7,6,4,0,4313299.243,468078.027,2419.862,POINT Z (468078.027 4313299.243 2419.862)
105,105,106,,468077.429,4313299.226,2419.576,,-105.36849,38.96808245,2405.555,Global,0.013,0.013,0.015,0.018,1.734,m,FIX,RTK,2025-07-15 15:11:28.6 UTC-06:00,2025-07-15 15:11:31.6 UTC-06:00,16,1.4,1.7,468408.098,4313299.048,2424.969,-105.3646731,38.96809284,2410.942,330.949,,NAD83(2011) / UTM zone 13N + NAVD88(GEOID18) height,8,7,6,4,0,4313299.4459999995,468078.103,2419.838,POINT Z (468078.103 4313299.4459999995 2419.838)
106,106,107,,468077.429,4313299.402,2419.533,,-105.36849,38.96808404,2405.512,Global,0.01,0.012,0.015,0.016,1.734,m,FIX,RTK,2025-07-15 15:11:36.8 UTC-06:00,2025-07-15 15:11:39.8 UTC-06:00,16,1.4,1.7,468408.098,4313299.048,2424.969,-105.3646731,38.96809284,2410.942,330.936,,NAD83(2011) / UTM zone 13N + NAVD88(GEOID18) height,6,7,6,4,0,4313299.6219999995,468078.103,2419.795,POINT Z (468078.103 4313299.6219999995 2419.795)
107,107,108,,468077.459,4313299.605,2419.379,,-105.3684897,38.96808587,2405.358,Global,0.01,0.01,0.011,0.015,1.734,m,FIX,RTK,2025-07-15 15:11:51.2 UTC-06:00,2025-07-15 15:11:54.2 UTC-06:00,16,1.5,1.8,468408.098,4313299.048,2424.969,-105.3646731,38.96809284,2410.942,330.914,,NAD83(2011) / UTM zone 13N + NAVD88(GEOID18) height,8,7,6,4,0,4313299.825,468078.133,2419.641,POINT Z (468078.133 4313299.825 2419.641)
108,108,109,,468077.63,4313299.754,2419.181,,-105.3684877,38.96808722,2405.16,Global,0.011,0.011,0.015,0.016,1.734,m,FIX,RTK,2025-07-15 15:12:49.0 UTC-06:00,2025-07-15 15:12:52.0 UTC-06:00,16,1.5,1.8,468408.098,4313299.048,2424.969,-105.3646731,38.96809284,2410.942,330.74,,NAD83(2011) / UTM zone 13N + NAVD88(GEOID18) height,9,7,6,4,0,4313299.973999999,468078.304,2419.443,POINT Z (468078.304 4313299.973999999 2419.443)
109,109,110,,468077.749,4313299.922,2419.301,,-105.3684863,38.96808874,2405.28,Global,0.011,0.012,0.014,0.016,1.734,m,FIX,RTK,2025-07-15 15:13:08.4 UTC-06:00,2025-07-15 15:13:11.4 UTC-06:00,16,1.4,1.7,468408.098,4313299.048,2424.969,-105.3646731,38.96809284,2410.942,330.631,,NAD83(2011) / UTM zone 13N + NAVD88(GEOID18) height,7,7,6,4,0,4313300.142,468078.423,2419.563,POINT Z (468078.423 4313300.142 2419.563)
110,110,111,,468077.763,4313300.137,2419.267,,-105.3684862,38.96809068,2405.247,Global,0.012,0.011,0.013,0.016,1.734,m,FIX,RTK,2025-07-15 15:13:16.6 UTC-06:00,2025-07-15 15:13:19.6 UTC-06:00,16,1.5,1.8,468408.098,4313299.048,2424.969,-105.3646731,38.96809284,2410.942,330.617,,NAD83(2011) / UTM zone 13N + NAVD88(GEOID18) height,8,7,6,4,0,4313300.357,468078.437,2419.529,POINT Z (468078.437 4313300.357 2419.529)
111,111,112,,468077.805,4313300.333,2419.134,,-105.3684857,38.96809244,2405.113,Global,0.02,0.01,0.012,0.023,1.734,m,FIX,RTK,2025-07-15 15:13:26.2 UTC-06:00,2025-07-15 15:13:29.2 UTC-06:00,16,1.4,1.7,468408.098,4313299.048,2424.969,-105.3646731,38.96809284,2410.942,330.586,,NAD83(2011) / UTM zone 13N + NAVD88(GEOID18) height,7,7,7,4,0,4313300.552999999,468078.479,2419.396,POINT Z (468078.479 4313300.552999999 2419.396)
112,112,113,,468077.887,4313300.534,2419.056,,-105.3684848,38.96809426,2405.036,Global,0.012,0.01,0.012,0.016,1.734,m,FIX,RTK,2025-07-15 15:13:35.8 UTC-06:00,2025-07-15 15:13:38.8 UTC-06:00,16,1.5,1.8,468408.098,4313299.048,2424.969,-105.3646731,38.96809284,2410.942,330.49,,NAD83(2011) / UTM zone 13N + NAVD88(GEOID18) height,8,7,6,4,0,4313300.754,468078.561,2419.318,POINT Z (468078.561 4313300.754 2419.318)
113,113,114,,468077.942,4313300.776,2419.403,,-105.3684841,38.96809644,2405.382,Global,0.011,0.012,0.014,0.016,1.734,m,FIX,RTK,2025-07-15 15:14:01.0 UTC-06:00,2025-07-15 15:14:04.0 UTC-06:00,16,1.5,1.8,468408.098,4313299.048,2424.969,-105.3646731,38.96809284,2410.942,330.436,,NAD83(2011) / UTM zone 13N + NAVD88(GEOID18) height,8,7,7,4,0,4313300.995999999,468078.616,2419.665,POINT Z (468078.616 4313300.995999999 2419.665)
114,114,115,,468078.002,4313300.919,2419.406,,-105.3684835,38.96809773,2405.386,Global,0.016,0.012,0.012,0.02,1.734,m,FIX,RTK,2025-07-15 15:14:50.8 UTC-06:00,2025-07-15 15:14:53.8 UTC-06:00,16,1.5,1.8,468408.098,4313299.048,2424.969,-105.3646731,38.96809284,2410.942,330.358,,NAD83(2011) / UTM zone 13N + NAVD88(GEOID18) height,7,7,6,4,0,4313301.1389999995,468078.676,2419.668,POINT Z (468078.676 4313301.1389999995 2419.668)
115,115,116,,468078.054,4313301.165,2419.442,,-105.3684829,38.96809995,2405.422,Global,0.011,0.011,0.01,0.015,1.734,m,FIX,RTK,2025-07-15 15:15:02.6 UTC-06:00,2025-07-15 15:15:05.6 UTC-06:00,16,1.4,1.7,468408.098,4313299.048,2424.969,-105.3646731,38.96809284,2410.942,330.318,,NAD83(2011) / UTM zone 13N + NAVD88(GEOID18) height,7,7,6,4,0,4313301.385,468078.728,2419.704,POINT Z (468078.728 4313301.385 2419.704)
116,116,117,,468078.213,4313301.314,2419.335,,-105.368481,38.9681013,2405.315,Global,0.011,0.011,0.011,0.015,1.734,m,FIX,RTK,2025-07-15 15:15:18.0 UTC-06:00,2025-07-15 15:15:21.0 UTC-06:00,16,1.4,1.7,468408.098,4313299.048,2424.969,-105.3646731,38.96809284,2410.942,330.164,,NAD83(2011) / UTM zone 13N + NAVD88(GEOID18) height,7,7,6,4,0,4313301.534,468078.887,2419.597,POINT Z (468078.887 4313301.534 2419.597)
117,117,118,,468078.204,4313301.304,2419.335,,-105.3684811,38.9681012,2405.314,Global,0.011,0.011,0.012,0.015,1.734,m,FIX,RTK,2025-07-15 15:15:56.8 UTC-06:00,2025-07-15 15:15:59.8 UTC-06:00,16,1.4,1.7,468408.098,4313299.048,2424.969,-105.3646731,38.96809284,2410.942,330.176,,NAD83(2011) / UTM zone 13N + NAVD88(GEOID18) height,8,6,6,5,0,4313301.523999999,468078.878,2419.597,POINT Z (468078.878 4313301.523999999 2419.597)
118,118,119,,468078.166,4313301.555,2419.303,,-105.3684816,38.96810347,2405.283,Global,0.011,0.013,0.012,0.017,1.734,m,FIX,RTK,2025-07-15 15:16:06.8 UTC-06:00,2025-07-15 15:16:09.8 UTC-06:00,16,1.9,2.3,468408.098,4313299.048,2424.969,-105.3646731,38.96809284,2410.942,330.222,,NAD83(2011) / UTM zone 13N + NAVD88(GEOID18) height,8,7,6,4,0,4313301.774999999,468078.84,2419.565,POINT Z (468078.84 4313301.774999999 2419.565)
119,119,120,,468078.195,4313301.689,2419.374,,-105.3684813,38.96810468,2405.353,Global,0.01,0.01,0.011,0.015,1.734,m,FIX,RTK,2025-07-15 15:16:16.2 UTC-06:00,2025-07-15 15:16:19.2 UTC-06:00,16,1.7,2.0,468408.098,4313299.048,2424.969,-105.3646731,38.96809284,2410.942,330.188,,NAD83(2011) / UTM zone 13N + NAVD88(GEOID18) height,8,7,6,4,0,4313301.909,468078.869,2419.636,POINT Z (468078.869 4313301.909 2419.636)
120,120,121,,468078.303,4313301.876,2419.33,,-105.36848,38.96810636,2405.309,Global,0.012,0.011,0.014,0.016,1.734,m,FIX,RTK,2025-07-15 15:16:26.0 UTC-06:00,2025-07-15 15:16:29.0 UTC-06:00,16,1.6,2.0,468408.098,4313299.048,2424.969,-105.3646731,38.96809284,2410.942,330.088,,NAD83(2011) / UTM zone 13N + NAVD88(GEOID18) height,8,7,6,4,0,4313302.096,468078.977,2419.592,POINT Z (468078.977 4313302.096 2419.592)
121,121,122,,468078.382,4313302.076,2419.528,,-105.3684791,38.96810817,2405.507,Global,0.011,0.012,0.011,0.017,1.734,m,FIX,RTK,2025-07-15 15:16:36.0 UTC-06:00,2025-07-15 15:16:39.0 UTC-06:00,16,1.6,2.0,468408.098,4313299.048,2424.969,-105.3646731,38.96809284,2410.942,330.001,,NAD83(2011) / UTM zone 13N + NAVD88(GEOID18) height,7,7,6,4,0,4313302.296,468079.056,2419.79,POINT Z (468079.056 4313302.296 2419.79)
122,122,123,,468078.443,4313302.239,2419.629,,-105.3684784,38.96810964,2405.608,Global,0.012,0.011,0.013,0.016,1.734,m,FIX,RTK,2025-07-15 15:17:41.2 UTC-06:00,2025-07-15 15:17:44.2 UTC-06:00,16,1.5,1.8,468408.098,4313299.048,2424.969,-105.3646731,38.96809284,2410.942,329.94,,NAD83(2011) / UTM zone 13N + NAVD88(GEOID18) height,7,7,6,4,0,4313302.459,468079.117,2419.891,POINT Z (468079.117 4313302.459 2419.891)
123,123,124,,468078.495,4313302.423,2419.687,,-105.3684778,38.96811131,2405.667,Global,0.01,0.012,0.012,0.016,1.734,m,FIX,RTK,2025-07-15 15:17:49.2 UTC-06:00,2025-07-15 15:17:52.2 UTC-06:00,16,1.5,1.8,468408.098,4313299.048,2424.969,-105.3646731,38.96809284,2410.942,329.896,,NAD83(2011) / UTM zone 13N + NAVD88(GEOID18) height,7,7,6,4,0,4313302.643,468079.169,2419.949,POINT Z (468079.169 4313302.643 2419.949)
124,124,125,,468078.563,4313302.598,2419.735,,-105.3684771,38.96811288,2405.714,Global,0.011,0.014,0.011,0.018,1.734,m,FIX,RTK,2025-07-15 15:17:58.0 UTC-06:00,2025-07-15 15:18:01.0 UTC-06:00,16,1.5,1.8,468408.098,4313299.048,2424.969,-105.3646731,38.96809284,2410.942,329.82,,NAD83(2011) / UTM zone 13N + NAVD88(GEOID18) height,8,7,6,4,0,4313302.818,468079.237,2419.9970000000003,POINT Z (468079.237 4313302.818 2419.9970000000003)
125,125,126,,468078.596,4313302.862,2419.808,,-105.3684767,38.96811526,2405.788,Global,0.011,0.01,0.011,0.015,1.734,m,FIX,RTK,2025-07-15 15:18:12.0 UTC-06:00,2025-07-15 15:18:15.0 UTC-06:00,16,1.5,1.8,468408.098,4313299.048,2424.969,-105.3646731,38.96809284,2410.942,329.786,,NAD83(2011) / UTM zone 13N + NAVD88(GEOID18) height,8,7,6,5,0,4313303.0819999995,468079.27,2420.07,POINT Z (468079.27 4313303.0819999995 2420.07)
126,126,127,,468078.673,4313303.054,2419.91,,-105.3684758,38.968117,2405.89,Global,0.01,0.011,0.011,0.015,1.734,m,FIX,RTK,2025-07-15 15:18:40.8 UTC-06:00,2025-07-15 15:18:43.8 UTC-06:00,16,1.5,1.8,468408.098,4313299.048,2424.969,-105.3646731,38.96809284,2410.942,329.716,,NAD83(2011) / UTM zone 13N + NAVD88(GEOID18) height,7,7,6,5,0,4313303.273999999,468079.347,2420.172,POINT Z (468079.347 4313303.273999999 2420.172)
127,127,128,,468078.701,4313303.257,2419.988,,-105.3684755,38.96811882,2405.968,Global,0.011,0.013,0.013,0.017,1.734,m,FIX,RTK,2025-07-15 15:18:50.4 UTC-06:00,2025-07-15 15:18:53.4 UTC-06:00,16,1.7,2.1,468408.098,4313299.048,2424.969,-105.3646731,38.96809284,2410.942,329.691,,NAD83(2011) / UTM zone 13N + NAVD88(GEOID18) height,8,7,6,5,0,4313303.477,468079.375,2420.25,POINT Z (468079.375 4313303.477 2420.25)
128,128,129,,468078.795,4313303.492,2420.128,,-105.3684744,38.96812094,2406.108,Global,0.011,0.022,0.011,0.024,1.734,m,FIX,RTK,2025-07-15 15:19:01.4 UTC-06:00,2025-07-15 15:19:04.4 UTC-06:00,16,1.9,2.3,468408.098,4313299.048,2424.969,-105.3646731,38.96809284,2410.942,329.6,,NAD83(2011) / UTM zone 13N + NAVD88(GEOID18) height,8,7,6,5,0,4313303.711999999,468079.469,2420.3900000000003,POINT Z (468079.469 4313303.711999999 2420.3900000000003)
129,129,130,,468078.968,4313303.799,2420.327,,-105.3684724,38.96812372,2406.307,Global,0.011,0.01,0.01,0.015,1.734,m,FIX,RTK,2025-07-15 15:19:17.8 UTC-06:00,2025-07-15 15:19:20.8 UTC-06:00,16,1.7,2.1,468408.098,4313299.048,2424.969,-105.3646731,38.96809284,2410.942,329.435,,NAD83(2011) / UTM zone 13N + NAVD88(GEOID18) height,8,7,6,5,0,4313304.018999999,468079.642,2420.5890000000004,POINT Z (468079.642 4313304.018999999 2420.5890000000004)
130,130,131,,468078.972,4313303.87,2420.327,,-105.3684724,38.96812436,2406.307,Global,0.01,0.01,0.015,0.014,1.734,m,FIX,RTK,2025-07-15 15:19:26.0 UTC-06:00,2025-07-15 15:19:29.0 UTC-06:00,16,1.7,2.1,468408.098,4313299.048,2424.969,-105.3646731,38.96809284,2410.942,329.429,,NAD83(2011) / UTM zone 13N + NAVD88(GEOID18) height,7,7,6,5,0,4313304.09,468079.646,2420.5890000000004,POINT Z (468079.646 4313304.09 2420.5890000000004)
131,131,132,,468079.004,4313303.957,2420.808,,-105.368472,38.96812514,2406.787,Global,0.011,0.01,0.013,0.015,1.734,m,FIX,RTK,2025-07-15 15:19:44.6 UTC-06:00,2025-07-15 15:19:47.6 UTC-06:00,16,1.9,2.3,468408.098,4313299.048,2424.969,-105.3646731,38.96809284,2410.942,329.393,,NAD83(2011) / UTM zone 13N + NAVD88(GEOID18) height,8,7,6,5,0,4313304.177,468079.678,2421.07,POINT Z (468079.678 4313304.177 2421.07)
132,132,133,,468079.105,4313304.273,2420.896,,-105.3684709,38.968128,2406.875,Global,0.014,0.011,0.011,0.017,1.734,m,FIX,RTK,2025-07-15 15:20:30.0 UTC-06:00,2025-07-15 15:20:33.0 UTC-06:00,16,1.9,2.3,468408.098,4313299.048,2424.969,-105.3646731,38.96809284,2410.942,329.283,,NAD83(2011) / UTM zone 13N + NAVD88(GEOID18) height,7,7,7,5,0,4313304.493,468079.779,2421.1580000000004,POINT Z (468079.779 4313304.493 2421.1580000000004)
133,133,134,,468079.249,4313304.715,2420.957,,-105.3684692,38.96813199,2406.937,Global,0.011,0.011,0.012,0.015,1.734,m,FIX,RTK,2025-07-15 15:20:41.0 UTC-06:00,2025-07-15 15:20:44.0 UTC-06:00,16,1.9,2.3,468408.098,4313299.048,2424.969,-105.3646731,38.96809284,2410.942,329.159,,NAD83(2011) / UTM zone 13N + NAVD88(GEOID18) height,7,7,7,5,0,4313304.935,468079.923,2421.219,POINT Z (468079.923 4313304.935 2421.219)
134,134,135,,468079.383,4313305.174,2421.014,,-105.3684677,38.96813612,2406.993,Global,0.013,0.011,0.015,0.017,1.734,m,FIX,RTK,2025-07-15 15:20:51.4 UTC-06:00,2025-07-15 15:20:54.4 UTC-06:00,16,1.9,2.3,468408.098,4313299.048,2424.969,-105.3646731,38.96809284,2410.942,329.026,,NAD83(2011) / UTM zone 13N + NAVD88(GEOID18) height,7,7,7,5,0,4313305.393999999,468080.057,2421.2760000000003,POINT Z (468080.057 4313305.393999999 2421.2760000000003)
135,135,136,,468079.53,4313305.667,2421.124,,-105.368466,38.96814057,2407.103,Global,0.012,0.011,0.017,0.017,1.734,m,FIX,RTK,2025-07-15 15:21:01.2 UTC-06:00,2025-07-15 15:21:04.2 UTC-06:00,16,1.9,2.3,468408.098,4313299.048,2424.969,-105.3646731,38.96809284,2410.942,328.9,,NAD83(2011) / UTM zone 13N + NAVD88(GEOID18) height,6,7,7,4,0,4313305.887,468080.204,2421.386,POINT Z (468080.204 4313305.887 2421.386)
136,136,137,,468079.66,4313306.112,2421.273,,-105.3684646,38.96814459,2407.252,Global,0.021,0.01,0.022,0.023,1.734,m,FIX,RTK,2025-07-15 15:21:12.0 UTC-06:00,2025-07-15 15:21:15.0 UTC-06:00,16,1.8,2.1,468408.098,4313299.048,2424.969,-105.3646731,38.96809284,2410.942,328.762,,NAD83(2011) / UTM zone 13N + NAVD88(GEOID18) height,5,7,7,5,0,4313306.3319999995,468080.334,2421.5350000000003,POINT Z (468080.334 4313306.3319999995 2421.5350000000003)
137,137,138,,468079.771,4313306.589,2421.295,,-105.3684633,38.96814889,2407.274,Global,0.01,0.015,0.014,0.018,1.734,m,FIX,RTK,2025-07-15 15:21:20.0 UTC-06:00,2025-07-15 15:21:23.0 UTC-06:00,16,1.8,2.2,468408.098,4313299.048,2424.969,-105.3646731,38.96809284,2410.942,328.674,,NAD83(2011) / UTM zone 13N + NAVD88(GEOID18) height,5,7,7,6,0,4313306.808999999,468080.445,2421.5570000000002,POINT Z (468080.445 4313306.808999999 2421.5570000000002)
138,138,139,,468079.937,4313307.036,2421.37,,-105.3684614,38.96815292,2407.349,Global,0.01,0.011,0.012,0.015,1.734,m,FIX,RTK,2025-07-15 15:21:32.2 UTC-06:00,2025-07-15 15:21:35.2 UTC-06:00,16,1.8,2.2,468408.098,4313299.048,2424.969,-105.3646731,38.96809284,2410.942,328.516,,NAD83(2011) / UTM zone 13N + NAVD88(GEOID18) height,6,7,7,6,0,4313307.256,468080.611,2421.632,POINT Z (468080.611 4313307.256 2421.632)
139,139,140,,468080.029,4313307.515,2421.44,,-105.3684604,38.96815725,2407.419,Global,0.01,0.01,0.012,0.015,1.734,m,FIX,RTK,2025-07-15 15:21:42.2 UTC-06:00,2025-07-15 15:21:45.2 UTC-06:00,16,1.9,2.2,468408.098,4313299.048,2424.969,-105.3646731,38.96809284,2410.942,328.435,,NAD83(2011) / UTM zone 13N + NAVD88(GEOID18) height,6,7,7,6,0,4313307.734999999,468080.703,2421.702,POINT Z (468080.703 4313307.734999999 2421.702)
140,140,141,,468080.212,4313308.016,2421.565,,-105.3684583,38.96816176,2407.545,Global,0.016,0.016,0.018,0.023,1.734,m,FIX,RTK,2025-07-15 15:21:54.0 UTC-06:00,2025-07-15 15:21:57.0 UTC-06:00,16,2.1,2.5,468408.098,4313299.048,2424.969,-105.3646731,38.96809284,2410.942,328.27,,NAD83(2011) / UTM zone 13N + NAVD88(GEOID18) height,7,7,7,6,0,4313308.236,468080.886,2421.827,POINT Z (468080.886 4313308.236 2421.827)
141,141,142,,468080.272,4313308.456,2421.679,,-105.3684576,38.96816573,2407.658,Global,0.011,0.012,0.011,0.016,1.734,m,FIX,RTK,2025-07-15 15:22:07.6 UTC-06:00,2025-07-15 15:22:10.6 UTC-06:00,16,1.8,2.2,468408.098,4313299.048,2424.969,-105.3646731,38.96809284,2410.942,328.221,,NAD83(2011) / UTM zone 13N + NAVD88(GEOID18) height,5,7,7,5,0,4313308.676,468080.946,2421.9410000000003,POINT Z (468080.946 4313308.676 2421.9410000000003)
142,142,143,,468080.438,4313308.891,2421.756,,-105.3684557,38.96816966,2407.735,Global,0.013,0.011,0.017,0.017,1.734,m,FIX,RTK,2025-07-15 15:22:18.8 UTC-06:00,2025-07-15 15:22:21.8 UTC-06:00,14,1.6,1.9,468408.098,4313299.048,2424.969,-105.3646731,38.96809284,2410.942,328.057,,NAD83(2011) / UTM zone 13N + NAVD88(GEOID18) height,6,7,7,5,0,4313309.111,468081.112,2422.018,POINT Z (468081.112 4313309.111 2422.018)
143,143,144,,468080.638,4313309.313,2421.713,,-105.3684534,38.96817347,2407.693,Global,0.011,0.011,0.012,0.016,1.734,m,FIX,RTK,2025-07-15 15:22:30.0 UTC-06:00,2025-07-15 15:22:33.0 UTC-06:00,16,1.8,2.2,468408.098,4313299.048,2424.969,-105.3646731,38.96809284,2410.942,327.862,,NAD83(2011) / UTM zone 13N + NAVD88(GEOID18) height,6,7,7,6,0,4313309.533,468081.312,2421.9750000000004,POINT Z (468081.312 4313309.533 2421.9750000000004)
144,144,145,,468080.712,4313309.822,2421.938,,-105.3684526,38.96817806,2407.918,Global,0.011,0.013,0.013,0.017,1.734,m,FIX,RTK,2025-07-15 15:22:41.0 UTC-06:00,2025-07-15 15:22:44.0 UTC-06:00,16,2.0,2.4,468408.098,4313299.048,2424.969,-105.3646731,38.96809284,2410.942,327.822,,NAD83(2011) / UTM zone 13N + NAVD88(GEOID18) height,6,7,7,5,0,4313310.041999999,468081.386,2422.2000000000003,POINT Z (468081.386 4313310.041999999 2422.2000000000003)
145,145,146,,468080.912,4313310.289,2422.136,,-105.3684503,38.96818227,2408.116,Global,0.011,0.011,0.013,0.015,1.734,m,FIX,RTK,2025-07-15 15:22:53.4 UTC-06:00,2025-07-15 15:22:56.4 UTC-06:00,16,2.1,2.5,468408.098,4313299.048,2424.969,-105.3646731,38.96809284,2410.942,327.634,,NAD83(2011) / UTM zone 13N + NAVD88(GEOID18) height,7,7,7,4,0,4313310.509,468081.586,2422.398,POINT Z (468081.586 4313310.509 2422.398)
146,146,147,,468080.981,4313310.756,2422.351,,-105.3684495,38.96818648,2408.331,Global,0.011,0.015,0.013,0.019,1.734,m,FIX,RTK,2025-07-15 15:23:06.6 UTC-06:00,2025-07-15 15:23:09.6 UTC-06:00,16,1.8,2.2,468408.098,4313299.048,2424.969,-105.3646731,38.96809284,2410.942,327.581,,NAD83(2011) / UTM zone 13N + NAVD88(GEOID18) height,7,7,7,5,0,4313310.976,468081.655,2422.6130000000003,POINT Z (468081.655 4313310.976 2422.6130000000003)
147,147,148,,468081.05,4313311.281,2422.575,,-105.3684488,38.96819122,2408.555,Global,0.011,0.012,0.025,0.016,1.734,m,FIX,RTK,2025-07-15 15:23:20.8 UTC-06:00,2025-07-15 15:23:23.8 UTC-06:00,16,2.3,2.8,468408.098,4313299.048,2424.969,-105.3646731,38.96809284,2410.942,327.532,,NAD83(2011) / UTM zone 13N + NAVD88(GEOID18) height,7,7,7,5,0,4313311.501,468081.724,2422.837,POINT Z (468081.724 4313311.501 2422.837)
148,148,149,,468081.043,4313311.688,2422.845,,-105.3684489,38.96819488,2408.825,Global,0.012,0.014,0.018,0.018,1.734,m,FIX,RTK,2025-07-15 15:24:18.8 UTC-06:00,2025-07-15 15:24:21.8 UTC-06:00,16,2.3,2.8,468408.098,4313299.048,2424.969,-105.3646731,38.96809284,2410.942,327.545,,NAD83(2011) / UTM zone 13N + NAVD88(GEOID18) height,7,7,7,5,0,4313311.908,468081.717,2423.107,POINT Z (468081.717 4313311.908 2423.107)
149,149,150,,468080.847,4313311.726,2422.769,,-105.3684511,38.96819522,2408.749,Global,0.012,0.017,0.021,0.02,1.734,m,FIX,RTK,2025-07-15 15:24:40.4 UTC-06:00,2025-07-15 15:24:43.4 UTC-06:00,16,2.4,2.9,468408.098,4313299.048,2424.969,-105.3646731,38.96809284,2410.942,327.739,,NAD83(2011) / UTM zone 13N + NAVD88(GEOID18) height,7,7,8,6,0,4313311.9459999995,468081.521,2423.031,POINT Z (468081.521 4313311.9459999995 2423.031)
150,150,151,,468081.136,4313311.368,2422.633,,-105.3684478,38.968192,2408.612,Global,0.011,0.011,0.015,0.015,1.734,m,FIX,RTK,2025-07-15 15:24:52.0 UTC-06:00,2025-07-15 15:24:55.0 UTC-06:00,16,2.3,2.7,468408.098,4313299.048,2424.969,-105.3646731,38.96809284,2410.942,327.435,,NAD83(2011) / UTM zone 13N + NAVD88(GEOID18) height,7,7,8,5,0,4313311.5879999995,468081.81,2422.895,POINT Z (468081.81 4313311.5879999995 2422.895)
151,151,152,,468081.284,4313311.637,2422.773,,-105.3684461,38.96819443,2408.752,Global,0.011,0.012,0.023,0.017,1.734,m,FIX,RTK,2025-07-15 15:25:04.0 UTC-06:00,2025-07-15 15:25:07.0 UTC-06:00,16,2.3,2.8,468408.098,4313299.048,2424.969,-105.3646731,38.96809284,2410.942,327.306,,NAD83(2011) / UTM zone 13N + NAVD88(GEOID18) height,7,7,7,5,0,4313311.857,468081.958,2423.0350000000003,POINT Z (468081.958 4313311.857 2423.0350000000003)
152,152,153,,468081.043,4313311.853,2422.826,,-105.3684489,38.96819637,2408.805,Global,0.011,0.011,0.022,0.015,1.734,m,FIX,RTK,2025-07-15 15:25:17.4 UTC-06:00,2025-07-15 15:25:20.4 UTC-06:00,16,2.3,2.8,468408.098,4313299.048,2424.969,-105.3646731,38.96809284,2410.942,327.559,,NAD83(2011) / UTM zone 13N + NAVD88(GEOID18) height,7,7,8,5,0,4313312.073,468081.717,2423.088,POINT Z (468081.717 4313312.073 2423.088)
153,153,154,,468081.033,4313311.676,2422.839,,-105.368449,38.96819477,2408.819,Global,0.012,0.012,0.019,0.017,1.734,m,FIX,RTK,2025-07-15 15:25:27.4 UTC-06:00,2025-07-15 15:25:30.4 UTC-06:00,16,2.4,2.9,468408.098,4313299.048,2424.969,-105.3646731,38.96809284,2410.942,327.556,,NAD83(2011) / UTM zone 13N + NAVD88(GEOID18) height,7,7,8,6,0,4313311.896,468081.707,2423.101,POINT Z (468081.707 4313311.896 2423.101)
154,154,155,,468081.029,4313311.669,2422.84,,-105.368449,38.96819471,2408.819,Global,0.013,0.013,0.019,0.018,1.734,m,FIX,RTK,2025-07-15 15:25:51.4 UTC-06:00,2025-07-15 15:26:21.4 UTC-06:00,151,2.4,2.9,468408.098,4313299.048,2424.969,-105.3646731,38.96809284,2410.942,327.56,,NAD83(2011) / UTM zone 13N + NAVD88(GEOID18) height,7,7,8,5,0,4313311.8889999995,468081.703,2423.1020000000003,POINT Z (468081.703 4313311.8889999995 2423.1020000000003)
155,155,156,,468072.204,4313279.116,2420.96,,-105.3685494,38.96790105,2406.94,Global,0.01,0.01,0.011,0.014,1.734,m,FIX,RTK,2025-07-15 15:32:36.4 UTC-06:00,2025-07-15 15:32:39.4 UTC-06:00,16,1.2,1.4,468408.098,4313299.048,2424.969,-105.3646731,38.96809284,2410.942,336.753,,NAD83(2011) / UTM zone 13N + NAVD88(GEOID18) height,5,7,6,6,0,4313279.336,468072.878,2421.222,POINT Z (468072.878 4313279.336 2421.222)
156,156,157,,468072.087,4313278.641,2421.151,,-105.3685507,38.96789676,2407.131,Global,0.011,0.012,0.011,0.016,1.734,m,FIX,RTK,2025-07-15 15:32:51.6 UTC-06:00,2025-07-15 15:32:54.6 UTC-06:00,16,1.2,1.4,468408.098,4313299.048,2424.969,-105.3646731,38.96809284,2410.942,336.886,,NAD83(2011) / UTM zone 13N + NAVD88(GEOID18) height,6,7,6,6,0,4313278.861,468072.761,2421.413,POINT Z (468072.761 4313278.861 2421.413)
157,157,158,,468071.93,4313278.203,2421.358,,-105.3685525,38.96789281,2407.337,Global,0.011,0.01,0.011,0.015,1.734,m,FIX,RTK,2025-07-15 15:33:07.6 UTC-06:00,2025-07-15 15:33:10.6 UTC-06:00,16,1.2,1.4,468408.098,4313299.048,2424.969,-105.3646731,38.96809284,2410.942,337.076,,NAD83(2011) / UTM zone 13N + NAVD88(GEOID18) height,6,7,7,5,0,4313278.4229999995,468072.604,2421.6200000000003,POINT Z (468072.604 4313278.4229999995 2421.6200000000003)
158,158,159,,468071.793,4313277.808,2421.743,,-105.368554,38.96788924,2407.723,Global,0.01,0.011,0.01,0.015,1.734,m,FIX,RTK,2025-07-15 15:33:32.8 UTC-06:00,2025-07-15 15:33:35.8 UTC-06:00,16,1.2,1.4,468408.098,4313299.048,2424.969,-105.3646731,38.96809284,2410.942,337.237,,NAD83(2011) / UTM zone 13N + NAVD88(GEOID18) height,6,7,7,6,0,4313278.028,468072.467,2422.005,POINT Z (468072.467 4313278.028 2422.005)
159,159,160,,468071.698,4313277.394,2421.936,,-105.3685551,38.96788551,2407.916,Global,0.01,0.011,0.01,0.015,1.734,m,FIX,RTK,2025-07-15 15:34:31.4 UTC-06:00,2025-07-15 15:34:34.4 UTC-06:00,16,1.2,1.4,468408.098,4313299.048,2424.969,-105.3646731,38.96809284,2410.942,337.363,,NAD83(2011) / UTM zone 13N + NAVD88(GEOID18) height,6,7,7,6,0,4313277.614,468072.372,2422.1980000000003,POINT Z (468072.372 4313277.614 2422.1980000000003)
160,160,161,,468071.588,4313276.985,2422.221,,-105.3685564,38.96788182,2408.201,Global,0.01,0.011,0.011,0.015,1.734,m,FIX,RTK,2025-07-15 15:34:52.6 UTC-06:00,2025-07-15 15:34:55.6 UTC-06:00,16,1.2,1.4,468408.098,4313299.048,2424.969,-105.3646731,38.96809284,2410.942,337.496,,NAD83(2011) / UTM zone 13N + NAVD88(GEOID18) height,5,7,7,6,0,4313277.205,468072.262,2422.483,POINT Z (468072.262 4313277.205 2422.483)
161,161,162,,468071.457,4313276.553,2422.438,,-105.3685579,38.96787793,2408.417,Global,0.011,0.012,0.01,0.016,1.734,m,FIX,RTK,2025-07-15 15:35:03.0 UTC-06:00,2025-07-15 15:35:06.0 UTC-06:00,16,1.2,1.4,468408.098,4313299.048,2424.969,-105.3646731,38.96809284,2410.942,337.651,,NAD83(2011) / UTM zone 13N + NAVD88(GEOID18) height,6,7,6,6,0,4313276.773,468072.131,2422.7000000000003,POINT Z (468072.131 4313276.773 2422.7000000000003)
162,162,163,,468071.332,4313276.15,2422.554,,-105.3685593,38.96787429,2408.533,Global,0.011,0.01,0.01,0.015,1.734,m,FIX,RTK,2025-07-15 15:35:18.6 UTC-06:00,2025-07-15 15:35:21.6 UTC-06:00,16,1.2,1.4,468408.098,4313299.048,2424.969,-105.3646731,38.96809284,2410.942,337.795,,NAD83(2011) / UTM zone 13N + NAVD88(GEOID18) height,6,7,7,6,0,4313276.37,468072.006,2422.8160000000003,POINT Z (468072.006 4313276.37 2422.8160000000003)
163,163,164,,468071.161,4313275.717,2422.808,,-105.3685612,38.96787038,2408.787,Global,0.01,0.01,0.01,0.015,1.734,m,FIX,RTK,2025-07-15 15:35:42.2 UTC-06:00,2025-07-15 15:35:45.2 UTC-06:00,16,1.2,1.4,468408.098,4313299.048,2424.969,-105.3646731,38.96809284,2410.942,338.006,,NAD83(2011) / UTM zone 13N + NAVD88(GEOID18) height,6,7,7,5,0,4313275.937,468071.835,2423.07,POINT Z (468071.835 4313275.937 2423.07)
164,164,165,,468071.147,4313275.283,2423.058,,-105.3685614,38.96786647,2409.037,Global,0.012,0.01,0.01,0.016,1.734,m,FIX,RTK,2025-07-15 15:35:56.0 UTC-06:00,2025-07-15 15:35:59.0 UTC-06:00,16,1.2,1.4,468408.098,4313299.048,2424.969,-105.3646731,38.96809284,2410.942,338.047,,NAD83(2011) / UTM zone 13N + NAVD88(GEOID18) height,5,7,7,6,0,4313275.503,468071.821,2423.32,POINT Z (468071.821 4313275.503 2423.32)
165,165,166,,468071.06,4313274.849,2423.321,,-105.3685624,38.96786256,2409.3,Global,0.011,0.013,0.01,0.017,1.734,m,FIX,RTK,2025-07-15 15:36:15.6 UTC-06:00,2025-07-15 15:36:18.6 UTC-06:00,16,1.2,1.4,468408.098,4313299.048,2424.969,-105.3646731,38.96809284,2410.942,338.161,,NAD83(2011) / UTM zone 13N + NAVD88(GEOID18) height,5,7,6,5,0,4313275.069,468071.734,2423.583,POINT Z (468071.734 4313275.069 2423.583)
166,166,167,,468070.925,4313274.452,2423.413,,-105.3685639,38.96785897,2409.393,Global,0.011,0.011,0.011,0.016,1.734,m,FIX,RTK,2025-07-15 15:36:28.4 UTC-06:00,2025-07-15 15:36:31.4 UTC-06:00,16,1.2,1.4,468408.098,4313299.048,2424.969,-105.3646731,38.96809284,2410.942,338.327,,NAD83(2011) / UTM zone 13N + NAVD88(GEOID18) height,6,7,6,6,0,4313274.671999999,468071.599,2423.675,POINT Z (468071.599 4313274.671999999 2423.675)
167,167,168,,468070.786,4313274.041,2423.502,,-105.3685655,38.96785527,2409.482,Global,0.01,0.01,0.01,0.015,1.734,m,FIX,RTK,2025-07-15 15:36:41.2 UTC-06:00,2025-07-15 15:36:44.2 UTC-06:00,16,1.2,1.4,468408.098,4313299.048,2424.969,-105.3646731,38.96809284,2410.942,338.497,,NAD83(2011) / UTM zone 13N + NAVD88(GEOID18) height,6,7,6,6,0,4313274.261,468071.46,2423.764,POINT Z (468071.46 4313274.261 2423.764)
168,168,169,,468070.704,4313273.586,2423.638,,-105.3685664,38.96785116,2409.617,Global,0.013,0.012,0.01,0.017,1.734,m,FIX,RTK,2025-07-15 15:37:01.4 UTC-06:00,2025-07-15 15:37:04.4 UTC-06:00,16,1.2,1.4,468408.098,4313299.048,2424.969,-105.3646731,38.96809284,2410.942,338.61,,NAD83(2011) / UTM zone 13N + NAVD88(GEOID18) height,6,7,7,6,0,4313273.806,468071.378,2423.9,POINT Z (468071.378 4313273.806 2423.9)
169,169,170,,468070.535,4313273.195,2423.819,,-105.3685683,38.96784763,2409.798,Global,0.011,0.01,0.01,0.015,1.734,m,FIX,RTK,2025-07-15 15:38:15.2 UTC-06:00,2025-07-15 15:38:18.2 UTC-06:00,16,1.2,1.4,468408.098,4313299.048,2424.969,-105.3646731,38.96809284,2410.942,338.811,,NAD83(2011) / UTM zone 13N + NAVD88(GEOID18) height,5,7,6,6,0,4313273.415,468071.209,2424.081,POINT Z (468071.209 4313273.415 2424.081)
170,170,171,,468070.437,4313272.868,2423.882,,-105.3685695,38.96784469,2409.862,Global,0.011,0.011,0.012,0.016,1.734,m,FIX,RTK,2025-07-15 15:38:35.8 UTC-06:00,2025-07-15 15:38:38.8 UTC-06:00,16,1.2,1.3,468408.098,4313299.048,2424.969,-105.3646731,38.96809284,2410.942,338.94,,NAD83(2011) / UTM zone 13N + NAVD88(GEOID18) height,5,7,5,6,0,4313273.0879999995,468071.111,2424.1440000000002,POINT Z (468071.111 4313273.0879999995 2424.1440000000002)
171,171,172,,468070.401,4313272.34,2424.529,,-105.3685699,38.96783992,2410.509,Global,0.011,0.011,0.011,0.015,1.734,m,FIX,RTK,2025-07-15 15:39:06.8 UTC-06:00,2025-07-15 15:39:09.8 UTC-06:00,16,1.2,1.4,468408.098,4313299.048,2424.969,-105.3646731,38.96809284,2410.942,339.016,,NAD83(2011) / UTM zone 13N + NAVD88(GEOID18) height,6,7,5,6,0,4313272.56,468071.075,2424.791,POINT Z (468071.075 4313272.56 2424.791)
172,172,173,,468070.308,4313271.947,2425.162,,-105.3685709,38.96783638,2411.142,Global,0.011,0.012,0.011,0.016,1.734,m,FIX,RTK,2025-07-15 15:39:28.8 UTC-06:00,2025-07-15 15:39:31.8 UTC-06:00,16,1.2,1.3,468408.098,4313299.048,2424.969,-105.3646731,38.96809284,2410.942,339.136,,NAD83(2011) / UTM zone 13N + NAVD88(GEOID18) height,6,7,6,6,0,4313272.166999999,468070.982,2425.424,POINT Z (468070.982 4313272.166999999 2425.424)
173,173,174,,468070.266,4313271.477,2425.248,,-105.3685714,38.96783214,2411.227,Global,0.011,0.011,0.01,0.016,1.734,m,FIX,RTK,2025-07-15 15:39:47.2 UTC-06:00,2025-07-15 15:39:50.2 UTC-06:00,16,1.3,1.4,468408.098,4313299.048,2424.969,-105.3646731,38.96809284,2410.942,339.218,,NAD83(2011) / UTM zone 13N + NAVD88(GEOID18) height,6,7,6,7,0,4313271.697,468070.94,2425.51,POINT Z (468070.94 4313271.697 2425.51)
174,174,175,,468070.145,4313270.999,2425.308,,-105.3685728,38.96782783,2411.287,Global,0.011,0.012,0.01,0.016,1.734,m,FIX,RTK,2025-07-15 15:40:01.4 UTC-06:00,2025-07-15 15:40:04.4 UTC-06:00,16,1.3,1.4,468408.098,4313299.048,2424.969,-105.3646731,38.96809284,2410.942,339.391,,NAD83(2011) / UTM zone 13N + NAVD88(GEOID18) height,6,7,6,7,0,4313271.219,468070.819,2425.57,POINT Z (468070.819 4313271.219 2425.57)
175,175,176,,468070.053,4313270.512,2425.576,,-105.3685738,38.96782344,2411.556,Global,0.01,0.011,0.01,0.015,1.734,m,FIX,RTK,2025-07-15 15:40:21.0 UTC-06:00,2025-07-15 15:40:24.0 UTC-06:00,16,1.2,1.3,468408.098,4313299.048,2424.969,-105.3646731,38.96809284,2410.942,339.513,,NAD83(2011) / UTM zone 13N + NAVD88(GEOID18) height,6,7,6,7,0,4313270.732,468070.727,2425.838,POINT Z (468070.727 4313270.732 2425.838)
176,176,177,,468069.894,4313270.152,2425.745,,-105.3685756,38.96782019,2411.725,Global,0.01,0.01,0.01,0.015,1.734,m,FIX,RTK,2025-07-15 15:40:43.2 UTC-06:00,2025-07-15 15:40:46.2 UTC-06:00,16,1.3,1.5,468408.098,4313299.048,2424.969,-105.3646731,38.96809284,2410.942,339.711,,NAD83(2011) / UTM zone 13N + NAVD88(GEOID18) height,6,7,6,7,0,4313270.3719999995,468070.56799999997,2426.007,POINT Z (468070.56799999997 4313270.3719999995 2426.007)
177,177,178,,468069.92,4313269.695,2426.082,,-105.3685753,38.96781607,2412.061,Global,0.01,0.011,0.011,0.015,1.734,m,FIX,RTK,2025-07-15 15:41:05.0 UTC-06:00,2025-07-15 15:41:08.0 UTC-06:00,16,1.3,1.5,468408.098,4313299.048,2424.969,-105.3646731,38.96809284,2410.942,339.727,,NAD83(2011) / UTM zone 13N + NAVD88(GEOID18) height,5,7,6,7,0,4313269.915,468070.594,2426.344,POINT Z (468070.594 4313269.915 2426.344)
178,178,179,,468069.822,4313269.314,2426.353,,-105.3685764,38.96781263,2412.333,Global,0.01,0.01,0.012,0.014,1.734,m,FIX,RTK,2025-07-15 15:41:30.2 UTC-06:00,2025-07-15 15:41:33.2 UTC-06:00,16,1.3,1.5,468408.098,4313299.048,2424.969,-105.3646731,38.96809284,2410.942,339.858,,NAD83(2011) / UTM zone 13N + NAVD88(GEOID18) height,5,7,6,7,0,4313269.534,468070.496,2426.6150000000002,POINT Z (468070.496 4313269.534 2426.6150000000002)
179,179,180,,468069.712,4313268.909,2426.637,,-105.3685777,38.96780898,2412.616,Global,0.01,0.01,0.01,0.015,1.734,m,FIX,RTK,2025-07-15 15:41:50.0 UTC-06:00,2025-07-15 15:41:53.0 UTC-06:00,16,1.3,1.5,468408.098,4313299.048,2424.969,-105.3646731,38.96809284,2410.942,340.001,,NAD83(2011) / UTM zone 13N + NAVD88(GEOID18) height,6,7,6,7,0,4313269.129,468070.386,2426.8990000000003,POINT Z (468070.386 4313269.129 2426.8990000000003)
180,180,181,,468069.687,4313268.532,2426.871,,-105.3685779,38.96780558,2412.85,Global,0.01,0.011,0.01,0.015,1.734,m,FIX,RTK,2025-07-15 15:42:07.0 UTC-06:00,2025-07-15 15:42:10.0 UTC-06:00,16,1.3,1.5,468408.098,4313299.048,2424.969,-105.3646731,38.96809284,2410.942,340.061,,NAD83(2011) / UTM zone 13N + NAVD88(GEOID18) height,5,7,6,7,0,4313268.751999999,468070.361,2427.1330000000003,POINT Z (468070.361 4313268.751999999 2427.1330000000003)
181,181,182,,468069.693,4313268.152,2427.161,,-105.3685778,38.96780216,2413.14,Global,0.01,0.011,0.01,0.016,1.734,m,FIX,RTK,2025-07-15 15:42:28.8 UTC-06:00,2025-07-15 15:42:31.8 UTC-06:00,16,1.2,1.4,468408.098,4313299.048,2424.969,-105.3646731,38.96809284,2410.942,340.091,,NAD83(2011) / UTM zone 13N + NAVD88(GEOID18) height,6,7,5,7,0,4313268.3719999995,468070.367,2427.4230000000002,POINT Z (468070.367 4313268.3719999995 2427.4230000000002)
182,182,183,,468069.635,4313267.767,2427.456,,-105.3685785,38.96779869,2413.436,Global,0.011,0.01,0.01,0.015,1.734,m,FIX,RTK,2025-07-15 15:42:40.0 UTC-06:00,2025-07-15 15:42:43.0 UTC-06:00,16,1.2,1.4,468408.098,4313299.048,2424.969,-105.3646731,38.96809284,2410.942,340.193,,NAD83(2011) / UTM zone 13N + NAVD88(GEOID18) height,6,7,5,8,0,4313267.987,468070.309,2427.7180000000003,POINT Z (468070.309 4313267.987 2427.7180000000003)
183,183,184,,468069.65,4313267.64,2427.601,,-105.3685783,38.96779755,2413.58,Global,0.01,0.011,0.01,0.015,1.734,m,FIX,RTK,2025-07-15 15:43:11.6 UTC-06:00,2025-07-15 15:43:14.6 UTC-06:00,16,1.2,1.4,468408.098,4313299.048,2424.969,-105.3646731,38.96809284,2410.942,340.183,,NAD83(2011) / UTM zone 13N + NAVD88(GEOID18) height,5,7,6,7,0,4313267.859999999,468070.324,2427.8630000000003,POINT Z (468070.324 4313267.859999999 2427.8630000000003)
184,184,185,,468069.656,4313267.64,2427.6,,-105.3685782,38.96779755,2413.58,Global,0.012,0.011,0.012,0.016,1.734,m,FIX,RTK,2025-07-15 15:43:31.2 UTC-06:00,2025-07-15 15:44:01.2 UTC-06:00,151,1.2,1.4,468408.098,4313299.048,2424.969,-105.3646731,38.96809284,2410.942,340.185,,NAD83(2011) / UTM zone 13N + NAVD88(GEOID18) height,5,7,5,7,0,4313267.859999999,468070.33,2427.862,POINT Z (468070.33 4313267.859999999 2427.862)
185,185,186,,468069.517,4313267.713,2427.522,,-105.3685798,38.9677982,2413.501,Global,0.011,0.011,0.01,0.016,1.734,m,FIX,RTK,2025-07-15 15:44:24.0 UTC-06:00,2025-07-15 15:44:27.0 UTC-06:00,16,1.2,1.4,468408.098,4313299.048,2424.969,-105.3646731,38.96809284,2410.942,340.312,,NAD83(2011) / UTM zone 13N + NAVD88(GEOID18) height,6,7,5,7,0,4313267.933,468070.191,2427.784,POINT Z (468070.191 4313267.933 2427.784)
186,186,187,,468069.68,4313267.759,2427.469,,-105.368578,38.96779861,2413.448,Global,0.01,0.011,0.011,0.015,1.734,m,FIX,RTK,2025-07-15 15:44:35.6 UTC-06:00,2025-07-15 15:44:38.6 UTC-06:00,16,1.2,1.4,468408.098,4313299.048,2424.969,-105.3646731,38.96809284,2410.942,340.15,,NAD83(2011) / UTM zone 13N + NAVD88(GEOID18) height,6,7,5,8,0,4313267.978999999,468070.354,2427.731,POINT Z (468070.354 4313267.978999999 2427.731)
187,187,188,,468069.799,4313267.576,2427.556,,-105.3685766,38.96779697,2413.535,Global,0.01,0.01,0.012,0.015,1.734,m,FIX,RTK,2025-07-15 15:44:47.8 UTC-06:00,2025-07-15 15:44:50.8 UTC-06:00,16,1.2,1.4,468408.098,4313299.048,2424.969,-105.3646731,38.96809284,2410.942,340.047,,NAD83(2011) / UTM zone 13N + NAVD88(GEOID18) height,5,7,6,8,0,4313267.796,468070.473,2427.818,POINT Z (468070.473 4313267.796 2427.818)
188,188,189,,468069.625,4313267.503,2427.661,,-105.3685786,38.9677963,2413.641,Global,0.01,0.01,0.011,0.015,1.734,m,FIX,RTK,2025-07-15 15:45:05.6 UTC-06:00,2025-07-15 15:45:08.6 UTC-06:00,16,1.2,1.4,468408.098,4313299.048,2424.969,-105.3646731,38.96809284,2410.942,340.229,,NAD83(2011) / UTM zone 13N + NAVD88(GEOID18) height,6,7,6,8,0,4313267.722999999,468070.299,2427.9230000000002,POINT Z (468070.299 4313267.722999999 2427.9230000000002)
189,189,190,,468069.658,4313267.649,2427.599,,-105.3685782,38.96779762,2413.579,Global,0.01,0.01,0.01,0.015,1.734,m,FIX,RTK,2025-07-15 15:45:23.4 UTC-06:00,2025-07-15 15:45:26.4 UTC-06:00,16,1.2,1.4,468408.098,4313299.048,2424.969,-105.3646731,38.96809284,2410.942,340.183,,NAD83(2011) / UTM zone 13N + NAVD88(GEOID18) height,6,6,6,8,0,4313267.869,468070.332,2427.8610000000003,POINT Z (468070.332 4313267.869 2427.8610000000003)
190,190,1,,468131.512,4313276.301,2419.904,,-105.3678646,38.96787784,2405.882,Global,0.01,0.012,0.011,0.016,1.934,m,FIX,RTK,2025-07-15 16:14:49.2 UTC-06:00,2025-07-15 16:14:52.2 UTC-06:00,16,1.3,1.5,468408.098,4313299.048,2424.969,-105.3646731,38.96809284,2410.942,277.75,,NAD83(2011) / UTM zone 13N + NAVD88(GEOID18) height,6,7,6,6,0,4313276.521,468132.186,2420.166,POINT Z (468132.186 4313276.521 2420.166)
191,191,2,,468131.521,4313276.295,2419.899,,-105.3678645,38.96787779,2405.877,Global,0.01,0.011,0.013,0.015,1.934,m,FIX,RTK,2025-07-15 16:15:30.6 UTC-06:00,2025-07-15 16:16:00.6 UTC-06:00,151,1.3,1.5,468408.098,4313299.048,2424.969,-105.3646731,38.96809284,2410.942,277.74,,NAD83(2011) / UTM zone 13N + NAVD88(GEOID18) height,5,7,6,6,0,4313276.515,468132.195,2420.161,POINT Z (468132.195 4313276.515 2420.161)
192,192,3,,468131.372,4313276.308,2419.839,,-105.3678663,38.9678779,2405.817,Global,0.011,0.011,0.011,0.015,1.934,m,FIX,RTK,2025-07-15 16:16:15.8 UTC-06:00,2025-07-15 16:16:18.8 UTC-06:00,16,1.3,1.5,468408.098,4313299.048,2424.969,-105.3646731,38.96809284,2410.942,277.897,,NAD83(2011) / UTM zone 13N + NAVD88(GEOID18) height,5,7,6,6,0,4313276.528,468132.046,2420.101,POINT Z (468132.046 4313276.528 2420.101)
193,193,4,,468131.54,4313276.418,2419.775,,-105.3678643,38.9678789,2405.753,Global,0.01,0.012,0.013,0.016,1.934,m,FIX,RTK,2025-07-15 16:16:23.8 UTC-06:00,2025-07-15 16:16:26.8 UTC-06:00,16,1.3,1.5,468408.098,4313299.048,2424.969,-105.3646731,38.96809284,2410.942,277.714,,NAD83(2011) / UTM zone 13N + NAVD88(GEOID18) height,6,7,6,6,0,4313276.637999999,468132.214,2420.0370000000003,POINT Z (468132.214 4313276.637999999 2420.0370000000003)
194,194,5,,468131.741,4313276.279,2419.841,,-105.367862,38.96787765,2405.819,Global,0.023,0.024,0.011,0.033,1.934,m,FIX,RTK,2025-07-15 16:16:32.2 UTC-06:00,2025-07-15 16:16:35.2 UTC-06:00,16,1.3,1.5,468408.098,4313299.048,2424.969,-105.3646731,38.96809284,2410.942,277.516,,NAD83(2011) / UTM zone 13N + NAVD88(GEOID18) height,6,7,6,6,0,4313276.499,468132.415,2420.103,POINT Z (468132.415 4313276.499 2420.103)
195,195,6,,468131.489,4313276.087,2419.887,,-105.3678649,38.96787591,2405.865,Global,0.01,0.01,0.023,0.015,1.934,m,FIX,RTK,2025-07-15 16:16:40.8 UTC-06:00,2025-07-15 16:16:43.8 UTC-06:00,16,1.3,1.5,468408.098,4313299.048,2424.969,-105.3646731,38.96809284,2410.942,277.785,,NAD83(2011) / UTM zone 13N + NAVD88(GEOID18) height,5,7,6,6,0,4313276.307,468132.163,2420.1490000000003,POINT Z (468132.163 4313276.307 2420.1490000000003)
196,196,7,,468131.529,4313276.298,2419.891,,-105.3678644,38.96787782,2405.869,Global,0.012,0.01,0.011,0.016,1.934,m,FIX,RTK,2025-07-15 16:16:51.8 UTC-06:00,2025-07-15 16:16:54.8 UTC-06:00,16,1.3,1.5,468408.098,4313299.048,2424.969,-105.3646731,38.96809284,2410.942,277.743,,NAD83(2011) / UTM zone 13N + NAVD88(GEOID18) height,5,7,6,6,0,4313276.518,468132.203,2420.1530000000002,POINT Z (468132.203 4313276.518 2420.1530000000002)
197,197,8,,468131.595,4313276.509,2419.764,,-105.3678637,38.96787972,2405.742,Global,0.01,0.017,0.012,0.02,1.934,m,FIX,RTK,2025-07-15 16:17:14.2 UTC-06:00,2025-07-15 16:17:17.2 UTC-06:00,16,1.3,1.5,468408.098,4313299.048,2424.969,-105.3646731,38.96809284,2410.942,277.655,,NAD83(2011) / UTM zone 13N + NAVD88(GEOID18) height,5,7,6,6,0,4313276.728999999,468132.269,2420.0260000000003,POINT Z (468132.269 4313276.728999999 2420.0260000000003)
198,198,9,,468131.627,4313276.705,2419.733,,-105.3678633,38.96788149,2405.711,Global,0.01,0.011,0.011,0.015,1.934,m,FIX,RTK,2025-07-15 16:17:23.4 UTC-06:00,2025-07-15 16:17:26.4 UTC-06:00,16,1.3,1.5,468408.098,4313299.048,2424.969,-105.3646731,38.96809284,2410.942,277.603,,NAD83(2011) / UTM zone 13N + NAVD88(GEOID18) height,5,7,6,6,0,4313276.925,468132.301,2419.9950000000003,POINT Z (468132.301 4313276.925 2419.9950000000003)
199,199,10,,468131.659,4313276.914,2419.683,,-105.367863,38.96788337,2405.661,Global,0.011,0.011,0.015,0.015,1.934,m,FIX,RTK,2025-07-15 16:17:33.4 UTC-06:00,2025-07-15 16:17:36.4 UTC-06:00,16,1.3,1.5,468408.098,4313299.048,2424.969,-105.3646731,38.96809284,2410.942,277.553,,NAD83(2011) / UTM zone 13N + NAVD88(GEOID18) height,6,7,6,6,0,4313277.134,468132.333,2419.945,POINT Z (468132.333 4313277.134 2419.945)
200,200,11,,468131.705,4313277.093,2419.594,,-105.3678624,38.96788499,2405.572,Global,0.011,0.012,0.012,0.016,1.934,m,FIX,RTK,2025-07-15 16:17:44.6 UTC-06:00,2025-07-15 16:17:47.6 UTC-06:00,16,1.3,1.5,468408.098,4313299.048,2424.969,-105.3646731,38.96809284,2410.942,277.501,,NAD83(2011) / UTM zone 13N + NAVD88(GEOID18) height,5,7,6,6,0,4313277.313,468132.379,2419.856,POINT Z (468132.379 4313277.313 2419.856)
201,201,12,,468131.695,4313277.249,2419.546,,-105.3678626,38.96788639,2405.524,Global,0.011,0.01,0.011,0.015,1.934,m,FIX,RTK,2025-07-15 16:17:57.8 UTC-06:00,2025-07-15 16:18:00.8 UTC-06:00,16,1.3,1.5,468408.098,4313299.048,2424.969,-105.3646731,38.96809284,2410.942,277.495,,NAD83(2011) / UTM zone 13N + NAVD88(GEOID18) height,5,7,6,6,0,4313277.469,468132.369,2419.808,POINT Z (468132.369 4313277.469 2419.808)
202,202,13,,468131.705,4313277.488,2419.514,,-105.3678625,38.96788854,2405.492,Global,0.011,0.011,0.017,0.016,1.934,m,FIX,RTK,2025-07-15 16:18:10.6 UTC-06:00,2025-07-15 16:18:13.6 UTC-06:00,16,1.3,1.5,468408.098,4313299.048,2424.969,-105.3646731,38.96809284,2410.942,277.473,,NAD83(2011) / UTM zone 13N + NAVD88(GEOID18) height,5,7,6,6,0,4313277.708,468132.379,2419.7760000000003,POINT Z (468132.379 4313277.708 2419.7760000000003)
203,203,14,,468131.715,4313277.647,2419.419,,-105.3678624,38.96788998,2405.397,Global,0.011,0.011,0.012,0.016,1.934,m,FIX,RTK,2025-07-15 16:18:19.8 UTC-06:00,2025-07-15 16:18:22.8 UTC-06:00,16,1.3,1.5,468408.098,4313299.048,2424.969,-105.3646731,38.96809284,2410.942,277.447,,NAD83(2011) / UTM zone 13N + NAVD88(GEOID18) height,5,7,6,6,0,4313277.867,468132.389,2419.681,POINT Z (468132.389 4313277.867 2419.681)
204,204,15,,468131.683,4313277.862,2419.28,,-105.3678627,38.96789191,2405.258,Global,0.011,0.014,0.016,0.018,1.934,m,FIX,RTK,2025-07-15 16:18:31.6 UTC-06:00,2025-07-15 16:18:34.6 UTC-06:00,16,1.3,1.5,468408.098,4313299.048,2424.969,-105.3646731,38.96809284,2410.942,277.46,,NAD83(2011) / UTM zone 13N + NAVD88(GEOID18) height,6,7,6,6,0,4313278.0819999995,468132.357,2419.5420000000004,POINT Z (468132.357 4313278.0819999995 2419.5420000000004)
205,205,16,,468131.641,4313278.006,2419.201,,-105.3678632,38.96789321,2405.179,Global,0.014,0.011,0.016,0.018,1.934,m,FIX,RTK,2025-07-15 16:18:41.6 UTC-06:00,2025-07-15 16:18:44.6 UTC-06:00,16,1.4,1.6,468408.098,4313299.048,2424.969,-105.3646731,38.96809284,2410.942,277.502,,NAD83(2011) / UTM zone 13N + NAVD88(GEOID18) height,4,7,6,6,0,4313278.226,468132.315,2419.463,POINT Z (468132.315 4313278.226 2419.463)
206,206,17,,468131.647,4313278.279,2419.086,,-105.3678632,38.96789567,2405.064,Global,0.01,0.013,0.012,0.016,1.934,m,FIX,RTK,2025-07-15 16:18:53.8 UTC-06:00,2025-07-15 16:18:56.8 UTC-06:00,16,1.4,1.6,468408.098,4313299.048,2424.969,-105.3646731,38.96809284,2410.942,277.475,,NAD83(2011) / UTM zone 13N + NAVD88(GEOID18) height,4,7,6,6,0,4313278.499,468132.321,2419.348,POINT Z (468132.321 4313278.499 2419.348)
207,207,18,,468131.677,4313278.468,2418.983,,-105.3678628,38.96789738,2404.961,Global,0.012,0.017,0.016,0.021,1.934,m,FIX,RTK,2025-07-15 16:19:03.8 UTC-06:00,2025-07-15 16:19:06.8 UTC-06:00,16,1.3,1.5,468408.098,4313299.048,2424.969,-105.3646731,38.96809284,2410.942,277.433,,NAD83(2011) / UTM zone 13N + NAVD88(GEOID18) height,4,7,6,6,0,4313278.688,468132.351,2419.2450000000003,POINT Z (468132.351 4313278.688 2419.2450000000003)
208,208,19,,468131.658,4313278.544,2418.745,,-105.3678631,38.96789806,2404.723,Global,0.011,0.011,0.014,0.016,1.934,m,FIX,RTK,2025-07-15 16:19:22.2 UTC-06:00,2025-07-15 16:19:25.2 UTC-06:00,16,1.4,1.6,468408.098,4313299.048,2424.969,-105.3646731,38.96809284,2410.942,277.445,,NAD83(2011) / UTM zone 13N + NAVD88(GEOID18) height,5,7,6,6,0,4313278.7639999995,468132.332,2419.007,POINT Z (468132.332 4313278.7639999995 2419.007)
209,209,20,,468131.706,4313278.537,2418.644,,-105.3678625,38.967898,2404.622,Global,0.011,0.013,0.013,0.017,1.934,m,FIX,RTK,2025-07-15 16:19:32.6 UTC-06:00,2025-07-15 16:19:35.6 UTC-06:00,16,1.4,1.6,468408.098,4313299.048,2424.969,-105.3646731,38.96809284,2410.942,277.39,,NAD83(2011) / UTM zone 13N + NAVD88(GEOID18) height,5,7,6,6,0,4313278.756999999,468132.38,2418.906,POINT Z (468132.38 4313278.756999999 2418.906)
210,210,21,,468131.727,4313278.66,2418.558,,-105.3678623,38.96789911,2404.536,Global,0.012,0.012,0.015,0.017,1.934,m,FIX,RTK,2025-07-15 16:19:58.2 UTC-06:00,2025-07-15 16:20:01.2 UTC-06:00,16,1.4,1.6,468408.098,4313299.048,2424.969,-105.3646731,38.96809284,2410.942,277.377,,NAD83(2011) / UTM zone 13N + NAVD88(GEOID18) height,4,7,6,6,0,4313278.88,468132.401,2418.82,POINT Z (468132.401 4313278.88 2418.82)
211,211,22,,468131.746,4313278.793,2418.527,,-105.3678621,38.9679003,2404.505,Global,0.011,0.011,0.018,0.016,1.934,m,FIX,RTK,2025-07-15 16:20:05.8 UTC-06:00,2025-07-15 16:20:08.8 UTC-06:00,16,1.4,1.6,468408.098,4313299.048,2424.969,-105.3646731,38.96809284,2410.942,277.341,,NAD83(2011) / UTM zone 13N + NAVD88(GEOID18) height,6,7,6,6,0,4313279.012999999,468132.42,2418.789,POINT Z (468132.42 4313279.012999999 2418.789)
212,212,23,,468131.771,4313279.021,2418.469,,-105.3678618,38.96790236,2404.447,Global,0.012,0.012,0.018,0.017,1.934,m,FIX,RTK,2025-07-15 16:20:13.4 UTC-06:00,2025-07-15 16:20:16.4 UTC-06:00,16,1.4,1.6,468408.098,4313299.048,2424.969,-105.3646731,38.96809284,2410.942,277.308,,NAD83(2011) / UTM zone 13N + NAVD88(GEOID18) height,5,7,6,6,0,4313279.240999999,468132.445,2418.731,POINT Z (468132.445 4313279.240999999 2418.731)
213,213,24,,468131.759,4313279.205,2418.182,,-105.3678619,38.96790402,2404.161,Global,0.01,0.01,0.018,0.015,1.934,m,FIX,RTK,2025-07-15 16:20:33.8 UTC-06:00,2025-07-15 16:20:36.8 UTC-06:00,16,1.5,1.8,468408.098,4313299.048,2424.969,-105.3646731,38.96809284,2410.942,277.307,,NAD83(2011) / UTM zone 13N + NAVD88(GEOID18) height,4,7,6,6,0,4313279.425,468132.433,2418.444,POINT Z (468132.433 4313279.425 2418.444)
214,214,25,,468131.833,4313279.419,2418.093,,-105.3678611,38.96790595,2404.071,Global,0.013,0.015,0.015,0.019,1.934,m,FIX,RTK,2025-07-15 16:20:42.4 UTC-06:00,2025-07-15 16:20:45.4 UTC-06:00,16,1.5,1.8,468408.098,4313299.048,2424.969,-105.3646731,38.96809284,2410.942,277.215,,NAD83(2011) / UTM zone 13N + NAVD88(GEOID18) height,4,7,6,6,0,4313279.6389999995,468132.507,2418.355,POINT Z (468132.507 4313279.6389999995 2418.355)
215,215,26,,468131.883,4313279.628,2418.058,,-105.3678605,38.96790784,2404.036,Global,0.014,0.014,0.013,0.02,1.934,m,FIX,RTK,2025-07-15 16:20:51.0 UTC-06:00,2025-07-15 16:20:54.0 UTC-06:00,16,1.5,1.8,468408.098,4313299.048,2424.969,-105.3646731,38.96809284,2410.942,277.152,,NAD83(2011) / UTM zone 13N + NAVD88(GEOID18) height,4,7,6,6,0,4313279.847999999,468132.557,2418.32,POINT Z (468132.557 4313279.847999999 2418.32)
216,216,27,,468131.969,4313279.796,2417.95,,-105.3678595,38.96790935,2403.928,Global,0.01,0.011,0.017,0.015,1.934,m,FIX,RTK,2025-07-15 16:21:03.8 UTC-06:00,2025-07-15 16:21:06.8 UTC-06:00,16,1.6,1.9,468408.098,4313299.048,2424.969,-105.3646731,38.96809284,2410.942,277.06,,NAD83(2011) / UTM zone 13N + NAVD88(GEOID18) height,4,7,6,6,0,4313280.016,468132.643,2418.212,POINT Z (468132.643 4313280.016 2418.212)
217,217,28,,468131.916,4313280.015,2417.889,,-105.3678601,38.96791133,2403.867,Global,0.011,0.01,0.017,0.015,1.934,m,FIX,RTK,2025-07-15 16:21:20.6 UTC-06:00,2025-07-15 16:21:23.6 UTC-06:00,16,1.6,1.9,468408.098,4313299.048,2424.969,-105.3646731,38.96809284,2410.942,277.097,,NAD83(2011) / UTM zone 13N + NAVD88(GEOID18) height,4,7,6,6,0,4313280.234999999,468132.59,2418.1510000000003,POINT Z (468132.59 4313280.234999999 2418.1510000000003)
218,218,29,,468131.919,4313280.249,2417.904,,-105.3678601,38.96791344,2403.882,Global,0.013,0.011,0.017,0.017,1.934,m,FIX,RTK,2025-07-15 16:21:29.8 UTC-06:00,2025-07-15 16:21:32.8 UTC-06:00,16,1.6,1.9,468408.098,4313299.048,2424.969,-105.3646731,38.96809284,2410.942,277.072,,NAD83(2011) / UTM zone 13N + NAVD88(GEOID18) height,4,7,6,7,0,4313280.469,468132.593,2418.166,POINT Z (468132.593 4313280.469 2418.166)
219,219,30,,468131.953,4313280.494,2417.959,,-105.3678597,38.96791564,2403.937,Global,0.012,0.012,0.015,0.017,1.934,m,FIX,RTK,2025-07-15 16:21:43.2 UTC-06:00,2025-07-15 16:21:46.2 UTC-06:00,16,1.6,1.9,468408.098,4313299.048,2424.969,-105.3646731,38.96809284,2410.942,277.034,,NAD83(2011) / UTM zone 13N + NAVD88(GEOID18) height,4,7,6,6,0,4313280.714,468132.627,2418.221,POINT Z (468132.627 4313280.714 2418.221)
220,220,31,,468131.997,4313280.663,2417.966,,-105.3678592,38.96791717,2403.944,Global,0.011,0.012,0.013,0.016,1.934,m,FIX,RTK,2025-07-15 16:21:57.4 UTC-06:00,2025-07-15 16:22:00.4 UTC-06:00,16,1.6,1.9,468408.098,4313299.048,2424.969,-105.3646731,38.96809284,2410.942,276.978,,NAD83(2011) / UTM zone 13N + NAVD88(GEOID18) height,4,7,6,6,0,4313280.882999999,468132.671,2418.228,POINT Z (468132.671 4313280.882999999 2418.228)
221,221,32,,468131.942,4313280.961,2417.973,,-105.3678599,38.96791985,2403.951,Global,0.011,0.01,0.012,0.015,1.934,m,FIX,RTK,2025-07-15 16:22:11.8 UTC-06:00,2025-07-15 16:22:14.8 UTC-06:00,16,1.6,1.9,468408.098,4313299.048,2424.969,-105.3646731,38.96809284,2410.942,276.995,,NAD83(2011) / UTM zone 13N + NAVD88(GEOID18) height,4,7,6,6,0,4313281.181,468132.616,2418.235,POINT Z (468132.616 4313281.181 2418.235)
222,222,33,,468131.941,4313281.104,2418.067,,-105.3678599,38.96792114,2404.045,Global,0.015,0.014,0.013,0.02,1.934,m,FIX,RTK,2025-07-15 16:22:18.8 UTC-06:00,2025-07-15 16:22:21.8 UTC-06:00,15,1.6,1.9,468408.098,4313299.048,2424.969,-105.3646731,38.96809284,2410.942,277.009,,NAD83(2011) / UTM zone 13N + NAVD88(GEOID18) height,4,7,6,6,0,4313281.324,468132.615,2418.329,POINT Z (468132.615 4313281.324 2418.329)
223,223,34,,468131.952,4313281.31,2418.147,,-105.3678598,38.96792299,2404.126,Global,0.013,0.013,0.016,0.018,1.934,m,FIX,RTK,2025-07-15 16:22:35.8 UTC-06:00,2025-07-15 16:22:38.8 UTC-06:00,16,1.6,1.9,468408.098,4313299.048,2424.969,-105.3646731,38.96809284,2410.942,276.969,,NAD83(2011) / UTM zone 13N + NAVD88(GEOID18) height,4,7,6,6,0,4313281.529999999,468132.626,2418.409,POINT Z (468132.626 4313281.529999999 2418.409)
224,224,35,,468131.99,4313281.471,2418.171,,-105.3678594,38.96792445,2404.149,Global,0.019,0.012,0.013,0.023,1.934,m,FIX,RTK,2025-07-15 16:22:44.2 UTC-06:00,2025-07-15 16:22:47.2 UTC-06:00,16,1.6,1.9,468408.098,4313299.048,2424.969,-105.3646731,38.96809284,2410.942,276.938,,NAD83(2011) / UTM zone 13N + NAVD88(GEOID18) height,4,7,6,6,0,4313281.691,468132.664,2418.433,POINT Z (468132.664 4313281.691 2418.433)
225,225,36,,468132.052,4313281.671,2418.172,,-105.3678587,38.96792625,2404.15,Global,0.011,0.015,0.011,0.019,1.934,m,FIX,RTK,2025-07-15 16:22:51.6 UTC-06:00,2025-07-15 16:22:54.6 UTC-06:00,16,1.6,1.9,468408.098,4313299.048,2424.969,-105.3646731,38.96809284,2410.942,276.846,,NAD83(2011) / UTM zone 13N + NAVD88(GEOID18) height,4,8,6,6,0,4313281.891,468132.726,2418.434,POINT Z (468132.726 4313281.891 2418.434)
226,226,37,,468132.027,4313281.866,2418.259,,-105.367859,38.96792801,2404.237,Global,0.015,0.013,0.013,0.02,1.934,m,FIX,RTK,2025-07-15 16:23:00.4 UTC-06:00,2025-07-15 16:23:03.4 UTC-06:00,16,1.6,1.9,468408.098,4313299.048,2424.969,-105.3646731,38.96809284,2410.942,276.871,,NAD83(2011) / UTM zone 13N + NAVD88(GEOID18) height,5,7,6,6,0,4313282.086,468132.701,2418.521,POINT Z (468132.701 4313282.086 2418.521)
227,227,38,,468132.096,4313282.021,2418.258,,-105.3678582,38.96792941,2404.236,Global,0.012,0.015,0.013,0.019,1.934,m,FIX,RTK,2025-07-15 16:23:13.0 UTC-06:00,2025-07-15 16:23:16.0 UTC-06:00,16,1.6,1.9,468408.098,4313299.048,2424.969,-105.3646731,38.96809284,2410.942,276.789,,NAD83(2011) / UTM zone 13N + NAVD88(GEOID18) height,6,7,6,6,0,4313282.240999999,468132.77,2418.52,POINT Z (468132.77 4313282.240999999 2418.52)
228,228,39,,468132.08,4313282.199,2418.266,,-105.3678584,38.96793101,2404.244,Global,0.012,0.013,0.021,0.018,1.934,m,FIX,RTK,2025-07-15 16:23:24.0 UTC-06:00,2025-07-15 16:23:27.0 UTC-06:00,16,1.6,1.9,468408.098,4313299.048,2424.969,-105.3646731,38.96809284,2410.942,276.773,,NAD83(2011) / UTM zone 13N + NAVD88(GEOID18) height,7,7,6,6,0,4313282.419,468132.754,2418.5280000000002,POINT Z (468132.754 4313282.419 2418.5280000000002)
229,229,40,,468132.143,4313282.433,2418.23,,-105.3678576,38.96793312,2404.208,Global,0.012,0.012,0.014,0.017,1.934,m,FIX,RTK,2025-07-15 16:23:33.0 UTC-06:00,2025-07-15 16:23:36.0 UTC-06:00,16,1.6,1.9,468408.098,4313299.048,2424.969,-105.3646731,38.96809284,2410.942,276.701,,NAD83(2011) / UTM zone 13N + NAVD88(GEOID18) height,6,8,6,6,0,4313282.653,468132.817,2418.492,POINT Z (468132.817 4313282.653 2418.492)
230,230,41,,468132.141,4313282.686,2418.215,,-105.3678577,38.9679354,2404.193,Global,0.017,0.012,0.015,0.021,1.934,m,FIX,RTK,2025-07-15 16:23:42.0 UTC-06:00,2025-07-15 16:23:45.0 UTC-06:00,16,1.6,1.9,468408.098,4313299.048,2424.969,-105.3646731,38.96809284,2410.942,276.682,,NAD83(2011) / UTM zone 13N + NAVD88(GEOID18) height,5,8,6,7,0,4313282.9059999995,468132.815,2418.4770000000003,POINT Z (468132.815 4313282.9059999995 2418.4770000000003)
231,231,42,,468132.154,4313282.846,2418.24,,-105.3678575,38.96793684,2404.218,Global,0.011,0.012,0.013,0.016,1.934,m,FIX,RTK,2025-07-15 16:23:50.6 UTC-06:00,2025-07-15 16:23:53.6 UTC-06:00,16,1.6,1.9,468408.098,4313299.048,2424.969,-105.3646731,38.96809284,2410.942,276.677,,NAD83(2011) / UTM zone 13N + NAVD88(GEOID18) height,6,8,6,6,0,4313283.066,468132.828,2418.502,POINT Z (468132.828 4313283.066 2418.502)
232,232,43,,468132.208,4313283.069,2418.272,,-105.3678569,38.96793885,2404.25,Global,0.011,0.011,0.015,0.015,1.934,m,FIX,RTK,2025-07-15 16:24:22.6 UTC-06:00,2025-07-15 16:24:25.6 UTC-06:00,16,1.6,1.9,468408.098,4313299.048,2424.969,-105.3646731,38.96809284,2410.942,276.598,,NAD83(2011) / UTM zone 13N + NAVD88(GEOID18) height,5,8,6,6,0,4313283.289,468132.882,2418.534,POINT Z (468132.882 4313283.289 2418.534)
233,233,44,,468132.217,4313283.239,2418.275,,-105.3678568,38.96794039,2404.253,Global,0.012,0.011,0.014,0.016,1.934,m,FIX,RTK,2025-07-15 16:24:30.4 UTC-06:00,2025-07-15 16:24:33.4 UTC-06:00,16,1.6,1.9,468408.098,4313299.048,2424.969,-105.3646731,38.96809284,2410.942,276.591,,NAD83(2011) / UTM zone 13N + NAVD88(GEOID18) height,4,8,6,6,0,4313283.459,468132.891,2418.5370000000003,POINT Z (468132.891 4313283.459 2418.5370000000003)
234,234,45,,468132.241,4313283.508,2418.4,,-105.3678566,38.96794281,2404.378,Global,0.012,0.01,0.012,0.016,1.934,m,FIX,RTK,2025-07-15 16:24:38.8 UTC-06:00,2025-07-15 16:24:41.8 UTC-06:00,16,1.4,1.6,468408.098,4313299.048,2424.969,-105.3646731,38.96809284,2410.942,276.533,,NAD83(2011) / UTM zone 13N + NAVD88(GEOID18) height,4,8,6,6,0,4313283.728,468132.915,2418.6620000000003,POINT Z (468132.915 4313283.728 2418.6620000000003)
235,235,46,,468132.227,4313283.637,2418.421,,-105.3678567,38.96794397,2404.399,Global,0.012,0.019,0.011,0.022,1.934,m,FIX,RTK,2025-07-15 16:24:49.2 UTC-06:00,2025-07-15 16:24:52.2 UTC-06:00,16,1.4,1.6,468408.098,4313299.048,2424.969,-105.3646731,38.96809284,2410.942,276.552,,NAD83(2011) / UTM zone 13N + NAVD88(GEOID18) height,5,8,6,6,0,4313283.857,468132.901,2418.683,POINT Z (468132.901 4313283.857 2418.683)
236,236,47,,468132.261,4313283.865,2418.474,,-105.3678563,38.96794603,2404.452,Global,0.012,0.015,0.012,0.019,1.934,m,FIX,RTK,2025-07-15 16:24:57.4 UTC-06:00,2025-07-15 16:25:00.4 UTC-06:00,16,1.4,1.6,468408.098,4313299.048,2424.969,-105.3646731,38.96809284,2410.942,276.51,,NAD83(2011) / UTM zone 13N + NAVD88(GEOID18) height,5,8,6,6,0,4313284.085,468132.935,2418.7360000000003,POINT Z (468132.935 4313284.085 2418.7360000000003)
237,237,48,,468132.332,4313284.212,2418.482,,-105.3678555,38.96794916,2404.46,Global,0.011,0.012,0.012,0.016,1.934,m,FIX,RTK,2025-07-15 16:25:07.6 UTC-06:00,2025-07-15 16:25:10.6 UTC-06:00,16,1.6,1.9,468408.098,4313299.048,2424.969,-105.3646731,38.96809284,2410.942,276.422,,NAD83(2011) / UTM zone 13N + NAVD88(GEOID18) height,5,8,6,6,0,4313284.432,468133.006,2418.744,POINT Z (468133.006 4313284.432 2418.744)
238,238,49,,468132.353,4313284.399,2418.479,,-105.3678553,38.96795084,2404.457,Global,0.013,0.013,0.014,0.019,1.934,m,FIX,RTK,2025-07-15 16:25:19.4 UTC-06:00,2025-07-15 16:25:22.4 UTC-06:00,16,1.6,1.9,468408.098,4313299.048,2424.969,-105.3646731,38.96809284,2410.942,276.391,,NAD83(2011) / UTM zone 13N + NAVD88(GEOID18) height,6,8,6,6,0,4313284.619,468133.027,2418.741,POINT Z (468133.027 4313284.619 2418.741)
239,239,50,,468132.276,4313284.573,2417.911,,-105.3678562,38.96795241,2403.889,Global,0.01,0.013,0.011,0.016,1.934,m,FIX,RTK,2025-07-15 16:25:38.0 UTC-06:00,2025-07-15 16:25:41.0 UTC-06:00,16,1.4,1.6,468408.098,4313299.048,2424.969,-105.3646731,38.96809284,2410.942,276.46,,NAD83(2011) / UTM zone 13N + NAVD88(GEOID18) height,6,8,6,6,0,4313284.793,468132.95,2418.1730000000002,POINT Z (468132.95 4313284.793 2418.1730000000002)
240,240,51,,468132.295,4313284.728,2417.85,,-105.367856,38.9679538,2403.828,Global,0.015,0.014,0.013,0.02,1.934,m,FIX,RTK,2025-07-15 16:26:35.2 UTC-06:00,2025-07-15 16:26:38.2 UTC-06:00,16,1.5,1.8,468408.098,4313299.048,2424.969,-105.3646731,38.96809284,2410.942,276.433,,NAD83(2011) / UTM zone 13N + NAVD88(GEOID18) height,6,8,6,6,0,4313284.948,468132.969,2418.112,POINT Z (468132.969 4313284.948 2418.112)
241,241,52,,468132.331,4313284.986,2417.826,,-105.3678556,38.96795614,2403.804,Global,0.013,0.012,0.013,0.018,1.934,m,FIX,RTK,2025-07-15 16:26:44.8 UTC-06:00,2025-07-15 16:26:47.8 UTC-06:00,16,1.5,1.8,468408.098,4313299.048,2424.969,-105.3646731,38.96809284,2410.942,276.384,,NAD83(2011) / UTM zone 13N + NAVD88(GEOID18) height,6,8,6,6,0,4313285.205999999,468133.005,2418.088,POINT Z (468133.005 4313285.205999999 2418.088)
242,242,53,,468132.344,4313285.204,2417.758,,-105.3678554,38.96795809,2403.736,Global,0.011,0.011,0.015,0.015,1.934,m,FIX,RTK,2025-07-15 16:26:58.6 UTC-06:00,2025-07-15 16:27:01.6 UTC-06:00,16,1.5,1.8,468408.098,4313299.048,2424.969,-105.3646731,38.96809284,2410.942,276.354,,NAD83(2011) / UTM zone 13N + NAVD88(GEOID18) height,6,8,6,6,0,4313285.424,468133.018,2418.02,POINT Z (468133.018 4313285.424 2418.02)
243,243,54,,468132.343,4313285.453,2417.776,,-105.3678555,38.96796034,2403.754,Global,0.011,0.011,0.014,0.015,1.934,m,FIX,RTK,2025-07-15 16:27:19.8 UTC-06:00,2025-07-15 16:27:22.8 UTC-06:00,16,1.8,2.1,468408.098,4313299.048,2424.969,-105.3646731,38.96809284,2410.942,276.344,,NAD83(2011) / UTM zone 13N + NAVD88(GEOID18) height,5,8,6,6,0,4313285.6729999995,468133.017,2418.038,POINT Z (468133.017 4313285.6729999995 2418.038)
244,244,55,,468132.434,4313285.608,2417.766,,-105.3678544,38.96796174,2403.744,Global,0.013,0.01,0.017,0.016,1.934,m,FIX,RTK,2025-07-15 16:27:27.8 UTC-06:00,2025-07-15 16:27:30.8 UTC-06:00,16,1.8,2.1,468408.098,4313299.048,2424.969,-105.3646731,38.96809284,2410.942,276.238,,NAD83(2011) / UTM zone 13N + NAVD88(GEOID18) height,6,8,6,6,0,4313285.828,468133.108,2418.0280000000002,POINT Z (468133.108 4313285.828 2418.0280000000002)
245,245,56,,468132.436,4313285.788,2417.719,,-105.3678544,38.96796337,2403.697,Global,0.011,0.011,0.017,0.015,1.934,m,FIX,RTK,2025-07-15 16:27:50.2 UTC-06:00,2025-07-15 16:27:53.2 UTC-06:00,16,1.5,1.8,468408.098,4313299.048,2424.969,-105.3646731,38.96809284,2410.942,276.245,,NAD83(2011) / UTM zone 13N + NAVD88(GEOID18) height,6,8,6,6,0,4313286.007999999,468133.11,2417.981,POINT Z (468133.11 4313286.007999999 2417.981)
246,246,57,,468132.433,4313286.037,2417.758,,-105.3678545,38.96796561,2403.736,Global,0.012,0.013,0.014,0.018,1.934,m,FIX,RTK,2025-07-15 16:28:10.8 UTC-06:00,2025-07-15 16:28:13.8 UTC-06:00,16,1.5,1.8,468408.098,4313299.048,2424.969,-105.3646731,38.96809284,2410.942,276.247,,NAD83(2011) / UTM zone 13N + NAVD88(GEOID18) height,6,7,6,6,0,4313286.256999999,468133.107,2418.02,POINT Z (468133.107 4313286.256999999 2418.02)
247,247,58,,468132.31,4313286.29,2417.758,,-105.3678559,38.96796788,2403.736,Global,0.015,0.011,0.014,0.018,1.934,m,FIX,RTK,2025-07-15 16:28:30.6 UTC-06:00,2025-07-15 16:28:33.6 UTC-06:00,16,1.5,1.8,468408.098,4313299.048,2424.969,-105.3646731,38.96809284,2410.942,276.349,,NAD83(2011) / UTM zone 13N + NAVD88(GEOID18) height,6,7,6,6,0,4313286.51,468132.984,2418.02,POINT Z (468132.984 4313286.51 2418.02)
248,248,59,,468132.366,4313286.443,2417.724,,-105.3678553,38.96796926,2403.702,Global,0.011,0.021,0.017,0.024,1.934,m,FIX,RTK,2025-07-15 16:28:51.0 UTC-06:00,2025-07-15 16:28:54.0 UTC-06:00,16,1.5,1.8,468408.098,4313299.048,2424.969,-105.3646731,38.96809284,2410.942,276.284,,NAD83(2011) / UTM zone 13N + NAVD88(GEOID18) height,6,7,6,6,0,4313286.663,468133.04,2417.9860000000003,POINT Z (468133.04 4313286.663 2417.9860000000003)
249,249,60,,468132.483,4313286.675,2418.336,,-105.3678539,38.96797136,2404.315,Global,0.01,0.011,0.011,0.015,1.934,m,FIX,RTK,2025-07-15 16:29:51.2 UTC-06:00,2025-07-15 16:29:54.2 UTC-06:00,16,1.5,1.8,468408.098,4313299.048,2424.969,-105.3646731,38.96809284,2410.942,276.146,,NAD83(2011) / UTM zone 13N + NAVD88(GEOID18) height,7,7,7,6,0,4313286.895,468133.157,2418.598,POINT Z (468133.157 4313286.895 2418.598)
250,250,61,,468132.514,4313286.823,2418.522,,-105.3678536,38.96797269,2404.5,Global,0.01,0.012,0.014,0.016,1.934,m,FIX,RTK,2025-07-15 16:30:46.8 UTC-06:00,2025-07-15 16:30:49.8 UTC-06:00,16,1.5,1.8,468408.098,4313299.048,2424.969,-105.3646731,38.96809284,2410.942,276.102,,NAD83(2011) / UTM zone 13N + NAVD88(GEOID18) height,6,7,7,6,0,4313287.043,468133.188,2418.784,POINT Z (468133.188 4313287.043 2418.784)
251,251,62,,468132.563,4313287.019,2418.652,,-105.367853,38.96797447,2404.63,Global,0.011,0.011,0.013,0.016,1.934,m,FIX,RTK,2025-07-15 16:30:55.2 UTC-06:00,2025-07-15 16:30:58.2 UTC-06:00,16,1.5,1.8,468408.098,4313299.048,2424.969,-105.3646731,38.96809284,2410.942,276.036,,NAD83(2011) / UTM zone 13N + NAVD88(GEOID18) height,5,7,7,6,0,4313287.239,468133.237,2418.914,POINT Z (468133.237 4313287.239 2418.914)
252,252,63,,468132.543,4313287.21,2418.744,,-105.3678533,38.96797618,2404.722,Global,0.011,0.014,0.016,0.017,1.934,m,FIX,RTK,2025-07-15 16:31:10.8 UTC-06:00,2025-07-15 16:31:13.8 UTC-06:00,16,1.5,1.8,468408.098,4313299.048,2424.969,-105.3646731,38.96809284,2410.942,276.058,,NAD83(2011) / UTM zone 13N + NAVD88(GEOID18) height,5,7,7,6,0,4313287.43,468133.217,2419.0060000000003,POINT Z (468133.217 4313287.43 2419.0060000000003)
253,253,64,,468132.538,4313287.352,2418.818,,-105.3678533,38.96797747,2404.797,Global,0.013,0.014,0.016,0.019,1.934,m,FIX,RTK,2025-07-15 16:31:21.6 UTC-06:00,2025-07-15 16:31:24.6 UTC-06:00,16,1.4,1.7,468408.098,4313299.048,2424.969,-105.3646731,38.96809284,2410.942,276.044,,NAD83(2011) / UTM zone 13N + NAVD88(GEOID18) height,5,7,7,6,0,4313287.572,468133.212,2419.0800000000004,POINT Z (468133.212 4313287.572 2419.0800000000004)
254,254,65,,468132.597,4313287.55,2418.808,,-105.3678526,38.96797925,2404.786,Global,0.011,0.014,0.012,0.018,1.934,m,FIX,RTK,2025-07-15 16:31:32.0 UTC-06:00,2025-07-15 16:31:35.0 UTC-06:00,16,1.4,1.7,468408.098,4313299.048,2424.969,-105.3646731,38.96809284,2410.942,275.981,,NAD83(2011) / UTM zone 13N + NAVD88(GEOID18) height,5,7,7,6,0,4313287.77,468133.271,2419.07,POINT Z (468133.271 4313287.77 2419.07)
255,255,66,,468132.601,4313287.8,2418.744,,-105.3678526,38.9679815,2404.722,Global,0.01,0.01,0.01,0.015,1.934,m,FIX,RTK,2025-07-15 16:31:41.0 UTC-06:00,2025-07-15 16:31:44.0 UTC-06:00,16,1.4,1.7,468408.098,4313299.048,2424.969,-105.3646731,38.96809284,2410.942,275.967,,NAD83(2011) / UTM zone 13N + NAVD88(GEOID18) height,6,7,7,6,0,4313288.02,468133.275,2419.0060000000003,POINT Z (468133.275 4313288.02 2419.0060000000003)
256,256,67,,468132.598,4313287.959,2418.613,,-105.3678526,38.96798293,2404.591,Global,0.011,0.011,0.012,0.016,1.934,m,FIX,RTK,2025-07-15 16:31:52.6 UTC-06:00,2025-07-15 16:31:55.6 UTC-06:00,16,1.4,1.7,468408.098,4313299.048,2424.969,-105.3646731,38.96809284,2410.942,275.967,,NAD83(2011) / UTM zone 13N + NAVD88(GEOID18) height,6,7,7,6,0,4313288.179,468133.272,2418.875,POINT Z (468133.272 4313288.179 2418.875)
257,257,68,,468132.538,4313288.139,2417.769,,-105.3678533,38.96798455,2403.747,Global,0.011,0.011,0.013,0.016,1.934,m,FIX,RTK,2025-07-15 16:32:22.8 UTC-06:00,2025-07-15 16:32:25.8 UTC-06:00,16,1.4,1.7,468408.098,4313299.048,2424.969,-105.3646731,38.96809284,2410.942,276.04,,NAD83(2011) / UTM zone 13N + NAVD88(GEOID18) height,5,7,7,6,0,4313288.359,468133.212,2418.031,POINT Z (468133.212 4313288.359 2418.031)
258,258,69,,468132.677,4313288.382,2418.015,,-105.3678518,38.96798675,2403.993,Global,0.014,0.01,0.013,0.017,1.934,m,FIX,RTK,2025-07-15 16:32:32.4 UTC-06:00,2025-07-15 16:32:35.4 UTC-06:00,16,1.4,1.7,468408.098,4313299.048,2424.969,-105.3646731,38.96809284,2410.942,275.866,,NAD83(2011) / UTM zone 13N + NAVD88(GEOID18) height,5,7,7,7,0,4313288.602,468133.351,2418.277,POINT Z (468133.351 4313288.602 2418.277)
259,259,70,,468132.719,4313288.563,2417.864,,-105.3678513,38.96798838,2403.842,Global,0.011,0.012,0.014,0.016,1.934,m,FIX,RTK,2025-07-15 16:32:43.4 UTC-06:00,2025-07-15 16:32:46.4 UTC-06:00,16,1.4,1.7,468408.098,4313299.048,2424.969,-105.3646731,38.96809284,2410.942,275.834,,NAD83(2011) / UTM zone 13N + NAVD88(GEOID18) height,6,7,7,7,0,4313288.783,468133.393,2418.126,POINT Z (468133.393 4313288.783 2418.126)
260,260,71,,468132.748,4313288.779,2417.9,,-105.367851,38.96799033,2403.878,Global,0.012,0.01,0.016,0.016,1.934,m,FIX,RTK,2025-07-15 16:32:54.0 UTC-06:00,2025-07-15 16:32:57.0 UTC-06:00,16,1.4,1.7,468408.098,4313299.048,2424.969,-105.3646731,38.96809284,2410.942,275.794,,NAD83(2011) / UTM zone 13N + NAVD88(GEOID18) height,6,7,7,7,0,4313288.999,468133.422,2418.1620000000003,POINT Z (468133.422 4313288.999 2418.1620000000003)
261,261,72,,468132.776,4313288.964,2417.937,,-105.3678506,38.96799199,2403.915,Global,0.013,0.011,0.016,0.017,1.934,m,FIX,RTK,2025-07-15 16:33:01.4 UTC-06:00,2025-07-15 16:33:04.4 UTC-06:00,16,1.4,1.7,468408.098,4313299.048,2424.969,-105.3646731,38.96809284,2410.942,275.774,,NAD83(2011) / UTM zone 13N + NAVD88(GEOID18) height,6,7,7,7,0,4313289.183999999,468133.45,2418.199,POINT Z (468133.45 4313289.183999999 2418.199)
262,262,73,,468132.728,4313289.204,2417.952,,-105.3678512,38.96799416,2403.93,Global,0.01,0.011,0.012,0.015,1.934,m,FIX,RTK,2025-07-15 16:33:10.2 UTC-06:00,2025-07-15 16:33:13.2 UTC-06:00,16,1.4,1.7,468408.098,4313299.048,2424.969,-105.3646731,38.96809284,2410.942,275.802,,NAD83(2011) / UTM zone 13N + NAVD88(GEOID18) height,5,7,7,7,0,4313289.424,468133.402,2418.2140000000004,POINT Z (468133.402 4313289.424 2418.2140000000004)
263,263,74,,468132.779,4313289.393,2418.01,,-105.3678506,38.96799587,2403.988,Global,0.012,0.01,0.022,0.016,1.934,m,FIX,RTK,2025-07-15 16:33:21.2 UTC-06:00,2025-07-15 16:33:24.2 UTC-06:00,16,1.4,1.7,468408.098,4313299.048,2424.969,-105.3646731,38.96809284,2410.942,275.738,,NAD83(2011) / UTM zone 13N + NAVD88(GEOID18) height,6,7,7,6,0,4313289.613,468133.453,2418.2720000000004,POINT Z (468133.453 4313289.613 2418.2720000000004)
264,264,75,,468132.736,4313289.592,2418.024,,-105.3678511,38.96799765,2404.003,Global,0.012,0.011,0.019,0.016,1.934,m,FIX,RTK,2025-07-15 16:33:29.0 UTC-06:00,2025-07-15 16:33:32.0 UTC-06:00,16,1.4,1.7,468408.098,4313299.048,2424.969,-105.3646731,38.96809284,2410.942,275.787,,NAD83(2011) / UTM zone 13N + NAVD88(GEOID18) height,6,7,7,6,0,4313289.812,468133.41,2418.286,POINT Z (468133.41 4313289.812 2418.286)
265,265,76,,468132.807,4313289.796,2417.978,,-105.3678503,38.9679995,2403.956,Global,0.011,0.01,0.023,0.015,1.934,m,FIX,RTK,2025-07-15 16:33:37.4 UTC-06:00,2025-07-15 16:33:40.4 UTC-06:00,16,1.4,1.7,468408.098,4313299.048,2424.969,-105.3646731,38.96809284,2410.942,275.702,,NAD83(2011) / UTM zone 13N + NAVD88(GEOID18) height,6,7,7,5,0,4313290.016,468133.48099999997,2418.2400000000002,POINT Z (468133.48099999997 4313290.016 2418.2400000000002)
266,266,77,,468132.846,4313289.991,2417.988,,-105.3678499,38.96800126,2403.966,Global,0.01,0.011,0.02,0.015,1.934,m,FIX,RTK,2025-07-15 16:33:48.2 UTC-06:00,2025-07-15 16:33:51.2 UTC-06:00,16,1.4,1.7,468408.098,4313299.048,2424.969,-105.3646731,38.96809284,2410.942,275.657,,NAD83(2011) / UTM zone 13N + NAVD88(GEOID18) height,6,7,7,6,0,4313290.211,468133.52,2418.25,POINT Z (468133.52 4313290.211 2418.25)
267,267,78,,468132.868,4313290.159,2417.981,,-105.3678496,38.96800277,2403.959,Global,0.01,0.01,0.02,0.015,1.934,m,FIX,RTK,2025-07-15 16:33:57.0 UTC-06:00,2025-07-15 16:34:00.0 UTC-06:00,16,1.4,1.7,468408.098,4313299.048,2424.969,-105.3646731,38.96809284,2410.942,275.635,,NAD83(2011) / UTM zone 13N + NAVD88(GEOID18) height,6,7,7,6,0,4313290.379,468133.542,2418.2430000000004,POINT Z (468133.542 4313290.379 2418.2430000000004)
268,268,79,,468132.88,4313290.364,2418.023,,-105.3678495,38.96800462,2404.001,Global,0.02,0.013,0.016,0.024,1.934,m,FIX,RTK,2025-07-15 16:34:09.0 UTC-06:00,2025-07-15 16:34:12.0 UTC-06:00,16,1.4,1.7,468408.098,4313299.048,2424.969,-105.3646731,38.96809284,2410.942,275.636,,NAD83(2011) / UTM zone 13N + NAVD88(GEOID18) height,6,7,7,7,0,4313290.584,468133.554,2418.2850000000003,POINT Z (468133.554 4313290.584 2418.2850000000003)
269,269,80,,468132.811,4313290.6,2418.037,,-105.3678503,38.96800674,2404.015,Global,0.011,0.01,0.014,0.015,1.934,m,FIX,RTK,2025-07-15 16:34:19.4 UTC-06:00,2025-07-15 16:34:22.4 UTC-06:00,16,1.4,1.7,468408.098,4313299.048,2424.969,-105.3646731,38.96809284,2410.942,275.664,,NAD83(2011) / UTM zone 13N + NAVD88(GEOID18) height,6,7,7,7,0,4313290.819999999,468133.485,2418.299,POINT Z (468133.485 4313290.819999999 2418.299)
270,270,81,,468132.86,4313290.766,2418.059,,-105.3678498,38.96800824,2404.037,Global,0.011,0.011,0.015,0.016,1.934,m,FIX,RTK,2025-07-15 16:34:28.6 UTC-06:00,2025-07-15 16:34:31.6 UTC-06:00,16,1.4,1.7,468408.098,4313299.048,2424.969,-105.3646731,38.96809284,2410.942,275.629,,NAD83(2011) / UTM zone 13N + NAVD88(GEOID18) height,6,7,7,6,0,4313290.986,468133.534,2418.3210000000004,POINT Z (468133.534 4313290.986 2418.3210000000004)
271,271,82,,468132.883,4313290.986,2417.981,,-105.3678495,38.96801022,2403.959,Global,0.013,0.01,0.016,0.017,1.934,m,FIX,RTK,2025-07-15 16:34:38.4 UTC-06:00,2025-07-15 16:34:41.4 UTC-06:00,16,1.4,1.7,468408.098,4313299.048,2424.969,-105.3646731,38.96809284,2410.942,275.588,,NAD83(2011) / UTM zone 13N + NAVD88(GEOID18) height,6,7,7,7,0,4313291.205999999,468133.557,2418.2430000000004,POINT Z (468133.557 4313291.205999999 2418.2430000000004)
272,272,83,,468132.831,4313291.15,2417.947,,-105.3678501,38.9680117,2403.926,Global,0.012,0.011,0.014,0.016,1.934,m,FIX,RTK,2025-07-15 16:34:48.4 UTC-06:00,2025-07-15 16:34:51.4 UTC-06:00,16,1.4,1.7,468408.098,4313299.048,2424.969,-105.3646731,38.96809284,2410.942,275.637,,NAD83(2011) / UTM zone 13N + NAVD88(GEOID18) height,6,7,7,7,0,4313291.37,468133.505,2418.2090000000003,POINT Z (468133.505 4313291.37 2418.2090000000003)
273,273,84,,468132.966,4313291.319,2417.915,,-105.3678486,38.96801322,2403.893,Global,0.01,0.012,0.014,0.016,1.934,m,FIX,RTK,2025-07-15 16:34:57.2 UTC-06:00,2025-07-15 16:35:00.2 UTC-06:00,16,1.4,1.7,468408.098,4313299.048,2424.969,-105.3646731,38.96809284,2410.942,275.5,,NAD83(2011) / UTM zone 13N + NAVD88(GEOID18) height,5,7,7,7,0,4313291.539,468133.64,2418.177,POINT Z (468133.64 4313291.539 2418.177)
274,274,85,,468132.929,4313291.571,2417.882,,-105.367849,38.96801549,2403.86,Global,0.014,0.011,0.015,0.018,1.934,m,FIX,RTK,2025-07-15 16:35:08.4 UTC-06:00,2025-07-15 16:35:11.4 UTC-06:00,16,1.4,1.7,468408.098,4313299.048,2424.969,-105.3646731,38.96809284,2410.942,275.533,,NAD83(2011) / UTM zone 13N + NAVD88(GEOID18) height,5,6,7,7,0,4313291.791,468133.603,2418.1440000000002,POINT Z (468133.603 4313291.791 2418.1440000000002)
275,275,86,,468132.905,4313291.803,2417.87,,-105.3678493,38.96801758,2403.848,Global,0.011,0.011,0.013,0.015,1.934,m,FIX,RTK,2025-07-15 16:35:17.2 UTC-06:00,2025-07-15 16:35:20.2 UTC-06:00,16,1.4,1.7,468408.098,4313299.048,2424.969,-105.3646731,38.96809284,2410.942,275.551,,NAD83(2011) / UTM zone 13N + NAVD88(GEOID18) height,6,7,7,7,0,4313292.023,468133.579,2418.132,POINT Z (468133.579 4313292.023 2418.132)
276,276,87,,468132.948,4313291.955,2417.868,,-105.3678488,38.96801896,2403.847,Global,0.011,0.013,0.012,0.017,1.934,m,FIX,RTK,2025-07-15 16:35:29.4 UTC-06:00,2025-07-15 16:35:32.4 UTC-06:00,16,1.4,1.7,468408.098,4313299.048,2424.969,-105.3646731,38.96809284,2410.942,275.502,,NAD83(2011) / UTM zone 13N + NAVD88(GEOID18) height,6,7,7,7,0,4313292.175,468133.622,2418.13,POINT Z (468133.622 4313292.175 2418.13)
277,277,88,,468132.872,4313292.25,2417.919,,-105.3678497,38.96802161,2403.897,Global,0.011,0.01,0.012,0.015,1.934,m,FIX,RTK,2025-07-15 16:35:38.0 UTC-06:00,2025-07-15 16:35:41.0 UTC-06:00,16,1.4,1.7,468408.098,4313299.048,2424.969,-105.3646731,38.96809284,2410.942,275.567,,NAD83(2011) / UTM zone 13N + NAVD88(GEOID18) height,6,7,7,7,0,4313292.47,468133.546,2418.181,POINT Z (468133.546 4313292.47 2418.181)
278,278,89,,468132.989,4313292.384,2418.767,,-105.3678483,38.96802283,2404.745,Global,0.012,0.014,0.013,0.019,1.934,m,FIX,RTK,2025-07-15 16:36:09.8 UTC-06:00,2025-07-15 16:36:12.8 UTC-06:00,16,1.4,1.7,468408.098,4313299.048,2424.969,-105.3646731,38.96809284,2410.942,275.428,,NAD83(2011) / UTM zone 13N + NAVD88(GEOID18) height,6,7,7,6,0,4313292.603999999,468133.663,2419.029,POINT Z (468133.663 4313292.603999999 2419.029)
279,279,90,,468133.058,4313292.562,2418.975,,-105.3678476,38.96802443,2404.954,Global,0.012,0.012,0.013,0.017,1.934,m,FIX,RTK,2025-07-15 16:36:28.4 UTC-06:00,2025-07-15 16:36:31.4 UTC-06:00,16,1.4,1.7,468408.098,4313299.048,2424.969,-105.3646731,38.96809284,2410.942,275.354,,NAD83(2011) / UTM zone 13N + NAVD88(GEOID18) height,6,7,7,7,0,4313292.782,468133.732,2419.237,POINT Z (468133.732 4313292.782 2419.237)
280,280,91,,468133.083,4313292.747,2419.0,,-105.3678473,38.9680261,2404.978,Global,0.011,0.012,0.015,0.016,1.934,m,FIX,RTK,2025-07-15 16:36:37.6 UTC-06:00,2025-07-15 16:36:40.6 UTC-06:00,16,1.4,1.7,468408.098,4313299.048,2424.969,-105.3646731,38.96809284,2410.942,275.325,,NAD83(2011) / UTM zone 13N + NAVD88(GEOID18) height,6,7,7,7,0,4313292.967,468133.757,2419.262,POINT Z (468133.757 4313292.967 2419.262)
281,281,92,,468133.138,4313292.953,2418.974,,-105.3678466,38.96802796,2404.952,Global,0.011,0.01,0.013,0.015,1.934,m,FIX,RTK,2025-07-15 16:36:45.4 UTC-06:00,2025-07-15 16:36:48.4 UTC-06:00,16,1.4,1.7,468408.098,4313299.048,2424.969,-105.3646731,38.96809284,2410.942,275.269,,NAD83(2011) / UTM zone 13N + NAVD88(GEOID18) height,6,7,7,7,0,4313293.1729999995,468133.812,2419.2360000000003,POINT Z (468133.812 4313293.1729999995 2419.2360000000003)
282,282,93,,468133.145,4313293.125,2418.92,,-105.3678466,38.96802951,2404.899,Global,0.018,0.011,0.011,0.021,1.934,m,FIX,RTK,2025-07-15 16:36:54.2 UTC-06:00,2025-07-15 16:36:57.2 UTC-06:00,16,1.4,1.7,468408.098,4313299.048,2424.969,-105.3646731,38.96809284,2410.942,275.268,,NAD83(2011) / UTM zone 13N + NAVD88(GEOID18) height,6,7,7,7,0,4313293.345,468133.819,2419.1820000000002,POINT Z (468133.819 4313293.345 2419.1820000000002)
283,283,94,,468133.163,4313293.342,2418.794,,-105.3678464,38.96803146,2404.772,Global,0.011,0.012,0.012,0.016,1.934,m,FIX,RTK,2025-07-15 16:37:03.0 UTC-06:00,2025-07-15 16:37:06.0 UTC-06:00,16,1.6,1.9,468408.098,4313299.048,2424.969,-105.3646731,38.96809284,2410.942,275.232,,NAD83(2011) / UTM zone 13N + NAVD88(GEOID18) height,6,7,7,7,0,4313293.562,468133.837,2419.056,POINT Z (468133.837 4313293.562 2419.056)
284,284,95,,468133.172,4313293.521,2418.668,,-105.3678463,38.96803307,2404.646,Global,0.011,0.01,0.012,0.015,1.934,m,FIX,RTK,2025-07-15 16:37:18.6 UTC-06:00,2025-07-15 16:37:21.6 UTC-06:00,15,1.5,1.7,468408.098,4313299.048,2424.969,-105.3646731,38.96809284,2410.942,275.228,,NAD83(2011) / UTM zone 13N + NAVD88(GEOID18) height,6,7,7,7,0,4313293.740999999,468133.846,2418.9300000000003,POINT Z (468133.846 4313293.740999999 2418.9300000000003)
285,285,96,,468133.225,4313293.781,2418.72,,-105.3678457,38.96803542,2404.698,Global,0.01,0.011,0.012,0.015,1.934,m,FIX,RTK,2025-07-15 16:37:29.2 UTC-06:00,2025-07-15 16:37:32.2 UTC-06:00,16,1.5,1.7,468408.098,4313299.048,2424.969,-105.3646731,38.96809284,2410.942,275.172,,NAD83(2011) / UTM zone 13N + NAVD88(GEOID18) height,6,7,7,7,0,4313294.001,468133.899,2418.982,POINT Z (468133.899 4313294.001 2418.982)
286,286,97,,468133.218,4313293.916,2418.787,,-105.3678458,38.96803663,2404.766,Global,0.01,0.011,0.013,0.015,1.934,m,FIX,RTK,2025-07-15 16:37:40.8 UTC-06:00,2025-07-15 16:37:43.8 UTC-06:00,16,1.5,1.7,468408.098,4313299.048,2424.969,-105.3646731,38.96809284,2410.942,275.166,,NAD83(2011) / UTM zone 13N + NAVD88(GEOID18) height,6,7,7,7,0,4313294.136,468133.892,2419.049,POINT Z (468133.892 4313294.136 2419.049)
287,287,98,,468133.205,4313293.938,2418.84,,-105.3678459,38.96803683,2404.818,Global,0.01,0.01,0.011,0.015,1.934,m,FIX,RTK,2025-07-15 16:37:53.6 UTC-06:00,2025-07-15 16:37:56.6 UTC-06:00,16,1.5,1.7,468408.098,4313299.048,2424.969,-105.3646731,38.96809284,2410.942,275.18,,NAD83(2011) / UTM zone 13N + NAVD88(GEOID18) height,6,7,7,7,0,4313294.158,468133.879,2419.1020000000003,POINT Z (468133.879 4313294.158 2419.1020000000003)
288,288,99,,468133.243,4313294.202,2419.231,,-105.3678455,38.96803921,2405.209,Global,0.011,0.011,0.015,0.015,1.934,m,FIX,RTK,2025-07-15 16:38:11.2 UTC-06:00,2025-07-15 16:38:14.2 UTC-06:00,16,1.5,1.7,468408.098,4313299.048,2424.969,-105.3646731,38.96809284,2410.942,275.136,,NAD83(2011) / UTM zone 13N + NAVD88(GEOID18) height,6,7,7,7,0,4313294.421999999,468133.917,2419.4930000000004,POINT Z (468133.917 4313294.421999999 2419.4930000000004)
289,289,100,,468133.244,4313294.312,2419.26,,-105.3678455,38.96804021,2405.238,Global,0.013,0.012,0.011,0.018,1.934,m,FIX,RTK,2025-07-15 16:38:31.0 UTC-06:00,2025-07-15 16:38:34.0 UTC-06:00,16,1.5,1.7,468408.098,4313299.048,2424.969,-105.3646731,38.96809284,2410.942,275.132,,NAD83(2011) / UTM zone 13N + NAVD88(GEOID18) height,6,7,7,7,0,4313294.532,468133.918,2419.5220000000004,POINT Z (468133.918 4313294.532 2419.5220000000004)
290,290,101,,468133.275,4313294.519,2419.309,,-105.3678451,38.96804207,2405.287,Global,0.01,0.012,0.013,0.016,1.934,m,FIX,RTK,2025-07-15 16:38:49.2 UTC-06:00,2025-07-15 16:38:52.2 UTC-06:00,16,1.6,1.9,468408.098,4313299.048,2424.969,-105.3646731,38.96809284,2410.942,275.094,,NAD83(2011) / UTM zone 13N + NAVD88(GEOID18) height,6,7,7,7,0,4313294.739,468133.949,2419.5710000000004,POINT Z (468133.949 4313294.739 2419.5710000000004)
291,291,102,,468133.281,4313294.73,2419.495,,-105.3678451,38.96804397,2405.473,Global,0.011,0.01,0.013,0.015,1.934,m,FIX,RTK,2025-07-15 16:39:00.4 UTC-06:00,2025-07-15 16:39:03.4 UTC-06:00,16,1.5,1.7,468408.098,4313299.048,2424.969,-105.3646731,38.96809284,2410.942,275.083,,NAD83(2011) / UTM zone 13N + NAVD88(GEOID18) height,6,7,7,7,0,4313294.95,468133.955,2419.757,POINT Z (468133.955 4313294.95 2419.757)
292,292,103,,468133.343,4313295.077,2419.664,,-105.3678444,38.96804711,2405.642,Global,0.01,0.014,0.012,0.017,1.934,m,FIX,RTK,2025-07-15 16:39:11.4 UTC-06:00,2025-07-15 16:39:14.4 UTC-06:00,16,1.4,1.6,468408.098,4313299.048,2424.969,-105.3646731,38.96809284,2410.942,275.015,,NAD83(2011) / UTM zone 13N + NAVD88(GEOID18) height,6,7,7,7,0,4313295.296999999,468134.017,2419.9260000000004,POINT Z (468134.017 4313295.296999999 2419.9260000000004)
293,293,104,,468133.395,4313295.296,2419.748,,-105.3678438,38.96804908,2405.726,Global,0.01,0.011,0.013,0.015,1.934,m,FIX,RTK,2025-07-15 16:39:20.6 UTC-06:00,2025-07-15 16:39:23.6 UTC-06:00,16,1.5,1.7,468408.098,4313299.048,2424.969,-105.3646731,38.96809284,2410.942,274.959,,NAD83(2011) / UTM zone 13N + NAVD88(GEOID18) height,6,7,7,7,0,4313295.516,468134.069,2420.01,POINT Z (468134.069 4313295.516 2420.01)
294,294,105,,468133.43,4313295.448,2419.754,,-105.3678434,38.96805045,2405.732,Global,0.012,0.011,0.011,0.016,1.934,m,FIX,RTK,2025-07-15 16:39:31.0 UTC-06:00,2025-07-15 16:39:34.0 UTC-06:00,16,1.5,1.7,468408.098,4313299.048,2424.969,-105.3646731,38.96809284,2410.942,274.917,,NAD83(2011) / UTM zone 13N + NAVD88(GEOID18) height,6,7,7,7,0,4313295.668,468134.104,2420.016,POINT Z (468134.104 4313295.668 2420.016)
295,295,106,,468133.441,4313295.662,2419.869,,-105.3678433,38.96805238,2405.847,Global,0.011,0.01,0.015,0.015,1.934,m,FIX,RTK,2025-07-15 16:39:43.0 UTC-06:00,2025-07-15 16:39:46.0 UTC-06:00,16,1.5,1.7,468408.098,4313299.048,2424.969,-105.3646731,38.96809284,2410.942,274.904,,NAD83(2011) / UTM zone 13N + NAVD88(GEOID18) height,6,7,7,7,0,4313295.881999999,468134.115,2420.1310000000003,POINT Z (468134.115 4313295.881999999 2420.1310000000003)
296,296,107,,468133.453,4313295.856,2419.949,,-105.3678431,38.96805413,2405.928,Global,0.01,0.011,0.012,0.015,1.934,m,FIX,RTK,2025-07-15 16:39:51.8 UTC-06:00,2025-07-15 16:39:54.8 UTC-06:00,16,1.4,1.6,468408.098,4313299.048,2424.969,-105.3646731,38.96809284,2410.942,274.883,,NAD83(2011) / UTM zone 13N + NAVD88(GEOID18) height,6,7,7,7,0,4313296.075999999,468134.127,2420.2110000000002,POINT Z (468134.127 4313296.075999999 2420.2110000000002)
297,297,108,,468133.494,4313296.215,2420.022,,-105.3678427,38.96805736,2406.0,Global,0.016,0.024,0.016,0.029,1.934,m,FIX,RTK,2025-07-15 16:40:09.2 UTC-06:00,2025-07-15 16:40:12.2 UTC-06:00,16,1.5,1.7,468408.098,4313299.048,2424.969,-105.3646731,38.96809284,2410.942,274.834,,NAD83(2011) / UTM zone 13N + NAVD88(GEOID18) height,6,7,7,7,0,4313296.435,468134.168,2420.284,POINT Z (468134.168 4313296.435 2420.284)
298,298,109,,468133.566,4313296.687,2420.128,,-105.3678419,38.96806162,2406.106,Global,0.01,0.011,0.016,0.015,1.934,m,FIX,RTK,2025-07-15 16:40:19.0 UTC-06:00,2025-07-15 16:40:22.0 UTC-06:00,16,1.4,1.7,468408.098,4313299.048,2424.969,-105.3646731,38.96809284,2410.942,274.767,,NAD83(2011) / UTM zone 13N + NAVD88(GEOID18) height,6,6,7,6,0,4313296.907,468134.24,2420.3900000000003,POINT Z (468134.24 4313296.907 2420.3900000000003)
299,299,110,,468133.62,4313297.15,2420.262,,-105.3678413,38.9680658,2406.241,Global,0.011,0.012,0.01,0.016,1.934,m,FIX,RTK,2025-07-15 16:40:28.8 UTC-06:00,2025-07-15 16:40:31.8 UTC-06:00,16,1.5,1.8,468408.098,4313299.048,2424.969,-105.3646731,38.96809284,2410.942,274.706,,NAD83(2011) / UTM zone 13N + NAVD88(GEOID18) height,6,7,7,7,0,4313297.37,468134.294,2420.5240000000003,POINT Z (468134.294 4313297.37 2420.5240000000003)
300,300,111,,468133.716,4313297.652,2420.312,,-105.3678402,38.96807032,2406.291,Global,0.012,0.011,0.015,0.016,1.934,m,FIX,RTK,2025-07-15 16:40:38.0 UTC-06:00,2025-07-15 16:40:41.0 UTC-06:00,16,1.5,1.7,468408.098,4313299.048,2424.969,-105.3646731,38.96809284,2410.942,274.601,,NAD83(2011) / UTM zone 13N + NAVD88(GEOID18) height,6,7,7,7,0,4313297.8719999995,468134.39,2420.574,POINT Z (468134.39 4313297.8719999995 2420.574)
301,301,112,,468133.77,4313298.105,2420.379,,-105.3678396,38.96807441,2406.357,Global,0.011,0.013,0.012,0.017,1.934,m,FIX,RTK,2025-07-15 16:40:49.8 UTC-06:00,2025-07-15 16:40:52.8 UTC-06:00,16,1.4,1.7,468408.098,4313299.048,2424.969,-105.3646731,38.96809284,2410.942,274.548,,NAD83(2011) / UTM zone 13N + NAVD88(GEOID18) height,5,7,6,7,0,4313298.325,468134.444,2420.641,POINT Z (468134.444 4313298.325 2420.641)
302,302,113,,468133.851,4313298.58,2420.511,,-105.3678387,38.96807868,2406.489,Global,0.01,0.012,0.011,0.016,1.934,m,FIX,RTK,2025-07-15 16:40:58.8 UTC-06:00,2025-07-15 16:41:01.8 UTC-06:00,16,1.4,1.7,468408.098,4313299.048,2424.969,-105.3646731,38.96809284,2410.942,274.468,,NAD83(2011) / UTM zone 13N + NAVD88(GEOID18) height,6,7,6,7,0,4313298.8,468134.525,2420.773,POINT Z (468134.525 4313298.8 2420.773)
303,303,114,,468133.916,4313299.111,2420.553,,-105.367838,38.96808347,2406.531,Global,0.011,0.01,0.011,0.015,1.934,m,FIX,RTK,2025-07-15 16:41:07.8 UTC-06:00,2025-07-15 16:41:10.8 UTC-06:00,16,1.4,1.7,468408.098,4313299.048,2424.969,-105.3646731,38.96809284,2410.942,274.401,,NAD83(2011) / UTM zone 13N + NAVD88(GEOID18) height,5,7,6,7,0,4313299.330999999,468134.59,2420.815,POINT Z (468134.59 4313299.330999999 2420.815)
304,304,115,,468133.998,4313299.541,2420.61,,-105.367837,38.96808735,2406.588,Global,0.011,0.019,0.01,0.022,1.934,m,FIX,RTK,2025-07-15 16:41:17.0 UTC-06:00,2025-07-15 16:41:20.0 UTC-06:00,16,1.4,1.7,468408.098,4313299.048,2424.969,-105.3646731,38.96809284,2410.942,274.313,,NAD83(2011) / UTM zone 13N + NAVD88(GEOID18) height,6,7,6,7,0,4313299.761,468134.672,2420.8720000000003,POINT Z (468134.672 4313299.761 2420.8720000000003)
305,305,116,,468134.061,4313299.98,2420.662,,-105.3678363,38.96809131,2406.641,Global,0.01,0.01,0.011,0.014,1.934,m,FIX,RTK,2025-07-15 16:41:31.4 UTC-06:00,2025-07-15 16:41:34.4 UTC-06:00,16,1.4,1.7,468408.098,4313299.048,2424.969,-105.3646731,38.96809284,2410.942,274.259,,NAD83(2011) / UTM zone 13N + NAVD88(GEOID18) height,5,7,6,7,0,4313300.2,468134.735,2420.924,POINT Z (468134.735 4313300.2 2420.924)
306,306,117,,468134.199,4313300.473,2420.709,,-105.3678347,38.96809576,2406.687,Global,0.01,0.012,0.011,0.016,1.934,m,FIX,RTK,2025-07-15 16:41:41.4 UTC-06:00,2025-07-15 16:41:44.4 UTC-06:00,16,1.4,1.7,468408.098,4313299.048,2424.969,-105.3646731,38.96809284,2410.942,274.123,,NAD83(2011) / UTM zone 13N + NAVD88(GEOID18) height,5,7,6,7,0,4313300.693,468134.873,2420.971,POINT Z (468134.873 4313300.693 2420.971)
307,307,118,,468134.231,4313300.936,2420.833,,-105.3678344,38.96809993,2406.811,Global,0.01,0.01,0.018,0.015,1.934,m,FIX,RTK,2025-07-15 16:41:53.0 UTC-06:00,2025-07-15 16:41:56.0 UTC-06:00,16,1.4,1.7,468408.098,4313299.048,2424.969,-105.3646731,38.96809284,2410.942,274.088,,NAD83(2011) / UTM zone 13N + NAVD88(GEOID18) height,6,7,7,7,0,4313301.1559999995,468134.905,2421.0950000000003,POINT Z (468134.905 4313301.1559999995 2421.0950000000003)
308,308,119,,468134.302,4313301.404,2420.984,,-105.3678336,38.96810415,2406.962,Global,0.012,0.011,0.011,0.016,1.934,m,FIX,RTK,2025-07-15 16:42:00.8 UTC-06:00,2025-07-15 16:42:03.9 UTC-06:00,17,1.4,1.7,468408.098,4313299.048,2424.969,-105.3646731,38.96809284,2410.942,274.025,,NAD83(2011) / UTM zone 13N + NAVD88(GEOID18) height,5,7,7,7,0,4313301.624,468134.976,2421.246,POINT Z (468134.976 4313301.624 2421.246)
309,309,120,,468134.354,4313301.923,2421.241,,-105.367833,38.96810883,2407.219,Global,0.012,0.01,0.011,0.016,1.934,m,FIX,RTK,2025-07-15 16:42:13.0 UTC-06:00,2025-07-15 16:42:16.0 UTC-06:00,16,1.6,1.8,468408.098,4313299.048,2424.969,-105.3646731,38.96809284,2410.942,273.981,,NAD83(2011) / UTM zone 13N + NAVD88(GEOID18) height,6,7,7,7,0,4313302.143,468135.028,2421.503,POINT Z (468135.028 4313302.143 2421.503)
310,310,121,,468134.528,4313302.409,2421.365,,-105.367831,38.96811322,2407.343,Global,0.014,0.012,0.011,0.018,1.934,m,FIX,RTK,2025-07-15 16:42:23.2 UTC-06:00,2025-07-15 16:42:26.2 UTC-06:00,16,1.6,1.9,468408.098,4313299.048,2424.969,-105.3646731,38.96809284,2410.942,273.817,,NAD83(2011) / UTM zone 13N + NAVD88(GEOID18) height,5,7,7,7,0,4313302.629,468135.202,2421.627,POINT Z (468135.202 4313302.629 2421.627)
311,311,122,,468134.51,4313302.845,2421.517,,-105.3678313,38.96811715,2407.495,Global,0.012,0.01,0.016,0.016,1.934,m,FIX,RTK,2025-07-15 16:42:32.4 UTC-06:00,2025-07-15 16:42:35.4 UTC-06:00,16,1.4,1.7,468408.098,4313299.048,2424.969,-105.3646731,38.96809284,2410.942,273.838,,NAD83(2011) / UTM zone 13N + NAVD88(GEOID18) height,6,7,6,7,0,4313303.0649999995,468135.184,2421.779,POINT Z (468135.184 4313303.0649999995 2421.779)
312,312,123,,468134.522,4313303.167,2421.649,,-105.3678311,38.96812005,2407.627,Global,0.013,0.011,0.016,0.017,1.934,m,FIX,RTK,2025-07-15 16:42:42.6 UTC-06:00,2025-07-15 16:42:45.6 UTC-06:00,16,1.4,1.7,468408.098,4313299.048,2424.969,-105.3646731,38.96809284,2410.942,273.833,,NAD83(2011) / UTM zone 13N + NAVD88(GEOID18) height,5,7,6,6,0,4313303.387,468135.196,2421.911,POINT Z (468135.196 4313303.387 2421.911)
313,313,124,,468134.683,4313303.761,2421.821,,-105.3678293,38.96812541,2407.8,Global,0.014,0.013,0.017,0.019,1.934,m,FIX,RTK,2025-07-15 16:42:54.4 UTC-06:00,2025-07-15 16:42:57.4 UTC-06:00,16,1.4,1.7,468408.098,4313299.048,2424.969,-105.3646731,38.96809284,2410.942,273.659,,NAD83(2011) / UTM zone 13N + NAVD88(GEOID18) height,5,7,6,7,0,4313303.981,468135.357,2422.083,POINT Z (468135.357 4313303.981 2422.083)
314,314,125,,468134.655,4313304.17,2422.009,,-105.3678297,38.96812909,2407.988,Global,0.01,0.013,0.018,0.016,1.934,m,FIX,RTK,2025-07-15 16:43:03.8 UTC-06:00,2025-07-15 16:43:06.8 UTC-06:00,16,1.4,1.7,468408.098,4313299.048,2424.969,-105.3646731,38.96809284,2410.942,273.701,,NAD83(2011) / UTM zone 13N + NAVD88(GEOID18) height,5,7,6,7,0,4313304.39,468135.329,2422.271,POINT Z (468135.329 4313304.39 2422.271)
315,315,126,,468134.645,4313304.315,2422.354,,-105.3678298,38.9681304,2408.332,Global,0.01,0.011,0.013,0.015,1.934,m,FIX,RTK,2025-07-15 16:44:02.6 UTC-06:00,2025-07-15 16:44:05.6 UTC-06:00,16,1.6,1.9,468408.098,4313299.048,2424.969,-105.3646731,38.96809284,2410.942,273.717,,NAD83(2011) / UTM zone 13N + NAVD88(GEOID18) height,5,7,6,7,0,4313304.535,468135.319,2422.616,POINT Z (468135.319 4313304.535 2422.616)
316,316,127,,468134.638,4313304.308,2422.363,,-105.3678299,38.96813033,2408.341,Global,0.011,0.011,0.017,0.016,1.934,m,FIX,RTK,2025-07-15 16:44:37.4 UTC-06:00,2025-07-15 16:45:07.4 UTC-06:00,151,1.6,1.9,468408.098,4313299.048,2424.969,-105.3646731,38.96809284,2410.942,273.714,,NAD83(2011) / UTM zone 13N + NAVD88(GEOID18) height,5,7,6,7,0,4313304.528,468135.312,2422.625,POINT Z (468135.312 4313304.528 2422.625)
317,317,128,,468134.457,4313304.375,2422.121,,-105.3678319,38.96813093,2408.099,Global,0.011,0.01,0.014,0.015,1.934,m,FIX,RTK,2025-07-15 16:45:26.4 UTC-06:00,2025-07-15 16:45:29.4 UTC-06:00,16,1.5,1.8,468408.098,4313299.048,2424.969,-105.3646731,38.96809284,2410.942,273.906,,NAD83(2011) / UTM zone 13N + NAVD88(GEOID18) height,5,7,6,6,0,4313304.595,468135.131,2422.3830000000003,POINT Z (468135.131 4313304.595 2422.3830000000003)
318,318,129,,468134.587,4313304.225,2422.041,,-105.3678304,38.96812959,2408.019,Global,0.01,0.015,0.017,0.018,1.934,m,FIX,RTK,2025-07-15 16:45:35.0 UTC-06:00,2025-07-15 16:45:38.0 UTC-06:00,16,1.5,1.8,468408.098,4313299.048,2424.969,-105.3646731,38.96809284,2410.942,273.771,,NAD83(2011) / UTM zone 13N + NAVD88(GEOID18) height,5,7,6,7,0,4313304.444999999,468135.261,2422.3030000000003,POINT Z (468135.261 4313304.444999999 2422.3030000000003)
319,319,130,,468134.78,4313304.347,2422.112,,-105.3678282,38.96813069,2408.09,Global,0.011,0.01,0.018,0.015,1.934,m,FIX,RTK,2025-07-15 16:45:45.2 UTC-06:00,2025-07-15 16:45:48.2 UTC-06:00,16,1.5,1.8,468408.098,4313299.048,2424.969,-105.3646731,38.96809284,2410.942,273.573,,NAD83(2011) / UTM zone 13N + NAVD88(GEOID18) height,5,7,6,7,0,4313304.567,468135.454,2422.3740000000003,POINT Z (468135.454 4313304.567 2422.3740000000003)
320,320,131,,468134.571,4313304.494,2422.167,,-105.3678306,38.96813201,2408.146,Global,0.011,0.011,0.021,0.015,1.934,m,FIX,RTK,2025-07-15 16:45:56.2 UTC-06:00,2025-07-15 16:45:59.2 UTC-06:00,16,1.4,1.6,468408.098,4313299.048,2424.969,-105.3646731,38.96809284,2410.942,273.784,,NAD83(2011) / UTM zone 13N + NAVD88(GEOID18) height,6,6,6,7,0,4313304.714,468135.245,2422.429,POINT Z (468135.245 4313304.714 2422.429)
321,321,132,,468134.641,4313304.327,2422.363,,-105.3678298,38.9681305,2408.341,Global,0.011,0.01,0.014,0.015,1.934,m,FIX,RTK,2025-07-15 16:46:06.4 UTC-06:00,2025-07-15 16:46:09.4 UTC-06:00,16,1.5,1.8,468408.098,4313299.048,2424.969,-105.3646731,38.96809284,2410.942,273.714,,NAD83(2011) / UTM zone 13N + NAVD88(GEOID18) height,7,6,6,7,0,4313304.546999999,468135.315,2422.625,POINT Z (468135.315 4313304.546999999 2422.625)
322,322,133,,468131.508,4313275.945,2419.943,,-105.3678647,38.96787463,2405.921,Global,0.01,0.01,0.011,0.014,1.934,m,FIX,RTK,2025-07-15 16:50:32.0 UTC-06:00,2025-07-15 16:50:35.0 UTC-06:00,16,1.4,1.7,468408.098,4313299.048,2424.969,-105.3646731,38.96809284,2410.942,277.782,,NAD83(2011) / UTM zone 13N + NAVD88(GEOID18) height,6,7,7,7,0,4313276.165,468132.182,2420.2050000000004,POINT Z (468132.182 4313276.165 2420.2050000000004)
323,323,134,,468131.488,4313275.434,2419.985,,-105.3678649,38.96787003,2405.963,Global,0.01,0.011,0.01,0.015,1.934,m,FIX,RTK,2025-07-15 16:50:43.0 UTC-06:00,2025-07-15 16:50:46.0 UTC-06:00,16,1.4,1.7,468408.098,4313299.048,2424.969,-105.3646731,38.96809284,2410.942,277.849,,NAD83(2011) / UTM zone 13N + NAVD88(GEOID18) height,6,7,7,7,0,4313275.654,468132.162,2420.2470000000003,POINT Z (468132.162 4313275.654 2420.2470000000003)
324,324,135,,468131.466,4313274.931,2420.058,,-105.3678651,38.96786549,2406.036,Global,0.011,0.011,0.01,0.016,1.934,m,FIX,RTK,2025-07-15 16:50:52.6 UTC-06:00,2025-07-15 16:50:55.6 UTC-06:00,16,1.5,1.8,468408.098,4313299.048,2424.969,-105.3646731,38.96809284,2410.942,277.906,,NAD83(2011) / UTM zone 13N + NAVD88(GEOID18) height,6,7,7,7,0,4313275.151,468132.14,2420.32,POINT Z (468132.14 4313275.151 2420.32)
325,325,136,,468131.461,4313274.45,2420.111,,-105.3678651,38.96786116,2406.089,Global,0.01,0.01,0.01,0.015,1.934,m,FIX,RTK,2025-07-15 16:51:04.4 UTC-06:00,2025-07-15 16:51:07.4 UTC-06:00,16,1.5,1.8,468408.098,4313299.048,2424.969,-105.3646731,38.96809284,2410.942,277.961,,NAD83(2011) / UTM zone 13N + NAVD88(GEOID18) height,6,7,7,7,0,4313274.67,468132.135,2420.373,POINT Z (468132.135 4313274.67 2420.373)
326,326,137,,468131.43,4313273.968,2420.168,,-105.3678655,38.96785681,2406.146,Global,0.011,0.011,0.011,0.016,1.934,m,FIX,RTK,2025-07-15 16:51:15.0 UTC-06:00,2025-07-15 16:51:18.0 UTC-06:00,16,1.5,1.8,468408.098,4313299.048,2424.969,-105.3646731,38.96809284,2410.942,278.028,,NAD83(2011) / UTM zone 13N + NAVD88(GEOID18) height,6,7,7,7,0,4313274.188,468132.104,2420.4300000000003,POINT Z (468132.104 4313274.188 2420.4300000000003)
327,327,138,,468131.375,4313273.468,2420.224,,-105.3678661,38.96785231,2406.203,Global,0.011,0.01,0.01,0.015,1.934,m,FIX,RTK,2025-07-15 16:51:25.0 UTC-06:00,2025-07-15 16:51:28.0 UTC-06:00,16,1.5,1.8,468408.098,4313299.048,2424.969,-105.3646731,38.96809284,2410.942,278.132,,NAD83(2011) / UTM zone 13N + NAVD88(GEOID18) height,6,7,7,7,0,4313273.688,468132.049,2420.4860000000003,POINT Z (468132.049 4313273.688 2420.4860000000003)
328,328,139,,468131.357,4313272.993,2420.268,,-105.3678663,38.96784803,2406.246,Global,0.011,0.01,0.01,0.015,1.934,m,FIX,RTK,2025-07-15 16:51:35.6 UTC-06:00,2025-07-15 16:51:38.6 UTC-06:00,16,1.5,1.8,468408.098,4313299.048,2424.969,-105.3646731,38.96809284,2410.942,278.188,,NAD83(2011) / UTM zone 13N + NAVD88(GEOID18) height,6,7,7,7,0,4313273.2129999995,468132.031,2420.53,POINT Z (468132.031 4313273.2129999995 2420.53)
329,329,140,,468131.331,4313272.508,2420.35,,-105.3678666,38.96784366,2406.328,Global,0.015,0.01,0.01,0.018,1.934,m,FIX,RTK,2025-07-15 16:51:43.2 UTC-06:00,2025-07-15 16:51:46.2 UTC-06:00,16,1.4,1.7,468408.098,4313299.048,2424.969,-105.3646731,38.96809284,2410.942,278.27,,NAD83(2011) / UTM zone 13N + NAVD88(GEOID18) height,6,7,7,7,0,4313272.728,468132.005,2420.612,POINT Z (468132.005 4313272.728 2420.612)
330,330,141,,468131.276,4313271.977,2420.406,,-105.3678672,38.96783887,2406.384,Global,0.01,0.01,0.01,0.014,1.934,m,FIX,RTK,2025-07-15 16:51:52.4 UTC-06:00,2025-07-15 16:51:55.4 UTC-06:00,16,1.4,1.6,468408.098,4313299.048,2424.969,-105.3646731,38.96809284,2410.942,278.368,,NAD83(2011) / UTM zone 13N + NAVD88(GEOID18) height,6,7,7,7,0,4313272.197,468131.95,2420.668,POINT Z (468131.95 4313272.197 2420.668)
331,331,142,,468131.251,4313271.489,2420.464,,-105.3678674,38.96783447,2406.442,Global,0.01,0.01,0.01,0.015,1.934,m,FIX,RTK,2025-07-15 16:52:01.4 UTC-06:00,2025-07-15 16:52:04.4 UTC-06:00,16,1.4,1.6,468408.098,4313299.048,2424.969,-105.3646731,38.96809284,2410.942,278.441,,NAD83(2011) / UTM zone 13N + NAVD88(GEOID18) height,6,7,7,7,0,4313271.709,468131.925,2420.726,POINT Z (468131.925 4313271.709 2420.726)
332,332,143,,468131.204,4313270.989,2420.505,,-105.3678679,38.96782996,2406.483,Global,0.01,0.011,0.01,0.015,1.934,m,FIX,RTK,2025-07-15 16:52:10.4 UTC-06:00,2025-07-15 16:52:13.4 UTC-06:00,16,1.3,1.6,468408.098,4313299.048,2424.969,-105.3646731,38.96809284,2410.942,278.535,,NAD83(2011) / UTM zone 13N + NAVD88(GEOID18) height,6,7,7,7,0,4313271.209,468131.878,2420.7670000000003,POINT Z (468131.878 4313271.209 2420.7670000000003)
333,333,144,,468131.182,4313270.522,2420.517,,-105.3678682,38.96782576,2406.495,Global,0.011,0.011,0.011,0.016,1.934,m,FIX,RTK,2025-07-15 16:52:21.0 UTC-06:00,2025-07-15 16:52:24.0 UTC-06:00,16,1.4,1.6,468408.098,4313299.048,2424.969,-105.3646731,38.96809284,2410.942,278.61,,NAD83(2011) / UTM zone 13N + NAVD88(GEOID18) height,6,7,7,7,0,4313270.742,468131.85599999997,2420.779,POINT Z (468131.85599999997 4313270.742 2420.779)
334,334,145,,468131.154,4313270.015,2420.576,,-105.3678685,38.96782118,2406.554,Global,0.01,0.011,0.01,0.015,1.934,m,FIX,RTK,2025-07-15 16:52:32.2 UTC-06:00,2025-07-15 16:52:35.2 UTC-06:00,16,1.4,1.6,468408.098,4313299.048,2424.969,-105.3646731,38.96809284,2410.942,278.68,,NAD83(2011) / UTM zone 13N + NAVD88(GEOID18) height,6,7,7,7,0,4313270.234999999,468131.828,2420.838,POINT Z (468131.828 4313270.234999999 2420.838)
335,335,146,,468131.14,4313269.526,2420.609,,-105.3678686,38.96781678,2406.587,Global,0.01,0.01,0.01,0.015,1.934,m,FIX,RTK,2025-07-15 16:52:40.6 UTC-06:00,2025-07-15 16:52:43.6 UTC-06:00,16,1.3,1.6,468408.098,4313299.048,2424.969,-105.3646731,38.96809284,2410.942,278.754,,NAD83(2011) / UTM zone 13N + NAVD88(GEOID18) height,6,7,7,6,0,4313269.745999999,468131.814,2420.871,POINT Z (468131.814 4313269.745999999 2420.871)
336,336,147,,468131.098,4313269.015,2420.645,,-105.3678691,38.96781217,2406.623,Global,0.01,0.01,0.011,0.015,1.934,m,FIX,RTK,2025-07-15 16:52:48.6 UTC-06:00,2025-07-15 16:52:51.6 UTC-06:00,16,1.4,1.6,468408.098,4313299.048,2424.969,-105.3646731,38.96809284,2410.942,278.851,,NAD83(2011) / UTM zone 13N + NAVD88(GEOID18) height,6,7,7,7,0,4313269.234999999,468131.772,2420.907,POINT Z (468131.772 4313269.234999999 2420.907)
337,337,148,,468131.113,4313268.548,2420.704,,-105.3678689,38.96780796,2406.682,Global,0.01,0.01,0.01,0.015,1.934,m,FIX,RTK,2025-07-15 16:52:59.6 UTC-06:00,2025-07-15 16:53:02.6 UTC-06:00,16,1.3,1.6,468408.098,4313299.048,2424.969,-105.3646731,38.96809284,2410.942,278.884,,NAD83(2011) / UTM zone 13N + NAVD88(GEOID18) height,6,7,7,7,0,4313268.768,468131.787,2420.9660000000003,POINT Z (468131.787 4313268.768 2420.9660000000003)
338,338,149,,468131.086,4313268.021,2420.769,,-105.3678692,38.96780322,2406.747,Global,0.01,0.01,0.01,0.014,1.934,m,FIX,RTK,2025-07-15 16:53:10.2 UTC-06:00,2025-07-15 16:53:13.2 UTC-06:00,16,1.3,1.5,468408.098,4313299.048,2424.969,-105.3646731,38.96809284,2410.942,278.971,,NAD83(2011) / UTM zone 13N + NAVD88(GEOID18) height,7,7,8,7,0,4313268.240999999,468131.76,2421.031,POINT Z (468131.76 4313268.240999999 2421.031)
339,339,150,,468131.081,4313267.556,2420.791,,-105.3678692,38.96779903,2406.769,Global,0.011,0.01,0.014,0.015,1.934,m,FIX,RTK,2025-07-15 16:53:20.2 UTC-06:00,2025-07-15 16:53:23.2 UTC-06:00,16,1.3,1.5,468408.098,4313299.048,2424.969,-105.3646731,38.96809284,2410.942,279.032,,NAD83(2011) / UTM zone 13N + NAVD88(GEOID18) height,7,6,8,7,0,4313267.776,468131.755,2421.0530000000003,POINT Z (468131.755 4313267.776 2421.0530000000003)
340,340,151,,468131.03,4313267.06,2420.86,,-105.3678698,38.96779455,2406.838,Global,0.011,0.01,0.015,0.015,1.934,m,FIX,RTK,2025-07-15 16:53:34.8 UTC-06:00,2025-07-15 16:53:37.8 UTC-06:00,16,1.3,1.6,468408.098,4313299.048,2424.969,-105.3646731,38.96809284,2410.942,279.136,,NAD83(2011) / UTM zone 13N + NAVD88(GEOID18) height,7,6,8,7,0,4313267.279999999,468131.704,2421.1220000000003,POINT Z (468131.704 4313267.279999999 2421.1220000000003)
341,341,152,,468131.025,4313266.609,2420.952,,-105.3678698,38.96779049,2406.93,Global,0.011,0.011,0.011,0.015,1.934,m,FIX,RTK,2025-07-15 16:53:47.4 UTC-06:00,2025-07-15 16:53:50.4 UTC-06:00,16,1.3,1.6,468408.098,4313299.048,2424.969,-105.3646731,38.96809284,2410.942,279.19,,NAD83(2011) / UTM zone 13N + NAVD88(GEOID18) height,7,6,8,7,0,4313266.829,468131.699,2421.2140000000004,POINT Z (468131.699 4313266.829 2421.2140000000004)
342,342,153,,468131.026,4313266.115,2421.104,,-105.3678698,38.96778603,2407.082,Global,0.01,0.011,0.01,0.015,1.934,m,FIX,RTK,2025-07-15 16:53:58.8 UTC-06:00,2025-07-15 16:54:01.8 UTC-06:00,16,1.3,1.6,468408.098,4313299.048,2424.969,-105.3646731,38.96809284,2410.942,279.244,,NAD83(2011) / UTM zone 13N + NAVD88(GEOID18) height,7,6,8,6,0,4313266.335,468131.7,2421.366,POINT Z (468131.7 4313266.335 2421.366)
343,343,154,,468130.947,4313265.657,2421.193,,-105.3678707,38.96778191,2407.171,Global,0.01,0.01,0.011,0.015,1.934,m,FIX,RTK,2025-07-15 16:54:09.0 UTC-06:00,2025-07-15 16:54:12.0 UTC-06:00,16,1.3,1.6,468408.098,4313299.048,2424.969,-105.3646731,38.96809284,2410.942,279.375,,NAD83(2011) / UTM zone 13N + NAVD88(GEOID18) height,7,6,8,7,0,4313265.876999999,468131.621,2421.4550000000004,POINT Z (468131.621 4313265.876999999 2421.4550000000004)
344,344,155,,468130.946,4313265.184,2421.257,,-105.3678707,38.96777764,2407.235,Global,0.01,0.01,0.011,0.015,1.934,m,FIX,RTK,2025-07-15 16:54:19.0 UTC-06:00,2025-07-15 16:54:22.0 UTC-06:00,16,1.4,1.7,468408.098,4313299.048,2424.969,-105.3646731,38.96809284,2410.942,279.434,,NAD83(2011) / UTM zone 13N + NAVD88(GEOID18) height,7,6,8,7,0,4313265.404,468131.62,2421.5190000000002,POINT Z (468131.62 4313265.404 2421.5190000000002)
345,345,156,,468130.93,4313264.656,2421.418,,-105.3678708,38.96777288,2407.396,Global,0.01,0.01,0.01,0.015,1.934,m,FIX,RTK,2025-07-15 16:54:31.8 UTC-06:00,2025-07-15 16:54:34.8 UTC-06:00,16,1.4,1.6,468408.098,4313299.048,2424.969,-105.3646731,38.96809284,2410.942,279.509,,NAD83(2011) / UTM zone 13N + NAVD88(GEOID18) height,7,6,8,7,0,4313264.876,468131.604,2421.6800000000003,POINT Z (468131.604 4313264.876 2421.6800000000003)
346,346,157,,468130.853,4313264.225,2421.551,,-105.3678717,38.96776899,2407.529,Global,0.01,0.012,0.012,0.016,1.934,m,FIX,RTK,2025-07-15 16:54:41.2 UTC-06:00,2025-07-15 16:54:44.2 UTC-06:00,16,1.3,1.6,468408.098,4313299.048,2424.969,-105.3646731,38.96809284,2410.942,279.642,,NAD83(2011) / UTM zone 13N + NAVD88(GEOID18) height,7,6,8,7,0,4313264.444999999,468131.527,2421.813,POINT Z (468131.527 4313264.444999999 2421.813)
347,347,158,,468130.764,4313263.735,2421.743,,-105.3678727,38.96776458,2407.721,Global,0.011,0.01,0.012,0.015,1.934,m,FIX,RTK,2025-07-15 16:54:52.4 UTC-06:00,2025-07-15 16:54:55.4 UTC-06:00,16,1.2,1.4,468408.098,4313299.048,2424.969,-105.3646731,38.96809284,2410.942,279.793,,NAD83(2011) / UTM zone 13N + NAVD88(GEOID18) height,7,6,8,7,0,4313263.955,468131.438,2422.005,POINT Z (468131.438 4313263.955 2422.005)
348,348,159,,468130.762,4313263.243,2421.887,,-105.3678727,38.96776015,2407.865,Global,0.01,0.011,0.014,0.015,1.934,m,FIX,RTK,2025-07-15 16:55:01.4 UTC-06:00,2025-07-15 16:55:04.4 UTC-06:00,16,1.2,1.4,468408.098,4313299.048,2424.969,-105.3646731,38.96809284,2410.942,279.854,,NAD83(2011) / UTM zone 13N + NAVD88(GEOID18) height,7,6,8,6,0,4313263.4629999995,468131.436,2422.1490000000003,POINT Z (468131.436 4313263.4629999995 2422.1490000000003)
349,349,160,,468130.699,4313262.751,2422.019,,-105.3678734,38.96775571,2407.997,Global,0.01,0.011,0.013,0.015,1.934,m,FIX,RTK,2025-07-15 16:55:11.6 UTC-06:00,2025-07-15 16:55:14.6 UTC-06:00,16,1.3,1.5,468408.098,4313299.048,2424.969,-105.3646731,38.96809284,2410.942,279.979,,NAD83(2011) / UTM zone 13N + NAVD88(GEOID18) height,7,6,8,7,0,4313262.971,468131.373,2422.281,POINT Z (468131.373 4313262.971 2422.281)
350,350,161,,468130.68,4313262.254,2422.154,,-105.3678736,38.96775123,2408.132,Global,0.01,0.011,0.014,0.015,1.934,m,FIX,RTK,2025-07-15 16:55:21.2 UTC-06:00,2025-07-15 16:55:24.2 UTC-06:00,16,1.3,1.5,468408.098,4313299.048,2424.969,-105.3646731,38.96809284,2410.942,280.065,,NAD83(2011) / UTM zone 13N + NAVD88(GEOID18) height,7,6,8,7,0,4313262.473999999,468131.354,2422.416,POINT Z (468131.354 4313262.473999999 2422.416)
351,351,162,,468130.605,4313261.779,2422.276,,-105.3678744,38.96774695,2408.254,Global,0.011,0.011,0.015,0.016,1.934,m,FIX,RTK,2025-07-15 16:55:33.0 UTC-06:00,2025-07-15 16:55:36.0 UTC-06:00,16,1.4,1.6,468408.098,4313299.048,2424.969,-105.3646731,38.96809284,2410.942,280.195,,NAD83(2011) / UTM zone 13N + NAVD88(GEOID18) height,7,6,8,7,0,4313261.999,468131.279,2422.538,POINT Z (468131.279 4313261.999 2422.538)
352,352,163,,468130.578,4313261.293,2422.374,,-105.3678747,38.96774257,2408.352,Global,0.01,0.011,0.014,0.015,1.934,m,FIX,RTK,2025-07-15 16:55:44.0 UTC-06:00,2025-07-15 16:55:47.0 UTC-06:00,16,1.3,1.5,468408.098,4313299.048,2424.969,-105.3646731,38.96809284,2410.942,280.291,,NAD83(2011) / UTM zone 13N + NAVD88(GEOID18) height,7,6,8,7,0,4313261.512999999,468131.252,2422.636,POINT Z (468131.252 4313261.512999999 2422.636)
353,353,164,,468130.543,4313260.808,2422.4,,-105.3678751,38.96773819,2408.378,Global,0.012,0.014,0.018,0.018,1.934,m,FIX,RTK,2025-07-15 16:55:53.0 UTC-06:00,2025-07-15 16:55:56.0 UTC-06:00,16,1.5,1.7,468408.098,4313299.048,2424.969,-105.3646731,38.96809284,2410.942,280.395,,NAD83(2011) / UTM zone 13N + NAVD88(GEOID18) height,7,6,8,7,0,4313261.028,468131.217,2422.6620000000003,POINT Z (468131.217 4313261.028 2422.6620000000003)
354,354,165,,468130.527,4313260.3,2422.558,,-105.3678753,38.96773361,2408.536,Global,0.011,0.012,0.014,0.016,1.934,m,FIX,RTK,2025-07-15 16:56:01.4 UTC-06:00,2025-07-15 16:56:04.4 UTC-06:00,16,1.3,1.5,468408.098,4313299.048,2424.969,-105.3646731,38.96809284,2410.942,280.476,,NAD83(2011) / UTM zone 13N + NAVD88(GEOID18) height,7,6,7,7,0,4313260.52,468131.201,2422.82,POINT Z (468131.201 4313260.52 2422.82)
355,355,166,,468130.467,4313259.827,2422.585,,-105.3678759,38.96772935,2408.563,Global,0.014,0.011,0.013,0.017,1.934,m,FIX,RTK,2025-07-15 16:56:10.8 UTC-06:00,2025-07-15 16:56:13.8 UTC-06:00,16,1.4,1.6,468408.098,4313299.048,2424.969,-105.3646731,38.96809284,2410.942,280.613,,NAD83(2011) / UTM zone 13N + NAVD88(GEOID18) height,7,6,8,7,0,4313260.046999999,468131.141,2422.847,POINT Z (468131.141 4313260.046999999 2422.847)
356,356,167,,468130.43,4313259.365,2422.687,,-105.3678763,38.96772519,2408.665,Global,0.011,0.011,0.021,0.015,1.934,m,FIX,RTK,2025-07-15 16:56:22.0 UTC-06:00,2025-07-15 16:56:25.0 UTC-06:00,16,1.4,1.6,468408.098,4313299.048,2424.969,-105.3646731,38.96809284,2410.942,280.704,,NAD83(2011) / UTM zone 13N + NAVD88(GEOID18) height,7,6,8,7,0,4313259.585,468131.104,2422.949,POINT Z (468131.104 4313259.585 2422.949)
357,357,168,,468130.349,4313258.831,2422.813,,-105.3678772,38.96772037,2408.791,Global,0.01,0.011,0.011,0.015,1.934,m,FIX,RTK,2025-07-15 16:56:33.6 UTC-06:00,2025-07-15 16:56:36.6 UTC-06:00,16,1.4,1.6,468408.098,4313299.048,2424.969,-105.3646731,38.96809284,2410.942,280.863,,NAD83(2011) / UTM zone 13N + NAVD88(GEOID18) height,7,6,8,7,0,4313259.051,468131.023,2423.0750000000003,POINT Z (468131.023 4313259.051 2423.0750000000003)
358,358,169,,468130.333,4313258.339,2422.847,,-105.3678774,38.96771594,2408.825,Global,0.01,0.011,0.015,0.015,1.934,m,FIX,RTK,2025-07-15 16:56:48.0 UTC-06:00,2025-07-15 16:56:51.0 UTC-06:00,16,1.4,1.6,468408.098,4313299.048,2424.969,-105.3646731,38.96809284,2410.942,280.944,,NAD83(2011) / UTM zone 13N + NAVD88(GEOID18) height,7,6,8,7,0,4313258.558999999,468131.007,2423.1090000000004,POINT Z (468131.007 4313258.558999999 2423.1090000000004)
359,359,170,,468130.245,4313257.845,2422.939,,-105.3678784,38.96771148,2408.916,Global,0.01,0.011,0.013,0.015,1.934,m,FIX,RTK,2025-07-15 16:57:02.2 UTC-06:00,2025-07-15 16:57:05.2 UTC-06:00,16,1.6,1.8,468408.098,4313299.048,2424.969,-105.3646731,38.96809284,2410.942,281.11,,NAD83(2011) / UTM zone 13N + NAVD88(GEOID18) height,7,6,8,7,0,4313258.0649999995,468130.919,2423.201,POINT Z (468130.919 4313258.0649999995 2423.201)
360,360,171,,468130.16,4313257.383,2423.174,,-105.3678794,38.96770732,2409.152,Global,0.011,0.01,0.016,0.015,1.934,m,FIX,RTK,2025-07-15 16:57:15.2 UTC-06:00,2025-07-15 16:57:18.2 UTC-06:00,16,1.6,1.8,468408.098,4313299.048,2424.969,-105.3646731,38.96809284,2410.942,281.256,,NAD83(2011) / UTM zone 13N + NAVD88(GEOID18) height,7,6,8,7,0,4313257.603,468130.834,2423.436,POINT Z (468130.834 4313257.603 2423.436)
361,361,172,,468130.09,4313256.89,2423.207,,-105.3678802,38.96770287,2409.185,Global,0.01,0.01,0.012,0.015,1.934,m,FIX,RTK,2025-07-15 16:57:27.2 UTC-06:00,2025-07-15 16:57:30.2 UTC-06:00,16,1.5,1.8,468408.098,4313299.048,2424.969,-105.3646731,38.96809284,2410.942,281.4,,NAD83(2011) / UTM zone 13N + NAVD88(GEOID18) height,7,6,7,7,0,4313257.109999999,468130.764,2423.469,POINT Z (468130.764 4313257.109999999 2423.469)
362,362,173,,468130.037,4313256.415,2423.421,,-105.3678807,38.96769859,2409.399,Global,0.011,0.011,0.018,0.015,1.934,m,FIX,RTK,2025-07-15 16:57:37.4 UTC-06:00,2025-07-15 16:57:40.4 UTC-06:00,16,1.6,1.9,468408.098,4313299.048,2424.969,-105.3646731,38.96809284,2410.942,281.531,,NAD83(2011) / UTM zone 13N + NAVD88(GEOID18) height,7,6,7,6,0,4313256.635,468130.711,2423.683,POINT Z (468130.711 4313256.635 2423.683)
363,363,174,,468129.93,4313255.939,2423.479,,-105.367882,38.9676943,2409.457,Global,0.011,0.011,0.02,0.015,1.934,m,FIX,RTK,2025-07-15 16:57:46.2 UTC-06:00,2025-07-15 16:57:49.2 UTC-06:00,16,1.5,1.8,468408.098,4313299.048,2424.969,-105.3646731,38.96809284,2410.942,281.702,,NAD83(2011) / UTM zone 13N + NAVD88(GEOID18) height,7,6,8,7,0,4313256.159,468130.604,2423.741,POINT Z (468130.604 4313256.159 2423.741)
364,364,175,,468129.877,4313255.488,2423.642,,-105.3678825,38.96769023,2409.62,Global,0.01,0.01,0.018,0.014,1.934,m,FIX,RTK,2025-07-15 16:57:58.2 UTC-06:00,2025-07-15 16:58:01.2 UTC-06:00,16,1.4,1.7,468408.098,4313299.048,2424.969,-105.3646731,38.96809284,2410.942,281.831,,NAD83(2011) / UTM zone 13N + NAVD88(GEOID18) height,7,6,8,7,0,4313255.708,468130.551,2423.904,POINT Z (468130.551 4313255.708 2423.904)
365,365,176,,468129.763,4313255.006,2423.725,,-105.3678838,38.96768588,2409.703,Global,0.01,0.013,0.02,0.017,1.934,m,FIX,RTK,2025-07-15 16:58:27.6 UTC-06:00,2025-07-15 16:58:30.6 UTC-06:00,16,1.6,1.9,468408.098,4313299.048,2424.969,-105.3646731,38.96809284,2410.942,282.011,,NAD83(2011) / UTM zone 13N + NAVD88(GEOID18) height,6,6,8,6,0,4313255.226,468130.437,2423.987,POINT Z (468130.437 4313255.226 2423.987)
366,366,177,,468129.743,4313254.551,2423.898,,-105.367884,38.96768178,2409.875,Global,0.01,0.01,0.014,0.015,1.934,m,FIX,RTK,2025-07-15 16:58:44.2 UTC-06:00,2025-07-15 16:58:47.2 UTC-06:00,16,1.6,1.8,468408.098,4313299.048,2424.969,-105.3646731,38.96809284,2410.942,282.105,,NAD83(2011) / UTM zone 13N + NAVD88(GEOID18) height,6,6,8,7,0,4313254.771,468130.417,2424.1600000000003,POINT Z (468130.417 4313254.771 2424.1600000000003)
367,367,178,,468129.509,4313254.072,2424.281,,-105.3678867,38.96767746,2410.259,Global,0.011,0.019,0.081,0.022,1.934,m,FLOAT,RTK,2025-07-15 16:59:50.8 UTC-06:00,2025-07-15 16:59:53.8 UTC-06:00,16,1.7,2.0,468408.098,4313299.048,2424.969,-105.3646731,38.96809284,2410.942,282.412,,NAD83(2011) / UTM zone 13N + NAVD88(GEOID18) height,6,7,8,6,0,4313254.291999999,468130.183,2424.543,POINT Z (468130.183 4313254.291999999 2424.543)
368,368,179,,468129.601,4313253.532,2424.102,,-105.3678856,38.96767259,2410.08,Global,0.011,0.012,0.028,0.016,1.934,m,FIX,RTK,2025-07-15 17:00:12.4 UTC-06:00,2025-07-15 17:00:15.4 UTC-06:00,16,1.6,1.8,468408.098,4313299.048,2424.969,-105.3646731,38.96809284,2410.942,282.409,,NAD83(2011) / UTM zone 13N + NAVD88(GEOID18) height,7,7,8,6,0,4313253.751999999,468130.275,2424.364,POINT Z (468130.275 4313253.751999999 2424.364)
369,369,180,,468129.555,4313253.467,2424.197,,-105.3678862,38.96767201,2410.175,Global,0.01,0.011,0.022,0.015,1.934,m,FIX,RTK,2025-07-15 17:00:30.6 UTC-06:00,2025-07-15 17:00:33.6 UTC-06:00,16,1.5,1.8,468408.098,4313299.048,2424.969,-105.3646731,38.96809284,2410.942,282.472,,NAD83(2011) / UTM zone 13N + NAVD88(GEOID18) height,7,6,8,6,0,4313253.687,468130.229,2424.4590000000003,POINT Z (468130.229 4313253.687 2424.4590000000003)
370,370,181,,468129.557,4313253.45,2424.194,,-105.3678861,38.96767186,2410.172,Global,0.011,0.012,0.02,0.016,1.934,m,FIX,RTK,2025-07-15 17:00:46.6 UTC-06:00,2025-07-15 17:01:16.6 UTC-06:00,151,1.7,2.0,468408.098,4313299.048,2424.969,-105.3646731,38.96809284,2410.942,282.462,,NAD83(2011) / UTM zone 13N + NAVD88(GEOID18) height,7,7,8,5,0,4313253.67,468130.23099999997,2424.456,POINT Z (468130.23099999997 4313253.67 2424.456)
371,371,182,,468129.441,4313253.44,2424.166,,-105.3678875,38.96767176,2410.144,Global,0.011,0.011,0.021,0.015,1.934,m,FIX,RTK,2025-07-15 17:01:36.0 UTC-06:00,2025-07-15 17:01:39.0 UTC-06:00,16,1.6,1.9,468408.098,4313299.048,2424.969,-105.3646731,38.96809284,2410.942,282.587,,NAD83(2011) / UTM zone 13N + NAVD88(GEOID18) height,6,7,8,6,0,4313253.66,468130.115,2424.4280000000003,POINT Z (468130.115 4313253.66 2424.4280000000003)
372,372,183,,468129.573,4313253.561,2424.095,,-105.367886,38.96767285,2410.073,Global,0.01,0.011,0.019,0.015,1.934,m,FIX,RTK,2025-07-15 17:01:46.4 UTC-06:00,2025-07-15 17:01:49.4 UTC-06:00,16,1.6,1.8,468408.098,4313299.048,2424.969,-105.3646731,38.96809284,2410.942,282.431,,NAD83(2011) / UTM zone 13N + NAVD88(GEOID18) height,7,7,8,6,0,4313253.7809999995,468130.247,2424.357,POINT Z (468130.247 4313253.7809999995 2424.357)
373,373,184,,468129.673,4313253.412,2424.119,,-105.3678848,38.96767151,2410.097,Global,0.01,0.01,0.015,0.014,1.934,m,FIX,RTK,2025-07-15 17:01:57.8 UTC-06:00,2025-07-15 17:02:00.8 UTC-06:00,16,1.5,1.8,468408.098,4313299.048,2424.969,-105.3646731,38.96809284,2410.942,282.358,,NAD83(2011) / UTM zone 13N + NAVD88(GEOID18) height,7,7,8,5,0,4313253.631999999,468130.347,2424.3810000000003,POINT Z (468130.347 4313253.631999999 2424.3810000000003)
374,374,185,,468129.554,4313253.328,2424.127,,-105.3678862,38.96767075,2410.105,Global,0.01,0.01,0.019,0.014,1.934,m,FIX,RTK,2025-07-15 17:02:16.8 UTC-06:00,2025-07-15 17:02:19.8 UTC-06:00,15,1.6,1.9,468408.098,4313299.048,2424.969,-105.3646731,38.96809284,2410.942,282.493,,NAD83(2011) / UTM zone 13N + NAVD88(GEOID18) height,7,6,8,4,0,4313253.5479999995,468130.228,2424.389,POINT Z (468130.228 4313253.5479999995 2424.389)
375,375,186,,468129.553,4313253.448,2424.204,,-105.3678862,38.96767184,2410.182,Global,0.01,0.01,0.018,0.015,1.934,m,FIX,RTK,2025-07-15 17:02:31.8 UTC-06:00,2025-07-15 17:02:34.8 UTC-06:00,16,1.5,1.7,468408.098,4313299.048,2424.969,-105.3646731,38.96809284,2410.942,282.469,,NAD83(2011) / UTM zone 13N + NAVD88(GEOID18) height,7,6,8,6,0,4313253.668,468130.227,2424.4660000000003,POINT Z (468130.227 4313253.668 2424.4660000000003)
376,376,187,,468035.551,4313286.833,2423.12,,-105.3689728,38.96796925,2409.101,Global,0.01,0.01,0.01,0.015,1.934,m,FIX,RTK,2025-07-15 17:16:27.0 UTC-06:00,2025-07-15 17:16:30.0 UTC-06:00,16,1.4,1.6,468408.098,4313299.048,2424.969,-105.3646731,38.96809284,2410.942,373.032,,NAD83(2011) / UTM zone 13N + NAVD88(GEOID18) height,7,7,7,5,0,4313287.052999999,468036.225,2423.382,POINT Z (468036.225 4313287.052999999 2423.382)
377,377,188,,468035.56,4313286.831,2423.128,,-105.3689727,38.96796924,2409.109,Global,0.011,0.011,0.011,0.015,1.934,m,FIX,RTK,2025-07-15 17:16:51.6 UTC-06:00,2025-07-15 17:17:21.6 UTC-06:00,149,1.4,1.6,468408.098,4313299.048,2424.969,-105.3646731,38.96809284,2410.942,373.018,,NAD83(2011) / UTM zone 13N + NAVD88(GEOID18) height,7,7,7,5,0,4313287.051,468036.234,2423.3900000000003,POINT Z (468036.234 4313287.051 2423.3900000000003)
378,378,189,,468035.46,4313286.936,2423.092,,-105.3689739,38.96797018,2409.072,Global,0.012,0.012,0.01,0.017,1.934,m,FIX,RTK,2025-07-15 17:17:37.0 UTC-06:00,2025-07-15 17:17:40.0 UTC-06:00,16,1.4,1.6,468408.098,4313299.048,2424.969,-105.3646731,38.96809284,2410.942,373.118,,NAD83(2011) / UTM zone 13N + NAVD88(GEOID18) height,7,7,8,5,0,4313287.1559999995,468036.134,2423.3540000000003,POINT Z (468036.134 4313287.1559999995 2423.3540000000003)
379,379,190,,468035.615,4313286.992,2423.053,,-105.3689721,38.96797069,2409.033,Global,0.013,0.01,0.01,0.016,1.934,m,FIX,RTK,2025-07-15 17:17:49.4 UTC-06:00,2025-07-15 17:17:52.4 UTC-06:00,16,1.4,1.6,468408.098,4313299.048,2424.969,-105.3646731,38.96809284,2410.942,372.959,,NAD83(2011) / UTM zone 13N + NAVD88(GEOID18) height,7,7,8,5,0,4313287.211999999,468036.289,2423.315,POINT Z (468036.289 4313287.211999999 2423.315)
380,380,191,,468035.669,4313286.805,2423.065,,-105.3689714,38.96796901,2409.045,Global,0.012,0.02,0.01,0.023,1.934,m,FIX,RTK,2025-07-15 17:17:57.0 UTC-06:00,2025-07-15 17:18:00.0 UTC-06:00,16,1.4,1.6,468408.098,4313299.048,2424.969,-105.3646731,38.96809284,2410.942,372.917,,NAD83(2011) / UTM zone 13N + NAVD88(GEOID18) height,7,7,7,5,0,4313287.024999999,468036.343,2423.327,POINT Z (468036.343 4313287.024999999 2423.327)
381,381,192,,468035.542,4313286.746,2423.096,,-105.3689729,38.96796846,2409.077,Global,0.015,0.011,0.011,0.019,1.934,m,FIX,RTK,2025-07-15 17:18:05.2 UTC-06:00,2025-07-15 17:18:08.2 UTC-06:00,16,1.4,1.6,468408.098,4313299.048,2424.969,-105.3646731,38.96809284,2410.942,373.055,,NAD83(2011) / UTM zone 13N + NAVD88(GEOID18) height,7,7,7,5,0,4313286.966,468036.216,2423.358,POINT Z (468036.216 4313286.966 2423.358)
382,382,193,,468035.55,4313286.834,2423.127,,-105.3689728,38.96796926,2409.107,Global,0.011,0.013,0.01,0.017,1.934,m,FIX,RTK,2025-07-15 17:18:17.0 UTC-06:00,2025-07-15 17:18:20.0 UTC-06:00,16,1.4,1.6,468408.098,4313299.048,2424.969,-105.3646731,38.96809284,2410.942,373.033,,NAD83(2011) / UTM zone 13N + NAVD88(GEOID18) height,7,7,7,5,0,4313287.054,468036.224,2423.389,POINT Z (468036.224 4313287.054 2423.389)
383,383,194,,468035.624,4313287.053,2423.027,,-105.368972,38.96797123,2409.008,Global,0.01,0.011,0.01,0.015,1.934,m,FIX,RTK,2025-07-15 17:18:30.0 UTC-06:00,2025-07-15 17:18:33.0 UTC-06:00,16,1.4,1.6,468408.098,4313299.048,2424.969,-105.3646731,38.96809284,2410.942,372.946,,NAD83(2011) / UTM zone 13N + NAVD88(GEOID18) height,7,6,8,5,0,4313287.273,468036.298,2423.289,POINT Z (468036.298 4313287.273 2423.289)
384,384,195,,468035.712,4313287.261,2423.004,,-105.368971,38.96797312,2408.984,Global,0.014,0.01,0.01,0.017,1.934,m,FIX,RTK,2025-07-15 17:18:38.4 UTC-06:00,2025-07-15 17:18:41.4 UTC-06:00,16,1.4,1.6,468408.098,4313299.048,2424.969,-105.3646731,38.96809284,2410.942,372.867,,NAD83(2011) / UTM zone 13N + NAVD88(GEOID18) height,7,7,7,5,0,4313287.481,468036.386,2423.266,POINT Z (468036.386 4313287.481 2423.266)
385,385,196,,468035.734,4313287.416,2422.898,,-105.3689707,38.96797451,2408.878,Global,0.017,0.011,0.01,0.02,1.934,m,FIX,RTK,2025-07-15 17:18:50.4 UTC-06:00,2025-07-15 17:18:53.4 UTC-06:00,16,1.4,1.6,468408.098,4313299.048,2424.969,-105.3646731,38.96809284,2410.942,372.824,,NAD83(2011) / UTM zone 13N + NAVD88(GEOID18) height,7,7,8,5,0,4313287.636,468036.408,2423.1600000000003,POINT Z (468036.408 4313287.636 2423.1600000000003)
386,386,197,,468035.806,4313287.63,2422.733,,-105.3689699,38.96797645,2408.713,Global,0.011,0.011,0.01,0.015,1.934,m,FIX,RTK,2025-07-15 17:19:01.4 UTC-06:00,2025-07-15 17:19:04.4 UTC-06:00,16,1.4,1.6,468408.098,4313299.048,2424.969,-105.3646731,38.96809284,2410.942,372.759,,NAD83(2011) / UTM zone 13N + NAVD88(GEOID18) height,7,7,8,5,0,4313287.85,468036.48,2422.9950000000003,POINT Z (468036.48 4313287.85 2422.9950000000003)
387,387,198,,468035.852,4313287.784,2422.703,,-105.3689694,38.96797783,2408.683,Global,0.011,0.01,0.01,0.015,1.934,m,FIX,RTK,2025-07-15 17:19:09.6 UTC-06:00,2025-07-15 17:19:12.6 UTC-06:00,16,1.4,1.6,468408.098,4313299.048,2424.969,-105.3646731,38.96809284,2410.942,372.704,,NAD83(2011) / UTM zone 13N + NAVD88(GEOID18) height,7,7,8,5,0,4313288.004,468036.526,2422.965,POINT Z (468036.526 4313288.004 2422.965)
388,388,199,,468035.883,4313288.003,2422.625,,-105.368969,38.96797981,2408.605,Global,0.023,0.017,0.01,0.029,1.934,m,FIX,RTK,2025-07-15 17:19:18.0 UTC-06:00,2025-07-15 17:19:21.0 UTC-06:00,16,1.4,1.6,468408.098,4313299.048,2424.969,-105.3646731,38.96809284,2410.942,372.69,,NAD83(2011) / UTM zone 13N + NAVD88(GEOID18) height,7,6,8,5,0,4313288.222999999,468036.557,2422.887,POINT Z (468036.557 4313288.222999999 2422.887)
389,389,200,,468035.99,4313288.186,2422.193,,-105.3689678,38.96798146,2408.173,Global,0.011,0.01,0.01,0.015,1.934,m,FIX,RTK,2025-07-15 17:19:33.0 UTC-06:00,2025-07-15 17:19:36.0 UTC-06:00,16,1.4,1.6,468408.098,4313299.048,2424.969,-105.3646731,38.96809284,2410.942,372.559,,NAD83(2011) / UTM zone 13N + NAVD88(GEOID18) height,8,6,7,5,0,4313288.4059999995,468036.664,2422.4550000000004,POINT Z (468036.664 4313288.4059999995 2422.4550000000004)
390,390,201,,468036.086,4313288.377,2422.636,,-105.3689667,38.96798318,2408.617,Global,0.012,0.01,0.01,0.016,1.934,m,FIX,RTK,2025-07-15 17:19:43.6 UTC-06:00,2025-07-15 17:19:46.6 UTC-06:00,16,1.4,1.6,468408.098,4313299.048,2424.969,-105.3646731,38.96809284,2410.942,372.438,,NAD83(2011) / UTM zone 13N + NAVD88(GEOID18) height,7,6,7,5,0,4313288.597,468036.76,2422.898,POINT Z (468036.76 4313288.597 2422.898)
391,391,202,,468036.173,4313288.53,2422.705,,-105.3689657,38.96798457,2408.686,Global,0.017,0.012,0.01,0.02,1.934,m,FIX,RTK,2025-07-15 17:19:53.2 UTC-06:00,2025-07-15 17:19:56.2 UTC-06:00,16,1.4,1.6,468408.098,4313299.048,2424.969,-105.3646731,38.96809284,2410.942,372.377,,NAD83(2011) / UTM zone 13N + NAVD88(GEOID18) height,8,6,7,5,0,4313288.75,468036.847,2422.967,POINT Z (468036.847 4313288.75 2422.967)
392,392,203,,468036.224,4313288.75,2422.771,,-105.3689651,38.96798655,2408.751,Global,0.011,0.011,0.01,0.016,1.934,m,FIX,RTK,2025-07-15 17:20:01.8 UTC-06:00,2025-07-15 17:20:04.8 UTC-06:00,16,1.4,1.6,468408.098,4313299.048,2424.969,-105.3646731,38.96809284,2410.942,372.296,,NAD83(2011) / UTM zone 13N + NAVD88(GEOID18) height,7,6,7,5,0,4313288.97,468036.898,2423.0330000000004,POINT Z (468036.898 4313288.97 2423.0330000000004)
393,393,204,,468036.296,4313288.924,2422.924,,-105.3689643,38.96798812,2408.905,Global,0.011,0.011,0.01,0.015,1.934,m,FIX,RTK,2025-07-15 17:20:10.4 UTC-06:00,2025-07-15 17:20:13.4 UTC-06:00,16,1.4,1.6,468408.098,4313299.048,2424.969,-105.3646731,38.96809284,2410.942,372.22,,NAD83(2011) / UTM zone 13N + NAVD88(GEOID18) height,8,6,7,5,0,4313289.143999999,468036.97,2423.186,POINT Z (468036.97 4313289.143999999 2423.186)
394,394,205,,468036.367,4313289.107,2422.797,,-105.3689635,38.96798978,2408.778,Global,0.011,0.012,0.01,0.016,1.934,m,FIX,RTK,2025-07-15 17:20:30.8 UTC-06:00,2025-07-15 17:20:33.8 UTC-06:00,16,1.4,1.6,468408.098,4313299.048,2424.969,-105.3646731,38.96809284,2410.942,372.15,,NAD83(2011) / UTM zone 13N + NAVD88(GEOID18) height,8,6,7,5,0,4313289.327,468037.041,2423.059,POINT Z (468037.041 4313289.327 2423.059)
395,395,206,,468036.415,4313289.324,2422.574,,-105.368963,38.96799173,2408.554,Global,0.011,0.011,0.01,0.015,1.934,m,FIX,RTK,2025-07-15 17:20:41.8 UTC-06:00,2025-07-15 17:20:44.8 UTC-06:00,16,1.4,1.6,468408.098,4313299.048,2424.969,-105.3646731,38.96809284,2410.942,372.093,,NAD83(2011) / UTM zone 13N + NAVD88(GEOID18) height,8,6,7,5,0,4313289.544,468037.089,2422.8360000000002,POINT Z (468037.089 4313289.544 2422.8360000000002)
396,396,207,,468036.464,4313289.503,2422.487,,-105.3689624,38.96799334,2408.467,Global,0.012,0.022,0.01,0.025,1.934,m,FIX,RTK,2025-07-15 17:20:53.8 UTC-06:00,2025-07-15 17:20:56.8 UTC-06:00,16,1.4,1.6,468408.098,4313299.048,2424.969,-105.3646731,38.96809284,2410.942,372.041,,NAD83(2011) / UTM zone 13N + NAVD88(GEOID18) height,8,6,8,5,0,4313289.722999999,468037.138,2422.7490000000003,POINT Z (468037.138 4313289.722999999 2422.7490000000003)
397,397,208,,468036.513,4313289.661,2422.436,,-105.3689618,38.96799477,2408.416,Global,0.012,0.011,0.01,0.016,1.934,m,FIX,RTK,2025-07-15 17:21:01.6 UTC-06:00,2025-07-15 17:21:04.6 UTC-06:00,16,1.4,1.6,468408.098,4313299.048,2424.969,-105.3646731,38.96809284,2410.942,371.988,,NAD83(2011) / UTM zone 13N + NAVD88(GEOID18) height,7,6,8,5,0,4313289.881,468037.187,2422.6980000000003,POINT Z (468037.187 4313289.881 2422.6980000000003)
398,398,209,,468036.586,4313289.861,2422.329,,-105.368961,38.96799658,2408.309,Global,0.011,0.012,0.01,0.016,1.934,m,FIX,RTK,2025-07-15 17:21:12.8 UTC-06:00,2025-07-15 17:21:15.8 UTC-06:00,16,1.4,1.6,468408.098,4313299.048,2424.969,-105.3646731,38.96809284,2410.942,371.901,,NAD83(2011) / UTM zone 13N + NAVD88(GEOID18) height,7,6,8,5,0,4313290.080999999,468037.26,2422.5910000000003,POINT Z (468037.26 4313290.080999999 2422.5910000000003)
399,399,210,,468036.688,4313289.997,2422.274,,-105.3689598,38.96799781,2408.254,Global,0.016,0.014,0.01,0.021,1.934,m,FIX,RTK,2025-07-15 17:21:21.6 UTC-06:00,2025-07-15 17:21:24.6 UTC-06:00,16,1.4,1.6,468408.098,4313299.048,2424.969,-105.3646731,38.96809284,2410.942,371.815,,NAD83(2011) / UTM zone 13N + NAVD88(GEOID18) height,8,6,7,5,0,4313290.217,468037.362,2422.536,POINT Z (468037.362 4313290.217 2422.536)
400,400,211,,468036.745,4313290.142,2422.022,,-105.3689592,38.96799911,2408.003,Global,0.011,0.01,0.011,0.015,1.934,m,FIX,RTK,2025-07-15 17:21:31.4 UTC-06:00,2025-07-15 17:21:34.4 UTC-06:00,16,1.4,1.7,468408.098,4313299.048,2424.969,-105.3646731,38.96809284,2410.942,371.748,,NAD83(2011) / UTM zone 13N + NAVD88(GEOID18) height,8,6,8,5,0,4313290.362,468037.419,2422.284,POINT Z (468037.419 4313290.362 2422.284)
401,401,212,,468036.855,4313290.165,2421.808,,-105.3689579,38.96799933,2407.788,Global,0.011,0.014,0.011,0.018,1.934,m,FIX,RTK,2025-07-15 17:21:45.6 UTC-06:00,2025-07-15 17:21:48.6 UTC-06:00,16,1.5,1.7,468408.098,4313299.048,2424.969,-105.3646731,38.96809284,2410.942,371.636,,NAD83(2011) / UTM zone 13N + NAVD88(GEOID18) height,8,6,7,5,0,4313290.385,468037.529,2422.07,POINT Z (468037.529 4313290.385 2422.07)
402,402,213,,468036.743,4313290.433,2421.757,,-105.3689592,38.96800174,2407.738,Global,0.011,0.013,0.01,0.017,1.934,m,FIX,RTK,2025-07-15 17:22:07.8 UTC-06:00,2025-07-15 17:22:10.8 UTC-06:00,16,1.4,1.7,468408.098,4313299.048,2424.969,-105.3646731,38.96809284,2410.942,371.744,,NAD83(2011) / UTM zone 13N + NAVD88(GEOID18) height,7,6,8,5,0,4313290.653,468037.417,2422.0190000000002,POINT Z (468037.417 4313290.653 2422.0190000000002)
403,403,214,,468036.835,4313290.653,2421.68,,-105.3689582,38.96800372,2407.661,Global,0.012,0.016,0.013,0.02,1.934,m,FIX,RTK,2025-07-15 17:22:14.8 UTC-06:00,2025-07-15 17:22:17.8 UTC-06:00,16,1.4,1.7,468408.098,4313299.048,2424.969,-105.3646731,38.96809284,2410.942,371.646,,NAD83(2011) / UTM zone 13N + NAVD88(GEOID18) height,7,6,8,5,0,4313290.873,468037.509,2421.942,POINT Z (468037.509 4313290.873 2421.942)
404,404,215,,468036.825,4313290.88,2421.653,,-105.3689583,38.96800577,2407.633,Global,0.011,0.011,0.012,0.015,1.934,m,FIX,RTK,2025-07-15 17:22:23.8 UTC-06:00,2025-07-15 17:22:26.8 UTC-06:00,16,1.4,1.7,468408.098,4313299.048,2424.969,-105.3646731,38.96809284,2410.942,371.649,,NAD83(2011) / UTM zone 13N + NAVD88(GEOID18) height,7,6,7,5,0,4313291.1,468037.499,2421.915,POINT Z (468037.499 4313291.1 2421.915)
405,405,216,,468036.872,4313291.093,2421.676,,-105.3689578,38.96800768,2407.656,Global,0.011,0.012,0.013,0.016,1.934,m,FIX,RTK,2025-07-15 17:22:32.4 UTC-06:00,2025-07-15 17:22:35.4 UTC-06:00,16,1.4,1.7,468408.098,4313299.048,2424.969,-105.3646731,38.96809284,2410.942,371.605,,NAD83(2011) / UTM zone 13N + NAVD88(GEOID18) height,7,6,8,5,0,4313291.313,468037.546,2421.938,POINT Z (468037.546 4313291.313 2421.938)
406,406,217,,468036.855,4313291.322,2421.639,,-105.368958,38.96800975,2407.619,Global,0.011,0.01,0.01,0.015,1.934,m,FIX,RTK,2025-07-15 17:22:41.0 UTC-06:00,2025-07-15 17:22:44.0 UTC-06:00,16,1.5,1.8,468408.098,4313299.048,2424.969,-105.3646731,38.96809284,2410.942,371.602,,NAD83(2011) / UTM zone 13N + NAVD88(GEOID18) height,8,6,8,5,0,4313291.541999999,468037.529,2421.9010000000003,POINT Z (468037.529 4313291.541999999 2421.9010000000003)
407,407,218,,468037.008,4313291.53,2421.953,,-105.3689562,38.96801163,2407.933,Global,0.011,0.014,0.011,0.018,1.934,m,FIX,RTK,2025-07-15 17:22:51.8 UTC-06:00,2025-07-15 17:22:54.8 UTC-06:00,16,1.5,1.8,468408.098,4313299.048,2424.969,-105.3646731,38.96809284,2410.942,371.446,,NAD83(2011) / UTM zone 13N + NAVD88(GEOID18) height,7,6,8,5,0,4313291.75,468037.682,2422.215,POINT Z (468037.682 4313291.75 2422.215)
408,408,219,,468037.151,4313291.731,2421.65,,-105.3689546,38.96801344,2407.631,Global,0.016,0.012,0.01,0.02,1.934,m,FIX,RTK,2025-07-15 17:23:05.2 UTC-06:00,2025-07-15 17:23:08.2 UTC-06:00,16,1.5,1.8,468408.098,4313299.048,2424.969,-105.3646731,38.96809284,2410.942,371.3,,NAD83(2011) / UTM zone 13N + NAVD88(GEOID18) height,8,6,8,5,0,4313291.950999999,468037.825,2421.9120000000003,POINT Z (468037.825 4313291.950999999 2421.9120000000003)
409,409,220,,468037.261,4313291.978,2421.662,,-105.3689533,38.96801568,2407.643,Global,0.013,0.012,0.011,0.018,1.934,m,FIX,RTK,2025-07-15 17:23:14.2 UTC-06:00,2025-07-15 17:23:17.2 UTC-06:00,16,1.4,1.7,468408.098,4313299.048,2424.969,-105.3646731,38.96809284,2410.942,371.209,,NAD83(2011) / UTM zone 13N + NAVD88(GEOID18) height,7,6,8,5,0,4313292.198,468037.935,2421.924,POINT Z (468037.935 4313292.198 2421.924)
410,410,221,,468037.307,4313292.182,2421.638,,-105.3689528,38.96801752,2407.619,Global,0.017,0.012,0.01,0.021,1.934,m,FIX,RTK,2025-07-15 17:23:22.0 UTC-06:00,2025-07-15 17:23:25.0 UTC-06:00,16,1.5,1.8,468408.098,4313299.048,2424.969,-105.3646731,38.96809284,2410.942,371.121,,NAD83(2011) / UTM zone 13N + NAVD88(GEOID18) height,8,6,8,5,0,4313292.402,468037.98099999997,2421.9,POINT Z (468037.98099999997 4313292.402 2421.9)
411,411,222,,468037.334,4313292.403,2421.574,,-105.3689525,38.96801951,2407.554,Global,0.011,0.01,0.011,0.015,1.934,m,FIX,RTK,2025-07-15 17:23:29.6 UTC-06:00,2025-07-15 17:23:32.6 UTC-06:00,16,1.4,1.7,468408.098,4313299.048,2424.969,-105.3646731,38.96809284,2410.942,371.114,,NAD83(2011) / UTM zone 13N + NAVD88(GEOID18) height,7,6,8,5,0,4313292.623,468038.008,2421.8360000000002,POINT Z (468038.008 4313292.623 2421.8360000000002)
412,412,223,,468037.531,4313292.533,2421.539,,-105.3689502,38.96802069,2407.52,Global,0.011,0.01,0.01,0.015,1.934,m,FIX,RTK,2025-07-15 17:23:38.0 UTC-06:00,2025-07-15 17:23:41.0 UTC-06:00,16,1.4,1.7,468408.098,4313299.048,2424.969,-105.3646731,38.96809284,2410.942,370.907,,NAD83(2011) / UTM zone 13N + NAVD88(GEOID18) height,6,6,8,5,0,4313292.753,468038.205,2421.8010000000004,POINT Z (468038.205 4313292.753 2421.8010000000004)
413,413,224,,468037.549,4313292.86,2421.489,,-105.36895,38.96802364,2407.47,Global,0.012,0.011,0.011,0.016,1.934,m,FIX,RTK,2025-07-15 17:23:48.0 UTC-06:00,2025-07-15 17:23:51.0 UTC-06:00,16,1.5,1.8,468408.098,4313299.048,2424.969,-105.3646731,38.96809284,2410.942,370.881,,NAD83(2011) / UTM zone 13N + NAVD88(GEOID18) height,7,6,8,5,0,4313293.08,468038.223,2421.751,POINT Z (468038.223 4313293.08 2421.751)
414,414,225,,468037.752,4313293.048,2421.519,,-105.3689477,38.96802533,2407.5,Global,0.014,0.016,0.011,0.021,1.934,m,FIX,RTK,2025-07-15 17:23:57.0 UTC-06:00,2025-07-15 17:24:00.0 UTC-06:00,16,1.8,2.2,468408.098,4313299.048,2424.969,-105.3646731,38.96809284,2410.942,370.7,,NAD83(2011) / UTM zone 13N + NAVD88(GEOID18) height,6,6,8,5,0,4313293.268,468038.426,2421.781,POINT Z (468038.426 4313293.268 2421.781)
415,415,226,,468037.809,4313293.304,2421.48,,-105.3689471,38.96802765,2407.461,Global,0.015,0.011,0.011,0.018,1.934,m,FIX,RTK,2025-07-15 17:24:05.0 UTC-06:00,2025-07-15 17:24:08.0 UTC-06:00,16,1.7,2.0,468408.098,4313299.048,2424.969,-105.3646731,38.96809284,2410.942,370.633,,NAD83(2011) / UTM zone 13N + NAVD88(GEOID18) height,6,6,8,5,0,4313293.523999999,468038.483,2421.742,POINT Z (468038.483 4313293.523999999 2421.742)
416,416,227,,468037.807,4313293.492,2421.465,,-105.3689471,38.96802934,2407.446,Global,0.02,0.013,0.01,0.023,1.934,m,FIX,RTK,2025-07-15 17:24:12.0 UTC-06:00,2025-07-15 17:24:15.0 UTC-06:00,16,1.7,2.0,468408.098,4313299.048,2424.969,-105.3646731,38.96809284,2410.942,370.626,,NAD83(2011) / UTM zone 13N + NAVD88(GEOID18) height,6,6,8,5,0,4313293.711999999,468038.48099999997,2421.7270000000003,POINT Z (468038.48099999997 4313293.711999999 2421.7270000000003)
417,417,228,,468037.834,4313293.69,2421.471,,-105.3689468,38.96803112,2407.452,Global,0.012,0.017,0.01,0.021,1.934,m,FIX,RTK,2025-07-15 17:24:19.6 UTC-06:00,2025-07-15 17:24:22.6 UTC-06:00,16,1.7,2.0,468408.098,4313299.048,2424.969,-105.3646731,38.96809284,2410.942,370.584,,NAD83(2011) / UTM zone 13N + NAVD88(GEOID18) height,7,6,8,4,0,4313293.91,468038.508,2421.733,POINT Z (468038.508 4313293.91 2421.733)
418,418,229,,468037.909,4313294.045,2421.455,,-105.3689459,38.96803433,2407.436,Global,0.021,0.014,0.011,0.025,1.934,m,FIX,RTK,2025-07-15 17:24:32.6 UTC-06:00,2025-07-15 17:24:35.6 UTC-06:00,16,1.7,2.0,468408.098,4313299.048,2424.969,-105.3646731,38.96809284,2410.942,370.494,,NAD83(2011) / UTM zone 13N + NAVD88(GEOID18) height,7,6,8,4,0,4313294.265,468038.583,2421.717,POINT Z (468038.583 4313294.265 2421.717)
419,419,230,,468037.998,4313294.28,2421.452,,-105.3689449,38.96803644,2407.432,Global,0.011,0.012,0.011,0.016,1.934,m,FIX,RTK,2025-07-15 17:24:41.0 UTC-06:00,2025-07-15 17:24:44.0 UTC-06:00,16,1.7,2.0,468408.098,4313299.048,2424.969,-105.3646731,38.96809284,2410.942,370.412,,NAD83(2011) / UTM zone 13N + NAVD88(GEOID18) height,6,6,8,4,0,4313294.5,468038.672,2421.7140000000004,POINT Z (468038.672 4313294.5 2421.7140000000004)
420,420,231,,468038.095,4313294.42,2421.435,,-105.3689438,38.96803771,2407.415,Global,0.013,0.011,0.012,0.017,1.934,m,FIX,RTK,2025-07-15 17:24:48.6 UTC-06:00,2025-07-15 17:24:51.6 UTC-06:00,16,1.7,2.0,468408.098,4313299.048,2424.969,-105.3646731,38.96809284,2410.942,370.31,,NAD83(2011) / UTM zone 13N + NAVD88(GEOID18) height,7,6,8,4,0,4313294.64,468038.769,2421.697,POINT Z (468038.769 4313294.64 2421.697)
421,421,232,,468038.172,4313294.642,2421.393,,-105.3689429,38.96803971,2407.374,Global,0.013,0.015,0.01,0.02,1.934,m,FIX,RTK,2025-07-15 17:25:06.4 UTC-06:00,2025-07-15 17:25:09.4 UTC-06:00,16,1.7,2.0,468408.098,4313299.048,2424.969,-105.3646731,38.96809284,2410.942,370.231,,NAD83(2011) / UTM zone 13N + NAVD88(GEOID18) height,8,6,7,4,0,4313294.862,468038.846,2421.655,POINT Z (468038.846 4313294.862 2421.655)
422,422,233,,468038.218,4313294.798,2421.376,,-105.3689424,38.96804112,2407.356,Global,0.014,0.011,0.013,0.018,1.934,m,FIX,RTK,2025-07-15 17:25:15.4 UTC-06:00,2025-07-15 17:25:18.4 UTC-06:00,16,1.7,2.0,468408.098,4313299.048,2424.969,-105.3646731,38.96809284,2410.942,370.183,,NAD83(2011) / UTM zone 13N + NAVD88(GEOID18) height,7,6,7,4,0,4313295.018,468038.892,2421.6380000000004,POINT Z (468038.892 4313295.018 2421.6380000000004)
423,423,234,,468038.316,4313295.037,2421.357,,-105.3689413,38.96804328,2407.337,Global,0.011,0.01,0.012,0.015,1.934,m,FIX,RTK,2025-07-15 17:25:23.2 UTC-06:00,2025-07-15 17:25:26.2 UTC-06:00,16,1.7,2.0,468408.098,4313299.048,2424.969,-105.3646731,38.96809284,2410.942,370.086,,NAD83(2011) / UTM zone 13N + NAVD88(GEOID18) height,8,6,7,4,0,4313295.256999999,468038.99,2421.619,POINT Z (468038.99 4313295.256999999 2421.619)
424,424,235,,468038.353,4313295.193,2421.343,,-105.3689409,38.96804469,2407.323,Global,0.011,0.011,0.011,0.016,1.934,m,FIX,RTK,2025-07-15 17:25:30.8 UTC-06:00,2025-07-15 17:25:33.8 UTC-06:00,16,1.7,2.0,468408.098,4313299.048,2424.969,-105.3646731,38.96809284,2410.942,370.047,,NAD83(2011) / UTM zone 13N + NAVD88(GEOID18) height,8,6,7,5,0,4313295.413,468039.027,2421.605,POINT Z (468039.027 4313295.413 2421.605)
425,425,236,,468038.402,4313295.366,2421.337,,-105.3689403,38.96804625,2407.318,Global,0.012,0.013,0.013,0.018,1.934,m,FIX,RTK,2025-07-15 17:25:38.0 UTC-06:00,2025-07-15 17:25:41.0 UTC-06:00,16,1.7,2.0,468408.098,4313299.048,2424.969,-105.3646731,38.96809284,2410.942,369.991,,NAD83(2011) / UTM zone 13N + NAVD88(GEOID18) height,8,6,7,4,0,4313295.586,468039.076,2421.599,POINT Z (468039.076 4313295.586 2421.599)
426,426,237,,468038.5,4313295.526,2421.296,,-105.3689392,38.96804769,2407.276,Global,0.012,0.014,0.011,0.018,1.934,m,FIX,RTK,2025-07-15 17:25:44.8 UTC-06:00,2025-07-15 17:25:47.8 UTC-06:00,16,1.7,2.0,468408.098,4313299.048,2424.969,-105.3646731,38.96809284,2410.942,369.903,,NAD83(2011) / UTM zone 13N + NAVD88(GEOID18) height,6,6,7,4,0,4313295.745999999,468039.174,2421.558,POINT Z (468039.174 4313295.745999999 2421.558)
427,427,238,,468038.644,4313295.763,2421.337,,-105.3689375,38.96804984,2407.317,Global,0.015,0.012,0.011,0.019,1.934,m,FIX,RTK,2025-07-15 17:25:53.4 UTC-06:00,2025-07-15 17:25:56.4 UTC-06:00,16,1.7,2.0,468408.098,4313299.048,2424.969,-105.3646731,38.96809284,2410.942,369.743,,NAD83(2011) / UTM zone 13N + NAVD88(GEOID18) height,6,6,7,5,0,4313295.983,468039.31799999997,2421.599,POINT Z (468039.31799999997 4313295.983 2421.599)
428,428,239,,468038.712,4313295.979,2421.349,,-105.3689367,38.96805178,2407.329,Global,0.012,0.011,0.011,0.017,1.934,m,FIX,RTK,2025-07-15 17:26:01.4 UTC-06:00,2025-07-15 17:26:04.4 UTC-06:00,16,1.7,2.0,468408.098,4313299.048,2424.969,-105.3646731,38.96809284,2410.942,369.694,,NAD83(2011) / UTM zone 13N + NAVD88(GEOID18) height,6,6,7,5,0,4313296.199,468039.386,2421.6110000000003,POINT Z (468039.386 4313296.199 2421.6110000000003)
429,429,240,,468038.789,4313296.122,2421.351,,-105.3689359,38.96805308,2407.331,Global,0.015,0.012,0.011,0.019,1.934,m,FIX,RTK,2025-07-15 17:26:08.8 UTC-06:00,2025-07-15 17:26:11.8 UTC-06:00,16,1.7,2.0,468408.098,4313299.048,2424.969,-105.3646731,38.96809284,2410.942,369.596,,NAD83(2011) / UTM zone 13N + NAVD88(GEOID18) height,8,6,7,4,0,4313296.342,468039.463,2421.6130000000003,POINT Z (468039.463 4313296.342 2421.6130000000003)
430,430,241,,468038.85,4313296.398,2421.366,,-105.3689352,38.96805556,2407.346,Global,0.011,0.012,0.011,0.017,1.934,m,FIX,RTK,2025-07-15 17:26:17.4 UTC-06:00,2025-07-15 17:26:20.4 UTC-06:00,16,1.7,2.0,468408.098,4313299.048,2424.969,-105.3646731,38.96809284,2410.942,369.548,,NAD83(2011) / UTM zone 13N + NAVD88(GEOID18) height,6,6,7,4,0,4313296.618,468039.524,2421.628,POINT Z (468039.524 4313296.618 2421.628)
431,431,242,,468038.929,4313296.593,2421.359,,-105.3689343,38.96805732,2407.34,Global,0.013,0.011,0.011,0.016,1.934,m,FIX,RTK,2025-07-15 17:26:26.0 UTC-06:00,2025-07-15 17:26:29.0 UTC-06:00,16,1.7,2.0,468408.098,4313299.048,2424.969,-105.3646731,38.96809284,2410.942,369.462,,NAD83(2011) / UTM zone 13N + NAVD88(GEOID18) height,7,6,7,5,0,4313296.813,468039.603,2421.621,POINT Z (468039.603 4313296.813 2421.621)
432,432,243,,468039.056,4313296.857,2421.375,,-105.3689328,38.96805971,2407.355,Global,0.011,0.012,0.013,0.016,1.934,m,FIX,RTK,2025-07-15 17:26:34.8 UTC-06:00,2025-07-15 17:26:37.8 UTC-06:00,16,1.7,2.0,468408.098,4313299.048,2424.969,-105.3646731,38.96809284,2410.942,369.331,,NAD83(2011) / UTM zone 13N + NAVD88(GEOID18) height,7,7,7,3,0,4313297.077,468039.73,2421.637,POINT Z (468039.73 4313297.077 2421.637)
433,433,244,,468039.117,4313297.126,2421.312,,-105.3689321,38.96806213,2407.292,Global,0.013,0.011,0.013,0.017,1.934,m,FIX,RTK,2025-07-15 17:26:42.6 UTC-06:00,2025-07-15 17:26:45.6 UTC-06:00,16,1.6,1.8,468408.098,4313299.048,2424.969,-105.3646731,38.96809284,2410.942,369.271,,NAD83(2011) / UTM zone 13N + NAVD88(GEOID18) height,6,7,7,3,0,4313297.346,468039.791,2421.574,POINT Z (468039.791 4313297.346 2421.574)
434,434,245,,468039.105,4313297.13,2421.271,,-105.3689323,38.96806217,2407.252,Global,0.011,0.013,0.012,0.017,1.934,m,FIX,RTK,2025-07-15 17:26:55.0 UTC-06:00,2025-07-15 17:26:58.0 UTC-06:00,16,1.7,2.0,468408.098,4313299.048,2424.969,-105.3646731,38.96809284,2410.942,369.279,,NAD83(2011) / UTM zone 13N + NAVD88(GEOID18) height,7,7,7,3,0,4313297.35,468039.779,2421.5330000000004,POINT Z (468039.779 4313297.35 2421.5330000000004)
435,435,246,,468039.168,4313297.341,2421.252,,-105.3689315,38.96806407,2407.232,Global,0.012,0.012,0.011,0.017,1.934,m,FIX,RTK,2025-07-15 17:27:03.6 UTC-06:00,2025-07-15 17:27:06.6 UTC-06:00,16,1.7,2.0,468408.098,4313299.048,2424.969,-105.3646731,38.96809284,2410.942,369.215,,NAD83(2011) / UTM zone 13N + NAVD88(GEOID18) height,6,7,7,4,0,4313297.561,468039.842,2421.514,POINT Z (468039.842 4313297.561 2421.514)
436,436,247,,468039.29,4313297.606,2421.196,,-105.3689302,38.96806646,2407.176,Global,0.016,0.011,0.012,0.02,1.934,m,FIX,RTK,2025-07-15 17:27:13.2 UTC-06:00,2025-07-15 17:27:16.2 UTC-06:00,16,1.7,2.0,468408.098,4313299.048,2424.969,-105.3646731,38.96809284,2410.942,369.109,,NAD83(2011) / UTM zone 13N + NAVD88(GEOID18) height,7,7,7,4,0,4313297.825999999,468039.964,2421.458,POINT Z (468039.964 4313297.825999999 2421.458)
437,437,248,,468039.376,4313297.771,2421.201,,-105.3689292,38.96806795,2407.181,Global,0.013,0.018,0.011,0.023,1.934,m,FIX,RTK,2025-07-15 17:27:23.2 UTC-06:00,2025-07-15 17:27:26.2 UTC-06:00,16,1.8,2.2,468408.098,4313299.048,2424.969,-105.3646731,38.96809284,2410.942,369.017,,NAD83(2011) / UTM zone 13N + NAVD88(GEOID18) height,8,7,7,4,0,4313297.990999999,468040.05,2421.463,POINT Z (468040.05 4313297.990999999 2421.463)
438,438,249,,468039.527,4313298.022,2421.177,,-105.3689274,38.96807022,2407.157,Global,0.014,0.012,0.015,0.018,1.934,m,FIX,RTK,2025-07-15 17:27:32.8 UTC-06:00,2025-07-15 17:27:35.8 UTC-06:00,16,1.8,2.2,468408.098,4313299.048,2424.969,-105.3646731,38.96809284,2410.942,368.865,,NAD83(2011) / UTM zone 13N + NAVD88(GEOID18) height,8,7,7,3,0,4313298.242,468040.201,2421.4390000000003,POINT Z (468040.201 4313298.242 2421.4390000000003)
439,439,250,,468039.55,4313298.396,2421.285,,-105.3689272,38.96807359,2407.266,Global,0.012,0.011,0.013,0.017,1.934,m,FIX,RTK,2025-07-15 17:27:45.6 UTC-06:00,2025-07-15 17:27:48.6 UTC-06:00,16,1.7,2.0,468408.098,4313299.048,2424.969,-105.3646731,38.96809284,2410.942,368.832,,NAD83(2011) / UTM zone 13N + NAVD88(GEOID18) height,6,7,6,3,0,4313298.615999999,468040.224,2421.547,POINT Z (468040.224 4313298.615999999 2421.547)
440,440,251,,468039.698,4313298.535,2421.358,,-105.3689255,38.96807485,2407.339,Global,0.014,0.014,0.018,0.02,1.934,m,FIX,RTK,2025-07-15 17:27:57.4 UTC-06:00,2025-07-15 17:28:00.4 UTC-06:00,16,1.6,1.8,468408.098,4313299.048,2424.969,-105.3646731,38.96809284,2410.942,368.699,,NAD83(2011) / UTM zone 13N + NAVD88(GEOID18) height,6,7,6,4,0,4313298.755,468040.372,2421.6200000000003,POINT Z (468040.372 4313298.755 2421.6200000000003)
441,441,252,,468039.707,4313298.556,2421.324,,-105.3689254,38.96807504,2407.304,Global,0.014,0.011,0.013,0.017,1.934,m,FIX,RTK,2025-07-15 17:28:11.0 UTC-06:00,2025-07-15 17:28:14.0 UTC-06:00,16,1.6,1.8,468408.098,4313299.048,2424.969,-105.3646731,38.96809284,2410.942,368.689,,NAD83(2011) / UTM zone 13N + NAVD88(GEOID18) height,8,7,6,3,0,4313298.776,468040.381,2421.5860000000002,POINT Z (468040.381 4313298.776 2421.5860000000002)
442,442,253,,468039.705,4313298.671,2421.351,,-105.3689254,38.96807608,2407.331,Global,0.01,0.012,0.013,0.016,1.934,m,FIX,RTK,2025-07-15 17:28:20.2 UTC-06:00,2025-07-15 17:28:23.2 UTC-06:00,16,1.6,1.8,468408.098,4313299.048,2424.969,-105.3646731,38.96809284,2410.942,368.681,,NAD83(2011) / UTM zone 13N + NAVD88(GEOID18) height,6,7,6,3,0,4313298.891,468040.379,2421.6130000000003,POINT Z (468040.379 4313298.891 2421.6130000000003)
443,443,254,,468039.841,4313298.966,2421.358,,-105.3689239,38.96807874,2407.339,Global,0.011,0.018,0.012,0.021,1.934,m,FIX,RTK,2025-07-15 17:28:30.4 UTC-06:00,2025-07-15 17:28:33.4 UTC-06:00,16,1.6,1.8,468408.098,4313299.048,2424.969,-105.3646731,38.96809284,2410.942,368.539,,NAD83(2011) / UTM zone 13N + NAVD88(GEOID18) height,6,7,6,3,0,4313299.186,468040.515,2421.6200000000003,POINT Z (468040.515 4313299.186 2421.6200000000003)
444,444,255,,468039.92,4313299.117,2421.373,,-105.368923,38.9680801,2407.353,Global,0.012,0.011,0.016,0.016,1.934,m,FIX,RTK,2025-07-15 17:28:43.8 UTC-06:00,2025-07-15 17:28:46.8 UTC-06:00,16,1.6,1.8,468408.098,4313299.048,2424.969,-105.3646731,38.96809284,2410.942,368.456,,NAD83(2011) / UTM zone 13N + NAVD88(GEOID18) height,7,7,6,3,0,4313299.336999999,468040.594,2421.635,POINT Z (468040.594 4313299.336999999 2421.635)
445,445,256,,468040.009,4313299.352,2421.36,,-105.3689219,38.96808223,2407.34,Global,0.011,0.012,0.01,0.016,1.934,m,FIX,RTK,2025-07-15 17:28:53.0 UTC-06:00,2025-07-15 17:28:56.0 UTC-06:00,16,1.6,1.8,468408.098,4313299.048,2424.969,-105.3646731,38.96809284,2410.942,368.371,,NAD83(2011) / UTM zone 13N + NAVD88(GEOID18) height,6,7,6,3,0,4313299.572,468040.683,2421.6220000000003,POINT Z (468040.683 4313299.572 2421.6220000000003)
446,446,257,,468040.129,4313299.539,2421.372,,-105.3689206,38.96808391,2407.353,Global,0.013,0.014,0.011,0.019,1.934,m,FIX,RTK,2025-07-15 17:29:05.2 UTC-06:00,2025-07-15 17:29:08.2 UTC-06:00,16,1.6,1.8,468408.098,4313299.048,2424.969,-105.3646731,38.96809284,2410.942,368.251,,NAD83(2011) / UTM zone 13N + NAVD88(GEOID18) height,7,7,6,3,0,4313299.759,468040.803,2421.634,POINT Z (468040.803 4313299.759 2421.634)
447,447,258,,468040.188,4313299.643,2421.373,,-105.3689199,38.96808485,2407.354,Global,0.014,0.011,0.011,0.018,1.934,m,FIX,RTK,2025-07-15 17:29:14.0 UTC-06:00,2025-07-15 17:29:17.0 UTC-06:00,16,1.6,1.8,468408.098,4313299.048,2424.969,-105.3646731,38.96809284,2410.942,368.186,,NAD83(2011) / UTM zone 13N + NAVD88(GEOID18) height,7,7,6,3,0,4313299.863,468040.862,2421.635,POINT Z (468040.862 4313299.863 2421.635)
448,448,259,,468040.313,4313299.805,2421.407,,-105.3689184,38.96808632,2407.387,Global,0.011,0.011,0.01,0.016,1.934,m,FIX,RTK,2025-07-15 17:29:21.2 UTC-06:00,2025-07-15 17:29:24.2 UTC-06:00,16,1.6,1.8,468408.098,4313299.048,2424.969,-105.3646731,38.96809284,2410.942,368.067,,NAD83(2011) / UTM zone 13N + NAVD88(GEOID18) height,6,7,6,3,0,4313300.024999999,468040.987,2421.6690000000003,POINT Z (468040.987 4313300.024999999 2421.6690000000003)
449,449,260,,468040.365,4313300.014,2421.415,,-105.3689179,38.9680882,2407.395,Global,0.011,0.01,0.012,0.015,1.934,m,FIX,RTK,2025-07-15 17:29:29.0 UTC-06:00,2025-07-15 17:29:32.0 UTC-06:00,16,1.6,1.8,468408.098,4313299.048,2424.969,-105.3646731,38.96809284,2410.942,368.019,,NAD83(2011) / UTM zone 13N + NAVD88(GEOID18) height,6,7,6,3,0,4313300.234,468041.039,2421.677,POINT Z (468041.039 4313300.234 2421.677)
450,450,261,,468040.481,4313300.172,2421.413,,-105.3689165,38.96808963,2407.393,Global,0.011,0.015,0.011,0.018,1.934,m,FIX,RTK,2025-07-15 17:29:38.2 UTC-06:00,2025-07-15 17:29:41.2 UTC-06:00,16,1.6,1.8,468408.098,4313299.048,2424.969,-105.3646731,38.96809284,2410.942,367.905,,NAD83(2011) / UTM zone 13N + NAVD88(GEOID18) height,6,7,6,3,0,4313300.392,468041.155,2421.675,POINT Z (468041.155 4313300.392 2421.675)
451,451,262,,468040.601,4313300.319,2421.393,,-105.3689151,38.96809096,2407.373,Global,0.01,0.013,0.011,0.016,1.934,m,FIX,RTK,2025-07-15 17:29:47.4 UTC-06:00,2025-07-15 17:29:50.4 UTC-06:00,16,1.8,2.2,468408.098,4313299.048,2424.969,-105.3646731,38.96809284,2410.942,367.784,,NAD83(2011) / UTM zone 13N + NAVD88(GEOID18) height,6,7,6,3,0,4313300.539,468041.275,2421.655,POINT Z (468041.275 4313300.539 2421.655)
452,452,263,,468040.686,4313300.564,2421.37,,-105.3689142,38.96809317,2407.35,Global,0.015,0.014,0.013,0.021,1.934,m,FIX,RTK,2025-07-15 17:29:55.6 UTC-06:00,2025-07-15 17:29:58.6 UTC-06:00,16,1.6,1.9,468408.098,4313299.048,2424.969,-105.3646731,38.96809284,2410.942,367.675,,NAD83(2011) / UTM zone 13N + NAVD88(GEOID18) height,7,7,6,3,0,4313300.784,468041.36,2421.632,POINT Z (468041.36 4313300.784 2421.632)
453,453,264,,468040.737,4313300.667,2421.35,,-105.3689136,38.9680941,2407.33,Global,0.012,0.011,0.014,0.016,1.934,m,FIX,RTK,2025-07-15 17:30:04.0 UTC-06:00,2025-07-15 17:30:07.0 UTC-06:00,16,1.6,1.9,468408.098,4313299.048,2424.969,-105.3646731,38.96809284,2410.942,367.644,,NAD83(2011) / UTM zone 13N + NAVD88(GEOID18) height,7,7,6,3,0,4313300.887,468041.411,2421.612,POINT Z (468041.411 4313300.887 2421.612)
454,454,265,,468040.783,4313300.874,2421.327,,-105.3689131,38.96809597,2407.307,Global,0.01,0.013,0.011,0.016,1.934,m,FIX,RTK,2025-07-15 17:30:11.2 UTC-06:00,2025-07-15 17:30:14.2 UTC-06:00,16,1.8,2.2,468408.098,4313299.048,2424.969,-105.3646731,38.96809284,2410.942,367.603,,NAD83(2011) / UTM zone 13N + NAVD88(GEOID18) height,7,7,6,3,0,4313301.094,468041.457,2421.5890000000004,POINT Z (468041.457 4313301.094 2421.5890000000004)
455,455,266,,468040.882,4313301.051,2421.334,,-105.3689119,38.96809757,2407.315,Global,0.011,0.015,0.018,0.019,1.934,m,FIX,RTK,2025-07-15 17:30:18.0 UTC-06:00,2025-07-15 17:30:21.0 UTC-06:00,16,1.6,1.8,468408.098,4313299.048,2424.969,-105.3646731,38.96809284,2410.942,367.504,,NAD83(2011) / UTM zone 13N + NAVD88(GEOID18) height,7,7,6,3,0,4313301.271,468041.556,2421.596,POINT Z (468041.556 4313301.271 2421.596)
456,456,267,,468040.931,4313301.271,2421.271,,-105.3689114,38.96809955,2407.252,Global,0.011,0.01,0.013,0.015,1.934,m,FIX,RTK,2025-07-15 17:30:28.0 UTC-06:00,2025-07-15 17:30:31.0 UTC-06:00,16,1.7,2.0,468408.098,4313299.048,2424.969,-105.3646731,38.96809284,2410.942,367.464,,NAD83(2011) / UTM zone 13N + NAVD88(GEOID18) height,7,7,6,3,0,4313301.490999999,468041.605,2421.5330000000004,POINT Z (468041.605 4313301.490999999 2421.5330000000004)
457,457,268,,468040.877,4313301.678,2421.284,,-105.368912,38.96810322,2407.264,Global,0.011,0.011,0.012,0.015,1.934,m,FIX,RTK,2025-07-15 17:30:40.2 UTC-06:00,2025-07-15 17:30:43.2 UTC-06:00,16,1.6,1.9,468408.098,4313299.048,2424.969,-105.3646731,38.96809284,2410.942,367.517,,NAD83(2011) / UTM zone 13N + NAVD88(GEOID18) height,8,7,6,3,0,4313301.898,468041.551,2421.5460000000003,POINT Z (468041.551 4313301.898 2421.5460000000003)
458,458,269,,468040.979,4313301.857,2421.354,,-105.3689109,38.96810483,2407.334,Global,0.012,0.011,0.013,0.016,1.934,m,FIX,RTK,2025-07-15 17:30:52.8 UTC-06:00,2025-07-15 17:30:55.8 UTC-06:00,16,1.6,1.9,468408.098,4313299.048,2424.969,-105.3646731,38.96809284,2410.942,367.417,,NAD83(2011) / UTM zone 13N + NAVD88(GEOID18) height,7,7,6,3,0,4313302.077,468041.653,2421.616,POINT Z (468041.653 4313302.077 2421.616)
459,459,270,,468040.969,4313302.116,2421.381,,-105.368911,38.96810717,2407.361,Global,0.012,0.019,0.02,0.023,1.934,m,FIX,RTK,2025-07-15 17:31:09.0 UTC-06:00,2025-07-15 17:31:12.0 UTC-06:00,16,1.6,1.9,468408.098,4313299.048,2424.969,-105.3646731,38.96809284,2410.942,367.431,,NAD83(2011) / UTM zone 13N + NAVD88(GEOID18) height,7,7,6,3,0,4313302.336,468041.643,2421.643,POINT Z (468041.643 4313302.336 2421.643)
460,460,271,,468040.988,4313302.261,2421.317,,-105.3689108,38.96810847,2407.298,Global,0.013,0.011,0.014,0.017,1.934,m,FIX,RTK,2025-07-15 17:31:28.2 UTC-06:00,2025-07-15 17:31:31.2 UTC-06:00,16,1.6,1.9,468408.098,4313299.048,2424.969,-105.3646731,38.96809284,2410.942,367.42,,NAD83(2011) / UTM zone 13N + NAVD88(GEOID18) height,7,7,6,4,0,4313302.481,468041.662,2421.579,POINT Z (468041.662 4313302.481 2421.579)
461,461,272,,468040.981,4313302.523,2421.357,,-105.3689109,38.96811084,2407.337,Global,0.012,0.011,0.012,0.017,1.934,m,FIX,RTK,2025-07-15 17:31:35.8 UTC-06:00,2025-07-15 17:31:38.8 UTC-06:00,16,1.7,2.0,468408.098,4313299.048,2424.969,-105.3646731,38.96809284,2410.942,367.422,,NAD83(2011) / UTM zone 13N + NAVD88(GEOID18) height,7,7,7,3,0,4313302.743,468041.655,2421.619,POINT Z (468041.655 4313302.743 2421.619)
462,462,273,,468041.05,4313302.689,2421.386,,-105.3689101,38.96811234,2407.367,Global,0.012,0.01,0.015,0.016,1.934,m,FIX,RTK,2025-07-15 17:31:45.0 UTC-06:00,2025-07-15 17:31:48.0 UTC-06:00,16,1.6,1.9,468408.098,4313299.048,2424.969,-105.3646731,38.96809284,2410.942,367.362,,NAD83(2011) / UTM zone 13N + NAVD88(GEOID18) height,7,7,7,3,0,4313302.909,468041.724,2421.648,POINT Z (468041.724 4313302.909 2421.648)
463,463,274,,468041.021,4313302.855,2421.415,,-105.3689104,38.96811383,2407.395,Global,0.012,0.01,0.012,0.016,1.934,m,FIX,RTK,2025-07-15 17:31:58.8 UTC-06:00,2025-07-15 17:32:01.8 UTC-06:00,16,1.7,2.0,468408.098,4313299.048,2424.969,-105.3646731,38.96809284,2410.942,367.376,,NAD83(2011) / UTM zone 13N + NAVD88(GEOID18) height,7,7,5,3,0,4313303.075,468041.695,2421.677,POINT Z (468041.695 4313303.075 2421.677)
464,464,275,,468041.242,4313303.05,2421.665,,-105.3689079,38.9681156,2407.645,Global,0.011,0.015,0.013,0.018,1.934,m,FIX,RTK,2025-07-15 17:32:09.2 UTC-06:00,2025-07-15 17:32:12.2 UTC-06:00,16,1.6,1.9,468408.098,4313299.048,2424.969,-105.3646731,38.96809284,2410.942,367.159,,NAD83(2011) / UTM zone 13N + NAVD88(GEOID18) height,7,7,6,3,0,4313303.27,468041.916,2421.927,POINT Z (468041.916 4313303.27 2421.927)
465,465,276,,468041.258,4313303.26,2421.592,,-105.3689077,38.96811749,2407.573,Global,0.016,0.015,0.012,0.022,1.934,m,FIX,RTK,2025-07-15 17:32:23.8 UTC-06:00,2025-07-15 17:32:26.8 UTC-06:00,16,1.5,1.8,468408.098,4313299.048,2424.969,-105.3646731,38.96809284,2410.942,367.144,,NAD83(2011) / UTM zone 13N + NAVD88(GEOID18) height,7,7,6,3,0,4313303.4799999995,468041.932,2421.8540000000003,POINT Z (468041.932 4313303.4799999995 2421.8540000000003)
466,466,277,,468041.298,4313303.435,2421.647,,-105.3689072,38.96811907,2407.627,Global,0.011,0.01,0.012,0.015,1.934,m,FIX,RTK,2025-07-15 17:32:49.0 UTC-06:00,2025-07-15 17:32:52.0 UTC-06:00,16,1.7,2.0,468408.098,4313299.048,2424.969,-105.3646731,38.96809284,2410.942,367.109,,NAD83(2011) / UTM zone 13N + NAVD88(GEOID18) height,6,7,6,3,0,4313303.654999999,468041.972,2421.909,POINT Z (468041.972 4313303.654999999 2421.909)
467,467,278,,468041.328,4313303.609,2421.609,,-105.3689069,38.96812063,2407.589,Global,0.011,0.01,0.014,0.015,1.934,m,FIX,RTK,2025-07-15 17:32:58.2 UTC-06:00,2025-07-15 17:33:01.2 UTC-06:00,16,1.6,1.9,468408.098,4313299.048,2424.969,-105.3646731,38.96809284,2410.942,367.091,,NAD83(2011) / UTM zone 13N + NAVD88(GEOID18) height,6,7,6,3,0,4313303.829,468042.002,2421.871,POINT Z (468042.002 4313303.829 2421.871)
468,468,279,,468041.379,4313303.818,2421.531,,-105.3689063,38.96812252,2407.512,Global,0.012,0.012,0.016,0.017,1.934,m,FIX,RTK,2025-07-15 17:33:07.0 UTC-06:00,2025-07-15 17:33:10.0 UTC-06:00,16,1.6,1.9,468408.098,4313299.048,2424.969,-105.3646731,38.96809284,2410.942,367.033,,NAD83(2011) / UTM zone 13N + NAVD88(GEOID18) height,6,7,6,3,0,4313304.038,468042.053,2421.793,POINT Z (468042.053 4313304.038 2421.793)
469,469,280,,468041.458,4313304.044,2421.61,,-105.3689054,38.96812456,2407.591,Global,0.01,0.012,0.014,0.016,1.934,m,FIX,RTK,2025-07-15 17:33:15.6 UTC-06:00,2025-07-15 17:33:18.6 UTC-06:00,16,1.5,1.8,468408.098,4313299.048,2424.969,-105.3646731,38.96809284,2410.942,366.96,,NAD83(2011) / UTM zone 13N + NAVD88(GEOID18) height,6,7,6,3,0,4313304.2639999995,468042.132,2421.8720000000003,POINT Z (468042.132 4313304.2639999995 2421.8720000000003)
470,470,281,,468041.487,4313304.181,2421.569,,-105.3689051,38.96812579,2407.55,Global,0.011,0.011,0.014,0.015,1.934,m,FIX,RTK,2025-07-15 17:33:23.6 UTC-06:00,2025-07-15 17:33:26.6 UTC-06:00,16,1.6,1.9,468408.098,4313299.048,2424.969,-105.3646731,38.96809284,2410.942,366.929,,NAD83(2011) / UTM zone 13N + NAVD88(GEOID18) height,6,7,6,3,0,4313304.401,468042.161,2421.831,POINT Z (468042.161 4313304.401 2421.831)
471,471,282,,468041.558,4313304.412,2421.491,,-105.3689043,38.96812788,2407.471,Global,0.012,0.011,0.016,0.016,1.934,m,FIX,RTK,2025-07-15 17:33:31.6 UTC-06:00,2025-07-15 17:33:34.6 UTC-06:00,16,1.6,1.9,468408.098,4313299.048,2424.969,-105.3646731,38.96809284,2410.942,366.867,,NAD83(2011) / UTM zone 13N + NAVD88(GEOID18) height,6,7,6,4,0,4313304.631999999,468042.232,2421.753,POINT Z (468042.232 4313304.631999999 2421.753)
472,472,283,,468041.565,4313304.698,2421.538,,-105.3689042,38.96813046,2407.518,Global,0.015,0.011,0.014,0.018,1.934,m,FIX,RTK,2025-07-15 17:33:52.2 UTC-06:00,2025-07-15 17:33:55.2 UTC-06:00,16,1.6,1.9,468408.098,4313299.048,2424.969,-105.3646731,38.96809284,2410.942,366.862,,NAD83(2011) / UTM zone 13N + NAVD88(GEOID18) height,6,7,6,4,0,4313304.918,468042.239,2421.8,POINT Z (468042.239 4313304.918 2421.8)
473,473,284,,468041.723,4313305.058,2421.493,,-105.3689024,38.96813371,2407.473,Global,0.018,0.012,0.014,0.021,1.934,m,FIX,RTK,2025-07-15 17:34:07.8 UTC-06:00,2025-07-15 17:34:10.8 UTC-06:00,16,1.6,1.9,468408.098,4313299.048,2424.969,-105.3646731,38.96809284,2410.942,366.698,,NAD83(2011) / UTM zone 13N + NAVD88(GEOID18) height,7,7,6,3,0,4313305.278,468042.397,2421.755,POINT Z (468042.397 4313305.278 2421.755)
474,474,285,,468041.897,4313305.199,2421.523,,-105.3689004,38.96813498,2407.503,Global,0.013,0.01,0.014,0.016,1.934,m,FIX,RTK,2025-07-15 17:34:24.2 UTC-06:00,2025-07-15 17:34:27.2 UTC-06:00,16,1.7,2.0,468408.098,4313299.048,2424.969,-105.3646731,38.96809284,2410.942,366.53,,NAD83(2011) / UTM zone 13N + NAVD88(GEOID18) height,7,7,6,3,0,4313305.419,468042.571,2421.7850000000003,POINT Z (468042.571 4313305.419 2421.7850000000003)
475,475,286,,468041.893,4313305.348,2421.474,,-105.3689005,38.96813633,2407.454,Global,0.011,0.011,0.015,0.015,1.934,m,FIX,RTK,2025-07-15 17:34:36.8 UTC-06:00,2025-07-15 17:34:39.8 UTC-06:00,16,1.7,2.0,468408.098,4313299.048,2424.969,-105.3646731,38.96809284,2410.942,366.544,,NAD83(2011) / UTM zone 13N + NAVD88(GEOID18) height,6,7,6,3,0,4313305.568,468042.567,2421.7360000000003,POINT Z (468042.567 4313305.568 2421.7360000000003)
476,476,287,,468042.0,4313305.572,2421.458,,-105.3688992,38.96813835,2407.438,Global,0.015,0.012,0.025,0.019,1.934,m,FIX,RTK,2025-07-15 17:34:48.2 UTC-06:00,2025-07-15 17:34:51.2 UTC-06:00,16,1.6,2.0,468408.098,4313299.048,2424.969,-105.3646731,38.96809284,2410.942,366.447,,NAD83(2011) / UTM zone 13N + NAVD88(GEOID18) height,7,7,6,3,0,4313305.791999999,468042.674,2421.7200000000003,POINT Z (468042.674 4313305.791999999 2421.7200000000003)
477,477,288,,468042.063,4313305.75,2421.304,,-105.3688985,38.96813996,2407.284,Global,0.012,0.015,0.021,0.019,1.934,m,FIX,RTK,2025-07-15 17:35:02.2 UTC-06:00,2025-07-15 17:35:05.2 UTC-06:00,16,1.6,1.9,468408.098,4313299.048,2424.969,-105.3646731,38.96809284,2410.942,366.387,,NAD83(2011) / UTM zone 13N + NAVD88(GEOID18) height,7,7,6,3,0,4313305.97,468042.737,2421.5660000000003,POINT Z (468042.737 4313305.97 2421.5660000000003)
478,478,289,,468042.163,4313305.983,2421.696,,-105.3688974,38.96814206,2407.676,Global,0.011,0.012,0.017,0.016,1.934,m,FIX,RTK,2025-07-15 17:35:22.4 UTC-06:00,2025-07-15 17:35:25.4 UTC-06:00,16,1.6,1.9,468408.098,4313299.048,2424.969,-105.3646731,38.96809284,2410.942,366.276,,NAD83(2011) / UTM zone 13N + NAVD88(GEOID18) height,7,7,6,3,0,4313306.203,468042.837,2421.958,POINT Z (468042.837 4313306.203 2421.958)
479,479,290,,468042.325,4313306.204,2421.829,,-105.3688955,38.96814406,2407.81,Global,0.01,0.011,0.02,0.015,1.934,m,FIX,RTK,2025-07-15 17:35:39.8 UTC-06:00,2025-07-15 17:35:42.8 UTC-06:00,16,1.6,1.8,468408.098,4313299.048,2424.969,-105.3646731,38.96809284,2410.942,366.131,,NAD83(2011) / UTM zone 13N + NAVD88(GEOID18) height,7,7,6,3,0,4313306.424,468042.999,2422.0910000000003,POINT Z (468042.999 4313306.424 2422.0910000000003)
480,480,291,,468042.374,4313306.622,2421.41,,-105.368895,38.96814782,2407.39,Global,0.012,0.017,0.018,0.02,1.934,m,FIX,RTK,2025-07-15 17:36:10.6 UTC-06:00,2025-07-15 17:36:13.6 UTC-06:00,16,1.9,2.3,468408.098,4313299.048,2424.969,-105.3646731,38.96809284,2410.942,366.084,,NAD83(2011) / UTM zone 13N + NAVD88(GEOID18) height,7,7,6,4,0,4313306.842,468043.048,2421.672,POINT Z (468043.048 4313306.842 2421.672)
481,481,292,,468042.307,4313306.981,2422.286,,-105.3688958,38.96815105,2408.267,Global,0.024,0.011,0.018,0.026,1.934,m,FIX,RTK,2025-07-15 17:36:39.8 UTC-06:00,2025-07-15 17:36:42.8 UTC-06:00,16,1.8,2.2,468408.098,4313299.048,2424.969,-105.3646731,38.96809284,2410.942,366.184,,NAD83(2011) / UTM zone 13N + NAVD88(GEOID18) height,7,7,7,4,0,4313307.200999999,468042.98099999997,2422.5480000000002,POINT Z (468042.98099999997 4313307.200999999 2422.5480000000002)
482,482,293,,468042.337,4313307.175,2422.379,,-105.3688954,38.9681528,2408.36,Global,0.019,0.011,0.02,0.022,1.934,m,FIX,RTK,2025-07-15 17:36:55.2 UTC-06:00,2025-07-15 17:36:58.2 UTC-06:00,16,1.7,2.0,468408.098,4313299.048,2424.969,-105.3646731,38.96809284,2410.942,366.147,,NAD83(2011) / UTM zone 13N + NAVD88(GEOID18) height,7,7,6,4,0,4313307.395,468043.011,2422.641,POINT Z (468043.011 4313307.395 2422.641)
483,483,294,,468042.382,4313307.364,2422.533,,-105.3688949,38.96815451,2408.513,Global,0.011,0.012,0.025,0.016,1.934,m,FIX,RTK,2025-07-15 17:37:02.4 UTC-06:00,2025-07-15 17:37:05.4 UTC-06:00,16,1.6,1.9,468408.098,4313299.048,2424.969,-105.3646731,38.96809284,2410.942,366.09,,NAD83(2011) / UTM zone 13N + NAVD88(GEOID18) height,7,7,7,3,0,4313307.584,468043.056,2422.795,POINT Z (468043.056 4313307.584 2422.795)
484,484,295,,468042.47,4313307.549,2422.618,,-105.3688939,38.96815618,2408.599,Global,0.011,0.012,0.02,0.016,1.934,m,FIX,RTK,2025-07-15 17:37:11.0 UTC-06:00,2025-07-15 17:37:14.0 UTC-06:00,16,1.9,2.3,468408.098,4313299.048,2424.969,-105.3646731,38.96809284,2410.942,366.001,,NAD83(2011) / UTM zone 13N + NAVD88(GEOID18) height,7,7,7,3,0,4313307.768999999,468043.144,2422.88,POINT Z (468043.144 4313307.768999999 2422.88)
485,485,296,,468042.517,4313307.731,2422.655,,-105.3688934,38.96815782,2408.635,Global,0.01,0.011,0.016,0.015,1.934,m,FIX,RTK,2025-07-15 17:37:18.2 UTC-06:00,2025-07-15 17:37:21.2 UTC-06:00,14,1.7,2.1,468408.098,4313299.048,2424.969,-105.3646731,38.96809284,2410.942,365.968,,NAD83(2011) / UTM zone 13N + NAVD88(GEOID18) height,7,7,7,3,0,4313307.950999999,468043.191,2422.9170000000004,POINT Z (468043.191 4313307.950999999 2422.9170000000004)
486,486,297,,468042.601,4313307.914,2422.716,,-105.3688924,38.96815947,2408.697,Global,0.013,0.014,0.022,0.019,1.934,m,FIX,RTK,2025-07-15 17:37:25.4 UTC-06:00,2025-07-15 17:37:28.4 UTC-06:00,16,1.6,1.9,468408.098,4313299.048,2424.969,-105.3646731,38.96809284,2410.942,365.902,,NAD83(2011) / UTM zone 13N + NAVD88(GEOID18) height,7,7,6,3,0,4313308.134,468043.275,2422.978,POINT Z (468043.275 4313308.134 2422.978)
487,487,298,,468042.676,4313308.083,2422.724,,-105.3688916,38.968161,2408.704,Global,0.01,0.01,0.021,0.015,1.934,m,FIX,RTK,2025-07-15 17:37:35.8 UTC-06:00,2025-07-15 17:37:38.8 UTC-06:00,16,1.7,2.1,468408.098,4313299.048,2424.969,-105.3646731,38.96809284,2410.942,365.815,,NAD83(2011) / UTM zone 13N + NAVD88(GEOID18) height,7,7,6,4,0,4313308.302999999,468043.35,2422.9860000000003,POINT Z (468043.35 4313308.302999999 2422.9860000000003)
488,488,299,,468042.723,4313308.327,2422.53,,-105.368891,38.9681632,2408.51,Global,0.01,0.013,0.018,0.017,1.934,m,FIX,RTK,2025-07-15 17:37:45.0 UTC-06:00,2025-07-15 17:37:48.0 UTC-06:00,16,1.7,2.1,468408.098,4313299.048,2424.969,-105.3646731,38.96809284,2410.942,365.77,,NAD83(2011) / UTM zone 13N + NAVD88(GEOID18) height,7,7,6,3,0,4313308.546999999,468043.397,2422.7920000000004,POINT Z (468043.397 4313308.546999999 2422.7920000000004)
489,489,300,,468042.951,4313308.311,2421.975,,-105.3688884,38.96816306,2407.956,Global,0.01,0.01,0.013,0.014,1.934,m,FIX,RTK,2025-07-15 17:38:26.0 UTC-06:00,2025-07-15 17:38:29.0 UTC-06:00,16,1.7,2.0,468408.098,4313299.048,2424.969,-105.3646731,38.96809284,2410.942,365.546,,NAD83(2011) / UTM zone 13N + NAVD88(GEOID18) height,7,6,6,4,0,4313308.5309999995,468043.625,2422.237,POINT Z (468043.625 4313308.5309999995 2422.237)
490,490,301,,468042.846,4313308.624,2422.459,,-105.3688896,38.96816588,2408.439,Global,0.013,0.011,0.018,0.017,1.934,m,FIX,RTK,2025-07-15 17:38:52.2 UTC-06:00,2025-07-15 17:38:55.2 UTC-06:00,16,1.6,1.9,468408.098,4313299.048,2424.969,-105.3646731,38.96809284,2410.942,365.665,,NAD83(2011) / UTM zone 13N + NAVD88(GEOID18) height,6,7,6,4,0,4313308.844,468043.52,2422.721,POINT Z (468043.52 4313308.844 2422.721)
491,491,302,,468042.996,4313308.867,2422.591,,-105.3688879,38.96816807,2408.571,Global,0.011,0.01,0.014,0.015,1.934,m,FIX,RTK,2025-07-15 17:39:03.4 UTC-06:00,2025-07-15 17:39:06.4 UTC-06:00,16,1.7,2.0,468408.098,4313299.048,2424.969,-105.3646731,38.96809284,2410.942,365.509,,NAD83(2011) / UTM zone 13N + NAVD88(GEOID18) height,7,7,6,3,0,4313309.086999999,468043.67,2422.853,POINT Z (468043.67 4313309.086999999 2422.853)
492,492,303,,468043.078,4313309.048,2422.597,,-105.368887,38.96816971,2408.578,Global,0.011,0.01,0.01,0.015,1.934,m,FIX,RTK,2025-07-15 17:39:16.6 UTC-06:00,2025-07-15 17:39:19.6 UTC-06:00,16,1.7,2.0,468408.098,4313299.048,2424.969,-105.3646731,38.96809284,2410.942,365.434,,NAD83(2011) / UTM zone 13N + NAVD88(GEOID18) height,7,7,6,3,0,4313309.268,468043.752,2422.8590000000004,POINT Z (468043.752 4313309.268 2422.8590000000004)
493,493,304,,468043.108,4313309.239,2422.626,,-105.3688866,38.96817144,2408.607,Global,0.011,0.01,0.011,0.015,1.934,m,FIX,RTK,2025-07-15 17:39:25.8 UTC-06:00,2025-07-15 17:39:28.8 UTC-06:00,16,1.9,2.3,468408.098,4313299.048,2424.969,-105.3646731,38.96809284,2410.942,365.413,,NAD83(2011) / UTM zone 13N + NAVD88(GEOID18) height,7,7,6,4,0,4313309.459,468043.782,2422.8880000000004,POINT Z (468043.782 4313309.459 2422.8880000000004)
494,494,305,,468043.207,4313309.376,2423.34,,-105.3688855,38.96817267,2409.321,Global,0.01,0.011,0.011,0.015,1.934,m,FIX,RTK,2025-07-15 17:39:48.0 UTC-06:00,2025-07-15 17:39:51.0 UTC-06:00,16,1.7,2.1,468408.098,4313299.048,2424.969,-105.3646731,38.96809284,2410.942,365.317,,NAD83(2011) / UTM zone 13N + NAVD88(GEOID18) height,7,7,6,3,0,4313309.596,468043.881,2423.6020000000003,POINT Z (468043.881 4313309.596 2423.6020000000003)
495,495,306,,468043.252,4313309.585,2423.428,,-105.368885,38.96817455,2409.409,Global,0.01,0.011,0.012,0.015,1.934,m,FIX,RTK,2025-07-15 17:40:05.0 UTC-06:00,2025-07-15 17:40:08.0 UTC-06:00,16,1.5,1.8,468408.098,4313299.048,2424.969,-105.3646731,38.96809284,2410.942,365.276,,NAD83(2011) / UTM zone 13N + NAVD88(GEOID18) height,7,7,6,4,0,4313309.805,468043.926,2423.69,POINT Z (468043.926 4313309.805 2423.69)
496,496,307,,468043.336,4313309.75,2423.461,,-105.368884,38.96817604,2409.442,Global,0.012,0.013,0.018,0.017,1.934,m,FIX,RTK,2025-07-15 17:40:18.0 UTC-06:00,2025-07-15 17:40:21.0 UTC-06:00,16,1.6,1.9,468408.098,4313299.048,2424.969,-105.3646731,38.96809284,2410.942,365.193,,NAD83(2011) / UTM zone 13N + NAVD88(GEOID18) height,7,7,6,4,0,4313309.97,468044.01,2423.723,POINT Z (468044.01 4313309.97 2423.723)
497,497,308,,468043.41,4313309.915,2423.465,,-105.3688832,38.96817753,2409.446,Global,0.012,0.012,0.022,0.017,1.934,m,FIX,RTK,2025-07-15 17:40:26.8 UTC-06:00,2025-07-15 17:40:29.8 UTC-06:00,16,1.8,2.1,468408.098,4313299.048,2424.969,-105.3646731,38.96809284,2410.942,365.119,,NAD83(2011) / UTM zone 13N + NAVD88(GEOID18) height,7,7,6,4,0,4313310.135,468044.084,2423.7270000000003,POINT Z (468044.084 4313310.135 2423.7270000000003)
498,498,309,,468043.521,4313310.113,2423.492,,-105.3688819,38.96817932,2409.472,Global,0.012,0.011,0.017,0.017,1.934,m,FIX,RTK,2025-07-15 17:40:39.8 UTC-06:00,2025-07-15 17:40:42.8 UTC-06:00,16,1.7,2.0,468408.098,4313299.048,2424.969,-105.3646731,38.96809284,2410.942,365.025,,NAD83(2011) / UTM zone 13N + NAVD88(GEOID18) height,7,7,6,4,0,4313310.333,468044.195,2423.7540000000004,POINT Z (468044.195 4313310.333 2423.7540000000004)
499,499,310,,468043.597,4313310.269,2423.448,,-105.368881,38.96818073,2409.429,Global,0.011,0.011,0.014,0.016,1.934,m,FIX,RTK,2025-07-15 17:40:49.0 UTC-06:00,2025-07-15 17:40:52.0 UTC-06:00,16,1.8,2.2,468408.098,4313299.048,2424.969,-105.3646731,38.96809284,2410.942,364.951,,NAD83(2011) / UTM zone 13N + NAVD88(GEOID18) height,7,7,6,4,0,4313310.489,468044.271,2423.71,POINT Z (468044.271 4313310.489 2423.71)
500,500,311,,468043.681,4313310.441,2423.376,,-105.3688801,38.96818228,2409.356,Global,0.013,0.013,0.014,0.018,1.934,m,FIX,RTK,2025-07-15 17:40:58.8 UTC-06:00,2025-07-15 17:41:01.8 UTC-06:00,16,1.9,2.3,468408.098,4313299.048,2424.969,-105.3646731,38.96809284,2410.942,364.869,,NAD83(2011) / UTM zone 13N + NAVD88(GEOID18) height,6,7,6,3,0,4313310.660999999,468044.355,2423.6380000000004,POINT Z (468044.355 4313310.660999999 2423.6380000000004)
501,501,312,,468043.747,4313310.583,2423.236,,-105.3688793,38.96818357,2409.217,Global,0.012,0.011,0.017,0.016,1.934,m,FIX,RTK,2025-07-15 17:41:08.4 UTC-06:00,2025-07-15 17:41:11.4 UTC-06:00,16,1.7,2.0,468408.098,4313299.048,2424.969,-105.3646731,38.96809284,2410.942,364.808,,NAD83(2011) / UTM zone 13N + NAVD88(GEOID18) height,6,7,6,3,0,4313310.802999999,468044.421,2423.498,POINT Z (468044.421 4313310.802999999 2423.498)
502,502,313,,468043.755,4313310.63,2423.484,,-105.3688792,38.96818399,2409.464,Global,0.01,0.011,0.017,0.015,1.934,m,FIX,RTK,2025-07-15 17:41:31.2 UTC-06:00,2025-07-15 17:41:34.2 UTC-06:00,16,1.7,2.1,468408.098,4313299.048,2424.969,-105.3646731,38.96809284,2410.942,364.809,,NAD83(2011) / UTM zone 13N + NAVD88(GEOID18) height,6,7,6,4,0,4313310.85,468044.429,2423.746,POINT Z (468044.429 4313310.85 2423.746)
503,503,314,,468043.836,4313310.823,2423.531,,-105.3688783,38.96818573,2409.512,Global,0.011,0.011,0.014,0.016,1.934,m,FIX,RTK,2025-07-15 17:41:43.8 UTC-06:00,2025-07-15 17:41:46.8 UTC-06:00,16,1.7,2.0,468408.098,4313299.048,2424.969,-105.3646731,38.96809284,2410.942,364.737,,NAD83(2011) / UTM zone 13N + NAVD88(GEOID18) height,7,7,6,4,0,4313311.043,468044.51,2423.793,POINT Z (468044.51 4313311.043 2423.793)
504,504,315,,468043.844,4313310.956,2422.979,,-105.3688782,38.96818693,2408.96,Global,0.011,0.011,0.019,0.016,1.934,m,FIX,RTK,2025-07-15 17:42:03.0 UTC-06:00,2025-07-15 17:42:06.0 UTC-06:00,16,1.7,2.1,468408.098,4313299.048,2424.969,-105.3646731,38.96809284,2410.942,364.72,,NAD83(2011) / UTM zone 13N + NAVD88(GEOID18) height,7,7,6,4,0,4313311.176,468044.518,2423.241,POINT Z (468044.518 4313311.176 2423.241)
505,505,316,,468043.878,4313311.15,2422.997,,-105.3688778,38.96818868,2408.977,Global,0.01,0.012,0.021,0.016,1.934,m,FIX,RTK,2025-07-15 17:42:15.0 UTC-06:00,2025-07-15 17:42:18.0 UTC-06:00,16,1.6,2.0,468408.098,4313299.048,2424.969,-105.3646731,38.96809284,2410.942,364.701,,NAD83(2011) / UTM zone 13N + NAVD88(GEOID18) height,6,7,6,4,0,4313311.37,468044.552,2423.259,POINT Z (468044.552 4313311.37 2423.259)
506,506,317,,468043.99,4313311.288,2423.023,,-105.3688765,38.96818993,2409.003,Global,0.012,0.011,0.029,0.016,1.934,m,FIX,RTK,2025-07-15 17:42:25.4 UTC-06:00,2025-07-15 17:42:28.4 UTC-06:00,16,1.8,2.1,468408.098,4313299.048,2424.969,-105.3646731,38.96809284,2410.942,364.596,,NAD83(2011) / UTM zone 13N + NAVD88(GEOID18) height,7,7,6,4,0,4313311.507999999,468044.664,2423.2850000000003,POINT Z (468044.664 4313311.507999999 2423.2850000000003)
507,507,318,,468044.026,4313311.516,2423.297,,-105.3688761,38.96819198,2409.277,Global,0.01,0.011,0.016,0.015,1.934,m,FIX,RTK,2025-07-15 17:42:35.8 UTC-06:00,2025-07-15 17:42:38.8 UTC-06:00,16,1.6,1.9,468408.098,4313299.048,2424.969,-105.3646731,38.96809284,2410.942,364.569,,NAD83(2011) / UTM zone 13N + NAVD88(GEOID18) height,7,7,6,4,0,4313311.736,468044.7,2423.559,POINT Z (468044.7 4313311.736 2423.559)
508,508,319,,468044.115,4313311.667,2423.441,,-105.3688751,38.96819335,2409.422,Global,0.012,0.011,0.023,0.016,1.934,m,FIX,RTK,2025-07-15 17:42:55.6 UTC-06:00,2025-07-15 17:42:58.6 UTC-06:00,16,1.7,2.0,468408.098,4313299.048,2424.969,-105.3646731,38.96809284,2410.942,364.469,,NAD83(2011) / UTM zone 13N + NAVD88(GEOID18) height,7,7,6,4,0,4313311.887,468044.789,2423.703,POINT Z (468044.789 4313311.887 2423.703)
509,509,320,,468044.159,4313311.859,2423.263,,-105.3688746,38.96819508,2409.244,Global,0.011,0.01,0.015,0.015,1.934,m,FIX,RTK,2025-07-15 17:43:08.0 UTC-06:00,2025-07-15 17:43:11.0 UTC-06:00,16,1.7,2.0,468408.098,4313299.048,2424.969,-105.3646731,38.96809284,2410.942,364.44,,NAD83(2011) / UTM zone 13N + NAVD88(GEOID18) height,7,7,6,4,0,4313312.079,468044.833,2423.525,POINT Z (468044.833 4313312.079 2423.525)
510,510,321,,468044.241,4313312.019,2423.423,,-105.3688737,38.96819653,2409.403,Global,0.012,0.014,0.011,0.018,1.934,m,FIX,RTK,2025-07-15 17:43:23.2 UTC-06:00,2025-07-15 17:43:26.2 UTC-06:00,16,1.8,2.2,468408.098,4313299.048,2424.969,-105.3646731,38.96809284,2410.942,364.36,,NAD83(2011) / UTM zone 13N + NAVD88(GEOID18) height,7,7,6,4,0,4313312.239,468044.915,2423.685,POINT Z (468044.915 4313312.239 2423.685)
511,511,322,,468044.269,4313312.025,2423.353,,-105.3688734,38.96819658,2409.334,Global,0.014,0.011,0.028,0.018,1.934,m,FIX,RTK,2025-07-15 17:43:46.8 UTC-06:00,2025-07-15 17:44:16.8 UTC-06:00,151,1.9,2.3,468408.098,4313299.048,2424.969,-105.3646731,38.96809284,2410.942,364.338,,NAD83(2011) / UTM zone 13N + NAVD88(GEOID18) height,7,7,6,4,0,4313312.245,468044.94299999997,2423.6150000000002,POINT Z (468044.94299999997 4313312.245 2423.6150000000002)
512,512,323,,468044.154,4313312.087,2423.307,,-105.3688747,38.96819713,2409.287,Global,0.01,0.011,0.012,0.015,1.934,m,FIX,RTK,2025-07-15 17:44:33.8 UTC-06:00,2025-07-15 17:44:36.8 UTC-06:00,16,1.9,2.2,468408.098,4313299.048,2424.969,-105.3646731,38.96809284,2410.942,364.458,,NAD83(2011) / UTM zone 13N + NAVD88(GEOID18) height,7,7,6,4,0,4313312.307,468044.828,2423.569,POINT Z (468044.828 4313312.307 2423.569)
513,513,324,,468044.197,4313311.912,2423.229,,-105.3688742,38.96819556,2409.209,Global,0.012,0.011,0.013,0.016,1.934,m,FIX,RTK,2025-07-15 17:44:44.6 UTC-06:00,2025-07-15 17:44:47.6 UTC-06:00,16,1.7,2.0,468408.098,4313299.048,2424.969,-105.3646731,38.96809284,2410.942,364.406,,NAD83(2011) / UTM zone 13N + NAVD88(GEOID18) height,7,7,6,4,0,4313312.131999999,468044.871,2423.491,POINT Z (468044.871 4313312.131999999 2423.491)
514,514,325,,468044.366,4313312.014,2423.255,,-105.3688722,38.96819648,2409.236,Global,0.014,0.011,0.012,0.018,1.934,m,FIX,RTK,2025-07-15 17:44:54.0 UTC-06:00,2025-07-15 17:44:57.0 UTC-06:00,16,2.0,2.5,468408.098,4313299.048,2424.969,-105.3646731,38.96809284,2410.942,364.244,,NAD83(2011) / UTM zone 13N + NAVD88(GEOID18) height,7,7,6,3,0,4313312.234,468045.04,2423.5170000000003,POINT Z (468045.04 4313312.234 2423.5170000000003)
515,515,326,,468044.283,4313312.151,2423.313,,-105.3688732,38.96819772,2409.294,Global,0.011,0.01,0.014,0.015,1.934,m,FIX,RTK,2025-07-15 17:45:04.0 UTC-06:00,2025-07-15 17:45:07.0 UTC-06:00,16,1.8,2.2,468408.098,4313299.048,2424.969,-105.3646731,38.96809284,2410.942,364.335,,NAD83(2011) / UTM zone 13N + NAVD88(GEOID18) height,7,7,6,4,0,4313312.370999999,468044.957,2423.5750000000003,POINT Z (468044.957 4313312.370999999 2423.5750000000003)
516,516,327,,468044.259,4313312.041,2423.363,,-105.3688735,38.96819672,2409.343,Global,0.01,0.01,0.012,0.015,1.934,m,FIX,RTK,2025-07-15 17:45:13.6 UTC-06:00,2025-07-15 17:45:16.6 UTC-06:00,16,1.9,2.3,468408.098,4313299.048,2424.969,-105.3646731,38.96809284,2410.942,364.347,,NAD83(2011) / UTM zone 13N + NAVD88(GEOID18) height,7,7,6,4,0,4313312.261,468044.933,2423.625,POINT Z (468044.933 4313312.261 2423.625)
