Name,Code,Easting,Northing,Elevation,Description,Longitude,Latitude,Ellipsoidal height,Origin,Easting RMS,Northing RMS,Elevation RMS,Lateral RMS,Antenna height,Antenna height units,Solution status,Correction type,Averaging start,Averaging end,Samples,PDOP,GDOP,Base easting,Base northing,Base elevation,Base longitude,Base latitude,Base ellipsoidal height,Baseline,Mount point,CS name,GPS Satellites,GLONASS Satellites,Galileo Satellites,BeiDou Satellites,QZSS Satellites
1,,468072.248,4313279.321,2421.024,,-105.3685489,38.9679029,2407.003,Global,0.01,0.011,0.01,0.015,1.734,m,FIX,RTK,2025-07-15 14:41:32.8 UTC-06:00,2025-07-15 14:41:35.8 UTC-06:00,16,1.3,1.5,468408.098,4313299.048,2424.969,-105.3646731,38.96809284,2410.942,336.692,,NAD83(2011) / UTM zone 13N + NAVD88(GEOID18) height,7,6,6,5,0
2,,468072.123,4313279.35,2420.967,,-105.3685503,38.96790315,2406.946,Global,0.01,0.01,0.01,0.015,1.734,m,FIX,RTK,2025-07-15 14:42:17.2 UTC-06:00,2025-07-15 14:42:20.2 UTC-06:00,15,1.3,1.5,468408.098,4313299.048,2424.969,-105.3646731,38.96809284,2410.942,336.823,,NAD83(2011) / UTM zone 13N + NAVD88(GEOID18) height,7,6,7,5,0
3,,468072.288,4313279.433,2420.959,,-105.3685484,38.96790391,2406.938,Global,0.011,0.011,0.01,0.015,1.734,m,FIX,RTK,2025-07-15 14:42:33.6 UTC-06:00,2025-07-15 14:42:36.6 UTC-06:00,16,1.3,1.5,468408.098,4313299.048,2424.969,-105.3646731,38.96809284,2410.942,336.649,,NAD83(2011) / UTM zone 13N + NAVD88(GEOID18) height,7,7,7,5,0
4,,468072.354,4313279.333,2420.952,,-105.3685476,38.96790301,2406.931,Global,0.013,0.018,0.01,0.022,1.734,m,FIX,RTK,2025-07-15 14:42:42.8 UTC-06:00,2025-07-15 14:42:45.8 UTC-06:00,16,1.3,1.5,468408.098,4313299.048,2424.969,-105.3646731,38.96809284,2410.942,336.589,,NAD83(2011) / UTM zone 13N + NAVD88(GEOID18) height,7,6,7,5,0
5,,468072.216,4313279.206,2420.966,,-105.3685492,38.96790186,2406.946,Global,0.01,0.011,0.01,0.015,1.734,m,FIX,RTK,2025-07-15 14:42:53.2 UTC-06:00,2025-07-15 14:42:56.2 UTC-06:00,16,1.3,1.5,468408.098,4313299.048,2424.969,-105.3646731,38.96809284,2410.942,336.732,,NAD83(2011) / UTM zone 13N + NAVD88(GEOID18) height,7,5,7,5,0
6,,468072.253,4313279.325,2421.031,,-105.3685488,38.96790293,2407.011,Global,0.01,0.011,0.011,0.015,1.734,m,FIX,RTK,2025-07-15 14:43:04.4 UTC-06:00,2025-07-15 14:43:07.4 UTC-06:00,16,1.3,1.5,468408.098,4313299.048,2424.969,-105.3646731,38.96809284,2410.942,336.685,,NAD83(2011) / UTM zone 13N + NAVD88(GEOID18) height,7,6,7,5,0
7,,468072.253,4313279.326,2421.032,,-105.3685488,38.96790294,2407.011,Global,0.011,0.011,0.011,0.015,1.734,m,FIX,RTK,2025-07-15 14:43:22.0 UTC-06:00,2025-07-15 14:43:52.0 UTC-06:00,151,1.3,1.5,468408.098,4313299.048,2424.969,-105.3646731,38.96809284,2410.942,336.686,,NAD83(2011) / UTM zone 13N + NAVD88(GEOID18) height,7,6,7,5,0
8,,468072.333,4313279.549,2420.934,,-105.3685479,38.96790496,2406.913,Global,0.011,0.01,0.01,0.015,1.734,m,FIX,RTK,2025-07-15 14:44:22.4 UTC-06:00,2025-07-15 14:44:25.4 UTC-06:00,16,1.3,1.5,468408.098,4313299.048,2424.969,-105.3646731,38.96809284,2410.942,336.597,,NAD83(2011) / UTM zone 13N + NAVD88(GEOID18) height,7,6,7,5,0
9,,468072.381,4313279.747,2420.871,,-105.3685474,38.96790674,2406.85,Global,0.011,0.015,0.01,0.018,1.734,m,FIX,RTK,2025-07-15 14:44:32.8 UTC-06:00,2025-07-15 14:44:35.8 UTC-06:00,16,1.3,1.5,468408.098,4313299.048,2424.969,-105.3646731,38.96809284,2410.942,336.533,,NAD83(2011) / UTM zone 13N + NAVD88(GEOID18) height,7,6,7,5,0
10,,468072.429,4313279.945,2420.784,,-105.3685468,38.96790852,2406.764,Global,0.011,0.011,0.01,0.016,1.734,m,FIX,RTK,2025-07-15 14:44:43.0 UTC-06:00,2025-07-15 14:44:46.0 UTC-06:00,16,1.3,1.5,468408.098,4313299.048,2424.969,-105.3646731,38.96809284,2410.942,336.479,,NAD83(2011) / UTM zone 13N + NAVD88(GEOID18) height,7,6,7,5,0
11,,468072.502,4313280.203,2420.73,,-105.368546,38.96791085,2406.709,Global,0.01,0.013,0.01,0.016,1.734,m,FIX,RTK,2025-07-15 14:44:56.6 UTC-06:00,2025-07-15 14:44:59.6 UTC-06:00,16,1.3,1.5,468408.098,4313299.048,2424.969,-105.3646731,38.96809284,2410.942,336.393,,NAD83(2011) / UTM zone 13N + NAVD88(GEOID18) height,7,6,7,5,0
12,,468072.551,4313280.368,2420.542,,-105.3685454,38.96791234,2406.521,Global,0.012,0.016,0.01,0.019,1.734,m,FIX,RTK,2025-07-15 14:45:07.6 UTC-06:00,2025-07-15 14:45:10.6 UTC-06:00,16,1.3,1.5,468408.098,4313299.048,2424.969,-105.3646731,38.96809284,2410.942,336.342,,NAD83(2011) / UTM zone 13N + NAVD88(GEOID18) height,7,7,7,5,0
13,,468072.606,4313280.54,2420.464,,-105.3685448,38.9679139,2406.443,Global,0.011,0.011,0.01,0.015,1.734,m,FIX,RTK,2025-07-15 14:45:18.0 UTC-06:00,2025-07-15 14:45:21.0 UTC-06:00,16,1.3,1.5,468408.098,4313299.048,2424.969,-105.3646731,38.96809284,2410.942,336.277,,NAD83(2011) / UTM zone 13N + NAVD88(GEOID18) height,7,7,7,5,0
14,,468072.677,4313280.771,2420.376,,-105.368544,38.96791598,2406.356,Global,0.011,0.012,0.01,0.016,1.734,m,FIX,RTK,2025-07-15 14:45:26.2 UTC-06:00,2025-07-15 14:45:29.2 UTC-06:00,16,1.3,1.5,468408.098,4313299.048,2424.969,-105.3646731,38.96809284,2410.942,336.185,,NAD83(2011) / UTM zone 13N + NAVD88(GEOID18) height,7,7,7,5,0
15,,468072.7,4313280.936,2420.299,,-105.3685437,38.96791747,2406.279,Global,0.011,0.013,0.011,0.017,1.734,m,FIX,RTK,2025-07-15 14:45:38.6 UTC-06:00,2025-07-15 14:45:41.6 UTC-06:00,16,1.3,1.5,468408.098,4313299.048,2424.969,-105.3646731,38.96809284,2410.942,336.155,,NAD83(2011) / UTM zone 13N + NAVD88(GEOID18) height,7,5,7,5,0
16,,468072.748,4313281.16,2420.261,,-105.3685432,38.96791949,2406.241,Global,0.015,0.025,0.011,0.029,1.734,m,FIX,RTK,2025-07-15 14:45:54.0 UTC-06:00,2025-07-15 14:45:57.0 UTC-06:00,16,1.3,1.5,468408.098,4313299.048,2424.969,-105.3646731,38.96809284,2410.942,336.113,,NAD83(2011) / UTM zone 13N + NAVD88(GEOID18) height,7,6,7,5,0
17,,468072.775,4313281.32,2420.061,,-105.3685429,38.96792093,2406.04,Global,0.014,0.016,0.01,0.021,1.734,m,FIX,RTK,2025-07-15 14:46:04.2 UTC-06:00,2025-07-15 14:46:07.2 UTC-06:00,16,1.3,1.5,468408.098,4313299.048,2424.969,-105.3646731,38.96809284,2410.942,336.07,,NAD83(2011) / UTM zone 13N + NAVD88(GEOID18) height,7,7,7,5,0
18,,468072.83,4313281.472,2419.972,,-105.3685423,38.96792231,2405.951,Global,0.011,0.023,0.01,0.026,1.734,m,FIX,RTK,2025-07-15 14:46:17.8 UTC-06:00,2025-07-15 14:46:20.8 UTC-06:00,16,1.3,1.5,468408.098,4313299.048,2424.969,-105.3646731,38.96809284,2410.942,336.004,,NAD83(2011) / UTM zone 13N + NAVD88(GEOID18) height,7,7,7,5,0
19,,468072.899,4313281.623,2419.815,,-105.3685415,38.96792366,2405.795,Global,0.011,0.011,0.01,0.016,1.734,m,FIX,RTK,2025-07-15 14:46:30.6 UTC-06:00,2025-07-15 14:46:33.6 UTC-06:00,16,1.4,1.6,468408.098,4313299.048,2424.969,-105.3646731,38.96809284,2410.942,335.92,,NAD83(2011) / UTM zone 13N + NAVD88(GEOID18) height,7,7,7,5,0
20,,468073.016,4313281.94,2419.65,,-105.3685401,38.96792653,2405.63,Global,0.01,0.011,0.01,0.015,1.734,m,FIX,RTK,2025-07-15 14:46:46.2 UTC-06:00,2025-07-15 14:46:49.2 UTC-06:00,16,1.3,1.5,468408.098,4313299.048,2424.969,-105.3646731,38.96809284,2410.942,335.799,,NAD83(2011) / UTM zone 13N + NAVD88(GEOID18) height,7,6,7,5,0
21,,468073.057,4313282.215,2419.554,,-105.3685397,38.967929,2405.534,Global,0.011,0.01,0.015,0.015,1.734,m,FIX,RTK,2025-07-15 14:46:59.0 UTC-06:00,2025-07-15 14:47:02.0 UTC-06:00,16,1.3,1.5,468408.098,4313299.048,2424.969,-105.3646731,38.96809284,2410.942,335.743,,NAD83(2011) / UTM zone 13N + NAVD88(GEOID18) height,7,6,7,5,0
22,,468073.11,4313282.499,2419.552,,-105.3685391,38.96793157,2405.531,Global,0.011,0.011,0.01,0.015,1.734,m,FIX,RTK,2025-07-15 14:47:15.0 UTC-06:00,2025-07-15 14:47:18.0 UTC-06:00,16,1.3,1.5,468408.098,4313299.048,2424.969,-105.3646731,38.96809284,2410.942,335.674,,NAD83(2011) / UTM zone 13N + NAVD88(GEOID18) height,7,6,7,5,0
23,,468073.171,4313282.7,2419.643,,-105.3685384,38.96793338,2405.622,Global,0.012,0.014,0.011,0.018,1.734,m,FIX,RTK,2025-07-15 14:47:29.4 UTC-06:00,2025-07-15 14:47:32.4 UTC-06:00,16,1.3,1.5,468408.098,4313299.048,2424.969,-105.3646731,38.96809284,2410.942,335.606,,NAD83(2011) / UTM zone 13N + NAVD88(GEOID18) height,7,6,7,5,0
24,,468073.215,4313282.928,2419.689,,-105.3685379,38.96793544,2405.669,Global,0.011,0.01,0.01,0.015,1.734,m,FIX,RTK,2025-07-15 14:47:38.6 UTC-06:00,2025-07-15 14:47:41.6 UTC-06:00,16,1.3,1.5,468408.098,4313299.048,2424.969,-105.3646731,38.96809284,2410.942,335.546,,NAD83(2011) / UTM zone 13N + NAVD88(GEOID18) height,7,6,7,5,0
25,,468073.317,4313283.174,2419.679,,-105.3685367,38.96793766,2405.658,Global,0.011,0.01,0.01,0.015,1.734,m,FIX,RTK,2025-07-15 14:47:49.8 UTC-06:00,2025-07-15 14:47:52.8 UTC-06:00,16,1.3,1.5,468408.098,4313299.048,2424.969,-105.3646731,38.96809284,2410.942,335.434,,NAD83(2011) / UTM zone 13N + NAVD88(GEOID18) height,7,7,7,5,0
26,,468073.295,4313283.299,2419.419,,-105.368537,38.96793878,2405.399,Global,0.011,0.01,0.011,0.015,1.734,m,FIX,RTK,2025-07-15 14:48:03.4 UTC-06:00,2025-07-15 14:48:06.4 UTC-06:00,16,1.3,1.5,468408.098,4313299.048,2424.969,-105.3646731,38.96809284,2410.942,335.448,,NAD83(2011) / UTM zone 13N + NAVD88(GEOID18) height,7,7,7,5,0
27,,468073.378,4313283.424,2418.778,,-105.368536,38.96793991,2404.757,Global,0.01,0.01,0.01,0.015,1.734,m,FIX,RTK,2025-07-15 14:49:07.4 UTC-06:00,2025-07-15 14:49:10.4 UTC-06:00,16,1.3,1.5,468408.098,4313299.048,2424.969,-105.3646731,38.96809284,2410.942,335.369,,NAD83(2011) / UTM zone 13N + NAVD88(GEOID18) height,7,7,7,5,0
28,,468073.37,4313283.58,2418.781,,-105.3685361,38.96794131,2404.76,Global,0.011,0.01,0.011,0.015,1.734,m,FIX,RTK,2025-07-15 14:49:24.6 UTC-06:00,2025-07-15 14:49:27.6 UTC-06:00,16,1.3,1.5,468408.098,4313299.048,2424.969,-105.3646731,38.96809284,2410.942,335.373,,NAD83(2011) / UTM zone 13N + NAVD88(GEOID18) height,7,6,6,5,0
29,,468073.441,4313283.824,2418.813,,-105.3685353,38.96794351,2404.793,Global,0.011,0.011,0.011,0.016,1.734,m,FIX,RTK,2025-07-15 14:49:37.0 UTC-06:00,2025-07-15 14:49:40.0 UTC-06:00,16,1.3,1.5,468408.098,4313299.048,2424.969,-105.3646731,38.96809284,2410.942,335.296,,NAD83(2011) / UTM zone 13N + NAVD88(GEOID18) height,7,7,6,5,0
30,,468073.38,4313284.128,2418.936,,-105.368536,38.96794625,2404.916,Global,0.012,0.013,0.011,0.018,1.734,m,FIX,RTK,2025-07-15 14:50:15.2 UTC-06:00,2025-07-15 14:50:18.2 UTC-06:00,16,1.3,1.5,468408.098,4313299.048,2424.969,-105.3646731,38.96809284,2410.942,335.324,,NAD83(2011) / UTM zone 13N + NAVD88(GEOID18) height,8,6,6,5,0
31,,468073.521,4313284.238,2418.888,,-105.3685344,38.96794725,2404.867,Global,0.011,0.011,0.011,0.015,1.734,m,FIX,RTK,2025-07-15 14:50:37.0 UTC-06:00,2025-07-15 14:50:40.0 UTC-06:00,16,1.3,1.5,468408.098,4313299.048,2424.969,-105.3646731,38.96809284,2410.942,335.187,,NAD83(2011) / UTM zone 13N + NAVD88(GEOID18) height,7,7,7,5,0
32,,468073.516,4313284.35,2419.195,,-105.3685345,38.96794826,2405.174,Global,0.012,0.012,0.011,0.017,1.734,m,FIX,RTK,2025-07-15 14:51:07.2 UTC-06:00,2025-07-15 14:51:10.2 UTC-06:00,16,1.3,1.5,468408.098,4313299.048,2424.969,-105.3646731,38.96809284,2410.942,335.188,,NAD83(2011) / UTM zone 13N + NAVD88(GEOID18) height,8,7,6,5,0
33,,468073.659,4313284.532,2418.77,,-105.3685328,38.96794991,2404.749,Global,0.015,0.012,0.012,0.02,1.734,m,FIX,RTK,2025-07-15 14:51:27.2 UTC-06:00,2025-07-15 14:51:30.2 UTC-06:00,16,1.3,1.5,468408.098,4313299.048,2424.969,-105.3646731,38.96809284,2410.942,335.043,,NAD83(2011) / UTM zone 13N + NAVD88(GEOID18) height,7,7,6,5,0
34,,468073.596,4313284.744,2418.755,,-105.3685336,38.96795181,2404.734,Global,0.015,0.011,0.01,0.019,1.734,m,FIX,RTK,2025-07-15 14:51:43.2 UTC-06:00,2025-07-15 14:51:46.2 UTC-06:00,16,1.3,1.5,468408.098,4313299.048,2424.969,-105.3646731,38.96809284,2410.942,335.086,,NAD83(2011) / UTM zone 13N + NAVD88(GEOID18) height,7,7,6,5,0
35,,468073.641,4313284.891,2418.772,,-105.368533,38.96795314,2404.752,Global,0.013,0.017,0.01,0.022,1.734,m,FIX,RTK,2025-07-15 14:52:02.4 UTC-06:00,2025-07-15 14:52:05.4 UTC-06:00,16,1.3,1.5,468408.098,4313299.048,2424.969,-105.3646731,38.96809284,2410.942,335.044,,NAD83(2011) / UTM zone 13N + NAVD88(GEOID18) height,7,7,6,5,0
36,,468073.629,4313285.204,2419.028,,-105.3685332,38.96795596,2405.008,Global,0.011,0.014,0.011,0.018,1.734,m,FIX,RTK,2025-07-15 14:52:16.0 UTC-06:00,2025-07-15 14:52:19.0 UTC-06:00,16,1.3,1.5,468408.098,4313299.048,2424.969,-105.3646731,38.96809284,2410.942,335.037,,NAD83(2011) / UTM zone 13N + NAVD88(GEOID18) height,7,7,7,5,0
37,,468073.751,4313285.313,2418.97,,-105.3685318,38.96795694,2404.95,Global,0.016,0.011,0.01,0.019,1.734,m,FIX,RTK,2025-07-15 14:52:44.0 UTC-06:00,2025-07-15 14:52:47.0 UTC-06:00,16,1.3,1.5,468408.098,4313299.048,2424.969,-105.3646731,38.96809284,2410.942,334.892,,NAD83(2011) / UTM zone 13N + NAVD88(GEOID18) height,7,7,7,5,0
38,,468073.648,4313285.481,2418.722,,-105.368533,38.96795846,2404.701,Global,0.016,0.011,0.011,0.019,1.734,m,FIX,RTK,2025-07-15 14:53:00.8 UTC-06:00,2025-07-15 14:53:03.8 UTC-06:00,16,1.3,1.5,468408.098,4313299.048,2424.969,-105.3646731,38.96809284,2410.942,334.999,,NAD83(2011) / UTM zone 13N + NAVD88(GEOID18) height,7,7,6,5,0
39,,468073.858,4313285.773,2418.714,,-105.3685306,38.96796109,2404.694,Global,0.014,0.011,0.011,0.018,1.734,m,FIX,RTK,2025-07-15 14:53:22.4 UTC-06:00,2025-07-15 14:53:25.4 UTC-06:00,16,1.4,1.7,468408.098,4313299.048,2424.969,-105.3646731,38.96809284,2410.942,334.781,,NAD83(2011) / UTM zone 13N + NAVD88(GEOID18) height,7,7,6,5,0
40,,468074.009,4313285.953,2418.785,,-105.3685289,38.96796272,2404.764,Global,0.01,0.01,0.011,0.015,1.734,m,FIX,RTK,2025-07-15 14:53:52.0 UTC-06:00,2025-07-15 14:53:55.0 UTC-06:00,16,1.3,1.5,468408.098,4313299.048,2424.969,-105.3646731,38.96809284,2410.942,334.629,,NAD83(2011) / UTM zone 13N + NAVD88(GEOID18) height,7,7,6,5,0
41,,468074.069,4313286.172,2418.824,,-105.3685282,38.9679647,2404.803,Global,0.011,0.012,0.011,0.016,1.734,m,FIX,RTK,2025-07-15 14:54:10.6 UTC-06:00,2025-07-15 14:54:13.6 UTC-06:00,16,1.3,1.5,468408.098,4313299.048,2424.969,-105.3646731,38.96809284,2410.942,334.564,,NAD83(2011) / UTM zone 13N + NAVD88(GEOID18) height,7,6,7,5,0
42,,468074.098,4313286.38,2418.766,,-105.3685278,38.96796658,2404.745,Global,0.011,0.01,0.011,0.015,1.734,m,FIX,RTK,2025-07-15 14:54:20.0 UTC-06:00,2025-07-15 14:54:23.0 UTC-06:00,16,1.3,1.5,468408.098,4313299.048,2424.969,-105.3646731,38.96809284,2410.942,334.526,,NAD83(2011) / UTM zone 13N + NAVD88(GEOID18) height,7,7,6,5,0
43,,468074.178,4313286.564,2418.722,,-105.3685269,38.96796823,2404.702,Global,0.011,0.012,0.011,0.016,1.734,m,FIX,RTK,2025-07-15 14:54:29.2 UTC-06:00,2025-07-15 14:54:32.2 UTC-06:00,16,1.4,1.6,468408.098,4313299.048,2424.969,-105.3646731,38.96809284,2410.942,334.439,,NAD83(2011) / UTM zone 13N + NAVD88(GEOID18) height,6,7,6,5,0
44,,468074.229,4313286.809,2418.921,,-105.3685263,38.96797045,2404.9,Global,0.01,0.012,0.011,0.016,1.734,m,FIX,RTK,2025-07-15 14:54:41.6 UTC-06:00,2025-07-15 14:54:44.6 UTC-06:00,16,1.4,1.6,468408.098,4313299.048,2424.969,-105.3646731,38.96809284,2410.942,334.379,,NAD83(2011) / UTM zone 13N + NAVD88(GEOID18) height,7,6,6,5,0
45,,468074.288,4313287.107,2418.865,,-105.3685257,38.96797313,2404.845,Global,0.011,0.011,0.013,0.016,1.734,m,FIX,RTK,2025-07-15 14:54:57.4 UTC-06:00,2025-07-15 14:55:00.4 UTC-06:00,16,1.4,1.6,468408.098,4313299.048,2424.969,-105.3646731,38.96809284,2410.942,334.314,,NAD83(2011) / UTM zone 13N + NAVD88(GEOID18) height,6,7,7,5,0
46,,468074.384,4313287.301,2418.854,,-105.3685246,38.96797489,2404.834,Global,0.01,0.011,0.011,0.015,1.734,m,FIX,RTK,2025-07-15 14:55:09.6 UTC-06:00,2025-07-15 14:55:12.6 UTC-06:00,16,1.3,1.5,468408.098,4313299.048,2424.969,-105.3646731,38.96809284,2410.942,334.208,,NAD83(2011) / UTM zone 13N + NAVD88(GEOID18) height,6,7,7,5,0
47,,468074.426,4313287.622,2418.882,,-105.3685241,38.96797778,2404.861,Global,0.018,0.01,0.01,0.021,1.734,m,FIX,RTK,2025-07-15 14:55:22.4 UTC-06:00,2025-07-15 14:55:25.4 UTC-06:00,16,1.3,1.5,468408.098,4313299.048,2424.969,-105.3646731,38.96809284,2410.942,334.162,,NAD83(2011) / UTM zone 13N + NAVD88(GEOID18) height,6,7,7,5,0
48,,468074.509,4313287.842,2418.89,,-105.3685232,38.96797977,2404.869,Global,0.012,0.011,0.011,0.017,1.734,m,FIX,RTK,2025-07-15 14:55:34.2 UTC-06:00,2025-07-15 14:55:37.2 UTC-06:00,16,1.3,1.5,468408.098,4313299.048,2424.969,-105.3646731,38.96809284,2410.942,334.062,,NAD83(2011) / UTM zone 13N + NAVD88(GEOID18) height,7,6,7,5,0
49,,468074.573,4313288.11,2418.906,,-105.3685224,38.96798218,2404.885,Global,0.012,0.014,0.011,0.018,1.734,m,FIX,RTK,2025-07-15 14:55:51.6 UTC-06:00,2025-07-15 14:55:54.6 UTC-06:00,16,1.3,1.5,468408.098,4313299.048,2424.969,-105.3646731,38.96809284,2410.942,333.972,,NAD83(2011) / UTM zone 13N + NAVD88(GEOID18) height,6,7,7,5,0
50,,468074.92,4313288.375,2418.947,,-105.3685184,38.96798458,2404.927,Global,0.015,0.016,0.013,0.022,1.734,m,FIX,RTK,2025-07-15 14:56:03.8 UTC-06:00,2025-07-15 14:56:06.8 UTC-06:00,16,1.3,1.6,468408.098,4313299.048,2424.969,-105.3646731,38.96809284,2410.942,333.654,,NAD83(2011) / UTM zone 13N + NAVD88(GEOID18) height,6,6,6,5,0
51,,468074.969,4313288.66,2418.888,,-105.3685179,38.96798715,2404.867,Global,0.012,0.011,0.011,0.016,1.734,m,FIX,RTK,2025-07-15 14:56:13.8 UTC-06:00,2025-07-15 14:56:16.8 UTC-06:00,16,1.3,1.6,468408.098,4313299.048,2424.969,-105.3646731,38.96809284,2410.942,333.568,,NAD83(2011) / UTM zone 13N + NAVD88(GEOID18) height,6,6,6,5,0
52,,468075.031,4313288.747,2418.886,,-105.3685172,38.96798794,2404.866,Global,0.012,0.011,0.012,0.016,1.734,m,FIX,RTK,2025-07-15 14:56:25.2 UTC-06:00,2025-07-15 14:56:28.2 UTC-06:00,16,1.3,1.6,468408.098,4313299.048,2424.969,-105.3646731,38.96809284,2410.942,333.518,,NAD83(2011) / UTM zone 13N + NAVD88(GEOID18) height,6,6,7,5,0
53,,468075.024,4313288.955,2418.848,,-105.3685173,38.96798981,2404.827,Global,0.011,0.01,0.011,0.015,1.734,m,FIX,RTK,2025-07-15 14:56:38.2 UTC-06:00,2025-07-15 14:56:41.2 UTC-06:00,16,1.4,1.7,468408.098,4313299.048,2424.969,-105.3646731,38.96809284,2410.942,333.508,,NAD83(2011) / UTM zone 13N + NAVD88(GEOID18) height,6,6,7,5,0
54,,468075.086,4313289.123,2418.823,,-105.3685166,38.96799133,2404.803,Global,0.011,0.011,0.014,0.016,1.734,m,FIX,RTK,2025-07-15 14:56:48.8 UTC-06:00,2025-07-15 14:56:51.8 UTC-06:00,16,1.4,1.7,468408.098,4313299.048,2424.969,-105.3646731,38.96809284,2410.942,333.444,,NAD83(2011) / UTM zone 13N + NAVD88(GEOID18) height,7,6,7,5,0
55,,468075.09,4313289.464,2418.96,,-105.3685165,38.9679944,2404.939,Global,0.011,0.011,0.011,0.015,1.734,m,FIX,RTK,2025-07-15 14:57:06.0 UTC-06:00,2025-07-15 14:57:09.0 UTC-06:00,16,1.4,1.7,468408.098,4313299.048,2424.969,-105.3646731,38.96809284,2410.942,333.422,,NAD83(2011) / UTM zone 13N + NAVD88(GEOID18) height,6,5,7,5,0
56,,468075.076,4313289.689,2418.972,,-105.3685167,38.96799643,2404.951,Global,0.011,0.01,0.011,0.015,1.734,m,FIX,RTK,2025-07-15 14:57:27.6 UTC-06:00,2025-07-15 14:57:30.6 UTC-06:00,16,1.4,1.7,468408.098,4313299.048,2424.969,-105.3646731,38.96809284,2410.942,333.433,,NAD83(2011) / UTM zone 13N + NAVD88(GEOID18) height,6,5,6,5,0
57,,468075.349,4313289.93,2418.732,,-105.3685136,38.96799861,2404.711,Global,0.012,0.012,0.011,0.017,1.734,m,FIX,RTK,2025-07-15 14:57:48.6 UTC-06:00,2025-07-15 14:57:51.6 UTC-06:00,16,1.4,1.7,468408.098,4313299.048,2424.969,-105.3646731,38.96809284,2410.942,333.158,,NAD83(2011) / UTM zone 13N + NAVD88(GEOID18) height,6,5,7,5,0
58,,468075.35,4313290.092,2418.716,,-105.3685136,38.96800007,2404.695,Global,0.015,0.013,0.01,0.02,1.734,m,FIX,RTK,2025-07-15 14:58:03.0 UTC-06:00,2025-07-15 14:58:06.0 UTC-06:00,16,1.4,1.7,468408.098,4313299.048,2424.969,-105.3646731,38.96809284,2410.942,333.145,,NAD83(2011) / UTM zone 13N + NAVD88(GEOID18) height,7,6,7,5,0
59,,468075.451,4313290.239,2418.986,,-105.3685124,38.9680014,2404.965,Global,0.012,0.019,0.013,0.023,1.734,m,FIX,RTK,2025-07-15 14:58:18.6 UTC-06:00,2025-07-15 14:58:21.6 UTC-06:00,16,1.4,1.7,468408.098,4313299.048,2424.969,-105.3646731,38.96809284,2410.942,333.031,,NAD83(2011) / UTM zone 13N + NAVD88(GEOID18) height,6,6,7,5,0
60,,468075.363,4313290.449,2418.901,,-105.3685134,38.96800328,2404.88,Global,0.016,0.013,0.012,0.021,1.734,m,FIX,RTK,2025-07-15 14:58:38.0 UTC-06:00,2025-07-15 14:58:41.0 UTC-06:00,16,1.4,1.7,468408.098,4313299.048,2424.969,-105.3646731,38.96809284,2410.942,333.142,,NAD83(2011) / UTM zone 13N + NAVD88(GEOID18) height,6,4,7,5,0
61,,468075.469,4313290.592,2418.648,,-105.3685122,38.96800458,2404.628,Global,0.011,0.011,0.011,0.016,1.734,m,FIX,RTK,2025-07-15 14:58:55.0 UTC-06:00,2025-07-15 14:58:58.0 UTC-06:00,16,1.4,1.7,468408.098,4313299.048,2424.969,-105.3646731,38.96809284,2410.942,333.024,,NAD83(2011) / UTM zone 13N + NAVD88(GEOID18) height,6,5,7,5,0
62,,468075.537,4313290.749,2418.634,,-105.3685114,38.96800599,2404.614,Global,0.013,0.011,0.011,0.017,1.734,m,FIX,RTK,2025-07-15 14:59:18.6 UTC-06:00,2025-07-15 14:59:21.6 UTC-06:00,16,1.3,1.6,468408.098,4313299.048,2424.969,-105.3646731,38.96809284,2410.942,332.94,,NAD83(2011) / UTM zone 13N + NAVD88(GEOID18) height,6,5,6,5,0
63,,468075.726,4313291.043,2419.28,,-105.3685093,38.96800866,2405.26,Global,0.025,0.022,0.023,0.033,1.734,m,FIX,RTK,2025-07-15 15:00:46.0 UTC-06:00,2025-07-15 15:00:49.0 UTC-06:00,16,1.1,1.3,468408.098,4313299.048,2424.969,-105.3646731,38.96809284,2410.942,332.779,,NAD83(2011) / UTM zone 13N + NAVD88(GEOID18) height,6,7,7,5,0
64,,468075.695,4313291.085,2419.284,,-105.3685096,38.96800903,2405.264,Global,0.011,0.015,0.011,0.018,1.734,m,FIX,RTK,2025-07-15 15:01:16.8 UTC-06:00,2025-07-15 15:01:19.8 UTC-06:00,16,1.1,1.3,468408.098,4313299.048,2424.969,-105.3646731,38.96809284,2410.942,332.775,,NAD83(2011) / UTM zone 13N + NAVD88(GEOID18) height,7,7,7,5,0
65,,468075.728,4313291.227,2419.381,,-105.3685093,38.96801031,2405.361,Global,0.011,0.013,0.01,0.017,1.734,m,FIX,RTK,2025-07-15 15:01:28.2 UTC-06:00,2025-07-15 15:01:31.2 UTC-06:00,16,1.1,1.3,468408.098,4313299.048,2424.969,-105.3646731,38.96809284,2410.942,332.737,,NAD83(2011) / UTM zone 13N + NAVD88(GEOID18) height,6,6,7,5,0
66,,468075.802,4313291.369,2419.34,,-105.3685084,38.96801159,2405.32,Global,0.014,0.013,0.01,0.019,1.734,m,FIX,RTK,2025-07-15 15:01:39.4 UTC-06:00,2025-07-15 15:01:42.4 UTC-06:00,16,1.1,1.3,468408.098,4313299.048,2424.969,-105.3646731,38.96809284,2410.942,332.675,,NAD83(2011) / UTM zone 13N + NAVD88(GEOID18) height,6,7,7,5,0
67,,468075.791,4313291.531,2419.196,,-105.3685085,38.96801305,2405.176,Global,0.012,0.01,0.011,0.016,1.734,m,FIX,RTK,2025-07-15 15:01:58.6 UTC-06:00,2025-07-15 15:02:01.6 UTC-06:00,16,1.3,1.6,468408.098,4313299.048,2424.969,-105.3646731,38.96809284,2410.942,332.656,,NAD83(2011) / UTM zone 13N + NAVD88(GEOID18) height,6,7,6,5,0
68,,468075.854,4313291.649,2419.137,,-105.3685078,38.96801412,2405.116,Global,0.012,0.01,0.011,0.016,1.734,m,FIX,RTK,2025-07-15 15:02:15.4 UTC-06:00,2025-07-15 15:02:18.4 UTC-06:00,16,1.4,1.7,468408.098,4313299.048,2424.969,-105.3646731,38.96809284,2410.942,332.601,,NAD83(2011) / UTM zone 13N + NAVD88(GEOID18) height,6,7,7,5,0
69,,468075.945,4313291.906,2418.722,,-105.3685068,38.96801644,2404.701,Global,0.012,0.012,0.01,0.017,1.734,m,FIX,RTK,2025-07-15 15:02:35.6 UTC-06:00,2025-07-15 15:02:38.6 UTC-06:00,16,1.2,1.4,468408.098,4313299.048,2424.969,-105.3646731,38.96809284,2410.942,332.503,,NAD83(2011) / UTM zone 13N + NAVD88(GEOID18) height,6,6,6,5,0
70,,468075.856,4313292.194,2419.215,,-105.3685078,38.96801903,2405.195,Global,0.011,0.011,0.01,0.015,1.734,m,FIX,RTK,2025-07-15 15:03:13.6 UTC-06:00,2025-07-15 15:03:16.6 UTC-06:00,16,1.2,1.4,468408.098,4313299.048,2424.969,-105.3646731,38.96809284,2410.942,332.594,,NAD83(2011) / UTM zone 13N + NAVD88(GEOID18) height,6,7,6,5,0
71,,468075.922,4313292.383,2419.378,,-105.3685071,38.96802073,2405.357,Global,0.011,0.013,0.01,0.017,1.734,m,FIX,RTK,2025-07-15 15:03:26.6 UTC-06:00,2025-07-15 15:03:29.6 UTC-06:00,16,1.1,1.3,468408.098,4313299.048,2424.969,-105.3646731,38.96809284,2410.942,332.524,,NAD83(2011) / UTM zone 13N + NAVD88(GEOID18) height,6,7,6,5,0
72,,468075.992,4313292.535,2419.469,,-105.3685063,38.96802211,2405.448,Global,0.013,0.011,0.01,0.017,1.734,m,FIX,RTK,2025-07-15 15:03:35.4 UTC-06:00,2025-07-15 15:03:38.4 UTC-06:00,16,1.1,1.3,468408.098,4313299.048,2424.969,-105.3646731,38.96809284,2410.942,332.44,,NAD83(2011) / UTM zone 13N + NAVD88(GEOID18) height,6,7,6,5,0
73,,468076.003,4313292.538,2419.456,,-105.3685061,38.96802213,2405.435,Global,0.011,0.011,0.01,0.015,1.734,m,FIX,RTK,2025-07-15 15:03:49.4 UTC-06:00,2025-07-15 15:03:52.4 UTC-06:00,16,1.1,1.3,468408.098,4313299.048,2424.969,-105.3646731,38.96809284,2410.942,332.427,,NAD83(2011) / UTM zone 13N + NAVD88(GEOID18) height,6,7,6,5,0
74,,468076.065,4313292.717,2419.289,,-105.3685054,38.96802375,2405.268,Global,0.01,0.011,0.01,0.015,1.734,m,FIX,RTK,2025-07-15 15:04:01.2 UTC-06:00,2025-07-15 15:04:04.2 UTC-06:00,16,1.1,1.3,468408.098,4313299.048,2424.969,-105.3646731,38.96809284,2410.942,332.367,,NAD83(2011) / UTM zone 13N + NAVD88(GEOID18) height,6,6,6,5,0
75,,468076.141,4313292.911,2419.098,,-105.3685046,38.9680255,2405.078,Global,0.011,0.011,0.011,0.015,1.734,m,FIX,RTK,2025-07-15 15:04:12.6 UTC-06:00,2025-07-15 15:04:15.6 UTC-06:00,16,1.2,1.4,468408.098,4313299.048,2424.969,-105.3646731,38.96809284,2410.942,332.295,,NAD83(2011) / UTM zone 13N + NAVD88(GEOID18) height,6,7,7,5,0
76,,468076.152,4313293.108,2418.713,,-105.3685044,38.96802727,2404.692,Global,0.01,0.011,0.011,0.015,1.734,m,FIX,RTK,2025-07-15 15:04:37.6 UTC-06:00,2025-07-15 15:04:40.6 UTC-06:00,16,1.3,1.5,468408.098,4313299.048,2424.969,-105.3646731,38.96809284,2410.942,332.285,,NAD83(2011) / UTM zone 13N + NAVD88(GEOID18) height,6,6,6,5,0
77,,468076.147,4313293.357,2418.745,,-105.3685045,38.96802952,2404.724,Global,0.011,0.01,0.011,0.015,1.734,m,FIX,RTK,2025-07-15 15:05:04.8 UTC-06:00,2025-07-15 15:05:07.8 UTC-06:00,16,1.2,1.4,468408.098,4313299.048,2424.969,-105.3646731,38.96809284,2410.942,332.279,,NAD83(2011) / UTM zone 13N + NAVD88(GEOID18) height,7,7,7,5,0
78,,468076.309,4313293.475,2418.738,,-105.3685027,38.96803059,2404.717,Global,0.011,0.011,0.01,0.016,1.734,m,FIX,RTK,2025-07-15 15:05:26.0 UTC-06:00,2025-07-15 15:05:29.0 UTC-06:00,16,1.3,1.5,468408.098,4313299.048,2424.969,-105.3646731,38.96809284,2410.942,332.121,,NAD83(2011) / UTM zone 13N + NAVD88(GEOID18) height,7,7,6,5,0
79,,468076.406,4313293.738,2418.706,,-105.3685015,38.96803296,2404.686,Global,0.02,0.012,0.011,0.023,1.734,m,FIX,RTK,2025-07-15 15:05:44.8 UTC-06:00,2025-07-15 15:05:47.8 UTC-06:00,16,1.3,1.5,468408.098,4313299.048,2424.969,-105.3646731,38.96809284,2410.942,331.995,,NAD83(2011) / UTM zone 13N + NAVD88(GEOID18) height,7,7,6,5,0
80,,468076.182,4313293.926,2418.707,,-105.3685041,38.96803465,2404.687,Global,0.014,0.014,0.011,0.019,1.734,m,FIX,RTK,2025-07-15 15:06:14.0 UTC-06:00,2025-07-15 15:06:17.0 UTC-06:00,16,1.3,1.5,468408.098,4313299.048,2424.969,-105.3646731,38.96809284,2410.942,332.259,,NAD83(2011) / UTM zone 13N + NAVD88(GEOID18) height,9,6,6,5,0
81,,468076.241,4313294.196,2418.869,,-105.3685035,38.96803708,2404.849,Global,0.016,0.014,0.011,0.021,1.734,m,FIX,RTK,2025-07-15 15:06:26.2 UTC-06:00,2025-07-15 15:06:29.2 UTC-06:00,16,1.3,1.5,468408.098,4313299.048,2424.969,-105.3646731,38.96809284,2410.942,332.157,,NAD83(2011) / UTM zone 13N + NAVD88(GEOID18) height,9,7,6,4,0
82,,468076.188,4313294.383,2418.864,,-105.3685041,38.96803877,2404.843,Global,0.013,0.011,0.011,0.017,1.734,m,FIX,RTK,2025-07-15 15:06:47.2 UTC-06:00,2025-07-15 15:06:50.2 UTC-06:00,16,1.3,1.5,468408.098,4313299.048,2424.969,-105.3646731,38.96809284,2410.942,332.23,,NAD83(2011) / UTM zone 13N + NAVD88(GEOID18) height,7,7,6,5,0
83,,468076.194,4313294.62,2418.827,,-105.368504,38.96804091,2404.806,Global,0.011,0.012,0.01,0.016,1.734,m,FIX,RTK,2025-07-15 15:06:57.6 UTC-06:00,2025-07-15 15:07:00.6 UTC-06:00,16,1.3,1.5,468408.098,4313299.048,2424.969,-105.3646731,38.96809284,2410.942,332.218,,NAD83(2011) / UTM zone 13N + NAVD88(GEOID18) height,9,7,6,4,0
84,,468076.179,4313294.825,2418.846,,-105.3685042,38.96804275,2404.825,Global,0.011,0.012,0.012,0.016,1.734,m,FIX,RTK,2025-07-15 15:07:14.2 UTC-06:00,2025-07-15 15:07:17.2 UTC-06:00,16,1.3,1.5,468408.098,4313299.048,2424.969,-105.3646731,38.96809284,2410.942,332.231,,NAD83(2011) / UTM zone 13N + NAVD88(GEOID18) height,7,7,6,5,0
85,,468076.225,4313295.039,2418.902,,-105.3685037,38.96804468,2404.881,Global,0.011,0.012,0.012,0.017,1.734,m,FIX,RTK,2025-07-15 15:07:23.2 UTC-06:00,2025-07-15 15:07:26.2 UTC-06:00,16,1.3,1.5,468408.098,4313299.048,2424.969,-105.3646731,38.96809284,2410.942,332.169,,NAD83(2011) / UTM zone 13N + NAVD88(GEOID18) height,7,7,6,4,0
86,,468076.346,4313295.145,2418.961,,-105.3685023,38.96804564,2404.941,Global,0.011,0.011,0.017,0.016,1.734,m,FIX,RTK,2025-07-15 15:07:34.0 UTC-06:00,2025-07-15 15:07:37.0 UTC-06:00,16,1.3,1.5,468408.098,4313299.048,2424.969,-105.3646731,38.96809284,2410.942,332.064,,NAD83(2011) / UTM zone 13N + NAVD88(GEOID18) height,7,7,6,4,0
87,,468076.412,4313295.329,2418.959,,-105.3685015,38.9680473,2404.939,Global,0.011,0.015,0.013,0.018,1.734,m,FIX,RTK,2025-07-15 15:07:49.6 UTC-06:00,2025-07-15 15:07:52.6 UTC-06:00,16,1.3,1.5,468408.098,4313299.048,2424.969,-105.3646731,38.96809284,2410.942,331.986,,NAD83(2011) / UTM zone 13N + NAVD88(GEOID18) height,7,7,6,4,0
88,,468076.426,4313295.542,2419.054,,-105.3685014,38.96804922,2405.033,Global,0.01,0.011,0.017,0.015,1.734,m,FIX,RTK,2025-07-15 15:08:08.8 UTC-06:00,2025-07-15 15:08:11.8 UTC-06:00,16,1.4,1.6,468408.098,4313299.048,2424.969,-105.3646731,38.96809284,2410.942,331.974,,NAD83(2011) / UTM zone 13N + NAVD88(GEOID18) height,8,7,6,4,0
89,,468076.441,4313295.738,2419.096,,-105.3685012,38.96805099,2405.076,Global,0.01,0.013,0.01,0.016,1.734,m,FIX,RTK,2025-07-15 15:08:17.2 UTC-06:00,2025-07-15 15:08:20.2 UTC-06:00,16,1.3,1.5,468408.098,4313299.048,2424.969,-105.3646731,38.96809284,2410.942,331.956,,NAD83(2011) / UTM zone 13N + NAVD88(GEOID18) height,8,7,6,4,0
90,,468076.513,4313295.931,2419.012,,-105.3685004,38.96805273,2404.991,Global,0.012,0.012,0.011,0.017,1.734,m,FIX,RTK,2025-07-15 15:08:27.0 UTC-06:00,2025-07-15 15:08:30.0 UTC-06:00,16,1.3,1.5,468408.098,4313299.048,2424.969,-105.3646731,38.96809284,2410.942,331.872,,NAD83(2011) / UTM zone 13N + NAVD88(GEOID18) height,8,7,6,4,0
91,,468076.61,4313296.296,2419.035,,-105.3684993,38.96805602,2405.014,Global,0.01,0.014,0.011,0.017,1.734,m,FIX,RTK,2025-07-15 15:08:42.6 UTC-06:00,2025-07-15 15:08:45.6 UTC-06:00,16,1.3,1.5,468408.098,4313299.048,2424.969,-105.3646731,38.96809284,2410.942,331.783,,NAD83(2011) / UTM zone 13N + NAVD88(GEOID18) height,8,7,6,4,0
92,,468076.71,4313296.548,2419.182,,-105.3684982,38.96805829,2405.161,Global,0.01,0.012,0.01,0.016,1.734,m,FIX,RTK,2025-07-15 15:08:54.4 UTC-06:00,2025-07-15 15:08:57.4 UTC-06:00,16,1.3,1.5,468408.098,4313299.048,2424.969,-105.3646731,38.96809284,2410.942,331.673,,NAD83(2011) / UTM zone 13N + NAVD88(GEOID18) height,8,7,6,4,0
93,,468076.65,4313296.788,2419.728,,-105.3684989,38.96806045,2405.707,Global,0.015,0.012,0.01,0.019,1.734,m,FIX,RTK,2025-07-15 15:09:20.8 UTC-06:00,2025-07-15 15:09:23.8 UTC-06:00,16,1.3,1.5,468408.098,4313299.048,2424.969,-105.3646731,38.96809284,2410.942,331.745,,NAD83(2011) / UTM zone 13N + NAVD88(GEOID18) height,8,7,6,4,0
94,,468076.663,4313296.968,2419.858,,-105.3684987,38.96806208,2405.837,Global,0.012,0.011,0.01,0.016,1.734,m,FIX,RTK,2025-07-15 15:09:33.0 UTC-06:00,2025-07-15 15:09:36.0 UTC-06:00,16,1.2,1.4,468408.098,4313299.048,2424.969,-105.3646731,38.96809284,2410.942,331.719,,NAD83(2011) / UTM zone 13N + NAVD88(GEOID18) height,8,7,6,4,0
95,,468076.723,4313297.149,2420.041,,-105.368498,38.96806371,2406.02,Global,0.011,0.012,0.01,0.017,1.734,m,FIX,RTK,2025-07-15 15:09:48.0 UTC-06:00,2025-07-15 15:09:51.0 UTC-06:00,16,1.3,1.5,468408.098,4313299.048,2424.969,-105.3646731,38.96809284,2410.942,331.651,,NAD83(2011) / UTM zone 13N + NAVD88(GEOID18) height,6,7,6,4,0
96,,468076.787,4313297.317,2419.989,,-105.3684973,38.96806523,2405.968,Global,0.01,0.01,0.012,0.015,1.734,m,FIX,RTK,2025-07-15 15:09:57.0 UTC-06:00,2025-07-15 15:10:00.0 UTC-06:00,16,1.3,1.5,468408.098,4313299.048,2424.969,-105.3646731,38.96809284,2410.942,331.587,,NAD83(2011) / UTM zone 13N + NAVD88(GEOID18) height,6,7,6,4,0
97,,468076.844,4313297.501,2419.932,,-105.3684967,38.96806689,2405.911,Global,0.01,0.014,0.011,0.017,1.734,m,FIX,RTK,2025-07-15 15:10:06.6 UTC-06:00,2025-07-15 15:10:09.6 UTC-06:00,16,1.4,1.6,468408.098,4313299.048,2424.969,-105.3646731,38.96809284,2410.942,331.53,,NAD83(2011) / UTM zone 13N + NAVD88(GEOID18) height,7,7,6,4,0
98,,468076.95,4313297.679,2419.898,,-105.3684954,38.96806849,2405.878,Global,0.01,0.01,0.01,0.015,1.734,m,FIX,RTK,2025-07-15 15:10:17.6 UTC-06:00,2025-07-15 15:10:20.6 UTC-06:00,16,1.3,1.5,468408.098,4313299.048,2424.969,-105.3646731,38.96809284,2410.942,331.424,,NAD83(2011) / UTM zone 13N + NAVD88(GEOID18) height,7,7,6,4,0
99,,468077.003,4313297.876,2419.844,,-105.3684948,38.96807027,2405.823,Global,0.015,0.012,0.011,0.019,1.734,m,FIX,RTK,2025-07-15 15:10:26.6 UTC-06:00,2025-07-15 15:10:29.6 UTC-06:00,16,1.4,1.6,468408.098,4313299.048,2424.969,-105.3646731,38.96809284,2410.942,331.376,,NAD83(2011) / UTM zone 13N + NAVD88(GEOID18) height,8,7,6,4,0
100,,468077.069,4313298.07,2419.797,,-105.3684941,38.96807203,2405.777,Global,0.011,0.011,0.011,0.016,1.734,m,FIX,RTK,2025-07-15 15:10:35.4 UTC-06:00,2025-07-15 15:10:38.4 UTC-06:00,16,1.4,1.6,468408.098,4313299.048,2424.969,-105.3646731,38.96809284,2410.942,331.302,,NAD83(2011) / UTM zone 13N + NAVD88(GEOID18) height,8,6,6,4,0
101,,468077.121,4313298.263,2419.76,,-105.3684935,38.96807376,2405.739,Global,0.014,0.013,0.014,0.019,1.734,m,FIX,RTK,2025-07-15 15:10:45.0 UTC-06:00,2025-07-15 15:10:48.0 UTC-06:00,16,1.4,1.6,468408.098,4313299.048,2424.969,-105.3646731,38.96809284,2410.942,331.258,,NAD83(2011) / UTM zone 13N + NAVD88(GEOID18) height,7,7,6,4,0
102,,468077.192,4313298.438,2419.723,,-105.3684927,38.96807534,2405.702,Global,0.019,0.015,0.011,0.024,1.734,m,FIX,RTK,2025-07-15 15:10:53.0 UTC-06:00,2025-07-15 15:10:56.0 UTC-06:00,16,1.4,1.6,468408.098,4313299.048,2424.969,-105.3646731,38.96809284,2410.942,331.194,,NAD83(2011) / UTM zone 13N + NAVD88(GEOID18) height,8,7,6,4,0
103,,468077.242,4313298.636,2419.689,,-105.3684921,38.96807713,2405.668,Global,0.011,0.026,0.011,0.028,1.734,m,FIX,RTK,2025-07-15 15:11:01.4 UTC-06:00,2025-07-15 15:11:04.4 UTC-06:00,16,1.4,1.6,468408.098,4313299.048,2424.969,-105.3646731,38.96809284,2410.942,331.127,,NAD83(2011) / UTM zone 13N + NAVD88(GEOID18) height,8,7,6,4,0
104,,468077.294,4313298.834,2419.656,,-105.3684915,38.96807891,2405.635,Global,0.015,0.011,0.015,0.018,1.734,m,FIX,RTK,2025-07-15 15:11:11.0 UTC-06:00,2025-07-15 15:11:14.0 UTC-06:00,16,1.5,1.8,468408.098,4313299.048,2424.969,-105.3646731,38.96809284,2410.942,331.092,,NAD83(2011) / UTM zone 13N + NAVD88(GEOID18) height,9,7,6,4,0
105,,468077.353,4313299.023,2419.6,,-105.3684909,38.96808062,2405.58,Global,0.015,0.01,0.01,0.019,1.734,m,FIX,RTK,2025-07-15 15:11:19.2 UTC-06:00,2025-07-15 15:11:22.2 UTC-06:00,16,1.3,1.5,468408.098,4313299.048,2424.969,-105.3646731,38.96809284,2410.942,331.01,,NAD83(2011) / UTM zone 13N + NAVD88(GEOID18) height,8,7,6,4,0
106,,468077.429,4313299.226,2419.576,,-105.36849,38.96808245,2405.555,Global,0.013,0.013,0.015,0.018,1.734,m,FIX,RTK,2025-07-15 15:11:28.6 UTC-06:00,2025-07-15 15:11:31.6 UTC-06:00,16,1.4,1.7,468408.098,4313299.048,2424.969,-105.3646731,38.96809284,2410.942,330.949,,NAD83(2011) / UTM zone 13N + NAVD88(GEOID18) height,8,7,6,4,0
107,,468077.429,4313299.402,2419.533,,-105.36849,38.96808404,2405.512,Global,0.01,0.012,0.015,0.016,1.734,m,FIX,RTK,2025-07-15 15:11:36.8 UTC-06:00,2025-07-15 15:11:39.8 UTC-06:00,16,1.4,1.7,468408.098,4313299.048,2424.969,-105.3646731,38.96809284,2410.942,330.936,,NAD83(2011) / UTM zone 13N + NAVD88(GEOID18) height,6,7,6,4,0
108,,468077.459,4313299.605,2419.379,,-105.3684897,38.96808587,2405.358,Global,0.01,0.01,0.011,0.015,1.734,m,FIX,RTK,2025-07-15 15:11:51.2 UTC-06:00,2025-07-15 15:11:54.2 UTC-06:00,16,1.5,1.8,468408.098,4313299.048,2424.969,-105.3646731,38.96809284,2410.942,330.914,,NAD83(2011) / UTM zone 13N + NAVD88(GEOID18) height,8,7,6,4,0
109,,468077.63,4313299.754,2419.181,,-105.3684877,38.96808722,2405.16,Global,0.011,0.011,0.015,0.016,1.734,m,FIX,RTK,2025-07-15 15:12:49.0 UTC-06:00,2025-07-15 15:12:52.0 UTC-06:00,16,1.5,1.8,468408.098,4313299.048,2424.969,-105.3646731,38.96809284,2410.942,330.74,,NAD83(2011) / UTM zone 13N + NAVD88(GEOID18) height,9,7,6,4,0
110,,468077.749,4313299.922,2419.301,,-105.3684863,38.96808874,2405.28,Global,0.011,0.012,0.014,0.016,1.734,m,FIX,RTK,2025-07-15 15:13:08.4 UTC-06:00,2025-07-15 15:13:11.4 UTC-06:00,16,1.4,1.7,468408.098,4313299.048,2424.969,-105.3646731,38.96809284,2410.942,330.631,,NAD83(2011) / UTM zone 13N + NAVD88(GEOID18) height,7,7,6,4,0
111,,468077.763,4313300.137,2419.267,,-105.3684862,38.96809068,2405.247,Global,0.012,0.011,0.013,0.016,1.734,m,FIX,RTK,2025-07-15 15:13:16.6 UTC-06:00,2025-07-15 15:13:19.6 UTC-06:00,16,1.5,1.8,468408.098,4313299.048,2424.969,-105.3646731,38.96809284,2410.942,330.617,,NAD83(2011) / UTM zone 13N + NAVD88(GEOID18) height,8,7,6,4,0
112,,468077.805,4313300.333,2419.134,,-105.3684857,38.96809244,2405.113,Global,0.02,0.01,0.012,0.023,1.734,m,FIX,RTK,2025-07-15 15:13:26.2 UTC-06:00,2025-07-15 15:13:29.2 UTC-06:00,16,1.4,1.7,468408.098,4313299.048,2424.969,-105.3646731,38.96809284,2410.942,330.586,,NAD83(2011) / UTM zone 13N + NAVD88(GEOID18) height,7,7,7,4,0
113,,468077.887,4313300.534,2419.056,,-105.3684848,38.96809426,2405.036,Global,0.012,0.01,0.012,0.016,1.734,m,FIX,RTK,2025-07-15 15:13:35.8 UTC-06:00,2025-07-15 15:13:38.8 UTC-06:00,16,1.5,1.8,468408.098,4313299.048,2424.969,-105.3646731,38.96809284,2410.942,330.49,,NAD83(2011) / UTM zone 13N + NAVD88(GEOID18) height,8,7,6,4,0
114,,468077.942,4313300.776,2419.403,,-105.3684841,38.96809644,2405.382,Global,0.011,0.012,0.014,0.016,1.734,m,FIX,RTK,2025-07-15 15:14:01.0 UTC-06:00,2025-07-15 15:14:04.0 UTC-06:00,16,1.5,1.8,468408.098,4313299.048,2424.969,-105.3646731,38.96809284,2410.942,330.436,,NAD83(2011) / UTM zone 13N + NAVD88(GEOID18) height,8,7,7,4,0
115,,468078.002,4313300.919,2419.406,,-105.3684835,38.96809773,2405.386,Global,0.016,0.012,0.012,0.02,1.734,m,FIX,RTK,2025-07-15 15:14:50.8 UTC-06:00,2025-07-15 15:14:53.8 UTC-06:00,16,1.5,1.8,468408.098,4313299.048,2424.969,-105.3646731,38.96809284,2410.942,330.358,,NAD83(2011) / UTM zone 13N + NAVD88(GEOID18) height,7,7,6,4,0
116,,468078.054,4313301.165,2419.442,,-105.3684829,38.96809995,2405.422,Global,0.011,0.011,0.01,0.015,1.734,m,FIX,RTK,2025-07-15 15:15:02.6 UTC-06:00,2025-07-15 15:15:05.6 UTC-06:00,16,1.4,1.7,468408.098,4313299.048,2424.969,-105.3646731,38.96809284,2410.942,330.318,,NAD83(2011) / UTM zone 13N + NAVD88(GEOID18) height,7,7,6,4,0
117,,468078.213,4313301.314,2419.335,,-105.368481,38.9681013,2405.315,Global,0.011,0.011,0.011,0.015,1.734,m,FIX,RTK,2025-07-15 15:15:18.0 UTC-06:00,2025-07-15 15:15:21.0 UTC-06:00,16,1.4,1.7,468408.098,4313299.048,2424.969,-105.3646731,38.96809284,2410.942,330.164,,NAD83(2011) / UTM zone 13N + NAVD88(GEOID18) height,7,7,6,4,0
118,,468078.204,4313301.304,2419.335,,-105.3684811,38.9681012,2405.314,Global,0.011,0.011,0.012,0.015,1.734,m,FIX,RTK,2025-07-15 15:15:56.8 UTC-06:00,2025-07-15 15:15:59.8 UTC-06:00,16,1.4,1.7,468408.098,4313299.048,2424.969,-105.3646731,38.96809284,2410.942,330.176,,NAD83(2011) / UTM zone 13N + NAVD88(GEOID18) height,8,6,6,5,0
119,,468078.166,4313301.555,2419.303,,-105.3684816,38.96810347,2405.283,Global,0.011,0.013,0.012,0.017,1.734,m,FIX,RTK,2025-07-15 15:16:06.8 UTC-06:00,2025-07-15 15:16:09.8 UTC-06:00,16,1.9,2.3,468408.098,4313299.048,2424.969,-105.3646731,38.96809284,2410.942,330.222,,NAD83(2011) / UTM zone 13N + NAVD88(GEOID18) height,8,7,6,4,0
120,,468078.195,4313301.689,2419.374,,-105.3684813,38.96810468,2405.353,Global,0.01,0.01,0.011,0.015,1.734,m,FIX,RTK,2025-07-15 15:16:16.2 UTC-06:00,2025-07-15 15:16:19.2 UTC-06:00,16,1.7,2,468408.098,4313299.048,2424.969,-105.3646731,38.96809284,2410.942,330.188,,NAD83(2011) / UTM zone 13N + NAVD88(GEOID18) height,8,7,6,4,0
121,,468078.303,4313301.876,2419.33,,-105.36848,38.96810636,2405.309,Global,0.012,0.011,0.014,0.016,1.734,m,FIX,RTK,2025-07-15 15:16:26.0 UTC-06:00,2025-07-15 15:16:29.0 UTC-06:00,16,1.6,2,468408.098,4313299.048,2424.969,-105.3646731,38.96809284,2410.942,330.088,,NAD83(2011) / UTM zone 13N + NAVD88(GEOID18) height,8,7,6,4,0
122,,468078.382,4313302.076,2419.528,,-105.3684791,38.96810817,2405.507,Global,0.011,0.012,0.011,0.017,1.734,m,FIX,RTK,2025-07-15 15:16:36.0 UTC-06:00,2025-07-15 15:16:39.0 UTC-06:00,16,1.6,2,468408.098,4313299.048,2424.969,-105.3646731,38.96809284,2410.942,330.001,,NAD83(2011) / UTM zone 13N + NAVD88(GEOID18) height,7,7,6,4,0
123,,468078.443,4313302.239,2419.629,,-105.3684784,38.96810964,2405.608,Global,0.012,0.011,0.013,0.016,1.734,m,FIX,RTK,2025-07-15 15:17:41.2 UTC-06:00,2025-07-15 15:17:44.2 UTC-06:00,16,1.5,1.8,468408.098,4313299.048,2424.969,-105.3646731,38.96809284,2410.942,329.94,,NAD83(2011) / UTM zone 13N + NAVD88(GEOID18) height,7,7,6,4,0
124,,468078.495,4313302.423,2419.687,,-105.3684778,38.96811131,2405.667,Global,0.01,0.012,0.012,0.016,1.734,m,FIX,RTK,2025-07-15 15:17:49.2 UTC-06:00,2025-07-15 15:17:52.2 UTC-06:00,16,1.5,1.8,468408.098,4313299.048,2424.969,-105.3646731,38.96809284,2410.942,329.896,,NAD83(2011) / UTM zone 13N + NAVD88(GEOID18) height,7,7,6,4,0
125,,468078.563,4313302.598,2419.735,,-105.3684771,38.96811288,2405.714,Global,0.011,0.014,0.011,0.018,1.734,m,FIX,RTK,2025-07-15 15:17:58.0 UTC-06:00,2025-07-15 15:18:01.0 UTC-06:00,16,1.5,1.8,468408.098,4313299.048,2424.969,-105.3646731,38.96809284,2410.942,329.82,,NAD83(2011) / UTM zone 13N + NAVD88(GEOID18) height,8,7,6,4,0
126,,468078.596,4313302.862,2419.808,,-105.3684767,38.96811526,2405.788,Global,0.011,0.01,0.011,0.015,1.734,m,FIX,RTK,2025-07-15 15:18:12.0 UTC-06:00,2025-07-15 15:18:15.0 UTC-06:00,16,1.5,1.8,468408.098,4313299.048,2424.969,-105.3646731,38.96809284,2410.942,329.786,,NAD83(2011) / UTM zone 13N + NAVD88(GEOID18) height,8,7,6,5,0
127,,468078.673,4313303.054,2419.91,,-105.3684758,38.968117,2405.89,Global,0.01,0.011,0.011,0.015,1.734,m,FIX,RTK,2025-07-15 15:18:40.8 UTC-06:00,2025-07-15 15:18:43.8 UTC-06:00,16,1.5,1.8,468408.098,4313299.048,2424.969,-105.3646731,38.96809284,2410.942,329.716,,NAD83(2011) / UTM zone 13N + NAVD88(GEOID18) height,7,7,6,5,0
128,,468078.701,4313303.257,2419.988,,-105.3684755,38.96811882,2405.968,Global,0.011,0.013,0.013,0.017,1.734,m,FIX,RTK,2025-07-15 15:18:50.4 UTC-06:00,2025-07-15 15:18:53.4 UTC-06:00,16,1.7,2.1,468408.098,4313299.048,2424.969,-105.3646731,38.96809284,2410.942,329.691,,NAD83(2011) / UTM zone 13N + NAVD88(GEOID18) height,8,7,6,5,0
129,,468078.795,4313303.492,2420.128,,-105.3684744,38.96812094,2406.108,Global,0.011,0.022,0.011,0.024,1.734,m,FIX,RTK,2025-07-15 15:19:01.4 UTC-06:00,2025-07-15 15:19:04.4 UTC-06:00,16,1.9,2.3,468408.098,4313299.048,2424.969,-105.3646731,38.96809284,2410.942,329.6,,NAD83(2011) / UTM zone 13N + NAVD88(GEOID18) height,8,7,6,5,0
130,,468078.968,4313303.799,2420.327,,-105.3684724,38.96812372,2406.307,Global,0.011,0.01,0.01,0.015,1.734,m,FIX,RTK,2025-07-15 15:19:17.8 UTC-06:00,2025-07-15 15:19:20.8 UTC-06:00,16,1.7,2.1,468408.098,4313299.048,2424.969,-105.3646731,38.96809284,2410.942,329.435,,NAD83(2011) / UTM zone 13N + NAVD88(GEOID18) height,8,7,6,5,0
131,,468078.972,4313303.87,2420.327,,-105.3684724,38.96812436,2406.307,Global,0.01,0.01,0.015,0.014,1.734,m,FIX,RTK,2025-07-15 15:19:26.0 UTC-06:00,2025-07-15 15:19:29.0 UTC-06:00,16,1.7,2.1,468408.098,4313299.048,2424.969,-105.3646731,38.96809284,2410.942,329.429,,NAD83(2011) / UTM zone 13N + NAVD88(GEOID18) height,7,7,6,5,0
132,,468079.004,4313303.957,2420.808,,-105.368472,38.96812514,2406.787,Global,0.011,0.01,0.013,0.015,1.734,m,FIX,RTK,2025-07-15 15:19:44.6 UTC-06:00,2025-07-15 15:19:47.6 UTC-06:00,16,1.9,2.3,468408.098,4313299.048,2424.969,-105.3646731,38.96809284,2410.942,329.393,,NAD83(2011) / UTM zone 13N + NAVD88(GEOID18) height,8,7,6,5,0
133,,468079.105,4313304.273,2420.896,,-105.3684709,38.968128,2406.875,Global,0.014,0.011,0.011,0.017,1.734,m,FIX,RTK,2025-07-15 15:20:30.0 UTC-06:00,2025-07-15 15:20:33.0 UTC-06:00,16,1.9,2.3,468408.098,4313299.048,2424.969,-105.3646731,38.96809284,2410.942,329.283,,NAD83(2011) / UTM zone 13N + NAVD88(GEOID18) height,7,7,7,5,0
134,,468079.249,4313304.715,2420.957,,-105.3684692,38.96813199,2406.937,Global,0.011,0.011,0.012,0.015,1.734,m,FIX,RTK,2025-07-15 15:20:41.0 UTC-06:00,2025-07-15 15:20:44.0 UTC-06:00,16,1.9,2.3,468408.098,4313299.048,2424.969,-105.3646731,38.96809284,2410.942,329.159,,NAD83(2011) / UTM zone 13N + NAVD88(GEOID18) height,7,7,7,5,0
135,,468079.383,4313305.174,2421.014,,-105.3684677,38.96813612,2406.993,Global,0.013,0.011,0.015,0.017,1.734,m,FIX,RTK,2025-07-15 15:20:51.4 UTC-06:00,2025-07-15 15:20:54.4 UTC-06:00,16,1.9,2.3,468408.098,4313299.048,2424.969,-105.3646731,38.96809284,2410.942,329.026,,NAD83(2011) / UTM zone 13N + NAVD88(GEOID18) height,7,7,7,5,0
136,,468079.53,4313305.667,2421.124,,-105.368466,38.96814057,2407.103,Global,0.012,0.011,0.017,0.017,1.734,m,FIX,RTK,2025-07-15 15:21:01.2 UTC-06:00,2025-07-15 15:21:04.2 UTC-06:00,16,1.9,2.3,468408.098,4313299.048,2424.969,-105.3646731,38.96809284,2410.942,328.9,,NAD83(2011) / UTM zone 13N + NAVD88(GEOID18) height,6,7,7,4,0
137,,468079.66,4313306.112,2421.273,,-105.3684646,38.96814459,2407.252,Global,0.021,0.01,0.022,0.023,1.734,m,FIX,RTK,2025-07-15 15:21:12.0 UTC-06:00,2025-07-15 15:21:15.0 UTC-06:00,16,1.8,2.1,468408.098,4313299.048,2424.969,-105.3646731,38.96809284,2410.942,328.762,,NAD83(2011) / UTM zone 13N + NAVD88(GEOID18) height,5,7,7,5,0
138,,468079.771,4313306.589,2421.295,,-105.3684633,38.96814889,2407.274,Global,0.01,0.015,0.014,0.018,1.734,m,FIX,RTK,2025-07-15 15:21:20.0 UTC-06:00,2025-07-15 15:21:23.0 UTC-06:00,16,1.8,2.2,468408.098,4313299.048,2424.969,-105.3646731,38.96809284,2410.942,328.674,,NAD83(2011) / UTM zone 13N + NAVD88(GEOID18) height,5,7,7,6,0
139,,468079.937,4313307.036,2421.37,,-105.3684614,38.96815292,2407.349,Global,0.01,0.011,0.012,0.015,1.734,m,FIX,RTK,2025-07-15 15:21:32.2 UTC-06:00,2025-07-15 15:21:35.2 UTC-06:00,16,1.8,2.2,468408.098,4313299.048,2424.969,-105.3646731,38.96809284,2410.942,328.516,,NAD83(2011) / UTM zone 13N + NAVD88(GEOID18) height,6,7,7,6,0
140,,468080.029,4313307.515,2421.44,,-105.3684604,38.96815725,2407.419,Global,0.01,0.01,0.012,0.015,1.734,m,FIX,RTK,2025-07-15 15:21:42.2 UTC-06:00,2025-07-15 15:21:45.2 UTC-06:00,16,1.9,2.2,468408.098,4313299.048,2424.969,-105.3646731,38.96809284,2410.942,328.435,,NAD83(2011) / UTM zone 13N + NAVD88(GEOID18) height,6,7,7,6,0
141,,468080.212,4313308.016,2421.565,,-105.3684583,38.96816176,2407.545,Global,0.016,0.016,0.018,0.023,1.734,m,FIX,RTK,2025-07-15 15:21:54.0 UTC-06:00,2025-07-15 15:21:57.0 UTC-06:00,16,2.1,2.5,468408.098,4313299.048,2424.969,-105.3646731,38.96809284,2410.942,328.27,,NAD83(2011) / UTM zone 13N + NAVD88(GEOID18) height,7,7,7,6,0
142,,468080.272,4313308.456,2421.679,,-105.3684576,38.96816573,2407.658,Global,0.011,0.012,0.011,0.016,1.734,m,FIX,RTK,2025-07-15 15:22:07.6 UTC-06:00,2025-07-15 15:22:10.6 UTC-06:00,16,1.8,2.2,468408.098,4313299.048,2424.969,-105.3646731,38.96809284,2410.942,328.221,,NAD83(2011) / UTM zone 13N + NAVD88(GEOID18) height,5,7,7,5,0
143,,468080.438,4313308.891,2421.756,,-105.3684557,38.96816966,2407.735,Global,0.013,0.011,0.017,0.017,1.734,m,FIX,RTK,2025-07-15 15:22:18.8 UTC-06:00,2025-07-15 15:22:21.8 UTC-06:00,14,1.6,1.9,468408.098,4313299.048,2424.969,-105.3646731,38.96809284,2410.942,328.057,,NAD83(2011) / UTM zone 13N + NAVD88(GEOID18) height,6,7,7,5,0
144,,468080.638,4313309.313,2421.713,,-105.3684534,38.96817347,2407.693,Global,0.011,0.011,0.012,0.016,1.734,m,FIX,RTK,2025-07-15 15:22:30.0 UTC-06:00,2025-07-15 15:22:33.0 UTC-06:00,16,1.8,2.2,468408.098,4313299.048,2424.969,-105.3646731,38.96809284,2410.942,327.862,,NAD83(2011) / UTM zone 13N + NAVD88(GEOID18) height,6,7,7,6,0
145,,468080.712,4313309.822,2421.938,,-105.3684526,38.96817806,2407.918,Global,0.011,0.013,0.013,0.017,1.734,m,FIX,RTK,2025-07-15 15:22:41.0 UTC-06:00,2025-07-15 15:22:44.0 UTC-06:00,16,2,2.4,468408.098,4313299.048,2424.969,-105.3646731,38.96809284,2410.942,327.822,,NAD83(2011) / UTM zone 13N + NAVD88(GEOID18) height,6,7,7,5,0
146,,468080.912,4313310.289,2422.136,,-105.3684503,38.96818227,2408.116,Global,0.011,0.011,0.013,0.015,1.734,m,FIX,RTK,2025-07-15 15:22:53.4 UTC-06:00,2025-07-15 15:22:56.4 UTC-06:00,16,2.1,2.5,468408.098,4313299.048,2424.969,-105.3646731,38.96809284,2410.942,327.634,,NAD83(2011) / UTM zone 13N + NAVD88(GEOID18) height,7,7,7,4,0
147,,468080.981,4313310.756,2422.351,,-105.3684495,38.96818648,2408.331,Global,0.011,0.015,0.013,0.019,1.734,m,FIX,RTK,2025-07-15 15:23:06.6 UTC-06:00,2025-07-15 15:23:09.6 UTC-06:00,16,1.8,2.2,468408.098,4313299.048,2424.969,-105.3646731,38.96809284,2410.942,327.581,,NAD83(2011) / UTM zone 13N + NAVD88(GEOID18) height,7,7,7,5,0
148,,468081.05,4313311.281,2422.575,,-105.3684488,38.96819122,2408.555,Global,0.011,0.012,0.025,0.016,1.734,m,FIX,RTK,2025-07-15 15:23:20.8 UTC-06:00,2025-07-15 15:23:23.8 UTC-06:00,16,2.3,2.8,468408.098,4313299.048,2424.969,-105.3646731,38.96809284,2410.942,327.532,,NAD83(2011) / UTM zone 13N + NAVD88(GEOID18) height,7,7,7,5,0
149,,468081.043,4313311.688,2422.845,,-105.3684489,38.96819488,2408.825,Global,0.012,0.014,0.018,0.018,1.734,m,FIX,RTK,2025-07-15 15:24:18.8 UTC-06:00,2025-07-15 15:24:21.8 UTC-06:00,16,2.3,2.8,468408.098,4313299.048,2424.969,-105.3646731,38.96809284,2410.942,327.545,,NAD83(2011) / UTM zone 13N + NAVD88(GEOID18) height,7,7,7,5,0
150,,468080.847,4313311.726,2422.769,,-105.3684511,38.96819522,2408.749,Global,0.012,0.017,0.021,0.02,1.734,m,FIX,RTK,2025-07-15 15:24:40.4 UTC-06:00,2025-07-15 15:24:43.4 UTC-06:00,16,2.4,2.9,468408.098,4313299.048,2424.969,-105.3646731,38.96809284,2410.942,327.739,,NAD83(2011) / UTM zone 13N + NAVD88(GEOID18) height,7,7,8,6,0
151,,468081.136,4313311.368,2422.633,,-105.3684478,38.968192,2408.612,Global,0.011,0.011,0.015,0.015,1.734,m,FIX,RTK,2025-07-15 15:24:52.0 UTC-06:00,2025-07-15 15:24:55.0 UTC-06:00,16,2.3,2.7,468408.098,4313299.048,2424.969,-105.3646731,38.96809284,2410.942,327.435,,NAD83(2011) / UTM zone 13N + NAVD88(GEOID18) height,7,7,8,5,0
152,,468081.284,4313311.637,2422.773,,-105.3684461,38.96819443,2408.752,Global,0.011,0.012,0.023,0.017,1.734,m,FIX,RTK,2025-07-15 15:25:04.0 UTC-06:00,2025-07-15 15:25:07.0 UTC-06:00,16,2.3,2.8,468408.098,4313299.048,2424.969,-105.3646731,38.96809284,2410.942,327.306,,NAD83(2011) / UTM zone 13N + NAVD88(GEOID18) height,7,7,7,5,0
153,,468081.043,4313311.853,2422.826,,-105.3684489,38.96819637,2408.805,Global,0.011,0.011,0.022,0.015,1.734,m,FIX,RTK,2025-07-15 15:25:17.4 UTC-06:00,2025-07-15 15:25:20.4 UTC-06:00,16,2.3,2.8,468408.098,4313299.048,2424.969,-105.3646731,38.96809284,2410.942,327.559,,NAD83(2011) / UTM zone 13N + NAVD88(GEOID18) height,7,7,8,5,0
154,,468081.033,4313311.676,2422.839,,-105.368449,38.96819477,2408.819,Global,0.012,0.012,0.019,0.017,1.734,m,FIX,RTK,2025-07-15 15:25:27.4 UTC-06:00,2025-07-15 15:25:30.4 UTC-06:00,16,2.4,2.9,468408.098,4313299.048,2424.969,-105.3646731,38.96809284,2410.942,327.556,,NAD83(2011) / UTM zone 13N + NAVD88(GEOID18) height,7,7,8,6,0
155,,468081.029,4313311.669,2422.84,,-105.368449,38.96819471,2408.819,Global,0.013,0.013,0.019,0.018,1.734,m,FIX,RTK,2025-07-15 15:25:51.4 UTC-06:00,2025-07-15 15:26:21.4 UTC-06:00,151,2.4,2.9,468408.098,4313299.048,2424.969,-105.3646731,38.96809284,2410.942,327.56,,NAD83(2011) / UTM zone 13N + NAVD88(GEOID18) height,7,7,8,5,0
156,,468072.204,4313279.116,2420.96,,-105.3685494,38.96790105,2406.94,Global,0.01,0.01,0.011,0.014,1.734,m,FIX,RTK,2025-07-15 15:32:36.4 UTC-06:00,2025-07-15 15:32:39.4 UTC-06:00,16,1.2,1.4,468408.098,4313299.048,2424.969,-105.3646731,38.96809284,2410.942,336.753,,NAD83(2011) / UTM zone 13N + NAVD88(GEOID18) height,5,7,6,6,0
157,,468072.087,4313278.641,2421.151,,-105.3685507,38.96789676,2407.131,Global,0.011,0.012,0.011,0.016,1.734,m,FIX,RTK,2025-07-15 15:32:51.6 UTC-06:00,2025-07-15 15:32:54.6 UTC-06:00,16,1.2,1.4,468408.098,4313299.048,2424.969,-105.3646731,38.96809284,2410.942,336.886,,NAD83(2011) / UTM zone 13N + NAVD88(GEOID18) height,6,7,6,6,0
158,,468071.93,4313278.203,2421.358,,-105.3685525,38.96789281,2407.337,Global,0.011,0.01,0.011,0.015,1.734,m,FIX,RTK,2025-07-15 15:33:07.6 UTC-06:00,2025-07-15 15:33:10.6 UTC-06:00,16,1.2,1.4,468408.098,4313299.048,2424.969,-105.3646731,38.96809284,2410.942,337.076,,NAD83(2011) / UTM zone 13N + NAVD88(GEOID18) height,6,7,7,5,0
159,,468071.793,4313277.808,2421.743,,-105.368554,38.96788924,2407.723,Global,0.01,0.011,0.01,0.015,1.734,m,FIX,RTK,2025-07-15 15:33:32.8 UTC-06:00,2025-07-15 15:33:35.8 UTC-06:00,16,1.2,1.4,468408.098,4313299.048,2424.969,-105.3646731,38.96809284,2410.942,337.237,,NAD83(2011) / UTM zone 13N + NAVD88(GEOID18) height,6,7,7,6,0
160,,468071.698,4313277.394,2421.936,,-105.3685551,38.96788551,2407.916,Global,0.01,0.011,0.01,0.015,1.734,m,FIX,RTK,2025-07-15 15:34:31.4 UTC-06:00,2025-07-15 15:34:34.4 UTC-06:00,16,1.2,1.4,468408.098,4313299.048,2424.969,-105.3646731,38.96809284,2410.942,337.363,,NAD83(2011) / UTM zone 13N + NAVD88(GEOID18) height,6,7,7,6,0
161,,468071.588,4313276.985,2422.221,,-105.3685564,38.96788182,2408.201,Global,0.01,0.011,0.011,0.015,1.734,m,FIX,RTK,2025-07-15 15:34:52.6 UTC-06:00,2025-07-15 15:34:55.6 UTC-06:00,16,1.2,1.4,468408.098,4313299.048,2424.969,-105.3646731,38.96809284,2410.942,337.496,,NAD83(2011) / UTM zone 13N + NAVD88(GEOID18) height,5,7,7,6,0
162,,468071.457,4313276.553,2422.438,,-105.3685579,38.96787793,2408.417,Global,0.011,0.012,0.01,0.016,1.734,m,FIX,RTK,2025-07-15 15:35:03.0 UTC-06:00,2025-07-15 15:35:06.0 UTC-06:00,16,1.2,1.4,468408.098,4313299.048,2424.969,-105.3646731,38.96809284,2410.942,337.651,,NAD83(2011) / UTM zone 13N + NAVD88(GEOID18) height,6,7,6,6,0
163,,468071.332,4313276.15,2422.554,,-105.3685593,38.96787429,2408.533,Global,0.011,0.01,0.01,0.015,1.734,m,FIX,RTK,2025-07-15 15:35:18.6 UTC-06:00,2025-07-15 15:35:21.6 UTC-06:00,16,1.2,1.4,468408.098,4313299.048,2424.969,-105.3646731,38.96809284,2410.942,337.795,,NAD83(2011) / UTM zone 13N + NAVD88(GEOID18) height,6,7,7,6,0
164,,468071.161,4313275.717,2422.808,,-105.3685612,38.96787038,2408.787,Global,0.01,0.01,0.01,0.015,1.734,m,FIX,RTK,2025-07-15 15:35:42.2 UTC-06:00,2025-07-15 15:35:45.2 UTC-06:00,16,1.2,1.4,468408.098,4313299.048,2424.969,-105.3646731,38.96809284,2410.942,338.006,,NAD83(2011) / UTM zone 13N + NAVD88(GEOID18) height,6,7,7,5,0
165,,468071.147,4313275.283,2423.058,,-105.3685614,38.96786647,2409.037,Global,0.012,0.01,0.01,0.016,1.734,m,FIX,RTK,2025-07-15 15:35:56.0 UTC-06:00,2025-07-15 15:35:59.0 UTC-06:00,16,1.2,1.4,468408.098,4313299.048,2424.969,-105.3646731,38.96809284,2410.942,338.047,,NAD83(2011) / UTM zone 13N + NAVD88(GEOID18) height,5,7,7,6,0
166,,468071.06,4313274.849,2423.321,,-105.3685624,38.96786256,2409.3,Global,0.011,0.013,0.01,0.017,1.734,m,FIX,RTK,2025-07-15 15:36:15.6 UTC-06:00,2025-07-15 15:36:18.6 UTC-06:00,16,1.2,1.4,468408.098,4313299.048,2424.969,-105.3646731,38.96809284,2410.942,338.161,,NAD83(2011) / UTM zone 13N + NAVD88(GEOID18) height,5,7,6,5,0
167,,468070.925,4313274.452,2423.413,,-105.3685639,38.96785897,2409.393,Global,0.011,0.011,0.011,0.016,1.734,m,FIX,RTK,2025-07-15 15:36:28.4 UTC-06:00,2025-07-15 15:36:31.4 UTC-06:00,16,1.2,1.4,468408.098,4313299.048,2424.969,-105.3646731,38.96809284,2410.942,338.327,,NAD83(2011) / UTM zone 13N + NAVD88(GEOID18) height,6,7,6,6,0
168,,468070.786,4313274.041,2423.502,,-105.3685655,38.96785527,2409.482,Global,0.01,0.01,0.01,0.015,1.734,m,FIX,RTK,2025-07-15 15:36:41.2 UTC-06:00,2025-07-15 15:36:44.2 UTC-06:00,16,1.2,1.4,468408.098,4313299.048,2424.969,-105.3646731,38.96809284,2410.942,338.497,,NAD83(2011) / UTM zone 13N + NAVD88(GEOID18) height,6,7,6,6,0
169,,468070.704,4313273.586,2423.638,,-105.3685664,38.96785116,2409.617,Global,0.013,0.012,0.01,0.017,1.734,m,FIX,RTK,2025-07-15 15:37:01.4 UTC-06:00,2025-07-15 15:37:04.4 UTC-06:00,16,1.2,1.4,468408.098,4313299.048,2424.969,-105.3646731,38.96809284,2410.942,338.61,,NAD83(2011) / UTM zone 13N + NAVD88(GEOID18) height,6,7,7,6,0
170,,468070.535,4313273.195,2423.819,,-105.3685683,38.96784763,2409.798,Global,0.011,0.01,0.01,0.015,1.734,m,FIX,RTK,2025-07-15 15:38:15.2 UTC-06:00,2025-07-15 15:38:18.2 UTC-06:00,16,1.2,1.4,468408.098,4313299.048,2424.969,-105.3646731,38.96809284,2410.942,338.811,,NAD83(2011) / UTM zone 13N + NAVD88(GEOID18) height,5,7,6,6,0
171,,468070.437,4313272.868,2423.882,,-105.3685695,38.96784469,2409.862,Global,0.011,0.011,0.012,0.016,1.734,m,FIX,RTK,2025-07-15 15:38:35.8 UTC-06:00,2025-07-15 15:38:38.8 UTC-06:00,16,1.2,1.3,468408.098,4313299.048,2424.969,-105.3646731,38.96809284,2410.942,338.94,,NAD83(2011) / UTM zone 13N + NAVD88(GEOID18) height,5,7,5,6,0
172,,468070.401,4313272.34,2424.529,,-105.3685699,38.96783992,2410.509,Global,0.011,0.011,0.011,0.015,1.734,m,FIX,RTK,2025-07-15 15:39:06.8 UTC-06:00,2025-07-15 15:39:09.8 UTC-06:00,16,1.2,1.4,468408.098,4313299.048,2424.969,-105.3646731,38.96809284,2410.942,339.016,,NAD83(2011) / UTM zone 13N + NAVD88(GEOID18) height,6,7,5,6,0
173,,468070.308,4313271.947,2425.162,,-105.3685709,38.96783638,2411.142,Global,0.011,0.012,0.011,0.016,1.734,m,FIX,RTK,2025-07-15 15:39:28.8 UTC-06:00,2025-07-15 15:39:31.8 UTC-06:00,16,1.2,1.3,468408.098,4313299.048,2424.969,-105.3646731,38.96809284,2410.942,339.136,,NAD83(2011) / UTM zone 13N + NAVD88(GEOID18) height,6,7,6,6,0
174,,468070.266,4313271.477,2425.248,,-105.3685714,38.96783214,2411.227,Global,0.011,0.011,0.01,0.016,1.734,m,FIX,RTK,2025-07-15 15:39:47.2 UTC-06:00,2025-07-15 15:39:50.2 UTC-06:00,16,1.3,1.4,468408.098,4313299.048,2424.969,-105.3646731,38.96809284,2410.942,339.218,,NAD83(2011) / UTM zone 13N + NAVD88(GEOID18) height,6,7,6,7,0
175,,468070.145,4313270.999,2425.308,,-105.3685728,38.96782783,2411.287,Global,0.011,0.012,0.01,0.016,1.734,m,FIX,RTK,2025-07-15 15:40:01.4 UTC-06:00,2025-07-15 15:40:04.4 UTC-06:00,16,1.3,1.4,468408.098,4313299.048,2424.969,-105.3646731,38.96809284,2410.942,339.391,,NAD83(2011) / UTM zone 13N + NAVD88(GEOID18) height,6,7,6,7,0
176,,468070.053,4313270.512,2425.576,,-105.3685738,38.96782344,2411.556,Global,0.01,0.011,0.01,0.015,1.734,m,FIX,RTK,2025-07-15 15:40:21.0 UTC-06:00,2025-07-15 15:40:24.0 UTC-06:00,16,1.2,1.3,468408.098,4313299.048,2424.969,-105.3646731,38.96809284,2410.942,339.513,,NAD83(2011) / UTM zone 13N + NAVD88(GEOID18) height,6,7,6,7,0
177,,468069.894,4313270.152,2425.745,,-105.3685756,38.96782019,2411.725,Global,0.01,0.01,0.01,0.015,1.734,m,FIX,RTK,2025-07-15 15:40:43.2 UTC-06:00,2025-07-15 15:40:46.2 UTC-06:00,16,1.3,1.5,468408.098,4313299.048,2424.969,-105.3646731,38.96809284,2410.942,339.711,,NAD83(2011) / UTM zone 13N + NAVD88(GEOID18) height,6,7,6,7,0
178,,468069.92,4313269.695,2426.082,,-105.3685753,38.96781607,2412.061,Global,0.01,0.011,0.011,0.015,1.734,m,FIX,RTK,2025-07-15 15:41:05.0 UTC-06:00,2025-07-15 15:41:08.0 UTC-06:00,16,1.3,1.5,468408.098,4313299.048,2424.969,-105.3646731,38.96809284,2410.942,339.727,,NAD83(2011) / UTM zone 13N + NAVD88(GEOID18) height,5,7,6,7,0
179,,468069.822,4313269.314,2426.353,,-105.3685764,38.96781263,2412.333,Global,0.01,0.01,0.012,0.014,1.734,m,FIX,RTK,2025-07-15 15:41:30.2 UTC-06:00,2025-07-15 15:41:33.2 UTC-06:00,16,1.3,1.5,468408.098,4313299.048,2424.969,-105.3646731,38.96809284,2410.942,339.858,,NAD83(2011) / UTM zone 13N + NAVD88(GEOID18) height,5,7,6,7,0
180,,468069.712,4313268.909,2426.637,,-105.3685777,38.96780898,2412.616,Global,0.01,0.01,0.01,0.015,1.734,m,FIX,RTK,2025-07-15 15:41:50.0 UTC-06:00,2025-07-15 15:41:53.0 UTC-06:00,16,1.3,1.5,468408.098,4313299.048,2424.969,-105.3646731,38.96809284,2410.942,340.001,,NAD83(2011) / UTM zone 13N + NAVD88(GEOID18) height,6,7,6,7,0
181,,468069.687,4313268.532,2426.871,,-105.3685779,38.96780558,2412.85,Global,0.01,0.011,0.01,0.015,1.734,m,FIX,RTK,2025-07-15 15:42:07.0 UTC-06:00,2025-07-15 15:42:10.0 UTC-06:00,16,1.3,1.5,468408.098,4313299.048,2424.969,-105.3646731,38.96809284,2410.942,340.061,,NAD83(2011) / UTM zone 13N + NAVD88(GEOID18) height,5,7,6,7,0
182,,468069.693,4313268.152,2427.161,,-105.3685778,38.96780216,2413.14,Global,0.01,0.011,0.01,0.016,1.734,m,FIX,RTK,2025-07-15 15:42:28.8 UTC-06:00,2025-07-15 15:42:31.8 UTC-06:00,16,1.2,1.4,468408.098,4313299.048,2424.969,-105.3646731,38.96809284,2410.942,340.091,,NAD83(2011) / UTM zone 13N + NAVD88(GEOID18) height,6,7,5,7,0
183,,468069.635,4313267.767,2427.456,,-105.3685785,38.96779869,2413.436,Global,0.011,0.01,0.01,0.015,1.734,m,FIX,RTK,2025-07-15 15:42:40.0 UTC-06:00,2025-07-15 15:42:43.0 UTC-06:00,16,1.2,1.4,468408.098,4313299.048,2424.969,-105.3646731,38.96809284,2410.942,340.193,,NAD83(2011) / UTM zone 13N + NAVD88(GEOID18) height,6,7,5,8,0
184,,468069.65,4313267.64,2427.601,,-105.3685783,38.96779755,2413.58,Global,0.01,0.011,0.01,0.015,1.734,m,FIX,RTK,2025-07-15 15:43:11.6 UTC-06:00,2025-07-15 15:43:14.6 UTC-06:00,16,1.2,1.4,468408.098,4313299.048,2424.969,-105.3646731,38.96809284,2410.942,340.183,,NAD83(2011) / UTM zone 13N + NAVD88(GEOID18) height,5,7,6,7,0
185,,468069.656,4313267.64,2427.6,,-105.3685782,38.96779755,2413.58,Global,0.012,0.011,0.012,0.016,1.734,m,FIX,RTK,2025-07-15 15:43:31.2 UTC-06:00,2025-07-15 15:44:01.2 UTC-06:00,151,1.2,1.4,468408.098,4313299.048,2424.969,-105.3646731,38.96809284,2410.942,340.185,,NAD83(2011) / UTM zone 13N + NAVD88(GEOID18) height,5,7,5,7,0
186,,468069.517,4313267.713,2427.522,,-105.3685798,38.9677982,2413.501,Global,0.011,0.011,0.01,0.016,1.734,m,FIX,RTK,2025-07-15 15:44:24.0 UTC-06:00,2025-07-15 15:44:27.0 UTC-06:00,16,1.2,1.4,468408.098,4313299.048,2424.969,-105.3646731,38.96809284,2410.942,340.312,,NAD83(2011) / UTM zone 13N + NAVD88(GEOID18) height,6,7,5,7,0
187,,468069.68,4313267.759,2427.469,,-105.368578,38.96779861,2413.448,Global,0.01,0.011,0.011,0.015,1.734,m,FIX,RTK,2025-07-15 15:44:35.6 UTC-06:00,2025-07-15 15:44:38.6 UTC-06:00,16,1.2,1.4,468408.098,4313299.048,2424.969,-105.3646731,38.96809284,2410.942,340.15,,NAD83(2011) / UTM zone 13N + NAVD88(GEOID18) height,6,7,5,8,0
188,,468069.799,4313267.576,2427.556,,-105.3685766,38.96779697,2413.535,Global,0.01,0.01,0.012,0.015,1.734,m,FIX,RTK,2025-07-15 15:44:47.8 UTC-06:00,2025-07-15 15:44:50.8 UTC-06:00,16,1.2,1.4,468408.098,4313299.048,2424.969,-105.3646731,38.96809284,2410.942,340.047,,NAD83(2011) / UTM zone 13N + NAVD88(GEOID18) height,5,7,6,8,0
189,,468069.625,4313267.503,2427.661,,-105.3685786,38.9677963,2413.641,Global,0.01,0.01,0.011,0.015,1.734,m,FIX,RTK,2025-07-15 15:45:05.6 UTC-06:00,2025-07-15 15:45:08.6 UTC-06:00,16,1.2,1.4,468408.098,4313299.048,2424.969,-105.3646731,38.96809284,2410.942,340.229,,NAD83(2011) / UTM zone 13N + NAVD88(GEOID18) height,6,7,6,8,0
190,,468069.658,4313267.649,2427.599,,-105.3685782,38.96779762,2413.579,Global,0.01,0.01,0.01,0.015,1.734,m,FIX,RTK,2025-07-15 15:45:23.4 UTC-06:00,2025-07-15 15:45:26.4 UTC-06:00,16,1.2,1.4,468408.098,4313299.048,2424.969,-105.3646731,38.96809284,2410.942,340.183,,NAD83(2011) / UTM zone 13N + NAVD88(GEOID18) height,6,6,6,8,0
1,,468131.512,4313276.301,2419.904,,-105.3678646,38.96787784,2405.882,Global,0.01,0.012,0.011,0.016,1.934,m,FIX,RTK,2025-07-15 16:14:49.2 UTC-06:00,2025-07-15 16:14:52.2 UTC-06:00,16,1.3,1.5,468408.098,4313299.048,2424.969,-105.3646731,38.96809284,2410.942,277.75,,NAD83(2011) / UTM zone 13N + NAVD88(GEOID18) height,6,7,6,6,0
2,,468131.521,4313276.295,2419.899,,-105.3678645,38.96787779,2405.877,Global,0.01,0.011,0.013,0.015,1.934,m,FIX,RTK,2025-07-15 16:15:30.6 UTC-06:00,2025-07-15 16:16:00.6 UTC-06:00,151,1.3,1.5,468408.098,4313299.048,2424.969,-105.3646731,38.96809284,2410.942,277.74,,NAD83(2011) / UTM zone 13N + NAVD88(GEOID18) height,5,7,6,6,0
3,,468131.372,4313276.308,2419.839,,-105.3678663,38.9678779,2405.817,Global,0.011,0.011,0.011,0.015,1.934,m,FIX,RTK,2025-07-15 16:16:15.8 UTC-06:00,2025-07-15 16:16:18.8 UTC-06:00,16,1.3,1.5,468408.098,4313299.048,2424.969,-105.3646731,38.96809284,2410.942,277.897,,NAD83(2011) / UTM zone 13N + NAVD88(GEOID18) height,5,7,6,6,0
4,,468131.54,4313276.418,2419.775,,-105.3678643,38.9678789,2405.753,Global,0.01,0.012,0.013,0.016,1.934,m,FIX,RTK,2025-07-15 16:16:23.8 UTC-06:00,2025-07-15 16:16:26.8 UTC-06:00,16,1.3,1.5,468408.098,4313299.048,2424.969,-105.3646731,38.96809284,2410.942,277.714,,NAD83(2011) / UTM zone 13N + NAVD88(GEOID18) height,6,7,6,6,0
5,,468131.741,4313276.279,2419.841,,-105.367862,38.96787765,2405.819,Global,0.023,0.024,0.011,0.033,1.934,m,FIX,RTK,2025-07-15 16:16:32.2 UTC-06:00,2025-07-15 16:16:35.2 UTC-06:00,16,1.3,1.5,468408.098,4313299.048,2424.969,-105.3646731,38.96809284,2410.942,277.516,,NAD83(2011) / UTM zone 13N + NAVD88(GEOID18) height,6,7,6,6,0
6,,468131.489,4313276.087,2419.887,,-105.3678649,38.96787591,2405.865,Global,0.01,0.01,0.023,0.015,1.934,m,FIX,RTK,2025-07-15 16:16:40.8 UTC-06:00,2025-07-15 16:16:43.8 UTC-06:00,16,1.3,1.5,468408.098,4313299.048,2424.969,-105.3646731,38.96809284,2410.942,277.785,,NAD83(2011) / UTM zone 13N + NAVD88(GEOID18) height,5,7,6,6,0
7,,468131.529,4313276.298,2419.891,,-105.3678644,38.96787782,2405.869,Global,0.012,0.01,0.011,0.016,1.934,m,FIX,RTK,2025-07-15 16:16:51.8 UTC-06:00,2025-07-15 16:16:54.8 UTC-06:00,16,1.3,1.5,468408.098,4313299.048,2424.969,-105.3646731,38.96809284,2410.942,277.743,,NAD83(2011) / UTM zone 13N + NAVD88(GEOID18) height,5,7,6,6,0
8,,468131.595,4313276.509,2419.764,,-105.3678637,38.96787972,2405.742,Global,0.01,0.017,0.012,0.02,1.934,m,FIX,RTK,2025-07-15 16:17:14.2 UTC-06:00,2025-07-15 16:17:17.2 UTC-06:00,16,1.3,1.5,468408.098,4313299.048,2424.969,-105.3646731,38.96809284,2410.942,277.655,,NAD83(2011) / UTM zone 13N + NAVD88(GEOID18) height,5,7,6,6,0
9,,468131.627,4313276.705,2419.733,,-105.3678633,38.96788149,2405.711,Global,0.01,0.011,0.011,0.015,1.934,m,FIX,RTK,2025-07-15 16:17:23.4 UTC-06:00,2025-07-15 16:17:26.4 UTC-06:00,16,1.3,1.5,468408.098,4313299.048,2424.969,-105.3646731,38.96809284,2410.942,277.603,,NAD83(2011) / UTM zone 13N + NAVD88(GEOID18) height,5,7,6,6,0
10,,468131.659,4313276.914,2419.683,,-105.367863,38.96788337,2405.661,Global,0.011,0.011,0.015,0.015,1.934,m,FIX,RTK,2025-07-15 16:17:33.4 UTC-06:00,2025-07-15 16:17:36.4 UTC-06:00,16,1.3,1.5,468408.098,4313299.048,2424.969,-105.3646731,38.96809284,2410.942,277.553,,NAD83(2011) / UTM zone 13N + NAVD88(GEOID18) height,6,7,6,6,0
11,,468131.705,4313277.093,2419.594,,-105.3678624,38.96788499,2405.572,Global,0.011,0.012,0.012,0.016,1.934,m,FIX,RTK,2025-07-15 16:17:44.6 UTC-06:00,2025-07-15 16:17:47.6 UTC-06:00,16,1.3,1.5,468408.098,4313299.048,2424.969,-105.3646731,38.96809284,2410.942,277.501,,NAD83(2011) / UTM zone 13N + NAVD88(GEOID18) height,5,7,6,6,0
12,,468131.695,4313277.249,2419.546,,-105.3678626,38.96788639,2405.524,Global,0.011,0.01,0.011,0.015,1.934,m,FIX,RTK,2025-07-15 16:17:57.8 UTC-06:00,2025-07-15 16:18:00.8 UTC-06:00,16,1.3,1.5,468408.098,4313299.048,2424.969,-105.3646731,38.96809284,2410.942,277.495,,NAD83(2011) / UTM zone 13N + NAVD88(GEOID18) height,5,7,6,6,0
13,,468131.705,4313277.488,2419.514,,-105.3678625,38.96788854,2405.492,Global,0.011,0.011,0.017,0.016,1.934,m,FIX,RTK,2025-07-15 16:18:10.6 UTC-06:00,2025-07-15 16:18:13.6 UTC-06:00,16,1.3,1.5,468408.098,4313299.048,2424.969,-105.3646731,38.96809284,2410.942,277.473,,NAD83(2011) / UTM zone 13N + NAVD88(GEOID18) height,5,7,6,6,0
14,,468131.715,4313277.647,2419.419,,-105.3678624,38.96788998,2405.397,Global,0.011,0.011,0.012,0.016,1.934,m,FIX,RTK,2025-07-15 16:18:19.8 UTC-06:00,2025-07-15 16:18:22.8 UTC-06:00,16,1.3,1.5,468408.098,4313299.048,2424.969,-105.3646731,38.96809284,2410.942,277.447,,NAD83(2011) / UTM zone 13N + NAVD88(GEOID18) height,5,7,6,6,0
15,,468131.683,4313277.862,2419.28,,-105.3678627,38.96789191,2405.258,Global,0.011,0.014,0.016,0.018,1.934,m,FIX,RTK,2025-07-15 16:18:31.6 UTC-06:00,2025-07-15 16:18:34.6 UTC-06:00,16,1.3,1.5,468408.098,4313299.048,2424.969,-105.3646731,38.96809284,2410.942,277.46,,NAD83(2011) / UTM zone 13N + NAVD88(GEOID18) height,6,7,6,6,0
16,,468131.641,4313278.006,2419.201,,-105.3678632,38.96789321,2405.179,Global,0.014,0.011,0.016,0.018,1.934,m,FIX,RTK,2025-07-15 16:18:41.6 UTC-06:00,2025-07-15 16:18:44.6 UTC-06:00,16,1.4,1.6,468408.098,4313299.048,2424.969,-105.3646731,38.96809284,2410.942,277.502,,NAD83(2011) / UTM zone 13N + NAVD88(GEOID18) height,4,7,6,6,0
17,,468131.647,4313278.279,2419.086,,-105.3678632,38.96789567,2405.064,Global,0.01,0.013,0.012,0.016,1.934,m,FIX,RTK,2025-07-15 16:18:53.8 UTC-06:00,2025-07-15 16:18:56.8 UTC-06:00,16,1.4,1.6,468408.098,4313299.048,2424.969,-105.3646731,38.96809284,2410.942,277.475,,NAD83(2011) / UTM zone 13N + NAVD88(GEOID18) height,4,7,6,6,0
18,,468131.677,4313278.468,2418.983,,-105.3678628,38.96789738,2404.961,Global,0.012,0.017,0.016,0.021,1.934,m,FIX,RTK,2025-07-15 16:19:03.8 UTC-06:00,2025-07-15 16:19:06.8 UTC-06:00,16,1.3,1.5,468408.098,4313299.048,2424.969,-105.3646731,38.96809284,2410.942,277.433,,NAD83(2011) / UTM zone 13N + NAVD88(GEOID18) height,4,7,6,6,0
19,,468131.658,4313278.544,2418.745,,-105.3678631,38.96789806,2404.723,Global,0.011,0.011,0.014,0.016,1.934,m,FIX,RTK,2025-07-15 16:19:22.2 UTC-06:00,2025-07-15 16:19:25.2 UTC-06:00,16,1.4,1.6,468408.098,4313299.048,2424.969,-105.3646731,38.96809284,2410.942,277.445,,NAD83(2011) / UTM zone 13N + NAVD88(GEOID18) height,5,7,6,6,0
20,,468131.706,4313278.537,2418.644,,-105.3678625,38.967898,2404.622,Global,0.011,0.013,0.013,0.017,1.934,m,FIX,RTK,2025-07-15 16:19:32.6 UTC-06:00,2025-07-15 16:19:35.6 UTC-06:00,16,1.4,1.6,468408.098,4313299.048,2424.969,-105.3646731,38.96809284,2410.942,277.39,,NAD83(2011) / UTM zone 13N + NAVD88(GEOID18) height,5,7,6,6,0
21,,468131.727,4313278.66,2418.558,,-105.3678623,38.96789911,2404.536,Global,0.012,0.012,0.015,0.017,1.934,m,FIX,RTK,2025-07-15 16:19:58.2 UTC-06:00,2025-07-15 16:20:01.2 UTC-06:00,16,1.4,1.6,468408.098,4313299.048,2424.969,-105.3646731,38.96809284,2410.942,277.377,,NAD83(2011) / UTM zone 13N + NAVD88(GEOID18) height,4,7,6,6,0
22,,468131.746,4313278.793,2418.527,,-105.3678621,38.9679003,2404.505,Global,0.011,0.011,0.018,0.016,1.934,m,FIX,RTK,2025-07-15 16:20:05.8 UTC-06:00,2025-07-15 16:20:08.8 UTC-06:00,16,1.4,1.6,468408.098,4313299.048,2424.969,-105.3646731,38.96809284,2410.942,277.341,,NAD83(2011) / UTM zone 13N + NAVD88(GEOID18) height,6,7,6,6,0
23,,468131.771,4313279.021,2418.469,,-105.3678618,38.96790236,2404.447,Global,0.012,0.012,0.018,0.017,1.934,m,FIX,RTK,2025-07-15 16:20:13.4 UTC-06:00,2025-07-15 16:20:16.4 UTC-06:00,16,1.4,1.6,468408.098,4313299.048,2424.969,-105.3646731,38.96809284,2410.942,277.308,,NAD83(2011) / UTM zone 13N + NAVD88(GEOID18) height,5,7,6,6,0
24,,468131.759,4313279.205,2418.182,,-105.3678619,38.96790402,2404.161,Global,0.01,0.01,0.018,0.015,1.934,m,FIX,RTK,2025-07-15 16:20:33.8 UTC-06:00,2025-07-15 16:20:36.8 UTC-06:00,16,1.5,1.8,468408.098,4313299.048,2424.969,-105.3646731,38.96809284,2410.942,277.307,,NAD83(2011) / UTM zone 13N + NAVD88(GEOID18) height,4,7,6,6,0
25,,468131.833,4313279.419,2418.093,,-105.3678611,38.96790595,2404.071,Global,0.013,0.015,0.015,0.019,1.934,m,FIX,RTK,2025-07-15 16:20:42.4 UTC-06:00,2025-07-15 16:20:45.4 UTC-06:00,16,1.5,1.8,468408.098,4313299.048,2424.969,-105.3646731,38.96809284,2410.942,277.215,,NAD83(2011) / UTM zone 13N + NAVD88(GEOID18) height,4,7,6,6,0
26,,468131.883,4313279.628,2418.058,,-105.3678605,38.96790784,2404.036,Global,0.014,0.014,0.013,0.02,1.934,m,FIX,RTK,2025-07-15 16:20:51.0 UTC-06:00,2025-07-15 16:20:54.0 UTC-06:00,16,1.5,1.8,468408.098,4313299.048,2424.969,-105.3646731,38.96809284,2410.942,277.152,,NAD83(2011) / UTM zone 13N + NAVD88(GEOID18) height,4,7,6,6,0
27,,468131.969,4313279.796,2417.95,,-105.3678595,38.96790935,2403.928,Global,0.01,0.011,0.017,0.015,1.934,m,FIX,RTK,2025-07-15 16:21:03.8 UTC-06:00,2025-07-15 16:21:06.8 UTC-06:00,16,1.6,1.9,468408.098,4313299.048,2424.969,-105.3646731,38.96809284,2410.942,277.06,,NAD83(2011) / UTM zone 13N + NAVD88(GEOID18) height,4,7,6,6,0
28,,468131.916,4313280.015,2417.889,,-105.3678601,38.96791133,2403.867,Global,0.011,0.01,0.017,0.015,1.934,m,FIX,RTK,2025-07-15 16:21:20.6 UTC-06:00,2025-07-15 16:21:23.6 UTC-06:00,16,1.6,1.9,468408.098,4313299.048,2424.969,-105.3646731,38.96809284,2410.942,277.097,,NAD83(2011) / UTM zone 13N + NAVD88(GEOID18) height,4,7,6,6,0
29,,468131.919,4313280.249,2417.904,,-105.3678601,38.96791344,2403.882,Global,0.013,0.011,0.017,0.017,1.934,m,FIX,RTK,2025-07-15 16:21:29.8 UTC-06:00,2025-07-15 16:21:32.8 UTC-06:00,16,1.6,1.9,468408.098,4313299.048,2424.969,-105.3646731,38.96809284,2410.942,277.072,,NAD83(2011) / UTM zone 13N + NAVD88(GEOID18) height,4,7,6,7,0
30,,468131.953,4313280.494,2417.959,,-105.3678597,38.96791564,2403.937,Global,0.012,0.012,0.015,0.017,1.934,m,FIX,RTK,2025-07-15 16:21:43.2 UTC-06:00,2025-07-15 16:21:46.2 UTC-06:00,16,1.6,1.9,468408.098,4313299.048,2424.969,-105.3646731,38.96809284,2410.942,277.034,,NAD83(2011) / UTM zone 13N + NAVD88(GEOID18) height,4,7,6,6,0
31,,468131.997,4313280.663,2417.966,,-105.3678592,38.96791717,2403.944,Global,0.011,0.012,0.013,0.016,1.934,m,FIX,RTK,2025-07-15 16:21:57.4 UTC-06:00,2025-07-15 16:22:00.4 UTC-06:00,16,1.6,1.9,468408.098,4313299.048,2424.969,-105.3646731,38.96809284,2410.942,276.978,,NAD83(2011) / UTM zone 13N + NAVD88(GEOID18) height,4,7,6,6,0
32,,468131.942,4313280.961,2417.973,,-105.3678599,38.96791985,2403.951,Global,0.011,0.01,0.012,0.015,1.934,m,FIX,RTK,2025-07-15 16:22:11.8 UTC-06:00,2025-07-15 16:22:14.8 UTC-06:00,16,1.6,1.9,468408.098,4313299.048,2424.969,-105.3646731,38.96809284,2410.942,276.995,,NAD83(2011) / UTM zone 13N + NAVD88(GEOID18) height,4,7,6,6,0
33,,468131.941,4313281.104,2418.067,,-105.3678599,38.96792114,2404.045,Global,0.015,0.014,0.013,0.02,1.934,m,FIX,RTK,2025-07-15 16:22:18.8 UTC-06:00,2025-07-15 16:22:21.8 UTC-06:00,15,1.6,1.9,468408.098,4313299.048,2424.969,-105.3646731,38.96809284,2410.942,277.009,,NAD83(2011) / UTM zone 13N + NAVD88(GEOID18) height,4,7,6,6,0
34,,468131.952,4313281.31,2418.147,,-105.3678598,38.96792299,2404.126,Global,0.013,0.013,0.016,0.018,1.934,m,FIX,RTK,2025-07-15 16:22:35.8 UTC-06:00,2025-07-15 16:22:38.8 UTC-06:00,16,1.6,1.9,468408.098,4313299.048,2424.969,-105.3646731,38.96809284,2410.942,276.969,,NAD83(2011) / UTM zone 13N + NAVD88(GEOID18) height,4,7,6,6,0
35,,468131.99,4313281.471,2418.171,,-105.3678594,38.96792445,2404.149,Global,0.019,0.012,0.013,0.023,1.934,m,FIX,RTK,2025-07-15 16:22:44.2 UTC-06:00,2025-07-15 16:22:47.2 UTC-06:00,16,1.6,1.9,468408.098,4313299.048,2424.969,-105.3646731,38.96809284,2410.942,276.938,,NAD83(2011) / UTM zone 13N + NAVD88(GEOID18) height,4,7,6,6,0
36,,468132.052,4313281.671,2418.172,,-105.3678587,38.96792625,2404.15,Global,0.011,0.015,0.011,0.019,1.934,m,FIX,RTK,2025-07-15 16:22:51.6 UTC-06:00,2025-07-15 16:22:54.6 UTC-06:00,16,1.6,1.9,468408.098,4313299.048,2424.969,-105.3646731,38.96809284,2410.942,276.846,,NAD83(2011) / UTM zone 13N + NAVD88(GEOID18) height,4,8,6,6,0
37,,468132.027,4313281.866,2418.259,,-105.367859,38.96792801,2404.237,Global,0.015,0.013,0.013,0.02,1.934,m,FIX,RTK,2025-07-15 16:23:00.4 UTC-06:00,2025-07-15 16:23:03.4 UTC-06:00,16,1.6,1.9,468408.098,4313299.048,2424.969,-105.3646731,38.96809284,2410.942,276.871,,NAD83(2011) / UTM zone 13N + NAVD88(GEOID18) height,5,7,6,6,0
38,,468132.096,4313282.021,2418.258,,-105.3678582,38.96792941,2404.236,Global,0.012,0.015,0.013,0.019,1.934,m,FIX,RTK,2025-07-15 16:23:13.0 UTC-06:00,2025-07-15 16:23:16.0 UTC-06:00,16,1.6,1.9,468408.098,4313299.048,2424.969,-105.3646731,38.96809284,2410.942,276.789,,NAD83(2011) / UTM zone 13N + NAVD88(GEOID18) height,6,7,6,6,0
39,,468132.08,4313282.199,2418.266,,-105.3678584,38.96793101,2404.244,Global,0.012,0.013,0.021,0.018,1.934,m,FIX,RTK,2025-07-15 16:23:24.0 UTC-06:00,2025-07-15 16:23:27.0 UTC-06:00,16,1.6,1.9,468408.098,4313299.048,2424.969,-105.3646731,38.96809284,2410.942,276.773,,NAD83(2011) / UTM zone 13N + NAVD88(GEOID18) height,7,7,6,6,0
40,,468132.143,4313282.433,2418.23,,-105.3678576,38.96793312,2404.208,Global,0.012,0.012,0.014,0.017,1.934,m,FIX,RTK,2025-07-15 16:23:33.0 UTC-06:00,2025-07-15 16:23:36.0 UTC-06:00,16,1.6,1.9,468408.098,4313299.048,2424.969,-105.3646731,38.96809284,2410.942,276.701,,NAD83(2011) / UTM zone 13N + NAVD88(GEOID18) height,6,8,6,6,0
41,,468132.141,4313282.686,2418.215,,-105.3678577,38.9679354,2404.193,Global,0.017,0.012,0.015,0.021,1.934,m,FIX,RTK,2025-07-15 16:23:42.0 UTC-06:00,2025-07-15 16:23:45.0 UTC-06:00,16,1.6,1.9,468408.098,4313299.048,2424.969,-105.3646731,38.96809284,2410.942,276.682,,NAD83(2011) / UTM zone 13N + NAVD88(GEOID18) height,5,8,6,7,0
42,,468132.154,4313282.846,2418.24,,-105.3678575,38.96793684,2404.218,Global,0.011,0.012,0.013,0.016,1.934,m,FIX,RTK,2025-07-15 16:23:50.6 UTC-06:00,2025-07-15 16:23:53.6 UTC-06:00,16,1.6,1.9,468408.098,4313299.048,2424.969,-105.3646731,38.96809284,2410.942,276.677,,NAD83(2011) / UTM zone 13N + NAVD88(GEOID18) height,6,8,6,6,0
43,,468132.208,4313283.069,2418.272,,-105.3678569,38.96793885,2404.25,Global,0.011,0.011,0.015,0.015,1.934,m,FIX,RTK,2025-07-15 16:24:22.6 UTC-06:00,2025-07-15 16:24:25.6 UTC-06:00,16,1.6,1.9,468408.098,4313299.048,2424.969,-105.3646731,38.96809284,2410.942,276.598,,NAD83(2011) / UTM zone 13N + NAVD88(GEOID18) height,5,8,6,6,0
44,,468132.217,4313283.239,2418.275,,-105.3678568,38.96794039,2404.253,Global,0.012,0.011,0.014,0.016,1.934,m,FIX,RTK,2025-07-15 16:24:30.4 UTC-06:00,2025-07-15 16:24:33.4 UTC-06:00,16,1.6,1.9,468408.098,4313299.048,2424.969,-105.3646731,38.96809284,2410.942,276.591,,NAD83(2011) / UTM zone 13N + NAVD88(GEOID18) height,4,8,6,6,0
45,,468132.241,4313283.508,2418.4,,-105.3678566,38.96794281,2404.378,Global,0.012,0.01,0.012,0.016,1.934,m,FIX,RTK,2025-07-15 16:24:38.8 UTC-06:00,2025-07-15 16:24:41.8 UTC-06:00,16,1.4,1.6,468408.098,4313299.048,2424.969,-105.3646731,38.96809284,2410.942,276.533,,NAD83(2011) / UTM zone 13N + NAVD88(GEOID18) height,4,8,6,6,0
46,,468132.227,4313283.637,2418.421,,-105.3678567,38.96794397,2404.399,Global,0.012,0.019,0.011,0.022,1.934,m,FIX,RTK,2025-07-15 16:24:49.2 UTC-06:00,2025-07-15 16:24:52.2 UTC-06:00,16,1.4,1.6,468408.098,4313299.048,2424.969,-105.3646731,38.96809284,2410.942,276.552,,NAD83(2011) / UTM zone 13N + NAVD88(GEOID18) height,5,8,6,6,0
47,,468132.261,4313283.865,2418.474,,-105.3678563,38.96794603,2404.452,Global,0.012,0.015,0.012,0.019,1.934,m,FIX,RTK,2025-07-15 16:24:57.4 UTC-06:00,2025-07-15 16:25:00.4 UTC-06:00,16,1.4,1.6,468408.098,4313299.048,2424.969,-105.3646731,38.96809284,2410.942,276.51,,NAD83(2011) / UTM zone 13N + NAVD88(GEOID18) height,5,8,6,6,0
48,,468132.332,4313284.212,2418.482,,-105.3678555,38.96794916,2404.46,Global,0.011,0.012,0.012,0.016,1.934,m,FIX,RTK,2025-07-15 16:25:07.6 UTC-06:00,2025-07-15 16:25:10.6 UTC-06:00,16,1.6,1.9,468408.098,4313299.048,2424.969,-105.3646731,38.96809284,2410.942,276.422,,NAD83(2011) / UTM zone 13N + NAVD88(GEOID18) height,5,8,6,6,0
49,,468132.353,4313284.399,2418.479,,-105.3678553,38.96795084,2404.457,Global,0.013,0.013,0.014,0.019,1.934,m,FIX,RTK,2025-07-15 16:25:19.4 UTC-06:00,2025-07-15 16:25:22.4 UTC-06:00,16,1.6,1.9,468408.098,4313299.048,2424.969,-105.3646731,38.96809284,2410.942,276.391,,NAD83(2011) / UTM zone 13N + NAVD88(GEOID18) height,6,8,6,6,0
50,,468132.276,4313284.573,2417.911,,-105.3678562,38.96795241,2403.889,Global,0.01,0.013,0.011,0.016,1.934,m,FIX,RTK,2025-07-15 16:25:38.0 UTC-06:00,2025-07-15 16:25:41.0 UTC-06:00,16,1.4,1.6,468408.098,4313299.048,2424.969,-105.3646731,38.96809284,2410.942,276.46,,NAD83(2011) / UTM zone 13N + NAVD88(GEOID18) height,6,8,6,6,0
51,,468132.295,4313284.728,2417.85,,-105.367856,38.9679538,2403.828,Global,0.015,0.014,0.013,0.02,1.934,m,FIX,RTK,2025-07-15 16:26:35.2 UTC-06:00,2025-07-15 16:26:38.2 UTC-06:00,16,1.5,1.8,468408.098,4313299.048,2424.969,-105.3646731,38.96809284,2410.942,276.433,,NAD83(2011) / UTM zone 13N + NAVD88(GEOID18) height,6,8,6,6,0
52,,468132.331,4313284.986,2417.826,,-105.3678556,38.96795614,2403.804,Global,0.013,0.012,0.013,0.018,1.934,m,FIX,RTK,2025-07-15 16:26:44.8 UTC-06:00,2025-07-15 16:26:47.8 UTC-06:00,16,1.5,1.8,468408.098,4313299.048,2424.969,-105.3646731,38.96809284,2410.942,276.384,,NAD83(2011) / UTM zone 13N + NAVD88(GEOID18) height,6,8,6,6,0
53,,468132.344,4313285.204,2417.758,,-105.3678554,38.96795809,2403.736,Global,0.011,0.011,0.015,0.015,1.934,m,FIX,RTK,2025-07-15 16:26:58.6 UTC-06:00,2025-07-15 16:27:01.6 UTC-06:00,16,1.5,1.8,468408.098,4313299.048,2424.969,-105.3646731,38.96809284,2410.942,276.354,,NAD83(2011) / UTM zone 13N + NAVD88(GEOID18) height,6,8,6,6,0
54,,468132.343,4313285.453,2417.776,,-105.3678555,38.96796034,2403.754,Global,0.011,0.011,0.014,0.015,1.934,m,FIX,RTK,2025-07-15 16:27:19.8 UTC-06:00,2025-07-15 16:27:22.8 UTC-06:00,16,1.8,2.1,468408.098,4313299.048,2424.969,-105.3646731,38.96809284,2410.942,276.344,,NAD83(2011) / UTM zone 13N + NAVD88(GEOID18) height,5,8,6,6,0
55,,468132.434,4313285.608,2417.766,,-105.3678544,38.96796174,2403.744,Global,0.013,0.01,0.017,0.016,1.934,m,FIX,RTK,2025-07-15 16:27:27.8 UTC-06:00,2025-07-15 16:27:30.8 UTC-06:00,16,1.8,2.1,468408.098,4313299.048,2424.969,-105.3646731,38.96809284,2410.942,276.238,,NAD83(2011) / UTM zone 13N + NAVD88(GEOID18) height,6,8,6,6,0
56,,468132.436,4313285.788,2417.719,,-105.3678544,38.96796337,2403.697,Global,0.011,0.011,0.017,0.015,1.934,m,FIX,RTK,2025-07-15 16:27:50.2 UTC-06:00,2025-07-15 16:27:53.2 UTC-06:00,16,1.5,1.8,468408.098,4313299.048,2424.969,-105.3646731,38.96809284,2410.942,276.245,,NAD83(2011) / UTM zone 13N + NAVD88(GEOID18) height,6,8,6,6,0
57,,468132.433,4313286.037,2417.758,,-105.3678545,38.96796561,2403.736,Global,0.012,0.013,0.014,0.018,1.934,m,FIX,RTK,2025-07-15 16:28:10.8 UTC-06:00,2025-07-15 16:28:13.8 UTC-06:00,16,1.5,1.8,468408.098,4313299.048,2424.969,-105.3646731,38.96809284,2410.942,276.247,,NAD83(2011) / UTM zone 13N + NAVD88(GEOID18) height,6,7,6,6,0
58,,468132.31,4313286.29,2417.758,,-105.3678559,38.96796788,2403.736,Global,0.015,0.011,0.014,0.018,1.934,m,FIX,RTK,2025-07-15 16:28:30.6 UTC-06:00,2025-07-15 16:28:33.6 UTC-06:00,16,1.5,1.8,468408.098,4313299.048,2424.969,-105.3646731,38.96809284,2410.942,276.349,,NAD83(2011) / UTM zone 13N + NAVD88(GEOID18) height,6,7,6,6,0
59,,468132.366,4313286.443,2417.724,,-105.3678553,38.96796926,2403.702,Global,0.011,0.021,0.017,0.024,1.934,m,FIX,RTK,2025-07-15 16:28:51.0 UTC-06:00,2025-07-15 16:28:54.0 UTC-06:00,16,1.5,1.8,468408.098,4313299.048,2424.969,-105.3646731,38.96809284,2410.942,276.284,,NAD83(2011) / UTM zone 13N + NAVD88(GEOID18) height,6,7,6,6,0
60,,468132.483,4313286.675,2418.336,,-105.3678539,38.96797136,2404.315,Global,0.01,0.011,0.011,0.015,1.934,m,FIX,RTK,2025-07-15 16:29:51.2 UTC-06:00,2025-07-15 16:29:54.2 UTC-06:00,16,1.5,1.8,468408.098,4313299.048,2424.969,-105.3646731,38.96809284,2410.942,276.146,,NAD83(2011) / UTM zone 13N + NAVD88(GEOID18) height,7,7,7,6,0
61,,468132.514,4313286.823,2418.522,,-105.3678536,38.96797269,2404.5,Global,0.01,0.012,0.014,0.016,1.934,m,FIX,RTK,2025-07-15 16:30:46.8 UTC-06:00,2025-07-15 16:30:49.8 UTC-06:00,16,1.5,1.8,468408.098,4313299.048,2424.969,-105.3646731,38.96809284,2410.942,276.102,,NAD83(2011) / UTM zone 13N + NAVD88(GEOID18) height,6,7,7,6,0
62,,468132.563,4313287.019,2418.652,,-105.367853,38.96797447,2404.63,Global,0.011,0.011,0.013,0.016,1.934,m,FIX,RTK,2025-07-15 16:30:55.2 UTC-06:00,2025-07-15 16:30:58.2 UTC-06:00,16,1.5,1.8,468408.098,4313299.048,2424.969,-105.3646731,38.96809284,2410.942,276.036,,NAD83(2011) / UTM zone 13N + NAVD88(GEOID18) height,5,7,7,6,0
63,,468132.543,4313287.21,2418.744,,-105.3678533,38.96797618,2404.722,Global,0.011,0.014,0.016,0.017,1.934,m,FIX,RTK,2025-07-15 16:31:10.8 UTC-06:00,2025-07-15 16:31:13.8 UTC-06:00,16,1.5,1.8,468408.098,4313299.048,2424.969,-105.3646731,38.96809284,2410.942,276.058,,NAD83(2011) / UTM zone 13N + NAVD88(GEOID18) height,5,7,7,6,0
64,,468132.538,4313287.352,2418.818,,-105.3678533,38.96797747,2404.797,Global,0.013,0.014,0.016,0.019,1.934,m,FIX,RTK,2025-07-15 16:31:21.6 UTC-06:00,2025-07-15 16:31:24.6 UTC-06:00,16,1.4,1.7,468408.098,4313299.048,2424.969,-105.3646731,38.96809284,2410.942,276.044,,NAD83(2011) / UTM zone 13N + NAVD88(GEOID18) height,5,7,7,6,0
65,,468132.597,4313287.55,2418.808,,-105.3678526,38.96797925,2404.786,Global,0.011,0.014,0.012,0.018,1.934,m,FIX,RTK,2025-07-15 16:31:32.0 UTC-06:00,2025-07-15 16:31:35.0 UTC-06:00,16,1.4,1.7,468408.098,4313299.048,2424.969,-105.3646731,38.96809284,2410.942,275.981,,NAD83(2011) / UTM zone 13N + NAVD88(GEOID18) height,5,7,7,6,0
66,,468132.601,4313287.8,2418.744,,-105.3678526,38.9679815,2404.722,Global,0.01,0.01,0.01,0.015,1.934,m,FIX,RTK,2025-07-15 16:31:41.0 UTC-06:00,2025-07-15 16:31:44.0 UTC-06:00,16,1.4,1.7,468408.098,4313299.048,2424.969,-105.3646731,38.96809284,2410.942,275.967,,NAD83(2011) / UTM zone 13N + NAVD88(GEOID18) height,6,7,7,6,0
67,,468132.598,4313287.959,2418.613,,-105.3678526,38.96798293,2404.591,Global,0.011,0.011,0.012,0.016,1.934,m,FIX,RTK,2025-07-15 16:31:52.6 UTC-06:00,2025-07-15 16:31:55.6 UTC-06:00,16,1.4,1.7,468408.098,4313299.048,2424.969,-105.3646731,38.96809284,2410.942,275.967,,NAD83(2011) / UTM zone 13N + NAVD88(GEOID18) height,6,7,7,6,0
68,,468132.538,4313288.139,2417.769,,-105.3678533,38.96798455,2403.747,Global,0.011,0.011,0.013,0.016,1.934,m,FIX,RTK,2025-07-15 16:32:22.8 UTC-06:00,2025-07-15 16:32:25.8 UTC-06:00,16,1.4,1.7,468408.098,4313299.048,2424.969,-105.3646731,38.96809284,2410.942,276.04,,NAD83(2011) / UTM zone 13N + NAVD88(GEOID18) height,5,7,7,6,0
69,,468132.677,4313288.382,2418.015,,-105.3678518,38.96798675,2403.993,Global,0.014,0.01,0.013,0.017,1.934,m,FIX,RTK,2025-07-15 16:32:32.4 UTC-06:00,2025-07-15 16:32:35.4 UTC-06:00,16,1.4,1.7,468408.098,4313299.048,2424.969,-105.3646731,38.96809284,2410.942,275.866,,NAD83(2011) / UTM zone 13N + NAVD88(GEOID18) height,5,7,7,7,0
70,,468132.719,4313288.563,2417.864,,-105.3678513,38.96798838,2403.842,Global,0.011,0.012,0.014,0.016,1.934,m,FIX,RTK,2025-07-15 16:32:43.4 UTC-06:00,2025-07-15 16:32:46.4 UTC-06:00,16,1.4,1.7,468408.098,4313299.048,2424.969,-105.3646731,38.96809284,2410.942,275.834,,NAD83(2011) / UTM zone 13N + NAVD88(GEOID18) height,6,7,7,7,0
71,,468132.748,4313288.779,2417.9,,-105.367851,38.96799033,2403.878,Global,0.012,0.01,0.016,0.016,1.934,m,FIX,RTK,2025-07-15 16:32:54.0 UTC-06:00,2025-07-15 16:32:57.0 UTC-06:00,16,1.4,1.7,468408.098,4313299.048,2424.969,-105.3646731,38.96809284,2410.942,275.794,,NAD83(2011) / UTM zone 13N + NAVD88(GEOID18) height,6,7,7,7,0
72,,468132.776,4313288.964,2417.937,,-105.3678506,38.96799199,2403.915,Global,0.013,0.011,0.016,0.017,1.934,m,FIX,RTK,2025-07-15 16:33:01.4 UTC-06:00,2025-07-15 16:33:04.4 UTC-06:00,16,1.4,1.7,468408.098,4313299.048,2424.969,-105.3646731,38.96809284,2410.942,275.774,,NAD83(2011) / UTM zone 13N + NAVD88(GEOID18) height,6,7,7,7,0
73,,468132.728,4313289.204,2417.952,,-105.3678512,38.96799416,2403.93,Global,0.01,0.011,0.012,0.015,1.934,m,FIX,RTK,2025-07-15 16:33:10.2 UTC-06:00,2025-07-15 16:33:13.2 UTC-06:00,16,1.4,1.7,468408.098,4313299.048,2424.969,-105.3646731,38.96809284,2410.942,275.802,,NAD83(2011) / UTM zone 13N + NAVD88(GEOID18) height,5,7,7,7,0
74,,468132.779,4313289.393,2418.01,,-105.3678506,38.96799587,2403.988,Global,0.012,0.01,0.022,0.016,1.934,m,FIX,RTK,2025-07-15 16:33:21.2 UTC-06:00,2025-07-15 16:33:24.2 UTC-06:00,16,1.4,1.7,468408.098,4313299.048,2424.969,-105.3646731,38.96809284,2410.942,275.738,,NAD83(2011) / UTM zone 13N + NAVD88(GEOID18) height,6,7,7,6,0
75,,468132.736,4313289.592,2418.024,,-105.3678511,38.96799765,2404.003,Global,0.012,0.011,0.019,0.016,1.934,m,FIX,RTK,2025-07-15 16:33:29.0 UTC-06:00,2025-07-15 16:33:32.0 UTC-06:00,16,1.4,1.7,468408.098,4313299.048,2424.969,-105.3646731,38.96809284,2410.942,275.787,,NAD83(2011) / UTM zone 13N + NAVD88(GEOID18) height,6,7,7,6,0
76,,468132.807,4313289.796,2417.978,,-105.3678503,38.9679995,2403.956,Global,0.011,0.01,0.023,0.015,1.934,m,FIX,RTK,2025-07-15 16:33:37.4 UTC-06:00,2025-07-15 16:33:40.4 UTC-06:00,16,1.4,1.7,468408.098,4313299.048,2424.969,-105.3646731,38.96809284,2410.942,275.702,,NAD83(2011) / UTM zone 13N + NAVD88(GEOID18) height,6,7,7,5,0
77,,468132.846,4313289.991,2417.988,,-105.3678499,38.96800126,2403.966,Global,0.01,0.011,0.02,0.015,1.934,m,FIX,RTK,2025-07-15 16:33:48.2 UTC-06:00,2025-07-15 16:33:51.2 UTC-06:00,16,1.4,1.7,468408.098,4313299.048,2424.969,-105.3646731,38.96809284,2410.942,275.657,,NAD83(2011) / UTM zone 13N + NAVD88(GEOID18) height,6,7,7,6,0
78,,468132.868,4313290.159,2417.981,,-105.3678496,38.96800277,2403.959,Global,0.01,0.01,0.02,0.015,1.934,m,FIX,RTK,2025-07-15 16:33:57.0 UTC-06:00,2025-07-15 16:34:00.0 UTC-06:00,16,1.4,1.7,468408.098,4313299.048,2424.969,-105.3646731,38.96809284,2410.942,275.635,,NAD83(2011) / UTM zone 13N + NAVD88(GEOID18) height,6,7,7,6,0
79,,468132.88,4313290.364,2418.023,,-105.3678495,38.96800462,2404.001,Global,0.02,0.013,0.016,0.024,1.934,m,FIX,RTK,2025-07-15 16:34:09.0 UTC-06:00,2025-07-15 16:34:12.0 UTC-06:00,16,1.4,1.7,468408.098,4313299.048,2424.969,-105.3646731,38.96809284,2410.942,275.636,,NAD83(2011) / UTM zone 13N + NAVD88(GEOID18) height,6,7,7,7,0
80,,468132.811,4313290.6,2418.037,,-105.3678503,38.96800674,2404.015,Global,0.011,0.01,0.014,0.015,1.934,m,FIX,RTK,2025-07-15 16:34:19.4 UTC-06:00,2025-07-15 16:34:22.4 UTC-06:00,16,1.4,1.7,468408.098,4313299.048,2424.969,-105.3646731,38.96809284,2410.942,275.664,,NAD83(2011) / UTM zone 13N + NAVD88(GEOID18) height,6,7,7,7,0
81,,468132.86,4313290.766,2418.059,,-105.3678498,38.96800824,2404.037,Global,0.011,0.011,0.015,0.016,1.934,m,FIX,RTK,2025-07-15 16:34:28.6 UTC-06:00,2025-07-15 16:34:31.6 UTC-06:00,16,1.4,1.7,468408.098,4313299.048,2424.969,-105.3646731,38.96809284,2410.942,275.629,,NAD83(2011) / UTM zone 13N + NAVD88(GEOID18) height,6,7,7,6,0
82,,468132.883,4313290.986,2417.981,,-105.3678495,38.96801022,2403.959,Global,0.013,0.01,0.016,0.017,1.934,m,FIX,RTK,2025-07-15 16:34:38.4 UTC-06:00,2025-07-15 16:34:41.4 UTC-06:00,16,1.4,1.7,468408.098,4313299.048,2424.969,-105.3646731,38.96809284,2410.942,275.588,,NAD83(2011) / UTM zone 13N + NAVD88(GEOID18) height,6,7,7,7,0
83,,468132.831,4313291.15,2417.947,,-105.3678501,38.9680117,2403.926,Global,0.012,0.011,0.014,0.016,1.934,m,FIX,RTK,2025-07-15 16:34:48.4 UTC-06:00,2025-07-15 16:34:51.4 UTC-06:00,16,1.4,1.7,468408.098,4313299.048,2424.969,-105.3646731,38.96809284,2410.942,275.637,,NAD83(2011) / UTM zone 13N + NAVD88(GEOID18) height,6,7,7,7,0
84,,468132.966,4313291.319,2417.915,,-105.3678486,38.96801322,2403.893,Global,0.01,0.012,0.014,0.016,1.934,m,FIX,RTK,2025-07-15 16:34:57.2 UTC-06:00,2025-07-15 16:35:00.2 UTC-06:00,16,1.4,1.7,468408.098,4313299.048,2424.969,-105.3646731,38.96809284,2410.942,275.5,,NAD83(2011) / UTM zone 13N + NAVD88(GEOID18) height,5,7,7,7,0
85,,468132.929,4313291.571,2417.882,,-105.367849,38.96801549,2403.86,Global,0.014,0.011,0.015,0.018,1.934,m,FIX,RTK,2025-07-15 16:35:08.4 UTC-06:00,2025-07-15 16:35:11.4 UTC-06:00,16,1.4,1.7,468408.098,4313299.048,2424.969,-105.3646731,38.96809284,2410.942,275.533,,NAD83(2011) / UTM zone 13N + NAVD88(GEOID18) height,5,6,7,7,0
86,,468132.905,4313291.803,2417.87,,-105.3678493,38.96801758,2403.848,Global,0.011,0.011,0.013,0.015,1.934,m,FIX,RTK,2025-07-15 16:35:17.2 UTC-06:00,2025-07-15 16:35:20.2 UTC-06:00,16,1.4,1.7,468408.098,4313299.048,2424.969,-105.3646731,38.96809284,2410.942,275.551,,NAD83(2011) / UTM zone 13N + NAVD88(GEOID18) height,6,7,7,7,0
87,,468132.948,4313291.955,2417.868,,-105.3678488,38.96801896,2403.847,Global,0.011,0.013,0.012,0.017,1.934,m,FIX,RTK,2025-07-15 16:35:29.4 UTC-06:00,2025-07-15 16:35:32.4 UTC-06:00,16,1.4,1.7,468408.098,4313299.048,2424.969,-105.3646731,38.96809284,2410.942,275.502,,NAD83(2011) / UTM zone 13N + NAVD88(GEOID18) height,6,7,7,7,0
88,,468132.872,4313292.25,2417.919,,-105.3678497,38.96802161,2403.897,Global,0.011,0.01,0.012,0.015,1.934,m,FIX,RTK,2025-07-15 16:35:38.0 UTC-06:00,2025-07-15 16:35:41.0 UTC-06:00,16,1.4,1.7,468408.098,4313299.048,2424.969,-105.3646731,38.96809284,2410.942,275.567,,NAD83(2011) / UTM zone 13N + NAVD88(GEOID18) height,6,7,7,7,0
89,,468132.989,4313292.384,2418.767,,-105.3678483,38.96802283,2404.745,Global,0.012,0.014,0.013,0.019,1.934,m,FIX,RTK,2025-07-15 16:36:09.8 UTC-06:00,2025-07-15 16:36:12.8 UTC-06:00,16,1.4,1.7,468408.098,4313299.048,2424.969,-105.3646731,38.96809284,2410.942,275.428,,NAD83(2011) / UTM zone 13N + NAVD88(GEOID18) height,6,7,7,6,0
90,,468133.058,4313292.562,2418.975,,-105.3678476,38.96802443,2404.954,Global,0.012,0.012,0.013,0.017,1.934,m,FIX,RTK,2025-07-15 16:36:28.4 UTC-06:00,2025-07-15 16:36:31.4 UTC-06:00,16,1.4,1.7,468408.098,4313299.048,2424.969,-105.3646731,38.96809284,2410.942,275.354,,NAD83(2011) / UTM zone 13N + NAVD88(GEOID18) height,6,7,7,7,0
91,,468133.083,4313292.747,2419,,-105.3678473,38.9680261,2404.978,Global,0.011,0.012,0.015,0.016,1.934,m,FIX,RTK,2025-07-15 16:36:37.6 UTC-06:00,2025-07-15 16:36:40.6 UTC-06:00,16,1.4,1.7,468408.098,4313299.048,2424.969,-105.3646731,38.96809284,2410.942,275.325,,NAD83(2011) / UTM zone 13N + NAVD88(GEOID18) height,6,7,7,7,0
92,,468133.138,4313292.953,2418.974,,-105.3678466,38.96802796,2404.952,Global,0.011,0.01,0.013,0.015,1.934,m,FIX,RTK,2025-07-15 16:36:45.4 UTC-06:00,2025-07-15 16:36:48.4 UTC-06:00,16,1.4,1.7,468408.098,4313299.048,2424.969,-105.3646731,38.96809284,2410.942,275.269,,NAD83(2011) / UTM zone 13N + NAVD88(GEOID18) height,6,7,7,7,0
93,,468133.145,4313293.125,2418.92,,-105.3678466,38.96802951,2404.899,Global,0.018,0.011,0.011,0.021,1.934,m,FIX,RTK,2025-07-15 16:36:54.2 UTC-06:00,2025-07-15 16:36:57.2 UTC-06:00,16,1.4,1.7,468408.098,4313299.048,2424.969,-105.3646731,38.96809284,2410.942,275.268,,NAD83(2011) / UTM zone 13N + NAVD88(GEOID18) height,6,7,7,7,0
94,,468133.163,4313293.342,2418.794,,-105.3678464,38.96803146,2404.772,Global,0.011,0.012,0.012,0.016,1.934,m,FIX,RTK,2025-07-15 16:37:03.0 UTC-06:00,2025-07-15 16:37:06.0 UTC-06:00,16,1.6,1.9,468408.098,4313299.048,2424.969,-105.3646731,38.96809284,2410.942,275.232,,NAD83(2011) / UTM zone 13N + NAVD88(GEOID18) height,6,7,7,7,0
95,,468133.172,4313293.521,2418.668,,-105.3678463,38.96803307,2404.646,Global,0.011,0.01,0.012,0.015,1.934,m,FIX,RTK,2025-07-15 16:37:18.6 UTC-06:00,2025-07-15 16:37:21.6 UTC-06:00,15,1.5,1.7,468408.098,4313299.048,2424.969,-105.3646731,38.96809284,2410.942,275.228,,NAD83(2011) / UTM zone 13N + NAVD88(GEOID18) height,6,7,7,7,0
96,,468133.225,4313293.781,2418.72,,-105.3678457,38.96803542,2404.698,Global,0.01,0.011,0.012,0.015,1.934,m,FIX,RTK,2025-07-15 16:37:29.2 UTC-06:00,2025-07-15 16:37:32.2 UTC-06:00,16,1.5,1.7,468408.098,4313299.048,2424.969,-105.3646731,38.96809284,2410.942,275.172,,NAD83(2011) / UTM zone 13N + NAVD88(GEOID18) height,6,7,7,7,0
97,,468133.218,4313293.916,2418.787,,-105.3678458,38.96803663,2404.766,Global,0.01,0.011,0.013,0.015,1.934,m,FIX,RTK,2025-07-15 16:37:40.8 UTC-06:00,2025-07-15 16:37:43.8 UTC-06:00,16,1.5,1.7,468408.098,4313299.048,2424.969,-105.3646731,38.96809284,2410.942,275.166,,NAD83(2011) / UTM zone 13N + NAVD88(GEOID18) height,6,7,7,7,0
98,,468133.205,4313293.938,2418.84,,-105.3678459,38.96803683,2404.818,Global,0.01,0.01,0.011,0.015,1.934,m,FIX,RTK,2025-07-15 16:37:53.6 UTC-06:00,2025-07-15 16:37:56.6 UTC-06:00,16,1.5,1.7,468408.098,4313299.048,2424.969,-105.3646731,38.96809284,2410.942,275.18,,NAD83(2011) / UTM zone 13N + NAVD88(GEOID18) height,6,7,7,7,0
99,,468133.243,4313294.202,2419.231,,-105.3678455,38.96803921,2405.209,Global,0.011,0.011,0.015,0.015,1.934,m,FIX,RTK,2025-07-15 16:38:11.2 UTC-06:00,2025-07-15 16:38:14.2 UTC-06:00,16,1.5,1.7,468408.098,4313299.048,2424.969,-105.3646731,38.96809284,2410.942,275.136,,NAD83(2011) / UTM zone 13N + NAVD88(GEOID18) height,6,7,7,7,0
100,,468133.244,4313294.312,2419.26,,-105.3678455,38.96804021,2405.238,Global,0.013,0.012,0.011,0.018,1.934,m,FIX,RTK,2025-07-15 16:38:31.0 UTC-06:00,2025-07-15 16:38:34.0 UTC-06:00,16,1.5,1.7,468408.098,4313299.048,2424.969,-105.3646731,38.96809284,2410.942,275.132,,NAD83(2011) / UTM zone 13N + NAVD88(GEOID18) height,6,7,7,7,0
101,,468133.275,4313294.519,2419.309,,-105.3678451,38.96804207,2405.287,Global,0.01,0.012,0.013,0.016,1.934,m,FIX,RTK,2025-07-15 16:38:49.2 UTC-06:00,2025-07-15 16:38:52.2 UTC-06:00,16,1.6,1.9,468408.098,4313299.048,2424.969,-105.3646731,38.96809284,2410.942,275.094,,NAD83(2011) / UTM zone 13N + NAVD88(GEOID18) height,6,7,7,7,0
102,,468133.281,4313294.73,2419.495,,-105.3678451,38.96804397,2405.473,Global,0.011,0.01,0.013,0.015,1.934,m,FIX,RTK,2025-07-15 16:39:00.4 UTC-06:00,2025-07-15 16:39:03.4 UTC-06:00,16,1.5,1.7,468408.098,4313299.048,2424.969,-105.3646731,38.96809284,2410.942,275.083,,NAD83(2011) / UTM zone 13N + NAVD88(GEOID18) height,6,7,7,7,0
103,,468133.343,4313295.077,2419.664,,-105.3678444,38.96804711,2405.642,Global,0.01,0.014,0.012,0.017,1.934,m,FIX,RTK,2025-07-15 16:39:11.4 UTC-06:00,2025-07-15 16:39:14.4 UTC-06:00,16,1.4,1.6,468408.098,4313299.048,2424.969,-105.3646731,38.96809284,2410.942,275.015,,NAD83(2011) / UTM zone 13N + NAVD88(GEOID18) height,6,7,7,7,0
104,,468133.395,4313295.296,2419.748,,-105.3678438,38.96804908,2405.726,Global,0.01,0.011,0.013,0.015,1.934,m,FIX,RTK,2025-07-15 16:39:20.6 UTC-06:00,2025-07-15 16:39:23.6 UTC-06:00,16,1.5,1.7,468408.098,4313299.048,2424.969,-105.3646731,38.96809284,2410.942,274.959,,NAD83(2011) / UTM zone 13N + NAVD88(GEOID18) height,6,7,7,7,0
105,,468133.43,4313295.448,2419.754,,-105.3678434,38.96805045,2405.732,Global,0.012,0.011,0.011,0.016,1.934,m,FIX,RTK,2025-07-15 16:39:31.0 UTC-06:00,2025-07-15 16:39:34.0 UTC-06:00,16,1.5,1.7,468408.098,4313299.048,2424.969,-105.3646731,38.96809284,2410.942,274.917,,NAD83(2011) / UTM zone 13N + NAVD88(GEOID18) height,6,7,7,7,0
106,,468133.441,4313295.662,2419.869,,-105.3678433,38.96805238,2405.847,Global,0.011,0.01,0.015,0.015,1.934,m,FIX,RTK,2025-07-15 16:39:43.0 UTC-06:00,2025-07-15 16:39:46.0 UTC-06:00,16,1.5,1.7,468408.098,4313299.048,2424.969,-105.3646731,38.96809284,2410.942,274.904,,NAD83(2011) / UTM zone 13N + NAVD88(GEOID18) height,6,7,7,7,0
107,,468133.453,4313295.856,2419.949,,-105.3678431,38.96805413,2405.928,Global,0.01,0.011,0.012,0.015,1.934,m,FIX,RTK,2025-07-15 16:39:51.8 UTC-06:00,2025-07-15 16:39:54.8 UTC-06:00,16,1.4,1.6,468408.098,4313299.048,2424.969,-105.3646731,38.96809284,2410.942,274.883,,NAD83(2011) / UTM zone 13N + NAVD88(GEOID18) height,6,7,7,7,0
108,,468133.494,4313296.215,2420.022,,-105.3678427,38.96805736,2406,Global,0.016,0.024,0.016,0.029,1.934,m,FIX,RTK,2025-07-15 16:40:09.2 UTC-06:00,2025-07-15 16:40:12.2 UTC-06:00,16,1.5,1.7,468408.098,4313299.048,2424.969,-105.3646731,38.96809284,2410.942,274.834,,NAD83(2011) / UTM zone 13N + NAVD88(GEOID18) height,6,7,7,7,0
109,,468133.566,4313296.687,2420.128,,-105.3678419,38.96806162,2406.106,Global,0.01,0.011,0.016,0.015,1.934,m,FIX,RTK,2025-07-15 16:40:19.0 UTC-06:00,2025-07-15 16:40:22.0 UTC-06:00,16,1.4,1.7,468408.098,4313299.048,2424.969,-105.3646731,38.96809284,2410.942,274.767,,NAD83(2011) / UTM zone 13N + NAVD88(GEOID18) height,6,6,7,6,0
110,,468133.62,4313297.15,2420.262,,-105.3678413,38.9680658,2406.241,Global,0.011,0.012,0.01,0.016,1.934,m,FIX,RTK,2025-07-15 16:40:28.8 UTC-06:00,2025-07-15 16:40:31.8 UTC-06:00,16,1.5,1.8,468408.098,4313299.048,2424.969,-105.3646731,38.96809284,2410.942,274.706,,NAD83(2011) / UTM zone 13N + NAVD88(GEOID18) height,6,7,7,7,0
111,,468133.716,4313297.652,2420.312,,-105.3678402,38.96807032,2406.291,Global,0.012,0.011,0.015,0.016,1.934,m,FIX,RTK,2025-07-15 16:40:38.0 UTC-06:00,2025-07-15 16:40:41.0 UTC-06:00,16,1.5,1.7,468408.098,4313299.048,2424.969,-105.3646731,38.96809284,2410.942,274.601,,NAD83(2011) / UTM zone 13N + NAVD88(GEOID18) height,6,7,7,7,0
112,,468133.77,4313298.105,2420.379,,-105.3678396,38.96807441,2406.357,Global,0.011,0.013,0.012,0.017,1.934,m,FIX,RTK,2025-07-15 16:40:49.8 UTC-06:00,2025-07-15 16:40:52.8 UTC-06:00,16,1.4,1.7,468408.098,4313299.048,2424.969,-105.3646731,38.96809284,2410.942,274.548,,NAD83(2011) / UTM zone 13N + NAVD88(GEOID18) height,5,7,6,7,0
113,,468133.851,4313298.58,2420.511,,-105.3678387,38.96807868,2406.489,Global,0.01,0.012,0.011,0.016,1.934,m,FIX,RTK,2025-07-15 16:40:58.8 UTC-06:00,2025-07-15 16:41:01.8 UTC-06:00,16,1.4,1.7,468408.098,4313299.048,2424.969,-105.3646731,38.96809284,2410.942,274.468,,NAD83(2011) / UTM zone 13N + NAVD88(GEOID18) height,6,7,6,7,0
114,,468133.916,4313299.111,2420.553,,-105.367838,38.96808347,2406.531,Global,0.011,0.01,0.011,0.015,1.934,m,FIX,RTK,2025-07-15 16:41:07.8 UTC-06:00,2025-07-15 16:41:10.8 UTC-06:00,16,1.4,1.7,468408.098,4313299.048,2424.969,-105.3646731,38.96809284,2410.942,274.401,,NAD83(2011) / UTM zone 13N + NAVD88(GEOID18) height,5,7,6,7,0
115,,468133.998,4313299.541,2420.61,,-105.367837,38.96808735,2406.588,Global,0.011,0.019,0.01,0.022,1.934,m,FIX,RTK,2025-07-15 16:41:17.0 UTC-06:00,2025-07-15 16:41:20.0 UTC-06:00,16,1.4,1.7,468408.098,4313299.048,2424.969,-105.3646731,38.96809284,2410.942,274.313,,NAD83(2011) / UTM zone 13N + NAVD88(GEOID18) height,6,7,6,7,0
116,,468134.061,4313299.98,2420.662,,-105.3678363,38.96809131,2406.641,Global,0.01,0.01,0.011,0.014,1.934,m,FIX,RTK,2025-07-15 16:41:31.4 UTC-06:00,2025-07-15 16:41:34.4 UTC-06:00,16,1.4,1.7,468408.098,4313299.048,2424.969,-105.3646731,38.96809284,2410.942,274.259,,NAD83(2011) / UTM zone 13N + NAVD88(GEOID18) height,5,7,6,7,0
117,,468134.199,4313300.473,2420.709,,-105.3678347,38.96809576,2406.687,Global,0.01,0.012,0.011,0.016,1.934,m,FIX,RTK,2025-07-15 16:41:41.4 UTC-06:00,2025-07-15 16:41:44.4 UTC-06:00,16,1.4,1.7,468408.098,4313299.048,2424.969,-105.3646731,38.96809284,2410.942,274.123,,NAD83(2011) / UTM zone 13N + NAVD88(GEOID18) height,5,7,6,7,0
118,,468134.231,4313300.936,2420.833,,-105.3678344,38.96809993,2406.811,Global,0.01,0.01,0.018,0.015,1.934,m,FIX,RTK,2025-07-15 16:41:53.0 UTC-06:00,2025-07-15 16:41:56.0 UTC-06:00,16,1.4,1.7,468408.098,4313299.048,2424.969,-105.3646731,38.96809284,2410.942,274.088,,NAD83(2011) / UTM zone 13N + NAVD88(GEOID18) height,6,7,7,7,0
119,,468134.302,4313301.404,2420.984,,-105.3678336,38.96810415,2406.962,Global,0.012,0.011,0.011,0.016,1.934,m,FIX,RTK,2025-07-15 16:42:00.8 UTC-06:00,2025-07-15 16:42:03.9 UTC-06:00,17,1.4,1.7,468408.098,4313299.048,2424.969,-105.3646731,38.96809284,2410.942,274.025,,NAD83(2011) / UTM zone 13N + NAVD88(GEOID18) height,5,7,7,7,0
120,,468134.354,4313301.923,2421.241,,-105.367833,38.96810883,2407.219,Global,0.012,0.01,0.011,0.016,1.934,m,FIX,RTK,2025-07-15 16:42:13.0 UTC-06:00,2025-07-15 16:42:16.0 UTC-06:00,16,1.6,1.8,468408.098,4313299.048,2424.969,-105.3646731,38.96809284,2410.942,273.981,,NAD83(2011) / UTM zone 13N + NAVD88(GEOID18) height,6,7,7,7,0
121,,468134.528,4313302.409,2421.365,,-105.367831,38.96811322,2407.343,Global,0.014,0.012,0.011,0.018,1.934,m,FIX,RTK,2025-07-15 16:42:23.2 UTC-06:00,2025-07-15 16:42:26.2 UTC-06:00,16,1.6,1.9,468408.098,4313299.048,2424.969,-105.3646731,38.96809284,2410.942,273.817,,NAD83(2011) / UTM zone 13N + NAVD88(GEOID18) height,5,7,7,7,0
122,,468134.51,4313302.845,2421.517,,-105.3678313,38.96811715,2407.495,Global,0.012,0.01,0.016,0.016,1.934,m,FIX,RTK,2025-07-15 16:42:32.4 UTC-06:00,2025-07-15 16:42:35.4 UTC-06:00,16,1.4,1.7,468408.098,4313299.048,2424.969,-105.3646731,38.96809284,2410.942,273.838,,NAD83(2011) / UTM zone 13N + NAVD88(GEOID18) height,6,7,6,7,0
123,,468134.522,4313303.167,2421.649,,-105.3678311,38.96812005,2407.627,Global,0.013,0.011,0.016,0.017,1.934,m,FIX,RTK,2025-07-15 16:42:42.6 UTC-06:00,2025-07-15 16:42:45.6 UTC-06:00,16,1.4,1.7,468408.098,4313299.048,2424.969,-105.3646731,38.96809284,2410.942,273.833,,NAD83(2011) / UTM zone 13N + NAVD88(GEOID18) height,5,7,6,6,0
124,,468134.683,4313303.761,2421.821,,-105.3678293,38.96812541,2407.8,Global,0.014,0.013,0.017,0.019,1.934,m,FIX,RTK,2025-07-15 16:42:54.4 UTC-06:00,2025-07-15 16:42:57.4 UTC-06:00,16,1.4,1.7,468408.098,4313299.048,2424.969,-105.3646731,38.96809284,2410.942,273.659,,NAD83(2011) / UTM zone 13N + NAVD88(GEOID18) height,5,7,6,7,0
125,,468134.655,4313304.17,2422.009,,-105.3678297,38.96812909,2407.988,Global,0.01,0.013,0.018,0.016,1.934,m,FIX,RTK,2025-07-15 16:43:03.8 UTC-06:00,2025-07-15 16:43:06.8 UTC-06:00,16,1.4,1.7,468408.098,4313299.048,2424.969,-105.3646731,38.96809284,2410.942,273.701,,NAD83(2011) / UTM zone 13N + NAVD88(GEOID18) height,5,7,6,7,0
126,,468134.645,4313304.315,2422.354,,-105.3678298,38.9681304,2408.332,Global,0.01,0.011,0.013,0.015,1.934,m,FIX,RTK,2025-07-15 16:44:02.6 UTC-06:00,2025-07-15 16:44:05.6 UTC-06:00,16,1.6,1.9,468408.098,4313299.048,2424.969,-105.3646731,38.96809284,2410.942,273.717,,NAD83(2011) / UTM zone 13N + NAVD88(GEOID18) height,5,7,6,7,0
127,,468134.638,4313304.308,2422.363,,-105.3678299,38.96813033,2408.341,Global,0.011,0.011,0.017,0.016,1.934,m,FIX,RTK,2025-07-15 16:44:37.4 UTC-06:00,2025-07-15 16:45:07.4 UTC-06:00,151,1.6,1.9,468408.098,4313299.048,2424.969,-105.3646731,38.96809284,2410.942,273.714,,NAD83(2011) / UTM zone 13N + NAVD88(GEOID18) height,5,7,6,7,0
128,,468134.457,4313304.375,2422.121,,-105.3678319,38.96813093,2408.099,Global,0.011,0.01,0.014,0.015,1.934,m,FIX,RTK,2025-07-15 16:45:26.4 UTC-06:00,2025-07-15 16:45:29.4 UTC-06:00,16,1.5,1.8,468408.098,4313299.048,2424.969,-105.3646731,38.96809284,2410.942,273.906,,NAD83(2011) / UTM zone 13N + NAVD88(GEOID18) height,5,7,6,6,0
129,,468134.587,4313304.225,2422.041,,-105.3678304,38.96812959,2408.019,Global,0.01,0.015,0.017,0.018,1.934,m,FIX,RTK,2025-07-15 16:45:35.0 UTC-06:00,2025-07-15 16:45:38.0 UTC-06:00,16,1.5,1.8,468408.098,4313299.048,2424.969,-105.3646731,38.96809284,2410.942,273.771,,NAD83(2011) / UTM zone 13N + NAVD88(GEOID18) height,5,7,6,7,0
130,,468134.78,4313304.347,2422.112,,-105.3678282,38.96813069,2408.09,Global,0.011,0.01,0.018,0.015,1.934,m,FIX,RTK,2025-07-15 16:45:45.2 UTC-06:00,2025-07-15 16:45:48.2 UTC-06:00,16,1.5,1.8,468408.098,4313299.048,2424.969,-105.3646731,38.96809284,2410.942,273.573,,NAD83(2011) / UTM zone 13N + NAVD88(GEOID18) height,5,7,6,7,0
131,,468134.571,4313304.494,2422.167,,-105.3678306,38.96813201,2408.146,Global,0.011,0.011,0.021,0.015,1.934,m,FIX,RTK,2025-07-15 16:45:56.2 UTC-06:00,2025-07-15 16:45:59.2 UTC-06:00,16,1.4,1.6,468408.098,4313299.048,2424.969,-105.3646731,38.96809284,2410.942,273.784,,NAD83(2011) / UTM zone 13N + NAVD88(GEOID18) height,6,6,6,7,0
132,,468134.641,4313304.327,2422.363,,-105.3678298,38.9681305,2408.341,Global,0.011,0.01,0.014,0.015,1.934,m,FIX,RTK,2025-07-15 16:46:06.4 UTC-06:00,2025-07-15 16:46:09.4 UTC-06:00,16,1.5,1.8,468408.098,4313299.048,2424.969,-105.3646731,38.96809284,2410.942,273.714,,NAD83(2011) / UTM zone 13N + NAVD88(GEOID18) height,7,6,6,7,0
133,,468131.508,4313275.945,2419.943,,-105.3678647,38.96787463,2405.921,Global,0.01,0.01,0.011,0.014,1.934,m,FIX,RTK,2025-07-15 16:50:32.0 UTC-06:00,2025-07-15 16:50:35.0 UTC-06:00,16,1.4,1.7,468408.098,4313299.048,2424.969,-105.3646731,38.96809284,2410.942,277.782,,NAD83(2011) / UTM zone 13N + NAVD88(GEOID18) height,6,7,7,7,0
134,,468131.488,4313275.434,2419.985,,-105.3678649,38.96787003,2405.963,Global,0.01,0.011,0.01,0.015,1.934,m,FIX,RTK,2025-07-15 16:50:43.0 UTC-06:00,2025-07-15 16:50:46.0 UTC-06:00,16,1.4,1.7,468408.098,4313299.048,2424.969,-105.3646731,38.96809284,2410.942,277.849,,NAD83(2011) / UTM zone 13N + NAVD88(GEOID18) height,6,7,7,7,0
135,,468131.466,4313274.931,2420.058,,-105.3678651,38.96786549,2406.036,Global,0.011,0.011,0.01,0.016,1.934,m,FIX,RTK,2025-07-15 16:50:52.6 UTC-06:00,2025-07-15 16:50:55.6 UTC-06:00,16,1.5,1.8,468408.098,4313299.048,2424.969,-105.3646731,38.96809284,2410.942,277.906,,NAD83(2011) / UTM zone 13N + NAVD88(GEOID18) height,6,7,7,7,0
136,,468131.461,4313274.45,2420.111,,-105.3678651,38.96786116,2406.089,Global,0.01,0.01,0.01,0.015,1.934,m,FIX,RTK,2025-07-15 16:51:04.4 UTC-06:00,2025-07-15 16:51:07.4 UTC-06:00,16,1.5,1.8,468408.098,4313299.048,2424.969,-105.3646731,38.96809284,2410.942,277.961,,NAD83(2011) / UTM zone 13N + NAVD88(GEOID18) height,6,7,7,7,0
137,,468131.43,4313273.968,2420.168,,-105.3678655,38.96785681,2406.146,Global,0.011,0.011,0.011,0.016,1.934,m,FIX,RTK,2025-07-15 16:51:15.0 UTC-06:00,2025-07-15 16:51:18.0 UTC-06:00,16,1.5,1.8,468408.098,4313299.048,2424.969,-105.3646731,38.96809284,2410.942,278.028,,NAD83(2011) / UTM zone 13N + NAVD88(GEOID18) height,6,7,7,7,0
138,,468131.375,4313273.468,2420.224,,-105.3678661,38.96785231,2406.203,Global,0.011,0.01,0.01,0.015,1.934,m,FIX,RTK,2025-07-15 16:51:25.0 UTC-06:00,2025-07-15 16:51:28.0 UTC-06:00,16,1.5,1.8,468408.098,4313299.048,2424.969,-105.3646731,38.96809284,2410.942,278.132,,NAD83(2011) / UTM zone 13N + NAVD88(GEOID18) height,6,7,7,7,0
139,,468131.357,4313272.993,2420.268,,-105.3678663,38.96784803,2406.246,Global,0.011,0.01,0.01,0.015,1.934,m,FIX,RTK,2025-07-15 16:51:35.6 UTC-06:00,2025-07-15 16:51:38.6 UTC-06:00,16,1.5,1.8,468408.098,4313299.048,2424.969,-105.3646731,38.96809284,2410.942,278.188,,NAD83(2011) / UTM zone 13N + NAVD88(GEOID18) height,6,7,7,7,0
140,,468131.331,4313272.508,2420.35,,-105.3678666,38.96784366,2406.328,Global,0.015,0.01,0.01,0.018,1.934,m,FIX,RTK,2025-07-15 16:51:43.2 UTC-06:00,2025-07-15 16:51:46.2 UTC-06:00,16,1.4,1.7,468408.098,4313299.048,2424.969,-105.3646731,38.96809284,2410.942,278.27,,NAD83(2011) / UTM zone 13N + NAVD88(GEOID18) height,6,7,7,7,0
141,,468131.276,4313271.977,2420.406,,-105.3678672,38.96783887,2406.384,Global,0.01,0.01,0.01,0.014,1.934,m,FIX,RTK,2025-07-15 16:51:52.4 UTC-06:00,2025-07-15 16:51:55.4 UTC-06:00,16,1.4,1.6,468408.098,4313299.048,2424.969,-105.3646731,38.96809284,2410.942,278.368,,NAD83(2011) / UTM zone 13N + NAVD88(GEOID18) height,6,7,7,7,0
142,,468131.251,4313271.489,2420.464,,-105.3678674,38.96783447,2406.442,Global,0.01,0.01,0.01,0.015,1.934,m,FIX,RTK,2025-07-15 16:52:01.4 UTC-06:00,2025-07-15 16:52:04.4 UTC-06:00,16,1.4,1.6,468408.098,4313299.048,2424.969,-105.3646731,38.96809284,2410.942,278.441,,NAD83(2011) / UTM zone 13N + NAVD88(GEOID18) height,6,7,7,7,0
143,,468131.204,4313270.989,2420.505,,-105.3678679,38.96782996,2406.483,Global,0.01,0.011,0.01,0.015,1.934,m,FIX,RTK,2025-07-15 16:52:10.4 UTC-06:00,2025-07-15 16:52:13.4 UTC-06:00,16,1.3,1.6,468408.098,4313299.048,2424.969,-105.3646731,38.96809284,2410.942,278.535,,NAD83(2011) / UTM zone 13N + NAVD88(GEOID18) height,6,7,7,7,0
144,,468131.182,4313270.522,2420.517,,-105.3678682,38.96782576,2406.495,Global,0.011,0.011,0.011,0.016,1.934,m,FIX,RTK,2025-07-15 16:52:21.0 UTC-06:00,2025-07-15 16:52:24.0 UTC-06:00,16,1.4,1.6,468408.098,4313299.048,2424.969,-105.3646731,38.96809284,2410.942,278.61,,NAD83(2011) / UTM zone 13N + NAVD88(GEOID18) height,6,7,7,7,0
145,,468131.154,4313270.015,2420.576,,-105.3678685,38.96782118,2406.554,Global,0.01,0.011,0.01,0.015,1.934,m,FIX,RTK,2025-07-15 16:52:32.2 UTC-06:00,2025-07-15 16:52:35.2 UTC-06:00,16,1.4,1.6,468408.098,4313299.048,2424.969,-105.3646731,38.96809284,2410.942,278.68,,NAD83(2011) / UTM zone 13N + NAVD88(GEOID18) height,6,7,7,7,0
146,,468131.14,4313269.526,2420.609,,-105.3678686,38.96781678,2406.587,Global,0.01,0.01,0.01,0.015,1.934,m,FIX,RTK,2025-07-15 16:52:40.6 UTC-06:00,2025-07-15 16:52:43.6 UTC-06:00,16,1.3,1.6,468408.098,4313299.048,2424.969,-105.3646731,38.96809284,2410.942,278.754,,NAD83(2011) / UTM zone 13N + NAVD88(GEOID18) height,6,7,7,6,0
147,,468131.098,4313269.015,2420.645,,-105.3678691,38.96781217,2406.623,Global,0.01,0.01,0.011,0.015,1.934,m,FIX,RTK,2025-07-15 16:52:48.6 UTC-06:00,2025-07-15 16:52:51.6 UTC-06:00,16,1.4,1.6,468408.098,4313299.048,2424.969,-105.3646731,38.96809284,2410.942,278.851,,NAD83(2011) / UTM zone 13N + NAVD88(GEOID18) height,6,7,7,7,0
148,,468131.113,4313268.548,2420.704,,-105.3678689,38.96780796,2406.682,Global,0.01,0.01,0.01,0.015,1.934,m,FIX,RTK,2025-07-15 16:52:59.6 UTC-06:00,2025-07-15 16:53:02.6 UTC-06:00,16,1.3,1.6,468408.098,4313299.048,2424.969,-105.3646731,38.96809284,2410.942,278.884,,NAD83(2011) / UTM zone 13N + NAVD88(GEOID18) height,6,7,7,7,0
149,,468131.086,4313268.021,2420.769,,-105.3678692,38.96780322,2406.747,Global,0.01,0.01,0.01,0.014,1.934,m,FIX,RTK,2025-07-15 16:53:10.2 UTC-06:00,2025-07-15 16:53:13.2 UTC-06:00,16,1.3,1.5,468408.098,4313299.048,2424.969,-105.3646731,38.96809284,2410.942,278.971,,NAD83(2011) / UTM zone 13N + NAVD88(GEOID18) height,7,7,8,7,0
150,,468131.081,4313267.556,2420.791,,-105.3678692,38.96779903,2406.769,Global,0.011,0.01,0.014,0.015,1.934,m,FIX,RTK,2025-07-15 16:53:20.2 UTC-06:00,2025-07-15 16:53:23.2 UTC-06:00,16,1.3,1.5,468408.098,4313299.048,2424.969,-105.3646731,38.96809284,2410.942,279.032,,NAD83(2011) / UTM zone 13N + NAVD88(GEOID18) height,7,6,8,7,0
151,,468131.03,4313267.06,2420.86,,-105.3678698,38.96779455,2406.838,Global,0.011,0.01,0.015,0.015,1.934,m,FIX,RTK,2025-07-15 16:53:34.8 UTC-06:00,2025-07-15 16:53:37.8 UTC-06:00,16,1.3,1.6,468408.098,4313299.048,2424.969,-105.3646731,38.96809284,2410.942,279.136,,NAD83(2011) / UTM zone 13N + NAVD88(GEOID18) height,7,6,8,7,0
152,,468131.025,4313266.609,2420.952,,-105.3678698,38.96779049,2406.93,Global,0.011,0.011,0.011,0.015,1.934,m,FIX,RTK,2025-07-15 16:53:47.4 UTC-06:00,2025-07-15 16:53:50.4 UTC-06:00,16,1.3,1.6,468408.098,4313299.048,2424.969,-105.3646731,38.96809284,2410.942,279.19,,NAD83(2011) / UTM zone 13N + NAVD88(GEOID18) height,7,6,8,7,0
153,,468131.026,4313266.115,2421.104,,-105.3678698,38.96778603,2407.082,Global,0.01,0.011,0.01,0.015,1.934,m,FIX,RTK,2025-07-15 16:53:58.8 UTC-06:00,2025-07-15 16:54:01.8 UTC-06:00,16,1.3,1.6,468408.098,4313299.048,2424.969,-105.3646731,38.96809284,2410.942,279.244,,NAD83(2011) / UTM zone 13N + NAVD88(GEOID18) height,7,6,8,6,0
154,,468130.947,4313265.657,2421.193,,-105.3678707,38.96778191,2407.171,Global,0.01,0.01,0.011,0.015,1.934,m,FIX,RTK,2025-07-15 16:54:09.0 UTC-06:00,2025-07-15 16:54:12.0 UTC-06:00,16,1.3,1.6,468408.098,4313299.048,2424.969,-105.3646731,38.96809284,2410.942,279.375,,NAD83(2011) / UTM zone 13N + NAVD88(GEOID18) height,7,6,8,7,0
155,,468130.946,4313265.184,2421.257,,-105.3678707,38.96777764,2407.235,Global,0.01,0.01,0.011,0.015,1.934,m,FIX,RTK,2025-07-15 16:54:19.0 UTC-06:00,2025-07-15 16:54:22.0 UTC-06:00,16,1.4,1.7,468408.098,4313299.048,2424.969,-105.3646731,38.96809284,2410.942,279.434,,NAD83(2011) / UTM zone 13N + NAVD88(GEOID18) height,7,6,8,7,0
156,,468130.93,4313264.656,2421.418,,-105.3678708,38.96777288,2407.396,Global,0.01,0.01,0.01,0.015,1.934,m,FIX,RTK,2025-07-15 16:54:31.8 UTC-06:00,2025-07-15 16:54:34.8 UTC-06:00,16,1.4,1.6,468408.098,4313299.048,2424.969,-105.3646731,38.96809284,2410.942,279.509,,NAD83(2011) / UTM zone 13N + NAVD88(GEOID18) height,7,6,8,7,0
157,,468130.853,4313264.225,2421.551,,-105.3678717,38.96776899,2407.529,Global,0.01,0.012,0.012,0.016,1.934,m,FIX,RTK,2025-07-15 16:54:41.2 UTC-06:00,2025-07-15 16:54:44.2 UTC-06:00,16,1.3,1.6,468408.098,4313299.048,2424.969,-105.3646731,38.96809284,2410.942,279.642,,NAD83(2011) / UTM zone 13N + NAVD88(GEOID18) height,7,6,8,7,0
158,,468130.764,4313263.735,2421.743,,-105.3678727,38.96776458,2407.721,Global,0.011,0.01,0.012,0.015,1.934,m,FIX,RTK,2025-07-15 16:54:52.4 UTC-06:00,2025-07-15 16:54:55.4 UTC-06:00,16,1.2,1.4,468408.098,4313299.048,2424.969,-105.3646731,38.96809284,2410.942,279.793,,NAD83(2011) / UTM zone 13N + NAVD88(GEOID18) height,7,6,8,7,0
159,,468130.762,4313263.243,2421.887,,-105.3678727,38.96776015,2407.865,Global,0.01,0.011,0.014,0.015,1.934,m,FIX,RTK,2025-07-15 16:55:01.4 UTC-06:00,2025-07-15 16:55:04.4 UTC-06:00,16,1.2,1.4,468408.098,4313299.048,2424.969,-105.3646731,38.96809284,2410.942,279.854,,NAD83(2011) / UTM zone 13N + NAVD88(GEOID18) height,7,6,8,6,0
160,,468130.699,4313262.751,2422.019,,-105.3678734,38.96775571,2407.997,Global,0.01,0.011,0.013,0.015,1.934,m,FIX,RTK,2025-07-15 16:55:11.6 UTC-06:00,2025-07-15 16:55:14.6 UTC-06:00,16,1.3,1.5,468408.098,4313299.048,2424.969,-105.3646731,38.96809284,2410.942,279.979,,NAD83(2011) / UTM zone 13N + NAVD88(GEOID18) height,7,6,8,7,0
161,,468130.68,4313262.254,2422.154,,-105.3678736,38.96775123,2408.132,Global,0.01,0.011,0.014,0.015,1.934,m,FIX,RTK,2025-07-15 16:55:21.2 UTC-06:00,2025-07-15 16:55:24.2 UTC-06:00,16,1.3,1.5,468408.098,4313299.048,2424.969,-105.3646731,38.96809284,2410.942,280.065,,NAD83(2011) / UTM zone 13N + NAVD88(GEOID18) height,7,6,8,7,0
162,,468130.605,4313261.779,2422.276,,-105.3678744,38.96774695,2408.254,Global,0.011,0.011,0.015,0.016,1.934,m,FIX,RTK,2025-07-15 16:55:33.0 UTC-06:00,2025-07-15 16:55:36.0 UTC-06:00,16,1.4,1.6,468408.098,4313299.048,2424.969,-105.3646731,38.96809284,2410.942,280.195,,NAD83(2011) / UTM zone 13N + NAVD88(GEOID18) height,7,6,8,7,0
163,,468130.578,4313261.293,2422.374,,-105.3678747,38.96774257,2408.352,Global,0.01,0.011,0.014,0.015,1.934,m,FIX,RTK,2025-07-15 16:55:44.0 UTC-06:00,2025-07-15 16:55:47.0 UTC-06:00,16,1.3,1.5,468408.098,4313299.048,2424.969,-105.3646731,38.96809284,2410.942,280.291,,NAD83(2011) / UTM zone 13N + NAVD88(GEOID18) height,7,6,8,7,0
164,,468130.543,4313260.808,2422.4,,-105.3678751,38.96773819,2408.378,Global,0.012,0.014,0.018,0.018,1.934,m,FIX,RTK,2025-07-15 16:55:53.0 UTC-06:00,2025-07-15 16:55:56.0 UTC-06:00,16,1.5,1.7,468408.098,4313299.048,2424.969,-105.3646731,38.96809284,2410.942,280.395,,NAD83(2011) / UTM zone 13N + NAVD88(GEOID18) height,7,6,8,7,0
165,,468130.527,4313260.3,2422.558,,-105.3678753,38.96773361,2408.536,Global,0.011,0.012,0.014,0.016,1.934,m,FIX,RTK,2025-07-15 16:56:01.4 UTC-06:00,2025-07-15 16:56:04.4 UTC-06:00,16,1.3,1.5,468408.098,4313299.048,2424.969,-105.3646731,38.96809284,2410.942,280.476,,NAD83(2011) / UTM zone 13N + NAVD88(GEOID18) height,7,6,7,7,0
166,,468130.467,4313259.827,2422.585,,-105.3678759,38.96772935,2408.563,Global,0.014,0.011,0.013,0.017,1.934,m,FIX,RTK,2025-07-15 16:56:10.8 UTC-06:00,2025-07-15 16:56:13.8 UTC-06:00,16,1.4,1.6,468408.098,4313299.048,2424.969,-105.3646731,38.96809284,2410.942,280.613,,NAD83(2011) / UTM zone 13N + NAVD88(GEOID18) height,7,6,8,7,0
167,,468130.43,4313259.365,2422.687,,-105.3678763,38.96772519,2408.665,Global,0.011,0.011,0.021,0.015,1.934,m,FIX,RTK,2025-07-15 16:56:22.0 UTC-06:00,2025-07-15 16:56:25.0 UTC-06:00,16,1.4,1.6,468408.098,4313299.048,2424.969,-105.3646731,38.96809284,2410.942,280.704,,NAD83(2011) / UTM zone 13N + NAVD88(GEOID18) height,7,6,8,7,0
168,,468130.349,4313258.831,2422.813,,-105.3678772,38.96772037,2408.791,Global,0.01,0.011,0.011,0.015,1.934,m,FIX,RTK,2025-07-15 16:56:33.6 UTC-06:00,2025-07-15 16:56:36.6 UTC-06:00,16,1.4,1.6,468408.098,4313299.048,2424.969,-105.3646731,38.96809284,2410.942,280.863,,NAD83(2011) / UTM zone 13N + NAVD88(GEOID18) height,7,6,8,7,0
169,,468130.333,4313258.339,2422.847,,-105.3678774,38.96771594,2408.825,Global,0.01,0.011,0.015,0.015,1.934,m,FIX,RTK,2025-07-15 16:56:48.0 UTC-06:00,2025-07-15 16:56:51.0 UTC-06:00,16,1.4,1.6,468408.098,4313299.048,2424.969,-105.3646731,38.96809284,2410.942,280.944,,NAD83(2011) / UTM zone 13N + NAVD88(GEOID18) height,7,6,8,7,0
170,,468130.245,4313257.845,2422.939,,-105.3678784,38.96771148,2408.916,Global,0.01,0.011,0.013,0.015,1.934,m,FIX,RTK,2025-07-15 16:57:02.2 UTC-06:00,2025-07-15 16:57:05.2 UTC-06:00,16,1.6,1.8,468408.098,4313299.048,2424.969,-105.3646731,38.96809284,2410.942,281.11,,NAD83(2011) / UTM zone 13N + NAVD88(GEOID18) height,7,6,8,7,0
171,,468130.16,4313257.383,2423.174,,-105.3678794,38.96770732,2409.152,Global,0.011,0.01,0.016,0.015,1.934,m,FIX,RTK,2025-07-15 16:57:15.2 UTC-06:00,2025-07-15 16:57:18.2 UTC-06:00,16,1.6,1.8,468408.098,4313299.048,2424.969,-105.3646731,38.96809284,2410.942,281.256,,NAD83(2011) / UTM zone 13N + NAVD88(GEOID18) height,7,6,8,7,0
172,,468130.09,4313256.89,2423.207,,-105.3678802,38.96770287,2409.185,Global,0.01,0.01,0.012,0.015,1.934,m,FIX,RTK,2025-07-15 16:57:27.2 UTC-06:00,2025-07-15 16:57:30.2 UTC-06:00,16,1.5,1.8,468408.098,4313299.048,2424.969,-105.3646731,38.96809284,2410.942,281.4,,NAD83(2011) / UTM zone 13N + NAVD88(GEOID18) height,7,6,7,7,0
173,,468130.037,4313256.415,2423.421,,-105.3678807,38.96769859,2409.399,Global,0.011,0.011,0.018,0.015,1.934,m,FIX,RTK,2025-07-15 16:57:37.4 UTC-06:00,2025-07-15 16:57:40.4 UTC-06:00,16,1.6,1.9,468408.098,4313299.048,2424.969,-105.3646731,38.96809284,2410.942,281.531,,NAD83(2011) / UTM zone 13N + NAVD88(GEOID18) height,7,6,7,6,0
174,,468129.93,4313255.939,2423.479,,-105.367882,38.9676943,2409.457,Global,0.011,0.011,0.02,0.015,1.934,m,FIX,RTK,2025-07-15 16:57:46.2 UTC-06:00,2025-07-15 16:57:49.2 UTC-06:00,16,1.5,1.8,468408.098,4313299.048,2424.969,-105.3646731,38.96809284,2410.942,281.702,,NAD83(2011) / UTM zone 13N + NAVD88(GEOID18) height,7,6,8,7,0
175,,468129.877,4313255.488,2423.642,,-105.3678825,38.96769023,2409.62,Global,0.01,0.01,0.018,0.014,1.934,m,FIX,RTK,2025-07-15 16:57:58.2 UTC-06:00,2025-07-15 16:58:01.2 UTC-06:00,16,1.4,1.7,468408.098,4313299.048,2424.969,-105.3646731,38.96809284,2410.942,281.831,,NAD83(2011) / UTM zone 13N + NAVD88(GEOID18) height,7,6,8,7,0
176,,468129.763,4313255.006,2423.725,,-105.3678838,38.96768588,2409.703,Global,0.01,0.013,0.02,0.017,1.934,m,FIX,RTK,2025-07-15 16:58:27.6 UTC-06:00,2025-07-15 16:58:30.6 UTC-06:00,16,1.6,1.9,468408.098,4313299.048,2424.969,-105.3646731,38.96809284,2410.942,282.011,,NAD83(2011) / UTM zone 13N + NAVD88(GEOID18) height,6,6,8,6,0
177,,468129.743,4313254.551,2423.898,,-105.367884,38.96768178,2409.875,Global,0.01,0.01,0.014,0.015,1.934,m,FIX,RTK,2025-07-15 16:58:44.2 UTC-06:00,2025-07-15 16:58:47.2 UTC-06:00,16,1.6,1.8,468408.098,4313299.048,2424.969,-105.3646731,38.96809284,2410.942,282.105,,NAD83(2011) / UTM zone 13N + NAVD88(GEOID18) height,6,6,8,7,0
178,,468129.509,4313254.072,2424.281,,-105.3678867,38.96767746,2410.259,Global,0.011,0.019,0.081,0.022,1.934,m,FLOAT,RTK,2025-07-15 16:59:50.8 UTC-06:00,2025-07-15 16:59:53.8 UTC-06:00,16,1.7,2,468408.098,4313299.048,2424.969,-105.3646731,38.96809284,2410.942,282.412,,NAD83(2011) / UTM zone 13N + NAVD88(GEOID18) height,6,7,8,6,0
179,,468129.601,4313253.532,2424.102,,-105.3678856,38.96767259,2410.08,Global,0.011,0.012,0.028,0.016,1.934,m,FIX,RTK,2025-07-15 17:00:12.4 UTC-06:00,2025-07-15 17:00:15.4 UTC-06:00,16,1.6,1.8,468408.098,4313299.048,2424.969,-105.3646731,38.96809284,2410.942,282.409,,NAD83(2011) / UTM zone 13N + NAVD88(GEOID18) height,7,7,8,6,0
180,,468129.555,4313253.467,2424.197,,-105.3678862,38.96767201,2410.175,Global,0.01,0.011,0.022,0.015,1.934,m,FIX,RTK,2025-07-15 17:00:30.6 UTC-06:00,2025-07-15 17:00:33.6 UTC-06:00,16,1.5,1.8,468408.098,4313299.048,2424.969,-105.3646731,38.96809284,2410.942,282.472,,NAD83(2011) / UTM zone 13N + NAVD88(GEOID18) height,7,6,8,6,0
181,,468129.557,4313253.45,2424.194,,-105.3678861,38.96767186,2410.172,Global,0.011,0.012,0.02,0.016,1.934,m,FIX,RTK,2025-07-15 17:00:46.6 UTC-06:00,2025-07-15 17:01:16.6 UTC-06:00,151,1.7,2,468408.098,4313299.048,2424.969,-105.3646731,38.96809284,2410.942,282.462,,NAD83(2011) / UTM zone 13N + NAVD88(GEOID18) height,7,7,8,5,0
182,,468129.441,4313253.44,2424.166,,-105.3678875,38.96767176,2410.144,Global,0.011,0.011,0.021,0.015,1.934,m,FIX,RTK,2025-07-15 17:01:36.0 UTC-06:00,2025-07-15 17:01:39.0 UTC-06:00,16,1.6,1.9,468408.098,4313299.048,2424.969,-105.3646731,38.96809284,2410.942,282.587,,NAD83(2011) / UTM zone 13N + NAVD88(GEOID18) height,6,7,8,6,0
183,,468129.573,4313253.561,2424.095,,-105.367886,38.96767285,2410.073,Global,0.01,0.011,0.019,0.015,1.934,m,FIX,RTK,2025-07-15 17:01:46.4 UTC-06:00,2025-07-15 17:01:49.4 UTC-06:00,16,1.6,1.8,468408.098,4313299.048,2424.969,-105.3646731,38.96809284,2410.942,282.431,,NAD83(2011) / UTM zone 13N + NAVD88(GEOID18) height,7,7,8,6,0
184,,468129.673,4313253.412,2424.119,,-105.3678848,38.96767151,2410.097,Global,0.01,0.01,0.015,0.014,1.934,m,FIX,RTK,2025-07-15 17:01:57.8 UTC-06:00,2025-07-15 17:02:00.8 UTC-06:00,16,1.5,1.8,468408.098,4313299.048,2424.969,-105.3646731,38.96809284,2410.942,282.358,,NAD83(2011) / UTM zone 13N + NAVD88(GEOID18) height,7,7,8,5,0
185,,468129.554,4313253.328,2424.127,,-105.3678862,38.96767075,2410.105,Global,0.01,0.01,0.019,0.014,1.934,m,FIX,RTK,2025-07-15 17:02:16.8 UTC-06:00,2025-07-15 17:02:19.8 UTC-06:00,15,1.6,1.9,468408.098,4313299.048,2424.969,-105.3646731,38.96809284,2410.942,282.493,,NAD83(2011) / UTM zone 13N + NAVD88(GEOID18) height,7,6,8,4,0
186,,468129.553,4313253.448,2424.204,,-105.3678862,38.96767184,2410.182,Global,0.01,0.01,0.018,0.015,1.934,m,FIX,RTK,2025-07-15 17:02:31.8 UTC-06:00,2025-07-15 17:02:34.8 UTC-06:00,16,1.5,1.7,468408.098,4313299.048,2424.969,-105.3646731,38.96809284,2410.942,282.469,,NAD83(2011) / UTM zone 13N + NAVD88(GEOID18) height,7,6,8,6,0
187,,468035.551,4313286.833,2423.12,,-105.3689728,38.96796925,2409.101,Global,0.01,0.01,0.01,0.015,1.934,m,FIX,RTK,2025-07-15 17:16:27.0 UTC-06:00,2025-07-15 17:16:30.0 UTC-06:00,16,1.4,1.6,468408.098,4313299.048,2424.969,-105.3646731,38.96809284,2410.942,373.032,,NAD83(2011) / UTM zone 13N + NAVD88(GEOID18) height,7,7,7,5,0
188,,468035.56,4313286.831,2423.128,,-105.3689727,38.96796924,2409.109,Global,0.011,0.011,0.011,0.015,1.934,m,FIX,RTK,2025-07-15 17:16:51.6 UTC-06:00,2025-07-15 17:17:21.6 UTC-06:00,149,1.4,1.6,468408.098,4313299.048,2424.969,-105.3646731,38.96809284,2410.942,373.018,,NAD83(2011) / UTM zone 13N + NAVD88(GEOID18) height,7,7,7,5,0
189,,468035.46,4313286.936,2423.092,,-105.3689739,38.96797018,2409.072,Global,0.012,0.012,0.01,0.017,1.934,m,FIX,RTK,2025-07-15 17:17:37.0 UTC-06:00,2025-07-15 17:17:40.0 UTC-06:00,16,1.4,1.6,468408.098,4313299.048,2424.969,-105.3646731,38.96809284,2410.942,373.118,,NAD83(2011) / UTM zone 13N + NAVD88(GEOID18) height,7,7,8,5,0
190,,468035.615,4313286.992,2423.053,,-105.3689721,38.96797069,2409.033,Global,0.013,0.01,0.01,0.016,1.934,m,FIX,RTK,2025-07-15 17:17:49.4 UTC-06:00,2025-07-15 17:17:52.4 UTC-06:00,16,1.4,1.6,468408.098,4313299.048,2424.969,-105.3646731,38.96809284,2410.942,372.959,,NAD83(2011) / UTM zone 13N + NAVD88(GEOID18) height,7,7,8,5,0
191,,468035.669,4313286.805,2423.065,,-105.3689714,38.96796901,2409.045,Global,0.012,0.02,0.01,0.023,1.934,m,FIX,RTK,2025-07-15 17:17:57.0 UTC-06:00,2025-07-15 17:18:00.0 UTC-06:00,16,1.4,1.6,468408.098,4313299.048,2424.969,-105.3646731,38.96809284,2410.942,372.917,,NAD83(2011) / UTM zone 13N + NAVD88(GEOID18) height,7,7,7,5,0
192,,468035.542,4313286.746,2423.096,,-105.3689729,38.96796846,2409.077,Global,0.015,0.011,0.011,0.019,1.934,m,FIX,RTK,2025-07-15 17:18:05.2 UTC-06:00,2025-07-15 17:18:08.2 UTC-06:00,16,1.4,1.6,468408.098,4313299.048,2424.969,-105.3646731,38.96809284,2410.942,373.055,,NAD83(2011) / UTM zone 13N + NAVD88(GEOID18) height,7,7,7,5,0
193,,468035.55,4313286.834,2423.127,,-105.3689728,38.96796926,2409.107,Global,0.011,0.013,0.01,0.017,1.934,m,FIX,RTK,2025-07-15 17:18:17.0 UTC-06:00,2025-07-15 17:18:20.0 UTC-06:00,16,1.4,1.6,468408.098,4313299.048,2424.969,-105.3646731,38.96809284,2410.942,373.033,,NAD83(2011) / UTM zone 13N + NAVD88(GEOID18) height,7,7,7,5,0
194,,468035.624,4313287.053,2423.027,,-105.368972,38.96797123,2409.008,Global,0.01,0.011,0.01,0.015,1.934,m,FIX,RTK,2025-07-15 17:18:30.0 UTC-06:00,2025-07-15 17:18:33.0 UTC-06:00,16,1.4,1.6,468408.098,4313299.048,2424.969,-105.3646731,38.96809284,2410.942,372.946,,NAD83(2011) / UTM zone 13N + NAVD88(GEOID18) height,7,6,8,5,0
195,,468035.712,4313287.261,2423.004,,-105.368971,38.96797312,2408.984,Global,0.014,0.01,0.01,0.017,1.934,m,FIX,RTK,2025-07-15 17:18:38.4 UTC-06:00,2025-07-15 17:18:41.4 UTC-06:00,16,1.4,1.6,468408.098,4313299.048,2424.969,-105.3646731,38.96809284,2410.942,372.867,,NAD83(2011) / UTM zone 13N + NAVD88(GEOID18) height,7,7,7,5,0
196,,468035.734,4313287.416,2422.898,,-105.3689707,38.96797451,2408.878,Global,0.017,0.011,0.01,0.02,1.934,m,FIX,RTK,2025-07-15 17:18:50.4 UTC-06:00,2025-07-15 17:18:53.4 UTC-06:00,16,1.4,1.6,468408.098,4313299.048,2424.969,-105.3646731,38.96809284,2410.942,372.824,,NAD83(2011) / UTM zone 13N + NAVD88(GEOID18) height,7,7,8,5,0
197,,468035.806,4313287.63,2422.733,,-105.3689699,38.96797645,2408.713,Global,0.011,0.011,0.01,0.015,1.934,m,FIX,RTK,2025-07-15 17:19:01.4 UTC-06:00,2025-07-15 17:19:04.4 UTC-06:00,16,1.4,1.6,468408.098,4313299.048,2424.969,-105.3646731,38.96809284,2410.942,372.759,,NAD83(2011) / UTM zone 13N + NAVD88(GEOID18) height,7,7,8,5,0
198,,468035.852,4313287.784,2422.703,,-105.3689694,38.96797783,2408.683,Global,0.011,0.01,0.01,0.015,1.934,m,FIX,RTK,2025-07-15 17:19:09.6 UTC-06:00,2025-07-15 17:19:12.6 UTC-06:00,16,1.4,1.6,468408.098,4313299.048,2424.969,-105.3646731,38.96809284,2410.942,372.704,,NAD83(2011) / UTM zone 13N + NAVD88(GEOID18) height,7,7,8,5,0
199,,468035.883,4313288.003,2422.625,,-105.368969,38.96797981,2408.605,Global,0.023,0.017,0.01,0.029,1.934,m,FIX,RTK,2025-07-15 17:19:18.0 UTC-06:00,2025-07-15 17:19:21.0 UTC-06:00,16,1.4,1.6,468408.098,4313299.048,2424.969,-105.3646731,38.96809284,2410.942,372.69,,NAD83(2011) / UTM zone 13N + NAVD88(GEOID18) height,7,6,8,5,0
200,,468035.99,4313288.186,2422.193,,-105.3689678,38.96798146,2408.173,Global,0.011,0.01,0.01,0.015,1.934,m,FIX,RTK,2025-07-15 17:19:33.0 UTC-06:00,2025-07-15 17:19:36.0 UTC-06:00,16,1.4,1.6,468408.098,4313299.048,2424.969,-105.3646731,38.96809284,2410.942,372.559,,NAD83(2011) / UTM zone 13N + NAVD88(GEOID18) height,8,6,7,5,0
201,,468036.086,4313288.377,2422.636,,-105.3689667,38.96798318,2408.617,Global,0.012,0.01,0.01,0.016,1.934,m,FIX,RTK,2025-07-15 17:19:43.6 UTC-06:00,2025-07-15 17:19:46.6 UTC-06:00,16,1.4,1.6,468408.098,4313299.048,2424.969,-105.3646731,38.96809284,2410.942,372.438,,NAD83(2011) / UTM zone 13N + NAVD88(GEOID18) height,7,6,7,5,0
202,,468036.173,4313288.53,2422.705,,-105.3689657,38.96798457,2408.686,Global,0.017,0.012,0.01,0.02,1.934,m,FIX,RTK,2025-07-15 17:19:53.2 UTC-06:00,2025-07-15 17:19:56.2 UTC-06:00,16,1.4,1.6,468408.098,4313299.048,2424.969,-105.3646731,38.96809284,2410.942,372.377,,NAD83(2011) / UTM zone 13N + NAVD88(GEOID18) height,8,6,7,5,0
203,,468036.224,4313288.75,2422.771,,-105.3689651,38.96798655,2408.751,Global,0.011,0.011,0.01,0.016,1.934,m,FIX,RTK,2025-07-15 17:20:01.8 UTC-06:00,2025-07-15 17:20:04.8 UTC-06:00,16,1.4,1.6,468408.098,4313299.048,2424.969,-105.3646731,38.96809284,2410.942,372.296,,NAD83(2011) / UTM zone 13N + NAVD88(GEOID18) height,7,6,7,5,0
204,,468036.296,4313288.924,2422.924,,-105.3689643,38.96798812,2408.905,Global,0.011,0.011,0.01,0.015,1.934,m,FIX,RTK,2025-07-15 17:20:10.4 UTC-06:00,2025-07-15 17:20:13.4 UTC-06:00,16,1.4,1.6,468408.098,4313299.048,2424.969,-105.3646731,38.96809284,2410.942,372.22,,NAD83(2011) / UTM zone 13N + NAVD88(GEOID18) height,8,6,7,5,0
205,,468036.367,4313289.107,2422.797,,-105.3689635,38.96798978,2408.778,Global,0.011,0.012,0.01,0.016,1.934,m,FIX,RTK,2025-07-15 17:20:30.8 UTC-06:00,2025-07-15 17:20:33.8 UTC-06:00,16,1.4,1.6,468408.098,4313299.048,2424.969,-105.3646731,38.96809284,2410.942,372.15,,NAD83(2011) / UTM zone 13N + NAVD88(GEOID18) height,8,6,7,5,0
206,,468036.415,4313289.324,2422.574,,-105.368963,38.96799173,2408.554,Global,0.011,0.011,0.01,0.015,1.934,m,FIX,RTK,2025-07-15 17:20:41.8 UTC-06:00,2025-07-15 17:20:44.8 UTC-06:00,16,1.4,1.6,468408.098,4313299.048,2424.969,-105.3646731,38.96809284,2410.942,372.093,,NAD83(2011) / UTM zone 13N + NAVD88(GEOID18) height,8,6,7,5,0
207,,468036.464,4313289.503,2422.487,,-105.3689624,38.96799334,2408.467,Global,0.012,0.022,0.01,0.025,1.934,m,FIX,RTK,2025-07-15 17:20:53.8 UTC-06:00,2025-07-15 17:20:56.8 UTC-06:00,16,1.4,1.6,468408.098,4313299.048,2424.969,-105.3646731,38.96809284,2410.942,372.041,,NAD83(2011) / UTM zone 13N + NAVD88(GEOID18) height,8,6,8,5,0
208,,468036.513,4313289.661,2422.436,,-105.3689618,38.96799477,2408.416,Global,0.012,0.011,0.01,0.016,1.934,m,FIX,RTK,2025-07-15 17:21:01.6 UTC-06:00,2025-07-15 17:21:04.6 UTC-06:00,16,1.4,1.6,468408.098,4313299.048,2424.969,-105.3646731,38.96809284,2410.942,371.988,,NAD83(2011) / UTM zone 13N + NAVD88(GEOID18) height,7,6,8,5,0
209,,468036.586,4313289.861,2422.329,,-105.368961,38.96799658,2408.309,Global,0.011,0.012,0.01,0.016,1.934,m,FIX,RTK,2025-07-15 17:21:12.8 UTC-06:00,2025-07-15 17:21:15.8 UTC-06:00,16,1.4,1.6,468408.098,4313299.048,2424.969,-105.3646731,38.96809284,2410.942,371.901,,NAD83(2011) / UTM zone 13N + NAVD88(GEOID18) height,7,6,8,5,0
210,,468036.688,4313289.997,2422.274,,-105.3689598,38.96799781,2408.254,Global,0.016,0.014,0.01,0.021,1.934,m,FIX,RTK,2025-07-15 17:21:21.6 UTC-06:00,2025-07-15 17:21:24.6 UTC-06:00,16,1.4,1.6,468408.098,4313299.048,2424.969,-105.3646731,38.96809284,2410.942,371.815,,NAD83(2011) / UTM zone 13N + NAVD88(GEOID18) height,8,6,7,5,0
211,,468036.745,4313290.142,2422.022,,-105.3689592,38.96799911,2408.003,Global,0.011,0.01,0.011,0.015,1.934,m,FIX,RTK,2025-07-15 17:21:31.4 UTC-06:00,2025-07-15 17:21:34.4 UTC-06:00,16,1.4,1.7,468408.098,4313299.048,2424.969,-105.3646731,38.96809284,2410.942,371.748,,NAD83(2011) / UTM zone 13N + NAVD88(GEOID18) height,8,6,8,5,0
212,,468036.855,4313290.165,2421.808,,-105.3689579,38.96799933,2407.788,Global,0.011,0.014,0.011,0.018,1.934,m,FIX,RTK,2025-07-15 17:21:45.6 UTC-06:00,2025-07-15 17:21:48.6 UTC-06:00,16,1.5,1.7,468408.098,4313299.048,2424.969,-105.3646731,38.96809284,2410.942,371.636,,NAD83(2011) / UTM zone 13N + NAVD88(GEOID18) height,8,6,7,5,0
213,,468036.743,4313290.433,2421.757,,-105.3689592,38.96800174,2407.738,Global,0.011,0.013,0.01,0.017,1.934,m,FIX,RTK,2025-07-15 17:22:07.8 UTC-06:00,2025-07-15 17:22:10.8 UTC-06:00,16,1.4,1.7,468408.098,4313299.048,2424.969,-105.3646731,38.96809284,2410.942,371.744,,NAD83(2011) / UTM zone 13N + NAVD88(GEOID18) height,7,6,8,5,0
214,,468036.835,4313290.653,2421.68,,-105.3689582,38.96800372,2407.661,Global,0.012,0.016,0.013,0.02,1.934,m,FIX,RTK,2025-07-15 17:22:14.8 UTC-06:00,2025-07-15 17:22:17.8 UTC-06:00,16,1.4,1.7,468408.098,4313299.048,2424.969,-105.3646731,38.96809284,2410.942,371.646,,NAD83(2011) / UTM zone 13N + NAVD88(GEOID18) height,7,6,8,5,0
215,,468036.825,4313290.88,2421.653,,-105.3689583,38.96800577,2407.633,Global,0.011,0.011,0.012,0.015,1.934,m,FIX,RTK,2025-07-15 17:22:23.8 UTC-06:00,2025-07-15 17:22:26.8 UTC-06:00,16,1.4,1.7,468408.098,4313299.048,2424.969,-105.3646731,38.96809284,2410.942,371.649,,NAD83(2011) / UTM zone 13N + NAVD88(GEOID18) height,7,6,7,5,0
216,,468036.872,4313291.093,2421.676,,-105.3689578,38.96800768,2407.656,Global,0.011,0.012,0.013,0.016,1.934,m,FIX,RTK,2025-07-15 17:22:32.4 UTC-06:00,2025-07-15 17:22:35.4 UTC-06:00,16,1.4,1.7,468408.098,4313299.048,2424.969,-105.3646731,38.96809284,2410.942,371.605,,NAD83(2011) / UTM zone 13N + NAVD88(GEOID18) height,7,6,8,5,0
217,,468036.855,4313291.322,2421.639,,-105.368958,38.96800975,2407.619,Global,0.011,0.01,0.01,0.015,1.934,m,FIX,RTK,2025-07-15 17:22:41.0 UTC-06:00,2025-07-15 17:22:44.0 UTC-06:00,16,1.5,1.8,468408.098,4313299.048,2424.969,-105.3646731,38.96809284,2410.942,371.602,,NAD83(2011) / UTM zone 13N + NAVD88(GEOID18) height,8,6,8,5,0
218,,468037.008,4313291.53,2421.953,,-105.3689562,38.96801163,2407.933,Global,0.011,0.014,0.011,0.018,1.934,m,FIX,RTK,2025-07-15 17:22:51.8 UTC-06:00,2025-07-15 17:22:54.8 UTC-06:00,16,1.5,1.8,468408.098,4313299.048,2424.969,-105.3646731,38.96809284,2410.942,371.446,,NAD83(2011) / UTM zone 13N + NAVD88(GEOID18) height,7,6,8,5,0
219,,468037.151,4313291.731,2421.65,,-105.3689546,38.96801344,2407.631,Global,0.016,0.012,0.01,0.02,1.934,m,FIX,RTK,2025-07-15 17:23:05.2 UTC-06:00,2025-07-15 17:23:08.2 UTC-06:00,16,1.5,1.8,468408.098,4313299.048,2424.969,-105.3646731,38.96809284,2410.942,371.3,,NAD83(2011) / UTM zone 13N + NAVD88(GEOID18) height,8,6,8,5,0
220,,468037.261,4313291.978,2421.662,,-105.3689533,38.96801568,2407.643,Global,0.013,0.012,0.011,0.018,1.934,m,FIX,RTK,2025-07-15 17:23:14.2 UTC-06:00,2025-07-15 17:23:17.2 UTC-06:00,16,1.4,1.7,468408.098,4313299.048,2424.969,-105.3646731,38.96809284,2410.942,371.209,,NAD83(2011) / UTM zone 13N + NAVD88(GEOID18) height,7,6,8,5,0
221,,468037.307,4313292.182,2421.638,,-105.3689528,38.96801752,2407.619,Global,0.017,0.012,0.01,0.021,1.934,m,FIX,RTK,2025-07-15 17:23:22.0 UTC-06:00,2025-07-15 17:23:25.0 UTC-06:00,16,1.5,1.8,468408.098,4313299.048,2424.969,-105.3646731,38.96809284,2410.942,371.121,,NAD83(2011) / UTM zone 13N + NAVD88(GEOID18) height,8,6,8,5,0
222,,468037.334,4313292.403,2421.574,,-105.3689525,38.96801951,2407.554,Global,0.011,0.01,0.011,0.015,1.934,m,FIX,RTK,2025-07-15 17:23:29.6 UTC-06:00,2025-07-15 17:23:32.6 UTC-06:00,16,1.4,1.7,468408.098,4313299.048,2424.969,-105.3646731,38.96809284,2410.942,371.114,,NAD83(2011) / UTM zone 13N + NAVD88(GEOID18) height,7,6,8,5,0
223,,468037.531,4313292.533,2421.539,,-105.3689502,38.96802069,2407.52,Global,0.011,0.01,0.01,0.015,1.934,m,FIX,RTK,2025-07-15 17:23:38.0 UTC-06:00,2025-07-15 17:23:41.0 UTC-06:00,16,1.4,1.7,468408.098,4313299.048,2424.969,-105.3646731,38.96809284,2410.942,370.907,,NAD83(2011) / UTM zone 13N + NAVD88(GEOID18) height,6,6,8,5,0
224,,468037.549,4313292.86,2421.489,,-105.36895,38.96802364,2407.47,Global,0.012,0.011,0.011,0.016,1.934,m,FIX,RTK,2025-07-15 17:23:48.0 UTC-06:00,2025-07-15 17:23:51.0 UTC-06:00,16,1.5,1.8,468408.098,4313299.048,2424.969,-105.3646731,38.96809284,2410.942,370.881,,NAD83(2011) / UTM zone 13N + NAVD88(GEOID18) height,7,6,8,5,0
225,,468037.752,4313293.048,2421.519,,-105.3689477,38.96802533,2407.5,Global,0.014,0.016,0.011,0.021,1.934,m,FIX,RTK,2025-07-15 17:23:57.0 UTC-06:00,2025-07-15 17:24:00.0 UTC-06:00,16,1.8,2.2,468408.098,4313299.048,2424.969,-105.3646731,38.96809284,2410.942,370.7,,NAD83(2011) / UTM zone 13N + NAVD88(GEOID18) height,6,6,8,5,0
226,,468037.809,4313293.304,2421.48,,-105.3689471,38.96802765,2407.461,Global,0.015,0.011,0.011,0.018,1.934,m,FIX,RTK,2025-07-15 17:24:05.0 UTC-06:00,2025-07-15 17:24:08.0 UTC-06:00,16,1.7,2,468408.098,4313299.048,2424.969,-105.3646731,38.96809284,2410.942,370.633,,NAD83(2011) / UTM zone 13N + NAVD88(GEOID18) height,6,6,8,5,0
227,,468037.807,4313293.492,2421.465,,-105.3689471,38.96802934,2407.446,Global,0.02,0.013,0.01,0.023,1.934,m,FIX,RTK,2025-07-15 17:24:12.0 UTC-06:00,2025-07-15 17:24:15.0 UTC-06:00,16,1.7,2,468408.098,4313299.048,2424.969,-105.3646731,38.96809284,2410.942,370.626,,NAD83(2011) / UTM zone 13N + NAVD88(GEOID18) height,6,6,8,5,0
228,,468037.834,4313293.69,2421.471,,-105.3689468,38.96803112,2407.452,Global,0.012,0.017,0.01,0.021,1.934,m,FIX,RTK,2025-07-15 17:24:19.6 UTC-06:00,2025-07-15 17:24:22.6 UTC-06:00,16,1.7,2,468408.098,4313299.048,2424.969,-105.3646731,38.96809284,2410.942,370.584,,NAD83(2011) / UTM zone 13N + NAVD88(GEOID18) height,7,6,8,4,0
229,,468037.909,4313294.045,2421.455,,-105.3689459,38.96803433,2407.436,Global,0.021,0.014,0.011,0.025,1.934,m,FIX,RTK,2025-07-15 17:24:32.6 UTC-06:00,2025-07-15 17:24:35.6 UTC-06:00,16,1.7,2,468408.098,4313299.048,2424.969,-105.3646731,38.96809284,2410.942,370.494,,NAD83(2011) / UTM zone 13N + NAVD88(GEOID18) height,7,6,8,4,0
230,,468037.998,4313294.28,2421.452,,-105.3689449,38.96803644,2407.432,Global,0.011,0.012,0.011,0.016,1.934,m,FIX,RTK,2025-07-15 17:24:41.0 UTC-06:00,2025-07-15 17:24:44.0 UTC-06:00,16,1.7,2,468408.098,4313299.048,2424.969,-105.3646731,38.96809284,2410.942,370.412,,NAD83(2011) / UTM zone 13N + NAVD88(GEOID18) height,6,6,8,4,0
231,,468038.095,4313294.42,2421.435,,-105.3689438,38.96803771,2407.415,Global,0.013,0.011,0.012,0.017,1.934,m,FIX,RTK,2025-07-15 17:24:48.6 UTC-06:00,2025-07-15 17:24:51.6 UTC-06:00,16,1.7,2,468408.098,4313299.048,2424.969,-105.3646731,38.96809284,2410.942,370.31,,NAD83(2011) / UTM zone 13N + NAVD88(GEOID18) height,7,6,8,4,0
232,,468038.172,4313294.642,2421.393,,-105.3689429,38.96803971,2407.374,Global,0.013,0.015,0.01,0.02,1.934,m,FIX,RTK,2025-07-15 17:25:06.4 UTC-06:00,2025-07-15 17:25:09.4 UTC-06:00,16,1.7,2,468408.098,4313299.048,2424.969,-105.3646731,38.96809284,2410.942,370.231,,NAD83(2011) / UTM zone 13N + NAVD88(GEOID18) height,8,6,7,4,0
233,,468038.218,4313294.798,2421.376,,-105.3689424,38.96804112,2407.356,Global,0.014,0.011,0.013,0.018,1.934,m,FIX,RTK,2025-07-15 17:25:15.4 UTC-06:00,2025-07-15 17:25:18.4 UTC-06:00,16,1.7,2,468408.098,4313299.048,2424.969,-105.3646731,38.96809284,2410.942,370.183,,NAD83(2011) / UTM zone 13N + NAVD88(GEOID18) height,7,6,7,4,0
234,,468038.316,4313295.037,2421.357,,-105.3689413,38.96804328,2407.337,Global,0.011,0.01,0.012,0.015,1.934,m,FIX,RTK,2025-07-15 17:25:23.2 UTC-06:00,2025-07-15 17:25:26.2 UTC-06:00,16,1.7,2,468408.098,4313299.048,2424.969,-105.3646731,38.96809284,2410.942,370.086,,NAD83(2011) / UTM zone 13N + NAVD88(GEOID18) height,8,6,7,4,0
235,,468038.353,4313295.193,2421.343,,-105.3689409,38.96804469,2407.323,Global,0.011,0.011,0.011,0.016,1.934,m,FIX,RTK,2025-07-15 17:25:30.8 UTC-06:00,2025-07-15 17:25:33.8 UTC-06:00,16,1.7,2,468408.098,4313299.048,2424.969,-105.3646731,38.96809284,2410.942,370.047,,NAD83(2011) / UTM zone 13N + NAVD88(GEOID18) height,8,6,7,5,0
236,,468038.402,4313295.366,2421.337,,-105.3689403,38.96804625,2407.318,Global,0.012,0.013,0.013,0.018,1.934,m,FIX,RTK,2025-07-15 17:25:38.0 UTC-06:00,2025-07-15 17:25:41.0 UTC-06:00,16,1.7,2,468408.098,4313299.048,2424.969,-105.3646731,38.96809284,2410.942,369.991,,NAD83(2011) / UTM zone 13N + NAVD88(GEOID18) height,8,6,7,4,0
237,,468038.5,4313295.526,2421.296,,-105.3689392,38.96804769,2407.276,Global,0.012,0.014,0.011,0.018,1.934,m,FIX,RTK,2025-07-15 17:25:44.8 UTC-06:00,2025-07-15 17:25:47.8 UTC-06:00,16,1.7,2,468408.098,4313299.048,2424.969,-105.3646731,38.96809284,2410.942,369.903,,NAD83(2011) / UTM zone 13N + NAVD88(GEOID18) height,6,6,7,4,0
238,,468038.644,4313295.763,2421.337,,-105.3689375,38.96804984,2407.317,Global,0.015,0.012,0.011,0.019,1.934,m,FIX,RTK,2025-07-15 17:25:53.4 UTC-06:00,2025-07-15 17:25:56.4 UTC-06:00,16,1.7,2,468408.098,4313299.048,2424.969,-105.3646731,38.96809284,2410.942,369.743,,NAD83(2011) / UTM zone 13N + NAVD88(GEOID18) height,6,6,7,5,0
239,,468038.712,4313295.979,2421.349,,-105.3689367,38.96805178,2407.329,Global,0.012,0.011,0.011,0.017,1.934,m,FIX,RTK,2025-07-15 17:26:01.4 UTC-06:00,2025-07-15 17:26:04.4 UTC-06:00,16,1.7,2,468408.098,4313299.048,2424.969,-105.3646731,38.96809284,2410.942,369.694,,NAD83(2011) / UTM zone 13N + NAVD88(GEOID18) height,6,6,7,5,0
240,,468038.789,4313296.122,2421.351,,-105.3689359,38.96805308,2407.331,Global,0.015,0.012,0.011,0.019,1.934,m,FIX,RTK,2025-07-15 17:26:08.8 UTC-06:00,2025-07-15 17:26:11.8 UTC-06:00,16,1.7,2,468408.098,4313299.048,2424.969,-105.3646731,38.96809284,2410.942,369.596,,NAD83(2011) / UTM zone 13N + NAVD88(GEOID18) height,8,6,7,4,0
241,,468038.85,4313296.398,2421.366,,-105.3689352,38.96805556,2407.346,Global,0.011,0.012,0.011,0.017,1.934,m,FIX,RTK,2025-07-15 17:26:17.4 UTC-06:00,2025-07-15 17:26:20.4 UTC-06:00,16,1.7,2,468408.098,4313299.048,2424.969,-105.3646731,38.96809284,2410.942,369.548,,NAD83(2011) / UTM zone 13N + NAVD88(GEOID18) height,6,6,7,4,0
242,,468038.929,4313296.593,2421.359,,-105.3689343,38.96805732,2407.34,Global,0.013,0.011,0.011,0.016,1.934,m,FIX,RTK,2025-07-15 17:26:26.0 UTC-06:00,2025-07-15 17:26:29.0 UTC-06:00,16,1.7,2,468408.098,4313299.048,2424.969,-105.3646731,38.96809284,2410.942,369.462,,NAD83(2011) / UTM zone 13N + NAVD88(GEOID18) height,7,6,7,5,0
243,,468039.056,4313296.857,2421.375,,-105.3689328,38.96805971,2407.355,Global,0.011,0.012,0.013,0.016,1.934,m,FIX,RTK,2025-07-15 17:26:34.8 UTC-06:00,2025-07-15 17:26:37.8 UTC-06:00,16,1.7,2,468408.098,4313299.048,2424.969,-105.3646731,38.96809284,2410.942,369.331,,NAD83(2011) / UTM zone 13N + NAVD88(GEOID18) height,7,7,7,3,0
244,,468039.117,4313297.126,2421.312,,-105.3689321,38.96806213,2407.292,Global,0.013,0.011,0.013,0.017,1.934,m,FIX,RTK,2025-07-15 17:26:42.6 UTC-06:00,2025-07-15 17:26:45.6 UTC-06:00,16,1.6,1.8,468408.098,4313299.048,2424.969,-105.3646731,38.96809284,2410.942,369.271,,NAD83(2011) / UTM zone 13N + NAVD88(GEOID18) height,6,7,7,3,0
245,,468039.105,4313297.13,2421.271,,-105.3689323,38.96806217,2407.252,Global,0.011,0.013,0.012,0.017,1.934,m,FIX,RTK,2025-07-15 17:26:55.0 UTC-06:00,2025-07-15 17:26:58.0 UTC-06:00,16,1.7,2,468408.098,4313299.048,2424.969,-105.3646731,38.96809284,2410.942,369.279,,NAD83(2011) / UTM zone 13N + NAVD88(GEOID18) height,7,7,7,3,0
246,,468039.168,4313297.341,2421.252,,-105.3689315,38.96806407,2407.232,Global,0.012,0.012,0.011,0.017,1.934,m,FIX,RTK,2025-07-15 17:27:03.6 UTC-06:00,2025-07-15 17:27:06.6 UTC-06:00,16,1.7,2,468408.098,4313299.048,2424.969,-105.3646731,38.96809284,2410.942,369.215,,NAD83(2011) / UTM zone 13N + NAVD88(GEOID18) height,6,7,7,4,0
247,,468039.29,4313297.606,2421.196,,-105.3689302,38.96806646,2407.176,Global,0.016,0.011,0.012,0.02,1.934,m,FIX,RTK,2025-07-15 17:27:13.2 UTC-06:00,2025-07-15 17:27:16.2 UTC-06:00,16,1.7,2,468408.098,4313299.048,2424.969,-105.3646731,38.96809284,2410.942,369.109,,NAD83(2011) / UTM zone 13N + NAVD88(GEOID18) height,7,7,7,4,0
248,,468039.376,4313297.771,2421.201,,-105.3689292,38.96806795,2407.181,Global,0.013,0.018,0.011,0.023,1.934,m,FIX,RTK,2025-07-15 17:27:23.2 UTC-06:00,2025-07-15 17:27:26.2 UTC-06:00,16,1.8,2.2,468408.098,4313299.048,2424.969,-105.3646731,38.96809284,2410.942,369.017,,NAD83(2011) / UTM zone 13N + NAVD88(GEOID18) height,8,7,7,4,0
249,,468039.527,4313298.022,2421.177,,-105.3689274,38.96807022,2407.157,Global,0.014,0.012,0.015,0.018,1.934,m,FIX,RTK,2025-07-15 17:27:32.8 UTC-06:00,2025-07-15 17:27:35.8 UTC-06:00,16,1.8,2.2,468408.098,4313299.048,2424.969,-105.3646731,38.96809284,2410.942,368.865,,NAD83(2011) / UTM zone 13N + NAVD88(GEOID18) height,8,7,7,3,0
250,,468039.55,4313298.396,2421.285,,-105.3689272,38.96807359,2407.266,Global,0.012,0.011,0.013,0.017,1.934,m,FIX,RTK,2025-07-15 17:27:45.6 UTC-06:00,2025-07-15 17:27:48.6 UTC-06:00,16,1.7,2,468408.098,4313299.048,2424.969,-105.3646731,38.96809284,2410.942,368.832,,NAD83(2011) / UTM zone 13N + NAVD88(GEOID18) height,6,7,6,3,0
251,,468039.698,4313298.535,2421.358,,-105.3689255,38.96807485,2407.339,Global,0.014,0.014,0.018,0.02,1.934,m,FIX,RTK,2025-07-15 17:27:57.4 UTC-06:00,2025-07-15 17:28:00.4 UTC-06:00,16,1.6,1.8,468408.098,4313299.048,2424.969,-105.3646731,38.96809284,2410.942,368.699,,NAD83(2011) / UTM zone 13N + NAVD88(GEOID18) height,6,7,6,4,0
252,,468039.707,4313298.556,2421.324,,-105.3689254,38.96807504,2407.304,Global,0.014,0.011,0.013,0.017,1.934,m,FIX,RTK,2025-07-15 17:28:11.0 UTC-06:00,2025-07-15 17:28:14.0 UTC-06:00,16,1.6,1.8,468408.098,4313299.048,2424.969,-105.3646731,38.96809284,2410.942,368.689,,NAD83(2011) / UTM zone 13N + NAVD88(GEOID18) height,8,7,6,3,0
253,,468039.705,4313298.671,2421.351,,-105.3689254,38.96807608,2407.331,Global,0.01,0.012,0.013,0.016,1.934,m,FIX,RTK,2025-07-15 17:28:20.2 UTC-06:00,2025-07-15 17:28:23.2 UTC-06:00,16,1.6,1.8,468408.098,4313299.048,2424.969,-105.3646731,38.96809284,2410.942,368.681,,NAD83(2011) / UTM zone 13N + NAVD88(GEOID18) height,6,7,6,3,0
254,,468039.841,4313298.966,2421.358,,-105.3689239,38.96807874,2407.339,Global,0.011,0.018,0.012,0.021,1.934,m,FIX,RTK,2025-07-15 17:28:30.4 UTC-06:00,2025-07-15 17:28:33.4 UTC-06:00,16,1.6,1.8,468408.098,4313299.048,2424.969,-105.3646731,38.96809284,2410.942,368.539,,NAD83(2011) / UTM zone 13N + NAVD88(GEOID18) height,6,7,6,3,0
255,,468039.92,4313299.117,2421.373,,-105.368923,38.9680801,2407.353,Global,0.012,0.011,0.016,0.016,1.934,m,FIX,RTK,2025-07-15 17:28:43.8 UTC-06:00,2025-07-15 17:28:46.8 UTC-06:00,16,1.6,1.8,468408.098,4313299.048,2424.969,-105.3646731,38.96809284,2410.942,368.456,,NAD83(2011) / UTM zone 13N + NAVD88(GEOID18) height,7,7,6,3,0
256,,468040.009,4313299.352,2421.36,,-105.3689219,38.96808223,2407.34,Global,0.011,0.012,0.01,0.016,1.934,m,FIX,RTK,2025-07-15 17:28:53.0 UTC-06:00,2025-07-15 17:28:56.0 UTC-06:00,16,1.6,1.8,468408.098,4313299.048,2424.969,-105.3646731,38.96809284,2410.942,368.371,,NAD83(2011) / UTM zone 13N + NAVD88(GEOID18) height,6,7,6,3,0
257,,468040.129,4313299.539,2421.372,,-105.3689206,38.96808391,2407.353,Global,0.013,0.014,0.011,0.019,1.934,m,FIX,RTK,2025-07-15 17:29:05.2 UTC-06:00,2025-07-15 17:29:08.2 UTC-06:00,16,1.6,1.8,468408.098,4313299.048,2424.969,-105.3646731,38.96809284,2410.942,368.251,,NAD83(2011) / UTM zone 13N + NAVD88(GEOID18) height,7,7,6,3,0
258,,468040.188,4313299.643,2421.373,,-105.3689199,38.96808485,2407.354,Global,0.014,0.011,0.011,0.018,1.934,m,FIX,RTK,2025-07-15 17:29:14.0 UTC-06:00,2025-07-15 17:29:17.0 UTC-06:00,16,1.6,1.8,468408.098,4313299.048,2424.969,-105.3646731,38.96809284,2410.942,368.186,,NAD83(2011) / UTM zone 13N + NAVD88(GEOID18) height,7,7,6,3,0
259,,468040.313,4313299.805,2421.407,,-105.3689184,38.96808632,2407.387,Global,0.011,0.011,0.01,0.016,1.934,m,FIX,RTK,2025-07-15 17:29:21.2 UTC-06:00,2025-07-15 17:29:24.2 UTC-06:00,16,1.6,1.8,468408.098,4313299.048,2424.969,-105.3646731,38.96809284,2410.942,368.067,,NAD83(2011) / UTM zone 13N + NAVD88(GEOID18) height,6,7,6,3,0
260,,468040.365,4313300.014,2421.415,,-105.3689179,38.9680882,2407.395,Global,0.011,0.01,0.012,0.015,1.934,m,FIX,RTK,2025-07-15 17:29:29.0 UTC-06:00,2025-07-15 17:29:32.0 UTC-06:00,16,1.6,1.8,468408.098,4313299.048,2424.969,-105.3646731,38.96809284,2410.942,368.019,,NAD83(2011) / UTM zone 13N + NAVD88(GEOID18) height,6,7,6,3,0
261,,468040.481,4313300.172,2421.413,,-105.3689165,38.96808963,2407.393,Global,0.011,0.015,0.011,0.018,1.934,m,FIX,RTK,2025-07-15 17:29:38.2 UTC-06:00,2025-07-15 17:29:41.2 UTC-06:00,16,1.6,1.8,468408.098,4313299.048,2424.969,-105.3646731,38.96809284,2410.942,367.905,,NAD83(2011) / UTM zone 13N + NAVD88(GEOID18) height,6,7,6,3,0
262,,468040.601,4313300.319,2421.393,,-105.3689151,38.96809096,2407.373,Global,0.01,0.013,0.011,0.016,1.934,m,FIX,RTK,2025-07-15 17:29:47.4 UTC-06:00,2025-07-15 17:29:50.4 UTC-06:00,16,1.8,2.2,468408.098,4313299.048,2424.969,-105.3646731,38.96809284,2410.942,367.784,,NAD83(2011) / UTM zone 13N + NAVD88(GEOID18) height,6,7,6,3,0
263,,468040.686,4313300.564,2421.37,,-105.3689142,38.96809317,2407.35,Global,0.015,0.014,0.013,0.021,1.934,m,FIX,RTK,2025-07-15 17:29:55.6 UTC-06:00,2025-07-15 17:29:58.6 UTC-06:00,16,1.6,1.9,468408.098,4313299.048,2424.969,-105.3646731,38.96809284,2410.942,367.675,,NAD83(2011) / UTM zone 13N + NAVD88(GEOID18) height,7,7,6,3,0
264,,468040.737,4313300.667,2421.35,,-105.3689136,38.9680941,2407.33,Global,0.012,0.011,0.014,0.016,1.934,m,FIX,RTK,2025-07-15 17:30:04.0 UTC-06:00,2025-07-15 17:30:07.0 UTC-06:00,16,1.6,1.9,468408.098,4313299.048,2424.969,-105.3646731,38.96809284,2410.942,367.644,,NAD83(2011) / UTM zone 13N + NAVD88(GEOID18) height,7,7,6,3,0
265,,468040.783,4313300.874,2421.327,,-105.3689131,38.96809597,2407.307,Global,0.01,0.013,0.011,0.016,1.934,m,FIX,RTK,2025-07-15 17:30:11.2 UTC-06:00,2025-07-15 17:30:14.2 UTC-06:00,16,1.8,2.2,468408.098,4313299.048,2424.969,-105.3646731,38.96809284,2410.942,367.603,,NAD83(2011) / UTM zone 13N + NAVD88(GEOID18) height,7,7,6,3,0
266,,468040.882,4313301.051,2421.334,,-105.3689119,38.96809757,2407.315,Global,0.011,0.015,0.018,0.019,1.934,m,FIX,RTK,2025-07-15 17:30:18.0 UTC-06:00,2025-07-15 17:30:21.0 UTC-06:00,16,1.6,1.8,468408.098,4313299.048,2424.969,-105.3646731,38.96809284,2410.942,367.504,,NAD83(2011) / UTM zone 13N + NAVD88(GEOID18) height,7,7,6,3,0
267,,468040.931,4313301.271,2421.271,,-105.3689114,38.96809955,2407.252,Global,0.011,0.01,0.013,0.015,1.934,m,FIX,RTK,2025-07-15 17:30:28.0 UTC-06:00,2025-07-15 17:30:31.0 UTC-06:00,16,1.7,2,468408.098,4313299.048,2424.969,-105.3646731,38.96809284,2410.942,367.464,,NAD83(2011) / UTM zone 13N + NAVD88(GEOID18) height,7,7,6,3,0
268,,468040.877,4313301.678,2421.284,,-105.368912,38.96810322,2407.264,Global,0.011,0.011,0.012,0.015,1.934,m,FIX,RTK,2025-07-15 17:30:40.2 UTC-06:00,2025-07-15 17:30:43.2 UTC-06:00,16,1.6,1.9,468408.098,4313299.048,2424.969,-105.3646731,38.96809284,2410.942,367.517,,NAD83(2011) / UTM zone 13N + NAVD88(GEOID18) height,8,7,6,3,0
269,,468040.979,4313301.857,2421.354,,-105.3689109,38.96810483,2407.334,Global,0.012,0.011,0.013,0.016,1.934,m,FIX,RTK,2025-07-15 17:30:52.8 UTC-06:00,2025-07-15 17:30:55.8 UTC-06:00,16,1.6,1.9,468408.098,4313299.048,2424.969,-105.3646731,38.96809284,2410.942,367.417,,NAD83(2011) / UTM zone 13N + NAVD88(GEOID18) height,7,7,6,3,0
270,,468040.969,4313302.116,2421.381,,-105.368911,38.96810717,2407.361,Global,0.012,0.019,0.02,0.023,1.934,m,FIX,RTK,2025-07-15 17:31:09.0 UTC-06:00,2025-07-15 17:31:12.0 UTC-06:00,16,1.6,1.9,468408.098,4313299.048,2424.969,-105.3646731,38.96809284,2410.942,367.431,,NAD83(2011) / UTM zone 13N + NAVD88(GEOID18) height,7,7,6,3,0
271,,468040.988,4313302.261,2421.317,,-105.3689108,38.96810847,2407.298,Global,0.013,0.011,0.014,0.017,1.934,m,FIX,RTK,2025-07-15 17:31:28.2 UTC-06:00,2025-07-15 17:31:31.2 UTC-06:00,16,1.6,1.9,468408.098,4313299.048,2424.969,-105.3646731,38.96809284,2410.942,367.42,,NAD83(2011) / UTM zone 13N + NAVD88(GEOID18) height,7,7,6,4,0
272,,468040.981,4313302.523,2421.357,,-105.3689109,38.96811084,2407.337,Global,0.012,0.011,0.012,0.017,1.934,m,FIX,RTK,2025-07-15 17:31:35.8 UTC-06:00,2025-07-15 17:31:38.8 UTC-06:00,16,1.7,2,468408.098,4313299.048,2424.969,-105.3646731,38.96809284,2410.942,367.422,,NAD83(2011) / UTM zone 13N + NAVD88(GEOID18) height,7,7,7,3,0
273,,468041.05,4313302.689,2421.386,,-105.3689101,38.96811234,2407.367,Global,0.012,0.01,0.015,0.016,1.934,m,FIX,RTK,2025-07-15 17:31:45.0 UTC-06:00,2025-07-15 17:31:48.0 UTC-06:00,16,1.6,1.9,468408.098,4313299.048,2424.969,-105.3646731,38.96809284,2410.942,367.362,,NAD83(2011) / UTM zone 13N + NAVD88(GEOID18) height,7,7,7,3,0
274,,468041.021,4313302.855,2421.415,,-105.3689104,38.96811383,2407.395,Global,0.012,0.01,0.012,0.016,1.934,m,FIX,RTK,2025-07-15 17:31:58.8 UTC-06:00,2025-07-15 17:32:01.8 UTC-06:00,16,1.7,2,468408.098,4313299.048,2424.969,-105.3646731,38.96809284,2410.942,367.376,,NAD83(2011) / UTM zone 13N + NAVD88(GEOID18) height,7,7,5,3,0
275,,468041.242,4313303.05,2421.665,,-105.3689079,38.9681156,2407.645,Global,0.011,0.015,0.013,0.018,1.934,m,FIX,RTK,2025-07-15 17:32:09.2 UTC-06:00,2025-07-15 17:32:12.2 UTC-06:00,16,1.6,1.9,468408.098,4313299.048,2424.969,-105.3646731,38.96809284,2410.942,367.159,,NAD83(2011) / UTM zone 13N + NAVD88(GEOID18) height,7,7,6,3,0
276,,468041.258,4313303.26,2421.592,,-105.3689077,38.96811749,2407.573,Global,0.016,0.015,0.012,0.022,1.934,m,FIX,RTK,2025-07-15 17:32:23.8 UTC-06:00,2025-07-15 17:32:26.8 UTC-06:00,16,1.5,1.8,468408.098,4313299.048,2424.969,-105.3646731,38.96809284,2410.942,367.144,,NAD83(2011) / UTM zone 13N + NAVD88(GEOID18) height,7,7,6,3,0
277,,468041.298,4313303.435,2421.647,,-105.3689072,38.96811907,2407.627,Global,0.011,0.01,0.012,0.015,1.934,m,FIX,RTK,2025-07-15 17:32:49.0 UTC-06:00,2025-07-15 17:32:52.0 UTC-06:00,16,1.7,2,468408.098,4313299.048,2424.969,-105.3646731,38.96809284,2410.942,367.109,,NAD83(2011) / UTM zone 13N + NAVD88(GEOID18) height,6,7,6,3,0
278,,468041.328,4313303.609,2421.609,,-105.3689069,38.96812063,2407.589,Global,0.011,0.01,0.014,0.015,1.934,m,FIX,RTK,2025-07-15 17:32:58.2 UTC-06:00,2025-07-15 17:33:01.2 UTC-06:00,16,1.6,1.9,468408.098,4313299.048,2424.969,-105.3646731,38.96809284,2410.942,367.091,,NAD83(2011) / UTM zone 13N + NAVD88(GEOID18) height,6,7,6,3,0
279,,468041.379,4313303.818,2421.531,,-105.3689063,38.96812252,2407.512,Global,0.012,0.012,0.016,0.017,1.934,m,FIX,RTK,2025-07-15 17:33:07.0 UTC-06:00,2025-07-15 17:33:10.0 UTC-06:00,16,1.6,1.9,468408.098,4313299.048,2424.969,-105.3646731,38.96809284,2410.942,367.033,,NAD83(2011) / UTM zone 13N + NAVD88(GEOID18) height,6,7,6,3,0
280,,468041.458,4313304.044,2421.61,,-105.3689054,38.96812456,2407.591,Global,0.01,0.012,0.014,0.016,1.934,m,FIX,RTK,2025-07-15 17:33:15.6 UTC-06:00,2025-07-15 17:33:18.6 UTC-06:00,16,1.5,1.8,468408.098,4313299.048,2424.969,-105.3646731,38.96809284,2410.942,366.96,,NAD83(2011) / UTM zone 13N + NAVD88(GEOID18) height,6,7,6,3,0
281,,468041.487,4313304.181,2421.569,,-105.3689051,38.96812579,2407.55,Global,0.011,0.011,0.014,0.015,1.934,m,FIX,RTK,2025-07-15 17:33:23.6 UTC-06:00,2025-07-15 17:33:26.6 UTC-06:00,16,1.6,1.9,468408.098,4313299.048,2424.969,-105.3646731,38.96809284,2410.942,366.929,,NAD83(2011) / UTM zone 13N + NAVD88(GEOID18) height,6,7,6,3,0
282,,468041.558,4313304.412,2421.491,,-105.3689043,38.96812788,2407.471,Global,0.012,0.011,0.016,0.016,1.934,m,FIX,RTK,2025-07-15 17:33:31.6 UTC-06:00,2025-07-15 17:33:34.6 UTC-06:00,16,1.6,1.9,468408.098,4313299.048,2424.969,-105.3646731,38.96809284,2410.942,366.867,,NAD83(2011) / UTM zone 13N + NAVD88(GEOID18) height,6,7,6,4,0
283,,468041.565,4313304.698,2421.538,,-105.3689042,38.96813046,2407.518,Global,0.015,0.011,0.014,0.018,1.934,m,FIX,RTK,2025-07-15 17:33:52.2 UTC-06:00,2025-07-15 17:33:55.2 UTC-06:00,16,1.6,1.9,468408.098,4313299.048,2424.969,-105.3646731,38.96809284,2410.942,366.862,,NAD83(2011) / UTM zone 13N + NAVD88(GEOID18) height,6,7,6,4,0
284,,468041.723,4313305.058,2421.493,,-105.3689024,38.96813371,2407.473,Global,0.018,0.012,0.014,0.021,1.934,m,FIX,RTK,2025-07-15 17:34:07.8 UTC-06:00,2025-07-15 17:34:10.8 UTC-06:00,16,1.6,1.9,468408.098,4313299.048,2424.969,-105.3646731,38.96809284,2410.942,366.698,,NAD83(2011) / UTM zone 13N + NAVD88(GEOID18) height,7,7,6,3,0
285,,468041.897,4313305.199,2421.523,,-105.3689004,38.96813498,2407.503,Global,0.013,0.01,0.014,0.016,1.934,m,FIX,RTK,2025-07-15 17:34:24.2 UTC-06:00,2025-07-15 17:34:27.2 UTC-06:00,16,1.7,2,468408.098,4313299.048,2424.969,-105.3646731,38.96809284,2410.942,366.53,,NAD83(2011) / UTM zone 13N + NAVD88(GEOID18) height,7,7,6,3,0
286,,468041.893,4313305.348,2421.474,,-105.3689005,38.96813633,2407.454,Global,0.011,0.011,0.015,0.015,1.934,m,FIX,RTK,2025-07-15 17:34:36.8 UTC-06:00,2025-07-15 17:34:39.8 UTC-06:00,16,1.7,2,468408.098,4313299.048,2424.969,-105.3646731,38.96809284,2410.942,366.544,,NAD83(2011) / UTM zone 13N + NAVD88(GEOID18) height,6,7,6,3,0
287,,468042,4313305.572,2421.458,,-105.3688992,38.96813835,2407.438,Global,0.015,0.012,0.025,0.019,1.934,m,FIX,RTK,2025-07-15 17:34:48.2 UTC-06:00,2025-07-15 17:34:51.2 UTC-06:00,16,1.6,2,468408.098,4313299.048,2424.969,-105.3646731,38.96809284,2410.942,366.447,,NAD83(2011) / UTM zone 13N + NAVD88(GEOID18) height,7,7,6,3,0
288,,468042.063,4313305.75,2421.304,,-105.3688985,38.96813996,2407.284,Global,0.012,0.015,0.021,0.019,1.934,m,FIX,RTK,2025-07-15 17:35:02.2 UTC-06:00,2025-07-15 17:35:05.2 UTC-06:00,16,1.6,1.9,468408.098,4313299.048,2424.969,-105.3646731,38.96809284,2410.942,366.387,,NAD83(2011) / UTM zone 13N + NAVD88(GEOID18) height,7,7,6,3,0
289,,468042.163,4313305.983,2421.696,,-105.3688974,38.96814206,2407.676,Global,0.011,0.012,0.017,0.016,1.934,m,FIX,RTK,2025-07-15 17:35:22.4 UTC-06:00,2025-07-15 17:35:25.4 UTC-06:00,16,1.6,1.9,468408.098,4313299.048,2424.969,-105.3646731,38.96809284,2410.942,366.276,,NAD83(2011) / UTM zone 13N + NAVD88(GEOID18) height,7,7,6,3,0
290,,468042.325,4313306.204,2421.829,,-105.3688955,38.96814406,2407.81,Global,0.01,0.011,0.02,0.015,1.934,m,FIX,RTK,2025-07-15 17:35:39.8 UTC-06:00,2025-07-15 17:35:42.8 UTC-06:00,16,1.6,1.8,468408.098,4313299.048,2424.969,-105.3646731,38.96809284,2410.942,366.131,,NAD83(2011) / UTM zone 13N + NAVD88(GEOID18) height,7,7,6,3,0
291,,468042.374,4313306.622,2421.41,,-105.368895,38.96814782,2407.39,Global,0.012,0.017,0.018,0.02,1.934,m,FIX,RTK,2025-07-15 17:36:10.6 UTC-06:00,2025-07-15 17:36:13.6 UTC-06:00,16,1.9,2.3,468408.098,4313299.048,2424.969,-105.3646731,38.96809284,2410.942,366.084,,NAD83(2011) / UTM zone 13N + NAVD88(GEOID18) height,7,7,6,4,0
292,,468042.307,4313306.981,2422.286,,-105.3688958,38.96815105,2408.267,Global,0.024,0.011,0.018,0.026,1.934,m,FIX,RTK,2025-07-15 17:36:39.8 UTC-06:00,2025-07-15 17:36:42.8 UTC-06:00,16,1.8,2.2,468408.098,4313299.048,2424.969,-105.3646731,38.96809284,2410.942,366.184,,NAD83(2011) / UTM zone 13N + NAVD88(GEOID18) height,7,7,7,4,0
293,,468042.337,4313307.175,2422.379,,-105.3688954,38.9681528,2408.36,Global,0.019,0.011,0.02,0.022,1.934,m,FIX,RTK,2025-07-15 17:36:55.2 UTC-06:00,2025-07-15 17:36:58.2 UTC-06:00,16,1.7,2,468408.098,4313299.048,2424.969,-105.3646731,38.96809284,2410.942,366.147,,NAD83(2011) / UTM zone 13N + NAVD88(GEOID18) height,7,7,6,4,0
294,,468042.382,4313307.364,2422.533,,-105.3688949,38.96815451,2408.513,Global,0.011,0.012,0.025,0.016,1.934,m,FIX,RTK,2025-07-15 17:37:02.4 UTC-06:00,2025-07-15 17:37:05.4 UTC-06:00,16,1.6,1.9,468408.098,4313299.048,2424.969,-105.3646731,38.96809284,2410.942,366.09,,NAD83(2011) / UTM zone 13N + NAVD88(GEOID18) height,7,7,7,3,0
295,,468042.47,4313307.549,2422.618,,-105.3688939,38.96815618,2408.599,Global,0.011,0.012,0.02,0.016,1.934,m,FIX,RTK,2025-07-15 17:37:11.0 UTC-06:00,2025-07-15 17:37:14.0 UTC-06:00,16,1.9,2.3,468408.098,4313299.048,2424.969,-105.3646731,38.96809284,2410.942,366.001,,NAD83(2011) / UTM zone 13N + NAVD88(GEOID18) height,7,7,7,3,0
296,,468042.517,4313307.731,2422.655,,-105.3688934,38.96815782,2408.635,Global,0.01,0.011,0.016,0.015,1.934,m,FIX,RTK,2025-07-15 17:37:18.2 UTC-06:00,2025-07-15 17:37:21.2 UTC-06:00,14,1.7,2.1,468408.098,4313299.048,2424.969,-105.3646731,38.96809284,2410.942,365.968,,NAD83(2011) / UTM zone 13N + NAVD88(GEOID18) height,7,7,7,3,0
297,,468042.601,4313307.914,2422.716,,-105.3688924,38.96815947,2408.697,Global,0.013,0.014,0.022,0.019,1.934,m,FIX,RTK,2025-07-15 17:37:25.4 UTC-06:00,2025-07-15 17:37:28.4 UTC-06:00,16,1.6,1.9,468408.098,4313299.048,2424.969,-105.3646731,38.96809284,2410.942,365.902,,NAD83(2011) / UTM zone 13N + NAVD88(GEOID18) height,7,7,6,3,0
298,,468042.676,4313308.083,2422.724,,-105.3688916,38.968161,2408.704,Global,0.01,0.01,0.021,0.015,1.934,m,FIX,RTK,2025-07-15 17:37:35.8 UTC-06:00,2025-07-15 17:37:38.8 UTC-06:00,16,1.7,2.1,468408.098,4313299.048,2424.969,-105.3646731,38.96809284,2410.942,365.815,,NAD83(2011) / UTM zone 13N + NAVD88(GEOID18) height,7,7,6,4,0
299,,468042.723,4313308.327,2422.53,,-105.368891,38.9681632,2408.51,Global,0.01,0.013,0.018,0.017,1.934,m,FIX,RTK,2025-07-15 17:37:45.0 UTC-06:00,2025-07-15 17:37:48.0 UTC-06:00,16,1.7,2.1,468408.098,4313299.048,2424.969,-105.3646731,38.96809284,2410.942,365.77,,NAD83(2011) / UTM zone 13N + NAVD88(GEOID18) height,7,7,6,3,0
300,,468042.951,4313308.311,2421.975,,-105.3688884,38.96816306,2407.956,Global,0.01,0.01,0.013,0.014,1.934,m,FIX,RTK,2025-07-15 17:38:26.0 UTC-06:00,2025-07-15 17:38:29.0 UTC-06:00,16,1.7,2,468408.098,4313299.048,2424.969,-105.3646731,38.96809284,2410.942,365.546,,NAD83(2011) / UTM zone 13N + NAVD88(GEOID18) height,7,6,6,4,0
301,,468042.846,4313308.624,2422.459,,-105.3688896,38.96816588,2408.439,Global,0.013,0.011,0.018,0.017,1.934,m,FIX,RTK,2025-07-15 17:38:52.2 UTC-06:00,2025-07-15 17:38:55.2 UTC-06:00,16,1.6,1.9,468408.098,4313299.048,2424.969,-105.3646731,38.96809284,2410.942,365.665,,NAD83(2011) / UTM zone 13N + NAVD88(GEOID18) height,6,7,6,4,0
302,,468042.996,4313308.867,2422.591,,-105.3688879,38.96816807,2408.571,Global,0.011,0.01,0.014,0.015,1.934,m,FIX,RTK,2025-07-15 17:39:03.4 UTC-06:00,2025-07-15 17:39:06.4 UTC-06:00,16,1.7,2,468408.098,4313299.048,2424.969,-105.3646731,38.96809284,2410.942,365.509,,NAD83(2011) / UTM zone 13N + NAVD88(GEOID18) height,7,7,6,3,0
303,,468043.078,4313309.048,2422.597,,-105.368887,38.96816971,2408.578,Global,0.011,0.01,0.01,0.015,1.934,m,FIX,RTK,2025-07-15 17:39:16.6 UTC-06:00,2025-07-15 17:39:19.6 UTC-06:00,16,1.7,2,468408.098,4313299.048,2424.969,-105.3646731,38.96809284,2410.942,365.434,,NAD83(2011) / UTM zone 13N + NAVD88(GEOID18) height,7,7,6,3,0
304,,468043.108,4313309.239,2422.626,,-105.3688866,38.96817144,2408.607,Global,0.011,0.01,0.011,0.015,1.934,m,FIX,RTK,2025-07-15 17:39:25.8 UTC-06:00,2025-07-15 17:39:28.8 UTC-06:00,16,1.9,2.3,468408.098,4313299.048,2424.969,-105.3646731,38.96809284,2410.942,365.413,,NAD83(2011) / UTM zone 13N + NAVD88(GEOID18) height,7,7,6,4,0
305,,468043.207,4313309.376,2423.34,,-105.3688855,38.96817267,2409.321,Global,0.01,0.011,0.011,0.015,1.934,m,FIX,RTK,2025-07-15 17:39:48.0 UTC-06:00,2025-07-15 17:39:51.0 UTC-06:00,16,1.7,2.1,468408.098,4313299.048,2424.969,-105.3646731,38.96809284,2410.942,365.317,,NAD83(2011) / UTM zone 13N + NAVD88(GEOID18) height,7,7,6,3,0
306,,468043.252,4313309.585,2423.428,,-105.368885,38.96817455,2409.409,Global,0.01,0.011,0.012,0.015,1.934,m,FIX,RTK,2025-07-15 17:40:05.0 UTC-06:00,2025-07-15 17:40:08.0 UTC-06:00,16,1.5,1.8,468408.098,4313299.048,2424.969,-105.3646731,38.96809284,2410.942,365.276,,NAD83(2011) / UTM zone 13N + NAVD88(GEOID18) height,7,7,6,4,0
307,,468043.336,4313309.75,2423.461,,-105.368884,38.96817604,2409.442,Global,0.012,0.013,0.018,0.017,1.934,m,FIX,RTK,2025-07-15 17:40:18.0 UTC-06:00,2025-07-15 17:40:21.0 UTC-06:00,16,1.6,1.9,468408.098,4313299.048,2424.969,-105.3646731,38.96809284,2410.942,365.193,,NAD83(2011) / UTM zone 13N + NAVD88(GEOID18) height,7,7,6,4,0
308,,468043.41,4313309.915,2423.465,,-105.3688832,38.96817753,2409.446,Global,0.012,0.012,0.022,0.017,1.934,m,FIX,RTK,2025-07-15 17:40:26.8 UTC-06:00,2025-07-15 17:40:29.8 UTC-06:00,16,1.8,2.1,468408.098,4313299.048,2424.969,-105.3646731,38.96809284,2410.942,365.119,,NAD83(2011) / UTM zone 13N + NAVD88(GEOID18) height,7,7,6,4,0
309,,468043.521,4313310.113,2423.492,,-105.3688819,38.96817932,2409.472,Global,0.012,0.011,0.017,0.017,1.934,m,FIX,RTK,2025-07-15 17:40:39.8 UTC-06:00,2025-07-15 17:40:42.8 UTC-06:00,16,1.7,2,468408.098,4313299.048,2424.969,-105.3646731,38.96809284,2410.942,365.025,,NAD83(2011) / UTM zone 13N + NAVD88(GEOID18) height,7,7,6,4,0
310,,468043.597,4313310.269,2423.448,,-105.368881,38.96818073,2409.429,Global,0.011,0.011,0.014,0.016,1.934,m,FIX,RTK,2025-07-15 17:40:49.0 UTC-06:00,2025-07-15 17:40:52.0 UTC-06:00,16,1.8,2.2,468408.098,4313299.048,2424.969,-105.3646731,38.96809284,2410.942,364.951,,NAD83(2011) / UTM zone 13N + NAVD88(GEOID18) height,7,7,6,4,0
311,,468043.681,4313310.441,2423.376,,-105.3688801,38.96818228,2409.356,Global,0.013,0.013,0.014,0.018,1.934,m,FIX,RTK,2025-07-15 17:40:58.8 UTC-06:00,2025-07-15 17:41:01.8 UTC-06:00,16,1.9,2.3,468408.098,4313299.048,2424.969,-105.3646731,38.96809284,2410.942,364.869,,NAD83(2011) / UTM zone 13N + NAVD88(GEOID18) height,6,7,6,3,0
312,,468043.747,4313310.583,2423.236,,-105.3688793,38.96818357,2409.217,Global,0.012,0.011,0.017,0.016,1.934,m,FIX,RTK,2025-07-15 17:41:08.4 UTC-06:00,2025-07-15 17:41:11.4 UTC-06:00,16,1.7,2,468408.098,4313299.048,2424.969,-105.3646731,38.96809284,2410.942,364.808,,NAD83(2011) / UTM zone 13N + NAVD88(GEOID18) height,6,7,6,3,0
313,,468043.755,4313310.63,2423.484,,-105.3688792,38.96818399,2409.464,Global,0.01,0.011,0.017,0.015,1.934,m,FIX,RTK,2025-07-15 17:41:31.2 UTC-06:00,2025-07-15 17:41:34.2 UTC-06:00,16,1.7,2.1,468408.098,4313299.048,2424.969,-105.3646731,38.96809284,2410.942,364.809,,NAD83(2011) / UTM zone 13N + NAVD88(GEOID18) height,6,7,6,4,0
314,,468043.836,4313310.823,2423.531,,-105.3688783,38.96818573,2409.512,Global,0.011,0.011,0.014,0.016,1.934,m,FIX,RTK,2025-07-15 17:41:43.8 UTC-06:00,2025-07-15 17:41:46.8 UTC-06:00,16,1.7,2,468408.098,4313299.048,2424.969,-105.3646731,38.96809284,2410.942,364.737,,NAD83(2011) / UTM zone 13N + NAVD88(GEOID18) height,7,7,6,4,0
315,,468043.844,4313310.956,2422.979,,-105.3688782,38.96818693,2408.96,Global,0.011,0.011,0.019,0.016,1.934,m,FIX,RTK,2025-07-15 17:42:03.0 UTC-06:00,2025-07-15 17:42:06.0 UTC-06:00,16,1.7,2.1,468408.098,4313299.048,2424.969,-105.3646731,38.96809284,2410.942,364.72,,NAD83(2011) / UTM zone 13N + NAVD88(GEOID18) height,7,7,6,4,0
316,,468043.878,4313311.15,2422.997,,-105.3688778,38.96818868,2408.977,Global,0.01,0.012,0.021,0.016,1.934,m,FIX,RTK,2025-07-15 17:42:15.0 UTC-06:00,2025-07-15 17:42:18.0 UTC-06:00,16,1.6,2,468408.098,4313299.048,2424.969,-105.3646731,38.96809284,2410.942,364.701,,NAD83(2011) / UTM zone 13N + NAVD88(GEOID18) height,6,7,6,4,0
317,,468043.99,4313311.288,2423.023,,-105.3688765,38.96818993,2409.003,Global,0.012,0.011,0.029,0.016,1.934,m,FIX,RTK,2025-07-15 17:42:25.4 UTC-06:00,2025-07-15 17:42:28.4 UTC-06:00,16,1.8,2.1,468408.098,4313299.048,2424.969,-105.3646731,38.96809284,2410.942,364.596,,NAD83(2011) / UTM zone 13N + NAVD88(GEOID18) height,7,7,6,4,0
318,,468044.026,4313311.516,2423.297,,-105.3688761,38.96819198,2409.277,Global,0.01,0.011,0.016,0.015,1.934,m,FIX,RTK,2025-07-15 17:42:35.8 UTC-06:00,2025-07-15 17:42:38.8 UTC-06:00,16,1.6,1.9,468408.098,4313299.048,2424.969,-105.3646731,38.96809284,2410.942,364.569,,NAD83(2011) / UTM zone 13N + NAVD88(GEOID18) height,7,7,6,4,0
319,,468044.115,4313311.667,2423.441,,-105.3688751,38.96819335,2409.422,Global,0.012,0.011,0.023,0.016,1.934,m,FIX,RTK,2025-07-15 17:42:55.6 UTC-06:00,2025-07-15 17:42:58.6 UTC-06:00,16,1.7,2,468408.098,4313299.048,2424.969,-105.3646731,38.96809284,2410.942,364.469,,NAD83(2011) / UTM zone 13N + NAVD88(GEOID18) height,7,7,6,4,0
320,,468044.159,4313311.859,2423.263,,-105.3688746,38.96819508,2409.244,Global,0.011,0.01,0.015,0.015,1.934,m,FIX,RTK,2025-07-15 17:43:08.0 UTC-06:00,2025-07-15 17:43:11.0 UTC-06:00,16,1.7,2,468408.098,4313299.048,2424.969,-105.3646731,38.96809284,2410.942,364.44,,NAD83(2011) / UTM zone 13N + NAVD88(GEOID18) height,7,7,6,4,0
321,,468044.241,4313312.019,2423.423,,-105.3688737,38.96819653,2409.403,Global,0.012,0.014,0.011,0.018,1.934,m,FIX,RTK,2025-07-15 17:43:23.2 UTC-06:00,2025-07-15 17:43:26.2 UTC-06:00,16,1.8,2.2,468408.098,4313299.048,2424.969,-105.3646731,38.96809284,2410.942,364.36,,NAD83(2011) / UTM zone 13N + NAVD88(GEOID18) height,7,7,6,4,0
322,,468044.269,4313312.025,2423.353,,-105.3688734,38.96819658,2409.334,Global,0.014,0.011,0.028,0.018,1.934,m,FIX,RTK,2025-07-15 17:43:46.8 UTC-06:00,2025-07-15 17:44:16.8 UTC-06:00,151,1.9,2.3,468408.098,4313299.048,2424.969,-105.3646731,38.96809284,2410.942,364.338,,NAD83(2011) / UTM zone 13N + NAVD88(GEOID18) height,7,7,6,4,0
323,,468044.154,4313312.087,2423.307,,-105.3688747,38.96819713,2409.287,Global,0.01,0.011,0.012,0.015,1.934,m,FIX,RTK,2025-07-15 17:44:33.8 UTC-06:00,2025-07-15 17:44:36.8 UTC-06:00,16,1.9,2.2,468408.098,4313299.048,2424.969,-105.3646731,38.96809284,2410.942,364.458,,NAD83(2011) / UTM zone 13N + NAVD88(GEOID18) height,7,7,6,4,0
324,,468044.197,4313311.912,2423.229,,-105.3688742,38.96819556,2409.209,Global,0.012,0.011,0.013,0.016,1.934,m,FIX,RTK,2025-07-15 17:44:44.6 UTC-06:00,2025-07-15 17:44:47.6 UTC-06:00,16,1.7,2,468408.098,4313299.048,2424.969,-105.3646731,38.96809284,2410.942,364.406,,NAD83(2011) / UTM zone 13N + NAVD88(GEOID18) height,7,7,6,4,0
325,,468044.366,4313312.014,2423.255,,-105.3688722,38.96819648,2409.236,Global,0.014,0.011,0.012,0.018,1.934,m,FIX,RTK,2025-07-15 17:44:54.0 UTC-06:00,2025-07-15 17:44:57.0 UTC-06:00,16,2,2.5,468408.098,4313299.048,2424.969,-105.3646731,38.96809284,2410.942,364.244,,NAD83(2011) / UTM zone 13N + NAVD88(GEOID18) height,7,7,6,3,0
326,,468044.283,4313312.151,2423.313,,-105.3688732,38.96819772,2409.294,Global,0.011,0.01,0.014,0.015,1.934,m,FIX,RTK,2025-07-15 17:45:04.0 UTC-06:00,2025-07-15 17:45:07.0 UTC-06:00,16,1.8,2.2,468408.098,4313299.048,2424.969,-105.3646731,38.96809284,2410.942,364.335,,NAD83(2011) / UTM zone 13N + NAVD88(GEOID18) height,7,7,6,4,0
327,,468044.259,4313312.041,2423.363,,-105.3688735,38.96819672,2409.343,Global,0.01,0.01,0.012,0.015,1.934,m,FIX,RTK,2025-07-15 17:45:13.6 UTC-06:00,2025-07-15 17:45:16.6 UTC-06:00,16,1.9,2.3,468408.098,4313299.048,2424.969,-105.3646731,38.96809284,2410.942,364.347,,NAD83(2011) / UTM zone 13N + NAVD88(GEOID18) height,7,7,6,4,0