,index,Name,Code,Easting,Northing,Elevation,Description,Longitude,Latitude,Ellipsoidal height,Origin,Easting RMS,Northing RMS,Elevation RMS,Lateral RMS,Antenna height,Antenna height units,Solution status,Correction type,Averaging start,Averaging end,Samples,PDOP,GDOP,Base easting,Base northing,Base elevation,Base longitude,Base latitude,Base ellipsoidal height,Baseline,Mount point,CS name,GPS Satellites,GLONASS Satellites,Galileo Satellites,BeiDou Satellites,QZSS Satellites,northing_adj,easting_adj,elevation_adj,geometry
0,0,1,,466251.221,4312191.264,2456.637,,-105.38951523,38.95802992,2442.646,Global,0.01,0.01,0.01,0.014,1.734,m,FIX,RTK,2025-07-16 10:02:15.0 UTC-06:00,2025-07-16 10:02:18.0 UTC-06:00,16,1.1,1.2,466230.237,4312045.952,2472.344,-105.38975024,38.95671967,2458.352,147.595,,NAD83(2011) / UTM zone 13N + NAVD88(GEOID18) height,8,7,7,7,0,4312189.913000001,466252.826,2453.222,POINT Z (466252.826 4312189.913000001 2453.222)
1,1,2,,466251.22,4312191.261,2456.632,,-105.38951525,38.95802989,2442.641,Global,0.011,0.01,0.012,0.015,1.734,m,FIX,RTK,2025-07-16 10:02:31.6 UTC-06:00,2025-07-16 10:03:01.6 UTC-06:00,151,1.1,1.2,466230.237,4312045.952,2472.344,-105.38975024,38.95671967,2458.352,147.6,,NAD83(2011) / UTM zone 13N + NAVD88(GEOID18) height,8,6,7,7,0,4312189.91,466252.82499999995,2453.217,POINT Z (466252.82499999995 4312189.91 2453.217)
2,2,3,,466251.129,4312191.137,2456.604,,-105.38951628,38.95802877,2442.613,Global,0.01,0.01,0.011,0.014,1.734,m,FIX,RTK,2025-07-16 10:03:16.4 UTC-06:00,2025-07-16 10:03:19.4 UTC-06:00,16,1.1,1.2,466230.237,4312045.952,2472.344,-105.38975024,38.95671967,2458.352,147.461,,NAD83(2011) / UTM zone 13N + NAVD88(GEOID18) height,8,6,7,7,0,4312189.786,466252.734,2453.189,POINT Z (466252.734 4312189.786 2453.189)
3,3,4,,466251.097,4312191.373,2456.606,,-105.38951667,38.95803089,2442.615,Global,0.01,0.012,0.011,0.016,1.734,m,FIX,RTK,2025-07-16 10:03:29.4 UTC-06:00,2025-07-16 10:03:32.4 UTC-06:00,16,1.1,1.2,466230.237,4312045.952,2472.344,-105.38975024,38.95671967,2458.352,147.684,,NAD83(2011) / UTM zone 13N + NAVD88(GEOID18) height,8,6,7,7,0,4312190.022,466252.702,2453.1910000000003,POINT Z (466252.702 4312190.022 2453.1910000000003)
4,4,5,,466251.381,4312191.377,2456.614,,-105.38951339,38.95803094,2442.624,Global,0.011,0.01,0.01,0.015,1.734,m,FIX,RTK,2025-07-16 10:03:46.8 UTC-06:00,2025-07-16 10:03:49.8 UTC-06:00,16,1.1,1.2,466230.237,4312045.952,2472.344,-105.38975024,38.95671967,2458.352,147.736,,NAD83(2011) / UTM zone 13N + NAVD88(GEOID18) height,8,6,7,7,0,4312190.026000001,466252.986,2453.199,POINT Z (466252.986 4312190.026000001 2453.199)
5,5,6,,466251.333,4312191.125,2456.627,,-105.38951393,38.95802867,2442.636,Global,0.011,0.011,0.01,0.015,1.734,m,FIX,RTK,2025-07-16 10:03:58.6 UTC-06:00,2025-07-16 10:04:01.6 UTC-06:00,16,1.1,1.2,466230.237,4312045.952,2472.344,-105.38975024,38.95671967,2458.352,147.474,,NAD83(2011) / UTM zone 13N + NAVD88(GEOID18) height,8,6,7,7,0,4312189.774,466252.93799999997,2453.212,POINT Z (466252.93799999997 4312189.774 2453.212)
6,6,7,,466251.22,4312191.261,2456.645,,-105.38951524,38.95802989,2442.654,Global,0.01,0.01,0.01,0.014,1.734,m,FIX,RTK,2025-07-16 10:04:09.2 UTC-06:00,2025-07-16 10:04:12.2 UTC-06:00,16,1.1,1.2,466230.237,4312045.952,2472.344,-105.38975024,38.95671967,2458.352,147.591,,NAD83(2011) / UTM zone 13N + NAVD88(GEOID18) height,8,6,7,7,0,4312189.91,466252.82499999995,2453.23,POINT Z (466252.82499999995 4312189.91 2453.23)
7,7,8,,466251.109,4312191.401,2456.595,,-105.38951653,38.95803114,2442.604,Global,0.01,0.01,0.011,0.014,1.734,m,FIX,RTK,2025-07-16 10:04:39.2 UTC-06:00,2025-07-16 10:04:42.2 UTC-06:00,16,1.1,1.2,466230.237,4312045.952,2472.344,-105.38975024,38.95671967,2458.352,147.719,,NAD83(2011) / UTM zone 13N + NAVD88(GEOID18) height,8,6,7,7,0,4312190.05,466252.714,2453.18,POINT Z (466252.714 4312190.05 2453.18)
8,8,9,,466251.005,4312191.57,2456.531,,-105.38951774,38.95803266,2442.541,Global,0.01,0.012,0.01,0.016,1.734,m,FIX,RTK,2025-07-16 10:04:53.0 UTC-06:00,2025-07-16 10:04:56.0 UTC-06:00,16,1.1,1.2,466230.237,4312045.952,2472.344,-105.38975024,38.95671967,2458.352,147.874,,NAD83(2011) / UTM zone 13N + NAVD88(GEOID18) height,8,6,7,7,0,4312190.2190000005,466252.61,2453.116,POINT Z (466252.61 4312190.2190000005 2453.116)
9,9,10,,466250.866,4312191.696,2456.507,,-105.38951935,38.9580338,2442.516,Global,0.011,0.011,0.011,0.015,1.734,m,FIX,RTK,2025-07-16 10:05:06.8 UTC-06:00,2025-07-16 10:05:09.8 UTC-06:00,16,1.1,1.2,466230.237,4312045.952,2472.344,-105.38975024,38.95671967,2458.352,147.982,,NAD83(2011) / UTM zone 13N + NAVD88(GEOID18) height,8,6,7,7,0,4312190.345000001,466252.47099999996,2453.092,POINT Z (466252.47099999996 4312190.345000001 2453.092)
10,10,11,,466250.711,4312191.846,2456.518,,-105.38952114,38.95803514,2442.527,Global,0.011,0.01,0.012,0.015,1.734,m,FIX,RTK,2025-07-16 10:05:16.0 UTC-06:00,2025-07-16 10:05:19.0 UTC-06:00,16,1.1,1.2,466230.237,4312045.952,2472.344,-105.38975024,38.95671967,2458.352,148.111,,NAD83(2011) / UTM zone 13N + NAVD88(GEOID18) height,8,6,7,7,0,4312190.495,466252.316,2453.103,POINT Z (466252.316 4312190.495 2453.103)
11,11,12,,466250.584,4312192.012,2456.484,,-105.38952262,38.95803663,2442.493,Global,0.011,0.011,0.012,0.015,1.734,m,FIX,RTK,2025-07-16 10:05:26.2 UTC-06:00,2025-07-16 10:05:29.2 UTC-06:00,16,1.1,1.2,466230.237,4312045.952,2472.344,-105.38975024,38.95671967,2458.352,148.255,,NAD83(2011) / UTM zone 13N + NAVD88(GEOID18) height,8,6,7,7,0,4312190.661,466252.18899999995,2453.069,POINT Z (466252.18899999995 4312190.661 2453.069)
12,12,13,,466250.452,4312192.123,2456.459,,-105.38952415,38.95803762,2442.468,Global,0.012,0.01,0.013,0.016,1.734,m,FIX,RTK,2025-07-16 10:05:37.6 UTC-06:00,2025-07-16 10:05:40.6 UTC-06:00,16,1.1,1.2,466230.237,4312045.952,2472.344,-105.38975024,38.95671967,2458.352,148.351,,NAD83(2011) / UTM zone 13N + NAVD88(GEOID18) height,8,6,7,7,0,4312190.772,466252.057,2453.044,POINT Z (466252.057 4312190.772 2453.044)
13,13,14,,466250.307,4312192.304,2456.383,,-105.38952583,38.95803926,2442.392,Global,0.011,0.01,0.01,0.015,1.734,m,FIX,RTK,2025-07-16 10:05:55.0 UTC-06:00,2025-07-16 10:05:58.0 UTC-06:00,16,1.1,1.2,466230.237,4312045.952,2472.344,-105.38975024,38.95671967,2458.352,148.52,,NAD83(2011) / UTM zone 13N + NAVD88(GEOID18) height,8,6,7,7,0,4312190.953,466251.91199999995,2452.968,POINT Z (466251.91199999995 4312190.953 2452.968)
14,14,15,,466250.175,4312192.437,2456.316,,-105.38952737,38.95804045,2442.326,Global,0.01,0.01,0.012,0.015,1.734,m,FIX,RTK,2025-07-16 10:06:08.2 UTC-06:00,2025-07-16 10:06:11.2 UTC-06:00,16,1.1,1.2,466230.237,4312045.952,2472.344,-105.38975024,38.95671967,2458.352,148.636,,NAD83(2011) / UTM zone 13N + NAVD88(GEOID18) height,8,6,7,7,0,4312191.086,466251.77999999997,2452.901,POINT Z (466251.77999999997 4312191.086 2452.901)
15,15,16,,466250.048,4312192.6,2456.266,,-105.38952884,38.95804191,2442.275,Global,0.011,0.01,0.011,0.015,1.734,m,FIX,RTK,2025-07-16 10:06:24.0 UTC-06:00,2025-07-16 10:06:27.0 UTC-06:00,16,1.1,1.2,466230.237,4312045.952,2472.344,-105.38975024,38.95671967,2458.352,148.789,,NAD83(2011) / UTM zone 13N + NAVD88(GEOID18) height,8,6,7,7,0,4312191.249,466251.653,2452.851,POINT Z (466251.653 4312191.249 2452.851)
16,16,17,,466249.941,4312192.676,2456.246,,-105.38953008,38.95804259,2442.256,Global,0.011,0.011,0.011,0.016,1.734,m,FIX,RTK,2025-07-16 10:06:39.0 UTC-06:00,2025-07-16 10:06:42.0 UTC-06:00,16,1.1,1.2,466230.237,4312045.952,2472.344,-105.38975024,38.95671967,2458.352,148.861,,NAD83(2011) / UTM zone 13N + NAVD88(GEOID18) height,8,6,7,7,0,4312191.325,466251.546,2452.831,POINT Z (466251.546 4312191.325 2452.831)
17,17,18,,466249.757,4312192.857,2456.035,,-105.38953221,38.95804422,2442.044,Global,0.01,0.01,0.011,0.014,1.734,m,FIX,RTK,2025-07-16 10:07:09.8 UTC-06:00,2025-07-16 10:07:12.8 UTC-06:00,16,1.1,1.2,466230.237,4312045.952,2472.344,-105.38975024,38.95671967,2458.352,149.025,,NAD83(2011) / UTM zone 13N + NAVD88(GEOID18) height,8,6,7,7,0,4312191.506,466251.36199999996,2452.62,POINT Z (466251.36199999996 4312191.506 2452.62)
18,18,19,,466249.606,4312192.997,2456.005,,-105.38953395,38.95804547,2442.014,Global,0.01,0.01,0.011,0.014,1.734,m,FIX,RTK,2025-07-16 10:07:22.4 UTC-06:00,2025-07-16 10:07:25.4 UTC-06:00,16,1.1,1.2,466230.237,4312045.952,2472.344,-105.38975024,38.95671967,2458.352,149.148,,NAD83(2011) / UTM zone 13N + NAVD88(GEOID18) height,8,6,7,7,0,4312191.646000001,466251.211,2452.59,POINT Z (466251.211 4312191.646000001 2452.59)
19,19,20,,466249.458,4312193.14,2455.937,,-105.38953567,38.95804675,2441.946,Global,0.01,0.01,0.011,0.014,1.734,m,FIX,RTK,2025-07-16 10:07:44.8 UTC-06:00,2025-07-16 10:07:47.8 UTC-06:00,16,1.1,1.2,466230.237,4312045.952,2472.344,-105.38975024,38.95671967,2458.352,149.275,,NAD83(2011) / UTM zone 13N + NAVD88(GEOID18) height,8,6,7,7,0,4312191.789,466251.06299999997,2452.522,POINT Z (466251.06299999997 4312191.789 2452.522)
20,20,21,,466249.338,4312193.286,2455.948,,-105.38953706,38.95804806,2441.957,Global,0.01,0.01,0.01,0.014,1.734,m,FIX,RTK,2025-07-16 10:07:58.2 UTC-06:00,2025-07-16 10:08:01.2 UTC-06:00,16,1.1,1.2,466230.237,4312045.952,2472.344,-105.38975024,38.95671967,2458.352,149.405,,NAD83(2011) / UTM zone 13N + NAVD88(GEOID18) height,8,6,7,7,0,4312191.9350000005,466250.94299999997,2452.533,POINT Z (466250.94299999997 4312191.9350000005 2452.533)
21,21,22,,466249.189,4312193.481,2455.931,,-105.38953879,38.95804982,2441.94,Global,0.01,0.01,0.01,0.014,1.734,m,FIX,RTK,2025-07-16 10:08:15.4 UTC-06:00,2025-07-16 10:08:18.4 UTC-06:00,16,1.1,1.2,466230.237,4312045.952,2472.344,-105.38975024,38.95671967,2458.352,149.58,,NAD83(2011) / UTM zone 13N + NAVD88(GEOID18) height,8,6,7,7,0,4312192.13,466250.794,2452.516,POINT Z (466250.794 4312192.13 2452.516)
22,22,23,,466249.071,4312193.6,2455.946,,-105.38954017,38.95805088,2441.955,Global,0.012,0.011,0.01,0.016,1.734,m,FIX,RTK,2025-07-16 10:08:26.0 UTC-06:00,2025-07-16 10:08:29.0 UTC-06:00,16,1.1,1.2,466230.237,4312045.952,2472.344,-105.38975024,38.95671967,2458.352,149.677,,NAD83(2011) / UTM zone 13N + NAVD88(GEOID18) height,8,6,7,7,0,4312192.249,466250.676,2452.531,POINT Z (466250.676 4312192.249 2452.531)
23,23,24,,466248.952,4312193.754,2455.904,,-105.38954154,38.95805226,2441.914,Global,0.01,0.01,0.011,0.014,1.734,m,FIX,RTK,2025-07-16 10:08:37.2 UTC-06:00,2025-07-16 10:08:40.2 UTC-06:00,16,1.1,1.2,466230.237,4312045.952,2472.344,-105.38975024,38.95671967,2458.352,149.821,,NAD83(2011) / UTM zone 13N + NAVD88(GEOID18) height,8,6,7,7,0,4312192.403,466250.557,2452.489,POINT Z (466250.557 4312192.403 2452.489)
24,24,25,,466248.821,4312193.919,2455.834,,-105.38954306,38.95805375,2441.844,Global,0.01,0.01,0.01,0.015,1.734,m,FIX,RTK,2025-07-16 10:08:47.8 UTC-06:00,2025-07-16 10:08:50.8 UTC-06:00,16,1.0,1.2,466230.237,4312045.952,2472.344,-105.38975024,38.95671967,2458.352,149.976,,NAD83(2011) / UTM zone 13N + NAVD88(GEOID18) height,8,6,7,7,0,4312192.568,466250.426,2452.419,POINT Z (466250.426 4312192.568 2452.419)
25,25,26,,466248.667,4312194.035,2455.823,,-105.38954485,38.95805479,2441.833,Global,0.01,0.01,0.01,0.015,1.734,m,FIX,RTK,2025-07-16 10:08:56.6 UTC-06:00,2025-07-16 10:08:59.6 UTC-06:00,16,1.0,1.2,466230.237,4312045.952,2472.344,-105.38975024,38.95671967,2458.352,150.071,,NAD83(2011) / UTM zone 13N + NAVD88(GEOID18) height,8,6,7,7,0,4312192.684,466250.272,2452.408,POINT Z (466250.272 4312192.684 2452.408)
26,26,27,,466248.502,4312194.206,2455.81,,-105.38954676,38.95805632,2441.819,Global,0.01,0.011,0.01,0.015,1.734,m,FIX,RTK,2025-07-16 10:09:11.8 UTC-06:00,2025-07-16 10:09:14.8 UTC-06:00,16,1.0,1.2,466230.237,4312045.952,2472.344,-105.38975024,38.95671967,2458.352,150.223,,NAD83(2011) / UTM zone 13N + NAVD88(GEOID18) height,8,6,7,7,0,4312192.855,466250.10699999996,2452.395,POINT Z (466250.10699999996 4312192.855 2452.395)
27,27,28,,466248.388,4312194.333,2455.8,,-105.38954808,38.95805746,2441.809,Global,0.011,0.01,0.01,0.015,1.734,m,FIX,RTK,2025-07-16 10:09:19.6 UTC-06:00,2025-07-16 10:09:22.6 UTC-06:00,16,1.1,1.2,466230.237,4312045.952,2472.344,-105.38975024,38.95671967,2458.352,150.334,,NAD83(2011) / UTM zone 13N + NAVD88(GEOID18) height,8,6,7,7,0,4312192.982,466249.99299999996,2452.385,POINT Z (466249.99299999996 4312192.982 2452.385)
28,28,29,,466248.242,4312194.453,2455.794,,-105.38954977,38.95805854,2441.803,Global,0.01,0.01,0.01,0.015,1.734,m,FIX,RTK,2025-07-16 10:09:28.0 UTC-06:00,2025-07-16 10:09:31.0 UTC-06:00,16,1.0,1.2,466230.237,4312045.952,2472.344,-105.38975024,38.95671967,2458.352,150.434,,NAD83(2011) / UTM zone 13N + NAVD88(GEOID18) height,8,6,7,7,0,4312193.102,466249.847,2452.379,POINT Z (466249.847 4312193.102 2452.379)
29,29,30,,466248.143,4312194.59,2455.791,,-105.38955092,38.95805977,2441.801,Global,0.012,0.01,0.01,0.016,1.734,m,FIX,RTK,2025-07-16 10:09:38.0 UTC-06:00,2025-07-16 10:09:41.0 UTC-06:00,16,1.0,1.2,466230.237,4312045.952,2472.344,-105.38975024,38.95671967,2458.352,150.559,,NAD83(2011) / UTM zone 13N + NAVD88(GEOID18) height,8,6,7,7,0,4312193.239,466249.74799999996,2452.376,POINT Z (466249.74799999996 4312193.239 2452.376)
30,30,31,,466247.963,4312194.716,2455.79,,-105.389553,38.9580609,2441.799,Global,0.01,0.01,0.011,0.014,1.734,m,FIX,RTK,2025-07-16 10:09:47.4 UTC-06:00,2025-07-16 10:09:50.4 UTC-06:00,16,1.0,1.2,466230.237,4312045.952,2472.344,-105.38975024,38.95671967,2458.352,150.663,,NAD83(2011) / UTM zone 13N + NAVD88(GEOID18) height,8,6,7,7,0,4312193.365,466249.56799999997,2452.375,POINT Z (466249.56799999997 4312193.365 2452.375)
31,31,32,,466247.824,4312194.88,2455.795,,-105.38955462,38.95806237,2441.805,Global,0.01,0.01,0.01,0.014,1.734,m,FIX,RTK,2025-07-16 10:09:56.8 UTC-06:00,2025-07-16 10:09:59.8 UTC-06:00,16,1.0,1.2,466230.237,4312045.952,2472.344,-105.38975024,38.95671967,2458.352,150.809,,NAD83(2011) / UTM zone 13N + NAVD88(GEOID18) height,8,6,7,7,0,4312193.529,466249.429,2452.38,POINT Z (466249.429 4312193.529 2452.38)
32,32,33,,466247.665,4312195.009,2455.785,,-105.38955646,38.95806353,2441.794,Global,0.01,0.01,0.01,0.014,1.734,m,FIX,RTK,2025-07-16 10:10:05.6 UTC-06:00,2025-07-16 10:10:08.6 UTC-06:00,16,1.0,1.2,466230.237,4312045.952,2472.344,-105.38975024,38.95671967,2458.352,150.917,,NAD83(2011) / UTM zone 13N + NAVD88(GEOID18) height,8,6,7,7,0,4312193.658,466249.26999999996,2452.37,POINT Z (466249.26999999996 4312193.658 2452.37)
33,33,34,,466247.561,4312195.139,2455.772,,-105.38955767,38.9580647,2441.781,Global,0.011,0.011,0.011,0.015,1.734,m,FIX,RTK,2025-07-16 10:10:14.8 UTC-06:00,2025-07-16 10:10:17.8 UTC-06:00,16,1.0,1.2,466230.237,4312045.952,2472.344,-105.38975024,38.95671967,2458.352,151.035,,NAD83(2011) / UTM zone 13N + NAVD88(GEOID18) height,8,6,7,7,0,4312193.788000001,466249.16599999997,2452.357,POINT Z (466249.16599999997 4312193.788000001 2452.357)
34,34,35,,466247.387,4312195.262,2455.783,,-105.38955968,38.9580658,2441.793,Global,0.01,0.011,0.01,0.015,1.734,m,FIX,RTK,2025-07-16 10:10:24.0 UTC-06:00,2025-07-16 10:10:27.0 UTC-06:00,16,1.0,1.2,466230.237,4312045.952,2472.344,-105.38975024,38.95671967,2458.352,151.139,,NAD83(2011) / UTM zone 13N + NAVD88(GEOID18) height,8,6,7,7,0,4312193.911,466248.99199999997,2452.368,POINT Z (466248.99199999997 4312193.911 2452.368)
35,35,36,,466247.227,4312195.402,2455.785,,-105.38956153,38.95806705,2441.795,Global,0.011,0.01,0.01,0.015,1.734,m,FIX,RTK,2025-07-16 10:10:34.8 UTC-06:00,2025-07-16 10:10:37.8 UTC-06:00,16,1.0,1.2,466230.237,4312045.952,2472.344,-105.38975024,38.95671967,2458.352,151.257,,NAD83(2011) / UTM zone 13N + NAVD88(GEOID18) height,8,6,7,7,0,4312194.051,466248.832,2452.37,POINT Z (466248.832 4312194.051 2452.37)
36,36,37,,466247.101,4312195.529,2455.834,,-105.38956299,38.95806819,2441.843,Global,0.01,0.01,0.01,0.014,1.734,m,FIX,RTK,2025-07-16 10:10:44.2 UTC-06:00,2025-07-16 10:10:47.2 UTC-06:00,16,1.0,1.2,466230.237,4312045.952,2472.344,-105.38975024,38.95671967,2458.352,151.363,,NAD83(2011) / UTM zone 13N + NAVD88(GEOID18) height,8,6,7,7,0,4312194.178,466248.706,2452.419,POINT Z (466248.706 4312194.178 2452.419)
37,37,38,,466246.934,4312195.676,2455.844,,-105.38956492,38.9580695,2441.854,Global,0.01,0.01,0.01,0.014,1.734,m,FIX,RTK,2025-07-16 10:11:00.4 UTC-06:00,2025-07-16 10:11:03.4 UTC-06:00,16,1.0,1.2,466230.237,4312045.952,2472.344,-105.38975024,38.95671967,2458.352,151.489,,NAD83(2011) / UTM zone 13N + NAVD88(GEOID18) height,8,6,7,7,0,4312194.325,466248.539,2452.429,POINT Z (466248.539 4312194.325 2452.429)
38,38,39,,466246.783,4312195.811,2455.79,,-105.38956668,38.95807072,2441.799,Global,0.01,0.01,0.01,0.015,1.734,m,FIX,RTK,2025-07-16 10:11:10.6 UTC-06:00,2025-07-16 10:11:13.6 UTC-06:00,16,1.0,1.2,466230.237,4312045.952,2472.344,-105.38975024,38.95671967,2458.352,151.608,,NAD83(2011) / UTM zone 13N + NAVD88(GEOID18) height,8,6,7,7,0,4312194.46,466248.388,2452.375,POINT Z (466248.388 4312194.46 2452.375)
39,39,40,,466246.625,4312195.958,2455.766,,-105.38956851,38.95807203,2441.775,Global,0.018,0.011,0.01,0.021,1.734,m,FIX,RTK,2025-07-16 10:11:17.8 UTC-06:00,2025-07-16 10:11:20.8 UTC-06:00,16,1.0,1.2,466230.237,4312045.952,2472.344,-105.38975024,38.95671967,2458.352,151.739,,NAD83(2011) / UTM zone 13N + NAVD88(GEOID18) height,8,6,7,7,0,4312194.607,466248.23,2452.351,POINT Z (466248.23 4312194.607 2452.351)
40,40,41,,466246.467,4312196.101,2455.73,,-105.38957034,38.95807332,2441.74,Global,0.012,0.011,0.01,0.016,1.734,m,FIX,RTK,2025-07-16 10:11:25.6 UTC-06:00,2025-07-16 10:11:28.6 UTC-06:00,16,1.0,1.2,466230.237,4312045.952,2472.344,-105.38975024,38.95671967,2458.352,151.87,,NAD83(2011) / UTM zone 13N + NAVD88(GEOID18) height,8,6,7,7,0,4312194.75,466248.072,2452.315,POINT Z (466248.072 4312194.75 2452.315)
41,41,42,,466246.32,4312196.252,2455.71,,-105.38957204,38.95807468,2441.719,Global,0.01,0.01,0.01,0.014,1.734,m,FIX,RTK,2025-07-16 10:11:40.6 UTC-06:00,2025-07-16 10:11:43.6 UTC-06:00,16,1.0,1.2,466230.237,4312045.952,2472.344,-105.38975024,38.95671967,2458.352,152.008,,NAD83(2011) / UTM zone 13N + NAVD88(GEOID18) height,8,6,7,7,0,4312194.901000001,466247.925,2452.295,POINT Z (466247.925 4312194.901000001 2452.295)
42,42,43,,466246.141,4312196.387,2455.718,,-105.38957411,38.95807588,2441.728,Global,0.01,0.01,0.01,0.014,1.734,m,FIX,RTK,2025-07-16 10:11:50.6 UTC-06:00,2025-07-16 10:11:53.6 UTC-06:00,16,1.0,1.2,466230.237,4312045.952,2472.344,-105.38975024,38.95671967,2458.352,152.122,,NAD83(2011) / UTM zone 13N + NAVD88(GEOID18) height,8,6,7,0,0,4312195.036,466247.746,2452.303,POINT Z (466247.746 4312195.036 2452.303)
43,43,44,,466246.345,4312196.755,2455.709,,-105.38957178,38.95807921,2441.718,Global,0.012,0.011,0.011,0.016,1.734,m,FIX,RTK,2025-07-16 10:12:15.0 UTC-06:00,2025-07-16 10:12:18.0 UTC-06:00,16,1.0,1.2,466230.237,4312045.952,2472.344,-105.38975024,38.95671967,2458.352,152.506,,NAD83(2011) / UTM zone 13N + NAVD88(GEOID18) height,8,6,7,7,0,4312195.404,466247.94999999995,2452.294,POINT Z (466247.94999999995 4312195.404 2452.294)
44,44,45,,466246.21,4312196.941,2455.761,,-105.38957334,38.95808088,2441.771,Global,0.012,0.014,0.01,0.018,1.734,m,FIX,RTK,2025-07-16 10:12:27.0 UTC-06:00,2025-07-16 10:12:30.0 UTC-06:00,16,1.0,1.2,466230.237,4312045.952,2472.344,-105.38975024,38.95671967,2458.352,152.668,,NAD83(2011) / UTM zone 13N + NAVD88(GEOID18) height,8,6,7,7,0,4312195.59,466247.815,2452.346,POINT Z (466247.815 4312195.59 2452.346)
45,45,46,,466246.097,4312197.093,2455.694,,-105.38957466,38.95808225,2441.703,Global,0.011,0.011,0.01,0.015,1.734,m,FIX,RTK,2025-07-16 10:12:40.6 UTC-06:00,2025-07-16 10:12:43.6 UTC-06:00,16,1.1,1.2,466230.237,4312045.952,2472.344,-105.38975024,38.95671967,2458.352,152.825,,NAD83(2011) / UTM zone 13N + NAVD88(GEOID18) height,8,6,7,7,0,4312195.742000001,466247.702,2452.279,POINT Z (466247.702 4312195.742000001 2452.279)
46,46,47,,466245.953,4312197.208,2455.666,,-105.38957633,38.95808328,2441.676,Global,0.011,0.01,0.01,0.015,1.734,m,FIX,RTK,2025-07-16 10:12:52.2 UTC-06:00,2025-07-16 10:12:55.2 UTC-06:00,16,1.1,1.2,466230.237,4312045.952,2472.344,-105.38975024,38.95671967,2458.352,152.92,,NAD83(2011) / UTM zone 13N + NAVD88(GEOID18) height,8,6,7,7,0,4312195.857,466247.55799999996,2452.251,POINT Z (466247.55799999996 4312195.857 2452.251)
47,47,48,,466245.823,4312197.368,2455.641,,-105.38957783,38.95808471,2441.651,Global,0.011,0.014,0.011,0.018,1.734,m,FIX,RTK,2025-07-16 10:13:10.2 UTC-06:00,2025-07-16 10:13:13.2 UTC-06:00,16,1.1,1.2,466230.237,4312045.952,2472.344,-105.38975024,38.95671967,2458.352,153.067,,NAD83(2011) / UTM zone 13N + NAVD88(GEOID18) height,8,6,7,7,0,4312196.017,466247.42799999996,2452.226,POINT Z (466247.42799999996 4312196.017 2452.226)
48,48,49,,466245.74,4312197.607,2455.512,,-105.3895788,38.95808686,2441.521,Global,0.01,0.01,0.01,0.014,1.734,m,FIX,RTK,2025-07-16 10:13:32.2 UTC-06:00,2025-07-16 10:13:35.2 UTC-06:00,16,1.1,1.3,466230.237,4312045.952,2472.344,-105.38975024,38.95671967,2458.352,153.31,,NAD83(2011) / UTM zone 13N + NAVD88(GEOID18) height,8,6,7,7,0,4312196.256,466247.345,2452.097,POINT Z (466247.345 4312196.256 2452.097)
49,49,50,,466245.563,4312197.733,2455.475,,-105.38958085,38.95808799,2441.485,Global,0.01,0.01,0.01,0.015,1.734,m,FIX,RTK,2025-07-16 10:13:49.6 UTC-06:00,2025-07-16 10:13:52.6 UTC-06:00,16,1.1,1.3,466230.237,4312045.952,2472.344,-105.38975024,38.95671967,2458.352,153.423,,NAD83(2011) / UTM zone 13N + NAVD88(GEOID18) height,8,6,7,7,0,4312196.382,466247.168,2452.06,POINT Z (466247.168 4312196.382 2452.06)
50,50,51,,466245.405,4312197.895,2455.441,,-105.38958268,38.95808945,2441.45,Global,0.011,0.013,0.014,0.018,1.734,m,FIX,RTK,2025-07-16 10:14:08.2 UTC-06:00,2025-07-16 10:14:11.2 UTC-06:00,16,1.1,1.2,466230.237,4312045.952,2472.344,-105.38975024,38.95671967,2458.352,153.576,,NAD83(2011) / UTM zone 13N + NAVD88(GEOID18) height,8,6,8,6,0,4312196.544,466247.01,2452.026,POINT Z (466247.01 4312196.544 2452.026)
51,51,52,,466245.327,4312197.913,2455.459,,-105.38958358,38.9580896,2441.469,Global,0.01,0.01,0.01,0.015,1.734,m,FIX,RTK,2025-07-16 10:14:25.0 UTC-06:00,2025-07-16 10:14:28.0 UTC-06:00,16,1.1,1.2,466230.237,4312045.952,2472.344,-105.38975024,38.95671967,2458.352,153.578,,NAD83(2011) / UTM zone 13N + NAVD88(GEOID18) height,8,6,8,6,0,4312196.562,466246.932,2452.044,POINT Z (466246.932 4312196.562 2452.044)
52,52,53,,466245.165,4312198.13,2455.477,,-105.38958547,38.95809155,2441.487,Global,0.01,0.01,0.01,0.015,1.734,m,FIX,RTK,2025-07-16 10:14:38.0 UTC-06:00,2025-07-16 10:14:41.0 UTC-06:00,16,1.1,1.2,466230.237,4312045.952,2472.344,-105.38975024,38.95671967,2458.352,153.772,,NAD83(2011) / UTM zone 13N + NAVD88(GEOID18) height,8,6,8,6,0,4312196.779,466246.76999999996,2452.062,POINT Z (466246.76999999996 4312196.779 2452.062)
53,53,54,,466245.0,4312198.188,2455.476,,-105.38958737,38.95809207,2441.485,Global,0.01,0.011,0.01,0.015,1.734,m,FIX,RTK,2025-07-16 10:14:50.6 UTC-06:00,2025-07-16 10:14:53.6 UTC-06:00,16,1.1,1.2,466230.237,4312045.952,2472.344,-105.38975024,38.95671967,2458.352,153.813,,NAD83(2011) / UTM zone 13N + NAVD88(GEOID18) height,8,6,8,5,0,4312196.837,466246.605,2452.061,POINT Z (466246.605 4312196.837 2452.061)
54,54,55,,466244.893,4312198.376,2455.446,,-105.38958862,38.95809376,2441.455,Global,0.01,0.011,0.01,0.015,1.734,m,FIX,RTK,2025-07-16 10:15:02.2 UTC-06:00,2025-07-16 10:15:05.2 UTC-06:00,16,1.1,1.2,466230.237,4312045.952,2472.344,-105.38975024,38.95671967,2458.352,153.994,,NAD83(2011) / UTM zone 13N + NAVD88(GEOID18) height,8,6,8,5,0,4312197.025,466246.49799999996,2452.031,POINT Z (466246.49799999996 4312197.025 2452.031)
55,55,56,,466244.758,4312198.441,2455.458,,-105.38959018,38.95809434,2441.467,Global,0.011,0.01,0.01,0.015,1.734,m,FIX,RTK,2025-07-16 10:15:12.4 UTC-06:00,2025-07-16 10:15:15.4 UTC-06:00,16,1.1,1.2,466230.237,4312045.952,2472.344,-105.38975024,38.95671967,2458.352,154.049,,NAD83(2011) / UTM zone 13N + NAVD88(GEOID18) height,8,6,8,5,0,4312197.09,466246.36299999995,2452.043,POINT Z (466246.36299999995 4312197.09 2452.043)
56,56,57,,466244.617,4312198.666,2455.46,,-105.38959181,38.95809636,2441.469,Global,0.01,0.011,0.011,0.015,1.734,m,FIX,RTK,2025-07-16 10:15:26.4 UTC-06:00,2025-07-16 10:15:29.4 UTC-06:00,16,1.1,1.2,466230.237,4312045.952,2472.344,-105.38975024,38.95671967,2458.352,154.248,,NAD83(2011) / UTM zone 13N + NAVD88(GEOID18) height,8,6,8,5,0,4312197.315,466246.222,2452.045,POINT Z (466246.222 4312197.315 2452.045)
57,57,58,,466244.494,4312198.889,2455.418,,-105.38959325,38.95809837,2441.427,Global,0.012,0.011,0.01,0.017,1.734,m,FIX,RTK,2025-07-16 10:15:38.2 UTC-06:00,2025-07-16 10:15:41.2 UTC-06:00,16,1.1,1.2,466230.237,4312045.952,2472.344,-105.38975024,38.95671967,2458.352,154.474,,NAD83(2011) / UTM zone 13N + NAVD88(GEOID18) height,8,6,8,5,0,4312197.538000001,466246.099,2452.003,POINT Z (466246.099 4312197.538000001 2452.003)
58,58,59,,466244.32,4312199.059,2455.313,,-105.38959526,38.95809989,2441.323,Global,0.011,0.011,0.011,0.015,1.734,m,FIX,RTK,2025-07-16 10:15:53.6 UTC-06:00,2025-07-16 10:15:56.6 UTC-06:00,16,1.1,1.2,466230.237,4312045.952,2472.344,-105.38975024,38.95671967,2458.352,154.633,,NAD83(2011) / UTM zone 13N + NAVD88(GEOID18) height,8,6,8,5,0,4312197.708000001,466245.925,2451.898,POINT Z (466245.925 4312197.708000001 2451.898)
59,59,60,,466244.234,4312199.16,2455.299,,-105.38959626,38.9581008,2441.309,Global,0.011,0.011,0.01,0.016,1.734,m,FIX,RTK,2025-07-16 10:16:02.4 UTC-06:00,2025-07-16 10:16:05.4 UTC-06:00,16,1.1,1.2,466230.237,4312045.952,2472.344,-105.38975024,38.95671967,2458.352,154.726,,NAD83(2011) / UTM zone 13N + NAVD88(GEOID18) height,8,6,7,6,0,4312197.809,466245.839,2451.884,POINT Z (466245.839 4312197.809 2451.884)
60,60,61,,466244.102,4312199.367,2455.288,,-105.38959779,38.95810266,2441.297,Global,0.01,0.011,0.01,0.015,1.734,m,FIX,RTK,2025-07-16 10:16:14.8 UTC-06:00,2025-07-16 10:16:17.8 UTC-06:00,16,1.1,1.2,466230.237,4312045.952,2472.344,-105.38975024,38.95671967,2458.352,154.913,,NAD83(2011) / UTM zone 13N + NAVD88(GEOID18) height,8,6,7,6,0,4312198.016,466245.707,2451.873,POINT Z (466245.707 4312198.016 2451.873)
61,61,62,,466243.95,4312199.525,2455.276,,-105.38959956,38.95810408,2441.285,Global,0.011,0.011,0.01,0.015,1.734,m,FIX,RTK,2025-07-16 10:16:24.2 UTC-06:00,2025-07-16 10:16:27.2 UTC-06:00,16,1.1,1.2,466230.237,4312045.952,2472.344,-105.38975024,38.95671967,2458.352,155.063,,NAD83(2011) / UTM zone 13N + NAVD88(GEOID18) height,8,6,7,6,0,4312198.174000001,466245.555,2451.861,POINT Z (466245.555 4312198.174000001 2451.861)
62,62,63,,466243.819,4312199.672,2455.255,,-105.38960108,38.95810539,2441.265,Global,0.011,0.011,0.01,0.015,1.734,m,FIX,RTK,2025-07-16 10:16:33.6 UTC-06:00,2025-07-16 10:16:36.6 UTC-06:00,16,1.1,1.2,466230.237,4312045.952,2472.344,-105.38975024,38.95671967,2458.352,155.2,,NAD83(2011) / UTM zone 13N + NAVD88(GEOID18) height,8,6,7,6,0,4312198.321,466245.424,2451.84,POINT Z (466245.424 4312198.321 2451.84)
63,63,64,,466243.722,4312199.772,2455.238,,-105.3896022,38.95810629,2441.247,Global,0.011,0.011,0.011,0.015,1.734,m,FIX,RTK,2025-07-16 10:16:42.4 UTC-06:00,2025-07-16 10:16:45.4 UTC-06:00,16,1.1,1.2,466230.237,4312045.952,2472.344,-105.38975024,38.95671967,2458.352,155.297,,NAD83(2011) / UTM zone 13N + NAVD88(GEOID18) height,8,6,7,6,0,4312198.421,466245.327,2451.823,POINT Z (466245.327 4312198.421 2451.823)
64,64,65,,466243.562,4312200.0,2455.198,,-105.38960405,38.95810834,2441.208,Global,0.015,0.014,0.01,0.02,1.734,m,FIX,RTK,2025-07-16 10:16:54.4 UTC-06:00,2025-07-16 10:16:57.4 UTC-06:00,16,1.1,1.2,466230.237,4312045.952,2472.344,-105.38975024,38.95671967,2458.352,155.511,,NAD83(2011) / UTM zone 13N + NAVD88(GEOID18) height,8,6,7,6,0,4312198.649,466245.16699999996,2451.783,POINT Z (466245.16699999996 4312198.649 2451.783)
65,65,66,,466243.395,4312200.143,2455.191,,-105.389606,38.95810963,2441.201,Global,0.011,0.011,0.01,0.016,1.734,m,FIX,RTK,2025-07-16 10:17:05.6 UTC-06:00,2025-07-16 10:17:08.6 UTC-06:00,16,1.1,1.2,466230.237,4312045.952,2472.344,-105.38975024,38.95671967,2458.352,155.637,,NAD83(2011) / UTM zone 13N + NAVD88(GEOID18) height,8,6,7,6,0,4312198.792,466245.0,2451.776,POINT Z (466245 4312198.792 2451.776)
66,66,67,,466243.363,4312200.259,2455.224,,-105.38960637,38.95811067,2441.233,Global,0.012,0.011,0.01,0.016,1.734,m,FIX,RTK,2025-07-16 10:17:18.2 UTC-06:00,2025-07-16 10:17:21.2 UTC-06:00,16,1.1,1.2,466230.237,4312045.952,2472.344,-105.38975024,38.95671967,2458.352,155.739,,NAD83(2011) / UTM zone 13N + NAVD88(GEOID18) height,8,6,7,6,0,4312198.908,466244.968,2451.809,POINT Z (466244.968 4312198.908 2451.809)
67,67,68,,466243.199,4312200.437,2455.226,,-105.38960827,38.95811227,2441.236,Global,0.013,0.01,0.01,0.016,1.734,m,FIX,RTK,2025-07-16 10:17:29.8 UTC-06:00,2025-07-16 10:17:32.8 UTC-06:00,16,1.1,1.2,466230.237,4312045.952,2472.344,-105.38975024,38.95671967,2458.352,155.908,,NAD83(2011) / UTM zone 13N + NAVD88(GEOID18) height,8,6,7,6,0,4312199.086,466244.804,2451.811,POINT Z (466244.804 4312199.086 2451.811)
68,68,69,,466242.96,4312200.539,2455.346,,-105.38961103,38.95811318,2441.355,Global,0.011,0.013,0.01,0.017,1.734,m,FIX,RTK,2025-07-16 10:17:46.0 UTC-06:00,2025-07-16 10:17:49.0 UTC-06:00,16,1.1,1.3,466230.237,4312045.952,2472.344,-105.38975024,38.95671967,2458.352,155.994,,NAD83(2011) / UTM zone 13N + NAVD88(GEOID18) height,8,5,8,6,0,4312199.188,466244.565,2451.931,POINT Z (466244.565 4312199.188 2451.931)
69,69,70,,466242.854,4312200.65,2455.364,,-105.38961226,38.95811417,2441.374,Global,0.012,0.011,0.01,0.016,1.734,m,FIX,RTK,2025-07-16 10:18:02.8 UTC-06:00,2025-07-16 10:18:05.8 UTC-06:00,16,1.1,1.3,466230.237,4312045.952,2472.344,-105.38975024,38.95671967,2458.352,156.082,,NAD83(2011) / UTM zone 13N + NAVD88(GEOID18) height,8,5,7,6,0,4312199.299000001,466244.459,2451.949,POINT Z (466244.459 4312199.299000001 2451.949)
70,70,71,,466242.769,4312200.873,2455.298,,-105.38961326,38.95811618,2441.308,Global,0.011,0.011,0.01,0.015,1.734,m,FIX,RTK,2025-07-16 10:18:16.4 UTC-06:00,2025-07-16 10:18:19.4 UTC-06:00,16,1.1,1.3,466230.237,4312045.952,2472.344,-105.38975024,38.95671967,2458.352,156.298,,NAD83(2011) / UTM zone 13N + NAVD88(GEOID18) height,8,5,8,6,0,4312199.522,466244.37399999995,2451.883,POINT Z (466244.37399999995 4312199.522 2451.883)
71,71,72,,466242.596,4312201.064,2455.319,,-105.38961525,38.9581179,2441.328,Global,0.01,0.01,0.01,0.015,1.734,m,FIX,RTK,2025-07-16 10:18:33.0 UTC-06:00,2025-07-16 10:18:36.0 UTC-06:00,16,1.1,1.3,466230.237,4312045.952,2472.344,-105.38975024,38.95671967,2458.352,156.476,,NAD83(2011) / UTM zone 13N + NAVD88(GEOID18) height,8,5,8,6,0,4312199.713,466244.201,2451.904,POINT Z (466244.201 4312199.713 2451.904)
72,72,73,,466242.502,4312201.094,2455.329,,-105.38961634,38.95811816,2441.339,Global,0.011,0.011,0.01,0.016,1.734,m,FIX,RTK,2025-07-16 10:18:41.4 UTC-06:00,2025-07-16 10:18:44.4 UTC-06:00,16,1.1,1.3,466230.237,4312045.952,2472.344,-105.38975024,38.95671967,2458.352,156.494,,NAD83(2011) / UTM zone 13N + NAVD88(GEOID18) height,8,5,8,6,0,4312199.743,466244.10699999996,2451.914,POINT Z (466244.10699999996 4312199.743 2451.914)
73,73,74,,466242.427,4312201.303,2455.345,,-105.38961722,38.95812004,2441.354,Global,0.011,0.01,0.01,0.015,1.734,m,FIX,RTK,2025-07-16 10:18:50.8 UTC-06:00,2025-07-16 10:18:53.8 UTC-06:00,16,1.1,1.3,466230.237,4312045.952,2472.344,-105.38975024,38.95671967,2458.352,156.698,,NAD83(2011) / UTM zone 13N + NAVD88(GEOID18) height,8,5,8,6,0,4312199.9520000005,466244.032,2451.93,POINT Z (466244.032 4312199.9520000005 2451.93)
74,74,75,,466242.243,4312201.483,2455.334,,-105.38961936,38.95812165,2441.344,Global,0.01,0.012,0.01,0.016,1.734,m,FIX,RTK,2025-07-16 10:19:01.2 UTC-06:00,2025-07-16 10:19:04.2 UTC-06:00,16,1.1,1.3,466230.237,4312045.952,2472.344,-105.38975024,38.95671967,2458.352,156.867,,NAD83(2011) / UTM zone 13N + NAVD88(GEOID18) height,8,5,8,6,0,4312200.132,466243.848,2451.919,POINT Z (466243.848 4312200.132 2451.919)
75,75,76,,466242.064,4312201.594,2455.29,,-105.38962143,38.95812265,2441.299,Global,0.01,0.013,0.01,0.017,1.734,m,FIX,RTK,2025-07-16 10:19:10.6 UTC-06:00,2025-07-16 10:19:13.6 UTC-06:00,16,1.1,1.3,466230.237,4312045.952,2472.344,-105.38975024,38.95671967,2458.352,156.965,,NAD83(2011) / UTM zone 13N + NAVD88(GEOID18) height,9,5,8,6,0,4312200.243,466243.669,2451.875,POINT Z (466243.669 4312200.243 2451.875)
76,76,77,,466241.952,4312201.745,2455.297,,-105.38962273,38.95812401,2441.307,Global,0.01,0.01,0.01,0.014,1.734,m,FIX,RTK,2025-07-16 10:19:20.0 UTC-06:00,2025-07-16 10:19:23.0 UTC-06:00,16,1.1,1.3,466230.237,4312045.952,2472.344,-105.38975024,38.95671967,2458.352,157.104,,NAD83(2011) / UTM zone 13N + NAVD88(GEOID18) height,8,6,7,6,0,4312200.394,466243.557,2451.882,POINT Z (466243.557 4312200.394 2451.882)
77,77,78,,466241.82,4312201.904,2455.28,,-105.38962426,38.95812543,2441.29,Global,0.01,0.011,0.011,0.015,1.734,m,FIX,RTK,2025-07-16 10:19:27.8 UTC-06:00,2025-07-16 10:19:30.8 UTC-06:00,16,1.1,1.3,466230.237,4312045.952,2472.344,-105.38975024,38.95671967,2458.352,157.251,,NAD83(2011) / UTM zone 13N + NAVD88(GEOID18) height,8,6,7,6,0,4312200.553,466243.425,2451.8650000000002,POINT Z (466243.425 4312200.553 2451.8650000000002)
78,78,79,,466241.687,4312202.029,2455.284,,-105.3896258,38.95812655,2441.293,Global,0.01,0.011,0.01,0.015,1.734,m,FIX,RTK,2025-07-16 10:19:39.0 UTC-06:00,2025-07-16 10:19:42.0 UTC-06:00,16,1.0,1.2,466230.237,4312045.952,2472.344,-105.38975024,38.95671967,2458.352,157.369,,NAD83(2011) / UTM zone 13N + NAVD88(GEOID18) height,9,6,7,6,0,4312200.678,466243.29199999996,2451.869,POINT Z (466243.29199999996 4312200.678 2451.869)
79,79,80,,466241.582,4312202.178,2455.27,,-105.38962702,38.95812789,2441.279,Global,0.011,0.01,0.01,0.015,1.734,m,FIX,RTK,2025-07-16 10:19:48.8 UTC-06:00,2025-07-16 10:19:51.8 UTC-06:00,16,1.0,1.2,466230.237,4312045.952,2472.344,-105.38975024,38.95671967,2458.352,157.507,,NAD83(2011) / UTM zone 13N + NAVD88(GEOID18) height,9,6,7,6,0,4312200.8270000005,466243.187,2451.855,POINT Z (466243.187 4312200.8270000005 2451.855)
80,80,81,,466241.468,4312202.332,2455.261,,-105.38962834,38.95812928,2441.271,Global,0.01,0.01,0.01,0.014,1.734,m,FIX,RTK,2025-07-16 10:19:58.4 UTC-06:00,2025-07-16 10:20:01.4 UTC-06:00,16,1.0,1.2,466230.237,4312045.952,2472.344,-105.38975024,38.95671967,2458.352,157.655,,NAD83(2011) / UTM zone 13N + NAVD88(GEOID18) height,8,6,7,6,0,4312200.981000001,466243.073,2451.846,POINT Z (466243.073 4312200.981000001 2451.846)
81,81,82,,466241.314,4312202.522,2455.223,,-105.38963013,38.95813098,2441.233,Global,0.011,0.013,0.01,0.017,1.734,m,FIX,RTK,2025-07-16 10:20:10.2 UTC-06:00,2025-07-16 10:20:13.2 UTC-06:00,16,1.0,1.2,466230.237,4312045.952,2472.344,-105.38975024,38.95671967,2458.352,157.843,,NAD83(2011) / UTM zone 13N + NAVD88(GEOID18) height,8,6,7,6,0,4312201.171,466242.919,2451.808,POINT Z (466242.919 4312201.171 2451.808)
82,82,83,,466241.171,4312202.69,2455.247,,-105.38963178,38.95813249,2441.256,Global,0.011,0.013,0.011,0.017,1.734,m,FIX,RTK,2025-07-16 10:20:19.8 UTC-06:00,2025-07-16 10:20:22.8 UTC-06:00,16,1.0,1.2,466230.237,4312045.952,2472.344,-105.38975024,38.95671967,2458.352,157.986,,NAD83(2011) / UTM zone 13N + NAVD88(GEOID18) height,8,6,7,6,0,4312201.339000001,466242.77599999995,2451.832,POINT Z (466242.77599999995 4312201.339000001 2451.832)
83,83,84,,466241.088,4312202.772,2455.255,,-105.38963274,38.95813323,2441.264,Global,0.011,0.011,0.01,0.015,1.734,m,FIX,RTK,2025-07-16 10:20:36.0 UTC-06:00,2025-07-16 10:20:39.0 UTC-06:00,16,1.1,1.2,466230.237,4312045.952,2472.344,-105.38975024,38.95671967,2458.352,158.063,,NAD83(2011) / UTM zone 13N + NAVD88(GEOID18) height,8,5,8,6,0,4312201.421,466242.69299999997,2451.84,POINT Z (466242.69299999997 4312201.421 2451.84)
84,84,85,,466240.869,4312202.913,2455.218,,-105.38963529,38.95813449,2441.228,Global,0.011,0.01,0.01,0.015,1.734,m,FIX,RTK,2025-07-16 10:20:48.4 UTC-06:00,2025-07-16 10:20:51.4 UTC-06:00,16,1.1,1.2,466230.237,4312045.952,2472.344,-105.38975024,38.95671967,2458.352,158.192,,NAD83(2011) / UTM zone 13N + NAVD88(GEOID18) height,8,5,8,6,0,4312201.562,466242.474,2451.803,POINT Z (466242.474 4312201.562 2451.803)
85,85,86,,466240.763,4312203.089,2455.26,,-105.38963651,38.95813607,2441.27,Global,0.011,0.012,0.01,0.016,1.734,m,FIX,RTK,2025-07-16 10:20:58.4 UTC-06:00,2025-07-16 10:21:01.4 UTC-06:00,16,1.1,1.2,466230.237,4312045.952,2472.344,-105.38975024,38.95671967,2458.352,158.354,,NAD83(2011) / UTM zone 13N + NAVD88(GEOID18) height,9,5,8,6,0,4312201.738,466242.36799999996,2451.8450000000003,POINT Z (466242.36799999996 4312201.738 2451.8450000000003)
86,86,87,,466240.641,4312203.219,2455.281,,-105.38963793,38.95813724,2441.29,Global,0.011,0.011,0.01,0.015,1.734,m,FIX,RTK,2025-07-16 10:21:11.2 UTC-06:00,2025-07-16 10:21:14.2 UTC-06:00,16,1.1,1.2,466230.237,4312045.952,2472.344,-105.38975024,38.95671967,2458.352,158.472,,NAD83(2011) / UTM zone 13N + NAVD88(GEOID18) height,9,5,8,6,0,4312201.868,466242.246,2451.866,POINT Z (466242.246 4312201.868 2451.866)
87,87,88,,466240.478,4312203.315,2455.343,,-105.38963981,38.95813809,2441.353,Global,0.013,0.01,0.011,0.017,1.734,m,FIX,RTK,2025-07-16 10:21:30.2 UTC-06:00,2025-07-16 10:21:33.2 UTC-06:00,16,1.1,1.2,466230.237,4312045.952,2472.344,-105.38975024,38.95671967,2458.352,158.556,,NAD83(2011) / UTM zone 13N + NAVD88(GEOID18) height,8,5,8,6,0,4312201.964000001,466242.083,2451.928,POINT Z (466242.083 4312201.964000001 2451.928)
88,88,89,,466240.365,4312203.491,2455.367,,-105.38964113,38.95813968,2441.377,Global,0.011,0.011,0.01,0.015,1.734,m,FIX,RTK,2025-07-16 10:21:44.8 UTC-06:00,2025-07-16 10:21:47.8 UTC-06:00,16,1.1,1.2,466230.237,4312045.952,2472.344,-105.38975024,38.95671967,2458.352,158.721,,NAD83(2011) / UTM zone 13N + NAVD88(GEOID18) height,9,5,8,6,0,4312202.140000001,466241.97,2451.952,POINT Z (466241.97 4312202.140000001 2451.952)
89,89,90,,466240.267,4312203.61,2455.478,,-105.38964226,38.95814075,2441.488,Global,0.011,0.01,0.01,0.015,1.734,m,FIX,RTK,2025-07-16 10:21:56.4 UTC-06:00,2025-07-16 10:21:59.4 UTC-06:00,16,1.1,1.2,466230.237,4312045.952,2472.344,-105.38975024,38.95671967,2458.352,158.817,,NAD83(2011) / UTM zone 13N + NAVD88(GEOID18) height,9,5,8,6,0,4312202.259000001,466241.872,2452.063,POINT Z (466241.872 4312202.259000001 2452.063)
90,90,91,,466240.109,4312203.746,2455.491,,-105.3896441,38.95814196,2441.501,Global,0.01,0.01,0.01,0.014,1.734,m,FIX,RTK,2025-07-16 10:22:07.2 UTC-06:00,2025-07-16 10:22:10.2 UTC-06:00,16,1.1,1.2,466230.237,4312045.952,2472.344,-105.38975024,38.95671967,2458.352,158.946,,NAD83(2011) / UTM zone 13N + NAVD88(GEOID18) height,9,5,8,6,0,4312202.3950000005,466241.714,2452.076,POINT Z (466241.714 4312202.3950000005 2452.076)
91,91,92,,466239.904,4312203.928,2455.459,,-105.38964647,38.9581436,2441.468,Global,0.011,0.01,0.01,0.015,1.734,m,FIX,RTK,2025-07-16 10:22:17.8 UTC-06:00,2025-07-16 10:22:20.8 UTC-06:00,16,1.1,1.3,466230.237,4312045.952,2472.344,-105.38975024,38.95671967,2458.352,159.115,,NAD83(2011) / UTM zone 13N + NAVD88(GEOID18) height,8,5,8,6,0,4312202.5770000005,466241.50899999996,2452.044,POINT Z (466241.50899999996 4312202.5770000005 2452.044)
92,92,93,,466239.8,4312204.172,2455.406,,-105.38964768,38.95814579,2441.416,Global,0.01,0.011,0.01,0.015,1.734,m,FIX,RTK,2025-07-16 10:22:28.0 UTC-06:00,2025-07-16 10:22:31.0 UTC-06:00,16,1.1,1.2,466230.237,4312045.952,2472.344,-105.38975024,38.95671967,2458.352,159.358,,NAD83(2011) / UTM zone 13N + NAVD88(GEOID18) height,8,5,8,6,0,4312202.821,466241.40499999997,2451.991,POINT Z (466241.40499999997 4312202.821 2451.991)
93,93,94,,466239.681,4312204.23,2455.41,,-105.38964906,38.95814631,2441.42,Global,0.011,0.011,0.011,0.016,1.734,m,FIX,RTK,2025-07-16 10:22:35.8 UTC-06:00,2025-07-16 10:22:38.8 UTC-06:00,16,1.1,1.2,466230.237,4312045.952,2472.344,-105.38975024,38.95671967,2458.352,159.403,,NAD83(2011) / UTM zone 13N + NAVD88(GEOID18) height,9,5,8,6,0,4312202.879000001,466241.28599999996,2451.995,POINT Z (466241.28599999996 4312202.879000001 2451.995)
94,94,95,,466239.517,4312204.394,2455.334,,-105.38965096,38.95814778,2441.343,Global,0.01,0.01,0.01,0.014,1.734,m,FIX,RTK,2025-07-16 10:22:46.0 UTC-06:00,2025-07-16 10:22:49.0 UTC-06:00,16,1.1,1.2,466230.237,4312045.952,2472.344,-105.38975024,38.95671967,2458.352,159.563,,NAD83(2011) / UTM zone 13N + NAVD88(GEOID18) height,9,5,8,6,0,4312203.0430000005,466241.122,2451.919,POINT Z (466241.122 4312203.0430000005 2451.919)
95,95,96,,466239.404,4312204.618,2455.351,,-105.38965227,38.9581498,2441.361,Global,0.011,0.01,0.01,0.015,1.734,m,FIX,RTK,2025-07-16 10:23:06.0 UTC-06:00,2025-07-16 10:23:09.0 UTC-06:00,16,1.1,1.2,466230.237,4312045.952,2472.344,-105.38975024,38.95671967,2458.352,159.782,,NAD83(2011) / UTM zone 13N + NAVD88(GEOID18) height,8,5,8,6,0,4312203.267,466241.00899999996,2451.936,POINT Z (466241.00899999996 4312203.267 2451.936)
96,96,97,,466239.329,4312204.649,2455.274,,-105.38965314,38.95815007,2441.283,Global,0.011,0.012,0.01,0.016,1.734,m,FIX,RTK,2025-07-16 10:23:17.4 UTC-06:00,2025-07-16 10:23:20.4 UTC-06:00,16,1.1,1.2,466230.237,4312045.952,2472.344,-105.38975024,38.95671967,2458.352,159.813,,NAD83(2011) / UTM zone 13N + NAVD88(GEOID18) height,8,5,8,6,0,4312203.298,466240.934,2451.859,POINT Z (466240.934 4312203.298 2451.859)
97,97,98,,466239.16,4312204.785,2455.312,,-105.38965509,38.95815129,2441.321,Global,0.01,0.012,0.011,0.016,1.734,m,FIX,RTK,2025-07-16 10:23:27.6 UTC-06:00,2025-07-16 10:23:30.6 UTC-06:00,16,1.1,1.2,466230.237,4312045.952,2472.344,-105.38975024,38.95671967,2458.352,159.945,,NAD83(2011) / UTM zone 13N + NAVD88(GEOID18) height,8,6,8,6,0,4312203.434,466240.76499999996,2451.897,POINT Z (466240.76499999996 4312203.434 2451.897)
98,98,99,,466238.981,4312205.018,2455.284,,-105.38965718,38.95815338,2441.294,Global,0.011,0.011,0.01,0.015,1.734,m,FIX,RTK,2025-07-16 10:23:38.0 UTC-06:00,2025-07-16 10:23:41.0 UTC-06:00,16,1.0,1.2,466230.237,4312045.952,2472.344,-105.38975024,38.95671967,2458.352,160.17,,NAD83(2011) / UTM zone 13N + NAVD88(GEOID18) height,7,6,8,6,0,4312203.667,466240.586,2451.869,POINT Z (466240.586 4312203.667 2451.869)
99,99,100,,466238.827,4312205.175,2455.347,,-105.38965896,38.9581548,2441.357,Global,0.01,0.011,0.01,0.015,1.734,m,FIX,RTK,2025-07-16 10:23:48.6 UTC-06:00,2025-07-16 10:23:51.6 UTC-06:00,16,1.0,1.2,466230.237,4312045.952,2472.344,-105.38975024,38.95671967,2458.352,160.316,,NAD83(2011) / UTM zone 13N + NAVD88(GEOID18) height,7,6,8,6,0,4312203.824,466240.432,2451.9320000000002,POINT Z (466240.432 4312203.824 2451.9320000000002)
100,100,101,,466238.794,4312205.356,2455.352,,-105.38965935,38.95815642,2441.362,Global,0.012,0.011,0.01,0.016,1.734,m,FIX,RTK,2025-07-16 10:24:00.0 UTC-06:00,2025-07-16 10:24:03.0 UTC-06:00,16,1.0,1.2,466230.237,4312045.952,2472.344,-105.38975024,38.95671967,2458.352,160.487,,NAD83(2011) / UTM zone 13N + NAVD88(GEOID18) height,7,5,8,6,0,4312204.005,466240.399,2451.937,POINT Z (466240.399 4312204.005 2451.937)
101,101,102,,466238.696,4312205.463,2455.305,,-105.38966049,38.95815738,2441.315,Global,0.013,0.011,0.011,0.017,1.734,m,FIX,RTK,2025-07-16 10:24:10.6 UTC-06:00,2025-07-16 10:24:13.6 UTC-06:00,16,1.1,1.3,466230.237,4312045.952,2472.344,-105.38975024,38.95671967,2458.352,160.593,,NAD83(2011) / UTM zone 13N + NAVD88(GEOID18) height,7,6,8,6,0,4312204.112000001,466240.301,2451.89,POINT Z (466240.301 4312204.112000001 2451.89)
102,102,103,,466238.519,4312205.681,2455.35,,-105.38966254,38.95815934,2441.359,Global,0.01,0.011,0.01,0.015,1.734,m,FIX,RTK,2025-07-16 10:24:21.2 UTC-06:00,2025-07-16 10:24:24.2 UTC-06:00,16,1.0,1.2,466230.237,4312045.952,2472.344,-105.38975024,38.95671967,2458.352,160.79,,NAD83(2011) / UTM zone 13N + NAVD88(GEOID18) height,7,6,8,6,0,4312204.33,466240.12399999995,2451.935,POINT Z (466240.12399999995 4312204.33 2451.935)
103,103,104,,466238.384,4312205.831,2455.374,,-105.3896641,38.95816069,2441.384,Global,0.01,0.011,0.012,0.015,1.734,m,FIX,RTK,2025-07-16 10:24:32.2 UTC-06:00,2025-07-16 10:24:35.2 UTC-06:00,16,1.1,1.3,466230.237,4312045.952,2472.344,-105.38975024,38.95671967,2458.352,160.937,,NAD83(2011) / UTM zone 13N + NAVD88(GEOID18) height,8,6,8,6,0,4312204.48,466239.989,2451.959,POINT Z (466239.989 4312204.48 2451.959)
104,104,105,,466238.273,4312205.925,2455.333,,-105.38966539,38.95816153,2441.342,Global,0.01,0.011,0.012,0.015,1.734,m,FIX,RTK,2025-07-16 10:24:42.2 UTC-06:00,2025-07-16 10:24:45.2 UTC-06:00,16,1.1,1.3,466230.237,4312045.952,2472.344,-105.38975024,38.95671967,2458.352,161.018,,NAD83(2011) / UTM zone 13N + NAVD88(GEOID18) height,8,6,8,6,0,4312204.574,466239.87799999997,2451.918,POINT Z (466239.87799999997 4312204.574 2451.918)
105,105,106,,466238.162,4312206.001,2455.362,,-105.38966668,38.95816222,2441.372,Global,0.01,0.011,0.012,0.015,1.734,m,FIX,RTK,2025-07-16 10:24:55.0 UTC-06:00,2025-07-16 10:24:58.0 UTC-06:00,16,1.1,1.3,466230.237,4312045.952,2472.344,-105.38975024,38.95671967,2458.352,161.091,,NAD83(2011) / UTM zone 13N + NAVD88(GEOID18) height,8,6,8,6,0,4312204.65,466239.767,2451.947,POINT Z (466239.767 4312204.65 2451.947)
106,106,107,,466237.93,4312206.231,2455.387,,-105.38966937,38.95816427,2441.397,Global,0.01,0.011,0.011,0.015,1.734,m,FIX,RTK,2025-07-16 10:25:04.0 UTC-06:00,2025-07-16 10:25:07.0 UTC-06:00,16,1.1,1.3,466230.237,4312045.952,2472.344,-105.38975024,38.95671967,2458.352,161.31,,NAD83(2011) / UTM zone 13N + NAVD88(GEOID18) height,7,6,8,6,0,4312204.88,466239.535,2451.972,POINT Z (466239.535 4312204.88 2451.972)
107,107,108,,466237.89,4312206.254,2455.461,,-105.38966983,38.95816449,2441.471,Global,0.038,0.072,0.119,0.081,1.734,m,FIX,RTK,2025-07-16 10:25:07.8 UTC-06:00,2025-07-16 10:25:10.8 UTC-06:00,16,1.1,1.3,466230.237,4312045.952,2472.344,-105.38975024,38.95671967,2458.352,161.389,,NAD83(2011) / UTM zone 13N + NAVD88(GEOID18) height,7,6,8,6,0,4312204.903,466239.495,2452.046,POINT Z (466239.495 4312204.903 2452.046)
108,108,109,,466237.776,4312206.42,2455.478,,-105.38967115,38.95816598,2441.488,Global,0.01,0.011,0.01,0.015,1.734,m,FIX,RTK,2025-07-16 10:25:23.0 UTC-06:00,2025-07-16 10:25:26.0 UTC-06:00,16,1.1,1.3,466230.237,4312045.952,2472.344,-105.38975024,38.95671967,2458.352,161.483,,NAD83(2011) / UTM zone 13N + NAVD88(GEOID18) height,7,6,8,6,0,4312205.069,466239.381,2452.063,POINT Z (466239.381 4312205.069 2452.063)
109,109,110,,466237.681,4312206.551,2455.424,,-105.38967226,38.95816715,2441.434,Global,0.012,0.011,0.01,0.016,1.734,m,FIX,RTK,2025-07-16 10:25:37.0 UTC-06:00,2025-07-16 10:25:40.0 UTC-06:00,16,1.1,1.2,466230.237,4312045.952,2472.344,-105.38975024,38.95671967,2458.352,161.613,,NAD83(2011) / UTM zone 13N + NAVD88(GEOID18) height,7,6,8,6,0,4312205.2,466239.28599999996,2452.009,POINT Z (466239.28599999996 4312205.2 2452.009)
110,110,111,,466237.536,4312206.703,2455.479,,-105.38967393,38.95816851,2441.489,Global,0.011,0.013,0.014,0.017,1.734,m,FIX,RTK,2025-07-16 10:25:47.0 UTC-06:00,2025-07-16 10:25:50.0 UTC-06:00,16,1.1,1.2,466230.237,4312045.952,2472.344,-105.38975024,38.95671967,2458.352,161.745,,NAD83(2011) / UTM zone 13N + NAVD88(GEOID18) height,7,6,8,6,0,4312205.352,466239.141,2452.064,POINT Z (466239.141 4312205.352 2452.064)
111,111,112,,466237.413,4312206.78,2455.448,,-105.38967536,38.95816921,2441.458,Global,0.011,0.012,0.01,0.016,1.734,m,FIX,RTK,2025-07-16 10:26:03.4 UTC-06:00,2025-07-16 10:26:06.4 UTC-06:00,16,1.1,1.3,466230.237,4312045.952,2472.344,-105.38975024,38.95671967,2458.352,161.82,,NAD83(2011) / UTM zone 13N + NAVD88(GEOID18) height,8,6,8,5,0,4312205.4290000005,466239.018,2452.033,POINT Z (466239.018 4312205.4290000005 2452.033)
112,112,113,,466237.388,4312206.964,2455.585,,-105.38967565,38.95817086,2441.595,Global,0.011,0.011,0.01,0.016,1.734,m,FIX,RTK,2025-07-16 10:26:12.8 UTC-06:00,2025-07-16 10:26:15.8 UTC-06:00,16,1.1,1.3,466230.237,4312045.952,2472.344,-105.38975024,38.95671967,2458.352,161.989,,NAD83(2011) / UTM zone 13N + NAVD88(GEOID18) height,8,6,8,5,0,4312205.613,466238.99299999996,2452.17,POINT Z (466238.99299999996 4312205.613 2452.17)
113,113,114,,466237.262,4312207.149,2455.524,,-105.38967712,38.95817252,2441.534,Global,0.01,0.01,0.01,0.014,1.734,m,FIX,RTK,2025-07-16 10:26:37.0 UTC-06:00,2025-07-16 10:26:40.0 UTC-06:00,16,1.2,1.4,466230.237,4312045.952,2472.344,-105.38975024,38.95671967,2458.352,162.176,,NAD83(2011) / UTM zone 13N + NAVD88(GEOID18) height,7,6,8,6,0,4312205.798,466238.86699999997,2452.109,POINT Z (466238.86699999997 4312205.798 2452.109)
114,114,115,,466237.05,4312207.294,2455.585,,-105.38967958,38.95817382,2441.594,Global,0.011,0.013,0.01,0.017,1.734,m,FIX,RTK,2025-07-16 10:26:47.0 UTC-06:00,2025-07-16 10:26:50.0 UTC-06:00,16,1.2,1.4,466230.237,4312045.952,2472.344,-105.38975024,38.95671967,2458.352,162.302,,NAD83(2011) / UTM zone 13N + NAVD88(GEOID18) height,8,6,8,6,0,4312205.943,466238.65499999997,2452.17,POINT Z (466238.65499999997 4312205.943 2452.17)
115,115,116,,466236.917,4312207.372,2455.616,,-105.38968111,38.95817452,2441.626,Global,0.011,0.01,0.01,0.015,1.734,m,FIX,RTK,2025-07-16 10:26:55.4 UTC-06:00,2025-07-16 10:26:58.4 UTC-06:00,16,1.1,1.3,466230.237,4312045.952,2472.344,-105.38975024,38.95671967,2458.352,162.374,,NAD83(2011) / UTM zone 13N + NAVD88(GEOID18) height,9,5,8,5,0,4312206.021000001,466238.522,2452.201,POINT Z (466238.522 4312206.021000001 2452.201)
116,116,117,,466236.87,4312207.597,2455.666,,-105.38968167,38.95817655,2441.676,Global,0.01,0.011,0.011,0.015,1.734,m,FIX,RTK,2025-07-16 10:27:06.2 UTC-06:00,2025-07-16 10:27:09.2 UTC-06:00,16,1.1,1.3,466230.237,4312045.952,2472.344,-105.38975024,38.95671967,2458.352,162.596,,NAD83(2011) / UTM zone 13N + NAVD88(GEOID18) height,9,5,8,5,0,4312206.246,466238.475,2452.251,POINT Z (466238.475 4312206.246 2452.251)
117,117,118,,466236.632,4312207.787,2455.81,,-105.38968442,38.95817825,2441.82,Global,0.011,0.012,0.01,0.016,1.734,m,FIX,RTK,2025-07-16 10:27:18.8 UTC-06:00,2025-07-16 10:27:21.8 UTC-06:00,16,1.1,1.3,466230.237,4312045.952,2472.344,-105.38975024,38.95671967,2458.352,162.748,,NAD83(2011) / UTM zone 13N + NAVD88(GEOID18) height,9,5,8,5,0,4312206.436,466238.23699999996,2452.395,POINT Z (466238.23699999996 4312206.436 2452.395)
118,118,119,,466236.483,4312207.856,2455.83,,-105.38968615,38.95817887,2441.839,Global,0.01,0.011,0.01,0.015,1.734,m,FIX,RTK,2025-07-16 10:27:36.4 UTC-06:00,2025-07-16 10:27:39.4 UTC-06:00,16,1.1,1.3,466230.237,4312045.952,2472.344,-105.38975024,38.95671967,2458.352,162.823,,NAD83(2011) / UTM zone 13N + NAVD88(GEOID18) height,8,5,8,5,0,4312206.505,466238.088,2452.415,POINT Z (466238.088 4312206.505 2452.415)
119,119,120,,466236.344,4312207.998,2455.916,,-105.38968776,38.95818014,2441.925,Global,0.012,0.01,0.011,0.015,1.734,m,FIX,RTK,2025-07-16 10:27:50.4 UTC-06:00,2025-07-16 10:27:53.4 UTC-06:00,16,1.1,1.3,466230.237,4312045.952,2472.344,-105.38975024,38.95671967,2458.352,162.951,,NAD83(2011) / UTM zone 13N + NAVD88(GEOID18) height,8,5,8,5,0,4312206.647,466237.94899999996,2452.501,POINT Z (466237.94899999996 4312206.647 2452.501)
120,120,121,,466236.241,4312208.126,2455.941,,-105.38968895,38.95818128,2441.951,Global,0.01,0.01,0.01,0.015,1.734,m,FIX,RTK,2025-07-16 10:28:11.8 UTC-06:00,2025-07-16 10:28:14.8 UTC-06:00,16,1.1,1.3,466230.237,4312045.952,2472.344,-105.38975024,38.95671967,2458.352,163.073,,NAD83(2011) / UTM zone 13N + NAVD88(GEOID18) height,9,5,7,6,0,4312206.775,466237.84599999996,2452.526,POINT Z (466237.84599999996 4312206.775 2452.526)
121,121,122,,466236.183,4312208.148,2455.949,,-105.38968962,38.95818148,2441.958,Global,0.01,0.01,0.011,0.014,1.734,m,FIX,RTK,2025-07-16 10:28:39.0 UTC-06:00,2025-07-16 10:28:42.0 UTC-06:00,16,1.1,1.2,466230.237,4312045.952,2472.344,-105.38975024,38.95671967,2458.352,163.09,,NAD83(2011) / UTM zone 13N + NAVD88(GEOID18) height,8,5,7,6,0,4312206.797,466237.788,2452.534,POINT Z (466237.788 4312206.797 2452.534)
122,122,123,,466236.104,4312208.22,2456.097,,-105.38969053,38.95818213,2442.106,Global,0.011,0.011,0.013,0.015,1.734,m,FIX,RTK,2025-07-16 10:28:54.8 UTC-06:00,2025-07-16 10:28:57.8 UTC-06:00,16,1.1,1.3,466230.237,4312045.952,2472.344,-105.38975024,38.95671967,2458.352,163.143,,NAD83(2011) / UTM zone 13N + NAVD88(GEOID18) height,8,5,7,6,0,4312206.869,466237.709,2452.6820000000002,POINT Z (466237.709 4312206.869 2452.6820000000002)
123,123,124,,466235.969,4312208.427,2456.199,,-105.38969211,38.95818399,2442.208,Global,0.01,0.01,0.013,0.015,1.734,m,FIX,RTK,2025-07-16 10:29:11.6 UTC-06:00,2025-07-16 10:29:14.6 UTC-06:00,16,1.2,1.4,466230.237,4312045.952,2472.344,-105.38975024,38.95671967,2458.352,163.334,,NAD83(2011) / UTM zone 13N + NAVD88(GEOID18) height,9,5,7,5,0,4312207.076,466237.57399999996,2452.784,POINT Z (466237.57399999996 4312207.076 2452.784)
124,124,125,,466235.837,4312208.573,2456.385,,-105.38969364,38.9581853,2442.395,Global,0.01,0.012,0.01,0.016,1.734,m,FIX,RTK,2025-07-16 10:29:29.0 UTC-06:00,2025-07-16 10:29:32.0 UTC-06:00,16,1.2,1.4,466230.237,4312045.952,2472.344,-105.38975024,38.95671967,2458.352,163.454,,NAD83(2011) / UTM zone 13N + NAVD88(GEOID18) height,9,5,7,5,0,4312207.222,466237.442,2452.9700000000003,POINT Z (466237.442 4312207.222 2452.9700000000003)
125,125,126,,466235.758,4312208.732,2456.527,,-105.38969456,38.95818673,2442.537,Global,0.011,0.011,0.011,0.015,1.734,m,FIX,RTK,2025-07-16 10:29:39.8 UTC-06:00,2025-07-16 10:29:42.8 UTC-06:00,16,1.1,1.3,466230.237,4312045.952,2472.344,-105.38975024,38.95671967,2458.352,163.608,,NAD83(2011) / UTM zone 13N + NAVD88(GEOID18) height,10,5,7,5,0,4312207.381,466237.36299999995,2453.112,POINT Z (466237.36299999995 4312207.381 2453.112)
126,126,127,,466235.607,4312208.909,2456.571,,-105.38969632,38.95818832,2442.581,Global,0.01,0.011,0.011,0.015,1.734,m,FIX,RTK,2025-07-16 10:29:54.0 UTC-06:00,2025-07-16 10:29:57.0 UTC-06:00,16,1.1,1.3,466230.237,4312045.952,2472.344,-105.38975024,38.95671967,2458.352,163.77,,NAD83(2011) / UTM zone 13N + NAVD88(GEOID18) height,10,5,7,5,0,4312207.558,466237.212,2453.156,POINT Z (466237.212 4312207.558 2453.156)
127,127,128,,466235.457,4312209.048,2456.663,,-105.38969805,38.95818956,2442.673,Global,0.01,0.011,0.011,0.015,1.734,m,FIX,RTK,2025-07-16 10:30:05.4 UTC-06:00,2025-07-16 10:30:08.4 UTC-06:00,16,1.1,1.3,466230.237,4312045.952,2472.344,-105.38975024,38.95671967,2458.352,163.903,,NAD83(2011) / UTM zone 13N + NAVD88(GEOID18) height,9,5,7,5,0,4312207.697000001,466237.062,2453.248,POINT Z (466237.062 4312207.697000001 2453.248)
128,128,129,,466235.345,4312209.183,2456.704,,-105.38969935,38.95819077,2442.713,Global,0.01,0.01,0.011,0.015,1.734,m,FIX,RTK,2025-07-16 10:30:14.2 UTC-06:00,2025-07-16 10:30:17.2 UTC-06:00,16,1.1,1.3,466230.237,4312045.952,2472.344,-105.38975024,38.95671967,2458.352,164.03,,NAD83(2011) / UTM zone 13N + NAVD88(GEOID18) height,8,5,7,5,0,4312207.832,466236.94999999995,2453.289,POINT Z (466236.94999999995 4312207.832 2453.289)
129,129,130,,466235.222,4312209.347,2456.756,,-105.38970077,38.95819225,2442.766,Global,0.015,0.011,0.013,0.019,1.734,m,FIX,RTK,2025-07-16 10:30:24.6 UTC-06:00,2025-07-16 10:30:27.6 UTC-06:00,16,1.2,1.4,466230.237,4312045.952,2472.344,-105.38975024,38.95671967,2458.352,164.178,,NAD83(2011) / UTM zone 13N + NAVD88(GEOID18) height,9,5,7,5,0,4312207.996,466236.827,2453.341,POINT Z (466236.827 4312207.996 2453.341)
130,130,131,,466235.079,4312209.51,2456.813,,-105.38970243,38.95819372,2442.823,Global,0.011,0.011,0.01,0.016,1.734,m,FIX,RTK,2025-07-16 10:30:42.0 UTC-06:00,2025-07-16 10:30:45.0 UTC-06:00,16,1.1,1.2,466230.237,4312045.952,2472.344,-105.38975024,38.95671967,2458.352,164.339,,NAD83(2011) / UTM zone 13N + NAVD88(GEOID18) height,9,5,7,6,0,4312208.159,466236.684,2453.398,POINT Z (466236.684 4312208.159 2453.398)
131,131,132,,466234.938,4312209.616,2456.911,,-105.38970406,38.95819466,2442.92,Global,0.011,0.011,0.011,0.015,1.734,m,FIX,RTK,2025-07-16 10:31:03.0 UTC-06:00,2025-07-16 10:31:06.0 UTC-06:00,16,1.2,1.4,466230.237,4312045.952,2472.344,-105.38975024,38.95671967,2458.352,164.433,,NAD83(2011) / UTM zone 13N + NAVD88(GEOID18) height,10,5,8,5,0,4312208.265000001,466236.543,2453.496,POINT Z (466236.543 4312208.265000001 2453.496)
132,132,133,,466234.932,4312209.617,2456.919,,-105.38970414,38.95819467,2442.928,Global,0.01,0.011,0.012,0.015,1.734,m,FIX,RTK,2025-07-16 10:31:18.6 UTC-06:00,2025-07-16 10:31:48.6 UTC-06:00,151,1.2,1.4,466230.237,4312045.952,2472.344,-105.38975024,38.95671967,2458.352,164.422,,NAD83(2011) / UTM zone 13N + NAVD88(GEOID18) height,9,5,8,5,0,4312208.266,466236.53699999995,2453.504,POINT Z (466236.53699999995 4312208.266 2453.504)
133,133,134,,466234.795,4312209.559,2456.866,,-105.38970571,38.95819415,2442.875,Global,0.01,0.011,0.014,0.015,1.734,m,FIX,RTK,2025-07-16 10:32:08.0 UTC-06:00,2025-07-16 10:32:11.0 UTC-06:00,16,1.1,1.3,466230.237,4312045.952,2472.344,-105.38975024,38.95671967,2458.352,164.365,,NAD83(2011) / UTM zone 13N + NAVD88(GEOID18) height,9,5,8,5,0,4312208.208000001,466236.39999999997,2453.451,POINT Z (466236.39999999997 4312208.208000001 2453.451)
134,134,135,,466235.014,4312209.52,2456.832,,-105.38970319,38.9581938,2442.842,Global,0.01,0.01,0.013,0.014,1.734,m,FIX,RTK,2025-07-16 10:32:17.4 UTC-06:00,2025-07-16 10:32:20.4 UTC-06:00,16,1.1,1.3,466230.237,4312045.952,2472.344,-105.38975024,38.95671967,2458.352,164.343,,NAD83(2011) / UTM zone 13N + NAVD88(GEOID18) height,9,5,8,5,0,4312208.169,466236.619,2453.417,POINT Z (466236.619 4312208.169 2453.417)
135,135,136,,466235.082,4312209.76,2456.87,,-105.38970241,38.95819596,2442.879,Global,0.01,0.011,0.012,0.015,1.734,m,FIX,RTK,2025-07-16 10:32:30.4 UTC-06:00,2025-07-16 10:32:33.4 UTC-06:00,16,1.1,1.2,466230.237,4312045.952,2472.344,-105.38975024,38.95671967,2458.352,164.573,,NAD83(2011) / UTM zone 13N + NAVD88(GEOID18) height,9,5,8,5,0,4312208.409,466236.687,2453.455,POINT Z (466236.687 4312208.409 2453.455)
136,136,137,,466234.841,4312209.737,2456.877,,-105.38970519,38.95819575,2442.887,Global,0.01,0.011,0.014,0.015,1.734,m,FIX,RTK,2025-07-16 10:32:44.0 UTC-06:00,2025-07-16 10:32:47.0 UTC-06:00,16,1.1,1.2,466230.237,4312045.952,2472.344,-105.38975024,38.95671967,2458.352,164.559,,NAD83(2011) / UTM zone 13N + NAVD88(GEOID18) height,9,5,8,5,0,4312208.386,466236.446,2453.462,POINT Z (466236.446 4312208.386 2453.462)
137,137,138,,466234.931,4312209.618,2456.931,,-105.38970414,38.95819468,2442.94,Global,0.01,0.01,0.013,0.015,1.734,m,FIX,RTK,2025-07-16 10:32:58.8 UTC-06:00,2025-07-16 10:33:01.8 UTC-06:00,16,1.1,1.3,466230.237,4312045.952,2472.344,-105.38975024,38.95671967,2458.352,164.427,,NAD83(2011) / UTM zone 13N + NAVD88(GEOID18) height,10,5,8,5,0,4312208.267,466236.53599999996,2453.516,POINT Z (466236.53599999996 4312208.267 2453.516)
138,138,139,,466229.366,4311985.331,2457.433,,-105.3897573,38.95617337,2443.441,Global,0.012,0.01,0.021,0.016,1.734,m,FIX,RTK,2025-07-16 11:58:54.0 UTC-06:00,2025-07-16 11:58:57.0 UTC-06:00,16,1.9,2.4,466230.237,4312045.952,2472.344,-105.38975024,38.95671967,2458.352,62.089,,NAD83(2011) / UTM zone 13N + NAVD88(GEOID18) height,6,6,5,5,0,4311983.98,466230.97099999996,2454.018,POINT Z (466230.97099999996 4311983.98 2454.018)
139,139,140,,466229.366,4311985.325,2457.457,,-105.3897573,38.95617331,2443.465,Global,0.012,0.011,0.023,0.016,1.734,m,FIX,RTK,2025-07-16 11:59:06.6 UTC-06:00,2025-07-16 11:59:36.6 UTC-06:00,151,2.4,3.0,466230.237,4312045.952,2472.344,-105.38975024,38.95671967,2458.352,62.092,,NAD83(2011) / UTM zone 13N + NAVD88(GEOID18) height,7,6,5,5,0,4311983.974,466230.97099999996,2454.042,POINT Z (466230.97099999996 4311983.974 2454.042)
140,140,141,,466229.417,4311985.177,2457.357,,-105.38975671,38.95617198,2443.364,Global,0.016,0.011,0.017,0.02,1.734,m,FIX,RTK,2025-07-16 11:59:49.2 UTC-06:00,2025-07-16 11:59:52.2 UTC-06:00,16,2.0,2.5,466230.237,4312045.952,2472.344,-105.38975024,38.95671967,2458.352,62.252,,NAD83(2011) / UTM zone 13N + NAVD88(GEOID18) height,7,6,5,6,0,4311983.826,466231.022,2453.942,POINT Z (466231.022 4311983.826 2453.942)
141,141,142,,466229.285,4311985.302,2457.244,,-105.38975824,38.95617311,2443.252,Global,0.011,0.01,0.02,0.015,1.734,m,FIX,RTK,2025-07-16 11:59:57.6 UTC-06:00,2025-07-16 12:00:00.6 UTC-06:00,16,2.0,2.5,466230.237,4312045.952,2472.344,-105.38975024,38.95671967,2458.352,62.158,,NAD83(2011) / UTM zone 13N + NAVD88(GEOID18) height,7,6,5,6,0,4311983.951,466230.88999999996,2453.829,POINT Z (466230.88999999996 4311983.951 2453.829)
142,142,143,,466229.344,4311985.447,2457.332,,-105.38975756,38.95617442,2443.339,Global,0.012,0.011,0.025,0.016,1.734,m,FIX,RTK,2025-07-16 12:00:06.6 UTC-06:00,2025-07-16 12:00:09.6 UTC-06:00,16,2.4,3.1,466230.237,4312045.952,2472.344,-105.38975024,38.95671967,2458.352,61.994,,NAD83(2011) / UTM zone 13N + NAVD88(GEOID18) height,7,6,6,6,0,4311984.096,466230.94899999996,2453.917,POINT Z (466230.94899999996 4311984.096 2453.917)
143,143,144,,466229.474,4311985.372,2457.452,,-105.38975606,38.95617374,2443.46,Global,0.013,0.011,0.017,0.017,1.734,m,FIX,RTK,2025-07-16 12:00:15.4 UTC-06:00,2025-07-16 12:00:18.4 UTC-06:00,16,1.9,2.4,466230.237,4312045.952,2472.344,-105.38975024,38.95671967,2458.352,62.05,,NAD83(2011) / UTM zone 13N + NAVD88(GEOID18) height,6,6,6,5,0,4311984.021000001,466231.07899999997,2454.0370000000003,POINT Z (466231.07899999997 4311984.021000001 2454.0370000000003)
144,144,145,,466229.374,4311985.318,2457.465,,-105.3897572,38.95617325,2443.472,Global,0.011,0.015,0.025,0.018,1.734,m,FIX,RTK,2025-07-16 12:00:26.0 UTC-06:00,2025-07-16 12:00:29.0 UTC-06:00,16,2.4,3.1,466230.237,4312045.952,2472.344,-105.38975024,38.95671967,2458.352,62.092,,NAD83(2011) / UTM zone 13N + NAVD88(GEOID18) height,7,6,6,5,0,4311983.967,466230.979,2454.05,POINT Z (466230.979 4311983.967 2454.05)
145,145,146,,466229.233,4311985.248,2457.222,,-105.38975884,38.95617261,2443.229,Global,0.013,0.012,0.016,0.017,1.734,m,FIX,RTK,2025-07-16 12:00:43.0 UTC-06:00,2025-07-16 12:00:46.0 UTC-06:00,16,2.0,2.5,466230.237,4312045.952,2472.344,-105.38975024,38.95671967,2458.352,62.22,,NAD83(2011) / UTM zone 13N + NAVD88(GEOID18) height,6,6,5,5,0,4311983.897,466230.838,2453.8070000000002,POINT Z (466230.838 4311983.897 2453.8070000000002)
146,146,147,,466229.033,4311985.162,2457.027,,-105.38976114,38.95617183,2443.034,Global,0.011,0.013,0.027,0.017,1.734,m,FIX,RTK,2025-07-16 12:00:53.8 UTC-06:00,2025-07-16 12:00:56.8 UTC-06:00,16,2.4,3.1,466230.237,4312045.952,2472.344,-105.38975024,38.95671967,2458.352,62.348,,NAD83(2011) / UTM zone 13N + NAVD88(GEOID18) height,6,6,5,5,0,4311983.811,466230.638,2453.612,POINT Z (466230.638 4311983.811 2453.612)
147,147,148,,466228.86,4311985.113,2456.944,,-105.38976313,38.95617139,2442.951,Global,0.017,0.011,0.026,0.02,1.734,m,FIX,RTK,2025-07-16 12:01:10.6 UTC-06:00,2025-07-16 12:01:13.6 UTC-06:00,16,2.4,3.1,466230.237,4312045.952,2472.344,-105.38975024,38.95671967,2458.352,62.414,,NAD83(2011) / UTM zone 13N + NAVD88(GEOID18) height,6,6,5,5,0,4311983.762,466230.46499999997,2453.529,POINT Z (466230.46499999997 4311983.762 2453.529)
148,148,149,,466228.662,4311985.089,2456.877,,-105.38976541,38.95617116,2442.884,Global,0.011,0.012,0.015,0.016,1.734,m,FIX,RTK,2025-07-16 12:01:19.4 UTC-06:00,2025-07-16 12:01:22.4 UTC-06:00,16,1.8,2.2,466230.237,4312045.952,2472.344,-105.38975024,38.95671967,2458.352,62.453,,NAD83(2011) / UTM zone 13N + NAVD88(GEOID18) height,7,6,5,5,0,4311983.738,466230.267,2453.462,POINT Z (466230.267 4311983.738 2453.462)
149,149,150,,466228.551,4311985.062,2456.804,,-105.38976669,38.95617091,2442.811,Global,0.011,0.01,0.016,0.015,1.734,m,FIX,RTK,2025-07-16 12:01:31.8 UTC-06:00,2025-07-16 12:01:34.8 UTC-06:00,16,1.9,2.4,466230.237,4312045.952,2472.344,-105.38975024,38.95671967,2458.352,62.504,,NAD83(2011) / UTM zone 13N + NAVD88(GEOID18) height,6,6,5,5,0,4311983.711,466230.15599999996,2453.389,POINT Z (466230.15599999996 4311983.711 2453.389)
150,150,151,,466228.336,4311985.027,2456.741,,-105.38976917,38.95617059,2442.748,Global,0.011,0.01,0.021,0.015,1.734,m,FIX,RTK,2025-07-16 12:01:43.0 UTC-06:00,2025-07-16 12:01:46.0 UTC-06:00,16,2.0,2.6,466230.237,4312045.952,2472.344,-105.38975024,38.95671967,2458.352,62.561,,NAD83(2011) / UTM zone 13N + NAVD88(GEOID18) height,7,6,5,5,0,4311983.676,466229.941,2453.326,POINT Z (466229.941 4311983.676 2453.326)
151,151,152,,466228.114,4311984.982,2456.792,,-105.38977174,38.95617017,2442.8,Global,0.011,0.011,0.023,0.015,1.734,m,FIX,RTK,2025-07-16 12:01:53.0 UTC-06:00,2025-07-16 12:01:56.0 UTC-06:00,16,2.0,2.6,466230.237,4312045.952,2472.344,-105.38975024,38.95671967,2458.352,62.601,,NAD83(2011) / UTM zone 13N + NAVD88(GEOID18) height,6,6,5,5,0,4311983.631,466229.719,2453.377,POINT Z (466229.719 4311983.631 2453.377)
152,152,153,,466227.916,4311984.939,2456.642,,-105.38977401,38.95616978,2442.65,Global,0.01,0.01,0.017,0.015,1.734,m,FIX,RTK,2025-07-16 12:02:02.2 UTC-06:00,2025-07-16 12:02:05.2 UTC-06:00,14,2.0,2.6,466230.237,4312045.952,2472.344,-105.38975024,38.95671967,2458.352,62.687,,NAD83(2011) / UTM zone 13N + NAVD88(GEOID18) height,7,6,6,5,0,4311983.588,466229.521,2453.227,POINT Z (466229.521 4311983.588 2453.227)
153,153,154,,466227.763,4311984.882,2456.807,,-105.38977579,38.95616926,2442.815,Global,0.012,0.011,0.015,0.016,1.734,m,FIX,RTK,2025-07-16 12:02:27.0 UTC-06:00,2025-07-16 12:02:30.0 UTC-06:00,16,1.9,2.3,466230.237,4312045.952,2472.344,-105.38975024,38.95671967,2458.352,62.717,,NAD83(2011) / UTM zone 13N + NAVD88(GEOID18) height,6,6,6,5,0,4311983.531,466229.36799999996,2453.392,POINT Z (466229.36799999996 4311983.531 2453.392)
154,154,155,,466227.598,4311984.862,2456.876,,-105.38977768,38.95616907,2442.884,Global,0.01,0.011,0.014,0.015,1.734,m,FIX,RTK,2025-07-16 12:02:37.2 UTC-06:00,2025-07-16 12:02:40.2 UTC-06:00,16,1.9,2.3,466230.237,4312045.952,2472.344,-105.38975024,38.95671967,2458.352,62.717,,NAD83(2011) / UTM zone 13N + NAVD88(GEOID18) height,6,6,6,5,0,4311983.511,466229.203,2453.4610000000002,POINT Z (466229.203 4311983.511 2453.4610000000002)
155,155,156,,466227.396,4311984.848,2456.617,,-105.38978002,38.95616894,2442.625,Global,0.011,0.011,0.014,0.016,1.734,m,FIX,RTK,2025-07-16 12:02:48.8 UTC-06:00,2025-07-16 12:02:51.8 UTC-06:00,16,2.0,2.6,466230.237,4312045.952,2472.344,-105.38975024,38.95671967,2458.352,62.804,,NAD83(2011) / UTM zone 13N + NAVD88(GEOID18) height,6,6,6,5,0,4311983.497,466229.001,2453.202,POINT Z (466229.001 4311983.497 2453.202)
156,156,157,,466227.19,4311984.872,2456.585,,-105.38978239,38.95616915,2442.592,Global,0.011,0.01,0.012,0.015,1.734,m,FIX,RTK,2025-07-16 12:03:17.4 UTC-06:00,2025-07-16 12:03:20.4 UTC-06:00,16,2.0,2.6,466230.237,4312045.952,2472.344,-105.38975024,38.95671967,2458.352,62.786,,NAD83(2011) / UTM zone 13N + NAVD88(GEOID18) height,7,6,5,5,0,4311983.521000001,466228.795,2453.17,POINT Z (466228.795 4311983.521000001 2453.17)
157,157,158,,466227.064,4311984.816,2456.602,,-105.38978384,38.95616864,2442.609,Global,0.011,0.011,0.012,0.015,1.734,m,FIX,RTK,2025-07-16 12:03:29.4 UTC-06:00,2025-07-16 12:03:32.4 UTC-06:00,16,2.0,2.6,466230.237,4312045.952,2472.344,-105.38975024,38.95671967,2458.352,62.846,,NAD83(2011) / UTM zone 13N + NAVD88(GEOID18) height,7,6,5,5,0,4311983.465,466228.669,2453.187,POINT Z (466228.669 4311983.465 2453.187)
158,158,159,,466226.792,4311984.752,2456.756,,-105.38978698,38.95616805,2442.764,Global,0.011,0.013,0.011,0.017,1.734,m,FIX,RTK,2025-07-16 12:03:39.0 UTC-06:00,2025-07-16 12:03:42.0 UTC-06:00,16,2.0,2.6,466230.237,4312045.952,2472.344,-105.38975024,38.95671967,2458.352,62.893,,NAD83(2011) / UTM zone 13N + NAVD88(GEOID18) height,6,6,5,6,0,4311983.401000001,466228.397,2453.341,POINT Z (466228.397 4311983.401000001 2453.341)
159,159,160,,466226.661,4311984.741,2456.759,,-105.38978849,38.95616795,2442.767,Global,0.011,0.01,0.012,0.015,1.734,m,FIX,RTK,2025-07-16 12:03:48.8 UTC-06:00,2025-07-16 12:03:51.8 UTC-06:00,16,2.0,2.6,466230.237,4312045.952,2472.344,-105.38975024,38.95671967,2458.352,62.909,,NAD83(2011) / UTM zone 13N + NAVD88(GEOID18) height,6,6,5,6,0,4311983.390000001,466228.266,2453.344,POINT Z (466228.266 4311983.390000001 2453.344)
160,160,161,,466226.424,4311984.689,2456.521,,-105.38979122,38.95616747,2442.528,Global,0.011,0.01,0.016,0.015,1.734,m,FIX,RTK,2025-07-16 12:03:57.8 UTC-06:00,2025-07-16 12:04:00.8 UTC-06:00,16,2.0,2.6,466230.237,4312045.952,2472.344,-105.38975024,38.95671967,2458.352,63.023,,NAD83(2011) / UTM zone 13N + NAVD88(GEOID18) height,7,6,6,5,0,4311983.338,466228.029,2453.106,POINT Z (466228.029 4311983.338 2453.106)
161,161,162,,466226.285,4311984.667,2456.543,,-105.38979283,38.95616727,2442.55,Global,0.011,0.016,0.011,0.019,1.734,m,FIX,RTK,2025-07-16 12:04:09.8 UTC-06:00,2025-07-16 12:04:12.8 UTC-06:00,16,1.8,2.3,466230.237,4312045.952,2472.344,-105.38975024,38.95671967,2458.352,63.059,,NAD83(2011) / UTM zone 13N + NAVD88(GEOID18) height,8,6,6,6,0,4311983.316000001,466227.88999999996,2453.128,POINT Z (466227.88999999996 4311983.316000001 2453.128)
162,162,163,,466226.059,4311984.596,2456.704,,-105.38979543,38.95616661,2442.711,Global,0.011,0.012,0.012,0.016,1.734,m,FIX,RTK,2025-07-16 12:04:20.2 UTC-06:00,2025-07-16 12:04:23.2 UTC-06:00,16,1.8,2.3,466230.237,4312045.952,2472.344,-105.38975024,38.95671967,2458.352,63.1,,NAD83(2011) / UTM zone 13N + NAVD88(GEOID18) height,7,6,5,5,0,4311983.245,466227.664,2453.289,POINT Z (466227.664 4311983.245 2453.289)
163,163,164,,466225.838,4311984.61,2456.465,,-105.38979799,38.95616674,2442.473,Global,0.011,0.011,0.012,0.016,1.734,m,FIX,RTK,2025-07-16 12:04:31.6 UTC-06:00,2025-07-16 12:04:34.6 UTC-06:00,16,2.0,2.6,466230.237,4312045.952,2472.344,-105.38975024,38.95671967,2458.352,63.154,,NAD83(2011) / UTM zone 13N + NAVD88(GEOID18) height,7,6,6,5,0,4311983.259000001,466227.44299999997,2453.05,POINT Z (466227.44299999997 4311983.259000001 2453.05)
164,164,165,,466225.701,4311984.565,2456.488,,-105.38979957,38.95616633,2442.496,Global,0.01,0.012,0.012,0.016,1.734,m,FIX,RTK,2025-07-16 12:04:43.4 UTC-06:00,2025-07-16 12:04:46.4 UTC-06:00,16,1.8,2.3,466230.237,4312045.952,2472.344,-105.38975024,38.95671967,2458.352,63.202,,NAD83(2011) / UTM zone 13N + NAVD88(GEOID18) height,7,6,5,5,0,4311983.214000001,466227.306,2453.073,POINT Z (466227.306 4311983.214000001 2453.073)
165,165,166,,466225.435,4311984.532,2456.478,,-105.38980263,38.95616602,2442.485,Global,0.016,0.011,0.014,0.019,1.734,m,FIX,RTK,2025-07-16 12:05:03.8 UTC-06:00,2025-07-16 12:05:06.8 UTC-06:00,16,1.8,2.3,466230.237,4312045.952,2472.344,-105.38975024,38.95671967,2458.352,63.251,,NAD83(2011) / UTM zone 13N + NAVD88(GEOID18) height,8,6,6,5,0,4311983.181,466227.04,2453.063,POINT Z (466227.04 4311983.181 2453.063)
166,166,167,,466225.318,4311984.462,2456.471,,-105.38980398,38.95616538,2442.479,Global,0.013,0.012,0.012,0.018,1.734,m,FIX,RTK,2025-07-16 12:05:13.2 UTC-06:00,2025-07-16 12:05:16.2 UTC-06:00,16,1.8,2.3,466230.237,4312045.952,2472.344,-105.38975024,38.95671967,2458.352,63.341,,NAD83(2011) / UTM zone 13N + NAVD88(GEOID18) height,8,6,6,5,0,4311983.1110000005,466226.923,2453.056,POINT Z (466226.923 4311983.1110000005 2453.056)
167,167,168,,466225.046,4311984.506,2456.471,,-105.38980712,38.95616576,2442.479,Global,0.015,0.011,0.011,0.018,1.734,m,FIX,RTK,2025-07-16 12:05:20.8 UTC-06:00,2025-07-16 12:05:23.8 UTC-06:00,16,1.8,2.3,466230.237,4312045.952,2472.344,-105.38975024,38.95671967,2458.352,63.31,,NAD83(2011) / UTM zone 13N + NAVD88(GEOID18) height,8,6,6,5,0,4311983.155,466226.65099999995,2453.056,POINT Z (466226.65099999995 4311983.155 2453.056)
168,168,169,,466224.851,4311984.487,2456.575,,-105.38980937,38.95616559,2442.582,Global,0.01,0.01,0.011,0.015,1.734,m,FIX,RTK,2025-07-16 12:05:30.0 UTC-06:00,2025-07-16 12:05:33.0 UTC-06:00,16,1.8,2.3,466230.237,4312045.952,2472.344,-105.38975024,38.95671967,2458.352,63.322,,NAD83(2011) / UTM zone 13N + NAVD88(GEOID18) height,7,6,6,5,0,4311983.136,466226.456,2453.16,POINT Z (466226.456 4311983.136 2453.16)
169,169,170,,466224.656,4311984.465,2456.438,,-105.38981162,38.95616538,2442.445,Global,0.01,0.011,0.014,0.015,1.734,m,FIX,RTK,2025-07-16 12:05:40.4 UTC-06:00,2025-07-16 12:05:43.4 UTC-06:00,16,1.5,1.8,466230.237,4312045.952,2472.344,-105.38975024,38.95671967,2458.352,63.397,,NAD83(2011) / UTM zone 13N + NAVD88(GEOID18) height,7,6,6,6,0,4311983.114,466226.261,2453.023,POINT Z (466226.261 4311983.114 2453.023)
170,170,171,,466224.489,4311984.409,2456.454,,-105.38981355,38.95616487,2442.461,Global,0.012,0.01,0.013,0.016,1.734,m,FIX,RTK,2025-07-16 12:05:47.6 UTC-06:00,2025-07-16 12:05:50.6 UTC-06:00,16,1.5,1.8,466230.237,4312045.952,2472.344,-105.38975024,38.95671967,2458.352,63.459,,NAD83(2011) / UTM zone 13N + NAVD88(GEOID18) height,6,6,6,5,0,4311983.058,466226.094,2453.039,POINT Z (466226.094 4311983.058 2453.039)
171,171,172,,466224.268,4311984.35,2456.445,,-105.3898161,38.95616433,2442.452,Global,0.01,0.01,0.012,0.015,1.734,m,FIX,RTK,2025-07-16 12:05:57.8 UTC-06:00,2025-07-16 12:06:00.8 UTC-06:00,16,1.5,1.8,466230.237,4312045.952,2472.344,-105.38975024,38.95671967,2458.352,63.538,,NAD83(2011) / UTM zone 13N + NAVD88(GEOID18) height,7,6,6,5,0,4311982.999,466225.87299999996,2453.03,POINT Z (466225.87299999996 4311982.999 2453.03)
172,172,173,,466224.097,4311984.321,2456.446,,-105.38981807,38.95616406,2442.453,Global,0.012,0.016,0.015,0.02,1.734,m,FIX,RTK,2025-07-16 12:06:09.0 UTC-06:00,2025-07-16 12:06:12.0 UTC-06:00,16,1.5,1.8,466230.237,4312045.952,2472.344,-105.38975024,38.95671967,2458.352,63.567,,NAD83(2011) / UTM zone 13N + NAVD88(GEOID18) height,6,6,6,5,0,4311982.970000001,466225.702,2453.031,POINT Z (466225.702 4311982.970000001 2453.031)
173,173,174,,466223.879,4311984.27,2456.393,,-105.38982057,38.9561636,2442.401,Global,0.011,0.018,0.019,0.021,1.734,m,FIX,RTK,2025-07-16 12:06:16.2 UTC-06:00,2025-07-16 12:06:19.2 UTC-06:00,16,1.5,1.8,466230.237,4312045.952,2472.344,-105.38975024,38.95671967,2458.352,63.647,,NAD83(2011) / UTM zone 13N + NAVD88(GEOID18) height,6,6,6,5,0,4311982.919,466225.484,2452.978,POINT Z (466225.484 4311982.919 2452.978)
174,174,175,,466223.733,4311984.22,2456.426,,-105.38982226,38.95616314,2442.433,Global,0.011,0.012,0.014,0.016,1.734,m,FIX,RTK,2025-07-16 12:06:24.8 UTC-06:00,2025-07-16 12:06:27.8 UTC-06:00,16,1.5,1.8,466230.237,4312045.952,2472.344,-105.38975024,38.95671967,2458.352,63.709,,NAD83(2011) / UTM zone 13N + NAVD88(GEOID18) height,7,6,6,6,0,4311982.869,466225.338,2453.011,POINT Z (466225.338 4311982.869 2453.011)
175,175,176,,466223.525,4311984.172,2456.426,,-105.38982465,38.9561627,2442.434,Global,0.012,0.011,0.014,0.016,1.734,m,FIX,RTK,2025-07-16 12:06:35.8 UTC-06:00,2025-07-16 12:06:38.8 UTC-06:00,16,1.8,2.3,466230.237,4312045.952,2472.344,-105.38975024,38.95671967,2458.352,63.78,,NAD83(2011) / UTM zone 13N + NAVD88(GEOID18) height,7,6,6,6,0,4311982.821,466225.13,2453.011,POINT Z (466225.13 4311982.821 2453.011)
176,176,177,,466223.267,4311984.105,2456.388,,-105.38982764,38.95616208,2442.396,Global,0.011,0.014,0.013,0.018,1.734,m,FIX,RTK,2025-07-16 12:06:45.0 UTC-06:00,2025-07-16 12:06:48.0 UTC-06:00,16,2.1,2.6,466230.237,4312045.952,2472.344,-105.38975024,38.95671967,2458.352,63.897,,NAD83(2011) / UTM zone 13N + NAVD88(GEOID18) height,7,6,6,5,0,4311982.754000001,466224.872,2452.973,POINT Z (466224.872 4311982.754000001 2452.973)
177,177,178,,466223.116,4311984.067,2456.371,,-105.38982937,38.95616174,2442.379,Global,0.012,0.012,0.011,0.017,1.734,m,FIX,RTK,2025-07-16 12:06:54.0 UTC-06:00,2025-07-16 12:06:57.0 UTC-06:00,16,2.1,2.6,466230.237,4312045.952,2472.344,-105.38975024,38.95671967,2458.352,63.946,,NAD83(2011) / UTM zone 13N + NAVD88(GEOID18) height,7,6,6,6,0,4311982.716,466224.72099999996,2452.956,POINT Z (466224.72099999996 4311982.716 2452.956)
178,178,179,,466222.955,4311984.061,2456.334,,-105.38983123,38.95616168,2442.341,Global,0.011,0.016,0.018,0.019,1.734,m,FIX,RTK,2025-07-16 12:07:02.4 UTC-06:00,2025-07-16 12:07:05.4 UTC-06:00,15,2.1,2.6,466230.237,4312045.952,2472.344,-105.38975024,38.95671967,2458.352,63.987,,NAD83(2011) / UTM zone 13N + NAVD88(GEOID18) height,6,6,6,5,0,4311982.71,466224.56,2452.919,POINT Z (466224.56 4311982.71 2452.919)
179,179,180,,466222.73,4311984.046,2456.302,,-105.38983383,38.95616153,2442.31,Global,0.011,0.013,0.017,0.017,1.734,m,FIX,RTK,2025-07-16 12:07:11.8 UTC-06:00,2025-07-16 12:07:14.8 UTC-06:00,16,2.1,2.6,466230.237,4312045.952,2472.344,-105.38975024,38.95671967,2458.352,64.03,,NAD83(2011) / UTM zone 13N + NAVD88(GEOID18) height,6,6,6,5,0,4311982.695,466224.33499999996,2452.887,POINT Z (466224.33499999996 4311982.695 2452.887)
180,180,181,,466222.555,4311984.1,2456.263,,-105.38983585,38.95616201,2442.27,Global,0.012,0.014,0.017,0.019,1.734,m,FIX,RTK,2025-07-16 12:07:21.8 UTC-06:00,2025-07-16 12:07:24.8 UTC-06:00,16,2.1,2.6,466230.237,4312045.952,2472.344,-105.38975024,38.95671967,2458.352,63.993,,NAD83(2011) / UTM zone 13N + NAVD88(GEOID18) height,6,6,6,5,0,4311982.749,466224.16,2452.848,POINT Z (466224.16 4311982.749 2452.848)
181,181,182,,466222.369,4311984.011,2456.221,,-105.38983799,38.95616121,2442.228,Global,0.015,0.015,0.013,0.022,1.734,m,FIX,RTK,2025-07-16 12:07:31.8 UTC-06:00,2025-07-16 12:07:34.8 UTC-06:00,16,1.8,2.3,466230.237,4312045.952,2472.344,-105.38975024,38.95671967,2458.352,64.136,,NAD83(2011) / UTM zone 13N + NAVD88(GEOID18) height,6,6,6,5,0,4311982.66,466223.974,2452.806,POINT Z (466223.974 4311982.66 2452.806)
182,182,183,,466222.102,4311984.028,2456.154,,-105.38984107,38.95616134,2442.162,Global,0.011,0.014,0.018,0.018,1.734,m,FIX,RTK,2025-07-16 12:07:42.0 UTC-06:00,2025-07-16 12:07:45.0 UTC-06:00,16,1.8,2.3,466230.237,4312045.952,2472.344,-105.38975024,38.95671967,2458.352,64.146,,NAD83(2011) / UTM zone 13N + NAVD88(GEOID18) height,6,6,6,5,0,4311982.677,466223.707,2452.739,POINT Z (466223.707 4311982.677 2452.739)
183,183,184,,466221.9,4311983.995,2456.133,,-105.3898434,38.95616104,2442.14,Global,0.019,0.013,0.021,0.024,1.734,m,FIX,RTK,2025-07-16 12:07:52.8 UTC-06:00,2025-07-16 12:07:55.8 UTC-06:00,16,2.1,2.6,466230.237,4312045.952,2472.344,-105.38975024,38.95671967,2458.352,64.22,,NAD83(2011) / UTM zone 13N + NAVD88(GEOID18) height,7,6,6,6,0,4311982.644,466223.505,2452.718,POINT Z (466223.505 4311982.644 2452.718)
184,184,185,,466221.675,4311983.999,2456.064,,-105.389846,38.95616107,2442.072,Global,0.011,0.012,0.014,0.017,1.734,m,FIX,RTK,2025-07-16 12:08:03.0 UTC-06:00,2025-07-16 12:08:06.0 UTC-06:00,16,1.8,2.3,466230.237,4312045.952,2472.344,-105.38975024,38.95671967,2458.352,64.246,,NAD83(2011) / UTM zone 13N + NAVD88(GEOID18) height,6,6,5,6,0,4311982.648,466223.27999999997,2452.649,POINT Z (466223.27999999997 4311982.648 2452.649)
185,185,186,,466221.486,4311983.847,2456.142,,-105.38984818,38.95615969,2442.15,Global,0.013,0.015,0.021,0.02,1.734,m,FIX,RTK,2025-07-16 12:08:15.4 UTC-06:00,2025-07-16 12:08:18.4 UTC-06:00,16,1.8,2.3,466230.237,4312045.952,2472.344,-105.38975024,38.95671967,2458.352,64.396,,NAD83(2011) / UTM zone 13N + NAVD88(GEOID18) height,7,6,5,5,0,4311982.496,466223.09099999996,2452.727,POINT Z (466223.09099999996 4311982.496 2452.727)
186,186,187,,466221.336,4311983.765,2456.138,,-105.3898499,38.95615894,2442.145,Global,0.013,0.012,0.012,0.018,1.734,m,FIX,RTK,2025-07-16 12:08:27.6 UTC-06:00,2025-07-16 12:08:30.6 UTC-06:00,16,1.8,2.3,466230.237,4312045.952,2472.344,-105.38975024,38.95671967,2458.352,64.516,,NAD83(2011) / UTM zone 13N + NAVD88(GEOID18) height,7,6,5,6,0,4311982.414,466222.941,2452.723,POINT Z (466222.941 4311982.414 2452.723)
187,187,188,,466221.148,4311983.814,2456.112,,-105.38985208,38.95615938,2442.119,Global,0.013,0.019,0.013,0.023,1.734,m,FIX,RTK,2025-07-16 12:08:38.0 UTC-06:00,2025-07-16 12:08:41.0 UTC-06:00,16,1.8,2.3,466230.237,4312045.952,2472.344,-105.38975024,38.95671967,2458.352,64.487,,NAD83(2011) / UTM zone 13N + NAVD88(GEOID18) height,6,6,5,6,0,4311982.463,466222.75299999997,2452.697,POINT Z (466222.75299999997 4311982.463 2452.697)
188,188,189,,466220.955,4311983.815,2456.134,,-105.3898543,38.95615938,2442.142,Global,0.016,0.011,0.012,0.019,1.734,m,FIX,RTK,2025-07-16 12:08:53.8 UTC-06:00,2025-07-16 12:08:56.8 UTC-06:00,16,1.8,2.3,466230.237,4312045.952,2472.344,-105.38975024,38.95671967,2458.352,64.519,,NAD83(2011) / UTM zone 13N + NAVD88(GEOID18) height,6,6,5,6,0,4311982.464000001,466222.56,2452.719,POINT Z (466222.56 4311982.464000001 2452.719)
189,189,190,,466220.735,4311983.585,2456.635,,-105.38985682,38.9561573,2442.643,Global,0.012,0.011,0.015,0.016,1.734,m,FIX,RTK,2025-07-16 12:09:20.2 UTC-06:00,2025-07-16 12:09:23.2 UTC-06:00,16,1.8,2.3,466230.237,4312045.952,2472.344,-105.38975024,38.95671967,2458.352,64.661,,NAD83(2011) / UTM zone 13N + NAVD88(GEOID18) height,6,6,5,6,0,4311982.234,466222.33999999997,2453.2200000000003,POINT Z (466222.33999999997 4311982.234 2453.2200000000003)
190,190,191,,466220.512,4311983.547,2456.722,,-105.3898594,38.95615695,2442.73,Global,0.013,0.02,0.017,0.023,1.734,m,FIX,RTK,2025-07-16 12:09:31.6 UTC-06:00,2025-07-16 12:09:34.6 UTC-06:00,16,1.8,2.3,466230.237,4312045.952,2472.344,-105.38975024,38.95671967,2458.352,64.692,,NAD83(2011) / UTM zone 13N + NAVD88(GEOID18) height,6,6,5,6,0,4311982.196,466222.11699999997,2453.3070000000002,POINT Z (466222.11699999997 4311982.196 2453.3070000000002)
191,191,192,,466220.367,4311983.566,2456.727,,-105.38986107,38.95615711,2442.735,Global,0.01,0.012,0.013,0.016,1.734,m,FIX,RTK,2025-07-16 12:09:47.2 UTC-06:00,2025-07-16 12:09:50.2 UTC-06:00,16,1.5,1.8,466230.237,4312045.952,2472.344,-105.38975024,38.95671967,2458.352,64.719,,NAD83(2011) / UTM zone 13N + NAVD88(GEOID18) height,6,6,5,6,0,4311982.215,466221.972,2453.312,POINT Z (466221.972 4311982.215 2453.312)
192,192,193,,466220.161,4311983.543,2456.737,,-105.38986345,38.9561569,2442.745,Global,0.011,0.013,0.016,0.017,1.734,m,FIX,RTK,2025-07-16 12:09:59.8 UTC-06:00,2025-07-16 12:10:02.8 UTC-06:00,16,1.5,1.8,466230.237,4312045.952,2472.344,-105.38975024,38.95671967,2458.352,64.768,,NAD83(2011) / UTM zone 13N + NAVD88(GEOID18) height,6,6,5,6,0,4311982.192,466221.766,2453.322,POINT Z (466221.766 4311982.192 2453.322)
193,193,194,,466219.949,4311983.543,2456.595,,-105.3898659,38.95615689,2442.602,Global,0.011,0.011,0.017,0.015,1.734,m,FIX,RTK,2025-07-16 12:10:09.4 UTC-06:00,2025-07-16 12:10:12.4 UTC-06:00,16,1.8,2.3,466230.237,4312045.952,2472.344,-105.38975024,38.95671967,2458.352,64.826,,NAD83(2011) / UTM zone 13N + NAVD88(GEOID18) height,6,6,5,6,0,4311982.192,466221.554,2453.18,POINT Z (466221.554 4311982.192 2453.18)
194,194,195,,466219.757,4311983.539,2456.498,,-105.38986811,38.95615685,2442.506,Global,0.011,0.012,0.015,0.016,1.734,m,FIX,RTK,2025-07-16 12:10:19.6 UTC-06:00,2025-07-16 12:10:22.6 UTC-06:00,16,1.8,2.3,466230.237,4312045.952,2472.344,-105.38975024,38.95671967,2458.352,64.879,,NAD83(2011) / UTM zone 13N + NAVD88(GEOID18) height,7,6,5,6,0,4311982.188,466221.36199999996,2453.083,POINT Z (466221.36199999996 4311982.188 2453.083)
195,195,196,,466219.547,4311983.517,2456.401,,-105.38987053,38.95615665,2442.409,Global,0.011,0.01,0.011,0.015,1.734,m,FIX,RTK,2025-07-16 12:10:34.8 UTC-06:00,2025-07-16 12:10:37.8 UTC-06:00,16,1.8,2.3,466230.237,4312045.952,2472.344,-105.38975024,38.95671967,2458.352,64.967,,NAD83(2011) / UTM zone 13N + NAVD88(GEOID18) height,6,6,5,5,0,4311982.166,466221.152,2452.986,POINT Z (466221.152 4311982.166 2452.986)
196,196,197,,466219.339,4311983.487,2456.416,,-105.38987294,38.95615636,2442.424,Global,0.011,0.011,0.011,0.015,1.734,m,FIX,RTK,2025-07-16 12:10:44.4 UTC-06:00,2025-07-16 12:10:47.4 UTC-06:00,16,1.8,2.3,466230.237,4312045.952,2472.344,-105.38975024,38.95671967,2458.352,65.032,,NAD83(2011) / UTM zone 13N + NAVD88(GEOID18) height,6,6,5,5,0,4311982.136,466220.94399999996,2453.001,POINT Z (466220.94399999996 4311982.136 2453.001)
197,197,198,,466219.14,4311983.539,2456.399,,-105.38987523,38.95615683,2442.406,Global,0.011,0.011,0.012,0.015,1.734,m,FIX,RTK,2025-07-16 12:11:01.2 UTC-06:00,2025-07-16 12:11:04.2 UTC-06:00,16,2.1,2.6,466230.237,4312045.952,2472.344,-105.38975024,38.95671967,2458.352,65.015,,NAD83(2011) / UTM zone 13N + NAVD88(GEOID18) height,6,6,5,5,0,4311982.188,466220.745,2452.984,POINT Z (466220.745 4311982.188 2452.984)
198,198,199,,466218.976,4311983.425,2456.494,,-105.38987712,38.95615579,2442.502,Global,0.011,0.012,0.013,0.016,1.734,m,FIX,RTK,2025-07-16 12:11:22.2 UTC-06:00,2025-07-16 12:11:25.2 UTC-06:00,16,2.1,2.6,466230.237,4312045.952,2472.344,-105.38975024,38.95671967,2458.352,65.125,,NAD83(2011) / UTM zone 13N + NAVD88(GEOID18) height,7,6,5,6,0,4311982.074,466220.581,2453.079,POINT Z (466220.581 4311982.074 2453.079)
199,199,200,,466218.776,4311983.375,2456.382,,-105.38987943,38.95615533,2442.39,Global,0.011,0.014,0.012,0.018,1.734,m,FIX,RTK,2025-07-16 12:11:32.4 UTC-06:00,2025-07-16 12:11:35.4 UTC-06:00,16,1.8,2.2,466230.237,4312045.952,2472.344,-105.38975024,38.95671967,2458.352,65.247,,NAD83(2011) / UTM zone 13N + NAVD88(GEOID18) height,7,6,5,6,0,4311982.024,466220.381,2452.967,POINT Z (466220.381 4311982.024 2452.967)
200,200,201,,466218.541,4311983.323,2456.594,,-105.38988214,38.95615485,2442.602,Global,0.013,0.014,0.02,0.019,1.734,m,FIX,RTK,2025-07-16 12:11:41.4 UTC-06:00,2025-07-16 12:11:44.4 UTC-06:00,16,1.7,2.1,466230.237,4312045.952,2472.344,-105.38975024,38.95671967,2458.352,65.27,,NAD83(2011) / UTM zone 13N + NAVD88(GEOID18) height,7,6,5,5,0,4311981.972,466220.146,2453.179,POINT Z (466220.146 4311981.972 2453.179)
201,201,202,,466218.383,4311983.296,2456.575,,-105.38988395,38.95615461,2442.583,Global,0.02,0.012,0.015,0.023,1.734,m,FIX,RTK,2025-07-16 12:11:50.0 UTC-06:00,2025-07-16 12:11:53.0 UTC-06:00,16,1.8,2.2,466230.237,4312045.952,2472.344,-105.38975024,38.95671967,2458.352,65.35,,NAD83(2011) / UTM zone 13N + NAVD88(GEOID18) height,7,6,5,5,0,4311981.945,466219.98799999995,2453.16,POINT Z (466219.98799999995 4311981.945 2453.16)
202,202,203,,466218.197,4311983.296,2456.598,,-105.3898861,38.9561546,2442.606,Global,0.01,0.011,0.012,0.015,1.734,m,FIX,RTK,2025-07-16 12:11:58.8 UTC-06:00,2025-07-16 12:12:01.8 UTC-06:00,16,1.8,2.2,466230.237,4312045.952,2472.344,-105.38975024,38.95671967,2458.352,65.374,,NAD83(2011) / UTM zone 13N + NAVD88(GEOID18) height,7,6,5,5,0,4311981.945,466219.80199999997,2453.183,POINT Z (466219.80199999997 4311981.945 2453.183)
203,203,204,,466217.996,4311983.288,2456.516,,-105.38988843,38.95615452,2442.524,Global,0.012,0.012,0.012,0.017,1.734,m,FIX,RTK,2025-07-16 12:12:07.2 UTC-06:00,2025-07-16 12:12:10.2 UTC-06:00,16,2.1,2.6,466230.237,4312045.952,2472.344,-105.38975024,38.95671967,2458.352,65.43,,NAD83(2011) / UTM zone 13N + NAVD88(GEOID18) height,8,6,5,5,0,4311981.937,466219.60099999997,2453.101,POINT Z (466219.60099999997 4311981.937 2453.101)
204,204,205,,466217.759,4311983.316,2456.349,,-105.38989116,38.95615477,2442.356,Global,0.012,0.011,0.013,0.016,1.734,m,FIX,RTK,2025-07-16 12:12:24.4 UTC-06:00,2025-07-16 12:12:27.4 UTC-06:00,16,2.1,2.6,466230.237,4312045.952,2472.344,-105.38975024,38.95671967,2458.352,65.483,,NAD83(2011) / UTM zone 13N + NAVD88(GEOID18) height,8,6,5,5,0,4311981.965,466219.364,2452.934,POINT Z (466219.364 4311981.965 2452.934)
205,205,206,,466217.566,4311983.219,2456.414,,-105.38989338,38.95615388,2442.422,Global,0.011,0.011,0.016,0.015,1.734,m,FIX,RTK,2025-07-16 12:12:32.4 UTC-06:00,2025-07-16 12:12:35.4 UTC-06:00,16,2.1,2.6,466230.237,4312045.952,2472.344,-105.38975024,38.95671967,2458.352,65.6,,NAD83(2011) / UTM zone 13N + NAVD88(GEOID18) height,8,6,5,5,0,4311981.868,466219.171,2452.9990000000003,POINT Z (466219.171 4311981.868 2452.9990000000003)
206,206,207,,466217.387,4311983.16,2456.367,,-105.38989545,38.95615334,2442.374,Global,0.011,0.011,0.011,0.016,1.734,m,FIX,RTK,2025-07-16 12:12:51.0 UTC-06:00,2025-07-16 12:12:54.0 UTC-06:00,16,2.1,2.6,466230.237,4312045.952,2472.344,-105.38975024,38.95671967,2458.352,65.711,,NAD83(2011) / UTM zone 13N + NAVD88(GEOID18) height,7,6,5,5,0,4311981.809,466218.99199999997,2452.952,POINT Z (466218.99199999997 4311981.809 2452.952)
207,207,208,,466217.208,4311983.081,2456.309,,-105.38989751,38.95615262,2442.317,Global,0.011,0.014,0.011,0.018,1.734,m,FIX,RTK,2025-07-16 12:12:59.6 UTC-06:00,2025-07-16 12:13:02.6 UTC-06:00,16,2.1,2.6,466230.237,4312045.952,2472.344,-105.38975024,38.95671967,2458.352,65.834,,NAD83(2011) / UTM zone 13N + NAVD88(GEOID18) height,7,6,5,5,0,4311981.73,466218.81299999997,2452.8940000000002,POINT Z (466218.81299999997 4311981.73 2452.8940000000002)
208,208,209,,466216.97,4311983.045,2456.362,,-105.38990025,38.95615229,2442.369,Global,0.011,0.011,0.013,0.016,1.734,m,FIX,RTK,2025-07-16 12:13:09.0 UTC-06:00,2025-07-16 12:13:12.0 UTC-06:00,16,2.1,2.6,466230.237,4312045.952,2472.344,-105.38975024,38.95671967,2458.352,65.898,,NAD83(2011) / UTM zone 13N + NAVD88(GEOID18) height,7,6,5,5,0,4311981.694,466218.57499999995,2452.947,POINT Z (466218.57499999995 4311981.694 2452.947)
209,209,210,,466216.779,4311983.014,2456.355,,-105.38990245,38.956152,2442.363,Global,0.011,0.018,0.011,0.021,1.734,m,FIX,RTK,2025-07-16 12:13:17.0 UTC-06:00,2025-07-16 12:13:20.0 UTC-06:00,16,1.8,2.2,466230.237,4312045.952,2472.344,-105.38975024,38.95671967,2458.352,65.976,,NAD83(2011) / UTM zone 13N + NAVD88(GEOID18) height,7,6,5,6,0,4311981.663000001,466218.38399999996,2452.94,POINT Z (466218.38399999996 4311981.663000001 2452.94)
210,210,211,,466216.598,4311982.966,2456.386,,-105.38990454,38.95615157,2442.394,Global,0.011,0.011,0.011,0.016,1.734,m,FIX,RTK,2025-07-16 12:13:28.4 UTC-06:00,2025-07-16 12:13:31.4 UTC-06:00,16,1.4,1.7,466230.237,4312045.952,2472.344,-105.38975024,38.95671967,2458.352,66.051,,NAD83(2011) / UTM zone 13N + NAVD88(GEOID18) height,7,5,5,5,0,4311981.615,466218.203,2452.971,POINT Z (466218.203 4311981.615 2452.971)
211,211,212,,466216.38,4311982.922,2456.394,,-105.38990706,38.95615116,2442.402,Global,0.011,0.012,0.012,0.016,1.734,m,FIX,RTK,2025-07-16 12:13:37.0 UTC-06:00,2025-07-16 12:13:40.0 UTC-06:00,16,1.8,2.2,466230.237,4312045.952,2472.344,-105.38975024,38.95671967,2458.352,66.123,,NAD83(2011) / UTM zone 13N + NAVD88(GEOID18) height,6,6,5,5,0,4311981.571,466217.985,2452.979,POINT Z (466217.985 4311981.571 2452.979)
212,212,213,,466216.187,4311982.897,2456.444,,-105.38990929,38.95615093,2442.452,Global,0.013,0.019,0.015,0.023,1.734,m,FIX,RTK,2025-07-16 12:13:46.0 UTC-06:00,2025-07-16 12:13:49.0 UTC-06:00,16,1.8,2.2,466230.237,4312045.952,2472.344,-105.38975024,38.95671967,2458.352,66.195,,NAD83(2011) / UTM zone 13N + NAVD88(GEOID18) height,6,6,5,5,0,4311981.546,466217.79199999996,2453.029,POINT Z (466217.79199999996 4311981.546 2453.029)
213,213,214,,466215.964,4311982.865,2456.426,,-105.38991186,38.95615063,2442.434,Global,0.013,0.012,0.011,0.018,1.734,m,FIX,RTK,2025-07-16 12:13:55.8 UTC-06:00,2025-07-16 12:13:58.8 UTC-06:00,16,1.4,1.7,466230.237,4312045.952,2472.344,-105.38975024,38.95671967,2458.352,66.274,,NAD83(2011) / UTM zone 13N + NAVD88(GEOID18) height,7,5,5,5,0,4311981.514,466217.56899999996,2453.011,POINT Z (466217.56899999996 4311981.514 2453.011)
214,214,215,,466215.752,4311982.864,2456.47,,-105.3899143,38.95615061,2442.477,Global,0.014,0.012,0.011,0.018,1.734,m,FIX,RTK,2025-07-16 12:14:33.8 UTC-06:00,2025-07-16 12:14:36.8 UTC-06:00,16,1.8,2.2,466230.237,4312045.952,2472.344,-105.38975024,38.95671967,2458.352,66.307,,NAD83(2011) / UTM zone 13N + NAVD88(GEOID18) height,6,5,5,5,0,4311981.513,466217.35699999996,2453.055,POINT Z (466217.35699999996 4311981.513 2453.055)
215,215,216,,466215.634,4311982.703,2456.467,,-105.38991565,38.95614916,2442.475,Global,0.011,0.01,0.015,0.015,1.734,m,FIX,RTK,2025-07-16 12:14:53.2 UTC-06:00,2025-07-16 12:14:56.2 UTC-06:00,16,2.1,2.6,466230.237,4312045.952,2472.344,-105.38975024,38.95671967,2458.352,66.485,,NAD83(2011) / UTM zone 13N + NAVD88(GEOID18) height,7,6,5,5,0,4311981.352,466217.239,2453.052,POINT Z (466217.239 4311981.352 2453.052)
216,216,217,,466215.42,4311982.655,2456.438,,-105.38991812,38.95614872,2442.446,Global,0.011,0.012,0.02,0.017,1.734,m,FIX,RTK,2025-07-16 12:15:02.4 UTC-06:00,2025-07-16 12:15:05.4 UTC-06:00,16,2.1,2.6,466230.237,4312045.952,2472.344,-105.38975024,38.95671967,2458.352,66.564,,NAD83(2011) / UTM zone 13N + NAVD88(GEOID18) height,7,5,5,5,0,4311981.3040000005,466217.02499999997,2453.023,POINT Z (466217.02499999997 4311981.3040000005 2453.023)
217,217,218,,466215.184,4311982.638,2456.437,,-105.38992084,38.95614855,2442.445,Global,0.01,0.013,0.014,0.016,1.734,m,FIX,RTK,2025-07-16 12:15:15.6 UTC-06:00,2025-07-16 12:15:18.6 UTC-06:00,16,2.1,2.6,466230.237,4312045.952,2472.344,-105.38975024,38.95671967,2458.352,66.649,,NAD83(2011) / UTM zone 13N + NAVD88(GEOID18) height,7,5,5,5,0,4311981.2870000005,466216.789,2453.022,POINT Z (466216.789 4311981.2870000005 2453.022)
218,218,219,,466215.049,4311982.639,2456.372,,-105.3899224,38.95614856,2442.38,Global,0.015,0.011,0.018,0.018,1.734,m,FIX,RTK,2025-07-16 12:15:27.6 UTC-06:00,2025-07-16 12:15:30.6 UTC-06:00,16,1.7,2.0,466230.237,4312045.952,2472.344,-105.38975024,38.95671967,2458.352,66.685,,NAD83(2011) / UTM zone 13N + NAVD88(GEOID18) height,7,6,5,5,0,4311981.288000001,466216.654,2452.957,POINT Z (466216.654 4311981.288000001 2452.957)
219,219,220,,466214.937,4311982.654,2456.85,,-105.3899237,38.95614869,2442.858,Global,0.011,0.011,0.011,0.015,1.734,m,FIX,RTK,2025-07-16 12:15:43.0 UTC-06:00,2025-07-16 12:15:46.0 UTC-06:00,16,2.1,2.6,466230.237,4312045.952,2472.344,-105.38975024,38.95671967,2458.352,66.605,,NAD83(2011) / UTM zone 13N + NAVD88(GEOID18) height,7,6,5,5,0,4311981.303,466216.54199999996,2453.435,POINT Z (466216.54199999996 4311981.303 2453.435)
220,220,221,,466214.832,4311982.633,2456.903,,-105.3899249,38.95614849,2442.911,Global,0.012,0.013,0.01,0.018,1.734,m,FIX,RTK,2025-07-16 12:15:52.4 UTC-06:00,2025-07-16 12:15:55.4 UTC-06:00,16,1.5,1.8,466230.237,4312045.952,2472.344,-105.38975024,38.95671967,2458.352,66.646,,NAD83(2011) / UTM zone 13N + NAVD88(GEOID18) height,7,6,5,5,0,4311981.282000001,466216.437,2453.488,POINT Z (466216.437 4311981.282000001 2453.488)
221,221,222,,466214.639,4311982.59,2456.805,,-105.38992713,38.9561481,2442.813,Global,0.01,0.011,0.012,0.015,1.734,m,FIX,RTK,2025-07-16 12:16:00.4 UTC-06:00,2025-07-16 12:16:03.4 UTC-06:00,16,2.1,2.6,466230.237,4312045.952,2472.344,-105.38975024,38.95671967,2458.352,66.746,,NAD83(2011) / UTM zone 13N + NAVD88(GEOID18) height,7,6,5,5,0,4311981.239,466216.244,2453.39,POINT Z (466216.244 4311981.239 2453.39)
222,222,223,,466214.444,4311982.53,2456.759,,-105.38992939,38.95614755,2442.767,Global,0.013,0.011,0.013,0.017,1.734,m,FIX,RTK,2025-07-16 12:16:10.6 UTC-06:00,2025-07-16 12:16:13.6 UTC-06:00,16,2.1,2.6,466230.237,4312045.952,2472.344,-105.38975024,38.95671967,2458.352,66.853,,NAD83(2011) / UTM zone 13N + NAVD88(GEOID18) height,7,6,5,5,0,4311981.1790000005,466216.049,2453.344,POINT Z (466216.049 4311981.1790000005 2453.344)
223,223,224,,466214.187,4311982.47,2456.424,,-105.38993234,38.956147,2442.432,Global,0.011,0.012,0.02,0.016,1.734,m,FIX,RTK,2025-07-16 12:16:24.0 UTC-06:00,2025-07-16 12:16:27.0 UTC-06:00,16,1.8,2.2,466230.237,4312045.952,2472.344,-105.38975024,38.95671967,2458.352,67.035,,NAD83(2011) / UTM zone 13N + NAVD88(GEOID18) height,7,5,5,5,0,4311981.119,466215.79199999996,2453.009,POINT Z (466215.79199999996 4311981.119 2453.009)
224,224,225,,466213.968,4311982.516,2456.394,,-105.38993487,38.95614741,2442.402,Global,0.012,0.011,0.015,0.017,1.734,m,FIX,RTK,2025-07-16 12:16:37.2 UTC-06:00,2025-07-16 12:16:40.2 UTC-06:00,16,1.5,1.8,466230.237,4312045.952,2472.344,-105.38975024,38.95671967,2458.352,67.06,,NAD83(2011) / UTM zone 13N + NAVD88(GEOID18) height,7,6,5,5,0,4311981.165,466215.573,2452.979,POINT Z (466215.573 4311981.165 2452.979)
225,225,226,,466213.885,4311982.455,2456.392,,-105.38993583,38.95614686,2442.4,Global,0.011,0.012,0.016,0.017,1.734,m,FIX,RTK,2025-07-16 12:16:55.2 UTC-06:00,2025-07-16 12:16:58.2 UTC-06:00,16,1.8,2.2,466230.237,4312045.952,2472.344,-105.38975024,38.95671967,2458.352,67.138,,NAD83(2011) / UTM zone 13N + NAVD88(GEOID18) height,6,6,5,5,0,4311981.104,466215.49,2452.977,POINT Z (466215.49 4311981.104 2452.977)
226,226,227,,466213.651,4311982.481,2456.444,,-105.38993853,38.95614708,2442.452,Global,0.012,0.01,0.013,0.016,1.734,m,FIX,RTK,2025-07-16 12:17:04.2 UTC-06:00,2025-07-16 12:17:07.2 UTC-06:00,15,2.1,2.6,466230.237,4312045.952,2472.344,-105.38975024,38.95671967,2458.352,67.166,,NAD83(2011) / UTM zone 13N + NAVD88(GEOID18) height,6,6,5,5,0,4311981.13,466215.256,2453.029,POINT Z (466215.256 4311981.13 2453.029)
227,227,228,,466213.415,4311982.413,2456.477,,-105.38994125,38.95614646,2442.484,Global,0.012,0.012,0.012,0.017,1.734,m,FIX,RTK,2025-07-16 12:17:18.0 UTC-06:00,2025-07-16 12:17:21.0 UTC-06:00,16,2.3,2.8,466230.237,4312045.952,2472.344,-105.38975024,38.95671967,2458.352,67.285,,NAD83(2011) / UTM zone 13N + NAVD88(GEOID18) height,7,6,5,5,0,4311981.062,466215.01999999996,2453.062,POINT Z (466215.01999999996 4311981.062 2453.062)
228,228,229,,466213.251,4311982.336,2456.513,,-105.38994313,38.95614576,2442.52,Global,0.011,0.012,0.017,0.017,1.734,m,FIX,RTK,2025-07-16 12:17:27.2 UTC-06:00,2025-07-16 12:17:30.2 UTC-06:00,16,2.0,2.6,466230.237,4312045.952,2472.344,-105.38975024,38.95671967,2458.352,67.389,,NAD83(2011) / UTM zone 13N + NAVD88(GEOID18) height,7,6,5,5,0,4311980.985,466214.85599999997,2453.098,POINT Z (466214.85599999997 4311980.985 2453.098)
229,229,230,,466213.06,4311982.353,2456.492,,-105.38994535,38.9561459,2442.5,Global,0.011,0.011,0.01,0.015,1.734,m,FIX,RTK,2025-07-16 12:17:36.4 UTC-06:00,2025-07-16 12:17:39.4 UTC-06:00,16,1.8,2.2,466230.237,4312045.952,2472.344,-105.38975024,38.95671967,2458.352,67.423,,NAD83(2011) / UTM zone 13N + NAVD88(GEOID18) height,6,5,5,5,0,4311981.002,466214.665,2453.077,POINT Z (466214.665 4311981.002 2453.077)
230,230,231,,466212.779,4311982.293,2456.449,,-105.38994858,38.95614536,2442.457,Global,0.012,0.011,0.011,0.016,1.734,m,FIX,RTK,2025-07-16 12:17:47.0 UTC-06:00,2025-07-16 12:17:50.0 UTC-06:00,16,1.8,2.2,466230.237,4312045.952,2472.344,-105.38975024,38.95671967,2458.352,67.566,,NAD83(2011) / UTM zone 13N + NAVD88(GEOID18) height,7,6,5,5,0,4311980.942,466214.38399999996,2453.034,POINT Z (466214.38399999996 4311980.942 2453.034)
231,231,232,,466212.651,4311982.258,2456.412,,-105.38995007,38.95614504,2442.42,Global,0.013,0.019,0.015,0.023,1.734,m,FIX,RTK,2025-07-16 12:17:56.8 UTC-06:00,2025-07-16 12:17:59.8 UTC-06:00,16,2.0,2.6,466230.237,4312045.952,2472.344,-105.38975024,38.95671967,2458.352,67.648,,NAD83(2011) / UTM zone 13N + NAVD88(GEOID18) height,7,6,5,5,0,4311980.907000001,466214.256,2452.997,POINT Z (466214.256 4311980.907000001 2452.997)
232,232,233,,466212.427,4311982.247,2456.379,,-105.38995264,38.95614492,2442.386,Global,0.011,0.011,0.014,0.015,1.734,m,FIX,RTK,2025-07-16 12:18:05.8 UTC-06:00,2025-07-16 12:18:08.8 UTC-06:00,16,1.5,1.8,466230.237,4312045.952,2472.344,-105.38975024,38.95671967,2458.352,67.707,,NAD83(2011) / UTM zone 13N + NAVD88(GEOID18) height,7,6,5,5,0,4311980.896000001,466214.032,2452.964,POINT Z (466214.032 4311980.896000001 2452.964)
233,233,234,,466212.269,4311982.208,2456.361,,-105.38995447,38.95614456,2442.369,Global,0.011,0.012,0.011,0.017,1.734,m,FIX,RTK,2025-07-16 12:18:14.6 UTC-06:00,2025-07-16 12:18:17.6 UTC-06:00,16,1.4,1.7,466230.237,4312045.952,2472.344,-105.38975024,38.95671967,2458.352,67.799,,NAD83(2011) / UTM zone 13N + NAVD88(GEOID18) height,7,5,5,5,0,4311980.857,466213.87399999995,2452.946,POINT Z (466213.87399999995 4311980.857 2452.946)
234,234,235,,466212.043,4311982.138,2456.37,,-105.38995707,38.95614393,2442.378,Global,0.011,0.01,0.011,0.015,1.734,m,FIX,RTK,2025-07-16 12:18:22.8 UTC-06:00,2025-07-16 12:18:25.8 UTC-06:00,16,1.4,1.7,466230.237,4312045.952,2472.344,-105.38975024,38.95671967,2458.352,67.915,,NAD83(2011) / UTM zone 13N + NAVD88(GEOID18) height,7,5,5,5,0,4311980.7870000005,466213.648,2452.955,POINT Z (466213.648 4311980.7870000005 2452.955)
235,235,236,,466211.843,4311982.133,2456.357,,-105.38995938,38.95614388,2442.365,Global,0.013,0.013,0.011,0.018,1.734,m,FIX,RTK,2025-07-16 12:18:31.4 UTC-06:00,2025-07-16 12:18:34.4 UTC-06:00,16,1.8,2.2,466230.237,4312045.952,2472.344,-105.38975024,38.95671967,2458.352,67.967,,NAD83(2011) / UTM zone 13N + NAVD88(GEOID18) height,7,5,5,5,0,4311980.782000001,466213.448,2452.942,POINT Z (466213.448 4311980.782000001 2452.942)
236,236,237,,466211.615,4311982.121,2456.352,,-105.38996201,38.95614376,2442.359,Global,0.011,0.015,0.013,0.019,1.734,m,FIX,RTK,2025-07-16 12:18:40.0 UTC-06:00,2025-07-16 12:18:43.0 UTC-06:00,16,1.8,2.2,466230.237,4312045.952,2472.344,-105.38975024,38.95671967,2458.352,68.069,,NAD83(2011) / UTM zone 13N + NAVD88(GEOID18) height,7,6,5,5,0,4311980.7700000005,466213.22,2452.937,POINT Z (466213.22 4311980.7700000005 2452.937)
237,237,238,,466211.439,4311982.029,2456.342,,-105.38996404,38.95614293,2442.35,Global,0.012,0.012,0.015,0.017,1.734,m,FIX,RTK,2025-07-16 12:18:50.4 UTC-06:00,2025-07-16 12:18:53.4 UTC-06:00,16,1.8,2.2,466230.237,4312045.952,2472.344,-105.38975024,38.95671967,2458.352,68.193,,NAD83(2011) / UTM zone 13N + NAVD88(GEOID18) height,7,6,5,5,0,4311980.678,466213.044,2452.927,POINT Z (466213.044 4311980.678 2452.927)
238,238,239,,466211.255,4311982.055,2456.373,,-105.38996616,38.95614315,2442.381,Global,0.013,0.011,0.012,0.017,1.734,m,FIX,RTK,2025-07-16 12:19:00.0 UTC-06:00,2025-07-16 12:19:03.0 UTC-06:00,16,1.8,2.2,466230.237,4312045.952,2472.344,-105.38975024,38.95671967,2458.352,68.214,,NAD83(2011) / UTM zone 13N + NAVD88(GEOID18) height,7,6,5,5,0,4311980.704,466212.86,2452.958,POINT Z (466212.86 4311980.704 2452.958)
239,239,240,,466211.062,4311982.017,2456.337,,-105.38996839,38.9561428,2442.344,Global,0.012,0.013,0.018,0.017,1.734,m,FIX,RTK,2025-07-16 12:19:08.6 UTC-06:00,2025-07-16 12:19:11.6 UTC-06:00,16,2.0,2.6,466230.237,4312045.952,2472.344,-105.38975024,38.95671967,2458.352,68.304,,NAD83(2011) / UTM zone 13N + NAVD88(GEOID18) height,7,5,5,5,0,4311980.666,466212.66699999996,2452.922,POINT Z (466212.66699999996 4311980.666 2452.922)
240,240,241,,466210.834,4311981.938,2456.342,,-105.38997102,38.95614208,2442.35,Global,0.013,0.012,0.011,0.018,1.734,m,FIX,RTK,2025-07-16 12:19:18.6 UTC-06:00,2025-07-16 12:19:21.6 UTC-06:00,16,1.8,2.2,466230.237,4312045.952,2472.344,-105.38975024,38.95671967,2458.352,68.442,,NAD83(2011) / UTM zone 13N + NAVD88(GEOID18) height,7,5,5,5,0,4311980.587,466212.43899999995,2452.927,POINT Z (466212.43899999995 4311980.587 2452.927)
241,241,242,,466210.652,4311981.911,2456.385,,-105.38997311,38.95614183,2442.392,Global,0.01,0.012,0.011,0.016,1.734,m,FIX,RTK,2025-07-16 12:19:27.8 UTC-06:00,2025-07-16 12:19:30.8 UTC-06:00,16,1.7,2.0,466230.237,4312045.952,2472.344,-105.38975024,38.95671967,2458.352,68.523,,NAD83(2011) / UTM zone 13N + NAVD88(GEOID18) height,7,5,5,5,0,4311980.5600000005,466212.257,2452.9700000000003,POINT Z (466212.257 4311980.5600000005 2452.9700000000003)
242,242,243,,466210.468,4311981.885,2456.441,,-105.38997524,38.95614159,2442.449,Global,0.012,0.011,0.011,0.016,1.734,m,FIX,RTK,2025-07-16 12:19:36.8 UTC-06:00,2025-07-16 12:19:39.8 UTC-06:00,16,1.8,2.2,466230.237,4312045.952,2472.344,-105.38975024,38.95671967,2458.352,68.581,,NAD83(2011) / UTM zone 13N + NAVD88(GEOID18) height,7,6,5,5,0,4311980.534,466212.073,2453.026,POINT Z (466212.073 4311980.534 2453.026)
243,243,244,,466210.196,4311981.821,2456.455,,-105.38997837,38.956141,2442.463,Global,0.012,0.015,0.01,0.019,1.734,m,FIX,RTK,2025-07-16 12:19:47.0 UTC-06:00,2025-07-16 12:19:50.0 UTC-06:00,16,1.4,1.7,466230.237,4312045.952,2472.344,-105.38975024,38.95671967,2458.352,68.726,,NAD83(2011) / UTM zone 13N + NAVD88(GEOID18) height,7,6,5,5,0,4311980.470000001,466211.801,2453.04,POINT Z (466211.801 4311980.470000001 2453.04)
244,244,245,,466210.051,4311981.829,2456.46,,-105.38998004,38.95614107,2442.468,Global,0.011,0.011,0.011,0.016,1.734,m,FIX,RTK,2025-07-16 12:19:56.0 UTC-06:00,2025-07-16 12:19:59.0 UTC-06:00,16,1.4,1.7,466230.237,4312045.952,2472.344,-105.38975024,38.95671967,2458.352,68.744,,NAD83(2011) / UTM zone 13N + NAVD88(GEOID18) height,7,5,5,5,0,4311980.478,466211.65599999996,2453.045,POINT Z (466211.65599999996 4311980.478 2453.045)
245,245,246,,466209.829,4311981.788,2456.487,,-105.3899826,38.95614068,2442.495,Global,0.011,0.011,0.011,0.016,1.734,m,FIX,RTK,2025-07-16 12:20:04.2 UTC-06:00,2025-07-16 12:20:07.2 UTC-06:00,16,1.8,2.2,466230.237,4312045.952,2472.344,-105.38975024,38.95671967,2458.352,68.848,,NAD83(2011) / UTM zone 13N + NAVD88(GEOID18) height,7,6,5,5,0,4311980.437,466211.434,2453.072,POINT Z (466211.434 4311980.437 2453.072)
246,246,247,,466209.608,4311981.731,2456.523,,-105.38998516,38.95614016,2442.531,Global,0.011,0.012,0.011,0.016,1.734,m,FIX,RTK,2025-07-16 12:20:13.0 UTC-06:00,2025-07-16 12:20:16.0 UTC-06:00,16,1.8,2.2,466230.237,4312045.952,2472.344,-105.38975024,38.95671967,2458.352,68.957,,NAD83(2011) / UTM zone 13N + NAVD88(GEOID18) height,7,6,5,5,0,4311980.38,466211.213,2453.108,POINT Z (466211.213 4311980.38 2453.108)
247,247,248,,466209.427,4311981.739,2456.589,,-105.38998725,38.95614023,2442.596,Global,0.015,0.011,0.011,0.018,1.734,m,FIX,RTK,2025-07-16 12:20:24.4 UTC-06:00,2025-07-16 12:20:27.4 UTC-06:00,16,1.8,2.2,466230.237,4312045.952,2472.344,-105.38975024,38.95671967,2458.352,69.0,,NAD83(2011) / UTM zone 13N + NAVD88(GEOID18) height,7,6,5,5,0,4311980.388,466211.032,2453.174,POINT Z (466211.032 4311980.388 2453.174)
248,248,249,,466209.271,4311981.72,2456.786,,-105.38998904,38.95614005,2442.794,Global,0.01,0.012,0.01,0.016,1.734,m,FIX,RTK,2025-07-16 12:20:35.4 UTC-06:00,2025-07-16 12:20:38.4 UTC-06:00,16,2.0,2.6,466230.237,4312045.952,2472.344,-105.38975024,38.95671967,2458.352,69.007,,NAD83(2011) / UTM zone 13N + NAVD88(GEOID18) height,7,6,5,5,0,4311980.369,466210.876,2453.371,POINT Z (466210.876 4311980.369 2453.371)
249,249,250,,466209.096,4311981.659,2457.179,,-105.38999106,38.9561395,2443.187,Global,0.012,0.012,0.012,0.017,1.734,m,FIX,RTK,2025-07-16 12:21:04.2 UTC-06:00,2025-07-16 12:21:07.2 UTC-06:00,16,2.0,2.6,466230.237,4312045.952,2472.344,-105.38975024,38.95671967,2458.352,69.042,,NAD83(2011) / UTM zone 13N + NAVD88(GEOID18) height,7,5,5,5,0,4311980.308,466210.701,2453.764,POINT Z (466210.701 4311980.308 2453.764)
250,250,251,,466208.935,4311981.639,2457.217,,-105.38999292,38.95613931,2443.224,Global,0.011,0.011,0.015,0.016,1.734,m,FIX,RTK,2025-07-16 12:21:35.8 UTC-06:00,2025-07-16 12:21:38.8 UTC-06:00,16,2.0,2.6,466230.237,4312045.952,2472.344,-105.38975024,38.95671967,2458.352,69.116,,NAD83(2011) / UTM zone 13N + NAVD88(GEOID18) height,7,6,5,5,0,4311980.288000001,466210.54,2453.802,POINT Z (466210.54 4311980.288000001 2453.802)
251,251,252,,466208.733,4311981.646,2457.225,,-105.38999525,38.95613937,2443.233,Global,0.015,0.013,0.011,0.02,1.734,m,FIX,RTK,2025-07-16 12:21:48.0 UTC-06:00,2025-07-16 12:21:51.0 UTC-06:00,16,2.0,2.6,466230.237,4312045.952,2472.344,-105.38975024,38.95671967,2458.352,69.166,,NAD83(2011) / UTM zone 13N + NAVD88(GEOID18) height,7,6,5,5,0,4311980.295,466210.338,2453.81,POINT Z (466210.338 4311980.295 2453.81)
252,252,253,,466208.523,4311981.588,2457.204,,-105.38999766,38.95613884,2443.212,Global,0.011,0.011,0.02,0.015,1.734,m,FIX,RTK,2025-07-16 12:21:58.6 UTC-06:00,2025-07-16 12:22:01.6 UTC-06:00,16,1.8,2.2,466230.237,4312045.952,2472.344,-105.38975024,38.95671967,2458.352,69.287,,NAD83(2011) / UTM zone 13N + NAVD88(GEOID18) height,7,6,5,5,0,4311980.237000001,466210.12799999997,2453.789,POINT Z (466210.12799999997 4311980.237000001 2453.789)
253,253,254,,466208.34,4311981.55,2457.223,,-105.38999978,38.95613849,2443.231,Global,0.011,0.013,0.013,0.016,1.734,m,FIX,RTK,2025-07-16 12:22:06.6 UTC-06:00,2025-07-16 12:22:09.6 UTC-06:00,16,1.7,2.0,466230.237,4312045.952,2472.344,-105.38975024,38.95671967,2458.352,69.376,,NAD83(2011) / UTM zone 13N + NAVD88(GEOID18) height,7,5,5,5,0,4311980.199,466209.945,2453.808,POINT Z (466209.945 4311980.199 2453.808)
254,254,255,,466208.126,4311981.514,2457.199,,-105.39000225,38.95613815,2443.207,Global,0.013,0.011,0.014,0.017,1.734,m,FIX,RTK,2025-07-16 12:22:15.6 UTC-06:00,2025-07-16 12:22:18.6 UTC-06:00,16,2.0,2.5,466230.237,4312045.952,2472.344,-105.38975024,38.95671967,2458.352,69.486,,NAD83(2011) / UTM zone 13N + NAVD88(GEOID18) height,7,5,5,5,0,4311980.163000001,466209.73099999997,2453.784,POINT Z (466209.73099999997 4311980.163000001 2453.784)
255,255,256,,466207.923,4311981.488,2457.315,,-105.39000459,38.95613791,2443.322,Global,0.012,0.011,0.012,0.016,1.734,m,FIX,RTK,2025-07-16 12:22:26.2 UTC-06:00,2025-07-16 12:22:29.2 UTC-06:00,16,1.5,1.8,466230.237,4312045.952,2472.344,-105.38975024,38.95671967,2458.352,69.548,,NAD83(2011) / UTM zone 13N + NAVD88(GEOID18) height,7,6,5,6,0,4311980.137,466209.528,2453.9,POINT Z (466209.528 4311980.137 2453.9)
256,256,257,,466207.681,4311981.453,2457.093,,-105.39000738,38.95613758,2443.101,Global,0.01,0.01,0.012,0.015,1.734,m,FIX,RTK,2025-07-16 12:22:40.2 UTC-06:00,2025-07-16 12:22:43.2 UTC-06:00,16,2.0,2.5,466230.237,4312045.952,2472.344,-105.38975024,38.95671967,2458.352,69.706,,NAD83(2011) / UTM zone 13N + NAVD88(GEOID18) height,7,6,5,5,0,4311980.102,466209.28599999996,2453.678,POINT Z (466209.28599999996 4311980.102 2453.678)
257,257,258,,466207.519,4311981.417,2457.036,,-105.39000925,38.95613726,2443.044,Global,0.011,0.011,0.012,0.016,1.734,m,FIX,RTK,2025-07-16 12:23:03.4 UTC-06:00,2025-07-16 12:23:06.4 UTC-06:00,16,2.0,2.5,466230.237,4312045.952,2472.344,-105.38975024,38.95671967,2458.352,69.797,,NAD83(2011) / UTM zone 13N + NAVD88(GEOID18) height,7,6,5,6,0,4311980.066000001,466209.12399999995,2453.621,POINT Z (466209.12399999995 4311980.066000001 2453.621)
258,258,259,,466207.335,4311981.396,2456.936,,-105.39001137,38.95613706,2442.944,Global,0.011,0.01,0.01,0.015,1.734,m,FIX,RTK,2025-07-16 12:23:13.2 UTC-06:00,2025-07-16 12:23:16.2 UTC-06:00,16,1.6,2.0,466230.237,4312045.952,2472.344,-105.38975024,38.95671967,2458.352,69.901,,NAD83(2011) / UTM zone 13N + NAVD88(GEOID18) height,7,6,5,5,0,4311980.045,466208.94,2453.521,POINT Z (466208.94 4311980.045 2453.521)
259,259,260,,466207.176,4311981.354,2456.831,,-105.3900132,38.95613667,2442.839,Global,0.013,0.011,0.012,0.017,1.734,m,FIX,RTK,2025-07-16 12:23:23.2 UTC-06:00,2025-07-16 12:23:26.2 UTC-06:00,16,1.7,2.0,466230.237,4312045.952,2472.344,-105.38975024,38.95671967,2458.352,70.021,,NAD83(2011) / UTM zone 13N + NAVD88(GEOID18) height,7,5,5,5,0,4311980.0030000005,466208.78099999996,2453.416,POINT Z (466208.78099999996 4311980.0030000005 2453.416)
260,260,261,,466206.995,4311981.292,2456.779,,-105.39001529,38.95613611,2442.787,Global,0.01,0.01,0.011,0.014,1.734,m,FIX,RTK,2025-07-16 12:23:33.0 UTC-06:00,2025-07-16 12:23:36.0 UTC-06:00,16,2.0,2.5,466230.237,4312045.952,2472.344,-105.38975024,38.95671967,2458.352,70.14,,NAD83(2011) / UTM zone 13N + NAVD88(GEOID18) height,7,6,5,5,0,4311979.941000001,466208.6,2453.364,POINT Z (466208.6 4311979.941000001 2453.364)
261,261,262,,466206.743,4311981.278,2456.769,,-105.3900182,38.95613598,2442.777,Global,0.011,0.011,0.012,0.015,1.734,m,FIX,RTK,2025-07-16 12:23:42.6 UTC-06:00,2025-07-16 12:23:45.6 UTC-06:00,16,2.0,2.5,466230.237,4312045.952,2472.344,-105.38975024,38.95671967,2458.352,70.24,,NAD83(2011) / UTM zone 13N + NAVD88(GEOID18) height,7,6,5,5,0,4311979.927,466208.348,2453.354,POINT Z (466208.348 4311979.927 2453.354)
262,262,263,,466206.566,4311981.233,2456.794,,-105.39002023,38.95613556,2442.801,Global,0.023,0.01,0.02,0.025,1.734,m,FIX,RTK,2025-07-16 12:23:55.6 UTC-06:00,2025-07-16 12:23:58.6 UTC-06:00,16,2.0,2.5,466230.237,4312045.952,2472.344,-105.38975024,38.95671967,2458.352,70.346,,NAD83(2011) / UTM zone 13N + NAVD88(GEOID18) height,7,5,5,6,0,4311979.882,466208.171,2453.379,POINT Z (466208.171 4311979.882 2453.379)
263,263,264,,466206.305,4311981.148,2456.828,,-105.39002324,38.95613478,2442.836,Global,0.012,0.01,0.011,0.016,1.734,m,FIX,RTK,2025-07-16 12:24:05.0 UTC-06:00,2025-07-16 12:24:08.0 UTC-06:00,16,2.0,2.5,466230.237,4312045.952,2472.344,-105.38975024,38.95671967,2458.352,70.497,,NAD83(2011) / UTM zone 13N + NAVD88(GEOID18) height,7,5,5,5,0,4311979.797,466207.91,2453.413,POINT Z (466207.91 4311979.797 2453.413)
264,264,265,,466206.15,4311981.185,2456.833,,-105.39002504,38.95613511,2442.841,Global,0.02,0.01,0.013,0.023,1.734,m,FIX,RTK,2025-07-16 12:24:14.8 UTC-06:00,2025-07-16 12:24:17.8 UTC-06:00,16,2.0,2.5,466230.237,4312045.952,2472.344,-105.38975024,38.95671967,2458.352,70.513,,NAD83(2011) / UTM zone 13N + NAVD88(GEOID18) height,7,5,5,5,0,4311979.834,466207.755,2453.418,POINT Z (466207.755 4311979.834 2453.418)
265,265,266,,466205.936,4311981.09,2456.853,,-105.39002749,38.95613424,2442.861,Global,0.011,0.015,0.014,0.019,1.734,m,FIX,RTK,2025-07-16 12:24:22.8 UTC-06:00,2025-07-16 12:24:25.8 UTC-06:00,16,2.0,2.5,466230.237,4312045.952,2472.344,-105.38975024,38.95671967,2458.352,70.67,,NAD83(2011) / UTM zone 13N + NAVD88(GEOID18) height,7,5,5,5,0,4311979.739,466207.54099999997,2453.438,POINT Z (466207.54099999997 4311979.739 2453.438)
266,266,267,,466205.742,4311981.102,2456.781,,-105.39002975,38.95613435,2442.789,Global,0.014,0.011,0.011,0.018,1.734,m,FIX,RTK,2025-07-16 12:24:31.8 UTC-06:00,2025-07-16 12:24:34.8 UTC-06:00,16,2.0,2.5,466230.237,4312045.952,2472.344,-105.38975024,38.95671967,2458.352,70.74,,NAD83(2011) / UTM zone 13N + NAVD88(GEOID18) height,7,5,5,6,0,4311979.751,466207.347,2453.366,POINT Z (466207.347 4311979.751 2453.366)
267,267,268,,466205.539,4311981.053,2456.807,,-105.39003208,38.9561339,2442.815,Global,0.012,0.013,0.012,0.018,1.734,m,FIX,RTK,2025-07-16 12:24:39.8 UTC-06:00,2025-07-16 12:24:42.8 UTC-06:00,16,2.0,2.5,466230.237,4312045.952,2472.344,-105.38975024,38.95671967,2458.352,70.856,,NAD83(2011) / UTM zone 13N + NAVD88(GEOID18) height,7,5,5,5,0,4311979.7020000005,466207.144,2453.392,POINT Z (466207.144 4311979.7020000005 2453.392)
268,268,269,,466205.346,4311980.969,2456.861,,-105.3900343,38.95613313,2442.869,Global,0.012,0.011,0.01,0.017,1.734,m,FIX,RTK,2025-07-16 12:24:47.8 UTC-06:00,2025-07-16 12:24:50.8 UTC-06:00,16,2.0,2.5,466230.237,4312045.952,2472.344,-105.38975024,38.95671967,2458.352,70.982,,NAD83(2011) / UTM zone 13N + NAVD88(GEOID18) height,7,6,5,5,0,4311979.618,466206.951,2453.446,POINT Z (466206.951 4311979.618 2453.446)
269,269,270,,466205.126,4311980.927,2456.954,,-105.39003684,38.95613275,2442.962,Global,0.018,0.013,0.013,0.022,1.734,m,FIX,RTK,2025-07-16 12:24:56.6 UTC-06:00,2025-07-16 12:24:59.6 UTC-06:00,16,2.0,2.5,466230.237,4312045.952,2472.344,-105.38975024,38.95671967,2458.352,71.086,,NAD83(2011) / UTM zone 13N + NAVD88(GEOID18) height,7,5,5,5,0,4311979.576,466206.73099999997,2453.539,POINT Z (466206.73099999997 4311979.576 2453.539)
270,270,271,,466204.933,4311980.91,2456.961,,-105.39003907,38.95613258,2442.969,Global,0.011,0.011,0.011,0.016,1.734,m,FIX,RTK,2025-07-16 12:25:04.6 UTC-06:00,2025-07-16 12:25:07.6 UTC-06:00,16,2.0,2.5,466230.237,4312045.952,2472.344,-105.38975024,38.95671967,2458.352,71.156,,NAD83(2011) / UTM zone 13N + NAVD88(GEOID18) height,7,6,5,5,0,4311979.559,466206.538,2453.546,POINT Z (466206.538 4311979.559 2453.546)
271,271,272,,466204.718,4311980.9,2456.959,,-105.39004155,38.95613249,2442.967,Global,0.013,0.017,0.01,0.021,1.734,m,FIX,RTK,2025-07-16 12:25:13.2 UTC-06:00,2025-07-16 12:25:16.2 UTC-06:00,16,2.0,2.5,466230.237,4312045.952,2472.344,-105.38975024,38.95671967,2458.352,71.25,,NAD83(2011) / UTM zone 13N + NAVD88(GEOID18) height,7,6,5,5,0,4311979.549000001,466206.323,2453.544,POINT Z (466206.323 4311979.549000001 2453.544)
272,272,273,,466204.558,4311980.871,2457.013,,-105.39004339,38.95613222,2443.021,Global,0.019,0.016,0.012,0.025,1.734,m,FIX,RTK,2025-07-16 12:25:21.8 UTC-06:00,2025-07-16 12:25:24.8 UTC-06:00,16,2.0,2.5,466230.237,4312045.952,2472.344,-105.38975024,38.95671967,2458.352,71.333,,NAD83(2011) / UTM zone 13N + NAVD88(GEOID18) height,7,6,5,5,0,4311979.5200000005,466206.163,2453.598,POINT Z (466206.163 4311979.5200000005 2453.598)
273,273,274,,466204.394,4311980.83,2457.131,,-105.39004528,38.95613185,2443.139,Global,0.011,0.014,0.01,0.018,1.734,m,FIX,RTK,2025-07-16 12:25:38.2 UTC-06:00,2025-07-16 12:25:41.2 UTC-06:00,16,1.7,2.0,466230.237,4312045.952,2472.344,-105.38975024,38.95671967,2458.352,71.397,,NAD83(2011) / UTM zone 13N + NAVD88(GEOID18) height,7,6,5,5,0,4311979.479,466205.99899999995,2453.716,POINT Z (466205.99899999995 4311979.479 2453.716)
274,274,275,,466204.19,4311980.834,2457.202,,-105.39004764,38.95613187,2443.21,Global,0.012,0.011,0.013,0.017,1.734,m,FIX,RTK,2025-07-16 12:25:48.2 UTC-06:00,2025-07-16 12:25:51.2 UTC-06:00,16,2.0,2.5,466230.237,4312045.952,2472.344,-105.38975024,38.95671967,2458.352,71.458,,NAD83(2011) / UTM zone 13N + NAVD88(GEOID18) height,7,6,5,5,0,4311979.483,466205.795,2453.7870000000003,POINT Z (466205.795 4311979.483 2453.7870000000003)
275,275,276,,466204.009,4311980.793,2457.366,,-105.39004973,38.9561315,2443.374,Global,0.011,0.013,0.012,0.017,1.734,m,FIX,RTK,2025-07-16 12:26:09.2 UTC-06:00,2025-07-16 12:26:12.2 UTC-06:00,16,1.5,1.8,466230.237,4312045.952,2472.344,-105.38975024,38.95671967,2458.352,71.531,,NAD83(2011) / UTM zone 13N + NAVD88(GEOID18) height,7,6,5,5,0,4311979.442,466205.614,2453.951,POINT Z (466205.614 4311979.442 2453.951)
276,276,277,,466203.843,4311980.718,2457.433,,-105.39005164,38.95613082,2443.441,Global,0.014,0.011,0.011,0.017,1.734,m,FIX,RTK,2025-07-16 12:26:20.8 UTC-06:00,2025-07-16 12:26:23.8 UTC-06:00,16,1.5,1.8,466230.237,4312045.952,2472.344,-105.38975024,38.95671967,2458.352,71.649,,NAD83(2011) / UTM zone 13N + NAVD88(GEOID18) height,6,5,5,5,0,4311979.367000001,466205.448,2454.018,POINT Z (466205.448 4311979.367000001 2454.018)
277,277,278,,466203.722,4311980.711,2457.807,,-105.39005303,38.95613075,2443.815,Global,0.014,0.01,0.013,0.017,1.734,m,FIX,RTK,2025-07-16 12:26:41.2 UTC-06:00,2025-07-16 12:26:44.2 UTC-06:00,16,1.4,1.7,466230.237,4312045.952,2472.344,-105.38975024,38.95671967,2458.352,71.636,,NAD83(2011) / UTM zone 13N + NAVD88(GEOID18) height,7,5,5,5,0,4311979.36,466205.327,2454.392,POINT Z (466205.327 4311979.36 2454.392)
278,278,279,,466203.712,4311980.715,2457.804,,-105.39005315,38.95613078,2443.812,Global,0.012,0.011,0.015,0.016,1.734,m,FIX,RTK,2025-07-16 12:26:54.6 UTC-06:00,2025-07-16 12:27:24.6 UTC-06:00,150,1.6,2.0,466230.237,4312045.952,2472.344,-105.38975024,38.95671967,2458.352,71.635,,NAD83(2011) / UTM zone 13N + NAVD88(GEOID18) height,7,5,5,4,0,4311979.364,466205.317,2454.389,POINT Z (466205.317 4311979.364 2454.389)
279,279,280,,466203.655,4311980.533,2457.413,,-105.3900538,38.95612914,2443.421,Global,0.011,0.01,0.013,0.015,1.734,m,FIX,RTK,2025-07-16 12:27:34.8 UTC-06:00,2025-07-16 12:27:37.8 UTC-06:00,16,2.0,2.5,466230.237,4312045.952,2472.344,-105.38975024,38.95671967,2458.352,71.892,,NAD83(2011) / UTM zone 13N + NAVD88(GEOID18) height,7,5,5,4,0,4311979.182,466205.26,2453.998,POINT Z (466205.26 4311979.182 2453.998)
280,280,281,,466203.916,4311980.693,2457.375,,-105.39005079,38.95613059,2443.383,Global,0.011,0.01,0.014,0.015,1.734,m,FIX,RTK,2025-07-16 12:27:42.4 UTC-06:00,2025-07-16 12:27:45.4 UTC-06:00,16,2.0,2.5,466230.237,4312045.952,2472.344,-105.38975024,38.95671967,2458.352,71.649,,NAD83(2011) / UTM zone 13N + NAVD88(GEOID18) height,7,6,5,5,0,4311979.342,466205.521,2453.96,POINT Z (466205.521 4311979.342 2453.96)
281,281,282,,466203.681,4311980.895,2457.42,,-105.39005352,38.95613241,2443.428,Global,0.017,0.012,0.016,0.021,1.734,m,FIX,RTK,2025-07-16 12:27:52.0 UTC-06:00,2025-07-16 12:27:55.0 UTC-06:00,16,2.0,2.5,466230.237,4312045.952,2472.344,-105.38975024,38.95671967,2458.352,71.537,,NAD83(2011) / UTM zone 13N + NAVD88(GEOID18) height,7,5,5,5,0,4311979.544,466205.28599999996,2454.005,POINT Z (466205.28599999996 4311979.544 2454.005)
282,282,283,,466203.541,4311980.645,2457.408,,-105.39005511,38.95613015,2443.416,Global,0.018,0.011,0.012,0.021,1.734,m,FIX,RTK,2025-07-16 12:27:59.4 UTC-06:00,2025-07-16 12:28:02.4 UTC-06:00,16,2.0,2.5,466230.237,4312045.952,2472.344,-105.38975024,38.95671967,2458.352,71.834,,NAD83(2011) / UTM zone 13N + NAVD88(GEOID18) height,7,5,5,5,0,4311979.294,466205.146,2453.993,POINT Z (466205.146 4311979.294 2453.993)
283,283,284,,466203.687,4311980.719,2457.786,,-105.39005344,38.95613082,2443.794,Global,0.02,0.018,0.013,0.027,1.734,m,FIX,RTK,2025-07-16 12:28:08.4 UTC-06:00,2025-07-16 12:28:11.4 UTC-06:00,16,2.0,2.5,466230.237,4312045.952,2472.344,-105.38975024,38.95671967,2458.352,71.643,,NAD83(2011) / UTM zone 13N + NAVD88(GEOID18) height,7,6,5,5,0,4311979.368,466205.29199999996,2454.371,POINT Z (466205.29199999996 4311979.368 2454.371)
284,284,285,,466203.526,4311980.657,2457.411,,-105.3900553,38.95613025,2443.419,Global,0.01,0.01,0.014,0.015,1.734,m,FIX,RTK,2025-07-16 12:28:26.0 UTC-06:00,2025-07-16 12:28:29.0 UTC-06:00,16,2.0,2.5,466230.237,4312045.952,2472.344,-105.38975024,38.95671967,2458.352,71.827,,NAD83(2011) / UTM zone 13N + NAVD88(GEOID18) height,7,5,5,5,0,4311979.306,466205.131,2453.996,POINT Z (466205.131 4311979.306 2453.996)
285,285,286,,466203.37,4311980.657,2457.481,,-105.3900571,38.95613025,2443.489,Global,0.01,0.012,0.013,0.016,1.734,m,FIX,RTK,2025-07-16 12:28:34.4 UTC-06:00,2025-07-16 12:28:37.4 UTC-06:00,16,2.0,2.5,466230.237,4312045.952,2472.344,-105.38975024,38.95671967,2458.352,71.878,,NAD83(2011) / UTM zone 13N + NAVD88(GEOID18) height,7,5,5,4,0,4311979.306,466204.975,2454.0660000000003,POINT Z (466204.975 4311979.306 2454.0660000000003)
286,286,287,,466203.186,4311980.664,2457.57,,-105.39005922,38.9561303,2443.578,Global,0.011,0.013,0.015,0.017,1.734,m,FIX,RTK,2025-07-16 12:28:41.8 UTC-06:00,2025-07-16 12:28:44.8 UTC-06:00,16,1.7,2.0,466230.237,4312045.952,2472.344,-105.38975024,38.95671967,2458.352,71.921,,NAD83(2011) / UTM zone 13N + NAVD88(GEOID18) height,7,5,5,4,0,4311979.313,466204.79099999997,2454.155,POINT Z (466204.79099999997 4311979.313 2454.155)
287,287,288,,466203.019,4311980.65,2457.622,,-105.39006115,38.95613017,2443.63,Global,0.011,0.011,0.012,0.016,1.734,m,FIX,RTK,2025-07-16 12:28:50.8 UTC-06:00,2025-07-16 12:28:53.8 UTC-06:00,16,1.6,2.0,466230.237,4312045.952,2472.344,-105.38975024,38.95671967,2458.352,71.986,,NAD83(2011) / UTM zone 13N + NAVD88(GEOID18) height,7,5,5,5,0,4311979.299000001,466204.62399999995,2454.207,POINT Z (466204.62399999995 4311979.299000001 2454.207)
288,288,289,,466202.703,4311980.636,2457.702,,-105.39006479,38.95613003,2443.71,Global,0.014,0.011,0.015,0.018,1.734,m,FIX,RTK,2025-07-16 12:28:59.8 UTC-06:00,2025-07-16 12:29:02.8 UTC-06:00,16,2.0,2.5,466230.237,4312045.952,2472.344,-105.38975024,38.95671967,2458.352,72.102,,NAD83(2011) / UTM zone 13N + NAVD88(GEOID18) height,7,5,5,5,0,4311979.285,466204.30799999996,2454.2870000000003,POINT Z (466204.30799999996 4311979.285 2454.2870000000003)
289,289,290,,466202.475,4311980.66,2457.767,,-105.39006742,38.95613024,2443.775,Global,0.011,0.01,0.013,0.015,1.734,m,FIX,RTK,2025-07-16 12:29:08.8 UTC-06:00,2025-07-16 12:29:11.8 UTC-06:00,16,1.5,1.8,466230.237,4312045.952,2472.344,-105.38975024,38.95671967,2458.352,72.153,,NAD83(2011) / UTM zone 13N + NAVD88(GEOID18) height,7,5,5,5,0,4311979.309,466204.07999999996,2454.352,POINT Z (466204.07999999996 4311979.309 2454.352)
290,290,291,,466202.194,4311980.556,2457.817,,-105.39007066,38.95612929,2443.825,Global,0.013,0.011,0.014,0.017,1.734,m,FIX,RTK,2025-07-16 12:29:19.0 UTC-06:00,2025-07-16 12:29:22.0 UTC-06:00,16,2.0,2.5,466230.237,4312045.952,2472.344,-105.38975024,38.95671967,2458.352,72.351,,NAD83(2011) / UTM zone 13N + NAVD88(GEOID18) height,7,5,5,6,0,4311979.205,466203.799,2454.402,POINT Z (466203.799 4311979.205 2454.402)
291,291,292,,466201.879,4311980.476,2457.827,,-105.39007429,38.95612856,2443.835,Global,0.011,0.01,0.013,0.015,1.734,m,FIX,RTK,2025-07-16 12:29:27.8 UTC-06:00,2025-07-16 12:29:30.8 UTC-06:00,16,1.5,1.8,466230.237,4312045.952,2472.344,-105.38975024,38.95671967,2458.352,72.546,,NAD83(2011) / UTM zone 13N + NAVD88(GEOID18) height,7,5,4,5,0,4311979.125,466203.484,2454.4120000000003,POINT Z (466203.484 4311979.125 2454.4120000000003)
292,292,293,,466201.628,4311980.415,2457.907,,-105.39007718,38.956128,2443.915,Global,0.013,0.011,0.014,0.017,1.734,m,FIX,RTK,2025-07-16 12:29:36.6 UTC-06:00,2025-07-16 12:29:39.6 UTC-06:00,16,2.0,2.5,466230.237,4312045.952,2472.344,-105.38975024,38.95671967,2458.352,72.68,,NAD83(2011) / UTM zone 13N + NAVD88(GEOID18) height,7,5,5,5,0,4311979.064,466203.233,2454.492,POINT Z (466203.233 4311979.064 2454.492)
293,293,294,,466201.408,4311980.38,2457.921,,-105.39007972,38.95612767,2443.929,Global,0.011,0.015,0.013,0.019,1.734,m,FIX,RTK,2025-07-16 12:29:44.0 UTC-06:00,2025-07-16 12:29:47.0 UTC-06:00,16,2.0,2.5,466230.237,4312045.952,2472.344,-105.38975024,38.95671967,2458.352,72.804,,NAD83(2011) / UTM zone 13N + NAVD88(GEOID18) height,7,5,5,5,0,4311979.029,466203.013,2454.506,POINT Z (466203.013 4311979.029 2454.506)
294,294,295,,466201.15,4311980.357,2457.95,,-105.3900827,38.95612746,2443.958,Global,0.01,0.011,0.013,0.015,1.734,m,FIX,RTK,2025-07-16 12:29:52.0 UTC-06:00,2025-07-16 12:29:55.0 UTC-06:00,16,2.0,2.5,466230.237,4312045.952,2472.344,-105.38975024,38.95671967,2458.352,72.918,,NAD83(2011) / UTM zone 13N + NAVD88(GEOID18) height,7,5,5,5,0,4311979.006,466202.755,2454.535,POINT Z (466202.755 4311979.006 2454.535)
295,295,296,,466200.877,4311980.323,2457.962,,-105.39008584,38.95612715,2443.97,Global,0.01,0.012,0.014,0.016,1.734,m,FIX,RTK,2025-07-16 12:29:59.6 UTC-06:00,2025-07-16 12:30:02.6 UTC-06:00,16,1.6,2.0,466230.237,4312045.952,2472.344,-105.38975024,38.95671967,2458.352,73.057,,NAD83(2011) / UTM zone 13N + NAVD88(GEOID18) height,7,5,5,5,0,4311978.972,466202.48199999996,2454.547,POINT Z (466202.48199999996 4311978.972 2454.547)
296,296,297,,466200.601,4311980.331,2457.972,,-105.39008903,38.9561272,2443.98,Global,0.01,0.012,0.017,0.016,1.734,m,FIX,RTK,2025-07-16 12:30:09.4 UTC-06:00,2025-07-16 12:30:12.4 UTC-06:00,16,2.0,2.5,466230.237,4312045.952,2472.344,-105.38975024,38.95671967,2458.352,73.159,,NAD83(2011) / UTM zone 13N + NAVD88(GEOID18) height,7,5,6,5,0,4311978.98,466202.206,2454.5570000000002,POINT Z (466202.206 4311978.98 2454.5570000000002)
297,297,298,,466200.325,4311980.298,2458.0,,-105.39009221,38.95612689,2444.008,Global,0.011,0.01,0.016,0.015,1.734,m,FIX,RTK,2025-07-16 12:30:19.0 UTC-06:00,2025-07-16 12:30:22.0 UTC-06:00,16,2.0,2.5,466230.237,4312045.952,2472.344,-105.38975024,38.95671967,2458.352,73.298,,NAD83(2011) / UTM zone 13N + NAVD88(GEOID18) height,7,5,5,5,0,4311978.947000001,466201.93,2454.585,POINT Z (466201.93 4311978.947000001 2454.585)
298,298,299,,466200.016,4311980.257,2458.088,,-105.39009578,38.95612651,2444.096,Global,0.011,0.011,0.016,0.015,1.734,m,FIX,RTK,2025-07-16 12:30:28.2 UTC-06:00,2025-07-16 12:30:31.2 UTC-06:00,16,2.0,2.5,466230.237,4312045.952,2472.344,-105.38975024,38.95671967,2458.352,73.446,,NAD83(2011) / UTM zone 13N + NAVD88(GEOID18) height,7,4,5,5,0,4311978.906,466201.621,2454.6730000000002,POINT Z (466201.621 4311978.906 2454.6730000000002)
299,299,300,,466242.182,4311871.366,2459.04,,-105.38960377,38.95514689,2445.046,Global,0.011,0.01,0.015,0.015,1.734,m,FIX,RTK,2025-07-16 14:21:25.4 UTC-06:00,2025-07-16 14:21:28.4 UTC-06:00,16,1.7,2.0,466230.237,4312045.952,2472.344,-105.38975024,38.95671967,2458.352,175.508,,NAD83(2011) / UTM zone 13N + NAVD88(GEOID18) height,7,6,4,5,0,4311870.015000001,466243.78699999995,2455.625,POINT Z (466243.78699999995 4311870.015000001 2455.625)
300,300,301,,466242.183,4311871.36,2459.049,,-105.38960376,38.95514684,2445.055,Global,0.011,0.01,0.016,0.015,1.734,m,FIX,RTK,2025-07-16 14:21:35.8 UTC-06:00,2025-07-16 14:22:05.8 UTC-06:00,150,1.8,2.2,466230.237,4312045.952,2472.344,-105.38975024,38.95671967,2458.352,175.519,,NAD83(2011) / UTM zone 13N + NAVD88(GEOID18) height,6,5,4,6,0,4311870.009000001,466243.788,2455.634,POINT Z (466243.788 4311870.009000001 2455.634)
301,301,302,,466242.155,4311871.236,2458.942,,-105.38960408,38.95514572,2444.948,Global,0.013,0.017,0.011,0.022,1.734,m,FIX,RTK,2025-07-16 14:22:16.0 UTC-06:00,2025-07-16 14:22:19.0 UTC-06:00,16,1.8,2.2,466230.237,4312045.952,2472.344,-105.38975024,38.95671967,2458.352,175.662,,NAD83(2011) / UTM zone 13N + NAVD88(GEOID18) height,7,7,4,6,0,4311869.885,466243.76,2455.527,POINT Z (466243.76 4311869.885 2455.527)
302,302,303,,466242.029,4311871.377,2458.931,,-105.38960554,38.95514699,2444.937,Global,0.011,0.01,0.011,0.015,1.734,m,FIX,RTK,2025-07-16 14:22:24.0 UTC-06:00,2025-07-16 14:22:27.0 UTC-06:00,16,1.8,2.2,466230.237,4312045.952,2472.344,-105.38975024,38.95671967,2458.352,175.499,,NAD83(2011) / UTM zone 13N + NAVD88(GEOID18) height,7,7,4,6,0,4311870.026000001,466243.63399999996,2455.516,POINT Z (466243.63399999996 4311870.026000001 2455.516)
303,303,304,,466242.181,4311871.508,2458.987,,-105.38960379,38.95514818,2444.993,Global,0.012,0.012,0.018,0.017,1.734,m,FIX,RTK,2025-07-16 14:22:31.4 UTC-06:00,2025-07-16 14:22:34.4 UTC-06:00,16,1.7,2.0,466230.237,4312045.952,2472.344,-105.38975024,38.95671967,2458.352,175.367,,NAD83(2011) / UTM zone 13N + NAVD88(GEOID18) height,7,6,4,6,0,4311870.157000001,466243.78599999996,2455.572,POINT Z (466243.78599999996 4311870.157000001 2455.572)
304,304,305,,466242.281,4311871.407,2459.042,,-105.38960263,38.95514727,2445.049,Global,0.013,0.013,0.017,0.019,1.734,m,FIX,RTK,2025-07-16 14:22:39.4 UTC-06:00,2025-07-16 14:22:42.4 UTC-06:00,16,1.7,2.0,466230.237,4312045.952,2472.344,-105.38975024,38.95671967,2458.352,175.482,,NAD83(2011) / UTM zone 13N + NAVD88(GEOID18) height,7,6,4,6,0,4311870.056,466243.886,2455.627,POINT Z (466243.886 4311870.056 2455.627)
305,305,306,,466242.185,4311871.352,2459.031,,-105.38960373,38.95514677,2445.038,Global,0.011,0.01,0.012,0.015,1.734,m,FIX,RTK,2025-07-16 14:22:47.8 UTC-06:00,2025-07-16 14:22:50.8 UTC-06:00,16,1.8,2.2,466230.237,4312045.952,2472.344,-105.38975024,38.95671967,2458.352,175.53,,NAD83(2011) / UTM zone 13N + NAVD88(GEOID18) height,6,7,4,6,0,4311870.001,466243.79,2455.616,POINT Z (466243.79 4311870.001 2455.616)
306,306,307,,466242.025,4311871.426,2458.946,,-105.38960558,38.95514743,2444.952,Global,0.012,0.01,0.011,0.016,1.734,m,FIX,RTK,2025-07-16 14:22:59.0 UTC-06:00,2025-07-16 14:23:02.0 UTC-06:00,16,1.8,2.2,466230.237,4312045.952,2472.344,-105.38975024,38.95671967,2458.352,175.446,,NAD83(2011) / UTM zone 13N + NAVD88(GEOID18) height,6,6,4,6,0,4311870.075,466243.63,2455.531,POINT Z (466243.63 4311870.075 2455.531)
307,307,308,,466241.814,4311871.439,2458.83,,-105.38960802,38.95514754,2444.836,Global,0.018,0.012,0.012,0.022,1.734,m,FIX,RTK,2025-07-16 14:23:08.2 UTC-06:00,2025-07-16 14:23:11.2 UTC-06:00,16,1.8,2.2,466230.237,4312045.952,2472.344,-105.38975024,38.95671967,2458.352,175.418,,NAD83(2011) / UTM zone 13N + NAVD88(GEOID18) height,7,6,4,6,0,4311870.088,466243.419,2455.415,POINT Z (466243.419 4311870.088 2455.415)
308,308,309,,466241.599,4311871.419,2458.791,,-105.3896105,38.95514735,2444.797,Global,0.011,0.011,0.013,0.016,1.734,m,FIX,RTK,2025-07-16 14:23:16.4 UTC-06:00,2025-07-16 14:23:19.4 UTC-06:00,16,1.8,2.2,466230.237,4312045.952,2472.344,-105.38975024,38.95671967,2458.352,175.432,,NAD83(2011) / UTM zone 13N + NAVD88(GEOID18) height,7,6,4,6,0,4311870.068,466243.20399999997,2455.376,POINT Z (466243.20399999997 4311870.068 2455.376)
309,309,310,,466241.405,4311871.421,2458.752,,-105.38961274,38.95514737,2444.758,Global,0.012,0.011,0.016,0.016,1.734,m,FIX,RTK,2025-07-16 14:23:23.8 UTC-06:00,2025-07-16 14:23:26.8 UTC-06:00,16,2.0,2.4,466230.237,4312045.952,2472.344,-105.38975024,38.95671967,2458.352,175.422,,NAD83(2011) / UTM zone 13N + NAVD88(GEOID18) height,7,5,4,5,0,4311870.07,466243.01,2455.337,POINT Z (466243.01 4311870.07 2455.337)
310,310,311,,466241.229,4311871.431,2458.694,,-105.38961477,38.95514745,2444.7,Global,0.011,0.01,0.015,0.015,1.734,m,FIX,RTK,2025-07-16 14:23:31.4 UTC-06:00,2025-07-16 14:23:34.4 UTC-06:00,16,2.0,2.4,466230.237,4312045.952,2472.344,-105.38975024,38.95671967,2458.352,175.409,,NAD83(2011) / UTM zone 13N + NAVD88(GEOID18) height,6,6,4,6,0,4311870.08,466242.834,2455.279,POINT Z (466242.834 4311870.08 2455.279)
311,311,312,,466241.011,4311871.418,2458.622,,-105.38961728,38.95514732,2444.628,Global,0.015,0.012,0.015,0.019,1.734,m,FIX,RTK,2025-07-16 14:23:39.2 UTC-06:00,2025-07-16 14:23:42.2 UTC-06:00,16,2.0,2.4,466230.237,4312045.952,2472.344,-105.38975024,38.95671967,2458.352,175.419,,NAD83(2011) / UTM zone 13N + NAVD88(GEOID18) height,6,6,4,6,0,4311870.067,466242.616,2455.207,POINT Z (466242.616 4311870.067 2455.207)
312,312,313,,466240.807,4311871.445,2458.643,,-105.38961965,38.95514756,2444.649,Global,0.017,0.014,0.019,0.022,1.734,m,FIX,RTK,2025-07-16 14:23:46.6 UTC-06:00,2025-07-16 14:23:49.6 UTC-06:00,16,1.8,2.3,466230.237,4312045.952,2472.344,-105.38975024,38.95671967,2458.352,175.378,,NAD83(2011) / UTM zone 13N + NAVD88(GEOID18) height,6,6,4,6,0,4311870.0940000005,466242.41199999995,2455.228,POINT Z (466242.41199999995 4311870.0940000005 2455.228)
313,313,314,,466240.602,4311871.439,2458.614,,-105.38962201,38.9551475,2444.621,Global,0.011,0.013,0.013,0.017,1.734,m,FIX,RTK,2025-07-16 14:23:56.2 UTC-06:00,2025-07-16 14:23:59.2 UTC-06:00,16,2.0,2.4,466230.237,4312045.952,2472.344,-105.38975024,38.95671967,2458.352,175.362,,NAD83(2011) / UTM zone 13N + NAVD88(GEOID18) height,7,6,4,6,0,4311870.088,466242.207,2455.199,POINT Z (466242.207 4311870.088 2455.199)
314,314,315,,466240.41,4311871.418,2458.55,,-105.38962422,38.9551473,2444.556,Global,0.015,0.015,0.017,0.021,1.734,m,FIX,RTK,2025-07-16 14:24:06.8 UTC-06:00,2025-07-16 14:24:09.8 UTC-06:00,16,1.9,2.4,466230.237,4312045.952,2472.344,-105.38975024,38.95671967,2458.352,175.393,,NAD83(2011) / UTM zone 13N + NAVD88(GEOID18) height,6,7,4,6,0,4311870.067,466242.01499999996,2455.135,POINT Z (466242.01499999996 4311870.067 2455.135)
315,315,316,,466240.228,4311871.363,2458.332,,-105.38962633,38.9551468,2444.338,Global,0.01,0.01,0.017,0.014,1.734,m,FIX,RTK,2025-07-16 14:25:56.6 UTC-06:00,2025-07-16 14:25:59.6 UTC-06:00,16,1.8,2.2,466230.237,4312045.952,2472.344,-105.38975024,38.95671967,2458.352,175.439,,NAD83(2011) / UTM zone 13N + NAVD88(GEOID18) height,7,6,4,6,0,4311870.012,466241.833,2454.917,POINT Z (466241.833 4311870.012 2454.917)
316,316,317,,466240.03,4311871.444,2458.113,,-105.38962861,38.95514752,2444.119,Global,0.011,0.013,0.02,0.017,1.734,m,FIX,RTK,2025-07-16 14:26:07.2 UTC-06:00,2025-07-16 14:26:10.2 UTC-06:00,16,1.8,2.2,466230.237,4312045.952,2472.344,-105.38975024,38.95671967,2458.352,175.368,,NAD83(2011) / UTM zone 13N + NAVD88(GEOID18) height,7,5,4,6,0,4311870.093,466241.635,2454.698,POINT Z (466241.635 4311870.093 2454.698)
317,317,318,,466239.854,4311871.456,2458.057,,-105.38963064,38.95514762,2444.064,Global,0.014,0.015,0.017,0.02,1.734,m,FIX,RTK,2025-07-16 14:26:15.6 UTC-06:00,2025-07-16 14:26:18.6 UTC-06:00,16,1.6,2.0,466230.237,4312045.952,2472.344,-105.38975024,38.95671967,2458.352,175.338,,NAD83(2011) / UTM zone 13N + NAVD88(GEOID18) height,7,6,4,6,0,4311870.105,466241.459,2454.642,POINT Z (466241.459 4311870.105 2454.642)
318,318,319,,466239.713,4311871.466,2457.974,,-105.38963227,38.95514771,2443.98,Global,0.01,0.011,0.017,0.015,1.734,m,FIX,RTK,2025-07-16 14:26:27.6 UTC-06:00,2025-07-16 14:26:30.6 UTC-06:00,16,1.8,2.2,466230.237,4312045.952,2472.344,-105.38975024,38.95671967,2458.352,175.331,,NAD83(2011) / UTM zone 13N + NAVD88(GEOID18) height,7,6,4,6,0,4311870.115,466241.31799999997,2454.559,POINT Z (466241.31799999997 4311870.115 2454.559)
319,319,320,,466239.564,4311871.488,2457.918,,-105.38963399,38.9551479,2443.924,Global,0.01,0.01,0.018,0.015,1.734,m,FIX,RTK,2025-07-16 14:26:39.0 UTC-06:00,2025-07-16 14:26:42.0 UTC-06:00,16,1.6,2.0,466230.237,4312045.952,2472.344,-105.38975024,38.95671967,2458.352,175.308,,NAD83(2011) / UTM zone 13N + NAVD88(GEOID18) height,7,6,4,5,0,4311870.137,466241.169,2454.503,POINT Z (466241.169 4311870.137 2454.503)
320,320,321,,466239.442,4311871.508,2457.832,,-105.38963539,38.95514807,2443.838,Global,0.011,0.013,0.023,0.018,1.734,m,FIX,RTK,2025-07-16 14:26:47.8 UTC-06:00,2025-07-16 14:26:50.8 UTC-06:00,16,1.8,2.2,466230.237,4312045.952,2472.344,-105.38975024,38.95671967,2458.352,175.274,,NAD83(2011) / UTM zone 13N + NAVD88(GEOID18) height,7,6,4,6,0,4311870.157000001,466241.04699999996,2454.417,POINT Z (466241.04699999996 4311870.157000001 2454.417)
321,321,322,,466239.271,4311871.438,2457.825,,-105.38963737,38.95514744,2443.832,Global,0.011,0.01,0.019,0.015,1.734,m,FIX,RTK,2025-07-16 14:26:57.2 UTC-06:00,2025-07-16 14:27:00.2 UTC-06:00,16,1.8,2.2,466230.237,4312045.952,2472.344,-105.38975024,38.95671967,2458.352,175.352,,NAD83(2011) / UTM zone 13N + NAVD88(GEOID18) height,6,5,4,6,0,4311870.087,466240.876,2454.41,POINT Z (466240.876 4311870.087 2454.41)
322,322,323,,466238.978,4311871.469,2457.97,,-105.38964076,38.9551477,2443.976,Global,0.019,0.011,0.019,0.022,1.734,m,FIX,RTK,2025-07-16 14:27:06.0 UTC-06:00,2025-07-16 14:27:09.0 UTC-06:00,16,1.8,2.2,466230.237,4312045.952,2472.344,-105.38975024,38.95671967,2458.352,175.288,,NAD83(2011) / UTM zone 13N + NAVD88(GEOID18) height,7,5,4,5,0,4311870.118,466240.583,2454.555,POINT Z (466240.583 4311870.118 2454.555)
323,323,324,,466238.628,4311871.506,2457.733,,-105.38964479,38.95514803,2443.74,Global,0.012,0.011,0.02,0.016,1.734,m,FIX,RTK,2025-07-16 14:27:18.6 UTC-06:00,2025-07-16 14:27:21.6 UTC-06:00,16,1.9,2.3,466230.237,4312045.952,2472.344,-105.38975024,38.95671967,2458.352,175.254,,NAD83(2011) / UTM zone 13N + NAVD88(GEOID18) height,6,4,4,6,0,4311870.155,466240.233,2454.318,POINT Z (466240.233 4311870.155 2454.318)
324,324,325,,466238.411,4311871.478,2457.745,,-105.3896473,38.95514776,2443.751,Global,0.011,0.01,0.018,0.015,1.734,m,FIX,RTK,2025-07-16 14:27:26.4 UTC-06:00,2025-07-16 14:27:29.4 UTC-06:00,16,1.9,2.3,466230.237,4312045.952,2472.344,-105.38975024,38.95671967,2458.352,175.275,,NAD83(2011) / UTM zone 13N + NAVD88(GEOID18) height,6,6,4,5,0,4311870.127,466240.016,2454.33,POINT Z (466240.016 4311870.127 2454.33)
325,325,326,,466238.203,4311871.502,2457.701,,-105.38964969,38.95514797,2443.707,Global,0.013,0.015,0.02,0.019,1.734,m,FIX,RTK,2025-07-16 14:27:43.0 UTC-06:00,2025-07-16 14:27:46.0 UTC-06:00,16,1.9,2.3,466230.237,4312045.952,2472.344,-105.38975024,38.95671967,2458.352,175.239,,NAD83(2011) / UTM zone 13N + NAVD88(GEOID18) height,6,5,4,5,0,4311870.151000001,466239.80799999996,2454.286,POINT Z (466239.80799999996 4311870.151000001 2454.286)
326,326,327,,466238.016,4311871.435,2457.755,,-105.38965185,38.95514736,2443.761,Global,0.012,0.017,0.018,0.02,1.734,m,FIX,RTK,2025-07-16 14:27:54.2 UTC-06:00,2025-07-16 14:27:57.2 UTC-06:00,16,1.8,2.2,466230.237,4312045.952,2472.344,-105.38975024,38.95671967,2458.352,175.303,,NAD83(2011) / UTM zone 13N + NAVD88(GEOID18) height,7,6,4,5,0,4311870.084,466239.621,2454.34,POINT Z (466239.621 4311870.084 2454.34)
327,327,328,,466237.826,4311871.473,2457.701,,-105.38965405,38.95514769,2443.707,Global,0.012,0.012,0.021,0.017,1.734,m,FIX,RTK,2025-07-16 14:28:01.4 UTC-06:00,2025-07-16 14:28:04.4 UTC-06:00,16,1.8,2.2,466230.237,4312045.952,2472.344,-105.38975024,38.95671967,2458.352,175.259,,NAD83(2011) / UTM zone 13N + NAVD88(GEOID18) height,6,7,4,5,0,4311870.122,466239.431,2454.286,POINT Z (466239.431 4311870.122 2454.286)
328,328,329,,466237.612,4311871.482,2457.737,,-105.38965652,38.95514777,2443.743,Global,0.011,0.026,0.017,0.028,1.734,m,FIX,RTK,2025-07-16 14:28:07.8 UTC-06:00,2025-07-16 14:28:10.8 UTC-06:00,16,1.8,2.2,466230.237,4312045.952,2472.344,-105.38975024,38.95671967,2458.352,175.251,,NAD83(2011) / UTM zone 13N + NAVD88(GEOID18) height,7,6,4,5,0,4311870.131,466239.217,2454.322,POINT Z (466239.217 4311870.131 2454.322)
329,329,330,,466237.408,4311871.445,2457.756,,-105.38965887,38.95514743,2443.762,Global,0.016,0.011,0.022,0.019,1.734,m,FIX,RTK,2025-07-16 14:28:17.0 UTC-06:00,2025-07-16 14:28:20.0 UTC-06:00,16,1.8,2.2,466230.237,4312045.952,2472.344,-105.38975024,38.95671967,2458.352,175.262,,NAD83(2011) / UTM zone 13N + NAVD88(GEOID18) height,7,7,4,5,0,4311870.0940000005,466239.013,2454.341,POINT Z (466239.013 4311870.0940000005 2454.341)
330,330,331,,466237.126,4311871.457,2457.719,,-105.38966212,38.95514752,2443.725,Global,0.011,0.012,0.017,0.016,1.734,m,FIX,RTK,2025-07-16 14:28:26.4 UTC-06:00,2025-07-16 14:28:29.4 UTC-06:00,16,1.8,2.2,466230.237,4312045.952,2472.344,-105.38975024,38.95671967,2458.352,175.249,,NAD83(2011) / UTM zone 13N + NAVD88(GEOID18) height,6,6,4,5,0,4311870.106000001,466238.73099999997,2454.304,POINT Z (466238.73099999997 4311870.106000001 2454.304)
331,331,332,,466236.826,4311871.445,2457.725,,-105.38966559,38.9551474,2443.731,Global,0.014,0.014,0.014,0.02,1.734,m,FIX,RTK,2025-07-16 14:28:46.6 UTC-06:00,2025-07-16 14:28:49.6 UTC-06:00,16,1.8,2.2,466230.237,4312045.952,2472.344,-105.38975024,38.95671967,2458.352,175.24,,NAD83(2011) / UTM zone 13N + NAVD88(GEOID18) height,6,6,4,5,0,4311870.0940000005,466238.431,2454.31,POINT Z (466238.431 4311870.0940000005 2454.31)
332,332,333,,466236.595,4311871.464,2457.723,,-105.38966825,38.95514756,2443.729,Global,0.012,0.013,0.012,0.017,1.734,m,FIX,RTK,2025-07-16 14:28:52.8 UTC-06:00,2025-07-16 14:28:55.8 UTC-06:00,16,1.8,2.2,466230.237,4312045.952,2472.344,-105.38975024,38.95671967,2458.352,175.203,,NAD83(2011) / UTM zone 13N + NAVD88(GEOID18) height,7,5,4,5,0,4311870.113,466238.19999999995,2454.308,POINT Z (466238.19999999995 4311870.113 2454.308)
333,333,334,,466236.349,4311871.549,2457.695,,-105.3896711,38.95514832,2443.702,Global,0.011,0.017,0.015,0.02,1.734,m,FIX,RTK,2025-07-16 14:28:59.2 UTC-06:00,2025-07-16 14:29:02.2 UTC-06:00,16,1.8,2.2,466230.237,4312045.952,2472.344,-105.38975024,38.95671967,2458.352,175.109,,NAD83(2011) / UTM zone 13N + NAVD88(GEOID18) height,7,5,4,6,0,4311870.198,466237.95399999997,2454.28,POINT Z (466237.95399999997 4311870.198 2454.28)
334,334,335,,466236.217,4311871.536,2457.701,,-105.38967262,38.9551482,2443.707,Global,0.012,0.012,0.016,0.017,1.734,m,FIX,RTK,2025-07-16 14:29:06.0 UTC-06:00,2025-07-16 14:29:09.0 UTC-06:00,16,1.8,2.2,466230.237,4312045.952,2472.344,-105.38975024,38.95671967,2458.352,175.12,,NAD83(2011) / UTM zone 13N + NAVD88(GEOID18) height,7,7,4,5,0,4311870.1850000005,466237.822,2454.286,POINT Z (466237.822 4311870.1850000005 2454.286)
335,335,336,,466235.976,4311871.49,2457.663,,-105.3896754,38.95514778,2443.669,Global,0.012,0.013,0.015,0.017,1.734,m,FIX,RTK,2025-07-16 14:29:12.4 UTC-06:00,2025-07-16 14:29:15.4 UTC-06:00,16,1.8,2.2,466230.237,4312045.952,2472.344,-105.38975024,38.95671967,2458.352,175.17,,NAD83(2011) / UTM zone 13N + NAVD88(GEOID18) height,7,7,4,5,0,4311870.139,466237.581,2454.248,POINT Z (466237.581 4311870.139 2454.248)
336,336,337,,466235.788,4311871.536,2457.669,,-105.38967758,38.95514819,2443.675,Global,0.021,0.01,0.017,0.023,1.734,m,FIX,RTK,2025-07-16 14:29:19.4 UTC-06:00,2025-07-16 14:29:22.4 UTC-06:00,16,1.8,2.2,466230.237,4312045.952,2472.344,-105.38975024,38.95671967,2458.352,175.112,,NAD83(2011) / UTM zone 13N + NAVD88(GEOID18) height,6,4,4,5,0,4311870.1850000005,466237.393,2454.254,POINT Z (466237.393 4311870.1850000005 2454.254)
337,337,338,,466235.523,4311871.567,2457.652,,-105.38968063,38.95514845,2443.658,Global,0.014,0.011,0.014,0.018,1.734,m,FIX,RTK,2025-07-16 14:29:26.2 UTC-06:00,2025-07-16 14:29:29.2 UTC-06:00,16,1.8,2.2,466230.237,4312045.952,2472.344,-105.38975024,38.95671967,2458.352,175.084,,NAD83(2011) / UTM zone 13N + NAVD88(GEOID18) height,6,5,4,5,0,4311870.216,466237.12799999997,2454.237,POINT Z (466237.12799999997 4311870.216 2454.237)
338,338,339,,466235.411,4311871.565,2457.66,,-105.38968192,38.95514843,2443.666,Global,0.017,0.024,0.017,0.029,1.734,m,FIX,RTK,2025-07-16 14:29:34.4 UTC-06:00,2025-07-16 14:29:37.4 UTC-06:00,16,1.8,2.2,466230.237,4312045.952,2472.344,-105.38975024,38.95671967,2458.352,175.061,,NAD83(2011) / UTM zone 13N + NAVD88(GEOID18) height,7,4,4,5,0,4311870.214000001,466237.016,2454.245,POINT Z (466237.016 4311870.214000001 2454.245)
339,339,340,,466235.154,4311871.514,2457.679,,-105.38968489,38.95514796,2443.685,Global,0.034,0.016,0.015,0.037,1.734,m,FIX,RTK,2025-07-16 14:29:41.8 UTC-06:00,2025-07-16 14:29:44.8 UTC-06:00,16,1.8,2.2,466230.237,4312045.952,2472.344,-105.38975024,38.95671967,2458.352,175.118,,NAD83(2011) / UTM zone 13N + NAVD88(GEOID18) height,7,5,4,5,0,4311870.163000001,466236.75899999996,2454.264,POINT Z (466236.75899999996 4311870.163000001 2454.264)
340,340,341,,466234.917,4311871.475,2457.669,,-105.38968762,38.9551476,2443.676,Global,0.017,0.012,0.016,0.021,1.734,m,FIX,RTK,2025-07-16 14:29:49.4 UTC-06:00,2025-07-16 14:29:52.4 UTC-06:00,16,1.8,2.2,466230.237,4312045.952,2472.344,-105.38975024,38.95671967,2458.352,175.158,,NAD83(2011) / UTM zone 13N + NAVD88(GEOID18) height,6,6,4,5,0,4311870.124,466236.522,2454.254,POINT Z (466236.522 4311870.124 2454.254)
341,341,342,,466234.712,4311871.575,2457.637,,-105.38968999,38.95514849,2443.643,Global,0.014,0.011,0.019,0.017,1.734,m,FIX,RTK,2025-07-16 14:29:56.0 UTC-06:00,2025-07-16 14:29:59.0 UTC-06:00,16,1.8,2.2,466230.237,4312045.952,2472.344,-105.38975024,38.95671967,2458.352,175.05,,NAD83(2011) / UTM zone 13N + NAVD88(GEOID18) height,6,7,4,5,0,4311870.224,466236.317,2454.222,POINT Z (466236.317 4311870.224 2454.222)
342,342,343,,466234.559,4311871.534,2457.621,,-105.38969175,38.95514812,2443.628,Global,0.014,0.012,0.014,0.018,1.734,m,FIX,RTK,2025-07-16 14:30:02.6 UTC-06:00,2025-07-16 14:30:05.6 UTC-06:00,16,1.8,2.2,466230.237,4312045.952,2472.344,-105.38975024,38.95671967,2458.352,175.079,,NAD83(2011) / UTM zone 13N + NAVD88(GEOID18) height,6,7,4,5,0,4311870.183,466236.164,2454.206,POINT Z (466236.164 4311870.183 2454.206)
343,343,344,,466234.354,4311871.506,2457.629,,-105.38969411,38.95514786,2443.635,Global,0.012,0.013,0.02,0.018,1.734,m,FIX,RTK,2025-07-16 14:30:09.2 UTC-06:00,2025-07-16 14:30:12.2 UTC-06:00,16,1.8,2.2,466230.237,4312045.952,2472.344,-105.38975024,38.95671967,2458.352,175.114,,NAD83(2011) / UTM zone 13N + NAVD88(GEOID18) height,7,7,4,5,0,4311870.155,466235.959,2454.214,POINT Z (466235.959 4311870.155 2454.214)
344,344,345,,466234.162,4311871.515,2457.568,,-105.38969633,38.95514793,2443.574,Global,0.011,0.01,0.017,0.015,1.734,m,FIX,RTK,2025-07-16 14:30:17.2 UTC-06:00,2025-07-16 14:30:20.2 UTC-06:00,16,1.8,2.2,466230.237,4312045.952,2472.344,-105.38975024,38.95671967,2458.352,175.097,,NAD83(2011) / UTM zone 13N + NAVD88(GEOID18) height,7,7,4,5,0,4311870.164,466235.767,2454.1530000000002,POINT Z (466235.767 4311870.164 2454.1530000000002)
345,345,346,,466233.989,4311871.59,2457.579,,-105.38969834,38.9551486,2443.585,Global,0.013,0.012,0.02,0.018,1.734,m,FIX,RTK,2025-07-16 14:30:23.6 UTC-06:00,2025-07-16 14:30:26.6 UTC-06:00,16,2.1,2.6,466230.237,4312045.952,2472.344,-105.38975024,38.95671967,2458.352,175.028,,NAD83(2011) / UTM zone 13N + NAVD88(GEOID18) height,6,7,4,5,0,4311870.239,466235.594,2454.164,POINT Z (466235.594 4311870.239 2454.164)
346,346,347,,466233.754,4311871.644,2457.509,,-105.38970105,38.95514908,2443.515,Global,0.01,0.015,0.022,0.019,1.734,m,FIX,RTK,2025-07-16 14:30:31.4 UTC-06:00,2025-07-16 14:30:34.4 UTC-06:00,16,1.8,2.2,466230.237,4312045.952,2472.344,-105.38975024,38.95671967,2458.352,174.957,,NAD83(2011) / UTM zone 13N + NAVD88(GEOID18) height,6,5,4,5,0,4311870.2930000005,466235.359,2454.094,POINT Z (466235.359 4311870.2930000005 2454.094)
347,347,348,,466233.544,4311871.561,2457.484,,-105.38970347,38.95514832,2443.49,Global,0.013,0.01,0.023,0.017,1.734,m,FIX,RTK,2025-07-16 14:30:38.2 UTC-06:00,2025-07-16 14:30:41.2 UTC-06:00,16,1.8,2.2,466230.237,4312045.952,2472.344,-105.38975024,38.95671967,2458.352,175.053,,NAD83(2011) / UTM zone 13N + NAVD88(GEOID18) height,6,5,4,5,0,4311870.21,466235.149,2454.069,POINT Z (466235.149 4311870.21 2454.069)
348,348,349,,466233.367,4311871.552,2457.443,,-105.38970552,38.95514824,2443.449,Global,0.015,0.013,0.021,0.02,1.734,m,FIX,RTK,2025-07-16 14:30:45.0 UTC-06:00,2025-07-16 14:30:48.0 UTC-06:00,16,1.8,2.2,466230.237,4312045.952,2472.344,-105.38975024,38.95671967,2458.352,175.058,,NAD83(2011) / UTM zone 13N + NAVD88(GEOID18) height,6,4,4,5,0,4311870.201,466234.972,2454.0280000000002,POINT Z (466234.972 4311870.201 2454.0280000000002)
349,349,350,,466233.234,4311871.551,2457.451,,-105.38970705,38.95514822,2443.457,Global,0.02,0.013,0.019,0.024,1.734,m,FIX,RTK,2025-07-16 14:30:51.8 UTC-06:00,2025-07-16 14:30:54.8 UTC-06:00,16,1.8,2.2,466230.237,4312045.952,2472.344,-105.38975024,38.95671967,2458.352,175.05,,NAD83(2011) / UTM zone 13N + NAVD88(GEOID18) height,6,4,4,5,0,4311870.2,466234.839,2454.036,POINT Z (466234.839 4311870.2 2454.036)
350,350,351,,466233.089,4311871.555,2457.403,,-105.38970872,38.95514825,2443.409,Global,0.017,0.016,0.018,0.023,1.734,m,FIX,RTK,2025-07-16 14:30:58.6 UTC-06:00,2025-07-16 14:31:01.6 UTC-06:00,16,1.8,2.2,466230.237,4312045.952,2472.344,-105.38975024,38.95671967,2458.352,175.065,,NAD83(2011) / UTM zone 13N + NAVD88(GEOID18) height,6,5,4,5,0,4311870.204,466234.69399999996,2453.988,POINT Z (466234.69399999996 4311870.204 2453.988)
351,351,352,,466232.759,4311871.527,2457.368,,-105.38971253,38.95514799,2443.375,Global,0.014,0.01,0.02,0.018,1.734,m,FIX,RTK,2025-07-16 14:31:05.4 UTC-06:00,2025-07-16 14:31:08.4 UTC-06:00,16,1.8,2.2,466230.237,4312045.952,2472.344,-105.38975024,38.95671967,2458.352,175.081,,NAD83(2011) / UTM zone 13N + NAVD88(GEOID18) height,6,6,4,5,0,4311870.176,466234.364,2453.953,POINT Z (466234.364 4311870.176 2453.953)
352,352,353,,466232.613,4311871.731,2457.3,,-105.38971422,38.95514982,2443.306,Global,0.011,0.012,0.015,0.016,1.734,m,FIX,RTK,2025-07-16 14:31:51.0 UTC-06:00,2025-07-16 14:31:54.0 UTC-06:00,16,1.8,2.2,466230.237,4312045.952,2472.344,-105.38975024,38.95671967,2458.352,174.886,,NAD83(2011) / UTM zone 13N + NAVD88(GEOID18) height,7,5,4,5,0,4311870.38,466234.218,2453.885,POINT Z (466234.218 4311870.38 2453.885)
353,353,354,,466232.306,4311871.637,2457.279,,-105.38971776,38.95514896,2443.285,Global,0.014,0.012,0.019,0.018,1.734,m,FIX,RTK,2025-07-16 14:32:14.2 UTC-06:00,2025-07-16 14:32:17.2 UTC-06:00,16,1.8,2.2,466230.237,4312045.952,2472.344,-105.38975024,38.95671967,2458.352,174.969,,NAD83(2011) / UTM zone 13N + NAVD88(GEOID18) height,7,4,4,5,0,4311870.286,466233.91099999996,2453.864,POINT Z (466233.91099999996 4311870.286 2453.864)
354,354,355,,466232.122,4311871.665,2457.198,,-105.38971988,38.9551492,2443.204,Global,0.012,0.013,0.019,0.018,1.734,m,FIX,RTK,2025-07-16 14:32:23.6 UTC-06:00,2025-07-16 14:32:26.6 UTC-06:00,16,1.8,2.2,466230.237,4312045.952,2472.344,-105.38975024,38.95671967,2458.352,174.961,,NAD83(2011) / UTM zone 13N + NAVD88(GEOID18) height,5,6,4,5,0,4311870.314,466233.72699999996,2453.783,POINT Z (466233.72699999996 4311870.314 2453.783)
355,355,356,,466231.952,4311871.668,2457.13,,-105.38972184,38.95514923,2443.137,Global,0.011,0.011,0.018,0.016,1.734,m,FIX,RTK,2025-07-16 14:32:32.2 UTC-06:00,2025-07-16 14:32:35.2 UTC-06:00,16,1.8,2.2,466230.237,4312045.952,2472.344,-105.38975024,38.95671967,2458.352,174.953,,NAD83(2011) / UTM zone 13N + NAVD88(GEOID18) height,7,6,4,6,0,4311870.317,466233.557,2453.715,POINT Z (466233.557 4311870.317 2453.715)
356,356,357,,466231.771,4311871.622,2457.096,,-105.38972393,38.95514881,2443.102,Global,0.011,0.013,0.019,0.017,1.734,m,FIX,RTK,2025-07-16 14:32:41.2 UTC-06:00,2025-07-16 14:32:44.2 UTC-06:00,16,1.8,2.2,466230.237,4312045.952,2472.344,-105.38975024,38.95671967,2458.352,174.995,,NAD83(2011) / UTM zone 13N + NAVD88(GEOID18) height,7,4,4,5,0,4311870.271000001,466233.376,2453.681,POINT Z (466233.376 4311870.271000001 2453.681)
357,357,358,,466231.567,4311871.676,2457.092,,-105.38972629,38.95514928,2443.098,Global,0.012,0.012,0.023,0.018,1.734,m,FIX,RTK,2025-07-16 14:32:50.2 UTC-06:00,2025-07-16 14:32:53.2 UTC-06:00,16,1.8,2.2,466230.237,4312045.952,2472.344,-105.38975024,38.95671967,2458.352,174.941,,NAD83(2011) / UTM zone 13N + NAVD88(GEOID18) height,7,5,4,5,0,4311870.325,466233.17199999996,2453.677,POINT Z (466233.17199999996 4311870.325 2453.677)
358,358,359,,466231.373,4311871.634,2457.026,,-105.38972853,38.9551489,2443.032,Global,0.012,0.014,0.027,0.019,1.734,m,FIX,RTK,2025-07-16 14:33:01.8 UTC-06:00,2025-07-16 14:33:04.8 UTC-06:00,16,1.8,2.1,466230.237,4312045.952,2472.344,-105.38975024,38.95671967,2458.352,174.995,,NAD83(2011) / UTM zone 13N + NAVD88(GEOID18) height,6,5,4,5,0,4311870.283,466232.978,2453.611,POINT Z (466232.978 4311870.283 2453.611)
359,359,360,,466231.089,4311871.659,2457.023,,-105.3897318,38.95514911,2443.03,Global,0.015,0.011,0.023,0.019,1.734,m,FIX,RTK,2025-07-16 14:33:14.2 UTC-06:00,2025-07-16 14:33:17.2 UTC-06:00,16,1.8,2.1,466230.237,4312045.952,2472.344,-105.38975024,38.95671967,2458.352,174.953,,NAD83(2011) / UTM zone 13N + NAVD88(GEOID18) height,6,5,4,5,0,4311870.308,466232.69399999996,2453.608,POINT Z (466232.69399999996 4311870.308 2453.608)
360,360,361,,466230.933,4311871.627,2457.005,,-105.3897336,38.95514882,2443.011,Global,0.014,0.012,0.022,0.018,1.734,m,FIX,RTK,2025-07-16 14:33:23.0 UTC-06:00,2025-07-16 14:33:26.0 UTC-06:00,16,1.8,2.1,466230.237,4312045.952,2472.344,-105.38975024,38.95671967,2458.352,174.987,,NAD83(2011) / UTM zone 13N + NAVD88(GEOID18) height,6,5,4,5,0,4311870.276000001,466232.538,2453.59,POINT Z (466232.538 4311870.276000001 2453.59)
361,361,362,,466230.733,4311871.584,2457.013,,-105.38973591,38.95514842,2443.019,Global,0.011,0.011,0.022,0.016,1.734,m,FIX,RTK,2025-07-16 14:33:33.0 UTC-06:00,2025-07-16 14:33:36.0 UTC-06:00,16,1.8,2.1,466230.237,4312045.952,2472.344,-105.38975024,38.95671967,2458.352,175.033,,NAD83(2011) / UTM zone 13N + NAVD88(GEOID18) height,7,4,4,5,0,4311870.233,466232.338,2453.598,POINT Z (466232.338 4311870.233 2453.598)
362,362,363,,466230.516,4311871.628,2456.955,,-105.38973842,38.95514881,2442.961,Global,0.018,0.015,0.022,0.024,1.734,m,FIX,RTK,2025-07-16 14:33:44.2 UTC-06:00,2025-07-16 14:33:47.2 UTC-06:00,16,1.8,2.1,466230.237,4312045.952,2472.344,-105.38975024,38.95671967,2458.352,175.003,,NAD83(2011) / UTM zone 13N + NAVD88(GEOID18) height,7,5,4,5,0,4311870.277,466232.121,2453.54,POINT Z (466232.121 4311870.277 2453.54)
363,363,364,,466230.345,4311871.63,2456.996,,-105.3897404,38.95514882,2443.002,Global,0.014,0.012,0.021,0.018,1.734,m,FIX,RTK,2025-07-16 14:33:54.0 UTC-06:00,2025-07-16 14:33:57.0 UTC-06:00,16,1.8,2.1,466230.237,4312045.952,2472.344,-105.38975024,38.95671967,2458.352,174.997,,NAD83(2011) / UTM zone 13N + NAVD88(GEOID18) height,6,5,4,5,0,4311870.279,466231.94999999995,2453.581,POINT Z (466231.94999999995 4311870.279 2453.581)
364,364,365,,466230.087,4311871.589,2457.137,,-105.38974337,38.95514844,2443.143,Global,0.011,0.017,0.015,0.02,1.734,m,FIX,RTK,2025-07-16 14:34:12.8 UTC-06:00,2025-07-16 14:34:15.8 UTC-06:00,16,1.8,2.2,466230.237,4312045.952,2472.344,-105.38975024,38.95671967,2458.352,175.008,,NAD83(2011) / UTM zone 13N + NAVD88(GEOID18) height,6,5,4,5,0,4311870.238,466231.692,2453.722,POINT Z (466231.692 4311870.238 2453.722)
365,365,366,,466229.792,4311871.59,2457.073,,-105.38974677,38.95514844,2443.08,Global,0.011,0.011,0.016,0.016,1.734,m,FIX,RTK,2025-07-16 14:34:38.4 UTC-06:00,2025-07-16 14:34:41.4 UTC-06:00,16,1.9,2.3,466230.237,4312045.952,2472.344,-105.38975024,38.95671967,2458.352,175.024,,NAD83(2011) / UTM zone 13N + NAVD88(GEOID18) height,6,5,4,5,0,4311870.239,466231.397,2453.658,POINT Z (466231.397 4311870.239 2453.658)
366,366,367,,466229.605,4311871.663,2457.087,,-105.38974894,38.95514909,2443.093,Global,0.011,0.011,0.014,0.016,1.734,m,FIX,RTK,2025-07-16 14:34:54.0 UTC-06:00,2025-07-16 14:34:57.0 UTC-06:00,16,1.8,2.2,466230.237,4312045.952,2472.344,-105.38975024,38.95671967,2458.352,174.95,,NAD83(2011) / UTM zone 13N + NAVD88(GEOID18) height,6,5,4,5,0,4311870.312,466231.20999999996,2453.672,POINT Z (466231.20999999996 4311870.312 2453.672)
367,367,368,,466229.281,4311871.707,2457.026,,-105.38975267,38.95514948,2443.032,Global,0.014,0.013,0.017,0.019,1.734,m,FIX,RTK,2025-07-16 14:35:05.4 UTC-06:00,2025-07-16 14:35:08.4 UTC-06:00,16,1.7,2.1,466230.237,4312045.952,2472.344,-105.38975024,38.95671967,2458.352,174.919,,NAD83(2011) / UTM zone 13N + NAVD88(GEOID18) height,6,5,4,5,0,4311870.356000001,466230.886,2453.611,POINT Z (466230.886 4311870.356000001 2453.611)
368,368,369,,466229.144,4311871.721,2457.008,,-105.38975426,38.9551496,2443.014,Global,0.017,0.016,0.015,0.023,1.734,m,FIX,RTK,2025-07-16 14:35:17.8 UTC-06:00,2025-07-16 14:35:20.8 UTC-06:00,16,1.7,2.1,466230.237,4312045.952,2472.344,-105.38975024,38.95671967,2458.352,174.911,,NAD83(2011) / UTM zone 13N + NAVD88(GEOID18) height,6,5,4,5,0,4311870.37,466230.74899999995,2453.593,POINT Z (466230.74899999995 4311870.37 2453.593)
369,369,370,,466228.822,4311871.725,2457.053,,-105.38975797,38.95514961,2443.059,Global,0.012,0.012,0.017,0.017,1.734,m,FIX,RTK,2025-07-16 14:35:25.8 UTC-06:00,2025-07-16 14:35:28.8 UTC-06:00,16,1.7,2.1,466230.237,4312045.952,2472.344,-105.38975024,38.95671967,2458.352,174.895,,NAD83(2011) / UTM zone 13N + NAVD88(GEOID18) height,7,5,4,6,0,4311870.374,466230.42699999997,2453.638,POINT Z (466230.42699999997 4311870.374 2453.638)
370,370,371,,466228.665,4311871.698,2457.01,,-105.38975979,38.95514937,2443.017,Global,0.015,0.014,0.02,0.02,1.734,m,FIX,RTK,2025-07-16 14:35:34.0 UTC-06:00,2025-07-16 14:35:37.0 UTC-06:00,16,1.7,2.1,466230.237,4312045.952,2472.344,-105.38975024,38.95671967,2458.352,174.932,,NAD83(2011) / UTM zone 13N + NAVD88(GEOID18) height,6,5,4,5,0,4311870.347,466230.26999999996,2453.5950000000003,POINT Z (466230.26999999996 4311870.347 2453.5950000000003)
371,371,372,,466228.475,4311871.694,2457.033,,-105.38976198,38.95514933,2443.039,Global,0.013,0.013,0.017,0.019,1.734,m,FIX,RTK,2025-07-16 14:35:41.6 UTC-06:00,2025-07-16 14:35:44.6 UTC-06:00,16,1.7,2.1,466230.237,4312045.952,2472.344,-105.38975024,38.95671967,2458.352,174.934,,NAD83(2011) / UTM zone 13N + NAVD88(GEOID18) height,6,5,4,5,0,4311870.343,466230.07999999996,2453.618,POINT Z (466230.07999999996 4311870.343 2453.618)
372,372,373,,466228.27,4311871.685,2457.026,,-105.38976434,38.95514924,2443.032,Global,0.017,0.014,0.021,0.022,1.734,m,FIX,RTK,2025-07-16 14:35:49.0 UTC-06:00,2025-07-16 14:35:52.0 UTC-06:00,16,1.8,2.2,466230.237,4312045.952,2472.344,-105.38975024,38.95671967,2458.352,174.951,,NAD83(2011) / UTM zone 13N + NAVD88(GEOID18) height,7,4,4,5,0,4311870.334,466229.875,2453.611,POINT Z (466229.875 4311870.334 2453.611)
373,373,374,,466228.029,4311871.688,2457.032,,-105.38976712,38.95514926,2443.038,Global,0.014,0.012,0.02,0.018,1.734,m,FIX,RTK,2025-07-16 14:35:56.6 UTC-06:00,2025-07-16 14:35:59.6 UTC-06:00,16,1.8,2.2,466230.237,4312045.952,2472.344,-105.38975024,38.95671967,2458.352,174.938,,NAD83(2011) / UTM zone 13N + NAVD88(GEOID18) height,7,5,4,6,0,4311870.337,466229.63399999996,2453.617,POINT Z (466229.63399999996 4311870.337 2453.617)
374,374,375,,466227.85,4311871.676,2457.069,,-105.38976919,38.95514914,2443.076,Global,0.012,0.013,0.019,0.018,1.734,m,FIX,RTK,2025-07-16 14:36:05.4 UTC-06:00,2025-07-16 14:36:08.4 UTC-06:00,16,1.7,2.1,466230.237,4312045.952,2472.344,-105.38975024,38.95671967,2458.352,174.955,,NAD83(2011) / UTM zone 13N + NAVD88(GEOID18) height,7,5,4,6,0,4311870.325,466229.45499999996,2453.654,POINT Z (466229.45499999996 4311870.325 2453.654)
375,375,376,,466227.725,4311871.621,2457.233,,-105.38977062,38.95514864,2443.239,Global,0.02,0.014,0.019,0.025,1.734,m,FIX,RTK,2025-07-16 14:36:13.4 UTC-06:00,2025-07-16 14:36:16.4 UTC-06:00,16,1.8,2.2,466230.237,4312045.952,2472.344,-105.38975024,38.95671967,2458.352,175.007,,NAD83(2011) / UTM zone 13N + NAVD88(GEOID18) height,7,5,4,6,0,4311870.2700000005,466229.32999999996,2453.818,POINT Z (466229.32999999996 4311870.2700000005 2453.818)
376,376,377,,466227.558,4311871.626,2457.191,,-105.38977255,38.95514868,2443.197,Global,0.014,0.014,0.022,0.02,1.734,m,FIX,RTK,2025-07-16 14:36:24.6 UTC-06:00,2025-07-16 14:36:27.6 UTC-06:00,16,1.8,2.2,466230.237,4312045.952,2472.344,-105.38975024,38.95671967,2458.352,175.007,,NAD83(2011) / UTM zone 13N + NAVD88(GEOID18) height,5,5,4,6,0,4311870.275,466229.163,2453.776,POINT Z (466229.163 4311870.275 2453.776)
377,377,378,,466227.345,4311871.598,2457.082,,-105.38977501,38.95514842,2443.088,Global,0.01,0.019,0.019,0.022,1.734,m,FIX,RTK,2025-07-16 14:36:37.0 UTC-06:00,2025-07-16 14:36:40.0 UTC-06:00,16,1.8,2.2,466230.237,4312045.952,2472.344,-105.38975024,38.95671967,2458.352,175.066,,NAD83(2011) / UTM zone 13N + NAVD88(GEOID18) height,6,5,4,6,0,4311870.247,466228.94999999995,2453.667,POINT Z (466228.94999999995 4311870.247 2453.667)
378,378,379,,466227.153,4311871.669,2457.136,,-105.38977723,38.95514905,2443.142,Global,0.011,0.011,0.02,0.015,1.734,m,FIX,RTK,2025-07-16 14:36:48.8 UTC-06:00,2025-07-16 14:36:51.8 UTC-06:00,16,1.8,2.2,466230.237,4312045.952,2472.344,-105.38975024,38.95671967,2458.352,174.973,,NAD83(2011) / UTM zone 13N + NAVD88(GEOID18) height,6,5,4,6,0,4311870.318,466228.758,2453.721,POINT Z (466228.758 4311870.318 2453.721)
379,379,380,,466226.963,4311871.645,2457.109,,-105.38977942,38.95514882,2443.115,Global,0.012,0.012,0.026,0.017,1.734,m,FIX,RTK,2025-07-16 14:37:01.6 UTC-06:00,2025-07-16 14:37:04.6 UTC-06:00,15,1.8,2.2,466230.237,4312045.952,2472.344,-105.38975024,38.95671967,2458.352,174.986,,NAD83(2011) / UTM zone 13N + NAVD88(GEOID18) height,7,5,4,6,0,4311870.294,466228.56799999997,2453.694,POINT Z (466228.56799999997 4311870.294 2453.694)
380,380,381,,466226.756,4311871.704,2457.138,,-105.38978181,38.95514935,2443.145,Global,0.014,0.011,0.021,0.018,1.734,m,FIX,RTK,2025-07-16 14:37:14.2 UTC-06:00,2025-07-16 14:37:17.2 UTC-06:00,16,1.8,2.2,466230.237,4312045.952,2472.344,-105.38975024,38.95671967,2458.352,174.933,,NAD83(2011) / UTM zone 13N + NAVD88(GEOID18) height,6,5,4,5,0,4311870.353,466228.361,2453.723,POINT Z (466228.361 4311870.353 2453.723)
381,381,382,,466226.58,4311871.672,2457.121,,-105.38978385,38.95514906,2443.128,Global,0.01,0.014,0.014,0.018,1.734,m,FIX,RTK,2025-07-16 14:37:32.8 UTC-06:00,2025-07-16 14:37:35.8 UTC-06:00,16,1.7,2.0,466230.237,4312045.952,2472.344,-105.38975024,38.95671967,2458.352,174.973,,NAD83(2011) / UTM zone 13N + NAVD88(GEOID18) height,7,5,4,6,0,4311870.321,466228.185,2453.706,POINT Z (466228.185 4311870.321 2453.706)
382,382,383,,466226.388,4311871.788,2457.112,,-105.38978606,38.95515009,2443.118,Global,0.01,0.014,0.013,0.018,1.734,m,FIX,RTK,2025-07-16 14:37:42.2 UTC-06:00,2025-07-16 14:37:45.2 UTC-06:00,16,1.7,2.0,466230.237,4312045.952,2472.344,-105.38975024,38.95671967,2458.352,174.877,,NAD83(2011) / UTM zone 13N + NAVD88(GEOID18) height,6,5,4,6,0,4311870.437,466227.99299999996,2453.697,POINT Z (466227.99299999996 4311870.437 2453.697)
383,383,384,,466226.188,4311871.794,2457.09,,-105.38978837,38.95515014,2443.097,Global,0.013,0.015,0.015,0.02,1.734,m,FIX,RTK,2025-07-16 14:37:50.0 UTC-06:00,2025-07-16 14:37:53.0 UTC-06:00,16,1.7,2.0,466230.237,4312045.952,2472.344,-105.38975024,38.95671967,2458.352,174.861,,NAD83(2011) / UTM zone 13N + NAVD88(GEOID18) height,6,4,4,6,0,4311870.443,466227.793,2453.675,POINT Z (466227.793 4311870.443 2453.675)
384,384,385,,466225.916,4311871.695,2457.15,,-105.38979151,38.95514923,2443.157,Global,0.02,0.019,0.013,0.028,1.734,m,FIX,RTK,2025-07-16 14:37:59.6 UTC-06:00,2025-07-16 14:38:02.6 UTC-06:00,16,1.7,2.0,466230.237,4312045.952,2472.344,-105.38975024,38.95671967,2458.352,174.987,,NAD83(2011) / UTM zone 13N + NAVD88(GEOID18) height,7,5,4,6,0,4311870.3440000005,466227.521,2453.735,POINT Z (466227.521 4311870.3440000005 2453.735)
385,385,386,,466225.767,4311871.735,2457.158,,-105.38979323,38.95514959,2443.165,Global,0.012,0.018,0.014,0.022,1.734,m,FIX,RTK,2025-07-16 14:38:07.8 UTC-06:00,2025-07-16 14:38:10.8 UTC-06:00,16,2.0,2.5,466230.237,4312045.952,2472.344,-105.38975024,38.95671967,2458.352,174.946,,NAD83(2011) / UTM zone 13N + NAVD88(GEOID18) height,7,5,4,5,0,4311870.384000001,466227.372,2453.743,POINT Z (466227.372 4311870.384000001 2453.743)
386,386,387,,466225.634,4311871.718,2457.351,,-105.38979476,38.95514943,2443.357,Global,0.016,0.012,0.011,0.02,1.734,m,FIX,RTK,2025-07-16 14:38:18.0 UTC-06:00,2025-07-16 14:38:21.0 UTC-06:00,16,1.7,2.0,466230.237,4312045.952,2472.344,-105.38975024,38.95671967,2458.352,174.934,,NAD83(2011) / UTM zone 13N + NAVD88(GEOID18) height,6,4,4,5,0,4311870.367000001,466227.239,2453.936,POINT Z (466227.239 4311870.367000001 2453.936)
387,387,388,,466225.361,4311871.654,2457.338,,-105.38979791,38.95514884,2443.345,Global,0.014,0.014,0.013,0.02,1.734,m,FIX,RTK,2025-07-16 14:38:33.2 UTC-06:00,2025-07-16 14:38:36.2 UTC-06:00,16,1.7,2.0,466230.237,4312045.952,2472.344,-105.38975024,38.95671967,2458.352,175.0,,NAD83(2011) / UTM zone 13N + NAVD88(GEOID18) height,7,5,4,5,0,4311870.303,466226.96599999996,2453.9230000000002,POINT Z (466226.96599999996 4311870.303 2453.9230000000002)
388,388,389,,466225.141,4311871.62,2457.322,,-105.38980045,38.95514853,2443.328,Global,0.013,0.011,0.018,0.017,1.734,m,FIX,RTK,2025-07-16 14:38:45.8 UTC-06:00,2025-07-16 14:38:48.8 UTC-06:00,16,1.7,2.0,466230.237,4312045.952,2472.344,-105.38975024,38.95671967,2458.352,175.043,,NAD83(2011) / UTM zone 13N + NAVD88(GEOID18) height,7,4,4,5,0,4311870.269,466226.746,2453.907,POINT Z (466226.746 4311870.269 2453.907)
389,389,390,,466225.029,4311871.597,2457.349,,-105.38980175,38.95514832,2443.355,Global,0.017,0.017,0.016,0.024,1.734,m,FIX,RTK,2025-07-16 14:39:02.4 UTC-06:00,2025-07-16 14:39:05.4 UTC-06:00,16,1.7,2.0,466230.237,4312045.952,2472.344,-105.38975024,38.95671967,2458.352,175.058,,NAD83(2011) / UTM zone 13N + NAVD88(GEOID18) height,8,5,4,6,0,4311870.246,466226.63399999996,2453.934,POINT Z (466226.63399999996 4311870.246 2453.934)
390,390,391,,466224.778,4311871.705,2457.492,,-105.38980465,38.95514929,2443.498,Global,0.012,0.012,0.016,0.017,1.734,m,FIX,RTK,2025-07-16 14:39:11.8 UTC-06:00,2025-07-16 14:39:14.8 UTC-06:00,16,1.7,2.0,466230.237,4312045.952,2472.344,-105.38975024,38.95671967,2458.352,174.96,,NAD83(2011) / UTM zone 13N + NAVD88(GEOID18) height,8,5,4,6,0,4311870.354,466226.383,2454.077,POINT Z (466226.383 4311870.354 2454.077)
391,391,392,,466224.636,4311871.705,2457.551,,-105.38980629,38.95514927,2443.557,Global,0.013,0.013,0.014,0.018,1.734,m,FIX,RTK,2025-07-16 14:39:25.0 UTC-06:00,2025-07-16 14:39:28.0 UTC-06:00,16,1.8,2.2,466230.237,4312045.952,2472.344,-105.38975024,38.95671967,2458.352,174.967,,NAD83(2011) / UTM zone 13N + NAVD88(GEOID18) height,8,5,4,6,0,4311870.354,466226.241,2454.136,POINT Z (466226.241 4311870.354 2454.136)
392,392,393,,466224.294,4311871.689,2457.518,,-105.38981023,38.95514912,2443.525,Global,0.017,0.026,0.016,0.031,1.734,m,FIX,RTK,2025-07-16 14:39:54.8 UTC-06:00,2025-07-16 14:39:57.8 UTC-06:00,16,2.2,2.7,466230.237,4312045.952,2472.344,-105.38975024,38.95671967,2458.352,175.014,,NAD83(2011) / UTM zone 13N + NAVD88(GEOID18) height,4,6,5,6,0,4311870.338,466225.899,2454.103,POINT Z (466225.899 4311870.338 2454.103)
393,393,394,,466224.019,4311871.6,2457.557,,-105.3898134,38.95514831,2443.563,Global,0.014,0.012,0.016,0.019,1.734,m,FIX,RTK,2025-07-16 14:40:06.8 UTC-06:00,2025-07-16 14:40:09.8 UTC-06:00,16,2.2,2.8,466230.237,4312045.952,2472.344,-105.38975024,38.95671967,2458.352,175.083,,NAD83(2011) / UTM zone 13N + NAVD88(GEOID18) height,6,5,4,6,0,4311870.249,466225.62399999995,2454.142,POINT Z (466225.62399999995 4311870.249 2454.142)
394,394,395,,466223.756,4311871.601,2457.65,,-105.38981644,38.95514831,2443.656,Global,0.014,0.012,0.012,0.019,1.734,m,FIX,RTK,2025-07-16 14:40:21.4 UTC-06:00,2025-07-16 14:40:24.4 UTC-06:00,16,2.2,2.7,466230.237,4312045.952,2472.344,-105.38975024,38.95671967,2458.352,175.09,,NAD83(2011) / UTM zone 13N + NAVD88(GEOID18) height,7,6,4,6,0,4311870.25,466225.361,2454.235,POINT Z (466225.361 4311870.25 2454.235)
395,395,396,,466223.574,4311871.597,2457.573,,-105.38981853,38.95514826,2443.58,Global,0.017,0.011,0.012,0.02,1.734,m,FIX,RTK,2025-07-16 14:40:34.4 UTC-06:00,2025-07-16 14:40:37.4 UTC-06:00,16,1.7,2.0,466230.237,4312045.952,2472.344,-105.38975024,38.95671967,2458.352,175.104,,NAD83(2011) / UTM zone 13N + NAVD88(GEOID18) height,8,5,4,5,0,4311870.246,466225.179,2454.158,POINT Z (466225.179 4311870.246 2454.158)
396,396,397,,466223.305,4311871.603,2457.644,,-105.38982163,38.95514831,2443.651,Global,0.012,0.014,0.017,0.019,1.734,m,FIX,RTK,2025-07-16 14:40:44.6 UTC-06:00,2025-07-16 14:40:47.6 UTC-06:00,16,1.8,2.2,466230.237,4312045.952,2472.344,-105.38975024,38.95671967,2458.352,175.107,,NAD83(2011) / UTM zone 13N + NAVD88(GEOID18) height,8,6,4,5,0,4311870.252,466224.91,2454.229,POINT Z (466224.91 4311870.252 2454.229)
397,397,398,,466223.053,4311871.577,2457.597,,-105.38982454,38.95514807,2443.603,Global,0.01,0.015,0.016,0.018,1.734,m,FIX,RTK,2025-07-16 14:40:54.0 UTC-06:00,2025-07-16 14:40:57.0 UTC-06:00,16,2.0,2.5,466230.237,4312045.952,2472.344,-105.38975024,38.95671967,2458.352,175.133,,NAD83(2011) / UTM zone 13N + NAVD88(GEOID18) height,8,6,4,6,0,4311870.226,466224.658,2454.1820000000002,POINT Z (466224.658 4311870.226 2454.1820000000002)
398,398,399,,466222.763,4311871.664,2457.594,,-105.38982789,38.95514883,2443.6,Global,0.011,0.014,0.016,0.018,1.734,m,FIX,RTK,2025-07-16 14:41:01.8 UTC-06:00,2025-07-16 14:41:04.8 UTC-06:00,16,2.0,2.5,466230.237,4312045.952,2472.344,-105.38975024,38.95671967,2458.352,175.081,,NAD83(2011) / UTM zone 13N + NAVD88(GEOID18) height,8,6,4,6,0,4311870.313,466224.36799999996,2454.179,POINT Z (466224.36799999996 4311870.313 2454.179)
399,399,400,,466222.473,4311871.693,2457.638,,-105.38983125,38.95514908,2443.644,Global,0.011,0.013,0.016,0.017,1.734,m,FIX,RTK,2025-07-16 14:41:12.0 UTC-06:00,2025-07-16 14:41:15.0 UTC-06:00,16,2.2,2.7,466230.237,4312045.952,2472.344,-105.38975024,38.95671967,2458.352,175.042,,NAD83(2011) / UTM zone 13N + NAVD88(GEOID18) height,7,6,4,6,0,4311870.342,466224.078,2454.223,POINT Z (466224.078 4311870.342 2454.223)
400,400,401,,466222.161,4311871.739,2457.596,,-105.38983485,38.95514948,2443.602,Global,0.018,0.011,0.019,0.021,1.734,m,FIX,RTK,2025-07-16 14:41:19.8 UTC-06:00,2025-07-16 14:41:22.8 UTC-06:00,16,2.0,2.5,466230.237,4312045.952,2472.344,-105.38975024,38.95671967,2458.352,175.011,,NAD83(2011) / UTM zone 13N + NAVD88(GEOID18) height,9,6,4,6,0,4311870.388,466223.766,2454.181,POINT Z (466223.766 4311870.388 2454.181)
401,401,402,,466221.973,4311871.711,2457.589,,-105.38983701,38.95514922,2443.595,Global,0.014,0.011,0.018,0.018,1.734,m,FIX,RTK,2025-07-16 14:41:28.2 UTC-06:00,2025-07-16 14:41:31.2 UTC-06:00,16,2.2,2.7,466230.237,4312045.952,2472.344,-105.38975024,38.95671967,2458.352,175.055,,NAD83(2011) / UTM zone 13N + NAVD88(GEOID18) height,4,5,4,6,0,4311870.36,466223.578,2454.174,POINT Z (466223.578 4311870.36 2454.174)
402,402,403,,466221.788,4311871.762,2457.611,,-105.38983915,38.95514968,2443.618,Global,0.011,0.013,0.014,0.017,1.734,m,FIX,RTK,2025-07-16 14:41:36.0 UTC-06:00,2025-07-16 14:41:39.0 UTC-06:00,16,2.2,2.7,466230.237,4312045.952,2472.344,-105.38975024,38.95671967,2458.352,175.011,,NAD83(2011) / UTM zone 13N + NAVD88(GEOID18) height,7,5,4,6,0,4311870.411,466223.393,2454.196,POINT Z (466223.393 4311870.411 2454.196)
403,403,404,,466221.523,4311871.757,2457.612,,-105.38984221,38.95514963,2443.618,Global,0.012,0.015,0.014,0.019,1.734,m,FIX,RTK,2025-07-16 14:41:43.2 UTC-06:00,2025-07-16 14:41:46.2 UTC-06:00,16,2.0,2.5,466230.237,4312045.952,2472.344,-105.38975024,38.95671967,2458.352,175.042,,NAD83(2011) / UTM zone 13N + NAVD88(GEOID18) height,6,5,4,6,0,4311870.406,466223.12799999997,2454.197,POINT Z (466223.12799999997 4311870.406 2454.197)
404,404,405,,466221.271,4311871.77,2457.671,,-105.38984512,38.95514973,2443.677,Global,0.013,0.012,0.011,0.018,1.734,m,FIX,RTK,2025-07-16 14:41:50.6 UTC-06:00,2025-07-16 14:41:53.6 UTC-06:00,16,2.0,2.5,466230.237,4312045.952,2472.344,-105.38975024,38.95671967,2458.352,175.029,,NAD83(2011) / UTM zone 13N + NAVD88(GEOID18) height,6,5,4,6,0,4311870.419,466222.876,2454.256,POINT Z (466222.876 4311870.419 2454.256)
405,405,406,,466221.074,4311871.789,2457.679,,-105.38984739,38.9551499,2443.685,Global,0.011,0.015,0.012,0.018,1.734,m,FIX,RTK,2025-07-16 14:41:58.0 UTC-06:00,2025-07-16 14:42:01.0 UTC-06:00,16,2.0,2.5,466230.237,4312045.952,2472.344,-105.38975024,38.95671967,2458.352,175.026,,NAD83(2011) / UTM zone 13N + NAVD88(GEOID18) height,5,6,4,6,0,4311870.438,466222.679,2454.264,POINT Z (466222.679 4311870.438 2454.264)
406,406,407,,466220.853,4311871.815,2457.695,,-105.38984995,38.95515012,2443.701,Global,0.011,0.014,0.012,0.018,1.734,m,FIX,RTK,2025-07-16 14:42:06.4 UTC-06:00,2025-07-16 14:42:09.4 UTC-06:00,16,2.0,2.5,466230.237,4312045.952,2472.344,-105.38975024,38.95671967,2458.352,175.006,,NAD83(2011) / UTM zone 13N + NAVD88(GEOID18) height,7,6,4,6,0,4311870.464000001,466222.458,2454.28,POINT Z (466222.458 4311870.464000001 2454.28)
407,407,408,,466220.553,4311871.804,2457.686,,-105.38985341,38.95515001,2443.692,Global,0.011,0.012,0.018,0.016,1.734,m,FIX,RTK,2025-07-16 14:42:15.0 UTC-06:00,2025-07-16 14:42:18.0 UTC-06:00,16,2.0,2.4,466230.237,4312045.952,2472.344,-105.38975024,38.95671967,2458.352,175.03,,NAD83(2011) / UTM zone 13N + NAVD88(GEOID18) height,7,6,4,6,0,4311870.453,466222.158,2454.271,POINT Z (466222.158 4311870.453 2454.271)
408,408,409,,466220.276,4311871.844,2457.693,,-105.38985661,38.95515036,2443.699,Global,0.01,0.011,0.012,0.015,1.734,m,FIX,RTK,2025-07-16 14:42:23.8 UTC-06:00,2025-07-16 14:42:26.8 UTC-06:00,16,2.0,2.4,466230.237,4312045.952,2472.344,-105.38975024,38.95671967,2458.352,175.01,,NAD83(2011) / UTM zone 13N + NAVD88(GEOID18) height,8,5,4,5,0,4311870.493,466221.881,2454.2780000000002,POINT Z (466221.881 4311870.493 2454.2780000000002)
409,409,410,,466220.039,4311871.79,2457.668,,-105.38985934,38.95514987,2443.675,Global,0.012,0.011,0.015,0.016,1.734,m,FIX,RTK,2025-07-16 14:42:31.0 UTC-06:00,2025-07-16 14:42:34.0 UTC-06:00,16,2.2,2.7,466230.237,4312045.952,2472.344,-105.38975024,38.95671967,2458.352,175.069,,NAD83(2011) / UTM zone 13N + NAVD88(GEOID18) height,6,6,4,6,0,4311870.439,466221.644,2454.253,POINT Z (466221.644 4311870.439 2454.253)
410,410,411,,466219.762,4311871.762,2457.646,,-105.38986254,38.9551496,2443.652,Global,0.014,0.014,0.016,0.02,1.734,m,FIX,RTK,2025-07-16 14:42:40.4 UTC-06:00,2025-07-16 14:42:43.4 UTC-06:00,16,2.0,2.4,466230.237,4312045.952,2472.344,-105.38975024,38.95671967,2458.352,175.119,,NAD83(2011) / UTM zone 13N + NAVD88(GEOID18) height,7,6,4,5,0,4311870.411,466221.36699999997,2454.231,POINT Z (466221.36699999997 4311870.411 2454.231)
411,411,412,,466219.521,4311871.831,2457.658,,-105.38986533,38.95515021,2443.664,Global,0.011,0.011,0.016,0.016,1.734,m,FIX,RTK,2025-07-16 14:42:48.2 UTC-06:00,2025-07-16 14:42:51.2 UTC-06:00,16,2.0,2.4,466230.237,4312045.952,2472.344,-105.38975024,38.95671967,2458.352,175.072,,NAD83(2011) / UTM zone 13N + NAVD88(GEOID18) height,8,6,4,6,0,4311870.48,466221.126,2454.243,POINT Z (466221.126 4311870.48 2454.243)
412,412,413,,466219.407,4311871.828,2457.666,,-105.38986664,38.95515019,2443.672,Global,0.022,0.013,0.016,0.025,1.734,m,FIX,RTK,2025-07-16 14:42:55.6 UTC-06:00,2025-07-16 14:42:58.6 UTC-06:00,16,2.0,2.4,466230.237,4312045.952,2472.344,-105.38975024,38.95671967,2458.352,175.07,,NAD83(2011) / UTM zone 13N + NAVD88(GEOID18) height,8,6,4,6,0,4311870.477,466221.012,2454.251,POINT Z (466221.012 4311870.477 2454.251)
413,413,414,,466219.197,4311871.794,2457.692,,-105.38986905,38.95514987,2443.698,Global,0.012,0.011,0.014,0.016,1.734,m,FIX,RTK,2025-07-16 14:43:03.6 UTC-06:00,2025-07-16 14:43:06.6 UTC-06:00,16,2.0,2.4,466230.237,4312045.952,2472.344,-105.38975024,38.95671967,2458.352,175.114,,NAD83(2011) / UTM zone 13N + NAVD88(GEOID18) height,8,6,4,6,0,4311870.443,466220.80199999997,2454.277,POINT Z (466220.80199999997 4311870.443 2454.277)
414,414,415,,466218.999,4311871.801,2458.067,,-105.38987134,38.95514993,2444.073,Global,0.028,0.019,0.015,0.034,1.734,m,FIX,RTK,2025-07-16 14:43:14.8 UTC-06:00,2025-07-16 14:43:17.8 UTC-06:00,16,2.2,2.7,466230.237,4312045.952,2472.344,-105.38975024,38.95671967,2458.352,175.078,,NAD83(2011) / UTM zone 13N + NAVD88(GEOID18) height,7,6,4,6,0,4311870.45,466220.604,2454.652,POINT Z (466220.604 4311870.45 2454.652)
415,415,416,,466218.833,4311871.79,2458.162,,-105.38987326,38.95514982,2444.168,Global,0.011,0.011,0.015,0.016,1.734,m,FIX,RTK,2025-07-16 14:43:31.6 UTC-06:00,2025-07-16 14:43:34.6 UTC-06:00,16,1.8,2.2,466230.237,4312045.952,2472.344,-105.38975024,38.95671967,2458.352,175.104,,NAD83(2011) / UTM zone 13N + NAVD88(GEOID18) height,9,6,4,6,0,4311870.439,466220.43799999997,2454.747,POINT Z (466220.43799999997 4311870.439 2454.747)
416,416,417,,466218.629,4311871.861,2457.973,,-105.38987561,38.95515045,2443.98,Global,0.011,0.015,0.019,0.019,1.734,m,FIX,RTK,2025-07-16 14:43:42.2 UTC-06:00,2025-07-16 14:43:45.2 UTC-06:00,16,2.0,2.4,466230.237,4312045.952,2472.344,-105.38975024,38.95671967,2458.352,175.082,,NAD83(2011) / UTM zone 13N + NAVD88(GEOID18) height,7,6,4,6,0,4311870.51,466220.234,2454.558,POINT Z (466220.234 4311870.51 2454.558)
417,417,418,,466218.441,4311871.924,2457.679,,-105.38987779,38.95515101,2443.686,Global,0.012,0.013,0.013,0.018,1.734,m,FIX,RTK,2025-07-16 14:43:56.6 UTC-06:00,2025-07-16 14:43:59.6 UTC-06:00,16,2.0,2.4,466230.237,4312045.952,2472.344,-105.38975024,38.95671967,2458.352,175.019,,NAD83(2011) / UTM zone 13N + NAVD88(GEOID18) height,7,6,4,6,0,4311870.573,466220.046,2454.264,POINT Z (466220.046 4311870.573 2454.264)
418,418,419,,466218.224,4311871.874,2458.054,,-105.38988029,38.95515055,2444.06,Global,0.014,0.013,0.013,0.019,1.734,m,FIX,RTK,2025-07-16 14:44:12.6 UTC-06:00,2025-07-16 14:44:15.6 UTC-06:00,16,2.4,3.0,466230.237,4312045.952,2472.344,-105.38975024,38.95671967,2458.352,175.064,,NAD83(2011) / UTM zone 13N + NAVD88(GEOID18) height,7,6,4,6,0,4311870.523,466219.82899999997,2454.639,POINT Z (466219.82899999997 4311870.523 2454.639)
419,419,420,,466218.01,4311871.85,2458.083,,-105.38988276,38.95515033,2444.089,Global,0.012,0.017,0.012,0.021,1.734,m,FIX,RTK,2025-07-16 14:44:23.2 UTC-06:00,2025-07-16 14:44:26.2 UTC-06:00,16,2.0,2.4,466230.237,4312045.952,2472.344,-105.38975024,38.95671967,2458.352,175.124,,NAD83(2011) / UTM zone 13N + NAVD88(GEOID18) height,7,6,4,6,0,4311870.499,466219.615,2454.668,POINT Z (466219.615 4311870.499 2454.668)
420,420,421,,466217.806,4311871.853,2458.097,,-105.38988511,38.95515035,2444.103,Global,0.011,0.012,0.015,0.017,1.734,m,FIX,RTK,2025-07-16 14:44:31.2 UTC-06:00,2025-07-16 14:44:34.2 UTC-06:00,16,2.0,2.5,466230.237,4312045.952,2472.344,-105.38975024,38.95671967,2458.352,175.122,,NAD83(2011) / UTM zone 13N + NAVD88(GEOID18) height,7,6,4,6,0,4311870.502,466219.41099999996,2454.6820000000002,POINT Z (466219.41099999996 4311870.502 2454.6820000000002)
421,421,422,,466217.623,4311871.843,2458.063,,-105.38988722,38.95515025,2444.07,Global,0.011,0.014,0.022,0.018,1.734,m,FIX,RTK,2025-07-16 14:44:39.4 UTC-06:00,2025-07-16 14:44:42.4 UTC-06:00,16,2.0,2.4,466230.237,4312045.952,2472.344,-105.38975024,38.95671967,2458.352,175.151,,NAD83(2011) / UTM zone 13N + NAVD88(GEOID18) height,7,6,4,5,0,4311870.492000001,466219.228,2454.648,POINT Z (466219.228 4311870.492000001 2454.648)
422,422,423,,466217.441,4311871.83,2457.971,,-105.38988932,38.95515013,2443.978,Global,0.012,0.011,0.022,0.017,1.734,m,FIX,RTK,2025-07-16 14:44:48.4 UTC-06:00,2025-07-16 14:44:51.4 UTC-06:00,16,1.7,2.0,466230.237,4312045.952,2472.344,-105.38975024,38.95671967,2458.352,175.189,,NAD83(2011) / UTM zone 13N + NAVD88(GEOID18) height,7,6,4,6,0,4311870.479,466219.046,2454.556,POINT Z (466219.046 4311870.479 2454.556)
423,423,424,,466217.23,4311871.784,2457.792,,-105.38989176,38.9551497,2443.799,Global,0.013,0.016,0.014,0.02,1.734,m,FIX,RTK,2025-07-16 14:44:57.0 UTC-06:00,2025-07-16 14:45:00.0 UTC-06:00,16,1.7,2.0,466230.237,4312045.952,2472.344,-105.38975024,38.95671967,2458.352,175.249,,NAD83(2011) / UTM zone 13N + NAVD88(GEOID18) height,7,5,4,6,0,4311870.433,466218.83499999996,2454.377,POINT Z (466218.83499999996 4311870.433 2454.377)
424,424,425,,466217.015,4311871.84,2457.826,,-105.38989424,38.9551502,2443.832,Global,0.011,0.011,0.015,0.015,1.734,m,FIX,RTK,2025-07-16 14:45:13.4 UTC-06:00,2025-07-16 14:45:16.4 UTC-06:00,16,1.7,2.0,466230.237,4312045.952,2472.344,-105.38975024,38.95671967,2458.352,175.217,,NAD83(2011) / UTM zone 13N + NAVD88(GEOID18) height,8,6,4,6,0,4311870.489,466218.62,2454.411,POINT Z (466218.62 4311870.489 2454.411)
425,425,426,,466216.847,4311871.864,2457.808,,-105.38989618,38.95515041,2443.815,Global,0.012,0.011,0.014,0.016,1.734,m,FIX,RTK,2025-07-16 14:45:21.8 UTC-06:00,2025-07-16 14:45:24.8 UTC-06:00,16,1.7,2.0,466230.237,4312045.952,2472.344,-105.38975024,38.95671967,2458.352,175.204,,NAD83(2011) / UTM zone 13N + NAVD88(GEOID18) height,7,5,4,6,0,4311870.513,466218.452,2454.393,POINT Z (466218.452 4311870.513 2454.393)
426,426,427,,466216.646,4311871.86,2457.822,,-105.3898985,38.95515037,2443.828,Global,0.011,0.01,0.015,0.015,1.734,m,FIX,RTK,2025-07-16 14:45:28.2 UTC-06:00,2025-07-16 14:45:31.2 UTC-06:00,16,1.7,2.0,466230.237,4312045.952,2472.344,-105.38975024,38.95671967,2458.352,175.215,,NAD83(2011) / UTM zone 13N + NAVD88(GEOID18) height,7,6,4,6,0,4311870.509000001,466218.251,2454.407,POINT Z (466218.251 4311870.509000001 2454.407)
427,427,428,,466216.416,4311871.881,2457.911,,-105.38990116,38.95515055,2443.918,Global,0.012,0.012,0.016,0.017,1.734,m,FIX,RTK,2025-07-16 14:45:36.6 UTC-06:00,2025-07-16 14:45:39.6 UTC-06:00,16,1.7,2.0,466230.237,4312045.952,2472.344,-105.38975024,38.95671967,2458.352,175.227,,NAD83(2011) / UTM zone 13N + NAVD88(GEOID18) height,8,5,4,6,0,4311870.53,466218.021,2454.496,POINT Z (466218.021 4311870.53 2454.496)
428,428,429,,466216.22,4311871.87,2457.925,,-105.38990342,38.95515044,2443.932,Global,0.014,0.013,0.013,0.019,1.734,m,FIX,RTK,2025-07-16 14:45:56.4 UTC-06:00,2025-07-16 14:45:59.4 UTC-06:00,16,1.7,2.0,466230.237,4312045.952,2472.344,-105.38975024,38.95671967,2458.352,175.25,,NAD83(2011) / UTM zone 13N + NAVD88(GEOID18) height,8,6,4,5,0,4311870.519,466217.82499999995,2454.51,POINT Z (466217.82499999995 4311870.519 2454.51)
429,429,430,,466216.004,4311871.865,2457.933,,-105.38990591,38.95515038,2443.939,Global,0.011,0.015,0.012,0.019,1.734,m,FIX,RTK,2025-07-16 14:46:04.8 UTC-06:00,2025-07-16 14:46:07.8 UTC-06:00,16,1.7,2.0,466230.237,4312045.952,2472.344,-105.38975024,38.95671967,2458.352,175.264,,NAD83(2011) / UTM zone 13N + NAVD88(GEOID18) height,8,6,4,5,0,4311870.514,466217.609,2454.518,POINT Z (466217.609 4311870.514 2454.518)
430,430,431,,466215.922,4311871.86,2457.978,,-105.38990686,38.95515034,2443.985,Global,0.018,0.014,0.015,0.023,1.734,m,FIX,RTK,2025-07-16 14:46:28.6 UTC-06:00,2025-07-16 14:46:31.6 UTC-06:00,16,1.8,2.1,466230.237,4312045.952,2472.344,-105.38975024,38.95671967,2458.352,175.263,,NAD83(2011) / UTM zone 13N + NAVD88(GEOID18) height,8,6,4,5,0,4311870.509000001,466217.527,2454.563,POINT Z (466217.527 4311870.509000001 2454.563)
431,431,432,,466215.762,4311871.916,2458.122,,-105.38990871,38.95515084,2444.128,Global,0.01,0.01,0.022,0.015,1.734,m,FIX,RTK,2025-07-16 14:47:10.4 UTC-06:00,2025-07-16 14:47:13.4 UTC-06:00,16,1.8,2.1,466230.237,4312045.952,2472.344,-105.38975024,38.95671967,2458.352,175.215,,NAD83(2011) / UTM zone 13N + NAVD88(GEOID18) height,7,6,4,6,0,4311870.565,466217.36699999997,2454.707,POINT Z (466217.36699999997 4311870.565 2454.707)
432,432,433,,466215.54,4311871.935,2458.198,,-105.38991126,38.955151,2444.204,Global,0.011,0.012,0.018,0.016,1.734,m,FIX,RTK,2025-07-16 14:47:18.8 UTC-06:00,2025-07-16 14:47:21.8 UTC-06:00,16,1.8,2.1,466230.237,4312045.952,2472.344,-105.38975024,38.95671967,2458.352,175.206,,NAD83(2011) / UTM zone 13N + NAVD88(GEOID18) height,7,6,4,6,0,4311870.584,466217.14499999996,2454.783,POINT Z (466217.14499999996 4311870.584 2454.783)
433,433,434,,466215.353,4311871.953,2458.284,,-105.38991343,38.95515116,2444.29,Global,0.015,0.011,0.013,0.018,1.734,m,FIX,RTK,2025-07-16 14:47:26.8 UTC-06:00,2025-07-16 14:47:29.8 UTC-06:00,16,1.8,2.1,466230.237,4312045.952,2472.344,-105.38975024,38.95671967,2458.352,175.204,,NAD83(2011) / UTM zone 13N + NAVD88(GEOID18) height,7,6,4,6,0,4311870.602,466216.958,2454.869,POINT Z (466216.958 4311870.602 2454.869)
434,434,435,,466215.156,4311871.928,2458.288,,-105.3899157,38.95515092,2444.294,Global,0.011,0.011,0.017,0.016,1.734,m,FIX,RTK,2025-07-16 14:47:35.4 UTC-06:00,2025-07-16 14:47:38.4 UTC-06:00,16,1.8,2.1,466230.237,4312045.952,2472.344,-105.38975024,38.95671967,2458.352,175.25,,NAD83(2011) / UTM zone 13N + NAVD88(GEOID18) height,7,6,4,6,0,4311870.5770000005,466216.761,2454.873,POINT Z (466216.761 4311870.5770000005 2454.873)
435,435,436,,466214.943,4311871.938,2458.3,,-105.38991816,38.955151,2444.306,Global,0.016,0.01,0.015,0.019,1.734,m,FIX,RTK,2025-07-16 14:47:43.2 UTC-06:00,2025-07-16 14:47:46.2 UTC-06:00,16,1.8,2.1,466230.237,4312045.952,2472.344,-105.38975024,38.95671967,2458.352,175.254,,NAD83(2011) / UTM zone 13N + NAVD88(GEOID18) height,7,6,4,6,0,4311870.587,466216.548,2454.885,POINT Z (466216.548 4311870.587 2454.885)
436,436,437,,466214.781,4311871.958,2458.477,,-105.38992003,38.95515117,2444.483,Global,0.011,0.01,0.022,0.015,1.734,m,FIX,RTK,2025-07-16 14:48:30.2 UTC-06:00,2025-07-16 14:48:33.2 UTC-06:00,16,1.6,2.0,466230.237,4312045.952,2472.344,-105.38975024,38.95671967,2458.352,175.238,,NAD83(2011) / UTM zone 13N + NAVD88(GEOID18) height,8,6,4,5,0,4311870.607,466216.386,2455.062,POINT Z (466216.386 4311870.607 2455.062)
437,437,438,,466214.791,4311871.954,2458.496,,-105.38991991,38.95515114,2444.503,Global,0.012,0.011,0.027,0.016,1.734,m,FIX,RTK,2025-07-16 14:48:46.2 UTC-06:00,2025-07-16 14:49:16.2 UTC-06:00,151,2.0,2.4,466230.237,4312045.952,2472.344,-105.38975024,38.95671967,2458.352,175.228,,NAD83(2011) / UTM zone 13N + NAVD88(GEOID18) height,7,6,4,6,0,4311870.603,466216.396,2455.081,POINT Z (466216.396 4311870.603 2455.081)
438,438,439,,466214.783,4311871.85,2458.28,,-105.38992,38.9551502,2444.287,Global,0.015,0.012,0.03,0.02,1.734,m,FIX,RTK,2025-07-16 14:49:25.4 UTC-06:00,2025-07-16 14:49:28.4 UTC-06:00,16,2.3,2.9,466230.237,4312045.952,2472.344,-105.38975024,38.95671967,2458.352,175.356,,NAD83(2011) / UTM zone 13N + NAVD88(GEOID18) height,7,6,4,5,0,4311870.499,466216.388,2454.8650000000002,POINT Z (466216.388 4311870.499 2454.8650000000002)
439,439,440,,466214.946,4311871.953,2458.297,,-105.38991812,38.95515113,2444.304,Global,0.01,0.01,0.014,0.014,1.734,m,FIX,RTK,2025-07-16 14:49:33.4 UTC-06:00,2025-07-16 14:49:36.4 UTC-06:00,16,2.3,2.9,466230.237,4312045.952,2472.344,-105.38975024,38.95671967,2458.352,175.239,,NAD83(2011) / UTM zone 13N + NAVD88(GEOID18) height,7,6,4,5,0,4311870.602,466216.551,2454.882,POINT Z (466216.551 4311870.602 2454.882)
440,440,441,,466214.78,4311872.066,2458.253,,-105.38992005,38.95515215,2444.259,Global,0.012,0.011,0.028,0.016,1.734,m,FIX,RTK,2025-07-16 14:49:41.0 UTC-06:00,2025-07-16 14:49:44.0 UTC-06:00,16,2.3,2.9,466230.237,4312045.952,2472.344,-105.38975024,38.95671967,2458.352,175.151,,NAD83(2011) / UTM zone 13N + NAVD88(GEOID18) height,7,6,4,6,0,4311870.715,466216.385,2454.838,POINT Z (466216.385 4311870.715 2454.838)
441,441,442,,466214.65,4311871.969,2458.263,,-105.38992154,38.95515127,2444.269,Global,0.022,0.014,0.032,0.027,1.734,m,FIX,RTK,2025-07-16 14:49:49.0 UTC-06:00,2025-07-16 14:49:52.0 UTC-06:00,16,1.9,2.3,466230.237,4312045.952,2472.344,-105.38975024,38.95671967,2458.352,175.269,,NAD83(2011) / UTM zone 13N + NAVD88(GEOID18) height,7,6,4,6,0,4311870.618,466216.255,2454.848,POINT Z (466216.255 4311870.618 2454.848)
442,442,443,,466214.778,4311871.954,2458.476,,-105.38992006,38.95515114,2444.483,Global,0.012,0.011,0.026,0.016,1.734,m,FIX,RTK,2025-07-16 14:49:59.0 UTC-06:00,2025-07-16 14:50:02.0 UTC-06:00,16,1.9,2.3,466230.237,4312045.952,2472.344,-105.38975024,38.95671967,2458.352,175.227,,NAD83(2011) / UTM zone 13N + NAVD88(GEOID18) height,7,6,4,6,0,4311870.603,466216.383,2455.061,POINT Z (466216.383 4311870.603 2455.061)
443,443,444,,466214.645,4311871.954,2458.3,,-105.3899216,38.95515114,2444.307,Global,0.017,0.011,0.019,0.02,1.734,m,FIX,RTK,2025-07-16 14:50:29.0 UTC-06:00,2025-07-16 14:50:32.0 UTC-06:00,16,1.9,2.3,466230.237,4312045.952,2472.344,-105.38975024,38.95671967,2458.352,175.26,,NAD83(2011) / UTM zone 13N + NAVD88(GEOID18) height,7,6,4,6,0,4311870.603,466216.25,2454.885,POINT Z (466216.25 4311870.603 2454.885)
444,444,445,,466214.4,4311871.92,2458.219,,-105.38992442,38.95515082,2444.226,Global,0.011,0.012,0.02,0.016,1.734,m,FIX,RTK,2025-07-16 14:50:36.6 UTC-06:00,2025-07-16 14:50:39.6 UTC-06:00,16,1.9,2.3,466230.237,4312045.952,2472.344,-105.38975024,38.95671967,2458.352,175.324,,NAD83(2011) / UTM zone 13N + NAVD88(GEOID18) height,7,5,4,6,0,4311870.569,466216.005,2454.804,POINT Z (466216.005 4311870.569 2454.804)
445,445,446,,466214.205,4311871.896,2458.286,,-105.38992667,38.95515059,2444.293,Global,0.016,0.012,0.017,0.02,1.734,m,FIX,RTK,2025-07-16 14:50:50.0 UTC-06:00,2025-07-16 14:50:53.0 UTC-06:00,16,1.9,2.2,466230.237,4312045.952,2472.344,-105.38975024,38.95671967,2458.352,175.367,,NAD83(2011) / UTM zone 13N + NAVD88(GEOID18) height,7,6,4,6,0,4311870.545,466215.81,2454.871,POINT Z (466215.81 4311870.545 2454.871)
446,446,447,,466213.981,4311871.838,2458.309,,-105.38992926,38.95515006,2444.316,Global,0.011,0.011,0.02,0.015,1.734,m,FIX,RTK,2025-07-16 14:50:57.8 UTC-06:00,2025-07-16 14:51:00.8 UTC-06:00,16,1.9,2.2,466230.237,4312045.952,2472.344,-105.38975024,38.95671967,2458.352,175.432,,NAD83(2011) / UTM zone 13N + NAVD88(GEOID18) height,7,6,4,5,0,4311870.487000001,466215.586,2454.8940000000002,POINT Z (466215.586 4311870.487000001 2454.8940000000002)
447,447,448,,466213.784,4311871.8,2458.33,,-105.38993153,38.95514971,2444.336,Global,0.011,0.01,0.019,0.016,1.734,m,FIX,RTK,2025-07-16 14:51:05.0 UTC-06:00,2025-07-16 14:51:08.0 UTC-06:00,16,1.9,2.2,466230.237,4312045.952,2472.344,-105.38975024,38.95671967,2458.352,175.494,,NAD83(2011) / UTM zone 13N + NAVD88(GEOID18) height,7,6,4,5,0,4311870.449,466215.38899999997,2454.915,POINT Z (466215.38899999997 4311870.449 2454.915)
448,448,449,,466213.56,4311871.761,2458.39,,-105.38993411,38.95514936,2444.397,Global,0.019,0.012,0.018,0.022,1.734,m,FIX,RTK,2025-07-16 14:51:12.2 UTC-06:00,2025-07-16 14:51:15.2 UTC-06:00,16,2.3,2.8,466230.237,4312045.952,2472.344,-105.38975024,38.95671967,2458.352,175.544,,NAD83(2011) / UTM zone 13N + NAVD88(GEOID18) height,7,6,4,5,0,4311870.41,466215.165,2454.975,POINT Z (466215.165 4311870.41 2454.975)
