Name,Code,Easting,Northing,Elevation,Description,Longitude,Latitude,Ellipsoidal height,Origin,Easting RMS,Northing RMS,Elevation RMS,Lateral RMS,Antenna height,Antenna height units,Solution status,Correction type,Averaging start,Averaging end,Samples,PDOP,GDOP,Base easting,Base northing,Base elevation,Base longitude,Base latitude,Base ellipsoidal height,Baseline,Mount point,CS name,GPS Satellites,GLONASS Satellites,Galileo Satellites,BeiDou Satellites,QZSS Satellites
1,,468388.039,4313370.122,2422.698,,-105.36490788,38.96873258,2408.672,Global,0.010,0.011,0.011,0.015,1.734,m,FIX,RTK,2025-07-11 10:51:48.2 UTC-06:00,2025-07-11 10:52:18.2 UTC-06:00,151,1.0,1.2,468407.689,4313300.453,2428.563,-105.36467784,38.96810549,2414.536,72.565,,NAD83(2011) / UTM zone 13N + NAVD88(GEOID18) height,8,6,8,6,0
2,,468388.041,4313370.117,2422.700,,-105.36490786,38.96873254,2408.674,Global,0.011,0.010,0.010,0.015,1.734,m,FIX,RTK,2025-07-11 10:52:44.6 UTC-06:00,2025-07-11 10:52:47.6 UTC-06:00,16,1.1,1.2,468407.689,4313300.453,2428.563,-105.36467784,38.96810549,2414.536,72.556,,NAD83(2011) / UTM zone 13N + NAVD88(GEOID18) height,8,6,8,6,0
3,,468388.041,4313370.022,2422.517,,-105.36490786,38.96873168,2408.491,Global,0.010,0.010,0.010,0.015,1.734,m,FIX,RTK,2025-07-11 10:52:57.4 UTC-06:00,2025-07-11 10:53:00.4 UTC-06:00,16,1.1,1.2,468407.689,4313300.453,2428.563,-105.36467784,38.96810549,2414.536,72.475,,NAD83(2011) / UTM zone 13N + NAVD88(GEOID18) height,8,6,8,6,0
4,,468387.903,4313370.186,2422.531,,-105.36490946,38.96873315,2408.505,Global,0.010,0.010,0.010,0.015,1.734,m,FIX,RTK,2025-07-11 10:53:13.2 UTC-06:00,2025-07-11 10:53:16.2 UTC-06:00,16,1.1,1.2,468407.689,4313300.453,2428.563,-105.36467784,38.96810549,2414.536,72.668,,NAD83(2011) / UTM zone 13N + NAVD88(GEOID18) height,8,6,8,6,0
5,,468388.123,4313370.268,2422.542,,-105.36490692,38.96873389,2408.515,Global,0.010,0.010,0.010,0.014,1.734,m,FIX,RTK,2025-07-11 10:53:23.4 UTC-06:00,2025-07-11 10:53:26.4 UTC-06:00,16,1.1,1.2,468407.689,4313300.453,2428.563,-105.36467784,38.96810549,2414.536,72.688,,NAD83(2011) / UTM zone 13N + NAVD88(GEOID18) height,8,6,8,6,0
6,,468388.219,4313370.077,2422.548,,-105.36490580,38.96873218,2408.522,Global,0.011,0.011,0.010,0.015,1.734,m,FIX,RTK,2025-07-11 10:53:33.2 UTC-06:00,2025-07-11 10:53:36.2 UTC-06:00,16,1.1,1.2,468407.689,4313300.453,2428.563,-105.36467784,38.96810549,2414.536,72.485,,NAD83(2011) / UTM zone 13N + NAVD88(GEOID18) height,8,6,8,6,0
7,,468388.041,4313370.117,2422.699,,-105.36490786,38.96873254,2408.673,Global,0.010,0.010,0.010,0.014,1.734,m,FIX,RTK,2025-07-11 10:53:45.8 UTC-06:00,2025-07-11 10:53:48.8 UTC-06:00,16,1.1,1.2,468407.689,4313300.453,2428.563,-105.36467784,38.96810549,2414.536,72.555,,NAD83(2011) / UTM zone 13N + NAVD88(GEOID18) height,8,6,8,6,0
8,,468387.885,4313370.251,2422.535,,-105.36490967,38.96873373,2408.509,Global,0.010,0.010,0.010,0.015,1.734,m,FIX,RTK,2025-07-11 10:54:04.8 UTC-06:00,2025-07-11 10:54:07.8 UTC-06:00,16,1.1,1.2,468407.689,4313300.453,2428.563,-105.36467784,38.96810549,2414.536,72.731,,NAD83(2011) / UTM zone 13N + NAVD88(GEOID18) height,8,6,8,6,0
9,,468387.690,4313370.303,2422.503,,-105.36491192,38.96873419,2408.476,Global,0.010,0.010,0.010,0.015,1.734,m,FIX,RTK,2025-07-11 10:54:17.0 UTC-06:00,2025-07-11 10:54:20.0 UTC-06:00,16,1.1,1.2,468407.689,4313300.453,2428.563,-105.36467784,38.96810549,2414.536,72.838,,NAD83(2011) / UTM zone 13N + NAVD88(GEOID18) height,8,6,8,6,0
10,,468387.520,4313370.365,2422.395,,-105.36491389,38.96873475,2408.369,Global,0.012,0.011,0.010,0.016,1.734,m,FIX,RTK,2025-07-11 10:54:32.0 UTC-06:00,2025-07-11 10:54:35.0 UTC-06:00,16,1.2,1.3,468407.689,4313300.453,2428.563,-105.36467784,38.96810549,2414.536,72.948,,NAD83(2011) / UTM zone 13N + NAVD88(GEOID18) height,8,6,8,6,0
11,,468387.338,4313370.427,2422.280,,-105.36491599,38.96873530,2408.253,Global,0.010,0.012,0.010,0.016,1.734,m,FIX,RTK,2025-07-11 10:54:42.4 UTC-06:00,2025-07-11 10:54:45.4 UTC-06:00,16,1.2,1.3,468407.689,4313300.453,2428.563,-105.36467784,38.96810549,2414.536,73.075,,NAD83(2011) / UTM zone 13N + NAVD88(GEOID18) height,8,5,8,6,0
12,,468387.257,4313370.500,2422.167,,-105.36491693,38.96873595,2408.141,Global,0.010,0.011,0.010,0.015,1.734,m,FIX,RTK,2025-07-11 10:55:11.0 UTC-06:00,2025-07-11 10:55:14.0 UTC-06:00,16,1.2,1.3,468407.689,4313300.453,2428.563,-105.36467784,38.96810549,2414.536,73.165,,NAD83(2011) / UTM zone 13N + NAVD88(GEOID18) height,8,5,8,6,0
13,,468387.179,4313370.556,2422.064,,-105.36491784,38.96873646,2408.038,Global,0.011,0.010,0.010,0.015,1.734,m,FIX,RTK,2025-07-11 10:55:24.2 UTC-06:00,2025-07-11 10:55:27.2 UTC-06:00,16,1.1,1.3,468407.689,4313300.453,2428.563,-105.36467784,38.96810549,2414.536,73.251,,NAD83(2011) / UTM zone 13N + NAVD88(GEOID18) height,8,5,8,6,0
14,,468387.038,4313370.532,2421.829,,-105.36491946,38.96873624,2407.803,Global,0.010,0.011,0.011,0.015,1.734,m,FIX,RTK,2025-07-11 10:55:44.0 UTC-06:00,2025-07-11 10:55:47.0 UTC-06:00,16,1.1,1.3,468407.689,4313300.453,2428.563,-105.36467784,38.96810549,2414.536,73.281,,NAD83(2011) / UTM zone 13N + NAVD88(GEOID18) height,8,5,8,6,0
15,,468386.814,4313370.604,2421.809,,-105.36492205,38.96873688,2407.783,Global,0.010,0.010,0.010,0.014,1.734,m,FIX,RTK,2025-07-11 10:56:33.2 UTC-06:00,2025-07-11 10:56:36.2 UTC-06:00,16,1.1,1.3,468407.689,4313300.453,2428.563,-105.36467784,38.96810549,2414.536,73.419,,NAD83(2011) / UTM zone 13N + NAVD88(GEOID18) height,8,5,8,6,0
16,,468386.653,4313370.659,2421.826,,-105.36492391,38.96873737,2407.800,Global,0.012,0.015,0.010,0.019,1.734,m,FIX,RTK,2025-07-11 10:56:41.6 UTC-06:00,2025-07-11 10:56:44.6 UTC-06:00,16,1.1,1.3,468407.689,4313300.453,2428.563,-105.36467784,38.96810549,2414.536,73.505,,NAD83(2011) / UTM zone 13N + NAVD88(GEOID18) height,8,5,8,6,0
17,,468386.474,4313370.736,2421.826,,-105.36492598,38.96873806,2407.800,Global,0.010,0.010,0.010,0.014,1.734,m,FIX,RTK,2025-07-11 10:56:54.0 UTC-06:00,2025-07-11 10:56:57.0 UTC-06:00,16,1.1,1.3,468407.689,4313300.453,2428.563,-105.36467784,38.96810549,2414.536,73.643,,NAD83(2011) / UTM zone 13N + NAVD88(GEOID18) height,8,5,8,6,0
18,,468386.308,4313370.787,2421.837,,-105.36492790,38.96873851,2407.811,Global,0.010,0.012,0.010,0.016,1.734,m,FIX,RTK,2025-07-11 10:57:06.4 UTC-06:00,2025-07-11 10:57:09.4 UTC-06:00,16,1.1,1.3,468407.689,4313300.453,2428.563,-105.36467784,38.96810549,2414.536,73.731,,NAD83(2011) / UTM zone 13N + NAVD88(GEOID18) height,9,5,8,6,0
19,,468386.122,4313370.884,2421.793,,-105.36493005,38.96873937,2407.767,Global,0.011,0.011,0.010,0.015,1.734,m,FIX,RTK,2025-07-11 10:57:16.6 UTC-06:00,2025-07-11 10:57:19.6 UTC-06:00,16,1.1,1.3,468407.689,4313300.453,2428.563,-105.36467784,38.96810549,2414.536,73.884,,NAD83(2011) / UTM zone 13N + NAVD88(GEOID18) height,9,5,8,6,0
20,,468385.945,4313370.934,2421.752,,-105.36493209,38.96873982,2407.726,Global,0.011,0.010,0.010,0.015,1.734,m,FIX,RTK,2025-07-11 10:57:27.8 UTC-06:00,2025-07-11 10:57:30.8 UTC-06:00,16,1.1,1.3,468407.689,4313300.453,2428.563,-105.36467784,38.96810549,2414.536,73.984,,NAD83(2011) / UTM zone 13N + NAVD88(GEOID18) height,9,5,8,6,0
21,,468385.700,4313371.040,2421.731,,-105.36493493,38.96874077,2407.705,Global,0.010,0.012,0.010,0.016,1.734,m,FIX,RTK,2025-07-11 10:57:47.8 UTC-06:00,2025-07-11 10:57:50.8 UTC-06:00,16,1.1,1.3,468407.689,4313300.453,2428.563,-105.36467784,38.96810549,2414.536,74.158,,NAD83(2011) / UTM zone 13N + NAVD88(GEOID18) height,9,5,8,6,0
22,,468385.525,4313371.163,2421.697,,-105.36493696,38.96874187,2407.671,Global,0.010,0.010,0.010,0.015,1.734,m,FIX,RTK,2025-07-11 10:57:59.6 UTC-06:00,2025-07-11 10:58:02.6 UTC-06:00,16,1.1,1.3,468407.689,4313300.453,2428.563,-105.36467784,38.96810549,2414.536,74.337,,NAD83(2011) / UTM zone 13N + NAVD88(GEOID18) height,8,5,8,6,0
23,,468385.345,4313371.208,2421.644,,-105.36493903,38.96874227,2407.618,Global,0.010,0.011,0.010,0.015,1.734,m,FIX,RTK,2025-07-11 10:58:11.0 UTC-06:00,2025-07-11 10:58:14.0 UTC-06:00,16,1.1,1.3,468407.689,4313300.453,2428.563,-105.36467784,38.96810549,2414.536,74.431,,NAD83(2011) / UTM zone 13N + NAVD88(GEOID18) height,8,5,8,6,0
24,,468385.167,4313371.268,2421.609,,-105.36494109,38.96874281,2407.583,Global,0.012,0.012,0.010,0.017,1.734,m,FIX,RTK,2025-07-11 10:58:20.8 UTC-06:00,2025-07-11 10:58:23.8 UTC-06:00,16,1.1,1.3,468407.689,4313300.453,2428.563,-105.36467784,38.96810549,2414.536,74.559,,NAD83(2011) / UTM zone 13N + NAVD88(GEOID18) height,8,5,8,6,0
25,,468384.953,4313371.356,2421.564,,-105.36494356,38.96874359,2407.538,Global,0.010,0.013,0.010,0.016,1.734,m,FIX,RTK,2025-07-11 10:58:31.6 UTC-06:00,2025-07-11 10:58:34.6 UTC-06:00,16,1.1,1.3,468407.689,4313300.453,2428.563,-105.36467784,38.96810549,2414.536,74.684,,NAD83(2011) / UTM zone 13N + NAVD88(GEOID18) height,8,5,8,6,0
26,,468384.802,4313371.456,2421.544,,-105.36494531,38.96874448,2407.518,Global,0.013,0.011,0.011,0.017,1.734,m,FIX,RTK,2025-07-11 10:58:42.6 UTC-06:00,2025-07-11 10:58:45.6 UTC-06:00,16,1.1,1.3,468407.689,4313300.453,2428.563,-105.36467784,38.96810549,2414.536,74.846,,NAD83(2011) / UTM zone 13N + NAVD88(GEOID18) height,8,5,8,6,0
27,,468384.608,4313371.517,2421.504,,-105.36494756,38.96874503,2407.478,Global,0.010,0.010,0.010,0.014,1.734,m,FIX,RTK,2025-07-11 10:58:55.0 UTC-06:00,2025-07-11 10:58:58.0 UTC-06:00,16,1.1,1.3,468407.689,4313300.453,2428.563,-105.36467784,38.96810549,2414.536,74.968,,NAD83(2011) / UTM zone 13N + NAVD88(GEOID18) height,8,5,8,6,0
28,,468384.408,4313371.581,2421.455,,-105.36494987,38.96874560,2407.429,Global,0.011,0.011,0.010,0.015,1.734,m,FIX,RTK,2025-07-11 10:59:05.6 UTC-06:00,2025-07-11 10:59:08.6 UTC-06:00,16,1.1,1.3,468407.689,4313300.453,2428.563,-105.36467784,38.96810549,2414.536,75.092,,NAD83(2011) / UTM zone 13N + NAVD88(GEOID18) height,8,5,8,6,0
29,,468384.291,4313371.703,2421.427,,-105.36495122,38.96874670,2407.401,Global,0.015,0.011,0.010,0.018,1.734,m,FIX,RTK,2025-07-11 11:00:49.2 UTC-06:00,2025-07-11 11:00:52.2 UTC-06:00,16,1.2,1.4,468407.689,4313300.453,2428.563,-105.36467784,38.96810549,2414.536,75.250,,NAD83(2011) / UTM zone 13N + NAVD88(GEOID18) height,8,5,8,6,0
30,,468384.034,4313371.732,2421.397,,-105.36495419,38.96874694,2407.371,Global,0.011,0.011,0.010,0.016,1.734,m,FIX,RTK,2025-07-11 11:00:58.2 UTC-06:00,2025-07-11 11:01:01.2 UTC-06:00,16,1.2,1.4,468407.689,4313300.453,2428.563,-105.36467784,38.96810549,2414.536,75.351,,NAD83(2011) / UTM zone 13N + NAVD88(GEOID18) height,8,5,8,6,0
31,,468383.860,4313371.865,2421.364,,-105.36495620,38.96874814,2407.337,Global,0.010,0.010,0.011,0.015,1.734,m,FIX,RTK,2025-07-11 11:01:06.6 UTC-06:00,2025-07-11 11:01:09.6 UTC-06:00,16,1.2,1.3,468407.689,4313300.453,2428.563,-105.36467784,38.96810549,2414.536,75.537,,NAD83(2011) / UTM zone 13N + NAVD88(GEOID18) height,8,5,8,6,0
32,,468383.690,4313371.873,2421.317,,-105.36495816,38.96874820,2407.291,Global,0.012,0.011,0.011,0.017,1.734,m,FIX,RTK,2025-07-11 11:01:14.8 UTC-06:00,2025-07-11 11:01:17.8 UTC-06:00,16,1.2,1.3,468407.689,4313300.453,2428.563,-105.36467784,38.96810549,2414.536,75.599,,NAD83(2011) / UTM zone 13N + NAVD88(GEOID18) height,8,5,8,6,0
33,,468383.460,4313371.988,2421.319,,-105.36496082,38.96874923,2407.293,Global,0.013,0.010,0.011,0.016,1.734,m,FIX,RTK,2025-07-11 11:01:23.8 UTC-06:00,2025-07-11 11:01:26.8 UTC-06:00,16,1.2,1.3,468407.689,4313300.453,2428.563,-105.36467784,38.96810549,2414.536,75.782,,NAD83(2011) / UTM zone 13N + NAVD88(GEOID18) height,8,5,8,6,0
34,,468383.289,4313372.055,2421.290,,-105.36496280,38.96874983,2407.264,Global,0.011,0.011,0.010,0.016,1.734,m,FIX,RTK,2025-07-11 11:01:32.4 UTC-06:00,2025-07-11 11:01:35.4 UTC-06:00,16,1.2,1.3,468407.689,4313300.453,2428.563,-105.36467784,38.96810549,2414.536,75.896,,NAD83(2011) / UTM zone 13N + NAVD88(GEOID18) height,8,5,8,6,0
35,,468383.105,4313372.139,2421.269,,-105.36496493,38.96875058,2407.243,Global,0.011,0.011,0.010,0.016,1.734,m,FIX,RTK,2025-07-11 11:01:41.4 UTC-06:00,2025-07-11 11:01:44.4 UTC-06:00,16,1.2,1.3,468407.689,4313300.453,2428.563,-105.36467784,38.96810549,2414.536,76.050,,NAD83(2011) / UTM zone 13N + NAVD88(GEOID18) height,8,5,8,6,0
36,,468382.902,4313372.207,2421.247,,-105.36496728,38.96875118,2407.221,Global,0.010,0.010,0.010,0.015,1.734,m,FIX,RTK,2025-07-11 11:01:52.6 UTC-06:00,2025-07-11 11:01:55.6 UTC-06:00,16,1.2,1.3,468407.689,4313300.453,2428.563,-105.36467784,38.96810549,2414.536,76.175,,NAD83(2011) / UTM zone 13N + NAVD88(GEOID18) height,8,5,8,6,0
37,,468382.781,4313372.241,2421.225,,-105.36496867,38.96875148,2407.199,Global,0.011,0.010,0.010,0.015,1.734,m,FIX,RTK,2025-07-11 11:02:02.4 UTC-06:00,2025-07-11 11:02:05.4 UTC-06:00,16,1.2,1.3,468407.689,4313300.453,2428.563,-105.36467784,38.96810549,2414.536,76.248,,NAD83(2011) / UTM zone 13N + NAVD88(GEOID18) height,8,5,8,6,0
38,,468382.569,4313372.265,2421.211,,-105.36497113,38.96875169,2407.184,Global,0.012,0.014,0.010,0.019,1.734,m,FIX,RTK,2025-07-11 11:02:12.2 UTC-06:00,2025-07-11 11:02:15.2 UTC-06:00,16,1.2,1.3,468407.689,4313300.453,2428.563,-105.36467784,38.96810549,2414.536,76.342,,NAD83(2011) / UTM zone 13N + NAVD88(GEOID18) height,8,5,8,6,0
39,,468382.371,4313372.399,2421.183,,-105.36497342,38.96875289,2407.157,Global,0.012,0.011,0.010,0.016,1.734,m,FIX,RTK,2025-07-11 11:02:23.0 UTC-06:00,2025-07-11 11:02:26.0 UTC-06:00,16,1.2,1.3,468407.689,4313300.453,2428.563,-105.36467784,38.96810549,2414.536,76.538,,NAD83(2011) / UTM zone 13N + NAVD88(GEOID18) height,8,5,8,6,0
40,,468382.166,4313372.460,2421.166,,-105.36497579,38.96875344,2407.140,Global,0.011,0.010,0.010,0.015,1.734,m,FIX,RTK,2025-07-11 11:02:32.4 UTC-06:00,2025-07-11 11:02:35.4 UTC-06:00,16,1.2,1.3,468407.689,4313300.453,2428.563,-105.36467784,38.96810549,2414.536,76.670,,NAD83(2011) / UTM zone 13N + NAVD88(GEOID18) height,8,5,8,6,0
41,,468381.936,4313372.509,2421.139,,-105.36497844,38.96875387,2407.113,Global,0.012,0.011,0.010,0.016,1.734,m,FIX,RTK,2025-07-11 11:02:47.8 UTC-06:00,2025-07-11 11:02:50.8 UTC-06:00,16,1.2,1.3,468407.689,4313300.453,2428.563,-105.36467784,38.96810549,2414.536,76.787,,NAD83(2011) / UTM zone 13N + NAVD88(GEOID18) height,8,5,8,6,0
42,,468381.766,4313372.571,2421.097,,-105.36498041,38.96875442,2407.071,Global,0.010,0.011,0.010,0.015,1.734,m,FIX,RTK,2025-07-11 11:03:04.0 UTC-06:00,2025-07-11 11:03:07.0 UTC-06:00,16,1.2,1.3,468407.689,4313300.453,2428.563,-105.36467784,38.96810549,2414.536,76.913,,NAD83(2011) / UTM zone 13N + NAVD88(GEOID18) height,8,5,8,6,0
43,,468381.583,4313372.698,2421.073,,-105.36498252,38.96875556,2407.047,Global,0.015,0.011,0.010,0.018,1.734,m,FIX,RTK,2025-07-11 11:03:18.2 UTC-06:00,2025-07-11 11:03:21.2 UTC-06:00,16,1.2,1.3,468407.689,4313300.453,2428.563,-105.36467784,38.96810549,2414.536,77.099,,NAD83(2011) / UTM zone 13N + NAVD88(GEOID18) height,8,5,8,6,0
44,,468381.394,4313372.764,2421.089,,-105.36498471,38.96875615,2407.063,Global,0.017,0.011,0.010,0.020,1.734,m,FIX,RTK,2025-07-11 11:03:34.0 UTC-06:00,2025-07-11 11:03:37.0 UTC-06:00,16,1.2,1.3,468407.689,4313300.453,2428.563,-105.36467784,38.96810549,2414.536,77.225,,NAD83(2011) / UTM zone 13N + NAVD88(GEOID18) height,8,5,8,6,0
45,,468381.305,4313372.900,2420.995,,-105.36498574,38.96875737,2406.969,Global,0.010,0.011,0.014,0.015,1.734,m,FIX,RTK,2025-07-11 11:10:19.4 UTC-06:00,2025-07-11 11:10:22.4 UTC-06:00,16,1.1,1.3,468407.689,4313300.453,2428.563,-105.36467784,38.96810549,2414.536,77.383,,NAD83(2011) / UTM zone 13N + NAVD88(GEOID18) height,7,5,9,6,0
46,,468381.153,4313372.968,2420.976,,-105.36498751,38.96875798,2406.949,Global,0.011,0.010,0.011,0.015,1.734,m,FIX,RTK,2025-07-11 11:10:41.2 UTC-06:00,2025-07-11 11:10:44.2 UTC-06:00,16,1.1,1.3,468407.689,4313300.453,2428.563,-105.36467784,38.96810549,2414.536,77.493,,NAD83(2011) / UTM zone 13N + NAVD88(GEOID18) height,7,5,9,6,0
47,,468381.032,4313373.098,2420.970,,-105.36498891,38.96875914,2406.944,Global,0.011,0.011,0.010,0.016,1.734,m,FIX,RTK,2025-07-11 11:11:02.4 UTC-06:00,2025-07-11 11:11:05.4 UTC-06:00,16,1.1,1.3,468407.689,4313300.453,2428.563,-105.36467784,38.96810549,2414.536,77.671,,NAD83(2011) / UTM zone 13N + NAVD88(GEOID18) height,7,5,9,6,0
48,,468380.791,4313373.139,2420.951,,-105.36499169,38.96875951,2406.924,Global,0.010,0.011,0.010,0.015,1.734,m,FIX,RTK,2025-07-11 11:11:18.8 UTC-06:00,2025-07-11 11:11:21.8 UTC-06:00,16,1.2,1.4,468407.689,4313300.453,2428.563,-105.36467784,38.96810549,2414.536,77.790,,NAD83(2011) / UTM zone 13N + NAVD88(GEOID18) height,7,5,9,5,0
49,,468380.575,4313373.229,2420.905,,-105.36499418,38.96876031,2406.879,Global,0.015,0.012,0.010,0.019,1.734,m,FIX,RTK,2025-07-11 11:11:36.6 UTC-06:00,2025-07-11 11:11:39.6 UTC-06:00,16,1.2,1.4,468407.689,4313300.453,2428.563,-105.36467784,38.96810549,2414.536,77.938,,NAD83(2011) / UTM zone 13N + NAVD88(GEOID18) height,7,5,9,5,0
50,,468380.463,4313373.192,2420.908,,-105.36499547,38.96875997,2406.882,Global,0.011,0.015,0.010,0.019,1.734,m,FIX,RTK,2025-07-11 11:12:50.2 UTC-06:00,2025-07-11 11:12:53.2 UTC-06:00,16,1.2,1.4,468407.689,4313300.453,2428.563,-105.36467784,38.96810549,2414.536,77.953,,NAD83(2011) / UTM zone 13N + NAVD88(GEOID18) height,7,5,9,5,0
51,,468380.264,4313373.273,2420.891,,-105.36499777,38.96876070,2406.865,Global,0.011,0.011,0.011,0.016,1.734,m,FIX,RTK,2025-07-11 11:13:02.4 UTC-06:00,2025-07-11 11:13:05.4 UTC-06:00,16,1.2,1.4,468407.689,4313300.453,2428.563,-105.36467784,38.96810549,2414.536,78.101,,NAD83(2011) / UTM zone 13N + NAVD88(GEOID18) height,7,5,9,5,0
52,,468380.102,4313373.353,2420.860,,-105.36499966,38.96876141,2406.833,Global,0.011,0.010,0.010,0.015,1.734,m,FIX,RTK,2025-07-11 11:13:25.8 UTC-06:00,2025-07-11 11:13:28.8 UTC-06:00,16,1.2,1.4,468407.689,4313300.453,2428.563,-105.36467784,38.96810549,2414.536,78.229,,NAD83(2011) / UTM zone 13N + NAVD88(GEOID18) height,7,5,9,5,0
53,,468380.003,4313373.520,2420.845,,-105.36500081,38.96876291,2406.819,Global,0.010,0.013,0.010,0.017,1.734,m,FIX,RTK,2025-07-11 11:13:41.0 UTC-06:00,2025-07-11 11:13:44.0 UTC-06:00,16,1.2,1.4,468407.689,4313300.453,2428.563,-105.36467784,38.96810549,2414.536,78.419,,NAD83(2011) / UTM zone 13N + NAVD88(GEOID18) height,7,5,9,5,0
54,,468379.837,4313373.548,2420.844,,-105.36500272,38.96876315,2406.818,Global,0.011,0.011,0.010,0.016,1.734,m,FIX,RTK,2025-07-11 11:13:51.4 UTC-06:00,2025-07-11 11:13:54.4 UTC-06:00,16,1.2,1.4,468407.689,4313300.453,2428.563,-105.36467784,38.96810549,2414.536,78.508,,NAD83(2011) / UTM zone 13N + NAVD88(GEOID18) height,7,5,9,5,0
55,,468379.561,4313373.698,2420.885,,-105.36500591,38.96876449,2406.859,Global,0.011,0.014,0.010,0.018,1.734,m,FIX,RTK,2025-07-11 11:14:10.0 UTC-06:00,2025-07-11 11:14:13.0 UTC-06:00,16,1.2,1.4,468407.689,4313300.453,2428.563,-105.36467784,38.96810549,2414.536,78.745,,NAD83(2011) / UTM zone 13N + NAVD88(GEOID18) height,7,5,9,5,0
56,,468379.429,4313373.608,2420.871,,-105.36500744,38.96876368,2406.845,Global,0.010,0.011,0.010,0.015,1.734,m,FIX,RTK,2025-07-11 11:14:33.8 UTC-06:00,2025-07-11 11:14:36.8 UTC-06:00,16,1.2,1.4,468407.689,4313300.453,2428.563,-105.36467784,38.96810549,2414.536,78.709,,NAD83(2011) / UTM zone 13N + NAVD88(GEOID18) height,7,5,9,5,0
57,,468379.238,4313373.826,2420.933,,-105.36500964,38.96876564,2406.907,Global,0.010,0.017,0.010,0.020,1.734,m,FIX,RTK,2025-07-11 11:14:49.6 UTC-06:00,2025-07-11 11:14:52.6 UTC-06:00,16,1.2,1.4,468407.689,4313300.453,2428.563,-105.36467784,38.96810549,2414.536,78.987,,NAD83(2011) / UTM zone 13N + NAVD88(GEOID18) height,7,5,9,6,0
58,,468379.097,4313373.828,2420.946,,-105.36501128,38.96876566,2406.920,Global,0.011,0.012,0.013,0.016,1.734,m,FIX,RTK,2025-07-11 11:15:00.6 UTC-06:00,2025-07-11 11:15:03.6 UTC-06:00,16,1.2,1.4,468407.689,4313300.453,2428.563,-105.36467784,38.96810549,2414.536,79.032,,NAD83(2011) / UTM zone 13N + NAVD88(GEOID18) height,7,5,9,6,0
59,,468378.790,4313373.838,2421.033,,-105.36501482,38.96876573,2407.007,Global,0.011,0.011,0.011,0.016,1.734,m,FIX,RTK,2025-07-11 11:15:18.0 UTC-06:00,2025-07-11 11:15:21.0 UTC-06:00,16,1.2,1.5,468407.689,4313300.453,2428.563,-105.36467784,38.96810549,2414.536,79.149,,NAD83(2011) / UTM zone 13N + NAVD88(GEOID18) height,7,5,9,6,0
60,,468378.558,4313373.891,2421.060,,-105.36501749,38.96876620,2407.033,Global,0.011,0.016,0.011,0.019,1.734,m,FIX,RTK,2025-07-11 11:15:29.4 UTC-06:00,2025-07-11 11:15:32.4 UTC-06:00,16,1.2,1.5,468407.689,4313300.453,2428.563,-105.36467784,38.96810549,2414.536,79.259,,NAD83(2011) / UTM zone 13N + NAVD88(GEOID18) height,7,5,9,6,0
61,,468378.422,4313373.942,2421.074,,-105.36501907,38.96876665,2407.048,Global,0.012,0.011,0.010,0.017,1.734,m,FIX,RTK,2025-07-11 11:15:39.4 UTC-06:00,2025-07-11 11:15:42.4 UTC-06:00,16,1.2,1.5,468407.689,4313300.453,2428.563,-105.36467784,38.96810549,2414.536,79.380,,NAD83(2011) / UTM zone 13N + NAVD88(GEOID18) height,7,5,9,6,0
62,,468378.339,4313374.092,2421.146,,-105.36502004,38.96876801,2407.120,Global,0.014,0.014,0.012,0.020,1.734,m,FIX,RTK,2025-07-11 11:16:31.0 UTC-06:00,2025-07-11 11:16:34.0 UTC-06:00,16,1.2,1.5,468407.689,4313300.453,2428.563,-105.36467784,38.96810549,2414.536,79.527,,NAD83(2011) / UTM zone 13N + NAVD88(GEOID18) height,7,5,9,6,0
63,,468378.040,4313374.076,2421.239,,-105.36502348,38.96876785,2407.213,Global,0.010,0.010,0.011,0.015,1.734,m,FIX,RTK,2025-07-11 11:16:42.6 UTC-06:00,2025-07-11 11:16:45.6 UTC-06:00,16,1.2,1.5,468407.689,4313300.453,2428.563,-105.36467784,38.96810549,2414.536,79.626,,NAD83(2011) / UTM zone 13N + NAVD88(GEOID18) height,7,5,9,6,0
64,,468377.952,4313374.122,2421.205,,-105.36502450,38.96876826,2407.179,Global,0.011,0.011,0.011,0.016,1.734,m,FIX,RTK,2025-07-11 11:16:56.0 UTC-06:00,2025-07-11 11:16:59.0 UTC-06:00,16,1.2,1.5,468407.689,4313300.453,2428.563,-105.36467784,38.96810549,2414.536,79.713,,NAD83(2011) / UTM zone 13N + NAVD88(GEOID18) height,7,5,9,6,0
65,,468377.721,4313374.250,2421.202,,-105.36502718,38.96876940,2407.176,Global,0.014,0.011,0.011,0.018,1.734,m,FIX,RTK,2025-07-11 11:17:06.0 UTC-06:00,2025-07-11 11:17:09.0 UTC-06:00,16,1.2,1.5,468407.689,4313300.453,2428.563,-105.36467784,38.96810549,2414.536,79.911,,NAD83(2011) / UTM zone 13N + NAVD88(GEOID18) height,7,5,9,6,0
66,,468377.555,4313374.265,2421.217,,-105.36502910,38.96876953,2407.190,Global,0.010,0.013,0.013,0.016,1.734,m,FIX,RTK,2025-07-11 11:17:16.0 UTC-06:00,2025-07-11 11:17:19.0 UTC-06:00,16,1.2,1.5,468407.689,4313300.453,2428.563,-105.36467784,38.96810549,2414.536,79.994,,NAD83(2011) / UTM zone 13N + NAVD88(GEOID18) height,7,5,9,6,0
67,,468377.262,4313374.395,2421.232,,-105.36503248,38.96877070,2407.206,Global,0.011,0.011,0.012,0.015,1.734,m,FIX,RTK,2025-07-11 11:17:26.6 UTC-06:00,2025-07-11 11:17:29.6 UTC-06:00,16,1.2,1.5,468407.689,4313300.453,2428.563,-105.36467784,38.96810549,2414.536,80.208,,NAD83(2011) / UTM zone 13N + NAVD88(GEOID18) height,7,5,9,6,0
68,,468377.132,4313374.400,2421.286,,-105.36503398,38.96877074,2407.260,Global,0.010,0.011,0.013,0.015,1.734,m,FIX,RTK,2025-07-11 11:17:40.0 UTC-06:00,2025-07-11 11:17:43.0 UTC-06:00,16,1.2,1.5,468407.689,4313300.453,2428.563,-105.36467784,38.96810549,2414.536,80.266,,NAD83(2011) / UTM zone 13N + NAVD88(GEOID18) height,7,5,9,6,0
69,,468376.917,4313374.556,2421.342,,-105.36503648,38.96877213,2407.316,Global,0.012,0.012,0.017,0.017,1.734,m,FIX,RTK,2025-07-11 11:17:49.8 UTC-06:00,2025-07-11 11:17:52.8 UTC-06:00,16,1.2,1.5,468407.689,4313300.453,2428.563,-105.36467784,38.96810549,2414.536,80.489,,NAD83(2011) / UTM zone 13N + NAVD88(GEOID18) height,7,5,9,6,0
70,,468376.725,4313374.574,2421.322,,-105.36503869,38.96877229,2407.296,Global,0.015,0.011,0.012,0.019,1.734,m,FIX,RTK,2025-07-11 11:18:00.6 UTC-06:00,2025-07-11 11:18:03.6 UTC-06:00,16,1.2,1.5,468407.689,4313300.453,2428.563,-105.36467784,38.96810549,2414.536,80.584,,NAD83(2011) / UTM zone 13N + NAVD88(GEOID18) height,7,5,9,6,0
71,,468376.558,4313374.605,2421.368,,-105.36504061,38.96877256,2407.342,Global,0.012,0.011,0.012,0.016,1.734,m,FIX,RTK,2025-07-11 11:18:11.0 UTC-06:00,2025-07-11 11:18:14.0 UTC-06:00,16,1.2,1.5,468407.689,4313300.453,2428.563,-105.36467784,38.96810549,2414.536,80.660,,NAD83(2011) / UTM zone 13N + NAVD88(GEOID18) height,7,5,9,6,0
72,,468376.386,4313374.622,2421.390,,-105.36504260,38.96877271,2407.364,Global,0.010,0.012,0.011,0.016,1.734,m,FIX,RTK,2025-07-11 11:18:20.4 UTC-06:00,2025-07-11 11:18:23.4 UTC-06:00,16,1.2,1.5,468407.689,4313300.453,2428.563,-105.36467784,38.96810549,2414.536,80.747,,NAD83(2011) / UTM zone 13N + NAVD88(GEOID18) height,7,5,9,6,0
73,,468376.182,4313374.668,2421.440,,-105.36504496,38.96877312,2407.414,Global,0.011,0.011,0.010,0.016,1.734,m,FIX,RTK,2025-07-11 11:18:31.2 UTC-06:00,2025-07-11 11:18:34.2 UTC-06:00,16,1.2,1.5,468407.689,4313300.453,2428.563,-105.36467784,38.96810549,2414.536,80.864,,NAD83(2011) / UTM zone 13N + NAVD88(GEOID18) height,7,5,9,6,0
74,,468375.954,4313374.813,2421.446,,-105.36504760,38.96877441,2407.420,Global,0.011,0.010,0.010,0.015,1.734,m,FIX,RTK,2025-07-11 11:18:41.0 UTC-06:00,2025-07-11 11:18:44.0 UTC-06:00,16,1.2,1.5,468407.689,4313300.453,2428.563,-105.36467784,38.96810549,2414.536,81.089,,NAD83(2011) / UTM zone 13N + NAVD88(GEOID18) height,7,5,9,6,0
75,,468375.728,4313374.826,2421.444,,-105.36505021,38.96877453,2407.418,Global,0.011,0.012,0.010,0.016,1.734,m,FIX,RTK,2025-07-11 11:18:51.0 UTC-06:00,2025-07-11 11:18:54.0 UTC-06:00,16,1.2,1.5,468407.689,4313300.453,2428.563,-105.36467784,38.96810549,2414.536,81.189,,NAD83(2011) / UTM zone 13N + NAVD88(GEOID18) height,7,5,9,6,0
76,,468375.580,4313374.884,2421.440,,-105.36505192,38.96877504,2407.414,Global,0.010,0.010,0.011,0.015,1.734,m,FIX,RTK,2025-07-11 11:19:01.6 UTC-06:00,2025-07-11 11:19:04.6 UTC-06:00,16,1.2,1.4,468407.689,4313300.453,2428.563,-105.36467784,38.96810549,2414.536,81.301,,NAD83(2011) / UTM zone 13N + NAVD88(GEOID18) height,7,5,9,6,0
77,,468375.399,4313374.988,2421.584,,-105.36505401,38.96877597,2407.558,Global,0.010,0.011,0.010,0.015,1.734,m,FIX,RTK,2025-07-11 11:19:11.8 UTC-06:00,2025-07-11 11:19:14.8 UTC-06:00,16,1.2,1.4,468407.689,4313300.453,2428.563,-105.36467784,38.96810549,2414.536,81.458,,NAD83(2011) / UTM zone 13N + NAVD88(GEOID18) height,7,5,9,6,0
78,,468375.293,4313375.031,2421.602,,-105.36505524,38.96877635,2407.576,Global,0.012,0.017,0.011,0.021,1.734,m,FIX,RTK,2025-07-11 11:19:24.2 UTC-06:00,2025-07-11 11:19:27.2 UTC-06:00,16,1.2,1.4,468407.689,4313300.453,2428.563,-105.36467784,38.96810549,2414.536,81.541,,NAD83(2011) / UTM zone 13N + NAVD88(GEOID18) height,7,5,9,6,0
79,,468375.098,4313375.094,2421.629,,-105.36505749,38.96877692,2407.603,Global,0.011,0.015,0.011,0.018,1.734,m,FIX,RTK,2025-07-11 11:19:32.8 UTC-06:00,2025-07-11 11:19:35.8 UTC-06:00,16,1.2,1.4,468407.689,4313300.453,2428.563,-105.36467784,38.96810549,2414.536,81.661,,NAD83(2011) / UTM zone 13N + NAVD88(GEOID18) height,7,5,9,6,0
80,,468374.938,4313375.245,2421.598,,-105.36505935,38.96877827,2407.572,Global,0.018,0.026,0.012,0.032,1.734,m,FIX,RTK,2025-07-11 11:19:40.6 UTC-06:00,2025-07-11 11:19:43.6 UTC-06:00,16,1.2,1.4,468407.689,4313300.453,2428.563,-105.36467784,38.96810549,2414.536,81.859,,NAD83(2011) / UTM zone 13N + NAVD88(GEOID18) height,7,5,9,6,0
81,,468374.744,4313375.355,2421.598,,-105.36506159,38.96877926,2407.572,Global,0.011,0.015,0.010,0.019,1.734,m,FIX,RTK,2025-07-11 11:19:54.8 UTC-06:00,2025-07-11 11:19:57.8 UTC-06:00,16,1.2,1.4,468407.689,4313300.453,2428.563,-105.36467784,38.96810549,2414.536,82.065,,NAD83(2011) / UTM zone 13N + NAVD88(GEOID18) height,7,5,9,6,0
82,,468374.595,4313375.442,2421.597,,-105.36506332,38.96878003,2407.571,Global,0.012,0.010,0.011,0.016,1.734,m,FIX,RTK,2025-07-11 11:20:11.6 UTC-06:00,2025-07-11 11:20:14.6 UTC-06:00,16,1.2,1.4,468407.689,4313300.453,2428.563,-105.36467784,38.96810549,2414.536,82.197,,NAD83(2011) / UTM zone 13N + NAVD88(GEOID18) height,7,5,9,6,0
83,,468374.397,4313375.518,2421.662,,-105.36506561,38.96878071,2407.636,Global,0.011,0.012,0.013,0.017,1.734,m,FIX,RTK,2025-07-11 11:20:20.0 UTC-06:00,2025-07-11 11:20:23.0 UTC-06:00,16,1.2,1.4,468407.689,4313300.453,2428.563,-105.36467784,38.96810549,2414.536,82.340,,NAD83(2011) / UTM zone 13N + NAVD88(GEOID18) height,7,5,9,6,0
84,,468374.226,4313375.564,2421.700,,-105.36506758,38.96878112,2407.674,Global,0.011,0.012,0.010,0.016,1.734,m,FIX,RTK,2025-07-11 11:20:29.8 UTC-06:00,2025-07-11 11:20:32.8 UTC-06:00,16,1.2,1.4,468407.689,4313300.453,2428.563,-105.36467784,38.96810549,2414.536,82.446,,NAD83(2011) / UTM zone 13N + NAVD88(GEOID18) height,7,5,9,6,0
85,,468374.002,4313375.662,2421.712,,-105.36507017,38.96878200,2407.686,Global,0.010,0.010,0.010,0.014,1.734,m,FIX,RTK,2025-07-11 11:20:38.8 UTC-06:00,2025-07-11 11:20:41.8 UTC-06:00,16,1.2,1.4,468407.689,4313300.453,2428.563,-105.36467784,38.96810549,2414.536,82.631,,NAD83(2011) / UTM zone 13N + NAVD88(GEOID18) height,7,5,9,6,0
86,,468373.818,4313375.721,2421.792,,-105.36507230,38.96878252,2407.766,Global,0.011,0.011,0.010,0.016,1.734,m,FIX,RTK,2025-07-11 11:21:05.2 UTC-06:00,2025-07-11 11:21:08.2 UTC-06:00,16,1.2,1.4,468407.689,4313300.453,2428.563,-105.36467784,38.96810549,2414.536,82.752,,NAD83(2011) / UTM zone 13N + NAVD88(GEOID18) height,7,5,9,6,0
87,,468373.572,4313375.828,2421.814,,-105.36507514,38.96878347,2407.788,Global,0.023,0.011,0.010,0.025,1.734,m,FIX,RTK,2025-07-11 11:21:11.4 UTC-06:00,2025-07-11 11:21:14.4 UTC-06:00,16,1.2,1.4,468407.689,4313300.453,2428.563,-105.36467784,38.96810549,2414.536,82.955,,NAD83(2011) / UTM zone 13N + NAVD88(GEOID18) height,7,5,9,6,0
88,,468373.282,4313375.900,2421.844,,-105.36507849,38.96878411,2407.818,Global,0.013,0.011,0.011,0.017,1.734,m,FIX,RTK,2025-07-11 11:21:18.4 UTC-06:00,2025-07-11 11:21:21.4 UTC-06:00,16,1.2,1.4,468407.689,4313300.453,2428.563,-105.36467784,38.96810549,2414.536,83.139,,NAD83(2011) / UTM zone 13N + NAVD88(GEOID18) height,7,5,9,6,0
89,,468372.994,4313376.003,2421.879,,-105.36508182,38.96878504,2407.853,Global,0.017,0.012,0.010,0.021,1.734,m,FIX,RTK,2025-07-11 11:21:25.8 UTC-06:00,2025-07-11 11:21:28.8 UTC-06:00,16,1.2,1.4,468407.689,4313300.453,2428.563,-105.36467784,38.96810549,2414.536,83.355,,NAD83(2011) / UTM zone 13N + NAVD88(GEOID18) height,7,5,9,6,0
90,,468372.704,4313376.149,2421.895,,-105.36508518,38.96878634,2407.869,Global,0.014,0.011,0.010,0.018,1.734,m,FIX,RTK,2025-07-11 11:21:34.2 UTC-06:00,2025-07-11 11:21:34.6 UTC-06:00,3,1.2,1.4,468407.689,4313300.453,2428.563,-105.36467784,38.96810549,2414.536,83.609,,NAD83(2011) / UTM zone 13N + NAVD88(GEOID18) height,7,5,9,6,0
91,,468372.695,4313376.140,2421.851,,-105.36508528,38.96878626,2407.825,Global,0.010,0.011,0.010,0.015,1.734,m,FIX,RTK,2025-07-11 11:21:46.8 UTC-06:00,2025-07-11 11:21:49.8 UTC-06:00,16,1.2,1.4,468407.689,4313300.453,2428.563,-105.36467784,38.96810549,2414.536,83.600,,NAD83(2011) / UTM zone 13N + NAVD88(GEOID18) height,7,5,9,6,0
92,,468372.450,4313376.224,2421.913,,-105.36508812,38.96878700,2407.887,Global,0.013,0.012,0.013,0.017,1.734,m,FIX,RTK,2025-07-11 11:21:58.6 UTC-06:00,2025-07-11 11:22:01.6 UTC-06:00,16,1.2,1.4,468407.689,4313300.453,2428.563,-105.36467784,38.96810549,2414.536,83.775,,NAD83(2011) / UTM zone 13N + NAVD88(GEOID18) height,7,5,9,6,0
93,,468372.299,4313376.283,2421.911,,-105.36508986,38.96878753,2407.885,Global,0.011,0.014,0.011,0.017,1.734,m,FIX,RTK,2025-07-11 11:22:09.6 UTC-06:00,2025-07-11 11:22:12.6 UTC-06:00,16,1.2,1.4,468407.689,4313300.453,2428.563,-105.36467784,38.96810549,2414.536,83.882,,NAD83(2011) / UTM zone 13N + NAVD88(GEOID18) height,7,5,9,6,0
94,,468372.056,4313376.397,2421.933,,-105.36509267,38.96878855,2407.907,Global,0.010,0.011,0.011,0.015,1.734,m,FIX,RTK,2025-07-11 11:22:18.0 UTC-06:00,2025-07-11 11:22:21.0 UTC-06:00,16,1.2,1.4,468407.689,4313300.453,2428.563,-105.36467784,38.96810549,2414.536,84.101,,NAD83(2011) / UTM zone 13N + NAVD88(GEOID18) height,7,5,9,6,0
95,,468371.736,4313376.564,2421.969,,-105.36509637,38.96879004,2407.943,Global,0.010,0.011,0.012,0.015,1.734,m,FIX,RTK,2025-07-11 11:22:28.8 UTC-06:00,2025-07-11 11:22:31.8 UTC-06:00,16,1.2,1.4,468407.689,4313300.453,2428.563,-105.36467784,38.96810549,2414.536,84.374,,NAD83(2011) / UTM zone 13N + NAVD88(GEOID18) height,7,5,9,6,0
96,,468371.438,4313376.684,2421.991,,-105.36509981,38.96879111,2407.965,Global,0.014,0.010,0.011,0.017,1.734,m,FIX,RTK,2025-07-11 11:22:39.2 UTC-06:00,2025-07-11 11:22:42.2 UTC-06:00,16,1.2,1.4,468407.689,4313300.453,2428.563,-105.36467784,38.96810549,2414.536,84.611,,NAD83(2011) / UTM zone 13N + NAVD88(GEOID18) height,7,5,9,6,0
97,,468371.176,4313376.818,2422.042,,-105.36510285,38.96879231,2408.016,Global,0.011,0.012,0.011,0.016,1.734,m,FIX,RTK,2025-07-11 11:22:50.2 UTC-06:00,2025-07-11 11:22:53.2 UTC-06:00,16,1.2,1.4,468407.689,4313300.453,2428.563,-105.36467784,38.96810549,2414.536,84.835,,NAD83(2011) / UTM zone 13N + NAVD88(GEOID18) height,7,5,9,6,0
98,,468370.934,4313376.955,2422.125,,-105.36510565,38.96879354,2408.099,Global,0.010,0.011,0.010,0.015,1.734,m,FIX,RTK,2025-07-11 11:23:05.2 UTC-06:00,2025-07-11 11:23:08.2 UTC-06:00,16,1.2,1.4,468407.689,4313300.453,2428.563,-105.36467784,38.96810549,2414.536,85.074,,NAD83(2011) / UTM zone 13N + NAVD88(GEOID18) height,7,5,9,6,0
99,,468370.733,4313377.048,2422.300,,-105.36510797,38.96879437,2408.274,Global,0.011,0.018,0.011,0.021,1.734,m,FIX,RTK,2025-07-11 11:23:20.6 UTC-06:00,2025-07-11 11:23:23.6 UTC-06:00,16,1.2,1.4,468407.689,4313300.453,2428.563,-105.36467784,38.96810549,2414.536,85.237,,NAD83(2011) / UTM zone 13N + NAVD88(GEOID18) height,7,5,9,6,0
100,,468370.540,4313377.121,2422.344,,-105.36511021,38.96879502,2408.318,Global,0.010,0.010,0.013,0.014,1.734,m,FIX,RTK,2025-07-11 11:23:32.0 UTC-06:00,2025-07-11 11:23:35.0 UTC-06:00,16,1.2,1.4,468407.689,4313300.453,2428.563,-105.36467784,38.96810549,2414.536,85.378,,NAD83(2011) / UTM zone 13N + NAVD88(GEOID18) height,7,5,9,6,0
101,,468370.361,4313377.201,2422.348,,-105.36511227,38.96879574,2408.322,Global,0.011,0.011,0.012,0.016,1.734,m,FIX,RTK,2025-07-11 11:23:39.8 UTC-06:00,2025-07-11 11:23:42.8 UTC-06:00,16,1.2,1.4,468407.689,4313300.453,2428.563,-105.36467784,38.96810549,2414.536,85.525,,NAD83(2011) / UTM zone 13N + NAVD88(GEOID18) height,7,5,9,6,0
102,,468370.140,4313377.317,2422.326,,-105.36511482,38.96879677,2408.300,Global,0.011,0.011,0.013,0.015,1.734,m,FIX,RTK,2025-07-11 11:23:48.4 UTC-06:00,2025-07-11 11:23:51.4 UTC-06:00,16,1.2,1.4,468407.689,4313300.453,2428.563,-105.36467784,38.96810549,2414.536,85.728,,NAD83(2011) / UTM zone 13N + NAVD88(GEOID18) height,7,5,9,6,0
103,,468369.965,4313377.356,2422.304,,-105.36511685,38.96879712,2408.278,Global,0.011,0.011,0.011,0.016,1.734,m,FIX,RTK,2025-07-11 11:23:57.0 UTC-06:00,2025-07-11 11:24:00.0 UTC-06:00,16,1.2,1.4,468407.689,4313300.453,2428.563,-105.36467784,38.96810549,2414.536,85.838,,NAD83(2011) / UTM zone 13N + NAVD88(GEOID18) height,7,5,9,6,0
104,,468369.786,4313377.419,2422.312,,-105.36511892,38.96879767,2408.286,Global,0.011,0.012,0.010,0.016,1.734,m,FIX,RTK,2025-07-11 11:24:05.8 UTC-06:00,2025-07-11 11:24:08.8 UTC-06:00,16,1.2,1.4,468407.689,4313300.453,2428.563,-105.36467784,38.96810549,2414.536,85.972,,NAD83(2011) / UTM zone 13N + NAVD88(GEOID18) height,7,5,9,6,0
105,,468369.818,4313377.347,2422.523,,-105.36511854,38.96879703,2408.497,Global,0.011,0.011,0.012,0.016,1.734,m,FIX,RTK,2025-07-11 11:24:47.0 UTC-06:00,2025-07-11 11:25:17.0 UTC-06:00,151,1.2,1.4,468407.689,4313300.453,2428.563,-105.36467784,38.96810549,2414.536,85.886,,NAD83(2011) / UTM zone 13N + NAVD88(GEOID18) height,7,5,9,6,0
106,,468369.827,4313377.348,2422.518,,-105.36511844,38.96879704,2408.493,Global,0.011,0.011,0.010,0.015,1.734,m,FIX,RTK,2025-07-11 11:25:30.6 UTC-06:00,2025-07-11 11:25:33.6 UTC-06:00,16,1.2,1.4,468407.689,4313300.453,2428.563,-105.36467784,38.96810549,2414.536,85.887,,NAD83(2011) / UTM zone 13N + NAVD88(GEOID18) height,7,5,9,6,0
107,,468369.704,4313377.169,2422.297,,-105.36511986,38.96879542,2408.271,Global,0.011,0.010,0.011,0.015,1.734,m,FIX,RTK,2025-07-11 11:25:39.4 UTC-06:00,2025-07-11 11:25:42.4 UTC-06:00,16,1.2,1.4,468407.689,4313300.453,2428.563,-105.36467784,38.96810549,2414.536,85.789,,NAD83(2011) / UTM zone 13N + NAVD88(GEOID18) height,7,5,9,6,0
108,,468370.014,4313377.287,2422.322,,-105.36511628,38.96879650,2408.296,Global,0.010,0.011,0.010,0.015,1.734,m,FIX,RTK,2025-07-11 11:25:49.8 UTC-06:00,2025-07-11 11:25:52.8 UTC-06:00,16,1.2,1.4,468407.689,4313300.453,2428.563,-105.36467784,38.96810549,2414.536,85.759,,NAD83(2011) / UTM zone 13N + NAVD88(GEOID18) height,7,5,9,6,0
109,,468369.874,4313377.480,2422.297,,-105.36511790,38.96879823,2408.271,Global,0.010,0.011,0.012,0.015,1.734,m,FIX,RTK,2025-07-11 11:25:57.8 UTC-06:00,2025-07-11 11:26:00.8 UTC-06:00,16,1.2,1.4,468407.689,4313300.453,2428.563,-105.36467784,38.96810549,2414.536,85.991,,NAD83(2011) / UTM zone 13N + NAVD88(GEOID18) height,7,5,9,6,0
110,,468369.699,4313377.460,2422.283,,-105.36511993,38.96879804,2408.257,Global,0.010,0.013,0.011,0.017,1.734,m,FIX,RTK,2025-07-11 11:26:05.6 UTC-06:00,2025-07-11 11:26:08.6 UTC-06:00,16,1.2,1.4,468407.689,4313300.453,2428.563,-105.36467784,38.96810549,2414.536,86.044,,NAD83(2011) / UTM zone 13N + NAVD88(GEOID18) height,7,5,9,6,0
111,,468369.824,4313377.363,2422.500,,-105.36511848,38.96879717,2408.474,Global,0.013,0.023,0.010,0.026,1.734,m,FIX,RTK,2025-07-11 11:26:17.2 UTC-06:00,2025-07-11 11:26:20.2 UTC-06:00,16,1.2,1.4,468407.689,4313300.453,2428.563,-105.36467784,38.96810549,2414.536,85.886,,NAD83(2011) / UTM zone 13N + NAVD88(GEOID18) height,8,4,9,6,0
112,,468370.382,4313376.830,2422.375,,-105.36511202,38.96879239,2408.349,Global,0.011,0.011,0.011,0.015,1.734,m,FIX,RTK,2025-07-11 11:26:44.2 UTC-06:00,2025-07-11 11:26:47.2 UTC-06:00,16,1.2,1.4,468407.689,4313300.453,2428.563,-105.36467784,38.96810549,2414.536,85.182,,NAD83(2011) / UTM zone 13N + NAVD88(GEOID18) height,8,4,9,6,0
113,,468370.387,4313376.826,2422.376,,-105.36511196,38.96879235,2408.350,Global,0.012,0.011,0.011,0.016,1.734,m,FIX,RTK,2025-07-11 11:27:01.8 UTC-06:00,2025-07-11 11:27:31.8 UTC-06:00,151,1.2,1.4,468407.689,4313300.453,2428.563,-105.36467784,38.96810549,2414.536,85.176,,NAD83(2011) / UTM zone 13N + NAVD88(GEOID18) height,8,4,9,6,0
114,,468370.359,4313376.706,2422.303,,-105.36511227,38.96879127,2408.277,Global,0.011,0.010,0.010,0.015,1.734,m,FIX,RTK,2025-07-11 11:27:46.8 UTC-06:00,2025-07-11 11:27:49.8 UTC-06:00,16,1.2,1.4,468407.689,4313300.453,2428.563,-105.36467784,38.96810549,2414.536,85.089,,NAD83(2011) / UTM zone 13N + NAVD88(GEOID18) height,7,5,9,6,0
115,,468370.528,4313376.792,2422.343,,-105.36511032,38.96879205,2408.317,Global,0.011,0.010,0.010,0.015,1.734,m,FIX,RTK,2025-07-11 11:27:56.0 UTC-06:00,2025-07-11 11:27:59.0 UTC-06:00,16,1.2,1.4,468407.689,4313300.453,2428.563,-105.36467784,38.96810549,2414.536,85.087,,NAD83(2011) / UTM zone 13N + NAVD88(GEOID18) height,7,5,9,6,0
116,,468370.466,4313376.995,2422.383,,-105.36511105,38.96879388,2408.357,Global,0.011,0.012,0.010,0.017,1.734,m,FIX,RTK,2025-07-11 11:28:04.0 UTC-06:00,2025-07-11 11:28:07.0 UTC-06:00,16,1.2,1.4,468407.689,4313300.453,2428.563,-105.36467784,38.96810549,2414.536,85.300,,NAD83(2011) / UTM zone 13N + NAVD88(GEOID18) height,7,5,9,6,0
117,,468370.328,4313376.892,2422.354,,-105.36511263,38.96879294,2408.329,Global,0.013,0.010,0.010,0.017,1.734,m,FIX,RTK,2025-07-11 11:28:10.8 UTC-06:00,2025-07-11 11:28:13.8 UTC-06:00,16,1.2,1.4,468407.689,4313300.453,2428.563,-105.36467784,38.96810549,2414.536,85.266,,NAD83(2011) / UTM zone 13N + NAVD88(GEOID18) height,7,5,9,6,0
118,,468370.374,4313376.828,2422.373,,-105.36511210,38.96879237,2408.347,Global,0.011,0.010,0.010,0.015,1.734,m,FIX,RTK,2025-07-11 11:28:24.4 UTC-06:00,2025-07-11 11:28:27.4 UTC-06:00,16,1.2,1.4,468407.689,4313300.453,2428.563,-105.36467784,38.96810549,2414.536,85.184,,NAD83(2011) / UTM zone 13N + NAVD88(GEOID18) height,7,5,9,6,0
119,,468368.946,4313377.757,2422.207,,-105.36512863,38.96880069,2408.181,Global,0.011,0.010,0.010,0.015,1.734,m,FIX,RTK,2025-07-11 11:29:07.0 UTC-06:00,2025-07-11 11:29:10.0 UTC-06:00,16,1.2,1.4,468407.689,4313300.453,2428.563,-105.36467784,38.96810549,2414.536,86.658,,NAD83(2011) / UTM zone 13N + NAVD88(GEOID18) height,7,5,9,6,0
120,,468368.024,4313378.122,2422.164,,-105.36513929,38.96880394,2408.138,Global,0.010,0.011,0.010,0.015,1.734,m,FIX,RTK,2025-07-11 11:29:21.0 UTC-06:00,2025-07-11 11:29:24.0 UTC-06:00,16,1.2,1.4,468407.689,4313300.453,2428.563,-105.36467784,38.96810549,2414.536,87.396,,NAD83(2011) / UTM zone 13N + NAVD88(GEOID18) height,7,5,9,6,0
121,,468367.126,4313378.496,2422.139,,-105.36514968,38.96880728,2408.113,Global,0.011,0.010,0.011,0.015,1.734,m,FIX,RTK,2025-07-11 11:29:32.0 UTC-06:00,2025-07-11 11:29:35.0 UTC-06:00,16,1.3,1.5,468407.689,4313300.453,2428.563,-105.36467784,38.96810549,2414.536,88.147,,NAD83(2011) / UTM zone 13N + NAVD88(GEOID18) height,7,5,9,6,0
122,,468366.167,4313378.868,2422.123,,-105.36516076,38.96881060,2408.097,Global,0.020,0.015,0.011,0.025,1.734,m,FIX,RTK,2025-07-11 11:29:43.6 UTC-06:00,2025-07-11 11:29:46.6 UTC-06:00,16,1.3,1.5,468407.689,4313300.453,2428.563,-105.36467784,38.96810549,2414.536,88.932,,NAD83(2011) / UTM zone 13N + NAVD88(GEOID18) height,7,5,9,6,0
123,,468365.229,4313379.195,2422.164,,-105.36517160,38.96881351,2408.138,Global,0.018,0.012,0.011,0.022,1.734,m,FIX,RTK,2025-07-11 11:29:52.2 UTC-06:00,2025-07-11 11:29:55.2 UTC-06:00,16,1.3,1.5,468407.689,4313300.453,2428.563,-105.36467784,38.96810549,2414.536,89.662,,NAD83(2011) / UTM zone 13N + NAVD88(GEOID18) height,7,5,9,6,0
124,,468364.306,4313379.611,2422.119,,-105.36518228,38.96881723,2408.093,Global,0.011,0.011,0.011,0.015,1.734,m,FIX,RTK,2025-07-11 11:30:01.6 UTC-06:00,2025-07-11 11:30:04.6 UTC-06:00,16,1.3,1.5,468407.689,4313300.453,2428.563,-105.36467784,38.96810549,2414.536,90.465,,NAD83(2011) / UTM zone 13N + NAVD88(GEOID18) height,7,5,9,6,0
125,,468363.441,4313379.995,2422.192,,-105.36519227,38.96882066,2408.167,Global,0.013,0.012,0.011,0.017,1.734,m,FIX,RTK,2025-07-11 11:30:12.6 UTC-06:00,2025-07-11 11:30:15.6 UTC-06:00,16,1.2,1.4,468407.689,4313300.453,2428.563,-105.36467784,38.96810549,2414.536,91.203,,NAD83(2011) / UTM zone 13N + NAVD88(GEOID18) height,7,5,9,6,0
126,,468362.502,4313380.376,2422.237,,-105.36520314,38.96882406,2408.211,Global,0.015,0.011,0.014,0.018,1.734,m,FIX,RTK,2025-07-11 11:30:28.0 UTC-06:00,2025-07-11 11:30:31.0 UTC-06:00,16,1.2,1.4,468407.689,4313300.453,2428.563,-105.36467784,38.96810549,2414.536,92.001,,NAD83(2011) / UTM zone 13N + NAVD88(GEOID18) height,7,5,9,6,0
127,,468361.577,4313380.756,2422.290,,-105.36521383,38.96882745,2408.264,Global,0.010,0.010,0.010,0.015,1.734,m,FIX,RTK,2025-07-11 11:30:43.0 UTC-06:00,2025-07-11 11:30:46.0 UTC-06:00,16,1.2,1.4,468407.689,4313300.453,2428.563,-105.36467784,38.96810549,2414.536,92.784,,NAD83(2011) / UTM zone 13N + NAVD88(GEOID18) height,7,5,9,5,0
128,,468360.647,4313381.117,2422.199,,-105.36522458,38.96883067,2408.173,Global,0.011,0.014,0.011,0.018,1.734,m,FIX,RTK,2025-07-11 11:30:53.6 UTC-06:00,2025-07-11 11:30:56.6 UTC-06:00,16,1.2,1.4,468407.689,4313300.453,2428.563,-105.36467784,38.96810549,2414.536,93.580,,NAD83(2011) / UTM zone 13N + NAVD88(GEOID18) height,7,5,9,6,0
129,,468359.725,4313381.497,2422.179,,-105.36523524,38.96883406,2408.153,Global,0.010,0.010,0.010,0.014,1.734,m,FIX,RTK,2025-07-11 11:31:07.4 UTC-06:00,2025-07-11 11:31:10.4 UTC-06:00,16,1.2,1.4,468407.689,4313300.453,2428.563,-105.36467784,38.96810549,2414.536,94.366,,NAD83(2011) / UTM zone 13N + NAVD88(GEOID18) height,7,5,9,6,0
130,,468358.823,4313381.847,2422.198,,-105.36524567,38.96883718,2408.172,Global,0.012,0.013,0.011,0.018,1.734,m,FIX,RTK,2025-07-11 11:31:17.8 UTC-06:00,2025-07-11 11:31:20.8 UTC-06:00,16,1.2,1.4,468407.689,4313300.453,2428.563,-105.36467784,38.96810549,2414.536,95.127,,NAD83(2011) / UTM zone 13N + NAVD88(GEOID18) height,7,6,9,5,0
131,,468357.846,4313382.186,2422.269,,-105.36525696,38.96884020,2408.243,Global,0.011,0.012,0.011,0.016,1.734,m,FIX,RTK,2025-07-11 11:31:29.8 UTC-06:00,2025-07-11 11:31:32.8 UTC-06:00,16,1.2,1.4,468407.689,4313300.453,2428.563,-105.36467784,38.96810549,2414.536,95.908,,NAD83(2011) / UTM zone 13N + NAVD88(GEOID18) height,7,6,9,5,0
132,,468356.931,4313382.521,2422.265,,-105.36526755,38.96884318,2408.240,Global,0.010,0.012,0.010,0.016,1.734,m,FIX,RTK,2025-07-11 11:31:44.0 UTC-06:00,2025-07-11 11:31:47.0 UTC-06:00,16,1.2,1.4,468407.689,4313300.453,2428.563,-105.36467784,38.96810549,2414.536,96.681,,NAD83(2011) / UTM zone 13N + NAVD88(GEOID18) height,7,6,9,5,0
133,,468356.015,4313382.919,2422.267,,-105.36527814,38.96884674,2408.242,Global,0.014,0.013,0.011,0.019,1.734,m,FIX,RTK,2025-07-11 11:31:53.8 UTC-06:00,2025-07-11 11:31:56.8 UTC-06:00,16,1.2,1.4,468407.689,4313300.453,2428.563,-105.36467784,38.96810549,2414.536,97.495,,NAD83(2011) / UTM zone 13N + NAVD88(GEOID18) height,7,6,9,5,0
134,,468355.056,4313383.273,2422.237,,-105.36528923,38.96884989,2408.211,Global,0.011,0.011,0.012,0.016,1.734,m,FIX,RTK,2025-07-11 11:32:05.2 UTC-06:00,2025-07-11 11:32:08.2 UTC-06:00,16,1.2,1.4,468407.689,4313300.453,2428.563,-105.36467784,38.96810549,2414.536,98.313,,NAD83(2011) / UTM zone 13N + NAVD88(GEOID18) height,7,6,9,5,0
135,,468354.115,4313383.627,2422.268,,-105.36530010,38.96885305,2408.242,Global,0.013,0.011,0.010,0.017,1.734,m,FIX,RTK,2025-07-11 11:32:18.0 UTC-06:00,2025-07-11 11:32:21.0 UTC-06:00,16,1.2,1.4,468407.689,4313300.453,2428.563,-105.36467784,38.96810549,2414.536,99.121,,NAD83(2011) / UTM zone 13N + NAVD88(GEOID18) height,7,6,9,4,0
136,,468353.208,4313383.945,2422.275,,-105.36531058,38.96885588,2408.249,Global,0.011,0.011,0.010,0.016,1.734,m,FIX,RTK,2025-07-11 11:32:27.8 UTC-06:00,2025-07-11 11:32:30.8 UTC-06:00,16,1.2,1.4,468407.689,4313300.453,2428.563,-105.36467784,38.96810549,2414.536,99.876,,NAD83(2011) / UTM zone 13N + NAVD88(GEOID18) height,7,6,9,4,0
137,,468352.230,4313384.249,2422.275,,-105.36532189,38.96885859,2408.249,Global,0.012,0.016,0.011,0.020,1.734,m,FIX,RTK,2025-07-11 11:32:44.2 UTC-06:00,2025-07-11 11:32:47.2 UTC-06:00,16,1.2,1.4,468407.689,4313300.453,2428.563,-105.36467784,38.96810549,2414.536,100.657,,NAD83(2011) / UTM zone 13N + NAVD88(GEOID18) height,7,6,9,5,0
138,,468351.277,4313384.596,2422.285,,-105.36533291,38.96886168,2408.260,Global,0.010,0.010,0.011,0.015,1.734,m,FIX,RTK,2025-07-11 11:32:56.2 UTC-06:00,2025-07-11 11:32:59.2 UTC-06:00,16,1.2,1.4,468407.689,4313300.453,2428.563,-105.36467784,38.96810549,2414.536,101.482,,NAD83(2011) / UTM zone 13N + NAVD88(GEOID18) height,7,6,9,5,0
139,,468350.352,4313384.951,2422.322,,-105.36534360,38.96886485,2408.296,Global,0.013,0.012,0.011,0.017,1.734,m,FIX,RTK,2025-07-11 11:33:05.6 UTC-06:00,2025-07-11 11:33:08.6 UTC-06:00,16,1.2,1.4,468407.689,4313300.453,2428.563,-105.36467784,38.96810549,2414.536,102.283,,NAD83(2011) / UTM zone 13N + NAVD88(GEOID18) height,7,6,9,5,0
140,,468349.451,4313385.288,2422.275,,-105.36535401,38.96886785,2408.249,Global,0.011,0.012,0.014,0.016,1.734,m,FIX,RTK,2025-07-11 11:33:18.6 UTC-06:00,2025-07-11 11:33:21.6 UTC-06:00,16,1.2,1.4,468407.689,4313300.453,2428.563,-105.36467784,38.96810549,2414.536,103.071,,NAD83(2011) / UTM zone 13N + NAVD88(GEOID18) height,7,6,9,5,0
141,,468348.496,4313385.654,2422.261,,-105.36536505,38.96887111,2408.235,Global,0.010,0.013,0.011,0.016,1.734,m,FIX,RTK,2025-07-11 11:33:27.8 UTC-06:00,2025-07-11 11:33:30.8 UTC-06:00,16,1.2,1.4,468407.689,4313300.453,2428.563,-105.36467784,38.96810549,2414.536,103.920,,NAD83(2011) / UTM zone 13N + NAVD88(GEOID18) height,7,6,8,5,0
142,,468347.556,4313386.018,2422.240,,-105.36537592,38.96887436,2408.215,Global,0.015,0.011,0.012,0.018,1.734,m,FIX,RTK,2025-07-11 11:33:37.0 UTC-06:00,2025-07-11 11:33:40.0 UTC-06:00,16,1.2,1.4,468407.689,4313300.453,2428.563,-105.36467784,38.96810549,2414.536,104.756,,NAD83(2011) / UTM zone 13N + NAVD88(GEOID18) height,7,6,8,5,0
143,,468346.602,4313386.357,2422.225,,-105.36538695,38.96887738,2408.199,Global,0.011,0.011,0.011,0.016,1.734,m,FIX,RTK,2025-07-11 11:33:50.6 UTC-06:00,2025-07-11 11:33:53.6 UTC-06:00,16,1.2,1.4,468407.689,4313300.453,2428.563,-105.36467784,38.96810549,2414.536,105.583,,NAD83(2011) / UTM zone 13N + NAVD88(GEOID18) height,7,6,8,5,0
144,,468345.684,4313386.704,2422.254,,-105.36539756,38.96888047,2408.228,Global,0.011,0.010,0.010,0.015,1.734,m,FIX,RTK,2025-07-11 11:34:00.6 UTC-06:00,2025-07-11 11:34:03.6 UTC-06:00,16,1.2,1.4,468407.689,4313300.453,2428.563,-105.36467784,38.96810549,2414.536,106.410,,NAD83(2011) / UTM zone 13N + NAVD88(GEOID18) height,7,6,9,5,0
145,,468344.735,4313387.018,2422.302,,-105.36540853,38.96888327,2408.276,Global,0.010,0.011,0.010,0.015,1.734,m,FIX,RTK,2025-07-11 11:34:09.2 UTC-06:00,2025-07-11 11:34:12.2 UTC-06:00,16,1.2,1.4,468407.689,4313300.453,2428.563,-105.36467784,38.96810549,2414.536,107.206,,NAD83(2011) / UTM zone 13N + NAVD88(GEOID18) height,7,6,9,4,0
146,,468343.813,4313387.429,2422.249,,-105.36541919,38.96888694,2408.224,Global,0.011,0.011,0.011,0.016,1.734,m,FIX,RTK,2025-07-11 11:34:18.6 UTC-06:00,2025-07-11 11:34:21.6 UTC-06:00,16,1.2,1.4,468407.689,4313300.453,2428.563,-105.36467784,38.96810549,2414.536,108.096,,NAD83(2011) / UTM zone 13N + NAVD88(GEOID18) height,7,6,9,4,0
147,,468342.864,4313387.745,2422.252,,-105.36543016,38.96888975,2408.227,Global,0.010,0.010,0.012,0.015,1.734,m,FIX,RTK,2025-07-11 11:34:28.0 UTC-06:00,2025-07-11 11:34:31.0 UTC-06:00,16,1.2,1.4,468407.689,4313300.453,2428.563,-105.36467784,38.96810549,2414.536,108.909,,NAD83(2011) / UTM zone 13N + NAVD88(GEOID18) height,7,6,9,5,0
148,,468341.981,4313388.084,2422.185,,-105.36544037,38.96889278,2408.160,Global,0.010,0.010,0.012,0.014,1.734,m,FIX,RTK,2025-07-11 11:34:39.0 UTC-06:00,2025-07-11 11:34:42.0 UTC-06:00,16,1.2,1.4,468407.689,4313300.453,2428.563,-105.36467784,38.96810549,2414.536,109.713,,NAD83(2011) / UTM zone 13N + NAVD88(GEOID18) height,7,6,9,5,0
149,,468341.015,4313388.497,2422.124,,-105.36545154,38.96889646,2408.099,Global,0.010,0.010,0.015,0.014,1.734,m,FIX,RTK,2025-07-11 11:34:52.8 UTC-06:00,2025-07-11 11:34:55.8 UTC-06:00,16,1.2,1.4,468407.689,4313300.453,2428.563,-105.36467784,38.96810549,2414.536,110.630,,NAD83(2011) / UTM zone 13N + NAVD88(GEOID18) height,7,6,9,5,0
150,,468340.118,4313388.868,2422.134,,-105.36546191,38.96889977,2408.109,Global,0.010,0.010,0.011,0.015,1.734,m,FIX,RTK,2025-07-11 11:35:05.0 UTC-06:00,2025-07-11 11:35:08.0 UTC-06:00,16,1.2,1.4,468407.689,4313300.453,2428.563,-105.36467784,38.96810549,2414.536,111.464,,NAD83(2011) / UTM zone 13N + NAVD88(GEOID18) height,7,6,9,5,0
151,,468339.122,4313389.180,2422.132,,-105.36547342,38.96890254,2408.107,Global,0.010,0.010,0.010,0.014,1.734,m,FIX,RTK,2025-07-11 11:35:18.4 UTC-06:00,2025-07-11 11:35:21.4 UTC-06:00,16,1.2,1.4,468407.689,4313300.453,2428.563,-105.36467784,38.96810549,2414.536,112.316,,NAD83(2011) / UTM zone 13N + NAVD88(GEOID18) height,7,6,9,5,0
152,,468338.220,4313389.488,2422.007,,-105.36548385,38.96890529,2407.981,Global,0.011,0.012,0.011,0.017,1.734,m,FIX,RTK,2025-07-11 11:35:36.2 UTC-06:00,2025-07-11 11:35:39.2 UTC-06:00,16,1.2,1.4,468407.689,4313300.453,2428.563,-105.36467784,38.96810549,2414.536,113.115,,NAD83(2011) / UTM zone 13N + NAVD88(GEOID18) height,8,6,9,5,0
153,,468337.304,4313389.883,2421.973,,-105.36549444,38.96890882,2407.948,Global,0.010,0.011,0.011,0.015,1.734,m,FIX,RTK,2025-07-11 11:35:48.6 UTC-06:00,2025-07-11 11:35:51.6 UTC-06:00,16,1.2,1.4,468407.689,4313300.453,2428.563,-105.36467784,38.96810549,2414.536,113.989,,NAD83(2011) / UTM zone 13N + NAVD88(GEOID18) height,7,6,9,5,0
154,,468336.331,4313390.266,2422.004,,-105.36550569,38.96891223,2407.979,Global,0.010,0.011,0.010,0.015,1.734,m,FIX,RTK,2025-07-11 11:35:58.6 UTC-06:00,2025-07-11 11:36:01.6 UTC-06:00,16,1.2,1.4,468407.689,4313300.453,2428.563,-105.36467784,38.96810549,2414.536,114.893,,NAD83(2011) / UTM zone 13N + NAVD88(GEOID18) height,7,6,9,5,0
155,,468335.377,4313390.608,2422.072,,-105.36551671,38.96891528,2408.047,Global,0.012,0.010,0.013,0.015,1.734,m,FIX,RTK,2025-07-11 11:36:09.2 UTC-06:00,2025-07-11 11:36:12.2 UTC-06:00,16,1.2,1.4,468407.689,4313300.453,2428.563,-105.36467784,38.96810549,2414.536,115.759,,NAD83(2011) / UTM zone 13N + NAVD88(GEOID18) height,7,6,9,5,0
156,,468334.481,4313390.945,2422.125,,-105.36552708,38.96891829,2408.100,Global,0.011,0.012,0.011,0.016,1.734,m,FIX,RTK,2025-07-11 11:36:20.6 UTC-06:00,2025-07-11 11:36:23.6 UTC-06:00,16,1.2,1.4,468407.689,4313300.453,2428.563,-105.36467784,38.96810549,2414.536,116.577,,NAD83(2011) / UTM zone 13N + NAVD88(GEOID18) height,7,6,9,5,0
157,,468333.510,4313391.217,2422.069,,-105.36553830,38.96892070,2408.043,Global,0.011,0.011,0.015,0.015,1.734,m,FIX,RTK,2025-07-11 11:36:31.2 UTC-06:00,2025-07-11 11:36:34.2 UTC-06:00,16,1.2,1.4,468407.689,4313300.453,2428.563,-105.36467784,38.96810549,2414.536,117.402,,NAD83(2011) / UTM zone 13N + NAVD88(GEOID18) height,7,6,9,5,0
158,,468332.627,4313391.667,2422.194,,-105.36554851,38.96892473,2408.169,Global,0.010,0.011,0.015,0.015,1.734,m,FIX,RTK,2025-07-11 11:36:42.4 UTC-06:00,2025-07-11 11:36:45.4 UTC-06:00,16,1.2,1.4,468407.689,4313300.453,2428.563,-105.36467784,38.96810549,2414.536,118.312,,NAD83(2011) / UTM zone 13N + NAVD88(GEOID18) height,7,6,9,5,0
159,,468331.749,4313392.040,2422.203,,-105.36555866,38.96892806,2408.178,Global,0.011,0.015,0.015,0.019,1.734,m,FIX,RTK,2025-07-11 11:36:52.0 UTC-06:00,2025-07-11 11:36:55.0 UTC-06:00,16,1.2,1.4,468407.689,4313300.453,2428.563,-105.36467784,38.96810549,2414.536,119.165,,NAD83(2011) / UTM zone 13N + NAVD88(GEOID18) height,7,6,8,5,0
160,,468330.820,4313392.380,2422.170,,-105.36556940,38.96893108,2408.145,Global,0.010,0.011,0.013,0.015,1.734,m,FIX,RTK,2025-07-11 11:37:03.2 UTC-06:00,2025-07-11 11:37:06.2 UTC-06:00,16,1.2,1.4,468407.689,4313300.453,2428.563,-105.36467784,38.96810549,2414.536,120.016,,NAD83(2011) / UTM zone 13N + NAVD88(GEOID18) height,7,6,8,5,0
161,,468329.862,4313392.714,2422.285,,-105.36558048,38.96893406,2408.260,Global,0.010,0.011,0.018,0.015,1.734,m,FIX,RTK,2025-07-11 11:37:16.0 UTC-06:00,2025-07-11 11:37:19.0 UTC-06:00,16,1.2,1.4,468407.689,4313300.453,2428.563,-105.36467784,38.96810549,2414.536,120.883,,NAD83(2011) / UTM zone 13N + NAVD88(GEOID18) height,7,6,8,5,0
162,,468328.948,4313393.083,2422.376,,-105.36559104,38.96893735,2408.351,Global,0.011,0.011,0.011,0.016,1.734,m,FIX,RTK,2025-07-11 11:37:49.0 UTC-06:00,2025-07-11 11:37:52.0 UTC-06:00,16,1.2,1.4,468407.689,4313300.453,2428.563,-105.36467784,38.96810549,2414.536,121.742,,NAD83(2011) / UTM zone 13N + NAVD88(GEOID18) height,7,6,7,5,0
163,,468327.932,4313393.393,2422.627,,-105.36560279,38.96894011,2408.602,Global,0.012,0.011,0.014,0.016,1.734,m,FIX,RTK,2025-07-11 11:37:59.8 UTC-06:00,2025-07-11 11:38:02.8 UTC-06:00,16,1.3,1.5,468407.689,4313300.453,2428.563,-105.36467784,38.96810549,2414.536,122.642,,NAD83(2011) / UTM zone 13N + NAVD88(GEOID18) height,7,6,8,5,0
164,,468326.974,4313393.769,2422.906,,-105.36561386,38.96894347,2408.881,Global,0.011,0.010,0.015,0.016,1.734,m,FIX,RTK,2025-07-11 11:38:11.2 UTC-06:00,2025-07-11 11:38:14.2 UTC-06:00,16,1.4,1.7,468407.689,4313300.453,2428.563,-105.36467784,38.96810549,2414.536,123.533,,NAD83(2011) / UTM zone 13N + NAVD88(GEOID18) height,7,6,7,5,0
165,,468326.030,4313394.066,2423.121,,-105.36562477,38.96894610,2409.096,Global,0.010,0.011,0.027,0.015,1.734,m,FIX,RTK,2025-07-11 11:38:38.4 UTC-06:00,2025-07-11 11:38:41.4 UTC-06:00,16,1.6,1.8,468407.689,4313300.453,2428.563,-105.36467784,38.96810549,2414.536,124.377,,NAD83(2011) / UTM zone 13N + NAVD88(GEOID18) height,7,6,9,5,0
166,,468325.239,4313394.298,2423.327,,-105.36563392,38.96894817,2409.302,Global,0.011,0.011,0.030,0.016,1.734,m,FIX,RTK,2025-07-11 11:39:22.0 UTC-06:00,2025-07-11 11:39:25.0 UTC-06:00,16,1.5,1.7,468407.689,4313300.453,2428.563,-105.36467784,38.96810549,2414.536,125.068,,NAD83(2011) / UTM zone 13N + NAVD88(GEOID18) height,7,6,9,5,0
167,,468324.181,4313394.836,2423.660,,-105.36564615,38.96895297,2409.635,Global,0.010,0.010,0.019,0.015,1.734,m,FIX,RTK,2025-07-11 11:39:45.4 UTC-06:00,2025-07-11 11:39:48.4 UTC-06:00,16,1.4,1.7,468407.689,4313300.453,2428.563,-105.36467784,38.96810549,2414.536,126.163,,NAD83(2011) / UTM zone 13N + NAVD88(GEOID18) height,7,6,9,5,0
168,,468323.281,4313395.180,2423.923,,-105.36565655,38.96895605,2409.898,Global,0.011,0.011,0.019,0.016,1.734,m,FIX,RTK,2025-07-11 11:40:12.8 UTC-06:00,2025-07-11 11:40:42.8 UTC-06:00,151,1.5,1.7,468407.689,4313300.453,2428.563,-105.36467784,38.96810549,2414.536,127.004,,NAD83(2011) / UTM zone 13N + NAVD88(GEOID18) height,7,6,8,5,0
169,,468323.284,4313395.176,2423.930,,-105.36565652,38.96895601,2409.905,Global,0.011,0.011,0.022,0.016,1.734,m,FIX,RTK,2025-07-11 11:40:53.0 UTC-06:00,2025-07-11 11:40:56.0 UTC-06:00,16,1.4,1.6,468407.689,4313300.453,2428.563,-105.36467784,38.96810549,2414.536,126.996,,NAD83(2011) / UTM zone 13N + NAVD88(GEOID18) height,6,5,10,5,0
170,,468323.248,4313395.044,2423.925,,-105.36565693,38.96895482,2409.900,Global,0.010,0.010,0.016,0.015,1.734,m,FIX,RTK,2025-07-11 11:41:03.8 UTC-06:00,2025-07-11 11:41:06.8 UTC-06:00,16,1.4,1.6,468407.689,4313300.453,2428.563,-105.36467784,38.96810549,2414.536,126.926,,NAD83(2011) / UTM zone 13N + NAVD88(GEOID18) height,6,6,10,5,0
171,,468323.394,4313395.133,2423.921,,-105.36565525,38.96895562,2409.896,Global,0.011,0.013,0.021,0.018,1.734,m,FIX,RTK,2025-07-11 11:41:20.2 UTC-06:00,2025-07-11 11:41:23.2 UTC-06:00,16,1.7,2.0,468407.689,4313300.453,2428.563,-105.36467784,38.96810549,2414.536,126.916,,NAD83(2011) / UTM zone 13N + NAVD88(GEOID18) height,6,6,9,5,0
172,,468323.315,4313395.285,2423.910,,-105.36565617,38.96895699,2409.885,Global,0.010,0.011,0.016,0.015,1.734,m,FIX,RTK,2025-07-11 11:41:29.0 UTC-06:00,2025-07-11 11:41:32.0 UTC-06:00,16,1.5,1.8,468407.689,4313300.453,2428.563,-105.36467784,38.96810549,2414.536,127.066,,NAD83(2011) / UTM zone 13N + NAVD88(GEOID18) height,6,6,9,5,0
173,,468323.102,4313395.188,2423.989,,-105.36565863,38.96895611,2409.964,Global,0.011,0.012,0.022,0.016,1.734,m,FIX,RTK,2025-07-11 11:41:51.6 UTC-06:00,2025-07-11 11:41:54.6 UTC-06:00,16,1.6,1.8,468407.689,4313300.453,2428.563,-105.36467784,38.96810549,2414.536,127.137,,NAD83(2011) / UTM zone 13N + NAVD88(GEOID18) height,6,5,10,5,0
174,,468323.281,4313395.178,2423.912,,-105.36565656,38.96895603,2409.887,Global,0.010,0.011,0.030,0.015,1.734,m,FIX,RTK,2025-07-11 11:42:04.4 UTC-06:00,2025-07-11 11:42:07.4 UTC-06:00,16,1.5,1.8,468407.689,4313300.453,2428.563,-105.36467784,38.96810549,2414.536,127.007,,NAD83(2011) / UTM zone 13N + NAVD88(GEOID18) height,6,6,10,5,0
175,,468526.503,4313316.461,2428.742,,-105.36330710,38.96825401,2414.713,Global,0.010,0.011,0.021,0.015,1.734,m,FIX,RTK,2025-07-11 11:53:02.4 UTC-06:00,2025-07-11 11:53:32.4 UTC-06:00,149,1.4,1.6,468407.689,4313300.453,2428.563,-105.36467784,38.96810549,2414.536,119.990,,NAD83(2011) / UTM zone 13N + NAVD88(GEOID18) height,7,6,10,5,0
176,,468526.495,4313316.469,2428.741,,-105.36330720,38.96825409,2414.712,Global,0.012,0.013,0.024,0.018,1.734,m,FIX,RTK,2025-07-11 11:53:48.6 UTC-06:00,2025-07-11 11:53:51.6 UTC-06:00,16,1.5,1.7,468407.689,4313300.453,2428.563,-105.36467784,38.96810549,2414.536,119.996,,NAD83(2011) / UTM zone 13N + NAVD88(GEOID18) height,7,6,10,5,0
177,,468526.397,4313316.427,2428.714,,-105.36330833,38.96825370,2414.685,Global,0.010,0.010,0.011,0.014,1.734,m,FIX,RTK,2025-07-11 11:54:03.8 UTC-06:00,2025-07-11 11:54:06.8 UTC-06:00,16,1.2,1.5,468407.689,4313300.453,2428.563,-105.36467784,38.96810549,2414.536,119.883,,NAD83(2011) / UTM zone 13N + NAVD88(GEOID18) height,7,6,9,5,0
178,,468526.427,4313316.639,2428.632,,-105.36330799,38.96825562,2414.603,Global,0.010,0.010,0.012,0.015,1.734,m,FIX,RTK,2025-07-11 11:54:18.8 UTC-06:00,2025-07-11 11:54:21.8 UTC-06:00,16,1.2,1.4,468407.689,4313300.453,2428.563,-105.36467784,38.96810549,2414.536,119.940,,NAD83(2011) / UTM zone 13N + NAVD88(GEOID18) height,7,6,9,5,0
179,,468526.652,4313316.547,2428.748,,-105.36330539,38.96825480,2414.719,Global,0.010,0.010,0.018,0.015,1.734,m,FIX,RTK,2025-07-11 11:54:28.0 UTC-06:00,2025-07-11 11:54:31.0 UTC-06:00,16,1.2,1.4,468407.689,4313300.453,2428.563,-105.36467784,38.96810549,2414.536,120.157,,NAD83(2011) / UTM zone 13N + NAVD88(GEOID18) height,7,6,9,5,0
180,,468526.543,4313316.310,2428.789,,-105.36330664,38.96825265,2414.760,Global,0.010,0.012,0.014,0.016,1.734,m,FIX,RTK,2025-07-11 11:54:39.2 UTC-06:00,2025-07-11 11:54:42.2 UTC-06:00,16,1.3,1.5,468407.689,4313300.453,2428.563,-105.36467784,38.96810549,2414.536,120.016,,NAD83(2011) / UTM zone 13N + NAVD88(GEOID18) height,7,6,10,5,0
181,,468526.511,4313316.464,2428.750,,-105.36330701,38.96825404,2414.721,Global,0.011,0.010,0.015,0.015,1.734,m,FIX,RTK,2025-07-11 11:54:51.4 UTC-06:00,2025-07-11 11:54:54.4 UTC-06:00,16,1.3,1.5,468407.689,4313300.453,2428.563,-105.36467784,38.96810549,2414.536,119.996,,NAD83(2011) / UTM zone 13N + NAVD88(GEOID18) height,7,6,10,5,0
182,,468298.256,4313309.610,2422.882,,-105.36594146,38.96818405,2408.857,Global,0.011,0.011,0.012,0.015,1.734,m,FIX,RTK,2025-07-11 12:14:43.0 UTC-06:00,2025-07-11 12:15:13.0 UTC-06:00,151,1.2,1.4,468407.689,4313300.453,2428.563,-105.36467784,38.96810549,2414.536,109.972,,NAD83(2011) / UTM zone 13N + NAVD88(GEOID18) height,7,6,7,5,0
183,,468298.258,4313309.612,2422.883,,-105.36594143,38.96818407,2408.858,Global,0.010,0.010,0.011,0.014,1.734,m,FIX,RTK,2025-07-11 12:15:25.8 UTC-06:00,2025-07-11 12:15:28.8 UTC-06:00,16,1.2,1.3,468407.689,4313300.453,2428.563,-105.36467784,38.96810549,2414.536,109.970,,NAD83(2011) / UTM zone 13N + NAVD88(GEOID18) height,7,6,7,5,0
184,,468298.107,4313309.541,2422.817,,-105.36594317,38.96818342,2408.791,Global,0.010,0.011,0.010,0.015,1.734,m,FIX,RTK,2025-07-11 12:15:38.0 UTC-06:00,2025-07-11 12:15:41.0 UTC-06:00,16,1.2,1.3,468407.689,4313300.453,2428.563,-105.36467784,38.96810549,2414.536,110.114,,NAD83(2011) / UTM zone 13N + NAVD88(GEOID18) height,7,6,7,5,0
185,,468298.206,4313309.754,2422.792,,-105.36594204,38.96818534,2408.767,Global,0.010,0.010,0.011,0.014,1.734,m,FIX,RTK,2025-07-11 12:15:48.2 UTC-06:00,2025-07-11 12:15:51.4 UTC-06:00,16,1.2,1.3,468407.689,4313300.453,2428.563,-105.36467784,38.96810549,2414.536,110.036,,NAD83(2011) / UTM zone 13N + NAVD88(GEOID18) height,7,6,7,5,0
186,,468298.428,4313309.680,2422.805,,-105.36593948,38.96818468,2408.780,Global,0.011,0.010,0.011,0.015,1.734,m,FIX,RTK,2025-07-11 12:16:03.2 UTC-06:00,2025-07-11 12:16:06.2 UTC-06:00,16,1.2,1.3,468407.689,4313300.453,2428.563,-105.36467784,38.96810549,2414.536,109.801,,NAD83(2011) / UTM zone 13N + NAVD88(GEOID18) height,7,6,7,5,0
187,,468298.298,4313309.475,2422.835,,-105.36594097,38.96818283,2408.810,Global,0.010,0.010,0.010,0.015,1.734,m,FIX,RTK,2025-07-11 12:16:17.4 UTC-06:00,2025-07-11 12:16:20.4 UTC-06:00,16,1.2,1.3,468407.689,4313300.453,2428.563,-105.36467784,38.96810549,2414.536,109.919,,NAD83(2011) / UTM zone 13N + NAVD88(GEOID18) height,7,6,7,5,0
188,,468298.252,4313309.603,2422.891,,-105.36594150,38.96818398,2408.866,Global,0.010,0.010,0.010,0.014,1.734,m,FIX,RTK,2025-07-11 12:16:28.0 UTC-06:00,2025-07-11 12:16:31.0 UTC-06:00,16,1.2,1.3,468407.689,4313300.453,2428.563,-105.36467784,38.96810549,2414.536,109.973,,NAD83(2011) / UTM zone 13N + NAVD88(GEOID18) height,7,6,7,5,0
189,,468298.129,4313309.839,2422.793,,-105.36594293,38.96818611,2408.768,Global,0.010,0.010,0.010,0.014,1.734,m,FIX,RTK,2025-07-11 12:17:02.0 UTC-06:00,2025-07-11 12:17:05.0 UTC-06:00,16,1.1,1.3,468407.689,4313300.453,2428.563,-105.36467784,38.96810549,2414.536,110.119,,NAD83(2011) / UTM zone 13N + NAVD88(GEOID18) height,7,6,7,5,0
190,,468298.070,4313310.028,2422.762,,-105.36594362,38.96818781,2408.737,Global,0.010,0.011,0.010,0.015,1.734,m,FIX,RTK,2025-07-11 12:17:11.0 UTC-06:00,2025-07-11 12:17:14.0 UTC-06:00,16,1.1,1.3,468407.689,4313300.453,2428.563,-105.36467784,38.96810549,2414.536,110.193,,NAD83(2011) / UTM zone 13N + NAVD88(GEOID18) height,7,6,7,5,0
191,,468298.009,4313310.209,2422.725,,-105.36594434,38.96818944,2408.699,Global,0.010,0.010,0.012,0.014,1.734,m,FIX,RTK,2025-07-11 12:17:21.0 UTC-06:00,2025-07-11 12:17:24.0 UTC-06:00,16,1.1,1.3,468407.689,4313300.453,2428.563,-105.36467784,38.96810549,2414.536,110.277,,NAD83(2011) / UTM zone 13N + NAVD88(GEOID18) height,7,6,7,5,0
192,,468297.930,4313310.392,2422.699,,-105.36594526,38.96819108,2408.674,Global,0.010,0.010,0.010,0.014,1.734,m,FIX,RTK,2025-07-11 12:17:32.6 UTC-06:00,2025-07-11 12:17:35.6 UTC-06:00,16,1.1,1.3,468407.689,4313300.453,2428.563,-105.36467784,38.96810549,2414.536,110.371,,NAD83(2011) / UTM zone 13N + NAVD88(GEOID18) height,7,6,7,5,0
193,,468297.877,4313310.606,2422.679,,-105.36594587,38.96819301,2408.654,Global,0.010,0.010,0.010,0.015,1.734,m,FIX,RTK,2025-07-11 12:17:42.4 UTC-06:00,2025-07-11 12:17:45.4 UTC-06:00,16,1.1,1.3,468407.689,4313300.453,2428.563,-105.36467784,38.96810549,2414.536,110.445,,NAD83(2011) / UTM zone 13N + NAVD88(GEOID18) height,7,6,7,5,0
194,,468297.782,4313310.781,2422.647,,-105.36594699,38.96819458,2408.621,Global,0.010,0.011,0.011,0.015,1.734,m,FIX,RTK,2025-07-11 12:17:54.8 UTC-06:00,2025-07-11 12:17:57.8 UTC-06:00,16,1.1,1.3,468407.689,4313300.453,2428.563,-105.36467784,38.96810549,2414.536,110.555,,NAD83(2011) / UTM zone 13N + NAVD88(GEOID18) height,7,6,7,5,0
195,,468297.721,4313310.964,2422.610,,-105.36594769,38.96819623,2408.585,Global,0.010,0.010,0.011,0.014,1.734,m,FIX,RTK,2025-07-11 12:18:04.8 UTC-06:00,2025-07-11 12:18:07.8 UTC-06:00,16,1.1,1.3,468407.689,4313300.453,2428.563,-105.36467784,38.96810549,2414.536,110.636,,NAD83(2011) / UTM zone 13N + NAVD88(GEOID18) height,7,6,7,5,0
196,,468297.630,4313311.174,2422.600,,-105.36594875,38.96819812,2408.575,Global,0.011,0.010,0.010,0.015,1.734,m,FIX,RTK,2025-07-11 12:18:13.8 UTC-06:00,2025-07-11 12:18:16.8 UTC-06:00,16,1.1,1.3,468407.689,4313300.453,2428.563,-105.36467784,38.96810549,2414.536,110.739,,NAD83(2011) / UTM zone 13N + NAVD88(GEOID18) height,7,6,7,5,0
197,,468297.573,4313311.341,2422.557,,-105.36594942,38.96819962,2408.531,Global,0.010,0.011,0.010,0.015,1.734,m,FIX,RTK,2025-07-11 12:18:27.2 UTC-06:00,2025-07-11 12:18:30.2 UTC-06:00,16,1.1,1.3,468407.689,4313300.453,2428.563,-105.36467784,38.96810549,2414.536,110.821,,NAD83(2011) / UTM zone 13N + NAVD88(GEOID18) height,7,6,7,5,0
198,,468297.462,4313311.524,2422.323,,-105.36595071,38.96820127,2408.298,Global,0.010,0.010,0.011,0.015,1.734,m,FIX,RTK,2025-07-11 12:18:47.8 UTC-06:00,2025-07-11 12:18:50.8 UTC-06:00,16,1.1,1.3,468407.689,4313300.453,2428.563,-105.36467784,38.96810549,2414.536,110.958,,NAD83(2011) / UTM zone 13N + NAVD88(GEOID18) height,7,6,7,5,0
199,,468297.349,4313311.700,2422.289,,-105.36595202,38.96820285,2408.264,Global,0.010,0.011,0.011,0.015,1.734,m,FIX,RTK,2025-07-11 12:19:00.2 UTC-06:00,2025-07-11 12:19:03.2 UTC-06:00,16,1.1,1.3,468407.689,4313300.453,2428.563,-105.36467784,38.96810549,2414.536,111.089,,NAD83(2011) / UTM zone 13N + NAVD88(GEOID18) height,7,6,7,5,0
200,,468297.306,4313311.973,2422.205,,-105.36595253,38.96820531,2408.180,Global,0.010,0.010,0.011,0.014,1.734,m,FIX,RTK,2025-07-11 12:19:12.8 UTC-06:00,2025-07-11 12:19:15.8 UTC-06:00,16,1.1,1.3,468407.689,4313300.453,2428.563,-105.36467784,38.96810549,2414.536,111.165,,NAD83(2011) / UTM zone 13N + NAVD88(GEOID18) height,7,6,7,5,0
201,,468297.254,4313312.206,2422.225,,-105.36595314,38.96820741,2408.200,Global,0.010,0.010,0.010,0.014,1.734,m,FIX,RTK,2025-07-11 12:19:41.2 UTC-06:00,2025-07-11 12:19:44.2 UTC-06:00,16,1.1,1.3,468407.689,4313300.453,2428.563,-105.36467784,38.96810549,2414.536,111.239,,NAD83(2011) / UTM zone 13N + NAVD88(GEOID18) height,7,6,7,5,0
202,,468297.187,4313312.394,2422.213,,-105.36595392,38.96820909,2408.187,Global,0.010,0.010,0.010,0.014,1.734,m,FIX,RTK,2025-07-11 12:19:52.6 UTC-06:00,2025-07-11 12:19:55.6 UTC-06:00,16,1.1,1.3,468407.689,4313300.453,2428.563,-105.36467784,38.96810549,2414.536,111.326,,NAD83(2011) / UTM zone 13N + NAVD88(GEOID18) height,7,6,7,5,0
203,,468297.155,4313312.590,2422.195,,-105.36595430,38.96821086,2408.169,Global,0.010,0.010,0.010,0.015,1.734,m,FIX,RTK,2025-07-11 12:20:03.6 UTC-06:00,2025-07-11 12:20:06.6 UTC-06:00,16,1.1,1.3,468407.689,4313300.453,2428.563,-105.36467784,38.96810549,2414.536,111.384,,NAD83(2011) / UTM zone 13N + NAVD88(GEOID18) height,7,6,7,5,0
204,,468297.061,4313312.810,2422.154,,-105.36595540,38.96821284,2408.129,Global,0.010,0.010,0.011,0.014,1.734,m,FIX,RTK,2025-07-11 12:20:15.0 UTC-06:00,2025-07-11 12:20:18.0 UTC-06:00,16,1.1,1.3,468407.689,4313300.453,2428.563,-105.36467784,38.96810549,2414.536,111.498,,NAD83(2011) / UTM zone 13N + NAVD88(GEOID18) height,7,6,7,0,0
205,,468297.015,4313312.956,2422.127,,-105.36595593,38.96821415,2408.102,Global,0.012,0.010,0.011,0.016,1.734,m,FIX,RTK,2025-07-11 12:20:26.6 UTC-06:00,2025-07-11 12:20:29.6 UTC-06:00,16,1.1,1.3,468407.689,4313300.453,2428.563,-105.36467784,38.96810549,2414.536,111.558,,NAD83(2011) / UTM zone 13N + NAVD88(GEOID18) height,7,6,7,5,0
206,,468296.916,4313313.177,2422.093,,-105.36595709,38.96821614,2408.068,Global,0.011,0.010,0.010,0.015,1.734,m,FIX,RTK,2025-07-11 12:20:42.0 UTC-06:00,2025-07-11 12:20:45.0 UTC-06:00,16,1.1,1.3,468407.689,4313300.453,2428.563,-105.36467784,38.96810549,2414.536,111.681,,NAD83(2011) / UTM zone 13N + NAVD88(GEOID18) height,8,6,7,5,0
207,,468296.842,4313313.384,2422.058,,-105.36595795,38.96821801,2408.033,Global,0.011,0.012,0.010,0.016,1.734,m,FIX,RTK,2025-07-11 12:20:49.6 UTC-06:00,2025-07-11 12:20:52.6 UTC-06:00,16,1.1,1.3,468407.689,4313300.453,2428.563,-105.36467784,38.96810549,2414.536,111.788,,NAD83(2011) / UTM zone 13N + NAVD88(GEOID18) height,7,6,7,5,0
208,,468296.776,4313313.553,2422.041,,-105.36595872,38.96821953,2408.016,Global,0.010,0.011,0.011,0.015,1.734,m,FIX,RTK,2025-07-11 12:21:05.2 UTC-06:00,2025-07-11 12:21:08.2 UTC-06:00,16,1.1,1.3,468407.689,4313300.453,2428.563,-105.36467784,38.96810549,2414.536,111.873,,NAD83(2011) / UTM zone 13N + NAVD88(GEOID18) height,7,6,7,5,0
209,,468296.711,4313313.746,2422.037,,-105.36595948,38.96822127,2408.012,Global,0.012,0.010,0.011,0.016,1.734,m,FIX,RTK,2025-07-11 12:21:13.4 UTC-06:00,2025-07-11 12:21:16.4 UTC-06:00,16,1.1,1.3,468407.689,4313300.453,2428.563,-105.36467784,38.96810549,2414.536,111.958,,NAD83(2011) / UTM zone 13N + NAVD88(GEOID18) height,7,6,7,5,0
210,,468296.613,4313313.942,2422.036,,-105.36596062,38.96822302,2408.010,Global,0.010,0.011,0.010,0.015,1.734,m,FIX,RTK,2025-07-11 12:21:21.6 UTC-06:00,2025-07-11 12:21:24.6 UTC-06:00,16,1.1,1.3,468407.689,4313300.453,2428.563,-105.36467784,38.96810549,2414.536,112.077,,NAD83(2011) / UTM zone 13N + NAVD88(GEOID18) height,7,6,7,5,0
211,,468296.550,4313314.114,2422.010,,-105.36596136,38.96822458,2407.985,Global,0.012,0.010,0.011,0.016,1.734,m,FIX,RTK,2025-07-11 12:21:30.4 UTC-06:00,2025-07-11 12:21:33.4 UTC-06:00,16,1.1,1.3,468407.689,4313300.453,2428.563,-105.36467784,38.96810549,2414.536,112.176,,NAD83(2011) / UTM zone 13N + NAVD88(GEOID18) height,7,6,7,5,0
212,,468296.473,4313314.290,2421.995,,-105.36596225,38.96822616,2407.970,Global,0.010,0.010,0.011,0.014,1.734,m,FIX,RTK,2025-07-11 12:21:40.0 UTC-06:00,2025-07-11 12:21:43.0 UTC-06:00,16,1.1,1.3,468407.689,4313300.453,2428.563,-105.36467784,38.96810549,2414.536,112.264,,NAD83(2011) / UTM zone 13N + NAVD88(GEOID18) height,7,6,8,5,0
213,,468296.417,4313314.472,2422.011,,-105.36596291,38.96822779,2407.986,Global,0.010,0.010,0.010,0.015,1.734,m,FIX,RTK,2025-07-11 12:21:48.4 UTC-06:00,2025-07-11 12:21:51.4 UTC-06:00,16,1.1,1.3,468407.689,4313300.453,2428.563,-105.36467784,38.96810549,2414.536,112.343,,NAD83(2011) / UTM zone 13N + NAVD88(GEOID18) height,7,6,8,5,0
214,,468296.319,4313314.683,2421.979,,-105.36596405,38.96822969,2407.954,Global,0.010,0.011,0.011,0.015,1.734,m,FIX,RTK,2025-07-11 12:21:58.2 UTC-06:00,2025-07-11 12:22:01.2 UTC-06:00,16,1.1,1.3,468407.689,4313300.453,2428.563,-105.36467784,38.96810549,2414.536,112.472,,NAD83(2011) / UTM zone 13N + NAVD88(GEOID18) height,7,6,7,5,0
215,,468296.210,4313314.805,2421.957,,-105.36596531,38.96823078,2407.932,Global,0.011,0.010,0.012,0.015,1.734,m,FIX,RTK,2025-07-11 12:22:07.0 UTC-06:00,2025-07-11 12:22:10.0 UTC-06:00,16,1.1,1.3,468407.689,4313300.453,2428.563,-105.36467784,38.96810549,2414.536,112.597,,NAD83(2011) / UTM zone 13N + NAVD88(GEOID18) height,7,6,6,5,0
216,,468296.109,4313315.010,2421.918,,-105.36596648,38.96823263,2407.893,Global,0.010,0.011,0.011,0.015,1.734,m,FIX,RTK,2025-07-11 12:22:19.8 UTC-06:00,2025-07-11 12:22:22.8 UTC-06:00,16,1.1,1.3,468407.689,4313300.453,2428.563,-105.36467784,38.96810549,2414.536,112.721,,NAD83(2011) / UTM zone 13N + NAVD88(GEOID18) height,7,6,7,5,0
217,,468296.006,4313315.189,2421.866,,-105.36596768,38.96823424,2407.841,Global,0.010,0.010,0.012,0.015,1.734,m,FIX,RTK,2025-07-11 12:22:46.6 UTC-06:00,2025-07-11 12:22:49.6 UTC-06:00,16,1.1,1.3,468407.689,4313300.453,2428.563,-105.36467784,38.96810549,2414.536,112.848,,NAD83(2011) / UTM zone 13N + NAVD88(GEOID18) height,7,6,7,5,0
218,,468295.909,4313315.368,2421.876,,-105.36596881,38.96823585,2407.850,Global,0.010,0.011,0.011,0.015,1.734,m,FIX,RTK,2025-07-11 12:23:00.0 UTC-06:00,2025-07-11 12:23:03.0 UTC-06:00,16,1.1,1.3,468407.689,4313300.453,2428.563,-105.36467784,38.96810549,2414.536,112.964,,NAD83(2011) / UTM zone 13N + NAVD88(GEOID18) height,7,6,7,5,0
219,,468295.834,4313315.557,2421.871,,-105.36596969,38.96823755,2407.846,Global,0.011,0.010,0.011,0.015,1.734,m,FIX,RTK,2025-07-11 12:23:06.6 UTC-06:00,2025-07-11 12:23:09.6 UTC-06:00,16,1.1,1.3,468407.689,4313300.453,2428.563,-105.36467784,38.96810549,2414.536,113.068,,NAD83(2011) / UTM zone 13N + NAVD88(GEOID18) height,7,6,7,5,0
220,,468295.806,4313315.790,2421.817,,-105.36597003,38.96823965,2407.792,Global,0.011,0.010,0.011,0.015,1.734,m,FIX,RTK,2025-07-11 12:23:16.6 UTC-06:00,2025-07-11 12:23:19.6 UTC-06:00,15,1.1,1.3,468407.689,4313300.453,2428.563,-105.36467784,38.96810549,2414.536,113.121,,NAD83(2011) / UTM zone 13N + NAVD88(GEOID18) height,8,6,7,5,0
221,,468295.682,4313315.928,2421.783,,-105.36597146,38.96824089,2407.758,Global,0.011,0.010,0.011,0.015,1.734,m,FIX,RTK,2025-07-11 12:23:24.8 UTC-06:00,2025-07-11 12:23:27.8 UTC-06:00,16,1.1,1.3,468407.689,4313300.453,2428.563,-105.36467784,38.96810549,2414.536,113.274,,NAD83(2011) / UTM zone 13N + NAVD88(GEOID18) height,7,6,7,5,0
222,,468295.598,4313316.134,2421.729,,-105.36597244,38.96824274,2407.704,Global,0.011,0.011,0.010,0.015,1.734,m,FIX,RTK,2025-07-11 12:23:34.8 UTC-06:00,2025-07-11 12:23:37.8 UTC-06:00,16,1.1,1.3,468407.689,4313300.453,2428.563,-105.36467784,38.96810549,2414.536,113.377,,NAD83(2011) / UTM zone 13N + NAVD88(GEOID18) height,7,6,7,5,0
223,,468295.507,4313316.267,2421.744,,-105.36597350,38.96824394,2407.719,Global,0.010,0.011,0.011,0.015,1.734,m,FIX,RTK,2025-07-11 12:23:50.8 UTC-06:00,2025-07-11 12:23:53.8 UTC-06:00,16,1.1,1.3,468407.689,4313300.453,2428.563,-105.36467784,38.96810549,2414.536,113.494,,NAD83(2011) / UTM zone 13N + NAVD88(GEOID18) height,7,6,7,5,0
224,,468295.431,4313316.458,2421.714,,-105.36597438,38.96824565,2407.689,Global,0.010,0.011,0.011,0.015,1.734,m,FIX,RTK,2025-07-11 12:24:09.2 UTC-06:00,2025-07-11 12:24:12.2 UTC-06:00,16,1.1,1.3,468407.689,4313300.453,2428.563,-105.36467784,38.96810549,2414.536,113.599,,NAD83(2011) / UTM zone 13N + NAVD88(GEOID18) height,7,6,7,5,0
225,,468295.380,4313316.660,2421.744,,-105.36597498,38.96824747,2407.719,Global,0.010,0.010,0.010,0.014,1.734,m,FIX,RTK,2025-07-11 12:24:20.0 UTC-06:00,2025-07-11 12:24:23.0 UTC-06:00,16,1.1,1.3,468407.689,4313300.453,2428.563,-105.36467784,38.96810549,2414.536,113.672,,NAD83(2011) / UTM zone 13N + NAVD88(GEOID18) height,7,6,7,5,0
226,,468295.372,4313316.906,2421.752,,-105.36597508,38.96824969,2407.727,Global,0.012,0.011,0.011,0.017,1.734,m,FIX,RTK,2025-07-11 12:24:29.0 UTC-06:00,2025-07-11 12:24:32.0 UTC-06:00,16,1.1,1.3,468407.689,4313300.453,2428.563,-105.36467784,38.96810549,2414.536,113.726,,NAD83(2011) / UTM zone 13N + NAVD88(GEOID18) height,7,6,7,5,0
227,,468295.249,4313317.032,2421.753,,-105.36597651,38.96825082,2407.727,Global,0.010,0.010,0.011,0.014,1.734,m,FIX,RTK,2025-07-11 12:24:40.0 UTC-06:00,2025-07-11 12:24:43.0 UTC-06:00,16,1.1,1.3,468407.689,4313300.453,2428.563,-105.36467784,38.96810549,2414.536,113.862,,NAD83(2011) / UTM zone 13N + NAVD88(GEOID18) height,7,6,7,5,0
228,,468295.162,4313317.274,2421.773,,-105.36597753,38.96825300,2407.748,Global,0.013,0.010,0.010,0.017,1.734,m,FIX,RTK,2025-07-11 12:24:52.8 UTC-06:00,2025-07-11 12:24:55.8 UTC-06:00,16,1.1,1.3,468407.689,4313300.453,2428.563,-105.36467784,38.96810549,2414.536,113.969,,NAD83(2011) / UTM zone 13N + NAVD88(GEOID18) height,7,6,7,5,0
229,,468295.098,4313317.481,2421.774,,-105.36597827,38.96825486,2407.749,Global,0.010,0.011,0.010,0.015,1.734,m,FIX,RTK,2025-07-11 12:25:02.6 UTC-06:00,2025-07-11 12:25:05.6 UTC-06:00,16,1.1,1.3,468407.689,4313300.453,2428.563,-105.36467784,38.96810549,2414.536,114.070,,NAD83(2011) / UTM zone 13N + NAVD88(GEOID18) height,7,6,7,5,0
230,,468294.988,4313317.635,2421.777,,-105.36597955,38.96825624,2407.752,Global,0.010,0.012,0.011,0.015,1.734,m,FIX,RTK,2025-07-11 12:25:13.0 UTC-06:00,2025-07-11 12:25:16.0 UTC-06:00,16,1.1,1.3,468407.689,4313300.453,2428.563,-105.36467784,38.96810549,2414.536,114.206,,NAD83(2011) / UTM zone 13N + NAVD88(GEOID18) height,7,6,7,5,0
231,,468294.931,4313317.789,2421.774,,-105.36598022,38.96825763,2407.749,Global,0.014,0.010,0.010,0.017,1.734,m,FIX,RTK,2025-07-11 12:25:22.0 UTC-06:00,2025-07-11 12:25:25.0 UTC-06:00,16,1.1,1.3,468407.689,4313300.453,2428.563,-105.36467784,38.96810549,2414.536,114.292,,NAD83(2011) / UTM zone 13N + NAVD88(GEOID18) height,7,6,7,5,0
232,,468294.840,4313317.910,2421.767,,-105.36598127,38.96825871,2407.742,Global,0.011,0.010,0.011,0.015,1.734,m,FIX,RTK,2025-07-11 12:25:38.6 UTC-06:00,2025-07-11 12:25:41.6 UTC-06:00,16,1.1,1.3,468407.689,4313300.453,2428.563,-105.36467784,38.96810549,2414.536,114.388,,NAD83(2011) / UTM zone 13N + NAVD88(GEOID18) height,7,6,7,5,0
233,,468294.718,4313318.095,2421.732,,-105.36598269,38.96826037,2407.707,Global,0.011,0.011,0.011,0.015,1.734,m,FIX,RTK,2025-07-11 12:25:49.2 UTC-06:00,2025-07-11 12:25:52.2 UTC-06:00,16,1.1,1.3,468407.689,4313300.453,2428.563,-105.36467784,38.96810549,2414.536,114.540,,NAD83(2011) / UTM zone 13N + NAVD88(GEOID18) height,7,6,7,5,0
234,,468294.664,4313318.283,2421.713,,-105.36598333,38.96826207,2407.688,Global,0.010,0.010,0.010,0.015,1.734,m,FIX,RTK,2025-07-11 12:25:59.4 UTC-06:00,2025-07-11 12:26:02.4 UTC-06:00,16,1.1,1.3,468407.689,4313300.453,2428.563,-105.36467784,38.96810549,2414.536,114.623,,NAD83(2011) / UTM zone 13N + NAVD88(GEOID18) height,7,6,7,5,0
235,,468294.637,4313318.544,2421.678,,-105.36598364,38.96826442,2407.653,Global,0.010,0.010,0.010,0.015,1.734,m,FIX,RTK,2025-07-11 12:26:11.0 UTC-06:00,2025-07-11 12:26:14.0 UTC-06:00,16,1.2,1.4,468407.689,4313300.453,2428.563,-105.36467784,38.96810549,2414.536,114.692,,NAD83(2011) / UTM zone 13N + NAVD88(GEOID18) height,7,6,6,5,0
236,,468294.542,4313318.664,2421.657,,-105.36598474,38.96826550,2407.631,Global,0.011,0.012,0.011,0.016,1.734,m,FIX,RTK,2025-07-11 12:26:22.8 UTC-06:00,2025-07-11 12:26:25.8 UTC-06:00,16,1.2,1.4,468407.689,4313300.453,2428.563,-105.36467784,38.96810549,2414.536,114.813,,NAD83(2011) / UTM zone 13N + NAVD88(GEOID18) height,7,6,6,5,0
237,,468294.400,4313318.819,2421.616,,-105.36598640,38.96826689,2407.591,Global,0.010,0.012,0.010,0.016,1.734,m,FIX,RTK,2025-07-11 12:26:42.0 UTC-06:00,2025-07-11 12:26:45.0 UTC-06:00,16,1.2,1.4,468407.689,4313300.453,2428.563,-105.36467784,38.96810549,2414.536,114.976,,NAD83(2011) / UTM zone 13N + NAVD88(GEOID18) height,7,6,6,5,0
238,,468294.293,4313318.988,2421.643,,-105.36598763,38.96826841,2407.618,Global,0.010,0.011,0.010,0.015,1.734,m,FIX,RTK,2025-07-11 12:26:51.2 UTC-06:00,2025-07-11 12:26:54.2 UTC-06:00,16,1.2,1.4,468407.689,4313300.453,2428.563,-105.36467784,38.96810549,2414.536,115.105,,NAD83(2011) / UTM zone 13N + NAVD88(GEOID18) height,7,6,6,5,0
239,,468294.188,4313319.226,2421.605,,-105.36598886,38.96827056,2407.580,Global,0.010,0.011,0.011,0.015,1.734,m,FIX,RTK,2025-07-11 12:26:59.6 UTC-06:00,2025-07-11 12:27:02.6 UTC-06:00,16,1.2,1.4,468407.689,4313300.453,2428.563,-105.36467784,38.96810549,2414.536,115.249,,NAD83(2011) / UTM zone 13N + NAVD88(GEOID18) height,7,6,6,5,0
240,,468294.119,4313319.420,2421.610,,-105.36598966,38.96827230,2407.585,Global,0.012,0.012,0.010,0.017,1.734,m,FIX,RTK,2025-07-11 12:27:07.4 UTC-06:00,2025-07-11 12:27:10.4 UTC-06:00,16,1.2,1.4,468407.689,4313300.453,2428.563,-105.36467784,38.96810549,2414.536,115.354,,NAD83(2011) / UTM zone 13N + NAVD88(GEOID18) height,7,6,6,5,0
241,,468294.030,4313319.584,2421.612,,-105.36599069,38.96827377,2407.587,Global,0.011,0.011,0.011,0.015,1.734,m,FIX,RTK,2025-07-11 12:27:18.4 UTC-06:00,2025-07-11 12:27:21.4 UTC-06:00,16,1.2,1.4,468407.689,4313300.453,2428.563,-105.36467784,38.96810549,2414.536,115.468,,NAD83(2011) / UTM zone 13N + NAVD88(GEOID18) height,7,6,6,5,0
242,,468293.974,4313319.724,2421.591,,-105.36599135,38.96827503,2407.566,Global,0.013,0.015,0.011,0.019,1.734,m,FIX,RTK,2025-07-11 12:27:27.4 UTC-06:00,2025-07-11 12:27:30.4 UTC-06:00,16,1.2,1.4,468407.689,4313300.453,2428.563,-105.36467784,38.96810549,2414.536,115.541,,NAD83(2011) / UTM zone 13N + NAVD88(GEOID18) height,7,6,6,5,0
243,,468293.878,4313319.890,2421.620,,-105.36599247,38.96827652,2407.595,Global,0.012,0.016,0.013,0.020,1.734,m,FIX,RTK,2025-07-11 12:27:37.4 UTC-06:00,2025-07-11 12:27:40.4 UTC-06:00,16,1.2,1.4,468407.689,4313300.453,2428.563,-105.36467784,38.96810549,2414.536,115.659,,NAD83(2011) / UTM zone 13N + NAVD88(GEOID18) height,7,6,6,5,0
244,,468293.819,4313320.149,2421.573,,-105.36599316,38.96827885,2407.548,Global,0.012,0.012,0.011,0.017,1.734,m,FIX,RTK,2025-07-11 12:27:45.2 UTC-06:00,2025-07-11 12:27:48.2 UTC-06:00,16,1.2,1.4,468407.689,4313300.453,2428.563,-105.36467784,38.96810549,2414.536,115.762,,NAD83(2011) / UTM zone 13N + NAVD88(GEOID18) height,7,6,6,5,0
245,,468293.729,4313320.332,2421.488,,-105.36599421,38.96828050,2407.463,Global,0.012,0.011,0.010,0.016,1.734,m,FIX,RTK,2025-07-11 12:27:56.6 UTC-06:00,2025-07-11 12:27:59.6 UTC-06:00,16,1.2,1.4,468407.689,4313300.453,2428.563,-105.36467784,38.96810549,2414.536,115.891,,NAD83(2011) / UTM zone 13N + NAVD88(GEOID18) height,7,6,6,5,0
246,,468293.648,4313320.498,2421.426,,-105.36599515,38.96828199,2407.401,Global,0.011,0.010,0.012,0.015,1.734,m,FIX,RTK,2025-07-11 12:28:04.0 UTC-06:00,2025-07-11 12:28:07.0 UTC-06:00,16,1.2,1.4,468407.689,4313300.453,2428.563,-105.36467784,38.96810549,2414.536,116.006,,NAD83(2011) / UTM zone 13N + NAVD88(GEOID18) height,7,6,6,5,0
247,,468293.638,4313320.763,2421.299,,-105.36599528,38.96828438,2407.274,Global,0.010,0.010,0.011,0.015,1.734,m,FIX,RTK,2025-07-11 12:28:36.6 UTC-06:00,2025-07-11 12:28:39.6 UTC-06:00,16,1.2,1.4,468407.689,4313300.453,2428.563,-105.36467784,38.96810549,2414.536,116.067,,NAD83(2011) / UTM zone 13N + NAVD88(GEOID18) height,7,6,6,5,0
248,,468293.586,4313320.870,2421.277,,-105.36599588,38.96828535,2407.251,Global,0.010,0.010,0.011,0.014,1.734,m,FIX,RTK,2025-07-11 12:28:47.4 UTC-06:00,2025-07-11 12:28:50.4 UTC-06:00,16,1.2,1.4,468407.689,4313300.453,2428.563,-105.36467784,38.96810549,2414.536,116.134,,NAD83(2011) / UTM zone 13N + NAVD88(GEOID18) height,7,6,6,5,0
249,,468293.522,4313321.040,2421.214,,-105.36599663,38.96828687,2407.189,Global,0.011,0.010,0.011,0.015,1.734,m,FIX,RTK,2025-07-11 12:28:58.2 UTC-06:00,2025-07-11 12:29:01.2 UTC-06:00,16,1.2,1.4,468407.689,4313300.453,2428.563,-105.36467784,38.96810549,2414.536,116.227,,NAD83(2011) / UTM zone 13N + NAVD88(GEOID18) height,7,6,6,5,0
250,,468293.422,4313321.297,2421.174,,-105.36599779,38.96828919,2407.149,Global,0.011,0.010,0.011,0.015,1.734,m,FIX,RTK,2025-07-11 12:29:08.6 UTC-06:00,2025-07-11 12:29:11.6 UTC-06:00,16,1.2,1.4,468407.689,4313300.453,2428.563,-105.36467784,38.96810549,2414.536,116.383,,NAD83(2011) / UTM zone 13N + NAVD88(GEOID18) height,7,6,6,5,0
251,,468293.419,4313321.486,2421.146,,-105.36599784,38.96829089,2407.120,Global,0.010,0.010,0.011,0.014,1.734,m,FIX,RTK,2025-07-11 12:29:20.6 UTC-06:00,2025-07-11 12:29:23.6 UTC-06:00,16,1.2,1.4,468407.689,4313300.453,2428.563,-105.36467784,38.96810549,2414.536,116.415,,NAD83(2011) / UTM zone 13N + NAVD88(GEOID18) height,7,6,6,5,0
252,,468293.439,4313321.698,2421.192,,-105.36599762,38.96829280,2407.167,Global,0.010,0.012,0.010,0.016,1.734,m,FIX,RTK,2025-07-11 12:29:31.6 UTC-06:00,2025-07-11 12:29:34.6 UTC-06:00,16,1.2,1.4,468407.689,4313300.453,2428.563,-105.36467784,38.96810549,2414.536,116.433,,NAD83(2011) / UTM zone 13N + NAVD88(GEOID18) height,7,6,6,5,0
253,,468293.433,4313321.904,2421.205,,-105.36599770,38.96829466,2407.179,Global,0.010,0.011,0.011,0.015,1.734,m,FIX,RTK,2025-07-11 12:29:51.6 UTC-06:00,2025-07-11 12:29:54.6 UTC-06:00,16,1.2,1.4,468407.689,4313300.453,2428.563,-105.36467784,38.96810549,2414.536,116.477,,NAD83(2011) / UTM zone 13N + NAVD88(GEOID18) height,7,6,6,5,0
254,,468293.439,4313322.112,2421.243,,-105.36599764,38.96829653,2407.218,Global,0.011,0.011,0.012,0.015,1.734,m,FIX,RTK,2025-07-11 12:30:09.4 UTC-06:00,2025-07-11 12:30:12.4 UTC-06:00,16,1.2,1.4,468407.689,4313300.453,2428.563,-105.36467784,38.96810549,2414.536,116.504,,NAD83(2011) / UTM zone 13N + NAVD88(GEOID18) height,7,6,6,5,0
255,,468293.437,4313322.342,2421.315,,-105.36599767,38.96829860,2407.290,Global,0.012,0.012,0.010,0.017,1.734,m,FIX,RTK,2025-07-11 12:30:18.2 UTC-06:00,2025-07-11 12:30:21.2 UTC-06:00,16,1.2,1.4,468407.689,4313300.453,2428.563,-105.36467784,38.96810549,2414.536,116.558,,NAD83(2011) / UTM zone 13N + NAVD88(GEOID18) height,7,6,6,5,0
256,,468293.398,4313322.534,2421.339,,-105.36599813,38.96830034,2407.314,Global,0.010,0.010,0.010,0.014,1.734,m,FIX,RTK,2025-07-11 12:30:30.0 UTC-06:00,2025-07-11 12:30:33.0 UTC-06:00,16,1.2,1.4,468407.689,4313300.453,2428.563,-105.36467784,38.96810549,2414.536,116.621,,NAD83(2011) / UTM zone 13N + NAVD88(GEOID18) height,7,6,6,5,0
257,,468293.252,4313322.708,2421.352,,-105.36599983,38.96830189,2407.327,Global,0.011,0.010,0.010,0.015,1.734,m,FIX,RTK,2025-07-11 12:30:38.4 UTC-06:00,2025-07-11 12:30:41.4 UTC-06:00,16,1.2,1.4,468407.689,4313300.453,2428.563,-105.36467784,38.96810549,2414.536,116.804,,NAD83(2011) / UTM zone 13N + NAVD88(GEOID18) height,7,6,6,5,0
258,,468293.205,4313322.903,2421.319,,-105.36600037,38.96830365,2407.294,Global,0.011,0.010,0.011,0.015,1.734,m,FIX,RTK,2025-07-11 12:30:48.0 UTC-06:00,2025-07-11 12:30:51.0 UTC-06:00,16,1.2,1.4,468407.689,4313300.453,2428.563,-105.36467784,38.96810549,2414.536,116.886,,NAD83(2011) / UTM zone 13N + NAVD88(GEOID18) height,7,6,6,5,0
259,,468293.193,4313323.084,2421.294,,-105.36600052,38.96830528,2407.269,Global,0.011,0.011,0.011,0.015,1.734,m,FIX,RTK,2025-07-11 12:31:06.0 UTC-06:00,2025-07-11 12:31:09.0 UTC-06:00,16,1.2,1.4,468407.689,4313300.453,2428.563,-105.36467784,38.96810549,2414.536,116.929,,NAD83(2011) / UTM zone 13N + NAVD88(GEOID18) height,7,6,6,5,0
260,,468293.076,4313323.247,2421.255,,-105.36600188,38.96830675,2407.229,Global,0.011,0.010,0.011,0.015,1.734,m,FIX,RTK,2025-07-11 12:31:18.4 UTC-06:00,2025-07-11 12:31:21.4 UTC-06:00,16,1.2,1.4,468407.689,4313300.453,2428.563,-105.36467784,38.96810549,2414.536,117.075,,NAD83(2011) / UTM zone 13N + NAVD88(GEOID18) height,7,6,6,5,0
261,,468293.025,4313323.420,2421.238,,-105.36600247,38.96830831,2407.213,Global,0.034,0.017,0.011,0.038,1.734,m,FIX,RTK,2025-07-11 12:31:24.8 UTC-06:00,2025-07-11 12:31:27.8 UTC-06:00,16,1.2,1.4,468407.689,4313300.453,2428.563,-105.36467784,38.96810549,2414.536,117.121,,NAD83(2011) / UTM zone 13N + NAVD88(GEOID18) height,7,6,6,5,0
262,,468293.037,4313323.702,2421.235,,-105.36600235,38.96831085,2407.210,Global,0.011,0.012,0.010,0.017,1.734,m,FIX,RTK,2025-07-11 12:31:37.4 UTC-06:00,2025-07-11 12:31:40.4 UTC-06:00,16,1.2,1.4,468407.689,4313300.453,2428.563,-105.36467784,38.96810549,2414.536,117.212,,NAD83(2011) / UTM zone 13N + NAVD88(GEOID18) height,7,6,6,5,0
263,,468292.872,4313323.850,2421.198,,-105.36600426,38.96831217,2407.173,Global,0.010,0.011,0.011,0.015,1.734,m,FIX,RTK,2025-07-11 12:31:49.2 UTC-06:00,2025-07-11 12:31:52.2 UTC-06:00,16,1.2,1.4,468407.689,4313300.453,2428.563,-105.36467784,38.96810549,2414.536,117.404,,NAD83(2011) / UTM zone 13N + NAVD88(GEOID18) height,7,6,6,5,0
264,,468292.824,4313324.086,2421.194,,-105.36600482,38.96831430,2407.169,Global,0.011,0.011,0.010,0.015,1.734,m,FIX,RTK,2025-07-11 12:31:59.0 UTC-06:00,2025-07-11 12:32:02.0 UTC-06:00,16,1.2,1.4,468407.689,4313300.453,2428.563,-105.36467784,38.96810549,2414.536,117.495,,NAD83(2011) / UTM zone 13N + NAVD88(GEOID18) height,7,5,6,5,0
265,,468292.757,4313324.200,2421.198,,-105.36600561,38.96831532,2407.173,Global,0.011,0.011,0.011,0.015,1.734,m,FIX,RTK,2025-07-11 12:32:09.6 UTC-06:00,2025-07-11 12:32:12.6 UTC-06:00,16,1.2,1.4,468407.689,4313300.453,2428.563,-105.36467784,38.96810549,2414.536,117.590,,NAD83(2011) / UTM zone 13N + NAVD88(GEOID18) height,7,6,6,5,0
266,,468292.665,4313324.407,2421.162,,-105.36600668,38.96831718,2407.137,Global,0.012,0.015,0.010,0.019,1.734,m,FIX,RTK,2025-07-11 12:32:19.8 UTC-06:00,2025-07-11 12:32:22.8 UTC-06:00,16,1.2,1.4,468407.689,4313300.453,2428.563,-105.36467784,38.96810549,2414.536,117.722,,NAD83(2011) / UTM zone 13N + NAVD88(GEOID18) height,7,6,6,5,0
267,,468292.602,4313324.578,2421.156,,-105.36600741,38.96831872,2407.131,Global,0.011,0.011,0.011,0.016,1.734,m,FIX,RTK,2025-07-11 12:32:29.4 UTC-06:00,2025-07-11 12:32:32.4 UTC-06:00,16,1.2,1.4,468407.689,4313300.453,2428.563,-105.36467784,38.96810549,2414.536,117.822,,NAD83(2011) / UTM zone 13N + NAVD88(GEOID18) height,7,6,6,5,0
268,,468292.576,4313324.821,2421.135,,-105.36600773,38.96832091,2407.110,Global,0.010,0.011,0.011,0.015,1.734,m,FIX,RTK,2025-07-11 12:32:41.6 UTC-06:00,2025-07-11 12:32:44.6 UTC-06:00,16,1.2,1.4,468407.689,4313300.453,2428.563,-105.36467784,38.96810549,2414.536,117.889,,NAD83(2011) / UTM zone 13N + NAVD88(GEOID18) height,7,6,6,5,0
269,,468292.514,4313324.975,2421.125,,-105.36600845,38.96832229,2407.100,Global,0.015,0.011,0.011,0.018,1.734,m,FIX,RTK,2025-07-11 12:32:52.6 UTC-06:00,2025-07-11 12:32:55.6 UTC-06:00,16,1.2,1.4,468407.689,4313300.453,2428.563,-105.36467784,38.96810549,2414.536,118.002,,NAD83(2011) / UTM zone 13N + NAVD88(GEOID18) height,7,6,6,5,0
270,,468292.418,4313325.148,2421.087,,-105.36600956,38.96832385,2407.062,Global,0.013,0.013,0.010,0.018,1.734,m,FIX,RTK,2025-07-11 12:33:05.6 UTC-06:00,2025-07-11 12:33:08.6 UTC-06:00,16,1.2,1.4,468407.689,4313300.453,2428.563,-105.36467784,38.96810549,2414.536,118.117,,NAD83(2011) / UTM zone 13N + NAVD88(GEOID18) height,7,6,6,5,0
271,,468292.247,4313325.342,2421.073,,-105.36601154,38.96832560,2407.048,Global,0.011,0.012,0.012,0.016,1.734,m,FIX,RTK,2025-07-11 12:33:17.6 UTC-06:00,2025-07-11 12:33:20.6 UTC-06:00,15,1.2,1.4,468407.689,4313300.453,2428.563,-105.36467784,38.96810549,2414.536,118.325,,NAD83(2011) / UTM zone 13N + NAVD88(GEOID18) height,7,6,6,5,0
272,,468292.297,4313325.497,2421.075,,-105.36601098,38.96832699,2407.050,Global,0.012,0.011,0.010,0.016,1.734,m,FIX,RTK,2025-07-11 12:33:43.2 UTC-06:00,2025-07-11 12:33:46.2 UTC-06:00,16,1.2,1.4,468407.689,4313300.453,2428.563,-105.36467784,38.96810549,2414.536,118.297,,NAD83(2011) / UTM zone 13N + NAVD88(GEOID18) height,7,6,6,5,0
273,,468292.131,4313325.687,2421.036,,-105.36601290,38.96832870,2407.011,Global,0.011,0.012,0.011,0.016,1.734,m,FIX,RTK,2025-07-11 12:34:00.4 UTC-06:00,2025-07-11 12:34:03.4 UTC-06:00,16,1.2,1.4,468407.689,4313300.453,2428.563,-105.36467784,38.96810549,2414.536,118.502,,NAD83(2011) / UTM zone 13N + NAVD88(GEOID18) height,7,6,6,5,0
274,,468292.093,4313325.825,2421.029,,-105.36601335,38.96832994,2407.004,Global,0.011,0.012,0.014,0.016,1.734,m,FIX,RTK,2025-07-11 12:34:16.2 UTC-06:00,2025-07-11 12:34:19.2 UTC-06:00,16,1.2,1.4,468407.689,4313300.453,2428.563,-105.36467784,38.96810549,2414.536,118.581,,NAD83(2011) / UTM zone 13N + NAVD88(GEOID18) height,7,6,6,5,0
275,,468291.949,4313326.069,2421.016,,-105.36601502,38.96833214,2406.991,Global,0.012,0.016,0.010,0.020,1.734,m,FIX,RTK,2025-07-11 12:34:31.2 UTC-06:00,2025-07-11 12:34:34.2 UTC-06:00,16,1.2,1.4,468407.689,4313300.453,2428.563,-105.36467784,38.96810549,2414.536,118.782,,NAD83(2011) / UTM zone 13N + NAVD88(GEOID18) height,7,6,6,5,0
276,,468291.860,4313326.250,2421.037,,-105.36601606,38.96833376,2407.012,Global,0.022,0.014,0.011,0.025,1.734,m,FIX,RTK,2025-07-11 12:34:37.6 UTC-06:00,2025-07-11 12:34:40.6 UTC-06:00,16,1.2,1.4,468407.689,4313300.453,2428.563,-105.36467784,38.96810549,2414.536,118.917,,NAD83(2011) / UTM zone 13N + NAVD88(GEOID18) height,7,6,6,5,0
277,,468291.836,4313326.427,2421.079,,-105.36601635,38.96833536,2407.054,Global,0.012,0.011,0.010,0.016,1.734,m,FIX,RTK,2025-07-11 12:34:44.6 UTC-06:00,2025-07-11 12:34:47.6 UTC-06:00,16,1.2,1.4,468407.689,4313300.453,2428.563,-105.36467784,38.96810549,2414.536,118.956,,NAD83(2011) / UTM zone 13N + NAVD88(GEOID18) height,7,6,6,5,0
278,,468291.743,4313326.613,2421.121,,-105.36601742,38.96833703,2407.096,Global,0.013,0.011,0.010,0.017,1.734,m,FIX,RTK,2025-07-11 12:34:52.0 UTC-06:00,2025-07-11 12:34:55.0 UTC-06:00,16,1.2,1.4,468407.689,4313300.453,2428.563,-105.36467784,38.96810549,2414.536,119.100,,NAD83(2011) / UTM zone 13N + NAVD88(GEOID18) height,7,6,6,5,0
279,,468291.693,4313326.790,2421.187,,-105.36601801,38.96833862,2407.162,Global,0.012,0.011,0.010,0.017,1.734,m,FIX,RTK,2025-07-11 12:34:59.2 UTC-06:00,2025-07-11 12:35:02.2 UTC-06:00,16,1.2,1.4,468407.689,4313300.453,2428.563,-105.36467784,38.96810549,2414.536,119.172,,NAD83(2011) / UTM zone 13N + NAVD88(GEOID18) height,7,6,6,5,0
280,,468291.554,4313326.937,2421.254,,-105.36601962,38.96833995,2407.229,Global,0.010,0.011,0.010,0.015,1.734,m,FIX,RTK,2025-07-11 12:35:08.2 UTC-06:00,2025-07-11 12:35:11.2 UTC-06:00,16,1.2,1.4,468407.689,4313300.453,2428.563,-105.36467784,38.96810549,2414.536,119.340,,NAD83(2011) / UTM zone 13N + NAVD88(GEOID18) height,7,6,6,5,0
281,,468291.521,4313327.135,2421.308,,-105.36602001,38.96834173,2407.283,Global,0.012,0.010,0.011,0.016,1.734,m,FIX,RTK,2025-07-11 12:35:22.0 UTC-06:00,2025-07-11 12:35:25.0 UTC-06:00,16,1.2,1.4,468407.689,4313300.453,2428.563,-105.36467784,38.96810549,2414.536,119.406,,NAD83(2011) / UTM zone 13N + NAVD88(GEOID18) height,7,6,6,5,0
282,,468291.414,4313327.354,2421.320,,-105.36602126,38.96834370,2407.295,Global,0.011,0.010,0.010,0.015,1.734,m,FIX,RTK,2025-07-11 12:35:30.8 UTC-06:00,2025-07-11 12:35:33.8 UTC-06:00,16,1.2,1.4,468407.689,4313300.453,2428.563,-105.36467784,38.96810549,2414.536,119.573,,NAD83(2011) / UTM zone 13N + NAVD88(GEOID18) height,7,6,6,5,0
283,,468291.354,4313327.509,2421.368,,-105.36602195,38.96834509,2407.343,Global,0.011,0.011,0.011,0.016,1.734,m,FIX,RTK,2025-07-11 12:35:38.8 UTC-06:00,2025-07-11 12:35:41.8 UTC-06:00,16,1.1,1.3,468407.689,4313300.453,2428.563,-105.36467784,38.96810549,2414.536,119.653,,NAD83(2011) / UTM zone 13N + NAVD88(GEOID18) height,7,6,6,5,0
284,,468291.177,4313327.707,2421.444,,-105.36602401,38.96834686,2407.419,Global,0.012,0.011,0.011,0.016,1.734,m,FIX,RTK,2025-07-11 12:35:49.0 UTC-06:00,2025-07-11 12:35:52.0 UTC-06:00,16,1.1,1.3,468407.689,4313300.453,2428.563,-105.36467784,38.96810549,2414.536,119.879,,NAD83(2011) / UTM zone 13N + NAVD88(GEOID18) height,7,6,6,5,0
285,,468291.186,4313327.934,2421.489,,-105.36602391,38.96834892,2407.464,Global,0.011,0.010,0.011,0.015,1.734,m,FIX,RTK,2025-07-11 12:36:01.0 UTC-06:00,2025-07-11 12:36:04.0 UTC-06:00,16,1.2,1.4,468407.689,4313300.453,2428.563,-105.36467784,38.96810549,2414.536,119.918,,NAD83(2011) / UTM zone 13N + NAVD88(GEOID18) height,7,6,6,5,0
286,,468291.081,4313328.107,2421.502,,-105.36602513,38.96835047,2407.477,Global,0.010,0.011,0.011,0.015,1.734,m,FIX,RTK,2025-07-11 12:36:14.4 UTC-06:00,2025-07-11 12:36:17.4 UTC-06:00,16,1.2,1.4,468407.689,4313300.453,2428.563,-105.36467784,38.96810549,2414.536,120.053,,NAD83(2011) / UTM zone 13N + NAVD88(GEOID18) height,7,6,6,5,0
287,,468291.009,4313328.266,2421.508,,-105.36602598,38.96835190,2407.483,Global,0.011,0.011,0.010,0.015,1.734,m,FIX,RTK,2025-07-11 12:36:22.4 UTC-06:00,2025-07-11 12:36:25.4 UTC-06:00,16,1.2,1.4,468407.689,4313300.453,2428.563,-105.36467784,38.96810549,2414.536,120.160,,NAD83(2011) / UTM zone 13N + NAVD88(GEOID18) height,7,6,6,5,0
288,,468290.939,4313328.498,2421.524,,-105.36602680,38.96835399,2407.499,Global,0.010,0.011,0.010,0.015,1.734,m,FIX,RTK,2025-07-11 12:36:31.6 UTC-06:00,2025-07-11 12:36:34.6 UTC-06:00,16,1.2,1.4,468407.689,4313300.453,2428.563,-105.36467784,38.96810549,2414.536,120.283,,NAD83(2011) / UTM zone 13N + NAVD88(GEOID18) height,7,6,6,5,0
289,,468290.848,4313328.606,2421.476,,-105.36602785,38.96835495,2407.451,Global,0.010,0.011,0.011,0.015,1.734,m,FIX,RTK,2025-07-11 12:36:44.6 UTC-06:00,2025-07-11 12:36:47.6 UTC-06:00,16,1.2,1.4,468407.689,4313300.453,2428.563,-105.36467784,38.96810549,2414.536,120.392,,NAD83(2011) / UTM zone 13N + NAVD88(GEOID18) height,7,6,6,5,0
290,,468290.722,4313328.781,2421.474,,-105.36602931,38.96835653,2407.449,Global,0.012,0.011,0.010,0.016,1.734,m,FIX,RTK,2025-07-11 12:36:55.6 UTC-06:00,2025-07-11 12:36:58.6 UTC-06:00,16,1.1,1.3,468407.689,4313300.453,2428.563,-105.36467784,38.96810549,2414.536,120.570,,NAD83(2011) / UTM zone 13N + NAVD88(GEOID18) height,7,6,6,5,0
291,,468290.650,4313328.976,2421.476,,-105.36603015,38.96835829,2407.451,Global,0.010,0.010,0.010,0.014,1.734,m,FIX,RTK,2025-07-11 12:37:06.2 UTC-06:00,2025-07-11 12:37:09.2 UTC-06:00,16,1.1,1.3,468407.689,4313300.453,2428.563,-105.36467784,38.96810549,2414.536,120.677,,NAD83(2011) / UTM zone 13N + NAVD88(GEOID18) height,7,6,6,5,0
292,,468290.547,4313329.162,2421.475,,-105.36603135,38.96835996,2407.450,Global,0.010,0.011,0.012,0.015,1.734,m,FIX,RTK,2025-07-11 12:37:15.4 UTC-06:00,2025-07-11 12:37:18.4 UTC-06:00,16,1.1,1.3,468407.689,4313300.453,2428.563,-105.36467784,38.96810549,2414.536,120.818,,NAD83(2011) / UTM zone 13N + NAVD88(GEOID18) height,7,6,6,5,0
293,,468290.502,4313329.301,2421.479,,-105.36603188,38.96836120,2407.454,Global,0.010,0.010,0.010,0.015,1.734,m,FIX,RTK,2025-07-11 12:37:28.0 UTC-06:00,2025-07-11 12:37:31.0 UTC-06:00,16,1.2,1.3,468407.689,4313300.453,2428.563,-105.36467784,38.96810549,2414.536,120.897,,NAD83(2011) / UTM zone 13N + NAVD88(GEOID18) height,7,6,6,5,0
294,,468290.404,4313329.523,2421.489,,-105.36603301,38.96836321,2407.464,Global,0.010,0.011,0.010,0.015,1.734,m,FIX,RTK,2025-07-11 12:37:35.4 UTC-06:00,2025-07-11 12:37:38.4 UTC-06:00,16,1.2,1.3,468407.689,4313300.453,2428.563,-105.36467784,38.96810549,2414.536,121.044,,NAD83(2011) / UTM zone 13N + NAVD88(GEOID18) height,7,6,6,5,0
295,,468290.340,4313329.691,2421.523,,-105.36603376,38.96836472,2407.498,Global,0.011,0.010,0.011,0.015,1.734,m,FIX,RTK,2025-07-11 12:37:42.8 UTC-06:00,2025-07-11 12:37:45.8 UTC-06:00,16,1.2,1.3,468407.689,4313300.453,2428.563,-105.36467784,38.96810549,2414.536,121.145,,NAD83(2011) / UTM zone 13N + NAVD88(GEOID18) height,7,6,6,5,0
296,,468290.263,4313329.932,2421.555,,-105.36603467,38.96836689,2407.530,Global,0.010,0.010,0.010,0.015,1.734,m,FIX,RTK,2025-07-11 12:37:50.8 UTC-06:00,2025-07-11 12:37:53.8 UTC-06:00,16,1.1,1.3,468407.689,4313300.453,2428.563,-105.36467784,38.96810549,2414.536,121.276,,NAD83(2011) / UTM zone 13N + NAVD88(GEOID18) height,7,6,6,5,0
297,,468290.168,4313330.081,2421.549,,-105.36603576,38.96836822,2407.524,Global,0.010,0.010,0.010,0.014,1.734,m,FIX,RTK,2025-07-11 12:38:05.4 UTC-06:00,2025-07-11 12:38:08.4 UTC-06:00,16,1.1,1.3,468407.689,4313300.453,2428.563,-105.36467784,38.96810549,2414.536,121.406,,NAD83(2011) / UTM zone 13N + NAVD88(GEOID18) height,7,6,6,5,0
298,,468290.123,4313330.224,2421.600,,-105.36603629,38.96836951,2407.575,Global,0.010,0.011,0.012,0.015,1.734,m,FIX,RTK,2025-07-11 12:38:14.2 UTC-06:00,2025-07-11 12:38:17.2 UTC-06:00,16,1.1,1.3,468407.689,4313300.453,2428.563,-105.36467784,38.96810549,2414.536,121.484,,NAD83(2011) / UTM zone 13N + NAVD88(GEOID18) height,7,6,6,5,0
299,,468290.027,4313330.454,2421.601,,-105.36603741,38.96837158,2407.576,Global,0.011,0.010,0.011,0.015,1.734,m,FIX,RTK,2025-07-11 12:38:22.6 UTC-06:00,2025-07-11 12:38:25.6 UTC-06:00,16,1.1,1.3,468407.689,4313300.453,2428.563,-105.36467784,38.96810549,2414.536,121.641,,NAD83(2011) / UTM zone 13N + NAVD88(GEOID18) height,7,6,6,5,0
300,,468289.933,4313330.595,2421.619,,-105.36603850,38.96837285,2407.594,Global,0.010,0.011,0.011,0.015,1.734,m,FIX,RTK,2025-07-11 12:38:31.6 UTC-06:00,2025-07-11 12:38:34.6 UTC-06:00,16,1.1,1.3,468407.689,4313300.453,2428.563,-105.36467784,38.96810549,2414.536,121.758,,NAD83(2011) / UTM zone 13N + NAVD88(GEOID18) height,7,6,6,5,0
301,,468289.881,4313330.782,2421.623,,-105.36603911,38.96837453,2407.598,Global,0.010,0.010,0.011,0.014,1.734,m,FIX,RTK,2025-07-11 12:38:42.8 UTC-06:00,2025-07-11 12:38:45.8 UTC-06:00,16,1.1,1.3,468407.689,4313300.453,2428.563,-105.36467784,38.96810549,2414.536,121.851,,NAD83(2011) / UTM zone 13N + NAVD88(GEOID18) height,7,6,6,5,0
302,,468289.768,4313331.026,2421.617,,-105.36604043,38.96837672,2407.592,Global,0.010,0.010,0.011,0.014,1.734,m,FIX,RTK,2025-07-11 12:38:54.4 UTC-06:00,2025-07-11 12:38:57.4 UTC-06:00,16,1.1,1.3,468407.689,4313300.453,2428.563,-105.36467784,38.96810549,2414.536,122.024,,NAD83(2011) / UTM zone 13N + NAVD88(GEOID18) height,7,6,6,5,0
303,,468289.663,4313331.197,2421.643,,-105.36604165,38.96837826,2407.618,Global,0.010,0.010,0.011,0.015,1.734,m,FIX,RTK,2025-07-11 12:39:01.6 UTC-06:00,2025-07-11 12:39:04.6 UTC-06:00,16,1.1,1.3,468407.689,4313300.453,2428.563,-105.36467784,38.96810549,2414.536,122.170,,NAD83(2011) / UTM zone 13N + NAVD88(GEOID18) height,7,6,6,5,0
304,,468289.568,4313331.376,2421.645,,-105.36604275,38.96837987,2407.620,Global,0.010,0.010,0.010,0.014,1.734,m,FIX,RTK,2025-07-11 12:39:11.8 UTC-06:00,2025-07-11 12:39:14.8 UTC-06:00,16,1.1,1.3,468407.689,4313300.453,2428.563,-105.36467784,38.96810549,2414.536,122.309,,NAD83(2011) / UTM zone 13N + NAVD88(GEOID18) height,7,6,6,5,0
305,,468289.466,4313331.543,2421.656,,-105.36604394,38.96838137,2407.631,Global,0.011,0.010,0.010,0.015,1.734,m,FIX,RTK,2025-07-11 12:39:36.8 UTC-06:00,2025-07-11 12:39:39.8 UTC-06:00,16,1.1,1.3,468407.689,4313300.453,2428.563,-105.36467784,38.96810549,2414.536,122.451,,NAD83(2011) / UTM zone 13N + NAVD88(GEOID18) height,7,6,7,5,0
306,,468289.392,4313331.732,2421.665,,-105.36604480,38.96838307,2407.640,Global,0.010,0.011,0.011,0.015,1.734,m,FIX,RTK,2025-07-11 12:39:44.8 UTC-06:00,2025-07-11 12:39:47.8 UTC-06:00,16,1.1,1.3,468407.689,4313300.453,2428.563,-105.36467784,38.96810549,2414.536,122.567,,NAD83(2011) / UTM zone 13N + NAVD88(GEOID18) height,7,6,7,5,0
307,,468289.331,4313331.919,2421.670,,-105.36604551,38.96838476,2407.645,Global,0.011,0.010,0.013,0.015,1.734,m,FIX,RTK,2025-07-11 12:39:53.8 UTC-06:00,2025-07-11 12:39:56.8 UTC-06:00,16,1.1,1.3,468407.689,4313300.453,2428.563,-105.36467784,38.96810549,2414.536,122.674,,NAD83(2011) / UTM zone 13N + NAVD88(GEOID18) height,7,6,7,5,0
308,,468289.242,4313332.097,2421.725,,-105.36604654,38.96838635,2407.701,Global,0.011,0.013,0.011,0.017,1.734,m,FIX,RTK,2025-07-11 12:40:01.4 UTC-06:00,2025-07-11 12:40:04.4 UTC-06:00,16,1.1,1.3,468407.689,4313300.453,2428.563,-105.36467784,38.96810549,2414.536,122.795,,NAD83(2011) / UTM zone 13N + NAVD88(GEOID18) height,7,6,7,5,0
309,,468289.212,4313332.239,2421.708,,-105.36604690,38.96838763,2407.684,Global,0.010,0.010,0.011,0.014,1.734,m,FIX,RTK,2025-07-11 12:40:12.0 UTC-06:00,2025-07-11 12:40:15.0 UTC-06:00,16,1.1,1.3,468407.689,4313300.453,2428.563,-105.36467784,38.96810549,2414.536,122.871,,NAD83(2011) / UTM zone 13N + NAVD88(GEOID18) height,7,6,6,5,0
310,,468289.123,4313332.461,2421.729,,-105.36604794,38.96838964,2407.705,Global,0.012,0.010,0.011,0.016,1.734,m,FIX,RTK,2025-07-11 12:40:20.6 UTC-06:00,2025-07-11 12:40:23.6 UTC-06:00,16,1.1,1.3,468407.689,4313300.453,2428.563,-105.36467784,38.96810549,2414.536,123.013,,NAD83(2011) / UTM zone 13N + NAVD88(GEOID18) height,7,6,6,5,0
311,,468289.062,4313332.642,2421.783,,-105.36604865,38.96839126,2407.758,Global,0.011,0.010,0.010,0.015,1.734,m,FIX,RTK,2025-07-11 12:40:39.6 UTC-06:00,2025-07-11 12:40:42.6 UTC-06:00,16,1.1,1.3,468407.689,4313300.453,2428.563,-105.36467784,38.96810549,2414.536,123.115,,NAD83(2011) / UTM zone 13N + NAVD88(GEOID18) height,7,6,6,5,0
312,,468289.047,4313332.827,2421.801,,-105.36604884,38.96839292,2407.776,Global,0.010,0.010,0.010,0.014,1.734,m,FIX,RTK,2025-07-11 12:40:49.2 UTC-06:00,2025-07-11 12:40:52.2 UTC-06:00,16,1.1,1.3,468407.689,4313300.453,2428.563,-105.36467784,38.96810549,2414.536,123.176,,NAD83(2011) / UTM zone 13N + NAVD88(GEOID18) height,7,6,6,5,0
313,,468288.935,4313333.027,2421.819,,-105.36605014,38.96839472,2407.794,Global,0.011,0.010,0.011,0.015,1.734,m,FIX,RTK,2025-07-11 12:41:00.2 UTC-06:00,2025-07-11 12:41:03.2 UTC-06:00,16,1.1,1.3,468407.689,4313300.453,2428.563,-105.36467784,38.96810549,2414.536,123.339,,NAD83(2011) / UTM zone 13N + NAVD88(GEOID18) height,7,6,6,5,0
314,,468288.891,4313333.211,2421.873,,-105.36605065,38.96839638,2407.848,Global,0.011,0.010,0.010,0.015,1.734,m,FIX,RTK,2025-07-11 12:41:21.6 UTC-06:00,2025-07-11 12:41:24.6 UTC-06:00,16,1.2,1.4,468407.689,4313300.453,2428.563,-105.36467784,38.96810549,2414.536,123.429,,NAD83(2011) / UTM zone 13N + NAVD88(GEOID18) height,7,6,6,5,0
315,,468288.935,4313333.425,2422.300,,-105.36605016,38.96839831,2408.275,Global,0.013,0.012,0.012,0.018,1.734,m,FIX,RTK,2025-07-11 12:41:52.0 UTC-06:00,2025-07-11 12:41:55.0 UTC-06:00,16,1.4,1.6,468407.689,4313300.453,2428.563,-105.36467784,38.96810549,2414.536,123.424,,NAD83(2011) / UTM zone 13N + NAVD88(GEOID18) height,7,6,6,5,0
316,,468288.888,4313333.651,2422.368,,-105.36605071,38.96840034,2408.343,Global,0.010,0.011,0.010,0.015,1.734,m,FIX,RTK,2025-07-11 12:42:06.2 UTC-06:00,2025-07-11 12:42:09.2 UTC-06:00,16,1.2,1.4,468407.689,4313300.453,2428.563,-105.36467784,38.96810549,2414.536,123.530,,NAD83(2011) / UTM zone 13N + NAVD88(GEOID18) height,7,6,7,5,0
317,,468288.858,4313333.868,2422.363,,-105.36605106,38.96840230,2408.338,Global,0.011,0.011,0.011,0.015,1.734,m,FIX,RTK,2025-07-11 12:42:20.0 UTC-06:00,2025-07-11 12:42:23.0 UTC-06:00,16,1.2,1.4,468407.689,4313300.453,2428.563,-105.36467784,38.96810549,2414.536,123.617,,NAD83(2011) / UTM zone 13N + NAVD88(GEOID18) height,7,6,7,5,0
318,,468288.840,4313334.070,2422.482,,-105.36605127,38.96840412,2408.457,Global,0.011,0.012,0.012,0.016,1.734,m,FIX,RTK,2025-07-11 12:43:20.0 UTC-06:00,2025-07-11 12:43:50.0 UTC-06:00,151,1.3,1.6,468407.689,4313300.453,2428.563,-105.36467784,38.96810549,2414.536,123.677,,NAD83(2011) / UTM zone 13N + NAVD88(GEOID18) height,7,6,7,5,0
319,,468288.844,4313334.063,2422.477,,-105.36605123,38.96840406,2408.452,Global,0.010,0.011,0.010,0.015,1.734,m,FIX,RTK,2025-07-11 12:44:03.6 UTC-06:00,2025-07-11 12:44:06.6 UTC-06:00,16,1.2,1.4,468407.689,4313300.453,2428.563,-105.36467784,38.96810549,2414.536,123.675,,NAD83(2011) / UTM zone 13N + NAVD88(GEOID18) height,7,6,7,5,0
320,,468288.672,4313333.995,2422.468,,-105.36605321,38.96840344,2408.444,Global,0.011,0.010,0.011,0.015,1.734,m,FIX,RTK,2025-07-11 12:44:17.6 UTC-06:00,2025-07-11 12:44:20.6 UTC-06:00,16,1.2,1.4,468407.689,4313300.453,2428.563,-105.36467784,38.96810549,2414.536,123.821,,NAD83(2011) / UTM zone 13N + NAVD88(GEOID18) height,7,6,7,5,0
321,,468288.921,4313333.891,2422.366,,-105.36605033,38.96840251,2408.341,Global,0.010,0.011,0.011,0.015,1.734,m,FIX,RTK,2025-07-11 12:44:32.8 UTC-06:00,2025-07-11 12:44:35.8 UTC-06:00,16,1.2,1.4,468407.689,4313300.453,2428.563,-105.36467784,38.96810549,2414.536,123.564,,NAD83(2011) / UTM zone 13N + NAVD88(GEOID18) height,7,6,7,5,0
322,,468288.997,4313334.145,2422.441,,-105.36604947,38.96840480,2408.416,Global,0.010,0.011,0.011,0.015,1.734,m,FIX,RTK,2025-07-11 12:44:43.0 UTC-06:00,2025-07-11 12:44:46.0 UTC-06:00,16,1.2,1.4,468407.689,4313300.453,2428.563,-105.36467784,38.96810549,2414.536,123.551,,NAD83(2011) / UTM zone 13N + NAVD88(GEOID18) height,7,6,7,5,0
323,,468288.791,4313334.219,2422.480,,-105.36605185,38.96840546,2408.455,Global,0.010,0.011,0.011,0.015,1.734,m,FIX,RTK,2025-07-11 12:44:53.2 UTC-06:00,2025-07-11 12:44:56.2 UTC-06:00,16,1.2,1.4,468407.689,4313300.453,2428.563,-105.36467784,38.96810549,2414.536,123.766,,NAD83(2011) / UTM zone 13N + NAVD88(GEOID18) height,8,6,6,5,0
324,,468288.838,4313334.069,2422.476,,-105.36605131,38.96840411,2408.451,Global,0.010,0.011,0.011,0.015,1.734,m,FIX,RTK,2025-07-11 12:45:04.2 UTC-06:00,2025-07-11 12:45:07.2 UTC-06:00,16,1.2,1.4,468407.689,4313300.453,2428.563,-105.36467784,38.96810549,2414.536,123.684,,NAD83(2011) / UTM zone 13N + NAVD88(GEOID18) height,7,6,6,5,0
325,,468288.670,4313334.857,2422.558,,-105.36605328,38.96841121,2408.533,Global,0.010,0.010,0.012,0.015,1.734,m,FIX,RTK,2025-07-11 12:46:14.8 UTC-06:00,2025-07-11 12:46:17.8 UTC-06:00,16,1.2,1.4,468407.689,4313300.453,2428.563,-105.36467784,38.96810549,2414.536,124.058,,NAD83(2011) / UTM zone 13N + NAVD88(GEOID18) height,7,6,6,5,0
326,,468288.411,4313335.765,2422.519,,-105.36605630,38.96841938,2408.495,Global,0.010,0.010,0.010,0.014,1.734,m,FIX,RTK,2025-07-11 12:46:40.8 UTC-06:00,2025-07-11 12:46:43.8 UTC-06:00,16,1.2,1.4,468407.689,4313300.453,2428.563,-105.36467784,38.96810549,2414.536,124.564,,NAD83(2011) / UTM zone 13N + NAVD88(GEOID18) height,7,6,6,5,0
327,,468288.040,4313336.705,2422.524,,-105.36606063,38.96842784,2408.499,Global,0.010,0.011,0.010,0.015,1.734,m,FIX,RTK,2025-07-11 12:46:58.6 UTC-06:00,2025-07-11 12:47:01.6 UTC-06:00,16,1.2,1.4,468407.689,4313300.453,2428.563,-105.36467784,38.96810549,2414.536,125.187,,NAD83(2011) / UTM zone 13N + NAVD88(GEOID18) height,7,6,6,5,0
328,,468287.730,4313337.635,2422.469,,-105.36606425,38.96843620,2408.444,Global,0.010,0.010,0.011,0.014,1.734,m,FIX,RTK,2025-07-11 12:47:14.4 UTC-06:00,2025-07-11 12:47:17.4 UTC-06:00,16,1.2,1.4,468407.689,4313300.453,2428.563,-105.36467784,38.96810549,2414.536,125.759,,NAD83(2011) / UTM zone 13N + NAVD88(GEOID18) height,7,6,6,5,0
329,,468287.389,4313338.610,2422.386,,-105.36606824,38.96844498,2408.361,Global,0.010,0.011,0.011,0.015,1.734,m,FIX,RTK,2025-07-11 12:47:30.2 UTC-06:00,2025-07-11 12:47:33.2 UTC-06:00,16,1.2,1.4,468407.689,4313300.453,2428.563,-105.36467784,38.96810549,2414.536,126.383,,NAD83(2011) / UTM zone 13N + NAVD88(GEOID18) height,7,6,6,5,0
330,,468287.078,4313339.562,2422.315,,-105.36607187,38.96845355,2408.291,Global,0.010,0.010,0.010,0.015,1.734,m,FIX,RTK,2025-07-11 12:47:40.6 UTC-06:00,2025-07-11 12:47:43.6 UTC-06:00,16,1.2,1.4,468407.689,4313300.453,2428.563,-105.36467784,38.96810549,2414.536,126.970,,NAD83(2011) / UTM zone 13N + NAVD88(GEOID18) height,7,6,6,5,0
331,,468286.676,4313340.439,2422.178,,-105.36607655,38.96846144,2408.153,Global,0.011,0.010,0.010,0.015,1.734,m,FIX,RTK,2025-07-11 12:47:54.4 UTC-06:00,2025-07-11 12:47:57.4 UTC-06:00,16,1.2,1.4,468407.689,4313300.453,2428.563,-105.36467784,38.96810549,2414.536,127.635,,NAD83(2011) / UTM zone 13N + NAVD88(GEOID18) height,8,6,6,5,0
332,,468286.338,4313341.417,2422.176,,-105.36608050,38.96847024,2408.152,Global,0.011,0.011,0.010,0.015,1.734,m,FIX,RTK,2025-07-11 12:48:07.2 UTC-06:00,2025-07-11 12:48:10.2 UTC-06:00,16,1.2,1.4,468407.689,4313300.453,2428.563,-105.36467784,38.96810549,2414.536,128.262,,NAD83(2011) / UTM zone 13N + NAVD88(GEOID18) height,7,6,6,5,0
333,,468285.919,4313342.308,2422.170,,-105.36608538,38.96847825,2408.145,Global,0.010,0.010,0.013,0.015,1.734,m,FIX,RTK,2025-07-11 12:48:25.6 UTC-06:00,2025-07-11 12:48:28.6 UTC-06:00,16,1.4,1.7,468407.689,4313300.453,2428.563,-105.36467784,38.96810549,2414.536,128.945,,NAD83(2011) / UTM zone 13N + NAVD88(GEOID18) height,7,6,6,5,0
334,,468285.584,4313343.233,2422.209,,-105.36608929,38.96848657,2408.184,Global,0.011,0.010,0.011,0.015,1.734,m,FIX,RTK,2025-07-11 12:48:39.0 UTC-06:00,2025-07-11 12:48:42.0 UTC-06:00,16,1.4,1.7,468407.689,4313300.453,2428.563,-105.36467784,38.96810549,2414.536,129.567,,NAD83(2011) / UTM zone 13N + NAVD88(GEOID18) height,7,6,6,5,0
335,,468285.210,4313344.159,2422.224,,-105.36609365,38.96849490,2408.199,Global,0.010,0.013,0.011,0.017,1.734,m,FIX,RTK,2025-07-11 12:48:50.4 UTC-06:00,2025-07-11 12:48:53.4 UTC-06:00,16,1.4,1.7,468407.689,4313300.453,2428.563,-105.36467784,38.96810549,2414.536,130.223,,NAD83(2011) / UTM zone 13N + NAVD88(GEOID18) height,7,6,6,5,0
336,,468284.755,4313345.051,2422.208,,-105.36609895,38.96850293,2408.183,Global,0.015,0.010,0.011,0.018,1.734,m,FIX,RTK,2025-07-11 12:49:03.0 UTC-06:00,2025-07-11 12:49:06.0 UTC-06:00,16,1.4,1.7,468407.689,4313300.453,2428.563,-105.36467784,38.96810549,2414.536,130.960,,NAD83(2011) / UTM zone 13N + NAVD88(GEOID18) height,7,6,7,5,0
337,,468284.456,4313345.976,2422.205,,-105.36610243,38.96851125,2408.180,Global,0.011,0.011,0.010,0.015,1.734,m,FIX,RTK,2025-07-11 12:49:14.8 UTC-06:00,2025-07-11 12:49:17.8 UTC-06:00,16,1.4,1.7,468407.689,4313300.453,2428.563,-105.36467784,38.96810549,2414.536,131.552,,NAD83(2011) / UTM zone 13N + NAVD88(GEOID18) height,7,6,7,5,0
338,,468284.056,4313346.898,2422.181,,-105.36610710,38.96851955,2408.156,Global,0.011,0.011,0.011,0.015,1.734,m,FIX,RTK,2025-07-11 12:49:25.2 UTC-06:00,2025-07-11 12:49:28.2 UTC-06:00,16,1.4,1.7,468407.689,4313300.453,2428.563,-105.36467784,38.96810549,2414.536,132.254,,NAD83(2011) / UTM zone 13N + NAVD88(GEOID18) height,7,6,7,5,0
339,,468283.639,4313347.858,2422.153,,-105.36611196,38.96852818,2408.128,Global,0.013,0.010,0.010,0.017,1.734,m,FIX,RTK,2025-07-11 12:49:36.4 UTC-06:00,2025-07-11 12:49:39.4 UTC-06:00,16,1.3,1.6,468407.689,4313300.453,2428.563,-105.36467784,38.96810549,2414.536,132.987,,NAD83(2011) / UTM zone 13N + NAVD88(GEOID18) height,7,6,7,5,0
340,,468283.249,4313348.755,2422.142,,-105.36611650,38.96853625,2408.117,Global,0.010,0.010,0.011,0.015,1.734,m,FIX,RTK,2025-07-11 12:49:48.6 UTC-06:00,2025-07-11 12:49:51.6 UTC-06:00,16,1.3,1.6,468407.689,4313300.453,2428.563,-105.36467784,38.96810549,2414.536,133.672,,NAD83(2011) / UTM zone 13N + NAVD88(GEOID18) height,7,6,6,5,0
341,,468282.728,4313349.667,2422.167,,-105.36612255,38.96854445,2408.143,Global,0.010,0.012,0.010,0.016,1.734,m,FIX,RTK,2025-07-11 12:50:03.6 UTC-06:00,2025-07-11 12:50:06.6 UTC-06:00,16,1.3,1.5,468407.689,4313300.453,2428.563,-105.36467784,38.96810549,2414.536,134.488,,NAD83(2011) / UTM zone 13N + NAVD88(GEOID18) height,7,6,6,5,0
342,,468282.285,4313350.455,2422.261,,-105.36612771,38.96855154,2408.237,Global,0.011,0.011,0.013,0.016,1.734,m,FIX,RTK,2025-07-11 12:50:15.4 UTC-06:00,2025-07-11 12:50:18.4 UTC-06:00,16,1.3,1.5,468407.689,4313300.453,2428.563,-105.36467784,38.96810549,2414.536,135.187,,NAD83(2011) / UTM zone 13N + NAVD88(GEOID18) height,7,6,6,5,0
343,,468281.836,4313351.395,2422.467,,-105.36613293,38.96855998,2408.443,Global,0.012,0.011,0.011,0.016,1.734,m,FIX,RTK,2025-07-11 12:50:34.8 UTC-06:00,2025-07-11 12:50:37.8 UTC-06:00,16,1.3,1.5,468407.689,4313300.453,2428.563,-105.36467784,38.96810549,2414.536,135.957,,NAD83(2011) / UTM zone 13N + NAVD88(GEOID18) height,7,6,6,5,0
344,,468281.457,4313352.391,2422.598,,-105.36613736,38.96856895,2408.573,Global,0.013,0.012,0.012,0.018,1.734,m,FIX,RTK,2025-07-11 12:50:58.2 UTC-06:00,2025-07-11 12:51:01.2 UTC-06:00,16,1.3,1.5,468407.689,4313300.453,2428.563,-105.36467784,38.96810549,2414.536,136.666,,NAD83(2011) / UTM zone 13N + NAVD88(GEOID18) height,7,6,7,5,0
345,,468280.956,4313353.097,2422.673,,-105.36614317,38.96857529,2408.649,Global,0.010,0.011,0.013,0.015,1.734,m,FIX,RTK,2025-07-11 12:51:13.2 UTC-06:00,2025-07-11 12:51:16.2 UTC-06:00,16,1.3,1.6,468407.689,4313300.453,2428.563,-105.36467784,38.96810549,2414.536,137.406,,NAD83(2011) / UTM zone 13N + NAVD88(GEOID18) height,7,6,6,5,0
346,,468280.439,4313354.002,2422.921,,-105.36614918,38.96858343,2408.897,Global,0.011,0.011,0.014,0.016,1.734,m,FIX,RTK,2025-07-11 12:51:25.2 UTC-06:00,2025-07-11 12:51:28.2 UTC-06:00,16,1.5,1.8,468407.689,4313300.453,2428.563,-105.36467784,38.96810549,2414.536,138.229,,NAD83(2011) / UTM zone 13N + NAVD88(GEOID18) height,7,6,7,5,0
347,,468279.902,4313354.860,2423.093,,-105.36615542,38.96859115,2409.068,Global,0.011,0.011,0.011,0.016,1.734,m,FIX,RTK,2025-07-11 12:51:37.2 UTC-06:00,2025-07-11 12:51:40.2 UTC-06:00,16,1.3,1.5,468407.689,4313300.453,2428.563,-105.36467784,38.96810549,2414.536,139.036,,NAD83(2011) / UTM zone 13N + NAVD88(GEOID18) height,7,6,7,5,0
348,,468279.444,4313355.687,2423.221,,-105.36616074,38.96859858,2409.197,Global,0.010,0.012,0.012,0.016,1.734,m,FIX,RTK,2025-07-11 12:51:49.0 UTC-06:00,2025-07-11 12:51:52.0 UTC-06:00,16,1.3,1.5,468407.689,4313300.453,2428.563,-105.36467784,38.96810549,2414.536,139.783,,NAD83(2011) / UTM zone 13N + NAVD88(GEOID18) height,7,6,7,5,0
349,,468279.131,4313356.647,2423.459,,-105.36616440,38.96860722,2409.434,Global,0.011,0.012,0.012,0.016,1.734,m,FIX,RTK,2025-07-11 12:53:14.6 UTC-06:00,2025-07-11 12:53:17.6 UTC-06:00,16,1.3,1.6,468407.689,4313300.453,2428.563,-105.36467784,38.96810549,2414.536,140.457,,NAD83(2011) / UTM zone 13N + NAVD88(GEOID18) height,7,6,6,5,0
350,,468278.624,4313357.428,2423.729,,-105.36617029,38.96861424,2409.704,Global,0.012,0.011,0.010,0.016,1.734,m,FIX,RTK,2025-07-11 12:53:25.0 UTC-06:00,2025-07-11 12:53:28.0 UTC-06:00,16,1.3,1.6,468407.689,4313300.453,2428.563,-105.36467784,38.96810549,2414.536,141.227,,NAD83(2011) / UTM zone 13N + NAVD88(GEOID18) height,7,6,7,5,0
351,,468278.098,4313358.256,2423.947,,-105.36617640,38.96862168,2409.923,Global,0.011,0.010,0.012,0.015,1.734,m,FIX,RTK,2025-07-11 12:53:36.0 UTC-06:00,2025-07-11 12:53:39.0 UTC-06:00,16,1.3,1.6,468407.689,4313300.453,2428.563,-105.36467784,38.96810549,2414.536,142.034,,NAD83(2011) / UTM zone 13N + NAVD88(GEOID18) height,7,6,7,5,0
352,,468277.673,4313359.200,2424.217,,-105.36618135,38.96863016,2410.192,Global,0.011,0.011,0.010,0.015,1.734,m,FIX,RTK,2025-07-11 12:53:47.6 UTC-06:00,2025-07-11 12:53:50.6 UTC-06:00,16,1.3,1.5,468407.689,4313300.453,2428.563,-105.36467784,38.96810549,2414.536,142.801,,NAD83(2011) / UTM zone 13N + NAVD88(GEOID18) height,7,6,6,5,0
353,,468279.984,4313355.616,2423.190,,-105.36615451,38.96859796,2409.166,Global,0.011,0.011,0.011,0.015,1.734,m,FIX,RTK,2025-07-11 12:57:20.0 UTC-06:00,2025-07-11 12:57:50.0 UTC-06:00,151,1.3,1.5,468407.689,4313300.453,2428.563,-105.36467784,38.96810549,2414.536,139.269,,NAD83(2011) / UTM zone 13N + NAVD88(GEOID18) height,8,6,6,5,0
354,,468279.986,4313355.617,2423.203,,-105.36615449,38.96859797,2409.178,Global,0.010,0.010,0.010,0.014,1.734,m,FIX,RTK,2025-07-11 12:58:01.6 UTC-06:00,2025-07-11 12:58:04.6 UTC-06:00,16,1.3,1.5,468407.689,4313300.453,2428.563,-105.36467784,38.96810549,2414.536,139.264,,NAD83(2011) / UTM zone 13N + NAVD88(GEOID18) height,8,6,6,5,0
355,,468279.817,4313355.555,2423.160,,-105.36615643,38.96859740,2409.136,Global,0.011,0.011,0.011,0.015,1.734,m,FIX,RTK,2025-07-11 12:58:12.4 UTC-06:00,2025-07-11 12:58:15.4 UTC-06:00,16,1.3,1.5,468407.689,4313300.453,2428.563,-105.36467784,38.96810549,2414.536,139.404,,NAD83(2011) / UTM zone 13N + NAVD88(GEOID18) height,8,6,6,5,0
356,,468280.059,4313355.489,2423.133,,-105.36615364,38.96859681,2409.108,Global,0.010,0.010,0.010,0.015,1.734,m,FIX,RTK,2025-07-11 12:58:21.2 UTC-06:00,2025-07-11 12:58:24.2 UTC-06:00,16,1.3,1.6,468407.689,4313300.453,2428.563,-105.36467784,38.96810549,2414.536,139.144,,NAD83(2011) / UTM zone 13N + NAVD88(GEOID18) height,8,6,6,5,0
357,,468280.172,4313355.734,2423.182,,-105.36615234,38.96859903,2409.157,Global,0.010,0.010,0.010,0.015,1.734,m,FIX,RTK,2025-07-11 12:58:29.4 UTC-06:00,2025-07-11 12:58:32.4 UTC-06:00,16,1.3,1.6,468407.689,4313300.453,2428.563,-105.36467784,38.96810549,2414.536,139.137,,NAD83(2011) / UTM zone 13N + NAVD88(GEOID18) height,8,6,6,5,0
358,,468279.867,4313355.771,2423.175,,-105.36615586,38.96859935,2409.151,Global,0.011,0.010,0.010,0.015,1.734,m,FIX,RTK,2025-07-11 12:58:40.4 UTC-06:00,2025-07-11 12:58:43.4 UTC-06:00,16,1.3,1.6,468407.689,4313300.453,2428.563,-105.36467784,38.96810549,2414.536,139.436,,NAD83(2011) / UTM zone 13N + NAVD88(GEOID18) height,8,6,6,5,0
359,,468279.975,4313355.633,2423.175,,-105.36615461,38.96859811,2409.151,Global,0.012,0.010,0.011,0.016,1.734,m,FIX,RTK,2025-07-11 12:58:55.6 UTC-06:00,2025-07-11 12:58:58.6 UTC-06:00,16,1.3,1.6,468407.689,4313300.453,2428.563,-105.36467784,38.96810549,2414.536,139.287,,NAD83(2011) / UTM zone 13N + NAVD88(GEOID18) height,7,6,6,5,0
360,,468298.341,4313309.009,2422.944,,-105.36594045,38.96817864,2408.919,Global,0.011,0.010,0.012,0.015,1.734,m,FIX,RTK,2025-07-11 13:07:29.8 UTC-06:00,2025-07-11 13:07:32.8 UTC-06:00,16,1.3,1.6,468407.689,4313300.453,2428.563,-105.36467784,38.96810549,2414.536,109.836,,NAD83(2011) / UTM zone 13N + NAVD88(GEOID18) height,6,6,6,5,0
361,,468298.455,4313308.583,2423.041,,-105.36593911,38.96817480,2409.016,Global,0.010,0.010,0.011,0.015,1.734,m,FIX,RTK,2025-07-11 13:08:11.8 UTC-06:00,2025-07-11 13:08:14.8 UTC-06:00,16,1.3,1.6,468407.689,4313300.453,2428.563,-105.36467784,38.96810549,2414.536,109.681,,NAD83(2011) / UTM zone 13N + NAVD88(GEOID18) height,8,7,6,5,0
362,,468298.601,4313308.129,2423.113,,-105.36593741,38.96817072,2409.087,Global,0.011,0.010,0.011,0.015,1.734,m,FIX,RTK,2025-07-11 13:08:36.6 UTC-06:00,2025-07-11 13:08:39.6 UTC-06:00,16,1.5,1.8,468407.689,4313300.453,2428.563,-105.36467784,38.96810549,2414.536,109.513,,NAD83(2011) / UTM zone 13N + NAVD88(GEOID18) height,7,7,6,5,0
363,,468298.811,4313307.657,2423.106,,-105.36593496,38.96816647,2409.080,Global,0.012,0.011,0.011,0.016,1.734,m,FIX,RTK,2025-07-11 13:08:58.4 UTC-06:00,2025-07-11 13:09:01.4 UTC-06:00,16,1.6,1.9,468407.689,4313300.453,2428.563,-105.36467784,38.96810549,2414.536,109.262,,NAD83(2011) / UTM zone 13N + NAVD88(GEOID18) height,6,7,6,5,0
364,,468298.890,4313307.167,2423.160,,-105.36593403,38.96816206,2409.134,Global,0.011,0.011,0.010,0.015,1.734,m,FIX,RTK,2025-07-11 13:09:14.8 UTC-06:00,2025-07-11 13:09:17.8 UTC-06:00,16,1.6,1.9,468407.689,4313300.453,2428.563,-105.36467784,38.96810549,2414.536,109.149,,NAD83(2011) / UTM zone 13N + NAVD88(GEOID18) height,6,6,6,5,0
365,,468299.093,4313306.722,2423.149,,-105.36593166,38.96815805,2409.124,Global,0.010,0.010,0.010,0.014,1.734,m,FIX,RTK,2025-07-11 13:09:35.0 UTC-06:00,2025-07-11 13:09:38.0 UTC-06:00,16,1.5,1.8,468407.689,4313300.453,2428.563,-105.36467784,38.96810549,2414.536,108.923,,NAD83(2011) / UTM zone 13N + NAVD88(GEOID18) height,6,6,6,5,0
366,,468299.302,4313306.297,2423.194,,-105.36592923,38.96815423,2409.169,Global,0.011,0.012,0.010,0.016,1.734,m,FIX,RTK,2025-07-11 13:09:51.0 UTC-06:00,2025-07-11 13:09:54.0 UTC-06:00,16,1.5,1.8,468407.689,4313300.453,2428.563,-105.36467784,38.96810549,2414.536,108.690,,NAD83(2011) / UTM zone 13N + NAVD88(GEOID18) height,7,7,6,5,0
367,,468299.431,4313305.837,2423.257,,-105.36592771,38.96815009,2409.232,Global,0.010,0.010,0.010,0.014,1.734,m,FIX,RTK,2025-07-11 13:10:10.4 UTC-06:00,2025-07-11 13:10:13.4 UTC-06:00,16,1.5,1.8,468407.689,4313300.453,2428.563,-105.36467784,38.96810549,2414.536,108.537,,NAD83(2011) / UTM zone 13N + NAVD88(GEOID18) height,6,5,6,5,0
368,,468299.629,4313305.369,2423.295,,-105.36592541,38.96814588,2409.270,Global,0.011,0.011,0.011,0.016,1.734,m,FIX,RTK,2025-07-11 13:10:32.4 UTC-06:00,2025-07-11 13:10:35.4 UTC-06:00,16,1.5,1.9,468407.689,4313300.453,2428.563,-105.36467784,38.96810549,2414.536,108.307,,NAD83(2011) / UTM zone 13N + NAVD88(GEOID18) height,7,7,6,5,0
369,,468299.776,4313304.885,2423.281,,-105.36592369,38.96814153,2409.255,Global,0.010,0.010,0.011,0.014,1.734,m,FIX,RTK,2025-07-11 13:10:59.2 UTC-06:00,2025-07-11 13:11:02.2 UTC-06:00,16,1.5,1.8,468407.689,4313300.453,2428.563,-105.36467784,38.96810549,2414.536,108.147,,NAD83(2011) / UTM zone 13N + NAVD88(GEOID18) height,8,6,6,5,0
370,,468299.945,4313304.445,2423.243,,-105.36592172,38.96813757,2409.218,Global,0.011,0.010,0.010,0.015,1.734,m,FIX,RTK,2025-07-11 13:11:21.2 UTC-06:00,2025-07-11 13:11:24.2 UTC-06:00,16,1.5,1.8,468407.689,4313300.453,2428.563,-105.36467784,38.96810549,2414.536,107.960,,NAD83(2011) / UTM zone 13N + NAVD88(GEOID18) height,7,7,6,5,0
371,,468300.128,4313303.936,2423.341,,-105.36591959,38.96813299,2409.316,Global,0.011,0.010,0.010,0.015,1.734,m,FIX,RTK,2025-07-11 13:11:43.4 UTC-06:00,2025-07-11 13:11:46.4 UTC-06:00,16,1.5,1.8,468407.689,4313300.453,2428.563,-105.36467784,38.96810549,2414.536,107.748,,NAD83(2011) / UTM zone 13N + NAVD88(GEOID18) height,8,7,6,5,0
372,,468300.356,4313303.540,2423.317,,-105.36591694,38.96812942,2409.291,Global,0.017,0.011,0.010,0.020,1.734,m,FIX,RTK,2025-07-11 13:11:59.6 UTC-06:00,2025-07-11 13:12:02.6 UTC-06:00,16,1.5,1.8,468407.689,4313300.453,2428.563,-105.36467784,38.96810549,2414.536,107.505,,NAD83(2011) / UTM zone 13N + NAVD88(GEOID18) height,7,7,6,5,0
373,,468300.555,4313303.043,2423.270,,-105.36591461,38.96812495,2409.244,Global,0.013,0.012,0.011,0.017,1.734,m,FIX,RTK,2025-07-11 13:12:18.0 UTC-06:00,2025-07-11 13:12:21.0 UTC-06:00,16,1.5,1.8,468407.689,4313300.453,2428.563,-105.36467784,38.96810549,2414.536,107.314,,NAD83(2011) / UTM zone 13N + NAVD88(GEOID18) height,7,6,6,5,0
374,,468300.712,4313302.558,2423.291,,-105.36591278,38.96812059,2409.266,Global,0.011,0.011,0.010,0.016,1.734,m,FIX,RTK,2025-07-11 13:12:37.6 UTC-06:00,2025-07-11 13:12:40.6 UTC-06:00,16,1.5,1.8,468407.689,4313300.453,2428.563,-105.36467784,38.96810549,2414.536,107.129,,NAD83(2011) / UTM zone 13N + NAVD88(GEOID18) height,8,7,6,5,0
375,,468300.892,4313302.107,2423.262,,-105.36591067,38.96811653,2409.236,Global,0.011,0.011,0.010,0.015,1.734,m,FIX,RTK,2025-07-11 13:12:57.2 UTC-06:00,2025-07-11 13:13:00.2 UTC-06:00,16,1.5,1.8,468407.689,4313300.453,2428.563,-105.36467784,38.96810549,2414.536,106.952,,NAD83(2011) / UTM zone 13N + NAVD88(GEOID18) height,8,7,6,5,0
376,,468301.007,4313301.627,2423.195,,-105.36590933,38.96811221,2409.169,Global,0.010,0.010,0.010,0.015,1.734,m,FIX,RTK,2025-07-11 13:13:21.4 UTC-06:00,2025-07-11 13:13:24.4 UTC-06:00,16,1.5,1.8,468407.689,4313300.453,2428.563,-105.36467784,38.96810549,2414.536,106.834,,NAD83(2011) / UTM zone 13N + NAVD88(GEOID18) height,8,7,7,5,0
377,,468301.231,4313301.202,2423.304,,-105.36590672,38.96810839,2409.279,Global,0.011,0.010,0.010,0.015,1.734,m,FIX,RTK,2025-07-11 13:13:51.0 UTC-06:00,2025-07-11 13:13:54.0 UTC-06:00,16,1.5,1.8,468407.689,4313300.453,2428.563,-105.36467784,38.96810549,2414.536,106.612,,NAD83(2011) / UTM zone 13N + NAVD88(GEOID18) height,7,5,7,5,0
378,,468301.385,4313300.738,2423.199,,-105.36590493,38.96810421,2409.174,Global,0.012,0.011,0.011,0.016,1.734,m,FIX,RTK,2025-07-11 13:14:14.6 UTC-06:00,2025-07-11 13:14:17.6 UTC-06:00,16,1.5,1.8,468407.689,4313300.453,2428.563,-105.36467784,38.96810549,2414.536,106.453,,NAD83(2011) / UTM zone 13N + NAVD88(GEOID18) height,7,7,6,5,0
379,,468301.534,4313300.235,2423.188,,-105.36590319,38.96809969,2409.162,Global,0.010,0.010,0.010,0.015,1.734,m,FIX,RTK,2025-07-11 13:14:28.4 UTC-06:00,2025-07-11 13:14:31.4 UTC-06:00,16,1.5,1.8,468407.689,4313300.453,2428.563,-105.36467784,38.96810549,2414.536,106.299,,NAD83(2011) / UTM zone 13N + NAVD88(GEOID18) height,7,7,7,5,0
380,,468301.738,4313299.751,2423.171,,-105.36590081,38.96809533,2409.146,Global,0.011,0.011,0.010,0.015,1.734,m,FIX,RTK,2025-07-11 13:14:49.0 UTC-06:00,2025-07-11 13:14:52.0 UTC-06:00,16,1.5,1.8,468407.689,4313300.453,2428.563,-105.36467784,38.96810549,2414.536,106.100,,NAD83(2011) / UTM zone 13N + NAVD88(GEOID18) height,8,7,7,5,0
381,,468301.898,4313299.315,2423.146,,-105.36589894,38.96809141,2409.121,Global,0.010,0.011,0.010,0.015,1.734,m,FIX,RTK,2025-07-11 13:15:04.4 UTC-06:00,2025-07-11 13:15:07.4 UTC-06:00,16,1.5,1.8,468407.689,4313300.453,2428.563,-105.36467784,38.96810549,2414.536,105.938,,NAD83(2011) / UTM zone 13N + NAVD88(GEOID18) height,8,7,7,5,0
382,,468302.101,4313298.851,2423.153,,-105.36589658,38.96808723,2409.127,Global,0.011,0.010,0.010,0.015,1.734,m,FIX,RTK,2025-07-11 13:15:21.0 UTC-06:00,2025-07-11 13:15:24.0 UTC-06:00,16,1.3,1.5,468407.689,4313300.453,2428.563,-105.36467784,38.96810549,2414.536,105.737,,NAD83(2011) / UTM zone 13N + NAVD88(GEOID18) height,8,6,6,5,0
383,,468302.298,4313298.386,2423.142,,-105.36589428,38.96808306,2409.117,Global,0.010,0.010,0.010,0.015,1.734,m,FIX,RTK,2025-07-11 13:15:35.0 UTC-06:00,2025-07-11 13:15:38.0 UTC-06:00,16,1.3,1.5,468407.689,4313300.453,2428.563,-105.36467784,38.96810549,2414.536,105.558,,NAD83(2011) / UTM zone 13N + NAVD88(GEOID18) height,8,6,7,5,0
384,,468302.420,4313297.926,2423.097,,-105.36589285,38.96807891,2409.072,Global,0.012,0.011,0.011,0.016,1.734,m,FIX,RTK,2025-07-11 13:15:51.6 UTC-06:00,2025-07-11 13:15:54.6 UTC-06:00,16,1.3,1.5,468407.689,4313300.453,2428.563,-105.36467784,38.96810549,2414.536,105.451,,NAD83(2011) / UTM zone 13N + NAVD88(GEOID18) height,8,6,7,5,0
385,,468302.653,4313297.459,2423.054,,-105.36589013,38.96807472,2409.028,Global,0.010,0.011,0.010,0.015,1.734,m,FIX,RTK,2025-07-11 13:16:08.2 UTC-06:00,2025-07-11 13:16:11.2 UTC-06:00,16,1.3,1.5,468407.689,4313300.453,2428.563,-105.36467784,38.96810549,2414.536,105.228,,NAD83(2011) / UTM zone 13N + NAVD88(GEOID18) height,8,6,7,5,0
386,,468302.795,4313296.974,2423.020,,-105.36588848,38.96807035,2408.994,Global,0.011,0.010,0.010,0.015,1.734,m,FIX,RTK,2025-07-11 13:16:27.4 UTC-06:00,2025-07-11 13:16:30.4 UTC-06:00,16,1.3,1.5,468407.689,4313300.453,2428.563,-105.36467784,38.96810549,2414.536,105.107,,NAD83(2011) / UTM zone 13N + NAVD88(GEOID18) height,8,6,7,5,0
387,,468302.990,4313296.485,2423.061,,-105.36588620,38.96806594,2409.035,Global,0.011,0.012,0.011,0.016,1.734,m,FIX,RTK,2025-07-11 13:16:43.2 UTC-06:00,2025-07-11 13:16:46.2 UTC-06:00,16,1.3,1.5,468407.689,4313300.453,2428.563,-105.36467784,38.96810549,2414.536,104.922,,NAD83(2011) / UTM zone 13N + NAVD88(GEOID18) height,8,6,7,5,0
388,,468303.107,4313296.048,2423.074,,-105.36588483,38.96806201,2409.048,Global,0.011,0.011,0.011,0.016,1.734,m,FIX,RTK,2025-07-11 13:17:11.8 UTC-06:00,2025-07-11 13:17:14.8 UTC-06:00,16,1.3,1.5,468407.689,4313300.453,2428.563,-105.36467784,38.96810549,2414.536,104.833,,NAD83(2011) / UTM zone 13N + NAVD88(GEOID18) height,8,6,7,5,0
389,,468303.330,4313295.636,2423.016,,-105.36588224,38.96805831,2408.991,Global,0.011,0.010,0.010,0.015,1.734,m,FIX,RTK,2025-07-11 13:17:34.6 UTC-06:00,2025-07-11 13:17:37.6 UTC-06:00,16,1.3,1.5,468407.689,4313300.453,2428.563,-105.36467784,38.96810549,2414.536,104.621,,NAD83(2011) / UTM zone 13N + NAVD88(GEOID18) height,8,6,7,5,0
390,,468303.545,4313295.139,2422.995,,-105.36587974,38.96805384,2408.969,Global,0.010,0.010,0.010,0.015,1.734,m,FIX,RTK,2025-07-11 13:17:52.8 UTC-06:00,2025-07-11 13:17:55.8 UTC-06:00,16,1.3,1.5,468407.689,4313300.453,2428.563,-105.36467784,38.96810549,2414.536,104.432,,NAD83(2011) / UTM zone 13N + NAVD88(GEOID18) height,8,6,7,5,0
391,,468303.691,4313294.647,2423.001,,-105.36587802,38.96804941,2408.975,Global,0.010,0.010,0.010,0.015,1.734,m,FIX,RTK,2025-07-11 13:18:09.6 UTC-06:00,2025-07-11 13:18:12.6 UTC-06:00,16,1.3,1.5,468407.689,4313300.453,2428.563,-105.36467784,38.96810549,2414.536,104.315,,NAD83(2011) / UTM zone 13N + NAVD88(GEOID18) height,8,6,7,5,0
392,,468303.951,4313294.194,2422.943,,-105.36587500,38.96804533,2408.917,Global,0.010,0.011,0.010,0.016,1.734,m,FIX,RTK,2025-07-11 13:18:23.0 UTC-06:00,2025-07-11 13:18:26.0 UTC-06:00,16,1.3,1.5,468407.689,4313300.453,2428.563,-105.36467784,38.96810549,2414.536,104.080,,NAD83(2011) / UTM zone 13N + NAVD88(GEOID18) height,8,6,7,5,0
393,,468304.076,4313293.759,2422.904,,-105.36587354,38.96804142,2408.879,Global,0.010,0.010,0.010,0.014,1.734,m,FIX,RTK,2025-07-11 13:18:49.2 UTC-06:00,2025-07-11 13:18:52.2 UTC-06:00,16,1.3,1.5,468407.689,4313300.453,2428.563,-105.36467784,38.96810549,2414.536,103.981,,NAD83(2011) / UTM zone 13N + NAVD88(GEOID18) height,8,6,7,5,0
394,,468304.346,4313293.319,2422.825,,-105.36587041,38.96803746,2408.800,Global,0.010,0.012,0.011,0.016,1.734,m,FIX,RTK,2025-07-11 13:19:03.6 UTC-06:00,2025-07-11 13:19:06.6 UTC-06:00,16,1.3,1.5,468407.689,4313300.453,2428.563,-105.36467784,38.96810549,2414.536,103.744,,NAD83(2011) / UTM zone 13N + NAVD88(GEOID18) height,8,6,7,5,0
395,,468304.547,4313292.855,2422.774,,-105.36586806,38.96803329,2408.749,Global,0.012,0.010,0.010,0.016,1.734,m,FIX,RTK,2025-07-11 13:19:21.4 UTC-06:00,2025-07-11 13:19:24.4 UTC-06:00,16,1.4,1.7,468407.689,4313300.453,2428.563,-105.36467784,38.96810549,2414.536,103.571,,NAD83(2011) / UTM zone 13N + NAVD88(GEOID18) height,7,6,7,5,0
396,,468304.692,4313292.379,2422.698,,-105.36586637,38.96802901,2408.673,Global,0.011,0.011,0.010,0.015,1.734,m,FIX,RTK,2025-07-11 13:19:39.0 UTC-06:00,2025-07-11 13:19:42.0 UTC-06:00,16,1.2,1.4,468407.689,4313300.453,2428.563,-105.36467784,38.96810549,2414.536,103.467,,NAD83(2011) / UTM zone 13N + NAVD88(GEOID18) height,9,6,7,5,0
397,,468304.959,4313291.952,2422.591,,-105.36586327,38.96802517,2408.565,Global,0.010,0.011,0.010,0.015,1.734,m,FIX,RTK,2025-07-11 13:19:58.2 UTC-06:00,2025-07-11 13:20:01.2 UTC-06:00,16,1.3,1.5,468407.689,4313300.453,2428.563,-105.36467784,38.96810549,2414.536,103.255,,NAD83(2011) / UTM zone 13N + NAVD88(GEOID18) height,9,6,7,5,0
398,,468305.141,4313291.553,2422.517,,-105.36586115,38.96802158,2408.491,Global,0.011,0.010,0.010,0.015,1.734,m,FIX,RTK,2025-07-11 13:20:15.0 UTC-06:00,2025-07-11 13:20:18.0 UTC-06:00,16,1.3,1.5,468407.689,4313300.453,2428.563,-105.36467784,38.96810549,2414.536,103.101,,NAD83(2011) / UTM zone 13N + NAVD88(GEOID18) height,8,5,7,5,0
399,,468305.294,4313291.093,2422.507,,-105.36585936,38.96801745,2408.481,Global,0.011,0.014,0.010,0.018,1.734,m,FIX,RTK,2025-07-11 13:20:28.8 UTC-06:00,2025-07-11 13:20:31.8 UTC-06:00,16,1.2,1.4,468407.689,4313300.453,2428.563,-105.36467784,38.96810549,2414.536,103.000,,NAD83(2011) / UTM zone 13N + NAVD88(GEOID18) height,8,6,7,6,0
400,,468305.472,4313290.624,2422.473,,-105.36585728,38.96801322,2408.447,Global,0.010,0.011,0.010,0.015,1.734,m,FIX,RTK,2025-07-11 13:20:51.4 UTC-06:00,2025-07-11 13:20:54.4 UTC-06:00,16,1.2,1.4,468407.689,4313300.453,2428.563,-105.36467784,38.96810549,2414.536,102.862,,NAD83(2011) / UTM zone 13N + NAVD88(GEOID18) height,7,6,7,5,0
401,,468305.643,4313290.146,2422.434,,-105.36585528,38.96800892,2408.409,Global,0.010,0.011,0.010,0.015,1.734,m,FIX,RTK,2025-07-11 13:21:05.6 UTC-06:00,2025-07-11 13:21:08.6 UTC-06:00,16,1.2,1.4,468407.689,4313300.453,2428.563,-105.36467784,38.96810549,2414.536,102.736,,NAD83(2011) / UTM zone 13N + NAVD88(GEOID18) height,7,6,7,5,0
402,,468305.822,4313289.718,2422.446,,-105.36585320,38.96800507,2408.421,Global,0.011,0.012,0.010,0.016,1.734,m,FIX,RTK,2025-07-11 13:21:21.6 UTC-06:00,2025-07-11 13:21:24.6 UTC-06:00,16,1.2,1.4,468407.689,4313300.453,2428.563,-105.36467784,38.96810549,2414.536,102.608,,NAD83(2011) / UTM zone 13N + NAVD88(GEOID18) height,7,6,7,5,0
403,,468305.928,4313289.224,2422.459,,-105.36585195,38.96800062,2408.433,Global,0.010,0.011,0.010,0.015,1.734,m,FIX,RTK,2025-07-11 13:21:34.4 UTC-06:00,2025-07-11 13:21:37.4 UTC-06:00,16,1.2,1.4,468407.689,4313300.453,2428.563,-105.36467784,38.96810549,2414.536,102.548,,NAD83(2011) / UTM zone 13N + NAVD88(GEOID18) height,9,5,7,5,0
404,,468306.158,4313288.761,2422.466,,-105.36584927,38.96799646,2408.440,Global,0.010,0.011,0.011,0.015,1.734,m,FIX,RTK,2025-07-11 13:21:58.6 UTC-06:00,2025-07-11 13:22:01.6 UTC-06:00,16,1.2,1.4,468407.689,4313300.453,2428.563,-105.36467784,38.96810549,2414.536,102.374,,NAD83(2011) / UTM zone 13N + NAVD88(GEOID18) height,8,6,7,5,0
405,,468306.330,4313288.317,2422.422,,-105.36584727,38.96799247,2408.397,Global,0.010,0.011,0.010,0.015,1.734,m,FIX,RTK,2025-07-11 13:22:21.4 UTC-06:00,2025-07-11 13:22:24.4 UTC-06:00,16,1.2,1.4,468407.689,4313300.453,2428.563,-105.36467784,38.96810549,2414.536,102.260,,NAD83(2011) / UTM zone 13N + NAVD88(GEOID18) height,8,6,7,5,0
406,,468306.519,4313287.840,2422.414,,-105.36584506,38.96798817,2408.388,Global,0.011,0.010,0.010,0.015,1.734,m,FIX,RTK,2025-07-11 13:22:37.4 UTC-06:00,2025-07-11 13:22:40.4 UTC-06:00,16,1.3,1.6,468407.689,4313300.453,2428.563,-105.36467784,38.96810549,2414.536,102.128,,NAD83(2011) / UTM zone 13N + NAVD88(GEOID18) height,7,6,7,5,0
407,,468306.707,4313287.380,2422.661,,-105.36584288,38.96798403,2408.635,Global,0.011,0.011,0.010,0.015,1.734,m,FIX,RTK,2025-07-11 13:22:58.4 UTC-06:00,2025-07-11 13:23:01.4 UTC-06:00,16,1.2,1.4,468407.689,4313300.453,2428.563,-105.36467784,38.96810549,2414.536,101.991,,NAD83(2011) / UTM zone 13N + NAVD88(GEOID18) height,9,6,7,5,0
408,,468306.874,4313286.891,2422.397,,-105.36584093,38.96797963,2408.371,Global,0.011,0.010,0.011,0.015,1.734,m,FIX,RTK,2025-07-11 13:23:13.0 UTC-06:00,2025-07-11 13:23:16.0 UTC-06:00,16,1.3,1.6,468407.689,4313300.453,2428.563,-105.36467784,38.96810549,2414.536,101.905,,NAD83(2011) / UTM zone 13N + NAVD88(GEOID18) height,8,6,7,5,0
409,,468307.109,4313286.431,2422.383,,-105.36583819,38.96797550,2408.358,Global,0.010,0.010,0.010,0.014,1.734,m,FIX,RTK,2025-07-11 13:23:29.6 UTC-06:00,2025-07-11 13:23:32.6 UTC-06:00,16,1.3,1.6,468407.689,4313300.453,2428.563,-105.36467784,38.96810549,2414.536,101.725,,NAD83(2011) / UTM zone 13N + NAVD88(GEOID18) height,9,6,7,5,0
410,,468307.271,4313285.995,2422.414,,-105.36583631,38.96797157,2408.388,Global,0.011,0.011,0.010,0.016,1.734,m,FIX,RTK,2025-07-11 13:23:49.8 UTC-06:00,2025-07-11 13:23:52.8 UTC-06:00,16,1.2,1.5,468407.689,4313300.453,2428.563,-105.36467784,38.96810549,2414.536,101.623,,NAD83(2011) / UTM zone 13N + NAVD88(GEOID18) height,9,6,7,5,0
411,,468307.462,4313285.531,2422.418,,-105.36583407,38.96796740,2408.392,Global,0.010,0.010,0.010,0.015,1.734,m,FIX,RTK,2025-07-11 13:24:02.2 UTC-06:00,2025-07-11 13:24:05.2 UTC-06:00,16,1.3,1.6,468407.689,4313300.453,2428.563,-105.36467784,38.96810549,2414.536,101.503,,NAD83(2011) / UTM zone 13N + NAVD88(GEOID18) height,8,6,7,5,0
412,,468307.658,4313285.065,2422.381,,-105.36583180,38.96796320,2408.356,Global,0.011,0.010,0.010,0.015,1.734,m,FIX,RTK,2025-07-11 13:24:14.0 UTC-06:00,2025-07-11 13:24:17.0 UTC-06:00,16,1.3,1.6,468407.689,4313300.453,2428.563,-105.36467784,38.96810549,2414.536,101.386,,NAD83(2011) / UTM zone 13N + NAVD88(GEOID18) height,7,6,7,5,0
413,,468307.829,4313284.577,2422.405,,-105.36582979,38.96795881,2408.380,Global,0.010,0.010,0.010,0.015,1.734,m,FIX,RTK,2025-07-11 13:24:33.6 UTC-06:00,2025-07-11 13:24:36.6 UTC-06:00,16,1.3,1.6,468407.689,4313300.453,2428.563,-105.36467784,38.96810549,2414.536,101.292,,NAD83(2011) / UTM zone 13N + NAVD88(GEOID18) height,8,6,7,5,0
414,,468308.030,4313284.116,2422.419,,-105.36582745,38.96795467,2408.393,Global,0.011,0.011,0.011,0.015,1.734,m,FIX,RTK,2025-07-11 13:24:52.4 UTC-06:00,2025-07-11 13:24:55.4 UTC-06:00,16,1.3,1.6,468407.689,4313300.453,2428.563,-105.36467784,38.96810549,2414.536,101.157,,NAD83(2011) / UTM zone 13N + NAVD88(GEOID18) height,8,6,7,5,0
415,,468308.216,4313283.670,2422.436,,-105.36582528,38.96795066,2408.411,Global,0.011,0.010,0.010,0.015,1.734,m,FIX,RTK,2025-07-11 13:25:05.0 UTC-06:00,2025-07-11 13:25:08.0 UTC-06:00,16,1.3,1.6,468407.689,4313300.453,2428.563,-105.36467784,38.96810549,2414.536,101.052,,NAD83(2011) / UTM zone 13N + NAVD88(GEOID18) height,8,6,7,5,0
416,,468308.382,4313283.206,2422.486,,-105.36582334,38.96794648,2408.460,Global,0.010,0.010,0.010,0.015,1.734,m,FIX,RTK,2025-07-11 13:25:18.6 UTC-06:00,2025-07-11 13:25:21.6 UTC-06:00,16,1.3,1.6,468407.689,4313300.453,2428.563,-105.36467784,38.96810549,2414.536,100.965,,NAD83(2011) / UTM zone 13N + NAVD88(GEOID18) height,8,6,7,5,0
417,,468308.582,4313282.741,2422.511,,-105.36582102,38.96794230,2408.485,Global,0.011,0.010,0.011,0.015,1.734,m,FIX,RTK,2025-07-11 13:25:37.6 UTC-06:00,2025-07-11 13:25:40.6 UTC-06:00,16,1.2,1.4,468407.689,4313300.453,2428.563,-105.36467784,38.96810549,2414.536,100.840,,NAD83(2011) / UTM zone 13N + NAVD88(GEOID18) height,8,5,7,4,0
418,,468308.767,4313282.289,2422.525,,-105.36581886,38.96793823,2408.499,Global,0.010,0.011,0.010,0.015,1.734,m,FIX,RTK,2025-07-11 13:25:56.0 UTC-06:00,2025-07-11 13:25:59.0 UTC-06:00,16,1.3,1.6,468407.689,4313300.453,2428.563,-105.36467784,38.96810549,2414.536,100.753,,NAD83(2011) / UTM zone 13N + NAVD88(GEOID18) height,8,6,7,5,0
419,,468308.952,4313281.772,2422.486,,-105.36581670,38.96793358,2408.460,Global,0.010,0.011,0.012,0.015,1.734,m,FIX,RTK,2025-07-11 13:26:14.2 UTC-06:00,2025-07-11 13:26:17.2 UTC-06:00,16,1.2,1.4,468407.689,4313300.453,2428.563,-105.36467784,38.96810549,2414.536,100.653,,NAD83(2011) / UTM zone 13N + NAVD88(GEOID18) height,8,6,7,5,0
420,,468309.152,4313281.355,2422.457,,-105.36581437,38.96792983,2408.431,Global,0.010,0.010,0.011,0.014,1.734,m,FIX,RTK,2025-07-11 13:26:29.8 UTC-06:00,2025-07-11 13:26:32.8 UTC-06:00,16,1.3,1.6,468407.689,4313300.453,2428.563,-105.36467784,38.96810549,2414.536,100.546,,NAD83(2011) / UTM zone 13N + NAVD88(GEOID18) height,8,6,7,5,0
421,,468309.334,4313280.923,2422.460,,-105.36581225,38.96792594,2408.434,Global,0.011,0.010,0.011,0.015,1.734,m,FIX,RTK,2025-07-11 13:26:45.4 UTC-06:00,2025-07-11 13:26:48.4 UTC-06:00,16,1.2,1.4,468407.689,4313300.453,2428.563,-105.36467784,38.96810549,2414.536,100.448,,NAD83(2011) / UTM zone 13N + NAVD88(GEOID18) height,8,6,7,5,0
422,,468309.530,4313280.425,2422.413,,-105.36580997,38.96792147,2408.387,Global,0.010,0.011,0.010,0.015,1.734,m,FIX,RTK,2025-07-11 13:26:58.2 UTC-06:00,2025-07-11 13:27:01.2 UTC-06:00,16,1.3,1.6,468407.689,4313300.453,2428.563,-105.36467784,38.96810549,2414.536,100.356,,NAD83(2011) / UTM zone 13N + NAVD88(GEOID18) height,8,6,7,5,0
423,,468309.720,4313279.930,2422.546,,-105.36580775,38.96791701,2408.520,Global,0.011,0.010,0.011,0.015,1.734,m,FIX,RTK,2025-07-11 13:27:15.4 UTC-06:00,2025-07-11 13:27:18.4 UTC-06:00,16,1.4,1.7,468407.689,4313300.453,2428.563,-105.36467784,38.96810549,2414.536,100.269,,NAD83(2011) / UTM zone 13N + NAVD88(GEOID18) height,8,6,7,5,0
424,,468309.914,4313279.490,2422.601,,-105.36580549,38.96791305,2408.575,Global,0.012,0.012,0.013,0.017,1.734,m,FIX,RTK,2025-07-11 13:27:34.0 UTC-06:00,2025-07-11 13:27:37.0 UTC-06:00,16,1.5,1.8,468407.689,4313300.453,2428.563,-105.36467784,38.96810549,2414.536,100.161,,NAD83(2011) / UTM zone 13N + NAVD88(GEOID18) height,8,6,7,4,0
425,,468310.113,4313279.085,2422.589,,-105.36580318,38.96790941,2408.564,Global,0.011,0.011,0.019,0.015,1.734,m,FIX,RTK,2025-07-11 13:27:53.2 UTC-06:00,2025-07-11 13:27:56.2 UTC-06:00,16,1.5,1.8,468407.689,4313300.453,2428.563,-105.36467784,38.96810549,2414.536,100.057,,NAD83(2011) / UTM zone 13N + NAVD88(GEOID18) height,8,6,7,5,0
426,,468310.298,4313278.575,2422.663,,-105.36580101,38.96790482,2408.637,Global,0.011,0.011,0.014,0.015,1.734,m,FIX,RTK,2025-07-11 13:28:09.4 UTC-06:00,2025-07-11 13:28:12.4 UTC-06:00,16,1.3,1.6,468407.689,4313300.453,2428.563,-105.36467784,38.96810549,2414.536,99.985,,NAD83(2011) / UTM zone 13N + NAVD88(GEOID18) height,8,6,7,5,0
427,,468310.495,4313278.075,2422.749,,-105.36579871,38.96790032,2408.723,Global,0.010,0.010,0.020,0.015,1.734,m,FIX,RTK,2025-07-11 13:28:28.4 UTC-06:00,2025-07-11 13:28:31.4 UTC-06:00,16,1.5,1.8,468407.689,4313300.453,2428.563,-105.36467784,38.96810549,2414.536,99.895,,NAD83(2011) / UTM zone 13N + NAVD88(GEOID18) height,8,6,7,4,0
428,,468310.654,4313277.661,2422.823,,-105.36579686,38.96789660,2408.798,Global,0.010,0.010,0.015,0.015,1.734,m,FIX,RTK,2025-07-11 13:28:48.6 UTC-06:00,2025-07-11 13:28:51.6 UTC-06:00,16,1.2,1.5,468407.689,4313300.453,2428.563,-105.36467784,38.96810549,2414.536,99.837,,NAD83(2011) / UTM zone 13N + NAVD88(GEOID18) height,7,6,7,4,0
429,,468310.847,4313277.255,2422.954,,-105.36579462,38.96789294,2408.928,Global,0.010,0.010,0.014,0.014,1.734,m,FIX,RTK,2025-07-11 13:29:07.2 UTC-06:00,2025-07-11 13:29:10.2 UTC-06:00,16,1.2,1.5,468407.689,4313300.453,2428.563,-105.36467784,38.96810549,2414.536,99.732,,NAD83(2011) / UTM zone 13N + NAVD88(GEOID18) height,8,6,7,5,0
430,,468310.991,4313276.780,2422.995,,-105.36579293,38.96788867,2408.970,Global,0.010,0.011,0.016,0.015,1.734,m,FIX,RTK,2025-07-11 13:29:29.8 UTC-06:00,2025-07-11 13:29:32.8 UTC-06:00,16,1.2,1.5,468407.689,4313300.453,2428.563,-105.36467784,38.96810549,2414.536,99.705,,NAD83(2011) / UTM zone 13N + NAVD88(GEOID18) height,8,6,7,5,0
431,,468311.193,4313276.279,2423.071,,-105.36579057,38.96788416,2409.045,Global,0.011,0.010,0.010,0.015,1.734,m,FIX,RTK,2025-07-11 13:29:51.8 UTC-06:00,2025-07-11 13:29:54.8 UTC-06:00,16,1.2,1.4,468407.689,4313300.453,2428.563,-105.36467784,38.96810549,2414.536,99.627,,NAD83(2011) / UTM zone 13N + NAVD88(GEOID18) height,8,6,7,5,0
432,,468311.374,4313275.856,2423.168,,-105.36578847,38.96788036,2409.143,Global,0.010,0.010,0.012,0.014,1.734,m,FIX,RTK,2025-07-11 13:30:07.8 UTC-06:00,2025-07-11 13:30:10.8 UTC-06:00,16,1.2,1.4,468407.689,4313300.453,2428.563,-105.36467784,38.96810549,2414.536,99.549,,NAD83(2011) / UTM zone 13N + NAVD88(GEOID18) height,8,6,7,5,0
433,,468311.554,4313275.388,2423.309,,-105.36578636,38.96787614,2409.284,Global,0.010,0.011,0.010,0.015,1.734,m,FIX,RTK,2025-07-11 13:30:25.0 UTC-06:00,2025-07-11 13:30:28.0 UTC-06:00,16,1.2,1.4,468407.689,4313300.453,2428.563,-105.36467784,38.96810549,2414.536,99.484,,NAD83(2011) / UTM zone 13N + NAVD88(GEOID18) height,8,6,7,5,0
434,,468311.723,4313274.951,2423.327,,-105.36578440,38.96787221,2409.301,Global,0.011,0.010,0.011,0.015,1.734,m,FIX,RTK,2025-07-11 13:30:44.6 UTC-06:00,2025-07-11 13:30:47.6 UTC-06:00,16,1.2,1.5,468407.689,4313300.453,2428.563,-105.36467784,38.96810549,2414.536,99.433,,NAD83(2011) / UTM zone 13N + NAVD88(GEOID18) height,8,6,7,5,0
435,,468311.870,4313274.524,2423.336,,-105.36578268,38.96786838,2409.311,Global,0.011,0.011,0.012,0.015,1.734,m,FIX,RTK,2025-07-11 13:31:25.2 UTC-06:00,2025-07-11 13:31:28.2 UTC-06:00,16,1.2,1.4,468407.689,4313300.453,2428.563,-105.36467784,38.96810549,2414.536,99.398,,NAD83(2011) / UTM zone 13N + NAVD88(GEOID18) height,8,6,7,5,0
436,,468312.763,4313272.170,2423.427,,-105.36577227,38.96784719,2409.402,Global,0.011,0.011,0.012,0.015,1.734,m,FIX,RTK,2025-07-11 13:31:49.0 UTC-06:00,2025-07-11 13:31:52.0 UTC-06:00,16,1.5,1.8,468407.689,4313300.453,2428.563,-105.36467784,38.96810549,2414.536,99.177,,NAD83(2011) / UTM zone 13N + NAVD88(GEOID18) height,8,6,7,5,0
437,,468312.978,4313271.706,2423.607,,-105.36576976,38.96784302,2409.581,Global,0.010,0.010,0.014,0.015,1.734,m,FIX,RTK,2025-07-11 13:32:09.4 UTC-06:00,2025-07-11 13:32:12.4 UTC-06:00,16,1.4,1.7,468407.689,4313300.453,2428.563,-105.36467784,38.96810549,2414.536,99.107,,NAD83(2011) / UTM zone 13N + NAVD88(GEOID18) height,8,6,7,5,0
438,,468313.137,4313271.238,2423.715,,-105.36576790,38.96783881,2409.689,Global,0.010,0.010,0.012,0.015,1.734,m,FIX,RTK,2025-07-11 13:32:25.6 UTC-06:00,2025-07-11 13:32:28.6 UTC-06:00,16,1.3,1.6,468407.689,4313300.453,2428.563,-105.36467784,38.96810549,2414.536,99.088,,NAD83(2011) / UTM zone 13N + NAVD88(GEOID18) height,8,6,7,5,0
439,,468313.322,4313270.788,2423.832,,-105.36576574,38.96783475,2409.806,Global,0.010,0.010,0.017,0.014,1.734,m,FIX,RTK,2025-07-11 13:32:38.8 UTC-06:00,2025-07-11 13:32:41.8 UTC-06:00,16,1.3,1.6,468407.689,4313300.453,2428.563,-105.36467784,38.96810549,2414.536,99.039,,NAD83(2011) / UTM zone 13N + NAVD88(GEOID18) height,8,6,7,5,0
440,,468313.516,4313270.355,2423.923,,-105.36576349,38.96783087,2409.897,Global,0.010,0.012,0.016,0.016,1.734,m,FIX,RTK,2025-07-11 13:32:56.0 UTC-06:00,2025-07-11 13:32:59.0 UTC-06:00,16,1.3,1.6,468407.689,4313300.453,2428.563,-105.36467784,38.96810549,2414.536,98.984,,NAD83(2011) / UTM zone 13N + NAVD88(GEOID18) height,8,6,7,5,0
441,,468313.666,4313269.898,2424.008,,-105.36576174,38.96782675,2409.982,Global,0.012,0.013,0.016,0.018,1.734,m,FIX,RTK,2025-07-11 13:33:13.2 UTC-06:00,2025-07-11 13:33:16.2 UTC-06:00,16,1.4,1.7,468407.689,4313300.453,2428.563,-105.36467784,38.96810549,2414.536,98.973,,NAD83(2011) / UTM zone 13N + NAVD88(GEOID18) height,8,6,7,5,0
442,,468313.830,4313269.427,2424.097,,-105.36575982,38.96782251,2410.071,Global,0.011,0.011,0.014,0.016,1.734,m,FIX,RTK,2025-07-11 13:33:30.0 UTC-06:00,2025-07-11 13:33:33.0 UTC-06:00,16,1.4,1.7,468407.689,4313300.453,2428.563,-105.36467784,38.96810549,2414.536,98.966,,NAD83(2011) / UTM zone 13N + NAVD88(GEOID18) height,8,6,7,4,0
443,,468314.026,4313268.969,2424.206,,-105.36575754,38.96781839,2410.180,Global,0.011,0.011,0.015,0.016,1.734,m,FIX,RTK,2025-07-11 13:33:49.6 UTC-06:00,2025-07-11 13:33:52.6 UTC-06:00,16,1.3,1.5,468407.689,4313300.453,2428.563,-105.36467784,38.96810549,2414.536,98.927,,NAD83(2011) / UTM zone 13N + NAVD88(GEOID18) height,8,6,7,5,0
444,,468314.201,4313268.552,2424.293,,-105.36575550,38.96781464,2410.267,Global,0.012,0.011,0.020,0.017,1.734,m,FIX,RTK,2025-07-11 13:34:10.6 UTC-06:00,2025-07-11 13:34:13.6 UTC-06:00,16,1.3,1.6,468407.689,4313300.453,2428.563,-105.36467784,38.96810549,2414.536,98.892,,NAD83(2011) / UTM zone 13N + NAVD88(GEOID18) height,8,6,7,6,0
445,,468314.373,4313268.111,2424.403,,-105.36575349,38.96781067,2410.377,Global,0.010,0.012,0.015,0.016,1.734,m,FIX,RTK,2025-07-11 13:34:34.6 UTC-06:00,2025-07-11 13:34:37.6 UTC-06:00,16,1.4,1.7,468407.689,4313300.453,2428.563,-105.36467784,38.96810549,2414.536,98.866,,NAD83(2011) / UTM zone 13N + NAVD88(GEOID18) height,8,6,7,6,0
446,,468314.527,4313267.600,2424.679,,-105.36575169,38.96780607,2410.653,Global,0.015,0.011,0.021,0.018,1.734,m,FIX,RTK,2025-07-11 13:35:03.4 UTC-06:00,2025-07-11 13:35:06.4 UTC-06:00,16,1.3,1.5,468407.689,4313300.453,2428.563,-105.36467784,38.96810549,2414.536,98.888,,NAD83(2011) / UTM zone 13N + NAVD88(GEOID18) height,8,6,7,5,0
447,,468314.711,4313267.194,2424.935,,-105.36574955,38.96780242,2410.909,Global,0.010,0.012,0.014,0.015,1.734,m,FIX,RTK,2025-07-11 13:35:31.0 UTC-06:00,2025-07-11 13:35:34.0 UTC-06:00,16,1.3,1.5,468407.689,4313300.453,2428.563,-105.36467784,38.96810549,2414.536,98.842,,NAD83(2011) / UTM zone 13N + NAVD88(GEOID18) height,8,6,7,6,0
448,,468314.858,4313266.759,2425.168,,-105.36574783,38.96779851,2411.142,Global,0.010,0.010,0.014,0.015,1.734,m,FIX,RTK,2025-07-11 13:36:00.0 UTC-06:00,2025-07-11 13:36:03.0 UTC-06:00,16,1.3,1.5,468407.689,4313300.453,2428.563,-105.36467784,38.96810549,2414.536,98.848,,NAD83(2011) / UTM zone 13N + NAVD88(GEOID18) height,8,6,7,5,0
449,,468315.024,4313266.560,2425.355,,-105.36574591,38.96779672,2411.329,Global,0.012,0.014,0.013,0.019,1.734,m,FIX,RTK,2025-07-11 13:36:40.2 UTC-06:00,2025-07-11 13:37:10.2 UTC-06:00,151,1.3,1.6,468407.689,4313300.453,2428.563,-105.36467784,38.96810549,2414.536,98.752,,NAD83(2011) / UTM zone 13N + NAVD88(GEOID18) height,8,6,7,6,0
450,,468315.020,4313266.558,2425.357,,-105.36574595,38.96779670,2411.331,Global,0.010,0.011,0.012,0.015,1.734,m,FIX,RTK,2025-07-11 13:37:38.8 UTC-06:00,2025-07-11 13:37:41.8 UTC-06:00,16,1.4,1.6,468407.689,4313300.453,2428.563,-105.36467784,38.96810549,2414.536,98.755,,NAD83(2011) / UTM zone 13N + NAVD88(GEOID18) height,8,6,7,6,0
451,,468314.865,4313266.486,2425.332,,-105.36574774,38.96779605,2411.306,Global,0.011,0.015,0.013,0.019,1.734,m,FIX,RTK,2025-07-11 13:37:59.0 UTC-06:00,2025-07-11 13:38:02.0 UTC-06:00,16,1.2,1.5,468407.689,4313300.453,2428.563,-105.36467784,38.96810549,2414.536,98.931,,NAD83(2011) / UTM zone 13N + NAVD88(GEOID18) height,8,6,7,6,0
452,,468314.911,4313266.708,2425.172,,-105.36574721,38.96779805,2411.146,Global,0.010,0.011,0.011,0.015,1.734,m,FIX,RTK,2025-07-11 13:38:16.6 UTC-06:00,2025-07-11 13:38:19.6 UTC-06:00,15,1.3,1.6,468407.689,4313300.453,2428.563,-105.36467784,38.96810549,2414.536,98.817,,NAD83(2011) / UTM zone 13N + NAVD88(GEOID18) height,8,6,7,6,0
453,,468315.186,4313266.586,2425.277,,-105.36574404,38.96779696,2411.251,Global,0.011,0.010,0.012,0.015,1.734,m,FIX,RTK,2025-07-11 13:38:33.8 UTC-06:00,2025-07-11 13:38:36.8 UTC-06:00,16,1.3,1.5,468407.689,4313300.453,2428.563,-105.36467784,38.96810549,2414.536,98.599,,NAD83(2011) / UTM zone 13N + NAVD88(GEOID18) height,8,6,7,5,0
454,,468315.063,4313266.393,2425.363,,-105.36574544,38.96779522,2411.337,Global,0.011,0.010,0.011,0.015,1.734,m,FIX,RTK,2025-07-11 13:38:48.6 UTC-06:00,2025-07-11 13:38:51.6 UTC-06:00,16,1.4,1.7,468407.689,4313300.453,2428.563,-105.36467784,38.96810549,2414.536,98.775,,NAD83(2011) / UTM zone 13N + NAVD88(GEOID18) height,8,6,7,6,0
455,,468315.030,4313266.563,2425.364,,-105.36574583,38.96779675,2411.339,Global,0.010,0.011,0.012,0.015,1.734,m,FIX,RTK,2025-07-11 13:39:03.4 UTC-06:00,2025-07-11 13:39:06.4 UTC-06:00,16,1.3,1.6,468407.689,4313300.453,2428.563,-105.36467784,38.96810549,2414.536,98.750,,NAD83(2011) / UTM zone 13N + NAVD88(GEOID18) height,8,6,7,6,0
456,,468261.535,4313293.738,2422.810,,-105.36636459,38.96803969,2408.785,Global,0.013,0.012,0.011,0.018,1.734,m,FIX,RTK,2025-07-11 14:51:34.4 UTC-06:00,2025-07-11 14:52:04.4 UTC-06:00,151,2.0,2.4,468407.689,4313300.453,2428.563,-105.36467784,38.96810549,2414.536,146.481,,NAD83(2011) / UTM zone 13N + NAVD88(GEOID18) height,6,6,6,5,0
457,,468261.529,4313293.736,2422.814,,-105.36636466,38.96803967,2408.789,Global,0.010,0.010,0.010,0.014,1.734,m,FIX,RTK,2025-07-11 14:52:14.2 UTC-06:00,2025-07-11 14:52:17.2 UTC-06:00,16,1.6,1.9,468407.689,4313300.453,2428.563,-105.36467784,38.96810549,2414.536,146.482,,NAD83(2011) / UTM zone 13N + NAVD88(GEOID18) height,6,6,6,5,0
458,,468261.422,4313293.699,2422.786,,-105.36636589,38.96803933,2408.761,Global,0.010,0.011,0.010,0.015,1.734,m,FIX,RTK,2025-07-11 14:52:22.8 UTC-06:00,2025-07-11 14:52:25.8 UTC-06:00,16,1.6,1.9,468407.689,4313300.453,2428.563,-105.36467784,38.96810549,2414.536,146.593,,NAD83(2011) / UTM zone 13N + NAVD88(GEOID18) height,6,6,6,5,0
459,,468261.528,4313293.821,2422.717,,-105.36636467,38.96804044,2408.693,Global,0.011,0.011,0.011,0.016,1.734,m,FIX,RTK,2025-07-11 14:52:31.8 UTC-06:00,2025-07-11 14:52:34.8 UTC-06:00,16,1.6,1.9,468407.689,4313300.453,2428.563,-105.36467784,38.96810549,2414.536,146.481,,NAD83(2011) / UTM zone 13N + NAVD88(GEOID18) height,6,6,6,5,0
460,,468261.643,4313293.785,2422.713,,-105.36636335,38.96804012,2408.689,Global,0.012,0.017,0.011,0.021,1.734,m,FIX,RTK,2025-07-11 14:52:39.8 UTC-06:00,2025-07-11 14:52:42.8 UTC-06:00,16,1.6,1.9,468407.689,4313300.453,2428.563,-105.36467784,38.96810549,2414.536,146.361,,NAD83(2011) / UTM zone 13N + NAVD88(GEOID18) height,6,6,6,5,0
461,,468261.567,4313293.643,2422.776,,-105.36636421,38.96803884,2408.751,Global,0.015,0.011,0.010,0.019,1.734,m,FIX,RTK,2025-07-11 14:52:48.4 UTC-06:00,2025-07-11 14:52:51.4 UTC-06:00,16,1.6,1.9,468407.689,4313300.453,2428.563,-105.36467784,38.96810549,2414.536,146.461,,NAD83(2011) / UTM zone 13N + NAVD88(GEOID18) height,6,6,6,5,0
462,,468261.550,4313293.733,2422.811,,-105.36636442,38.96803965,2408.787,Global,0.020,0.011,0.010,0.023,1.734,m,FIX,RTK,2025-07-11 14:52:56.0 UTC-06:00,2025-07-11 14:52:59.0 UTC-06:00,16,1.6,1.9,468407.689,4313300.453,2428.563,-105.36467784,38.96810549,2414.536,146.474,,NAD83(2011) / UTM zone 13N + NAVD88(GEOID18) height,6,5,6,5,0
463,,468261.546,4313293.969,2422.683,,-105.36636448,38.96804178,2408.658,Global,0.016,0.013,0.010,0.021,1.734,m,FIX,RTK,2025-07-11 14:53:10.4 UTC-06:00,2025-07-11 14:53:13.4 UTC-06:00,16,1.6,1.9,468407.689,4313300.453,2428.563,-105.36467784,38.96810549,2414.536,146.460,,NAD83(2011) / UTM zone 13N + NAVD88(GEOID18) height,6,6,6,5,0
464,,468261.549,4313294.195,2422.643,,-105.36636445,38.96804381,2408.618,Global,0.011,0.012,0.010,0.016,1.734,m,FIX,RTK,2025-07-11 14:53:19.8 UTC-06:00,2025-07-11 14:53:22.8 UTC-06:00,16,1.6,1.9,468407.689,4313300.453,2428.563,-105.36467784,38.96810549,2414.536,146.446,,NAD83(2011) / UTM zone 13N + NAVD88(GEOID18) height,6,6,6,5,0
465,,468261.431,4313294.407,2422.639,,-105.36636582,38.96804571,2408.615,Global,0.011,0.011,0.013,0.016,1.734,m,FIX,RTK,2025-07-11 14:53:29.2 UTC-06:00,2025-07-11 14:53:32.2 UTC-06:00,16,1.6,1.9,468407.689,4313300.453,2428.563,-105.36467784,38.96810549,2414.536,146.554,,NAD83(2011) / UTM zone 13N + NAVD88(GEOID18) height,6,6,6,5,0
466,,468261.363,4313294.639,2422.641,,-105.36636662,38.96804780,2408.616,Global,0.012,0.011,0.010,0.016,1.734,m,FIX,RTK,2025-07-11 14:53:36.8 UTC-06:00,2025-07-11 14:53:39.8 UTC-06:00,16,1.6,1.9,468407.689,4313300.453,2428.563,-105.36467784,38.96810549,2414.536,146.618,,NAD83(2011) / UTM zone 13N + NAVD88(GEOID18) height,6,6,6,5,0
467,,468261.309,4313294.843,2422.610,,-105.36636725,38.96804964,2408.585,Global,0.014,0.015,0.011,0.021,1.734,m,FIX,RTK,2025-07-11 14:53:44.0 UTC-06:00,2025-07-11 14:53:47.0 UTC-06:00,16,1.6,1.9,468407.689,4313300.453,2428.563,-105.36467784,38.96810549,2414.536,146.666,,NAD83(2011) / UTM zone 13N + NAVD88(GEOID18) height,7,6,6,5,0
468,,468261.210,4313295.067,2422.598,,-105.36636840,38.96805165,2408.573,Global,0.022,0.011,0.012,0.025,1.734,m,FIX,RTK,2025-07-11 14:53:51.6 UTC-06:00,2025-07-11 14:53:54.6 UTC-06:00,16,1.6,1.9,468407.689,4313300.453,2428.563,-105.36467784,38.96810549,2414.536,146.767,,NAD83(2011) / UTM zone 13N + NAVD88(GEOID18) height,7,6,6,5,0
469,,468261.176,4313295.268,2422.613,,-105.36636881,38.96805346,2408.588,Global,0.016,0.014,0.011,0.022,1.734,m,FIX,RTK,2025-07-11 14:53:58.2 UTC-06:00,2025-07-11 14:54:01.2 UTC-06:00,16,1.6,1.9,468407.689,4313300.453,2428.563,-105.36467784,38.96810549,2414.536,146.794,,NAD83(2011) / UTM zone 13N + NAVD88(GEOID18) height,7,6,6,5,0
470,,468261.134,4313295.428,2422.608,,-105.36636930,38.96805490,2408.583,Global,0.012,0.012,0.011,0.017,1.734,m,FIX,RTK,2025-07-11 14:54:06.6 UTC-06:00,2025-07-11 14:54:09.6 UTC-06:00,16,1.6,1.9,468407.689,4313300.453,2428.563,-105.36467784,38.96810549,2414.536,146.815,,NAD83(2011) / UTM zone 13N + NAVD88(GEOID18) height,7,6,6,5,0
471,,468261.049,4313295.648,2422.587,,-105.36637029,38.96805689,2408.563,Global,0.014,0.028,0.010,0.031,1.734,m,FIX,RTK,2025-07-11 14:54:13.4 UTC-06:00,2025-07-11 14:54:16.4 UTC-06:00,16,1.6,1.9,468407.689,4313300.453,2428.563,-105.36467784,38.96810549,2414.536,146.904,,NAD83(2011) / UTM zone 13N + NAVD88(GEOID18) height,6,7,6,5,0
472,,468261.025,4313295.956,2422.584,,-105.36637058,38.96805966,2408.559,Global,0.013,0.011,0.011,0.017,1.734,m,FIX,RTK,2025-07-11 14:54:20.8 UTC-06:00,2025-07-11 14:54:23.8 UTC-06:00,16,1.6,1.9,468407.689,4313300.453,2428.563,-105.36467784,38.96810549,2414.536,146.912,,NAD83(2011) / UTM zone 13N + NAVD88(GEOID18) height,6,7,6,5,0
473,,468260.914,4313296.212,2422.570,,-105.36637187,38.96806196,2408.545,Global,0.012,0.016,0.010,0.020,1.734,m,FIX,RTK,2025-07-11 14:54:27.6 UTC-06:00,2025-07-11 14:54:30.6 UTC-06:00,16,1.6,1.9,468407.689,4313300.453,2428.563,-105.36467784,38.96810549,2414.536,147.011,,NAD83(2011) / UTM zone 13N + NAVD88(GEOID18) height,7,6,6,5,0
474,,468260.837,4313296.414,2422.549,,-105.36637278,38.96806378,2408.524,Global,0.018,0.015,0.011,0.023,1.734,m,FIX,RTK,2025-07-11 14:54:35.0 UTC-06:00,2025-07-11 14:54:38.0 UTC-06:00,16,1.6,1.9,468407.689,4313300.453,2428.563,-105.36467784,38.96810549,2414.536,147.089,,NAD83(2011) / UTM zone 13N + NAVD88(GEOID18) height,6,6,6,5,0
475,,468260.811,4313296.643,2422.507,,-105.36637308,38.96806584,2408.483,Global,0.013,0.018,0.010,0.022,1.734,m,FIX,RTK,2025-07-11 14:54:42.0 UTC-06:00,2025-07-11 14:54:45.0 UTC-06:00,16,1.6,1.9,468407.689,4313300.453,2428.563,-105.36467784,38.96810549,2414.536,147.097,,NAD83(2011) / UTM zone 13N + NAVD88(GEOID18) height,6,6,6,5,0
476,,468260.762,4313296.768,2422.446,,-105.36637366,38.96806696,2408.421,Global,0.011,0.015,0.010,0.019,1.734,m,FIX,RTK,2025-07-11 14:54:52.6 UTC-06:00,2025-07-11 14:54:55.6 UTC-06:00,16,1.6,1.9,468407.689,4313300.453,2428.563,-105.36467784,38.96810549,2414.536,147.154,,NAD83(2011) / UTM zone 13N + NAVD88(GEOID18) height,7,7,6,5,0
477,,468260.728,4313296.955,2422.274,,-105.36637405,38.96806865,2408.250,Global,0.011,0.012,0.010,0.016,1.734,m,FIX,RTK,2025-07-11 14:55:03.4 UTC-06:00,2025-07-11 14:55:06.4 UTC-06:00,16,1.6,1.9,468407.689,4313300.453,2428.563,-105.36467784,38.96810549,2414.536,147.188,,NAD83(2011) / UTM zone 13N + NAVD88(GEOID18) height,6,6,6,6,0
478,,468260.690,4313297.146,2422.223,,-105.36637450,38.96807037,2408.198,Global,0.012,0.015,0.010,0.019,1.734,m,FIX,RTK,2025-07-11 14:55:11.4 UTC-06:00,2025-07-11 14:55:14.4 UTC-06:00,16,1.6,1.9,468407.689,4313300.453,2428.563,-105.36467784,38.96810549,2414.536,147.213,,NAD83(2011) / UTM zone 13N + NAVD88(GEOID18) height,6,6,6,6,0
479,,468260.681,4313297.256,2422.153,,-105.36637461,38.96807136,2408.128,Global,0.033,0.017,0.011,0.037,1.734,m,FIX,RTK,2025-07-11 14:55:20.2 UTC-06:00,2025-07-11 14:55:23.2 UTC-06:00,16,1.6,1.9,468407.689,4313300.453,2428.563,-105.36467784,38.96810549,2414.536,147.260,,NAD83(2011) / UTM zone 13N + NAVD88(GEOID18) height,6,6,6,5,0
480,,468260.569,4313297.505,2422.078,,-105.36637592,38.96807360,2408.054,Global,0.016,0.011,0.011,0.019,1.734,m,FIX,RTK,2025-07-11 14:55:30.0 UTC-06:00,2025-07-11 14:55:33.0 UTC-06:00,16,1.6,1.9,468407.689,4313300.453,2428.563,-105.36467784,38.96810549,2414.536,147.338,,NAD83(2011) / UTM zone 13N + NAVD88(GEOID18) height,6,6,6,6,0
481,,468260.568,4313297.759,2422.086,,-105.36637594,38.96807589,2408.061,Global,0.017,0.012,0.011,0.020,1.734,m,FIX,RTK,2025-07-11 14:55:50.0 UTC-06:00,2025-07-11 14:55:53.0 UTC-06:00,16,1.6,1.9,468407.689,4313300.453,2428.563,-105.36467784,38.96810549,2414.536,147.346,,NAD83(2011) / UTM zone 13N + NAVD88(GEOID18) height,7,6,6,6,0
482,,468260.499,4313297.929,2422.060,,-105.36637674,38.96807742,2408.035,Global,0.011,0.015,0.010,0.018,1.734,m,FIX,RTK,2025-07-11 14:55:57.4 UTC-06:00,2025-07-11 14:56:00.4 UTC-06:00,16,1.6,1.9,468407.689,4313300.453,2428.563,-105.36467784,38.96810549,2414.536,147.403,,NAD83(2011) / UTM zone 13N + NAVD88(GEOID18) height,6,6,6,7,0
483,,468260.399,4313298.055,2422.051,,-105.36637791,38.96807855,2408.027,Global,0.011,0.011,0.011,0.015,1.734,m,FIX,RTK,2025-07-11 14:56:05.0 UTC-06:00,2025-07-11 14:56:08.0 UTC-06:00,16,1.6,1.9,468407.689,4313300.453,2428.563,-105.36467784,38.96810549,2414.536,147.499,,NAD83(2011) / UTM zone 13N + NAVD88(GEOID18) height,6,6,6,7,0
484,,468260.360,4313298.264,2422.044,,-105.36637836,38.96808043,2408.019,Global,0.010,0.011,0.010,0.015,1.734,m,FIX,RTK,2025-07-11 14:56:14.6 UTC-06:00,2025-07-11 14:56:17.6 UTC-06:00,16,1.6,1.9,468407.689,4313300.453,2428.563,-105.36467784,38.96810549,2414.536,147.534,,NAD83(2011) / UTM zone 13N + NAVD88(GEOID18) height,6,6,6,7,0
485,,468260.339,4313298.505,2422.012,,-105.36637861,38.96808261,2407.988,Global,0.017,0.011,0.011,0.020,1.734,m,FIX,RTK,2025-07-11 14:56:21.0 UTC-06:00,2025-07-11 14:56:24.0 UTC-06:00,16,1.6,1.9,468407.689,4313300.453,2428.563,-105.36467784,38.96810549,2414.536,147.563,,NAD83(2011) / UTM zone 13N + NAVD88(GEOID18) height,6,5,6,7,0
486,,468260.307,4313298.687,2421.987,,-105.36637900,38.96808425,2407.963,Global,0.012,0.010,0.012,0.016,1.734,m,FIX,RTK,2025-07-11 14:56:27.2 UTC-06:00,2025-07-11 14:56:30.2 UTC-06:00,16,1.6,1.9,468407.689,4313300.453,2428.563,-105.36467784,38.96810549,2414.536,147.586,,NAD83(2011) / UTM zone 13N + NAVD88(GEOID18) height,6,5,6,7,0
487,,468260.280,4313298.871,2421.975,,-105.36637932,38.96808590,2407.950,Global,0.011,0.012,0.010,0.016,1.734,m,FIX,RTK,2025-07-11 14:56:34.4 UTC-06:00,2025-07-11 14:56:37.4 UTC-06:00,16,1.6,1.9,468407.689,4313300.453,2428.563,-105.36467784,38.96810549,2414.536,147.600,,NAD83(2011) / UTM zone 13N + NAVD88(GEOID18) height,6,6,6,7,0
488,,468260.229,4313299.108,2421.968,,-105.36637991,38.96808804,2407.944,Global,0.019,0.015,0.011,0.024,1.734,m,FIX,RTK,2025-07-11 14:56:40.4 UTC-06:00,2025-07-11 14:56:43.4 UTC-06:00,16,1.6,1.9,468407.689,4313300.453,2428.563,-105.36467784,38.96810549,2414.536,147.639,,NAD83(2011) / UTM zone 13N + NAVD88(GEOID18) height,6,5,6,7,0
489,,468260.145,4313299.378,2421.952,,-105.36638090,38.96809047,2407.927,Global,0.017,0.011,0.014,0.021,1.734,m,FIX,RTK,2025-07-11 14:56:46.6 UTC-06:00,2025-07-11 14:56:49.6 UTC-06:00,16,1.6,1.9,468407.689,4313300.453,2428.563,-105.36467784,38.96810549,2414.536,147.764,,NAD83(2011) / UTM zone 13N + NAVD88(GEOID18) height,6,6,6,7,0
490,,468260.198,4313299.582,2421.903,,-105.36638029,38.96809230,2407.879,Global,0.011,0.011,0.010,0.015,1.734,m,FIX,RTK,2025-07-11 14:56:55.2 UTC-06:00,2025-07-11 14:56:58.2 UTC-06:00,16,1.6,1.9,468407.689,4313300.453,2428.563,-105.36467784,38.96810549,2414.536,147.689,,NAD83(2011) / UTM zone 13N + NAVD88(GEOID18) height,6,6,6,7,0
491,,468260.189,4313299.835,2421.880,,-105.36638041,38.96809459,2407.856,Global,0.011,0.011,0.010,0.015,1.734,m,FIX,RTK,2025-07-11 14:57:02.2 UTC-06:00,2025-07-11 14:57:05.2 UTC-06:00,16,1.6,1.9,468407.689,4313300.453,2428.563,-105.36467784,38.96810549,2414.536,147.692,,NAD83(2011) / UTM zone 13N + NAVD88(GEOID18) height,6,6,6,7,0
492,,468260.186,4313300.110,2421.856,,-105.36638045,38.96809706,2407.831,Global,0.011,0.010,0.010,0.015,1.734,m,FIX,RTK,2025-07-11 14:57:14.0 UTC-06:00,2025-07-11 14:57:17.0 UTC-06:00,16,1.6,1.9,468407.689,4313300.453,2428.563,-105.36467784,38.96810549,2414.536,147.706,,NAD83(2011) / UTM zone 13N + NAVD88(GEOID18) height,7,5,6,7,0
493,,468260.182,4313300.367,2421.873,,-105.36638051,38.96809938,2407.848,Global,0.018,0.021,0.012,0.027,1.734,m,FIX,RTK,2025-07-11 14:57:22.4 UTC-06:00,2025-07-11 14:57:25.4 UTC-06:00,16,1.6,1.9,468407.689,4313300.453,2428.563,-105.36467784,38.96810549,2414.536,147.715,,NAD83(2011) / UTM zone 13N + NAVD88(GEOID18) height,7,6,6,7,0
494,,468260.187,4313300.608,2421.866,,-105.36638047,38.96810155,2407.842,Global,0.012,0.011,0.011,0.016,1.734,m,FIX,RTK,2025-07-11 14:57:29.6 UTC-06:00,2025-07-11 14:57:32.6 UTC-06:00,16,1.6,1.9,468407.689,4313300.453,2428.563,-105.36467784,38.96810549,2414.536,147.693,,NAD83(2011) / UTM zone 13N + NAVD88(GEOID18) height,7,6,6,6,0
495,,468260.202,4313300.977,2421.877,,-105.36638031,38.96810487,2407.852,Global,0.012,0.012,0.010,0.017,1.734,m,FIX,RTK,2025-07-11 14:57:43.0 UTC-06:00,2025-07-11 14:57:46.0 UTC-06:00,16,1.6,1.9,468407.689,4313300.453,2428.563,-105.36467784,38.96810549,2414.536,147.678,,NAD83(2011) / UTM zone 13N + NAVD88(GEOID18) height,7,7,6,7,0
496,,468260.164,4313301.212,2421.884,,-105.36638076,38.96810699,2407.859,Global,0.012,0.010,0.011,0.016,1.734,m,FIX,RTK,2025-07-11 14:57:50.6 UTC-06:00,2025-07-11 14:57:53.6 UTC-06:00,16,1.6,1.9,468407.689,4313300.453,2428.563,-105.36467784,38.96810549,2414.536,147.733,,NAD83(2011) / UTM zone 13N + NAVD88(GEOID18) height,7,7,6,7,0
497,,468260.115,4313301.520,2421.913,,-105.36638134,38.96810976,2407.888,Global,0.011,0.011,0.011,0.016,1.734,m,FIX,RTK,2025-07-11 14:57:57.6 UTC-06:00,2025-07-11 14:58:00.6 UTC-06:00,16,1.6,1.9,468407.689,4313300.453,2428.563,-105.36467784,38.96810549,2414.536,147.772,,NAD83(2011) / UTM zone 13N + NAVD88(GEOID18) height,7,7,6,7,0
498,,468260.098,4313301.809,2421.901,,-105.36638156,38.96811237,2407.876,Global,0.013,0.013,0.011,0.018,1.734,m,FIX,RTK,2025-07-11 14:58:04.4 UTC-06:00,2025-07-11 14:58:07.4 UTC-06:00,16,1.6,1.9,468407.689,4313300.453,2428.563,-105.36467784,38.96810549,2414.536,147.799,,NAD83(2011) / UTM zone 13N + NAVD88(GEOID18) height,7,6,6,7,0
499,,468260.142,4313302.066,2421.866,,-105.36638106,38.96811469,2407.841,Global,0.012,0.010,0.010,0.015,1.734,m,FIX,RTK,2025-07-11 14:58:11.4 UTC-06:00,2025-07-11 14:58:14.4 UTC-06:00,16,1.6,1.9,468407.689,4313300.453,2428.563,-105.36467784,38.96810549,2414.536,147.750,,NAD83(2011) / UTM zone 13N + NAVD88(GEOID18) height,7,6,6,7,0
500,,468260.138,4313302.322,2421.861,,-105.36638112,38.96811700,2407.837,Global,0.011,0.011,0.010,0.016,1.734,m,FIX,RTK,2025-07-11 14:58:18.8 UTC-06:00,2025-07-11 14:58:21.8 UTC-06:00,16,1.6,1.9,468407.689,4313300.453,2428.563,-105.36467784,38.96810549,2414.536,147.754,,NAD83(2011) / UTM zone 13N + NAVD88(GEOID18) height,7,6,6,7,0
501,,468260.113,4313302.564,2421.841,,-105.36638142,38.96811917,2407.816,Global,0.019,0.011,0.011,0.022,1.734,m,FIX,RTK,2025-07-11 14:58:40.2 UTC-06:00,2025-07-11 14:58:43.2 UTC-06:00,16,1.5,1.9,468407.689,4313300.453,2428.563,-105.36467784,38.96810549,2414.536,147.806,,NAD83(2011) / UTM zone 13N + NAVD88(GEOID18) height,7,6,6,6,0
502,,468260.087,4313302.947,2421.809,,-105.36638174,38.96812263,2407.784,Global,0.013,0.028,0.010,0.031,1.734,m,FIX,RTK,2025-07-11 14:58:47.0 UTC-06:00,2025-07-11 14:58:50.0 UTC-06:00,16,1.5,1.9,468407.689,4313300.453,2428.563,-105.36467784,38.96810549,2414.536,147.812,,NAD83(2011) / UTM zone 13N + NAVD88(GEOID18) height,6,6,6,7,0
503,,468260.104,4313303.203,2421.807,,-105.36638155,38.96812493,2407.782,Global,0.018,0.027,0.011,0.032,1.734,m,FIX,RTK,2025-07-11 14:58:53.2 UTC-06:00,2025-07-11 14:58:56.2 UTC-06:00,16,1.5,1.9,468407.689,4313300.453,2428.563,-105.36467784,38.96810549,2414.536,147.794,,NAD83(2011) / UTM zone 13N + NAVD88(GEOID18) height,6,6,6,6,0
504,,468260.085,4313303.696,2421.770,,-105.36638179,38.96812937,2407.746,Global,0.012,0.024,0.011,0.027,1.734,m,FIX,RTK,2025-07-11 14:59:00.2 UTC-06:00,2025-07-11 14:59:03.2 UTC-06:00,16,1.5,1.9,468407.689,4313300.453,2428.563,-105.36467784,38.96810549,2414.536,147.852,,NAD83(2011) / UTM zone 13N + NAVD88(GEOID18) height,6,6,6,6,0
505,,468260.017,4313304.028,2421.748,,-105.36638259,38.96813236,2407.723,Global,0.021,0.015,0.010,0.025,1.734,m,FIX,RTK,2025-07-11 14:59:07.4 UTC-06:00,2025-07-11 14:59:10.4 UTC-06:00,16,1.5,1.9,468407.689,4313300.453,2428.563,-105.36467784,38.96810549,2414.536,147.903,,NAD83(2011) / UTM zone 13N + NAVD88(GEOID18) height,6,6,6,7,0
506,,468259.905,4313304.395,2421.759,,-105.36638390,38.96813566,2407.735,Global,0.018,0.011,0.010,0.021,1.734,m,FIX,RTK,2025-07-11 14:59:16.0 UTC-06:00,2025-07-11 14:59:19.0 UTC-06:00,16,1.5,1.9,468407.689,4313300.453,2428.563,-105.36467784,38.96810549,2414.536,148.053,,NAD83(2011) / UTM zone 13N + NAVD88(GEOID18) height,7,6,6,6,0
507,,468259.803,4313304.724,2421.767,,-105.36638510,38.96813862,2407.743,Global,0.011,0.015,0.011,0.019,1.734,m,FIX,RTK,2025-07-11 14:59:23.8 UTC-06:00,2025-07-11 14:59:26.8 UTC-06:00,16,1.5,1.9,468407.689,4313300.453,2428.563,-105.36467784,38.96810549,2414.536,148.150,,NAD83(2011) / UTM zone 13N + NAVD88(GEOID18) height,7,6,6,7,0
508,,468259.794,4313305.040,2421.772,,-105.36638521,38.96814147,2407.747,Global,0.017,0.013,0.011,0.021,1.734,m,FIX,RTK,2025-07-11 14:59:32.0 UTC-06:00,2025-07-11 14:59:35.0 UTC-06:00,16,1.5,1.9,468407.689,4313300.453,2428.563,-105.36467784,38.96810549,2414.536,148.182,,NAD83(2011) / UTM zone 13N + NAVD88(GEOID18) height,7,6,6,7,0
509,,468259.716,4313305.264,2421.788,,-105.36638612,38.96814349,2407.763,Global,0.010,0.013,0.010,0.017,1.734,m,FIX,RTK,2025-07-11 14:59:39.0 UTC-06:00,2025-07-11 14:59:42.0 UTC-06:00,16,1.5,1.9,468407.689,4313300.453,2428.563,-105.36467784,38.96810549,2414.536,148.254,,NAD83(2011) / UTM zone 13N + NAVD88(GEOID18) height,7,7,6,7,0
510,,468259.683,4313305.534,2421.826,,-105.36638651,38.96814592,2407.801,Global,0.010,0.010,0.011,0.014,1.734,m,FIX,RTK,2025-07-11 14:59:47.6 UTC-06:00,2025-07-11 14:59:50.6 UTC-06:00,16,1.5,1.9,468407.689,4313300.453,2428.563,-105.36467784,38.96810549,2414.536,148.287,,NAD83(2011) / UTM zone 13N + NAVD88(GEOID18) height,7,6,6,6,0
511,,468259.617,4313305.894,2421.832,,-105.36638729,38.96814916,2407.807,Global,0.012,0.011,0.010,0.016,1.734,m,FIX,RTK,2025-07-11 15:00:02.8 UTC-06:00,2025-07-11 15:00:05.8 UTC-06:00,16,1.5,1.8,468407.689,4313300.453,2428.563,-105.36467784,38.96810549,2414.536,148.369,,NAD83(2011) / UTM zone 13N + NAVD88(GEOID18) height,6,6,6,6,0
512,,468259.602,4313306.254,2421.856,,-105.36638749,38.96815240,2407.831,Global,0.015,0.010,0.010,0.018,1.734,m,FIX,RTK,2025-07-11 15:00:10.2 UTC-06:00,2025-07-11 15:00:13.2 UTC-06:00,16,1.5,1.8,468407.689,4313300.453,2428.563,-105.36467784,38.96810549,2414.536,148.406,,NAD83(2011) / UTM zone 13N + NAVD88(GEOID18) height,7,6,6,5,0
513,,468259.638,4313306.525,2421.830,,-105.36638708,38.96815485,2407.806,Global,0.012,0.013,0.010,0.018,1.734,m,FIX,RTK,2025-07-11 15:00:17.2 UTC-06:00,2025-07-11 15:00:20.2 UTC-06:00,16,1.5,1.8,468407.689,4313300.453,2428.563,-105.36467784,38.96810549,2414.536,148.371,,NAD83(2011) / UTM zone 13N + NAVD88(GEOID18) height,7,7,6,5,0
514,,468259.636,4313306.813,2421.821,,-105.36638712,38.96815745,2407.796,Global,0.012,0.016,0.012,0.020,1.734,m,FIX,RTK,2025-07-11 15:00:24.0 UTC-06:00,2025-07-11 15:00:27.0 UTC-06:00,16,1.5,1.8,468407.689,4313300.453,2428.563,-105.36467784,38.96810549,2414.536,148.387,,NAD83(2011) / UTM zone 13N + NAVD88(GEOID18) height,6,6,6,5,0
515,,468259.613,4313307.205,2421.789,,-105.36638740,38.96816098,2407.765,Global,0.010,0.012,0.012,0.016,1.734,m,FIX,RTK,2025-07-11 15:00:31.6 UTC-06:00,2025-07-11 15:00:34.6 UTC-06:00,16,1.5,1.8,468407.689,4313300.453,2428.563,-105.36467784,38.96810549,2414.536,148.426,,NAD83(2011) / UTM zone 13N + NAVD88(GEOID18) height,6,7,6,5,0
516,,468259.706,4313307.578,2421.762,,-105.36638635,38.96816434,2407.738,Global,0.011,0.012,0.012,0.017,1.734,m,FIX,RTK,2025-07-11 15:00:39.4 UTC-06:00,2025-07-11 15:00:42.4 UTC-06:00,16,1.5,1.8,468407.689,4313300.453,2428.563,-105.36467784,38.96810549,2414.536,148.362,,NAD83(2011) / UTM zone 13N + NAVD88(GEOID18) height,6,7,6,5,0
517,,468259.517,4313307.879,2421.720,,-105.36638854,38.96816704,2407.695,Global,0.011,0.013,0.010,0.017,1.734,m,FIX,RTK,2025-07-11 15:00:47.4 UTC-06:00,2025-07-11 15:00:50.4 UTC-06:00,16,1.5,1.8,468407.689,4313300.453,2428.563,-105.36467784,38.96810549,2414.536,148.565,,NAD83(2011) / UTM zone 13N + NAVD88(GEOID18) height,6,6,6,6,0
518,,468259.584,4313308.250,2421.694,,-105.36638778,38.96817039,2407.669,Global,0.011,0.019,0.010,0.022,1.734,m,FIX,RTK,2025-07-11 15:00:55.0 UTC-06:00,2025-07-11 15:00:58.0 UTC-06:00,16,1.5,1.8,468407.689,4313300.453,2428.563,-105.36467784,38.96810549,2414.536,148.510,,NAD83(2011) / UTM zone 13N + NAVD88(GEOID18) height,6,6,6,7,0
519,,468259.478,4313308.602,2421.682,,-105.36638902,38.96817356,2407.658,Global,0.016,0.011,0.010,0.019,1.734,m,FIX,RTK,2025-07-11 15:01:02.8 UTC-06:00,2025-07-11 15:01:05.8 UTC-06:00,16,1.5,1.8,468407.689,4313300.453,2428.563,-105.36467784,38.96810549,2414.536,148.646,,NAD83(2011) / UTM zone 13N + NAVD88(GEOID18) height,6,6,6,7,0
520,,468259.398,4313309.107,2421.687,,-105.36638998,38.96817811,2407.662,Global,0.016,0.015,0.011,0.021,1.734,m,FIX,RTK,2025-07-11 15:01:11.6 UTC-06:00,2025-07-11 15:01:14.6 UTC-06:00,16,1.5,1.8,468407.689,4313300.453,2428.563,-105.36467784,38.96810549,2414.536,148.758,,NAD83(2011) / UTM zone 13N + NAVD88(GEOID18) height,7,6,6,7,0
521,,468259.465,4313309.417,2421.691,,-105.36638921,38.96818091,2407.667,Global,0.010,0.010,0.011,0.015,1.734,m,FIX,RTK,2025-07-11 15:01:24.0 UTC-06:00,2025-07-11 15:01:27.0 UTC-06:00,16,1.5,1.8,468407.689,4313300.453,2428.563,-105.36467784,38.96810549,2414.536,148.698,,NAD83(2011) / UTM zone 13N + NAVD88(GEOID18) height,6,6,6,6,0
522,,468259.323,4313309.776,2421.681,,-105.36639087,38.96818413,2407.656,Global,0.011,0.012,0.010,0.016,1.734,m,FIX,RTK,2025-07-11 15:01:36.2 UTC-06:00,2025-07-11 15:01:39.2 UTC-06:00,16,1.5,1.8,468407.689,4313300.453,2428.563,-105.36467784,38.96810549,2414.536,148.864,,NAD83(2011) / UTM zone 13N + NAVD88(GEOID18) height,7,6,6,6,0
523,,468259.266,4313309.997,2421.684,,-105.36639153,38.96818613,2407.659,Global,0.011,0.010,0.010,0.015,1.734,m,FIX,RTK,2025-07-11 15:01:45.8 UTC-06:00,2025-07-11 15:01:48.8 UTC-06:00,16,1.5,1.8,468407.689,4313300.453,2428.563,-105.36467784,38.96810549,2414.536,148.928,,NAD83(2011) / UTM zone 13N + NAVD88(GEOID18) height,6,6,6,6,0
524,,468259.192,4313310.404,2421.697,,-105.36639241,38.96818979,2407.672,Global,0.011,0.011,0.012,0.016,1.734,m,FIX,RTK,2025-07-11 15:01:55.8 UTC-06:00,2025-07-11 15:01:58.8 UTC-06:00,16,1.5,1.8,468407.689,4313300.453,2428.563,-105.36467784,38.96810549,2414.536,149.031,,NAD83(2011) / UTM zone 13N + NAVD88(GEOID18) height,6,6,6,6,0
525,,468259.145,4313310.724,2421.709,,-105.36639296,38.96819267,2407.684,Global,0.015,0.012,0.011,0.019,1.734,m,FIX,RTK,2025-07-11 15:02:04.0 UTC-06:00,2025-07-11 15:02:07.0 UTC-06:00,16,1.4,1.6,468407.689,4313300.453,2428.563,-105.36467784,38.96810549,2414.536,149.116,,NAD83(2011) / UTM zone 13N + NAVD88(GEOID18) height,7,6,6,6,0
526,,468259.151,4313311.099,2421.682,,-105.36639291,38.96819605,2407.658,Global,0.017,0.013,0.012,0.021,1.734,m,FIX,RTK,2025-07-11 15:02:11.6 UTC-06:00,2025-07-11 15:02:14.6 UTC-06:00,16,1.4,1.6,468407.689,4313300.453,2428.563,-105.36467784,38.96810549,2414.536,149.106,,NAD83(2011) / UTM zone 13N + NAVD88(GEOID18) height,6,6,6,6,0
527,,468259.186,4313311.569,2421.675,,-105.36639253,38.96820029,2407.650,Global,0.012,0.012,0.010,0.017,1.734,m,FIX,RTK,2025-07-11 15:02:21.0 UTC-06:00,2025-07-11 15:02:24.0 UTC-06:00,16,1.4,1.6,468407.689,4313300.453,2428.563,-105.36467784,38.96810549,2414.536,149.112,,NAD83(2011) / UTM zone 13N + NAVD88(GEOID18) height,6,6,6,6,0
528,,468259.078,4313312.059,2421.612,,-105.36639380,38.96820469,2407.588,Global,0.013,0.016,0.010,0.021,1.734,m,FIX,RTK,2025-07-11 15:02:31.8 UTC-06:00,2025-07-11 15:02:34.8 UTC-06:00,16,1.4,1.6,468407.689,4313300.453,2428.563,-105.36467784,38.96810549,2414.536,149.256,,NAD83(2011) / UTM zone 13N + NAVD88(GEOID18) height,6,6,6,6,0
529,,468259.025,4313312.510,2421.573,,-105.36639443,38.96820876,2407.548,Global,0.011,0.022,0.010,0.025,1.734,m,FIX,RTK,2025-07-11 15:02:40.6 UTC-06:00,2025-07-11 15:02:43.6 UTC-06:00,16,1.4,1.6,468407.689,4313300.453,2428.563,-105.36467784,38.96810549,2414.536,149.355,,NAD83(2011) / UTM zone 13N + NAVD88(GEOID18) height,6,6,6,6,0
530,,468258.883,4313312.873,2421.545,,-105.36639609,38.96821203,2407.520,Global,0.011,0.011,0.011,0.015,1.734,m,FIX,RTK,2025-07-11 15:02:50.6 UTC-06:00,2025-07-11 15:02:53.6 UTC-06:00,16,1.4,1.6,468407.689,4313300.453,2428.563,-105.36467784,38.96810549,2414.536,149.534,,NAD83(2011) / UTM zone 13N + NAVD88(GEOID18) height,6,7,6,6,0
531,,468258.839,4313313.218,2421.510,,-105.36639661,38.96821513,2407.485,Global,0.010,0.012,0.011,0.015,1.734,m,FIX,RTK,2025-07-11 15:03:01.6 UTC-06:00,2025-07-11 15:03:04.6 UTC-06:00,16,1.3,1.6,468407.689,4313300.453,2428.563,-105.36467784,38.96810549,2414.536,149.607,,NAD83(2011) / UTM zone 13N + NAVD88(GEOID18) height,7,7,6,6,0
532,,468258.763,4313313.545,2421.521,,-105.36639751,38.96821808,2407.497,Global,0.014,0.013,0.012,0.019,1.734,m,FIX,RTK,2025-07-11 15:03:11.8 UTC-06:00,2025-07-11 15:03:14.8 UTC-06:00,16,1.3,1.6,468407.689,4313300.453,2428.563,-105.36467784,38.96810549,2414.536,149.724,,NAD83(2011) / UTM zone 13N + NAVD88(GEOID18) height,6,6,6,5,0
533,,468258.777,4313313.754,2421.505,,-105.36639736,38.96821996,2407.480,Global,0.011,0.012,0.011,0.016,1.734,m,FIX,RTK,2025-07-11 15:03:22.8 UTC-06:00,2025-07-11 15:03:25.8 UTC-06:00,16,1.3,1.6,468407.689,4313300.453,2428.563,-105.36467784,38.96810549,2414.536,149.716,,NAD83(2011) / UTM zone 13N + NAVD88(GEOID18) height,7,6,6,6,0
534,,468258.708,4313314.113,2421.584,,-105.36639817,38.96822319,2407.560,Global,0.013,0.011,0.011,0.018,1.734,m,FIX,RTK,2025-07-11 15:03:44.2 UTC-06:00,2025-07-11 15:03:47.2 UTC-06:00,16,1.3,1.6,468407.689,4313300.453,2428.563,-105.36467784,38.96810549,2414.536,149.822,,NAD83(2011) / UTM zone 13N + NAVD88(GEOID18) height,6,6,6,6,0
535,,468258.765,4313314.325,2421.538,,-105.36639752,38.96822510,2407.514,Global,0.013,0.013,0.010,0.019,1.734,m,FIX,RTK,2025-07-11 15:04:04.0 UTC-06:00,2025-07-11 15:04:07.0 UTC-06:00,16,1.3,1.6,468407.689,4313300.453,2428.563,-105.36467784,38.96810549,2414.536,149.770,,NAD83(2011) / UTM zone 13N + NAVD88(GEOID18) height,6,6,6,6,0
536,,468258.654,4313314.666,2421.522,,-105.36639882,38.96822817,2407.497,Global,0.013,0.015,0.010,0.020,1.734,m,FIX,RTK,2025-07-11 15:04:11.8 UTC-06:00,2025-07-11 15:04:14.8 UTC-06:00,16,1.3,1.6,468407.689,4313300.453,2428.563,-105.36467784,38.96810549,2414.536,149.916,,NAD83(2011) / UTM zone 13N + NAVD88(GEOID18) height,6,6,6,6,0
537,,468258.682,4313315.020,2421.504,,-105.36639851,38.96823136,2407.479,Global,0.011,0.016,0.011,0.019,1.734,m,FIX,RTK,2025-07-11 15:04:20.2 UTC-06:00,2025-07-11 15:04:23.2 UTC-06:00,16,1.3,1.6,468407.689,4313300.453,2428.563,-105.36467784,38.96810549,2414.536,149.930,,NAD83(2011) / UTM zone 13N + NAVD88(GEOID18) height,6,6,6,6,0
538,,468258.584,4313315.287,2421.545,,-105.36639965,38.96823377,2407.520,Global,0.013,0.015,0.011,0.020,1.734,m,FIX,RTK,2025-07-11 15:04:28.4 UTC-06:00,2025-07-11 15:04:31.4 UTC-06:00,16,1.3,1.6,468407.689,4313300.453,2428.563,-105.36467784,38.96810549,2414.536,150.064,,NAD83(2011) / UTM zone 13N + NAVD88(GEOID18) height,6,6,6,6,0
539,,468258.644,4313315.588,2421.471,,-105.36639897,38.96823648,2407.446,Global,0.012,0.011,0.010,0.016,1.734,m,FIX,RTK,2025-07-11 15:04:46.0 UTC-06:00,2025-07-11 15:04:49.0 UTC-06:00,16,1.3,1.5,468407.689,4313300.453,2428.563,-105.36467784,38.96810549,2414.536,150.024,,NAD83(2011) / UTM zone 13N + NAVD88(GEOID18) height,6,6,6,6,0
540,,468258.559,4313315.932,2421.371,,-105.36639997,38.96823958,2407.347,Global,0.012,0.011,0.011,0.016,1.734,m,FIX,RTK,2025-07-11 15:04:58.0 UTC-06:00,2025-07-11 15:05:01.0 UTC-06:00,16,1.3,1.5,468407.689,4313300.453,2428.563,-105.36467784,38.96810549,2414.536,150.153,,NAD83(2011) / UTM zone 13N + NAVD88(GEOID18) height,6,6,6,6,0
541,,468258.512,4313316.302,2421.360,,-105.36640053,38.96824291,2407.336,Global,0.012,0.012,0.011,0.017,1.734,m,FIX,RTK,2025-07-11 15:05:07.8 UTC-06:00,2025-07-11 15:05:10.8 UTC-06:00,16,1.3,1.5,468407.689,4313300.453,2428.563,-105.36467784,38.96810549,2414.536,150.228,,NAD83(2011) / UTM zone 13N + NAVD88(GEOID18) height,6,6,6,6,0
542,,468258.382,4313316.654,2421.383,,-105.36640205,38.96824607,2407.359,Global,0.013,0.013,0.010,0.018,1.734,m,FIX,RTK,2025-07-11 15:05:20.6 UTC-06:00,2025-07-11 15:05:23.6 UTC-06:00,16,1.3,1.5,468407.689,4313300.453,2428.563,-105.36467784,38.96810549,2414.536,150.393,,NAD83(2011) / UTM zone 13N + NAVD88(GEOID18) height,6,6,6,6,0
543,,468258.300,4313316.955,2421.365,,-105.36640302,38.96824879,2407.340,Global,0.013,0.011,0.010,0.017,1.734,m,FIX,RTK,2025-07-11 15:05:29.8 UTC-06:00,2025-07-11 15:05:32.8 UTC-06:00,16,1.3,1.5,468407.689,4313300.453,2428.563,-105.36467784,38.96810549,2414.536,150.519,,NAD83(2011) / UTM zone 13N + NAVD88(GEOID18) height,7,6,6,6,0
544,,468258.244,4313317.309,2421.426,,-105.36640367,38.96825197,2407.401,Global,0.011,0.012,0.010,0.017,1.734,m,FIX,RTK,2025-07-11 15:05:40.6 UTC-06:00,2025-07-11 15:05:43.6 UTC-06:00,16,1.3,1.5,468407.689,4313300.453,2428.563,-105.36467784,38.96810549,2414.536,150.606,,NAD83(2011) / UTM zone 13N + NAVD88(GEOID18) height,6,6,6,6,0
545,,468258.209,4313317.682,2421.540,,-105.36640410,38.96825534,2407.515,Global,0.012,0.013,0.011,0.018,1.734,m,FIX,RTK,2025-07-11 15:05:55.8 UTC-06:00,2025-07-11 15:05:58.8 UTC-06:00,16,1.3,1.5,468407.689,4313300.453,2428.563,-105.36467784,38.96810549,2414.536,150.669,,NAD83(2011) / UTM zone 13N + NAVD88(GEOID18) height,6,6,6,6,0
546,,468258.196,4313318.042,2421.355,,-105.36640426,38.96825858,2407.331,Global,0.013,0.013,0.010,0.019,1.734,m,FIX,RTK,2025-07-11 15:06:13.6 UTC-06:00,2025-07-11 15:06:16.6 UTC-06:00,16,1.3,1.5,468407.689,4313300.453,2428.563,-105.36467784,38.96810549,2414.536,150.739,,NAD83(2011) / UTM zone 13N + NAVD88(GEOID18) height,6,6,6,6,0
547,,468258.141,4313318.303,2421.555,,-105.36640491,38.96826092,2407.531,Global,0.013,0.011,0.010,0.017,1.734,m,FIX,RTK,2025-07-11 15:06:24.6 UTC-06:00,2025-07-11 15:06:27.6 UTC-06:00,16,1.3,1.5,468407.689,4313300.453,2428.563,-105.36467784,38.96810549,2414.536,150.816,,NAD83(2011) / UTM zone 13N + NAVD88(GEOID18) height,6,5,6,6,0
548,,468258.243,4313318.434,2421.612,,-105.36640374,38.96826211,2407.588,Global,0.012,0.011,0.010,0.016,1.734,m,FIX,RTK,2025-07-11 15:06:52.6 UTC-06:00,2025-07-11 15:06:55.6 UTC-06:00,16,1.3,1.5,468407.689,4313300.453,2428.563,-105.36467784,38.96810549,2414.536,150.727,,NAD83(2011) / UTM zone 13N + NAVD88(GEOID18) height,7,5,6,6,0
549,,468258.346,4313318.715,2421.754,,-105.36640256,38.96826465,2407.730,Global,0.011,0.011,0.010,0.016,1.734,m,FIX,RTK,2025-07-11 15:07:07.8 UTC-06:00,2025-07-11 15:07:10.8 UTC-06:00,16,1.3,1.5,468407.689,4313300.453,2428.563,-105.36467784,38.96810549,2414.536,150.661,,NAD83(2011) / UTM zone 13N + NAVD88(GEOID18) height,6,5,6,6,0
550,,468258.247,4313318.982,2421.885,,-105.36640371,38.96826705,2407.861,Global,0.012,0.022,0.011,0.025,1.734,m,FIX,RTK,2025-07-11 15:07:19.8 UTC-06:00,2025-07-11 15:07:22.8 UTC-06:00,16,1.3,1.5,468407.689,4313300.453,2428.563,-105.36467784,38.96810549,2414.536,150.783,,NAD83(2011) / UTM zone 13N + NAVD88(GEOID18) height,6,5,6,6,0
551,,468258.134,4313319.277,2421.975,,-105.36640504,38.96826971,2407.950,Global,0.012,0.016,0.011,0.020,1.734,m,FIX,RTK,2025-07-11 15:07:33.0 UTC-06:00,2025-07-11 15:07:36.0 UTC-06:00,16,1.3,1.5,468407.689,4313300.453,2428.563,-105.36467784,38.96810549,2414.536,150.923,,NAD83(2011) / UTM zone 13N + NAVD88(GEOID18) height,7,5,6,6,0
552,,468258.105,4313319.487,2421.906,,-105.36640538,38.96827160,2407.881,Global,0.012,0.011,0.010,0.017,1.734,m,FIX,RTK,2025-07-11 15:07:49.0 UTC-06:00,2025-07-11 15:07:52.0 UTC-06:00,16,1.3,1.5,468407.689,4313300.453,2428.563,-105.36467784,38.96810549,2414.536,150.983,,NAD83(2011) / UTM zone 13N + NAVD88(GEOID18) height,6,5,6,6,0
553,,468258.098,4313319.772,2421.838,,-105.36640547,38.96827416,2407.814,Global,0.011,0.010,0.010,0.015,1.734,m,FIX,RTK,2025-07-11 15:08:00.0 UTC-06:00,2025-07-11 15:08:03.0 UTC-06:00,16,1.3,1.5,468407.689,4313300.453,2428.563,-105.36467784,38.96810549,2414.536,151.033,,NAD83(2011) / UTM zone 13N + NAVD88(GEOID18) height,6,5,6,6,0
554,,468258.124,4313320.153,2421.960,,-105.36640518,38.96827760,2407.936,Global,0.015,0.011,0.010,0.019,1.734,m,FIX,RTK,2025-07-11 15:08:11.8 UTC-06:00,2025-07-11 15:08:14.8 UTC-06:00,16,1.3,1.5,468407.689,4313300.453,2428.563,-105.36467784,38.96810549,2414.536,151.052,,NAD83(2011) / UTM zone 13N + NAVD88(GEOID18) height,6,5,6,6,0
555,,468258.098,4313320.389,2422.187,,-105.36640550,38.96827973,2408.163,Global,0.011,0.013,0.011,0.017,1.734,m,FIX,RTK,2025-07-11 15:08:26.6 UTC-06:00,2025-07-11 15:08:29.6 UTC-06:00,16,1.3,1.5,468407.689,4313300.453,2428.563,-105.36467784,38.96810549,2414.536,151.094,,NAD83(2011) / UTM zone 13N + NAVD88(GEOID18) height,6,5,6,6,0
556,,468258.108,4313320.562,2422.252,,-105.36640539,38.96828129,2408.228,Global,0.012,0.022,0.010,0.025,1.734,m,FIX,RTK,2025-07-11 15:08:34.4 UTC-06:00,2025-07-11 15:08:37.4 UTC-06:00,16,1.3,1.5,468407.689,4313300.453,2428.563,-105.36467784,38.96810549,2414.536,151.118,,NAD83(2011) / UTM zone 13N + NAVD88(GEOID18) height,6,5,6,6,0
557,,468258.168,4313320.752,2422.405,,-105.36640471,38.96828300,2408.381,Global,0.017,0.010,0.011,0.020,1.734,m,FIX,RTK,2025-07-11 15:08:48.2 UTC-06:00,2025-07-11 15:08:51.2 UTC-06:00,16,1.3,1.5,468407.689,4313300.453,2428.563,-105.36467784,38.96810549,2414.536,151.058,,NAD83(2011) / UTM zone 13N + NAVD88(GEOID18) height,6,5,6,6,0
558,,468258.113,4313321.004,2422.621,,-105.36640536,38.96828527,2408.597,Global,0.019,0.010,0.011,0.021,1.734,m,FIX,RTK,2025-07-11 15:08:58.8 UTC-06:00,2025-07-11 15:09:01.8 UTC-06:00,16,1.3,1.5,468407.689,4313300.453,2428.563,-105.36467784,38.96810549,2414.536,151.142,,NAD83(2011) / UTM zone 13N + NAVD88(GEOID18) height,6,5,6,6,0
559,,468258.065,4313321.301,2422.523,,-105.36640592,38.96828794,2408.498,Global,0.010,0.010,0.010,0.015,1.734,m,FIX,RTK,2025-07-11 15:09:08.4 UTC-06:00,2025-07-11 15:09:11.4 UTC-06:00,16,1.3,1.5,468407.689,4313300.453,2428.563,-105.36467784,38.96810549,2414.536,151.244,,NAD83(2011) / UTM zone 13N + NAVD88(GEOID18) height,6,5,6,6,0
560,,468257.816,4313321.109,2422.121,,-105.36640879,38.96828621,2408.097,Global,0.010,0.011,0.013,0.015,1.734,m,FIX,RTK,2025-07-11 15:09:30.6 UTC-06:00,2025-07-11 15:09:33.6 UTC-06:00,16,1.4,1.7,468407.689,4313300.453,2428.563,-105.36467784,38.96810549,2414.536,151.482,,NAD83(2011) / UTM zone 13N + NAVD88(GEOID18) height,7,5,6,6,0
561,,468258.100,4313321.549,2422.581,,-105.36640553,38.96829018,2408.557,Global,0.010,0.010,0.011,0.015,1.734,m,FIX,RTK,2025-07-11 15:10:11.4 UTC-06:00,2025-07-11 15:10:14.4 UTC-06:00,16,1.3,1.5,468407.689,4313300.453,2428.563,-105.36467784,38.96810549,2414.536,151.250,,NAD83(2011) / UTM zone 13N + NAVD88(GEOID18) height,6,5,6,6,0
562,,468258.027,4313321.792,2422.647,,-105.36640638,38.96829237,2408.623,Global,0.012,0.017,0.010,0.021,1.734,m,FIX,RTK,2025-07-11 15:10:19.4 UTC-06:00,2025-07-11 15:10:22.4 UTC-06:00,16,1.3,1.5,468407.689,4313300.453,2428.563,-105.36467784,38.96810549,2414.536,151.352,,NAD83(2011) / UTM zone 13N + NAVD88(GEOID18) height,6,6,6,6,0
563,,468258.009,4313322.131,2422.615,,-105.36640661,38.96829542,2408.591,Global,0.012,0.015,0.010,0.019,1.734,m,FIX,RTK,2025-07-11 15:10:27.8 UTC-06:00,2025-07-11 15:10:30.8 UTC-06:00,16,1.3,1.5,468407.689,4313300.453,2428.563,-105.36467784,38.96810549,2414.536,151.421,,NAD83(2011) / UTM zone 13N + NAVD88(GEOID18) height,6,5,6,6,0
564,,468257.950,4313322.345,2422.669,,-105.36640730,38.96829735,2408.644,Global,0.021,0.015,0.010,0.026,1.734,m,FIX,RTK,2025-07-11 15:10:35.2 UTC-06:00,2025-07-11 15:10:38.2 UTC-06:00,15,1.3,1.5,468407.689,4313300.453,2428.563,-105.36467784,38.96810549,2414.536,151.522,,NAD83(2011) / UTM zone 13N + NAVD88(GEOID18) height,6,5,6,6,0
565,,468257.902,4313322.568,2422.758,,-105.36640787,38.96829935,2408.734,Global,0.014,0.011,0.010,0.018,1.734,m,FIX,RTK,2025-07-11 15:10:45.2 UTC-06:00,2025-07-11 15:10:48.2 UTC-06:00,16,1.3,1.5,468407.689,4313300.453,2428.563,-105.36467784,38.96810549,2414.536,151.586,,NAD83(2011) / UTM zone 13N + NAVD88(GEOID18) height,6,5,6,6,0
566,,468257.870,4313322.809,2422.766,,-105.36640824,38.96830153,2408.741,Global,0.012,0.010,0.011,0.016,1.734,m,FIX,RTK,2025-07-11 15:10:55.0 UTC-06:00,2025-07-11 15:10:58.0 UTC-06:00,16,1.3,1.5,468407.689,4313300.453,2428.563,-105.36467784,38.96810549,2414.536,151.656,,NAD83(2011) / UTM zone 13N + NAVD88(GEOID18) height,6,5,6,6,0
567,,468257.863,4313323.014,2422.806,,-105.36640834,38.96830337,2408.781,Global,0.011,0.011,0.010,0.016,1.734,m,FIX,RTK,2025-07-11 15:11:02.8 UTC-06:00,2025-07-11 15:11:05.8 UTC-06:00,15,1.3,1.5,468407.689,4313300.453,2428.563,-105.36467784,38.96810549,2414.536,151.684,,NAD83(2011) / UTM zone 13N + NAVD88(GEOID18) height,6,5,6,6,0
568,,468257.797,4313323.133,2423.095,,-105.36640911,38.96830444,2409.071,Global,0.011,0.010,0.011,0.015,1.734,m,FIX,RTK,2025-07-11 15:12:02.0 UTC-06:00,2025-07-11 15:12:32.0 UTC-06:00,151,1.3,1.6,468407.689,4313300.453,2428.563,-105.36467784,38.96810549,2414.536,151.763,,NAD83(2011) / UTM zone 13N + NAVD88(GEOID18) height,7,5,6,5,0
569,,468257.800,4313323.124,2423.094,,-105.36640906,38.96830436,2409.070,Global,0.011,0.011,0.010,0.015,1.734,m,FIX,RTK,2025-07-11 15:12:45.0 UTC-06:00,2025-07-11 15:12:48.0 UTC-06:00,16,1.3,1.6,468407.689,4313300.453,2428.563,-105.36467784,38.96810549,2414.536,151.757,,NAD83(2011) / UTM zone 13N + NAVD88(GEOID18) height,7,5,6,5,0
570,,468257.665,4313323.126,2422.782,,-105.36641063,38.96830437,2408.757,Global,0.010,0.010,0.010,0.014,1.734,m,FIX,RTK,2025-07-11 15:12:56.4 UTC-06:00,2025-07-11 15:12:59.4 UTC-06:00,16,1.3,1.6,468407.689,4313300.453,2428.563,-105.36467784,38.96810549,2414.536,151.898,,NAD83(2011) / UTM zone 13N + NAVD88(GEOID18) height,7,5,6,5,0
571,,468257.811,4313322.970,2422.791,,-105.36640894,38.96830297,2408.767,Global,0.012,0.013,0.010,0.017,1.734,m,FIX,RTK,2025-07-11 15:13:05.2 UTC-06:00,2025-07-11 15:13:08.2 UTC-06:00,16,1.3,1.5,468407.689,4313300.453,2428.563,-105.36467784,38.96810549,2414.536,151.740,,NAD83(2011) / UTM zone 13N + NAVD88(GEOID18) height,7,5,6,5,0
572,,468257.974,4313323.163,2422.833,,-105.36640707,38.96830472,2408.808,Global,0.011,0.011,0.010,0.016,1.734,m,FIX,RTK,2025-07-11 15:13:13.2 UTC-06:00,2025-07-11 15:13:16.2 UTC-06:00,16,1.3,1.5,468407.689,4313300.453,2428.563,-105.36467784,38.96810549,2414.536,151.589,,NAD83(2011) / UTM zone 13N + NAVD88(GEOID18) height,7,5,6,5,0
573,,468257.847,4313323.343,2422.837,,-105.36640854,38.96830634,2408.812,Global,0.010,0.010,0.010,0.015,1.734,m,FIX,RTK,2025-07-11 15:13:21.6 UTC-06:00,2025-07-11 15:13:24.6 UTC-06:00,16,1.3,1.5,468407.689,4313300.453,2428.563,-105.36467784,38.96810549,2414.536,151.750,,NAD83(2011) / UTM zone 13N + NAVD88(GEOID18) height,7,5,6,5,0
574,,468257.791,4313323.140,2423.102,,-105.36640917,38.96830450,2409.077,Global,0.011,0.010,0.010,0.015,1.734,m,FIX,RTK,2025-07-11 15:13:35.2 UTC-06:00,2025-07-11 15:13:38.2 UTC-06:00,16,1.3,1.5,468407.689,4313300.453,2428.563,-105.36467784,38.96810549,2414.536,151.763,,NAD83(2011) / UTM zone 13N + NAVD88(GEOID18) height,7,5,6,5,0
575,,468257.847,4313323.218,2422.831,,-105.36640852,38.96830521,2408.806,Global,0.012,0.012,0.010,0.017,1.734,m,FIX,RTK,2025-07-11 15:13:47.4 UTC-06:00,2025-07-11 15:13:50.4 UTC-06:00,16,1.3,1.5,468407.689,4313300.453,2428.563,-105.36467784,38.96810549,2414.536,151.729,,NAD83(2011) / UTM zone 13N + NAVD88(GEOID18) height,7,5,6,5,0
576,,468257.933,4313323.701,2422.845,,-105.36640756,38.96830956,2408.820,Global,0.011,0.012,0.011,0.016,1.734,m,FIX,RTK,2025-07-11 15:14:00.6 UTC-06:00,2025-07-11 15:14:03.6 UTC-06:00,16,1.3,1.5,468407.689,4313300.453,2428.563,-105.36467784,38.96810549,2414.536,151.713,,NAD83(2011) / UTM zone 13N + NAVD88(GEOID18) height,7,5,6,5,0
577,,468257.929,4313324.188,2422.837,,-105.36640762,38.96831395,2408.812,Global,0.016,0.011,0.010,0.020,1.734,m,FIX,RTK,2025-07-11 15:14:25.0 UTC-06:00,2025-07-11 15:14:28.0 UTC-06:00,16,1.3,1.5,468407.689,4313300.453,2428.563,-105.36467784,38.96810549,2414.536,151.806,,NAD83(2011) / UTM zone 13N + NAVD88(GEOID18) height,7,5,6,5,0
578,,468257.870,4313324.695,2422.895,,-105.36640833,38.96831852,2408.871,Global,0.013,0.012,0.011,0.017,1.734,m,FIX,RTK,2025-07-11 15:14:37.6 UTC-06:00,2025-07-11 15:14:40.6 UTC-06:00,16,1.3,1.5,468407.689,4313300.453,2428.563,-105.36467784,38.96810549,2414.536,151.934,,NAD83(2011) / UTM zone 13N + NAVD88(GEOID18) height,7,5,6,5,0
579,,468257.842,4313325.168,2422.882,,-105.36640867,38.96832278,2408.858,Global,0.011,0.013,0.010,0.017,1.734,m,FIX,RTK,2025-07-11 15:14:50.0 UTC-06:00,2025-07-11 15:14:53.0 UTC-06:00,16,1.3,1.5,468407.689,4313300.453,2428.563,-105.36467784,38.96810549,2414.536,152.040,,NAD83(2011) / UTM zone 13N + NAVD88(GEOID18) height,7,5,6,6,0
580,,468257.859,4313325.701,2422.863,,-105.36640851,38.96832758,2408.838,Global,0.015,0.015,0.010,0.021,1.734,m,FIX,RTK,2025-07-11 15:15:02.8 UTC-06:00,2025-07-11 15:15:05.8 UTC-06:00,16,1.3,1.5,468407.689,4313300.453,2428.563,-105.36467784,38.96810549,2414.536,152.102,,NAD83(2011) / UTM zone 13N + NAVD88(GEOID18) height,7,5,6,5,0
581,,468257.851,4313326.196,2422.937,,-105.36640862,38.96833204,2408.912,Global,0.011,0.013,0.010,0.017,1.734,m,FIX,RTK,2025-07-11 15:15:13.6 UTC-06:00,2025-07-11 15:15:16.6 UTC-06:00,16,1.3,1.5,468407.689,4313300.453,2428.563,-105.36467784,38.96810549,2414.536,152.196,,NAD83(2011) / UTM zone 13N + NAVD88(GEOID18) height,7,5,6,6,0
582,,468257.816,4313326.683,2422.920,,-105.36640905,38.96833643,2408.896,Global,0.013,0.011,0.011,0.017,1.734,m,FIX,RTK,2025-07-11 15:15:37.6 UTC-06:00,2025-07-11 15:15:40.6 UTC-06:00,15,1.3,1.5,468407.689,4313300.453,2428.563,-105.36467784,38.96810549,2414.536,152.310,,NAD83(2011) / UTM zone 13N + NAVD88(GEOID18) height,7,5,6,5,0
583,,468257.827,4313327.290,2422.940,,-105.36640895,38.96834190,2408.916,Global,0.011,0.013,0.010,0.017,1.734,m,FIX,RTK,2025-07-11 15:15:49.2 UTC-06:00,2025-07-11 15:15:52.2 UTC-06:00,16,1.3,1.5,468407.689,4313300.453,2428.563,-105.36467784,38.96810549,2414.536,152.412,,NAD83(2011) / UTM zone 13N + NAVD88(GEOID18) height,7,5,6,5,0
584,,468257.786,4313327.736,2422.902,,-105.36640944,38.96834592,2408.878,Global,0.010,0.011,0.010,0.015,1.734,m,FIX,RTK,2025-07-11 15:15:58.2 UTC-06:00,2025-07-11 15:16:01.2 UTC-06:00,16,1.3,1.5,468407.689,4313300.453,2428.563,-105.36467784,38.96810549,2414.536,152.531,,NAD83(2011) / UTM zone 13N + NAVD88(GEOID18) height,7,5,6,5,0
585,,468257.721,4313328.204,2422.908,,-105.36641022,38.96835013,2408.883,Global,0.011,0.010,0.011,0.015,1.734,m,FIX,RTK,2025-07-11 15:16:10.4 UTC-06:00,2025-07-11 15:16:13.4 UTC-06:00,16,1.3,1.5,468407.689,4313300.453,2428.563,-105.36467784,38.96810549,2414.536,152.684,,NAD83(2011) / UTM zone 13N + NAVD88(GEOID18) height,7,5,6,5,0
586,,468257.693,4313328.664,2422.893,,-105.36641056,38.96835428,2408.868,Global,0.010,0.010,0.011,0.015,1.734,m,FIX,RTK,2025-07-11 15:16:19.8 UTC-06:00,2025-07-11 15:16:22.8 UTC-06:00,16,1.3,1.5,468407.689,4313300.453,2428.563,-105.36467784,38.96810549,2414.536,152.792,,NAD83(2011) / UTM zone 13N + NAVD88(GEOID18) height,7,5,6,5,0
587,,468257.729,4313329.132,2422.899,,-105.36641017,38.96835850,2408.875,Global,0.012,0.011,0.010,0.016,1.734,m,FIX,RTK,2025-07-11 15:16:33.0 UTC-06:00,2025-07-11 15:16:36.0 UTC-06:00,16,1.3,1.5,468407.689,4313300.453,2428.563,-105.36467784,38.96810549,2414.536,152.847,,NAD83(2011) / UTM zone 13N + NAVD88(GEOID18) height,7,5,6,5,0
588,,468257.729,4313329.721,2422.853,,-105.36641019,38.96836380,2408.829,Global,0.011,0.010,0.010,0.015,1.734,m,FIX,RTK,2025-07-11 15:16:58.0 UTC-06:00,2025-07-11 15:17:01.0 UTC-06:00,16,1.3,1.5,468407.689,4313300.453,2428.563,-105.36467784,38.96810549,2414.536,152.954,,NAD83(2011) / UTM zone 13N + NAVD88(GEOID18) height,7,6,7,5,0
589,,468257.594,4313330.136,2422.852,,-105.36641177,38.96836754,2408.828,Global,0.010,0.010,0.010,0.015,1.734,m,FIX,RTK,2025-07-11 15:17:13.8 UTC-06:00,2025-07-11 15:17:16.8 UTC-06:00,16,1.3,1.5,468407.689,4313300.453,2428.563,-105.36467784,38.96810549,2414.536,153.168,,NAD83(2011) / UTM zone 13N + NAVD88(GEOID18) height,7,6,7,5,0
590,,468257.493,4313330.646,2422.838,,-105.36641297,38.96837213,2408.814,Global,0.010,0.016,0.010,0.019,1.734,m,FIX,RTK,2025-07-11 15:17:22.4 UTC-06:00,2025-07-11 15:17:25.4 UTC-06:00,16,1.3,1.5,468407.689,4313300.453,2428.563,-105.36467784,38.96810549,2414.536,153.374,,NAD83(2011) / UTM zone 13N + NAVD88(GEOID18) height,7,6,7,5,0
591,,468257.419,4313331.098,2422.862,,-105.36641384,38.96837620,2408.838,Global,0.014,0.011,0.010,0.017,1.734,m,FIX,RTK,2025-07-11 15:17:35.8 UTC-06:00,2025-07-11 15:17:38.8 UTC-06:00,16,1.3,1.5,468407.689,4313300.453,2428.563,-105.36467784,38.96810549,2414.536,153.533,,NAD83(2011) / UTM zone 13N + NAVD88(GEOID18) height,7,6,7,5,0
592,,468257.454,4313331.613,2422.883,,-105.36641345,38.96838084,2408.859,Global,0.014,0.011,0.010,0.018,1.734,m,FIX,RTK,2025-07-11 15:17:49.8 UTC-06:00,2025-07-11 15:17:52.8 UTC-06:00,16,1.3,1.5,468407.689,4313300.453,2428.563,-105.36467784,38.96810549,2414.536,153.596,,NAD83(2011) / UTM zone 13N + NAVD88(GEOID18) height,7,6,6,5,0
593,,468257.468,4313332.183,2422.881,,-105.36641332,38.96838598,2408.857,Global,0.010,0.010,0.010,0.015,1.734,m,FIX,RTK,2025-07-11 15:18:00.0 UTC-06:00,2025-07-11 15:18:03.0 UTC-06:00,16,1.3,1.5,468407.689,4313300.453,2428.563,-105.36467784,38.96810549,2414.536,153.702,,NAD83(2011) / UTM zone 13N + NAVD88(GEOID18) height,7,6,7,6,0
594,,468257.232,4313332.634,2422.935,,-105.36641606,38.96839004,2408.910,Global,0.011,0.010,0.011,0.015,1.734,m,FIX,RTK,2025-07-11 15:18:11.0 UTC-06:00,2025-07-11 15:18:14.0 UTC-06:00,16,1.3,1.5,468407.689,4313300.453,2428.563,-105.36467784,38.96810549,2414.536,154.035,,NAD83(2011) / UTM zone 13N + NAVD88(GEOID18) height,7,5,7,5,0
595,,468257.121,4313333.057,2422.994,,-105.36641736,38.96839385,2408.969,Global,0.010,0.011,0.010,0.015,1.734,m,FIX,RTK,2025-07-11 15:18:26.6 UTC-06:00,2025-07-11 15:18:29.6 UTC-06:00,16,1.2,1.4,468407.689,4313300.453,2428.563,-105.36467784,38.96810549,2414.536,154.227,,NAD83(2011) / UTM zone 13N + NAVD88(GEOID18) height,7,5,7,5,0
596,,468257.052,4313333.624,2422.958,,-105.36641818,38.96839895,2408.934,Global,0.012,0.011,0.010,0.016,1.734,m,FIX,RTK,2025-07-11 15:18:37.8 UTC-06:00,2025-07-11 15:18:40.8 UTC-06:00,16,1.3,1.5,468407.689,4313300.453,2428.563,-105.36467784,38.96810549,2414.536,154.416,,NAD83(2011) / UTM zone 13N + NAVD88(GEOID18) height,7,5,7,5,0
597,,468256.931,4313334.125,2423.015,,-105.36641961,38.96840346,2408.991,Global,0.011,0.010,0.011,0.015,1.734,m,FIX,RTK,2025-07-11 15:18:48.2 UTC-06:00,2025-07-11 15:18:51.2 UTC-06:00,16,1.3,1.5,468407.689,4313300.453,2428.563,-105.36467784,38.96810549,2414.536,154.642,,NAD83(2011) / UTM zone 13N + NAVD88(GEOID18) height,7,5,7,5,0
598,,468256.842,4313334.634,2423.068,,-105.36642066,38.96840804,2409.044,Global,0.015,0.012,0.010,0.019,1.734,m,FIX,RTK,2025-07-11 15:18:57.8 UTC-06:00,2025-07-11 15:19:00.8 UTC-06:00,16,1.2,1.4,468407.689,4313300.453,2428.563,-105.36467784,38.96810549,2414.536,154.849,,NAD83(2011) / UTM zone 13N + NAVD88(GEOID18) height,7,5,7,5,0
599,,468256.706,4313335.089,2423.082,,-105.36642226,38.96841214,2409.058,Global,0.011,0.010,0.016,0.015,1.734,m,FIX,RTK,2025-07-11 15:19:09.2 UTC-06:00,2025-07-11 15:19:12.2 UTC-06:00,16,1.3,1.5,468407.689,4313300.453,2428.563,-105.36467784,38.96810549,2414.536,155.067,,NAD83(2011) / UTM zone 13N + NAVD88(GEOID18) height,7,5,7,5,0
600,,468256.693,4313335.542,2423.116,,-105.36642242,38.96841622,2409.091,Global,0.013,0.012,0.025,0.018,1.734,m,FIX,RTK,2025-07-11 15:19:18.0 UTC-06:00,2025-07-11 15:19:21.0 UTC-06:00,16,1.3,1.5,468407.689,4313300.453,2428.563,-105.36467784,38.96810549,2414.536,155.182,,NAD83(2011) / UTM zone 13N + NAVD88(GEOID18) height,7,5,7,5,0
601,,468256.632,4313336.028,2423.264,,-105.36642315,38.96842060,2409.240,Global,0.011,0.011,0.016,0.015,1.734,m,FIX,RTK,2025-07-11 15:19:47.2 UTC-06:00,2025-07-11 15:20:17.2 UTC-06:00,151,1.3,1.6,468407.689,4313300.453,2428.563,-105.36467784,38.96810549,2414.536,155.352,,NAD83(2011) / UTM zone 13N + NAVD88(GEOID18) height,7,5,7,5,0
602,,468256.636,4313336.018,2423.264,,-105.36642310,38.96842051,2409.239,Global,0.010,0.011,0.019,0.015,1.734,m,FIX,RTK,2025-07-11 15:20:34.6 UTC-06:00,2025-07-11 15:20:37.6 UTC-06:00,16,1.3,1.5,468407.689,4313300.453,2428.563,-105.36467784,38.96810549,2414.536,155.346,,NAD83(2011) / UTM zone 13N + NAVD88(GEOID18) height,7,6,7,6,0
603,,468256.522,4313335.979,2423.261,,-105.36642442,38.96842016,2409.236,Global,0.013,0.012,0.015,0.017,1.734,m,FIX,RTK,2025-07-11 15:20:43.4 UTC-06:00,2025-07-11 15:20:46.4 UTC-06:00,16,1.2,1.5,468407.689,4313300.453,2428.563,-105.36467784,38.96810549,2414.536,155.454,,NAD83(2011) / UTM zone 13N + NAVD88(GEOID18) height,7,6,7,5,0
604,,468256.680,4313335.816,2423.250,,-105.36642259,38.96841869,2409.225,Global,0.010,0.010,0.016,0.014,1.734,m,FIX,RTK,2025-07-11 15:20:51.2 UTC-06:00,2025-07-11 15:20:54.2 UTC-06:00,16,1.3,1.5,468407.689,4313300.453,2428.563,-105.36467784,38.96810549,2414.536,155.256,,NAD83(2011) / UTM zone 13N + NAVD88(GEOID18) height,7,6,7,5,0
605,,468256.808,4313336.032,2423.240,,-105.36642111,38.96842064,2409.215,Global,0.011,0.010,0.012,0.015,1.734,m,FIX,RTK,2025-07-11 15:20:59.8 UTC-06:00,2025-07-11 15:21:02.8 UTC-06:00,16,1.2,1.5,468407.689,4313300.453,2428.563,-105.36467784,38.96810549,2414.536,155.185,,NAD83(2011) / UTM zone 13N + NAVD88(GEOID18) height,7,6,7,5,0
606,,468256.651,4313336.226,2423.239,,-105.36642294,38.96842238,2409.215,Global,0.031,0.028,0.018,0.042,1.734,m,FIX,RTK,2025-07-11 15:21:06.0 UTC-06:00,2025-07-11 15:21:09.0 UTC-06:00,16,1.3,1.5,468407.689,4313300.453,2428.563,-105.36467784,38.96810549,2414.536,155.415,,NAD83(2011) / UTM zone 13N + NAVD88(GEOID18) height,7,5,7,5,0
607,,468256.621,4313336.024,2423.254,,-105.36642327,38.96842056,2409.230,Global,0.011,0.010,0.014,0.015,1.734,m,FIX,RTK,2025-07-11 15:21:14.8 UTC-06:00,2025-07-11 15:21:17.8 UTC-06:00,16,1.3,1.5,468407.689,4313300.453,2428.563,-105.36467784,38.96810549,2414.536,155.357,,NAD83(2011) / UTM zone 13N + NAVD88(GEOID18) height,7,5,7,5,0
608,,468261.575,4313293.422,2422.848,,-105.36636411,38.96803685,2408.823,Global,0.010,0.011,0.010,0.015,1.734,m,FIX,RTK,2025-07-11 15:27:54.6 UTC-06:00,2025-07-11 15:27:57.6 UTC-06:00,16,1.1,1.3,468407.689,4313300.453,2428.563,-105.36467784,38.96810549,2414.536,146.453,,NAD83(2011) / UTM zone 13N + NAVD88(GEOID18) height,8,6,7,6,0
609,,468261.714,4313292.967,2422.834,,-105.36636249,38.96803275,2408.810,Global,0.022,0.013,0.010,0.026,1.734,m,FIX,RTK,2025-07-11 15:28:04.0 UTC-06:00,2025-07-11 15:28:07.0 UTC-06:00,16,1.1,1.3,468407.689,4313300.453,2428.563,-105.36467784,38.96810549,2414.536,146.312,,NAD83(2011) / UTM zone 13N + NAVD88(GEOID18) height,8,6,7,6,0
610,,468261.872,4313292.486,2422.795,,-105.36636064,38.96802842,2408.771,Global,0.010,0.011,0.010,0.015,1.734,m,FIX,RTK,2025-07-11 15:28:30.0 UTC-06:00,2025-07-11 15:28:33.0 UTC-06:00,16,1.1,1.3,468407.689,4313300.453,2428.563,-105.36467784,38.96810549,2414.536,146.205,,NAD83(2011) / UTM zone 13N + NAVD88(GEOID18) height,8,6,7,6,0
611,,468262.009,4313291.991,2422.846,,-105.36635904,38.96802396,2408.821,Global,0.010,0.010,0.011,0.015,1.734,m,FIX,RTK,2025-07-11 15:28:46.6 UTC-06:00,2025-07-11 15:28:49.6 UTC-06:00,16,1.1,1.3,468407.689,4313300.453,2428.563,-105.36467784,38.96810549,2414.536,146.098,,NAD83(2011) / UTM zone 13N + NAVD88(GEOID18) height,9,6,7,6,0
612,,468262.138,4313291.523,2422.858,,-105.36635753,38.96801976,2408.833,Global,0.010,0.011,0.011,0.015,1.734,m,FIX,RTK,2025-07-11 15:29:03.8 UTC-06:00,2025-07-11 15:29:06.8 UTC-06:00,16,1.1,1.3,468407.689,4313300.453,2428.563,-105.36467784,38.96810549,2414.536,145.989,,NAD83(2011) / UTM zone 13N + NAVD88(GEOID18) height,9,6,7,6,0
613,,468262.286,4313291.040,2422.941,,-105.36635580,38.96801540,2408.917,Global,0.012,0.011,0.010,0.016,1.734,m,FIX,RTK,2025-07-11 15:29:21.4 UTC-06:00,2025-07-11 15:29:24.4 UTC-06:00,16,1.1,1.3,468407.689,4313300.453,2428.563,-105.36467784,38.96810549,2414.536,145.862,,NAD83(2011) / UTM zone 13N + NAVD88(GEOID18) height,9,5,7,6,0
614,,468262.380,4313290.543,2422.940,,-105.36635469,38.96801093,2408.915,Global,0.011,0.010,0.010,0.015,1.734,m,FIX,RTK,2025-07-11 15:29:34.4 UTC-06:00,2025-07-11 15:29:37.4 UTC-06:00,16,1.1,1.3,468407.689,4313300.453,2428.563,-105.36467784,38.96810549,2414.536,145.808,,NAD83(2011) / UTM zone 13N + NAVD88(GEOID18) height,8,6,7,6,0
615,,468262.401,4313290.556,2422.938,,-105.36635444,38.96801105,2408.913,Global,0.015,0.012,0.010,0.019,1.734,m,FIX,RTK,2025-07-11 15:29:38.2 UTC-06:00,2025-07-11 15:29:41.2 UTC-06:00,16,1.1,1.3,468407.689,4313300.453,2428.563,-105.36467784,38.96810549,2414.536,145.779,,NAD83(2011) / UTM zone 13N + NAVD88(GEOID18) height,8,5,7,6,0
616,,468262.562,4313290.093,2422.985,,-105.36635257,38.96800688,2408.961,Global,0.011,0.011,0.010,0.015,1.734,m,FIX,RTK,2025-07-11 15:30:12.0 UTC-06:00,2025-07-11 15:30:15.0 UTC-06:00,16,1.1,1.3,468407.689,4313300.453,2428.563,-105.36467784,38.96810549,2414.536,145.659,,NAD83(2011) / UTM zone 13N + NAVD88(GEOID18) height,9,6,7,6,0
617,,468262.654,4313289.580,2422.921,,-105.36635148,38.96800226,2408.896,Global,0.012,0.012,0.011,0.017,1.734,m,FIX,RTK,2025-07-11 15:30:28.2 UTC-06:00,2025-07-11 15:30:31.2 UTC-06:00,16,1.1,1.3,468407.689,4313300.453,2428.563,-105.36467784,38.96810549,2414.536,145.595,,NAD83(2011) / UTM zone 13N + NAVD88(GEOID18) height,9,6,7,6,0
618,,468262.685,4313289.124,2422.971,,-105.36635110,38.96799816,2408.946,Global,0.010,0.012,0.010,0.016,1.734,m,FIX,RTK,2025-07-11 15:30:44.2 UTC-06:00,2025-07-11 15:30:47.2 UTC-06:00,16,1.1,1.3,468407.689,4313300.453,2428.563,-105.36467784,38.96810549,2414.536,145.608,,NAD83(2011) / UTM zone 13N + NAVD88(GEOID18) height,9,6,7,6,0
619,,468262.843,4313288.591,2422.953,,-105.36634925,38.96799336,2408.929,Global,0.012,0.011,0.011,0.016,1.734,m,FIX,RTK,2025-07-11 15:31:00.6 UTC-06:00,2025-07-11 15:31:03.6 UTC-06:00,16,1.1,1.3,468407.689,4313300.453,2428.563,-105.36467784,38.96810549,2414.536,145.494,,NAD83(2011) / UTM zone 13N + NAVD88(GEOID18) height,9,6,7,6,0
620,,468262.881,4313288.184,2422.981,,-105.36634880,38.96798969,2408.956,Global,0.010,0.010,0.011,0.015,1.734,m,FIX,RTK,2025-07-11 15:31:19.2 UTC-06:00,2025-07-11 15:31:22.2 UTC-06:00,16,1.1,1.3,468407.689,4313300.453,2428.563,-105.36467784,38.96810549,2414.536,145.487,,NAD83(2011) / UTM zone 13N + NAVD88(GEOID18) height,8,6,7,6,0
621,,468263.158,4313287.718,2423.047,,-105.36634557,38.96798550,2409.022,Global,0.011,0.010,0.010,0.015,1.734,m,FIX,RTK,2025-07-11 15:31:39.4 UTC-06:00,2025-07-11 15:31:42.4 UTC-06:00,16,1.1,1.3,468407.689,4313300.453,2428.563,-105.36467784,38.96810549,2414.536,145.252,,NAD83(2011) / UTM zone 13N + NAVD88(GEOID18) height,8,6,7,6,0
622,,468263.328,4313287.212,2423.034,,-105.36634359,38.96798095,2409.009,Global,0.010,0.012,0.010,0.016,1.734,m,FIX,RTK,2025-07-11 15:31:59.4 UTC-06:00,2025-07-11 15:32:02.4 UTC-06:00,16,1.1,1.3,468407.689,4313300.453,2428.563,-105.36467784,38.96810549,2414.536,145.124,,NAD83(2011) / UTM zone 13N + NAVD88(GEOID18) height,7,6,7,6,0
623,,468263.372,4313286.620,2423.124,,-105.36634306,38.96797562,2409.100,Global,0.010,0.011,0.010,0.015,1.734,m,FIX,RTK,2025-07-11 15:32:13.4 UTC-06:00,2025-07-11 15:32:16.4 UTC-06:00,16,1.1,1.3,468407.689,4313300.453,2428.563,-105.36467784,38.96810549,2414.536,145.138,,NAD83(2011) / UTM zone 13N + NAVD88(GEOID18) height,8,6,7,6,0
624,,468263.416,4313286.285,2423.146,,-105.36634253,38.96797260,2409.121,Global,0.011,0.011,0.010,0.015,1.734,m,FIX,RTK,2025-07-11 15:32:25.0 UTC-06:00,2025-07-11 15:32:27.4 UTC-06:00,13,1.1,1.3,468407.689,4313300.453,2428.563,-105.36467784,38.96810549,2414.536,145.126,,NAD83(2011) / UTM zone 13N + NAVD88(GEOID18) height,9,6,7,6,0
625,,468263.503,4313285.673,2423.182,,-105.36634150,38.96796709,2409.158,Global,0.012,0.011,0.010,0.016,1.734,m,FIX,RTK,2025-07-11 15:32:46.0 UTC-06:00,2025-07-11 15:32:49.0 UTC-06:00,16,1.1,1.3,468407.689,4313300.453,2428.563,-105.36467784,38.96810549,2414.536,145.101,,NAD83(2011) / UTM zone 13N + NAVD88(GEOID18) height,8,6,7,6,0
626,,468263.584,4313285.259,2423.200,,-105.36634054,38.96796336,2409.175,Global,0.011,0.010,0.010,0.015,1.734,m,FIX,RTK,2025-07-11 15:32:59.2 UTC-06:00,2025-07-11 15:33:02.2 UTC-06:00,16,1.1,1.3,468407.689,4313300.453,2428.563,-105.36467784,38.96810549,2414.536,145.057,,NAD83(2011) / UTM zone 13N + NAVD88(GEOID18) height,8,6,7,6,0
627,,468263.618,4313284.828,2423.194,,-105.36634013,38.96795948,2409.169,Global,0.010,0.011,0.010,0.015,1.734,m,FIX,RTK,2025-07-11 15:33:12.2 UTC-06:00,2025-07-11 15:33:15.2 UTC-06:00,16,1.1,1.3,468407.689,4313300.453,2428.563,-105.36467784,38.96810549,2414.536,145.072,,NAD83(2011) / UTM zone 13N + NAVD88(GEOID18) height,8,6,7,6,0
628,,468263.724,4313284.321,2423.191,,-105.36633889,38.96795492,2409.167,Global,0.010,0.010,0.010,0.015,1.734,m,FIX,RTK,2025-07-11 15:33:26.8 UTC-06:00,2025-07-11 15:33:29.8 UTC-06:00,16,1.1,1.3,468407.689,4313300.453,2428.563,-105.36467784,38.96810549,2414.536,145.019,,NAD83(2011) / UTM zone 13N + NAVD88(GEOID18) height,9,6,7,6,0
0,,468263.758,4313283.781,2423.263,,-105.36633847,38.96795005,2409.238,Global,0.011,0.011,0.011,0.015,1.734,m,FIX,RTK,2025-07-11 15:33:46.6 UTC-06:00,2025-07-11 15:33:49.6 UTC-06:00,16,1.1,1.3,468407.689,4313300.453,2428.563,-105.36467784,38.96810549,2414.536,145.049,,NAD83(2011) / UTM zone 13N + NAVD88(GEOID18) height,8,6,7,6,0
1,,468263.853,4313283.383,2423.251,,-105.36633735,38.96794647,2409.226,Global,0.011,0.011,0.010,0.015,1.734,m,FIX,RTK,2025-07-11 15:33:58.8 UTC-06:00,2025-07-11 15:34:01.8 UTC-06:00,16,1.2,1.4,468407.689,4313300.453,2428.563,-105.36467784,38.96810549,2414.536,144.998,,NAD83(2011) / UTM zone 13N + NAVD88(GEOID18) height,8,6,7,6,0
2,,468263.915,4313282.826,2423.237,,-105.36633662,38.96794144,2409.213,Global,0.010,0.010,0.010,0.014,1.734,m,FIX,RTK,2025-07-11 15:34:18.6 UTC-06:00,2025-07-11 15:34:21.6 UTC-06:00,16,1.2,1.4,468407.689,4313300.453,2428.563,-105.36467784,38.96810549,2414.536,145.010,,NAD83(2011) / UTM zone 13N + NAVD88(GEOID18) height,8,6,7,5,0
“,,468263.988,4313282.281,2423.256,,-105.36633574,38.96793654,2409.231,Global,0.015,0.013,0.010,0.019,1.734,m,FIX,RTK,2025-07-11 15:34:31.2 UTC-06:00,2025-07-11 15:34:34.2 UTC-06:00,16,1.2,1.4,468407.689,4313300.453,2428.563,-105.36467784,38.96810549,2414.536,144.991,,NAD83(2011) / UTM zone 13N + NAVD88(GEOID18) height,7,6,7,5,0
“1,,468264.011,4313281.795,2423.250,,-105.36633545,38.96793216,2409.225,Global,0.011,0.010,0.010,0.015,1.734,m,FIX,RTK,2025-07-11 15:34:44.0 UTC-06:00,2025-07-11 15:34:47.0 UTC-06:00,16,1.2,1.4,468407.689,4313300.453,2428.563,-105.36467784,38.96810549,2414.536,145.034,,NAD83(2011) / UTM zone 13N + NAVD88(GEOID18) height,6,6,7,5,0
“2,,468264.038,4313281.336,2423.278,,-105.36633512,38.96792803,2409.253,Global,0.010,0.011,0.010,0.015,1.734,m,FIX,RTK,2025-07-11 15:34:54.8 UTC-06:00,2025-07-11 15:34:57.8 UTC-06:00,16,1.2,1.4,468407.689,4313300.453,2428.563,-105.36467784,38.96810549,2414.536,145.071,,NAD83(2011) / UTM zone 13N + NAVD88(GEOID18) height,7,6,7,5,0
“3,,468264.138,4313280.812,2423.292,,-105.36633395,38.96792330,2409.267,Global,0.010,0.011,0.010,0.015,1.734,m,FIX,RTK,2025-07-11 15:35:07.6 UTC-06:00,2025-07-11 15:35:10.6 UTC-06:00,16,1.2,1.4,468407.689,4313300.453,2428.563,-105.36467784,38.96810549,2414.536,145.045,,NAD83(2011) / UTM zone 13N + NAVD88(GEOID18) height,8,6,7,5,0
“4,,468264.240,4313280.317,2423.275,,-105.36633274,38.96791885,2409.250,Global,0.010,0.011,0.010,0.015,1.734,m,FIX,RTK,2025-07-11 15:35:21.0 UTC-06:00,2025-07-11 15:35:24.0 UTC-06:00,16,1.1,1.3,468407.689,4313300.453,2428.563,-105.36467784,38.96810549,2414.536,145.015,,NAD83(2011) / UTM zone 13N + NAVD88(GEOID18) height,7,6,7,5,0
“5,,468264.245,4313279.782,2423.216,,-105.36633266,38.96791403,2409.191,Global,0.011,0.010,0.010,0.015,1.734,m,FIX,RTK,2025-07-11 15:35:33.8 UTC-06:00,2025-07-11 15:35:36.8 UTC-06:00,16,1.2,1.4,468407.689,4313300.453,2428.563,-105.36467784,38.96810549,2414.536,145.083,,NAD83(2011) / UTM zone 13N + NAVD88(GEOID18) height,7,6,7,5,0
“6,,468264.305,4313279.350,2423.211,,-105.36633195,38.96791014,2409.186,Global,0.016,0.014,0.010,0.021,1.734,m,FIX,RTK,2025-07-11 15:35:43.0 UTC-06:00,2025-07-11 15:35:46.0 UTC-06:00,16,1.2,1.4,468407.689,4313300.453,2428.563,-105.36467784,38.96810549,2414.536,145.092,,NAD83(2011) / UTM zone 13N + NAVD88(GEOID18) height,7,6,7,5,0
“7,,468264.452,4313278.867,2423.239,,-105.36633023,38.96790579,2409.214,Global,0.014,0.012,0.010,0.018,1.734,m,FIX,RTK,2025-07-11 15:36:02.8 UTC-06:00,2025-07-11 15:36:05.8 UTC-06:00,16,1.2,1.4,468407.689,4313300.453,2428.563,-105.36467784,38.96810549,2414.536,145.027,,NAD83(2011) / UTM zone 13N + NAVD88(GEOID18) height,7,6,7,5,0
“8,,468264.510,4313278.308,2423.222,,-105.36632953,38.96790075,2409.197,Global,0.010,0.011,0.012,0.015,1.734,m,FIX,RTK,2025-07-11 15:36:19.2 UTC-06:00,2025-07-11 15:36:22.2 UTC-06:00,16,1.2,1.4,468407.689,4313300.453,2428.563,-105.36467784,38.96810549,2414.536,145.043,,NAD83(2011) / UTM zone 13N + NAVD88(GEOID18) height,7,6,7,6,0
“9,,468264.595,4313277.878,2423.224,,-105.36632853,38.96789688,2409.199,Global,0.013,0.011,0.011,0.017,1.734,m,FIX,RTK,2025-07-11 15:36:35.4 UTC-06:00,2025-07-11 15:36:38.4 UTC-06:00,16,1.1,1.3,468407.689,4313300.453,2428.563,-105.36467784,38.96810549,2414.536,145.023,,NAD83(2011) / UTM zone 13N + NAVD88(GEOID18) height,7,6,7,6,0
“10,,468264.706,4313277.315,2423.192,,-105.36632722,38.96789182,2409.168,Global,0.010,0.010,0.010,0.015,1.734,m,FIX,RTK,2025-07-11 15:36:47.2 UTC-06:00,2025-07-11 15:36:50.2 UTC-06:00,16,1.2,1.3,468407.689,4313300.453,2428.563,-105.36467784,38.96810549,2414.536,145.000,,NAD83(2011) / UTM zone 13N + NAVD88(GEOID18) height,7,6,7,6,0
“11,,468264.734,4313276.827,2423.146,,-105.36632688,38.96788742,2409.121,Global,0.012,0.010,0.010,0.016,1.734,m,FIX,RTK,2025-07-11 15:36:58.4 UTC-06:00,2025-07-11 15:37:01.4 UTC-06:00,16,1.1,1.3,468407.689,4313300.453,2428.563,-105.36467784,38.96810549,2414.536,145.050,,NAD83(2011) / UTM zone 13N + NAVD88(GEOID18) height,6,6,7,6,0
“12,,468264.865,4313276.414,2423.098,,-105.36632535,38.96788370,2409.073,Global,0.011,0.012,0.010,0.016,1.734,m,FIX,RTK,2025-07-11 15:37:12.0 UTC-06:00,2025-07-11 15:37:15.0 UTC-06:00,16,1.1,1.3,468407.689,4313300.453,2428.563,-105.36467784,38.96810549,2414.536,144.996,,NAD83(2011) / UTM zone 13N + NAVD88(GEOID18) height,7,6,7,6,0
“13,,468264.918,4313275.880,2422.994,,-105.36632472,38.96787889,2408.969,Global,0.010,0.011,0.010,0.015,1.734,m,FIX,RTK,2025-07-11 15:37:25.0 UTC-06:00,2025-07-11 15:37:28.0 UTC-06:00,16,1.1,1.3,468407.689,4313300.453,2428.563,-105.36467784,38.96810549,2414.536,145.034,,NAD83(2011) / UTM zone 13N + NAVD88(GEOID18) height,7,6,7,7,0
“14,,468265.001,4313275.351,2422.963,,-105.36632373,38.96787413,2408.938,Global,0.010,0.011,0.010,0.015,1.734,m,FIX,RTK,2025-07-11 15:37:37.6 UTC-06:00,2025-07-11 15:37:40.6 UTC-06:00,16,1.1,1.3,468407.689,4313300.453,2428.563,-105.36467784,38.96810549,2414.536,145.038,,NAD83(2011) / UTM zone 13N + NAVD88(GEOID18) height,7,6,7,6,0
“15,,468265.022,4313274.909,2422.953,,-105.36632347,38.96787014,2408.928,Global,0.011,0.010,0.011,0.015,1.734,m,FIX,RTK,2025-07-11 15:37:50.0 UTC-06:00,2025-07-11 15:37:53.0 UTC-06:00,16,1.1,1.3,468407.689,4313300.453,2428.563,-105.36467784,38.96810549,2414.536,145.103,,NAD83(2011) / UTM zone 13N + NAVD88(GEOID18) height,7,6,7,6,0
“16,,468265.061,4313274.466,2422.947,,-105.36632300,38.96786615,2408.922,Global,0.011,0.012,0.010,0.016,1.734,m,FIX,RTK,2025-07-11 15:38:05.8 UTC-06:00,2025-07-11 15:38:08.8 UTC-06:00,16,1.1,1.3,468407.689,4313300.453,2428.563,-105.36467784,38.96810549,2414.536,145.144,,NAD83(2011) / UTM zone 13N + NAVD88(GEOID18) height,7,6,7,6,0
“17,,468265.080,4313273.909,2422.861,,-105.36632275,38.96786113,2408.836,Global,0.011,0.011,0.010,0.015,1.734,m,FIX,RTK,2025-07-11 15:38:25.2 UTC-06:00,2025-07-11 15:38:28.2 UTC-06:00,16,1.1,1.3,468407.689,4313300.453,2428.563,-105.36467784,38.96810549,2414.536,145.219,,NAD83(2011) / UTM zone 13N + NAVD88(GEOID18) height,7,6,7,6,0
626,,468263.567,4313285.253,2423.187,,-105.36634074,38.96796330,2409.162,Global,0.010,0.011,0.010,0.015,1.734,m,FIX,RTK,2025-07-11 15:48:41.6 UTC-06:00,2025-07-11 15:48:44.6 UTC-06:00,16,1.1,1.2,468407.689,4313300.453,2428.563,-105.36467784,38.96810549,2414.536,145.075,,NAD83(2011) / UTM zone 13N + NAVD88(GEOID18) height,7,6,6,6,0
627,,468263.569,4313285.251,2423.186,,-105.36634072,38.96796328,2409.161,Global,0.010,0.011,0.010,0.015,1.734,m,FIX,RTK,2025-07-11 15:49:23.4 UTC-06:00,2025-07-11 15:49:26.4 UTC-06:00,16,1.1,1.2,468407.689,4313300.453,2428.563,-105.36467784,38.96810549,2414.536,145.075,,NAD83(2011) / UTM zone 13N + NAVD88(GEOID18) height,7,6,7,7,0
628,,468263.651,4313284.803,2423.193,,-105.36633975,38.96795925,2409.168,Global,0.014,0.010,0.010,0.017,1.734,m,FIX,RTK,2025-07-11 15:49:34.2 UTC-06:00,2025-07-11 15:49:37.2 UTC-06:00,16,1.1,1.2,468407.689,4313300.453,2428.563,-105.36467784,38.96810549,2414.536,145.036,,NAD83(2011) / UTM zone 13N + NAVD88(GEOID18) height,7,6,7,6,0
629,,468263.666,4313284.270,2423.203,,-105.36633955,38.96795445,2409.179,Global,0.010,0.011,0.010,0.015,1.734,m,FIX,RTK,2025-07-11 15:49:42.6 UTC-06:00,2025-07-11 15:49:45.6 UTC-06:00,16,1.1,1.2,468407.689,4313300.453,2428.563,-105.36467784,38.96810549,2414.536,145.091,,NAD83(2011) / UTM zone 13N + NAVD88(GEOID18) height,7,6,7,7,0
630,,468263.748,4313283.777,2423.239,,-105.36633859,38.96795001,2409.214,Global,0.011,0.020,0.012,0.023,1.734,m,FIX,RTK,2025-07-11 15:49:57.4 UTC-06:00,2025-07-11 15:50:00.4 UTC-06:00,16,1.1,1.2,468407.689,4313300.453,2428.563,-105.36467784,38.96810549,2414.536,145.055,,NAD83(2011) / UTM zone 13N + NAVD88(GEOID18) height,7,6,7,6,0
631,,468263.879,4313283.303,2423.270,,-105.36633704,38.96794574,2409.245,Global,0.018,0.013,0.010,0.022,1.734,m,FIX,RTK,2025-07-11 15:50:05.8 UTC-06:00,2025-07-11 15:50:08.8 UTC-06:00,16,1.1,1.2,468407.689,4313300.453,2428.563,-105.36467784,38.96810549,2414.536,144.970,,NAD83(2011) / UTM zone 13N + NAVD88(GEOID18) height,7,6,7,6,0
632,,468263.913,4313282.767,2423.256,,-105.36633663,38.96794091,2409.231,Global,0.011,0.015,0.010,0.018,1.734,m,FIX,RTK,2025-07-11 15:50:13.2 UTC-06:00,2025-07-11 15:50:16.2 UTC-06:00,16,1.1,1.2,468407.689,4313300.453,2428.563,-105.36467784,38.96810549,2414.536,145.017,,NAD83(2011) / UTM zone 13N + NAVD88(GEOID18) height,7,6,7,7,0
633,,468264.050,4313282.360,2423.252,,-105.36633504,38.96793725,2409.227,Global,0.011,0.011,0.010,0.015,1.734,m,FIX,RTK,2025-07-11 15:50:21.4 UTC-06:00,2025-07-11 15:50:24.4 UTC-06:00,16,1.1,1.2,468407.689,4313300.453,2428.563,-105.36467784,38.96810549,2414.536,144.926,,NAD83(2011) / UTM zone 13N + NAVD88(GEOID18) height,7,6,7,7,0
634,,468264.079,4313281.811,2423.244,,-105.36633467,38.96793231,2409.219,Global,0.011,0.012,0.011,0.016,1.734,m,FIX,RTK,2025-07-11 15:50:30.2 UTC-06:00,2025-07-11 15:50:33.2 UTC-06:00,16,1.1,1.2,468407.689,4313300.453,2428.563,-105.36467784,38.96810549,2414.536,144.977,,NAD83(2011) / UTM zone 13N + NAVD88(GEOID18) height,7,6,6,7,0
635,,468264.144,4313281.331,2423.277,,-105.36633390,38.96792799,2409.252,Global,0.016,0.041,0.010,0.044,1.734,m,FIX,RTK,2025-07-11 15:50:37.0 UTC-06:00,2025-07-11 15:50:40.0 UTC-06:00,15,1.1,1.2,468407.689,4313300.453,2428.563,-105.36467784,38.96810549,2414.536,144.967,,NAD83(2011) / UTM zone 13N + NAVD88(GEOID18) height,7,6,6,7,0
636,,468264.197,4313280.443,2423.238,,-105.36633324,38.96791998,2409.214,Global,0.011,0.011,0.010,0.016,1.734,m,FIX,RTK,2025-07-11 15:50:46.4 UTC-06:00,2025-07-11 15:50:49.4 UTC-06:00,16,1.1,1.2,468407.689,4313300.453,2428.563,-105.36467784,38.96810549,2414.536,145.038,,NAD83(2011) / UTM zone 13N + NAVD88(GEOID18) height,7,6,6,6,0
637,,468264.315,4313279.828,2423.234,,-105.36633186,38.96791444,2409.210,Global,0.011,0.011,0.010,0.016,1.734,m,FIX,RTK,2025-07-11 15:50:54.0 UTC-06:00,2025-07-11 15:50:57.0 UTC-06:00,16,1.1,1.2,468407.689,4313300.453,2428.563,-105.36467784,38.96810549,2414.536,145.011,,NAD83(2011) / UTM zone 13N + NAVD88(GEOID18) height,7,6,6,7,0
638,,468264.313,4313279.338,2423.192,,-105.36633185,38.96791003,2409.167,Global,0.015,0.011,0.010,0.019,1.734,m,FIX,RTK,2025-07-11 15:51:01.6 UTC-06:00,2025-07-11 15:51:04.6 UTC-06:00,16,1.1,1.2,468407.689,4313300.453,2428.563,-105.36467784,38.96810549,2414.536,145.086,,NAD83(2011) / UTM zone 13N + NAVD88(GEOID18) height,7,6,6,6,0
639,,468264.463,4313278.837,2423.251,,-105.36633010,38.96790553,2409.226,Global,0.010,0.011,0.010,0.015,1.734,m,FIX,RTK,2025-07-11 15:51:40.0 UTC-06:00,2025-07-11 15:51:43.0 UTC-06:00,16,1.1,1.2,468407.689,4313300.453,2428.563,-105.36467784,38.96810549,2414.536,145.003,,NAD83(2011) / UTM zone 13N + NAVD88(GEOID18) height,7,6,6,6,0
640,,468264.565,4313278.360,2423.214,,-105.36632890,38.96790123,2409.189,Global,0.013,0.011,0.010,0.017,1.734,m,FIX,RTK,2025-07-11 15:51:53.8 UTC-06:00,2025-07-11 15:51:56.8 UTC-06:00,16,1.1,1.2,468407.689,4313300.453,2428.563,-105.36467784,38.96810549,2414.536,144.979,,NAD83(2011) / UTM zone 13N + NAVD88(GEOID18) height,7,6,6,6,0
641,,468264.653,4313277.844,2423.207,,-105.36632786,38.96789658,2409.182,Global,0.011,0.012,0.010,0.017,1.734,m,FIX,RTK,2025-07-11 15:52:14.0 UTC-06:00,2025-07-11 15:52:17.0 UTC-06:00,16,1.1,1.2,468407.689,4313300.453,2428.563,-105.36467784,38.96810549,2414.536,144.965,,NAD83(2011) / UTM zone 13N + NAVD88(GEOID18) height,7,6,6,7,0
642,,468264.764,4313277.380,2423.202,,-105.36632656,38.96789241,2409.177,Global,0.011,0.011,0.010,0.016,1.734,m,FIX,RTK,2025-07-11 15:52:26.2 UTC-06:00,2025-07-11 15:52:29.2 UTC-06:00,16,1.1,1.2,468407.689,4313300.453,2428.563,-105.36467784,38.96810549,2414.536,144.938,,NAD83(2011) / UTM zone 13N + NAVD88(GEOID18) height,7,6,6,6,0
643,,468264.895,4313276.823,2423.132,,-105.36632502,38.96788739,2409.107,Global,0.011,0.018,0.010,0.021,1.734,m,FIX,RTK,2025-07-11 15:52:34.2 UTC-06:00,2025-07-11 15:52:37.2 UTC-06:00,16,1.1,1.3,468407.689,4313300.453,2428.563,-105.36467784,38.96810549,2414.536,144.901,,NAD83(2011) / UTM zone 13N + NAVD88(GEOID18) height,7,6,6,6,0
644,,468264.911,4313276.304,2423.060,,-105.36632481,38.96788271,2409.035,Global,0.010,0.018,0.010,0.021,1.734,m,FIX,RTK,2025-07-11 15:52:41.8 UTC-06:00,2025-07-11 15:52:44.8 UTC-06:00,16,1.1,1.3,468407.689,4313300.453,2428.563,-105.36467784,38.96810549,2414.536,144.968,,NAD83(2011) / UTM zone 13N + NAVD88(GEOID18) height,7,6,6,6,0
645,,468264.979,4313275.806,2422.986,,-105.36632401,38.96787822,2408.961,Global,0.010,0.023,0.010,0.025,1.734,m,FIX,RTK,2025-07-11 15:52:48.6 UTC-06:00,2025-07-11 15:52:51.6 UTC-06:00,16,1.1,1.3,468407.689,4313300.453,2428.563,-105.36467784,38.96810549,2414.536,144.988,,NAD83(2011) / UTM zone 13N + NAVD88(GEOID18) height,7,6,6,6,0
646,,468265.057,4313275.300,2422.992,,-105.36632308,38.96787367,2408.967,Global,0.011,0.011,0.010,0.015,1.734,m,FIX,RTK,2025-07-11 15:52:57.6 UTC-06:00,2025-07-11 15:53:00.6 UTC-06:00,16,1.1,1.3,468407.689,4313300.453,2428.563,-105.36467784,38.96810549,2414.536,144.991,,NAD83(2011) / UTM zone 13N + NAVD88(GEOID18) height,7,6,6,6,0
647,,468265.089,4313274.859,2422.943,,-105.36632269,38.96786969,2408.918,Global,0.011,0.012,0.010,0.016,1.734,m,FIX,RTK,2025-07-11 15:53:10.8 UTC-06:00,2025-07-11 15:53:13.8 UTC-06:00,16,1.1,1.3,468407.689,4313300.453,2428.563,-105.36467784,38.96810549,2414.536,145.036,,NAD83(2011) / UTM zone 13N + NAVD88(GEOID18) height,7,6,7,6,0
648,,468265.134,4313274.391,2422.934,,-105.36632215,38.96786548,2408.909,Global,0.010,0.010,0.010,0.014,1.734,m,FIX,RTK,2025-07-11 15:53:23.2 UTC-06:00,2025-07-11 15:53:26.2 UTC-06:00,16,1.1,1.3,468407.689,4313300.453,2428.563,-105.36467784,38.96810549,2414.536,145.082,,NAD83(2011) / UTM zone 13N + NAVD88(GEOID18) height,7,6,7,6,0
649,,468265.218,4313273.903,2422.904,,-105.36632115,38.96786109,2408.879,Global,0.011,0.010,0.010,0.015,1.734,m,FIX,RTK,2025-07-11 15:53:33.8 UTC-06:00,2025-07-11 15:53:36.8 UTC-06:00,16,1.1,1.3,468407.689,4313300.453,2428.563,-105.36467784,38.96810549,2414.536,145.090,,NAD83(2011) / UTM zone 13N + NAVD88(GEOID18) height,7,6,7,7,0
650,,468265.267,4313273.447,2422.884,,-105.36632057,38.96785698,2408.859,Global,0.011,0.010,0.011,0.015,1.734,m,FIX,RTK,2025-07-11 15:53:42.6 UTC-06:00,2025-07-11 15:53:45.6 UTC-06:00,16,1.1,1.3,468407.689,4313300.453,2428.563,-105.36467784,38.96810549,2414.536,145.121,,NAD83(2011) / UTM zone 13N + NAVD88(GEOID18) height,7,6,7,6,0
651,,468265.313,4313272.905,2422.886,,-105.36632001,38.96785210,2408.861,Global,0.011,0.013,0.010,0.017,1.734,m,FIX,RTK,2025-07-11 15:53:50.4 UTC-06:00,2025-07-11 15:53:53.4 UTC-06:00,16,1.1,1.3,468407.689,4313300.453,2428.563,-105.36467784,38.96810549,2414.536,145.184,,NAD83(2011) / UTM zone 13N + NAVD88(GEOID18) height,7,6,7,6,0
652,,468265.360,4313272.415,2422.857,,-105.36631944,38.96784768,2408.832,Global,0.011,0.018,0.010,0.021,1.734,m,FIX,RTK,2025-07-11 15:53:57.8 UTC-06:00,2025-07-11 15:54:00.8 UTC-06:00,16,1.1,1.3,468407.689,4313300.453,2428.563,-105.36467784,38.96810549,2414.536,145.239,,NAD83(2011) / UTM zone 13N + NAVD88(GEOID18) height,7,6,7,6,0
653,,468265.444,4313271.910,2422.864,,-105.36631846,38.96784314,2408.839,Global,0.011,0.015,0.011,0.019,1.734,m,FIX,RTK,2025-07-11 15:54:05.4 UTC-06:00,2025-07-11 15:54:08.4 UTC-06:00,16,1.1,1.3,468407.689,4313300.453,2428.563,-105.36467784,38.96810549,2414.536,145.252,,NAD83(2011) / UTM zone 13N + NAVD88(GEOID18) height,7,6,7,6,0
654,,468265.532,4313271.449,2422.868,,-105.36631742,38.96783898,2408.843,Global,0.012,0.019,0.010,0.022,1.734,m,FIX,RTK,2025-07-11 15:54:13.0 UTC-06:00,2025-07-11 15:54:16.0 UTC-06:00,16,1.2,1.4,468407.689,4313300.453,2428.563,-105.36467784,38.96810549,2414.536,145.252,,NAD83(2011) / UTM zone 13N + NAVD88(GEOID18) height,7,6,7,6,0
655,,468265.616,4313270.932,2422.857,,-105.36631642,38.96783433,2408.832,Global,0.013,0.013,0.010,0.018,1.734,m,FIX,RTK,2025-07-11 15:54:20.8 UTC-06:00,2025-07-11 15:54:23.8 UTC-06:00,16,1.2,1.4,468407.689,4313300.453,2428.563,-105.36467784,38.96810549,2414.536,145.262,,NAD83(2011) / UTM zone 13N + NAVD88(GEOID18) height,7,6,7,7,0
656,,468265.719,4313270.468,2422.820,,-105.36631521,38.96783015,2408.795,Global,0.011,0.024,0.010,0.026,1.734,m,FIX,RTK,2025-07-11 15:54:27.8 UTC-06:00,2025-07-11 15:54:30.8 UTC-06:00,16,1.2,1.4,468407.689,4313300.453,2428.563,-105.36467784,38.96810549,2414.536,145.270,,NAD83(2011) / UTM zone 13N + NAVD88(GEOID18) height,7,6,7,7,0
657,,468265.834,4313269.954,2422.854,,-105.36631386,38.96782553,2408.829,Global,0.010,0.012,0.010,0.015,1.734,m,FIX,RTK,2025-07-11 15:54:37.8 UTC-06:00,2025-07-11 15:54:40.8 UTC-06:00,16,1.2,1.4,468407.689,4313300.453,2428.563,-105.36467784,38.96810549,2414.536,145.263,,NAD83(2011) / UTM zone 13N + NAVD88(GEOID18) height,7,6,6,6,0
658,,468265.891,4313269.464,2422.850,,-105.36631319,38.96782111,2408.825,Global,0.010,0.010,0.010,0.015,1.734,m,FIX,RTK,2025-07-11 15:54:46.6 UTC-06:00,2025-07-11 15:54:49.6 UTC-06:00,16,1.1,1.3,468407.689,4313300.453,2428.563,-105.36467784,38.96810549,2414.536,145.311,,NAD83(2011) / UTM zone 13N + NAVD88(GEOID18) height,7,6,6,7,0
659,,468265.929,4313268.983,2422.830,,-105.36631272,38.96781677,2408.805,Global,0.012,0.018,0.011,0.021,1.734,m,FIX,RTK,2025-07-11 15:54:54.8 UTC-06:00,2025-07-11 15:54:57.8 UTC-06:00,16,1.1,1.3,468407.689,4313300.453,2428.563,-105.36467784,38.96810549,2414.536,145.385,,NAD83(2011) / UTM zone 13N + NAVD88(GEOID18) height,7,6,6,7,0
660,,468265.915,4313268.525,2422.858,,-105.36631286,38.96781265,2408.833,Global,0.011,0.013,0.010,0.017,1.734,m,FIX,RTK,2025-07-11 15:55:10.4 UTC-06:00,2025-07-11 15:55:13.4 UTC-06:00,16,1.2,1.4,468407.689,4313300.453,2428.563,-105.36467784,38.96810549,2414.536,145.488,,NAD83(2011) / UTM zone 13N + NAVD88(GEOID18) height,7,6,7,7,0
661,,468266.075,4313268.019,2422.874,,-105.36631099,38.96780809,2408.849,Global,0.018,0.014,0.010,0.023,1.734,m,FIX,RTK,2025-07-11 15:55:18.6 UTC-06:00,2025-07-11 15:55:21.6 UTC-06:00,16,1.2,1.4,468407.689,4313300.453,2428.563,-105.36467784,38.96810549,2414.536,145.427,,NAD83(2011) / UTM zone 13N + NAVD88(GEOID18) height,7,6,7,7,0
662,,468266.212,4313267.503,2422.897,,-105.36630939,38.96780345,2408.872,Global,0.013,0.016,0.010,0.021,1.734,m,FIX,RTK,2025-07-11 15:55:27.0 UTC-06:00,2025-07-11 15:55:30.0 UTC-06:00,16,1.2,1.4,468407.689,4313300.453,2428.563,-105.36467784,38.96810549,2414.536,145.417,,NAD83(2011) / UTM zone 13N + NAVD88(GEOID18) height,6,7,7,7,0
663,,468266.334,4313266.964,2423.024,,-105.36630795,38.96779860,2408.999,Global,0.017,0.018,0.010,0.025,1.734,m,FIX,RTK,2025-07-11 15:55:35.2 UTC-06:00,2025-07-11 15:55:38.2 UTC-06:00,15,1.2,1.4,468407.689,4313300.453,2428.563,-105.36467784,38.96810549,2414.536,145.419,,NAD83(2011) / UTM zone 13N + NAVD88(GEOID18) height,6,7,7,6,0
664,,468266.380,4313266.616,2423.088,,-105.36630740,38.96779546,2409.063,Global,0.012,0.016,0.010,0.020,1.734,m,FIX,RTK,2025-07-11 15:55:44.4 UTC-06:00,2025-07-11 15:55:47.4 UTC-06:00,16,1.2,1.4,468407.689,4313300.453,2428.563,-105.36467784,38.96810549,2414.536,145.470,,NAD83(2011) / UTM zone 13N + NAVD88(GEOID18) height,6,7,7,7,0
665,,468266.478,4313266.101,2423.215,,-105.36630625,38.96779083,2409.190,Global,0.011,0.011,0.012,0.016,1.734,m,FIX,RTK,2025-07-11 15:55:55.0 UTC-06:00,2025-07-11 15:55:58.0 UTC-06:00,16,1.2,1.4,468407.689,4313300.453,2428.563,-105.36467784,38.96810549,2414.536,145.486,,NAD83(2011) / UTM zone 13N + NAVD88(GEOID18) height,6,7,7,7,0
666,,468266.519,4313265.612,2423.501,,-105.36630575,38.96778642,2409.476,Global,0.012,0.011,0.010,0.016,1.734,m,FIX,RTK,2025-07-11 15:56:03.8 UTC-06:00,2025-07-11 15:56:06.8 UTC-06:00,16,1.2,1.4,468407.689,4313300.453,2428.563,-105.36467784,38.96810549,2414.536,145.544,,NAD83(2011) / UTM zone 13N + NAVD88(GEOID18) height,6,7,7,7,0
667,,468266.594,4313265.111,2423.261,,-105.36630486,38.96778191,2409.236,Global,0.013,0.011,0.010,0.017,1.734,m,FIX,RTK,2025-07-11 15:56:13.0 UTC-06:00,2025-07-11 15:56:16.0 UTC-06:00,16,1.2,1.4,468407.689,4313300.453,2428.563,-105.36467784,38.96810549,2414.536,145.610,,NAD83(2011) / UTM zone 13N + NAVD88(GEOID18) height,6,7,7,7,0
668,,468266.722,4313264.656,2423.355,,-105.36630337,38.96777782,2409.330,Global,0.010,0.011,0.010,0.015,1.734,m,FIX,RTK,2025-07-11 15:56:23.0 UTC-06:00,2025-07-11 15:56:26.0 UTC-06:00,16,1.2,1.4,468407.689,4313300.453,2428.563,-105.36467784,38.96810549,2414.536,145.598,,NAD83(2011) / UTM zone 13N + NAVD88(GEOID18) height,6,7,7,6,0
669,,468266.817,4313264.175,2423.457,,-105.36630225,38.96777349,2409.432,Global,0.010,0.013,0.010,0.017,1.734,m,FIX,RTK,2025-07-11 15:56:33.4 UTC-06:00,2025-07-11 15:56:36.4 UTC-06:00,16,1.2,1.4,468407.689,4313300.453,2428.563,-105.36467784,38.96810549,2414.536,145.620,,NAD83(2011) / UTM zone 13N + NAVD88(GEOID18) height,6,7,7,7,0
670,,468266.886,4313263.680,2423.635,,-105.36630143,38.96776902,2409.610,Global,0.010,0.010,0.010,0.015,1.734,m,FIX,RTK,2025-07-11 15:56:41.2 UTC-06:00,2025-07-11 15:56:44.2 UTC-06:00,16,1.2,1.4,468407.689,4313300.453,2428.563,-105.36467784,38.96810549,2414.536,145.677,,NAD83(2011) / UTM zone 13N + NAVD88(GEOID18) height,6,7,8,6,0
671,,468267.115,4313262.736,2423.798,,-105.36629874,38.96776053,2409.773,Global,0.012,0.011,0.010,0.016,1.734,m,FIX,RTK,2025-07-11 15:56:57.0 UTC-06:00,2025-07-11 15:57:00.0 UTC-06:00,16,1.2,1.4,468407.689,4313300.453,2428.563,-105.36467784,38.96810549,2414.536,145.688,,NAD83(2011) / UTM zone 13N + NAVD88(GEOID18) height,6,7,8,7,0
672,,468267.149,4313262.263,2423.880,,-105.36629833,38.96775627,2409.855,Global,0.011,0.011,0.010,0.015,1.734,m,FIX,RTK,2025-07-11 15:57:10.8 UTC-06:00,2025-07-11 15:57:13.8 UTC-06:00,16,1.2,1.4,468407.689,4313300.453,2428.563,-105.36467784,38.96810549,2414.536,145.780,,NAD83(2011) / UTM zone 13N + NAVD88(GEOID18) height,6,7,8,6,0
673,,468267.216,4313261.763,2424.003,,-105.36629754,38.96775177,2409.978,Global,0.011,0.012,0.011,0.016,1.734,m,FIX,RTK,2025-07-11 15:57:19.8 UTC-06:00,2025-07-11 15:57:22.8 UTC-06:00,16,1.3,1.5,468407.689,4313300.453,2428.563,-105.36467784,38.96810549,2414.536,145.839,,NAD83(2011) / UTM zone 13N + NAVD88(GEOID18) height,6,7,7,6,0
674,,468267.186,4313261.258,2424.096,,-105.36629785,38.96774721,2410.071,Global,0.013,0.012,0.010,0.018,1.734,m,FIX,RTK,2025-07-11 15:57:32.6 UTC-06:00,2025-07-11 15:57:35.6 UTC-06:00,16,1.2,1.4,468407.689,4313300.453,2428.563,-105.36467784,38.96810549,2414.536,146.000,,NAD83(2011) / UTM zone 13N + NAVD88(GEOID18) height,6,7,7,6,0
675,,468267.125,4313260.769,2424.183,,-105.36629853,38.96774280,2410.158,Global,0.010,0.010,0.010,0.015,1.734,m,FIX,RTK,2025-07-11 15:57:43.8 UTC-06:00,2025-07-11 15:57:46.8 UTC-06:00,16,1.2,1.4,468407.689,4313300.453,2428.563,-105.36467784,38.96810549,2414.536,146.198,,NAD83(2011) / UTM zone 13N + NAVD88(GEOID18) height,6,7,7,6,0
676,,468267.116,4313260.519,2424.198,,-105.36629863,38.96774055,2410.172,Global,0.010,0.010,0.010,0.015,1.734,m,FIX,RTK,2025-07-11 15:58:00.0 UTC-06:00,2025-07-11 15:58:03.0 UTC-06:00,16,1.2,1.4,468407.689,4313300.453,2428.563,-105.36467784,38.96810549,2414.536,146.275,,NAD83(2011) / UTM zone 13N + NAVD88(GEOID18) height,6,6,7,7,0
677,,468267.010,4313258.247,2424.273,,-105.36629974,38.96772007,2410.248,Global,0.010,0.010,0.010,0.014,1.734,m,FIX,RTK,2025-07-11 15:58:22.8 UTC-06:00,2025-07-11 15:58:25.8 UTC-06:00,16,1.2,1.3,468407.689,4313300.453,2428.563,-105.36467784,38.96810549,2414.536,147.011,,NAD83(2011) / UTM zone 13N + NAVD88(GEOID18) height,6,7,8,7,0
678,,468266.984,4313257.863,2424.309,,-105.36630003,38.96771661,2410.284,Global,0.010,0.011,0.010,0.015,1.734,m,FIX,RTK,2025-07-11 15:58:38.8 UTC-06:00,2025-07-11 15:58:41.8 UTC-06:00,16,1.2,1.3,468407.689,4313300.453,2428.563,-105.36467784,38.96810549,2414.536,147.146,,NAD83(2011) / UTM zone 13N + NAVD88(GEOID18) height,6,7,7,7,0
679,,468266.998,4313257.344,2424.426,,-105.36629984,38.96771194,2410.401,Global,0.014,0.016,0.013,0.021,1.734,m,FIX,RTK,2025-07-11 15:58:47.0 UTC-06:00,2025-07-11 15:58:50.0 UTC-06:00,16,1.2,1.3,468407.689,4313300.453,2428.563,-105.36467784,38.96810549,2414.536,147.284,,NAD83(2011) / UTM zone 13N + NAVD88(GEOID18) height,6,7,7,7,0
680,,468266.996,4313256.863,2424.504,,-105.36629984,38.96770760,2410.478,Global,0.011,0.011,0.010,0.016,1.734,m,FIX,RTK,2025-07-11 15:58:54.8 UTC-06:00,2025-07-11 15:58:57.8 UTC-06:00,16,1.2,1.4,468407.689,4313300.453,2428.563,-105.36467784,38.96810549,2414.536,147.423,,NAD83(2011) / UTM zone 13N + NAVD88(GEOID18) height,6,7,7,7,0
681,,468267.004,4313256.331,2424.625,,-105.36629973,38.96770281,2410.600,Global,0.012,0.011,0.010,0.016,1.734,m,FIX,RTK,2025-07-11 15:59:02.0 UTC-06:00,2025-07-11 15:59:05.0 UTC-06:00,16,1.2,1.4,468407.689,4313300.453,2428.563,-105.36467784,38.96810549,2414.536,147.571,,NAD83(2011) / UTM zone 13N + NAVD88(GEOID18) height,5,7,7,6,0
682,,468267.053,4313255.900,2424.903,,-105.36629914,38.96769892,2410.878,Global,0.011,0.010,0.010,0.015,1.734,m,FIX,RTK,2025-07-11 15:59:15.8 UTC-06:00,2025-07-11 15:59:18.8 UTC-06:00,16,1.2,1.4,468407.689,4313300.453,2428.563,-105.36467784,38.96810549,2414.536,147.647,,NAD83(2011) / UTM zone 13N + NAVD88(GEOID18) height,6,7,7,7,0
683,,468266.911,4313255.455,2425.213,,-105.36630076,38.96769491,2411.188,Global,0.011,0.011,0.012,0.015,1.734,m,FIX,RTK,2025-07-11 15:59:52.8 UTC-06:00,2025-07-11 16:00:22.8 UTC-06:00,151,1.3,1.5,468407.689,4313300.453,2428.563,-105.36467784,38.96810549,2414.536,147.921,,NAD83(2011) / UTM zone 13N + NAVD88(GEOID18) height,6,6,7,7,0
684,,468266.909,4313255.451,2425.204,,-105.36630079,38.96769487,2411.179,Global,0.010,0.010,0.011,0.014,1.734,m,FIX,RTK,2025-07-11 16:00:40.2 UTC-06:00,2025-07-11 16:00:43.2 UTC-06:00,16,1.3,1.5,468407.689,4313300.453,2428.563,-105.36467784,38.96810549,2414.536,147.925,,NAD83(2011) / UTM zone 13N + NAVD88(GEOID18) height,6,7,7,7,0
685,,468266.754,4313255.462,2425.101,,-105.36630257,38.96769497,2411.076,Global,0.010,0.011,0.010,0.015,1.734,m,FIX,RTK,2025-07-11 16:00:49.6 UTC-06:00,2025-07-11 16:00:52.6 UTC-06:00,16,1.2,1.3,468407.689,4313300.453,2428.563,-105.36467784,38.96810549,2414.536,148.068,,NAD83(2011) / UTM zone 13N + NAVD88(GEOID18) height,6,7,7,7,0
686,,468266.866,4313255.616,2425.085,,-105.36630128,38.96769636,2411.060,Global,0.010,0.010,0.010,0.014,1.734,m,FIX,RTK,2025-07-11 16:01:00.2 UTC-06:00,2025-07-11 16:01:03.2 UTC-06:00,16,1.4,1.7,468407.689,4313300.453,2428.563,-105.36467784,38.96810549,2414.536,147.909,,NAD83(2011) / UTM zone 13N + NAVD88(GEOID18) height,6,7,7,7,0
687,,468267.100,4313255.471,2425.176,,-105.36629857,38.96769506,2411.151,Global,0.014,0.010,0.010,0.017,1.734,m,FIX,RTK,2025-07-11 16:01:10.0 UTC-06:00,2025-07-11 16:01:13.0 UTC-06:00,16,1.2,1.3,468407.689,4313300.453,2428.563,-105.36467784,38.96810549,2414.536,147.730,,NAD83(2011) / UTM zone 13N + NAVD88(GEOID18) height,6,7,7,7,0
688,,468266.939,4313255.354,2425.240,,-105.36630043,38.96769400,2411.215,Global,0.010,0.011,0.012,0.015,1.734,m,FIX,RTK,2025-07-11 16:01:19.0 UTC-06:00,2025-07-11 16:01:22.0 UTC-06:00,16,1.4,1.7,468407.689,4313300.453,2428.563,-105.36467784,38.96810549,2414.536,147.924,,NAD83(2011) / UTM zone 13N + NAVD88(GEOID18) height,6,7,7,7,0
689,,468266.912,4313255.459,2425.210,,-105.36630075,38.96769495,2411.185,Global,0.010,0.010,0.011,0.014,1.734,m,FIX,RTK,2025-07-11 16:01:27.2 UTC-06:00,2025-07-11 16:01:30.2 UTC-06:00,16,1.4,1.7,468407.689,4313300.453,2428.563,-105.36467784,38.96810549,2414.536,147.915,,NAD83(2011) / UTM zone 13N + NAVD88(GEOID18) height,6,7,7,7,0
